trialIndex,numUnstable,numNM1,numNM2,matchingAM,matchingGM,unstableAM,unstableGM,unstableRAM,nm1AM,nm1GM,nm1RAM,nm2GenAM,nm2GenGM,nm2GenRAM,nm2AM,nm2GM,nm2RAM,numEdges,numSingletons,numChains,numCycles,avgChainLen,avgCycleLen,converges
61330,4,1,1,"[0.0, 1.0, 1.0, 1.5, 1.5, 1.5, 2.5, 3.0, 4.0, 4.5]","[0.0, 0.0, 0.0, 0.0, 0.0, 1.4142135, 1.4142135, 2.236068, 2.4494898, 4.0]","[1.0, 2.0, 2.5, 3.5]","[0.0, 1.7320508, 2.0, 2.4494898]","[-4.0, -4.0, -4.0, -2.0]",[1.0],[0.0],[-4.0],[7.0],[6.928203],[4.5],[7.0],[6.928203],[4.5],0,1,0,0,0.0,0.0,0
207,1,1,1,"[0.0, 0.0, 0.0, 0.5, 0.5, 0.5, 2.0, 2.5, 3.0, 6.5]","[0.0, 0.0, 0.0, 0.0, 0.0, 0.0, 0.0, 1.7320508, 2.4494898, 6.0]",[6.0],[5.656854],[-1.5],[6.0],[5.656854],[-1.5],[8.5],[8.485281],[6.5],[8.5],[8.485281],[6.5],0,1,0,0,0.0,0.0,1
625,2,1,1,"[0.5, 1.0, 1.0, 1.0, 1.5, 1.5, 2.0, 3.0, 3.0, 5.0]","[0.0, 0.0, 0.0, 0.0, 0.0, 0.0, 0.0, 1.0, 2.828427, 4.582576]","[2.0, 3.5]","[0.0, 2.4494898]","[-3.5, -1.5]",[2.0],[0.0],[-3.5],[3.0],[2.828427],[1.5],[3.0],[2.828427],[1.5],0,1,0,0,0.0,0.0,1
59,6,2,0,"[0.0, 0.5, 1.0, 1.0, 2.0, 2.5, 3.0, 3.5, 7.5, 8.0]","[0.0, 0.0, 0.0, 0.0, 1.7320508, 2.0, 2.4494898, 2.828427, 7.483315, 7.937254]","[1.5, 2.0, 2.5, 3.5, 5.0, 5.5]","[0.0, 0.0, 1.7320508, 2.0, 4.0, 5.477226]","[-7.0, -4.0, -3.0, -1.5, -1.5, -1.0]","[1.5, 5.5]","[0.0, 5.477226]","[-7.0, -1.5]","[1.5, 5.5]","[0.0, 5.477226]","[-7.0, -1.5]",[],[],[],2,0,0,1,0.0,2.0,1
35,1,1,1,"[0.0, 0.0, 0.5, 0.5, 0.5, 1.5, 2.5, 2.5, 3.5, 4.5]","[0.0, 0.0, 0.0, 0.0, 0.0, 0.0, 1.4142135, 2.0, 2.4494898, 4.472136]",[3.5],[3.4641016],[-1.0],[3.5],[3.4641016],[-1.0],[2.5],[2.4494898],[2.0],[2.5],[2.4494898],[2.0],0,1,0,0,0.0,0.0,1
9911,2,2,1,"[0.0, 0.5, 1.0, 2.5, 2.5, 3.5, 4.0, 4.0, 4.5, 6.0]","[0.0, 0.0, 1.0, 2.4494898, 2.4494898, 3.4641016, 3.4641016, 4.0, 4.2426405, 5.196152]","[2.0, 3.5]","[0.0, 1.7320508]","[-2.0, -1.5]","[2.0, 3.5]","[0.0, 1.7320508]","[-2.0, -1.5]","[5.0, 6.5]","[4.8989797, 6.3245554]","[-1.0, 3.5]",[4.0],[0.0],[1.0],1,0,1,0,1.0,0.0,0
680,1,1,1,"[0.0, 0.0, 0.5, 1.0, 1.0, 1.5, 2.0, 2.0, 3.0, 6.5]","[0.0, 0.0, 0.0, 0.0, 0.0, 0.0, 1.7320508, 2.0, 2.236068, 6.0]",[1.0],[0.0],[-2.5],[1.0],[0.0],[-2.5],[7.0],[7.0],[2.5],[7.0],[7.0],[2.5],0,1,0,0,0.0,0.0,1
147,2,1,1,"[0.0, 1.0, 1.0, 1.0, 2.5, 2.5, 2.5, 2.5, 2.5, 3.0]","[0.0, 0.0, 0.0, 0.0, 0.0, 0.0, 0.0, 2.4494898, 2.4494898, 2.4494898]","[1.5, 2.5]","[0.0, 2.0]","[-3.0, -2.0]",[1.5],[0.0],[-2.0],[5.0],[5.0],[5.0],[5.0],[5.0],[5.0],0,1,0,0,0.0,0.0,1
627,1,1,1,"[0.5, 0.5, 1.0, 1.5, 2.0, 2.0, 2.0, 3.5, 5.5, 6.0]","[0.0, 0.0, 0.0, 0.0, 1.4142135, 1.7320508, 2.0, 2.4494898, 5.196152, 5.477226]",[3.0],[2.828427],[-1.5],[3.0],[2.828427],[-1.5],[2.5],[2.0],[-0.5],[2.5],[2.0],[-0.5],0,1,0,0,0.0,0.0,1
92783,3,1,1,"[1.0, 1.5, 1.5, 1.5, 2.0, 2.5, 3.0, 3.0, 3.0, 5.0]","[0.0, 0.0, 0.0, 0.0, 0.0, 1.4142135, 1.4142135, 1.7320508, 2.4494898, 3.0]","[3.5, 4.5, 4.5]","[2.4494898, 2.828427, 4.472136]","[-3.0, -3.0, -2.0]",[4.5],[4.472136],[-3.0],[5.0],[3.0],[4.5],[5.0],[3.0],[4.5],0,1,0,0,0.0,0.0,0
387,22,6,2,"[1.5, 3.0, 3.0, 4.0, 5.0, 5.0, 5.5, 6.0, 7.0, 7.5]","[1.4142135, 2.236068, 2.828427, 3.0, 3.8729835, 4.582576, 5.477226, 5.91608, 6.708204, 7.3484693]","[0.0, 0.0, 0.5, 1.0, 1.0, 1.0, 1.0, 1.5, 2.0, 2.0, 2.0, 2.5, 2.5, 2.5, 3.0, 3.5, 4.0, 4.0, 4.0, 5.0, 5.5, 7.5]","[0.0, 0.0, 0.0, 0.0, 0.0, 0.0, 0.0, 1.0, 1.0, 1.0, 1.7320508, 1.7320508, 2.0, 2.0, 2.236068, 2.4494898, 2.4494898, 3.4641016, 3.8729835, 4.8989797, 5.2915025, 7.483315]","[-7.5, -7.0, -6.0, -6.0, -5.5, -5.0, -4.5, -3.5, -3.5, -3.0, -3.0, -3.0, -3.0, -2.5, -2.5, -2.5, -2.5, -2.0, -1.5, -1.5, -1.5, -1.0]","[0.0, 0.0, 0.5, 2.0, 2.5, 4.0]","[0.0, 0.0, 0.0, 0.0, 1.7320508, 2.0]","[-7.5, -5.5, -3.5, -3.0, -3.0, -1.5]","[1.0, 2.5, 2.5, 5.5, 6.0, 8.5]","[0.0, 0.0, 2.4494898, 5.196152, 5.2915025, 8.485281]","[-6.0, -2.5, 0.5, 1.0, 2.0, 3.0]","[2.5, 5.0]","[0.0, 4.0]","[-2.0, 0.5]",4,1,1,0,4.0,0.0,1
83460,4,2,2,"[0.5, 0.5, 1.0, 1.5, 1.5, 2.5, 2.5, 3.0, 6.0, 6.0]","[0.0, 0.0, 0.0, 0.0, 1.4142135, 1.4142135, 2.236068, 2.4494898, 5.196152, 5.656854]","[0.5, 2.0, 3.0, 4.5]","[0.0, 2.0, 2.236068, 2.828427]","[-4.5, -2.5, -2.0, -1.0]","[0.5, 3.0]","[0.0, 2.236068]","[-2.5, -2.0]","[3.5, 7.0]","[3.1622777, 7.0]","[-0.5, 5.0]","[3.5, 7.0]","[3.1622777, 7.0]","[-0.5, 5.0]",0,2,0,0,0.0,0.0,0
34652,1,1,1,"[0.0, 1.5, 1.5, 1.5, 2.0, 2.0, 2.0, 3.0, 3.0, 3.0]","[0.0, 0.0, 0.0, 0.0, 0.0, 0.0, 1.4142135, 1.4142135, 2.236068, 3.0]",[2.5],[2.4494898],[-1.5],[2.5],[2.4494898],[-1.5],[5.5],[4.2426405],[3.5],[5.5],[4.2426405],[3.5],0,1,0,0,0.0,0.0,0
41393,4,2,1,"[0.5, 0.5, 0.5, 1.0, 1.5, 2.0, 2.5, 3.0, 6.0, 7.0]","[0.0, 0.0, 0.0, 0.0, 0.0, 1.7320508, 2.0, 2.828427, 6.0, 7.0]","[1.5, 3.0, 3.5, 4.0]","[1.4142135, 3.0, 3.1622777, 4.0]","[-3.0, -2.5, -2.5, -1.5]","[1.5, 3.0]","[1.4142135, 3.0]","[-3.0, -2.5]","[1.5, 3.0]","[1.4142135, 2.236068]","[-2.5, -2.5]",[5.0],[4.8989797],[2.5],1,0,1,0,1.0,0.0,0
630,2,2,1,"[0.0, 0.5, 0.5, 0.5, 1.0, 1.0, 2.0, 2.0, 4.5, 7.5]","[0.0, 0.0, 0.0, 0.0, 0.0, 0.0, 0.0, 1.7320508, 4.2426405, 7.483315]","[2.0, 3.5]","[0.0, 2.0]","[-4.5, -1.5]","[2.0, 3.5]","[0.0, 2.0]","[-4.5, -1.5]","[4.0, 6.5]","[3.8729835, 6.4807405]","[0.5, 1.0]",[1.0],[1.0],[-0.5],1,0,1,0,1.0,0.0,1
35734,1,1,1,"[1.0, 1.0, 1.5, 2.0, 2.0, 2.0, 2.5, 4.5, 5.0, 5.0]","[0.0, 0.0, 1.0, 1.7320508, 1.7320508, 1.7320508, 2.0, 2.828427, 4.0, 5.0]",[3.5],[3.1622777],[-2.0],[3.5],[3.1622777],[-2.0],[7.5],[7.3484693],[6.5],[7.5],[7.3484693],[6.5],0,1,0,0,0.0,0.0,0
878,1,1,1,"[0.5, 0.5, 0.5, 0.5, 1.5, 2.0, 2.5, 3.0, 3.5, 6.0]","[0.0, 0.0, 0.0, 0.0, 0.0, 0.0, 0.0, 2.4494898, 3.4641016, 5.656854]",[2.0],[0.0],[-3.5],[2.0],[0.0],[-3.5],[3.0],[2.236068],[-1.0],[3.0],[2.236068],[-1.0],0,1,0,0,0.0,0.0,1
45604,1,1,1,"[0.5, 0.5, 1.0, 2.0, 2.0, 2.0, 2.5, 2.5, 3.0, 3.0]","[0.0, 0.0, 0.0, 1.7320508, 1.7320508, 2.0, 2.0, 2.0, 2.236068, 2.828427]",[2.5],[2.0],[-1.0],[2.5],[2.0],[-1.0],[8.5],[8.485281],[7.0],[8.5],[8.485281],[7.0],0,1,0,0,0.0,0.0,0
951,2,1,1,"[0.5, 0.5, 0.5, 0.5, 1.0, 1.0, 2.0, 2.5, 2.5, 6.5]","[0.0, 0.0, 0.0, 0.0, 0.0, 0.0, 1.0, 2.0, 2.4494898, 6.0]","[2.5, 4.0]","[0.0, 0.0]","[-3.5, -1.0]",[2.5],[0.0],[-3.5],[5.0],[5.0],[2.0],[5.0],[5.0],[2.0],0,1,0,0,0.0,0.0,1
231,3,1,1,"[0.5, 0.5, 1.0, 1.0, 1.0, 2.0, 3.0, 3.5, 4.0, 8.0]","[0.0, 0.0, 0.0, 0.0, 1.0, 2.0, 2.4494898, 2.6457512, 3.0, 8.0]","[2.0, 2.5, 3.5]","[0.0, 1.7320508, 3.1622777]","[-4.0, -3.0, -2.0]",[3.5],[3.1622777],[-4.0],[2.5],[2.0],[-2.0],[2.5],[2.0],[-2.0],0,1,0,0,0.0,0.0,1
7725,3,2,1,"[0.0, 0.5, 0.5, 1.0, 1.0, 1.0, 1.0, 2.5, 4.5, 7.5]","[0.0, 0.0, 0.0, 0.0, 0.0, 0.0, 1.0, 2.0, 4.472136, 7.3484693]","[0.5, 1.0, 2.0]","[0.0, 0.0, 1.7320508]","[-4.5, -4.0, -3.0]","[0.5, 2.0]","[0.0, 1.7320508]","[-4.5, -3.0]","[1.5, 3.0]","[0.0, 1.4142135]","[-4.0, -1.5]",[4.5],[3.7416575],[2.0],1,0,1,0,1.0,0.0,0
529,2,1,1,"[0.0, 1.0, 1.0, 2.0, 2.0, 2.0, 2.5, 3.0, 3.0, 4.0]","[0.0, 0.0, 0.0, 0.0, 0.0, 0.0, 0.0, 0.0, 2.828427, 3.4641016]","[2.5, 2.5]","[0.0, 2.0]","[-3.5, -2.5]",[2.5],[2.0],[-2.5],[2.0],[1.7320508],[2.0],[2.0],[1.7320508],[2.0],0,1,0,0,0.0,0.0,1
73763,2,2,1,"[0.5, 0.5, 1.0, 1.5, 2.0, 2.0, 2.5, 2.5, 2.5, 7.0]","[0.0, 0.0, 0.0, 0.0, 0.0, 0.0, 2.0, 2.0, 2.4494898, 6.928203]","[1.5, 2.0]","[0.0, 0.0]","[-2.5, -2.0]","[1.5, 2.0]","[0.0, 0.0]","[-2.5, -2.0]","[1.5, 3.5]","[1.4142135, 3.1622777]","[-2.5, 0.5]",[4.5],[3.7416575],[4.5],1,0,1,0,1.0,0.0,0
839,4,2,0,"[0.0, 0.5, 1.0, 1.5, 1.5, 2.0, 2.0, 3.0, 4.0, 6.5]","[0.0, 0.0, 0.0, 0.0, 1.4142135, 1.7320508, 2.0, 2.236068, 3.8729835, 6.4807405]","[1.5, 2.0, 2.0, 3.0]","[0.0, 0.0, 1.7320508, 2.828427]","[-4.0, -3.0, -1.5, -1.0]","[1.5, 2.0]","[0.0, 1.7320508]","[-4.0, -3.0]","[1.5, 2.0]","[0.0, 1.7320508]","[-4.0, -3.0]",[],[],[],2,0,0,1,0.0,2.0,1
68362,1,1,1,"[0.0, 0.0, 0.5, 0.5, 1.0, 1.5, 2.5, 3.5, 4.0, 5.0]","[0.0, 0.0, 0.0, 0.0, 0.0, 0.0, 0.0, 2.4494898, 3.1622777, 4.0]",[4.0],[2.6457512],[-1.0],[4.0],[2.6457512],[-1.0],[5.5],[5.2915025],[4.0],[5.5],[5.2915025],[4.0],0,1,0,0,0.0,0.0,0
94,2,1,1,"[0.0, 0.5, 1.0, 1.0, 1.5, 2.5, 2.5, 3.0, 3.0, 5.0]","[0.0, 0.0, 0.0, 0.0, 0.0, 1.0, 2.0, 2.828427, 3.0, 4.8989797]","[2.0, 3.0]","[0.0, 3.0]","[-2.0, -1.5]",[3.0],[3.0],[-2.0],[6.5],[6.4807405],[4.0],[6.5],[6.4807405],[4.0],0,1,0,0,0.0,0.0,1
724,1,1,1,"[0.5, 0.5, 0.5, 1.0, 1.5, 2.0, 2.0, 2.5, 3.5, 4.0]","[0.0, 0.0, 0.0, 0.0, 0.0, 1.0, 2.0, 2.4494898, 2.6457512, 3.4641016]",[1.5],[1.4142135],[-3.5],[1.5],[1.4142135],[-3.5],[1.5],[1.4142135],[1.0],[1.5],[1.4142135],[1.0],0,1,0,0,0.0,0.0,1
962,18,6,3,"[1.0, 3.0, 3.0, 3.5, 5.0, 5.0, 5.5, 6.0, 6.0, 7.0]","[0.0, 0.0, 2.236068, 2.4494898, 3.0, 4.2426405, 4.582576, 5.196152, 5.196152, 7.0]","[0.0, 0.5, 1.0, 1.5, 1.5, 2.0, 2.0, 2.0, 2.5, 2.5, 3.0, 3.0, 3.5, 4.0, 5.0, 5.0, 5.5, 7.5]","[0.0, 0.0, 0.0, 0.0, 0.0, 0.0, 1.4142135, 1.4142135, 2.0, 2.236068, 2.4494898, 3.0, 3.1622777, 3.8729835, 4.582576, 5.0, 5.2915025, 7.483315]","[-8.0, -6.5, -6.0, -5.5, -5.0, -4.5, -4.0, -3.5, -3.5, -3.5, -3.0, -3.0, -3.0, -2.5, -2.5, -2.5, -2.5, -1.5]","[0.0, 0.5, 1.0, 1.5, 2.5, 3.0]","[0.0, 0.0, 0.0, 1.4142135, 2.0, 2.236068]","[-8.0, -5.0, -3.5, -3.5, -2.5, -2.5]","[1.0, 1.5, 5.5, 5.5, 6.0, 6.5]","[0.0, 1.4142135, 4.2426405, 4.2426405, 5.656854, 6.4807405]","[-2.5, -2.5, 0.0, 0.0, 1.0, 2.0]","[1.0, 1.5, 5.5]","[0.0, 1.4142135, 5.2915025]","[-3.5, 0.0, 1.0]",3,2,1,0,3.0,0.0,1
451,3,2,0,"[0.5, 1.5, 1.5, 2.0, 2.0, 2.0, 2.0, 2.5, 3.5, 6.5]","[0.0, 0.0, 0.0, 0.0, 0.0, 1.4142135, 2.0, 2.4494898, 3.1622777, 6.0]","[1.0, 1.5, 3.5]","[0.0, 0.0, 1.0]","[-4.0, -2.5, -2.0]","[1.0, 1.5]","[0.0, 1.0]","[-4.0, -2.5]","[1.0, 1.5]","[0.0, 1.0]","[-4.0, -2.5]",[],[],[],2,0,0,1,0.0,2.0,1
60373,4,2,1,"[0.5, 1.0, 1.5, 2.0, 2.5, 2.5, 3.0, 3.5, 5.0, 7.5]","[0.0, 0.0, 0.0, 0.0, 1.0, 1.4142135, 2.0, 2.828427, 4.0, 7.483315]","[1.5, 3.0, 3.0, 4.5]","[0.0, 2.236068, 2.828427, 3.7416575]","[-5.5, -3.5, -3.0, -2.0]","[1.5, 3.0]","[0.0, 2.236068]","[-5.5, -2.0]","[3.5, 5.0]","[3.4641016, 4.0]","[-0.5, 1.0]",[6.0],[6.0],[5.5],1,0,1,0,1.0,0.0,0
87153,3,2,1,"[1.0, 1.5, 2.0, 2.0, 2.0, 2.0, 2.5, 2.5, 2.5, 6.5]","[0.0, 0.0, 0.0, 0.0, 1.7320508, 2.0, 2.0, 2.0, 2.0, 6.3245554]","[1.5, 2.0, 3.5]","[0.0, 1.4142135, 2.4494898]","[-2.5, -2.5, -1.5]","[1.5, 3.5]","[1.4142135, 2.4494898]","[-2.5, -2.5]","[1.0, 3.0]","[0.0, 2.236068]","[-2.0, -1.0]",[5.5],[4.8989797],[5.0],1,0,1,0,1.0,0.0,0
70237,4,2,2,"[0.0, 0.0, 1.0, 1.5, 1.5, 2.0, 2.5, 3.5, 6.0, 8.0]","[0.0, 0.0, 0.0, 0.0, 1.0, 1.4142135, 1.4142135, 2.4494898, 5.91608, 7.937254]","[1.0, 3.0, 3.5, 5.0]","[0.0, 1.0, 2.236068, 4.8989797]","[-4.5, -3.5, -3.0, -2.5]","[1.0, 3.0]","[1.0, 2.236068]","[-4.5, -2.5]","[4.0, 5.0]","[3.0, 3.4641016]","[-1.0, 5.0]","[4.0, 5.0]","[3.0, 3.4641016]","[-1.0, 5.0]",0,2,0,0,0.0,0.0,0
46839,1,1,1,"[0.0, 0.0, 0.5, 1.0, 1.0, 2.0, 2.5, 2.5, 3.0, 3.0]","[0.0, 0.0, 0.0, 0.0, 0.0, 0.0, 0.0, 2.4494898, 2.828427, 2.828427]",[1.0],[1.0],[-2.0],[1.0],[1.0],[-2.0],[6.0],[5.196152],[6.0],[6.0],[5.196152],[6.0],0,1,0,0,0.0,0.0,0
44814,3,2,1,"[0.5, 0.5, 1.5, 1.5, 1.5, 2.5, 2.5, 3.0, 5.5, 7.5]","[0.0, 0.0, 0.0, 0.0, 0.0, 0.0, 1.4142135, 3.0, 5.2915025, 7.3484693]","[2.5, 4.0, 5.5]","[0.0, 4.0, 4.8989797]","[-3.5, -2.5, -1.5]","[2.5, 4.0]","[0.0, 4.0]","[-3.5, -1.5]","[3.5, 5.0]","[0.0, 4.8989797]","[-1.0, 0.5]",[8.5],[8.485281],[7.0],1,0,1,0,1.0,0.0,0
71938,6,2,1,"[0.0, 0.5, 1.0, 1.0, 1.0, 2.5, 3.0, 4.0, 4.5, 9.0]","[0.0, 0.0, 0.0, 0.0, 0.0, 2.0, 3.0, 3.4641016, 4.472136, 9.0]","[2.0, 3.0, 3.0, 4.5, 4.5, 5.0]","[0.0, 0.0, 2.236068, 2.828427, 4.472136, 4.582576]","[-4.0, -3.5, -3.0, -2.0, -2.0, -1.5]","[2.0, 4.5]","[0.0, 4.472136]","[-3.5, -3.0]","[3.0, 3.0]","[2.236068, 3.0]","[-2.5, -1.5]",[8.5],[8.485281],[7.5],1,0,1,0,1.0,0.0,0
844,1,1,1,"[0.0, 0.5, 0.5, 2.0, 2.5, 3.0, 3.0, 3.0, 4.5, 5.0]","[0.0, 0.0, 0.0, 0.0, 2.236068, 2.236068, 2.4494898, 2.828427, 4.2426405, 4.8989797]",[2.5],[2.4494898],[-1.5],[2.5],[2.4494898],[-1.5],[5.0],[5.0],[1.0],[5.0],[5.0],[1.0],0,1,0,0,0.0,0.0,1
63708,5,2,1,"[0.0, 0.5, 1.5, 1.5, 2.0, 2.0, 2.5, 2.5, 3.5, 7.5]","[0.0, 0.0, 0.0, 0.0, 1.4142135, 1.7320508, 2.0, 2.4494898, 3.1622777, 7.3484693]","[0.5, 1.5, 3.5, 4.0, 4.0]","[0.0, 0.0, 1.4142135, 2.4494898, 2.6457512]","[-3.5, -2.5, -2.5, -2.5, -2.5]","[0.5, 3.5]","[0.0, 2.4494898]","[-3.5, -2.5]","[1.5, 2.0]","[1.4142135, 2.0]","[-3.0, -2.5]",[6.5],[6.4807405],[5.0],1,0,1,0,1.0,0.0,0
935,3,2,1,"[0.0, 0.5, 1.5, 1.5, 2.0, 2.0, 2.5, 3.0, 5.0, 8.5]","[0.0, 0.0, 0.0, 1.4142135, 1.7320508, 1.7320508, 2.0, 2.236068, 4.0, 8.485281]","[3.5, 4.0, 4.0]","[0.0, 0.0, 2.6457512]","[-4.5, -2.0, -1.0]","[3.5, 4.0]","[0.0, 0.0]","[-4.5, -1.0]","[6.0, 8.0]","[5.91608, 7.937254]","[2.0, 2.5]",[2.0],[1.7320508],[1.0],1,0,1,0,1.0,0.0,1
998,2,1,1,"[0.0, 0.0, 1.0, 1.5, 2.0, 2.5, 2.5, 3.0, 5.0, 7.5]","[0.0, 0.0, 0.0, 1.4142135, 1.7320508, 2.0, 2.0, 2.828427, 5.0, 7.3484693]","[2.5, 5.0]","[0.0, 4.0]","[-4.0, -1.0]",[2.5],[0.0],[-4.0],[4.5],[4.472136],[1.0],[4.5],[4.472136],[1.0],0,1,0,0,0.0,0.0,1
5357,2,2,1,"[0.0, 0.5, 1.0, 2.0, 2.0, 2.0, 2.0, 2.5, 3.0, 7.5]","[0.0, 0.0, 0.0, 0.0, 0.0, 0.0, 1.0, 1.7320508, 1.7320508, 7.483315]","[3.5, 4.5]","[3.4641016, 3.7416575]","[-2.5, -1.5]","[3.5, 4.5]","[3.4641016, 3.7416575]","[-2.5, -1.5]","[3.5, 5.5]","[0.0, 5.477226]","[-0.5, 2.0]",[4.0],[3.8729835],[4.0],1,0,1,0,1.0,0.0,0
18888,2,2,1,"[0.0, 0.5, 1.0, 1.5, 2.0, 2.0, 2.0, 3.5, 3.5, 7.0]","[0.0, 0.0, 0.0, 0.0, 0.0, 1.0, 1.7320508, 2.0, 3.4641016, 6.928203]","[2.5, 3.0]","[0.0, 0.0]","[-2.5, -2.0]","[2.5, 3.0]","[0.0, 0.0]","[-2.5, -2.0]","[5.0, 6.0]","[4.8989797, 5.91608]","[1.0, 2.0]",[5.5],[5.2915025],[4.5],1,0,1,0,1.0,0.0,0
324,4,2,1,"[0.0, 0.5, 1.0, 1.0, 1.0, 1.0, 1.5, 3.5, 4.5, 4.5]","[0.0, 0.0, 0.0, 0.0, 0.0, 1.0, 1.4142135, 3.1622777, 4.2426405, 4.472136]","[0.5, 1.0, 1.5, 2.5]","[0.0, 0.0, 0.0, 2.0]","[-3.5, -1.5, -1.5, -1.0]","[0.5, 1.0]","[0.0, 0.0]","[-3.5, -1.0]","[3.0, 3.0]","[0.0, 2.236068]","[-0.5, 0.5]",[3.5],[3.4641016],[1.0],1,0,1,0,1.0,0.0,1
589,3,1,1,"[0.0, 0.0, 0.0, 0.0, 1.5, 1.5, 2.0, 2.5, 5.0, 5.5]","[0.0, 0.0, 0.0, 0.0, 0.0, 1.4142135, 1.4142135, 1.7320508, 3.0, 5.477226]","[1.5, 3.5, 4.5]","[0.0, 0.0, 4.472136]","[-4.5, -3.5, -2.5]",[1.5],[0.0],[-4.5],[5.5],[4.2426405],[4.5],[5.5],[4.2426405],[4.5],0,1,0,0,0.0,0.0,1
13575,2,2,1,"[0.0, 0.5, 1.5, 1.5, 1.5, 2.0, 2.0, 3.5, 3.5, 6.5]","[0.0, 0.0, 0.0, 1.4142135, 1.4142135, 1.7320508, 1.7320508, 3.1622777, 3.4641016, 6.0]","[1.5, 2.5]","[0.0, 1.4142135]","[-3.5, -2.0]","[1.5, 2.5]","[0.0, 1.4142135]","[-3.5, -2.0]","[1.5, 4.5]","[1.4142135, 4.2426405]","[-3.5, 2.5]",[7.0],[6.928203],[6.5],1,0,1,0,1.0,0.0,0
87135,2,2,1,"[0.5, 0.5, 0.5, 1.0, 1.0, 1.5, 2.5, 3.0, 3.5, 4.5]","[0.0, 0.0, 0.0, 0.0, 0.0, 1.0, 1.4142135, 2.4494898, 2.828427, 4.2426405]","[1.0, 2.0]","[0.0, 0.0]","[-3.0, -1.0]","[1.0, 2.0]","[0.0, 0.0]","[-3.0, -1.0]","[3.0, 6.5]","[0.0, 6.0]","[0.5, 0.5]",[6.5],[6.3245554],[2.5],1,0,1,0,1.0,0.0,0
5049,5,2,1,"[0.0, 0.5, 1.0, 1.5, 2.0, 3.0, 3.5, 4.0, 5.5, 8.0]","[0.0, 0.0, 0.0, 1.4142135, 2.0, 2.4494898, 2.828427, 3.4641016, 5.2915025, 7.937254]","[2.5, 4.0, 4.0, 4.0, 6.0]","[2.0, 2.6457512, 3.8729835, 4.0, 6.0]","[-3.5, -2.5, -2.0, -1.5, -1.0]","[2.5, 4.0]","[2.0, 4.0]","[-3.5, -2.0]","[2.0, 7.0]","[0.0, 6.708204]","[-3.5, 3.0]",[6.0],[5.91608],[4.5],1,0,1,0,1.0,0.0,0
99354,2,2,1,"[0.0, 0.5, 0.5, 1.0, 1.5, 2.0, 2.5, 2.5, 3.0, 5.0]","[0.0, 0.0, 0.0, 0.0, 0.0, 0.0, 1.0, 2.0, 2.828427, 4.8989797]","[1.5, 2.5]","[0.0, 2.0]","[-2.0, -1.5]","[1.5, 2.5]","[0.0, 2.0]","[-2.0, -1.5]","[3.5, 4.5]","[2.4494898, 3.7416575]","[-0.5, 1.5]",[8.5],[8.485281],[6.5],1,0,1,0,1.0,0.0,0
511,10,4,1,"[0.0, 0.5, 1.5, 1.5, 2.5, 3.0, 3.5, 4.5, 8.0, 8.5]","[0.0, 0.0, 0.0, 0.0, 0.0, 2.236068, 2.4494898, 3.7416575, 7.937254, 8.485281]","[1.0, 1.5, 2.0, 3.0, 3.0, 3.5, 3.5, 3.5, 4.0, 4.5]","[0.0, 0.0, 1.4142135, 1.7320508, 2.4494898, 2.4494898, 2.6457512, 2.828427, 2.828427, 4.2426405]","[-6.5, -5.0, -4.0, -4.0, -4.0, -3.0, -2.5, -2.0, -1.5, -1.5]","[1.5, 2.0, 4.0, 4.5]","[1.4142135, 1.7320508, 2.6457512, 4.2426405]","[-6.5, -3.0, -2.5, -2.0]","[3.5, 4.0, 4.5, 5.0]","[0.0, 0.0, 2.6457512, 4.8989797]","[-3.5, -1.5, -1.0, 3.0]",[4.0],[2.6457512],[3.0],3,1,0,1,0.0,3.0,1
503,2,1,1,"[0.0, 0.0, 1.0, 1.5, 1.5, 1.5, 3.0, 3.5, 4.0, 4.5]","[0.0, 0.0, 0.0, 0.0, 0.0, 1.0, 1.4142135, 2.6457512, 3.4641016, 4.472136]","[1.0, 4.5]","[0.0, 4.2426405]","[-4.5, -2.0]",[1.0],[0.0],[-4.5],[3.5],[3.4641016],[1.5],[3.5],[3.4641016],[1.5],0,1,0,0,0.0,0.0,1
84363,3,1,1,"[1.0, 1.0, 1.0, 2.0, 2.0, 2.5, 2.5, 3.0, 3.0, 4.5]","[0.0, 0.0, 0.0, 0.0, 1.0, 1.7320508, 2.0, 2.236068, 2.4494898, 2.828427]","[1.5, 2.5, 4.0]","[0.0, 2.0, 3.8729835]","[-5.0, -3.0, -3.0]",[1.5],[0.0],[-5.0],[5.5],[4.8989797],[5.5],[5.5],[4.8989797],[5.5],0,1,0,0,0.0,0.0,0
665,1,1,1,"[0.0, 0.5, 2.0, 2.5, 2.5, 3.0, 3.5, 3.5, 4.5, 4.5]","[0.0, 0.0, 0.0, 2.0, 2.0, 2.4494898, 2.828427, 3.0, 3.4641016, 4.2426405]",[2.0],[2.0],[-1.5],[2.0],[2.0],[-1.5],[2.5],[2.0],[-1.0],[2.5],[2.0],[-1.0],0,1,0,0,0.0,0.0,1
759,1,1,1,"[0.5, 0.5, 0.5, 1.0, 1.0, 2.0, 2.0, 2.5, 3.0, 4.5]","[0.0, 0.0, 0.0, 0.0, 0.0, 0.0, 0.0, 2.0, 2.236068, 4.2426405]",[0.5],[0.0],[-3.0],[0.5],[0.0],[-3.0],[2.5],[2.4494898],[2.5],[2.5],[2.4494898],[2.5],0,1,0,0,0.0,0.0,1
833,2,1,1,"[0.5, 0.5, 1.0, 1.5, 1.5, 1.5, 2.0, 2.5, 3.0, 5.0]","[0.0, 0.0, 0.0, 0.0, 0.0, 1.0, 1.4142135, 1.4142135, 1.7320508, 4.0]","[2.5, 3.0]","[0.0, 0.0]","[-3.0, -1.5]",[2.5],[0.0],[-3.0],[2.5],[0.0],[1.5],[2.5],[0.0],[1.5],0,1,0,0,0.0,0.0,1
18757,1,1,1,"[0.0, 0.0, 0.5, 0.5, 1.5, 1.5, 2.5, 3.0, 4.0, 5.5]","[0.0, 0.0, 0.0, 0.0, 0.0, 0.0, 2.4494898, 2.828427, 3.8729835, 5.2915025]",[3.5],[3.1622777],[-1.5],[3.5],[3.1622777],[-1.5],[8.5],[8.485281],[4.0],[8.5],[8.485281],[4.0],0,1,0,0,0.0,0.0,0
132,3,1,1,"[0.0, 0.5, 0.5, 1.0, 1.0, 1.0, 1.5, 2.0, 3.0, 6.5]","[0.0, 0.0, 0.0, 0.0, 0.0, 1.0, 1.0, 1.4142135, 2.828427, 6.3245554]","[2.5, 2.5, 3.5]","[0.0, 0.0, 2.0]","[-2.5, -2.0, -1.5]",[2.5],[2.0],[-2.5],[4.0],[0.0],[1.0],[4.0],[0.0],[1.0],0,1,0,0,0.0,0.0,1
523,1,1,1,"[0.0, 0.5, 0.5, 0.5, 1.0, 1.0, 2.0, 2.5, 3.0, 7.5]","[0.0, 0.0, 0.0, 0.0, 0.0, 0.0, 2.0, 2.0, 2.828427, 7.483315]",[2.5],[0.0],[-1.5],[2.5],[0.0],[-1.5],[3.5],[3.1622777],[-0.5],[3.5],[3.1622777],[-0.5],0,1,0,0,0.0,0.0,1
34076,3,2,1,"[0.5, 0.5, 1.5, 1.5, 2.0, 2.5, 3.0, 3.5, 3.5, 7.0]","[0.0, 0.0, 0.0, 0.0, 0.0, 2.0, 2.4494898, 2.828427, 3.1622777, 7.0]","[1.5, 2.0, 4.0]","[0.0, 0.0, 3.4641016]","[-3.0, -2.5, -2.0]","[1.5, 2.0]","[0.0, 0.0]","[-3.0, -2.0]","[4.0, 4.5]","[2.6457512, 2.828427]","[-2.0, -1.0]",[8.0],[8.0],[3.5],1,0,1,0,1.0,0.0,0
1217,2,2,1,"[0.0, 1.0, 1.0, 1.0, 1.5, 1.5, 1.5, 2.5, 2.5, 6.5]","[0.0, 0.0, 0.0, 0.0, 0.0, 0.0, 1.0, 2.0, 2.4494898, 6.3245554]","[1.0, 2.5]","[0.0, 2.0]","[-3.5, -3.0]","[1.0, 2.5]","[0.0, 2.0]","[-3.5, -3.0]","[2.0, 3.0]","[0.0, 1.7320508]","[-2.5, 0.5]",[4.0],[2.6457512],[3.5],1,0,1,0,1.0,0.0,0
782,2,1,1,"[0.5, 0.5, 0.5, 1.0, 1.5, 1.5, 2.5, 3.5, 4.0, 6.0]","[0.0, 0.0, 0.0, 0.0, 1.4142135, 1.4142135, 2.4494898, 3.4641016, 3.8729835, 5.656854]","[1.0, 5.5]","[0.0, 5.2915025]","[-4.5, -1.0]",[1.0],[0.0],[-4.5],[4.5],[3.7416575],[0.5],[4.5],[3.7416575],[0.5],0,1,0,0,0.0,0.0,1
758,3,2,0,"[0.5, 0.5, 0.5, 1.0, 1.5, 1.5, 2.0, 4.0, 4.5, 5.5]","[0.0, 0.0, 0.0, 0.0, 0.0, 1.4142135, 1.7320508, 2.6457512, 4.2426405, 5.2915025]","[1.0, 2.5, 2.5]","[0.0, 1.0, 2.4494898]","[-2.0, -1.5, -1.0]","[1.0, 2.5]","[0.0, 1.0]","[-2.0, -1.5]","[1.0, 2.5]","[0.0, 1.0]","[-2.0, -1.5]",[],[],[],2,0,0,1,0.0,2.0,1
310,9,4,2,"[0.0, 0.0, 1.5, 1.5, 2.5, 3.0, 3.0, 4.5, 6.5, 7.5]","[0.0, 0.0, 0.0, 1.4142135, 2.0, 3.0, 3.0, 4.2426405, 6.0, 7.3484693]","[0.5, 1.5, 1.5, 2.0, 2.5, 3.0, 3.0, 3.5, 5.0]","[0.0, 0.0, 0.0, 1.4142135, 2.0, 2.0, 2.236068, 2.828427, 5.0]","[-4.5, -4.0, -4.0, -3.5, -3.0, -2.5, -2.0, -1.5, -1.0]","[0.5, 1.5, 2.5, 3.0]","[0.0, 1.4142135, 2.0, 2.828427]","[-4.0, -3.0, -2.5, -1.5]","[4.0, 6.5, 7.0, 8.5]","[3.8729835, 6.3245554, 7.0, 8.485281]","[-1.0, 2.0, 3.0, 5.5]","[2.5, 4.0]","[2.4494898, 3.8729835]","[-1.0, 0.5]",2,1,1,0,2.0,0.0,1
48882,5,2,1,"[0.5, 0.5, 1.0, 1.0, 1.5, 2.0, 2.5, 3.0, 5.0, 9.0]","[0.0, 0.0, 0.0, 0.0, 1.0, 1.4142135, 1.7320508, 3.0, 4.582576, 9.0]","[1.5, 2.5, 3.0, 3.5, 4.0]","[0.0, 0.0, 0.0, 0.0, 0.0]","[-5.5, -3.5, -3.0, -2.5, -1.5]","[1.5, 3.0]","[0.0, 0.0]","[-3.5, -3.0]","[4.0, 7.0]","[0.0, 7.0]","[-1.5, 1.0]",[3.0],[2.236068],[0.5],1,0,1,0,1.0,0.0,0
597,1,1,1,"[0.0, 0.0, 0.5, 1.0, 1.5, 2.0, 2.0, 2.5, 3.0, 6.0]","[0.0, 0.0, 0.0, 0.0, 1.0, 1.7320508, 1.7320508, 2.0, 3.0, 5.656854]",[1.5],[1.4142135],[-2.5],[1.5],[1.4142135],[-2.5],[1.5],[1.4142135],[-3.0],[1.5],[1.4142135],[-3.0],0,1,0,0,0.0,0.0,1
958,1,1,1,"[0.0, 0.5, 1.0, 1.0, 1.0, 2.0, 2.0, 3.0, 3.5, 7.0]","[0.0, 0.0, 0.0, 0.0, 1.0, 1.7320508, 1.7320508, 2.828427, 3.4641016, 6.708204]",[2.0],[1.7320508],[-4.0],[2.0],[1.7320508],[-4.0],[3.5],[0.0],[0.5],[3.5],[0.0],[0.5],0,1,0,0,0.0,0.0,1
41904,2,1,1,"[0.0, 0.5, 1.0, 2.0, 3.0, 3.0, 3.0, 3.0, 3.5, 4.0]","[0.0, 0.0, 0.0, 0.0, 2.0, 2.236068, 2.236068, 2.236068, 2.6457512, 3.4641016]","[1.0, 2.5]","[1.0, 2.4494898]","[-2.0, -2.0]",[1.0],[1.0],[-2.0],[3.0],[0.0],[0.5],[3.0],[0.0],[0.5],0,1,0,0,0.0,0.0,0
1002,1,1,1,"[0.5, 1.0, 1.0, 1.5, 1.5, 3.0, 3.0, 3.5, 4.5, 6.0]","[0.0, 0.0, 0.0, 0.0, 0.0, 1.4142135, 2.236068, 2.4494898, 4.2426405, 5.196152]",[3.5],[2.4494898],[-2.0],[3.5],[2.4494898],[-2.0],[3.0],[0.0],[1.0],[3.0],[0.0],[1.0],0,1,0,0,0.0,0.0,1
1290,2,2,1,"[0.5, 0.5, 1.0, 2.0, 2.0, 2.5, 3.5, 4.5, 4.5, 7.0]","[0.0, 0.0, 0.0, 0.0, 2.0, 2.0, 3.4641016, 4.2426405, 4.472136, 7.0]","[1.0, 3.0]","[0.0, 1.0]","[-3.5, -3.0]","[1.0, 3.0]","[0.0, 1.0]","[-3.5, -3.0]","[2.0, 2.5]","[0.0, 0.0]","[-3.0, -2.5]",[7.0],[6.928203],[4.0],1,0,1,0,1.0,0.0,0
58582,3,1,1,"[0.0, 1.0, 1.0, 1.0, 2.0, 3.0, 3.5, 4.0, 4.5, 4.5]","[0.0, 0.0, 0.0, 0.0, 1.0, 2.236068, 3.1622777, 3.4641016, 3.7416575, 3.7416575]","[2.5, 3.0, 3.0]","[0.0, 2.4494898, 3.0]","[-4.5, -3.5, -1.0]",[2.5],[2.4494898],[-4.5],[5.0],[4.8989797],[3.0],[5.0],[4.8989797],[3.0],0,1,0,0,0.0,0.0,0
454,1,1,1,"[0.5, 0.5, 1.5, 1.5, 1.5, 2.0, 2.5, 3.0, 4.5, 5.0]","[0.0, 0.0, 0.0, 0.0, 0.0, 0.0, 2.0, 2.4494898, 2.828427, 4.582576]",[4.0],[0.0],[-1.5],[4.0],[0.0],[-1.5],[3.0],[2.236068],[2.0],[3.0],[2.236068],[2.0],0,1,0,0,0.0,0.0,1
1005,1,1,1,"[0.0, 0.5, 1.0, 1.0, 1.5, 1.5, 2.5, 4.5, 4.5, 4.5]","[0.0, 0.0, 0.0, 0.0, 1.4142135, 1.4142135, 2.4494898, 3.7416575, 4.2426405, 4.472136]",[2.0],[1.7320508],[-1.0],[2.0],[1.7320508],[-1.0],[1.5],[1.4142135],[-1.5],[1.5],[1.4142135],[-1.5],0,1,0,0,0.0,0.0,1
384,3,1,1,"[0.0, 1.0, 1.0, 2.0, 2.5, 2.5, 3.0, 3.5, 4.0, 4.5]","[0.0, 0.0, 0.0, 0.0, 1.7320508, 2.4494898, 2.4494898, 2.828427, 3.4641016, 4.472136]","[2.5, 2.5, 3.5]","[0.0, 2.0, 2.4494898]","[-2.5, -2.0, -2.0]",[2.5],[2.0],[-2.0],[7.0],[6.928203],[7.0],[7.0],[6.928203],[7.0],0,1,0,0,0.0,0.0,0
767,3,2,1,"[0.0, 0.0, 0.5, 1.5, 2.0, 2.0, 2.0, 3.0, 4.5, 6.5]","[0.0, 0.0, 0.0, 0.0, 0.0, 0.0, 1.7320508, 2.0, 4.472136, 6.4807405]","[1.5, 3.5, 4.0]","[1.4142135, 2.4494898, 3.8729835]","[-2.5, -2.0, -1.5]","[1.5, 4.0]","[1.4142135, 3.8729835]","[-2.5, -1.5]","[5.0, 7.5]","[4.582576, 7.3484693]","[0.5, 2.0]",[7.0],[6.928203],[3.5],1,0,1,0,1.0,0.0,1
37,2,1,1,"[0.5, 1.5, 1.5, 2.0, 2.0, 2.0, 3.0, 3.5, 4.0, 6.0]","[0.0, 0.0, 0.0, 0.0, 0.0, 1.4142135, 2.4494898, 3.0, 3.4641016, 5.656854]","[1.5, 2.0]","[1.4142135, 2.0]","[-3.5, -1.5]",[1.5],[1.4142135],[-3.5],[7.0],[6.928203],[2.5],[7.0],[6.928203],[2.5],0,1,0,0,0.0,0.0,1
51890,2,2,2,"[0.5, 0.5, 1.0, 1.0, 1.5, 1.5, 2.0, 2.0, 4.0, 4.5]","[0.0, 0.0, 0.0, 0.0, 0.0, 0.0, 0.0, 1.7320508, 1.7320508, 4.2426405]","[2.0, 2.5]","[0.0, 2.0]","[-3.0, -2.5]","[2.0, 2.5]","[0.0, 2.0]","[-3.0, -2.5]","[4.0, 8.0]","[0.0, 7.937254]","[2.5, 8.0]","[4.0, 8.0]","[0.0, 7.937254]","[2.5, 8.0]",0,2,0,0,0.0,0.0,0
237,1,1,1,"[0.0, 0.0, 0.5, 0.5, 1.0, 1.5, 1.5, 2.0, 2.5, 3.0]","[0.0, 0.0, 0.0, 0.0, 0.0, 0.0, 0.0, 1.4142135, 2.4494898, 2.828427]",[1.5],[0.0],[-1.5],[1.5],[0.0],[-1.5],[6.0],[5.656854],[3.5],[6.0],[5.656854],[3.5],0,1,0,0,0.0,0.0,1
41298,1,1,1,"[0.5, 1.0, 1.5, 1.5, 1.5, 2.5, 3.0, 3.5, 3.5, 5.0]","[0.0, 0.0, 0.0, 0.0, 0.0, 1.0, 1.4142135, 2.4494898, 3.1622777, 4.8989797]",[1.0],[0.0],[-2.0],[1.0],[0.0],[-2.0],[7.0],[6.928203],[2.5],[7.0],[6.928203],[2.5],0,1,0,0,0.0,0.0,0
1022,7,4,2,"[0.5, 1.0, 1.0, 1.0, 2.0, 2.5, 3.5, 4.5, 5.0, 7.0]","[0.0, 0.0, 0.0, 0.0, 1.7320508, 2.4494898, 2.4494898, 3.7416575, 4.8989797, 6.928203]","[0.5, 0.5, 2.0, 2.5, 3.0, 3.0, 3.5]","[0.0, 0.0, 0.0, 1.7320508, 2.828427, 2.828427, 3.1622777]","[-5.0, -4.5, -4.0, -3.0, -2.0, -1.5, -1.0]","[0.5, 0.5, 2.0, 2.5]","[0.0, 0.0, 0.0, 1.7320508]","[-5.0, -4.5, -1.5, -1.0]","[3.5, 4.0, 4.5, 7.0]","[3.1622777, 3.8729835, 4.472136, 6.928203]","[-3.0, -0.5, 2.0, 3.0]","[4.0, 4.0]","[0.0, 3.8729835]","[0.0, 2.0]",2,1,1,0,2.0,0.0,1
583,5,2,1,"[0.0, 0.5, 0.5, 1.0, 2.5, 2.5, 3.0, 3.0, 7.0, 9.0]","[0.0, 0.0, 0.0, 0.0, 0.0, 2.236068, 2.4494898, 2.4494898, 6.928203, 9.0]","[1.5, 2.5, 3.5, 5.0, 5.0]","[0.0, 1.4142135, 3.4641016, 4.582576, 4.8989797]","[-5.5, -4.0, -3.5, -3.0, -2.5]","[1.5, 5.0]","[1.4142135, 4.8989797]","[-5.5, -2.5]","[5.0, 5.5]","[4.582576, 5.2915025]","[-3.5, 0.5]",[2.0],[0.0],[-2.5],1,0,1,0,1.0,0.0,1
99968,5,2,1,"[1.0, 1.0, 1.5, 2.0, 2.0, 2.5, 3.0, 4.0, 4.5, 6.5]","[0.0, 0.0, 0.0, 1.0, 1.0, 1.4142135, 1.7320508, 3.4641016, 4.2426405, 6.3245554]","[0.5, 1.5, 2.0, 3.5, 5.0]","[0.0, 0.0, 1.4142135, 3.4641016, 5.0]","[-3.5, -3.5, -2.5, -2.0, -2.0]","[0.5, 2.0]","[0.0, 0.0]","[-3.5, -2.5]","[6.0, 8.0]","[5.91608, 7.937254]","[0.5, 3.5]",[8.5],[8.485281],[5.0],1,0,1,0,1.0,0.0,0
31719,2,2,1,"[0.0, 0.5, 0.5, 1.0, 1.0, 1.5, 1.5, 2.5, 3.0, 7.5]","[0.0, 0.0, 0.0, 0.0, 0.0, 1.0, 1.4142135, 2.0, 2.828427, 7.483315]","[2.0, 4.0]","[1.7320508, 3.8729835]","[-2.5, -2.0]","[2.0, 4.0]","[1.7320508, 3.8729835]","[-2.5, -2.0]","[4.0, 6.0]","[3.4641016, 5.196152]","[0.0, 0.0]",[8.0],[7.937254],[5.5],1,0,1,0,1.0,0.0,0
57273,1,1,1,"[1.0, 1.0, 1.0, 2.0, 2.0, 2.5, 2.5, 2.5, 3.0, 3.0]","[0.0, 0.0, 0.0, 0.0, 1.0, 1.7320508, 1.7320508, 2.0, 2.236068, 2.4494898]",[2.5],[2.4494898],[-2.5],[2.5],[2.4494898],[-2.5],[5.5],[4.2426405],[5.0],[5.5],[4.2426405],[5.0],0,1,0,0,0.0,0.0,0
30931,2,1,1,"[0.0, 0.5, 0.5, 1.0, 1.0, 1.5, 1.5, 2.5, 3.5, 5.5]","[0.0, 0.0, 0.0, 0.0, 0.0, 0.0, 1.0, 1.4142135, 1.4142135, 5.2915025]","[1.5, 4.0]","[0.0, 4.0]","[-3.0, -3.0]",[1.5],[0.0],[-3.0],[7.5],[7.483315],[7.0],[7.5],[7.483315],[7.0],0,1,0,0,0.0,0.0,0
352,3,2,1,"[0.0, 0.0, 0.0, 1.0, 1.0, 1.5, 3.0, 3.5, 6.0, 7.5]","[0.0, 0.0, 0.0, 0.0, 0.0, 0.0, 1.0, 1.0, 5.196152, 7.483315]","[1.0, 3.0, 5.0]","[1.0, 2.828427, 4.8989797]","[-3.5, -3.0, -2.0]","[1.0, 5.0]","[1.0, 4.8989797]","[-3.5, -3.0]","[3.5, 5.5]","[2.4494898, 5.477226]","[-2.0, 1.0]",[3.5],[3.1622777],[-0.5],1,0,1,0,1.0,0.0,1
66528,3,2,1,"[0.0, 0.5, 0.5, 1.0, 1.5, 1.5, 2.5, 3.0, 3.0, 7.0]","[0.0, 0.0, 0.0, 0.0, 0.0, 0.0, 0.0, 2.0, 3.0, 6.928203]","[2.0, 3.0, 3.5]","[0.0, 2.236068, 3.4641016]","[-3.5, -1.5, -1.5]","[2.0, 3.5]","[0.0, 3.4641016]","[-3.5, -1.5]","[4.0, 5.5]","[3.8729835, 4.2426405]","[-0.5, 1.0]",[4.5],[2.828427],[2.5],1,0,1,0,1.0,0.0,0
195,1,1,1,"[0.5, 0.5, 1.5, 1.5, 2.5, 2.5, 2.5, 3.0, 4.5, 4.5]","[0.0, 0.0, 0.0, 0.0, 0.0, 2.236068, 2.4494898, 2.4494898, 3.7416575, 3.7416575]",[3.0],[2.236068],[-2.0],[3.0],[2.236068],[-2.0],[3.0],[2.236068],[2.0],[3.0],[2.236068],[2.0],0,1,0,0,0.0,0.0,1
893,1,1,1,"[0.0, 0.0, 0.5, 1.0, 1.5, 1.5, 1.5, 2.0, 3.5, 6.0]","[0.0, 0.0, 0.0, 0.0, 0.0, 0.0, 1.4142135, 1.4142135, 3.4641016, 5.196152]",[5.0],[4.0],[-1.5],[5.0],[4.0],[-1.5],[2.5],[2.0],[-0.5],[2.5],[2.0],[-0.5],0,1,0,0,0.0,0.0,1
733,1,1,1,"[0.0, 0.5, 0.5, 1.0, 1.0, 2.5, 2.5, 2.5, 2.5, 6.0]","[0.0, 0.0, 0.0, 0.0, 0.0, 0.0, 2.4494898, 2.4494898, 2.4494898, 5.91608]",[4.0],[3.4641016],[-1.0],[4.0],[3.4641016],[-1.0],[3.5],[2.4494898],[0.0],[3.5],[2.4494898],[0.0],0,1,0,0,0.0,0.0,1
871,2,2,1,"[0.0, 0.5, 0.5, 1.5, 1.5, 1.5, 2.0, 2.5, 2.5, 7.0]","[0.0, 0.0, 0.0, 0.0, 0.0, 1.4142135, 1.4142135, 2.4494898, 2.4494898, 7.0]","[2.0, 2.5]","[0.0, 1.7320508]","[-3.0, -1.5]","[2.0, 2.5]","[0.0, 1.7320508]","[-3.0, -1.5]","[4.5, 8.0]","[4.472136, 8.0]","[1.0, 3.5]",[4.0],[3.4641016],[3.0],1,0,1,0,1.0,0.0,1
91024,3,2,1,"[0.5, 0.5, 1.0, 1.5, 1.5, 1.5, 2.0, 3.5, 4.5, 6.0]","[0.0, 0.0, 0.0, 0.0, 0.0, 0.0, 0.0, 3.4641016, 4.472136, 5.196152]","[0.5, 2.5, 4.0]","[0.0, 0.0, 2.4494898]","[-4.0, -3.0, -2.0]","[0.5, 2.5]","[0.0, 2.4494898]","[-4.0, -3.0]","[4.0, 8.5]","[0.0, 8.485281]","[-2.0, 4.5]",[5.0],[4.582576],[1.0],1,0,1,0,1.0,0.0,0
799,1,1,1,"[0.0, 0.5, 1.0, 1.5, 1.5, 2.5, 3.0, 3.0, 4.0, 4.5]","[0.0, 0.0, 0.0, 0.0, 0.0, 0.0, 0.0, 2.236068, 2.828427, 4.0]",[1.5],[1.4142135],[-3.0],[1.5],[1.4142135],[-3.0],[5.5],[4.8989797],[3.0],[5.5],[4.8989797],[3.0],0,1,0,0,0.0,0.0,1
322,3,2,0,"[0.5, 0.5, 1.0, 1.0, 1.5, 2.0, 2.0, 2.5, 7.0, 8.5]","[0.0, 0.0, 0.0, 0.0, 0.0, 1.4142135, 1.7320508, 2.0, 7.0, 8.485281]","[2.5, 3.5, 4.0]","[0.0, 3.1622777, 3.4641016]","[-4.0, -4.0, -2.5]","[3.5, 4.0]","[3.1622777, 3.4641016]","[-4.0, -4.0]","[3.5, 4.0]","[3.1622777, 3.4641016]","[-4.0, -4.0]",[],[],[],2,0,0,1,0.0,2.0,1
2320,2,2,1,"[0.0, 1.0, 1.0, 1.5, 2.0, 2.0, 2.5, 3.0, 4.0, 6.5]","[0.0, 0.0, 0.0, 0.0, 1.4142135, 1.7320508, 2.236068, 2.4494898, 2.6457512, 6.4807405]","[2.5, 4.5]","[2.0, 4.472136]","[-2.0, -1.5]","[2.5, 4.5]","[2.0, 4.472136]","[-2.0, -1.5]","[3.0, 4.5]","[2.828427, 3.7416575]","[-0.5, 0.5]",[5.0],[4.8989797],[4.0],1,0,1,0,1.0,0.0,0
922,1,1,1,"[0.0, 0.5, 0.5, 1.0, 1.0, 3.0, 3.5, 4.0, 6.5, 7.0]","[0.0, 0.0, 0.0, 0.0, 1.0, 2.828427, 3.4641016, 3.8729835, 6.3245554, 6.708204]",[3.5],[3.1622777],[-5.0],[3.5],[3.1622777],[-5.0],[6.5],[6.4807405],[1.5],[6.5],[6.4807405],[1.5],0,1,0,0,0.0,0.0,1
3432,4,2,1,"[1.0, 1.0, 1.5, 2.0, 2.0, 2.0, 2.0, 2.5, 4.5, 8.0]","[0.0, 0.0, 0.0, 0.0, 0.0, 1.7320508, 1.7320508, 2.0, 4.2426405, 7.937254]","[1.5, 2.5, 3.0, 3.5]","[0.0, 1.4142135, 2.4494898, 3.1622777]","[-4.0, -3.5, -2.0, -1.0]","[1.5, 2.5]","[1.4142135, 2.4494898]","[-4.0, -3.5]","[3.5, 7.5]","[3.4641016, 7.3484693]","[-1.5, 4.0]",[2.5],[2.4494898],[2.0],1,0,1,0,1.0,0.0,0
513,4,2,1,"[0.0, 0.5, 1.0, 1.0, 1.5, 1.5, 2.5, 3.0, 4.5, 7.5]","[0.0, 0.0, 0.0, 0.0, 0.0, 1.4142135, 2.0, 2.828427, 3.0, 7.3484693]","[2.0, 2.5, 3.0, 3.0]","[0.0, 0.0, 2.0, 2.236068]","[-5.0, -3.0, -3.0, -2.0]","[2.0, 2.5]","[0.0, 2.0]","[-5.0, -3.0]","[5.0, 5.5]","[4.582576, 4.8989797]","[0.0, 2.5]",[2.5],[2.0],[2.0],1,0,1,0,1.0,0.0,1
33786,3,2,1,"[0.0, 0.5, 0.5, 0.5, 1.0, 2.0, 2.0, 2.5, 3.5, 5.5]","[0.0, 0.0, 0.0, 0.0, 0.0, 1.0, 1.7320508, 2.4494898, 2.4494898, 5.2915025]","[1.5, 1.5, 2.5]","[0.0, 0.0, 0.0]","[-4.0, -2.5, -1.0]","[1.5, 1.5]","[0.0, 0.0]","[-2.5, -1.0]","[3.0, 3.5]","[0.0, 2.828427]","[-0.5, 0.0]",[7.0],[6.708204],[5.5],1,0,1,0,1.0,0.0,0
86402,2,2,1,"[0.5, 1.0, 1.0, 1.0, 1.5, 3.0, 3.0, 3.5, 4.0, 5.0]","[0.0, 0.0, 0.0, 1.0, 1.4142135, 2.236068, 2.4494898, 2.828427, 3.8729835, 4.8989797]","[0.5, 2.5]","[0.0, 2.0]","[-2.0, -1.5]","[0.5, 2.5]","[0.0, 2.0]","[-2.0, -1.5]","[2.0, 6.0]","[2.0, 6.0]","[-1.5, 4.0]",[6.0],[5.196152],[5.5],1,0,1,0,1.0,0.0,0
319,4,2,1,"[0.0, 1.0, 1.5, 1.5, 2.0, 2.0, 3.0, 3.5, 7.0, 8.0]","[0.0, 1.0, 1.4142135, 1.4142135, 1.7320508, 2.0, 2.828427, 3.1622777, 7.0, 7.937254]","[0.5, 3.0, 3.0, 4.0]","[0.0, 0.0, 2.828427, 3.4641016]","[-4.0, -4.0, -2.0, -1.5]","[0.5, 3.0]","[0.0, 2.828427]","[-4.0, -4.0]","[5.0, 6.5]","[3.0, 6.0]","[-1.5, 0.5]",[7.5],[7.483315],[2.0],1,0,1,0,1.0,0.0,1
16666,2,2,1,"[0.0, 1.0, 1.0, 1.5, 2.0, 2.5, 2.5, 3.0, 4.0, 5.5]","[0.0, 0.0, 1.0, 1.4142135, 1.7320508, 2.0, 2.4494898, 2.828427, 3.8729835, 5.2915025]","[1.5, 4.5]","[0.0, 4.2426405]","[-2.0, -1.0]","[1.5, 4.5]","[0.0, 4.2426405]","[-2.0, -1.0]","[2.5, 4.5]","[0.0, 3.7416575]","[-1.5, 0.0]",[7.5],[7.3484693],[4.5],1,0,1,0,1.0,0.0,0
56404,5,2,1,"[0.5, 1.0, 1.5, 1.5, 1.5, 2.0, 2.5, 4.5, 5.0, 6.0]","[0.0, 0.0, 0.0, 1.0, 1.4142135, 1.7320508, 2.0, 3.7416575, 4.582576, 5.196152]","[0.5, 2.0, 2.0, 2.5, 3.5]","[0.0, 0.0, 0.0, 1.7320508, 2.0]","[-4.5, -3.5, -3.0, -2.5, -1.5]","[0.5, 2.5]","[0.0, 2.0]","[-4.5, -2.5]","[1.5, 2.5]","[0.0, 0.0]","[-3.5, -1.0]",[5.0],[4.8989797],[2.5],1,0,1,0,1.0,0.0,0
27528,4,2,2,"[0.0, 0.0, 0.5, 1.0, 1.0, 1.0, 1.5, 1.5, 3.0, 5.0]","[0.0, 0.0, 0.0, 0.0, 0.0, 1.0, 1.0, 1.4142135, 2.828427, 4.582576]","[0.5, 1.5, 1.5, 2.0]","[0.0, 0.0, 1.4142135, 2.0]","[-3.0, -2.5, -2.0, -1.5]","[0.5, 2.0]","[0.0, 2.0]","[-3.0, -2.0]","[5.5, 6.0]","[5.2915025, 6.0]","[4.0, 4.5]","[5.5, 6.0]","[5.2915025, 6.0]","[4.0, 4.5]",0,2,0,0,0.0,0.0,0
93384,1,1,1,"[0.0, 0.5, 0.5, 0.5, 0.5, 1.5, 2.0, 2.5, 2.5, 3.5]","[0.0, 0.0, 0.0, 0.0, 0.0, 0.0, 0.0, 1.4142135, 2.0, 3.1622777]",[2.0],[1.7320508],[-2.5],[2.0],[1.7320508],[-2.5],[9.0],[9.0],[8.5],[9.0],[9.0],[8.5],0,1,0,0,0.0,0.0,0
27338,6,2,2,"[0.5, 0.5, 0.5, 1.0, 1.5, 1.5, 3.5, 3.5, 3.5, 5.0]","[0.0, 0.0, 0.0, 0.0, 0.0, 0.0, 0.0, 0.0, 3.1622777, 4.0]","[1.0, 1.5, 2.5, 3.0, 3.5, 6.0]","[0.0, 0.0, 1.0, 2.828427, 3.4641016, 6.0]","[-4.0, -4.0, -3.0, -3.0, -3.0, -1.5]","[1.0, 1.5]","[0.0, 1.0]","[-4.0, -3.0]","[4.0, 4.5]","[3.4641016, 4.472136]","[3.5, 4.0]","[4.0, 4.5]","[3.4641016, 4.472136]","[3.5, 4.0]",0,2,0,0,0.0,0.0,0
94233,2,2,1,"[0.0, 0.0, 0.5, 1.0, 1.5, 2.0, 2.0, 3.5, 4.0, 6.5]","[0.0, 0.0, 0.0, 0.0, 0.0, 1.4142135, 1.7320508, 2.4494898, 4.0, 6.4807405]","[2.0, 4.5]","[1.7320508, 4.2426405]","[-3.0, -1.0]","[2.0, 4.5]","[1.7320508, 4.2426405]","[-3.0, -1.0]","[4.5, 4.5]","[3.7416575, 4.472136]","[-1.0, 1.5]",[4.5],[3.7416575],[2.5],1,0,1,0,1.0,0.0,0
856,22,7,2,"[0.5, 3.0, 4.0, 4.5, 4.5, 5.0, 5.0, 5.5, 5.5, 5.5]","[0.0, 0.0, 0.0, 2.828427, 3.8729835, 4.0, 4.2426405, 4.8989797, 4.8989797, 5.477226]","[0.0, 0.0, 0.5, 0.5, 1.5, 2.0, 2.0, 2.0, 2.5, 2.5, 2.5, 2.5, 3.0, 3.0, 3.0, 3.0, 3.0, 3.5, 4.0, 5.0, 5.5, 6.0]","[0.0, 0.0, 0.0, 0.0, 0.0, 0.0, 0.0, 0.0, 0.0, 1.7320508, 2.0, 2.0, 2.0, 2.236068, 2.828427, 2.828427, 2.828427, 3.0, 3.4641016, 4.582576, 4.8989797, 5.91608]","[-7.5, -6.0, -5.5, -5.0, -4.5, -4.5, -4.0, -3.5, -3.5, -3.5, -3.5, -3.0, -3.0, -3.0, -3.0, -2.5, -2.0, -2.0, -2.0, -2.0, -1.5, -1.0]","[0.0, 0.0, 0.5, 0.5, 2.0, 2.5, 5.0]","[0.0, 0.0, 0.0, 0.0, 1.7320508, 2.0, 4.582576]","[-7.5, -6.0, -5.0, -3.5, -3.5, -3.0, -2.0]","[3.0, 4.0, 4.5, 4.5, 5.5, 6.0, 6.5]","[3.0, 3.4641016, 4.2426405, 4.472136, 5.2915025, 5.91608, 6.3245554]","[-3.5, -0.5, 0.0, 0.5, 1.5, 4.5, 5.0]","[2.5, 5.5]","[2.0, 5.2915025]","[1.5, 5.0]",5,1,1,0,5.0,0.0,1
37834,3,2,1,"[0.0, 0.5, 1.0, 1.0, 1.5, 2.0, 2.5, 2.5, 3.5, 5.5]","[0.0, 0.0, 0.0, 0.0, 1.0, 2.0, 2.0, 2.4494898, 2.4494898, 5.2915025]","[0.5, 1.5, 3.0]","[0.0, 0.0, 0.0]","[-4.5, -1.5, -1.0]","[0.5, 1.5]","[0.0, 0.0]","[-4.5, -1.5]","[2.5, 4.5]","[0.0, 4.2426405]","[-2.0, 1.5]",[6.5],[6.4807405],[4.5],1,0,1,0,1.0,0.0,0
70839,2,1,1,"[0.5, 0.5, 1.0, 1.5, 1.5, 2.0, 2.0, 3.0, 4.5, 4.5]","[0.0, 0.0, 0.0, 1.0, 1.4142135, 1.7320508, 1.7320508, 2.236068, 2.828427, 4.2426405]","[2.5, 3.0]","[0.0, 0.0]","[-4.5, -1.5]",[2.5],[0.0],[-4.5],[3.0],[0.0],[1.0],[3.0],[0.0],[1.0],0,1,0,0,0.0,0.0,0
870,2,1,1,"[0.0, 1.0, 1.0, 1.5, 1.5, 3.0, 3.0, 3.5, 4.5, 5.5]","[0.0, 0.0, 0.0, 0.0, 1.0, 1.4142135, 1.4142135, 3.0, 4.472136, 4.8989797]","[3.0, 4.5]","[2.828427, 4.472136]","[-3.5, -3.0]",[3.0],[2.828427],[-3.5],[2.0],[2.0],[2.0],[2.0],[2.0],[2.0],0,1,0,0,0.0,0.0,1
56817,1,1,1,"[0.5, 1.5, 1.5, 2.0, 2.5, 2.5, 2.5, 3.0, 3.5, 4.0]","[0.0, 0.0, 0.0, 0.0, 0.0, 0.0, 2.4494898, 2.4494898, 2.828427, 3.4641016]",[1.5],[0.0],[-1.5],[1.5],[0.0],[-1.5],[7.0],[6.708204],[3.5],[7.0],[6.708204],[3.5],0,1,0,0,0.0,0.0,0
505,2,1,1,"[0.0, 0.5, 1.0, 1.5, 1.5, 2.0, 3.0, 4.5, 4.5, 5.5]","[0.0, 0.0, 0.0, 0.0, 1.4142135, 1.4142135, 1.7320508, 3.7416575, 4.2426405, 5.2915025]","[1.5, 2.5]","[0.0, 1.4142135]","[-5.5, -1.5]",[1.5],[1.4142135],[-5.5],[3.5],[2.4494898],[0.5],[3.5],[2.4494898],[0.5],0,1,0,0,0.0,0.0,1
98085,3,2,1,"[0.0, 0.0, 0.5, 1.0, 1.0, 1.5, 3.0, 3.5, 4.0, 7.0]","[0.0, 0.0, 0.0, 0.0, 0.0, 0.0, 0.0, 1.0, 3.4641016, 6.708204]","[2.5, 2.5, 3.0]","[0.0, 2.4494898, 2.4494898]","[-4.5, -3.5, -2.0]","[2.5, 2.5]","[2.4494898, 2.4494898]","[-3.5, -2.0]","[5.5, 6.0]","[5.477226, 5.91608]","[-0.5, 3.5]",[6.5],[6.0],[5.0],1,0,1,0,1.0,0.0,0
567,1,1,1,"[0.5, 0.5, 0.5, 1.5, 1.5, 2.5, 3.0, 3.0, 3.5, 7.5]","[0.0, 0.0, 0.0, 0.0, 0.0, 1.4142135, 2.0, 2.4494898, 2.828427, 7.3484693]",[3.5],[3.4641016],[-3.0],[3.5],[3.4641016],[-3.0],[4.5],[3.7416575],[1.0],[4.5],[3.7416575],[1.0],0,1,0,0,0.0,0.0,1
343,1,1,1,"[0.0, 1.0, 1.0, 1.5, 1.5, 2.0, 2.0, 2.5, 3.0, 8.0]","[0.0, 0.0, 0.0, 0.0, 0.0, 0.0, 1.4142135, 2.0, 2.828427, 7.937254]",[2.5],[0.0],[-2.5],[2.5],[0.0],[-2.5],[5.5],[5.477226],[0.0],[5.5],[5.477226],[0.0],0,1,0,0,0.0,0.0,1
719,2,1,1,"[0.0, 1.0, 1.5, 2.0, 2.0, 2.0, 2.0, 2.0, 2.5, 8.0]","[0.0, 0.0, 0.0, 0.0, 1.4142135, 1.7320508, 2.0, 2.0, 2.4494898, 7.937254]","[1.5, 3.0]","[0.0, 2.236068]","[-3.0, -2.5]",[1.5],[0.0],[-3.0],[5.0],[4.0],[0.0],[5.0],[4.0],[0.0],0,1,0,0,0.0,0.0,1
81607,2,2,2,"[0.0, 0.0, 0.5, 1.0, 1.5, 1.5, 1.5, 2.5, 4.0, 6.0]","[0.0, 0.0, 0.0, 0.0, 0.0, 1.4142135, 1.4142135, 1.4142135, 2.6457512, 5.656854]","[0.5, 3.5]","[0.0, 2.4494898]","[-4.5, -1.0]","[0.5, 3.5]","[0.0, 2.4494898]","[-4.5, -1.0]","[6.0, 6.0]","[5.196152, 5.196152]","[3.5, 5.5]","[6.0, 6.0]","[5.196152, 5.196152]","[3.5, 5.5]",0,2,0,0,0.0,0.0,0
261,2,1,1,"[1.0, 1.0, 1.0, 1.0, 1.5, 1.5, 1.5, 2.0, 4.0, 7.5]","[0.0, 0.0, 0.0, 1.0, 1.0, 1.0, 1.4142135, 1.4142135, 1.7320508, 7.3484693]","[2.5, 3.0]","[0.0, 0.0]","[-2.5, -2.0]",[2.5],[0.0],[-2.0],[4.0],[0.0],[3.5],[4.0],[0.0],[3.5],0,1,0,0,0.0,0.0,1
840,1,1,1,"[0.5, 0.5, 1.0, 1.5, 1.5, 1.5, 2.0, 2.5, 2.5, 6.0]","[0.0, 0.0, 0.0, 0.0, 0.0, 0.0, 1.4142135, 1.4142135, 1.7320508, 5.656854]",[3.0],[2.828427],[-1.5],[3.0],[2.828427],[-1.5],[4.0],[2.6457512],[0.0],[4.0],[2.6457512],[0.0],0,1,0,0,0.0,0.0,1
110,3,2,0,"[1.0, 1.0, 1.0, 1.0, 1.5, 3.0, 3.5, 3.5, 4.5, 5.5]","[0.0, 0.0, 0.0, 0.0, 1.0, 1.0, 1.4142135, 2.236068, 4.472136, 5.2915025]","[1.5, 2.5, 3.0]","[0.0, 0.0, 0.0]","[-1.5, -1.5, -1.0]","[1.5, 2.5]","[0.0, 0.0]","[-1.5, -1.0]","[1.5, 2.5]","[0.0, 0.0]","[-1.5, -1.0]",[],[],[],2,0,0,1,0.0,2.0,1
62436,4,2,2,"[0.5, 0.5, 0.5, 2.0, 2.0, 2.0, 2.5, 3.0, 4.5, 5.0]","[0.0, 0.0, 0.0, 1.7320508, 1.7320508, 1.7320508, 2.236068, 2.4494898, 2.828427, 4.0]","[1.0, 2.5, 2.5, 3.0]","[0.0, 0.0, 0.0, 0.0]","[-4.0, -3.5, -3.0, -1.5]","[1.0, 2.5]","[0.0, 0.0]","[-4.0, -3.5]","[2.5, 7.5]","[2.0, 7.3484693]","[1.0, 5.5]","[2.5, 7.5]","[2.0, 7.3484693]","[1.0, 5.5]",0,2,0,0,0.0,0.0,0
17559,2,2,1,"[0.0, 1.0, 1.5, 1.5, 2.0, 2.0, 2.0, 2.0, 3.0, 8.5]","[0.0, 0.0, 0.0, 1.0, 1.4142135, 1.7320508, 1.7320508, 1.7320508, 2.0, 8.485281]","[1.5, 5.0]","[0.0, 4.582576]","[-3.5, -2.5]","[1.5, 5.0]","[0.0, 4.582576]","[-3.5, -2.5]","[2.5, 4.0]","[0.0, 2.4494898]","[-2.5, 0.0]",[6.5],[6.0],[6.0],1,0,1,0,1.0,0.0,0
1016,3,2,1,"[0.0, 0.0, 1.0, 1.0, 2.5, 2.5, 5.0, 5.5, 5.5, 6.5]","[0.0, 0.0, 0.0, 0.0, 2.0, 2.0, 4.0, 4.2426405, 4.2426405, 6.4807405]","[1.0, 2.5, 6.5]","[0.0, 0.0, 6.3245554]","[-3.5, -3.0, -1.0]","[1.0, 2.5]","[0.0, 0.0]","[-3.5, -3.0]","[5.0, 6.5]","[4.0, 6.3245554]","[-1.0, 0.0]",[5.5],[4.8989797],[-1.5],1,0,1,0,1.0,0.0,1
67834,4,2,1,"[0.5, 1.0, 1.5, 1.5, 2.5, 2.5, 3.0, 3.0, 4.0, 7.0]","[0.0, 0.0, 0.0, 1.0, 2.0, 2.0, 2.236068, 2.828427, 3.4641016, 6.928203]","[2.0, 2.5, 3.5, 4.5]","[1.7320508, 2.0, 3.1622777, 4.472136]","[-3.0, -3.0, -2.5, -1.0]","[2.0, 4.5]","[1.7320508, 4.472136]","[-3.0, -2.5]","[5.0, 7.0]","[3.0, 6.928203]","[1.0, 2.5]",[5.5],[5.2915025],[4.0],1,0,1,0,1.0,0.0,0
375,3,2,1,"[0.0, 0.5, 0.5, 0.5, 1.0, 1.5, 2.0, 3.0, 3.5, 8.0]","[0.0, 0.0, 0.0, 0.0, 1.0, 1.4142135, 1.7320508, 2.828427, 3.4641016, 8.0]","[1.5, 3.5, 4.0]","[0.0, 0.0, 3.4641016]","[-3.0, -1.5, -1.0]","[1.5, 4.0]","[0.0, 3.4641016]","[-3.0, -1.5]","[4.0, 7.0]","[0.0, 6.708204]","[-2.0, 2.0]",[3.5],[3.4641016],[0.5],1,0,1,0,1.0,0.0,1
6111,1,1,1,"[0.5, 0.5, 1.0, 1.0, 1.5, 1.5, 3.0, 3.5, 4.0, 5.0]","[0.0, 0.0, 0.0, 0.0, 0.0, 1.4142135, 2.828427, 3.1622777, 3.8729835, 4.0]",[4.0],[2.6457512],[-1.5],[4.0],[2.6457512],[-1.5],[4.5],[0.0],[1.0],[4.5],[0.0],[1.0],0,1,0,0,0.0,0.0,0
478,3,2,2,"[0.0, 0.0, 0.5, 1.0, 1.0, 1.5, 3.0, 3.5, 3.5, 6.5]","[0.0, 0.0, 0.0, 0.0, 0.0, 0.0, 0.0, 3.0, 3.1622777, 6.0]","[2.0, 2.5, 3.5]","[0.0, 2.0, 3.1622777]","[-6.0, -2.5, -1.5]","[2.0, 2.5]","[0.0, 2.0]","[-6.0, -1.5]","[2.5, 3.0]","[0.0, 2.828427]","[0.0, 1.0]","[2.5, 3.0]","[0.0, 2.828427]","[0.0, 1.0]",0,2,0,0,0.0,0.0,1
240,1,1,1,"[0.0, 1.0, 1.5, 2.0, 2.0, 2.0, 2.5, 2.5, 4.0, 6.0]","[0.0, 0.0, 0.0, 0.0, 1.0, 1.7320508, 1.7320508, 2.4494898, 4.0, 6.0]",[4.0],[3.8729835],[-1.0],[4.0],[3.8729835],[-1.0],[8.5],[8.485281],[5.5],[8.5],[8.485281],[5.5],0,1,0,0,0.0,0.0,1
82265,3,2,2,"[0.0, 0.5, 0.5, 1.0, 1.5, 1.5, 2.0, 2.5, 3.0, 4.5]","[0.0, 0.0, 0.0, 0.0, 0.0, 0.0, 1.7320508, 2.4494898, 2.828427, 2.828427]","[0.5, 3.0, 5.0]","[0.0, 2.828427, 4.582576]","[-2.5, -2.0, -1.0]","[0.5, 5.0]","[0.0, 4.582576]","[-2.0, -1.0]","[6.0, 7.0]","[5.196152, 7.0]","[4.5, 7.0]","[6.0, 7.0]","[5.196152, 7.0]","[4.5, 7.0]",0,2,0,0,0.0,0.0,0
914,2,1,1,"[0.5, 1.0, 1.0, 2.0, 2.0, 2.5, 2.5, 4.0, 6.0, 6.5]","[0.0, 0.0, 0.0, 1.0, 2.0, 2.0, 2.4494898, 2.6457512, 6.0, 6.3245554]","[3.5, 3.5]","[2.4494898, 3.1622777]","[-3.5, -2.5]",[3.5],[3.1622777],[-3.5],[4.5],[2.828427],[-1.0],[4.5],[2.828427],[-1.0],0,1,0,0,0.0,0.0,1
12688,1,1,1,"[0.0, 1.0, 1.0, 1.0, 1.5, 1.5, 2.0, 2.5, 4.0, 4.5]","[0.0, 0.0, 0.0, 0.0, 0.0, 0.0, 1.7320508, 2.0, 4.0, 4.472136]",[2.5],[2.4494898],[-1.5],[2.5],[2.4494898],[-1.5],[4.5],[0.0],[2.0],[4.5],[0.0],[2.0],0,1,0,0,0.0,0.0,0
47783,5,2,1,"[0.5, 0.5, 1.0, 1.0, 1.0, 2.0, 2.0, 4.0, 5.0, 9.0]","[0.0, 0.0, 0.0, 0.0, 1.0, 1.7320508, 2.0, 3.4641016, 4.0, 9.0]","[1.5, 3.0, 3.0, 5.5, 6.0]","[0.0, 1.4142135, 2.236068, 5.477226, 5.656854]","[-4.0, -2.5, -2.5, -2.0, -2.0]","[1.5, 3.0]","[1.4142135, 2.236068]","[-4.0, -2.5]","[1.5, 3.0]","[1.4142135, 3.0]","[-3.0, -1.5]",[4.5],[4.472136],[4.5],1,0,1,0,1.0,0.0,0
97226,3,2,1,"[0.5, 1.5, 1.5, 1.5, 2.0, 2.5, 2.5, 3.5, 6.0, 7.5]","[0.0, 0.0, 0.0, 0.0, 1.4142135, 1.7320508, 2.0, 2.4494898, 5.656854, 7.3484693]","[1.5, 2.0, 3.0]","[0.0, 0.0, 2.236068]","[-5.0, -1.5, -1.5]","[1.5, 2.0]","[0.0, 0.0]","[-5.0, -1.5]","[4.0, 6.5]","[3.8729835, 6.3245554]","[0.5, 2.0]",[5.5],[4.2426405],[5.0],1,0,1,0,1.0,0.0,0
364,3,1,1,"[0.0, 0.0, 0.5, 0.5, 1.0, 1.5, 2.0, 3.0, 4.0, 7.0]","[0.0, 0.0, 0.0, 0.0, 0.0, 0.0, 1.0, 1.7320508, 3.4641016, 6.708204]","[1.5, 2.5, 4.0]","[0.0, 2.4494898, 3.8729835]","[-5.0, -3.5, -3.5]",[2.5],[2.4494898],[-5.0],[2.0],[1.7320508],[-0.5],[2.0],[1.7320508],[-0.5],0,1,0,0,0.0,0.0,1
79819,1,1,1,"[0.5, 1.0, 1.5, 2.5, 2.5, 2.5, 3.0, 3.0, 3.0, 6.0]","[0.0, 0.0, 0.0, 0.0, 1.0, 1.4142135, 2.0, 2.0, 2.236068, 5.656854]",[3.0],[2.236068],[-4.0],[3.0],[2.236068],[-4.0],[5.5],[4.8989797],[3.5],[5.5],[4.8989797],[3.5],0,1,0,0,0.0,0.0,0
233,1,1,1,"[0.0, 0.0, 0.0, 0.0, 0.5, 1.5, 1.5, 2.5, 3.0, 4.0]","[0.0, 0.0, 0.0, 0.0, 0.0, 0.0, 0.0, 0.0, 0.0, 3.8729835]",[2.0],[2.0],[-3.5],[2.0],[2.0],[-3.5],[5.0],[4.0],[5.0],[5.0],[4.0],[5.0],0,1,0,0,0.0,0.0,1
56188,1,1,1,"[0.5, 1.0, 1.5, 2.0, 2.0, 2.5, 2.5, 2.5, 3.0, 3.5]","[0.0, 0.0, 0.0, 0.0, 1.0, 1.7320508, 2.0, 2.4494898, 3.0, 3.4641016]",[1.5],[0.0],[-2.0],[1.5],[0.0],[-2.0],[6.0],[5.196152],[3.5],[6.0],[5.196152],[3.5],0,1,0,0,0.0,0.0,0
72893,3,2,1,"[0.5, 0.5, 1.0, 1.5, 1.5, 1.5, 3.0, 3.0, 7.0, 8.5]","[0.0, 0.0, 0.0, 1.4142135, 1.4142135, 1.4142135, 2.236068, 2.828427, 6.928203, 8.485281]","[2.5, 3.5, 3.5]","[0.0, 2.4494898, 2.4494898]","[-4.5, -2.5, -1.0]","[2.5, 3.5]","[2.4494898, 2.4494898]","[-4.5, -2.5]","[1.5, 2.0]","[0.0, 2.0]","[-4.0, -2.5]",[6.5],[6.0],[5.0],1,0,1,0,1.0,0.0,0
99863,1,1,1,"[0.0, 0.5, 0.5, 1.5, 1.5, 2.5, 3.0, 3.0, 4.0, 5.5]","[0.0, 0.0, 0.0, 0.0, 1.4142135, 2.0, 2.236068, 2.236068, 2.6457512, 5.2915025]",[3.5],[3.4641016],[-2.5],[3.5],[3.4641016],[-2.5],[6.5],[6.3245554],[4.0],[6.5],[6.3245554],[4.0],0,1,0,0,0.0,0.0,0
864,6,2,2,"[0.0, 0.0, 0.5, 1.5, 2.5, 2.5, 5.0, 6.0, 6.0, 8.0]","[0.0, 0.0, 0.0, 0.0, 1.4142135, 2.0, 5.0, 5.656854, 5.91608, 7.937254]","[2.5, 2.5, 3.0, 3.5, 4.5, 5.5]","[2.0, 2.0, 3.0, 3.1622777, 4.2426405, 5.2915025]","[-5.5, -5.5, -4.0, -3.0, -1.5, -1.0]","[3.0, 4.5]","[3.0, 4.2426405]","[-5.5, -1.5]","[4.5, 5.0]","[2.828427, 4.8989797]","[-1.0, 0.0]","[4.5, 5.0]","[2.828427, 4.8989797]","[-1.0, 0.0]",0,2,0,0,0.0,0.0,1
61712,2,2,1,"[0.0, 0.0, 0.5, 1.0, 1.5, 2.0, 2.5, 3.0, 4.5, 5.0]","[0.0, 0.0, 0.0, 0.0, 0.0, 1.4142135, 2.0, 2.236068, 4.2426405, 4.8989797]","[0.5, 2.0]","[0.0, 0.0]","[-2.0, -1.5]","[0.5, 2.0]","[0.0, 0.0]","[-2.0, -1.5]","[1.5, 4.5]","[0.0, 2.828427]","[-1.0, 0.0]",[9.0],[9.0],[6.5],1,0,1,0,1.0,0.0,0
13257,5,2,2,"[0.5, 1.5, 1.5, 2.0, 2.5, 2.5, 3.0, 3.5, 3.5, 6.5]","[0.0, 0.0, 0.0, 0.0, 0.0, 0.0, 1.4142135, 2.236068, 2.4494898, 6.4807405]","[0.5, 1.0, 2.0, 2.5, 5.0]","[0.0, 0.0, 0.0, 2.4494898, 5.0]","[-5.0, -3.5, -2.5, -2.5, -1.5]","[0.5, 2.0]","[0.0, 0.0]","[-3.5, -2.5]","[4.5, 5.5]","[2.828427, 5.2915025]","[1.0, 4.5]","[4.5, 5.5]","[2.828427, 5.2915025]","[1.0, 4.5]",0,2,0,0,0.0,0.0,0
62055,4,2,1,"[0.5, 0.5, 1.0, 1.0, 1.5, 2.0, 3.0, 4.0, 4.0, 7.5]","[0.0, 0.0, 0.0, 0.0, 1.0, 1.7320508, 2.6457512, 2.828427, 3.4641016, 7.483315]","[2.0, 2.5, 3.5, 5.0]","[2.0, 2.0, 3.4641016, 4.582576]","[-3.0, -2.5, -2.5, -2.0]","[2.0, 3.5]","[2.0, 3.4641016]","[-3.0, -2.5]","[2.5, 4.5]","[2.0, 4.2426405]","[-2.0, 0.0]",[8.5],[8.485281],[7.0],1,0,1,0,1.0,0.0,0
29494,4,2,2,"[0.0, 0.5, 0.5, 1.0, 1.0, 2.0, 3.0, 3.5, 4.5, 5.0]","[0.0, 0.0, 0.0, 0.0, 0.0, 0.0, 2.0, 3.1622777, 4.0, 4.2426405]","[1.0, 3.0, 3.5, 3.5]","[0.0, 0.0, 2.828427, 3.4641016]","[-3.5, -3.5, -2.5, -2.5]","[1.0, 3.5]","[0.0, 3.4641016]","[-3.5, -2.5]","[5.0, 5.0]","[4.0, 4.582576]","[3.5, 4.0]","[5.0, 5.0]","[4.0, 4.582576]","[3.5, 4.0]",0,2,0,0,0.0,0.0,0
15550,3,2,1,"[0.0, 0.0, 1.0, 1.5, 1.5, 1.5, 1.5, 2.5, 3.0, 7.5]","[0.0, 0.0, 0.0, 0.0, 0.0, 1.4142135, 1.4142135, 2.4494898, 3.0, 7.483315]","[1.5, 2.0, 2.0]","[0.0, 0.0, 1.7320508]","[-3.5, -3.0, -2.0]","[1.5, 2.0]","[0.0, 1.7320508]","[-3.5, -3.0]","[0.5, 5.0]","[0.0, 4.0]","[-3.0, -0.5]",[8.0],[7.937254],[6.5],1,0,1,0,1.0,0.0,0
107,4,3,1,"[1.0, 1.0, 1.0, 1.5, 1.5, 1.5, 2.5, 3.5, 4.0, 9.0]","[0.0, 0.0, 1.0, 1.0, 1.4142135, 1.4142135, 1.4142135, 3.1622777, 3.8729835, 9.0]","[1.5, 2.0, 2.5, 3.5]","[0.0, 1.4142135, 1.7320508, 2.0]","[-5.5, -2.5, -2.5, -1.5]","[1.5, 2.0, 3.5]","[0.0, 1.4142135, 1.7320508]","[-5.5, -2.5, -1.5]","[4.5, 5.5, 8.5]","[2.828427, 5.2915025, 8.485281]","[-2.5, 1.0, 6.5]",[3.5],[2.4494898],[3.0],2,0,1,0,2.0,0.0,1
171,1,1,1,"[0.0, 1.0, 1.0, 1.5, 2.0, 2.0, 2.5, 2.5, 3.0, 4.0]","[0.0, 0.0, 1.0, 1.4142135, 1.7320508, 1.7320508, 2.0, 2.0, 3.0, 3.4641016]",[0.5],[0.0],[-3.0],[0.5],[0.0],[-3.0],[2.0],[1.7320508],[0.5],[2.0],[1.7320508],[0.5],0,1,0,0,0.0,0.0,1
77627,1,1,1,"[0.5, 0.5, 1.0, 1.5, 2.0, 2.5, 3.5, 3.5, 4.5, 5.0]","[0.0, 0.0, 0.0, 0.0, 0.0, 0.0, 2.0, 2.828427, 3.4641016, 4.8989797]",[2.5],[2.0],[-4.5],[2.5],[2.0],[-4.5],[7.5],[7.3484693],[5.0],[7.5],[7.3484693],[5.0],0,1,0,0,0.0,0.0,0
802,2,1,1,"[0.0, 0.0, 0.0, 1.0, 1.5, 1.5, 2.0, 2.5, 4.5, 4.5]","[0.0, 0.0, 0.0, 0.0, 0.0, 0.0, 1.7320508, 2.4494898, 2.828427, 4.2426405]","[1.5, 3.5]","[1.4142135, 2.4494898]","[-4.0, -2.0]",[1.5],[1.4142135],[-4.0],[4.0],[3.4641016],[2.5],[4.0],[3.4641016],[2.5],0,1,0,0,0.0,0.0,1
44328,4,2,1,"[0.0, 1.0, 1.5, 2.0, 2.5, 3.0, 3.5, 3.5, 7.0, 7.5]","[0.0, 0.0, 1.4142135, 2.0, 2.4494898, 2.4494898, 3.0, 3.1622777, 7.0, 7.3484693]","[2.5, 2.5, 3.5, 4.0]","[2.0, 2.4494898, 2.6457512, 3.1622777]","[-5.0, -4.0, -2.5, -2.0]","[2.5, 2.5]","[2.0, 2.4494898]","[-5.0, -2.0]","[1.5, 1.5]","[0.0, 1.4142135]","[-4.0, -2.0]",[6.5],[6.0],[5.0],1,0,1,0,1.0,0.0,0
728,6,2,1,"[0.5, 1.0, 1.0, 2.0, 2.5, 3.0, 3.0, 3.0, 3.5, 7.0]","[0.0, 0.0, 0.0, 0.0, 0.0, 0.0, 2.0, 2.236068, 2.828427, 7.0]","[2.0, 2.0, 2.0, 2.5, 3.5, 3.5]","[0.0, 0.0, 0.0, 1.7320508, 2.4494898, 3.1622777]","[-4.5, -3.5, -3.5, -3.5, -2.0, -1.0]","[2.0, 2.0]","[0.0, 1.7320508]","[-4.5, -2.0]","[3.5, 8.0]","[2.4494898, 7.937254]","[0.0, 4.5]",[3.0],[3.0],[3.0],1,0,1,0,1.0,0.0,1
26302,3,2,1,"[0.0, 0.5, 1.0, 1.5, 1.5, 2.0, 2.5, 3.0, 5.0, 8.5]","[0.0, 0.0, 0.0, 0.0, 0.0, 1.0, 2.4494898, 3.0, 4.582576, 8.485281]","[1.5, 1.5, 3.5]","[0.0, 1.4142135, 3.1622777]","[-4.5, -4.5, -3.0]","[1.5, 1.5]","[0.0, 1.4142135]","[-4.5, -3.0]","[1.0, 6.0]","[0.0, 5.656854]","[-4.0, 0.5]",[4.5],[4.2426405],[2.5],1,0,1,0,1.0,0.0,0
47646,3,2,1,"[0.0, 0.5, 1.0, 1.0, 1.0, 1.5, 1.5, 4.0, 4.0, 5.0]","[0.0, 0.0, 0.0, 1.0, 1.0, 1.4142135, 1.4142135, 3.8729835, 3.8729835, 5.0]","[1.5, 2.0, 4.0]","[0.0, 0.0, 4.0]","[-1.5, -1.0, -1.0]","[1.5, 2.0]","[0.0, 0.0]","[-1.5, -1.0]","[2.0, 2.5]","[0.0, 1.7320508]","[-1.0, -1.0]",[6.5],[6.3245554],[5.0],1,0,1,0,1.0,0.0,0
667,2,2,1,"[0.0, 0.0, 0.0, 0.5, 1.0, 1.0, 1.5, 2.0, 5.0, 8.5]","[0.0, 0.0, 0.0, 0.0, 0.0, 1.0, 1.4142135, 1.7320508, 5.0, 8.485281]","[2.5, 4.0]","[0.0, 0.0]","[-4.0, -1.0]","[2.5, 4.0]","[0.0, 0.0]","[-4.0, -1.0]","[4.0, 6.0]","[0.0, 5.196152]","[-3.0, 1.0]",[2.5],[2.4494898],[-1.0],1,0,1,0,1.0,0.0,1
37389,1,1,1,"[0.5, 0.5, 1.5, 1.5, 2.0, 2.5, 3.0, 3.0, 3.5, 5.0]","[0.0, 0.0, 0.0, 0.0, 1.4142135, 1.4142135, 2.236068, 2.4494898, 2.828427, 4.582576]",[3.0],[3.0],[-2.5],[3.0],[3.0],[-2.5],[7.0],[6.928203],[4.5],[7.0],[6.928203],[4.5],0,1,0,0,0.0,0.0,0
126,1,1,1,"[0.0, 0.5, 1.5, 1.5, 1.5, 2.0, 2.0, 3.0, 3.5, 4.0]","[0.0, 0.0, 0.0, 0.0, 0.0, 0.0, 1.4142135, 1.7320508, 2.828427, 3.1622777]",[1.5],[0.0],[-1.0],[1.5],[0.0],[-1.0],[4.5],[2.828427],[2.0],[4.5],[2.828427],[2.0],0,1,0,0,0.0,0.0,1
62088,1,1,1,"[0.0, 0.5, 0.5, 1.0, 1.5, 2.0, 2.0, 3.0, 3.5, 4.5]","[0.0, 0.0, 0.0, 0.0, 0.0, 1.7320508, 2.0, 2.4494898, 2.828427, 2.828427]",[4.5],[4.2426405],[-2.5],[4.5],[4.2426405],[-2.5],[6.0],[5.196152],[5.0],[6.0],[5.196152],[5.0],0,1,0,0,0.0,0.0,0
22393,1,1,1,"[0.5, 0.5, 1.0, 1.5, 2.5, 2.5, 2.5, 3.5, 4.0, 5.0]","[0.0, 0.0, 0.0, 0.0, 1.4142135, 2.0, 2.0, 3.4641016, 3.4641016, 4.8989797]",[2.0],[1.7320508],[-2.0],[2.0],[1.7320508],[-2.0],[4.5],[2.828427],[0.0],[4.5],[2.828427],[0.0],0,1,0,0,0.0,0.0,0
471,1,1,1,"[0.5, 0.5, 1.0, 2.0, 2.0, 2.5, 2.5, 3.0, 4.0, 4.5]","[0.0, 0.0, 0.0, 0.0, 0.0, 2.0, 2.4494898, 2.828427, 3.0, 3.8729835]",[1.0],[0.0],[-4.5],[1.0],[0.0],[-4.5],[4.0],[3.8729835],[1.0],[4.0],[3.8729835],[1.0],0,1,0,0,0.0,0.0,1
19563,4,2,1,"[1.0, 1.5, 2.0, 2.0, 2.0, 2.5, 2.5, 2.5, 3.5, 9.0]","[0.0, 1.0, 1.4142135, 1.7320508, 1.7320508, 2.0, 2.0, 2.4494898, 3.4641016, 9.0]","[1.5, 1.5, 2.5, 2.5]","[0.0, 0.0, 1.4142135, 1.4142135]","[-4.5, -4.0, -4.0, -3.5]","[1.5, 2.5]","[0.0, 1.4142135]","[-4.5, -3.5]","[1.0, 2.5]","[0.0, 2.4494898]","[-4.0, -2.5]",[7.5],[7.3484693],[6.5],1,0,1,0,1.0,0.0,0
57808,2,2,1,"[0.0, 0.5, 0.5, 1.0, 2.0, 2.0, 2.5, 4.0, 5.5, 7.0]","[0.0, 0.0, 0.0, 0.0, 0.0, 0.0, 0.0, 1.0, 5.2915025, 6.708204]","[2.5, 5.0]","[2.0, 5.0]","[-3.5, -3.5]","[2.5, 5.0]","[2.0, 5.0]","[-3.5, -3.5]","[4.0, 8.0]","[3.8729835, 7.937254]","[-2.5, 5.5]",[6.5],[6.4807405],[4.5],1,0,1,0,1.0,0.0,0
8055,4,2,2,"[0.5, 1.0, 1.0, 2.0, 2.5, 3.0, 3.0, 4.0, 6.5, 7.5]","[0.0, 0.0, 0.0, 1.0, 1.7320508, 2.0, 2.828427, 3.8729835, 6.4807405, 7.3484693]","[1.0, 3.5, 5.0, 5.0]","[0.0, 3.1622777, 4.8989797, 5.0]","[-4.5, -3.0, -2.5, -2.5]","[1.0, 3.5]","[0.0, 3.1622777]","[-4.5, -2.5]","[5.5, 8.0]","[5.2915025, 8.0]","[2.5, 3.5]","[5.5, 8.0]","[5.2915025, 8.0]","[2.5, 3.5]",0,2,0,0,0.0,0.0,0
18417,5,2,2,"[0.5, 1.0, 1.0, 1.0, 1.5, 2.0, 2.5, 3.5, 6.0, 8.5]","[0.0, 0.0, 0.0, 0.0, 0.0, 0.0, 0.0, 1.0, 5.656854, 8.485281]","[1.5, 2.5, 3.0, 5.0, 5.0]","[0.0, 0.0, 2.828427, 4.8989797, 4.8989797]","[-4.5, -3.5, -3.0, -3.0, -1.5]","[3.0, 5.0]","[2.828427, 4.8989797]","[-4.5, -1.5]","[5.0, 5.5]","[4.8989797, 4.8989797]","[0.5, 3.5]","[5.0, 5.5]","[4.8989797, 4.8989797]","[0.5, 3.5]",0,2,0,0,0.0,0.0,0
57292,3,2,1,"[0.5, 0.5, 1.0, 1.0, 1.5, 2.5, 2.5, 4.0, 6.0, 6.5]","[0.0, 0.0, 0.0, 0.0, 1.4142135, 2.4494898, 2.4494898, 3.8729835, 5.656854, 6.4807405]","[2.0, 2.0, 4.5]","[1.7320508, 1.7320508, 3.7416575]","[-3.0, -3.0, -1.0]","[2.0, 2.0]","[1.7320508, 1.7320508]","[-3.0, -1.0]","[3.0, 4.0]","[2.828427, 3.4641016]","[-2.5, 1.5]",[8.5],[8.485281],[6.5],1,0,1,0,1.0,0.0,0
98791,3,2,1,"[0.0, 0.0, 0.5, 1.0, 1.0, 1.5, 1.5, 2.0, 3.0, 6.5]","[0.0, 0.0, 0.0, 0.0, 0.0, 0.0, 1.0, 2.0, 2.828427, 6.4807405]","[2.0, 2.0, 4.0]","[0.0, 0.0, 3.8729835]","[-2.5, -2.0, -1.5]","[2.0, 2.0]","[0.0, 0.0]","[-2.5, -2.0]","[3.0, 3.0]","[3.0, 3.0]","[-1.0, -0.5]",[6.0],[5.656854],[5.0],1,0,1,0,1.0,0.0,0
48699,3,2,1,"[0.0, 1.0, 2.0, 2.0, 2.0, 2.0, 2.0, 3.0, 3.5, 7.5]","[0.0, 0.0, 1.0, 1.7320508, 2.0, 2.0, 2.0, 2.236068, 3.4641016, 7.3484693]","[3.0, 3.5, 4.5]","[2.4494898, 2.828427, 3.7416575]","[-3.0, -2.5, -1.5]","[3.0, 3.5]","[2.4494898, 2.828427]","[-3.0, -2.5]","[4.0, 4.5]","[0.0, 3.8729835]","[-1.0, 0.0]",[8.0],[8.0],[6.0],1,0,1,0,1.0,0.0,0
2332,2,2,2,"[0.0, 0.5, 1.0, 1.5, 1.5, 1.5, 3.5, 3.5, 4.5, 7.5]","[0.0, 0.0, 0.0, 0.0, 0.0, 1.0, 1.4142135, 3.1622777, 3.4641016, 7.483315]","[2.5, 4.0]","[2.0, 4.0]","[-3.0, -3.0]","[2.5, 4.0]","[2.0, 4.0]","[-3.0, -3.0]","[5.5, 6.0]","[4.2426405, 5.196152]","[0.0, 5.0]","[5.5, 6.0]","[4.2426405, 5.196152]","[0.0, 5.0]",0,2,0,0,0.0,0.0,0
445,1,1,1,"[0.0, 0.0, 0.0, 0.5, 1.0, 2.0, 2.5, 2.5, 4.5, 6.0]","[0.0, 0.0, 0.0, 0.0, 0.0, 1.7320508, 2.0, 2.0, 4.2426405, 6.0]",[0.5],[0.0],[-4.5],[0.5],[0.0],[-4.5],[3.0],[2.828427],[-0.5],[3.0],[2.828427],[-0.5],0,1,0,0,0.0,0.0,1
12612,3,2,1,"[0.0, 1.0, 1.0, 1.0, 1.5, 3.0, 3.0, 3.0, 4.0, 5.0]","[0.0, 0.0, 0.0, 0.0, 1.0, 2.828427, 2.828427, 3.0, 3.8729835, 4.8989797]","[1.0, 1.5, 2.5]","[0.0, 1.0, 2.4494898]","[-3.5, -3.0, -2.5]","[1.0, 1.5]","[0.0, 1.0]","[-3.5, -2.5]","[3.5, 5.5]","[3.4641016, 5.477226]","[-0.5, 2.0]",[5.0],[4.0],[2.5],1,0,1,0,1.0,0.0,0
46349,6,2,1,"[0.5, 1.0, 1.0, 2.5, 2.5, 3.0, 3.5, 3.5, 4.0, 7.0]","[0.0, 0.0, 0.0, 0.0, 2.4494898, 2.828427, 3.1622777, 3.4641016, 4.0, 6.928203]","[1.5, 1.5, 2.0, 2.5, 3.5, 4.5]","[0.0, 0.0, 0.0, 1.4142135, 2.0, 4.472136]","[-4.5, -4.0, -3.0, -3.0, -1.5, -1.0]","[1.5, 1.5]","[0.0, 1.4142135]","[-4.5, -4.0]","[3.0, 3.5]","[0.0, 2.236068]","[-1.5, -1.0]",[4.5],[4.472136],[2.5],1,0,1,0,1.0,0.0,0
449,3,2,1,"[0.5, 0.5, 0.5, 1.0, 1.0, 1.5, 1.5, 2.5, 3.0, 8.0]","[0.0, 0.0, 0.0, 0.0, 0.0, 0.0, 1.4142135, 2.0, 2.236068, 7.937254]","[1.5, 2.5, 4.5]","[0.0, 0.0, 2.828427]","[-2.5, -2.5, -2.0]","[1.5, 2.5]","[0.0, 0.0]","[-2.5, -2.5]","[6.0, 7.0]","[5.91608, 7.0]","[0.0, 6.5]",[6.5],[6.3245554],[3.0],1,0,1,0,1.0,0.0,1
62115,3,2,1,"[0.0, 0.5, 0.5, 1.0, 1.0, 1.5, 2.0, 3.5, 3.5, 9.0]","[0.0, 0.0, 0.0, 1.0, 1.0, 1.4142135, 1.7320508, 2.4494898, 3.4641016, 9.0]","[1.5, 2.5, 3.0]","[0.0, 0.0, 2.236068]","[-4.0, -3.5, -3.0]","[1.5, 2.5]","[0.0, 0.0]","[-4.0, -3.5]","[3.5, 6.0]","[2.4494898, 5.656854]","[-2.5, -1.5]",[8.5],[8.485281],[4.0],1,0,1,0,1.0,0.0,0
248,1,1,1,"[0.0, 0.0, 1.0, 1.0, 1.5, 2.0, 3.0, 4.0, 4.5, 4.5]","[0.0, 0.0, 0.0, 0.0, 0.0, 1.0, 1.4142135, 1.7320508, 2.828427, 4.2426405]",[2.0],[2.0],[-1.0],[2.0],[2.0],[-1.0],[6.0],[5.656854],[2.5],[6.0],[5.656854],[2.5],0,1,0,0,0.0,0.0,1
937,2,2,1,"[0.0, 0.5, 1.0, 1.5, 1.5, 2.0, 3.5, 4.5, 4.5, 5.0]","[0.0, 0.0, 0.0, 0.0, 1.4142135, 1.7320508, 2.828427, 3.4641016, 3.7416575, 4.8989797]","[3.0, 3.0]","[2.236068, 2.828427]","[-3.0, -1.5]","[3.0, 3.0]","[2.236068, 2.828427]","[-3.0, -1.5]","[3.0, 7.5]","[0.0, 7.483315]","[-1.0, 4.0]",[4.0],[3.8729835],[1.5],1,0,1,0,1.0,0.0,1
71538,4,2,1,"[0.0, 1.0, 1.5, 1.5, 1.5, 2.0, 2.5, 4.0, 5.0, 6.0]","[0.0, 0.0, 0.0, 1.0, 1.4142135, 1.4142135, 1.7320508, 3.8729835, 4.0, 6.0]","[1.5, 2.0, 2.5, 3.0]","[1.4142135, 1.7320508, 2.0, 2.236068]","[-3.5, -3.0, -2.5, -1.5]","[2.0, 2.5]","[1.7320508, 2.0]","[-3.5, -3.0]","[5.0, 5.5]","[4.8989797, 5.2915025]","[1.0, 2.0]",[4.5],[3.7416575],[3.0],1,0,1,0,1.0,0.0,0
975,2,1,1,"[0.0, 0.5, 1.0, 1.5, 1.5, 2.0, 3.0, 4.5, 5.0, 5.0]","[0.0, 0.0, 0.0, 0.0, 0.0, 1.0, 2.236068, 4.472136, 4.582576, 4.8989797]","[1.5, 2.0]","[0.0, 2.0]","[-3.0, -2.0]",[2.0],[2.0],[-3.0],[5.5],[4.8989797],[1.0],[5.5],[4.8989797],[1.0],0,1,0,0,0.0,0.0,1
891,2,1,1,"[0.0, 0.0, 0.5, 1.0, 1.0, 2.0, 2.5, 4.0, 4.5, 5.5]","[0.0, 0.0, 0.0, 0.0, 0.0, 0.0, 1.7320508, 2.0, 3.7416575, 5.477226]","[1.5, 3.5]","[1.4142135, 3.1622777]","[-5.0, -4.0]",[1.5],[1.4142135],[-5.0],[5.0],[4.0],[2.0],[5.0],[4.0],[2.0],0,1,0,0,0.0,0.0,1
380,4,2,2,"[0.0, 0.0, 0.5, 0.5, 0.5, 2.0, 3.0, 3.5, 3.5, 5.0]","[0.0, 0.0, 0.0, 0.0, 0.0, 0.0, 1.7320508, 2.236068, 3.1622777, 4.8989797]","[2.0, 2.0, 2.0, 3.0]","[0.0, 0.0, 1.7320508, 2.828427]","[-3.5, -2.5, -1.5, -1.0]","[2.0, 2.0]","[0.0, 1.7320508]","[-3.5, -1.0]","[2.0, 3.5]","[0.0, 2.4494898]","[0.0, 0.5]","[2.0, 3.5]","[0.0, 2.4494898]","[0.0, 0.5]",0,2,0,0,0.0,0.0,1
5012,3,2,1,"[1.0, 1.0, 1.0, 1.5, 1.5, 1.5, 2.0, 3.0, 3.5, 7.0]","[0.0, 0.0, 0.0, 1.0, 1.4142135, 1.4142135, 2.0, 3.0, 3.1622777, 6.928203]","[2.0, 2.5, 3.0]","[1.7320508, 2.0, 2.828427]","[-3.0, -3.0, -1.5]","[2.0, 3.0]","[1.7320508, 2.828427]","[-3.0, -1.5]","[2.0, 2.5]","[2.0, 2.0]","[-3.0, -1.5]",[6.5],[6.3245554],[4.5],1,0,1,0,1.0,0.0,0
228,1,1,1,"[0.0, 0.0, 0.5, 0.5, 1.0, 1.5, 1.5, 3.5, 3.5, 5.5]","[0.0, 0.0, 0.0, 0.0, 0.0, 0.0, 0.0, 3.1622777, 3.1622777, 4.8989797]",[3.0],[0.0],[-3.5],[3.0],[0.0],[-3.5],[3.0],[2.236068],[0.5],[3.0],[2.236068],[0.5],0,1,0,0,0.0,0.0,1
93458,2,2,1,"[0.0, 0.0, 0.5, 1.0, 2.0, 2.0, 3.0, 3.0, 3.5, 5.5]","[0.0, 0.0, 0.0, 0.0, 1.0, 1.7320508, 2.0, 2.236068, 3.1622777, 5.477226]","[1.5, 2.5]","[0.0, 0.0]","[-3.5, -1.0]","[1.5, 2.5]","[0.0, 0.0]","[-3.5, -1.0]","[3.5, 4.5]","[0.0, 2.4494898]","[-1.5, 0.5]",[7.5],[7.483315],[4.0],1,0,1,0,1.0,0.0,0
43150,3,2,1,"[0.0, 0.5, 1.0, 1.5, 1.5, 2.0, 2.0, 2.5, 4.5, 7.5]","[0.0, 0.0, 0.0, 0.0, 0.0, 0.0, 1.4142135, 1.4142135, 4.2426405, 7.3484693]","[2.5, 3.5, 4.0]","[2.0, 2.4494898, 3.8729835]","[-2.5, -1.5, -1.0]","[2.5, 3.5]","[2.0, 2.4494898]","[-2.5, -1.5]","[2.5, 3.5]","[0.0, 2.0]","[-2.5, -2.5]",[3.0],[2.236068],[-0.5],1,0,1,0,1.0,0.0,0
35736,3,2,1,"[0.0, 0.0, 0.5, 1.5, 1.5, 2.5, 3.0, 3.0, 3.5, 7.0]","[0.0, 0.0, 0.0, 0.0, 0.0, 1.4142135, 2.0, 2.828427, 2.828427, 7.0]","[2.5, 2.5, 3.0]","[0.0, 0.0, 2.0]","[-3.0, -2.0, -1.5]","[2.5, 2.5]","[0.0, 2.0]","[-3.0, -1.5]","[4.5, 5.0]","[4.2426405, 4.8989797]","[-1.0, 0.5]",[7.5],[7.483315],[4.5],1,0,1,0,1.0,0.0,0
13995,1,1,1,"[0.0, 0.5, 0.5, 2.5, 2.5, 3.0, 3.0, 3.0, 4.0, 4.5]","[0.0, 0.0, 0.0, 0.0, 0.0, 2.4494898, 3.0, 3.0, 3.4641016, 4.2426405]",[1.5],[0.0],[-2.5],[1.5],[0.0],[-2.5],[7.5],[7.483315],[6.0],[7.5],[7.483315],[6.0],0,1,0,0,0.0,0.0,0
80851,3,2,1,"[0.5, 1.0, 1.5, 1.5, 1.5, 2.5, 2.5, 3.0, 3.5, 6.5]","[0.0, 0.0, 0.0, 0.0, 0.0, 1.4142135, 2.236068, 2.4494898, 2.4494898, 6.0]","[1.0, 3.5, 4.5]","[0.0, 3.4641016, 4.2426405]","[-3.5, -2.5, -1.5]","[1.0, 3.5]","[0.0, 3.4641016]","[-3.5, -1.5]","[2.0, 4.5]","[1.7320508, 4.2426405]","[-2.5, 0.0]",[8.0],[7.937254],[5.5],1,0,1,0,1.0,0.0,0
90344,3,2,2,"[0.0, 0.5, 0.5, 0.5, 0.5, 1.0, 2.0, 2.5, 3.5, 7.0]","[0.0, 0.0, 0.0, 0.0, 0.0, 0.0, 1.0, 1.7320508, 2.0, 7.0]","[1.5, 1.5, 5.5]","[0.0, 0.0, 5.477226]","[-2.5, -2.5, -1.5]","[1.5, 1.5]","[0.0, 0.0]","[-2.5, -2.5]","[4.0, 5.0]","[3.8729835, 4.0]","[1.0, 2.5]","[4.0, 5.0]","[3.8729835, 4.0]","[1.0, 2.5]",0,2,0,0,0.0,0.0,0
382,4,2,2,"[0.0, 0.0, 1.5, 1.5, 2.5, 3.0, 3.5, 3.5, 3.5, 8.0]","[0.0, 0.0, 0.0, 0.0, 1.4142135, 1.4142135, 2.236068, 2.4494898, 3.4641016, 7.937254]","[1.0, 3.0, 3.0, 4.5]","[0.0, 2.828427, 2.828427, 3.0]","[-5.0, -4.0, -3.0, -2.5]","[1.0, 3.0]","[0.0, 2.828427]","[-4.0, -3.0]","[5.0, 5.5]","[4.8989797, 5.477226]","[0.0, 3.5]","[5.0, 5.5]","[4.8989797, 5.477226]","[0.0, 3.5]",0,2,0,0,0.0,0.0,1
298,2,1,1,"[0.0, 1.0, 1.5, 1.5, 1.5, 2.5, 3.0, 3.0, 3.5, 6.0]","[0.0, 0.0, 0.0, 0.0, 1.4142135, 1.4142135, 2.0, 2.828427, 3.4641016, 5.91608]","[3.0, 3.0]","[2.236068, 2.828427]","[-2.5, -2.0]",[3.0],[2.828427],[-2.0],[5.5],[5.477226],[4.5],[5.5],[5.477226],[4.5],0,1,0,0,0.0,0.0,1
446,1,1,1,"[1.0, 1.0, 1.0, 1.0, 1.5, 1.5, 2.0, 2.0, 3.5, 5.5]","[0.0, 0.0, 0.0, 0.0, 0.0, 1.0, 1.7320508, 2.0, 2.4494898, 5.2915025]",[3.5],[2.4494898],[-1.0],[3.5],[2.4494898],[-1.0],[2.0],[2.0],[0.0],[2.0],[2.0],[0.0],0,1,0,0,0.0,0.0,1
101,2,1,1,"[0.0, 0.5, 1.0, 1.0, 1.0, 1.5, 1.5, 3.0, 4.0, 7.0]","[0.0, 0.0, 0.0, 1.0, 1.0, 1.0, 1.4142135, 2.6457512, 3.0, 7.0]","[3.0, 3.0]","[0.0, 2.236068]","[-4.0, -2.0]",[3.0],[2.236068],[-2.0],[4.5],[0.0],[-0.5],[4.5],[0.0],[-0.5],0,1,0,0,0.0,0.0,1
58153,2,2,1,"[0.0, 1.0, 1.0, 1.5, 1.5, 2.0, 2.5, 3.0, 3.5, 8.0]","[0.0, 0.0, 0.0, 0.0, 1.0, 1.4142135, 1.7320508, 2.4494898, 2.828427, 7.937254]","[1.5, 4.0]","[0.0, 0.0]","[-4.0, -1.0]","[1.5, 4.0]","[0.0, 0.0]","[-4.0, -1.0]","[4.0, 4.0]","[0.0, 0.0]","[-1.5, -0.5]",[4.5],[0.0],[2.5],1,0,1,0,1.0,0.0,0
29691,3,2,1,"[0.0, 0.0, 1.0, 1.0, 1.0, 1.5, 2.0, 3.0, 3.5, 5.5]","[0.0, 0.0, 0.0, 0.0, 0.0, 1.0, 1.4142135, 2.236068, 3.4641016, 5.477226]","[0.5, 2.0, 2.0]","[0.0, 0.0, 1.7320508]","[-3.5, -2.0, -1.5]","[0.5, 2.0]","[0.0, 1.7320508]","[-3.5, -2.0]","[1.0, 2.5]","[0.0, 1.0]","[-2.5, -1.5]",[8.0],[7.937254],[6.0],1,0,1,0,1.0,0.0,0
98436,6,2,1,"[0.0, 1.0, 1.0, 2.0, 2.0, 2.5, 3.0, 3.5, 5.5, 8.5]","[0.0, 0.0, 0.0, 1.0, 1.7320508, 1.7320508, 2.0, 3.1622777, 4.8989797, 8.485281]","[1.5, 1.5, 3.0, 3.0, 3.0, 5.0]","[1.4142135, 1.4142135, 2.236068, 2.828427, 2.828427, 4.0]","[-5.5, -5.0, -4.0, -3.5, -3.0, -1.0]","[1.5, 1.5]","[1.4142135, 1.4142135]","[-5.5, -4.0]","[0.5, 3.0]","[0.0, 3.0]","[-3.5, -1.5]",[5.0],[4.0],[5.0],1,0,1,0,1.0,0.0,0
825,1,1,1,"[0.0, 0.5, 0.5, 1.5, 1.5, 2.0, 2.0, 2.5, 4.5, 5.0]","[0.0, 0.0, 0.0, 0.0, 1.4142135, 1.4142135, 1.7320508, 2.0, 3.0, 3.7416575]",[2.5],[0.0],[-5.5],[2.5],[0.0],[-5.5],[2.5],[2.4494898],[1.0],[2.5],[2.4494898],[1.0],0,1,0,0,0.0,0.0,1
31483,2,1,1,"[0.0, 1.0, 1.0, 1.0, 1.5, 2.5, 3.0, 3.5, 3.5, 5.0]","[0.0, 0.0, 0.0, 0.0, 0.0, 0.0, 1.0, 2.4494898, 2.4494898, 3.0]","[3.5, 4.0]","[2.4494898, 2.6457512]","[-2.5, -1.5]",[3.5],[2.4494898],[-2.5],[8.0],[8.0],[7.5],[8.0],[8.0],[7.5],0,1,0,0,0.0,0.0,0
549,5,3,2,"[0.0, 0.5, 1.0, 1.0, 1.5, 3.0, 3.5, 3.5, 5.0, 5.5]","[0.0, 0.0, 0.0, 0.0, 1.0, 2.236068, 2.4494898, 2.4494898, 4.8989797, 5.2915025]","[0.5, 1.5, 2.0, 2.5, 3.0]","[0.0, 0.0, 0.0, 2.0, 3.0]","[-6.0, -3.0, -3.0, -1.0, -1.0]","[0.5, 1.5, 2.5]","[0.0, 0.0, 0.0]","[-6.0, -1.0, -1.0]","[2.5, 3.0, 3.5]","[0.0, 2.4494898, 3.0]","[-3.0, 1.0, 2.0]","[2.5, 3.5]","[0.0, 3.4641016]","[0.5, 2.0]",1,1,1,0,1.0,0.0,1
63,2,1,1,"[0.5, 0.5, 0.5, 1.0, 1.5, 2.0, 2.0, 2.5, 3.0, 4.5]","[0.0, 0.0, 0.0, 0.0, 0.0, 0.0, 1.4142135, 1.7320508, 1.7320508, 2.4494898]","[3.5, 4.5]","[0.0, 2.828427]","[-3.0, -2.5]",[3.5],[0.0],[-2.5],[4.0],[4.0],[3.5],[4.0],[4.0],[3.5],0,1,0,0,0.0,0.0,1
11338,4,2,2,"[0.0, 0.5, 1.0, 2.0, 2.0, 2.0, 3.0, 3.5, 4.5, 4.5]","[0.0, 0.0, 0.0, 0.0, 0.0, 0.0, 0.0, 1.7320508, 2.0, 2.828427]","[0.5, 1.0, 3.0, 4.5]","[0.0, 0.0, 1.0, 3.7416575]","[-5.5, -4.5, -2.5, -1.5]","[0.5, 1.0]","[0.0, 1.0]","[-5.5, -1.5]","[4.0, 6.0]","[0.0, 5.656854]","[1.0, 6.0]","[4.0, 6.0]","[0.0, 5.656854]","[1.0, 6.0]",0,2,0,0,0.0,0.0,0
94831,6,2,1,"[0.5, 0.5, 0.5, 1.5, 2.0, 2.0, 2.5, 3.0, 6.0, 7.5]","[0.0, 0.0, 0.0, 0.0, 0.0, 0.0, 1.4142135, 2.0, 6.0, 7.3484693]","[0.5, 1.5, 2.0, 2.0, 3.0, 3.5]","[0.0, 0.0, 0.0, 1.7320508, 2.0, 2.828427]","[-4.0, -3.5, -3.5, -3.5, -3.0, -2.5]","[0.5, 2.0]","[0.0, 1.7320508]","[-3.5, -3.0]","[1.0, 2.0]","[0.0, 0.0]","[-2.5, -2.5]",[8.5],[8.485281],[8.0],1,0,1,0,1.0,0.0,0
309,3,1,1,"[0.0, 0.5, 1.0, 1.0, 1.5, 2.5, 3.0, 3.0, 3.0, 6.0]","[0.0, 0.0, 0.0, 0.0, 0.0, 1.0, 2.0, 2.236068, 3.0, 5.656854]","[2.0, 3.0, 3.5]","[0.0, 2.4494898, 2.828427]","[-4.0, -2.5, -2.0]",[3.0],[2.828427],[-4.0],[6.0],[5.91608],[4.0],[6.0],[5.91608],[4.0],0,1,0,0,0.0,0.0,1
17688,3,2,2,"[0.0, 0.0, 1.0, 1.0, 1.5, 2.0, 2.0, 2.0, 5.5, 6.5]","[0.0, 0.0, 0.0, 0.0, 0.0, 0.0, 1.4142135, 1.7320508, 5.477226, 6.0]","[1.0, 2.0, 2.5]","[0.0, 1.7320508, 2.0]","[-4.5, -3.5, -2.0]","[1.0, 2.5]","[0.0, 2.0]","[-4.5, -2.0]","[3.5, 4.5]","[3.4641016, 4.2426405]","[0.5, 2.5]","[3.5, 4.5]","[3.4641016, 4.2426405]","[0.5, 2.5]",0,2,0,0,0.0,0.0,0
421,1,1,1,"[0.5, 0.5, 0.5, 1.5, 2.5, 2.5, 3.0, 3.5, 4.5, 7.5]","[0.0, 0.0, 0.0, 1.4142135, 2.0, 2.236068, 2.4494898, 3.4641016, 3.7416575, 7.3484693]",[2.0],[0.0],[-3.0],[2.0],[0.0],[-3.0],[2.5],[0.0],[-3.5],[2.5],[0.0],[-3.5],0,1,0,0,0.0,0.0,1
79,1,1,1,"[0.0, 0.5, 0.5, 1.0, 1.5, 2.0, 2.5, 3.5, 3.5, 4.5]","[0.0, 0.0, 0.0, 0.0, 0.0, 0.0, 1.0, 1.7320508, 2.0, 4.2426405]",[3.5],[3.4641016],[-2.0],[3.5],[3.4641016],[-2.0],[3.0],[2.828427],[2.5],[3.0],[2.828427],[2.5],0,1,0,0,0.0,0.0,1
6818,3,2,1,"[0.0, 0.5, 1.5, 2.5, 3.0, 3.5, 3.5, 3.5, 4.0, 4.0]","[0.0, 0.0, 0.0, 0.0, 2.4494898, 2.6457512, 2.6457512, 3.0, 3.1622777, 3.1622777]","[0.5, 1.0, 2.5]","[0.0, 0.0, 2.4494898]","[-2.5, -1.5, -1.5]","[0.5, 1.0]","[0.0, 0.0]","[-1.5, -1.5]","[1.0, 4.0]","[0.0, 0.0]","[-0.5, 0.0]",[6.5],[6.0],[4.0],1,0,1,0,1.0,0.0,0
21667,2,2,1,"[0.5, 0.5, 2.5, 2.5, 2.5, 3.0, 3.5, 3.5, 4.0, 4.0]","[0.0, 0.0, 2.0, 2.4494898, 2.4494898, 2.4494898, 2.4494898, 3.0, 3.8729835, 3.8729835]","[1.5, 2.0]","[0.0, 1.4142135]","[-2.0, -1.0]","[1.5, 2.0]","[0.0, 1.4142135]","[-2.0, -1.0]","[2.5, 5.0]","[2.0, 4.582576]","[-0.5, 1.0]",[7.5],[7.3484693],[4.5],1,0,1,0,1.0,0.0,0
57663,1,1,1,"[0.5, 0.5, 1.5, 1.5, 2.0, 2.0, 3.0, 3.5, 4.0, 5.5]","[0.0, 0.0, 0.0, 0.0, 0.0, 1.4142135, 2.828427, 3.1622777, 3.8729835, 5.2915025]",[2.5],[0.0],[-2.0],[2.5],[0.0],[-2.0],[7.5],[7.3484693],[3.5],[7.5],[7.3484693],[3.5],0,1,0,0,0.0,0.0,0
1009,2,1,1,"[0.0, 0.5, 0.5, 1.5, 2.0, 2.5, 2.5, 3.5, 6.5, 7.0]","[0.0, 0.0, 0.0, 1.4142135, 1.7320508, 2.0, 2.0, 3.1622777, 6.0, 6.708204]","[3.0, 4.5]","[0.0, 3.7416575]","[-4.5, -2.5]",[3.0],[0.0],[-2.5],[5.0],[4.0],[0.0],[5.0],[4.0],[0.0],0,1,0,0,0.0,0.0,1
82421,4,2,2,"[1.0, 1.0, 1.5, 1.5, 2.5, 2.5, 2.5, 3.5, 4.5, 6.0]","[0.0, 0.0, 0.0, 0.0, 1.4142135, 2.0, 2.4494898, 2.828427, 3.4641016, 5.196152]","[2.0, 4.0, 4.0, 5.5]","[0.0, 2.6457512, 2.6457512, 5.477226]","[-3.5, -3.0, -2.5, -1.0]","[2.0, 4.0]","[0.0, 2.6457512]","[-3.5, -2.5]","[3.0, 7.5]","[0.0, 7.483315]","[1.0, 6.0]","[3.0, 7.5]","[0.0, 7.483315]","[1.0, 6.0]",0,2,0,0,0.0,0.0,0
1007,3,1,1,"[0.0, 0.5, 1.0, 3.0, 3.0, 3.0, 4.0, 4.0, 4.0, 4.5]","[0.0, 0.0, 0.0, 2.236068, 2.6457512, 2.6457512, 2.828427, 2.828427, 3.4641016, 3.7416575]","[2.0, 2.5, 4.5]","[0.0, 2.4494898, 4.2426405]","[-3.0, -2.0, -1.5]",[2.5],[2.4494898],[-3.0],[4.0],[2.6457512],[2.5],[4.0],[2.6457512],[2.5],0,1,0,0,0.0,0.0,1
43209,3,2,1,"[0.0, 0.5, 1.0, 2.0, 2.0, 2.0, 2.5, 2.5, 5.0, 6.0]","[0.0, 0.0, 0.0, 0.0, 1.7320508, 1.7320508, 2.0, 2.4494898, 5.0, 5.91608]","[1.0, 3.0, 3.0]","[0.0, 0.0, 2.828427]","[-4.5, -2.0, -1.5]","[1.0, 3.0]","[0.0, 2.828427]","[-4.5, -1.5]","[1.5, 3.0]","[0.0, 3.0]","[-2.5, 0.5]",[7.5],[7.483315],[7.0],1,0,1,0,1.0,0.0,0
725,1,1,1,"[1.0, 1.0, 1.0, 1.5, 2.5, 2.5, 3.0, 3.5, 3.5, 4.0]","[0.0, 0.0, 0.0, 0.0, 0.0, 1.0, 1.4142135, 2.4494898, 2.6457512, 3.4641016]",[2.0],[1.7320508],[-1.0],[2.0],[1.7320508],[-1.0],[3.5],[2.4494898],[2.0],[3.5],[2.4494898],[2.0],0,1,0,0,0.0,0.0,1
518,2,1,1,"[0.5, 0.5, 1.0, 1.0, 1.5, 1.5, 1.5, 2.0, 4.0, 4.0]","[0.0, 0.0, 0.0, 0.0, 0.0, 0.0, 1.4142135, 1.4142135, 3.4641016, 3.8729835]","[1.5, 2.0]","[0.0, 2.0]","[-3.5, -2.0]",[2.0],[2.0],[-3.5],[4.0],[2.6457512],[1.5],[4.0],[2.6457512],[1.5],0,1,0,0,0.0,0.0,1
98691,1,1,1,"[0.0, 0.5, 0.5, 1.0, 1.5, 1.5, 2.0, 2.5, 2.5, 3.5]","[0.0, 0.0, 0.0, 0.0, 0.0, 0.0, 1.0, 1.4142135, 2.0, 2.4494898]",[3.0],[2.828427],[-1.0],[3.0],[2.828427],[-1.0],[5.5],[5.477226],[5.5],[5.5],[5.477226],[5.5],0,1,0,0,0.0,0.0,0
980,3,2,2,"[0.5, 1.0, 1.0, 1.0, 1.5, 2.0, 2.5, 4.0, 6.5, 7.0]","[0.0, 0.0, 0.0, 0.0, 0.0, 2.0, 2.0, 3.4641016, 6.3245554, 7.0]","[1.5, 2.0, 3.5]","[0.0, 0.0, 3.1622777]","[-5.5, -3.5, -1.5]","[1.5, 3.5]","[0.0, 3.1622777]","[-3.5, -1.5]","[1.5, 2.5]","[1.4142135, 2.0]","[-2.0, 0.0]","[1.5, 2.5]","[1.4142135, 2.0]","[-2.0, 0.0]",0,2,0,0,0.0,0.0,1
33136,3,2,1,"[0.5, 1.0, 1.0, 1.0, 1.5, 2.0, 3.0, 3.0, 4.0, 6.0]","[0.0, 0.0, 0.0, 0.0, 1.0, 2.0, 2.236068, 2.236068, 4.0, 5.196152]","[1.5, 2.0, 2.5]","[1.4142135, 1.7320508, 2.0]","[-4.5, -3.0, -2.5]","[1.5, 2.0]","[1.4142135, 1.7320508]","[-4.5, -2.5]","[1.0, 4.5]","[0.0, 0.0]","[-4.0, 1.0]",[6.0],[5.196152],[3.5],1,0,1,0,1.0,0.0,0
946,1,1,1,"[0.0, 0.0, 0.5, 1.5, 2.0, 2.0, 2.5, 3.5, 5.0, 5.5]","[0.0, 0.0, 0.0, 0.0, 1.4142135, 1.7320508, 1.7320508, 3.1622777, 4.0, 4.8989797]",[3.0],[2.236068],[-2.5],[3.0],[2.236068],[-2.5],[3.0],[2.236068],[1.0],[3.0],[2.236068],[1.0],0,1,0,0,0.0,0.0,1
76873,6,2,1,"[0.0, 0.0, 1.0, 1.0, 1.5, 2.0, 3.0, 3.0, 3.5, 9.0]","[0.0, 0.0, 0.0, 0.0, 0.0, 0.0, 1.7320508, 2.236068, 2.236068, 9.0]","[1.0, 2.5, 2.5, 3.0, 4.0, 6.0]","[0.0, 0.0, 0.0, 0.0, 2.4494898, 6.0]","[-6.0, -4.5, -3.0, -3.0, -2.0, -1.0]","[1.0, 3.0]","[0.0, 0.0]","[-6.0, -3.0]","[2.5, 4.0]","[0.0, 0.0]","[-2.0, -1.0]",[5.5],[4.2426405],[5.0],1,0,1,0,1.0,0.0,0
232,2,1,1,"[0.5, 0.5, 1.0, 1.0, 1.5, 2.5, 2.5, 3.0, 3.0, 4.0]","[0.0, 0.0, 0.0, 0.0, 0.0, 1.0, 2.236068, 2.4494898, 2.828427, 3.4641016]","[1.0, 3.0]","[0.0, 2.236068]","[-3.5, -1.5]",[1.0],[0.0],[-3.5],[5.5],[5.2915025],[3.5],[5.5],[5.2915025],[3.5],0,1,0,0,0.0,0.0,0
66246,2,2,2,"[0.0, 0.0, 0.5, 1.0, 2.0, 2.5, 3.5, 4.0, 4.5, 6.5]","[0.0, 0.0, 0.0, 0.0, 0.0, 2.4494898, 3.1622777, 3.7416575, 3.8729835, 6.3245554]","[1.5, 2.5]","[0.0, 0.0]","[-4.0, -1.5]","[1.5, 2.5]","[0.0, 0.0]","[-4.0, -1.5]","[2.5, 4.5]","[2.0, 3.7416575]","[1.0, 1.5]","[2.5, 4.5]","[2.0, 3.7416575]","[1.0, 1.5]",0,2,0,0,0.0,0.0,0
75888,2,2,1,"[0.5, 0.5, 0.5, 1.0, 2.0, 2.0, 2.5, 2.5, 3.5, 6.0]","[0.0, 0.0, 0.0, 0.0, 0.0, 1.7320508, 1.7320508, 2.4494898, 3.1622777, 5.196152]","[0.5, 1.0]","[0.0, 0.0]","[-5.0, -1.0]","[0.5, 1.0]","[0.0, 0.0]","[-5.0, -1.0]","[2.0, 5.5]","[0.0, 5.2915025]","[-2.5, 4.0]",[8.5],[8.485281],[8.5],1,0,1,0,1.0,0.0,0
1,3,1,1,"[0.5, 1.0, 1.5, 1.5, 1.5, 1.5, 2.5, 2.5, 3.0, 4.0]","[0.0, 0.0, 0.0, 0.0, 0.0, 0.0, 1.0, 1.4142135, 1.4142135, 2.828427]","[1.5, 1.5, 2.5]","[0.0, 0.0, 1.4142135]","[-4.0, -3.0, -3.0]",[1.5],[1.4142135],[-4.0],[4.5],[4.472136],[4.5],[4.5],[4.472136],[4.5],0,1,0,0,0.0,0.0,1
30917,1,1,1,"[0.0, 0.5, 0.5, 1.5, 1.5, 1.5, 1.5, 3.0, 5.0, 6.0]","[0.0, 0.0, 0.0, 0.0, 1.4142135, 1.4142135, 1.4142135, 2.828427, 4.0, 5.656854]",[4.0],[2.6457512],[-1.0],[4.0],[2.6457512],[-1.0],[8.5],[8.485281],[4.5],[8.5],[8.485281],[4.5],0,1,0,0,0.0,0.0,0
732,7,4,1,"[0.5, 0.5, 0.5, 1.0, 2.0, 3.0, 3.0, 3.5, 5.0, 6.5]","[0.0, 0.0, 0.0, 0.0, 1.0, 2.0, 2.828427, 3.0, 3.4641016, 6.3245554]","[1.5, 1.5, 1.5, 2.0, 2.5, 3.5, 4.0]","[0.0, 1.4142135, 1.4142135, 1.4142135, 2.4494898, 2.6457512, 3.4641016]","[-5.0, -4.5, -4.0, -3.5, -2.0, -1.0, -1.0]","[1.5, 1.5, 1.5, 4.0]","[1.4142135, 1.4142135, 1.4142135, 2.6457512]","[-4.5, -3.5, -2.0, -1.0]","[1.5, 4.0, 5.5, 8.0]","[1.4142135, 2.6457512, 4.2426405, 8.0]","[-2.0, -1.0, 4.0, 5.5]",[4.0],[3.8729835],[3.5],3,0,1,1,1.0,2.0,1
60428,2,1,1,"[1.0, 1.0, 1.0, 1.5, 2.0, 2.5, 2.5, 3.0, 3.0, 4.0]","[0.0, 0.0, 0.0, 0.0, 0.0, 0.0, 1.0, 1.7320508, 2.236068, 3.0]","[2.0, 4.0]","[1.7320508, 3.4641016]","[-3.0, -2.5]",[2.0],[1.7320508],[-3.0],[4.5],[2.828427],[4.5],[4.5],[2.828427],[4.5],0,1,0,0,0.0,0.0,0
24956,1,1,1,"[0.5, 0.5, 0.5, 1.5, 1.5, 2.0, 2.5, 3.0, 3.0, 4.5]","[0.0, 0.0, 0.0, 1.4142135, 1.4142135, 1.7320508, 2.236068, 2.4494898, 2.828427, 3.7416575]",[1.5],[1.4142135],[-2.0],[1.5],[1.4142135],[-2.0],[8.5],[8.485281],[7.5],[8.5],[8.485281],[7.5],0,1,0,0,0.0,0.0,0
30708,3,2,1,"[0.5, 0.5, 0.5, 1.5, 1.5, 2.0, 2.0, 2.5, 4.0, 6.5]","[0.0, 0.0, 0.0, 0.0, 0.0, 1.4142135, 1.4142135, 2.0, 2.4494898, 6.4807405]","[1.5, 1.5, 3.0]","[0.0, 0.0, 1.4142135]","[-2.5, -2.5, -2.0]","[1.5, 1.5]","[0.0, 1.4142135]","[-2.5, -2.5]","[2.5, 3.5]","[0.0, 2.4494898]","[-2.0, -0.5]",[6.5],[6.4807405],[4.5],1,0,1,0,1.0,0.0,0
982,2,1,1,"[0.0, 0.5, 0.5, 0.5, 1.5, 2.0, 2.5, 3.0, 5.0, 6.0]","[0.0, 0.0, 0.0, 0.0, 0.0, 1.4142135, 1.7320508, 2.236068, 4.582576, 5.656854]","[2.5, 4.0]","[2.4494898, 3.4641016]","[-5.0, -2.5]",[2.5],[2.4494898],[-5.0],[5.5],[5.477226],[2.0],[5.5],[5.477226],[2.0],0,1,0,0,0.0,0.0,1
714,3,2,1,"[0.5, 1.0, 1.0, 1.0, 1.5, 1.5, 3.0, 3.5, 4.5, 6.0]","[0.0, 0.0, 0.0, 0.0, 1.4142135, 1.4142135, 2.828427, 2.828427, 3.4641016, 5.91608]","[2.0, 2.5, 4.5]","[0.0, 0.0, 3.7416575]","[-5.0, -1.5, -1.0]","[2.0, 2.5]","[0.0, 0.0]","[-5.0, -1.5]","[4.0, 7.5]","[2.6457512, 7.3484693]","[1.0, 2.0]",[2.5],[0.0],[0.0],1,0,1,0,1.0,0.0,1
532,1,1,1,"[0.0, 0.5, 0.5, 1.5, 1.5, 2.0, 2.0, 2.5, 2.5, 4.0]","[0.0, 0.0, 0.0, 0.0, 0.0, 1.4142135, 2.0, 2.0, 2.0, 3.4641016]",[1.5],[0.0],[-1.5],[1.5],[0.0],[-1.5],[4.0],[0.0],[0.5],[4.0],[0.0],[0.5],0,1,0,0,0.0,0.0,1
22960,4,2,1,"[0.0, 0.5, 1.0, 2.5, 2.5, 2.5, 3.0, 3.5, 4.0, 7.0]","[0.0, 0.0, 0.0, 0.0, 2.4494898, 2.4494898, 2.828427, 3.1622777, 3.4641016, 6.708204]","[1.5, 1.5, 3.0, 3.0]","[1.4142135, 1.4142135, 2.236068, 2.828427]","[-4.0, -4.0, -4.0, -2.0]","[1.5, 1.5]","[1.4142135, 1.4142135]","[-4.0, -4.0]","[3.0, 4.0]","[2.6457512, 2.828427]","[-2.0, -1.5]",[4.0],[0.0],[0.5],1,0,1,0,1.0,0.0,0
10328,5,2,1,"[0.0, 0.5, 1.0, 1.5, 2.5, 2.5, 3.0, 3.5, 4.0, 8.0]","[0.0, 0.0, 0.0, 1.4142135, 2.0, 2.236068, 2.4494898, 3.1622777, 3.4641016, 8.0]","[2.5, 2.5, 3.5, 4.0, 5.0]","[0.0, 2.0, 2.4494898, 3.8729835, 4.8989797]","[-4.0, -3.0, -2.5, -1.5, -1.0]","[2.5, 2.5]","[2.0, 2.4494898]","[-4.0, -2.5]","[4.0, 4.5]","[0.0, 3.4641016]","[-0.5, 0.0]",[6.5],[6.3245554],[5.5],1,0,1,0,1.0,0.0,0
78741,2,1,1,"[0.5, 0.5, 0.5, 1.0, 1.5, 2.0, 2.0, 3.5, 3.5, 4.0]","[0.0, 0.0, 0.0, 0.0, 1.4142135, 1.7320508, 2.0, 3.4641016, 3.4641016, 3.4641016]","[2.5, 3.5]","[2.0, 3.1622777]","[-1.5, -1.0]",[2.5],[2.0],[-1.5],[4.0],[2.6457512],[2.0],[4.0],[2.6457512],[2.0],0,1,0,0,0.0,0.0,0
54324,2,2,1,"[0.0, 0.0, 1.0, 1.0, 1.5, 2.0, 2.0, 2.5, 3.5, 5.0]","[0.0, 0.0, 0.0, 0.0, 0.0, 1.7320508, 1.7320508, 2.4494898, 3.4641016, 4.8989797]","[1.5, 2.0]","[1.4142135, 2.0]","[-2.5, -2.0]","[1.5, 2.0]","[1.4142135, 2.0]","[-2.5, -2.0]","[3.5, 4.5]","[0.0, 2.4494898]","[-0.5, 2.0]",[8.5],[8.485281],[7.0],1,0,1,0,1.0,0.0,0
114,1,1,1,"[0.0, 0.0, 0.5, 1.5, 1.5, 1.5, 1.5, 2.0, 3.0, 4.5]","[0.0, 0.0, 0.0, 0.0, 0.0, 0.0, 0.0, 1.4142135, 2.0, 2.236068]",[3.5],[2.4494898],[-3.5],[3.5],[2.4494898],[-3.5],[4.5],[3.7416575],[4.0],[4.5],[3.7416575],[4.0],0,1,0,0,0.0,0.0,1
972,4,3,1,"[0.0, 0.5, 0.5, 1.0, 1.0, 1.5, 2.5, 4.0, 5.0, 7.5]","[0.0, 0.0, 0.0, 0.0, 1.0, 1.4142135, 2.0, 3.4641016, 4.8989797, 7.483315]","[0.5, 3.0, 4.0, 4.5]","[0.0, 2.236068, 4.0, 4.2426405]","[-4.0, -3.0, -1.0, -1.0]","[0.5, 4.0, 4.5]","[0.0, 4.0, 4.2426405]","[-3.0, -1.0, -1.0]","[1.5, 4.0, 4.5]","[0.0, 3.4641016, 4.472136]","[-3.0, -1.5, 2.0]",[1.5],[1.4142135],[-1.0],2,0,1,0,2.0,0.0,1
3,5,3,1,"[0.0, 0.0, 0.5, 1.0, 1.0, 3.5, 5.0, 5.5, 6.0, 8.0]","[0.0, 0.0, 0.0, 0.0, 1.0, 3.1622777, 4.582576, 5.2915025, 5.91608, 8.0]","[1.5, 2.0, 2.5, 4.0, 4.0]","[0.0, 1.7320508, 2.4494898, 3.4641016, 4.0]","[-5.5, -3.5, -3.5, -3.5, -2.0]","[1.5, 2.0, 2.5]","[0.0, 1.7320508, 2.4494898]","[-5.5, -3.5, -3.5]","[4.5, 5.5, 5.5]","[0.0, 4.2426405, 4.2426405]","[-2.0, -1.0, 0.5]",[4.5],[3.7416575],[0.5],2,0,1,0,2.0,0.0,1
51,1,1,1,"[0.5, 0.5, 1.0, 1.5, 2.5, 2.5, 3.0, 4.5, 5.5, 6.0]","[0.0, 0.0, 0.0, 0.0, 1.0, 2.0, 2.236068, 4.2426405, 5.2915025, 5.91608]",[1.0],[1.0],[-5.0],[1.0],[1.0],[-5.0],[5.0],[4.0],[-0.5],[5.0],[4.0],[-0.5],0,1,0,0,0.0,0.0,1
8053,1,1,1,"[0.0, 0.0, 0.5, 0.5, 0.5, 1.0, 1.0, 2.0, 5.0, 5.5]","[0.0, 0.0, 0.0, 0.0, 0.0, 0.0, 0.0, 0.0, 4.8989797, 4.8989797]",[4.0],[4.0],[-3.0],[4.0],[4.0],[-3.0],[5.0],[4.582576],[1.5],[5.0],[4.582576],[1.5],0,1,0,0,0.0,0.0,0
23459,1,1,1,"[1.0, 1.0, 1.5, 2.0, 2.5, 2.5, 2.5, 3.0, 3.5, 4.0]","[1.0, 1.0, 1.4142135, 2.0, 2.0, 2.4494898, 2.4494898, 2.4494898, 2.6457512, 3.0]",[4.0],[3.4641016],[-1.0],[4.0],[3.4641016],[-1.0],[5.5],[5.477226],[3.5],[5.5],[5.477226],[3.5],0,1,0,0,0.0,0.0,0
830,2,1,1,"[0.0, 1.0, 1.0, 1.0, 1.5, 1.5, 1.5, 2.5, 2.5, 5.5]","[0.0, 0.0, 0.0, 0.0, 0.0, 0.0, 1.0, 2.0, 2.4494898, 4.2426405]","[0.5, 4.0]","[0.0, 2.6457512]","[-5.5, -2.0]",[0.5],[0.0],[-5.5],[6.5],[6.3245554],[4.5],[6.5],[6.3245554],[4.5],0,1,0,0,0.0,0.0,1
77855,3,2,2,"[0.0, 0.5, 0.5, 1.0, 2.0, 2.5, 2.5, 3.0, 4.0, 5.0]","[0.0, 0.0, 0.0, 0.0, 2.0, 2.4494898, 2.4494898, 2.6457512, 2.828427, 5.0]","[2.0, 2.5, 3.0]","[0.0, 1.7320508, 2.0]","[-2.5, -2.5, -2.0]","[2.0, 2.5]","[1.7320508, 2.0]","[-2.5, -2.0]","[3.5, 7.0]","[2.4494898, 7.0]","[0.0, 5.5]","[3.5, 7.0]","[2.4494898, 7.0]","[0.0, 5.5]",0,2,0,0,0.0,0.0,0
586,6,2,2,"[0.0, 0.5, 1.0, 1.0, 1.0, 2.0, 2.0, 2.5, 5.0, 7.0]","[0.0, 0.0, 0.0, 0.0, 0.0, 1.0, 1.0, 1.7320508, 4.0, 6.928203]","[1.0, 1.5, 2.5, 3.0, 3.0, 4.0]","[0.0, 0.0, 0.0, 1.0, 2.236068, 2.6457512]","[-4.0, -4.0, -3.0, -3.0, -2.5, -1.5]","[1.0, 1.5]","[0.0, 1.0]","[-3.0, -3.0]","[5.0, 6.0]","[5.0, 6.0]","[1.0, 5.0]","[5.0, 6.0]","[5.0, 6.0]","[1.0, 5.0]",0,2,0,0,0.0,0.0,1
167,2,1,1,"[0.5, 0.5, 0.5, 1.5, 1.5, 2.0, 2.5, 2.5, 5.5, 5.5]","[0.0, 0.0, 0.0, 0.0, 0.0, 0.0, 1.7320508, 2.4494898, 4.2426405, 5.2915025]","[0.5, 2.5]","[0.0, 2.4494898]","[-3.0, -2.0]",[0.5],[0.0],[-3.0],[2.5],[2.4494898],[-1.0],[2.5],[2.4494898],[-1.0],0,1,0,0,0.0,0.0,1
516,3,2,2,"[0.5, 0.5, 1.0, 1.0, 2.0, 3.0, 3.5, 5.0, 5.0, 5.0]","[0.0, 0.0, 0.0, 0.0, 0.0, 2.828427, 3.1622777, 4.0, 4.0, 4.0]","[2.0, 2.5, 6.5]","[0.0, 1.7320508, 6.4807405]","[-5.5, -1.5, -1.0]","[2.0, 2.5]","[0.0, 1.7320508]","[-5.5, -1.0]","[4.0, 4.5]","[3.8729835, 4.2426405]","[2.0, 2.0]","[4.0, 4.5]","[3.8729835, 4.2426405]","[2.0, 2.0]",0,2,0,0,0.0,0.0,1
59578,2,2,1,"[0.0, 0.5, 0.5, 1.0, 1.0, 1.0, 1.5, 1.5, 2.0, 7.0]","[0.0, 0.0, 0.0, 0.0, 1.0, 1.0, 1.4142135, 1.4142135, 1.7320508, 6.928203]","[1.5, 2.5]","[0.0, 0.0]","[-3.5, -1.0]","[1.5, 2.5]","[0.0, 0.0]","[-3.5, -1.0]","[2.5, 4.5]","[2.4494898, 4.2426405]","[-1.5, 1.5]",[5.5],[5.2915025],[5.5],1,0,1,0,1.0,0.0,0
1020,1,1,1,"[1.0, 1.5, 1.5, 1.5, 2.0, 2.5, 3.0, 3.0, 4.5, 6.5]","[0.0, 0.0, 0.0, 1.4142135, 1.4142135, 1.7320508, 2.236068, 3.0, 3.7416575, 6.0]",[3.5],[2.4494898],[-2.5],[3.5],[2.4494898],[-2.5],[3.5],[2.4494898],[0.0],[3.5],[2.4494898],[0.0],0,1,0,0,0.0,0.0,1
36756,2,2,1,"[0.0, 0.5, 0.5, 1.0, 2.0, 2.0, 2.5, 3.5, 4.0, 6.5]","[0.0, 0.0, 0.0, 0.0, 0.0, 1.7320508, 2.0, 2.4494898, 3.8729835, 6.3245554]","[1.5, 2.0]","[0.0, 0.0]","[-4.0, -3.5]","[1.5, 2.0]","[0.0, 0.0]","[-4.0, -3.5]","[3.0, 4.0]","[2.6457512, 3.0]","[-0.5, 0.0]",[5.0],[4.0],[4.0],1,0,1,0,1.0,0.0,0
678,6,2,1,"[0.0, 0.0, 0.5, 0.5, 1.5, 3.0, 3.0, 4.5, 6.5, 8.0]","[0.0, 0.0, 0.0, 0.0, 0.0, 0.0, 0.0, 4.2426405, 6.0, 8.0]","[0.5, 1.0, 3.0, 3.0, 3.5, 5.5]","[0.0, 0.0, 2.236068, 2.828427, 3.4641016, 5.2915025]","[-7.0, -5.5, -5.0, -4.0, -2.0, -1.5]","[0.5, 1.0]","[0.0, 0.0]","[-7.0, -5.0]","[3.0, 5.0]","[2.236068, 4.0]","[-5.5, 3.0]",[3.0],[2.236068],[-1.0],1,0,1,0,1.0,0.0,1
965,1,1,1,"[0.0, 0.5, 0.5, 1.0, 1.0, 1.0, 1.5, 4.5, 6.0, 8.0]","[0.0, 0.0, 0.0, 0.0, 1.0, 1.0, 1.4142135, 3.7416575, 5.91608, 8.0]",[5.0],[4.8989797],[-1.5],[5.0],[4.8989797],[-1.5],[6.0],[5.656854],[-1.5],[6.0],[5.656854],[-1.5],0,1,0,0,0.0,0.0,1
29683,4,2,1,"[0.5, 0.5, 1.5, 2.0, 2.0, 2.5, 2.5, 3.5, 4.5, 5.0]","[0.0, 0.0, 0.0, 0.0, 0.0, 2.4494898, 2.4494898, 2.4494898, 2.828427, 4.582576]","[0.5, 2.0, 3.5, 4.0]","[0.0, 2.0, 3.4641016, 3.4641016]","[-4.5, -4.0, -2.5, -1.0]","[0.5, 2.0]","[0.0, 2.0]","[-4.5, -1.0]","[2.0, 3.0]","[0.0, 1.7320508]","[-1.5, -0.5]",[6.5],[6.3245554],[4.5],1,0,1,0,1.0,0.0,0
699,1,1,1,"[0.0, 0.0, 1.5, 1.5, 1.5, 2.0, 2.5, 3.0, 4.0, 5.0]","[0.0, 0.0, 0.0, 0.0, 0.0, 0.0, 1.4142135, 1.4142135, 3.0, 3.0]",[2.0],[1.7320508],[-3.5],[2.0],[1.7320508],[-3.5],[2.0],[0.0],[1.0],[2.0],[0.0],[1.0],0,1,0,0,0.0,0.0,1
641,1,1,1,"[0.5, 0.5, 1.0, 1.5, 2.0, 3.0, 3.0, 3.5, 4.0, 4.5]","[0.0, 0.0, 0.0, 0.0, 0.0, 0.0, 1.0, 2.236068, 3.0, 3.4641016]",[2.0],[2.0],[-3.5],[2.0],[2.0],[-3.5],[2.0],[1.7320508],[0.0],[2.0],[1.7320508],[0.0],0,1,0,0,0.0,0.0,1
13891,4,2,1,"[0.0, 1.0, 1.0, 1.0, 2.0, 2.5, 2.5, 4.5, 5.5, 7.5]","[0.0, 0.0, 0.0, 0.0, 0.0, 1.0, 2.4494898, 4.472136, 5.477226, 7.483315]","[2.0, 2.5, 2.5, 4.0]","[0.0, 2.0, 2.0, 3.4641016]","[-5.0, -3.0, -2.5, -2.0]","[2.0, 2.5]","[0.0, 2.0]","[-5.0, -3.0]","[3.5, 4.0]","[2.4494898, 3.4641016]","[-2.0, -0.5]",[5.5],[4.2426405],[3.0],1,0,1,0,1.0,0.0,0
48433,2,1,1,"[0.5, 1.0, 1.0, 1.5, 1.5, 1.5, 2.5, 3.0, 3.0, 5.0]","[0.0, 0.0, 0.0, 0.0, 0.0, 0.0, 1.4142135, 1.4142135, 2.828427, 4.582576]","[2.5, 3.5]","[0.0, 2.4494898]","[-3.0, -2.5]",[2.5],[0.0],[-2.5],[9.0],[9.0],[7.5],[9.0],[9.0],[7.5],0,1,0,0,0.0,0.0,0
348,4,1,1,"[0.0, 1.5, 2.0, 2.0, 2.0, 2.5, 2.5, 3.5, 4.0, 6.0]","[0.0, 0.0, 0.0, 0.0, 1.4142135, 1.7320508, 2.0, 2.0, 3.8729835, 5.196152]","[3.5, 3.5, 4.5, 5.0]","[2.4494898, 2.828427, 3.1622777, 4.582576]","[-3.5, -3.5, -1.5, -1.0]",[3.5],[3.1622777],[-3.5],[3.0],[2.828427],[0.0],[3.0],[2.828427],[0.0],0,1,0,0,0.0,0.0,1
17493,2,1,1,"[0.0, 0.0, 0.5, 1.0, 2.5, 2.5, 4.5, 4.5, 5.0, 6.0]","[0.0, 0.0, 0.0, 0.0, 0.0, 2.4494898, 3.7416575, 3.7416575, 4.8989797, 5.91608]","[2.5, 3.0]","[0.0, 0.0]","[-4.0, -2.0]",[2.5],[0.0],[-2.0],[3.0],[2.828427],[2.0],[3.0],[2.828427],[2.0],0,1,0,0,0.0,0.0,0
150,4,2,1,"[0.0, 0.5, 1.0, 3.0, 3.0, 3.0, 4.5, 4.5, 4.5, 5.0]","[0.0, 0.0, 0.0, 0.0, 0.0, 3.0, 3.7416575, 4.472136, 4.472136, 5.0]","[1.0, 1.5, 2.0, 3.5]","[0.0, 1.0, 2.0, 3.1622777]","[-3.5, -3.5, -3.5, -2.0]","[1.0, 3.5]","[1.0, 3.1622777]","[-3.5, -2.0]","[4.5, 5.5]","[0.0, 5.2915025]","[0.5, 2.0]",[3.5],[3.1622777],[1.0],1,0,1,0,1.0,0.0,1
49002,1,1,1,"[0.0, 0.5, 0.5, 1.0, 1.5, 1.5, 2.0, 2.0, 2.5, 3.5]","[0.0, 0.0, 0.0, 0.0, 0.0, 0.0, 1.0, 1.4142135, 1.7320508, 2.4494898]",[3.5],[3.1622777],[-1.5],[3.5],[3.1622777],[-1.5],[9.0],[9.0],[9.0],[9.0],[9.0],[9.0],0,1,0,0,0.0,0.0,0
25455,2,2,2,"[0.0, 0.0, 0.5, 1.5, 1.5, 2.5, 3.0, 3.0, 3.5, 5.0]","[0.0, 0.0, 0.0, 0.0, 0.0, 2.236068, 2.236068, 2.4494898, 3.0, 3.4641016]","[1.5, 3.5]","[0.0, 1.4142135]","[-2.5, -2.0]","[1.5, 3.5]","[0.0, 1.4142135]","[-2.5, -2.0]","[6.0, 6.5]","[5.196152, 6.3245554]","[4.5, 5.5]","[6.0, 6.5]","[5.196152, 6.3245554]","[4.5, 5.5]",0,2,0,0,0.0,0.0,0
594,1,1,1,"[0.5, 0.5, 1.0, 1.0, 1.0, 1.0, 1.5, 2.0, 2.5, 8.0]","[0.0, 0.0, 0.0, 0.0, 0.0, 0.0, 1.0, 1.4142135, 2.0, 7.937254]",[1.5],[0.0],[-3.5],[1.5],[0.0],[-3.5],[6.5],[6.4807405],[2.0],[6.5],[6.4807405],[2.0],0,1,0,0,0.0,0.0,1
88663,5,2,1,"[0.0, 1.0, 1.0, 1.5, 1.5, 2.0, 2.5, 3.0, 4.0, 9.0]","[0.0, 0.0, 0.0, 0.0, 1.0, 1.4142135, 2.0, 2.236068, 3.8729835, 9.0]","[1.0, 1.5, 4.0, 5.0, 5.0]","[0.0, 0.0, 2.6457512, 4.0, 4.8989797]","[-5.0, -4.0, -2.0, -2.0, -1.5]","[1.0, 1.5]","[0.0, 0.0]","[-5.0, -4.0]","[4.0, 4.5]","[2.6457512, 4.2426405]","[-1.5, 0.0]",[7.0],[6.708204],[6.0],1,0,1,0,1.0,0.0,0
142,2,1,1,"[0.5, 0.5, 0.5, 1.0, 1.5, 1.5, 2.0, 2.5, 3.0, 6.0]","[0.0, 0.0, 0.0, 0.0, 0.0, 0.0, 0.0, 1.7320508, 2.0, 5.196152]","[2.5, 3.5]","[0.0, 2.4494898]","[-5.0, -2.5]",[2.5],[2.4494898],[-5.0],[3.0],[2.236068],[1.5],[3.0],[2.236068],[1.5],0,1,0,0,0.0,0.0,1
264,1,1,1,"[0.0, 0.0, 0.5, 0.5, 1.0, 1.5, 2.0, 4.0, 4.0, 4.5]","[0.0, 0.0, 0.0, 0.0, 0.0, 0.0, 1.7320508, 4.0, 4.0, 4.2426405]",[1.0],[1.0],[-2.0],[1.0],[1.0],[-2.0],[7.5],[7.483315],[5.5],[7.5],[7.483315],[5.5],0,1,0,0,0.0,0.0,1
156,1,1,1,"[0.0, 0.5, 0.5, 2.0, 2.0, 2.0, 2.5, 3.5, 4.0, 5.0]","[0.0, 0.0, 0.0, 1.7320508, 1.7320508, 1.7320508, 2.4494898, 3.1622777, 4.0, 4.0]",[4.5],[4.2426405],[-1.5],[4.5],[4.2426405],[-1.5],[6.0],[5.91608],[3.0],[6.0],[5.91608],[3.0],0,1,0,0,0.0,0.0,1
3789,3,2,1,"[1.0, 1.5, 1.5, 1.5, 1.5, 2.0, 2.0, 2.5, 2.5, 8.0]","[0.0, 0.0, 0.0, 0.0, 1.4142135, 1.4142135, 1.4142135, 1.7320508, 2.0, 7.937254]","[2.0, 2.5, 4.5]","[0.0, 1.7320508, 3.7416575]","[-3.0, -2.5, -1.5]","[2.0, 2.5]","[0.0, 1.7320508]","[-3.0, -2.5]","[3.0, 5.5]","[2.828427, 4.8989797]","[-0.5, 0.5]",[4.5],[3.7416575],[4.0],1,0,1,0,1.0,0.0,0
485,2,1,1,"[0.5, 0.5, 0.5, 1.0, 1.5, 1.5, 2.5, 3.0, 4.5, 8.5]","[0.0, 0.0, 0.0, 0.0, 1.0, 1.4142135, 1.4142135, 2.0, 2.828427, 8.485281]","[3.0, 3.0]","[0.0, 2.828427]","[-5.5, -1.5]",[3.0],[2.828427],[-5.5],[3.0],[2.236068],[-1.5],[3.0],[2.236068],[-1.5],0,1,0,0,0.0,0.0,1
629,6,3,2,"[0.5, 0.5, 0.5, 1.5, 2.0, 2.5, 4.5, 4.5, 4.5, 7.0]","[0.0, 0.0, 0.0, 0.0, 1.4142135, 1.7320508, 4.2426405, 4.472136, 4.472136, 6.928203]","[2.0, 2.0, 2.0, 2.5, 3.0, 3.5]","[0.0, 1.7320508, 1.7320508, 2.4494898, 2.828427, 3.4641016]","[-3.5, -3.0, -2.5, -2.0, -1.5, -1.5]","[2.0, 2.0, 2.5]","[1.7320508, 1.7320508, 2.4494898]","[-3.5, -2.0, -1.5]","[2.5, 4.5, 5.5]","[2.0, 3.7416575, 5.2915025]","[-1.0, 0.0, 0.5]","[3.5, 4.5]","[2.4494898, 3.7416575]","[-0.5, 0.0]",1,1,1,0,1.0,0.0,1
407,9,2,2,"[0.0, 0.5, 0.5, 0.5, 2.0, 2.5, 4.0, 5.5, 6.0, 9.0]","[0.0, 0.0, 0.0, 0.0, 0.0, 2.0, 3.8729835, 4.2426405, 5.91608, 9.0]","[1.0, 1.5, 2.0, 2.0, 2.0, 3.0, 3.5, 4.0, 4.0]","[0.0, 0.0, 0.0, 0.0, 0.0, 0.0, 1.7320508, 2.4494898, 3.0]","[-6.5, -6.0, -5.0, -4.5, -4.0, -3.5, -3.5, -2.0, -1.0]","[1.0, 1.5]","[0.0, 0.0]","[-6.5, -6.0]","[2.0, 4.0]","[1.7320508, 4.0]","[-4.0, 0.5]","[2.0, 4.0]","[1.7320508, 4.0]","[-4.0, 0.5]",0,2,0,0,0.0,0.0,1
88062,4,2,1,"[0.0, 0.5, 0.5, 1.5, 2.0, 3.0, 4.0, 4.5, 5.5, 7.5]","[0.0, 0.0, 0.0, 0.0, 0.0, 0.0, 2.6457512, 4.2426405, 5.477226, 7.483315]","[1.0, 3.0, 4.5, 4.5]","[0.0, 0.0, 4.2426405, 4.472136]","[-3.5, -2.5, -2.5, -2.0]","[1.0, 3.0]","[0.0, 0.0]","[-3.5, -2.0]","[4.5, 5.5]","[4.472136, 4.8989797]","[-2.5, 2.0]",[7.5],[7.3484693],[4.5],1,0,1,0,1.0,0.0,0
96768,2,2,1,"[0.0, 0.5, 1.0, 1.0, 1.0, 1.5, 2.0, 3.0, 5.0, 5.5]","[0.0, 0.0, 0.0, 0.0, 0.0, 1.0, 1.4142135, 3.0, 4.8989797, 5.477226]","[2.0, 3.0]","[0.0, 2.236068]","[-3.0, -1.0]","[2.0, 3.0]","[0.0, 2.236068]","[-3.0, -1.0]","[2.5, 3.0]","[0.0, 2.4494898]","[-1.5, -1.5]",[7.0],[7.0],[4.0],1,0,1,0,1.0,0.0,0
7751,3,2,1,"[0.5, 1.0, 1.0, 1.5, 2.0, 2.0, 2.0, 2.5, 4.0, 7.5]","[0.0, 0.0, 0.0, 0.0, 1.0, 1.7320508, 2.0, 2.4494898, 3.8729835, 7.483315]","[0.5, 0.5, 2.0]","[0.0, 0.0, 2.0]","[-2.5, -2.0, -2.0]","[0.5, 0.5]","[0.0, 0.0]","[-2.5, -2.0]","[5.0, 5.0]","[4.0, 4.0]","[1.0, 2.0]",[8.0],[7.937254],[5.0],1,0,1,0,1.0,0.0,0
626,1,1,1,"[0.5, 0.5, 1.0, 1.0, 1.5, 2.0, 2.0, 2.0, 3.5, 4.0]","[0.0, 0.0, 0.0, 0.0, 0.0, 1.4142135, 1.7320508, 1.7320508, 1.7320508, 3.1622777]",[2.0],[1.7320508],[-4.5],[2.0],[1.7320508],[-4.5],[3.5],[3.1622777],[2.5],[3.5],[3.1622777],[2.5],0,1,0,0,0.0,0.0,1
81867,6,2,1,"[0.0, 0.0, 2.0, 2.0, 2.5, 2.5, 3.0, 3.5, 4.0, 9.0]","[0.0, 0.0, 0.0, 0.0, 1.7320508, 1.7320508, 2.4494898, 2.828427, 3.1622777, 9.0]","[3.0, 3.0, 3.5, 3.5, 4.0, 5.0]","[0.0, 2.236068, 2.4494898, 3.4641016, 3.8729835, 4.0]","[-4.5, -3.5, -3.0, -3.0, -2.0, -1.5]","[3.5, 4.0]","[3.4641016, 3.8729835]","[-4.5, -3.5]","[3.5, 4.5]","[2.4494898, 4.2426405]","[-2.0, 0.0]",[8.5],[8.485281],[7.5],1,0,1,0,1.0,0.0,0
30,2,1,1,"[0.0, 0.0, 0.5, 1.0, 1.5, 1.5, 1.5, 2.5, 4.5, 5.5]","[0.0, 0.0, 0.0, 0.0, 0.0, 0.0, 1.0, 1.4142135, 4.2426405, 4.8989797]","[1.5, 4.0]","[0.0, 3.4641016]","[-3.0, -3.0]",[1.5],[0.0],[-3.0],[1.5],[0.0],[-0.5],[1.5],[0.0],[-0.5],0,1,0,0,0.0,0.0,1
27378,2,1,1,"[0.5, 0.5, 1.0, 1.0, 1.5, 1.5, 3.0, 3.5, 4.5, 5.5]","[0.0, 0.0, 0.0, 0.0, 1.0, 1.4142135, 2.236068, 2.4494898, 4.472136, 4.8989797]","[0.5, 4.5]","[0.0, 4.472136]","[-4.5, -2.5]",[0.5],[0.0],[-4.5],[6.5],[6.0],[5.0],[6.5],[6.0],[5.0],0,1,0,0,0.0,0.0,0
746,4,2,1,"[0.0, 0.5, 1.0, 1.5, 1.5, 1.5, 2.5, 2.5, 4.5, 6.0]","[0.0, 0.0, 0.0, 0.0, 1.0, 1.4142135, 2.0, 2.0, 4.472136, 5.656854]","[1.5, 2.0, 2.0, 3.0]","[0.0, 0.0, 1.4142135, 1.7320508]","[-4.0, -2.5, -2.5, -2.5]","[1.5, 2.0]","[1.4142135, 1.7320508]","[-4.0, -2.5]","[3.5, 5.5]","[3.4641016, 4.2426405]","[-0.5, 1.5]",[1.0],[1.0],[-1.0],1,0,1,0,1.0,0.0,1
63507,3,2,2,"[0.0, 0.5, 1.0, 1.0, 1.5, 2.0, 2.0, 3.0, 3.5, 6.5]","[0.0, 0.0, 0.0, 0.0, 0.0, 0.0, 1.4142135, 2.4494898, 3.0, 6.4807405]","[1.5, 2.0, 2.5]","[1.4142135, 1.7320508, 2.0]","[-3.5, -3.0, -1.5]","[1.5, 2.5]","[1.4142135, 2.0]","[-3.0, -1.5]","[4.5, 7.0]","[4.2426405, 6.928203]","[1.5, 6.0]","[4.5, 7.0]","[4.2426405, 6.928203]","[1.5, 6.0]",0,2,0,0,0.0,0.0,0
993,1,1,1,"[0.0, 0.5, 1.0, 1.0, 1.5, 1.5, 2.5, 2.5, 3.5, 4.0]","[0.0, 0.0, 0.0, 0.0, 1.0, 1.4142135, 2.0, 2.4494898, 2.4494898, 2.6457512]",[2.5],[2.4494898],[-4.0],[2.5],[2.4494898],[-4.0],[7.0],[6.928203],[6.0],[7.0],[6.928203],[6.0],0,1,0,0,0.0,0.0,1
734,1,1,1,"[0.5, 0.5, 0.5, 0.5, 1.0, 1.5, 2.0, 4.0, 6.0, 6.5]","[0.0, 0.0, 0.0, 0.0, 0.0, 1.0, 2.0, 3.8729835, 5.656854, 6.3245554]",[2.0],[1.7320508],[-1.0],[2.0],[1.7320508],[-1.0],[5.0],[3.0],[0.0],[5.0],[3.0],[0.0],0,1,0,0,0.0,0.0,1
90480,3,1,1,"[0.0, 0.0, 0.0, 1.0, 1.0, 2.5, 3.0, 3.0, 3.0, 7.0]","[0.0, 0.0, 0.0, 0.0, 0.0, 1.0, 2.236068, 2.4494898, 2.828427, 6.708204]","[1.0, 2.5, 4.0]","[0.0, 2.0, 3.4641016]","[-4.5, -3.5, -3.0]",[1.0],[0.0],[-4.5],[6.5],[6.4807405],[4.0],[6.5],[6.4807405],[4.0],0,1,0,0,0.0,0.0,0
56,2,1,1,"[0.0, 0.0, 0.0, 1.0, 1.5, 2.5, 2.5, 4.0, 4.5, 6.0]","[0.0, 0.0, 0.0, 0.0, 0.0, 1.4142135, 2.0, 2.4494898, 3.7416575, 5.91608]","[5.0, 5.0]","[4.8989797, 5.0]","[-2.5, -2.0]",[5.0],[4.8989797],[-2.5],[1.5],[0.0],[-1.0],[1.5],[0.0],[-1.0],0,1,0,0,0.0,0.0,1
5722,1,1,1,"[0.0, 1.0, 1.0, 1.5, 1.5, 1.5, 2.0, 2.0, 2.5, 5.5]","[0.0, 0.0, 0.0, 0.0, 1.4142135, 1.4142135, 1.4142135, 1.7320508, 2.4494898, 5.477226]",[2.0],[0.0],[-1.5],[2.0],[0.0],[-1.5],[3.0],[2.828427],[-0.5],[3.0],[2.828427],[-0.5],0,1,0,0,0.0,0.0,0
66064,3,2,1,"[0.5, 0.5, 0.5, 0.5, 1.5, 1.5, 2.0, 2.0, 2.5, 8.5]","[0.0, 0.0, 0.0, 0.0, 0.0, 0.0, 0.0, 1.7320508, 1.7320508, 8.485281]","[1.5, 2.5, 3.0]","[0.0, 0.0, 2.0]","[-4.0, -3.0, -2.0]","[1.5, 3.0]","[0.0, 0.0]","[-4.0, -2.0]","[2.5, 5.0]","[2.0, 4.8989797]","[-2.0, -0.5]",[8.5],[8.485281],[7.0],1,0,1,0,1.0,0.0,0
53701,4,2,1,"[0.0, 0.5, 1.0, 1.0, 1.5, 2.0, 2.0, 2.5, 4.5, 5.0]","[0.0, 0.0, 0.0, 1.0, 1.4142135, 1.7320508, 1.7320508, 2.4494898, 4.2426405, 4.582576]","[1.0, 1.5, 2.5, 2.5]","[0.0, 0.0, 1.4142135, 2.0]","[-3.5, -2.0, -1.5, -1.0]","[1.5, 2.5]","[1.4142135, 2.0]","[-3.5, -1.5]","[1.5, 2.5]","[0.0, 0.0]","[-2.0, 0.0]",[3.5],[3.1622777],[2.0],1,0,1,0,1.0,0.0,0
808,1,1,1,"[0.0, 0.5, 0.5, 1.0, 1.0, 2.5, 2.5, 3.0, 3.5, 4.5]","[0.0, 0.0, 0.0, 0.0, 0.0, 1.0, 2.0, 2.4494898, 2.828427, 2.828427]",[3.5],[0.0],[-1.0],[3.5],[0.0],[-1.0],[3.0],[0.0],[2.0],[3.0],[0.0],[2.0],0,1,0,0,0.0,0.0,1
848,1,1,1,"[0.5, 1.0, 1.0, 1.5, 1.5, 1.5, 2.5, 2.5, 2.5, 6.5]","[0.0, 0.0, 0.0, 0.0, 1.0, 1.4142135, 2.4494898, 2.4494898, 2.4494898, 6.0]",[4.5],[2.828427],[-1.5],[4.5],[2.828427],[-1.5],[2.5],[2.4494898],[-0.5],[2.5],[2.4494898],[-0.5],0,1,0,0,0.0,0.0,1
28425,7,2,1,"[0.0, 0.5, 1.0, 1.5, 2.0, 2.5, 2.5, 3.5, 4.0, 8.5]","[0.0, 0.0, 0.0, 0.0, 1.4142135, 1.7320508, 2.4494898, 2.4494898, 3.4641016, 8.485281]","[2.0, 2.0, 2.5, 3.5, 3.5, 4.0, 4.5]","[0.0, 0.0, 0.0, 1.7320508, 3.1622777, 3.7416575, 3.8729835]","[-3.5, -3.5, -3.5, -3.0, -2.5, -2.0, -1.0]","[2.0, 4.0]","[1.7320508, 3.8729835]","[-3.5, -3.0]","[2.5, 3.0]","[0.0, 2.828427]","[-2.0, -2.0]",[4.5],[0.0],[3.5],1,0,1,0,1.0,0.0,0
658,1,1,1,"[0.0, 0.5, 1.5, 2.0, 2.0, 2.5, 2.5, 4.0, 4.0, 8.0]","[0.0, 0.0, 0.0, 0.0, 0.0, 1.4142135, 2.0, 2.4494898, 2.6457512, 7.937254]",[3.5],[3.1622777],[-3.5],[3.5],[3.1622777],[-3.5],[3.0],[2.828427],[-2.0],[3.0],[2.828427],[-2.0],0,1,0,0,0.0,0.0,1
15628,3,2,1,"[0.0, 0.5, 0.5, 0.5, 2.0, 2.0, 2.0, 4.0, 4.0, 5.0]","[0.0, 0.0, 0.0, 0.0, 0.0, 0.0, 0.0, 0.0, 3.4641016, 4.8989797]","[2.0, 2.0, 2.0]","[1.7320508, 1.7320508, 2.0]","[-3.0, -3.0, -2.0]","[2.0, 2.0]","[1.7320508, 2.0]","[-3.0, -2.0]","[1.0, 2.0]","[0.0, 1.0]","[-2.0, 0.0]",[5.5],[5.2915025],[5.5],1,0,1,0,1.0,0.0,0
247,1,1,1,"[0.0, 0.5, 0.5, 0.5, 1.0, 1.0, 1.5, 2.0, 2.5, 5.0]","[0.0, 0.0, 0.0, 0.0, 0.0, 0.0, 0.0, 1.7320508, 2.4494898, 4.8989797]",[1.0],[1.0],[-3.0],[1.0],[1.0],[-3.0],[6.5],[6.4807405],[3.0],[6.5],[6.4807405],[3.0],0,1,0,0,0.0,0.0,1
25641,1,1,1,"[1.0, 1.0, 1.0, 1.5, 2.0, 2.0, 4.0, 4.5, 5.0, 5.5]","[0.0, 0.0, 0.0, 0.0, 0.0, 0.0, 3.0, 4.0, 4.472136, 5.2915025]",[3.0],[3.0],[-1.0],[3.0],[3.0],[-1.0],[6.5],[6.0],[4.5],[6.5],[6.0],[4.5],0,1,0,0,0.0,0.0,0
684,3,1,1,"[0.0, 0.0, 0.5, 1.0, 1.5, 1.5, 3.0, 3.0, 4.0, 7.5]","[0.0, 0.0, 0.0, 0.0, 0.0, 1.4142135, 2.236068, 2.828427, 4.0, 7.3484693]","[1.5, 2.0, 3.5]","[0.0, 2.0, 2.4494898]","[-5.5, -4.5, -2.5]",[2.0],[2.0],[-4.5],[3.0],[0.0],[-2.0],[3.0],[0.0],[-2.0],0,1,0,0,0.0,0.0,1
115,3,1,1,"[0.0, 0.0, 0.5, 1.0, 1.0, 1.5, 2.0, 2.0, 2.5, 4.0]","[0.0, 0.0, 0.0, 0.0, 0.0, 1.0, 1.0, 1.4142135, 1.7320508, 2.0]","[1.0, 3.0, 4.0]","[0.0, 2.236068, 2.6457512]","[-3.5, -3.5, -1.0]",[1.0],[0.0],[-3.5],[2.0],[1.7320508],[1.5],[2.0],[1.7320508],[1.5],0,1,0,0,0.0,0.0,1
367,1,1,1,"[0.0, 0.5, 0.5, 0.5, 1.0, 2.0, 3.0, 3.0, 3.0, 3.5]","[0.0, 0.0, 0.0, 0.0, 0.0, 0.0, 0.0, 0.0, 0.0, 3.0]",[2.5],[0.0],[-1.5],[2.5],[0.0],[-1.5],[2.0],[1.7320508],[2.0],[2.0],[1.7320508],[2.0],0,1,0,0,0.0,0.0,1
86224,2,2,1,"[0.0, 1.0, 1.0, 1.0, 1.5, 2.0, 2.0, 2.5, 3.0, 5.5]","[0.0, 0.0, 0.0, 0.0, 0.0, 1.0, 1.7320508, 2.236068, 2.4494898, 4.8989797]","[2.0, 2.0]","[2.0, 2.0]","[-3.5, -1.0]","[2.0, 2.0]","[2.0, 2.0]","[-3.5, -1.0]","[2.0, 4.0]","[0.0, 0.0]","[-2.0, 2.0]",[7.0],[6.928203],[6.5],1,0,1,0,1.0,0.0,0
916,3,1,1,"[0.0, 1.0, 1.5, 1.5, 2.0, 2.5, 2.5, 3.0, 4.5, 8.5]","[0.0, 0.0, 0.0, 1.0, 1.4142135, 2.0, 2.4494898, 3.0, 4.2426405, 8.485281]","[1.5, 2.5, 4.5]","[1.4142135, 2.4494898, 2.828427]","[-4.5, -4.0, -2.0]",[1.5],[1.4142135],[-4.5],[5.5],[4.2426405],[0.0],[5.5],[4.2426405],[0.0],0,1,0,0,0.0,0.0,1
6941,1,1,1,"[0.0, 1.0, 1.0, 1.0, 1.5, 3.0, 3.0, 3.5, 4.0, 4.0]","[0.0, 0.0, 0.0, 0.0, 1.0, 1.4142135, 2.6457512, 2.828427, 3.1622777, 3.4641016]",[1.0],[0.0],[-2.5],[1.0],[0.0],[-2.5],[5.0],[4.0],[3.5],[5.0],[4.0],[3.5],0,1,0,0,0.0,0.0,0
109,5,2,1,"[0.0, 0.5, 0.5, 0.5, 1.5, 2.0, 3.0, 4.0, 7.5, 9.0]","[0.0, 0.0, 0.0, 0.0, 0.0, 1.4142135, 1.7320508, 2.828427, 7.483315, 9.0]","[3.0, 3.0, 3.5, 6.0, 6.5]","[0.0, 0.0, 3.0, 5.91608, 6.4807405]","[-5.0, -5.0, -3.0, -2.0, -2.0]","[3.0, 3.0]","[0.0, 3.0]","[-5.0, -3.0]","[3.0, 6.5]","[2.236068, 6.4807405]","[-2.0, -1.5]",[7.0],[6.928203],[1.5],1,0,1,0,1.0,0.0,1
279,1,1,1,"[1.0, 1.5, 2.0, 2.0, 2.5, 3.0, 3.5, 3.5, 5.0, 5.0]","[0.0, 1.0, 1.4142135, 1.7320508, 1.7320508, 2.4494898, 2.828427, 3.0, 3.1622777, 5.0]",[5.5],[5.477226],[-2.5],[5.5],[5.477226],[-2.5],[3.5],[3.1622777],[3.0],[3.5],[3.1622777],[3.0],0,1,0,0,0.0,0.0,1
8909,3,2,1,"[0.0, 1.0, 1.0, 1.5, 1.5, 3.0, 3.5, 3.5, 3.5, 8.5]","[0.0, 0.0, 0.0, 0.0, 0.0, 1.4142135, 2.4494898, 3.4641016, 3.4641016, 8.485281]","[3.0, 5.5, 6.0]","[2.828427, 5.2915025, 5.656854]","[-3.0, -2.0, -1.5]","[3.0, 5.5]","[2.828427, 5.2915025]","[-3.0, -2.0]","[4.0, 6.5]","[3.4641016, 6.3245554]","[-0.5, 0.5]",[4.5],[3.7416575],[2.5],1,0,1,0,1.0,0.0,0
98684,2,2,2,"[0.5, 1.0, 1.0, 1.5, 2.0, 2.5, 3.0, 3.0, 4.0, 4.5]","[0.0, 0.0, 0.0, 0.0, 0.0, 0.0, 1.0, 1.7320508, 3.7416575, 4.0]","[1.0, 1.0]","[0.0, 1.0]","[-2.0, -2.0]","[1.0, 1.0]","[0.0, 1.0]","[-2.0, -2.0]","[4.0, 4.0]","[2.6457512, 3.4641016]","[2.0, 3.5]","[4.0, 4.0]","[2.6457512, 3.4641016]","[2.0, 3.5]",0,2,0,0,0.0,0.0,0
778,3,1,1,"[0.5, 0.5, 1.0, 1.0, 1.5, 2.0, 2.5, 3.5, 3.5, 7.0]","[0.0, 0.0, 0.0, 0.0, 0.0, 0.0, 1.4142135, 2.0, 3.1622777, 6.928203]","[1.5, 2.0, 2.5]","[0.0, 1.4142135, 2.0]","[-5.0, -3.0, -2.0]",[1.5],[1.4142135],[-5.0],[4.5],[4.472136],[0.5],[4.5],[4.472136],[0.5],0,1,0,0,0.0,0.0,1
86468,2,2,1,"[0.0, 0.5, 0.5, 0.5, 1.0, 1.0, 1.5, 3.5, 4.0, 6.0]","[0.0, 0.0, 0.0, 0.0, 0.0, 0.0, 1.4142135, 3.4641016, 4.0, 5.656854]","[0.5, 1.5]","[0.0, 0.0]","[-2.5, -1.5]","[0.5, 1.5]","[0.0, 0.0]","[-2.5, -1.5]","[0.5, 1.5]","[0.0, 0.0]","[-1.5, -1.0]",[7.5],[7.483315],[7.0],1,0,1,0,1.0,0.0,0
634,3,1,1,"[0.5, 0.5, 1.0, 1.0, 1.5, 1.5, 3.0, 4.0, 4.5, 4.5]","[0.0, 0.0, 0.0, 0.0, 0.0, 0.0, 0.0, 1.4142135, 3.7416575, 3.7416575]","[1.5, 4.0, 5.0]","[1.4142135, 3.8729835, 4.8989797]","[-2.5, -2.5, -1.5]",[1.5],[1.4142135],[-2.5],[3.5],[3.4641016],[3.5],[3.5],[3.4641016],[3.5],0,1,0,0,0.0,0.0,1
52976,3,2,1,"[0.5, 1.0, 1.0, 1.0, 1.5, 2.0, 2.5, 3.0, 4.5, 7.5]","[0.0, 0.0, 0.0, 0.0, 1.4142135, 1.7320508, 2.0, 2.828427, 4.472136, 7.3484693]","[0.5, 1.0, 2.5]","[0.0, 0.0, 2.4494898]","[-5.5, -4.0, -3.0]","[0.5, 1.0]","[0.0, 0.0]","[-5.5, -3.0]","[1.0, 1.5]","[0.0, 0.0]","[-4.0, -2.0]",[3.5],[3.4641016],[2.5],1,0,1,0,1.0,0.0,0
19061,3,2,1,"[0.0, 0.5, 1.0, 1.5, 1.5, 1.5, 2.5, 3.0, 3.5, 6.5]","[0.0, 0.0, 0.0, 0.0, 0.0, 1.4142135, 2.0, 2.828427, 3.1622777, 6.4807405]","[1.0, 1.5, 1.5]","[0.0, 0.0, 1.0]","[-3.5, -3.0, -3.0]","[1.0, 1.5]","[0.0, 1.0]","[-3.5, -3.0]","[3.0, 3.5]","[0.0, 2.4494898]","[0.0, 0.0]",[8.5],[8.485281],[8.5],1,0,1,0,1.0,0.0,0
71112,5,2,1,"[0.0, 0.5, 1.0, 1.5, 2.0, 2.0, 2.5, 3.0, 4.0, 7.5]","[0.0, 0.0, 0.0, 0.0, 1.0, 1.4142135, 2.0, 2.0, 2.236068, 7.483315]","[1.5, 2.5, 3.0, 4.0, 4.5]","[0.0, 0.0, 1.4142135, 2.6457512, 4.472136]","[-4.5, -3.5, -3.0, -2.0, -2.0]","[1.5, 2.5]","[0.0, 1.4142135]","[-4.5, -3.5]","[2.0, 3.5]","[2.0, 3.4641016]","[-2.0, -1.0]",[6.5],[6.3245554],[5.5],1,0,1,0,1.0,0.0,0
93304,3,1,1,"[0.5, 1.0, 1.0, 1.5, 2.0, 3.5, 3.5, 4.0, 4.0, 5.0]","[0.0, 0.0, 0.0, 0.0, 0.0, 0.0, 0.0, 0.0, 3.4641016, 4.582576]","[2.5, 4.0, 5.0]","[0.0, 3.4641016, 4.8989797]","[-2.5, -1.5, -1.0]",[4.0],[3.4641016],[-2.5],[9.0],[9.0],[6.5],[9.0],[9.0],[6.5],0,1,0,0,0.0,0.0,0
85,3,2,1,"[0.0, 0.5, 0.5, 0.5, 1.5, 1.5, 3.0, 3.5, 4.0, 6.0]","[0.0, 0.0, 0.0, 0.0, 0.0, 0.0, 2.236068, 3.1622777, 3.4641016, 5.196152]","[1.5, 3.0, 4.0]","[0.0, 2.6457512, 2.828427]","[-4.5, -3.0, -1.0]","[1.5, 3.0]","[0.0, 2.828427]","[-4.5, -1.0]","[2.0, 7.0]","[2.0, 6.928203]","[-3.0, 5.5]",[0.5],[0.0],[0.0],1,0,1,0,1.0,0.0,1
74106,1,1,1,"[0.5, 0.5, 0.5, 1.0, 1.5, 1.5, 1.5, 2.5, 3.0, 3.5]","[0.0, 0.0, 0.0, 0.0, 0.0, 0.0, 0.0, 1.0, 1.4142135, 2.0]",[5.0],[5.0],[-1.5],[5.0],[5.0],[-1.5],[7.5],[7.3484693],[7.5],[7.5],[7.3484693],[7.5],0,1,0,0,0.0,0.0,0
278,2,1,1,"[0.0, 0.0, 0.0, 0.5, 1.0, 1.5, 2.0, 3.5, 4.5, 4.5]","[0.0, 0.0, 0.0, 0.0, 0.0, 0.0, 1.0, 2.0, 3.7416575, 4.472136]","[2.0, 4.5]","[0.0, 4.2426405]","[-3.5, -2.5]",[2.0],[0.0],[-3.5],[3.0],[0.0],[-0.5],[3.0],[0.0],[-0.5],0,1,0,0,0.0,0.0,1
898,6,3,1,"[0.0, 0.5, 1.5, 2.0, 2.0, 3.0, 3.5, 3.5, 5.0, 6.5]","[0.0, 0.0, 0.0, 0.0, 0.0, 2.0, 3.1622777, 3.4641016, 4.8989797, 6.3245554]","[1.0, 2.0, 2.0, 3.0, 3.5, 4.5]","[0.0, 1.0, 1.7320508, 1.7320508, 3.0, 4.2426405]","[-4.0, -3.5, -3.5, -2.5, -2.0, -1.5]","[1.0, 2.0, 2.0]","[1.0, 1.7320508, 1.7320508]","[-4.0, -3.5, -3.5]","[4.0, 4.5, 8.0]","[3.8729835, 4.2426405, 8.0]","[-1.5, 1.0, 3.5]",[1.0],[1.0],[-1.0],2,0,1,0,2.0,0.0,1
5663,2,1,1,"[0.5, 1.0, 1.0, 2.5, 2.5, 3.0, 3.5, 4.0, 4.5, 4.5]","[0.0, 0.0, 1.0, 1.0, 2.0, 2.0, 2.828427, 3.1622777, 4.472136, 4.472136]","[1.0, 1.5]","[0.0, 0.0]","[-4.5, -3.5]",[1.0],[0.0],[-3.5],[3.0],[0.0],[2.5],[3.0],[0.0],[2.5],0,1,0,0,0.0,0.0,0
39,2,1,1,"[0.5, 1.0, 1.5, 1.5, 1.5, 1.5, 2.5, 3.5, 3.5, 7.0]","[0.0, 0.0, 0.0, 0.0, 0.0, 0.0, 0.0, 1.4142135, 2.4494898, 6.708204]","[4.5, 6.0]","[4.2426405, 5.91608]","[-3.5, -2.0]",[4.5],[4.2426405],[-3.5],[3.0],[2.828427],[0.5],[3.0],[2.828427],[0.5],0,1,0,0,0.0,0.0,1
34839,2,1,1,"[0.5, 0.5, 1.0, 1.0, 1.5, 1.5, 1.5, 2.0, 2.5, 6.0]","[0.0, 0.0, 0.0, 0.0, 0.0, 0.0, 1.4142135, 1.4142135, 1.4142135, 5.91608]","[2.5, 3.5]","[0.0, 3.4641016]","[-2.0, -1.5]",[3.5],[3.4641016],[-2.0],[3.0],[0.0],[0.5],[3.0],[0.0],[0.5],0,1,0,0,0.0,0.0,0
359,2,2,2,"[0.0, 0.0, 0.5, 1.5, 1.5, 1.5, 2.5, 2.5, 3.5, 4.5]","[0.0, 0.0, 0.0, 0.0, 0.0, 1.4142135, 2.0, 2.4494898, 2.4494898, 2.828427]","[2.0, 2.5]","[1.7320508, 2.4494898]","[-5.0, -1.0]","[2.0, 2.5]","[1.7320508, 2.4494898]","[-5.0, -1.0]","[2.0, 5.0]","[0.0, 4.0]","[1.5, 4.0]","[2.0, 5.0]","[0.0, 4.0]","[1.5, 4.0]",0,2,0,0,0.0,0.0,1
45850,3,2,1,"[0.5, 1.0, 1.5, 2.0, 3.0, 3.0, 4.0, 4.0, 5.5, 6.0]","[0.0, 0.0, 1.4142135, 2.0, 2.828427, 2.828427, 3.4641016, 3.8729835, 5.2915025, 5.656854]","[1.5, 3.0, 3.5]","[0.0, 1.4142135, 3.4641016]","[-3.0, -2.5, -2.5]","[1.5, 3.5]","[1.4142135, 3.4641016]","[-3.0, -2.5]","[5.5, 6.0]","[4.8989797, 5.196152]","[1.5, 2.5]",[4.5],[2.828427],[2.5],1,0,1,0,1.0,0.0,0
14,1,1,1,"[0.0, 0.0, 1.0, 1.0, 1.0, 1.5, 1.5, 2.5, 5.5, 6.5]","[0.0, 0.0, 0.0, 0.0, 1.0, 1.4142135, 1.4142135, 2.0, 5.477226, 6.3245554]",[3.5],[3.4641016],[-1.0],[3.5],[3.4641016],[-1.0],[3.5],[0.0],[0.0],[3.5],[0.0],[0.0],0,1,0,0,0.0,0.0,1
607,1,1,1,"[0.0, 0.5, 1.0, 1.0, 1.5, 1.5, 2.5, 3.5, 3.5, 3.5]","[0.0, 0.0, 0.0, 0.0, 1.0, 1.0, 1.4142135, 1.4142135, 2.0, 2.4494898]",[4.5],[4.2426405],[-1.0],[4.5],[4.2426405],[-1.0],[3.5],[3.1622777],[3.0],[3.5],[3.1622777],[3.0],0,1,0,0,0.0,0.0,1
479,1,1,1,"[0.0, 1.0, 1.0, 1.0, 1.0, 1.5, 2.0, 2.5, 3.0, 4.0]","[0.0, 0.0, 0.0, 0.0, 1.0, 1.0, 2.0, 2.0, 2.828427, 3.4641016]",[1.0],[0.0],[-2.5],[1.0],[0.0],[-2.5],[5.5],[4.2426405],[4.5],[5.5],[4.2426405],[4.5],0,1,0,0,0.0,0.0,1
84342,2,2,2,"[0.0, 0.0, 1.0, 2.0, 2.0, 2.0, 2.5, 2.5, 3.5, 4.0]","[0.0, 0.0, 0.0, 0.0, 0.0, 0.0, 1.7320508, 2.4494898, 3.4641016, 3.8729835]","[1.0, 2.5]","[1.0, 2.0]","[-2.5, -2.5]","[1.0, 2.5]","[1.0, 2.0]","[-2.5, -2.5]","[5.5, 5.5]","[5.2915025, 5.477226]","[4.0, 5.0]","[5.5, 5.5]","[5.2915025, 5.477226]","[4.0, 5.0]",0,2,0,0,0.0,0.0,0
24950,2,1,1,"[0.5, 1.0, 1.5, 1.5, 2.0, 2.0, 2.0, 3.5, 4.0, 4.5]","[0.0, 0.0, 0.0, 1.4142135, 1.4142135, 1.7320508, 2.0, 2.6457512, 3.1622777, 3.7416575]","[2.5, 4.0]","[0.0, 3.4641016]","[-2.0, -1.0]",[2.5],[0.0],[-2.0],[4.5],[2.828427],[3.0],[4.5],[2.828427],[3.0],0,1,0,0,0.0,0.0,0
894,4,2,1,"[0.0, 1.0, 1.0, 1.5, 1.5, 2.5, 3.5, 4.0, 5.0, 5.5]","[0.0, 0.0, 0.0, 0.0, 0.0, 0.0, 1.0, 3.4641016, 4.8989797, 4.8989797]","[1.5, 2.0, 2.0, 2.5]","[0.0, 1.4142135, 2.0, 2.4494898]","[-3.5, -3.0, -2.5, -2.0]","[1.5, 2.0]","[1.4142135, 2.0]","[-3.5, -3.0]","[4.0, 7.0]","[2.6457512, 6.708204]","[-2.0, 5.5]",[1.5],[0.0],[-0.5],1,0,1,0,1.0,0.0,1
61503,3,2,1,"[0.0, 0.5, 1.5, 2.0, 2.0, 2.0, 2.0, 2.5, 5.0, 5.5]","[0.0, 0.0, 0.0, 0.0, 1.7320508, 1.7320508, 2.0, 2.4494898, 4.582576, 5.2915025]","[0.5, 2.0, 3.5]","[0.0, 2.0, 3.1622777]","[-2.0, -1.5, -1.0]","[0.5, 3.5]","[0.0, 3.1622777]","[-2.0, -1.5]","[4.5, 7.0]","[4.472136, 6.708204]","[2.5, 2.5]",[7.5],[7.483315],[6.0],1,0,1,0,1.0,0.0,0
217,2,2,1,"[0.5, 0.5, 1.0, 1.0, 1.0, 1.5, 1.5, 1.5, 3.0, 6.5]","[0.0, 0.0, 0.0, 0.0, 1.0, 1.4142135, 1.4142135, 1.4142135, 2.236068, 6.3245554]","[1.0, 3.5]","[0.0, 0.0]","[-2.0, -1.0]","[1.0, 3.5]","[0.0, 0.0]","[-2.0, -1.0]","[3.5, 6.0]","[3.1622777, 6.0]","[1.0, 2.5]",[2.0],[0.0],[-1.0],1,0,1,0,1.0,0.0,1
23783,2,1,1,"[0.0, 0.5, 1.5, 1.5, 2.0, 2.0, 2.5, 2.5, 4.5, 7.0]","[0.0, 0.0, 0.0, 0.0, 1.4142135, 1.4142135, 2.0, 2.0, 4.2426405, 7.0]","[2.5, 3.5]","[2.4494898, 3.1622777]","[-3.0, -2.0]",[2.5],[2.4494898],[-3.0],[5.5],[4.2426405],[2.0],[5.5],[4.2426405],[2.0],0,1,0,0,0.0,0.0,0
587,1,1,1,"[0.0, 0.5, 1.5, 1.5, 2.5, 2.5, 3.0, 3.5, 4.0, 4.5]","[0.0, 0.0, 0.0, 0.0, 0.0, 0.0, 2.4494898, 2.4494898, 3.7416575, 4.0]",[2.0],[0.0],[-1.5],[2.0],[0.0],[-1.5],[2.5],[2.0],[2.5],[2.5],[2.0],[2.5],0,1,0,0,0.0,0.0,1
780,2,1,1,"[0.0, 0.5, 0.5, 0.5, 0.5, 1.0, 2.5, 4.0, 5.0, 6.0]","[0.0, 0.0, 0.0, 0.0, 0.0, 1.0, 2.0, 2.6457512, 4.0, 5.91608]","[2.5, 2.5]","[0.0, 0.0]","[-5.0, -1.5]",[2.5],[0.0],[-5.0],[3.0],[3.0],[1.5],[3.0],[3.0],[1.5],0,1,0,0,0.0,0.0,1
29436,2,1,1,"[0.5, 1.0, 1.0, 1.5, 1.5, 2.0, 2.0, 4.0, 4.0, 4.5]","[0.0, 0.0, 0.0, 1.0, 1.0, 1.4142135, 1.7320508, 2.6457512, 3.4641016, 4.2426405]","[3.0, 3.5]","[0.0, 3.1622777]","[-2.0, -1.5]",[3.5],[3.1622777],[-2.0],[3.5],[2.4494898],[3.0],[3.5],[2.4494898],[3.0],0,1,0,0,0.0,0.0,0
882,1,1,1,"[0.5, 1.0, 1.0, 1.0, 1.5, 2.0, 2.0, 3.5, 4.5, 4.5]","[0.0, 0.0, 0.0, 0.0, 0.0, 0.0, 1.7320508, 2.0, 3.7416575, 4.2426405]",[3.5],[2.4494898],[-3.0],[3.5],[2.4494898],[-3.0],[3.5],[2.4494898],[2.0],[3.5],[2.4494898],[2.0],0,1,0,0,0.0,0.0,1
557,1,1,1,"[0.0, 1.0, 1.0, 1.5, 1.5, 1.5, 2.0, 3.0, 5.0, 6.5]","[0.0, 0.0, 0.0, 0.0, 0.0, 1.4142135, 2.0, 3.0, 4.582576, 6.4807405]",[3.0],[2.828427],[-2.0],[3.0],[2.828427],[-2.0],[4.5],[4.472136],[0.0],[4.5],[4.472136],[0.0],0,1,0,0,0.0,0.0,1
11555,4,2,1,"[1.0, 1.5, 1.5, 2.0, 2.0, 2.0, 2.5, 2.5, 4.0, 5.5]","[0.0, 1.0, 1.4142135, 1.7320508, 2.0, 2.0, 2.0, 2.4494898, 3.8729835, 4.8989797]","[0.5, 2.0, 3.0, 3.0]","[0.0, 1.7320508, 2.236068, 2.828427]","[-3.5, -3.0, -2.0, -2.0]","[0.5, 2.0]","[0.0, 1.7320508]","[-3.0, -2.0]","[2.0, 5.5]","[0.0, 5.477226]","[-3.5, 3.0]",[7.0],[6.928203],[4.5],1,0,1,0,1.0,0.0,0
827,2,1,1,"[0.0, 0.0, 0.0, 0.5, 1.5, 1.5, 2.0, 3.5, 4.0, 4.5]","[0.0, 0.0, 0.0, 0.0, 0.0, 0.0, 1.4142135, 2.0, 2.4494898, 3.4641016]","[2.0, 3.5]","[0.0, 3.1622777]","[-1.5, -1.0]",[2.0],[0.0],[-1.5],[7.5],[7.3484693],[6.0],[7.5],[7.3484693],[6.0],0,1,0,0,0.0,0.0,1
777,1,1,1,"[0.0, 0.5, 1.0, 1.0, 1.5, 1.5, 2.0, 2.5, 3.5, 4.0]","[0.0, 0.0, 0.0, 0.0, 1.0, 1.0, 1.4142135, 1.7320508, 2.4494898, 2.6457512]",[5.0],[4.8989797],[-1.5],[5.0],[4.8989797],[-1.5],[2.5],[2.4494898],[1.5],[2.5],[2.4494898],[1.5],0,1,0,0,0.0,0.0,1
91054,1,1,1,"[0.5, 1.0, 2.0, 2.0, 2.5, 2.5, 3.0, 3.0, 3.0, 6.5]","[0.0, 0.0, 0.0, 0.0, 0.0, 2.0, 2.236068, 2.236068, 2.828427, 6.3245554]",[3.0],[0.0],[-2.0],[3.0],[0.0],[-2.0],[7.0],[7.0],[2.5],[7.0],[7.0],[2.5],0,1,0,0,0.0,0.0,0
99,1,1,1,"[0.0, 0.0, 1.0, 1.0, 1.0, 1.5, 1.5, 1.5, 2.5, 6.0]","[0.0, 0.0, 0.0, 0.0, 0.0, 0.0, 1.4142135, 1.4142135, 2.4494898, 5.196152]",[4.5],[2.828427],[-1.0],[4.5],[2.828427],[-1.0],[3.5],[3.1622777],[2.0],[3.5],[3.1622777],[2.0],0,1,0,0,0.0,0.0,1
983,1,1,1,"[0.5, 1.0, 1.0, 2.0, 2.0, 2.0, 2.5, 3.0, 4.0, 5.0]","[0.0, 0.0, 1.0, 1.0, 1.7320508, 2.0, 2.0, 2.828427, 3.8729835, 4.8989797]",[1.5],[1.4142135],[-2.0],[1.5],[1.4142135],[-2.0],[3.5],[3.1622777],[0.0],[3.5],[3.1622777],[0.0],0,1,0,0,0.0,0.0,1
8,5,2,2,"[0.5, 0.5, 1.0, 1.0, 1.5, 2.0, 3.5, 4.0, 4.0, 4.5]","[0.0, 0.0, 0.0, 0.0, 0.0, 0.0, 1.0, 1.7320508, 3.1622777, 3.4641016]","[2.5, 3.0, 3.0, 3.5, 5.0]","[0.0, 2.236068, 2.4494898, 2.828427, 4.582576]","[-4.5, -3.5, -2.5, -2.0, -1.0]","[2.5, 5.0]","[0.0, 4.582576]","[-3.5, -2.0]","[1.0, 6.0]","[1.0, 5.91608]","[1.0, 5.0]","[1.0, 6.0]","[1.0, 5.91608]","[1.0, 5.0]",0,2,0,0,0.0,0.0,1
5018,3,2,2,"[0.5, 1.0, 1.0, 1.0, 1.0, 2.0, 2.0, 3.0, 3.0, 5.0]","[0.0, 0.0, 0.0, 0.0, 0.0, 0.0, 1.7320508, 3.0, 3.0, 3.0]","[1.5, 3.5, 3.5]","[0.0, 1.4142135, 3.1622777]","[-2.5, -2.0, -1.5]","[1.5, 3.5]","[1.4142135, 3.1622777]","[-2.5, -1.5]","[5.5, 5.5]","[5.2915025, 5.2915025]","[3.5, 5.5]","[5.5, 5.5]","[5.2915025, 5.2915025]","[3.5, 5.5]",0,2,0,0,0.0,0.0,0
883,2,1,1,"[0.5, 1.0, 1.5, 1.5, 1.5, 2.5, 2.5, 2.5, 4.5, 5.0]","[0.0, 0.0, 0.0, 0.0, 1.4142135, 1.4142135, 2.4494898, 2.4494898, 3.0, 4.2426405]","[3.0, 3.5]","[2.236068, 2.4494898]","[-3.0, -2.0]",[3.0],[2.236068],[-3.0],[5.5],[5.2915025],[4.0],[5.5],[5.2915025],[4.0],0,1,0,0,0.0,0.0,1
63875,1,1,1,"[0.0, 0.5, 1.0, 1.5, 2.0, 2.5, 3.0, 3.5, 5.0, 6.0]","[0.0, 0.0, 0.0, 0.0, 1.0, 1.7320508, 2.4494898, 2.4494898, 4.582576, 5.196152]",[1.5],[1.4142135],[-6.0],[1.5],[1.4142135],[-6.0],[6.0],[5.196152],[4.0],[6.0],[5.196152],[4.0],0,1,0,0,0.0,0.0,0
482,2,2,0,"[0.0, 1.5, 1.5, 2.0, 2.5, 3.0, 3.0, 4.5, 5.5, 7.0]","[0.0, 0.0, 0.0, 0.0, 1.4142135, 2.236068, 2.828427, 4.472136, 5.2915025, 7.0]","[2.5, 6.0]","[2.4494898, 6.0]","[-3.0, -1.0]","[2.5, 6.0]","[2.4494898, 6.0]","[-3.0, -1.0]","[2.5, 6.0]","[2.4494898, 6.0]","[-3.0, -1.0]",[],[],[],2,0,0,1,0.0,2.0,1
6090,2,2,1,"[0.0, 0.5, 1.0, 1.0, 1.5, 2.5, 2.5, 2.5, 3.0, 5.5]","[0.0, 0.0, 0.0, 0.0, 0.0, 0.0, 2.4494898, 2.4494898, 2.828427, 5.477226]","[1.5, 3.0]","[1.4142135, 2.236068]","[-2.5, -1.0]","[1.5, 3.0]","[1.4142135, 2.236068]","[-2.5, -1.0]","[0.5, 3.5]","[0.0, 3.1622777]","[-2.0, -0.5]",[8.5],[8.485281],[7.5],1,0,1,0,1.0,0.0,0
520,2,1,1,"[0.0, 0.5, 1.0, 1.5, 1.5, 1.5, 2.5, 4.5, 4.5, 6.0]","[0.0, 0.0, 0.0, 0.0, 0.0, 1.4142135, 1.4142135, 2.0, 4.2426405, 5.196152]","[3.5, 3.5]","[2.4494898, 3.4641016]","[-5.5, -2.5]",[3.5],[3.4641016],[-5.5],[2.0],[1.7320508],[0.5],[2.0],[1.7320508],[0.5],0,1,0,0,0.0,0.0,1
22611,3,2,1,"[1.0, 1.0, 1.0, 1.0, 1.5, 3.5, 4.5, 4.5, 6.0, 8.0]","[0.0, 0.0, 0.0, 1.0, 1.4142135, 3.4641016, 3.7416575, 3.7416575, 5.656854, 8.0]","[2.0, 3.5, 4.0]","[0.0, 3.1622777, 3.8729835]","[-4.0, -3.5, -3.0]","[3.5, 4.0]","[3.1622777, 3.8729835]","[-4.0, -3.5]","[1.5, 4.0]","[0.0, 3.8729835]","[-3.5, -1.0]",[4.5],[2.828427],[2.5],1,0,1,0,1.0,0.0,0
29254,3,2,1,"[0.5, 1.0, 1.0, 1.5, 1.5, 2.0, 2.5, 2.5, 4.0, 6.5]","[0.0, 0.0, 0.0, 1.4142135, 1.4142135, 1.7320508, 2.4494898, 2.4494898, 3.4641016, 6.3245554]","[1.0, 1.5, 3.0]","[0.0, 0.0, 2.828427]","[-4.0, -2.5, -2.0]","[1.0, 1.5]","[0.0, 0.0]","[-4.0, -2.0]","[1.5, 3.0]","[0.0, 2.828427]","[-2.0, -2.0]",[7.5],[7.483315],[5.5],1,0,1,0,1.0,0.0,0
13410,4,2,1,"[0.0, 0.5, 1.0, 1.5, 1.5, 3.0, 3.0, 3.0, 4.5, 6.5]","[0.0, 0.0, 0.0, 1.0, 1.4142135, 2.236068, 2.828427, 2.828427, 4.472136, 6.3245554]","[2.0, 3.0, 3.5, 3.5]","[0.0, 2.0, 2.4494898, 3.0]","[-3.5, -2.5, -1.5, -1.0]","[2.0, 3.0]","[2.0, 3.0]","[-3.5, -1.5]","[1.0, 2.0]","[0.0, 1.7320508]","[-3.0, -1.5]",[7.0],[6.708204],[6.0],1,0,1,0,1.0,0.0,0
24427,3,2,1,"[0.0, 1.0, 1.5, 2.0, 2.0, 2.5, 2.5, 4.0, 5.0, 6.0]","[0.0, 0.0, 0.0, 0.0, 1.0, 1.4142135, 2.0, 2.6457512, 4.8989797, 5.91608]","[1.0, 2.0, 2.5]","[1.0, 1.7320508, 2.0]","[-4.5, -3.5, -3.5]","[1.0, 2.0]","[1.0, 1.7320508]","[-4.5, -3.5]","[3.0, 3.5]","[0.0, 0.0]","[-2.5, 0.5]",[8.0],[8.0],[5.5],1,0,1,0,1.0,0.0,0
44339,2,2,1,"[0.0, 0.5, 1.0, 1.5, 1.5, 2.0, 2.5, 3.5, 4.5, 8.5]","[0.0, 0.0, 0.0, 0.0, 0.0, 0.0, 1.0, 3.4641016, 4.472136, 8.485281]","[2.0, 4.0]","[1.7320508, 2.6457512]","[-4.0, -1.5]","[2.0, 4.0]","[1.7320508, 2.6457512]","[-4.0, -1.5]","[1.0, 5.0]","[1.0, 3.0]","[-3.5, -1.0]",[7.0],[6.928203],[5.0],1,0,1,0,1.0,0.0,0
1012,2,1,1,"[0.5, 0.5, 0.5, 1.0, 1.0, 2.0, 2.5, 2.5, 4.0, 8.5]","[0.0, 0.0, 0.0, 0.0, 0.0, 1.7320508, 2.4494898, 2.4494898, 2.6457512, 8.485281]","[1.5, 2.0]","[0.0, 1.4142135]","[-4.0, -3.0]",[1.5],[1.4142135],[-4.0],[1.5],[0.0],[-3.5],[1.5],[0.0],[-3.5],0,1,0,0,0.0,0.0,1
31651,1,1,1,"[0.0, 0.5, 1.0, 1.5, 2.0, 2.0, 2.5, 3.5, 4.0, 7.5]","[0.0, 0.0, 0.0, 0.0, 0.0, 1.0, 1.4142135, 2.4494898, 3.4641016, 7.3484693]",[4.0],[3.4641016],[-2.5],[4.0],[3.4641016],[-2.5],[6.5],[6.3245554],[3.5],[6.5],[6.3245554],[3.5],0,1,0,0,0.0,0.0,0
74825,2,2,1,"[0.0, 0.0, 0.0, 0.0, 0.5, 1.0, 1.5, 2.0, 4.0, 7.5]","[0.0, 0.0, 0.0, 0.0, 0.0, 0.0, 0.0, 2.0, 3.8729835, 7.483315]","[2.5, 3.5]","[0.0, 3.1622777]","[-2.0, -1.5]","[2.5, 3.5]","[0.0, 3.1622777]","[-2.0, -1.5]","[2.5, 5.0]","[0.0, 4.8989797]","[-1.5, -1.0]",[8.0],[7.937254],[5.5],1,0,1,0,1.0,0.0,0
29539,3,2,1,"[0.0, 1.0, 1.0, 1.5, 3.0, 3.0, 3.5, 4.0, 4.5, 5.0]","[0.0, 0.0, 0.0, 0.0, 1.0, 2.828427, 3.0, 3.1622777, 4.472136, 4.582576]","[2.0, 2.0, 5.0]","[1.7320508, 2.0, 4.582576]","[-4.0, -2.5, -1.0]","[2.0, 2.0]","[1.7320508, 2.0]","[-4.0, -2.5]","[2.5, 4.0]","[0.0, 0.0]","[-1.0, 0.5]",[8.0],[7.937254],[5.5],1,0,1,0,1.0,0.0,0
21985,1,1,1,"[0.5, 0.5, 1.0, 1.5, 1.5, 1.5, 2.0, 3.0, 4.5, 5.5]","[0.0, 0.0, 0.0, 1.4142135, 1.4142135, 1.4142135, 1.7320508, 3.0, 4.2426405, 5.477226]",[2.0],[1.7320508],[-2.0],[2.0],[1.7320508],[-2.0],[7.5],[7.3484693],[4.5],[7.5],[7.3484693],[4.5],0,1,0,0,0.0,0.0,0
11311,2,1,1,"[0.0, 0.5, 2.0, 2.0, 2.0, 2.0, 3.0, 3.0, 4.0, 5.5]","[0.0, 0.0, 0.0, 0.0, 0.0, 0.0, 1.7320508, 1.7320508, 3.4641016, 4.8989797]","[2.5, 4.5]","[2.4494898, 4.2426405]","[-4.5, -2.5]",[2.5],[2.4494898],[-4.5],[4.0],[0.0],[2.5],[4.0],[0.0],[2.5],0,1,0,0,0.0,0.0,0
13148,1,1,1,"[1.0, 1.0, 1.0, 1.5, 2.0, 3.0, 3.0, 3.5, 4.5, 4.5]","[0.0, 0.0, 0.0, 0.0, 0.0, 1.0, 2.4494898, 2.828427, 2.828427, 2.828427]",[2.0],[1.7320508],[-6.5],[2.0],[1.7320508],[-6.5],[8.0],[8.0],[7.5],[8.0],[8.0],[7.5],0,1,0,0,0.0,0.0,0
919,1,1,1,"[0.5, 0.5, 1.0, 1.0, 1.0, 1.5, 3.5, 3.5, 4.0, 5.0]","[0.0, 0.0, 0.0, 0.0, 0.0, 1.4142135, 2.4494898, 2.4494898, 3.8729835, 5.0]",[1.5],[0.0],[-4.0],[1.5],[0.0],[-4.0],[7.5],[7.3484693],[4.5],[7.5],[7.3484693],[4.5],0,1,0,0,0.0,0.0,1
119,1,1,1,"[0.0, 0.5, 1.0, 1.0, 1.5, 2.0, 3.0, 4.5, 5.0, 5.5]","[0.0, 0.0, 0.0, 0.0, 1.0, 1.4142135, 1.7320508, 2.236068, 4.8989797, 5.2915025]",[4.0],[2.6457512],[-1.5],[4.0],[2.6457512],[-1.5],[2.5],[0.0],[2.0],[2.5],[0.0],[2.0],0,1,0,0,0.0,0.0,1
313,3,2,1,"[0.5, 1.0, 1.5, 1.5, 1.5, 1.5, 2.0, 2.5, 5.5, 7.0]","[0.0, 0.0, 1.4142135, 1.4142135, 1.4142135, 1.4142135, 2.0, 2.0, 4.2426405, 6.928203]","[2.0, 3.0, 5.5]","[0.0, 2.236068, 5.477226]","[-3.0, -1.5, -1.0]","[2.0, 5.5]","[0.0, 5.477226]","[-3.0, -1.5]","[3.0, 6.0]","[2.236068, 5.91608]","[-1.0, 2.0]",[5.5],[4.2426405],[4.5],1,0,1,0,1.0,0.0,1
78,19,6,2,"[0.0, 1.5, 4.0, 4.0, 4.5, 5.0, 5.5, 7.0, 7.0, 8.0]","[0.0, 1.4142135, 2.828427, 3.4641016, 3.4641016, 4.0, 5.477226, 6.708204, 6.928203, 7.937254]","[0.0, 0.0, 0.5, 1.0, 1.0, 1.5, 2.0, 2.0, 2.0, 2.5, 3.5, 3.5, 4.0, 4.0, 4.5, 4.5, 4.5, 6.0, 6.5]","[0.0, 0.0, 0.0, 0.0, 0.0, 0.0, 0.0, 1.0, 1.7320508, 2.4494898, 2.4494898, 2.6457512, 2.828427, 3.4641016, 3.8729835, 4.2426405, 4.472136, 5.91608, 6.3245554]","[-8.0, -6.0, -6.0, -5.5, -5.0, -5.0, -4.5, -4.5, -4.5, -4.5, -4.0, -3.5, -3.0, -3.0, -3.0, -3.0, -2.5, -1.0, -1.0]","[0.0, 0.0, 0.5, 1.0, 1.0, 2.0]","[0.0, 0.0, 0.0, 0.0, 1.0, 1.7320508]","[-8.0, -6.0, -5.0, -4.5, -3.0, -3.0]","[3.0, 4.0, 6.0, 6.0, 7.0, 7.5]","[2.236068, 3.8729835, 5.196152, 5.656854, 6.708204, 7.483315]","[-2.5, -0.5, 0.5, 2.0, 2.0, 2.0]","[3.0, 4.5]","[2.236068, 4.2426405]","[-2.5, -1.0]",4,1,1,1,1.0,3.0,1
435,6,2,1,"[0.5, 0.5, 1.0, 1.0, 2.0, 2.5, 2.5, 4.0, 5.5, 8.5]","[0.0, 0.0, 0.0, 0.0, 1.0, 2.0, 2.0, 2.4494898, 5.477226, 8.485281]","[1.5, 2.5, 3.0, 3.5, 4.0, 5.0]","[0.0, 0.0, 0.0, 0.0, 2.4494898, 5.0]","[-4.5, -3.5, -3.5, -2.0, -1.5, -1.5]","[2.5, 3.0]","[0.0, 2.4494898]","[-4.5, -1.5]","[4.5, 4.5]","[0.0, 3.7416575]","[-2.5, 0.0]",[5.5],[5.2915025],[2.5],1,0,1,0,1.0,0.0,1
735,4,1,1,"[1.0, 1.0, 1.0, 1.5, 2.0, 2.0, 2.5, 3.5, 4.5, 5.5]","[0.0, 0.0, 0.0, 1.0, 1.0, 2.0, 2.0, 2.4494898, 3.7416575, 4.8989797]","[0.5, 2.0, 2.5, 3.5]","[0.0, 0.0, 0.0, 0.0]","[-5.0, -4.5, -2.5, -1.0]",[0.5],[0.0],[-4.5],[2.5],[2.0],[0.0],[2.5],[2.0],[0.0],0,1,0,0,0.0,0.0,1
433,7,2,2,"[0.0, 0.0, 0.5, 0.5, 1.0, 2.0, 4.0, 4.5, 5.5, 8.0]","[0.0, 0.0, 0.0, 0.0, 0.0, 1.7320508, 2.828427, 3.4641016, 4.8989797, 7.937254]","[0.5, 1.5, 3.0, 3.0, 4.0, 5.0, 5.0]","[0.0, 0.0, 0.0, 2.828427, 3.8729835, 4.582576, 4.8989797]","[-6.0, -4.5, -4.0, -4.0, -3.5, -2.5, -2.0]","[0.5, 1.5]","[0.0, 0.0]","[-6.0, -4.0]","[2.0, 3.0]","[0.0, 2.828427]","[-3.5, -1.5]","[2.0, 3.0]","[0.0, 2.828427]","[-3.5, -1.5]",0,2,0,0,0.0,0.0,1
257,4,2,2,"[0.0, 0.5, 1.5, 2.0, 2.5, 3.0, 3.5, 4.0, 5.0, 6.0]","[0.0, 0.0, 0.0, 0.0, 1.4142135, 2.0, 2.828427, 3.8729835, 4.8989797, 5.656854]","[1.5, 2.0, 4.5, 5.5]","[0.0, 1.7320508, 3.7416575, 5.477226]","[-2.5, -2.0, -2.0, -1.5]","[1.5, 5.5]","[0.0, 5.477226]","[-2.0, -1.5]","[4.5, 5.5]","[4.2426405, 5.477226]","[0.5, 2.0]","[4.5, 5.5]","[4.2426405, 5.477226]","[0.5, 2.0]",0,2,0,0,0.0,0.0,1
37355,2,2,1,"[0.0, 0.5, 1.0, 1.5, 1.5, 2.5, 2.5, 3.0, 3.5, 7.0]","[0.0, 0.0, 0.0, 0.0, 0.0, 1.0, 2.4494898, 2.828427, 3.1622777, 6.928203]","[3.5, 4.0]","[3.4641016, 3.8729835]","[-2.0, -2.0]","[3.5, 4.0]","[3.4641016, 3.8729835]","[-2.0, -2.0]","[3.5, 3.5]","[0.0, 3.4641016]","[-0.5, -0.5]",[6.5],[6.3245554],[5.5],1,0,1,0,1.0,0.0,0
9174,2,2,2,"[0.0, 0.5, 0.5, 1.0, 2.5, 2.5, 2.5, 3.0, 4.5, 5.0]","[0.0, 0.0, 0.0, 0.0, 0.0, 0.0, 2.4494898, 3.0, 3.0, 4.2426405]","[2.5, 4.5]","[2.0, 2.828427]","[-3.0, -1.5]","[2.5, 4.5]","[2.0, 2.828427]","[-3.0, -1.5]","[4.0, 8.5]","[3.4641016, 8.485281]","[2.5, 6.5]","[4.0, 8.5]","[3.4641016, 8.485281]","[2.5, 6.5]",0,2,0,0,0.0,0.0,0
911,2,1,1,"[0.0, 0.5, 1.0, 1.0, 2.0, 2.0, 3.0, 3.5, 5.0, 7.0]","[0.0, 0.0, 0.0, 0.0, 0.0, 1.7320508, 2.236068, 3.4641016, 4.582576, 7.0]","[2.5, 3.0]","[0.0, 0.0]","[-2.5, -1.5]",[2.5],[0.0],[-1.5],[4.0],[3.4641016],[0.0],[4.0],[3.4641016],[0.0],0,1,0,0,0.0,0.0,1
90335,2,1,1,"[0.5, 1.0, 1.5, 1.5, 2.0, 2.0, 2.0, 2.5, 4.0, 6.0]","[0.0, 0.0, 0.0, 0.0, 1.0, 1.4142135, 1.7320508, 2.0, 3.4641016, 5.91608]","[2.5, 3.0]","[2.236068, 2.4494898]","[-3.0, -1.0]",[2.5],[2.4494898],[-3.0],[6.0],[5.656854],[5.0],[6.0],[5.656854],[5.0],0,1,0,0,0.0,0.0,0
4098,3,2,1,"[0.0, 0.0, 1.0, 1.0, 2.5, 3.0, 3.0, 3.0, 3.5, 4.5]","[0.0, 0.0, 0.0, 0.0, 0.0, 1.0, 1.0, 3.0, 3.4641016, 3.7416575]","[1.0, 2.5, 2.5]","[0.0, 2.4494898, 2.4494898]","[-2.5, -2.0, -2.0]","[1.0, 2.5]","[0.0, 2.4494898]","[-2.0, -2.0]","[2.0, 3.5]","[1.7320508, 2.4494898]","[0.0, 0.5]",[6.5],[6.4807405],[5.0],1,0,1,0,1.0,0.0,0
138,1,1,1,"[0.5, 0.5, 1.0, 2.0, 2.5, 2.5, 3.0, 3.0, 3.5, 5.5]","[0.0, 0.0, 0.0, 0.0, 2.0, 2.4494898, 2.828427, 2.828427, 3.1622777, 4.2426405]",[4.5],[4.2426405],[-2.0],[4.5],[4.2426405],[-2.0],[3.5],[2.4494898],[1.5],[3.5],[2.4494898],[1.5],0,1,0,0,0.0,0.0,1
717,4,2,0,"[0.0, 0.5, 1.0, 1.5, 2.5, 3.0, 4.0, 4.0, 5.5, 9.0]","[0.0, 0.0, 0.0, 1.0, 2.0, 2.828427, 3.4641016, 3.8729835, 5.477226, 9.0]","[1.0, 3.5, 4.0, 5.0]","[1.0, 3.4641016, 3.8729835, 4.0]","[-6.5, -4.0, -3.0, -2.0]","[1.0, 5.0]","[1.0, 4.0]","[-6.5, -2.0]","[1.0, 5.0]","[1.0, 4.0]","[-6.5, -2.0]",[],[],[],2,0,0,1,0.0,2.0,1
164,2,1,1,"[0.5, 0.5, 0.5, 1.0, 1.0, 1.5, 3.5, 4.0, 4.0, 4.5]","[0.0, 0.0, 0.0, 0.0, 0.0, 1.0, 1.4142135, 2.4494898, 2.6457512, 3.4641016]","[1.5, 3.5]","[0.0, 0.0]","[-3.5, -1.5]",[1.5],[0.0],[-3.5],[2.0],[1.7320508],[1.0],[2.0],[1.7320508],[1.0],0,1,0,0,0.0,0.0,1
664,4,2,0,"[0.5, 0.5, 0.5, 0.5, 1.0, 2.0, 3.0, 4.0, 4.5, 5.5]","[0.0, 0.0, 0.0, 0.0, 0.0, 0.0, 1.7320508, 2.236068, 4.2426405, 5.2915025]","[1.5, 2.0, 2.0, 6.0]","[0.0, 1.7320508, 2.0, 5.91608]","[-4.0, -3.0, -3.0, -1.0]","[2.0, 2.0]","[1.7320508, 2.0]","[-3.0, -3.0]","[2.0, 2.0]","[1.7320508, 2.0]","[-3.0, -3.0]",[],[],[],2,0,0,1,0.0,2.0,1
475,3,2,0,"[0.0, 1.0, 1.0, 1.0, 1.5, 2.0, 3.0, 3.0, 5.5, 8.0]","[0.0, 0.0, 0.0, 0.0, 0.0, 1.0, 2.0, 2.236068, 5.2915025, 7.937254]","[2.0, 3.5, 3.5]","[0.0, 0.0, 2.4494898]","[-5.0, -3.0, -1.0]","[2.0, 3.5]","[0.0, 0.0]","[-5.0, -3.0]","[2.0, 3.5]","[0.0, 0.0]","[-5.0, -3.0]",[],[],[],2,0,0,1,0.0,2.0,1
787,29,6,2,"[1.5, 2.5, 2.5, 2.5, 4.0, 4.5, 6.5, 7.5, 8.5, 8.5]","[0.0, 0.0, 1.4142135, 2.0, 4.0, 4.472136, 6.0, 7.483315, 8.485281, 8.485281]","[0.0, 0.0, 0.5, 0.5, 1.0, 1.0, 1.0, 1.5, 1.5, 1.5, 1.5, 2.0, 2.0, 2.0, 2.5, 2.5, 3.0, 3.0, 3.0, 3.5, 3.5, 3.5, 4.0, 4.0, 4.0, 4.5, 5.0, 5.0, 6.0]","[0.0, 0.0, 0.0, 0.0, 0.0, 0.0, 0.0, 0.0, 0.0, 0.0, 0.0, 0.0, 0.0, 2.0, 2.0, 2.4494898, 2.4494898, 2.4494898, 2.6457512, 2.828427, 3.0, 3.0, 3.1622777, 3.4641016, 3.8729835, 4.472136, 4.582576, 4.8989797, 5.656854]","[-7.0, -6.5, -5.5, -5.5, -5.0, -5.0, -5.0, -4.5, -4.5, -4.5, -4.5, -4.5, -4.0, -4.0, -4.0, -4.0, -3.5, -3.5, -3.5, -3.0, -3.0, -3.0, -3.0, -3.0, -2.5, -2.5, -2.0, -2.0, -1.0]","[0.0, 0.0, 0.5, 1.0, 1.5, 1.5]","[0.0, 0.0, 0.0, 0.0, 0.0, 0.0]","[-4.5, -4.5, -4.5, -4.0, -4.0, -2.5]","[3.0, 4.5, 4.5, 5.5, 5.5, 7.5]","[2.828427, 2.828427, 4.2426405, 4.8989797, 5.477226, 7.483315]","[-3.0, -1.0, -0.5, 0.5, 2.5, 2.5]","[2.0, 3.0]","[2.0, 2.828427]","[-7.0, -3.0]",4,1,1,0,4.0,0.0,1
730,2,2,2,"[0.0, 0.5, 0.5, 0.5, 1.5, 2.0, 2.0, 2.5, 5.0, 6.0]","[0.0, 0.0, 0.0, 0.0, 0.0, 0.0, 0.0, 1.7320508, 4.0, 5.196152]","[1.0, 2.0]","[0.0, 1.0]","[-5.5, -4.0]","[1.0, 2.0]","[0.0, 1.0]","[-5.5, -4.0]","[2.5, 4.0]","[2.0, 4.0]","[1.5, 2.5]","[2.5, 4.0]","[2.0, 4.0]","[1.5, 2.5]",0,2,0,0,0.0,0.0,1
59932,2,2,2,"[0.0, 0.5, 1.0, 1.0, 1.5, 2.0, 2.5, 2.5, 5.5, 8.5]","[0.0, 0.0, 0.0, 0.0, 0.0, 1.4142135, 2.4494898, 2.4494898, 5.477226, 8.485281]","[0.5, 2.5]","[0.0, 2.0]","[-4.0, -1.5]","[0.5, 2.5]","[0.0, 2.0]","[-4.0, -1.5]","[6.0, 6.5]","[5.91608, 6.4807405]","[2.5, 4.0]","[6.0, 6.5]","[5.91608, 6.4807405]","[2.5, 4.0]",0,2,0,0,0.0,0.0,0
66008,5,2,1,"[0.5, 0.5, 1.5, 2.0, 2.0, 2.5, 2.5, 2.5, 4.5, 8.5]","[0.0, 0.0, 0.0, 1.4142135, 1.7320508, 1.7320508, 2.0, 2.4494898, 3.7416575, 8.485281]","[1.0, 3.0, 3.0, 3.5, 4.0]","[0.0, 0.0, 0.0, 0.0, 2.236068]","[-4.0, -3.5, -2.5, -2.5, -1.0]","[1.0, 3.0]","[0.0, 0.0]","[-3.5, -2.5]","[2.5, 3.0]","[0.0, 0.0]","[-3.5, -2.0]",[8.0],[7.937254],[5.5],1,0,1,0,1.0,0.0,0
902,2,1,1,"[0.0, 0.5, 1.0, 1.0, 2.5, 2.5, 3.5, 3.5, 4.0, 6.0]","[0.0, 0.0, 0.0, 0.0, 0.0, 0.0, 2.0, 2.0, 3.4641016, 5.656854]","[2.5, 5.0]","[0.0, 4.582576]","[-5.0, -1.0]",[2.5],[0.0],[-5.0],[0.5],[0.0],[-1.5],[0.5],[0.0],[-1.5],0,1,0,0,0.0,0.0,1
722,3,1,1,"[0.0, 1.0, 1.0, 1.0, 1.5, 2.0, 2.0, 2.0, 3.0, 4.5]","[0.0, 0.0, 0.0, 0.0, 1.0, 1.4142135, 1.7320508, 1.7320508, 2.828427, 2.828427]","[1.0, 1.5, 2.0]","[0.0, 0.0, 0.0]","[-4.5, -4.0, -3.0]",[1.0],[0.0],[-4.0],[1.0],[0.0],[0.5],[1.0],[0.0],[0.5],0,1,0,0,0.0,0.0,1
693,8,3,2,"[0.0, 0.5, 1.0, 2.0, 2.0, 2.5, 3.0, 4.5, 6.0, 7.5]","[0.0, 0.0, 0.0, 1.0, 1.7320508, 2.0, 2.828427, 3.7416575, 5.91608, 7.3484693]","[0.5, 1.0, 1.5, 2.5, 2.5, 3.0, 3.0, 3.0]","[0.0, 0.0, 0.0, 0.0, 0.0, 0.0, 2.0, 2.828427]","[-5.0, -4.5, -4.0, -3.5, -3.0, -3.0, -2.5, -1.5]","[0.5, 3.0, 3.0]","[0.0, 0.0, 2.828427]","[-5.0, -2.5, -1.5]","[4.5, 5.0, 5.5]","[0.0, 4.0, 4.2426405]","[0.0, 1.0, 3.0]","[4.5, 4.5]","[0.0, 2.828427]","[-2.0, 3.0]",1,1,1,0,1.0,0.0,1
176,2,1,1,"[0.0, 0.0, 1.0, 1.5, 2.0, 2.0, 2.5, 2.5, 2.5, 5.0]","[0.0, 0.0, 0.0, 0.0, 1.7320508, 1.7320508, 2.0, 2.4494898, 2.4494898, 4.8989797]","[1.5, 2.5]","[0.0, 1.4142135]","[-3.0, -1.0]",[1.5],[1.4142135],[-3.0],[4.0],[3.8729835],[1.0],[4.0],[3.8729835],[1.0],0,1,0,0,0.0,0.0,1
67560,2,2,1,"[0.0, 0.5, 0.5, 1.0, 1.5, 1.5, 3.0, 3.5, 3.5, 6.5]","[0.0, 0.0, 0.0, 0.0, 0.0, 0.0, 1.0, 2.236068, 2.4494898, 6.3245554]","[1.0, 4.5]","[1.0, 3.7416575]","[-3.0, -2.5]","[1.0, 4.5]","[1.0, 3.7416575]","[-3.0, -2.5]","[3.0, 3.5]","[2.828427, 3.1622777]","[-0.5, 0.0]",[4.5],[2.828427],[4.0],1,0,1,0,1.0,0.0,0
381,1,1,1,"[0.5, 1.0, 1.5, 1.5, 1.5, 2.0, 2.0, 2.5, 4.5, 5.0]","[0.0, 0.0, 0.0, 0.0, 1.4142135, 1.4142135, 2.0, 2.0, 4.472136, 5.0]",[2.0],[2.0],[-1.5],[2.0],[2.0],[-1.5],[5.0],[4.8989797],[2.5],[5.0],[4.8989797],[2.5],0,1,0,0,0.0,0.0,1
76,4,2,1,"[0.0, 1.0, 1.0, 1.5, 2.0, 2.0, 2.5, 2.5, 3.5, 8.0]","[0.0, 0.0, 0.0, 0.0, 0.0, 1.0, 2.4494898, 2.4494898, 3.4641016, 7.937254]","[3.0, 3.0, 4.0, 4.0]","[0.0, 2.236068, 2.6457512, 3.4641016]","[-3.0, -2.5, -2.5, -1.5]","[3.0, 4.0]","[2.236068, 3.4641016]","[-2.5, -1.5]","[3.0, 7.0]","[0.0, 6.708204]","[-3.0, 2.0]",[2.0],[0.0],[-1.0],1,0,1,0,1.0,0.0,1
901,5,2,1,"[0.5, 1.0, 1.0, 2.0, 2.5, 2.5, 3.0, 3.5, 6.5, 7.0]","[0.0, 0.0, 0.0, 0.0, 2.0, 2.236068, 2.4494898, 3.4641016, 6.3245554, 6.928203]","[1.5, 2.0, 2.5, 3.5, 4.0]","[0.0, 0.0, 1.4142135, 2.0, 3.8729835]","[-4.0, -3.5, -3.0, -2.5, -2.5]","[1.5, 2.5]","[1.4142135, 2.0]","[-4.0, -3.5]","[4.0, 4.0]","[3.8729835, 3.8729835]","[-3.0, 0.0]",[3.5],[2.4494898],[-0.5],1,0,1,0,1.0,0.0,1
801,7,3,1,"[0.0, 0.0, 0.0, 1.0, 1.0, 2.0, 4.5, 4.5, 5.0, 7.0]","[0.0, 0.0, 0.0, 0.0, 0.0, 1.0, 3.7416575, 4.472136, 4.582576, 7.0]","[1.5, 2.0, 2.5, 2.5, 4.0, 4.5, 5.5]","[0.0, 1.4142135, 2.0, 2.4494898, 3.4641016, 4.2426405, 5.477226]","[-4.5, -4.5, -3.0, -2.0, -1.5, -1.0, -1.0]","[1.5, 2.5, 4.5]","[1.4142135, 2.4494898, 4.2426405]","[-4.5, -3.0, -1.0]","[5.5, 6.0, 8.5]","[5.477226, 5.656854, 8.485281]","[0.0, 2.0, 5.0]",[5.0],[4.8989797],[3.5],2,0,1,0,2.0,0.0,1
610,1,1,1,"[0.0, 0.5, 1.0, 1.5, 2.0, 2.0, 2.0, 3.0, 3.5, 4.0]","[0.0, 0.0, 0.0, 0.0, 0.0, 0.0, 2.0, 2.236068, 3.4641016, 3.8729835]",[2.5],[2.4494898],[-1.5],[2.5],[2.4494898],[-1.5],[2.5],[2.0],[1.0],[2.5],[2.0],[1.0],0,1,0,0,0.0,0.0,1
481,5,3,1,"[0.0, 0.5, 0.5, 0.5, 1.5, 2.0, 3.5, 7.5, 7.5, 8.5]","[0.0, 0.0, 0.0, 0.0, 0.0, 0.0, 3.4641016, 7.3484693, 7.3484693, 8.485281]","[1.0, 3.0, 3.0, 4.0, 5.5]","[0.0, 2.236068, 2.236068, 3.4641016, 4.8989797]","[-5.5, -5.0, -3.5, -1.5, -1.0]","[3.0, 3.0, 4.0]","[2.236068, 2.236068, 3.4641016]","[-5.5, -5.0, -1.5]","[4.5, 6.0, 6.0]","[0.0, 5.656854, 5.91608]","[-3.0, -1.0, -0.5]",[4.5],[4.472136],[-0.5],2,0,1,0,2.0,0.0,1
241,2,2,0,"[0.0, 1.0, 1.5, 2.0, 2.0, 2.0, 2.5, 3.0, 3.5, 6.0]","[0.0, 0.0, 0.0, 0.0, 1.0, 1.7320508, 1.7320508, 2.828427, 3.4641016, 5.196152]","[1.0, 4.0]","[0.0, 1.0]","[-2.5, -1.5]","[1.0, 4.0]","[0.0, 1.0]","[-2.5, -1.5]","[1.0, 4.0]","[0.0, 1.0]","[-2.5, -1.5]",[],[],[],2,0,0,1,0.0,2.0,1
63504,2,2,1,"[0.0, 0.0, 0.0, 0.5, 1.5, 1.5, 1.5, 2.0, 4.0, 9.0]","[0.0, 0.0, 0.0, 0.0, 0.0, 1.4142135, 1.4142135, 1.7320508, 3.8729835, 9.0]","[2.0, 3.5]","[1.7320508, 3.1622777]","[-5.0, -2.5]","[2.0, 3.5]","[1.7320508, 3.1622777]","[-5.0, -2.5]","[3.0, 4.0]","[0.0, 3.8729835]","[-2.0, -1.5]",[7.5],[7.483315],[6.0],1,0,1,0,1.0,0.0,0
506,2,1,1,"[0.0, 0.0, 0.5, 1.0, 1.0, 2.0, 2.0, 3.0, 4.0, 6.5]","[0.0, 0.0, 0.0, 0.0, 0.0, 1.7320508, 2.0, 2.6457512, 3.0, 6.3245554]","[1.5, 4.5]","[1.4142135, 4.2426405]","[-3.5, -1.5]",[1.5],[1.4142135],[-3.5],[4.0],[3.4641016],[3.0],[4.0],[3.4641016],[3.0],0,1,0,0,0.0,0.0,1
27688,4,2,1,"[0.5, 1.0, 1.0, 1.5, 1.5, 1.5, 2.0, 2.5, 5.0, 7.5]","[0.0, 0.0, 0.0, 1.0, 1.4142135, 1.4142135, 2.0, 2.4494898, 4.8989797, 7.3484693]","[1.5, 2.5, 3.0, 3.5]","[0.0, 0.0, 2.0, 2.236068]","[-4.0, -3.5, -3.0, -1.5]","[1.5, 2.5]","[0.0, 2.0]","[-4.0, -3.5]","[3.5, 4.0]","[0.0, 0.0]","[-3.0, -0.5]",[6.5],[6.3245554],[3.0],1,0,1,0,1.0,0.0,0
91493,3,2,1,"[0.0, 0.5, 1.0, 1.0, 1.5, 2.0, 2.0, 3.0, 3.5, 8.0]","[0.0, 0.0, 0.0, 0.0, 1.4142135, 1.7320508, 1.7320508, 2.236068, 2.4494898, 7.937254]","[2.0, 2.0, 3.5]","[0.0, 0.0, 2.4494898]","[-4.0, -3.0, -1.0]","[2.0, 2.0]","[0.0, 0.0]","[-4.0, -3.0]","[2.5, 2.5]","[2.0, 2.4494898]","[-2.5, -1.5]",[6.5],[6.4807405],[5.5],1,0,1,0,1.0,0.0,0
815,3,1,1,"[0.0, 0.5, 1.0, 1.5, 2.5, 3.0, 3.0, 3.5, 4.0, 7.0]","[0.0, 0.0, 0.0, 0.0, 0.0, 0.0, 2.236068, 3.1622777, 3.8729835, 6.928203]","[2.0, 4.5, 5.0]","[0.0, 3.7416575, 4.8989797]","[-3.5, -2.0, -1.5]",[2.0],[0.0],[-3.5],[2.0],[0.0],[-1.0],[2.0],[0.0],[-1.0],0,1,0,0,0.0,0.0,1
329,6,2,2,"[0.5, 1.0, 1.5, 1.5, 2.0, 2.5, 3.0, 4.0, 5.0, 5.5]","[0.0, 0.0, 0.0, 0.0, 0.0, 1.4142135, 1.7320508, 3.4641016, 4.582576, 4.8989797]","[1.0, 2.0, 3.0, 3.5, 3.5, 4.5]","[0.0, 0.0, 1.7320508, 2.236068, 3.1622777, 4.2426405]","[-4.5, -3.0, -3.0, -2.0, -2.0, -1.5]","[1.0, 3.5]","[0.0, 3.1622777]","[-4.5, -2.0]","[3.5, 4.0]","[2.6457512, 3.1622777]","[1.5, 3.0]","[3.5, 4.0]","[2.6457512, 3.1622777]","[1.5, 3.0]",0,2,0,0,0.0,0.0,1
93615,1,1,1,"[1.0, 1.0, 1.0, 1.5, 2.5, 2.5, 2.5, 3.0, 3.5, 4.0]","[0.0, 0.0, 0.0, 1.0, 2.0, 2.236068, 2.4494898, 2.4494898, 2.4494898, 2.6457512]",[2.0],[1.7320508],[-2.5],[2.0],[1.7320508],[-2.5],[5.5],[4.8989797],[5.0],[5.5],[4.8989797],[5.0],0,1,0,0,0.0,0.0,0
23767,1,1,1,"[1.0, 1.0, 1.0, 1.5, 2.0, 2.0, 2.5, 3.0, 4.0, 4.5]","[0.0, 0.0, 0.0, 1.0, 1.4142135, 1.7320508, 1.7320508, 2.0, 2.236068, 4.2426405]",[3.0],[2.828427],[-2.5],[3.0],[2.828427],[-2.5],[5.0],[4.0],[4.5],[5.0],[4.0],[4.5],0,1,0,0,0.0,0.0,0
11,2,1,1,"[1.0, 1.0, 1.0, 1.5, 1.5, 2.0, 2.0, 2.0, 2.5, 4.5]","[0.0, 0.0, 0.0, 0.0, 0.0, 1.0, 1.0, 1.7320508, 1.7320508, 2.828427]","[2.0, 2.0]","[0.0, 2.0]","[-2.0, -1.0]",[2.0],[2.0],[-2.0],[4.0],[3.4641016],[3.5],[4.0],[3.4641016],[3.5],0,1,0,0,0.0,0.0,1
415,2,1,1,"[0.0, 0.0, 0.5, 2.0, 2.0, 2.5, 2.5, 3.0, 5.0, 5.5]","[0.0, 0.0, 0.0, 0.0, 0.0, 1.7320508, 2.0, 2.828427, 3.0, 5.477226]","[2.0, 5.5]","[2.0, 5.2915025]","[-4.5, -1.5]",[2.0],[2.0],[-4.5],[2.0],[0.0],[0.5],[2.0],[0.0],[0.5],0,1,0,0,0.0,0.0,1
88966,1,1,1,"[0.5, 0.5, 1.0, 1.0, 1.0, 2.0, 2.5, 2.5, 3.0, 4.0]","[0.0, 0.0, 0.0, 0.0, 0.0, 2.0, 2.0, 2.4494898, 2.6457512, 2.828427]",[2.0],[1.7320508],[-3.5],[2.0],[1.7320508],[-3.5],[5.5],[5.477226],[4.0],[5.5],[5.477226],[4.0],0,1,0,0,0.0,0.0,0
17974,1,1,1,"[0.0, 0.0, 0.5, 1.0, 1.0, 1.5, 1.5, 3.0, 3.5, 5.5]","[0.0, 0.0, 0.0, 0.0, 0.0, 0.0, 1.0, 2.828427, 3.4641016, 5.2915025]",[4.5],[4.2426405],[-1.0],[4.5],[4.2426405],[-1.0],[6.5],[6.0],[3.5],[6.5],[6.0],[3.5],0,1,0,0,0.0,0.0,0
436,1,1,1,"[0.0, 0.0, 0.5, 1.0, 1.0, 1.0, 2.0, 3.0, 3.5, 5.5]","[0.0, 0.0, 0.0, 0.0, 0.0, 0.0, 1.7320508, 3.0, 3.1622777, 5.2915025]",[3.0],[2.828427],[-2.0],[3.0],[2.828427],[-2.0],[1.5],[1.4142135],[-1.0],[1.5],[1.4142135],[-1.0],0,1,0,0,0.0,0.0,1
837,1,1,1,"[0.0, 0.5, 1.5, 1.5, 2.0, 2.5, 3.0, 4.0, 4.5, 6.5]","[0.0, 0.0, 0.0, 0.0, 1.4142135, 2.0, 2.828427, 2.828427, 3.4641016, 6.4807405]",[4.5],[4.472136],[-2.5],[4.5],[4.472136],[-2.5],[5.0],[5.0],[1.0],[5.0],[5.0],[1.0],0,1,0,0,0.0,0.0,1
26865,3,2,1,"[1.0, 1.0, 1.0, 1.0, 2.0, 2.0, 2.0, 2.0, 2.5, 5.0]","[0.0, 0.0, 0.0, 0.0, 0.0, 0.0, 0.0, 1.0, 2.0, 4.582576]","[2.0, 2.5, 3.5]","[2.0, 2.4494898, 3.4641016]","[-3.0, -2.0, -1.5]","[2.0, 2.5]","[2.0, 2.4494898]","[-3.0, -1.5]","[2.5, 7.5]","[2.0, 7.3484693]","[1.0, 4.0]",[4.0],[2.6457512],[4.0],1,0,1,0,1.0,0.0,0
708,5,3,2,"[0.5, 0.5, 0.5, 1.0, 1.5, 2.0, 3.5, 3.5, 7.0, 7.0]","[0.0, 0.0, 0.0, 0.0, 1.4142135, 2.0, 3.4641016, 3.4641016, 6.928203, 7.0]","[1.0, 1.5, 1.5, 3.5, 5.0]","[0.0, 1.4142135, 1.4142135, 2.4494898, 4.582576]","[-5.0, -3.5, -3.0, -2.5, -1.5]","[1.0, 1.5, 1.5]","[0.0, 1.4142135, 1.4142135]","[-5.0, -3.5, -3.0]","[3.0, 4.5, 5.0]","[0.0, 4.472136, 4.582576]","[-1.0, -0.5, 0.0]","[3.0, 3.0]","[0.0, 2.236068]","[-1.0, 0.0]",1,1,1,0,1.0,0.0,1
913,23,6,1,"[0.5, 2.0, 3.5, 3.5, 4.0, 6.0, 6.5, 6.5, 7.0, 7.0]","[0.0, 0.0, 0.0, 2.4494898, 3.4641016, 5.91608, 6.4807405, 6.4807405, 6.928203, 6.928203]","[0.0, 0.0, 0.0, 0.5, 0.5, 1.5, 2.0, 2.0, 2.5, 2.5, 2.5, 2.5, 3.0, 3.5, 3.5, 4.0, 4.0, 4.5, 4.5, 4.5, 5.0, 5.5, 6.0]","[0.0, 0.0, 0.0, 0.0, 0.0, 0.0, 1.4142135, 1.7320508, 1.7320508, 2.0, 2.0, 2.4494898, 2.4494898, 3.4641016, 3.4641016, 3.4641016, 3.7416575, 3.8729835, 4.2426405, 4.472136, 5.0, 5.477226, 5.91608]","[-7.5, -6.5, -6.0, -6.0, -5.5, -5.0, -4.5, -4.0, -3.5, -3.5, -3.5, -3.5, -2.5, -2.5, -2.0, -2.0, -2.0, -2.0, -2.0, -1.5, -1.5, -1.5, -1.0]","[0.0, 0.0, 0.0, 0.5, 0.5, 2.5]","[0.0, 0.0, 0.0, 0.0, 0.0, 2.0]","[-7.5, -6.5, -6.0, -6.0, -5.0, -1.5]","[3.5, 4.0, 5.0, 7.5, 7.5, 9.0]","[2.4494898, 3.8729835, 4.0, 7.3484693, 7.483315, 9.0]","[-3.5, -2.0, -1.5, 1.5, 2.0, 5.5]",[2.0],[0.0],[-2.0],5,0,1,0,5.0,0.0,1
82182,4,2,1,"[0.0, 0.0, 1.0, 1.0, 1.5, 2.0, 2.0, 2.0, 2.5, 8.0]","[0.0, 0.0, 0.0, 0.0, 0.0, 0.0, 0.0, 1.7320508, 2.0, 7.937254]","[1.5, 2.5, 4.0, 4.5]","[0.0, 0.0, 3.4641016, 3.7416575]","[-4.5, -2.0, -1.5, -1.5]","[1.5, 2.5]","[0.0, 0.0]","[-4.5, -2.0]","[1.0, 7.0]","[1.0, 6.708204]","[-3.5, 3.5]",[7.0],[6.708204],[7.0],1,0,1,0,1.0,0.0,0
391,1,1,1,"[0.0, 0.0, 1.5, 1.5, 1.5, 2.0, 2.0, 2.0, 2.5, 5.5]","[0.0, 0.0, 0.0, 0.0, 0.0, 0.0, 1.7320508, 2.0, 2.0, 5.477226]",[1.0],[0.0],[-2.5],[1.0],[0.0],[-2.5],[3.0],[2.828427],[2.0],[3.0],[2.828427],[2.0],0,1,0,0,0.0,0.0,1
786,1,1,1,"[0.0, 0.5, 0.5, 0.5, 1.5, 2.0, 2.0, 2.5, 3.0, 7.0]","[0.0, 0.0, 0.0, 0.0, 0.0, 0.0, 1.7320508, 2.0, 2.4494898, 6.708204]",[4.5],[4.472136],[-3.0],[4.5],[4.472136],[-3.0],[2.0],[2.0],[-0.5],[2.0],[2.0],[-0.5],0,1,0,0,0.0,0.0,1
9,2,2,1,"[0.0, 0.0, 0.5, 1.5, 2.0, 2.0, 2.5, 3.0, 5.0, 6.5]","[0.0, 0.0, 0.0, 1.4142135, 1.7320508, 2.0, 2.0, 2.828427, 4.0, 6.3245554]","[1.5, 3.0]","[0.0, 0.0]","[-3.0, -2.0]","[1.5, 3.0]","[0.0, 0.0]","[-3.0, -2.0]","[6.5, 6.5]","[6.0, 6.4807405]","[2.0, 3.0]",[5.0],[3.0],[3.5],1,0,1,0,1.0,0.0,1
60587,1,1,1,"[0.5, 1.0, 2.0, 2.0, 3.0, 3.0, 3.5, 3.5, 4.0, 6.0]","[0.0, 0.0, 0.0, 1.7320508, 2.236068, 2.236068, 2.4494898, 3.1622777, 3.8729835, 5.656854]",[2.0],[2.0],[-4.5],[2.0],[2.0],[-4.5],[7.0],[7.0],[4.5],[7.0],[7.0],[4.5],0,1,0,0,0.0,0.0,0
13311,2,2,1,"[0.5, 0.5, 1.0, 1.5, 2.0, 3.0, 3.0, 3.5, 3.5, 6.0]","[0.0, 0.0, 0.0, 1.4142135, 1.7320508, 2.236068, 3.0, 3.4641016, 3.4641016, 5.656854]","[1.5, 2.0]","[1.4142135, 1.7320508]","[-3.5, -2.0]","[1.5, 2.0]","[1.4142135, 1.7320508]","[-3.5, -2.0]","[4.0, 6.0]","[0.0, 5.91608]","[0.0, 1.5]",[5.5],[4.8989797],[3.0],1,0,1,0,1.0,0.0,0
25189,2,2,2,"[0.0, 0.5, 1.0, 1.5, 1.5, 2.0, 2.0, 2.0, 3.5, 6.0]","[0.0, 0.0, 0.0, 0.0, 0.0, 0.0, 0.0, 1.4142135, 2.0, 5.656854]","[1.0, 4.5]","[1.0, 4.2426405]","[-3.0, -1.0]","[1.0, 4.5]","[1.0, 4.2426405]","[-3.0, -1.0]","[4.0, 5.0]","[3.4641016, 5.0]","[2.0, 3.5]","[4.0, 5.0]","[3.4641016, 5.0]","[2.0, 3.5]",0,2,0,0,0.0,0.0,0
49253,3,2,1,"[1.0, 1.5, 2.0, 2.0, 2.0, 2.0, 3.5, 4.0, 4.5, 6.5]","[0.0, 0.0, 0.0, 1.0, 1.4142135, 1.7320508, 3.4641016, 3.4641016, 4.472136, 6.3245554]","[1.0, 2.0, 2.5]","[1.0, 1.7320508, 2.0]","[-5.0, -3.5, -3.0]","[1.0, 2.0]","[1.0, 1.7320508]","[-5.0, -3.0]","[2.5, 4.0]","[2.0, 3.4641016]","[-3.5, 1.5]",[6.5],[6.3245554],[4.5],1,0,1,0,1.0,0.0,0
671,5,2,1,"[0.0, 0.5, 1.0, 1.5, 2.0, 3.0, 4.0, 5.0, 5.0, 5.5]","[0.0, 0.0, 0.0, 0.0, 0.0, 1.4142135, 2.0, 4.0, 4.0, 5.477226]","[1.5, 2.0, 3.0, 4.0, 4.0]","[0.0, 0.0, 2.828427, 3.8729835, 3.8729835]","[-5.0, -4.0, -3.0, -2.5, -2.0]","[2.0, 3.0]","[0.0, 2.828427]","[-5.0, -2.5]","[1.5, 8.5]","[0.0, 8.485281]","[-2.0, 5.5]",[3.0],[3.0],[2.0],1,0,1,0,1.0,0.0,1
960,2,1,1,"[0.0, 0.5, 1.0, 1.5, 2.0, 2.0, 3.0, 3.5, 4.0, 4.0]","[0.0, 0.0, 0.0, 0.0, 0.0, 1.0, 1.4142135, 1.7320508, 3.1622777, 3.8729835]","[1.0, 2.5]","[0.0, 2.4494898]","[-2.5, -2.0]",[1.0],[0.0],[-2.0],[4.5],[4.2426405],[4.0],[4.5],[4.2426405],[4.0],0,1,0,0,0.0,0.0,1
91327,1,1,1,"[1.0, 1.0, 1.5, 1.5, 1.5, 1.5, 2.0, 2.5, 2.5, 3.0]","[0.0, 0.0, 0.0, 1.4142135, 1.4142135, 1.4142135, 1.4142135, 2.4494898, 2.4494898, 2.828427]",[2.0],[2.0],[-1.5],[2.0],[2.0],[-1.5],[5.0],[4.0],[4.0],[5.0],[4.0],[4.0],0,1,0,0,0.0,0.0,0
51629,3,2,1,"[0.5, 1.0, 1.5, 1.5, 2.5, 2.5, 3.0, 4.0, 4.0, 4.5]","[0.0, 0.0, 0.0, 1.4142135, 1.4142135, 2.236068, 2.4494898, 2.6457512, 3.8729835, 4.472136]","[1.5, 2.5, 4.0]","[0.0, 2.0, 3.8729835]","[-2.0, -1.0, -1.0]","[1.5, 4.0]","[0.0, 3.8729835]","[-2.0, -1.0]","[4.0, 4.0]","[3.4641016, 3.4641016]","[-1.0, 1.5]",[3.0],[2.236068],[0.0],1,0,1,0,1.0,0.0,0
10521,2,1,1,"[0.0, 0.0, 0.5, 1.5, 2.0, 2.0, 3.0, 3.0, 5.5, 6.5]","[0.0, 0.0, 0.0, 0.0, 0.0, 0.0, 2.828427, 3.0, 4.2426405, 6.3245554]","[0.5, 5.5]","[0.0, 5.477226]","[-4.5, -3.0]",[0.5],[0.0],[-4.5],[8.5],[8.485281],[7.5],[8.5],[8.485281],[7.5],0,1,0,0,0.0,0.0,0
88,1,1,1,"[0.0, 0.5, 0.5, 1.5, 1.5, 2.0, 2.0, 2.0, 3.0, 3.5]","[0.0, 0.0, 0.0, 0.0, 0.0, 1.4142135, 1.7320508, 2.0, 3.0, 3.1622777]",[1.5],[1.4142135],[-1.5],[1.5],[1.4142135],[-1.5],[7.0],[6.708204],[5.5],[7.0],[6.708204],[5.5],0,1,0,0,0.0,0.0,1
62667,2,1,1,"[0.0, 0.0, 0.5, 1.0, 1.5, 1.5, 2.0, 2.5, 3.0, 4.5]","[0.0, 0.0, 0.0, 0.0, 0.0, 0.0, 0.0, 2.4494898, 2.828427, 2.828427]","[3.0, 4.5]","[2.828427, 3.7416575]","[-2.5, -1.0]",[3.0],[2.828427],[-2.5],[6.0],[5.91608],[5.5],[6.0],[5.91608],[5.5],0,1,0,0,0.0,0.0,0
66729,4,2,1,"[0.0, 0.5, 0.5, 1.5, 1.5, 2.0, 2.5, 3.5, 4.5, 8.0]","[0.0, 0.0, 0.0, 0.0, 0.0, 1.7320508, 2.4494898, 3.1622777, 4.472136, 7.937254]","[1.5, 2.5, 2.5, 5.0]","[0.0, 0.0, 2.0, 4.0]","[-3.5, -2.5, -2.5, -2.0]","[1.5, 2.5]","[0.0, 2.0]","[-3.5, -2.5]","[1.0, 1.5]","[0.0, 1.4142135]","[-3.5, -2.5]",[7.0],[6.928203],[6.5],1,0,1,0,1.0,0.0,0
804,3,2,0,"[0.0, 0.0, 0.5, 1.0, 1.0, 2.0, 3.5, 5.0, 5.5, 5.5]","[0.0, 0.0, 0.0, 0.0, 0.0, 0.0, 1.0, 4.8989797, 4.8989797, 5.477226]","[2.5, 3.0, 4.0]","[2.236068, 2.4494898, 4.0]","[-4.0, -3.0, -1.5]","[2.5, 4.0]","[2.4494898, 4.0]","[-3.0, -1.5]","[2.5, 4.0]","[2.4494898, 4.0]","[-3.0, -1.5]",[],[],[],2,0,0,1,0.0,2.0,1
49,1,1,1,"[0.0, 0.5, 0.5, 1.0, 1.5, 2.5, 4.5, 4.5, 4.5, 5.5]","[0.0, 0.0, 0.0, 0.0, 0.0, 1.0, 2.0, 2.828427, 3.7416575, 4.2426405]",[3.5],[2.4494898],[-1.0],[3.5],[2.4494898],[-1.0],[5.0],[4.582576],[-0.5],[5.0],[4.582576],[-0.5],0,1,0,0,0.0,0.0,1
44,3,2,1,"[0.5, 0.5, 1.0, 2.0, 2.5, 2.5, 3.0, 3.0, 4.0, 7.5]","[0.0, 0.0, 0.0, 0.0, 0.0, 2.236068, 2.4494898, 2.4494898, 3.4641016, 7.483315]","[1.0, 4.0, 4.0]","[0.0, 2.6457512, 3.8729835]","[-3.5, -2.5, -1.5]","[1.0, 4.0]","[0.0, 3.8729835]","[-3.5, -2.5]","[6.0, 6.5]","[5.91608, 6.3245554]","[1.5, 2.5]",[1.5],[1.4142135],[0.5],1,0,1,0,1.0,0.0,1
16,1,1,1,"[0.5, 0.5, 0.5, 1.5, 2.0, 2.0, 2.5, 3.5, 4.5, 5.0]","[0.0, 0.0, 0.0, 0.0, 1.4142135, 1.7320508, 2.0, 3.4641016, 3.7416575, 4.8989797]",[2.0],[0.0],[-4.5],[2.0],[0.0],[-4.5],[3.5],[0.0],[0.5],[3.5],[0.0],[0.5],0,1,0,0,0.0,0.0,1
697,1,1,1,"[0.0, 0.5, 1.0, 1.0, 1.5, 2.0, 2.0, 2.5, 4.5, 5.0]","[0.0, 0.0, 0.0, 0.0, 1.4142135, 2.0, 2.0, 2.0, 3.7416575, 4.8989797]",[3.5],[2.4494898],[-3.0],[3.5],[2.4494898],[-3.0],[7.5],[7.483315],[4.5],[7.5],[7.483315],[4.5],0,1,0,0,0.0,0.0,1
13806,2,1,1,"[0.0, 0.5, 0.5, 1.5, 2.0, 2.0, 2.0, 3.0, 3.5, 4.0]","[0.0, 0.0, 0.0, 0.0, 0.0, 0.0, 0.0, 0.0, 1.4142135, 3.0]","[3.5, 4.5]","[3.4641016, 4.2426405]","[-2.5, -1.5]",[3.5],[3.4641016],[-2.5],[5.5],[4.8989797],[5.5],[5.5],[4.8989797],[5.5],0,1,0,0,0.0,0.0,0
243,2,1,1,"[0.0, 0.5, 1.0, 1.5, 2.0, 2.5, 3.0, 3.0, 4.0, 5.0]","[0.0, 0.0, 0.0, 0.0, 1.0, 1.4142135, 1.7320508, 2.4494898, 3.0, 4.0]","[4.5, 4.5]","[3.7416575, 4.472136]","[-3.5, -1.0]",[4.5],[4.472136],[-3.5],[4.0],[3.8729835],[3.0],[4.0],[3.8729835],[3.0],0,1,0,0,0.0,0.0,1
427,1,1,1,"[0.0, 0.0, 1.0, 1.5, 2.0, 2.5, 3.0, 3.0, 3.0, 4.0]","[0.0, 0.0, 0.0, 0.0, 1.0, 1.7320508, 2.236068, 2.236068, 2.4494898, 3.0]",[2.0],[2.0],[-3.5],[2.0],[2.0],[-3.5],[1.5],[0.0],[0.5],[1.5],[0.0],[0.5],0,1,0,0,0.0,0.0,1
97433,4,2,1,"[0.0, 1.0, 1.0, 2.5, 2.5, 2.5, 2.5, 3.0, 3.5, 7.0]","[0.0, 0.0, 0.0, 0.0, 0.0, 2.0, 2.4494898, 2.828427, 3.4641016, 6.928203]","[1.5, 2.5, 2.5, 2.5]","[0.0, 1.4142135, 2.0, 2.4494898]","[-3.5, -3.0, -3.0, -2.5]","[1.5, 2.5]","[0.0, 1.4142135]","[-3.5, -3.0]","[2.0, 3.0]","[1.7320508, 2.236068]","[-3.0, -1.5]",[6.5],[6.4807405],[4.0],1,0,1,0,1.0,0.0,0
4,3,1,1,"[1.5, 1.5, 2.0, 2.0, 2.5, 2.5, 3.0, 3.0, 3.5, 6.0]","[0.0, 0.0, 0.0, 0.0, 0.0, 0.0, 2.0, 2.236068, 2.4494898, 5.196152]","[1.0, 4.0, 4.5]","[0.0, 3.4641016, 4.472136]","[-6.5, -3.0, -2.0]",[1.0],[0.0],[-6.5],[2.5],[2.0],[0.5],[2.5],[2.0],[0.5],0,1,0,0,0.0,0.0,1
432,2,2,2,"[0.0, 0.0, 0.5, 0.5, 1.0, 1.0, 2.5, 3.0, 3.0, 6.5]","[0.0, 0.0, 0.0, 0.0, 0.0, 0.0, 2.236068, 2.4494898, 2.828427, 6.4807405]","[0.5, 1.5]","[0.0, 0.0]","[-3.0, -2.0]","[0.5, 1.5]","[0.0, 0.0]","[-3.0, -2.0]","[3.5, 7.0]","[3.1622777, 6.928203]","[3.0, 3.5]","[3.5, 7.0]","[3.1622777, 6.928203]","[3.0, 3.5]",0,2,0,0,0.0,0.0,1
302,2,1,1,"[0.5, 0.5, 1.0, 1.0, 1.5, 1.5, 2.5, 3.0, 3.5, 8.0]","[0.0, 0.0, 0.0, 0.0, 0.0, 0.0, 1.0, 2.236068, 3.1622777, 7.937254]","[1.5, 3.5]","[0.0, 3.1622777]","[-3.5, -3.5]",[1.5],[0.0],[-3.5],[3.5],[2.4494898],[0.0],[3.5],[2.4494898],[0.0],0,1,0,0,0.0,0.0,1
463,1,1,1,"[0.0, 0.5, 1.0, 1.0, 1.5, 1.5, 2.0, 2.0, 3.0, 6.5]","[0.0, 0.0, 0.0, 0.0, 0.0, 1.0, 1.4142135, 1.7320508, 3.0, 6.4807405]",[1.5],[0.0],[-3.5],[1.5],[0.0],[-3.5],[3.5],[3.1622777],[-1.0],[3.5],[3.1622777],[-1.0],0,1,0,0,0.0,0.0,1
71346,4,2,2,"[0.0, 0.0, 0.5, 0.5, 1.0, 2.0, 2.0, 4.5, 4.5, 6.5]","[0.0, 0.0, 0.0, 0.0, 0.0, 1.7320508, 1.7320508, 2.828427, 4.472136, 6.3245554]","[0.5, 1.0, 1.5, 2.5]","[0.0, 0.0, 1.4142135, 2.0]","[-5.0, -4.5, -3.0, -1.0]","[0.5, 2.5]","[0.0, 2.0]","[-5.0, -3.0]","[4.0, 8.0]","[0.0, 8.0]","[3.0, 5.0]","[4.0, 8.0]","[0.0, 8.0]","[3.0, 5.0]",0,2,0,0,0.0,0.0,0
811,13,4,2,"[0.0, 0.5, 1.5, 2.5, 4.5, 4.5, 4.5, 5.0, 5.5, 6.5]","[0.0, 0.0, 0.0, 1.4142135, 2.0, 3.7416575, 4.0, 4.472136, 5.477226, 6.3245554]","[0.5, 0.5, 1.0, 3.0, 3.0, 3.0, 3.0, 3.0, 3.5, 4.5, 4.5, 4.5, 4.5]","[0.0, 0.0, 0.0, 0.0, 1.0, 2.236068, 2.236068, 2.236068, 2.828427, 3.4641016, 3.7416575, 3.7416575, 4.472136]","[-5.5, -5.0, -4.5, -4.0, -3.5, -3.0, -2.5, -2.0, -2.0, -1.5, -1.5, -1.0, -1.0]","[0.5, 1.0, 3.0, 3.5]","[0.0, 1.0, 2.236068, 3.4641016]","[-5.5, -4.0, -3.5, -2.5]","[4.5, 4.5, 5.0, 5.5]","[3.0, 3.7416575, 4.2426405, 5.2915025]","[0.0, 0.5, 1.5, 2.0]","[2.5, 4.5]","[2.0, 4.2426405]","[0.0, 2.0]",2,1,1,0,2.0,0.0,1
340,1,1,1,"[0.0, 0.0, 0.0, 0.0, 1.0, 1.0, 1.5, 2.5, 3.5, 4.5]","[0.0, 0.0, 0.0, 0.0, 0.0, 0.0, 0.0, 0.0, 2.0, 4.2426405]",[2.5],[2.0],[-2.5],[2.5],[2.0],[-2.5],[5.0],[4.0],[3.0],[5.0],[4.0],[3.0],0,1,0,0,0.0,0.0,1
68370,4,2,1,"[0.5, 1.5, 2.0, 2.0, 2.0, 2.5, 3.0, 3.5, 4.5, 7.0]","[0.0, 0.0, 0.0, 1.7320508, 1.7320508, 2.0, 2.4494898, 2.828427, 4.472136, 6.708204]","[2.0, 2.5, 2.5, 3.0]","[0.0, 1.7320508, 2.0, 2.0]","[-4.0, -3.0, -2.5, -1.5]","[2.0, 2.5]","[1.7320508, 2.0]","[-3.0, -2.5]","[2.5, 4.0]","[0.0, 0.0]","[-2.0, -0.5]",[8.5],[8.485281],[6.5],1,0,1,0,1.0,0.0,0
69228,3,2,1,"[0.0, 0.0, 0.5, 1.0, 2.5, 2.5, 2.5, 4.0, 4.5, 6.5]","[0.0, 0.0, 0.0, 0.0, 0.0, 0.0, 0.0, 2.0, 2.828427, 6.4807405]","[2.0, 4.0, 4.0]","[0.0, 3.4641016, 4.0]","[-5.5, -3.5, -1.5]","[2.0, 4.0]","[0.0, 4.0]","[-5.5, -1.5]","[1.0, 2.5]","[0.0, 2.4494898]","[-2.5, -0.5]",[8.5],[8.485281],[8.5],1,0,1,0,1.0,0.0,0
15718,2,1,1,"[1.0, 1.5, 1.5, 2.0, 2.5, 3.0, 3.0, 4.0, 4.5, 5.0]","[0.0, 0.0, 1.0, 1.4142135, 1.7320508, 2.0, 2.236068, 3.4641016, 4.2426405, 4.582576]","[2.5, 3.0]","[2.0, 2.236068]","[-2.0, -2.0]",[2.5],[2.0],[-2.0],[7.5],[7.483315],[6.0],[7.5],[7.483315],[6.0],0,1,0,0,0.0,0.0,0
829,1,1,1,"[0.0, 0.5, 1.0, 1.5, 2.0, 2.0, 2.5, 3.0, 3.5, 4.0]","[0.0, 0.0, 0.0, 0.0, 1.7320508, 2.0, 2.4494898, 3.0, 3.1622777, 3.8729835]",[0.5],[0.0],[-3.0],[0.5],[0.0],[-3.0],[6.5],[6.0],[4.0],[6.5],[6.0],[4.0],0,1,0,0,0.0,0.0,1
49955,2,1,1,"[0.0, 0.0, 1.0, 1.0, 2.0, 2.5, 2.5, 3.0, 4.0, 4.5]","[0.0, 0.0, 0.0, 0.0, 1.0, 1.7320508, 2.0, 2.0, 2.6457512, 2.828427]","[3.0, 5.5]","[0.0, 4.8989797]","[-3.0, -1.0]",[3.0],[0.0],[-3.0],[7.0],[6.708204],[6.5],[7.0],[6.708204],[6.5],0,1,0,0,0.0,0.0,0
62884,2,1,1,"[1.5, 1.5, 1.5, 1.5, 2.5, 2.5, 2.5, 3.0, 3.0, 6.5]","[0.0, 0.0, 0.0, 1.4142135, 1.4142135, 2.0, 2.236068, 2.4494898, 2.4494898, 6.0]","[2.5, 4.5]","[2.0, 2.828427]","[-3.0, -1.0]",[2.5],[2.0],[-3.0],[8.0],[7.937254],[5.5],[8.0],[7.937254],[5.5],0,1,0,0,0.0,0.0,0
284,1,1,1,"[0.5, 0.5, 1.0, 1.5, 1.5, 3.0, 3.5, 4.0, 4.0, 4.5]","[0.0, 0.0, 0.0, 0.0, 1.4142135, 2.6457512, 2.6457512, 3.0, 3.1622777, 4.2426405]",[2.5],[2.0],[-3.5],[2.5],[2.0],[-3.5],[4.5],[4.472136],[3.0],[4.5],[4.472136],[3.0],0,1,0,0,0.0,0.0,1
354,1,1,1,"[0.5, 0.5, 1.0, 1.5, 2.0, 2.5, 3.0, 3.5, 3.5, 7.0]","[0.0, 0.0, 0.0, 0.0, 0.0, 1.4142135, 1.7320508, 2.4494898, 3.1622777, 6.928203]",[2.5],[0.0],[-1.0],[2.5],[0.0],[-1.0],[1.5],[1.4142135],[-2.5],[1.5],[1.4142135],[-2.5],0,1,0,0,0.0,0.0,1
760,5,2,0,"[0.0, 0.5, 1.0, 1.0, 1.0, 2.5, 3.0, 5.0, 6.0, 6.0]","[0.0, 0.0, 0.0, 0.0, 0.0, 0.0, 0.0, 4.8989797, 5.656854, 5.656854]","[0.5, 1.5, 2.0, 2.5, 3.5]","[0.0, 1.4142135, 1.7320508, 2.4494898, 3.4641016]","[-5.5, -4.5, -3.5, -3.0, -2.5]","[0.5, 1.5]","[0.0, 1.4142135]","[-5.5, -3.5]","[0.5, 1.5]","[0.0, 1.4142135]","[-5.5, -3.5]",[],[],[],2,0,0,1,0.0,2.0,1
263,4,1,1,"[0.0, 0.5, 0.5, 0.5, 1.0, 1.5, 2.0, 3.5, 4.0, 7.5]","[0.0, 0.0, 0.0, 0.0, 0.0, 0.0, 0.0, 1.7320508, 3.4641016, 7.3484693]","[1.5, 1.5, 3.5, 4.5]","[0.0, 0.0, 1.4142135, 2.828427]","[-5.0, -4.5, -4.0, -2.0]",[1.5],[1.4142135],[-4.5],[1.0],[0.0],[-2.5],[1.0],[0.0],[-2.5],0,1,0,0,0.0,0.0,1
36220,3,2,2,"[0.0, 0.5, 1.5, 2.0, 2.5, 2.5, 3.0, 3.0, 4.0, 5.5]","[0.0, 0.0, 0.0, 1.7320508, 2.0, 2.0, 2.236068, 2.828427, 3.4641016, 4.8989797]","[1.0, 1.5, 2.5]","[0.0, 1.0, 1.4142135]","[-5.0, -2.5, -2.0]","[1.0, 1.5]","[1.0, 1.4142135]","[-5.0, -2.5]","[7.0, 7.5]","[7.0, 7.3484693]","[5.5, 6.0]","[7.0, 7.5]","[7.0, 7.3484693]","[5.5, 6.0]",0,2,0,0,0.0,0.0,0
180,1,1,1,"[0.5, 0.5, 0.5, 0.5, 1.0, 1.5, 2.5, 3.5, 3.5, 5.0]","[0.0, 0.0, 0.0, 0.0, 0.0, 0.0, 0.0, 3.1622777, 3.4641016, 4.8989797]",[1.0],[0.0],[-4.0],[1.0],[0.0],[-4.0],[8.5],[8.485281],[5.0],[8.5],[8.485281],[5.0],0,1,0,0,0.0,0.0,1
374,2,1,1,"[0.0, 1.0, 1.0, 1.5, 1.5, 2.0, 2.0, 2.5, 2.5, 5.0]","[0.0, 0.0, 0.0, 0.0, 0.0, 1.0, 1.7320508, 2.4494898, 2.4494898, 5.0]","[2.0, 2.5]","[0.0, 2.4494898]","[-2.0, -1.5]",[2.5],[2.4494898],[-2.0],[2.0],[1.7320508],[-0.5],[2.0],[1.7320508],[-0.5],0,1,0,0,0.0,0.0,1
644,2,2,0,"[0.0, 0.5, 0.5, 1.0, 1.5, 2.0, 3.0, 3.5, 5.0, 6.5]","[0.0, 0.0, 0.0, 0.0, 0.0, 0.0, 1.4142135, 3.1622777, 4.582576, 6.0]","[1.0, 2.5]","[0.0, 2.4494898]","[-5.5, -2.5]","[1.0, 2.5]","[0.0, 2.4494898]","[-5.5, -2.5]","[1.0, 2.5]","[0.0, 2.4494898]","[-5.5, -2.5]",[],[],[],2,0,0,1,0.0,2.0,1
35351,3,2,1,"[0.0, 0.5, 2.0, 2.0, 2.0, 2.5, 3.5, 4.5, 5.0, 6.5]","[0.0, 0.0, 0.0, 0.0, 0.0, 2.0, 3.4641016, 4.472136, 4.8989797, 6.4807405]","[1.5, 1.5, 3.0]","[0.0, 1.4142135, 2.828427]","[-3.5, -2.0, -2.0]","[1.5, 3.0]","[1.4142135, 2.828427]","[-3.5, -2.0]","[3.0, 4.0]","[2.236068, 3.4641016]","[-2.0, -2.0]",[8.5],[8.485281],[4.0],1,0,1,0,1.0,0.0,0
522,3,2,0,"[0.0, 0.0, 0.5, 1.0, 1.5, 2.0, 2.5, 2.5, 3.5, 8.5]","[0.0, 0.0, 0.0, 0.0, 0.0, 0.0, 1.4142135, 2.0, 3.4641016, 8.485281]","[3.0, 3.0, 5.5]","[0.0, 2.236068, 4.8989797]","[-3.0, -3.0, -1.5]","[3.0, 3.0]","[0.0, 2.236068]","[-3.0, -3.0]","[3.0, 3.0]","[0.0, 2.236068]","[-3.0, -3.0]",[],[],[],2,0,0,1,0.0,2.0,1
604,2,1,1,"[0.0, 0.0, 1.0, 1.0, 2.0, 2.5, 2.5, 4.0, 5.0, 8.5]","[0.0, 0.0, 0.0, 0.0, 0.0, 2.0, 2.4494898, 3.8729835, 4.8989797, 8.485281]","[2.0, 2.5]","[0.0, 2.4494898]","[-4.5, -3.5]",[2.5],[2.4494898],[-3.5],[6.0],[5.91608],[-0.5],[6.0],[5.91608],[-0.5],0,1,0,0,0.0,0.0,1
59060,4,2,1,"[0.0, 1.0, 1.5, 1.5, 2.0, 2.0, 2.5, 4.0, 4.0, 6.5]","[0.0, 0.0, 0.0, 1.0, 1.7320508, 2.0, 2.4494898, 2.6457512, 4.0, 6.0]","[1.5, 2.0, 2.5, 4.5]","[0.0, 0.0, 0.0, 3.7416575]","[-3.5, -3.5, -2.5, -2.5]","[1.5, 2.0]","[0.0, 0.0]","[-3.5, -2.5]","[3.5, 4.0]","[2.4494898, 3.4641016]","[-2.5, 0.0]",[9.0],[9.0],[5.5],1,0,1,0,1.0,0.0,0
44778,4,2,1,"[1.0, 1.5, 1.5, 1.5, 2.0, 2.0, 2.5, 3.5, 5.5, 7.0]","[0.0, 0.0, 0.0, 0.0, 0.0, 1.4142135, 1.7320508, 2.4494898, 4.8989797, 6.928203]","[0.5, 1.0, 1.5, 3.5]","[0.0, 0.0, 1.4142135, 3.1622777]","[-5.5, -4.0, -3.0, -1.5]","[0.5, 1.5]","[0.0, 1.4142135]","[-5.5, -1.5]","[3.0, 5.0]","[2.828427, 4.8989797]","[-1.0, 3.5]",[7.0],[7.0],[7.0],1,0,1,0,1.0,0.0,0
964,1,1,1,"[0.5, 0.5, 0.5, 1.0, 1.0, 1.5, 1.5, 2.0, 2.5, 4.5]","[0.0, 0.0, 0.0, 0.0, 0.0, 0.0, 0.0, 1.0, 1.7320508, 2.0]",[2.5],[0.0],[-2.5],[2.5],[0.0],[-2.5],[3.5],[3.1622777],[3.0],[3.5],[3.1622777],[3.0],0,1,0,0,0.0,0.0,1
22291,2,2,1,"[0.0, 0.5, 1.0, 1.0, 2.0, 2.0, 2.5, 3.5, 4.0, 8.0]","[0.0, 0.0, 0.0, 0.0, 0.0, 2.0, 2.0, 2.6457512, 3.4641016, 7.937254]","[1.0, 2.0]","[1.0, 2.0]","[-4.5, -3.5]","[1.0, 2.0]","[1.0, 2.0]","[-4.5, -3.5]","[6.5, 9.0]","[6.0, 9.0]","[2.0, 4.5]",[5.0],[4.8989797],[4.0],1,0,1,0,1.0,0.0,0
253,2,2,1,"[0.0, 0.0, 0.0, 0.5, 1.5, 2.0, 2.0, 3.5, 5.0, 6.0]","[0.0, 0.0, 0.0, 0.0, 0.0, 0.0, 2.0, 3.1622777, 4.8989797, 5.196152]","[1.5, 2.5]","[0.0, 1.4142135]","[-3.0, -1.5]","[1.5, 2.5]","[0.0, 1.4142135]","[-3.0, -1.5]","[3.5, 6.5]","[0.0, 6.4807405]","[-0.5, 3.5]",[2.5],[2.0],[0.5],1,0,1,0,1.0,0.0,1
342,1,1,1,"[0.0, 0.0, 0.0, 0.5, 1.0, 1.5, 1.5, 3.0, 4.5, 5.5]","[0.0, 0.0, 0.0, 0.0, 0.0, 1.0, 1.4142135, 3.0, 4.472136, 4.8989797]",[3.0],[2.828427],[-1.0],[3.0],[2.828427],[-1.0],[9.0],[9.0],[3.0],[9.0],[9.0],[3.0],0,1,0,0,0.0,0.0,1
21200,3,1,1,"[0.0, 0.5, 0.5, 1.5, 1.5, 2.0, 2.0, 4.0, 5.0, 6.0]","[0.0, 0.0, 0.0, 0.0, 0.0, 1.7320508, 2.0, 2.6457512, 4.8989797, 5.196152]","[2.5, 3.0, 5.0]","[0.0, 2.0, 5.0]","[-4.0, -3.0, -3.0]",[2.5],[2.0],[-4.0],[3.5],[2.4494898],[-1.0],[3.5],[2.4494898],[-1.0],0,1,0,0,0.0,0.0,0
752,2,1,1,"[1.0, 1.0, 1.0, 1.0, 2.5, 3.0, 3.5, 3.5, 4.0, 5.0]","[0.0, 0.0, 0.0, 0.0, 1.0, 1.0, 2.4494898, 2.6457512, 2.828427, 4.8989797]","[3.5, 4.0]","[3.1622777, 3.8729835]","[-2.5, -2.0]",[4.0],[3.8729835],[-2.5],[3.5],[3.1622777],[1.0],[3.5],[3.1622777],[1.0],0,1,0,0,0.0,0.0,1
172,3,1,1,"[0.5, 1.0, 1.0, 1.0, 1.5, 1.5, 2.0, 2.5, 4.5, 6.5]","[0.0, 0.0, 1.0, 1.0, 1.4142135, 1.4142135, 1.7320508, 2.4494898, 4.2426405, 6.0]","[3.0, 3.0, 3.5]","[0.0, 0.0, 2.236068]","[-2.5, -2.5, -2.5]",[3.0],[2.236068],[-2.5],[4.0],[3.8729835],[0.5],[4.0],[3.8729835],[0.5],0,1,0,0,0.0,0.0,1
54325,3,1,1,"[0.0, 0.5, 0.5, 1.5, 1.5, 2.5, 3.0, 3.0, 5.5, 5.5]","[0.0, 0.0, 0.0, 0.0, 0.0, 0.0, 1.4142135, 2.4494898, 5.477226, 5.477226]","[1.0, 1.0, 3.5]","[0.0, 1.0, 3.1622777]","[-5.0, -2.5, -1.0]",[1.0],[1.0],[-5.0],[4.0],[2.6457512],[1.5],[4.0],[2.6457512],[1.5],0,1,0,0,0.0,0.0,0
378,1,1,1,"[0.0, 0.0, 0.5, 1.0, 1.0, 1.0, 2.5, 2.5, 4.0, 5.5]","[0.0, 0.0, 0.0, 0.0, 1.0, 1.0, 2.0, 2.0, 3.8729835, 4.2426405]",[1.5],[0.0],[-3.5],[1.5],[0.0],[-3.5],[3.5],[3.4641016],[2.0],[3.5],[3.4641016],[2.0],0,1,0,0,0.0,0.0,1
48947,3,2,1,"[0.5, 0.5, 1.0, 1.0, 2.0, 2.0, 2.0, 2.0, 2.5, 7.0]","[0.0, 0.0, 0.0, 0.0, 0.0, 1.7320508, 1.7320508, 1.7320508, 2.4494898, 6.708204]","[1.0, 1.5, 3.5]","[0.0, 1.0, 3.1622777]","[-3.0, -2.5, -1.5]","[1.0, 3.5]","[1.0, 3.1622777]","[-3.0, -2.5]","[1.5, 3.5]","[0.0, 3.4641016]","[-1.5, -1.5]",[7.0],[7.0],[6.0],1,0,1,0,1.0,0.0,0
67230,1,1,1,"[0.0, 1.5, 1.5, 2.0, 2.0, 2.0, 2.5, 3.0, 3.0, 4.5]","[0.0, 0.0, 0.0, 0.0, 1.4142135, 1.7320508, 1.7320508, 2.0, 2.828427, 3.7416575]",[2.5],[2.4494898],[-2.5],[2.5],[2.4494898],[-2.5],[8.0],[8.0],[8.0],[8.0],[8.0],[8.0],0,1,0,0,0.0,0.0,0
8400,3,2,1,"[1.0, 1.0, 1.0, 1.5, 1.5, 2.0, 2.5, 2.5, 2.5, 7.0]","[0.0, 0.0, 0.0, 0.0, 0.0, 0.0, 1.0, 1.0, 2.4494898, 6.928203]","[1.5, 2.0, 2.5]","[0.0, 0.0, 1.4142135]","[-3.5, -2.0, -1.5]","[1.5, 2.5]","[0.0, 1.4142135]","[-3.5, -2.0]","[2.0, 4.5]","[0.0, 4.2426405]","[-1.5, 0.5]",[4.5],[2.828427],[4.0],1,0,1,0,1.0,0.0,0
308,3,2,2,"[0.0, 0.5, 1.0, 1.5, 2.0, 2.0, 2.5, 3.5, 4.5, 5.0]","[0.0, 0.0, 0.0, 0.0, 0.0, 0.0, 0.0, 0.0, 2.4494898, 4.8989797]","[0.5, 4.0, 4.5]","[0.0, 0.0, 3.7416575]","[-3.0, -2.5, -2.5]","[0.5, 4.5]","[0.0, 3.7416575]","[-3.0, -2.5]","[5.0, 6.5]","[4.582576, 6.4807405]","[2.0, 6.5]","[5.0, 6.5]","[4.582576, 6.4807405]","[2.0, 6.5]",0,2,0,0,0.0,0.0,0
86500,1,1,1,"[0.0, 1.0, 1.0, 1.5, 2.0, 2.0, 3.5, 4.0, 4.0, 4.5]","[0.0, 0.0, 0.0, 0.0, 1.0, 2.0, 2.4494898, 3.4641016, 3.8729835, 4.472136]",[1.5],[0.0],[-1.5],[1.5],[0.0],[-1.5],[8.5],[8.485281],[4.0],[8.5],[8.485281],[4.0],0,1,0,0,0.0,0.0,0
113,5,2,2,"[1.5, 1.5, 2.0, 2.5, 2.5, 2.5, 3.0, 5.0, 5.0, 8.0]","[0.0, 0.0, 0.0, 0.0, 2.0, 2.236068, 2.4494898, 3.0, 5.0, 8.0]","[2.5, 2.5, 3.0, 4.0, 5.0]","[0.0, 0.0, 2.0, 2.828427, 4.8989797]","[-4.0, -3.5, -3.0, -3.0, -1.5]","[2.5, 4.0]","[0.0, 2.0]","[-4.0, -3.0]","[2.5, 5.0]","[2.4494898, 3.0]","[1.0, 1.5]","[2.5, 5.0]","[2.4494898, 3.0]","[1.0, 1.5]",0,2,0,0,0.0,0.0,1
867,1,1,1,"[0.0, 0.5, 1.5, 2.5, 2.5, 3.0, 4.0, 4.5, 4.5, 5.5]","[0.0, 0.0, 0.0, 0.0, 0.0, 0.0, 0.0, 2.0, 4.2426405, 4.2426405]",[2.0],[0.0],[-4.5],[2.0],[0.0],[-4.5],[5.0],[4.8989797],[3.5],[5.0],[4.8989797],[3.5],0,1,0,0,0.0,0.0,1
718,2,2,2,"[0.0, 0.5, 0.5, 1.0, 1.0, 1.5, 2.0, 2.5, 4.5, 6.0]","[0.0, 0.0, 0.0, 0.0, 0.0, 1.0, 1.4142135, 2.4494898, 3.7416575, 5.91608]","[2.5, 3.0]","[2.0, 2.828427]","[-2.0, -2.0]","[2.5, 3.0]","[2.0, 2.828427]","[-2.0, -2.0]","[2.0, 7.0]","[0.0, 6.928203]","[1.0, 3.5]","[2.0, 7.0]","[0.0, 6.928203]","[1.0, 3.5]",0,2,0,0,0.0,0.0,1
838,1,1,1,"[0.0, 0.0, 1.0, 1.0, 1.5, 2.0, 2.5, 3.0, 3.5, 4.0]","[0.0, 0.0, 0.0, 0.0, 0.0, 0.0, 0.0, 2.0, 2.4494898, 2.6457512]",[3.0],[2.236068],[-2.0],[3.0],[2.236068],[-2.0],[6.0],[5.656854],[5.0],[6.0],[5.656854],[5.0],0,1,0,0,0.0,0.0,1
70878,1,1,1,"[0.5, 0.5, 0.5, 1.0, 1.0, 1.5, 1.5, 3.0, 4.0, 4.0]","[0.0, 0.0, 0.0, 1.0, 1.0, 1.4142135, 1.4142135, 2.236068, 3.8729835, 4.0]",[1.0],[0.0],[-1.5],[1.0],[0.0],[-1.5],[6.0],[5.196152],[3.5],[6.0],[5.196152],[3.5],0,1,0,0,0.0,0.0,0
59163,2,2,2,"[0.5, 0.5, 2.0, 2.0, 2.5, 2.5, 2.5, 3.0, 3.0, 3.5]","[0.0, 0.0, 0.0, 0.0, 2.0, 2.236068, 2.4494898, 2.4494898, 2.4494898, 2.828427]","[2.0, 3.0]","[2.0, 2.828427]","[-2.0, -1.5]","[2.0, 3.0]","[2.0, 2.828427]","[-2.0, -1.5]","[4.5, 7.5]","[3.7416575, 7.3484693]","[3.5, 6.5]","[4.5, 7.5]","[3.7416575, 7.3484693]","[3.5, 6.5]",0,2,0,0,0.0,0.0,0
296,1,1,1,"[0.0, 0.0, 1.0, 1.5, 1.5, 2.5, 3.0, 4.0, 4.5, 6.5]","[0.0, 0.0, 0.0, 0.0, 0.0, 1.4142135, 2.236068, 4.0, 4.472136, 6.0]",[1.5],[1.4142135],[-5.0],[1.5],[1.4142135],[-5.0],[3.5],[3.1622777],[-1.0],[3.5],[3.1622777],[-1.0],0,1,0,0,0.0,0.0,1
464,10,3,1,"[0.0, 0.5, 0.5, 0.5, 2.5, 3.0, 5.0, 6.5, 7.0, 7.0]","[0.0, 0.0, 0.0, 0.0, 2.4494898, 2.828427, 3.0, 6.3245554, 6.708204, 7.0]","[1.5, 1.5, 2.0, 2.0, 2.5, 3.0, 3.0, 4.0, 4.0, 4.0]","[0.0, 0.0, 0.0, 0.0, 1.4142135, 1.7320508, 2.0, 2.236068, 2.6457512, 4.0]","[-5.5, -5.0, -3.0, -2.5, -2.5, -2.5, -2.0, -2.0, -2.0, -1.0]","[1.5, 1.5, 2.0]","[0.0, 1.4142135, 1.7320508]","[-5.5, -5.0, -2.5]","[4.0, 5.5, 6.5]","[4.0, 5.477226, 6.3245554]","[-2.5, -1.5, 0.5]",[5.0],[3.0],[-2.5],2,0,1,0,2.0,0.0,1
235,2,1,1,"[0.0, 0.5, 0.5, 1.0, 1.0, 1.5, 2.0, 2.5, 4.0, 8.0]","[0.0, 0.0, 0.0, 0.0, 0.0, 1.4142135, 2.0, 2.0, 3.4641016, 8.0]","[2.5, 2.5]","[0.0, 2.0]","[-3.5, -2.5]",[2.5],[2.0],[-2.5],[2.0],[2.0],[-2.0],[2.0],[2.0],[-2.0],0,1,0,0,0.0,0.0,1
70597,2,1,1,"[1.0, 1.0, 1.0, 1.0, 2.0, 3.0, 3.5, 4.0, 4.5, 5.0]","[0.0, 0.0, 0.0, 0.0, 0.0, 2.236068, 3.4641016, 4.0, 4.472136, 5.0]","[1.5, 2.0]","[1.4142135, 1.7320508]","[-2.5, -2.5]",[1.5],[1.4142135],[-2.5],[5.5],[4.8989797],[1.0],[5.5],[4.8989797],[1.0],0,1,0,0,0.0,0.0,0
34751,2,1,1,"[1.0, 2.0, 2.0, 2.0, 2.5, 2.5, 2.5, 3.0, 3.0, 4.5]","[0.0, 0.0, 0.0, 1.7320508, 2.0, 2.0, 2.236068, 2.4494898, 2.828427, 4.472136]","[3.0, 3.5]","[2.828427, 3.4641016]","[-1.5, -1.5]",[3.5],[3.4641016],[-1.5],[6.0],[5.91608],[3.5],[6.0],[5.91608],[3.5],0,1,0,0,0.0,0.0,0
981,1,1,1,"[0.0, 0.5, 1.0, 2.0, 2.0, 2.0, 2.0, 4.0, 4.5, 5.0]","[0.0, 0.0, 0.0, 0.0, 0.0, 1.7320508, 2.0, 3.8729835, 4.0, 4.472136]",[4.0],[2.6457512],[-2.0],[4.0],[2.6457512],[-2.0],[4.0],[2.6457512],[0.5],[4.0],[2.6457512],[0.5],0,1,0,0,0.0,0.0,1
623,3,1,1,"[0.0, 0.5, 0.5, 0.5, 1.0, 1.0, 1.5, 4.5, 5.5, 6.0]","[0.0, 0.0, 0.0, 0.0, 0.0, 0.0, 1.0, 4.472136, 5.477226, 5.656854]","[1.0, 3.5, 5.0]","[0.0, 3.1622777, 4.582576]","[-4.5, -1.0, -1.0]",[1.0],[0.0],[-4.5],[3.5],[0.0],[1.5],[3.5],[0.0],[1.5],0,1,0,0,0.0,0.0,1
58968,1,1,1,"[0.0, 0.5, 0.5, 1.0, 1.0, 2.0, 2.5, 4.0, 5.0, 5.5]","[0.0, 0.0, 0.0, 0.0, 0.0, 1.7320508, 2.0, 3.8729835, 4.2426405, 5.0]",[3.5],[3.4641016],[-3.5],[3.5],[3.4641016],[-3.5],[7.0],[6.708204],[3.5],[7.0],[6.708204],[3.5],0,1,0,0,0.0,0.0,0
653,1,1,1,"[0.0, 0.5, 1.0, 1.5, 1.5, 2.0, 2.5, 3.5, 4.0, 7.0]","[0.0, 0.0, 0.0, 0.0, 0.0, 0.0, 2.0, 3.4641016, 4.0, 6.708204]",[3.5],[0.0],[-3.0],[3.5],[0.0],[-3.0],[2.0],[2.0],[-0.5],[2.0],[2.0],[-0.5],0,1,0,0,0.0,0.0,1
331,1,1,1,"[0.0, 0.5, 0.5, 1.0, 1.5, 2.0, 3.5, 3.5, 4.5, 7.0]","[0.0, 0.0, 0.0, 0.0, 1.4142135, 1.7320508, 2.4494898, 3.1622777, 4.2426405, 6.708204]",[2.5],[2.4494898],[-2.5],[2.5],[2.4494898],[-2.5],[5.5],[4.8989797],[0.0],[5.5],[4.8989797],[0.0],0,1,0,0,0.0,0.0,1
48533,2,2,1,"[1.0, 1.0, 1.5, 1.5, 1.5, 2.0, 2.0, 3.0, 3.5, 5.5]","[0.0, 0.0, 0.0, 0.0, 0.0, 2.0, 2.0, 2.828427, 3.4641016, 5.2915025]","[1.5, 2.5]","[0.0, 0.0]","[-2.0, -2.0]","[1.5, 2.5]","[0.0, 0.0]","[-2.0, -2.0]","[4.0, 5.0]","[2.6457512, 3.0]","[0.5, 2.0]",[7.5],[7.3484693],[6.5],1,0,1,0,1.0,0.0,0
63455,6,2,2,"[0.5, 1.0, 1.0, 1.5, 3.0, 3.0, 3.5, 4.5, 5.5, 6.5]","[0.0, 0.0, 1.0, 1.4142135, 2.236068, 2.828427, 3.4641016, 4.2426405, 5.2915025, 6.3245554]","[0.5, 1.5, 2.0, 2.5, 3.5, 3.5]","[0.0, 0.0, 0.0, 0.0, 1.4142135, 3.4641016]","[-4.5, -4.0, -4.0, -4.0, -2.5, -2.0]","[0.5, 2.0]","[0.0, 0.0]","[-4.5, -2.5]","[3.5, 5.0]","[2.4494898, 4.0]","[-0.5, 2.5]","[3.5, 5.0]","[2.4494898, 4.0]","[-0.5, 2.5]",0,2,0,0,0.0,0.0,0
43838,1,1,1,"[0.0, 0.5, 0.5, 1.0, 1.5, 1.5, 2.0, 2.5, 3.0, 7.0]","[0.0, 0.0, 0.0, 0.0, 0.0, 1.0, 1.4142135, 2.0, 2.828427, 6.708204]",[2.0],[0.0],[-4.5],[2.0],[0.0],[-4.5],[7.5],[7.3484693],[4.5],[7.5],[7.3484693],[4.5],0,1,0,0,0.0,0.0,0
108,1,1,1,"[0.5, 0.5, 1.5, 1.5, 1.5, 1.5, 3.5, 4.5, 6.0, 6.0]","[0.0, 0.0, 0.0, 0.0, 0.0, 1.4142135, 3.1622777, 4.472136, 5.91608, 6.0]",[4.5],[4.472136],[-2.0],[4.5],[4.472136],[-2.0],[7.0],[7.0],[1.5],[7.0],[7.0],[1.5],0,1,0,0,0.0,0.0,1
429,3,1,1,"[1.0, 1.0, 1.0, 2.0, 2.0, 2.5, 3.0, 3.5, 4.0, 7.0]","[0.0, 0.0, 0.0, 1.0, 1.7320508, 2.4494898, 2.4494898, 2.828427, 3.4641016, 6.708204]","[2.5, 3.0, 5.0]","[0.0, 3.0, 4.0]","[-5.0, -4.5, -1.0]",[2.5],[0.0],[-5.0],[2.0],[2.0],[-1.0],[2.0],[2.0],[-1.0],0,1,0,0,0.0,0.0,1
249,4,2,1,"[0.0, 0.5, 0.5, 0.5, 1.5, 2.5, 3.0, 4.0, 7.0, 9.0]","[0.0, 0.0, 0.0, 0.0, 0.0, 2.4494898, 2.828427, 4.0, 6.708204, 9.0]","[2.5, 3.5, 4.0, 4.5]","[0.0, 3.1622777, 3.4641016, 4.472136]","[-4.5, -4.0, -3.0, -3.0]","[2.5, 4.5]","[0.0, 4.472136]","[-4.5, -4.0]","[3.5, 4.0]","[3.1622777, 3.4641016]","[-3.0, -3.0]",[4.5],[4.472136],[0.0],1,0,1,0,1.0,0.0,1
85534,3,2,1,"[0.0, 0.0, 1.0, 2.0, 2.0, 2.5, 2.5, 3.0, 3.0, 6.0]","[0.0, 0.0, 0.0, 0.0, 2.0, 2.0, 2.236068, 2.4494898, 2.4494898, 5.196152]","[1.0, 2.0, 4.0]","[0.0, 0.0, 2.6457512]","[-3.5, -2.0, -1.5]","[1.0, 2.0]","[0.0, 0.0]","[-3.5, -1.5]","[3.5, 5.5]","[2.4494898, 4.8989797]","[0.0, 1.0]",[8.5],[8.485281],[6.5],1,0,1,0,1.0,0.0,0
173,1,1,1,"[0.0, 0.5, 0.5, 0.5, 1.0, 1.0, 2.0, 2.0, 2.0, 4.0]","[0.0, 0.0, 0.0, 0.0, 0.0, 0.0, 0.0, 1.0, 1.7320508, 3.4641016]",[2.5],[2.4494898],[-2.5],[2.5],[2.4494898],[-2.5],[6.5],[6.4807405],[5.5],[6.5],[6.4807405],[5.5],0,1,0,0,0.0,0.0,1
27596,3,2,1,"[0.0, 1.0, 1.5, 1.5, 1.5, 2.0, 2.0, 3.0, 5.0, 5.5]","[0.0, 0.0, 0.0, 1.0, 1.4142135, 1.7320508, 2.0, 2.236068, 4.8989797, 5.477226]","[1.0, 1.5, 2.0]","[0.0, 1.0, 1.7320508]","[-4.0, -3.0, -1.5]","[1.0, 2.0]","[1.0, 1.7320508]","[-4.0, -3.0]","[4.0, 4.5]","[3.4641016, 3.7416575]","[-1.0, 0.5]",[5.5],[4.2426405],[2.0],1,0,1,0,1.0,0.0,0
64016,2,1,1,"[0.0, 0.0, 1.0, 1.5, 1.5, 2.0, 2.0, 2.5, 3.5, 4.0]","[0.0, 0.0, 0.0, 0.0, 1.0, 1.4142135, 1.7320508, 2.4494898, 3.1622777, 3.4641016]","[1.0, 2.0]","[0.0, 1.7320508]","[-3.0, -2.5]",[1.0],[0.0],[-3.0],[9.0],[9.0],[6.5],[9.0],[9.0],[6.5],0,1,0,0,0.0,0.0,0
519,1,1,1,"[0.5, 0.5, 1.0, 1.0, 1.0, 1.0, 1.5, 2.0, 3.0, 4.5]","[0.0, 0.0, 0.0, 0.0, 0.0, 0.0, 1.0, 1.4142135, 2.828427, 2.828427]",[4.5],[4.2426405],[-1.5],[4.5],[4.2426405],[-1.5],[1.5],[0.0],[0.0],[1.5],[0.0],[0.0],0,1,0,0,0.0,0.0,1
85174,4,1,1,"[0.0, 0.5, 0.5, 1.0, 2.5, 2.5, 3.5, 3.5, 4.5, 5.0]","[0.0, 0.0, 0.0, 0.0, 0.0, 0.0, 2.4494898, 3.1622777, 3.7416575, 4.0]","[2.5, 2.5, 2.5, 5.0]","[0.0, 2.4494898, 2.4494898, 4.8989797]","[-5.0, -4.0, -2.0, -1.5]",[2.5],[2.4494898],[-5.0],[9.0],[9.0],[7.0],[9.0],[9.0],[7.0],0,1,0,0,0.0,0.0,0
9724,2,1,1,"[0.0, 0.5, 1.0, 1.0, 1.0, 1.0, 1.5, 2.0, 2.5, 5.5]","[0.0, 0.0, 0.0, 0.0, 0.0, 1.0, 1.0, 2.0, 2.0, 4.2426405]","[2.5, 4.0]","[0.0, 0.0]","[-2.5, -1.5]",[2.5],[0.0],[-2.5],[7.5],[7.483315],[6.0],[7.5],[7.483315],[6.0],0,1,0,0,0.0,0.0,0
20355,5,2,1,"[0.0, 0.5, 0.5, 1.5, 2.0, 2.5, 3.5, 3.5, 4.0, 7.5]","[0.0, 0.0, 0.0, 0.0, 0.0, 0.0, 2.4494898, 2.6457512, 3.1622777, 7.3484693]","[1.5, 2.0, 3.0, 3.5, 4.0]","[0.0, 0.0, 2.236068, 2.4494898, 3.8729835]","[-5.5, -4.0, -3.0, -1.5, -1.0]","[1.5, 2.0]","[0.0, 0.0]","[-5.5, -1.5]","[3.0, 4.0]","[2.236068, 2.6457512]","[-1.0, -0.5]",[7.5],[7.483315],[6.5],1,0,1,0,1.0,0.0,0
17322,2,1,1,"[1.0, 1.5, 1.5, 1.5, 2.0, 2.0, 2.5, 2.5, 3.0, 3.0]","[0.0, 0.0, 0.0, 0.0, 0.0, 1.4142135, 1.4142135, 2.0, 2.4494898, 2.828427]","[1.0, 1.0]","[0.0, 1.0]","[-3.5, -2.0]",[1.0],[1.0],[-2.0],[9.0],[9.0],[7.0],[9.0],[9.0],[7.0],0,1,0,0,0.0,0.0,0
749,5,3,1,"[0.0, 0.5, 0.5, 1.0, 2.0, 2.0, 2.0, 4.0, 8.0, 8.5]","[0.0, 0.0, 0.0, 0.0, 0.0, 1.7320508, 1.7320508, 3.4641016, 7.937254, 8.485281]","[2.0, 2.5, 3.0, 3.5, 7.5]","[0.0, 0.0, 0.0, 2.4494898, 7.483315]","[-5.5, -3.5, -2.0, -1.5, -1.5]","[2.0, 2.5, 3.5]","[0.0, 0.0, 2.4494898]","[-5.5, -2.0, -1.5]","[3.0, 6.0, 7.0]","[0.0, 5.196152, 6.708204]","[-2.0, 1.0, 1.0]",[2.5],[2.4494898],[-3.0],2,0,1,0,2.0,0.0,1
25786,5,2,1,"[0.5, 1.0, 1.5, 2.0, 2.5, 2.5, 3.0, 3.5, 5.0, 7.0]","[0.0, 0.0, 0.0, 1.0, 2.0, 2.236068, 2.4494898, 3.0, 3.4641016, 6.708204]","[1.0, 2.0, 2.5, 4.0, 6.0]","[0.0, 0.0, 1.0, 4.0, 6.0]","[-4.5, -3.0, -3.0, -2.5, -1.0]","[1.0, 2.0]","[0.0, 1.0]","[-4.5, -1.0]","[3.0, 3.0]","[0.0, 2.828427]","[-2.0, -0.5]",[6.0],[5.91608],[4.5],1,0,1,0,1.0,0.0,0
713,1,1,1,"[0.5, 0.5, 1.0, 1.0, 1.5, 2.0, 2.0, 3.5, 3.5, 6.5]","[0.0, 0.0, 0.0, 1.0, 1.4142135, 1.7320508, 1.7320508, 3.1622777, 3.4641016, 6.4807405]",[1.5],[0.0],[-2.5],[1.5],[0.0],[-2.5],[5.0],[4.0],[0.5],[5.0],[4.0],[0.5],0,1,0,0,0.0,0.0,1
77473,5,2,1,"[0.5, 0.5, 0.5, 2.0, 2.0, 2.5, 3.0, 4.5, 5.5, 6.5]","[0.0, 0.0, 0.0, 1.7320508, 1.7320508, 2.0, 2.828427, 4.2426405, 5.477226, 6.3245554]","[1.5, 2.5, 3.0, 3.0, 5.5]","[1.4142135, 2.4494898, 2.828427, 2.828427, 5.2915025]","[-2.5, -2.5, -1.5, -1.5, -1.0]","[1.5, 5.5]","[1.4142135, 5.2915025]","[-2.5, -1.0]","[2.0, 3.0]","[0.0, 2.828427]","[-2.5, -2.5]",[4.5],[4.2426405],[1.0],1,0,1,0,1.0,0.0,0
643,1,1,1,"[0.5, 1.0, 1.0, 1.0, 2.0, 2.5, 2.5, 3.0, 3.5, 5.0]","[0.0, 0.0, 0.0, 0.0, 0.0, 0.0, 2.0, 2.828427, 3.1622777, 4.0]",[2.5],[2.4494898],[-4.0],[2.5],[2.4494898],[-4.0],[6.5],[6.4807405],[5.5],[6.5],[6.4807405],[5.5],0,1,0,0,0.0,0.0,1
234,1,1,1,"[0.0, 1.0, 1.0, 2.0, 2.0, 2.5, 3.0, 4.0, 5.0, 7.5]","[0.0, 0.0, 0.0, 0.0, 1.0, 1.7320508, 1.7320508, 3.0, 4.8989797, 7.483315]",[3.0],[3.0],[-4.0],[3.0],[3.0],[-4.0],[6.5],[6.3245554],[1.0],[6.5],[6.3245554],[1.0],0,1,0,0,0.0,0.0,1
13,3,2,2,"[0.0, 0.0, 1.0, 1.5, 1.5, 2.0, 2.5, 4.0, 5.0, 8.0]","[0.0, 0.0, 0.0, 0.0, 0.0, 0.0, 1.7320508, 4.0, 5.0, 8.0]","[2.0, 2.0, 4.5]","[0.0, 0.0, 3.7416575]","[-4.0, -3.0, -1.0]","[2.0, 2.0]","[0.0, 0.0]","[-4.0, -3.0]","[3.0, 5.0]","[2.828427, 3.0]","[-1.0, 0.5]","[3.0, 5.0]","[2.828427, 3.0]","[-1.0, 0.5]",0,2,0,0,0.0,0.0,1
385,3,1,1,"[0.0, 0.5, 1.5, 1.5, 1.5, 2.0, 2.5, 3.0, 3.5, 5.0]","[0.0, 0.0, 1.4142135, 1.4142135, 1.4142135, 1.7320508, 2.236068, 2.4494898, 3.4641016, 4.582576]","[1.5, 2.0, 2.0]","[0.0, 1.4142135, 2.0]","[-3.5, -3.0, -3.0]",[1.5],[1.4142135],[-3.5],[2.5],[2.0],[0.0],[2.5],[2.0],[0.0],0,1,0,0,0.0,0.0,1
281,2,1,1,"[0.0, 0.0, 0.0, 0.5, 1.5, 3.0, 3.5, 4.5, 4.5, 5.0]","[0.0, 0.0, 0.0, 0.0, 0.0, 1.4142135, 2.4494898, 4.2426405, 4.472136, 5.0]","[1.5, 3.5]","[0.0, 3.4641016]","[-1.5, -1.0]",[1.5],[0.0],[-1.5],[2.5],[2.4494898],[-1.0],[2.5],[2.4494898],[-1.0],0,1,0,0,0.0,0.0,1
879,1,1,1,"[0.0, 0.5, 0.5, 0.5, 2.0, 2.5, 2.5, 3.0, 3.5, 4.0]","[0.0, 0.0, 0.0, 0.0, 0.0, 2.0, 2.0, 3.0, 3.1622777, 3.8729835]",[2.5],[2.4494898],[-1.0],[2.5],[2.4494898],[-1.0],[4.0],[3.8729835],[1.0],[4.0],[3.8729835],[1.0],0,1,0,0,0.0,0.0,1
92953,2,1,1,"[0.5, 1.0, 1.0, 1.5, 1.5, 2.0, 2.5, 3.0, 3.0, 5.0]","[0.0, 0.0, 0.0, 0.0, 0.0, 0.0, 1.0, 2.236068, 2.236068, 5.0]","[1.5, 2.0]","[0.0, 0.0]","[-1.5, -1.5]",[1.5],[0.0],[-1.5],[4.0],[3.4641016],[1.5],[4.0],[3.4641016],[1.5],0,1,0,0,0.0,0.0,0
705,2,2,1,"[0.5, 1.0, 1.0, 1.0, 1.5, 1.5, 2.0, 2.5, 3.0, 8.0]","[0.0, 0.0, 0.0, 1.0, 1.0, 1.4142135, 2.0, 2.0, 3.0, 7.937254]","[3.0, 3.5]","[0.0, 0.0]","[-1.5, -1.5]","[3.0, 3.5]","[0.0, 0.0]","[-1.5, -1.5]","[2.0, 5.5]","[0.0, 4.8989797]","[-2.5, 0.0]",[3.5],[3.4641016],[1.5],1,0,1,0,1.0,0.0,1
48967,3,2,1,"[0.0, 0.0, 0.0, 0.5, 0.5, 2.0, 3.5, 3.5, 3.5, 7.0]","[0.0, 0.0, 0.0, 0.0, 0.0, 0.0, 2.0, 2.4494898, 3.4641016, 6.928203]","[3.0, 3.5, 5.0]","[0.0, 2.236068, 5.0]","[-4.0, -2.0, -2.0]","[3.0, 5.0]","[2.236068, 5.0]","[-2.0, -2.0]","[4.0, 7.0]","[4.0, 6.928203]","[-1.5, 3.5]",[8.0],[7.937254],[6.0],1,0,1,0,1.0,0.0,0
69,4,1,1,"[0.0, 1.0, 1.0, 1.5, 1.5, 1.5, 1.5, 3.0, 5.5, 6.5]","[0.0, 0.0, 0.0, 0.0, 0.0, 1.0, 1.4142135, 2.828427, 4.2426405, 6.3245554]","[1.5, 2.5, 3.5, 5.0]","[0.0, 0.0, 2.4494898, 4.0]","[-4.5, -2.5, -1.5, -1.5]",[1.5],[0.0],[-4.5],[5.5],[5.477226],[2.0],[5.5],[5.477226],[2.0],0,1,0,0,0.0,0.0,1
669,6,3,2,"[0.0, 0.0, 0.5, 1.0, 1.5, 2.0, 2.5, 4.5, 6.0, 7.0]","[0.0, 0.0, 0.0, 0.0, 0.0, 1.4142135, 2.4494898, 4.2426405, 5.656854, 7.0]","[0.5, 1.5, 2.0, 2.0, 4.0, 5.0]","[0.0, 1.4142135, 1.7320508, 2.0, 3.8729835, 4.582576]","[-5.0, -4.0, -4.0, -3.5, -2.5, -2.5]","[0.5, 1.5, 2.0]","[0.0, 1.4142135, 2.0]","[-4.0, -4.0, -3.5]","[1.5, 5.0, 7.0]","[1.4142135, 4.582576, 6.928203]","[-2.5, -0.5, 4.0]","[2.0, 7.0]","[0.0, 6.928203]","[-1.5, 4.0]",1,1,1,0,1.0,0.0,1
269,3,1,1,"[0.0, 0.5, 0.5, 1.5, 2.0, 2.0, 2.5, 3.5, 5.5, 8.0]","[0.0, 0.0, 0.0, 0.0, 0.0, 1.4142135, 2.0, 2.0, 5.477226, 7.937254]","[2.5, 3.0, 4.0]","[0.0, 2.4494898, 2.6457512]","[-5.0, -5.0, -2.5]",[2.5],[2.4494898],[-5.0],[3.5],[0.0],[-2.5],[3.5],[0.0],[-2.5],0,1,0,0,0.0,0.0,1
694,1,1,1,"[0.5, 0.5, 1.0, 1.0, 1.0, 1.5, 2.0, 4.0, 4.0, 8.5]","[0.0, 0.0, 0.0, 0.0, 0.0, 0.0, 2.0, 3.8729835, 4.0, 8.485281]",[4.0],[2.6457512],[-1.5],[4.0],[2.6457512],[-1.5],[5.0],[4.582576],[0.0],[5.0],[4.582576],[0.0],0,1,0,0,0.0,0.0,1
467,1,1,1,"[0.5, 0.5, 0.5, 1.0, 1.0, 1.5, 2.0, 4.0, 6.0, 7.5]","[0.0, 0.0, 0.0, 0.0, 0.0, 0.0, 2.0, 3.4641016, 5.656854, 7.483315]",[3.5],[2.4494898],[-2.0],[3.5],[2.4494898],[-2.0],[5.0],[3.0],[-3.0],[5.0],[3.0],[-3.0],0,1,0,0,0.0,0.0,1
81,1,1,1,"[0.0, 0.0, 0.5, 1.5, 1.5, 2.0, 2.5, 3.0, 7.0, 9.0]","[0.0, 0.0, 0.0, 0.0, 0.0, 0.0, 0.0, 2.4494898, 7.0, 9.0]",[4.0],[2.6457512],[-4.0],[4.0],[2.6457512],[-4.0],[7.0],[6.708204],[-1.0],[7.0],[6.708204],[-1.0],0,1,0,0,0.0,0.0,1
84,4,3,2,"[0.0, 0.5, 1.0, 2.5, 2.5, 3.0, 3.0, 3.5, 5.0, 5.5]","[0.0, 0.0, 0.0, 0.0, 0.0, 0.0, 3.0, 3.4641016, 4.0, 5.477226]","[1.5, 2.0, 2.0, 3.0]","[1.4142135, 1.7320508, 1.7320508, 3.0]","[-3.5, -3.0, -2.0, -2.0]","[1.5, 2.0, 3.0]","[1.4142135, 1.7320508, 3.0]","[-3.0, -2.0, -2.0]","[3.5, 4.5, 7.0]","[0.0, 0.0, 6.708204]","[-0.5, 0.5, 4.0]","[3.5, 6.0]","[0.0, 5.91608]","[-0.5, 4.5]",1,1,1,0,1.0,0.0,1
96400,5,2,1,"[0.0, 0.0, 1.0, 1.5, 1.5, 2.0, 2.5, 3.0, 4.0, 8.5]","[0.0, 0.0, 0.0, 0.0, 1.4142135, 1.4142135, 2.0, 2.6457512, 2.828427, 8.485281]","[1.0, 2.5, 3.0, 3.5, 4.0]","[0.0, 0.0, 1.0, 2.0, 2.6457512]","[-4.5, -3.0, -2.0, -2.0, -2.0]","[1.0, 3.0]","[0.0, 1.0]","[-4.5, -2.0]","[5.0, 6.5]","[5.0, 6.3245554]","[0.0, 1.5]",[3.5],[2.4494898],[2.0],1,0,1,0,1.0,0.0,0
46825,1,1,1,"[0.0, 0.5, 0.5, 1.5, 2.0, 2.0, 2.0, 2.5, 3.0, 6.5]","[0.0, 0.0, 0.0, 0.0, 1.4142135, 1.7320508, 2.0, 2.0, 2.4494898, 6.0]",[2.5],[0.0],[-2.5],[2.5],[0.0],[-2.5],[6.0],[5.91608],[4.0],[6.0],[5.91608],[4.0],0,1,0,0,0.0,0.0,0
872,1,1,1,"[0.0, 0.0, 1.0, 1.5, 2.0, 2.0, 3.0, 3.5, 3.5, 5.0]","[0.0, 0.0, 0.0, 0.0, 1.4142135, 1.7320508, 2.828427, 3.1622777, 3.1622777, 4.582576]",[4.5],[4.2426405],[-1.0],[4.5],[4.2426405],[-1.0],[5.5],[5.2915025],[3.0],[5.5],[5.2915025],[3.0],0,1,0,0,0.0,0.0,1
78939,2,2,1,"[0.0, 0.5, 0.5, 1.0, 1.0, 1.5, 2.5, 2.5, 4.0, 6.0]","[0.0, 0.0, 0.0, 0.0, 1.0, 1.4142135, 2.0, 2.4494898, 3.8729835, 5.91608]","[2.0, 2.0]","[0.0, 2.0]","[-2.0, -2.0]","[2.0, 2.0]","[0.0, 2.0]","[-2.0, -2.0]","[1.0, 4.5]","[0.0, 4.2426405]","[-1.5, 0.0]",[8.5],[8.485281],[7.5],1,0,1,0,1.0,0.0,0
1024,1,1,1,"[0.0, 0.0, 0.0, 0.5, 0.5, 0.5, 2.0, 3.0, 4.0, 5.5]","[0.0, 0.0, 0.0, 0.0, 0.0, 0.0, 2.0, 2.828427, 3.8729835, 4.2426405]",[4.5],[4.2426405],[-2.0],[4.5],[4.2426405],[-2.0],[4.5],[4.472136],[2.5],[4.5],[4.472136],[2.5],0,1,0,0,0.0,0.0,1
323,1,1,1,"[0.0, 0.5, 0.5, 0.5, 1.0, 1.5, 2.5, 3.0, 4.5, 6.5]","[0.0, 0.0, 0.0, 0.0, 0.0, 0.0, 1.0, 2.828427, 4.2426405, 6.3245554]",[4.0],[2.6457512],[-3.0],[4.0],[2.6457512],[-3.0],[3.0],[2.236068],[-1.0],[3.0],[2.236068],[-1.0],0,1,0,0,0.0,0.0,1
31853,3,2,1,"[0.0, 0.0, 0.0, 0.5, 1.0, 2.0, 2.0, 5.5, 6.0, 6.5]","[0.0, 0.0, 0.0, 0.0, 0.0, 0.0, 2.0, 5.2915025, 5.91608, 6.4807405]","[0.5, 1.5, 2.5]","[0.0, 0.0, 0.0]","[-6.0, -5.5, -2.5]","[0.5, 1.5]","[0.0, 0.0]","[-6.0, -5.5]","[3.0, 7.0]","[0.0, 6.928203]","[-2.5, 1.5]",[5.0],[3.0],[0.5],1,0,1,0,1.0,0.0,0
65,1,1,1,"[0.0, 0.0, 0.5, 0.5, 1.0, 1.5, 1.5, 2.5, 3.5, 8.0]","[0.0, 0.0, 0.0, 0.0, 0.0, 0.0, 0.0, 1.4142135, 3.1622777, 7.937254]",[4.0],[0.0],[-1.5],[4.0],[0.0],[-1.5],[9.0],[9.0],[5.0],[9.0],[9.0],[5.0],0,1,0,0,0.0,0.0,1
5619,2,2,1,"[0.0, 0.5, 0.5, 1.5, 2.0, 2.5, 3.5, 4.5, 5.0, 5.5]","[0.0, 0.0, 0.0, 0.0, 0.0, 1.4142135, 2.0, 4.2426405, 4.8989797, 4.8989797]","[2.0, 3.0]","[2.0, 2.828427]","[-3.5, -1.5]","[2.0, 3.0]","[2.0, 2.828427]","[-3.5, -1.5]","[2.0, 5.0]","[0.0, 4.582576]","[0.5, 1.5]",[3.0],[2.828427],[2.5],1,0,1,0,1.0,0.0,0
54184,3,2,1,"[0.0, 0.5, 0.5, 2.0, 2.0, 2.0, 2.5, 3.0, 3.0, 6.0]","[0.0, 0.0, 0.0, 0.0, 0.0, 0.0, 2.0, 2.0, 2.236068, 5.91608]","[2.0, 2.0, 2.5]","[0.0, 1.7320508, 2.0]","[-4.5, -3.5, -3.0]","[2.0, 2.0]","[1.7320508, 2.0]","[-4.5, -3.0]","[2.5, 3.5]","[0.0, 2.4494898]","[-1.0, 1.0]",[7.5],[7.3484693],[7.5],1,0,1,0,1.0,0.0,0
87619,3,2,1,"[0.0, 1.5, 1.5, 2.0, 2.0, 2.0, 2.5, 3.0, 3.5, 6.0]","[0.0, 0.0, 0.0, 0.0, 0.0, 1.4142135, 1.7320508, 3.0, 3.4641016, 5.196152]","[2.0, 3.0, 4.0]","[1.7320508, 2.236068, 2.6457512]","[-3.5, -2.0, -1.5]","[2.0, 3.0]","[1.7320508, 2.236068]","[-3.5, -1.5]","[1.0, 3.0]","[0.0, 2.828427]","[-3.0, -0.5]",[8.5],[8.485281],[7.0],1,0,1,0,1.0,0.0,0
89642,3,2,1,"[0.5, 1.5, 1.5, 1.5, 1.5, 2.0, 2.0, 2.5, 3.0, 6.5]","[0.0, 0.0, 0.0, 0.0, 0.0, 0.0, 1.4142135, 1.4142135, 2.828427, 6.4807405]","[1.0, 3.0, 4.0]","[0.0, 3.0, 3.8729835]","[-3.5, -2.0, -1.5]","[1.0, 3.0]","[0.0, 3.0]","[-3.5, -2.0]","[3.0, 5.5]","[0.0, 5.2915025]","[-0.5, 2.0]",[1.5],[0.0],[1.0],1,0,1,0,1.0,0.0,0
690,1,1,1,"[0.5, 1.0, 1.5, 1.5, 1.5, 2.0, 2.0, 3.0, 3.0, 5.0]","[0.0, 0.0, 0.0, 0.0, 0.0, 0.0, 0.0, 2.236068, 2.828427, 4.0]",[0.5],[0.0],[-1.0],[0.5],[0.0],[-1.0],[7.0],[6.928203],[0.5],[7.0],[6.928203],[0.5],0,1,0,0,0.0,0.0,1
58758,3,2,1,"[0.0, 0.5, 0.5, 0.5, 1.5, 1.5, 2.0, 2.5, 2.5, 8.0]","[0.0, 0.0, 0.0, 0.0, 0.0, 0.0, 1.4142135, 2.0, 2.4494898, 7.937254]","[2.0, 2.5, 2.5]","[0.0, 1.7320508, 2.4494898]","[-3.5, -3.5, -2.5]","[2.0, 2.5]","[1.7320508, 2.4494898]","[-3.5, -3.5]","[4.0, 7.5]","[3.4641016, 7.3484693]","[0.5, 3.0]",[5.0],[4.8989797],[5.0],1,0,1,0,1.0,0.0,0
33332,3,2,1,"[0.0, 0.0, 0.5, 2.0, 2.5, 3.0, 3.5, 4.5, 5.0, 5.5]","[0.0, 0.0, 0.0, 0.0, 0.0, 1.7320508, 3.0, 4.2426405, 4.8989797, 5.2915025]","[1.0, 1.5, 5.0]","[0.0, 1.0, 4.8989797]","[-3.5, -3.0, -1.5]","[1.0, 1.5]","[0.0, 1.0]","[-3.5, -3.0]","[1.0, 5.0]","[0.0, 4.8989797]","[-1.5, -1.5]",[8.5],[8.485281],[5.0],1,0,1,0,1.0,0.0,0
947,3,1,1,"[0.0, 0.0, 0.5, 1.0, 1.0, 1.0, 2.0, 2.5, 4.5, 5.5]","[0.0, 0.0, 0.0, 0.0, 0.0, 1.0, 1.0, 2.0, 2.828427, 4.8989797]","[1.5, 2.5, 4.0]","[0.0, 0.0, 3.4641016]","[-4.0, -3.0, -2.0]",[4.0],[3.4641016],[-4.0],[6.5],[6.4807405],[4.5],[6.5],[6.4807405],[4.5],0,1,0,0,0.0,0.0,1
93219,1,1,1,"[0.0, 0.5, 1.5, 1.5, 1.5, 2.0, 2.0, 3.5, 4.5, 6.5]","[0.0, 0.0, 0.0, 0.0, 0.0, 1.4142135, 1.4142135, 3.1622777, 4.472136, 6.3245554]",[3.0],[3.0],[-3.0],[3.0],[3.0],[-3.0],[5.0],[3.0],[0.0],[5.0],[3.0],[0.0],0,1,0,0,0.0,0.0,0
57728,1,1,1,"[0.0, 0.5, 1.0, 1.0, 1.5, 1.5, 1.5, 2.0, 2.5, 3.5]","[0.0, 0.0, 0.0, 0.0, 1.4142135, 1.4142135, 1.4142135, 2.0, 2.0, 2.4494898]",[4.0],[3.8729835],[-1.0],[4.0],[3.8729835],[-1.0],[5.5],[4.8989797],[4.5],[5.5],[4.8989797],[4.5],0,1,0,0,0.0,0.0,0
899,4,3,2,"[0.0, 0.5, 1.0, 1.0, 1.5, 3.0, 3.0, 4.5, 5.0, 6.5]","[0.0, 0.0, 0.0, 0.0, 0.0, 3.0, 3.0, 4.472136, 4.582576, 6.3245554]","[1.0, 2.0, 2.5, 5.0]","[1.0, 2.0, 2.0, 5.0]","[-4.5, -3.0, -2.5, -2.5]","[1.0, 2.0, 2.5]","[1.0, 2.0, 2.0]","[-4.5, -3.0, -2.5]","[3.5, 4.0, 7.0]","[0.0, 3.4641016, 6.928203]","[-2.0, 0.5, 4.5]","[1.0, 3.5]","[0.0, 1.0]","[-1.0, 0.5]",1,1,1,0,1.0,0.0,1
12375,2,2,2,"[0.0, 1.0, 1.0, 2.0, 2.0, 3.0, 3.0, 3.0, 3.5, 8.0]","[0.0, 0.0, 0.0, 0.0, 1.7320508, 1.7320508, 2.828427, 3.0, 3.4641016, 7.937254]","[1.5, 2.0]","[1.4142135, 1.7320508]","[-4.0, -2.0]","[1.5, 2.0]","[1.4142135, 1.7320508]","[-4.0, -2.0]","[4.5, 6.5]","[2.828427, 6.3245554]","[1.5, 1.5]","[4.5, 6.5]","[2.828427, 6.3245554]","[1.5, 1.5]",0,2,0,0,0.0,0.0,0
42303,1,1,1,"[0.0, 0.5, 1.0, 1.0, 1.0, 1.5, 1.5, 2.5, 4.0, 4.0]","[0.0, 0.0, 0.0, 0.0, 0.0, 0.0, 1.0, 1.4142135, 2.4494898, 3.8729835]",[2.5],[0.0],[-2.5],[2.5],[0.0],[-2.5],[6.0],[5.656854],[6.0],[6.0],[5.656854],[6.0],0,1,0,0,0.0,0.0,0
219,1,1,1,"[0.0, 0.5, 1.5, 1.5, 2.0, 2.0, 2.5, 3.0, 4.5, 6.5]","[0.0, 0.0, 0.0, 1.4142135, 1.7320508, 2.0, 2.236068, 2.4494898, 2.828427, 6.3245554]",[2.5],[2.0],[-4.0],[2.5],[2.0],[-4.0],[3.0],[2.828427],[-1.5],[3.0],[2.828427],[-1.5],0,1,0,0,0.0,0.0,1
52026,2,1,1,"[0.5, 1.5, 2.0, 2.0, 2.0, 2.5, 2.5, 3.0, 4.5, 5.0]","[0.0, 0.0, 0.0, 0.0, 1.7320508, 2.0, 2.0, 2.236068, 3.7416575, 4.582576]","[1.5, 1.5]","[1.4142135, 1.4142135]","[-4.5, -4.0]",[1.5],[1.4142135],[-4.5],[2.5],[0.0],[0.5],[2.5],[0.0],[0.5],0,1,0,0,0.0,0.0,0
21724,2,2,1,"[0.0, 0.5, 1.0, 1.5, 2.0, 2.0, 2.5, 3.0, 3.5, 6.0]","[0.0, 0.0, 0.0, 1.0, 1.7320508, 2.0, 2.4494898, 2.4494898, 2.828427, 5.656854]","[1.0, 1.5]","[0.0, 0.0]","[-3.0, -2.5]","[1.0, 1.5]","[0.0, 0.0]","[-3.0, -2.5]","[2.0, 3.0]","[0.0, 0.0]","[-2.0, -0.5]",[6.0],[5.91608],[4.5],1,0,1,0,1.0,0.0,0
660,1,1,1,"[0.0, 0.5, 1.0, 1.5, 2.0, 2.5, 2.5, 3.0, 3.0, 6.5]","[0.0, 0.0, 0.0, 0.0, 0.0, 1.4142135, 2.236068, 2.236068, 2.4494898, 6.3245554]",[4.0],[3.4641016],[-2.0],[4.0],[3.4641016],[-2.0],[1.0],[1.0],[-1.5],[1.0],[1.0],[-1.5],0,1,0,0,0.0,0.0,1
205,1,1,1,"[0.0, 0.5, 1.5, 2.0, 2.5, 2.5, 3.0, 3.5, 3.5, 4.5]","[0.0, 0.0, 0.0, 0.0, 0.0, 2.0, 2.236068, 2.4494898, 2.4494898, 4.472136]",[2.5],[2.0],[-3.5],[2.5],[2.0],[-3.5],[1.5],[1.4142135],[1.5],[1.5],[1.4142135],[1.5],0,1,0,0,0.0,0.0,1
67127,1,1,1,"[0.5, 0.5, 0.5, 2.0, 2.0, 2.0, 2.5, 3.0, 3.0, 4.0]","[0.0, 0.0, 0.0, 0.0, 0.0, 0.0, 0.0, 1.7320508, 2.0, 2.828427]",[2.0],[1.7320508],[-4.0],[2.0],[1.7320508],[-4.0],[4.5],[0.0],[3.5],[4.5],[0.0],[3.5],0,1,0,0,0.0,0.0,0
729,1,1,1,"[0.0, 0.5, 1.5, 1.5, 2.5, 3.0, 3.0, 3.5, 3.5, 3.5]","[0.0, 0.0, 0.0, 0.0, 1.4142135, 2.236068, 2.4494898, 3.0, 3.1622777, 3.1622777]",[3.0],[0.0],[-1.0],[3.0],[0.0],[-1.0],[3.5],[3.4641016],[2.5],[3.5],[3.4641016],[2.5],0,1,0,0,0.0,0.0,1
745,4,2,2,"[0.0, 0.0, 1.0, 1.5, 2.0, 3.0, 3.0, 3.0, 3.0, 8.0]","[0.0, 0.0, 0.0, 0.0, 1.4142135, 1.7320508, 2.828427, 2.828427, 3.0, 8.0]","[1.0, 3.0, 3.5, 5.5]","[0.0, 0.0, 2.828427, 5.477226]","[-3.0, -2.5, -1.5, -1.5]","[1.0, 3.0]","[0.0, 2.828427]","[-3.0, -2.5]","[3.0, 8.0]","[2.236068, 7.937254]","[1.0, 2.5]","[3.0, 8.0]","[2.236068, 7.937254]","[1.0, 2.5]",0,2,0,0,0.0,0.0,1
276,2,2,1,"[0.5, 0.5, 0.5, 0.5, 1.0, 2.0, 2.0, 3.5, 5.0, 7.5]","[0.0, 0.0, 0.0, 0.0, 0.0, 1.0, 2.0, 3.1622777, 4.8989797, 7.483315]","[1.0, 3.0]","[0.0, 0.0]","[-5.0, -1.5]","[1.0, 3.0]","[0.0, 0.0]","[-5.0, -1.5]","[4.5, 8.0]","[4.472136, 8.0]","[-0.5, 4.5]",[3.5],[2.4494898],[2.5],1,0,1,0,1.0,0.0,1
3180,4,2,1,"[0.5, 1.0, 1.5, 1.5, 2.0, 2.0, 2.5, 3.0, 4.0, 6.0]","[0.0, 0.0, 0.0, 0.0, 0.0, 1.0, 1.7320508, 2.0, 2.236068, 5.91608]","[0.5, 3.0, 3.0, 6.0]","[0.0, 2.828427, 3.0, 5.91608]","[-3.0, -2.5, -1.5, -1.5]","[0.5, 3.0]","[0.0, 3.0]","[-3.0, -2.5]","[1.0, 4.5]","[0.0, 0.0]","[-2.0, 0.5]",[5.5],[5.2915025],[4.5],1,0,1,0,1.0,0.0,0
738,4,1,1,"[0.5, 1.0, 1.5, 1.5, 2.0, 2.5, 2.5, 3.0, 5.0, 7.5]","[0.0, 0.0, 0.0, 0.0, 0.0, 1.0, 1.4142135, 1.4142135, 5.0, 7.483315]","[1.0, 3.0, 3.0, 5.5]","[0.0, 0.0, 2.236068, 5.2915025]","[-4.0, -3.5, -1.5, -1.0]",[1.0],[0.0],[-4.0],[1.5],[1.4142135],[-2.5],[1.5],[1.4142135],[-2.5],0,1,0,0,0.0,0.0,1
47961,5,2,1,"[0.0, 0.5, 0.5, 1.0, 1.5, 2.0, 2.5, 2.5, 4.5, 5.5]","[0.0, 0.0, 0.0, 0.0, 0.0, 1.4142135, 2.0, 2.4494898, 4.2426405, 5.2915025]","[0.5, 2.0, 2.5, 2.5, 3.5]","[0.0, 0.0, 1.7320508, 2.4494898, 2.4494898]","[-4.0, -2.5, -1.5, -1.5, -1.0]","[0.5, 2.5]","[0.0, 2.4494898]","[-4.0, -2.5]","[3.5, 6.5]","[2.4494898, 6.4807405]","[-1.5, 3.5]",[3.5],[2.4494898],[1.0],1,0,1,0,1.0,0.0,0
1023,2,1,1,"[0.5, 0.5, 0.5, 1.5, 1.5, 1.5, 2.0, 2.5, 5.0, 6.0]","[0.0, 0.0, 0.0, 0.0, 1.4142135, 1.4142135, 2.0, 2.0, 3.0, 5.196152]","[1.0, 3.5]","[0.0, 0.0]","[-5.5, -4.5]",[1.0],[0.0],[-4.5],[3.5],[3.4641016],[2.0],[3.5],[3.4641016],[2.0],0,1,0,0,0.0,0.0,1
662,4,1,1,"[1.0, 1.0, 1.0, 1.5, 1.5, 2.5, 2.5, 3.5, 4.0, 6.5]","[0.0, 0.0, 0.0, 0.0, 0.0, 1.4142135, 2.0, 3.4641016, 3.4641016, 6.4807405]","[2.0, 2.0, 2.5, 4.0]","[0.0, 1.7320508, 2.0, 4.0]","[-3.0, -3.0, -2.5, -2.0]",[2.0],[2.0],[-3.0],[5.0],[4.0],[0.0],[5.0],[4.0],[0.0],0,1,0,0,0.0,0.0,1
70664,1,1,1,"[0.5, 0.5, 1.5, 2.0, 2.5, 2.5, 3.0, 3.0, 5.5, 6.5]","[0.0, 0.0, 0.0, 2.0, 2.0, 2.236068, 2.236068, 2.4494898, 5.477226, 6.0]",[2.5],[0.0],[-3.0],[2.5],[0.0],[-3.0],[4.5],[4.2426405],[1.0],[4.5],[4.2426405],[1.0],0,1,0,0,0.0,0.0,0
32848,2,1,1,"[0.0, 0.5, 0.5, 1.5, 1.5, 2.0, 2.5, 2.5, 3.0, 6.5]","[0.0, 0.0, 0.0, 0.0, 0.0, 1.4142135, 2.0, 2.0, 2.236068, 6.0]","[3.5, 4.0]","[0.0, 0.0]","[-3.0, -1.0]",[3.5],[0.0],[-3.0],[8.0],[7.937254],[5.5],[8.0],[7.937254],[5.5],0,1,0,0,0.0,0.0,0
642,3,2,0,"[0.0, 0.5, 1.0, 1.0, 1.0, 2.0, 2.5, 4.5, 7.0, 7.5]","[0.0, 0.0, 0.0, 0.0, 1.0, 1.0, 2.4494898, 4.472136, 6.708204, 7.483315]","[1.5, 3.0, 5.5]","[1.4142135, 2.236068, 5.477226]","[-4.5, -3.0, -2.5]","[1.5, 3.0]","[1.4142135, 2.236068]","[-4.5, -3.0]","[1.5, 3.0]","[1.4142135, 2.236068]","[-4.5, -3.0]",[],[],[],2,0,0,1,0.0,2.0,1
46467,2,2,1,"[0.5, 0.5, 0.5, 1.0, 1.0, 1.0, 3.0, 3.5, 4.0, 5.0]","[0.0, 0.0, 0.0, 0.0, 0.0, 0.0, 3.0, 3.4641016, 3.4641016, 5.0]","[1.5, 2.0]","[1.4142135, 1.7320508]","[-3.5, -2.0]","[1.5, 2.0]","[1.4142135, 1.7320508]","[-3.5, -2.0]","[2.5, 3.0]","[2.236068, 2.4494898]","[-0.5, 0.0]",[6.0],[5.656854],[5.0],1,0,1,0,1.0,0.0,0
87,1,1,1,"[0.5, 0.5, 1.0, 1.5, 2.0, 2.5, 3.5, 4.0, 4.0, 6.0]","[0.0, 0.0, 0.0, 0.0, 1.7320508, 2.0, 2.4494898, 3.8729835, 3.8729835, 5.91608]",[2.0],[2.0],[-3.0],[2.0],[2.0],[-3.0],[5.0],[4.0],[0.0],[5.0],[4.0],[0.0],0,1,0,0,0.0,0.0,1
77629,2,1,1,"[0.5, 0.5, 0.5, 1.0, 1.0, 1.5, 2.5, 3.5, 4.0, 5.5]","[0.0, 0.0, 0.0, 0.0, 0.0, 0.0, 1.0, 2.0, 3.1622777, 4.2426405]","[1.0, 5.0]","[0.0, 4.582576]","[-4.0, -2.0]",[1.0],[0.0],[-4.0],[7.0],[6.928203],[5.5],[7.0],[6.928203],[5.5],0,1,0,0,0.0,0.0,0
7040,2,2,2,"[0.5, 0.5, 1.5, 2.0, 3.0, 3.0, 3.0, 3.5, 4.0, 4.5]","[0.0, 0.0, 0.0, 0.0, 0.0, 2.0, 2.4494898, 2.828427, 3.0, 3.8729835]","[1.0, 2.5]","[0.0, 2.0]","[-3.5, -1.5]","[1.0, 2.5]","[0.0, 2.0]","[-3.5, -1.5]","[7.0, 7.5]","[7.0, 7.483315]","[2.5, 6.0]","[7.0, 7.5]","[7.0, 7.483315]","[2.5, 6.0]",0,2,0,0,0.0,0.0,0
654,1,1,1,"[0.0, 0.5, 0.5, 2.0, 2.0, 2.0, 2.5, 3.0, 4.0, 4.5]","[0.0, 0.0, 0.0, 0.0, 0.0, 0.0, 1.7320508, 2.0, 3.7416575, 4.0]",[2.5],[0.0],[-1.5],[2.5],[0.0],[-1.5],[6.0],[5.196152],[2.5],[6.0],[5.196152],[2.5],0,1,0,0,0.0,0.0,1
934,10,3,2,"[0.0, 0.0, 1.0, 1.0, 1.5, 2.0, 4.5, 6.5, 7.0, 9.0]","[0.0, 0.0, 0.0, 0.0, 0.0, 1.0, 3.7416575, 6.0, 6.708204, 9.0]","[0.5, 2.0, 2.5, 2.5, 3.0, 3.5, 3.5, 4.5, 5.0, 6.0]","[0.0, 0.0, 0.0, 0.0, 2.0, 2.4494898, 2.828427, 2.828427, 4.0, 5.91608]","[-6.5, -6.0, -4.5, -4.0, -3.5, -3.0, -3.0, -3.0, -2.0, -1.5]","[0.5, 2.5, 3.0]","[0.0, 2.0, 2.828427]","[-4.5, -4.0, -3.0]","[2.0, 2.0, 3.5]","[0.0, 0.0, 2.4494898]","[-6.0, -3.0, -3.0]","[2.5, 3.5]","[2.4494898, 2.4494898]","[-3.0, -1.5]",1,1,1,0,1.0,0.0,1
19283,3,2,1,"[0.5, 1.0, 1.0, 1.5, 1.5, 2.0, 2.5, 3.0, 3.5, 8.5]","[0.0, 0.0, 0.0, 0.0, 0.0, 1.4142135, 2.0, 2.828427, 3.1622777, 8.485281]","[2.0, 2.5, 3.0]","[0.0, 2.0, 2.4494898]","[-4.0, -3.5, -3.5]","[2.0, 2.5]","[2.0, 2.4494898]","[-4.0, -3.5]","[2.5, 3.0]","[0.0, 2.0]","[-1.5, -1.5]",[7.5],[7.483315],[7.5],1,0,1,0,1.0,0.0,0
495,3,2,1,"[0.0, 0.0, 1.0, 1.0, 1.5, 2.5, 3.0, 3.5, 4.0, 5.5]","[0.0, 0.0, 0.0, 0.0, 0.0, 0.0, 2.4494898, 2.828427, 3.4641016, 5.477226]","[1.5, 3.0, 4.5]","[1.4142135, 2.236068, 4.472136]","[-2.5, -2.0, -1.5]","[1.5, 4.5]","[1.4142135, 4.472136]","[-2.5, -2.0]","[1.5, 4.0]","[0.0, 3.4641016]","[-1.0, 0.0]",[5.5],[5.2915025],[4.5],1,0,1,0,1.0,0.0,0
117,1,1,1,"[0.0, 0.5, 1.0, 1.5, 1.5, 2.5, 2.5, 4.5, 5.0, 6.0]","[0.0, 0.0, 0.0, 0.0, 1.0, 2.0, 2.4494898, 4.2426405, 4.582576, 6.0]",[4.0],[3.8729835],[-2.0],[4.0],[3.8729835],[-2.0],[5.0],[5.0],[0.5],[5.0],[5.0],[0.5],0,1,0,0,0.0,0.0,1
98500,2,2,1,"[0.0, 1.5, 1.5, 1.5, 1.5, 2.0, 2.5, 3.5, 4.0, 7.0]","[0.0, 0.0, 0.0, 0.0, 1.4142135, 1.4142135, 1.4142135, 2.4494898, 3.8729835, 6.928203]","[1.5, 3.5]","[0.0, 3.1622777]","[-3.0, -1.0]","[1.5, 3.5]","[0.0, 3.1622777]","[-3.0, -1.0]","[3.0, 5.0]","[2.236068, 4.0]","[-1.0, -1.0]",[6.5],[6.4807405],[3.5],1,0,1,0,1.0,0.0,0
98603,1,1,1,"[0.0, 0.0, 0.5, 1.0, 1.0, 2.0, 2.0, 2.5, 5.0, 5.5]","[0.0, 0.0, 0.0, 0.0, 1.0, 1.7320508, 1.7320508, 2.4494898, 3.0, 4.8989797]",[4.0],[0.0],[-2.0],[4.0],[0.0],[-2.0],[8.0],[8.0],[6.5],[8.0],[8.0],[6.5],0,1,0,0,0.0,0.0,0
55390,4,1,1,"[0.5, 0.5, 1.0, 1.5, 1.5, 2.0, 2.5, 3.0, 3.5, 7.0]","[0.0, 0.0, 1.0, 1.4142135, 1.4142135, 1.7320508, 2.0, 2.236068, 2.4494898, 6.708204]","[2.5, 4.0, 4.0, 4.0]","[0.0, 2.4494898, 2.6457512, 3.4641016]","[-5.0, -2.0, -1.5, -1.0]",[2.5],[2.4494898],[-5.0],[8.0],[7.937254],[5.0],[8.0],[7.937254],[5.0],0,1,0,0,0.0,0.0,0
9595,6,2,1,"[0.5, 1.0, 1.5, 2.0, 2.0, 2.5, 3.0, 3.0, 5.5, 7.5]","[0.0, 0.0, 0.0, 0.0, 0.0, 0.0, 2.236068, 2.4494898, 4.8989797, 7.3484693]","[1.0, 2.5, 2.5, 3.0, 3.5, 4.0]","[0.0, 0.0, 2.236068, 2.4494898, 2.4494898, 4.0]","[-6.0, -4.0, -2.0, -2.0, -2.0, -1.5]","[1.0, 2.5]","[0.0, 2.4494898]","[-4.0, -2.0]","[1.5, 3.5]","[1.4142135, 2.4494898]","[-2.0, -1.5]",[7.5],[7.483315],[6.5],1,0,1,0,1.0,0.0,0
118,1,1,1,"[0.5, 0.5, 1.0, 1.5, 1.5, 1.5, 2.0, 2.0, 4.5, 6.0]","[0.0, 0.0, 0.0, 0.0, 0.0, 1.4142135, 1.7320508, 1.7320508, 4.472136, 6.0]",[1.5],[0.0],[-4.0],[1.5],[0.0],[-4.0],[3.5],[3.1622777],[-1.5],[3.5],[3.1622777],[-1.5],0,1,0,0,0.0,0.0,1
19318,6,2,1,"[0.0, 0.0, 1.5, 2.0, 2.0, 2.0, 2.5, 4.5, 5.5, 6.5]","[0.0, 0.0, 0.0, 1.7320508, 1.7320508, 1.7320508, 2.4494898, 4.2426405, 4.8989797, 6.4807405]","[1.0, 2.0, 2.5, 3.0, 3.0, 3.5]","[0.0, 0.0, 2.0, 2.4494898, 2.828427, 3.1622777]","[-5.0, -4.5, -3.5, -2.0, -1.0, -1.0]","[1.0, 2.0]","[0.0, 2.0]","[-4.5, -3.5]","[2.5, 3.0]","[0.0, 2.0]","[-2.0, -1.0]",[7.5],[7.483315],[5.5],1,0,1,0,1.0,0.0,0
10748,4,2,1,"[0.5, 1.0, 1.0, 1.0, 1.5, 2.5, 3.0, 3.0, 4.5, 7.5]","[0.0, 0.0, 0.0, 0.0, 0.0, 1.4142135, 2.0, 2.828427, 3.0, 7.483315]","[2.0, 2.0, 2.5, 3.0]","[1.7320508, 1.7320508, 2.0, 2.828427]","[-3.5, -3.0, -2.5, -2.5]","[2.0, 2.0]","[1.7320508, 1.7320508]","[-3.5, -2.5]","[1.5, 2.5]","[1.4142135, 2.0]","[-2.5, -2.5]",[3.0],[2.828427],[1.5],1,0,1,0,1.0,0.0,0
41077,3,2,2,"[0.5, 1.0, 1.0, 1.5, 1.5, 2.0, 2.0, 2.0, 4.0, 6.0]","[0.0, 0.0, 0.0, 1.0, 1.4142135, 1.7320508, 1.7320508, 2.0, 3.4641016, 5.196152]","[1.0, 2.5, 5.0]","[0.0, 2.0, 4.8989797]","[-3.5, -3.5, -2.5]","[1.0, 2.5]","[0.0, 2.0]","[-3.5, -3.5]","[5.0, 5.5]","[4.2426405, 5.0]","[3.5, 4.0]","[5.0, 5.5]","[4.2426405, 5.0]","[3.5, 4.0]",0,2,0,0,0.0,0.0,0
73657,2,2,1,"[0.5, 1.0, 1.0, 1.0, 1.5, 1.5, 2.0, 2.0, 2.5, 8.0]","[0.0, 0.0, 0.0, 0.0, 0.0, 0.0, 0.0, 1.4142135, 1.7320508, 7.937254]","[3.0, 3.5]","[0.0, 2.4494898]","[-2.0, -1.5]","[3.0, 3.5]","[0.0, 2.4494898]","[-2.0, -1.5]","[3.0, 5.5]","[2.828427, 4.8989797]","[-0.5, 0.5]",[8.0],[8.0],[7.5],1,0,1,0,1.0,0.0,0
201,2,2,2,"[0.5, 1.5, 1.5, 2.0, 2.5, 2.5, 2.5, 3.0, 3.0, 7.5]","[0.0, 0.0, 0.0, 1.4142135, 1.4142135, 2.0, 2.236068, 2.4494898, 3.0, 7.483315]","[1.5, 2.5]","[0.0, 1.4142135]","[-3.0, -1.0]","[1.5, 2.5]","[0.0, 1.4142135]","[-3.0, -1.0]","[3.0, 5.5]","[2.236068, 4.8989797]","[-1.0, 4.0]","[3.0, 5.5]","[2.236068, 4.8989797]","[-1.0, 4.0]",0,2,0,0,0.0,0.0,1
88634,1,1,1,"[0.5, 1.0, 1.5, 1.5, 1.5, 1.5, 2.0, 3.0, 3.0, 3.5]","[0.0, 0.0, 0.0, 0.0, 0.0, 1.0, 1.4142135, 1.7320508, 2.828427, 3.4641016]",[2.5],[0.0],[-1.0],[2.5],[0.0],[-1.0],[6.0],[5.656854],[4.5],[6.0],[5.656854],[4.5],0,1,0,0,0.0,0.0,0
750,6,2,1,"[0.0, 0.5, 1.0, 1.0, 1.0, 2.0, 2.0, 2.5, 5.5, 6.0]","[0.0, 0.0, 0.0, 0.0, 0.0, 0.0, 1.7320508, 1.7320508, 4.2426405, 5.91608]","[1.0, 1.5, 2.0, 3.0, 3.0, 4.0]","[0.0, 0.0, 0.0, 0.0, 2.6457512, 2.828427]","[-6.5, -4.0, -3.5, -2.5, -2.0, -2.0]","[1.0, 3.0]","[0.0, 2.828427]","[-4.0, -2.0]","[4.0, 8.0]","[2.6457512, 7.937254]","[1.5, 5.0]",[5.0],[4.8989797],[1.5],1,0,1,0,1.0,0.0,1
89343,3,2,1,"[0.5, 0.5, 1.0, 1.5, 2.0, 2.0, 3.0, 3.5, 3.5, 4.0]","[0.0, 0.0, 0.0, 0.0, 0.0, 0.0, 0.0, 1.7320508, 3.1622777, 3.8729835]","[1.0, 1.5, 2.0]","[0.0, 1.4142135, 2.0]","[-4.0, -2.5, -1.0]","[1.0, 1.5]","[0.0, 1.4142135]","[-2.5, -1.0]","[3.5, 6.0]","[2.4494898, 5.656854]","[2.0, 3.5]",[6.0],[5.91608],[6.0],1,0,1,0,1.0,0.0,0
416,1,1,1,"[0.5, 0.5, 0.5, 1.0, 1.0, 1.5, 2.5, 2.5, 3.5, 4.0]","[0.0, 0.0, 0.0, 0.0, 1.0, 1.4142135, 2.0, 2.4494898, 2.4494898, 4.0]",[1.5],[0.0],[-1.0],[1.5],[0.0],[-1.0],[4.0],[3.4641016],[0.0],[4.0],[3.4641016],[0.0],0,1,0,0,0.0,0.0,1
90,1,1,1,"[0.0, 0.5, 0.5, 1.0, 1.5, 1.5, 2.5, 3.5, 6.0, 6.5]","[0.0, 0.0, 0.0, 1.0, 1.4142135, 1.4142135, 2.4494898, 3.4641016, 5.656854, 6.0]",[1.5],[1.4142135],[-2.5],[1.5],[1.4142135],[-2.5],[4.5],[0.0],[-4.0],[4.5],[0.0],[-4.0],0,1,0,0,0.0,0.0,1
346,18,7,1,"[1.0, 1.0, 2.5, 3.5, 4.5, 5.0, 5.0, 5.5, 6.0, 6.5]","[1.0, 1.0, 2.4494898, 3.1622777, 3.7416575, 4.0, 4.0, 5.2915025, 6.0, 6.3245554]","[0.0, 0.5, 0.5, 0.5, 0.5, 1.0, 1.0, 1.5, 1.5, 1.5, 2.0, 2.0, 3.0, 3.0, 3.5, 4.0, 4.5, 6.0]","[0.0, 0.0, 0.0, 0.0, 0.0, 0.0, 0.0, 0.0, 0.0, 1.0, 1.4142135, 2.0, 2.0, 2.236068, 2.6457512, 3.1622777, 4.472136, 5.91608]","[-6.5, -5.5, -5.5, -5.0, -4.5, -4.5, -4.0, -4.0, -3.5, -3.0, -3.0, -3.0, -3.0, -2.5, -2.5, -2.0, -1.5, -1.0]","[0.0, 0.5, 0.5, 0.5, 1.0, 1.5, 3.0]","[0.0, 0.0, 0.0, 0.0, 0.0, 0.0, 1.4142135]","[-5.5, -5.0, -4.5, -4.0, -3.5, -2.5, -1.0]","[0.0, 0.5, 3.0, 3.5, 4.0, 4.5, 5.5]","[0.0, 0.0, 0.0, 0.0, 0.0, 4.472136, 5.477226]","[-4.5, -3.0, -2.0, -1.0, -1.0, -0.5, 2.5]",[1.5],[0.0],[-2.5],6,0,1,2,1.0,2.5,1
250,4,2,0,"[1.0, 1.0, 2.0, 2.0, 2.5, 2.5, 2.5, 4.0, 5.5, 8.0]","[0.0, 1.0, 1.0, 1.7320508, 2.0, 2.0, 2.4494898, 4.0, 5.477226, 7.937254]","[2.0, 2.5, 3.5, 5.0]","[2.0, 2.0, 3.1622777, 4.8989797]","[-3.5, -3.0, -2.5, -2.0]","[2.5, 5.0]","[2.0, 4.8989797]","[-3.5, -2.5]","[2.5, 5.0]","[2.0, 4.8989797]","[-3.5, -2.5]",[],[],[],2,0,0,1,0.0,2.0,1
943,1,1,1,"[0.0, 0.5, 0.5, 1.5, 1.5, 2.0, 2.5, 4.0, 5.5, 7.5]","[0.0, 0.0, 0.0, 0.0, 1.4142135, 1.4142135, 2.0, 3.8729835, 4.8989797, 7.483315]",[3.5],[3.1622777],[-4.5],[3.5],[3.1622777],[-4.5],[5.5],[5.2915025],[0.5],[5.5],[5.2915025],[0.5],0,1,0,0,0.0,0.0,1
90875,4,2,1,"[0.5, 0.5, 0.5, 1.5, 1.5, 2.0, 4.0, 4.0, 5.0, 6.5]","[0.0, 0.0, 0.0, 0.0, 0.0, 0.0, 1.4142135, 1.4142135, 5.0, 6.4807405]","[1.0, 1.5, 2.0, 3.5]","[0.0, 1.4142135, 1.7320508, 3.4641016]","[-3.0, -3.0, -2.0, -1.5]","[1.0, 1.5]","[0.0, 1.4142135]","[-3.0, -2.0]","[1.5, 7.0]","[0.0, 6.708204]","[-1.0, 4.5]",[2.5],[2.4494898],[2.5],1,0,1,0,1.0,0.0,0
294,6,3,2,"[1.0, 1.0, 1.0, 1.0, 1.0, 1.5, 3.5, 3.5, 6.0, 6.0]","[0.0, 0.0, 0.0, 1.0, 1.0, 1.0, 1.4142135, 2.4494898, 5.196152, 5.91608]","[1.0, 1.5, 2.0, 2.5, 3.0, 5.5]","[0.0, 0.0, 0.0, 1.0, 2.236068, 4.8989797]","[-5.0, -3.0, -3.0, -2.0, -2.0, -1.5]","[1.0, 1.5, 2.0]","[0.0, 0.0, 1.0]","[-3.0, -3.0, -2.0]","[5.5, 6.0, 7.5]","[5.2915025, 5.656854, 7.483315]","[-2.0, 4.5, 5.0]","[5.0, 5.5]","[5.0, 5.2915025]","[0.5, 4.5]",1,1,1,0,1.0,0.0,1
77545,2,2,2,"[0.5, 0.5, 0.5, 0.5, 1.0, 1.5, 1.5, 2.5, 3.0, 4.5]","[0.0, 0.0, 0.0, 0.0, 0.0, 0.0, 1.4142135, 2.0, 2.828427, 4.2426405]","[0.5, 1.0]","[0.0, 0.0]","[-1.5, -1.0]","[0.5, 1.0]","[0.0, 0.0]","[-1.5, -1.0]","[3.5, 5.0]","[2.4494898, 4.582576]","[0.5, 3.0]","[3.5, 5.0]","[2.4494898, 4.582576]","[0.5, 3.0]",0,2,0,0,0.0,0.0,0
33486,6,2,1,"[0.5, 0.5, 0.5, 1.0, 1.5, 1.5, 2.0, 4.0, 4.0, 8.0]","[0.0, 0.0, 0.0, 0.0, 0.0, 0.0, 1.4142135, 1.7320508, 3.8729835, 7.937254]","[1.0, 2.0, 2.0, 2.5, 3.5, 6.0]","[0.0, 0.0, 1.0, 1.7320508, 2.0, 5.91608]","[-5.0, -4.5, -3.0, -2.5, -1.5, -1.5]","[1.0, 2.5]","[1.0, 2.0]","[-4.5, -2.5]","[1.5, 2.0]","[0.0, 1.4142135]","[-3.0, -2.5]",[4.5],[4.2426405],[3.5],1,0,1,0,1.0,0.0,0
29382,2,2,1,"[0.5, 0.5, 1.0, 1.0, 1.5, 2.0, 2.0, 3.0, 3.5, 6.5]","[0.0, 0.0, 0.0, 0.0, 0.0, 1.4142135, 2.0, 2.828427, 3.4641016, 6.0]","[1.0, 2.5]","[0.0, 2.4494898]","[-5.5, -1.5]","[1.0, 2.5]","[0.0, 2.4494898]","[-5.5, -1.5]","[4.0, 8.0]","[4.0, 7.937254]","[-0.5, 4.5]",[4.0],[0.0],[2.5],1,0,1,0,1.0,0.0,0
84666,2,2,2,"[0.0, 0.5, 0.5, 0.5, 1.0, 1.5, 2.0, 2.0, 3.0, 7.0]","[0.0, 0.0, 0.0, 0.0, 0.0, 0.0, 0.0, 2.0, 3.0, 6.708204]","[2.5, 3.5]","[0.0, 2.4494898]","[-1.5, -1.0]","[2.5, 3.5]","[0.0, 2.4494898]","[-1.5, -1.0]","[5.0, 7.5]","[4.8989797, 7.3484693]","[3.5, 5.0]","[5.0, 7.5]","[4.8989797, 7.3484693]","[3.5, 5.0]",0,2,0,0,0.0,0.0,0
5637,3,1,1,"[0.5, 0.5, 0.5, 1.0, 1.0, 2.0, 2.5, 2.5, 4.0, 4.5]","[0.0, 0.0, 0.0, 0.0, 0.0, 1.0, 2.0, 2.4494898, 2.4494898, 4.472136]","[1.0, 2.0, 3.5]","[0.0, 1.7320508, 2.4494898]","[-4.5, -3.5, -1.5]",[1.0],[0.0],[-3.5],[5.0],[4.8989797],[4.5],[5.0],[4.8989797],[4.5],0,1,0,0,0.0,0.0,0
994,1,1,1,"[0.5, 1.0, 1.0, 1.5, 2.0, 2.0, 2.5, 3.5, 4.0, 6.0]","[0.0, 0.0, 0.0, 0.0, 0.0, 1.0, 1.0, 1.4142135, 1.7320508, 5.656854]",[6.5],[6.4807405],[-1.5],[6.5],[6.4807405],[-1.5],[1.5],[1.4142135],[-0.5],[1.5],[1.4142135],[-0.5],0,1,0,0,0.0,0.0,1
1460,3,2,1,"[0.0, 0.5, 1.0, 1.5, 1.5, 1.5, 3.0, 3.5, 5.0, 6.5]","[0.0, 0.0, 0.0, 0.0, 1.4142135, 1.4142135, 2.236068, 3.4641016, 4.582576, 6.3245554]","[2.5, 3.0, 4.0]","[2.4494898, 2.6457512, 2.828427]","[-2.5, -2.5, -2.0]","[2.5, 3.0]","[2.4494898, 2.828427]","[-2.5, -2.0]","[2.5, 4.0]","[0.0, 0.0]","[-3.0, -2.0]",[8.5],[8.485281],[3.5],1,0,1,0,1.0,0.0,0
880,2,2,1,"[0.0, 0.5, 1.5, 2.0, 2.0, 2.5, 3.0, 3.5, 4.0, 9.0]","[0.0, 0.0, 0.0, 0.0, 0.0, 1.7320508, 2.0, 3.4641016, 3.8729835, 9.0]","[2.0, 6.0]","[1.7320508, 5.656854]","[-4.0, -1.0]","[2.0, 6.0]","[1.7320508, 5.656854]","[-4.0, -1.0]","[2.0, 8.0]","[2.0, 7.937254]","[-3.0, 3.5]",[4.0],[0.0],[3.5],1,0,1,0,1.0,0.0,1
785,1,1,1,"[0.0, 0.5, 1.0, 1.5, 1.5, 1.5, 2.0, 2.5, 5.5, 6.5]","[0.0, 0.0, 0.0, 0.0, 1.0, 1.4142135, 1.4142135, 1.7320508, 4.8989797, 6.0]",[5.0],[4.0],[-2.0],[5.0],[4.0],[-2.0],[4.5],[4.472136],[2.5],[4.5],[4.472136],[2.5],0,1,0,0,0.0,0.0,1
39604,3,2,1,"[0.0, 0.0, 0.0, 0.5, 0.5, 1.0, 1.5, 3.0, 3.0, 8.5]","[0.0, 0.0, 0.0, 0.0, 0.0, 0.0, 0.0, 1.4142135, 3.0, 8.485281]","[1.5, 2.5, 3.0]","[0.0, 0.0, 1.4142135]","[-5.0, -4.0, -1.5]","[1.5, 2.5]","[0.0, 1.4142135]","[-5.0, -4.0]","[4.0, 7.5]","[4.0, 7.3484693]","[-2.0, 3.5]",[6.0],[5.91608],[4.5],1,0,1,0,1.0,0.0,0
229,1,1,1,"[0.0, 1.0, 1.5, 1.5, 1.5, 2.5, 4.0, 4.0, 4.5, 5.0]","[0.0, 0.0, 0.0, 1.4142135, 1.4142135, 2.4494898, 2.6457512, 2.6457512, 3.7416575, 4.0]",[3.5],[0.0],[-4.0],[3.5],[0.0],[-4.0],[2.5],[0.0],[1.0],[2.5],[0.0],[1.0],0,1,0,0,0.0,0.0,1
742,1,1,1,"[0.0, 0.5, 1.0, 1.0, 1.5, 2.0, 2.0, 2.5, 3.5, 8.5]","[0.0, 0.0, 0.0, 0.0, 0.0, 1.4142135, 1.7320508, 2.0, 2.4494898, 8.485281]",[2.0],[1.7320508],[-3.5],[2.0],[1.7320508],[-3.5],[3.0],[2.828427],[-1.0],[3.0],[2.828427],[-1.0],0,1,0,0,0.0,0.0,1
312,3,1,1,"[0.0, 0.0, 0.5, 1.0, 1.5, 1.5, 2.5, 3.0, 4.5, 7.0]","[0.0, 0.0, 0.0, 0.0, 0.0, 1.4142135, 1.4142135, 2.0, 2.828427, 6.708204]","[1.0, 1.5, 2.5]","[0.0, 0.0, 2.0]","[-2.0, -1.5, -1.0]",[1.0],[0.0],[-2.0],[3.5],[3.1622777],[-1.0],[3.5],[3.1622777],[-1.0],0,1,0,0,0.0,0.0,1
397,2,1,1,"[0.5, 0.5, 1.0, 1.5, 1.5, 2.0, 3.0, 3.5, 3.5, 3.5]","[0.0, 0.0, 0.0, 1.0, 1.4142135, 2.0, 2.4494898, 2.4494898, 2.828427, 3.1622777]","[1.0, 1.5]","[0.0, 0.0]","[-2.5, -2.0]",[1.0],[0.0],[-2.5],[2.5],[2.4494898],[2.0],[2.5],[2.4494898],[2.0],0,1,0,0,0.0,0.0,1
578,1,1,1,"[0.0, 0.5, 1.0, 1.0, 1.0, 1.0, 1.5, 3.0, 3.0, 6.5]","[0.0, 0.0, 0.0, 0.0, 0.0, 0.0, 1.4142135, 2.236068, 2.828427, 6.4807405]",[3.0],[2.236068],[-1.0],[3.0],[2.236068],[-1.0],[3.5],[2.4494898],[0.0],[3.5],[2.4494898],[0.0],0,1,0,0,0.0,0.0,1
158,2,1,1,"[0.0, 0.5, 0.5, 0.5, 0.5, 1.0, 3.0, 4.0, 7.5, 8.0]","[0.0, 0.0, 0.0, 0.0, 0.0, 0.0, 2.828427, 3.4641016, 7.483315, 7.937254]","[1.0, 1.5]","[0.0, 1.4142135]","[-6.5, -4.5]",[1.5],[1.4142135],[-6.5],[7.0],[6.928203],[-0.5],[7.0],[6.928203],[-0.5],0,1,0,0,0.0,0.0,1
948,1,1,1,"[0.0, 0.0, 0.5, 1.5, 2.0, 2.5, 2.5, 2.5, 4.0, 5.0]","[0.0, 0.0, 0.0, 0.0, 1.4142135, 2.4494898, 2.4494898, 2.4494898, 3.4641016, 4.582576]",[3.5],[2.4494898],[-1.5],[3.5],[2.4494898],[-1.5],[5.0],[5.0],[2.5],[5.0],[5.0],[2.5],0,1,0,0,0.0,0.0,1
75880,3,2,1,"[0.0, 0.5, 0.5, 1.0, 2.0, 2.5, 3.0, 3.0, 3.5, 7.5]","[0.0, 0.0, 0.0, 0.0, 0.0, 0.0, 2.828427, 3.0, 3.1622777, 7.483315]","[1.5, 2.5, 3.5]","[0.0, 2.0, 3.1622777]","[-3.5, -3.0, -2.5]","[1.5, 2.5]","[0.0, 2.0]","[-3.5, -3.0]","[1.5, 2.0]","[1.4142135, 1.7320508]","[-3.0, -2.0]",[3.0],[2.828427],[2.0],1,0,1,0,1.0,0.0,0
798,2,1,1,"[0.5, 0.5, 1.0, 1.5, 1.5, 1.5, 2.5, 4.0, 6.0, 6.0]","[0.0, 0.0, 0.0, 0.0, 0.0, 1.4142135, 1.4142135, 3.4641016, 5.656854, 6.0]","[0.5, 2.0]","[0.0, 2.0]","[-6.5, -5.0]",[0.5],[0.0],[-6.5],[5.5],[5.477226],[2.5],[5.5],[5.477226],[2.5],0,1,0,0,0.0,0.0,1
40650,2,1,1,"[0.5, 1.0, 1.0, 1.0, 2.5, 2.5, 3.0, 3.5, 4.0, 4.0]","[0.0, 0.0, 0.0, 1.0, 1.0, 2.236068, 2.4494898, 2.4494898, 3.8729835, 3.8729835]","[2.5, 3.0]","[2.4494898, 2.828427]","[-2.0, -1.5]",[2.5],[2.4494898],[-1.5],[3.5],[2.4494898],[2.0],[3.5],[2.4494898],[2.0],0,1,0,0,0.0,0.0,0
70561,1,1,1,"[0.5, 0.5, 1.0, 1.0, 1.5, 1.5, 2.5, 4.0, 4.5, 7.0]","[0.0, 0.0, 0.0, 0.0, 1.4142135, 1.4142135, 2.0, 3.4641016, 3.7416575, 6.708204]",[4.0],[0.0],[-1.0],[4.0],[0.0],[-1.0],[8.0],[7.937254],[3.5],[8.0],[7.937254],[3.5],0,1,0,0,0.0,0.0,0
776,1,1,1,"[0.0, 1.0, 2.0, 2.0, 2.0, 2.0, 3.0, 3.5, 3.5, 5.0]","[0.0, 0.0, 0.0, 0.0, 1.7320508, 1.7320508, 2.236068, 3.4641016, 3.4641016, 4.582576]",[2.0],[1.7320508],[-3.0],[2.0],[1.7320508],[-3.0],[4.0],[3.8729835],[2.0],[4.0],[3.8729835],[2.0],0,1,0,0,0.0,0.0,1
42704,3,2,2,"[0.0, 0.5, 0.5, 0.5, 1.0, 3.0, 3.5, 4.0, 4.0, 5.0]","[0.0, 0.0, 0.0, 0.0, 1.0, 2.236068, 3.4641016, 3.8729835, 4.0, 5.0]","[1.5, 2.0, 2.5]","[0.0, 1.7320508, 2.4494898]","[-2.0, -1.5, -1.0]","[1.5, 2.0]","[0.0, 1.7320508]","[-2.0, -1.5]","[4.5, 6.0]","[2.828427, 5.196152]","[1.0, 1.0]","[4.5, 6.0]","[2.828427, 5.196152]","[1.0, 1.0]",0,2,0,0,0.0,0.0,0
99437,1,1,1,"[0.0, 0.5, 0.5, 1.0, 1.5, 2.0, 2.5, 3.0, 3.0, 6.0]","[0.0, 0.0, 0.0, 0.0, 0.0, 1.4142135, 2.0, 2.236068, 2.828427, 5.196152]",[3.5],[0.0],[-2.0],[3.5],[0.0],[-2.0],[4.5],[2.828427],[1.0],[4.5],[2.828427],[1.0],0,1,0,0,0.0,0.0,0
124,3,2,1,"[0.0, 0.5, 0.5, 1.0, 1.5, 2.0, 2.5, 3.5, 6.5, 7.5]","[0.0, 0.0, 0.0, 0.0, 0.0, 1.7320508, 2.0, 2.4494898, 6.4807405, 7.483315]","[1.0, 2.5, 5.0]","[1.0, 2.4494898, 4.582576]","[-4.5, -4.0, -2.5]","[1.0, 2.5]","[1.0, 2.4494898]","[-4.5, -4.0]","[5.0, 8.5]","[4.582576, 8.485281]","[-2.5, 5.0]",[4.5],[2.828427],[1.0],1,0,1,0,1.0,0.0,1
5611,2,2,2,"[0.5, 1.0, 1.0, 1.0, 2.0, 2.5, 2.5, 3.0, 3.0, 3.0]","[0.0, 0.0, 0.0, 0.0, 0.0, 0.0, 1.0, 2.0, 2.236068, 2.4494898]","[0.5, 1.5]","[0.0, 0.0]","[-2.0, -1.5]","[0.5, 1.5]","[0.0, 0.0]","[-2.0, -1.5]","[7.0, 8.5]","[6.708204, 8.485281]","[6.0, 7.5]","[7.0, 8.5]","[6.708204, 8.485281]","[6.0, 7.5]",0,2,0,0,0.0,0.0,0
93719,3,2,1,"[0.0, 1.0, 1.0, 1.5, 1.5, 2.0, 2.5, 2.5, 3.5, 5.5]","[0.0, 0.0, 0.0, 0.0, 0.0, 1.4142135, 1.4142135, 2.4494898, 2.4494898, 4.8989797]","[1.0, 2.0, 3.5]","[0.0, 1.7320508, 3.4641016]","[-3.5, -2.5, -1.5]","[1.0, 2.0]","[0.0, 1.7320508]","[-3.5, -1.5]","[2.5, 3.5]","[2.0, 3.1622777]","[-1.0, 0.0]",[6.0],[6.0],[4.5],1,0,1,0,1.0,0.0,0
5917,4,2,1,"[0.0, 0.5, 1.0, 1.5, 1.5, 2.0, 2.5, 3.0, 4.0, 8.5]","[0.0, 0.0, 0.0, 1.0, 1.4142135, 1.7320508, 2.4494898, 2.6457512, 2.828427, 8.485281]","[2.5, 3.0, 4.5, 4.5]","[2.0, 2.236068, 2.828427, 4.2426405]","[-3.5, -3.0, -2.5, -1.5]","[2.5, 3.0]","[2.0, 2.236068]","[-3.5, -2.5]","[2.0, 6.0]","[1.7320508, 5.196152]","[-2.5, 1.0]",[9.0],[9.0],[8.0],1,0,1,0,1.0,0.0,0
30550,2,2,1,"[0.0, 0.5, 0.5, 0.5, 1.0, 2.0, 2.5, 3.0, 4.0, 7.0]","[0.0, 0.0, 0.0, 0.0, 0.0, 0.0, 2.0, 2.6457512, 2.828427, 6.928203]","[2.0, 2.0]","[0.0, 1.7320508]","[-3.0, -2.5]","[2.0, 2.0]","[0.0, 1.7320508]","[-3.0, -2.5]","[2.5, 3.0]","[0.0, 3.0]","[-2.5, -2.0]",[6.5],[6.4807405],[3.5],1,0,1,0,1.0,0.0,0
50454,3,1,1,"[0.5, 1.5, 2.0, 2.0, 2.0, 2.5, 3.0, 3.5, 4.5, 5.0]","[0.0, 0.0, 0.0, 1.7320508, 1.7320508, 2.0, 2.236068, 2.828427, 3.1622777, 4.0]","[1.5, 1.5, 2.5]","[0.0, 1.4142135, 2.0]","[-3.0, -1.5, -1.5]",[1.5],[1.4142135],[-3.0],[5.5],[4.8989797],[4.5],[5.5],[4.8989797],[4.5],0,1,0,0,0.0,0.0,0
77109,2,1,1,"[0.5, 0.5, 1.0, 1.0, 1.0, 1.0, 2.0, 2.5, 3.0, 6.0]","[0.0, 0.0, 0.0, 0.0, 0.0, 0.0, 1.0, 2.0, 2.828427, 5.196152]","[1.0, 1.5]","[0.0, 0.0]","[-4.0, -3.5]",[1.0],[0.0],[-4.0],[3.0],[0.0],[-0.5],[3.0],[0.0],[-0.5],0,1,0,0,0.0,0.0,0
59744,2,2,1,"[0.0, 0.0, 1.0, 1.0, 2.0, 2.0, 2.0, 2.5, 5.0, 6.5]","[0.0, 0.0, 0.0, 0.0, 1.0, 1.7320508, 1.7320508, 2.0, 4.582576, 6.0]","[1.5, 4.0]","[0.0, 0.0]","[-1.5, -1.0]","[1.5, 4.0]","[0.0, 0.0]","[-1.5, -1.0]","[3.0, 3.5]","[0.0, 2.828427]","[-2.0, -0.5]",[8.0],[8.0],[5.5],1,0,1,0,1.0,0.0,0
344,1,1,1,"[0.0, 0.5, 0.5, 0.5, 1.0, 1.0, 1.5, 2.0, 3.0, 3.0]","[0.0, 0.0, 0.0, 0.0, 0.0, 1.0, 1.0, 1.4142135, 2.0, 2.828427]",[1.5],[1.4142135],[-1.5],[1.5],[1.4142135],[-1.5],[5.0],[4.8989797],[3.0],[5.0],[4.8989797],[3.0],0,1,0,0,0.0,0.0,1
188,2,1,1,"[0.0, 0.5, 1.0, 1.5, 1.5, 1.5, 2.0, 2.5, 3.5, 8.5]","[0.0, 0.0, 0.0, 0.0, 1.0, 1.4142135, 1.4142135, 1.4142135, 1.7320508, 8.485281]","[4.5, 5.5]","[4.472136, 4.8989797]","[-3.5, -1.5]",[4.5],[4.472136],[-3.5],[4.0],[2.6457512],[0.0],[4.0],[2.6457512],[0.0],0,1,0,0,0.0,0.0,1
933,2,1,1,"[0.0, 1.0, 1.5, 1.5, 2.0, 3.0, 3.5, 3.5, 4.5, 5.0]","[0.0, 0.0, 0.0, 0.0, 1.4142135, 2.4494898, 2.828427, 3.4641016, 3.7416575, 4.8989797]","[2.0, 3.0]","[1.7320508, 2.236068]","[-4.5, -1.5]",[2.0],[1.7320508],[-4.5],[2.0],[0.0],[0.5],[2.0],[0.0],[0.5],0,1,0,0,0.0,0.0,1
420,1,1,1,"[0.5, 0.5, 1.0, 1.0, 1.0, 1.5, 2.0, 2.5, 4.0, 7.5]","[0.0, 0.0, 0.0, 0.0, 0.0, 1.0, 1.4142135, 2.4494898, 3.4641016, 7.483315]",[3.5],[0.0],[-1.5],[3.5],[0.0],[-1.5],[4.0],[3.4641016],[0.5],[4.0],[3.4641016],[0.5],0,1,0,0,0.0,0.0,1
924,6,4,0,"[0.5, 1.0, 1.0, 1.5, 2.0, 3.0, 3.0, 4.0, 5.0, 6.0]","[0.0, 0.0, 0.0, 1.0, 1.4142135, 2.0, 2.236068, 2.828427, 4.582576, 5.196152]","[1.0, 1.0, 2.5, 2.5, 4.0, 5.0]","[0.0, 0.0, 0.0, 1.0, 2.0, 4.582576]","[-2.0, -1.5, -1.5, -1.5, -1.5, -1.0]","[1.0, 1.0, 2.5, 5.0]","[0.0, 1.0, 2.0, 4.582576]","[-2.0, -1.5, -1.5, -1.0]","[4.0, 4.5, 6.5, 7.5]","[3.8729835, 4.2426405, 6.0, 7.3484693]","[-1.5, -1.0, 4.5, 5.0]",[],[],[],4,0,0,1,0.0,4.0,1
44413,2,1,1,"[0.5, 0.5, 1.0, 1.5, 1.5, 1.5, 2.0, 2.5, 3.0, 4.0]","[0.0, 0.0, 0.0, 0.0, 0.0, 1.4142135, 1.4142135, 1.7320508, 2.0, 3.4641016]","[0.5, 2.0]","[0.0, 0.0]","[-4.0, -3.0]",[0.5],[0.0],[-3.0],[7.0],[6.708204],[5.0],[7.0],[6.708204],[5.0],0,1,0,0,0.0,0.0,0
45771,2,2,1,"[0.5, 0.5, 0.5, 1.0, 1.5, 1.5, 3.0, 3.0, 4.0, 7.5]","[0.0, 0.0, 0.0, 0.0, 0.0, 1.4142135, 1.4142135, 2.6457512, 3.0, 7.3484693]","[1.5, 6.5]","[0.0, 6.3245554]","[-2.5, -1.5]","[1.5, 6.5]","[0.0, 6.3245554]","[-2.5, -1.5]","[1.0, 3.0]","[0.0, 2.236068]","[-2.5, -1.5]",[6.5],[6.0],[6.0],1,0,1,0,1.0,0.0,0
97024,2,2,1,"[0.5, 1.0, 1.5, 2.0, 2.0, 2.5, 2.5, 3.0, 3.5, 7.0]","[0.0, 1.0, 1.4142135, 2.0, 2.0, 2.4494898, 2.4494898, 2.4494898, 2.828427, 6.928203]","[2.0, 2.5]","[0.0, 1.7320508]","[-3.0, -1.5]","[2.0, 2.5]","[0.0, 1.7320508]","[-3.0, -1.5]","[4.0, 5.5]","[3.4641016, 5.2915025]","[-0.5, 0.5]",[8.5],[8.485281],[6.0],1,0,1,0,1.0,0.0,0
62,2,2,2,"[0.5, 0.5, 0.5, 0.5, 1.0, 1.0, 1.5, 1.5, 4.0, 6.0]","[0.0, 0.0, 0.0, 0.0, 0.0, 0.0, 0.0, 0.0, 1.4142135, 5.656854]","[2.5, 3.5]","[0.0, 0.0]","[-2.0, -1.5]","[2.5, 3.5]","[0.0, 0.0]","[-2.0, -1.5]","[3.5, 4.0]","[3.1622777, 3.4641016]","[1.5, 3.5]","[3.5, 4.0]","[3.1622777, 3.4641016]","[1.5, 3.5]",0,2,0,0,0.0,0.0,1
76014,2,1,1,"[0.0, 0.0, 1.0, 1.0, 2.5, 3.0, 3.0, 3.0, 3.0, 5.0]","[0.0, 0.0, 0.0, 0.0, 1.0, 2.0, 2.236068, 2.236068, 2.828427, 4.0]","[1.5, 3.0]","[0.0, 0.0]","[-3.5, -1.5]",[1.5],[0.0],[-3.5],[8.0],[7.937254],[5.0],[8.0],[7.937254],[5.0],0,1,0,0,0.0,0.0,0
49038,1,1,1,"[0.0, 0.5, 0.5, 1.0, 1.0, 1.0, 2.5, 3.5, 3.5, 3.5]","[0.0, 0.0, 0.0, 0.0, 0.0, 0.0, 1.0, 2.0, 3.1622777, 3.4641016]",[3.0],[0.0],[-1.0],[3.0],[0.0],[-1.0],[7.0],[6.708204],[6.5],[7.0],[6.708204],[6.5],0,1,0,0,0.0,0.0,0
12410,4,2,1,"[0.0, 0.5, 2.0, 2.5, 3.0, 3.0, 3.0, 3.5, 3.5, 5.0]","[0.0, 0.0, 0.0, 0.0, 2.236068, 2.4494898, 2.828427, 3.1622777, 3.1622777, 4.8989797]","[0.5, 1.0, 2.5, 4.0]","[0.0, 1.0, 2.4494898, 4.0]","[-3.5, -3.0, -2.0, -1.0]","[0.5, 1.0]","[0.0, 1.0]","[-3.5, -3.0]","[2.0, 3.5]","[0.0, 1.7320508]","[-1.0, 0.0]",[3.0],[2.828427],[0.0],1,0,1,0,1.0,0.0,0
9046,3,2,1,"[0.0, 0.5, 0.5, 1.5, 1.5, 3.0, 3.0, 3.5, 5.0, 5.5]","[0.0, 0.0, 0.0, 1.4142135, 1.4142135, 2.828427, 2.828427, 3.1622777, 4.8989797, 5.477226]","[2.0, 2.5, 3.5]","[1.7320508, 2.4494898, 3.1622777]","[-3.0, -2.5, -2.5]","[2.0, 2.5]","[1.7320508, 2.4494898]","[-3.0, -2.5]","[3.5, 4.0]","[3.1622777, 3.4641016]","[-2.5, 0.5]",[7.0],[6.708204],[3.0],1,0,1,0,1.0,0.0,0
611,1,1,1,"[0.0, 0.5, 1.5, 1.5, 1.5, 2.0, 2.5, 3.5, 4.5, 7.0]","[0.0, 0.0, 0.0, 0.0, 0.0, 0.0, 1.4142135, 2.0, 4.2426405, 7.0]",[3.5],[3.4641016],[-2.5],[3.5],[3.4641016],[-2.5],[2.0],[1.7320508],[-1.5],[2.0],[1.7320508],[-1.5],0,1,0,0,0.0,0.0,1
143,1,1,1,"[0.5, 1.0, 1.0, 1.5, 1.5, 1.5, 2.0, 2.5, 3.0, 3.5]","[0.0, 0.0, 0.0, 0.0, 1.0, 1.4142135, 2.0, 2.0, 2.828427, 3.4641016]",[1.5],[1.4142135],[-1.5],[1.5],[1.4142135],[-1.5],[4.0],[4.0],[3.5],[4.0],[4.0],[3.5],0,1,0,0,0.0,0.0,1
444,1,1,1,"[1.5, 1.5, 1.5, 1.5, 1.5, 2.0, 3.0, 3.5, 3.5, 3.5]","[0.0, 0.0, 1.4142135, 1.4142135, 1.4142135, 1.4142135, 1.4142135, 1.7320508, 2.828427, 3.4641016]",[2.0],[1.7320508],[-1.5],[2.0],[1.7320508],[-1.5],[4.5],[3.7416575],[2.5],[4.5],[3.7416575],[2.5],0,1,0,0,0.0,0.0,1
93,1,1,1,"[0.5, 1.0, 1.0, 1.5, 1.5, 1.5, 2.0, 2.5, 3.5, 4.5]","[0.0, 0.0, 0.0, 0.0, 0.0, 0.0, 1.4142135, 2.0, 2.4494898, 4.472136]",[3.0],[2.828427],[-2.5],[3.0],[2.828427],[-2.5],[3.5],[2.4494898],[1.0],[3.5],[2.4494898],[1.0],0,1,0,0,0.0,0.0,1
31518,4,2,1,"[0.0, 1.0, 1.5, 1.5, 1.5, 2.5, 2.5, 4.0, 4.0, 8.5]","[0.0, 0.0, 0.0, 0.0, 0.0, 1.4142135, 1.4142135, 2.6457512, 3.4641016, 8.485281]","[1.0, 1.5, 2.5, 3.5]","[0.0, 0.0, 0.0, 3.4641016]","[-4.0, -4.0, -3.0, -2.5]","[1.0, 3.5]","[0.0, 3.4641016]","[-4.0, -4.0]","[2.5, 3.5]","[0.0, 0.0]","[-2.5, -1.0]",[8.0],[8.0],[7.0],1,0,1,0,1.0,0.0,0
22676,4,2,1,"[0.0, 0.5, 1.0, 1.5, 1.5, 2.0, 3.0, 3.0, 4.5, 9.0]","[0.0, 0.0, 0.0, 1.0, 1.4142135, 1.7320508, 2.236068, 3.0, 4.2426405, 9.0]","[2.5, 4.5, 4.5, 5.0]","[0.0, 3.7416575, 4.0, 4.2426405]","[-3.5, -2.5, -1.5, -1.0]","[2.5, 4.5]","[0.0, 3.7416575]","[-3.5, -1.5]","[4.5, 6.0]","[3.7416575, 5.656854]","[-1.5, -0.5]",[7.5],[7.3484693],[4.0],1,0,1,0,1.0,0.0,0
67727,1,1,1,"[0.5, 1.0, 1.0, 1.0, 1.5, 2.0, 2.5, 4.0, 5.0, 6.5]","[0.0, 0.0, 0.0, 0.0, 0.0, 0.0, 2.4494898, 3.8729835, 4.0, 6.3245554]",[2.5],[2.0],[-2.5],[2.5],[2.0],[-2.5],[8.0],[8.0],[5.5],[8.0],[8.0],[5.5],0,1,0,0,0.0,0.0,0
5524,1,1,1,"[0.0, 0.5, 1.0, 1.0, 1.5, 1.5, 1.5, 2.5, 3.5, 5.5]","[0.0, 0.0, 0.0, 1.0, 1.4142135, 1.4142135, 1.4142135, 2.4494898, 3.1622777, 4.8989797]",[3.5],[3.1622777],[-2.0],[3.5],[3.1622777],[-2.0],[5.0],[3.0],[2.5],[5.0],[3.0],[2.5],0,1,0,0,0.0,0.0,0
29875,1,1,1,"[0.0, 0.0, 1.0, 1.5, 2.0, 2.5, 2.5, 2.5, 3.0, 3.5]","[0.0, 0.0, 0.0, 0.0, 1.4142135, 1.7320508, 2.236068, 2.4494898, 2.4494898, 3.4641016]",[2.0],[1.7320508],[-1.0],[2.0],[1.7320508],[-1.0],[9.0],[9.0],[6.0],[9.0],[9.0],[6.0],0,1,0,0,0.0,0.0,0
887,4,2,1,"[0.5, 1.0, 1.0, 1.5, 1.5, 2.0, 2.0, 3.5, 4.0, 9.0]","[0.0, 0.0, 0.0, 0.0, 0.0, 1.0, 1.4142135, 3.4641016, 3.4641016, 9.0]","[2.5, 3.0, 3.5, 3.5]","[0.0, 0.0, 2.4494898, 3.1622777]","[-5.0, -3.0, -2.0, -2.0]","[2.5, 3.5]","[0.0, 2.4494898]","[-5.0, -2.0]","[3.0, 5.0]","[0.0, 5.0]","[-2.0, -0.5]",[3.5],[3.4641016],[2.0],1,0,1,0,1.0,0.0,1
707,5,2,1,"[0.0, 0.5, 0.5, 1.0, 2.0, 2.5, 3.0, 4.0, 4.5, 9.0]","[0.0, 0.0, 0.0, 0.0, 0.0, 0.0, 2.4494898, 2.6457512, 4.2426405, 9.0]","[2.0, 2.0, 3.5, 3.5, 4.0]","[0.0, 0.0, 2.0, 3.4641016, 3.8729835]","[-5.5, -4.0, -4.0, -3.5, -2.5]","[2.0, 2.0]","[0.0, 2.0]","[-5.5, -3.5]","[3.5, 6.5]","[0.0, 6.3245554]","[-2.5, 0.5]",[3.5],[3.1622777],[0.5],1,0,1,0,1.0,0.0,0
64669,1,1,1,"[1.0, 1.0, 1.5, 2.5, 2.5, 3.0, 3.0, 3.5, 4.0, 4.0]","[0.0, 1.0, 1.0, 1.4142135, 2.236068, 2.4494898, 2.4494898, 3.4641016, 3.4641016, 3.4641016]",[2.5],[0.0],[-1.5],[2.5],[0.0],[-1.5],[5.0],[3.0],[3.5],[5.0],[3.0],[3.5],0,1,0,0,0.0,0.0,0
29772,3,2,1,"[0.5, 0.5, 0.5, 1.0, 1.5, 2.5, 3.0, 3.5, 4.5, 5.5]","[0.0, 0.0, 0.0, 0.0, 0.0, 0.0, 2.236068, 2.4494898, 4.472136, 4.8989797]","[2.5, 2.5, 3.5]","[2.4494898, 2.4494898, 3.1622777]","[-2.0, -2.0, -1.0]","[2.5, 3.5]","[2.4494898, 3.1622777]","[-2.0, -2.0]","[4.5, 4.5]","[0.0, 3.7416575]","[1.5, 2.0]",[6.0],[5.91608],[5.0],1,0,1,0,1.0,0.0,0
37484,2,2,1,"[0.0, 0.5, 1.0, 1.5, 1.5, 1.5, 1.5, 2.5, 3.5, 7.0]","[0.0, 0.0, 0.0, 0.0, 1.0, 1.4142135, 1.4142135, 1.4142135, 2.4494898, 6.928203]","[2.0, 2.5]","[0.0, 1.7320508]","[-5.0, -1.0]","[2.0, 2.5]","[0.0, 1.7320508]","[-5.0, -1.0]","[4.0, 5.0]","[4.0, 4.0]","[-0.5, 1.5]",[4.5],[3.7416575],[3.5],1,0,1,0,1.0,0.0,0
73348,1,1,1,"[1.0, 1.5, 2.0, 2.0, 2.0, 2.0, 2.5, 3.5, 4.0, 4.5]","[0.0, 0.0, 0.0, 0.0, 0.0, 0.0, 0.0, 1.4142135, 2.0, 3.4641016]",[3.5],[3.4641016],[-3.5],[3.5],[3.4641016],[-3.5],[7.5],[7.3484693],[7.5],[7.5],[7.3484693],[7.5],0,1,0,0,0.0,0.0,0
32370,4,2,1,"[0.0, 0.0, 0.5, 0.5, 1.5, 3.0, 3.0, 3.5, 4.5, 7.0]","[0.0, 0.0, 0.0, 0.0, 1.4142135, 2.236068, 2.828427, 2.828427, 3.4641016, 6.708204]","[0.5, 1.5, 2.0, 4.5]","[0.0, 0.0, 2.0, 4.2426405]","[-4.5, -2.5, -2.5, -2.0]","[0.5, 4.5]","[0.0, 4.2426405]","[-2.5, -2.0]","[1.5, 3.0]","[0.0, 2.236068]","[-2.5, -1.5]",[8.0],[8.0],[6.5],1,0,1,0,1.0,0.0,0
64187,1,1,1,"[0.0, 0.0, 1.0, 1.5, 3.0, 3.0, 3.5, 4.0, 5.5, 6.0]","[0.0, 0.0, 0.0, 0.0, 0.0, 1.0, 2.828427, 4.0, 5.196152, 5.477226]",[3.5],[2.4494898],[-3.0],[3.5],[2.4494898],[-3.0],[6.0],[5.656854],[2.5],[6.0],[5.656854],[2.5],0,1,0,0,0.0,0.0,0
258,21,7,1,"[1.0, 2.0, 3.0, 3.0, 4.0, 5.0, 5.0, 5.5, 7.5, 8.5]","[0.0, 0.0, 2.236068, 2.236068, 2.6457512, 3.0, 4.582576, 4.8989797, 7.483315, 8.485281]","[0.0, 1.0, 1.0, 1.0, 1.5, 2.0, 2.0, 2.0, 2.0, 2.5, 2.5, 2.5, 3.5, 3.5, 3.5, 4.0, 4.5, 4.5, 5.5, 6.5, 6.5]","[0.0, 0.0, 0.0, 0.0, 0.0, 0.0, 1.0, 1.7320508, 1.7320508, 1.7320508, 2.4494898, 2.4494898, 2.6457512, 3.1622777, 3.1622777, 3.4641016, 3.7416575, 4.2426405, 4.8989797, 6.3245554, 6.4807405]","[-8.0, -6.0, -5.0, -5.0, -4.5, -4.0, -4.0, -3.5, -3.0, -3.0, -3.0, -3.0, -3.0, -2.5, -2.5, -2.0, -2.0, -1.5, -1.5, -1.5, -1.5]","[0.0, 1.0, 1.5, 2.0, 2.5, 2.5, 3.5]","[0.0, 0.0, 0.0, 0.0, 1.0, 2.4494898, 3.1622777]","[-8.0, -5.0, -5.0, -3.0, -1.5, -1.5, -1.5]","[2.0, 3.5, 4.0, 6.5, 6.5, 7.0, 7.5]","[0.0, 2.6457512, 3.4641016, 6.0, 6.4807405, 7.0, 7.3484693]","[-3.5, -1.5, -1.0, -0.5, 1.0, 1.5, 2.5]",[2.0],[0.0],[-1.0],6,1,0,1,0.0,6.0,1
94750,1,1,1,"[1.0, 1.0, 1.0, 1.5, 2.0, 2.5, 3.0, 3.0, 4.0, 5.0]","[0.0, 0.0, 0.0, 0.0, 1.0, 1.0, 2.4494898, 2.828427, 3.0, 3.4641016]",[4.5],[3.7416575],[-3.0],[4.5],[3.7416575],[-3.0],[4.5],[4.472136],[3.0],[4.5],[4.472136],[3.0],0,1,0,0,0.0,0.0,0
44262,4,2,1,"[1.0, 1.0, 1.5, 1.5, 1.5, 2.0, 3.0, 3.0, 4.0, 6.5]","[0.0, 0.0, 0.0, 1.0, 1.4142135, 1.4142135, 2.828427, 2.828427, 3.4641016, 6.4807405]","[2.0, 2.5, 2.5, 3.0]","[0.0, 0.0, 1.7320508, 2.828427]","[-2.0, -2.0, -1.5, -1.5]","[2.0, 2.5]","[0.0, 1.7320508]","[-2.0, -2.0]","[3.0, 3.0]","[0.0, 2.828427]","[-2.5, -0.5]",[7.5],[7.483315],[5.0],1,0,1,0,1.0,0.0,0
54727,5,2,1,"[0.0, 0.5, 1.0, 1.5, 1.5, 2.0, 2.5, 4.0, 5.5, 6.5]","[0.0, 0.0, 0.0, 0.0, 1.4142135, 1.4142135, 2.4494898, 3.4641016, 5.2915025, 6.3245554]","[0.5, 2.5, 3.0, 3.5, 5.0]","[0.0, 2.236068, 2.4494898, 2.4494898, 4.582576]","[-7.0, -3.5, -2.0, -1.5, -1.0]","[0.5, 2.5]","[0.0, 2.4494898]","[-7.0, -1.5]","[3.0, 4.0]","[0.0, 0.0]","[-1.5, -1.0]",[8.0],[7.937254],[5.0],1,0,1,0,1.0,0.0,0
18865,1,1,1,"[0.5, 0.5, 1.5, 2.0, 2.5, 3.0, 3.0, 3.0, 3.5, 4.5]","[0.0, 0.0, 0.0, 0.0, 0.0, 1.7320508, 2.236068, 2.4494898, 2.828427, 4.2426405]",[3.5],[3.4641016],[-2.5],[3.5],[3.4641016],[-2.5],[8.0],[7.937254],[6.5],[8.0],[7.937254],[6.5],0,1,0,0,0.0,0.0,0
262,2,2,1,"[1.0, 1.5, 1.5, 2.0, 2.0, 2.5, 3.5, 3.5, 5.0, 6.5]","[0.0, 0.0, 0.0, 0.0, 1.7320508, 2.0, 2.4494898, 2.4494898, 4.0, 6.0]","[2.0, 5.5]","[1.7320508, 5.2915025]","[-3.0, -1.5]","[2.0, 5.5]","[1.7320508, 5.2915025]","[-3.0, -1.5]","[4.0, 5.5]","[0.0, 5.2915025]","[-0.5, 2.5]",[1.0],[0.0],[0.0],1,0,1,0,1.0,0.0,1
74340,3,2,1,"[0.5, 1.0, 1.0, 1.5, 2.5, 2.5, 3.0, 3.0, 4.5, 6.0]","[0.0, 0.0, 0.0, 1.4142135, 2.0, 2.4494898, 2.828427, 3.0, 4.2426405, 5.656854]","[1.0, 1.5, 4.0]","[0.0, 0.0, 2.6457512]","[-5.0, -3.0, -2.0]","[1.0, 1.5]","[0.0, 0.0]","[-5.0, -2.0]","[3.0, 4.0]","[0.0, 2.6457512]","[-3.0, 0.5]",[6.5],[6.0],[3.0],1,0,1,0,1.0,0.0,0
137,1,1,1,"[0.0, 0.0, 0.0, 0.0, 0.5, 0.5, 1.0, 2.5, 2.5, 3.0]","[0.0, 0.0, 0.0, 0.0, 0.0, 0.0, 0.0, 0.0, 0.0, 3.0]",[2.5],[2.4494898],[-1.5],[2.5],[2.4494898],[-1.5],[8.0],[7.937254],[6.5],[8.0],[7.937254],[6.5],0,1,0,0,0.0,0.0,1
32382,2,2,1,"[1.5, 1.5, 1.5, 2.0, 2.0, 2.5, 3.0, 3.5, 5.5, 6.5]","[0.0, 0.0, 0.0, 0.0, 0.0, 1.4142135, 2.0, 3.1622777, 4.8989797, 6.4807405]","[1.0, 1.5]","[1.0, 1.4142135]","[-4.5, -3.0]","[1.0, 1.5]","[1.0, 1.4142135]","[-4.5, -3.0]","[2.5, 6.0]","[0.0, 5.656854]","[-0.5, 2.5]",[2.5],[2.4494898],[2.5],1,0,1,0,1.0,0.0,0
2130,3,2,1,"[0.0, 0.5, 1.0, 1.0, 1.5, 2.0, 2.5, 3.5, 5.5, 6.5]","[0.0, 0.0, 0.0, 0.0, 1.0, 1.4142135, 1.7320508, 2.0, 4.8989797, 6.0]","[1.0, 1.5, 2.0]","[0.0, 1.4142135, 1.7320508]","[-4.0, -4.0, -2.0]","[1.0, 1.5]","[0.0, 1.4142135]","[-4.0, -2.0]","[3.0, 3.0]","[0.0, 2.236068]","[-2.0, 0.5]",[9.0],[9.0],[8.0],1,0,1,0,1.0,0.0,0
61,2,1,1,"[0.0, 0.5, 1.0, 1.5, 1.5, 2.0, 2.5, 2.5, 4.5, 5.0]","[0.0, 0.0, 0.0, 0.0, 1.0, 1.7320508, 2.0, 2.0, 4.0, 4.2426405]","[1.5, 2.0]","[1.4142135, 1.7320508]","[-4.0, -3.5]",[1.5],[1.4142135],[-4.0],[1.5],[0.0],[0.0],[1.5],[0.0],[0.0],0,1,0,0,0.0,0.0,1
255,3,1,1,"[0.5, 0.5, 1.0, 1.0, 1.0, 1.5, 1.5, 1.5, 3.5, 6.5]","[0.0, 0.0, 0.0, 0.0, 1.0, 1.4142135, 1.4142135, 1.4142135, 3.1622777, 6.4807405]","[1.5, 1.5, 3.0]","[0.0, 0.0, 1.4142135]","[-4.5, -3.0, -1.0]",[1.5],[1.4142135],[-3.0],[5.0],[5.0],[1.5],[5.0],[5.0],[1.5],0,1,0,0,0.0,0.0,1
874,1,1,1,"[0.0, 0.0, 0.0, 0.5, 0.5, 0.5, 2.0, 2.5, 4.0, 4.5]","[0.0, 0.0, 0.0, 0.0, 0.0, 0.0, 0.0, 2.0, 3.4641016, 4.472136]",[2.0],[1.7320508],[-3.0],[2.0],[1.7320508],[-3.0],[3.5],[3.4641016],[0.0],[3.5],[3.4641016],[0.0],0,1,0,0,0.0,0.0,1
37866,2,2,2,"[0.5, 0.5, 0.5, 1.0, 1.5, 1.5, 1.5, 3.5, 5.0, 7.0]","[0.0, 0.0, 0.0, 0.0, 0.0, 1.0, 1.4142135, 3.1622777, 4.0, 6.928203]","[3.0, 3.5]","[0.0, 2.236068]","[-1.5, -1.0]","[3.0, 3.5]","[0.0, 2.236068]","[-1.5, -1.0]","[2.0, 5.5]","[0.0, 5.477226]","[1.0, 1.5]","[2.0, 5.5]","[0.0, 5.477226]","[1.0, 1.5]",0,2,0,0,0.0,0.0,0
622,1,1,1,"[0.5, 0.5, 0.5, 1.0, 1.0, 1.5, 1.5, 3.5, 3.5, 5.0]","[0.0, 0.0, 0.0, 0.0, 0.0, 0.0, 1.4142135, 1.4142135, 3.1622777, 4.582576]",[1.0],[1.0],[-1.5],[1.0],[1.0],[-1.5],[3.5],[3.4641016],[-0.5],[3.5],[3.4641016],[-0.5],0,1,0,0,0.0,0.0,1
37043,4,2,2,"[0.5, 0.5, 1.0, 1.5, 1.5, 2.0, 2.5, 4.0, 4.5, 7.0]","[0.0, 0.0, 0.0, 1.0, 1.4142135, 1.4142135, 2.0, 3.7416575, 3.8729835, 6.928203]","[0.5, 1.0, 2.5, 4.5]","[0.0, 1.0, 2.0, 4.472136]","[-3.0, -3.0, -3.0, -2.0]","[0.5, 1.0]","[0.0, 1.0]","[-3.0, -3.0]","[5.5, 5.5]","[5.2915025, 5.2915025]","[0.5, 5.0]","[5.5, 5.5]","[5.2915025, 5.2915025]","[0.5, 5.0]",0,2,0,0,0.0,0.0,0
72272,4,2,1,"[0.0, 2.0, 2.0, 2.5, 2.5, 2.5, 3.0, 3.0, 3.5, 9.0]","[0.0, 0.0, 0.0, 0.0, 0.0, 2.0, 2.236068, 3.0, 3.1622777, 9.0]","[2.0, 3.5, 4.0, 6.0]","[0.0, 0.0, 3.1622777, 5.656854]","[-4.0, -3.5, -3.0, -1.0]","[2.0, 3.5]","[0.0, 3.1622777]","[-4.0, -3.5]","[4.0, 4.0]","[3.4641016, 3.8729835]","[-2.0, -1.5]",[8.5],[8.485281],[6.0],1,0,1,0,1.0,0.0,0
86,3,2,1,"[0.0, 0.5, 1.0, 1.5, 1.5, 2.5, 2.5, 5.0, 6.0, 7.5]","[0.0, 0.0, 0.0, 0.0, 0.0, 1.0, 2.0, 4.582576, 6.0, 7.3484693]","[2.5, 3.0, 4.5]","[2.4494898, 3.0, 3.7416575]","[-4.0, -3.0, -2.0]","[2.5, 4.5]","[2.4494898, 3.7416575]","[-4.0, -3.0]","[4.5, 5.0]","[4.0, 4.472136]","[-1.5, -1.0]",[4.0],[2.6457512],[-0.5],1,0,1,0,1.0,0.0,1
895,2,1,1,"[0.0, 0.5, 0.5, 1.0, 2.0, 3.0, 3.5, 4.0, 4.0, 6.5]","[0.0, 0.0, 0.0, 0.0, 0.0, 0.0, 1.0, 3.1622777, 3.4641016, 6.0]","[1.0, 1.0]","[0.0, 1.0]","[-7.5, -4.0]",[1.0],[1.0],[-4.0],[4.0],[3.8729835],[1.0],[4.0],[3.8729835],[1.0],0,1,0,0,0.0,0.0,1
368,1,1,1,"[0.0, 1.0, 1.0, 1.0, 1.0, 1.0, 1.5, 2.0, 4.0, 5.0]","[0.0, 0.0, 0.0, 0.0, 0.0, 1.0, 1.0, 1.4142135, 3.4641016, 4.582576]",[4.0],[3.8729835],[-2.5],[4.0],[3.8729835],[-2.5],[4.5],[2.828427],[2.0],[4.5],[2.828427],[2.0],0,1,0,0,0.0,0.0,1
31,1,1,1,"[0.0, 0.0, 0.5, 1.0, 1.5, 1.5, 2.0, 2.5, 4.0, 6.0]","[0.0, 0.0, 0.0, 0.0, 0.0, 0.0, 0.0, 1.4142135, 3.8729835, 5.91608]",[2.0],[1.7320508],[-2.5],[2.0],[1.7320508],[-2.5],[2.5],[2.4494898],[-0.5],[2.5],[2.4494898],[-0.5],0,1,0,0,0.0,0.0,1
27717,1,1,1,"[0.0, 1.0, 1.0, 1.5, 1.5, 2.5, 3.0, 3.5, 3.5, 4.5]","[0.0, 0.0, 0.0, 0.0, 1.4142135, 1.4142135, 2.4494898, 2.828427, 2.828427, 3.4641016]",[2.5],[0.0],[-2.5],[2.5],[0.0],[-2.5],[6.5],[6.4807405],[4.5],[6.5],[6.4807405],[4.5],0,1,0,0,0.0,0.0,0
38680,1,1,1,"[1.0, 1.0, 1.0, 1.0, 1.5, 2.0, 2.5, 3.5, 4.0, 4.5]","[0.0, 0.0, 0.0, 0.0, 1.4142135, 2.0, 2.0, 2.4494898, 3.8729835, 4.472136]",[2.0],[1.7320508],[-1.5],[2.0],[1.7320508],[-1.5],[4.0],[0.0],[1.0],[4.0],[0.0],[1.0],0,1,0,0,0.0,0.0,0
99235,7,2,1,"[0.5, 1.0, 1.0, 1.5, 1.5, 2.0, 3.0, 4.0, 4.5, 8.5]","[0.0, 0.0, 0.0, 0.0, 1.4142135, 1.7320508, 2.828427, 4.0, 4.2426405, 8.485281]","[1.0, 1.5, 3.0, 3.0, 3.5, 4.0, 4.5]","[0.0, 0.0, 0.0, 1.0, 1.4142135, 2.828427, 4.2426405]","[-5.0, -4.5, -4.5, -3.0, -2.5, -1.5, -1.0]","[1.0, 3.0]","[1.0, 2.828427]","[-4.5, -3.0]","[1.5, 7.5]","[0.0, 7.3484693]","[-4.0, 3.5]",[5.5],[5.2915025],[4.5],1,0,1,0,1.0,0.0,0
986,1,1,1,"[0.0, 0.5, 1.0, 1.0, 1.5, 1.5, 2.5, 3.0, 4.0, 5.0]","[0.0, 0.0, 0.0, 0.0, 0.0, 0.0, 1.4142135, 2.236068, 3.8729835, 4.8989797]",[2.0],[1.7320508],[-1.0],[2.0],[1.7320508],[-1.0],[3.0],[2.828427],[0.0],[3.0],[2.828427],[0.0],0,1,0,0,0.0,0.0,1
687,4,2,1,"[0.5, 1.0, 1.0, 1.5, 1.5, 3.5, 3.5, 5.0, 6.5, 6.5]","[0.0, 0.0, 0.0, 0.0, 0.0, 1.0, 3.4641016, 5.0, 6.3245554, 6.4807405]","[3.0, 4.0, 4.0, 4.5]","[0.0, 3.4641016, 3.7416575, 3.8729835]","[-3.0, -2.0, -2.0, -1.0]","[4.0, 4.0]","[3.4641016, 3.8729835]","[-3.0, -2.0]","[6.0, 7.5]","[5.656854, 7.483315]","[0.5, 1.5]",[5.5],[4.8989797],[0.5],1,0,1,0,1.0,0.0,1
32701,3,2,2,"[0.0, 1.0, 1.0, 1.5, 1.5, 1.5, 2.0, 2.5, 2.5, 5.5]","[0.0, 0.0, 0.0, 0.0, 0.0, 1.0, 1.4142135, 1.4142135, 1.7320508, 5.2915025]","[0.5, 1.0, 2.5]","[0.0, 0.0, 2.0]","[-4.0, -2.5, -1.5]","[0.5, 2.5]","[0.0, 2.0]","[-4.0, -1.5]","[4.5, 6.5]","[2.828427, 6.0]","[1.0, 6.0]","[4.5, 6.5]","[2.828427, 6.0]","[1.0, 6.0]",0,2,0,0,0.0,0.0,0
92628,5,2,1,"[0.0, 0.5, 1.0, 1.0, 1.5, 1.5, 2.0, 3.0, 4.5, 7.0]","[0.0, 0.0, 0.0, 0.0, 0.0, 0.0, 1.0, 1.4142135, 4.472136, 6.928203]","[1.5, 2.0, 2.5, 3.0, 3.5]","[0.0, 0.0, 0.0, 2.0, 2.828427]","[-3.5, -3.5, -3.0, -2.5, -1.0]","[2.0, 2.5]","[0.0, 2.0]","[-3.5, -3.5]","[2.5, 5.0]","[0.0, 4.582576]","[-1.0, -0.5]",[9.0],[9.0],[7.0],1,0,1,0,1.0,0.0,0
877,3,1,1,"[0.5, 1.0, 1.0, 2.0, 2.0, 2.0, 3.0, 3.0, 3.5, 3.5]","[0.0, 0.0, 0.0, 0.0, 0.0, 1.0, 1.7320508, 2.236068, 2.4494898, 3.1622777]","[0.5, 1.0, 2.0]","[0.0, 0.0, 0.0]","[-4.5, -3.0, -2.0]",[0.5],[0.0],[-3.0],[3.5],[2.4494898],[0.5],[3.5],[2.4494898],[0.5],0,1,0,0,0.0,0.0,1
58182,2,2,1,"[0.0, 0.5, 0.5, 1.0, 1.5, 1.5, 3.5, 3.5, 4.0, 7.0]","[0.0, 0.0, 0.0, 0.0, 1.4142135, 1.4142135, 2.4494898, 3.1622777, 3.4641016, 7.0]","[3.0, 4.0]","[0.0, 3.4641016]","[-2.5, -1.5]","[3.0, 4.0]","[0.0, 3.4641016]","[-2.5, -1.5]","[2.5, 3.0]","[2.0, 3.0]","[-2.0, -0.5]",[7.0],[7.0],[6.0],1,0,1,0,1.0,0.0,0
673,2,2,0,"[0.0, 0.5, 2.0, 2.0, 2.5, 3.0, 3.5, 3.5, 4.0, 7.0]","[0.0, 0.0, 0.0, 0.0, 1.7320508, 2.4494898, 2.6457512, 2.828427, 3.1622777, 6.928203]","[1.5, 5.5]","[0.0, 5.477226]","[-2.0, -2.0]","[1.5, 5.5]","[0.0, 5.477226]","[-2.0, -2.0]","[1.5, 5.5]","[0.0, 5.477226]","[-2.0, -2.0]",[],[],[],2,0,0,1,0.0,2.0,1
85192,2,2,1,"[0.5, 0.5, 1.0, 1.5, 2.0, 2.5, 3.0, 3.0, 4.0, 7.5]","[0.0, 0.0, 0.0, 0.0, 1.7320508, 2.4494898, 2.828427, 3.0, 3.4641016, 7.3484693]","[2.0, 4.0]","[0.0, 2.6457512]","[-3.5, -1.5]","[2.0, 4.0]","[0.0, 2.6457512]","[-3.5, -1.5]","[2.5, 6.0]","[2.4494898, 5.656854]","[-1.5, 1.5]",[3.0],[2.236068],[2.0],1,0,1,0,1.0,0.0,0
130,1,1,1,"[0.5, 0.5, 0.5, 1.0, 2.0, 3.0, 3.0, 3.0, 3.5, 3.5]","[0.0, 0.0, 0.0, 0.0, 1.0, 1.7320508, 2.828427, 3.0, 3.4641016, 3.4641016]",[0.5],[0.0],[-4.5],[0.5],[0.0],[-4.5],[3.0],[2.236068],[1.5],[3.0],[2.236068],[1.5],0,1,0,0,0.0,0.0,1
65116,4,2,1,"[0.5, 0.5, 1.0, 1.0, 1.5, 2.0, 2.5, 3.0, 4.5, 7.5]","[0.0, 0.0, 0.0, 0.0, 0.0, 1.4142135, 1.7320508, 2.0, 3.7416575, 7.483315]","[2.5, 2.5, 3.0, 3.5]","[0.0, 0.0, 0.0, 3.4641016]","[-3.5, -2.5, -2.5, -2.0]","[2.5, 3.5]","[0.0, 3.4641016]","[-3.5, -2.0]","[3.0, 3.5]","[2.236068, 3.1622777]","[-2.0, -1.0]",[7.5],[7.3484693],[5.5],1,0,1,0,1.0,0.0,0
487,1,1,1,"[0.0, 0.5, 0.5, 0.5, 1.5, 2.0, 2.0, 3.0, 3.5, 4.0]","[0.0, 0.0, 0.0, 0.0, 0.0, 0.0, 1.7320508, 2.236068, 3.1622777, 3.4641016]",[2.0],[0.0],[-1.5],[2.0],[0.0],[-1.5],[4.0],[0.0],[0.5],[4.0],[0.0],[0.5],0,1,0,0,0.0,0.0,1
239,22,6,3,"[0.0, 2.0, 3.5, 4.0, 4.5, 5.0, 5.0, 5.5, 7.0, 7.5]","[0.0, 0.0, 3.0, 3.1622777, 3.4641016, 4.2426405, 4.472136, 4.582576, 6.708204, 7.3484693]","[0.5, 0.5, 1.0, 1.0, 1.5, 1.5, 2.0, 2.0, 2.0, 2.5, 2.5, 2.5, 2.5, 2.5, 2.5, 3.0, 3.0, 3.0, 3.5, 3.5, 4.5, 5.0]","[0.0, 0.0, 0.0, 0.0, 0.0, 0.0, 0.0, 0.0, 0.0, 1.0, 1.0, 1.4142135, 2.0, 2.0, 2.236068, 2.4494898, 2.4494898, 2.4494898, 3.1622777, 3.4641016, 3.7416575, 4.8989797]","[-5.5, -5.0, -5.0, -4.5, -4.5, -4.0, -4.0, -4.0, -4.0, -3.5, -3.5, -3.0, -3.0, -3.0, -3.0, -2.5, -2.5, -2.5, -2.5, -2.5, -2.0, -2.0]","[0.5, 1.0, 1.5, 1.5, 2.0, 3.5]","[0.0, 0.0, 0.0, 1.0, 1.4142135, 3.1622777]","[-5.0, -4.5, -4.5, -3.0, -2.5, -2.0]","[2.5, 3.0, 3.5, 5.5, 6.5, 7.5]","[0.0, 0.0, 3.1622777, 5.2915025, 6.4807405, 7.483315]","[-3.0, -0.5, -0.5, -0.5, 0.5, 3.5]","[2.5, 3.5, 3.5]","[0.0, 2.4494898, 3.4641016]","[-3.0, -2.5, 2.5]",3,1,2,0,1.5,0.0,1
369,1,1,1,"[0.0, 1.0, 1.5, 2.0, 2.5, 2.5, 2.5, 3.0, 4.0, 5.5]","[0.0, 0.0, 0.0, 1.4142135, 2.0, 2.236068, 2.4494898, 2.4494898, 2.6457512, 4.8989797]",[3.0],[0.0],[-2.0],[3.0],[0.0],[-2.0],[2.0],[0.0],[0.0],[2.0],[0.0],[0.0],0,1,0,0,0.0,0.0,1
8245,3,2,2,"[0.0, 0.0, 0.5, 0.5, 1.0, 1.5, 2.0, 6.5, 6.5, 8.0]","[0.0, 0.0, 0.0, 0.0, 0.0, 1.4142135, 1.7320508, 6.4807405, 6.4807405, 8.0]","[2.0, 3.0, 5.5]","[2.0, 2.828427, 5.477226]","[-3.0, -2.5, -2.0]","[2.0, 5.5]","[2.0, 5.477226]","[-2.5, -2.0]","[5.0, 8.0]","[3.0, 8.0]","[-2.0, 4.0]","[5.0, 8.0]","[3.0, 8.0]","[-2.0, 4.0]",0,2,0,0,0.0,0.0,0
3324,2,1,1,"[0.5, 1.5, 1.5, 2.0, 3.0, 3.0, 3.0, 3.5, 4.0, 4.5]","[0.0, 0.0, 0.0, 0.0, 0.0, 1.4142135, 2.4494898, 3.0, 3.4641016, 4.2426405]","[2.0, 4.0]","[1.7320508, 3.8729835]","[-4.0, -1.0]",[2.0],[1.7320508],[-4.0],[5.0],[4.0],[3.5],[5.0],[4.0],[3.5],0,1,0,0,0.0,0.0,0
588,1,1,1,"[0.5, 0.5, 0.5, 0.5, 1.0, 1.0, 1.5, 2.0, 2.0, 4.5]","[0.0, 0.0, 0.0, 0.0, 0.0, 0.0, 0.0, 0.0, 2.0, 2.0]",[2.5],[2.0],[-3.0],[2.5],[2.0],[-3.0],[5.0],[5.0],[4.0],[5.0],[5.0],[4.0],0,1,0,0,0.0,0.0,1
98622,2,2,1,"[1.0, 1.0, 1.0, 1.5, 1.5, 1.5, 2.5, 4.0, 4.0, 4.5]","[0.0, 0.0, 0.0, 1.4142135, 1.4142135, 1.4142135, 2.0, 3.4641016, 3.8729835, 4.472136]","[1.0, 2.0]","[0.0, 0.0]","[-3.5, -1.5]","[1.0, 2.0]","[0.0, 0.0]","[-3.5, -1.5]","[3.0, 6.0]","[2.236068, 5.196152]","[0.0, 2.5]",[3.0],[2.236068],[1.0],1,0,1,0,1.0,0.0,0
792,10,3,2,"[0.0, 0.5, 0.5, 0.5, 1.0, 2.0, 4.0, 4.5, 6.0, 6.5]","[0.0, 0.0, 0.0, 0.0, 0.0, 0.0, 3.8729835, 4.2426405, 5.196152, 6.0]","[1.0, 2.0, 2.5, 2.5, 2.5, 3.0, 3.5, 5.5, 6.0, 7.5]","[0.0, 0.0, 0.0, 1.0, 2.4494898, 3.0, 3.4641016, 5.477226, 5.656854, 7.483315]","[-4.0, -3.5, -3.5, -3.0, -3.0, -2.5, -2.0, -1.5, -1.5, -1.0]","[1.0, 2.0, 2.5]","[0.0, 1.0, 2.4494898]","[-3.5, -3.0, -3.0]","[2.0, 5.5, 7.0]","[1.7320508, 5.2915025, 6.708204]","[0.5, 2.0, 4.0]","[1.5, 2.0]","[0.0, 1.7320508]","[-0.5, 0.5]",1,1,1,0,1.0,0.0,1
395,7,3,2,"[0.0, 0.5, 0.5, 1.5, 2.0, 2.5, 4.5, 4.5, 5.0, 5.0]","[0.0, 0.0, 0.0, 0.0, 0.0, 1.4142135, 2.828427, 2.828427, 4.0, 4.582576]","[2.0, 2.0, 3.5, 3.5, 3.5, 3.5, 4.5]","[0.0, 0.0, 2.0, 2.4494898, 3.1622777, 3.4641016, 4.472136]","[-4.5, -4.5, -3.0, -3.0, -2.5, -2.0, -1.0]","[2.0, 2.0, 4.5]","[0.0, 2.0, 4.472136]","[-4.5, -3.0, -3.0]","[4.5, 4.5, 6.0]","[0.0, 4.472136, 5.91608]","[0.0, 2.5, 5.0]","[4.5, 4.5]","[4.2426405, 4.472136]","[2.5, 4.0]",1,1,1,0,1.0,0.0,1
869,2,1,1,"[0.0, 0.0, 0.5, 0.5, 1.0, 1.5, 2.5, 2.5, 3.5, 5.0]","[0.0, 0.0, 0.0, 0.0, 0.0, 0.0, 0.0, 1.4142135, 3.4641016, 4.0]","[2.0, 3.0]","[2.0, 2.236068]","[-3.5, -2.0]",[2.0],[2.0],[-3.5],[4.0],[3.8729835],[1.0],[4.0],[3.8729835],[1.0],0,1,0,0,0.0,0.0,1
13176,3,1,1,"[1.0, 1.0, 1.5, 1.5, 1.5, 2.0, 2.0, 2.5, 3.5, 5.0]","[0.0, 0.0, 0.0, 0.0, 0.0, 1.0, 1.4142135, 1.7320508, 2.0, 3.0]","[2.5, 3.5, 4.0]","[0.0, 0.0, 0.0]","[-5.5, -2.5, -1.0]",[2.5],[0.0],[-5.5],[6.0],[6.0],[5.5],[6.0],[6.0],[5.5],0,1,0,0,0.0,0.0,0
93382,4,2,1,"[0.0, 0.5, 1.0, 1.5, 1.5, 2.0, 2.0, 2.0, 5.0, 6.5]","[0.0, 0.0, 0.0, 0.0, 0.0, 0.0, 1.0, 1.4142135, 4.0, 6.4807405]","[1.5, 2.5, 2.5, 3.0]","[0.0, 0.0, 2.0, 2.828427]","[-4.5, -2.5, -2.5, -1.5]","[1.5, 2.5]","[0.0, 2.0]","[-2.5, -2.5]","[1.5, 2.0]","[1.4142135, 2.0]","[-1.5, -1.5]",[6.5],[6.4807405],[6.5],1,0,1,0,1.0,0.0,0
712,2,2,0,"[0.0, 0.0, 0.5, 0.5, 1.5, 2.5, 3.5, 4.5, 4.5, 5.5]","[0.0, 0.0, 0.0, 0.0, 0.0, 1.4142135, 3.4641016, 4.472136, 4.472136, 5.2915025]","[3.0, 3.0]","[2.828427, 3.0]","[-3.0, -1.0]","[3.0, 3.0]","[2.828427, 3.0]","[-3.0, -1.0]","[3.0, 3.0]","[2.828427, 3.0]","[-3.0, -1.0]",[],[],[],2,0,0,1,0.0,2.0,1
988,2,1,1,"[0.0, 0.5, 1.0, 1.5, 2.0, 2.0, 3.5, 4.0, 4.5, 6.0]","[0.0, 0.0, 0.0, 1.0, 1.4142135, 1.7320508, 3.1622777, 3.4641016, 3.7416575, 5.656854]","[1.5, 2.0]","[0.0, 2.0]","[-5.5, -2.5]",[2.0],[2.0],[-5.5],[4.0],[0.0],[1.0],[4.0],[0.0],[1.0],0,1,0,0,0.0,0.0,1
59982,2,1,1,"[0.5, 1.0, 2.5, 3.0, 3.0, 3.0, 3.0, 4.5, 4.5, 4.5]","[0.0, 0.0, 0.0, 1.0, 2.0, 3.0, 3.0, 3.7416575, 3.7416575, 4.472136]","[1.5, 2.0]","[0.0, 1.4142135]","[-2.5, -2.5]",[1.5],[1.4142135],[-2.5],[8.0],[7.937254],[4.5],[8.0],[7.937254],[4.5],0,1,0,0,0.0,0.0,0
335,2,1,1,"[0.0, 1.0, 1.0, 1.5, 2.0, 2.0, 3.5, 4.0, 4.5, 6.0]","[0.0, 0.0, 0.0, 0.0, 1.0, 1.4142135, 1.7320508, 2.0, 4.472136, 5.656854]","[2.0, 7.0]","[0.0, 7.0]","[-4.0, -1.0]",[2.0],[0.0],[-4.0],[7.5],[7.483315],[3.0],[7.5],[7.483315],[3.0],0,1,0,0,0.0,0.0,1
54911,1,1,1,"[0.0, 1.0, 1.0, 2.0, 2.0, 2.0, 2.5, 4.0, 4.5, 5.5]","[0.0, 0.0, 0.0, 0.0, 2.0, 2.0, 2.4494898, 3.7416575, 3.8729835, 5.2915025]",[3.5],[2.4494898],[-2.5],[3.5],[2.4494898],[-2.5],[5.5],[4.8989797],[2.0],[5.5],[4.8989797],[2.0],0,1,0,0,0.0,0.0,0
61703,1,1,1,"[0.0, 0.5, 1.0, 1.0, 1.5, 2.0, 2.5, 2.5, 4.0, 4.5]","[0.0, 0.0, 0.0, 0.0, 0.0, 1.0, 2.0, 2.4494898, 3.7416575, 3.8729835]",[1.5],[1.4142135],[-1.5],[1.5],[1.4142135],[-1.5],[7.0],[6.708204],[3.5],[7.0],[6.708204],[3.5],0,1,0,0,0.0,0.0,0
72369,2,1,1,"[0.0, 0.0, 0.5, 0.5, 1.0, 1.5, 2.0, 2.0, 3.5, 6.0]","[0.0, 0.0, 0.0, 0.0, 0.0, 0.0, 0.0, 1.4142135, 3.1622777, 5.656854]","[3.5, 3.5]","[0.0, 2.4494898]","[-1.5, -1.0]",[3.5],[2.4494898],[-1.5],[8.0],[8.0],[3.5],[8.0],[8.0],[3.5],0,1,0,0,0.0,0.0,0
968,1,1,1,"[0.0, 1.0, 1.0, 2.0, 2.5, 2.5, 3.0, 3.0, 3.0, 4.0]","[0.0, 0.0, 0.0, 0.0, 1.0, 1.0, 2.4494898, 2.4494898, 2.6457512, 3.0]",[1.5],[0.0],[-2.5],[1.5],[0.0],[-2.5],[4.0],[3.4641016],[2.5],[4.0],[3.4641016],[2.5],0,1,0,0,0.0,0.0,1
91939,3,2,1,"[0.5, 1.0, 1.0, 1.5, 1.5, 2.0, 3.0, 3.5, 4.5, 6.5]","[0.0, 0.0, 0.0, 0.0, 0.0, 1.0, 1.4142135, 2.4494898, 4.472136, 6.3245554]","[1.0, 3.5, 4.0]","[0.0, 3.4641016, 3.4641016]","[-3.0, -3.0, -2.0]","[1.0, 3.5]","[0.0, 3.4641016]","[-3.0, -2.0]","[1.0, 3.5]","[0.0, 2.4494898]","[-3.5, -1.0]",[5.0],[4.582576],[2.5],1,0,1,0,1.0,0.0,0
596,1,1,1,"[0.5, 1.0, 1.0, 1.5, 2.0, 2.0, 2.0, 2.5, 2.5, 5.0]","[0.0, 0.0, 0.0, 0.0, 0.0, 0.0, 1.4142135, 2.0, 2.0, 3.0]",[2.0],[1.7320508],[-5.0],[2.0],[1.7320508],[-5.0],[4.5],[4.472136],[4.0],[4.5],[4.472136],[4.0],0,1,0,0,0.0,0.0,1
86808,5,2,1,"[0.0, 0.0, 1.5, 1.5, 2.5, 2.5, 3.5, 4.5, 4.5, 6.0]","[0.0, 0.0, 1.4142135, 1.4142135, 2.0, 2.4494898, 3.4641016, 4.472136, 4.472136, 5.656854]","[1.5, 1.5, 2.5, 3.5, 4.5]","[0.0, 0.0, 1.4142135, 2.4494898, 3.7416575]","[-4.0, -2.5, -2.0, -1.5, -1.0]","[1.5, 2.5]","[0.0, 1.4142135]","[-4.0, -2.0]","[2.5, 4.0]","[2.0, 2.6457512]","[-2.5, 0.0]",[7.5],[7.3484693],[4.5],1,0,1,0,1.0,0.0,0
865,1,1,1,"[0.0, 0.5, 0.5, 1.0, 1.5, 2.0, 2.0, 4.0, 4.0, 7.0]","[0.0, 0.0, 0.0, 0.0, 0.0, 1.0, 2.0, 3.4641016, 3.4641016, 6.928203]",[3.5],[3.4641016],[-2.5],[3.5],[3.4641016],[-2.5],[4.5],[2.828427],[-0.5],[4.5],[2.828427],[-0.5],0,1,0,0,0.0,0.0,1
80,2,1,1,"[0.0, 1.0, 1.5, 1.5, 1.5, 2.0, 2.0, 2.5, 2.5, 7.0]","[0.0, 0.0, 0.0, 0.0, 0.0, 1.4142135, 1.4142135, 2.0, 2.0, 7.0]","[2.0, 4.0]","[2.0, 3.4641016]","[-3.5, -1.0]",[2.0],[2.0],[-3.5],[6.5],[6.4807405],[2.5],[6.5],[6.4807405],[2.5],0,1,0,0,0.0,0.0,1
87493,2,2,1,"[0.0, 1.0, 1.0, 1.0, 1.5, 2.5, 3.0, 3.5, 5.0, 5.5]","[0.0, 0.0, 0.0, 0.0, 1.0, 1.4142135, 2.0, 3.0, 4.8989797, 5.0]","[2.0, 4.5]","[2.0, 4.472136]","[-4.0, -2.0]","[2.0, 4.5]","[2.0, 4.472136]","[-4.0, -2.0]","[2.5, 4.5]","[2.0, 3.7416575]","[-1.5, 2.0]",[4.0],[0.0],[2.5],1,0,1,0,1.0,0.0,0
598,1,1,1,"[0.0, 0.0, 0.5, 0.5, 0.5, 1.5, 2.0, 2.5, 3.0, 3.5]","[0.0, 0.0, 0.0, 0.0, 0.0, 0.0, 0.0, 0.0, 1.4142135, 1.7320508]",[3.0],[2.236068],[-3.5],[3.0],[2.236068],[-3.5],[4.0],[2.6457512],[4.0],[4.0],[2.6457512],[4.0],0,1,0,0,0.0,0.0,1
599,3,1,1,"[0.0, 0.5, 0.5, 1.0, 1.0, 1.5, 3.5, 4.0, 5.0, 7.0]","[0.0, 0.0, 0.0, 0.0, 0.0, 0.0, 3.4641016, 3.8729835, 4.582576, 6.928203]","[1.0, 3.0, 3.0]","[0.0, 2.236068, 3.0]","[-4.5, -4.5, -3.0]",[3.0],[2.236068],[-4.5],[5.0],[5.0],[0.5],[5.0],[5.0],[0.5],0,1,0,0,0.0,0.0,1
47718,1,1,1,"[1.0, 1.0, 1.0, 1.5, 2.0, 2.5, 3.0, 3.5, 3.5, 6.5]","[0.0, 0.0, 0.0, 0.0, 0.0, 1.0, 2.0, 3.0, 3.1622777, 6.0]",[5.5],[4.8989797],[-1.0],[5.5],[4.8989797],[-1.0],[7.0],[6.928203],[5.0],[7.0],[6.928203],[5.0],0,1,0,0,0.0,0.0,0
423,1,1,1,"[0.5, 0.5, 1.0, 1.0, 1.5, 1.5, 1.5, 2.0, 4.0, 4.5]","[0.0, 0.0, 0.0, 1.0, 1.0, 1.4142135, 1.4142135, 2.0, 2.6457512, 4.472136]",[1.5],[0.0],[-1.5],[1.5],[0.0],[-1.5],[2.5],[0.0],[-0.5],[2.5],[0.0],[-0.5],0,1,0,0,0.0,0.0,1
13214,3,2,1,"[0.5, 1.5, 2.0, 2.0, 2.0, 2.5, 2.5, 3.0, 4.5, 7.0]","[0.0, 0.0, 0.0, 0.0, 1.7320508, 1.7320508, 2.0, 2.236068, 4.472136, 6.708204]","[1.5, 2.0, 2.5]","[0.0, 1.7320508, 2.0]","[-4.5, -4.0, -1.5]","[1.5, 2.0]","[0.0, 1.7320508]","[-4.5, -1.5]","[1.0, 3.5]","[0.0, 2.4494898]","[-3.5, -1.5]",[7.5],[7.3484693],[5.0],1,0,1,0,1.0,0.0,0
31549,2,2,1,"[0.5, 1.0, 2.0, 2.0, 2.0, 2.0, 2.5, 2.5, 4.0, 5.0]","[0.0, 0.0, 0.0, 0.0, 1.7320508, 1.7320508, 1.7320508, 2.0, 2.4494898, 4.582576]","[0.5, 4.0]","[0.0, 3.4641016]","[-5.0, -1.5]","[0.5, 4.0]","[0.0, 3.4641016]","[-5.0, -1.5]","[3.5, 4.0]","[0.0, 3.4641016]","[0.5, 1.5]",[4.5],[3.7416575],[4.0],1,0,1,0,1.0,0.0,0
396,2,2,0,"[0.0, 0.0, 1.0, 1.0, 1.5, 1.5, 1.5, 3.5, 4.0, 8.5]","[0.0, 0.0, 0.0, 1.0, 1.0, 1.4142135, 1.4142135, 3.1622777, 3.4641016, 8.485281]","[2.5, 4.5]","[2.0, 4.472136]","[-3.0, -2.5]","[2.5, 4.5]","[2.0, 4.472136]","[-3.0, -2.5]","[2.5, 4.5]","[2.0, 4.472136]","[-3.0, -2.5]",[],[],[],2,0,0,1,0.0,2.0,1
408,2,2,1,"[0.0, 0.0, 1.0, 2.5, 2.5, 2.5, 3.0, 3.5, 5.5, 6.0]","[0.0, 0.0, 0.0, 0.0, 2.0, 2.0, 2.828427, 3.4641016, 5.2915025, 6.0]","[2.0, 3.0]","[0.0, 2.828427]","[-3.5, -3.0]","[2.0, 3.0]","[0.0, 2.828427]","[-3.5, -3.0]","[4.5, 6.5]","[4.2426405, 6.3245554]","[1.0, 1.5]",[4.5],[4.2426405],[2.0],1,0,1,0,1.0,0.0,1
85275,4,2,1,"[0.0, 1.0, 1.0, 2.0, 2.0, 3.5, 3.5, 3.5, 3.5, 6.0]","[0.0, 0.0, 0.0, 0.0, 0.0, 1.0, 2.4494898, 3.1622777, 3.4641016, 5.91608]","[2.5, 3.0, 3.0, 3.5]","[2.0, 2.4494898, 2.828427, 3.0]","[-2.5, -2.5, -2.0, -1.5]","[3.0, 3.5]","[2.4494898, 2.828427]","[-2.5, -2.0]","[1.5, 3.0]","[1.4142135, 3.0]","[-2.0, -1.5]",[6.0],[5.196152],[4.0],1,0,1,0,1.0,0.0,0
530,1,1,1,"[0.0, 0.0, 0.0, 0.5, 0.5, 1.0, 2.5, 2.5, 3.0, 4.5]","[0.0, 0.0, 0.0, 0.0, 0.0, 0.0, 0.0, 1.0, 2.0, 2.828427]",[3.5],[3.1622777],[-3.5],[3.5],[3.1622777],[-3.5],[4.0],[3.4641016],[4.0],[4.0],[3.4641016],[4.0],0,1,0,0,0.0,0.0,1
868,1,1,1,"[0.5, 0.5, 0.5, 1.0, 1.0, 1.5, 1.5, 3.5, 3.5, 4.0]","[0.0, 0.0, 0.0, 0.0, 0.0, 1.4142135, 1.4142135, 3.1622777, 3.4641016, 4.0]",[2.0],[1.7320508],[-1.0],[2.0],[1.7320508],[-1.0],[2.0],[0.0],[0.0],[2.0],[0.0],[0.0],0,1,0,0,0.0,0.0,1
967,1,1,1,"[0.0, 0.0, 0.5, 1.0, 1.0, 3.0, 3.5, 4.0, 4.5, 6.0]","[0.0, 0.0, 0.0, 0.0, 1.0, 2.236068, 3.1622777, 3.8729835, 4.2426405, 5.656854]",[2.5],[2.4494898],[-3.0],[2.5],[2.4494898],[-3.0],[2.0],[1.7320508],[0.0],[2.0],[1.7320508],[0.0],0,1,0,0,0.0,0.0,1
131,27,6,2,"[1.0, 3.5, 4.0, 4.5, 4.5, 5.0, 5.0, 6.0, 6.5, 7.5]","[0.0, 3.0, 3.0, 3.1622777, 4.0, 4.472136, 4.472136, 6.0, 6.4807405, 7.3484693]","[0.5, 0.5, 1.0, 1.0, 1.0, 1.5, 1.5, 2.0, 2.0, 2.0, 2.0, 2.0, 2.5, 2.5, 2.5, 2.5, 3.0, 3.0, 3.5, 3.5, 3.5, 4.0, 4.5, 5.0, 5.0, 6.0, 6.0]","[0.0, 0.0, 0.0, 0.0, 0.0, 0.0, 0.0, 0.0, 0.0, 0.0, 1.0, 1.7320508, 1.7320508, 2.0, 2.0, 2.0, 2.0, 2.828427, 3.1622777, 3.1622777, 3.4641016, 3.8729835, 4.0, 4.2426405, 4.582576, 5.656854, 5.91608]","[-6.0, -5.5, -5.0, -5.0, -5.0, -4.5, -4.5, -4.5, -4.0, -4.0, -3.5, -3.5, -3.0, -3.0, -3.0, -3.0, -3.0, -2.5, -2.5, -2.5, -2.5, -2.0, -2.0, -1.5, -1.5, -1.5, -1.0]","[0.5, 0.5, 1.0, 1.5, 2.0, 2.0]","[0.0, 0.0, 0.0, 0.0, 1.0, 1.7320508]","[-6.0, -5.5, -5.0, -3.0, -3.0, -2.5]","[2.5, 2.5, 3.0, 3.5, 6.0, 7.0]","[0.0, 0.0, 2.0, 3.1622777, 5.91608, 6.928203]","[-3.0, -2.5, -1.5, -1.5, 2.0, 2.0]","[1.5, 2.0]","[0.0, 2.0]","[-4.5, -1.0]",4,0,2,0,2.0,0.0,1
831,1,1,1,"[0.0, 0.5, 1.0, 1.0, 1.5, 2.0, 2.5, 4.0, 4.5, 5.0]","[0.0, 0.0, 0.0, 0.0, 1.0, 1.4142135, 1.7320508, 2.0, 2.6457512, 4.8989797]",[3.0],[3.0],[-3.5],[3.0],[3.0],[-3.5],[2.5],[2.4494898],[0.0],[2.5],[2.4494898],[0.0],0,1,0,0,0.0,0.0,1
32290,1,1,1,"[0.5, 0.5, 1.0, 1.5, 1.5, 2.0, 2.5, 2.5, 3.0, 3.5]","[0.0, 0.0, 0.0, 0.0, 0.0, 1.0, 1.4142135, 1.7320508, 2.236068, 3.1622777]",[1.5],[1.4142135],[-3.5],[1.5],[1.4142135],[-3.5],[6.0],[5.196152],[4.5],[6.0],[5.196152],[4.5],0,1,0,0,0.0,0.0,0
10782,1,1,1,"[0.5, 1.0, 1.0, 1.0, 1.5, 2.0, 2.5, 3.0, 4.0, 4.0]","[0.0, 0.0, 0.0, 0.0, 0.0, 1.0, 2.0, 2.828427, 3.4641016, 3.4641016]",[1.5],[1.4142135],[-3.5],[1.5],[1.4142135],[-3.5],[7.5],[7.3484693],[5.5],[7.5],[7.3484693],[5.5],0,1,0,0,0.0,0.0,0
69575,2,2,1,"[0.0, 0.0, 0.5, 1.0, 1.5, 1.5, 3.0, 3.0, 3.5, 6.0]","[0.0, 0.0, 0.0, 0.0, 1.4142135, 1.4142135, 2.4494898, 2.828427, 2.828427, 5.196152]","[1.5, 2.5]","[0.0, 1.4142135]","[-4.0, -1.0]","[1.5, 2.5]","[0.0, 1.4142135]","[-4.0, -1.0]","[2.5, 5.0]","[2.0, 4.8989797]","[-1.5, 0.0]",[8.5],[8.485281],[5.5],1,0,1,0,1.0,0.0,0
149,12,2,1,"[0.5, 1.0, 1.5, 1.5, 1.5, 3.0, 3.0, 5.5, 7.5, 8.5]","[0.0, 0.0, 0.0, 1.4142135, 1.4142135, 1.4142135, 2.828427, 5.477226, 7.483315, 8.485281]","[1.5, 2.0, 2.0, 2.5, 2.5, 3.0, 3.0, 3.5, 3.5, 3.5, 4.0, 5.0]","[0.0, 0.0, 0.0, 1.7320508, 2.0, 2.4494898, 2.4494898, 2.6457512, 2.828427, 3.4641016, 3.4641016, 5.0]","[-5.5, -5.0, -5.0, -3.0, -3.0, -2.5, -2.5, -2.5, -2.0, -2.0, -2.0, -1.0]","[2.0, 2.5]","[2.0, 2.4494898]","[-5.0, -5.0]","[3.0, 3.5]","[2.828427, 3.4641016]","[-5.5, -2.5]",[4.0],[2.6457512],[-3.0],1,0,1,0,1.0,0.0,1
18,7,3,1,"[0.0, 0.0, 1.0, 1.5, 3.0, 3.0, 3.5, 4.5, 7.0, 8.5]","[0.0, 0.0, 0.0, 0.0, 0.0, 2.236068, 2.4494898, 2.828427, 6.928203, 8.485281]","[1.0, 2.0, 3.0, 3.0, 4.5, 4.5, 5.5]","[0.0, 0.0, 1.0, 1.7320508, 2.828427, 4.2426405, 5.2915025]","[-7.5, -4.0, -4.0, -2.5, -2.5, -2.0, -1.5]","[1.0, 2.0, 3.0]","[0.0, 1.0, 1.7320508]","[-7.5, -4.0, -1.5]","[4.0, 4.5, 7.0]","[2.828427, 3.8729835, 6.708204]","[-2.5, 0.0, 0.0]",[4.0],[2.6457512],[1.5],2,0,1,0,2.0,0.0,1
98232,4,2,1,"[0.5, 1.0, 1.5, 1.5, 1.5, 1.5, 2.0, 2.5, 3.0, 7.0]","[0.0, 0.0, 1.0, 1.4142135, 1.4142135, 1.4142135, 1.7320508, 2.0, 2.236068, 6.928203]","[0.5, 2.0, 2.5, 3.0]","[0.0, 0.0, 0.0, 2.236068]","[-3.0, -3.0, -2.0, -1.5]","[0.5, 2.0]","[0.0, 0.0]","[-3.0, -3.0]","[2.5, 5.5]","[0.0, 5.2915025]","[-2.0, 2.0]",[6.0],[6.0],[5.0],1,0,1,0,1.0,0.0,0
64476,1,1,1,"[0.5, 0.5, 1.0, 1.0, 1.0, 1.5, 1.5, 3.0, 4.0, 4.5]","[0.0, 0.0, 0.0, 0.0, 0.0, 0.0, 1.0, 1.0, 3.8729835, 4.472136]",[1.5],[0.0],[-2.0],[1.5],[0.0],[-2.0],[5.5],[5.477226],[4.0],[5.5],[5.477226],[4.0],0,1,0,0,0.0,0.0,0
15843,2,2,1,"[0.0, 0.5, 1.0, 2.5, 2.5, 3.0, 3.0, 3.5, 4.0, 7.0]","[0.0, 0.0, 0.0, 0.0, 1.0, 2.0, 2.236068, 3.1622777, 4.0, 7.0]","[2.0, 3.5]","[1.7320508, 2.4494898]","[-4.0, -2.5]","[2.0, 3.5]","[1.7320508, 2.4494898]","[-4.0, -2.5]","[1.5, 3.5]","[0.0, 3.1622777]","[-3.0, -0.5]",[7.5],[7.483315],[6.0],1,0,1,0,1.0,0.0,0
888,1,1,1,"[0.0, 0.0, 0.5, 0.5, 1.5, 2.0, 3.0, 3.5, 4.5, 5.5]","[0.0, 0.0, 0.0, 0.0, 0.0, 2.0, 2.236068, 3.4641016, 4.2426405, 5.2915025]",[2.5],[2.0],[-3.0],[2.5],[2.0],[-3.0],[4.0],[3.4641016],[2.0],[4.0],[3.4641016],[2.0],0,1,0,0,0.0,0.0,1
601,1,1,1,"[0.5, 0.5, 0.5, 0.5, 1.5, 2.0, 3.0, 3.0, 5.0, 5.5]","[0.0, 0.0, 0.0, 0.0, 0.0, 0.0, 0.0, 2.0, 4.0, 4.8989797]",[1.0],[0.0],[-2.0],[1.0],[0.0],[-2.0],[1.0],[0.0],[-3.0],[1.0],[0.0],[-3.0],0,1,0,0,0.0,0.0,1
992,1,1,1,"[0.5, 1.0, 1.0, 1.5, 2.0, 2.5, 2.5, 3.5, 4.0, 6.0]","[0.0, 0.0, 0.0, 1.4142135, 1.7320508, 2.0, 2.4494898, 2.6457512, 3.4641016, 6.0]",[4.0],[3.8729835],[-1.0],[4.0],[3.8729835],[-1.0],[3.5],[3.1622777],[0.0],[3.5],[3.1622777],[0.0],0,1,0,0,0.0,0.0,1
989,1,1,1,"[0.5, 0.5, 0.5, 0.5, 1.5, 1.5, 2.0, 2.5, 3.5, 7.0]","[0.0, 0.0, 0.0, 0.0, 1.4142135, 1.4142135, 1.7320508, 2.0, 2.4494898, 6.708204]",[3.0],[3.0],[-4.5],[3.0],[3.0],[-4.5],[4.0],[4.0],[1.0],[4.0],[4.0],[1.0],0,1,0,0,0.0,0.0,1
492,1,1,1,"[0.5, 0.5, 0.5, 0.5, 0.5, 1.0, 1.5, 3.0, 3.5, 5.5]","[0.0, 0.0, 0.0, 0.0, 0.0, 1.0, 1.4142135, 2.236068, 2.4494898, 4.8989797]",[2.0],[2.0],[-2.0],[2.0],[2.0],[-2.0],[3.5],[3.1622777],[-1.0],[3.5],[3.1622777],[-1.0],0,1,0,0,0.0,0.0,1
14274,1,1,1,"[0.0, 0.5, 0.5, 1.0, 1.0, 1.5, 3.0, 4.0, 4.0, 5.0]","[0.0, 0.0, 0.0, 0.0, 0.0, 0.0, 0.0, 2.6457512, 3.8729835, 4.0]",[2.5],[0.0],[-3.0],[2.5],[0.0],[-3.0],[9.0],[9.0],[5.5],[9.0],[9.0],[5.5],0,1,0,0,0.0,0.0,0
63256,4,2,1,"[0.0, 1.0, 1.0, 1.0, 1.5, 2.5, 3.0, 3.5, 4.5, 6.5]","[0.0, 0.0, 0.0, 0.0, 1.0, 1.4142135, 2.236068, 3.4641016, 4.2426405, 6.0]","[1.5, 1.5, 2.0, 4.0]","[1.4142135, 1.4142135, 1.7320508, 2.6457512]","[-5.5, -5.0, -3.0, -1.5]","[1.5, 1.5]","[1.4142135, 1.4142135]","[-5.0, -3.0]","[2.0, 2.0]","[0.0, 0.0]","[-2.5, -1.5]",[7.0],[7.0],[5.5],1,0,1,0,1.0,0.0,0
1004,4,2,1,"[0.0, 1.0, 1.0, 1.0, 1.0, 3.0, 3.5, 4.0, 5.5, 5.5]","[0.0, 0.0, 0.0, 0.0, 0.0, 1.0, 3.4641016, 3.8729835, 5.2915025, 5.477226]","[2.5, 3.0, 3.0, 3.5]","[2.0, 2.4494898, 2.828427, 3.0]","[-2.5, -2.0, -1.5, -1.5]","[2.5, 3.0]","[2.0, 2.828427]","[-2.5, -1.5]","[5.5, 8.0]","[4.8989797, 7.937254]","[-1.0, 3.5]",[4.5],[0.0],[-1.0],1,0,1,0,1.0,0.0,1
27474,3,1,1,"[0.5, 1.5, 2.0, 2.0, 2.5, 2.5, 3.0, 3.5, 5.0, 5.0]","[0.0, 0.0, 1.7320508, 1.7320508, 2.236068, 2.4494898, 2.4494898, 3.0, 3.4641016, 4.8989797]","[1.5, 2.5, 4.0]","[0.0, 1.4142135, 2.0]","[-6.0, -4.5, -2.5]",[2.5],[2.0],[-4.5],[7.0],[6.928203],[6.0],[7.0],[6.928203],[6.0],0,1,0,0,0.0,0.0,0
222,2,1,1,"[0.0, 0.5, 0.5, 0.5, 1.0, 2.0, 3.0, 3.5, 4.0, 7.0]","[0.0, 0.0, 0.0, 0.0, 1.0, 2.0, 2.6457512, 2.828427, 3.4641016, 6.708204]","[2.5, 3.0]","[0.0, 0.0]","[-5.0, -4.0]",[2.5],[0.0],[-4.0],[4.0],[2.6457512],[0.0],[4.0],[2.6457512],[0.0],0,1,0,0,0.0,0.0,1
33,1,1,1,"[0.0, 1.0, 1.0, 1.0, 1.5, 1.5, 2.0, 2.5, 2.5, 4.0]","[0.0, 0.0, 0.0, 0.0, 0.0, 0.0, 0.0, 2.0, 2.4494898, 3.4641016]",[1.0],[0.0],[-1.5],[1.0],[0.0],[-1.5],[4.5],[2.828427],[4.5],[4.5],[2.828427],[4.5],0,1,0,0,0.0,0.0,1
49343,1,1,1,"[1.0, 1.0, 2.0, 2.0, 2.5, 2.5, 2.5, 2.5, 3.0, 5.5]","[0.0, 0.0, 0.0, 1.0, 2.0, 2.0, 2.0, 2.0, 2.828427, 4.2426405]",[2.0],[1.7320508],[-3.5],[2.0],[1.7320508],[-3.5],[4.5],[0.0],[2.5],[4.5],[0.0],[2.5],0,1,0,0,0.0,0.0,0
54396,2,2,1,"[1.0, 1.5, 1.5, 2.0, 2.0, 2.0, 2.5, 3.0, 3.5, 5.0]","[0.0, 0.0, 0.0, 0.0, 1.4142135, 2.0, 2.236068, 2.4494898, 3.1622777, 4.8989797]","[1.5, 4.0]","[1.4142135, 4.0]","[-1.5, -1.0]","[1.5, 4.0]","[1.4142135, 4.0]","[-1.5, -1.0]","[3.0, 4.5]","[3.0, 4.2426405]","[0.5, 3.0]",[7.0],[6.928203],[6.5],1,0,1,0,1.0,0.0,0
64968,4,2,1,"[0.0, 0.5, 0.5, 0.5, 1.5, 1.5, 2.5, 4.0, 4.5, 8.0]","[0.0, 0.0, 0.0, 0.0, 0.0, 1.4142135, 1.4142135, 3.4641016, 4.472136, 7.937254]","[1.5, 2.0, 2.5, 3.0]","[1.4142135, 1.7320508, 2.0, 2.828427]","[-5.0, -5.0, -4.0, -3.0]","[2.5, 3.0]","[2.0, 2.828427]","[-5.0, -3.0]","[3.5, 4.0]","[0.0, 0.0]","[-2.5, -1.0]",[6.5],[6.0],[3.5],1,0,1,0,1.0,0.0,0
50907,1,1,1,"[0.5, 1.0, 1.0, 1.5, 1.5, 2.0, 2.0, 2.5, 2.5, 4.0]","[0.0, 0.0, 0.0, 0.0, 0.0, 1.4142135, 1.7320508, 2.0, 2.4494898, 2.6457512]",[2.0],[1.7320508],[-2.0],[2.0],[1.7320508],[-2.0],[5.0],[4.582576],[4.5],[5.0],[4.582576],[4.5],0,1,0,0,0.0,0.0,0
900,3,2,1,"[0.0, 1.0, 1.0, 1.5, 1.5, 2.0, 2.5, 2.5, 3.5, 5.5]","[0.0, 0.0, 0.0, 0.0, 1.4142135, 1.4142135, 2.0, 2.0, 3.4641016, 4.8989797]","[0.5, 1.5, 3.0]","[0.0, 0.0, 2.236068]","[-3.0, -2.5, -2.0]","[0.5, 1.5]","[0.0, 0.0]","[-3.0, -2.0]","[3.5, 6.0]","[0.0, 5.91608]","[1.0, 2.0]",[3.5],[3.4641016],[2.5],1,0,1,0,1.0,0.0,1
238,2,1,1,"[0.0, 0.5, 0.5, 1.0, 1.0, 1.5, 1.5, 2.5, 4.5, 7.0]","[0.0, 0.0, 0.0, 0.0, 1.0, 1.4142135, 1.4142135, 2.0, 4.2426405, 7.0]","[3.0, 3.0]","[2.236068, 3.0]","[-3.5, -1.5]",[3.0],[3.0],[-3.5],[4.5],[4.2426405],[-0.5],[4.5],[4.2426405],[-0.5],0,1,0,0,0.0,0.0,1
14291,3,2,1,"[0.0, 0.0, 0.5, 1.5, 1.5, 2.5, 2.5, 3.5, 4.0, 5.0]","[0.0, 0.0, 0.0, 1.4142135, 1.4142135, 2.0, 2.4494898, 2.4494898, 3.4641016, 5.0]","[1.0, 1.0, 2.5]","[1.0, 1.0, 2.0]","[-3.5, -2.5, -1.5]","[1.0, 1.0]","[1.0, 1.0]","[-3.5, -2.5]","[1.0, 3.0]","[0.0, 0.0]","[-2.0, 0.0]",[6.0],[5.196152],[5.0],1,0,1,0,1.0,0.0,0
76524,6,2,2,"[0.0, 0.5, 1.0, 1.5, 1.5, 2.5, 2.5, 3.0, 4.5, 5.0]","[0.0, 0.0, 0.0, 0.0, 0.0, 0.0, 1.0, 2.4494898, 2.4494898, 3.0]","[2.0, 2.5, 2.5, 3.0, 3.5, 4.0]","[1.7320508, 2.0, 2.236068, 2.4494898, 2.4494898, 3.4641016]","[-5.0, -5.0, -3.5, -3.5, -3.0, -2.5]","[2.5, 3.5]","[2.4494898, 2.4494898]","[-5.0, -2.5]","[3.5, 5.5]","[2.4494898, 5.477226]","[3.5, 4.0]","[3.5, 5.5]","[2.4494898, 5.477226]","[3.5, 4.0]",0,2,0,0,0.0,0.0,0
151,1,1,1,"[0.0, 0.0, 0.5, 0.5, 0.5, 1.0, 2.0, 3.5, 4.0, 7.0]","[0.0, 0.0, 0.0, 0.0, 0.0, 0.0, 0.0, 0.0, 1.0, 6.708204]",[3.0],[2.236068],[-3.5],[3.0],[2.236068],[-3.5],[4.5],[4.2426405],[0.0],[4.5],[4.2426405],[0.0],0,1,0,0,0.0,0.0,1
533,8,3,2,"[0.5, 1.0, 1.5, 2.0, 2.5, 2.5, 2.5, 3.5, 3.5, 6.0]","[0.0, 0.0, 0.0, 0.0, 1.0, 1.7320508, 2.4494898, 2.4494898, 3.4641016, 5.656854]","[1.5, 1.5, 2.0, 2.0, 2.5, 2.5, 3.5, 4.0]","[0.0, 0.0, 1.4142135, 1.7320508, 2.0, 2.4494898, 2.4494898, 3.8729835]","[-3.5, -3.5, -3.0, -3.0, -2.5, -2.5, -2.5, -2.0]","[1.5, 1.5, 2.0]","[0.0, 1.4142135, 1.7320508]","[-3.5, -3.5, -2.0]","[2.0, 5.0, 7.0]","[0.0, 5.0, 6.928203]","[-2.5, 3.0, 5.0]","[2.5, 5.0]","[2.4494898, 5.0]","[2.0, 3.0]",1,1,1,0,1.0,0.0,1
551,1,1,1,"[0.0, 0.0, 0.5, 1.0, 1.0, 1.5, 1.5, 2.0, 4.0, 7.5]","[0.0, 0.0, 0.0, 0.0, 1.0, 1.4142135, 1.4142135, 1.7320508, 2.6457512, 7.483315]",[1.5],[0.0],[-4.0],[1.5],[0.0],[-4.0],[4.5],[0.0],[0.5],[4.5],[0.0],[0.5],0,1,0,0,0.0,0.0,1
60822,2,2,1,"[0.5, 1.0, 1.5, 1.5, 1.5, 2.5, 2.5, 3.0, 3.5, 5.0]","[0.0, 0.0, 0.0, 1.4142135, 1.4142135, 2.0, 2.4494898, 2.828427, 3.1622777, 4.582576]","[1.5, 3.0]","[1.4142135, 2.236068]","[-1.5, -1.5]","[1.5, 3.0]","[1.4142135, 2.236068]","[-1.5, -1.5]","[3.0, 4.0]","[2.6457512, 2.828427]","[-0.5, 2.5]",[9.0],[9.0],[9.0],1,0,1,0,1.0,0.0,0
2686,7,2,1,"[0.0, 1.5, 1.5, 1.5, 2.0, 2.0, 2.0, 2.5, 6.0, 7.5]","[0.0, 0.0, 1.4142135, 1.4142135, 2.0, 2.0, 2.0, 2.4494898, 5.91608, 7.483315]","[0.5, 1.0, 2.5, 3.0, 3.0, 3.5, 4.0]","[0.0, 0.0, 1.0, 2.0, 2.236068, 2.828427, 4.0]","[-4.0, -4.0, -3.5, -3.0, -2.5, -2.5, -1.5]","[0.5, 1.0]","[0.0, 1.0]","[-4.0, -4.0]","[2.0, 3.0]","[0.0, 2.236068]","[-2.5, -2.5]",[5.5],[4.8989797],[3.0],1,0,1,0,1.0,0.0,0
608,1,1,1,"[0.0, 0.0, 0.5, 1.0, 1.0, 1.0, 2.0, 3.0, 4.0, 4.5]","[0.0, 0.0, 0.0, 0.0, 0.0, 0.0, 0.0, 1.0, 1.0, 4.472136]",[2.0],[2.0],[-3.0],[2.0],[2.0],[-3.0],[0.5],[0.0],[-2.0],[0.5],[0.0],[-2.0],0,1,0,0,0.0,0.0,1
814,3,2,2,"[0.0, 0.0, 1.0, 1.5, 1.5, 2.0, 2.5, 2.5, 4.5, 4.5]","[0.0, 0.0, 0.0, 0.0, 0.0, 1.0, 1.4142135, 2.4494898, 4.2426405, 4.2426405]","[1.5, 2.0, 2.5]","[0.0, 0.0, 1.4142135]","[-2.0, -1.5, -1.5]","[1.5, 2.0]","[0.0, 1.4142135]","[-2.0, -1.5]","[3.0, 4.5]","[2.236068, 2.828427]","[1.0, 1.5]","[3.0, 4.5]","[2.236068, 2.828427]","[1.0, 1.5]",0,2,0,0,0.0,0.0,1
74097,3,2,1,"[0.5, 0.5, 2.0, 2.0, 3.0, 3.0, 3.0, 3.0, 3.0, 7.0]","[0.0, 0.0, 0.0, 0.0, 0.0, 0.0, 1.7320508, 2.828427, 3.0, 6.708204]","[2.0, 3.5, 4.0]","[0.0, 0.0, 2.4494898]","[-3.5, -2.5, -1.0]","[2.0, 3.5]","[0.0, 2.4494898]","[-3.5, -2.5]","[2.5, 6.0]","[2.0, 5.91608]","[-1.5, 1.5]",[5.0],[4.582576],[3.5],1,0,1,0,1.0,0.0,0
668,9,2,1,"[0.0, 1.5, 2.0, 2.0, 2.0, 3.0, 3.5, 4.0, 6.5, 8.5]","[0.0, 0.0, 0.0, 0.0, 0.0, 0.0, 0.0, 2.0, 6.0, 8.485281]","[1.5, 2.0, 2.5, 2.5, 3.5, 3.5, 3.5, 4.0, 4.5]","[0.0, 0.0, 2.0, 2.0, 2.4494898, 2.4494898, 2.6457512, 3.1622777, 4.2426405]","[-5.5, -4.5, -4.0, -4.0, -4.0, -3.5, -3.5, -2.5, -2.0]","[3.5, 3.5]","[0.0, 2.4494898]","[-5.5, -4.0]","[1.5, 6.0]","[0.0, 5.656854]","[-4.5, 1.5]",[4.5],[3.7416575],[2.5],1,0,1,0,1.0,0.0,1
62803,3,2,1,"[0.5, 0.5, 1.0, 1.0, 1.5, 1.5, 1.5, 3.0, 5.0, 8.5]","[0.0, 0.0, 0.0, 0.0, 0.0, 0.0, 1.4142135, 2.828427, 4.8989797, 8.485281]","[2.5, 2.5, 4.0]","[2.0, 2.4494898, 2.6457512]","[-4.0, -3.0, -1.0]","[2.5, 2.5]","[2.0, 2.4494898]","[-4.0, -3.0]","[3.5, 5.5]","[2.4494898, 5.2915025]","[-1.5, 1.0]",[8.5],[8.485281],[7.5],1,0,1,0,1.0,0.0,0
649,1,1,1,"[0.0, 0.5, 0.5, 0.5, 1.0, 1.0, 1.5, 2.5, 4.0, 4.5]","[0.0, 0.0, 0.0, 0.0, 0.0, 0.0, 0.0, 0.0, 1.0, 2.0]",[4.5],[4.472136],[-4.0],[4.5],[4.472136],[-4.0],[3.0],[2.236068],[3.0],[3.0],[2.236068],[3.0],0,1,0,0,0.0,0.0,1
554,7,3,1,"[0.5, 1.0, 1.0, 1.5, 1.5, 3.0, 3.5, 3.5, 5.0, 7.0]","[0.0, 0.0, 0.0, 0.0, 1.4142135, 1.4142135, 2.828427, 3.4641016, 5.0, 6.708204]","[1.5, 2.5, 2.5, 3.0, 3.0, 4.0, 4.5]","[1.4142135, 2.0, 2.236068, 2.4494898, 2.828427, 3.0, 3.4641016]","[-4.5, -3.5, -3.0, -2.5, -2.5, -2.0, -1.0]","[1.5, 2.5, 3.0]","[1.4142135, 2.4494898, 3.0]","[-4.5, -3.0, -2.0]","[1.5, 2.5, 4.0]","[1.4142135, 2.4494898, 3.4641016]","[-4.5, -2.0, 1.5]",[4.0],[3.4641016],[1.5],2,1,0,1,0.0,2.0,1
851,1,1,1,"[0.0, 0.0, 0.5, 1.0, 1.5, 2.0, 2.5, 3.0, 3.0, 4.5]","[0.0, 0.0, 0.0, 0.0, 0.0, 0.0, 1.4142135, 2.0, 2.236068, 3.0]",[3.5],[3.4641016],[-1.5],[3.5],[3.4641016],[-1.5],[1.5],[1.4142135],[1.0],[1.5],[1.4142135],[1.0],0,1,0,0,0.0,0.0,1
330,1,1,1,"[0.0, 0.0, 0.0, 0.5, 1.5, 2.0, 3.0, 3.0, 5.0, 6.0]","[0.0, 0.0, 0.0, 0.0, 0.0, 2.0, 2.236068, 2.828427, 4.8989797, 5.656854]",[5.5],[5.477226],[-1.5],[5.5],[5.477226],[-1.5],[6.5],[6.4807405],[2.5],[6.5],[6.4807405],[2.5],0,1,0,0,0.0,0.0,1
18410,3,2,1,"[0.0, 0.5, 1.0, 1.5, 1.5, 2.5, 4.0, 5.5, 5.5, 8.5]","[0.0, 0.0, 0.0, 0.0, 1.4142135, 1.4142135, 3.8729835, 5.2915025, 5.477226, 8.485281]","[3.0, 5.0, 5.0]","[2.236068, 4.582576, 4.8989797]","[-2.0, -2.0, -2.0]","[3.0, 5.0]","[2.236068, 4.8989797]","[-2.0, -2.0]","[2.5, 6.0]","[2.4494898, 5.91608]","[-1.5, 1.5]",[4.5],[2.828427],[4.5],1,0,1,0,1.0,0.0,0
49178,4,2,1,"[0.0, 0.5, 1.0, 1.0, 1.0, 2.0, 2.5, 3.0, 5.0, 8.0]","[0.0, 0.0, 0.0, 0.0, 0.0, 0.0, 2.0, 2.828427, 4.8989797, 7.937254]","[2.5, 3.5, 3.5, 5.0]","[2.4494898, 2.4494898, 3.4641016, 4.0]","[-4.5, -3.0, -3.0, -1.5]","[2.5, 3.5]","[2.4494898, 2.4494898]","[-4.5, -3.0]","[3.5, 5.5]","[3.4641016, 5.477226]","[-3.0, 2.0]",[4.5],[2.828427],[2.5],1,0,1,0,1.0,0.0,0
51053,3,1,1,"[0.0, 0.5, 0.5, 1.5, 2.0, 3.0, 3.0, 3.5, 4.0, 4.5]","[0.0, 0.0, 0.0, 0.0, 0.0, 0.0, 1.7320508, 3.0, 3.7416575, 3.8729835]","[2.5, 3.0, 5.5]","[2.236068, 2.4494898, 5.477226]","[-2.5, -2.0, -1.0]",[2.5],[2.4494898],[-2.5],[6.5],[6.0],[4.0],[6.5],[6.0],[4.0],0,1,0,0,0.0,0.0,0
929,2,1,1,"[0.5, 0.5, 1.0, 1.0, 1.0, 2.0, 3.0, 3.0, 5.0, 6.5]","[0.0, 0.0, 0.0, 0.0, 1.0, 1.7320508, 2.236068, 2.828427, 4.582576, 6.0]","[0.5, 3.5]","[0.0, 0.0]","[-5.0, -2.5]",[0.5],[0.0],[-5.0],[7.0],[7.0],[3.0],[7.0],[7.0],[3.0],0,1,0,0,0.0,0.0,1
190,2,2,2,"[0.0, 0.0, 0.5, 1.5, 1.5, 2.0, 2.0, 2.0, 7.0, 7.5]","[0.0, 0.0, 0.0, 0.0, 1.4142135, 1.7320508, 1.7320508, 1.7320508, 7.0, 7.483315]","[2.5, 3.5]","[0.0, 3.1622777]","[-1.5, -1.5]","[2.5, 3.5]","[0.0, 3.1622777]","[-1.5, -1.5]","[3.0, 4.5]","[0.0, 4.472136]","[-1.5, 1.0]","[3.0, 4.5]","[0.0, 4.472136]","[-1.5, 1.0]",0,2,0,0,0.0,0.0,1
16241,4,2,2,"[0.5, 0.5, 1.0, 1.0, 1.5, 1.5, 2.0, 2.5, 6.5, 6.5]","[0.0, 0.0, 0.0, 0.0, 0.0, 1.0, 1.0, 2.0, 6.0, 6.3245554]","[1.5, 2.0, 3.0, 4.5]","[0.0, 1.7320508, 2.828427, 2.828427]","[-4.0, -2.5, -2.0, -1.0]","[1.5, 2.0]","[0.0, 1.7320508]","[-4.0, -2.0]","[6.5, 7.5]","[6.3245554, 7.3484693]","[2.5, 4.5]","[6.5, 7.5]","[6.3245554, 7.3484693]","[2.5, 4.5]",0,2,0,0,0.0,0.0,0
987,3,1,1,"[0.5, 1.0, 1.0, 1.5, 2.0, 2.5, 2.5, 3.0, 5.0, 6.0]","[0.0, 0.0, 0.0, 0.0, 0.0, 0.0, 2.0, 2.0, 3.0, 5.656854]","[4.5, 5.0, 5.0]","[3.7416575, 4.0, 5.0]","[-3.5, -3.0, -2.0]",[5.0],[5.0],[-3.5],[4.5],[4.2426405],[2.0],[4.5],[4.2426405],[2.0],0,1,0,0,0.0,0.0,1
209,3,2,0,"[0.0, 0.5, 0.5, 0.5, 0.5, 1.5, 2.0, 3.5, 5.0, 7.0]","[0.0, 0.0, 0.0, 0.0, 0.0, 0.0, 0.0, 3.1622777, 4.8989797, 6.708204]","[2.0, 2.5, 3.5]","[1.7320508, 2.4494898, 3.1622777]","[-4.0, -3.5, -3.5]","[2.0, 2.5]","[1.7320508, 2.4494898]","[-4.0, -3.5]","[2.0, 2.5]","[1.7320508, 2.4494898]","[-4.0, -3.5]",[],[],[],2,0,0,1,0.0,2.0,1
79678,2,2,1,"[0.0, 0.5, 1.5, 1.5, 2.0, 2.0, 2.5, 2.5, 3.5, 6.0]","[0.0, 0.0, 0.0, 0.0, 0.0, 1.7320508, 2.0, 2.0, 3.4641016, 5.91608]","[1.5, 3.0]","[1.4142135, 3.0]","[-3.5, -1.5]","[1.5, 3.0]","[1.4142135, 3.0]","[-3.5, -1.5]","[4.0, 5.0]","[2.6457512, 4.8989797]","[0.0, 1.5]",[5.0],[4.0],[3.5],1,0,1,0,1.0,0.0,0
9505,2,2,1,"[0.0, 0.0, 0.5, 0.5, 2.0, 2.0, 2.5, 3.0, 3.0, 6.5]","[0.0, 0.0, 0.0, 0.0, 0.0, 1.7320508, 1.7320508, 2.0, 3.0, 6.0]","[2.0, 3.5]","[2.0, 3.4641016]","[-4.0, -1.5]","[2.0, 3.5]","[2.0, 3.4641016]","[-4.0, -1.5]","[3.0, 4.0]","[2.236068, 2.6457512]","[-3.0, 2.0]",[8.5],[8.485281],[7.0],1,0,1,0,1.0,0.0,0
77518,3,2,1,"[1.0, 1.5, 2.0, 2.0, 2.0, 2.5, 2.5, 3.0, 4.0, 7.5]","[0.0, 0.0, 0.0, 1.0, 1.4142135, 2.0, 2.0, 2.236068, 3.8729835, 7.483315]","[2.5, 2.5, 3.0]","[0.0, 2.236068, 2.4494898]","[-3.5, -3.5, -3.0]","[2.5, 3.0]","[2.236068, 2.4494898]","[-3.5, -3.5]","[1.0, 3.0]","[0.0, 2.828427]","[-3.5, -2.0]",[7.5],[7.483315],[5.5],1,0,1,0,1.0,0.0,0
5,4,2,1,"[0.0, 0.5, 1.0, 1.0, 1.5, 1.5, 3.5, 4.0, 5.5, 7.0]","[0.0, 0.0, 0.0, 0.0, 0.0, 1.4142135, 1.4142135, 3.4641016, 5.477226, 6.708204]","[1.0, 2.0, 4.0, 4.5]","[1.0, 2.0, 3.4641016, 4.2426405]","[-5.5, -3.5, -2.0, -2.0]","[1.0, 4.0]","[1.0, 3.4641016]","[-5.5, -2.0]","[2.5, 5.0]","[0.0, 4.0]","[-2.0, 0.5]",[2.5],[2.0],[0.5],1,0,1,0,1.0,0.0,1
774,1,1,1,"[0.0, 0.0, 1.5, 1.5, 2.5, 2.5, 3.0, 3.0, 3.5, 5.5]","[0.0, 0.0, 0.0, 0.0, 1.4142135, 2.0, 2.236068, 2.4494898, 3.0, 5.2915025]",[1.5],[0.0],[-3.0],[1.5],[0.0],[-3.0],[6.0],[6.0],[3.5],[6.0],[6.0],[3.5],0,1,0,0,0.0,0.0,1
46352,2,2,1,"[0.0, 0.0, 0.5, 1.0, 1.5, 2.0, 2.0, 3.0, 3.5, 6.5]","[0.0, 0.0, 0.0, 0.0, 1.4142135, 1.7320508, 1.7320508, 2.236068, 3.4641016, 6.4807405]","[1.5, 3.5]","[0.0, 3.1622777]","[-2.5, -1.0]","[1.5, 3.5]","[0.0, 3.1622777]","[-2.5, -1.0]","[2.0, 3.5]","[1.7320508, 3.1622777]","[-2.0, -2.0]",[6.5],[6.3245554],[3.5],1,0,1,0,1.0,0.0,0
17373,3,2,2,"[0.0, 0.0, 1.0, 2.0, 2.0, 2.0, 2.5, 3.5, 4.0, 6.0]","[0.0, 0.0, 0.0, 0.0, 0.0, 1.0, 2.4494898, 2.4494898, 3.8729835, 5.656854]","[1.0, 2.0, 4.0]","[0.0, 1.0, 2.6457512]","[-3.0, -2.5, -1.5]","[1.0, 2.0]","[0.0, 1.0]","[-3.0, -2.5]","[4.5, 5.0]","[0.0, 4.0]","[2.5, 2.5]","[4.5, 5.0]","[0.0, 4.0]","[2.5, 2.5]",0,2,0,0,0.0,0.0,0
2916,3,2,1,"[0.5, 0.5, 1.0, 1.0, 1.0, 1.5, 1.5, 2.0, 2.0, 9.0]","[0.0, 0.0, 0.0, 0.0, 0.0, 1.0, 1.0, 1.4142135, 1.7320508, 9.0]","[2.5, 2.5, 3.0]","[0.0, 0.0, 2.0]","[-4.0, -2.5, -2.0]","[2.5, 2.5]","[0.0, 2.0]","[-4.0, -2.5]","[2.5, 5.5]","[2.4494898, 4.8989797]","[-3.0, 1.0]",[5.5],[5.2915025],[4.5],1,0,1,0,1.0,0.0,0
11067,4,2,1,"[0.0, 0.5, 1.0, 1.5, 1.5, 2.5, 3.0, 3.5, 4.0, 8.5]","[0.0, 0.0, 0.0, 0.0, 1.4142135, 2.236068, 2.4494898, 3.1622777, 4.0, 8.485281]","[3.0, 3.5, 4.0, 4.5]","[2.236068, 2.6457512, 2.828427, 3.1622777]","[-3.0, -2.5, -1.5, -1.0]","[3.0, 3.5]","[2.236068, 3.1622777]","[-3.0, -2.5]","[3.0, 4.0]","[0.0, 2.6457512]","[-3.0, -1.5]",[3.5],[0.0],[0.5],1,0,1,0,1.0,0.0,0
1008,4,2,1,"[0.5, 0.5, 0.5, 1.0, 1.0, 2.0, 2.5, 2.5, 5.5, 8.0]","[0.0, 0.0, 0.0, 0.0, 1.0, 1.7320508, 2.0, 2.4494898, 5.2915025, 7.937254]","[1.5, 2.0, 2.5, 4.0]","[0.0, 0.0, 1.7320508, 4.0]","[-4.0, -3.5, -2.5, -2.0]","[1.5, 2.0]","[0.0, 1.7320508]","[-3.5, -2.5]","[4.0, 9.0]","[4.0, 9.0]","[-4.0, 5.5]",[6.5],[6.4807405],[0.5],1,0,1,0,1.0,0.0,1
77582,4,2,1,"[0.5, 1.0, 1.0, 1.5, 2.0, 2.5, 2.5, 3.5, 3.5, 9.0]","[0.0, 0.0, 0.0, 0.0, 0.0, 1.0, 2.0, 2.0, 2.4494898, 9.0]","[2.5, 3.0, 5.0, 5.5]","[2.0, 2.828427, 4.8989797, 4.8989797]","[-4.0, -3.5, -2.5, -2.5]","[2.5, 3.0]","[2.0, 2.828427]","[-4.0, -3.5]","[2.5, 3.0]","[2.0, 2.236068]","[-2.5, -1.5]",[6.0],[5.656854],[5.5],1,0,1,0,1.0,0.0,0
5985,2,1,1,"[0.0, 0.5, 1.0, 2.0, 2.0, 2.0, 3.0, 3.0, 3.5, 4.0]","[0.0, 0.0, 0.0, 0.0, 1.0, 1.7320508, 2.236068, 2.828427, 3.1622777, 3.8729835]","[1.5, 3.0]","[1.4142135, 2.828427]","[-2.5, -1.5]",[1.5],[1.4142135],[-2.5],[5.5],[4.8989797],[3.5],[5.5],[4.8989797],[3.5],0,1,0,0,0.0,0.0,0
853,6,2,1,"[0.0, 0.5, 0.5, 1.0, 1.0, 1.5, 2.5, 3.0, 6.5, 6.5]","[0.0, 0.0, 0.0, 0.0, 0.0, 0.0, 1.4142135, 2.828427, 6.0, 6.4807405]","[1.0, 1.5, 2.0, 2.0, 3.5, 5.5]","[0.0, 1.4142135, 1.7320508, 1.7320508, 3.4641016, 5.2915025]","[-4.5, -3.5, -3.5, -2.5, -2.5, -2.5]","[1.0, 2.0]","[0.0, 1.7320508]","[-4.5, -3.5]","[1.5, 2.5]","[1.4142135, 2.4494898]","[-2.5, -1.0]",[0.5],[0.0],[-0.5],1,0,1,0,1.0,0.0,1
93730,1,1,1,"[0.5, 1.5, 1.5, 2.0, 2.0, 2.0, 2.0, 2.0, 3.5, 6.0]","[0.0, 0.0, 0.0, 0.0, 1.4142135, 1.7320508, 2.0, 2.0, 2.0, 5.196152]",[3.5],[0.0],[-2.0],[3.5],[0.0],[-2.0],[4.5],[0.0],[2.0],[4.5],[0.0],[2.0],0,1,0,0,0.0,0.0,0
90766,1,1,1,"[0.0, 0.0, 0.5, 0.5, 0.5, 1.0, 1.5, 3.0, 3.5, 4.5]","[0.0, 0.0, 0.0, 0.0, 0.0, 0.0, 0.0, 2.236068, 3.4641016, 3.7416575]",[2.5],[2.4494898],[-3.5],[2.5],[2.4494898],[-3.5],[6.5],[6.0],[5.0],[6.5],[6.0],[5.0],0,1,0,0,0.0,0.0,0
548,4,2,1,"[0.0, 0.0, 0.5, 1.0, 1.5, 3.5, 3.5, 4.0, 4.5, 6.5]","[0.0, 0.0, 0.0, 0.0, 0.0, 1.0, 2.4494898, 3.1622777, 3.7416575, 6.0]","[1.5, 2.5, 3.0, 4.5]","[0.0, 0.0, 2.236068, 2.828427]","[-3.5, -3.5, -2.5, -1.0]","[2.5, 3.0]","[0.0, 2.236068]","[-3.5, -2.5]","[5.5, 8.0]","[4.2426405, 7.937254]","[0.0, 3.5]",[4.5],[4.472136],[1.0],1,0,1,0,1.0,0.0,1
55522,5,2,1,"[0.5, 1.0, 1.0, 1.5, 2.0, 3.0, 3.0, 4.0, 4.5, 6.0]","[0.0, 0.0, 0.0, 0.0, 1.7320508, 2.828427, 2.828427, 3.7416575, 4.0, 5.91608]","[0.5, 1.0, 1.5, 2.5, 2.5]","[0.0, 0.0, 1.4142135, 2.4494898, 2.4494898]","[-3.0, -3.0, -3.0, -3.0, -2.0]","[0.5, 1.0]","[0.0, 0.0]","[-3.0, -3.0]","[3.5, 8.5]","[0.0, 8.485281]","[0.0, 4.5]",[3.0],[2.236068],[1.5],1,0,1,0,1.0,0.0,0
129,4,2,0,"[0.0, 0.0, 0.5, 1.0, 1.5, 2.0, 2.5, 3.0, 5.5, 5.5]","[0.0, 0.0, 0.0, 0.0, 0.0, 0.0, 2.4494898, 2.828427, 4.2426405, 5.2915025]","[1.5, 2.0, 2.5, 3.5]","[0.0, 0.0, 0.0, 1.7320508]","[-4.0, -3.5, -2.0, -1.5]","[1.5, 2.0]","[0.0, 1.7320508]","[-3.5, -1.5]","[1.5, 2.0]","[0.0, 1.7320508]","[-3.5, -1.5]",[],[],[],2,0,0,1,0.0,2.0,1
414,9,4,2,"[0.5, 0.5, 0.5, 0.5, 2.0, 3.0, 3.5, 4.0, 4.0, 6.5]","[0.0, 0.0, 0.0, 0.0, 0.0, 2.0, 2.4494898, 3.8729835, 3.8729835, 6.0]","[0.5, 1.0, 1.0, 2.0, 2.5, 3.0, 3.5, 3.5, 4.5]","[0.0, 0.0, 0.0, 0.0, 2.0, 2.4494898, 2.828427, 3.4641016, 4.2426405]","[-4.5, -4.0, -2.5, -2.5, -2.0, -2.0, -2.0, -1.5, -1.0]","[0.5, 1.0, 1.0, 3.0]","[0.0, 0.0, 0.0, 2.828427]","[-4.5, -2.0, -2.0, -1.5]","[2.5, 4.5, 4.5, 6.5]","[2.0, 2.828427, 2.828427, 6.3245554]","[-1.0, 0.0, 0.0, 4.0]","[2.5, 4.5]","[0.0, 2.0]","[-1.0, 3.0]",2,1,1,0,2.0,0.0,1
800,2,1,1,"[0.0, 1.0, 1.0, 1.5, 1.5, 1.5, 2.0, 2.0, 2.5, 5.5]","[0.0, 0.0, 1.0, 1.4142135, 1.4142135, 1.4142135, 1.7320508, 1.7320508, 2.0, 5.2915025]","[2.5, 2.5]","[0.0, 2.0]","[-2.0, -1.5]",[2.5],[2.0],[-2.0],[8.0],[7.937254],[5.5],[8.0],[7.937254],[5.5],0,1,0,0,0.0,0.0,1
16504,3,2,2,"[0.5, 1.0, 2.0, 2.0, 2.0, 2.5, 2.5, 2.5, 4.5, 6.5]","[0.0, 0.0, 0.0, 0.0, 1.7320508, 2.0, 2.4494898, 2.4494898, 4.2426405, 6.3245554]","[1.5, 1.5, 1.5]","[0.0, 1.4142135, 1.4142135]","[-3.5, -3.5, -1.0]","[1.5, 1.5]","[1.4142135, 1.4142135]","[-3.5, -1.0]","[4.5, 6.5]","[0.0, 6.4807405]","[0.5, 2.5]","[4.5, 6.5]","[0.0, 6.4807405]","[0.5, 2.5]",0,2,0,0,0.0,0.0,0
88085,2,2,1,"[0.0, 0.5, 0.5, 1.0, 1.0, 1.0, 2.0, 2.0, 3.5, 7.0]","[0.0, 0.0, 0.0, 0.0, 0.0, 0.0, 0.0, 1.0, 3.4641016, 6.928203]","[1.0, 2.5]","[0.0, 0.0]","[-2.5, -2.5]","[1.0, 2.5]","[0.0, 0.0]","[-2.5, -2.5]","[1.5, 3.5]","[1.4142135, 3.4641016]","[-2.5, 0.5]",[6.0],[5.196152],[6.0],1,0,1,0,1.0,0.0,0
337,1,1,1,"[0.0, 0.5, 1.0, 1.5, 2.0, 2.5, 3.0, 3.0, 3.5, 5.5]","[0.0, 0.0, 0.0, 0.0, 0.0, 0.0, 1.7320508, 2.828427, 2.828427, 4.2426405]",[2.0],[0.0],[-3.0],[2.0],[0.0],[-3.0],[3.5],[2.4494898],[1.0],[3.5],[2.4494898],[1.0],0,1,0,0,0.0,0.0,1
552,2,1,1,"[0.0, 0.5, 0.5, 0.5, 1.0, 2.0, 3.0, 3.0, 3.5, 7.5]","[0.0, 0.0, 0.0, 0.0, 0.0, 0.0, 1.7320508, 2.236068, 3.1622777, 7.3484693]","[2.5, 3.0]","[0.0, 2.828427]","[-3.0, -2.5]",[3.0],[2.828427],[-2.5],[4.0],[4.0],[3.0],[4.0],[4.0],[3.0],0,1,0,0,0.0,0.0,1
22166,4,2,1,"[0.0, 0.5, 0.5, 0.5, 1.5, 2.0, 2.0, 2.0, 4.0, 8.0]","[0.0, 0.0, 0.0, 0.0, 0.0, 0.0, 0.0, 0.0, 3.8729835, 7.937254]","[1.5, 4.0, 4.0, 4.5]","[0.0, 0.0, 4.0, 4.2426405]","[-3.5, -2.5, -2.0, -2.0]","[1.5, 4.0]","[0.0, 4.0]","[-3.5, -2.0]","[1.0, 3.0]","[0.0, 2.236068]","[-3.0, -2.5]",[6.5],[6.0],[5.0],1,0,1,0,1.0,0.0,0
9649,2,2,2,"[0.5, 1.0, 1.0, 1.5, 1.5, 3.0, 3.0, 3.5, 5.0, 6.5]","[0.0, 0.0, 0.0, 0.0, 1.0, 1.4142135, 2.236068, 2.828427, 3.0, 6.4807405]","[3.0, 5.0]","[3.0, 4.582576]","[-3.5, -1.5]","[3.0, 5.0]","[3.0, 4.582576]","[-3.5, -1.5]","[6.0, 6.0]","[5.196152, 5.196152]","[2.5, 4.5]","[6.0, 6.0]","[5.196152, 5.196152]","[2.5, 4.5]",0,2,0,0,0.0,0.0,0
74968,1,1,1,"[0.0, 0.5, 0.5, 0.5, 2.0, 2.5, 3.0, 3.0, 4.0, 4.5]","[0.0, 0.0, 0.0, 0.0, 0.0, 0.0, 1.7320508, 3.0, 4.0, 4.2426405]",[0.5],[0.0],[-1.5],[0.5],[0.0],[-1.5],[7.5],[7.3484693],[6.0],[7.5],[7.3484693],[6.0],0,1,0,0,0.0,0.0,0
43906,3,2,2,"[0.0, 0.5, 0.5, 1.0, 1.5, 2.5, 2.5, 2.5, 3.0, 6.5]","[0.0, 0.0, 0.0, 0.0, 0.0, 0.0, 2.0, 2.0, 2.236068, 6.0]","[1.5, 2.0, 6.0]","[1.4142135, 1.7320508, 5.656854]","[-3.5, -3.0, -1.0]","[1.5, 2.0]","[1.4142135, 1.7320508]","[-3.5, -3.0]","[3.5, 8.5]","[3.1622777, 8.485281]","[1.5, 8.0]","[3.5, 8.5]","[3.1622777, 8.485281]","[1.5, 8.0]",0,2,0,0,0.0,0.0,0
81995,1,1,1,"[0.5, 1.0, 1.0, 1.5, 2.0, 2.0, 2.5, 2.5, 3.0, 5.0]","[0.0, 0.0, 0.0, 1.0, 1.4142135, 1.7320508, 2.0, 2.0, 2.828427, 3.0]",[4.0],[0.0],[-1.0],[4.0],[0.0],[-1.0],[6.0],[5.196152],[3.5],[6.0],[5.196152],[3.5],0,1,0,0,0.0,0.0,0
199,1,1,1,"[0.0, 0.5, 1.0, 1.5, 2.0, 2.0, 3.0, 3.0, 4.5, 5.0]","[0.0, 0.0, 0.0, 0.0, 0.0, 1.7320508, 2.0, 2.236068, 4.2426405, 4.8989797]",[1.5],[1.4142135],[-2.5],[1.5],[1.4142135],[-2.5],[9.0],[9.0],[6.5],[9.0],[9.0],[6.5],0,1,0,0,0.0,0.0,0
944,3,1,1,"[0.0, 0.5, 1.0, 1.5, 1.5, 3.0, 3.5, 3.5, 4.5, 5.0]","[0.0, 0.0, 0.0, 1.0, 1.4142135, 2.4494898, 2.828427, 2.828427, 3.0, 3.1622777]","[1.5, 3.5, 5.5]","[1.4142135, 2.4494898, 5.477226]","[-5.0, -4.0, -3.0]",[1.5],[1.4142135],[-5.0],[3.5],[3.1622777],[2.0],[3.5],[3.1622777],[2.0],0,1,0,0,0.0,0.0,1
558,6,3,0,"[0.5, 0.5, 0.5, 1.0, 2.0, 2.5, 3.0, 3.5, 7.0, 8.0]","[0.0, 0.0, 0.0, 0.0, 0.0, 0.0, 0.0, 2.236068, 6.708204, 8.0]","[1.0, 2.0, 3.0, 4.0, 6.0, 6.0]","[0.0, 1.0, 2.6457512, 3.0, 5.656854, 5.91608]","[-5.5, -4.5, -3.5, -1.5, -1.0, -1.0]","[1.0, 2.0, 4.0]","[0.0, 1.0, 2.6457512]","[-5.5, -4.5, -1.0]","[4.5, 5.5, 8.0]","[4.2426405, 5.2915025, 7.937254]","[-1.5, 0.0, 1.5]",[],[],[],3,0,0,1,0.0,3.0,1
89399,1,1,1,"[0.0, 0.5, 1.0, 1.5, 2.0, 2.5, 2.5, 3.5, 3.5, 4.0]","[0.0, 0.0, 0.0, 0.0, 0.0, 0.0, 1.4142135, 2.0, 2.4494898, 3.4641016]",[1.5],[1.4142135],[-2.5],[1.5],[1.4142135],[-2.5],[7.0],[6.928203],[6.0],[7.0],[6.928203],[6.0],0,1,0,0,0.0,0.0,0
317,3,1,1,"[0.0, 0.5, 0.5, 1.0, 1.0, 1.5, 1.5, 3.0, 3.0, 4.5]","[0.0, 0.0, 0.0, 0.0, 0.0, 0.0, 0.0, 1.4142135, 1.4142135, 3.0]","[3.0, 3.5, 4.0]","[2.236068, 2.4494898, 3.8729835]","[-3.5, -2.5, -2.0]",[4.0],[3.8729835],[-3.5],[3.0],[2.236068],[3.0],[3.0],[2.236068],[3.0],0,1,0,0,0.0,0.0,1
19,1,1,1,"[0.5, 0.5, 1.0, 1.5, 2.0, 2.5, 2.5, 3.5, 4.0, 7.0]","[0.0, 0.0, 1.0, 1.4142135, 1.7320508, 2.4494898, 2.4494898, 3.4641016, 4.0, 7.0]",[4.5],[4.2426405],[-1.0],[4.5],[4.2426405],[-1.0],[5.0],[4.8989797],[0.0],[5.0],[4.8989797],[0.0],0,1,0,0,0.0,0.0,1
51273,3,2,1,"[0.5, 0.5, 0.5, 1.0, 1.0, 2.0, 2.5, 3.5, 3.5, 7.5]","[0.0, 0.0, 0.0, 0.0, 1.0, 1.0, 2.4494898, 3.1622777, 3.4641016, 7.483315]","[0.5, 2.5, 4.0]","[0.0, 2.0, 3.4641016]","[-4.0, -2.5, -1.0]","[0.5, 4.0]","[0.0, 3.4641016]","[-4.0, -1.0]","[3.5, 5.5]","[0.0, 5.2915025]","[-1.5, 1.5]",[9.0],[9.0],[7.5],1,0,1,0,1.0,0.0,0
69223,2,2,1,"[0.0, 0.5, 1.0, 1.0, 1.0, 1.5, 2.5, 3.0, 4.5, 7.0]","[0.0, 0.0, 0.0, 1.0, 1.0, 1.4142135, 2.4494898, 3.0, 4.472136, 6.928203]","[2.5, 3.5]","[2.0, 2.4494898]","[-1.5, -1.5]","[2.5, 3.5]","[2.0, 2.4494898]","[-1.5, -1.5]","[2.5, 3.0]","[0.0, 2.0]","[-3.0, -0.5]",[7.5],[7.483315],[5.5],1,0,1,0,1.0,0.0,0
178,3,2,2,"[0.0, 0.0, 0.0, 1.0, 2.5, 3.0, 4.0, 4.0, 4.5, 5.5]","[0.0, 0.0, 0.0, 0.0, 0.0, 2.0, 2.236068, 2.6457512, 3.4641016, 5.2915025]","[2.0, 3.0, 3.0]","[1.7320508, 2.828427, 3.0]","[-5.0, -2.5, -2.0]","[2.0, 3.0]","[1.7320508, 2.828427]","[-5.0, -2.5]","[2.5, 5.0]","[2.4494898, 4.582576]","[1.0, 2.5]","[2.5, 5.0]","[2.4494898, 4.582576]","[1.0, 2.5]",0,2,0,0,0.0,0.0,1
99983,1,1,1,"[0.0, 1.0, 1.0, 1.5, 1.5, 1.5, 2.5, 3.5, 4.0, 4.5]","[0.0, 0.0, 0.0, 0.0, 0.0, 1.0, 1.4142135, 2.0, 3.8729835, 4.472136]",[3.0],[2.828427],[-1.0],[3.0],[2.828427],[-1.0],[4.0],[3.4641016],[2.0],[4.0],[3.4641016],[2.0],0,1,0,0,0.0,0.0,0
534,1,1,1,"[0.5, 0.5, 1.0, 2.0, 2.0, 2.0, 2.5, 3.0, 5.0, 6.5]","[0.0, 0.0, 0.0, 0.0, 0.0, 1.7320508, 2.0, 3.0, 5.0, 6.0]",[2.0],[2.0],[-2.0],[2.0],[2.0],[-2.0],[3.5],[2.4494898],[-1.0],[3.5],[2.4494898],[-1.0],0,1,0,0,0.0,0.0,1
303,4,4,2,"[0.0, 0.0, 0.5, 1.5, 1.5, 3.5, 4.0, 4.0, 5.0, 7.5]","[0.0, 0.0, 0.0, 0.0, 1.4142135, 2.4494898, 3.8729835, 4.0, 4.8989797, 7.3484693]","[1.0, 1.5, 1.5, 3.0]","[0.0, 1.0, 1.4142135, 2.236068]","[-6.5, -3.5, -2.5, -1.5]","[1.0, 1.5, 1.5, 3.0]","[0.0, 1.0, 1.4142135, 2.236068]","[-6.5, -3.5, -2.5, -1.5]","[2.5, 4.0, 5.0, 6.5]","[2.4494898, 3.0, 4.0, 6.0]","[-2.0, -1.0, 1.0, 3.0]","[2.5, 5.0]","[0.0, 4.582576]","[0.5, 2.5]",2,0,2,0,1.0,0.0,1
710,2,1,1,"[0.0, 0.0, 0.0, 1.5, 1.5, 2.0, 3.0, 4.5, 4.5, 5.5]","[0.0, 0.0, 0.0, 0.0, 0.0, 1.4142135, 2.0, 4.2426405, 4.2426405, 4.472136]","[3.5, 4.5]","[2.4494898, 3.7416575]","[-2.5, -1.5]",[3.5],[2.4494898],[-2.5],[0.5],[0.0],[-0.5],[0.5],[0.0],[-0.5],0,1,0,0,0.0,0.0,1
64280,3,2,1,"[0.5, 1.5, 1.5, 2.0, 2.5, 2.5, 2.5, 3.0, 3.0, 5.0]","[0.0, 0.0, 0.0, 0.0, 1.4142135, 1.4142135, 2.0, 2.4494898, 2.4494898, 4.8989797]","[1.5, 1.5, 2.0]","[0.0, 1.4142135, 1.4142135]","[-3.5, -3.0, -3.0]","[1.5, 1.5]","[1.4142135, 1.4142135]","[-3.5, -3.0]","[3.0, 4.0]","[2.236068, 2.6457512]","[0.0, 1.0]",[9.0],[9.0],[8.0],1,0,1,0,1.0,0.0,0
452,4,2,1,"[0.0, 0.5, 1.5, 1.5, 2.0, 2.5, 3.0, 3.0, 5.0, 7.5]","[0.0, 0.0, 0.0, 0.0, 1.4142135, 2.0, 2.4494898, 3.0, 4.8989797, 7.483315]","[1.0, 1.0, 1.5, 3.0]","[0.0, 0.0, 0.0, 0.0]","[-4.5, -4.5, -4.0, -3.5]","[1.0, 1.0]","[0.0, 0.0]","[-4.5, -4.0]","[4.0, 4.5]","[0.0, 4.0]","[-1.5, 0.0]",[6.0],[5.91608],[3.5],1,0,1,0,1.0,0.0,1
62065,4,2,1,"[0.5, 1.0, 1.5, 1.5, 2.0, 2.5, 2.5, 2.5, 4.0, 8.0]","[0.0, 0.0, 0.0, 0.0, 1.4142135, 1.4142135, 2.0, 2.4494898, 3.8729835, 7.937254]","[0.5, 2.0, 2.5, 4.0]","[0.0, 0.0, 0.0, 2.4494898]","[-6.5, -4.0, -2.0, -1.0]","[0.5, 2.0]","[0.0, 0.0]","[-6.5, -2.0]","[2.5, 2.5]","[2.0, 2.4494898]","[-4.0, -2.5]",[6.5],[6.4807405],[3.0],1,0,1,0,1.0,0.0,0
539,2,1,1,"[0.0, 0.0, 0.0, 0.5, 1.5, 2.0, 2.5, 3.5, 4.0, 6.0]","[0.0, 0.0, 0.0, 0.0, 0.0, 2.0, 2.4494898, 2.6457512, 3.4641016, 6.0]","[1.5, 2.5]","[0.0, 0.0]","[-2.5, -2.0]",[1.5],[0.0],[-2.5],[3.5],[2.4494898],[-0.5],[3.5],[2.4494898],[-0.5],0,1,0,0,0.0,0.0,1
221,1,1,1,"[0.0, 1.0, 1.0, 1.5, 1.5, 1.5, 2.0, 2.5, 2.5, 4.0]","[0.0, 0.0, 0.0, 0.0, 0.0, 0.0, 0.0, 1.4142135, 2.0, 2.4494898]",[4.0],[2.6457512],[-2.0],[4.0],[2.6457512],[-2.0],[6.0],[5.196152],[5.5],[6.0],[5.196152],[5.5],0,1,0,0,0.0,0.0,1
82,1,1,1,"[0.0, 0.0, 0.0, 0.5, 1.0, 1.0, 4.0, 4.0, 4.0, 6.0]","[0.0, 0.0, 0.0, 0.0, 0.0, 0.0, 0.0, 2.6457512, 3.4641016, 5.196152]",[4.5],[4.2426405],[-4.0],[4.5],[4.2426405],[-4.0],[2.0],[1.7320508],[0.5],[2.0],[1.7320508],[0.5],0,1,0,0,0.0,0.0,1
6605,1,1,1,"[1.0, 1.0, 1.0, 1.5, 2.0, 2.0, 3.5, 3.5, 4.0, 5.5]","[0.0, 0.0, 0.0, 1.0, 1.0, 1.4142135, 3.1622777, 3.4641016, 4.0, 5.2915025]",[4.0],[3.8729835],[-1.5],[4.0],[3.8729835],[-1.5],[7.0],[6.928203],[5.0],[7.0],[6.928203],[5.0],0,1,0,0,0.0,0.0,0
645,6,3,2,"[0.0, 0.0, 0.0, 0.0, 1.5, 2.5, 3.0, 4.0, 5.5, 6.0]","[0.0, 0.0, 0.0, 0.0, 0.0, 1.4142135, 2.236068, 4.0, 4.2426405, 5.656854]","[0.5, 0.5, 1.0, 1.0, 1.0, 2.0]","[0.0, 0.0, 0.0, 0.0, 1.0, 1.7320508]","[-7.5, -6.5, -5.5, -3.5, -2.5, -2.5]","[0.5, 0.5, 1.0]","[0.0, 0.0, 1.0]","[-6.5, -5.5, -2.5]","[4.5, 5.0, 5.5]","[4.2426405, 4.582576, 4.8989797]","[0.0, 3.0, 4.0]","[4.0, 5.5]","[2.6457512, 4.8989797]","[3.5, 4.0]",1,1,1,0,1.0,0.0,1
29288,3,1,1,"[0.0, 0.5, 1.0, 1.5, 1.5, 2.0, 2.0, 2.5, 3.0, 4.5]","[0.0, 0.0, 0.0, 0.0, 0.0, 0.0, 1.4142135, 2.0, 2.828427, 2.828427]","[1.5, 2.5, 3.5]","[1.4142135, 2.0, 3.4641016]","[-4.5, -3.0, -2.5]",[1.5],[1.4142135],[-4.5],[7.0],[7.0],[6.5],[7.0],[7.0],[6.5],0,1,0,0,0.0,0.0,0
77570,2,1,1,"[0.5, 1.0, 2.0, 2.0, 2.0, 2.5, 2.5, 3.0, 3.5, 5.5]","[0.0, 0.0, 0.0, 0.0, 0.0, 1.7320508, 2.0, 2.4494898, 3.0, 4.2426405]","[2.0, 2.5]","[0.0, 0.0]","[-4.0, -3.0]",[2.0],[0.0],[-3.0],[5.0],[3.0],[4.0],[5.0],[3.0],[4.0],0,1,0,0,0.0,0.0,0
526,2,1,1,"[0.0, 0.0, 0.0, 0.5, 1.5, 1.5, 3.5, 3.5, 4.5, 7.0]","[0.0, 0.0, 0.0, 0.0, 0.0, 0.0, 2.4494898, 2.4494898, 4.472136, 6.708204]","[0.5, 3.0]","[0.0, 2.828427]","[-4.5, -1.5]",[0.5],[0.0],[-4.5],[3.0],[0.0],[0.0],[3.0],[0.0],[0.0],0,1,0,0,0.0,0.0,1
8507,1,1,1,"[0.5, 1.0, 1.0, 1.5, 1.5, 1.5, 2.0, 2.5, 2.5, 2.5]","[0.0, 0.0, 0.0, 0.0, 0.0, 0.0, 1.0, 2.0, 2.4494898, 2.4494898]",[2.5],[2.4494898],[-1.0],[2.5],[2.4494898],[-1.0],[5.0],[4.0],[4.0],[5.0],[4.0],[4.0],0,1,0,0,0.0,0.0,0
70,3,2,0,"[0.5, 0.5, 0.5, 1.0, 1.5, 2.5, 3.0, 3.5, 4.0, 8.0]","[0.0, 0.0, 0.0, 1.0, 1.4142135, 2.0, 2.236068, 2.6457512, 3.4641016, 8.0]","[0.5, 4.0, 4.5]","[0.0, 3.4641016, 4.2426405]","[-4.0, -3.5, -2.0]","[0.5, 4.0]","[0.0, 3.4641016]","[-4.0, -3.5]","[0.5, 4.0]","[0.0, 3.4641016]","[-4.0, -3.5]",[],[],[],2,0,0,1,0.0,2.0,1
196,2,2,0,"[0.5, 0.5, 1.5, 1.5, 2.5, 3.0, 3.5, 4.0, 4.0, 7.0]","[0.0, 0.0, 0.0, 0.0, 1.4142135, 2.236068, 2.4494898, 3.4641016, 3.8729835, 7.0]","[2.0, 2.0]","[0.0, 0.0]","[-4.0, -3.0]","[2.0, 2.0]","[0.0, 0.0]","[-4.0, -3.0]","[2.0, 2.0]","[0.0, 0.0]","[-4.0, -3.0]",[],[],[],2,0,0,1,0.0,2.0,1
69385,1,1,1,"[0.5, 0.5, 1.0, 1.5, 2.0, 2.5, 2.5, 3.5, 3.5, 5.5]","[0.0, 0.0, 0.0, 0.0, 0.0, 2.0, 2.4494898, 3.1622777, 3.4641016, 5.477226]",[3.5],[3.4641016],[-2.0],[3.5],[3.4641016],[-2.0],[5.5],[4.8989797],[2.0],[5.5],[4.8989797],[2.0],0,1,0,0,0.0,0.0,0
63303,2,2,1,"[0.0, 0.5, 1.0, 1.0, 1.0, 1.5, 4.0, 4.5, 5.0, 7.0]","[0.0, 0.0, 0.0, 0.0, 0.0, 1.0, 2.6457512, 4.472136, 4.582576, 6.928203]","[1.5, 3.0]","[0.0, 1.4142135]","[-2.5, -2.0]","[1.5, 3.0]","[0.0, 1.4142135]","[-2.5, -2.0]","[0.5, 6.0]","[0.0, 5.656854]","[-3.5, 3.0]",[7.5],[7.483315],[7.5],1,0,1,0,1.0,0.0,0
60917,2,2,1,"[0.0, 0.5, 0.5, 1.0, 1.0, 1.5, 2.0, 4.0, 4.0, 5.0]","[0.0, 0.0, 0.0, 0.0, 0.0, 0.0, 1.7320508, 3.8729835, 3.8729835, 5.0]","[1.5, 3.0]","[0.0, 2.828427]","[-2.5, -1.0]","[1.5, 3.0]","[0.0, 2.828427]","[-2.5, -1.0]","[4.0, 5.0]","[2.6457512, 4.0]","[-1.0, 0.0]",[8.5],[8.485281],[3.5],1,0,1,0,1.0,0.0,0
46397,2,2,2,"[0.0, 0.5, 0.5, 1.0, 1.0, 2.0, 2.5, 3.0, 3.5, 4.0]","[0.0, 0.0, 0.0, 0.0, 0.0, 0.0, 1.0, 2.0, 3.0, 3.4641016]","[3.0, 4.5]","[3.0, 4.2426405]","[-2.0, -1.0]","[3.0, 4.5]","[3.0, 4.2426405]","[-2.0, -1.0]","[4.0, 9.0]","[0.0, 9.0]","[2.5, 9.0]","[4.0, 9.0]","[0.0, 9.0]","[2.5, 9.0]",0,2,0,0,0.0,0.0,0
74835,3,2,1,"[0.0, 0.5, 1.0, 1.5, 2.0, 2.0, 2.0, 4.0, 5.0, 7.0]","[0.0, 0.0, 0.0, 0.0, 1.0, 2.0, 2.0, 3.4641016, 5.0, 7.0]","[1.0, 1.5, 3.0]","[0.0, 0.0, 3.0]","[-4.5, -3.5, -2.5]","[1.0, 3.0]","[0.0, 3.0]","[-3.5, -2.5]","[2.0, 2.5]","[0.0, 2.0]","[-1.0, -0.5]",[5.5],[5.2915025],[4.5],1,0,1,0,1.0,0.0,0
866,1,1,1,"[0.5, 1.0, 1.0, 1.5, 1.5, 2.0, 2.0, 3.5, 4.0, 6.0]","[0.0, 0.0, 0.0, 1.0, 1.4142135, 1.7320508, 1.7320508, 3.1622777, 4.0, 5.196152]",[5.0],[4.0],[-2.0],[5.0],[4.0],[-2.0],[6.5],[6.3245554],[4.0],[6.5],[6.3245554],[4.0],0,1,0,0,0.0,0.0,1
56488,3,2,1,"[0.5, 1.0, 1.0, 1.5, 1.5, 2.0, 3.0, 3.5, 4.0, 4.5]","[0.0, 0.0, 0.0, 0.0, 1.0, 1.4142135, 1.7320508, 3.4641016, 3.8729835, 4.2426405]","[1.5, 2.0, 3.5]","[1.4142135, 1.7320508, 3.4641016]","[-3.0, -2.0, -1.0]","[1.5, 2.0]","[1.4142135, 1.7320508]","[-3.0, -1.0]","[1.0, 3.0]","[0.0, 2.236068]","[-2.5, 0.0]",[5.5],[5.2915025],[3.5],1,0,1,0,1.0,0.0,0
470,4,1,1,"[1.0, 1.0, 1.5, 1.5, 2.0, 2.0, 2.0, 3.5, 4.5, 8.5]","[0.0, 0.0, 0.0, 0.0, 1.4142135, 1.7320508, 1.7320508, 3.1622777, 4.472136, 8.485281]","[1.0, 2.5, 3.0, 4.0]","[0.0, 0.0, 2.0, 3.8729835]","[-5.0, -3.5, -3.0, -2.5]",[1.0],[0.0],[-5.0],[1.5],[1.4142135],[-3.0],[1.5],[1.4142135],[-3.0],0,1,0,0,0.0,0.0,1
862,3,2,2,"[0.5, 0.5, 0.5, 0.5, 1.0, 1.0, 2.0, 5.0, 5.5, 6.5]","[0.0, 0.0, 0.0, 0.0, 0.0, 0.0, 1.0, 4.2426405, 4.582576, 6.4807405]","[1.5, 3.5, 5.5]","[0.0, 3.1622777, 4.8989797]","[-3.5, -2.0, -1.5]","[1.5, 3.5]","[0.0, 3.1622777]","[-3.5, -1.5]","[1.5, 4.5]","[0.0, 0.0]","[-2.0, 0.5]","[1.5, 4.5]","[0.0, 0.0]","[-2.0, 0.5]",0,2,0,0,0.0,0.0,1
440,1,1,1,"[0.5, 1.0, 1.0, 1.0, 1.5, 1.5, 2.0, 3.0, 3.5, 4.5]","[0.0, 0.0, 0.0, 0.0, 0.0, 1.0, 1.4142135, 2.0, 2.236068, 3.7416575]",[2.0],[0.0],[-2.5],[2.0],[0.0],[-2.5],[1.5],[0.0],[0.0],[1.5],[0.0],[0.0],0,1,0,0,0.0,0.0,1
92119,1,1,1,"[0.0, 0.5, 1.0, 1.0, 1.5, 2.0, 2.0, 2.5, 3.0, 5.0]","[0.0, 0.0, 0.0, 0.0, 0.0, 1.4142135, 1.7320508, 2.0, 2.4494898, 4.8989797]",[1.0],[0.0],[-1.5],[1.0],[0.0],[-1.5],[8.5],[8.485281],[7.5],[8.5],[8.485281],[7.5],0,1,0,0,0.0,0.0,0
950,1,1,1,"[0.5, 1.0, 1.0, 1.0, 1.5, 2.0, 2.0, 2.5, 4.5, 5.0]","[0.0, 0.0, 0.0, 0.0, 0.0, 1.0, 1.0, 1.7320508, 4.472136, 5.0]",[1.5],[0.0],[-3.0],[1.5],[0.0],[-3.0],[7.0],[7.0],[2.0],[7.0],[7.0],[2.0],0,1,0,0,0.0,0.0,1
852,1,1,1,"[0.0, 0.0, 0.5, 1.0, 1.5, 1.5, 2.0, 5.0, 5.5, 6.5]","[0.0, 0.0, 0.0, 0.0, 0.0, 0.0, 1.4142135, 3.0, 4.8989797, 6.0]",[6.0],[5.91608],[-2.5],[6.0],[5.91608],[-2.5],[6.0],[5.91608],[2.5],[6.0],[5.91608],[2.5],0,1,0,0,0.0,0.0,1
60317,1,1,1,"[1.0, 1.0, 1.0, 1.0, 1.5, 2.0, 2.0, 2.5, 2.5, 5.5]","[0.0, 0.0, 0.0, 1.0, 1.0, 1.0, 1.0, 2.4494898, 2.4494898, 4.8989797]",[1.5],[0.0],[-3.5],[1.5],[0.0],[-3.5],[4.5],[4.472136],[1.5],[4.5],[4.472136],[1.5],0,1,0,0,0.0,0.0,0
57159,1,1,1,"[0.0, 0.5, 1.0, 1.0, 1.5, 1.5, 2.0, 2.5, 3.0, 5.5]","[0.0, 0.0, 0.0, 0.0, 0.0, 1.0, 1.4142135, 2.236068, 2.4494898, 4.8989797]",[3.5],[2.4494898],[-2.0],[3.5],[2.4494898],[-2.0],[4.5],[4.472136],[2.0],[4.5],[4.472136],[2.0],0,1,0,0,0.0,0.0,0
635,2,1,1,"[0.5, 1.0, 1.5, 2.0, 2.0, 2.5, 2.5, 4.0, 5.5, 5.5]","[0.0, 0.0, 1.4142135, 1.7320508, 2.0, 2.0, 2.4494898, 3.8729835, 4.2426405, 4.8989797]","[1.5, 6.0]","[1.4142135, 6.0]","[-4.5, -2.5]",[1.5],[1.4142135],[-4.5],[2.5],[2.4494898],[1.0],[2.5],[2.4494898],[1.0],0,1,0,0,0.0,0.0,1
85838,2,1,1,"[0.5, 0.5, 0.5, 1.0, 1.5, 2.0, 2.5, 3.0, 4.5, 7.0]","[0.0, 0.0, 0.0, 0.0, 0.0, 1.7320508, 2.0, 2.828427, 4.2426405, 6.708204]","[2.5, 4.5]","[2.0, 2.828427]","[-3.0, -1.5]",[2.5],[2.0],[-3.0],[8.5],[8.485281],[6.0],[8.5],[8.485281],[6.0],0,1,0,0,0.0,0.0,0
37376,3,2,1,"[0.5, 0.5, 1.0, 2.0, 2.5, 2.5, 3.0, 3.0, 3.0, 7.0]","[0.0, 0.0, 0.0, 1.0, 2.236068, 2.236068, 2.236068, 2.4494898, 2.4494898, 6.708204]","[2.5, 2.5, 4.0]","[2.0, 2.0, 3.4641016]","[-3.5, -2.0, -2.0]","[2.5, 2.5]","[2.0, 2.0]","[-3.5, -2.0]","[1.5, 4.0]","[1.4142135, 2.6457512]","[-3.0, 0.5]",[6.0],[6.0],[5.0],1,0,1,0,1.0,0.0,0
50956,3,2,1,"[0.0, 0.0, 0.0, 0.5, 0.5, 1.0, 2.0, 3.0, 3.5, 7.5]","[0.0, 0.0, 0.0, 0.0, 0.0, 0.0, 1.7320508, 3.0, 3.4641016, 7.483315]","[2.0, 4.0, 4.5]","[0.0, 3.4641016, 3.7416575]","[-2.5, -1.5, -1.0]","[2.0, 4.0]","[0.0, 3.4641016]","[-2.5, -1.5]","[2.5, 3.5]","[2.0, 2.4494898]","[-1.5, -1.5]",[5.5],[5.2915025],[4.0],1,0,1,0,1.0,0.0,0
29771,2,2,2,"[0.0, 0.5, 0.5, 1.5, 1.5, 2.0, 2.5, 3.5, 6.5, 8.0]","[0.0, 0.0, 0.0, 0.0, 1.4142135, 1.7320508, 2.4494898, 2.4494898, 6.3245554, 8.0]","[3.5, 4.0]","[2.4494898, 3.4641016]","[-1.5, -1.5]","[3.5, 4.0]","[2.4494898, 3.4641016]","[-1.5, -1.5]","[2.0, 5.5]","[1.7320508, 4.2426405]","[-2.5, 3.0]","[2.0, 5.5]","[1.7320508, 4.2426405]","[-2.5, 3.0]",0,2,0,0,0.0,0.0,0
51275,3,1,1,"[0.0, 0.5, 0.5, 0.5, 1.5, 2.5, 3.0, 3.5, 5.0, 7.0]","[0.0, 0.0, 0.0, 0.0, 0.0, 1.4142135, 2.236068, 3.1622777, 4.582576, 6.928203]","[2.5, 3.0, 4.0]","[0.0, 0.0, 2.6457512]","[-3.5, -2.0, -1.5]",[2.5],[0.0],[-2.0],[3.5],[0.0],[0.5],[3.5],[0.0],[0.5],0,1,0,0,0.0,0.0,0
858,1,1,1,"[0.0, 0.0, 0.5, 0.5, 0.5, 1.5, 1.5, 2.0, 6.0, 7.0]","[0.0, 0.0, 0.0, 0.0, 0.0, 0.0, 0.0, 0.0, 6.0, 6.708204]",[5.5],[4.8989797],[-2.0],[5.5],[4.8989797],[-2.0],[3.5],[0.0],[-2.0],[3.5],[0.0],[-2.0],0,1,0,0,0.0,0.0,1
379,5,2,1,"[0.5, 1.0, 1.0, 1.0, 2.5, 3.0, 3.0, 3.5, 5.0, 6.0]","[0.0, 0.0, 0.0, 1.0, 1.0, 2.4494898, 2.4494898, 2.828427, 4.0, 5.91608]","[1.0, 3.5, 4.0, 5.0, 6.0]","[1.0, 3.4641016, 3.8729835, 5.0, 6.0]","[-4.0, -3.5, -2.0, -1.5, -1.5]","[1.0, 4.0]","[1.0, 3.8729835]","[-4.0, -1.5]","[3.0, 6.5]","[2.236068, 6.4807405]","[0.0, 3.0]",[5.5],[4.8989797],[2.0],1,0,1,0,1.0,0.0,1
1028,3,1,1,"[0.0, 0.5, 0.5, 2.0, 2.0, 2.0, 3.0, 3.5, 4.0, 4.5]","[0.0, 0.0, 0.0, 0.0, 0.0, 0.0, 1.7320508, 3.1622777, 3.4641016, 4.2426405]","[0.5, 1.5, 2.5]","[0.0, 1.4142135, 2.0]","[-3.5, -3.0, -2.5]",[0.5],[0.0],[-3.0],[3.5],[0.0],[1.0],[3.5],[0.0],[1.0],0,1,0,0,0.0,0.0,1
585,5,2,2,"[0.0, 1.0, 1.0, 1.5, 1.5, 1.5, 3.5, 4.5, 5.0, 5.0]","[0.0, 0.0, 0.0, 0.0, 0.0, 0.0, 1.4142135, 3.0, 3.4641016, 4.582576]","[2.0, 2.5, 3.5, 4.0, 5.0]","[0.0, 1.7320508, 2.0, 3.1622777, 5.0]","[-6.0, -4.0, -3.0, -2.0, -2.0]","[2.0, 2.5]","[1.7320508, 2.0]","[-6.0, -3.0]","[3.0, 4.5]","[2.828427, 4.2426405]","[1.5, 3.5]","[3.0, 4.5]","[2.828427, 4.2426405]","[1.5, 3.5]",0,2,0,0,0.0,0.0,1
75566,4,2,1,"[0.5, 0.5, 1.0, 1.5, 1.5, 2.0, 3.0, 3.0, 3.0, 8.0]","[0.0, 0.0, 0.0, 0.0, 0.0, 1.4142135, 1.7320508, 2.828427, 3.0, 7.937254]","[1.5, 2.0, 3.0, 3.0]","[0.0, 0.0, 0.0, 0.0]","[-5.0, -3.0, -2.5, -2.0]","[1.5, 3.0]","[0.0, 0.0]","[-5.0, -3.0]","[3.0, 5.0]","[0.0, 4.8989797]","[-2.0, 0.5]",[8.0],[8.0],[6.5],1,0,1,0,1.0,0.0,0
71460,4,2,2,"[0.0, 0.5, 0.5, 1.5, 2.5, 2.5, 3.5, 4.0, 4.0, 8.0]","[0.0, 0.0, 0.0, 0.0, 0.0, 2.0, 2.6457512, 3.1622777, 3.8729835, 8.0]","[2.0, 2.5, 2.5, 4.0]","[2.0, 2.0, 2.0, 3.4641016]","[-4.0, -3.5, -3.5, -3.5]","[2.0, 2.5]","[2.0, 2.0]","[-3.5, -3.5]","[5.0, 6.0]","[4.0, 5.196152]","[1.0, 4.0]","[5.0, 6.0]","[4.0, 5.196152]","[1.0, 4.0]",0,2,0,0,0.0,0.0,0
68897,1,1,1,"[0.5, 0.5, 1.5, 1.5, 2.0, 2.5, 3.0, 3.0, 3.5, 3.5]","[0.0, 0.0, 0.0, 0.0, 0.0, 0.0, 2.828427, 2.828427, 3.4641016, 3.4641016]",[1.5],[1.4142135],[-2.5],[1.5],[1.4142135],[-2.5],[7.5],[7.483315],[5.5],[7.5],[7.483315],[5.5],0,1,0,0,0.0,0.0,0
40992,5,2,2,"[0.5, 1.0, 1.5, 2.0, 2.0, 2.5, 3.0, 3.0, 5.0, 7.0]","[0.0, 0.0, 0.0, 0.0, 1.7320508, 2.0, 2.4494898, 3.0, 4.0, 6.928203]","[0.5, 3.0, 3.5, 4.5, 5.0]","[0.0, 0.0, 3.4641016, 3.7416575, 5.0]","[-4.5, -4.0, -2.0, -2.0, -1.0]","[0.5, 4.5]","[0.0, 3.7416575]","[-4.0, -1.0]","[2.0, 5.0]","[2.0, 4.582576]","[-1.0, 2.5]","[2.0, 5.0]","[2.0, 4.582576]","[-1.0, 2.5]",0,2,0,0,0.0,0.0,0
40744,1,1,1,"[1.0, 1.0, 1.0, 1.0, 1.0, 2.0, 2.0, 2.5, 5.0, 6.5]","[0.0, 0.0, 0.0, 0.0, 1.0, 1.7320508, 2.0, 2.4494898, 5.0, 6.4807405]",[3.0],[2.236068],[-1.5],[3.0],[2.236068],[-1.5],[7.0],[6.928203],[4.0],[7.0],[6.928203],[4.0],0,1,0,0,0.0,0.0,0
345,1,1,1,"[1.0, 1.0, 1.0, 1.5, 1.5, 1.5, 2.5, 3.0, 3.5, 4.0]","[0.0, 0.0, 0.0, 0.0, 0.0, 0.0, 0.0, 1.0, 2.828427, 3.8729835]",[1.5],[1.4142135],[-2.5],[1.5],[1.4142135],[-2.5],[4.0],[2.6457512],[2.5],[4.0],[2.6457512],[2.5],0,1,0,0,0.0,0.0,1
370,3,1,1,"[0.0, 0.0, 0.5, 0.5, 1.0, 3.5, 3.5, 3.5, 5.0, 8.0]","[0.0, 0.0, 0.0, 0.0, 0.0, 0.0, 0.0, 3.0, 3.1622777, 7.937254]","[2.0, 2.5, 3.0]","[1.7320508, 2.0, 2.828427]","[-7.0, -5.5, -5.0]",[3.0],[2.828427],[-5.0],[4.5],[3.7416575],[4.0],[4.5],[3.7416575],[4.0],0,1,0,0,0.0,0.0,1
949,2,1,1,"[0.0, 0.5, 1.0, 1.5, 1.5, 2.0, 2.5, 3.0, 4.0, 7.0]","[0.0, 0.0, 0.0, 0.0, 0.0, 1.0, 2.0, 2.6457512, 2.828427, 6.928203]","[1.0, 3.5]","[0.0, 3.4641016]","[-3.5, -2.5]",[1.0],[0.0],[-3.5],[5.5],[4.2426405],[-1.0],[5.5],[4.2426405],[-1.0],0,1,0,0,0.0,0.0,1
23847,3,2,1,"[0.5, 0.5, 0.5, 0.5, 1.5, 2.0, 3.0, 4.0, 4.5, 7.0]","[0.0, 0.0, 0.0, 0.0, 0.0, 0.0, 0.0, 2.6457512, 2.828427, 7.0]","[0.5, 3.5, 5.5]","[0.0, 2.4494898, 5.2915025]","[-3.5, -2.5, -2.0]","[0.5, 3.5]","[0.0, 2.4494898]","[-3.5, -2.0]","[2.0, 3.0]","[0.0, 2.828427]","[-2.5, -0.5]",[6.0],[5.91608],[5.0],1,0,1,0,1.0,0.0,0
295,3,2,0,"[0.0, 0.5, 0.5, 1.0, 2.0, 2.0, 2.5, 2.5, 7.0, 7.0]","[0.0, 0.0, 0.0, 0.0, 0.0, 0.0, 2.0, 2.0, 6.708204, 6.708204]","[2.5, 3.5, 3.5]","[0.0, 2.4494898, 3.4641016]","[-5.5, -2.5, -1.5]","[2.5, 3.5]","[2.4494898, 3.4641016]","[-5.5, -2.5]","[2.5, 3.5]","[2.4494898, 3.4641016]","[-5.5, -2.5]",[],[],[],2,0,0,1,0.0,2.0,1
17,2,1,1,"[0.0, 0.5, 0.5, 1.0, 1.0, 2.0, 2.0, 4.0, 4.0, 6.0]","[0.0, 0.0, 0.0, 0.0, 0.0, 0.0, 1.0, 3.8729835, 3.8729835, 5.91608]","[1.0, 2.5]","[0.0, 2.0]","[-3.5, -1.0]",[1.0],[0.0],[-3.5],[5.0],[4.0],[1.5],[5.0],[4.0],[1.5],0,1,0,0,0.0,0.0,1
1003,1,1,1,"[0.0, 0.0, 0.5, 0.5, 1.0, 1.0, 1.5, 3.0, 4.5, 4.5]","[0.0, 0.0, 0.0, 0.0, 0.0, 0.0, 0.0, 0.0, 2.236068, 2.828427]",[1.5],[1.4142135],[-4.0],[1.5],[1.4142135],[-4.0],[4.5],[3.7416575],[4.0],[4.5],[3.7416575],[4.0],0,1,0,0,0.0,0.0,1
88257,2,2,1,"[0.5, 1.0, 1.0, 1.5, 2.5, 2.5, 3.0, 3.5, 4.5, 6.0]","[0.0, 0.0, 0.0, 0.0, 2.0, 2.0, 2.828427, 3.1622777, 3.7416575, 5.196152]","[2.0, 2.5]","[0.0, 1.7320508]","[-3.0, -1.5]","[2.0, 2.5]","[0.0, 1.7320508]","[-3.0, -1.5]","[3.0, 3.5]","[2.4494898, 2.828427]","[-2.0, 0.0]",[6.0],[5.196152],[3.5],1,0,1,0,1.0,0.0,0
170,3,1,1,"[0.0, 0.5, 1.5, 2.5, 2.5, 2.5, 2.5, 3.0, 4.5, 6.5]","[0.0, 0.0, 0.0, 1.4142135, 2.0, 2.4494898, 2.4494898, 3.0, 4.472136, 6.0]","[2.5, 2.5, 5.0]","[2.0, 2.4494898, 4.0]","[-3.5, -3.5, -2.0]",[2.5],[2.4494898],[-3.5],[5.5],[5.2915025],[2.0],[5.5],[5.2915025],[2.0],0,1,0,0,0.0,0.0,1
42874,4,2,1,"[0.0, 0.0, 0.0, 0.5, 1.0, 1.0, 1.0, 2.5, 4.0, 8.0]","[0.0, 0.0, 0.0, 0.0, 0.0, 0.0, 0.0, 0.0, 3.4641016, 7.937254]","[1.5, 2.5, 4.5, 4.5]","[0.0, 2.0, 2.828427, 4.2426405]","[-4.0, -3.0, -2.0, -1.0]","[1.5, 4.5]","[0.0, 4.2426405]","[-4.0, -2.0]","[3.5, 4.5]","[2.4494898, 2.828427]","[-1.0, 0.0]",[8.0],[8.0],[7.0],1,0,1,0,1.0,0.0,0
111,3,2,2,"[0.5, 0.5, 1.0, 1.5, 1.5, 2.0, 2.0, 2.5, 3.0, 7.0]","[0.0, 0.0, 0.0, 0.0, 0.0, 0.0, 1.4142135, 1.7320508, 2.0, 6.708204]","[2.5, 3.5, 4.0]","[0.0, 2.0, 3.8729835]","[-3.0, -1.5, -1.0]","[2.5, 4.0]","[2.0, 3.8729835]","[-3.0, -1.0]","[2.5, 3.0]","[2.4494898, 2.828427]","[0.5, 2.0]","[2.5, 3.0]","[2.4494898, 2.828427]","[0.5, 2.0]",0,2,0,0,0.0,0.0,1
450,1,1,1,"[0.5, 0.5, 1.5, 2.0, 2.0, 2.0, 2.5, 3.0, 3.0, 5.5]","[0.0, 0.0, 0.0, 0.0, 1.7320508, 1.7320508, 1.7320508, 2.828427, 2.828427, 5.477226]",[3.5],[3.1622777],[-1.5],[3.5],[3.1622777],[-1.5],[5.5],[5.2915025],[2.0],[5.5],[5.2915025],[2.0],0,1,0,0,0.0,0.0,1
15807,4,2,2,"[0.0, 0.0, 0.5, 1.0, 2.0, 3.0, 3.0, 3.5, 4.5, 5.5]","[0.0, 0.0, 0.0, 0.0, 0.0, 2.0, 2.828427, 2.828427, 3.1622777, 4.8989797]","[1.5, 2.0, 2.5, 2.5]","[1.4142135, 1.7320508, 2.0, 2.0]","[-4.5, -3.0, -2.5, -1.0]","[1.5, 2.5]","[1.4142135, 2.0]","[-3.0, -2.5]","[4.5, 6.0]","[4.472136, 5.656854]","[2.5, 3.5]","[4.5, 6.0]","[4.472136, 5.656854]","[2.5, 3.5]",0,2,0,0,0.0,0.0,0
218,1,1,1,"[0.0, 0.0, 1.5, 1.5, 2.0, 2.5, 3.0, 4.0, 4.5, 5.5]","[0.0, 0.0, 0.0, 0.0, 1.7320508, 2.4494898, 2.828427, 3.0, 4.0, 4.2426405]",[4.0],[2.6457512],[-2.0],[4.0],[2.6457512],[-2.0],[4.5],[4.2426405],[2.0],[4.5],[4.2426405],[2.0],0,1,0,0,0.0,0.0,1
275,2,1,1,"[0.0, 0.5, 1.5, 2.0, 2.0, 2.0, 2.5, 3.0, 4.0, 6.5]","[0.0, 0.0, 0.0, 0.0, 1.7320508, 1.7320508, 1.7320508, 2.0, 4.0, 6.4807405]","[1.0, 1.0]","[0.0, 1.0]","[-3.0, -2.5]",[1.0],[1.0],[-3.0],[2.0],[2.0],[-0.5],[2.0],[2.0],[-0.5],0,1,0,0,0.0,0.0,1
45,3,1,1,"[0.0, 0.5, 0.5, 0.5, 2.0, 2.0, 2.0, 4.0, 5.5, 7.0]","[0.0, 0.0, 0.0, 0.0, 0.0, 2.0, 2.0, 2.6457512, 5.2915025, 6.928203]","[2.0, 2.5, 3.5]","[0.0, 1.7320508, 3.1622777]","[-3.0, -2.5, -1.5]",[3.5],[3.1622777],[-3.0],[6.0],[5.196152],[0.0],[6.0],[5.196152],[0.0],0,1,0,0,0.0,0.0,1
18062,3,2,1,"[0.5, 1.0, 1.0, 2.5, 2.5, 3.0, 3.5, 3.5, 4.5, 5.5]","[0.0, 0.0, 0.0, 1.0, 1.0, 2.0, 3.1622777, 3.1622777, 3.7416575, 5.2915025]","[2.0, 2.0, 4.0]","[1.7320508, 1.7320508, 4.0]","[-4.0, -3.5, -2.5]","[2.0, 2.0]","[1.7320508, 1.7320508]","[-4.0, -3.5]","[3.0, 3.5]","[2.236068, 3.1622777]","[-1.0, 0.0]",[5.5],[5.477226],[3.5],1,0,1,0,1.0,0.0,0
83588,1,1,1,"[0.0, 0.5, 0.5, 0.5, 1.0, 1.5, 1.5, 2.5, 3.5, 4.0]","[0.0, 0.0, 0.0, 0.0, 0.0, 0.0, 0.0, 1.4142135, 2.6457512, 3.1622777]",[2.5],[0.0],[-2.0],[2.5],[0.0],[-2.0],[5.0],[3.0],[4.5],[5.0],[3.0],[4.5],0,1,0,0,0.0,0.0,0
74746,6,2,1,"[0.0, 0.5, 1.0, 1.0, 1.5, 2.0, 2.5, 3.0, 3.5, 8.0]","[0.0, 0.0, 0.0, 0.0, 1.0, 1.0, 2.4494898, 2.828427, 3.1622777, 7.937254]","[0.5, 1.5, 2.0, 2.5, 2.5, 3.5]","[0.0, 0.0, 0.0, 0.0, 0.0, 2.4494898]","[-5.0, -4.0, -3.5, -3.0, -3.0, -2.0]","[0.5, 1.5]","[0.0, 0.0]","[-5.0, -4.0]","[3.0, 3.5]","[0.0, 0.0]","[-3.0, -0.5]",[7.0],[7.0],[5.0],1,0,1,0,1.0,0.0,0
69114,1,1,1,"[0.5, 0.5, 0.5, 1.0, 1.5, 2.0, 2.0, 3.5, 3.5, 3.5]","[0.0, 0.0, 0.0, 0.0, 0.0, 0.0, 1.0, 1.4142135, 1.7320508, 2.4494898]",[3.0],[2.828427],[-3.5],[3.0],[2.828427],[-3.5],[6.0],[6.0],[5.5],[6.0],[6.0],[5.5],0,1,0,0,0.0,0.0,0
486,1,1,1,"[0.0, 0.5, 0.5, 0.5, 1.0, 1.0, 2.0, 3.0, 3.5, 5.0]","[0.0, 0.0, 0.0, 0.0, 0.0, 0.0, 1.0, 3.0, 3.4641016, 4.8989797]",[2.5],[0.0],[-1.0],[2.5],[0.0],[-1.0],[2.5],[2.4494898],[0.5],[2.5],[2.4494898],[0.5],0,1,0,0,0.0,0.0,1
9663,1,1,1,"[0.5, 0.5, 1.5, 2.0, 2.5, 2.5, 2.5, 3.0, 4.5, 7.5]","[0.0, 0.0, 0.0, 0.0, 2.0, 2.0, 2.4494898, 2.828427, 2.828427, 7.3484693]",[2.5],[2.0],[-3.5],[2.5],[2.0],[-3.5],[3.0],[0.0],[1.5],[3.0],[0.0],[1.5],0,1,0,0,0.0,0.0,0
411,2,2,1,"[0.5, 0.5, 0.5, 0.5, 1.0, 1.5, 3.0, 3.0, 4.5, 8.0]","[0.0, 0.0, 0.0, 0.0, 0.0, 1.0, 1.4142135, 3.0, 4.472136, 8.0]","[2.0, 2.0]","[0.0, 2.0]","[-4.0, -1.5]","[2.0, 2.0]","[0.0, 2.0]","[-4.0, -1.5]","[4.5, 5.5]","[4.2426405, 4.472136]","[-1.0, 2.0]",[5.0],[4.8989797],[0.5],1,0,1,0,1.0,0.0,1
434,1,1,1,"[0.0, 0.5, 0.5, 1.5, 1.5, 1.5, 2.5, 2.5, 3.5, 8.5]","[0.0, 0.0, 0.0, 1.4142135, 1.4142135, 1.4142135, 2.0, 2.4494898, 3.1622777, 8.485281]",[4.5],[4.2426405],[-2.0],[4.5],[4.2426405],[-2.0],[1.5],[0.0],[-3.0],[1.5],[0.0],[-3.0],0,1,0,0,0.0,0.0,1
18612,6,2,1,"[0.5, 0.5, 0.5, 1.5, 2.0, 2.0, 2.5, 4.0, 5.0, 7.0]","[0.0, 0.0, 0.0, 0.0, 0.0, 0.0, 1.7320508, 3.4641016, 4.582576, 6.708204]","[1.0, 2.5, 2.5, 2.5, 3.0, 4.5]","[0.0, 0.0, 2.0, 2.0, 3.0, 3.7416575]","[-5.5, -5.0, -4.0, -3.5, -2.5, -1.5]","[1.0, 2.5]","[0.0, 2.0]","[-5.5, -1.5]","[1.5, 4.0]","[1.4142135, 3.4641016]","[-3.0, 1.5]",[8.5],[8.485281],[8.5],1,0,1,0,1.0,0.0,0
679,1,1,1,"[0.0, 0.5, 0.5, 1.5, 2.0, 2.0, 2.5, 3.5, 4.0, 4.5]","[0.0, 0.0, 0.0, 0.0, 0.0, 0.0, 0.0, 2.828427, 3.1622777, 3.4641016]",[2.5],[2.4494898],[-4.0],[2.5],[2.4494898],[-4.0],[4.5],[4.472136],[4.0],[4.5],[4.472136],[4.0],0,1,0,0,0.0,0.0,1
670,1,1,1,"[0.0, 0.5, 1.5, 1.5, 2.0, 2.5, 3.0, 3.5, 3.5, 7.5]","[0.0, 0.0, 0.0, 0.0, 0.0, 1.4142135, 2.4494898, 3.0, 3.1622777, 7.483315]",[2.5],[2.4494898],[-1.5],[2.5],[2.4494898],[-1.5],[4.0],[4.0],[1.5],[4.0],[4.0],[1.5],0,1,0,0,0.0,0.0,1
89266,2,1,1,"[0.5, 1.0, 1.0, 1.0, 1.5, 2.0, 2.5, 3.5, 3.5, 4.5]","[0.0, 0.0, 0.0, 0.0, 0.0, 0.0, 0.0, 1.0, 1.7320508, 2.4494898]","[3.5, 4.0]","[0.0, 3.4641016]","[-4.0, -3.5]",[4.0],[3.4641016],[-4.0],[6.0],[5.196152],[6.0],[6.0],[5.196152],[6.0],0,1,0,0,0.0,0.0,0
28766,1,1,1,"[0.5, 0.5, 0.5, 0.5, 1.0, 1.5, 2.5, 3.0, 3.0, 4.0]","[0.0, 0.0, 0.0, 0.0, 0.0, 0.0, 0.0, 1.4142135, 2.0, 2.236068]",[2.5],[0.0],[-2.5],[2.5],[0.0],[-2.5],[5.5],[4.8989797],[5.5],[5.5],[4.8989797],[5.5],0,1,0,0,0.0,0.0,0
34004,2,2,1,"[0.0, 0.5, 0.5, 1.0, 1.5, 2.5, 3.0, 3.5, 4.5, 5.0]","[0.0, 0.0, 0.0, 1.0, 1.4142135, 2.0, 2.828427, 3.4641016, 3.7416575, 4.0]","[1.0, 3.5]","[1.0, 2.4494898]","[-3.5, -2.0]","[1.0, 3.5]","[1.0, 2.4494898]","[-3.5, -2.0]","[4.0, 4.5]","[2.828427, 3.8729835]","[-1.0, 1.5]",[5.0],[3.0],[2.0],1,0,1,0,1.0,0.0,0
163,1,1,1,"[0.0, 0.5, 0.5, 0.5, 1.5, 2.5, 2.5, 3.5, 3.5, 6.0]","[0.0, 0.0, 0.0, 0.0, 0.0, 1.4142135, 2.0, 2.4494898, 3.4641016, 5.91608]",[1.5],[0.0],[-4.0],[1.5],[0.0],[-4.0],[2.5],[2.0],[1.0],[2.5],[2.0],[1.0],0,1,0,0,0.0,0.0,1
581,1,1,1,"[0.0, 0.0, 0.5, 1.5, 2.5, 2.5, 3.0, 3.5, 6.0, 6.5]","[0.0, 0.0, 0.0, 1.4142135, 2.0, 2.236068, 2.4494898, 3.4641016, 5.656854, 6.4807405]",[4.0],[3.4641016],[-1.5],[4.0],[3.4641016],[-1.5],[3.5],[0.0],[-3.5],[3.5],[0.0],[-3.5],0,1,0,0,0.0,0.0,1
183,2,1,1,"[0.0, 0.0, 1.5, 2.0, 2.0, 2.5, 3.0, 4.0, 4.5, 8.0]","[0.0, 0.0, 0.0, 0.0, 2.0, 2.0, 2.4494898, 3.8729835, 4.2426405, 8.0]","[1.5, 3.0]","[1.4142135, 2.828427]","[-2.0, -1.0]",[1.5],[1.4142135],[-2.0],[3.5],[3.4641016],[1.0],[3.5],[3.4641016],[1.0],0,1,0,0,0.0,0.0,1
460,1,1,1,"[0.0, 0.0, 0.5, 0.5, 1.0, 1.5, 1.5, 2.0, 2.5, 4.5]","[0.0, 0.0, 0.0, 0.0, 0.0, 0.0, 0.0, 2.0, 2.4494898, 2.828427]",[3.0],[2.828427],[-2.5],[3.0],[2.828427],[-2.5],[4.5],[4.2426405],[4.0],[4.5],[4.2426405],[4.0],0,1,0,0,0.0,0.0,1
32525,2,2,1,"[0.5, 0.5, 0.5, 1.5, 2.5, 2.5, 3.5, 3.5, 4.0, 6.5]","[0.0, 0.0, 0.0, 0.0, 0.0, 0.0, 1.4142135, 2.4494898, 3.1622777, 6.3245554]","[2.5, 5.0]","[2.4494898, 4.8989797]","[-4.0, -1.5]","[2.5, 5.0]","[2.4494898, 4.8989797]","[-4.0, -1.5]","[3.0, 6.0]","[2.828427, 5.196152]","[-1.0, 2.5]",[6.0],[6.0],[5.0],1,0,1,0,1.0,0.0,0
32957,4,2,1,"[0.0, 1.5, 1.5, 1.5, 2.0, 2.5, 3.0, 3.0, 4.5, 6.0]","[0.0, 0.0, 1.4142135, 1.4142135, 2.0, 2.236068, 2.4494898, 2.828427, 4.472136, 5.196152]","[1.0, 2.0, 2.5, 4.0]","[1.0, 1.7320508, 2.0, 2.6457512]","[-3.5, -3.0, -3.0, -1.5]","[1.0, 2.0]","[1.0, 1.7320508]","[-3.5, -1.5]","[1.0, 2.0]","[0.0, 0.0]","[-3.0, -1.0]",[8.0],[7.937254],[7.0],1,0,1,0,1.0,0.0,0
212,1,1,1,"[0.5, 0.5, 0.5, 1.0, 1.0, 2.0, 2.0, 2.0, 3.0, 3.5]","[0.0, 0.0, 0.0, 0.0, 0.0, 0.0, 1.7320508, 2.0, 2.236068, 3.1622777]",[2.5],[2.0],[-2.0],[2.5],[2.0],[-2.0],[5.5],[5.2915025],[4.5],[5.5],[5.2915025],[4.5],0,1,0,0,0.0,0.0,1
726,2,1,1,"[0.5, 0.5, 1.0, 1.0, 1.0, 1.5, 1.5, 2.0, 3.5, 6.5]","[0.0, 0.0, 0.0, 0.0, 0.0, 0.0, 1.0, 1.4142135, 2.4494898, 6.3245554]","[2.5, 3.5]","[0.0, 2.4494898]","[-3.0, -1.0]",[2.5],[2.4494898],[-3.0],[3.5],[3.4641016],[1.0],[3.5],[3.4641016],[1.0],0,1,0,0,0.0,0.0,1
9033,4,2,1,"[0.0, 0.0, 1.0, 1.0, 1.0, 1.5, 1.5, 2.0, 3.0, 5.5]","[0.0, 0.0, 0.0, 0.0, 0.0, 1.0, 1.4142135, 1.7320508, 2.236068, 5.477226]","[0.5, 2.0, 2.0, 2.5]","[0.0, 0.0, 1.7320508, 2.0]","[-3.5, -3.0, -2.0, -1.0]","[0.5, 2.0]","[0.0, 2.0]","[-3.5, -3.0]","[1.5, 4.0]","[0.0, 0.0]","[-2.0, 1.0]",[4.5],[4.472136],[3.5],1,0,1,0,1.0,0.0,0
953,3,2,1,"[0.0, 0.0, 0.5, 1.0, 1.5, 1.5, 2.5, 3.0, 6.5, 8.5]","[0.0, 0.0, 0.0, 0.0, 0.0, 1.4142135, 2.0, 2.828427, 6.3245554, 8.485281]","[2.5, 3.5, 4.5]","[0.0, 2.4494898, 3.7416575]","[-4.5, -1.5, -1.5]","[2.5, 3.5]","[0.0, 2.4494898]","[-4.5, -1.5]","[4.0, 7.5]","[4.0, 7.3484693]","[-0.5, 1.0]",[4.5],[0.0],[0.0],1,0,1,0,1.0,0.0,1
747,1,1,1,"[0.0, 0.0, 0.0, 0.0, 1.5, 2.0, 2.5, 3.0, 3.5, 5.0]","[0.0, 0.0, 0.0, 0.0, 0.0, 0.0, 1.7320508, 2.4494898, 3.0, 3.4641016]",[4.0],[0.0],[-2.0],[4.0],[0.0],[-2.0],[4.0],[0.0],[3.0],[4.0],[0.0],[3.0],0,1,0,0,0.0,0.0,1
26860,4,2,1,"[1.0, 1.5, 1.5, 1.5, 1.5, 2.0, 3.0, 3.0, 4.0, 8.5]","[0.0, 0.0, 0.0, 0.0, 1.4142135, 1.4142135, 1.4142135, 2.828427, 3.8729835, 8.485281]","[3.0, 3.0, 3.5, 4.5]","[0.0, 2.828427, 3.1622777, 4.472136]","[-4.0, -3.0, -2.5, -2.0]","[3.0, 4.5]","[2.828427, 4.472136]","[-4.0, -2.5]","[1.0, 3.0]","[1.0, 2.828427]","[-3.5, -2.5]",[7.0],[6.708204],[5.5],1,0,1,0,1.0,0.0,0
855,5,1,1,"[0.0, 1.0, 1.0, 1.0, 1.0, 2.0, 3.0, 3.0, 3.5, 7.0]","[0.0, 0.0, 0.0, 0.0, 0.0, 0.0, 0.0, 1.0, 2.236068, 6.928203]","[1.0, 4.0, 4.0, 4.5, 4.5]","[0.0, 2.6457512, 4.0, 4.2426405, 4.472136]","[-5.5, -3.5, -2.5, -1.5, -1.0]",[1.0],[0.0],[-5.5],[2.0],[2.0],[-1.5],[2.0],[2.0],[-1.5],0,1,0,0,0.0,0.0,1
52988,1,1,1,"[0.0, 1.0, 1.0, 1.0, 1.0, 1.5, 1.5, 2.0, 2.5, 4.5]","[0.0, 0.0, 0.0, 0.0, 1.0, 1.0, 1.0, 1.4142135, 2.0, 4.2426405]",[2.5],[0.0],[-1.0],[2.5],[0.0],[-1.0],[6.5],[6.3245554],[3.0],[6.5],[6.3245554],[3.0],0,1,0,0,0.0,0.0,0
59783,4,2,1,"[0.0, 0.0, 0.5, 1.5, 1.5, 1.5, 2.5, 3.0, 4.5, 6.5]","[0.0, 0.0, 0.0, 1.4142135, 1.4142135, 1.4142135, 2.0, 2.236068, 4.472136, 6.3245554]","[2.0, 2.5, 4.0, 5.0]","[0.0, 0.0, 3.4641016, 4.582576]","[-3.0, -2.5, -2.0, -1.0]","[2.0, 2.5]","[0.0, 0.0]","[-3.0, -2.0]","[2.5, 3.0]","[2.4494898, 3.0]","[-2.0, -0.5]",[6.0],[6.0],[4.5],1,0,1,0,1.0,0.0,0
744,5,2,0,"[0.5, 0.5, 1.0, 1.0, 1.5, 2.5, 3.0, 4.0, 6.0, 7.5]","[0.0, 0.0, 0.0, 0.0, 0.0, 2.0, 2.236068, 3.8729835, 5.656854, 7.3484693]","[2.5, 2.5, 3.5, 3.5, 5.5]","[0.0, 0.0, 2.0, 3.4641016, 4.8989797]","[-5.0, -3.5, -2.0, -1.5, -1.5]","[3.5, 3.5]","[0.0, 3.4641016]","[-5.0, -1.5]","[3.5, 3.5]","[0.0, 3.4641016]","[-5.0, -1.5]",[],[],[],2,0,0,1,0.0,2.0,1
29,1,1,1,"[0.0, 0.5, 1.0, 1.0, 1.5, 2.0, 2.0, 2.5, 3.5, 3.5]","[0.0, 0.0, 0.0, 0.0, 0.0, 1.0, 1.7320508, 1.7320508, 3.1622777, 3.1622777]",[2.0],[0.0],[-1.5],[2.0],[0.0],[-1.5],[4.5],[0.0],[1.0],[4.5],[0.0],[1.0],0,1,0,0,0.0,0.0,1
8230,2,2,1,"[0.0, 1.0, 1.0, 1.0, 1.5, 2.0, 2.0, 2.0, 4.5, 7.0]","[0.0, 0.0, 0.0, 0.0, 1.0, 1.4142135, 1.7320508, 1.7320508, 4.2426405, 6.708204]","[3.0, 3.5]","[3.0, 3.1622777]","[-2.5, -2.5]","[3.0, 3.5]","[3.0, 3.1622777]","[-2.5, -2.5]","[4.5, 7.0]","[4.2426405, 6.708204]","[-1.5, 4.0]",[7.5],[7.3484693],[5.5],1,0,1,0,1.0,0.0,0
159,6,2,1,"[0.5, 0.5, 0.5, 1.5, 1.5, 3.0, 4.0, 4.5, 5.5, 5.5]","[0.0, 0.0, 0.0, 0.0, 0.0, 0.0, 0.0, 3.4641016, 5.2915025, 5.477226]","[0.5, 1.5, 2.5, 3.0, 3.5, 3.5]","[0.0, 0.0, 0.0, 2.828427, 3.1622777, 3.4641016]","[-5.0, -4.5, -3.5, -2.5, -1.5, -1.0]","[0.5, 3.5]","[0.0, 3.1622777]","[-5.0, -1.5]","[3.0, 8.0]","[0.0, 8.0]","[-1.5, 5.0]",[2.0],[1.7320508],[-1.5],1,0,1,0,1.0,0.0,1
339,1,1,1,"[0.0, 0.5, 1.0, 1.5, 2.0, 2.5, 3.0, 3.5, 5.0, 5.5]","[0.0, 0.0, 0.0, 0.0, 0.0, 1.4142135, 2.236068, 2.4494898, 4.0, 5.477226]",[2.0],[1.7320508],[-3.5],[2.0],[1.7320508],[-3.5],[1.0],[0.0],[0.0],[1.0],[0.0],[0.0],0,1,0,0,0.0,0.0,1
517,4,2,1,"[0.0, 0.5, 0.5, 1.0, 1.5, 1.5, 4.0, 4.5, 4.5, 6.5]","[0.0, 0.0, 0.0, 0.0, 0.0, 0.0, 1.0, 3.8729835, 4.2426405, 6.4807405]","[2.5, 2.5, 3.0, 3.5]","[0.0, 2.0, 2.236068, 3.1622777]","[-3.5, -3.0, -1.0, -1.0]","[2.5, 3.0]","[2.0, 2.236068]","[-3.5, -3.0]","[2.0, 7.0]","[0.0, 6.708204]","[-3.0, 2.5]",[4.5],[0.0],[1.5],1,0,1,0,1.0,0.0,1
80369,2,2,1,"[0.0, 0.5, 0.5, 0.5, 1.0, 1.0, 2.5, 3.0, 3.0, 6.0]","[0.0, 0.0, 0.0, 0.0, 0.0, 0.0, 0.0, 2.0, 3.0, 5.656854]","[1.5, 3.0]","[1.4142135, 2.236068]","[-2.0, -2.0]","[1.5, 3.0]","[1.4142135, 2.236068]","[-2.0, -2.0]","[3.0, 7.0]","[2.828427, 6.928203]","[-2.5, 5.0]",[6.5],[6.4807405],[5.0],1,0,1,0,1.0,0.0,0
419,1,1,1,"[0.0, 0.0, 0.0, 0.5, 1.0, 1.5, 2.0, 2.0, 3.0, 3.5]","[0.0, 0.0, 0.0, 0.0, 0.0, 0.0, 1.4142135, 2.0, 2.0, 3.0]",[2.0],[0.0],[-3.0],[2.0],[0.0],[-3.0],[4.0],[4.0],[2.5],[4.0],[4.0],[2.5],0,1,0,0,0.0,0.0,1
41149,2,2,1,"[0.0, 0.5, 1.0, 1.0, 1.5, 2.0, 2.5, 2.5, 3.0, 8.0]","[0.0, 0.0, 0.0, 0.0, 0.0, 0.0, 1.0, 1.7320508, 2.4494898, 7.937254]","[1.5, 2.5]","[1.4142135, 2.4494898]","[-4.5, -3.0]","[1.5, 2.5]","[1.4142135, 2.4494898]","[-4.5, -3.0]","[2.0, 3.5]","[0.0, 0.0]","[-2.5, -1.5]",[7.0],[6.928203],[5.5],1,0,1,0,1.0,0.0,0
94190,1,1,1,"[0.0, 0.5, 1.0, 1.5, 3.0, 3.0, 3.5, 3.5, 4.0, 4.5]","[0.0, 0.0, 0.0, 0.0, 1.0, 2.236068, 2.4494898, 2.828427, 4.0, 4.2426405]",[1.0],[1.0],[-3.0],[1.0],[1.0],[-3.0],[6.0],[5.196152],[2.5],[6.0],[5.196152],[2.5],0,1,0,0,0.0,0.0,0
12453,4,2,1,"[0.0, 1.0, 1.0, 1.5, 1.5, 2.0, 3.5, 3.5, 3.5, 6.5]","[0.0, 0.0, 0.0, 0.0, 0.0, 1.7320508, 2.4494898, 2.4494898, 3.4641016, 6.0]","[1.0, 3.5, 4.0, 4.5]","[0.0, 0.0, 3.1622777, 3.7416575]","[-3.5, -3.0, -2.5, -1.5]","[1.0, 3.5]","[0.0, 3.1622777]","[-3.0, -2.5]","[1.0, 5.5]","[0.0, 5.2915025]","[-1.5, -0.5]",[6.0],[5.196152],[4.0],1,0,1,0,1.0,0.0,0
265,1,1,1,"[0.0, 0.5, 0.5, 0.5, 1.0, 2.0, 3.0, 3.5, 4.5, 7.5]","[0.0, 0.0, 0.0, 0.0, 0.0, 0.0, 2.0, 3.1622777, 4.472136, 7.3484693]",[4.0],[4.0],[-3.0],[4.0],[4.0],[-3.0],[6.0],[5.91608],[2.0],[6.0],[5.91608],[2.0],0,1,0,0,0.0,0.0,1
961,3,2,2,"[0.0, 0.0, 1.0, 1.5, 1.5, 1.5, 3.5, 4.0, 4.5, 5.5]","[0.0, 0.0, 0.0, 0.0, 0.0, 1.0, 1.4142135, 2.828427, 3.4641016, 4.8989797]","[2.0, 3.5, 3.5]","[0.0, 2.0, 3.4641016]","[-5.0, -4.0, -1.5]","[2.0, 3.5]","[2.0, 3.4641016]","[-5.0, -4.0]","[2.5, 8.5]","[2.4494898, 8.485281]","[0.0, 8.0]","[2.5, 8.5]","[2.4494898, 8.485281]","[0.0, 8.0]",0,2,0,0,0.0,0.0,1
876,4,2,2,"[0.0, 0.0, 1.0, 1.5, 2.0, 2.5, 4.5, 5.0, 6.0, 6.5]","[0.0, 0.0, 0.0, 0.0, 1.4142135, 2.4494898, 2.828427, 4.0, 5.656854, 6.0]","[2.0, 3.0, 3.5, 4.0]","[0.0, 0.0, 0.0, 2.6457512]","[-6.5, -2.5, -2.5, -1.5]","[2.0, 3.5]","[0.0, 0.0]","[-6.5, -1.5]","[2.5, 3.5]","[2.0, 3.1622777]","[-0.5, 1.0]","[2.5, 3.5]","[2.0, 3.1622777]","[-0.5, 1.0]",0,2,0,0,0.0,0.0,1
48660,3,2,1,"[0.0, 0.0, 0.5, 0.5, 1.0, 1.5, 2.0, 3.0, 4.5, 6.5]","[0.0, 0.0, 0.0, 0.0, 0.0, 0.0, 0.0, 2.828427, 3.7416575, 6.0]","[1.5, 1.5, 4.0]","[0.0, 0.0, 3.4641016]","[-4.0, -3.5, -2.5]","[1.5, 4.0]","[0.0, 3.4641016]","[-4.0, -2.5]","[3.0, 3.5]","[2.236068, 3.1622777]","[-2.5, 0.5]",[6.5],[6.4807405],[4.5],1,0,1,0,1.0,0.0,0
7,4,1,1,"[0.0, 1.0, 1.5, 1.5, 2.0, 2.0, 3.0, 4.5, 4.5, 6.0]","[0.0, 0.0, 0.0, 0.0, 1.4142135, 1.7320508, 2.0, 2.828427, 4.472136, 5.196152]","[1.5, 2.5, 3.0, 5.0]","[0.0, 1.4142135, 2.0, 5.0]","[-4.0, -3.0, -3.0, -2.5]",[1.5],[1.4142135],[-4.0],[7.0],[6.928203],[4.5],[7.0],[6.928203],[4.5],0,1,0,0,0.0,0.0,1
179,8,3,2,"[0.0, 0.5, 0.5, 1.0, 2.0, 2.0, 2.5, 3.5, 6.5, 8.5]","[0.0, 0.0, 0.0, 0.0, 0.0, 0.0, 0.0, 2.0, 6.3245554, 8.485281]","[1.0, 1.0, 2.0, 3.5, 3.5, 3.5, 4.0, 4.0]","[0.0, 0.0, 0.0, 0.0, 2.4494898, 2.6457512, 3.1622777, 3.4641016]","[-6.5, -4.5, -4.0, -3.0, -2.5, -2.0, -1.5, -1.0]","[1.0, 1.0, 3.5]","[0.0, 0.0, 3.1622777]","[-6.5, -4.0, -2.5]","[4.0, 4.0, 7.0]","[3.4641016, 3.4641016, 6.928203]","[-2.0, 1.5, 2.5]","[4.0, 8.5]","[3.4641016, 8.485281]","[1.5, 6.5]",1,1,1,0,1.0,0.0,1
144,1,1,1,"[0.5, 0.5, 1.0, 1.5, 1.5, 2.5, 2.5, 3.0, 4.5, 8.0]","[0.0, 0.0, 0.0, 0.0, 1.4142135, 1.4142135, 2.0, 2.0, 3.7416575, 7.937254]",[2.5],[2.0],[-2.0],[2.5],[2.0],[-2.0],[2.5],[2.4494898],[-2.5],[2.5],[2.4494898],[-2.5],0,1,0,0,0.0,0.0,1
223,2,1,1,"[0.0, 0.0, 0.5, 1.0, 2.5, 2.5, 2.5, 4.0, 4.0, 5.5]","[0.0, 0.0, 0.0, 0.0, 1.0, 2.4494898, 2.4494898, 3.4641016, 4.0, 4.8989797]","[2.5, 3.5]","[2.0, 3.4641016]","[-3.5, -2.5]",[3.5],[3.4641016],[-3.5],[7.5],[7.483315],[5.0],[7.5],[7.483315],[5.0],0,1,0,0,0.0,0.0,1
67510,1,1,1,"[0.0, 0.5, 0.5, 0.5, 1.0, 1.5, 1.5, 1.5, 2.0, 2.5]","[0.0, 0.0, 0.0, 0.0, 0.0, 0.0, 0.0, 0.0, 0.0, 1.7320508]",[2.0],[0.0],[-1.0],[2.0],[0.0],[-1.0],[6.5],[6.4807405],[6.5],[6.5],[6.4807405],[6.5],0,1,0,0,0.0,0.0,0
19723,2,2,1,"[0.5, 0.5, 1.0, 1.5, 1.5, 2.0, 2.5, 2.5, 3.0, 5.5]","[0.0, 0.0, 0.0, 0.0, 0.0, 1.4142135, 1.4142135, 1.7320508, 2.236068, 5.477226]","[2.0, 2.5]","[1.7320508, 2.0]","[-1.5, -1.5]","[2.0, 2.5]","[1.7320508, 2.0]","[-1.5, -1.5]","[1.0, 3.0]","[0.0, 2.828427]","[-2.0, 0.0]",[8.0],[8.0],[7.5],1,0,1,0,1.0,0.0,0
34996,2,1,1,"[1.5, 1.5, 1.5, 1.5, 2.5, 2.5, 3.5, 3.5, 3.5, 4.5]","[0.0, 0.0, 0.0, 1.4142135, 2.4494898, 2.4494898, 2.4494898, 2.828427, 3.1622777, 3.1622777]","[3.0, 4.0]","[2.828427, 4.0]","[-4.0, -2.5]",[3.0],[2.828427],[-4.0],[4.0],[0.0],[3.0],[4.0],[0.0],[3.0],0,1,0,0,0.0,0.0,0
14357,3,2,2,"[0.0, 0.0, 0.5, 1.0, 2.0, 2.5, 3.0, 3.5, 4.0, 4.5]","[0.0, 0.0, 0.0, 0.0, 0.0, 1.7320508, 2.0, 3.4641016, 3.4641016, 3.7416575]","[0.5, 2.5, 3.5]","[0.0, 2.0, 2.4494898]","[-4.0, -2.0, -1.0]","[0.5, 2.5]","[0.0, 2.0]","[-4.0, -2.0]","[5.0, 9.0]","[3.0, 9.0]","[4.0, 7.5]","[5.0, 9.0]","[3.0, 9.0]","[4.0, 7.5]",0,2,0,0,0.0,0.0,0
813,3,1,1,"[0.0, 0.0, 0.5, 1.0, 1.5, 1.5, 1.5, 3.0, 5.5, 8.5]","[0.0, 0.0, 0.0, 0.0, 1.0, 1.4142135, 1.4142135, 2.236068, 5.477226, 8.485281]","[1.5, 2.5, 2.5]","[0.0, 0.0, 2.0]","[-5.0, -4.5, -4.0]",[1.5],[0.0],[-4.0],[4.5],[0.0],[0.0],[4.5],[0.0],[0.0],0,1,0,0,0.0,0.0,1
42101,3,2,1,"[0.0, 0.5, 0.5, 1.0, 1.0, 1.5, 3.0, 4.0, 4.5, 8.0]","[0.0, 0.0, 0.0, 0.0, 0.0, 0.0, 2.236068, 3.4641016, 4.472136, 7.937254]","[2.0, 3.5, 4.5]","[2.0, 2.4494898, 3.7416575]","[-4.0, -4.0, -2.5]","[2.0, 3.5]","[2.0, 2.4494898]","[-4.0, -4.0]","[3.0, 4.5]","[2.236068, 2.828427]","[-3.5, 0.0]",[9.0],[9.0],[6.0],1,0,1,0,1.0,0.0,0
89088,3,2,1,"[0.5, 0.5, 1.0, 1.5, 1.5, 2.0, 2.5, 2.5, 3.0, 6.0]","[0.0, 0.0, 0.0, 0.0, 0.0, 1.0, 1.4142135, 2.0, 2.828427, 5.196152]","[1.0, 2.5, 4.5]","[0.0, 2.0, 4.2426405]","[-4.0, -2.5, -1.5]","[1.0, 2.5]","[0.0, 2.0]","[-4.0, -1.5]","[5.0, 6.0]","[5.0, 5.656854]","[-1.5, 4.5]",[3.5],[0.0],[1.5],1,0,1,0,1.0,0.0,0
37269,2,1,1,"[0.5, 0.5, 1.0, 2.0, 3.0, 3.0, 3.5, 3.5, 4.0, 5.5]","[0.0, 0.0, 0.0, 0.0, 2.0, 2.6457512, 2.828427, 3.1622777, 3.4641016, 5.477226]","[2.5, 2.5]","[0.0, 2.0]","[-2.0, -2.0]",[2.5],[2.0],[-2.0],[6.0],[5.91608],[4.5],[6.0],[5.91608],[4.5],0,1,0,0,0.0,0.0,0
270,7,3,1,"[0.0, 0.0, 0.5, 0.5, 1.0, 3.0, 3.5, 5.0, 5.5, 6.5]","[0.0, 0.0, 0.0, 0.0, 1.0, 2.828427, 3.0, 3.1622777, 5.477226, 6.0]","[0.5, 2.0, 2.0, 2.5, 3.5, 4.5, 5.5]","[0.0, 0.0, 0.0, 0.0, 2.0, 2.828427, 5.477226]","[-5.0, -3.5, -3.0, -2.5, -1.5, -1.5, -1.0]","[0.5, 2.0, 2.5]","[0.0, 0.0, 2.0]","[-5.0, -3.0, -1.0]","[0.5, 2.5, 6.5]","[0.0, 2.0, 6.3245554]","[-5.0, -1.0, 4.0]",[6.5],[6.3245554],[4.0],2,1,0,1,0.0,2.0,1
401,1,1,1,"[0.0, 0.0, 0.5, 0.5, 1.0, 1.5, 2.5, 2.5, 3.5, 3.5]","[0.0, 0.0, 0.0, 0.0, 0.0, 0.0, 0.0, 0.0, 1.4142135, 2.4494898]",[3.0],[0.0],[-3.0],[3.0],[0.0],[-3.0],[3.0],[2.828427],[3.0],[3.0],[2.828427],[3.0],0,1,0,0,0.0,0.0,1
905,2,1,1,"[1.0, 1.0, 1.0, 1.0, 1.5, 2.0, 2.0, 2.0, 3.5, 3.5]","[0.0, 0.0, 0.0, 0.0, 1.0, 1.4142135, 1.7320508, 1.7320508, 2.0, 3.1622777]","[1.0, 1.5]","[0.0, 0.0]","[-2.5, -2.5]",[1.0],[0.0],[-2.5],[2.0],[1.7320508],[0.0],[2.0],[1.7320508],[0.0],0,1,0,0,0.0,0.0,1
600,1,1,1,"[0.0, 0.0, 0.5, 0.5, 1.0, 1.5, 2.5, 3.0, 4.5, 7.0]","[0.0, 0.0, 0.0, 0.0, 0.0, 0.0, 1.4142135, 2.236068, 3.7416575, 6.928203]",[3.5],[3.1622777],[-2.0],[3.5],[3.1622777],[-2.0],[4.5],[3.7416575],[0.0],[4.5],[3.7416575],[0.0],0,1,0,0,0.0,0.0,1
325,1,1,1,"[0.0, 0.5, 0.5, 1.0, 1.0, 1.5, 2.5, 2.5, 2.5, 4.5]","[0.0, 0.0, 0.0, 0.0, 0.0, 0.0, 1.0, 2.0, 2.4494898, 3.7416575]",[3.5],[3.4641016],[-2.5],[3.5],[3.4641016],[-2.5],[5.0],[4.8989797],[4.0],[5.0],[4.8989797],[4.0],0,1,0,0,0.0,0.0,1
27972,3,2,1,"[0.0, 1.0, 1.0, 1.5, 2.0, 2.5, 2.5, 3.0, 5.5, 6.0]","[0.0, 0.0, 0.0, 0.0, 1.7320508, 2.0, 2.236068, 2.4494898, 5.477226, 6.0]","[2.0, 2.0, 3.0]","[0.0, 0.0, 2.236068]","[-2.0, -1.5, -1.5]","[2.0, 2.0]","[0.0, 0.0]","[-2.0, -1.5]","[1.0, 4.5]","[0.0, 2.828427]","[-2.0, 0.0]",[8.5],[8.485281],[7.0],1,0,1,0,1.0,0.0,0
6,4,2,1,"[0.0, 0.0, 0.0, 0.5, 1.0, 1.5, 4.0, 6.0, 8.0, 8.0]","[0.0, 0.0, 0.0, 0.0, 0.0, 0.0, 1.4142135, 5.656854, 7.937254, 8.0]","[1.5, 2.0, 2.5, 3.5]","[0.0, 0.0, 0.0, 2.0]","[-5.5, -5.5, -5.0, -3.5]","[2.0, 3.5]","[0.0, 0.0]","[-5.5, -5.0]","[4.0, 7.5]","[4.0, 7.3484693]","[-0.5, 0.0]",[4.0],[3.4641016],[0.0],1,0,1,0,1.0,0.0,1
20103,3,1,1,"[0.0, 0.5, 0.5, 1.0, 1.0, 1.0, 3.0, 3.5, 4.0, 7.5]","[0.0, 0.0, 0.0, 0.0, 0.0, 0.0, 0.0, 2.4494898, 2.828427, 7.3484693]","[1.5, 2.5, 4.0]","[0.0, 0.0, 0.0]","[-6.0, -4.0, -1.0]",[1.5],[0.0],[-4.0],[6.5],[6.3245554],[3.5],[6.5],[6.3245554],[3.5],0,1,0,0,0.0,0.0,0
80241,3,2,1,"[0.0, 0.0, 1.5, 2.0, 2.5, 2.5, 3.0, 3.5, 4.5, 7.0]","[0.0, 0.0, 0.0, 0.0, 0.0, 0.0, 2.236068, 2.4494898, 4.472136, 7.0]","[3.0, 3.5, 4.5]","[2.828427, 3.1622777, 4.2426405]","[-3.0, -2.0, -1.5]","[3.0, 4.5]","[2.828427, 4.2426405]","[-3.0, -1.5]","[2.5, 3.5]","[2.4494898, 3.1622777]","[-2.0, -1.5]",[5.5],[4.2426405],[3.0],1,0,1,0,1.0,0.0,0
12308,3,2,1,"[0.5, 1.0, 1.0, 1.0, 1.5, 2.0, 2.0, 3.0, 4.5, 8.0]","[0.0, 0.0, 0.0, 0.0, 0.0, 1.0, 1.0, 2.236068, 4.472136, 7.937254]","[3.0, 4.0, 4.5]","[3.0, 3.8729835, 4.472136]","[-3.0, -2.5, -1.5]","[3.0, 4.5]","[3.0, 4.472136]","[-3.0, -2.5]","[3.5, 4.0]","[3.4641016, 3.8729835]","[-1.5, -1.5]",[8.5],[8.485281],[6.0],1,0,1,0,1.0,0.0,0
27597,2,1,1,"[0.5, 1.0, 1.5, 1.5, 1.5, 2.0, 2.0, 2.0, 3.5, 5.5]","[0.0, 0.0, 1.0, 1.4142135, 1.4142135, 1.4142135, 1.7320508, 2.0, 2.4494898, 5.2915025]","[2.0, 2.5]","[0.0, 0.0]","[-2.5, -2.0]",[2.0],[0.0],[-2.5],[7.5],[7.3484693],[5.0],[7.5],[7.3484693],[5.0],0,1,0,0,0.0,0.0,0
123,3,1,1,"[0.0, 0.5, 0.5, 1.5, 2.0, 2.5, 3.0, 3.5, 5.5, 5.5]","[0.0, 0.0, 0.0, 0.0, 1.7320508, 2.236068, 2.4494898, 3.4641016, 4.2426405, 5.2915025]","[1.5, 2.0, 3.0]","[0.0, 0.0, 2.0]","[-5.0, -3.5, -3.0]",[2.0],[2.0],[-5.0],[3.5],[3.4641016],[2.0],[3.5],[3.4641016],[2.0],0,1,0,0,0.0,0.0,1
73430,2,1,1,"[0.5, 0.5, 1.0, 1.5, 2.0, 2.5, 2.5, 3.0, 3.5, 5.0]","[0.0, 0.0, 0.0, 0.0, 1.4142135, 1.7320508, 2.4494898, 3.0, 3.1622777, 4.8989797]","[1.0, 2.5]","[0.0, 0.0]","[-3.0, -2.0]",[1.0],[0.0],[-3.0],[5.0],[3.0],[0.5],[5.0],[3.0],[0.5],0,1,0,0,0.0,0.0,0
341,2,1,1,"[0.5, 1.0, 1.0, 1.5, 1.5, 2.0, 3.0, 3.5, 3.5, 7.0]","[0.0, 0.0, 0.0, 1.0, 1.4142135, 1.7320508, 3.0, 3.1622777, 3.4641016, 6.708204]","[3.5, 4.0]","[0.0, 0.0]","[-3.0, -1.0]",[3.5],[0.0],[-3.0],[7.5],[7.3484693],[3.5],[7.5],[7.3484693],[3.5],0,1,0,0,0.0,0.0,1
30352,3,2,1,"[1.0, 1.0, 1.5, 1.5, 1.5, 2.0, 3.0, 3.5, 3.5, 4.0]","[0.0, 0.0, 0.0, 0.0, 0.0, 0.0, 1.4142135, 2.236068, 3.1622777, 3.8729835]","[0.5, 1.0, 2.0]","[0.0, 0.0, 0.0]","[-3.0, -2.5, -2.0]","[0.5, 1.0]","[0.0, 0.0]","[-3.0, -2.5]","[2.5, 3.0]","[0.0, 0.0]","[-1.5, 1.5]",[4.5],[3.7416575],[2.5],1,0,1,0,1.0,0.0,0
564,1,1,1,"[1.0, 1.5, 1.5, 1.5, 2.0, 2.0, 3.0, 3.0, 3.5, 5.0]","[0.0, 0.0, 0.0, 0.0, 0.0, 1.4142135, 2.828427, 3.0, 3.1622777, 4.582576]",[2.0],[1.7320508],[-2.5],[2.0],[1.7320508],[-2.5],[2.5],[2.0],[0.5],[2.5],[2.0],[0.5],0,1,0,0,0.0,0.0,1
54586,2,1,1,"[0.5, 0.5, 1.0, 1.5, 1.5, 3.0, 3.0, 3.0, 4.0, 6.0]","[0.0, 0.0, 0.0, 0.0, 0.0, 1.0, 2.828427, 3.0, 4.0, 5.91608]","[1.0, 2.0]","[0.0, 1.7320508]","[-4.5, -2.0]",[2.0],[1.7320508],[-2.0],[7.0],[6.708204],[4.0],[7.0],[6.708204],[4.0],0,1,0,0,0.0,0.0,0
162,1,1,1,"[0.5, 0.5, 0.5, 0.5, 0.5, 1.5, 2.5, 2.5, 3.5, 8.0]","[0.0, 0.0, 0.0, 0.0, 0.0, 1.4142135, 2.0, 2.4494898, 3.1622777, 7.937254]",[2.5],[2.0],[-3.5],[2.5],[2.0],[-3.5],[8.0],[7.937254],[3.5],[8.0],[7.937254],[3.5],0,1,0,0,0.0,0.0,1
84492,1,1,1,"[0.0, 0.0, 1.0, 1.0, 2.0, 2.0, 2.5, 3.0, 3.5, 3.5]","[0.0, 0.0, 0.0, 0.0, 0.0, 0.0, 1.0, 2.4494898, 2.4494898, 3.4641016]",[3.5],[3.4641016],[-1.5],[3.5],[3.4641016],[-1.5],[9.0],[9.0],[7.5],[9.0],[9.0],[7.5],0,1,0,0,0.0,0.0,0
657,2,2,1,"[0.0, 0.0, 0.5, 1.0, 1.0, 2.5, 3.0, 3.0, 4.0, 7.0]","[0.0, 0.0, 0.0, 0.0, 0.0, 2.4494898, 2.6457512, 2.828427, 2.828427, 6.928203]","[0.5, 3.5]","[0.0, 2.4494898]","[-2.5, -1.5]","[0.5, 3.5]","[0.0, 2.4494898]","[-2.5, -1.5]","[2.5, 3.0]","[2.4494898, 2.828427]","[-1.0, 0.5]",[6.5],[6.0],[3.5],1,0,1,0,1.0,0.0,1
2197,3,2,1,"[0.5, 0.5, 1.0, 1.0, 1.5, 2.5, 3.0, 3.0, 3.5, 6.0]","[0.0, 0.0, 0.0, 0.0, 1.0, 2.4494898, 3.0, 3.0, 3.4641016, 5.91608]","[0.5, 2.0, 2.5]","[0.0, 1.7320508, 2.0]","[-3.5, -2.5, -2.0]","[0.5, 2.0]","[0.0, 1.7320508]","[-3.5, -2.5]","[2.0, 4.5]","[0.0, 3.7416575]","[-2.0, 1.0]",[9.0],[9.0],[7.5],1,0,1,0,1.0,0.0,0
192,1,1,1,"[0.5, 0.5, 0.5, 1.0, 2.5, 2.5, 3.0, 3.5, 3.5, 7.0]","[0.0, 0.0, 0.0, 1.0, 2.236068, 2.4494898, 2.4494898, 3.1622777, 3.4641016, 6.928203]",[3.5],[3.1622777],[-2.0],[3.5],[3.1622777],[-2.0],[3.5],[3.1622777],[-1.0],[3.5],[3.1622777],[-1.0],0,1,0,0,0.0,0.0,1
703,3,2,1,"[0.0, 0.5, 1.0, 1.0, 2.5, 2.5, 3.5, 4.0, 4.5, 7.5]","[0.0, 0.0, 0.0, 0.0, 0.0, 1.0, 2.4494898, 3.4641016, 4.472136, 7.483315]","[3.0, 4.5, 5.0]","[3.0, 4.2426405, 5.0]","[-3.5, -1.5, -1.5]","[3.0, 4.5]","[3.0, 4.2426405]","[-3.5, -1.5]","[4.5, 5.5]","[4.2426405, 4.2426405]","[-0.5, -0.5]",[2.5],[2.0],[-1.0],1,0,1,0,1.0,0.0,1
889,3,2,1,"[1.0, 1.0, 1.5, 1.5, 2.0, 2.0, 2.5, 2.5, 3.0, 8.0]","[0.0, 0.0, 1.4142135, 1.4142135, 1.7320508, 1.7320508, 2.0, 2.0, 2.236068, 8.0]","[2.0, 3.0, 3.5]","[0.0, 0.0, 0.0]","[-4.0, -2.0, -1.0]","[2.0, 3.0]","[0.0, 0.0]","[-4.0, -2.0]","[5.0, 6.5]","[4.0, 6.0]","[0.5, 2.0]",[3.5],[3.4641016],[2.5],1,0,1,0,1.0,0.0,1
22,8,4,0,"[0.0, 0.0, 0.5, 1.0, 1.0, 1.5, 4.5, 5.0, 6.5, 7.5]","[0.0, 0.0, 0.0, 1.0, 1.0, 1.4142135, 2.828427, 4.8989797, 6.3245554, 7.3484693]","[0.5, 2.0, 2.5, 3.0, 4.0, 4.0, 4.0, 7.5]","[0.0, 0.0, 0.0, 2.0, 2.6457512, 3.4641016, 3.8729835, 7.483315]","[-4.5, -3.0, -3.0, -3.0, -2.5, -1.5, -1.5, -1.0]","[0.5, 2.5, 3.0, 4.0]","[0.0, 0.0, 2.0, 2.6457512]","[-4.5, -3.0, -3.0, -3.0]","[4.0, 6.0, 6.5, 7.5]","[3.8729835, 5.656854, 6.3245554, 7.483315]","[-1.5, -1.0, 0.0, 3.0]",[],[],[],4,0,0,1,0.0,4.0,1
20,5,3,1,"[0.0, 0.0, 0.5, 1.0, 1.5, 2.5, 3.0, 3.5, 3.5, 7.0]","[0.0, 0.0, 0.0, 0.0, 0.0, 0.0, 1.0, 2.828427, 3.4641016, 6.708204]","[1.5, 1.5, 2.5, 3.5, 4.0]","[0.0, 0.0, 2.4494898, 2.6457512, 3.4641016]","[-3.5, -3.0, -2.0, -2.0, -2.0]","[1.5, 1.5, 2.5]","[0.0, 0.0, 2.4494898]","[-3.0, -2.0, -2.0]","[3.5, 5.0, 5.5]","[2.4494898, 3.0, 5.477226]","[1.5, 2.5, 3.5]",[5.0],[4.0],[5.0],2,0,1,0,2.0,0.0,1
376,2,1,1,"[0.0, 1.0, 2.0, 2.0, 2.0, 2.0, 2.5, 2.5, 4.0, 5.5]","[0.0, 0.0, 0.0, 0.0, 1.7320508, 1.7320508, 2.0, 2.0, 2.0, 4.2426405]","[2.0, 4.0]","[0.0, 2.6457512]","[-3.5, -2.5]",[2.0],[0.0],[-3.5],[4.5],[4.472136],[3.5],[4.5],[4.472136],[3.5],0,1,0,0,0.0,0.0,1
70350,3,2,1,"[0.0, 0.5, 1.0, 1.5, 1.5, 2.0, 3.5, 4.5, 4.5, 6.0]","[0.0, 0.0, 0.0, 1.0, 1.4142135, 1.7320508, 2.828427, 3.1622777, 4.2426405, 6.0]","[1.5, 3.5, 4.0]","[0.0, 3.4641016, 4.0]","[-2.0, -2.0, -2.0]","[1.5, 3.5]","[0.0, 3.4641016]","[-2.0, -2.0]","[4.0, 7.5]","[3.8729835, 7.483315]","[1.0, 3.5]",[7.5],[7.3484693],[6.5],1,0,1,0,1.0,0.0,0
47725,4,1,1,"[0.0, 0.0, 0.5, 1.5, 2.0, 2.0, 2.5, 4.5, 4.5, 7.5]","[0.0, 0.0, 0.0, 0.0, 1.7320508, 2.0, 2.4494898, 4.2426405, 4.2426405, 7.483315]","[1.5, 2.5, 3.5, 6.0]","[0.0, 2.4494898, 3.1622777, 5.91608]","[-4.5, -4.0, -2.0, -1.0]",[2.5],[2.4494898],[-4.5],[9.0],[9.0],[4.0],[9.0],[9.0],[4.0],0,1,0,0,0.0,0.0,0
797,2,2,1,"[0.0, 0.0, 0.0, 1.0, 2.0, 2.5, 4.0, 4.0, 4.0, 7.5]","[0.0, 0.0, 0.0, 0.0, 0.0, 1.7320508, 3.4641016, 3.4641016, 3.8729835, 7.3484693]","[1.5, 2.5]","[0.0, 2.4494898]","[-5.5, -2.0]","[1.5, 2.5]","[0.0, 2.4494898]","[-5.5, -2.0]","[3.5, 6.0]","[0.0, 6.0]","[-1.0, 1.0]",[2.5],[2.0],[0.5],1,0,1,0,1.0,0.0,1
1011,3,2,1,"[0.5, 1.0, 1.0, 1.5, 1.5, 2.0, 3.0, 3.0, 4.5, 5.5]","[0.0, 0.0, 0.0, 0.0, 1.0, 1.4142135, 1.4142135, 2.828427, 3.7416575, 5.2915025]","[1.5, 2.0, 3.5]","[1.4142135, 1.7320508, 3.4641016]","[-3.5, -2.5, -1.5]","[1.5, 2.0]","[1.4142135, 1.7320508]","[-2.5, -1.5]","[0.5, 2.0]","[0.0, 1.7320508]","[-2.0, -1.5]",[3.5],[3.4641016],[3.0],1,0,1,0,1.0,0.0,0
44532,3,2,2,"[0.0, 0.5, 2.0, 2.5, 2.5, 2.5, 3.0, 3.5, 4.5, 8.0]","[0.0, 0.0, 0.0, 0.0, 1.7320508, 2.236068, 2.4494898, 3.4641016, 4.472136, 7.937254]","[2.0, 3.5, 6.0]","[0.0, 1.7320508, 5.656854]","[-2.5, -2.0, -1.0]","[2.0, 3.5]","[0.0, 1.7320508]","[-2.5, -2.0]","[3.0, 5.0]","[0.0, 4.0]","[-2.0, 2.5]","[3.0, 5.0]","[0.0, 4.0]","[-2.0, 2.5]",0,2,0,0,0.0,0.0,0
360,3,2,0,"[0.5, 0.5, 1.0, 1.0, 1.5, 2.0, 2.0, 4.0, 5.0, 7.0]","[0.0, 0.0, 0.0, 0.0, 0.0, 1.0, 1.7320508, 2.6457512, 4.0, 7.0]","[2.5, 2.5, 3.0]","[0.0, 0.0, 2.0]","[-5.0, -4.0, -2.0]","[2.5, 2.5]","[0.0, 2.0]","[-5.0, -2.0]","[2.5, 2.5]","[0.0, 2.0]","[-5.0, -2.0]",[],[],[],2,0,0,1,0.0,2.0,1
971,3,2,2,"[0.0, 0.5, 0.5, 1.0, 1.0, 1.5, 2.5, 3.0, 3.5, 6.5]","[0.0, 0.0, 0.0, 0.0, 0.0, 0.0, 0.0, 0.0, 0.0, 6.4807405]","[1.0, 1.5, 3.5]","[0.0, 0.0, 3.1622777]","[-5.0, -3.0, -2.0]","[1.0, 1.5]","[0.0, 0.0]","[-5.0, -3.0]","[5.0, 6.0]","[4.8989797, 5.196152]","[1.5, 6.0]","[5.0, 6.0]","[4.8989797, 5.196152]","[1.5, 6.0]",0,2,0,0,0.0,0.0,1
88867,1,1,1,"[0.0, 0.5, 1.0, 1.0, 1.0, 1.0, 1.5, 3.0, 4.5, 6.0]","[0.0, 0.0, 0.0, 0.0, 0.0, 0.0, 1.0, 2.828427, 3.7416575, 5.656854]",[3.0],[0.0],[-1.0],[3.0],[0.0],[-1.0],[7.0],[6.708204],[6.0],[7.0],[6.708204],[6.0],0,1,0,0,0.0,0.0,0
60252,1,1,1,"[0.0, 1.0, 1.0, 1.5, 1.5, 1.5, 3.0, 3.0, 3.0, 4.0]","[0.0, 0.0, 0.0, 1.0, 1.0, 1.4142135, 2.236068, 2.828427, 3.0, 3.4641016]",[2.0],[1.7320508],[-1.0],[2.0],[1.7320508],[-1.0],[4.0],[2.6457512],[0.0],[4.0],[2.6457512],[0.0],0,1,0,0,0.0,0.0,0
91610,5,2,2,"[0.5, 1.0, 1.0, 1.5, 1.5, 2.5, 4.0, 5.5, 6.0, 6.0]","[0.0, 0.0, 1.0, 1.0, 1.4142135, 2.4494898, 2.6457512, 5.2915025, 5.656854, 5.91608]","[0.5, 1.5, 2.0, 2.0, 4.0]","[0.0, 0.0, 0.0, 1.7320508, 3.8729835]","[-5.0, -3.5, -3.5, -3.0, -1.0]","[0.5, 1.5]","[0.0, 0.0]","[-3.5, -1.0]","[4.0, 4.0]","[3.4641016, 4.0]","[-1.0, 1.0]","[4.0, 4.0]","[3.4641016, 4.0]","[-1.0, 1.0]",0,2,0,0,0.0,0.0,0
55504,1,1,1,"[1.0, 1.0, 1.0, 1.5, 1.5, 2.0, 2.5, 3.5, 3.5, 5.5]","[0.0, 0.0, 0.0, 1.0, 1.4142135, 1.4142135, 2.4494898, 2.4494898, 3.4641016, 5.2915025]",[2.0],[0.0],[-2.0],[2.0],[0.0],[-2.0],[8.0],[7.937254],[5.5],[8.0],[7.937254],[5.5],0,1,0,0,0.0,0.0,0
41195,2,2,2,"[0.0, 0.5, 1.0, 1.5, 1.5, 1.5, 2.5, 4.5, 5.0, 5.5]","[0.0, 0.0, 0.0, 0.0, 0.0, 1.4142135, 2.0, 4.472136, 4.582576, 4.8989797]","[0.5, 0.5]","[0.0, 0.0]","[-2.5, -1.5]","[0.5, 0.5]","[0.0, 0.0]","[-2.5, -1.5]","[5.0, 6.5]","[4.582576, 6.0]","[0.5, 2.0]","[5.0, 6.5]","[4.582576, 6.0]","[0.5, 2.0]",0,2,0,0,0.0,0.0,0
133,3,2,0,"[0.0, 0.0, 0.5, 0.5, 1.0, 2.5, 3.5, 4.5, 6.0, 7.0]","[0.0, 0.0, 0.0, 0.0, 0.0, 2.4494898, 3.4641016, 4.472136, 5.91608, 7.0]","[4.0, 4.0, 4.0]","[3.8729835, 3.8729835, 4.0]","[-3.0, -2.0, -1.5]","[4.0, 4.0]","[3.8729835, 4.0]","[-3.0, -2.0]","[4.0, 4.0]","[3.8729835, 4.0]","[-3.0, -2.0]",[],[],[],2,0,0,1,0.0,2.0,1
886,2,1,1,"[1.0, 1.0, 1.0, 1.5, 2.0, 2.5, 3.5, 4.5, 4.5, 7.0]","[0.0, 0.0, 0.0, 0.0, 1.0, 2.4494898, 3.4641016, 4.472136, 4.472136, 6.928203]","[1.0, 3.0]","[0.0, 0.0]","[-4.0, -2.5]",[1.0],[0.0],[-4.0],[1.5],[1.4142135],[-1.5],[1.5],[1.4142135],[-1.5],0,1,0,0,0.0,0.0,1
784,1,1,1,"[0.0, 0.0, 0.5, 0.5, 1.0, 2.5, 3.0, 3.0, 4.0, 5.0]","[0.0, 0.0, 0.0, 0.0, 1.0, 2.236068, 2.4494898, 2.828427, 4.0, 4.582576]",[1.5],[1.4142135],[-2.0],[1.5],[1.4142135],[-2.0],[8.0],[7.937254],[2.5],[8.0],[7.937254],[2.5],0,1,0,0,0.0,0.0,1
189,1,1,1,"[0.0, 1.0, 1.5, 1.5, 2.0, 2.0, 2.5, 2.5, 3.5, 4.5]","[0.0, 0.0, 0.0, 1.0, 1.4142135, 1.7320508, 2.0, 2.0, 3.4641016, 4.472136]",[1.5],[0.0],[-1.5],[1.5],[0.0],[-1.5],[6.0],[5.91608],[2.5],[6.0],[5.91608],[2.5],0,1,0,0,0.0,0.0,1
17656,2,2,1,"[0.5, 0.5, 1.0, 1.5, 1.5, 2.0, 2.0, 2.5, 3.0, 5.5]","[0.0, 0.0, 0.0, 0.0, 0.0, 1.4142135, 1.7320508, 2.0, 2.236068, 5.2915025]","[1.0, 2.5]","[0.0, 0.0]","[-2.5, -2.0]","[1.0, 2.5]","[0.0, 0.0]","[-2.5, -2.0]","[1.0, 6.5]","[1.0, 6.3245554]","[-2.5, 4.5]",[3.5],[3.4641016],[3.5],1,0,1,0,1.0,0.0,0
716,1,1,1,"[0.0, 0.5, 0.5, 1.0, 1.0, 1.5, 2.0, 3.0, 5.5, 5.5]","[0.0, 0.0, 0.0, 0.0, 0.0, 1.0, 1.4142135, 2.828427, 4.8989797, 5.477226]",[4.0],[3.8729835],[-3.0],[4.0],[3.8729835],[-3.0],[4.5],[4.472136],[0.5],[4.5],[4.472136],[0.5],0,1,0,0,0.0,0.0,1
65110,3,2,1,"[0.5, 0.5, 1.0, 1.5, 2.0, 2.0, 2.5, 4.0, 5.0, 5.0]","[0.0, 0.0, 0.0, 0.0, 0.0, 0.0, 2.4494898, 3.4641016, 4.0, 4.8989797]","[1.5, 3.0, 3.5]","[0.0, 2.828427, 3.1622777]","[-4.0, -1.5, -1.0]","[1.5, 3.0]","[0.0, 2.828427]","[-4.0, -1.0]","[3.5, 6.0]","[2.4494898, 5.196152]","[0.5, 3.0]",[3.0],[0.0],[2.0],1,0,1,0,1.0,0.0,0
89109,3,2,2,"[0.0, 1.0, 1.0, 1.5, 2.0, 2.5, 2.5, 2.5, 5.5, 7.0]","[0.0, 0.0, 0.0, 0.0, 0.0, 0.0, 1.7320508, 2.0, 5.2915025, 6.708204]","[1.0, 2.0, 3.0]","[0.0, 0.0, 1.7320508]","[-4.0, -3.0, -1.0]","[1.0, 2.0]","[0.0, 1.7320508]","[-4.0, -1.0]","[2.5, 4.5]","[2.4494898, 3.7416575]","[-1.0, 0.0]","[2.5, 4.5]","[2.4494898, 3.7416575]","[-1.0, 0.0]",0,2,0,0,0.0,0.0,0
71115,5,2,1,"[0.0, 0.5, 0.5, 1.5, 1.5, 1.5, 2.5, 2.5, 3.0, 7.5]","[0.0, 0.0, 0.0, 0.0, 0.0, 0.0, 1.4142135, 2.236068, 2.4494898, 7.3484693]","[0.5, 2.0, 3.0, 3.5, 4.0]","[0.0, 2.0, 3.0, 3.1622777, 3.4641016]","[-3.5, -3.5, -2.5, -2.5, -2.0]","[0.5, 3.5]","[0.0, 3.1622777]","[-3.5, -3.5]","[3.5, 5.5]","[3.1622777, 5.477226]","[-1.5, 2.0]",[4.0],[0.0],[3.0],1,0,1,0,1.0,0.0,0
47507,5,2,1,"[0.0, 1.5, 1.5, 1.5, 2.5, 2.5, 3.0, 3.5, 4.0, 5.5]","[0.0, 0.0, 0.0, 0.0, 0.0, 2.0, 2.828427, 3.4641016, 3.8729835, 4.8989797]","[1.5, 1.5, 2.0, 3.5, 4.5]","[0.0, 0.0, 0.0, 1.4142135, 4.472136]","[-4.0, -3.0, -2.0, -2.0, -1.5]","[1.5, 1.5]","[0.0, 1.4142135]","[-3.0, -1.5]","[2.0, 3.0]","[0.0, 0.0]","[-4.0, -0.5]",[5.0],[3.0],[1.0],1,0,1,0,1.0,0.0,0
89764,1,1,1,"[0.5, 1.0, 1.0, 1.5, 2.0, 2.5, 3.0, 3.0, 4.0, 5.0]","[0.0, 0.0, 0.0, 0.0, 1.0, 1.4142135, 2.4494898, 3.0, 3.8729835, 4.8989797]",[2.0],[0.0],[-1.5],[2.0],[0.0],[-1.5],[3.5],[3.1622777],[0.5],[3.5],[3.1622777],[0.5],0,1,0,0,0.0,0.0,0
737,1,1,1,"[0.0, 0.5, 1.0, 1.0, 1.0, 1.5, 2.5, 3.0, 3.5, 4.0]","[0.0, 0.0, 0.0, 0.0, 0.0, 0.0, 1.0, 2.828427, 3.4641016, 3.4641016]",[1.0],[0.0],[-3.0],[1.0],[0.0],[-3.0],[5.5],[4.8989797],[2.5],[5.5],[4.8989797],[2.5],0,1,0,0,0.0,0.0,1
10901,3,2,1,"[0.0, 0.5, 1.0, 1.0, 1.0, 1.0, 2.5, 2.5, 7.0, 8.5]","[0.0, 0.0, 0.0, 0.0, 1.0, 1.0, 2.0, 2.4494898, 7.0, 8.485281]","[2.5, 3.0, 3.5]","[0.0, 2.4494898, 2.828427]","[-4.0, -3.5, -2.0]","[2.5, 3.0]","[0.0, 2.828427]","[-3.5, -2.0]","[3.0, 3.5]","[2.828427, 3.4641016]","[-1.5, -1.5]",[6.0],[6.0],[5.0],1,0,1,0,1.0,0.0,0
991,21,7,2,"[1.5, 1.5, 3.5, 4.0, 4.5, 5.5, 5.5, 6.0, 6.5, 6.5]","[0.0, 1.4142135, 2.4494898, 2.828427, 4.0, 4.2426405, 5.196152, 5.477226, 6.0, 6.4807405]","[0.0, 0.0, 0.0, 0.5, 0.5, 1.0, 1.5, 2.0, 2.0, 3.0, 3.0, 3.0, 3.0, 3.0, 3.5, 4.0, 4.5, 4.5, 5.0, 6.0, 7.0]","[0.0, 0.0, 0.0, 0.0, 0.0, 0.0, 0.0, 0.0, 1.0, 1.4142135, 1.7320508, 2.828427, 2.828427, 2.828427, 3.0, 3.7416575, 3.8729835, 4.472136, 4.582576, 5.656854, 6.928203]","[-6.0, -6.0, -6.0, -5.5, -4.5, -4.5, -4.5, -4.0, -4.0, -3.5, -3.0, -2.5, -2.5, -2.0, -2.0, -2.0, -2.0, -1.5, -1.5, -1.5, -1.5]","[0.0, 0.0, 0.0, 0.5, 3.0, 3.0, 3.0]","[0.0, 0.0, 0.0, 0.0, 2.828427, 2.828427, 3.0]","[-6.0, -6.0, -4.5, -4.0, -1.5, -1.5, -1.5]","[2.0, 2.0, 2.0, 4.0, 4.5, 6.0, 7.0]","[0.0, 0.0, 0.0, 1.7320508, 3.7416575, 5.656854, 6.928203]","[-6.0, -2.5, -1.5, -1.5, -1.0, 3.5, 4.0]","[1.5, 4.5]","[0.0, 4.472136]","[-2.0, -1.0]",5,0,2,0,2.5,0.0,1
48418,2,2,1,"[0.0, 1.0, 1.0, 1.0, 1.5, 1.5, 2.0, 3.0, 3.0, 8.5]","[0.0, 0.0, 0.0, 1.0, 1.0, 1.0, 1.4142135, 2.0, 3.0, 8.485281]","[3.0, 4.0]","[2.236068, 2.6457512]","[-2.5, -1.5]","[3.0, 4.0]","[2.236068, 2.6457512]","[-2.5, -1.5]","[2.5, 5.0]","[0.0, 4.8989797]","[-2.5, -1.0]",[7.5],[7.3484693],[5.0],1,0,1,0,1.0,0.0,0
572,1,1,1,"[1.0, 1.0, 1.5, 1.5, 1.5, 1.5, 2.5, 3.0, 5.0, 6.0]","[0.0, 0.0, 0.0, 0.0, 0.0, 1.4142135, 1.4142135, 2.828427, 5.0, 5.656854]",[1.5],[0.0],[-3.0],[1.5],[0.0],[-3.0],[3.5],[3.4641016],[0.0],[3.5],[3.4641016],[0.0],0,1,0,0,0.0,0.0,1
44108,1,1,1,"[0.5, 0.5, 1.0, 1.0, 1.5, 1.5, 3.0, 3.0, 4.0, 5.0]","[0.0, 0.0, 0.0, 0.0, 0.0, 1.0, 2.236068, 2.828427, 3.0, 4.0]",[3.5],[3.1622777],[-3.0],[3.5],[3.1622777],[-3.0],[6.5],[6.0],[5.0],[6.5],[6.0],[5.0],0,1,0,0,0.0,0.0,0
677,2,1,1,"[0.5, 0.5, 1.0, 1.0, 1.5, 1.5, 2.0, 2.5, 3.5, 5.0]","[0.0, 0.0, 0.0, 0.0, 0.0, 0.0, 1.0, 1.4142135, 1.7320508, 3.0]","[1.0, 2.5]","[0.0, 2.0]","[-5.5, -4.0]",[1.0],[0.0],[-4.0],[4.0],[2.6457512],[2.5],[4.0],[2.6457512],[2.5],0,1,0,0,0.0,0.0,1
531,4,2,0,"[0.0, 0.5, 1.0, 1.0, 1.5, 1.5, 3.0, 3.0, 5.0, 6.0]","[0.0, 0.0, 0.0, 0.0, 0.0, 0.0, 1.0, 2.236068, 5.0, 5.656854]","[0.5, 1.5, 2.5, 3.5]","[0.0, 0.0, 1.4142135, 2.4494898]","[-5.0, -3.0, -2.0, -2.0]","[0.5, 1.5]","[0.0, 1.4142135]","[-5.0, -2.0]","[0.5, 1.5]","[0.0, 1.4142135]","[-5.0, -2.0]",[],[],[],2,0,0,1,0.0,2.0,1
573,1,1,1,"[0.0, 0.5, 0.5, 1.0, 1.0, 1.5, 2.0, 2.5, 2.5, 8.0]","[0.0, 0.0, 0.0, 0.0, 1.0, 1.0, 1.7320508, 2.0, 2.4494898, 7.937254]",[3.0],[0.0],[-1.0],[3.0],[0.0],[-1.0],[5.0],[4.8989797],[-1.0],[5.0],[4.8989797],[-1.0],0,1,0,0,0.0,0.0,1
305,2,1,1,"[0.0, 0.5, 1.0, 1.0, 2.5, 3.0, 3.0, 3.5, 5.0, 8.0]","[0.0, 0.0, 0.0, 0.0, 0.0, 0.0, 2.828427, 3.1622777, 4.0, 7.937254]","[2.5, 3.5]","[2.0, 3.4641016]","[-3.5, -3.0]",[3.5],[3.4641016],[-3.5],[5.5],[5.477226],[2.0],[5.5],[5.477226],[2.0],0,1,0,0,0.0,0.0,1
27,3,1,1,"[0.0, 0.0, 1.0, 1.0, 1.0, 2.0, 2.0, 2.5, 3.0, 4.0]","[0.0, 0.0, 0.0, 0.0, 0.0, 0.0, 1.0, 1.0, 2.236068, 2.4494898]","[0.5, 1.0, 3.5]","[0.0, 0.0, 0.0]","[-5.5, -5.0, -1.0]",[0.5],[0.0],[-5.5],[3.0],[2.236068],[3.0],[3.0],[2.236068],[3.0],0,1,0,0,0.0,0.0,1
689,1,1,1,"[0.0, 1.0, 1.0, 1.0, 1.5, 2.0, 2.5, 2.5, 3.5, 5.0]","[0.0, 0.0, 0.0, 0.0, 0.0, 0.0, 0.0, 0.0, 2.4494898, 4.0]",[3.5],[0.0],[-2.0],[3.5],[0.0],[-2.0],[5.0],[4.582576],[4.0],[5.0],[4.582576],[4.0],0,1,0,0,0.0,0.0,1
11517,2,2,1,"[0.5, 0.5, 1.0, 1.5, 2.0, 2.0, 2.0, 3.0, 3.0, 3.5]","[0.0, 0.0, 0.0, 0.0, 0.0, 1.4142135, 1.7320508, 2.0, 2.828427, 3.4641016]","[0.5, 0.5]","[0.0, 0.0]","[-2.5, -1.5]","[0.5, 0.5]","[0.0, 0.0]","[-2.5, -1.5]","[2.0, 7.0]","[0.0, 6.708204]","[0.0, 5.5]",[4.5],[2.828427],[4.0],1,0,1,0,1.0,0.0,0
579,22,7,3,"[1.0, 3.5, 4.0, 4.0, 4.5, 5.0, 5.5, 6.0, 6.0, 7.5]","[1.0, 3.1622777, 3.4641016, 3.7416575, 3.8729835, 4.2426405, 4.582576, 5.196152, 5.91608, 7.483315]","[0.0, 0.0, 0.0, 0.5, 1.0, 1.5, 1.5, 1.5, 1.5, 1.5, 2.0, 2.0, 2.5, 3.0, 3.0, 3.0, 3.5, 4.0, 4.5, 5.0, 5.0, 5.5]","[0.0, 0.0, 0.0, 0.0, 0.0, 0.0, 0.0, 0.0, 0.0, 0.0, 0.0, 1.4142135, 1.4142135, 2.236068, 2.4494898, 2.828427, 2.828427, 3.4641016, 3.8729835, 4.582576, 4.8989797, 5.477226]","[-6.5, -6.0, -5.0, -4.0, -4.0, -4.0, -4.0, -4.0, -4.0, -3.5, -3.5, -3.5, -3.0, -3.0, -3.0, -3.0, -3.0, -3.0, -2.0, -1.5, -1.5, -1.0]","[0.0, 0.0, 0.0, 0.5, 1.5, 1.5, 2.0]","[0.0, 0.0, 0.0, 0.0, 0.0, 0.0, 1.4142135]","[-5.0, -4.0, -4.0, -4.0, -4.0, -3.5, -3.0]","[2.0, 3.5, 4.0, 4.5, 6.5, 7.5, 8.5]","[1.7320508, 2.4494898, 3.8729835, 4.472136, 6.0, 7.3484693, 8.485281]","[-3.5, -2.0, -0.5, 0.5, 1.5, 3.5, 4.0]","[2.0, 5.0, 5.0]","[1.7320508, 4.582576, 4.8989797]","[-1.5, -1.0, 0.5]",4,1,2,0,2.0,0.0,1
13360,1,1,1,"[0.0, 0.5, 0.5, 1.5, 1.5, 1.5, 2.0, 3.5, 4.0, 5.0]","[0.0, 0.0, 0.0, 0.0, 0.0, 0.0, 0.0, 0.0, 2.6457512, 4.582576]",[3.5],[3.1622777],[-1.5],[3.5],[3.1622777],[-1.5],[8.0],[7.937254],[6.5],[8.0],[7.937254],[6.5],0,1,0,0,0.0,0.0,0
321,4,3,2,"[0.0, 0.5, 1.0, 1.5, 2.0, 2.5, 3.0, 4.0, 4.0, 5.0]","[0.0, 0.0, 0.0, 0.0, 0.0, 1.4142135, 2.6457512, 3.0, 3.8729835, 5.0]","[1.0, 2.0, 2.0, 2.5]","[0.0, 0.0, 0.0, 2.4494898]","[-4.0, -3.0, -2.0, -2.0]","[1.0, 2.0, 2.0]","[0.0, 0.0, 0.0]","[-4.0, -3.0, -2.0]","[1.0, 4.5, 5.5]","[0.0, 1.0, 5.2915025]","[-0.5, -0.5, 2.5]","[1.0, 2.5]","[0.0, 1.0]","[-0.5, -0.5]",1,1,1,0,1.0,0.0,1
72760,3,2,1,"[1.0, 1.0, 1.0, 1.5, 1.5, 2.0, 2.5, 3.5, 4.0, 6.5]","[0.0, 0.0, 0.0, 0.0, 0.0, 0.0, 1.0, 1.7320508, 3.8729835, 6.3245554]","[1.0, 2.0, 4.0]","[0.0, 1.7320508, 4.0]","[-3.5, -2.5, -2.0]","[1.0, 2.0]","[0.0, 1.7320508]","[-3.5, -2.5]","[1.0, 2.0]","[0.0, 2.0]","[-2.0, -2.0]",[4.5],[4.2426405],[4.0],1,0,1,0,1.0,0.0,0
29970,2,2,1,"[0.0, 0.5, 1.0, 1.5, 1.5, 1.5, 3.5, 4.5, 4.5, 6.0]","[0.0, 0.0, 0.0, 1.0, 1.4142135, 1.4142135, 1.4142135, 4.472136, 4.472136, 5.91608]","[2.0, 3.5]","[0.0, 2.4494898]","[-3.5, -3.0]","[2.0, 3.5]","[0.0, 2.4494898]","[-3.5, -3.0]","[0.5, 5.5]","[0.0, 4.8989797]","[-2.0, 0.0]",[6.0],[6.0],[4.0],1,0,1,0,1.0,0.0,0
358,1,1,1,"[0.5, 1.0, 1.5, 1.5, 2.0, 2.5, 2.5, 3.5, 3.5, 7.5]","[0.0, 0.0, 0.0, 0.0, 0.0, 1.7320508, 2.4494898, 2.4494898, 3.1622777, 7.483315]",[3.0],[0.0],[-2.0],[3.0],[0.0],[-2.0],[3.5],[3.1622777],[-0.5],[3.5],[3.1622777],[-0.5],0,1,0,0,0.0,0.0,1
683,1,1,1,"[0.5, 0.5, 0.5, 1.0, 1.5, 2.0, 3.0, 3.0, 4.0, 5.0]","[0.0, 0.0, 0.0, 0.0, 0.0, 1.7320508, 2.236068, 2.828427, 3.8729835, 4.582576]",[2.0],[1.7320508],[-3.0],[2.0],[1.7320508],[-3.0],[5.5],[5.2915025],[1.5],[5.5],[5.2915025],[1.5],0,1,0,0,0.0,0.0,1
448,2,2,0,"[0.0, 0.0, 0.5, 1.0, 1.0, 1.5, 1.5, 3.5, 5.0, 8.5]","[0.0, 0.0, 0.0, 0.0, 0.0, 0.0, 0.0, 3.4641016, 4.0, 8.485281]","[1.5, 5.5]","[1.4142135, 5.477226]","[-3.5, -3.0]","[1.5, 5.5]","[1.4142135, 5.477226]","[-3.5, -3.0]","[1.5, 5.5]","[1.4142135, 5.477226]","[-3.5, -3.0]",[],[],[],2,0,0,1,0.0,2.0,1
13752,3,1,1,"[0.0, 0.5, 1.5, 1.5, 2.0, 2.5, 3.0, 4.0, 5.0, 5.5]","[0.0, 0.0, 0.0, 1.4142135, 1.4142135, 1.7320508, 2.828427, 3.4641016, 4.2426405, 5.0]","[2.5, 3.5, 4.5]","[2.4494898, 3.1622777, 4.2426405]","[-4.5, -2.5, -2.5]",[2.5],[2.4494898],[-4.5],[7.5],[7.483315],[6.5],[7.5],[7.483315],[6.5],0,1,0,0,0.0,0.0,0
47151,5,2,1,"[0.5, 1.5, 2.0, 2.0, 2.5, 2.5, 3.0, 3.5, 4.5, 8.0]","[0.0, 0.0, 1.4142135, 1.7320508, 2.0, 2.0, 2.236068, 3.1622777, 4.472136, 7.937254]","[1.0, 2.0, 2.0, 2.5, 3.5]","[0.0, 1.7320508, 1.7320508, 2.0, 3.1622777]","[-4.5, -4.5, -4.5, -3.5, -3.0]","[2.0, 2.0]","[1.7320508, 1.7320508]","[-4.5, -3.0]","[2.0, 3.5]","[0.0, 3.1622777]","[-3.0, -0.5]",[7.0],[6.928203],[6.0],1,0,1,0,1.0,0.0,0
12895,3,2,1,"[0.5, 0.5, 1.0, 1.5, 2.0, 2.5, 2.5, 2.5, 2.5, 7.5]","[0.0, 0.0, 0.0, 0.0, 0.0, 1.0, 1.7320508, 2.4494898, 2.4494898, 7.483315]","[0.5, 2.0, 4.0]","[0.0, 1.7320508, 4.0]","[-4.5, -4.0, -2.5]","[0.5, 4.0]","[0.0, 4.0]","[-4.5, -2.5]","[1.0, 4.5]","[0.0, 3.7416575]","[-2.5, 0.0]",[8.0],[8.0],[7.5],1,0,1,0,1.0,0.0,0
55645,3,2,1,"[0.5, 1.0, 1.0, 1.0, 1.5, 2.0, 3.0, 3.0, 3.5, 6.0]","[0.0, 0.0, 0.0, 0.0, 1.0, 1.7320508, 2.828427, 3.0, 3.1622777, 5.91608]","[0.5, 2.0, 2.5]","[0.0, 2.0, 2.0]","[-3.5, -3.0, -1.5]","[0.5, 2.5]","[0.0, 2.0]","[-3.5, -1.5]","[4.0, 6.5]","[3.4641016, 6.4807405]","[0.0, 3.5]",[6.5],[6.3245554],[5.5],1,0,1,0,1.0,0.0,0
60698,1,1,1,"[0.0, 0.5, 0.5, 1.0, 2.5, 3.0, 3.0, 3.5, 4.5, 4.5]","[0.0, 0.0, 0.0, 0.0, 0.0, 2.236068, 2.828427, 2.828427, 3.0, 3.4641016]",[3.5],[2.4494898],[-2.5],[3.5],[2.4494898],[-2.5],[9.0],[9.0],[7.0],[9.0],[9.0],[7.0],0,1,0,0,0.0,0.0,0
97694,4,2,1,"[0.0, 0.5, 1.0, 1.0, 1.5, 1.5, 1.5, 2.5, 3.5, 8.5]","[0.0, 0.0, 0.0, 0.0, 0.0, 0.0, 0.0, 0.0, 2.4494898, 8.485281]","[1.0, 1.0, 1.5, 2.5]","[0.0, 0.0, 0.0, 0.0]","[-5.0, -4.0, -4.0, -3.5]","[1.0, 1.0]","[0.0, 0.0]","[-5.0, -4.0]","[1.0, 2.5]","[0.0, 1.0]","[-3.5, -3.0]",[7.0],[6.928203],[5.5],1,0,1,0,1.0,0.0,0
447,2,2,0,"[0.0, 0.0, 0.5, 0.5, 0.5, 1.5, 2.0, 3.5, 4.5, 5.0]","[0.0, 0.0, 0.0, 0.0, 0.0, 0.0, 0.0, 1.4142135, 3.4641016, 5.0]","[0.5, 1.5]","[0.0, 0.0]","[-3.5, -3.0]","[0.5, 1.5]","[0.0, 0.0]","[-3.5, -3.0]","[0.5, 1.5]","[0.0, 0.0]","[-3.5, -3.0]",[],[],[],2,0,0,1,0.0,2.0,1
66483,2,1,1,"[0.0, 0.5, 1.5, 1.5, 1.5, 1.5, 3.0, 3.5, 3.5, 3.5]","[0.0, 0.0, 0.0, 0.0, 0.0, 1.4142135, 1.4142135, 2.236068, 3.1622777, 3.4641016]","[1.0, 3.0]","[0.0, 1.0]","[-4.5, -1.0]",[1.0],[1.0],[-4.5],[8.0],[7.937254],[6.5],[8.0],[7.937254],[6.5],0,1,0,0,0.0,0.0,0
46841,1,1,1,"[0.0, 0.5, 0.5, 0.5, 1.5, 2.0, 2.0, 2.0, 3.0, 4.5]","[0.0, 0.0, 0.0, 0.0, 0.0, 0.0, 1.7320508, 2.0, 2.828427, 4.2426405]",[3.0],[2.828427],[-1.5],[3.0],[2.828427],[-1.5],[7.0],[7.0],[5.5],[7.0],[7.0],[5.5],0,1,0,0,0.0,0.0,0
16720,4,2,1,"[0.0, 1.5, 1.5, 1.5, 2.0, 3.0, 3.0, 3.5, 4.5, 7.5]","[0.0, 0.0, 0.0, 0.0, 0.0, 1.4142135, 2.236068, 3.1622777, 4.472136, 7.483315]","[2.0, 2.0, 2.5, 3.0]","[0.0, 0.0, 1.7320508, 3.0]","[-4.5, -3.5, -3.0, -3.0]","[2.0, 3.0]","[1.7320508, 3.0]","[-3.5, -3.0]","[1.0, 2.5]","[0.0, 0.0]","[-3.0, -3.0]",[6.5],[6.0],[4.5],1,0,1,0,1.0,0.0,0
59762,3,2,1,"[0.0, 0.5, 0.5, 1.5, 1.5, 1.5, 3.0, 3.0, 4.0, 5.5]","[0.0, 0.0, 0.0, 0.0, 1.4142135, 1.4142135, 2.236068, 2.828427, 3.8729835, 5.477226]","[1.5, 2.5, 2.5]","[1.4142135, 2.0, 2.0]","[-3.0, -2.5, -2.0]","[1.5, 2.5]","[1.4142135, 2.0]","[-3.0, -2.0]","[2.5, 6.0]","[2.0, 5.91608]","[-1.5, 2.5]",[4.0],[0.0],[2.0],1,0,1,0,1.0,0.0,0
41,1,1,1,"[1.0, 1.0, 1.5, 1.5, 2.0, 2.0, 2.0, 2.5, 3.0, 6.0]","[0.0, 0.0, 0.0, 1.0, 1.4142135, 1.4142135, 1.7320508, 1.7320508, 2.0, 5.656854]",[1.5],[0.0],[-2.0],[1.5],[0.0],[-2.0],[4.0],[4.0],[-0.5],[4.0],[4.0],[-0.5],0,1,0,0,0.0,0.0,1
224,5,1,1,"[0.5, 1.0, 1.0, 1.5, 2.5, 2.5, 3.0, 3.5, 4.5, 5.5]","[0.0, 0.0, 0.0, 0.0, 2.0, 2.236068, 2.4494898, 3.1622777, 4.2426405, 4.472136]","[2.0, 3.5, 4.0, 4.0, 4.0]","[0.0, 0.0, 2.4494898, 2.6457512, 3.8729835]","[-3.0, -3.0, -3.0, -2.5, -1.5]",[2.0],[0.0],[-3.0],[3.0],[2.236068],[2.0],[3.0],[2.236068],[2.0],0,1,0,0,0.0,0.0,1
23261,2,2,1,"[0.0, 0.0, 1.0, 2.0, 2.5, 2.5, 2.5, 3.0, 3.5, 7.5]","[0.0, 0.0, 0.0, 0.0, 0.0, 2.0, 2.0, 2.828427, 3.1622777, 7.483315]","[3.0, 4.5]","[0.0, 3.7416575]","[-1.5, -1.5]","[3.0, 4.5]","[0.0, 3.7416575]","[-1.5, -1.5]","[1.0, 3.0]","[0.0, 3.0]","[-3.0, -1.0]",[6.0],[5.196152],[5.5],1,0,1,0,1.0,0.0,0
17454,3,2,1,"[0.5, 1.0, 1.5, 1.5, 1.5, 1.5, 2.0, 2.5, 2.5, 8.0]","[0.0, 0.0, 0.0, 0.0, 1.0, 1.4142135, 1.4142135, 2.0, 2.0, 7.937254]","[1.5, 4.0, 5.5]","[0.0, 3.4641016, 4.8989797]","[-3.5, -1.0, -1.0]","[1.5, 4.0]","[0.0, 3.4641016]","[-3.5, -1.0]","[1.0, 3.0]","[0.0, 3.0]","[-3.5, -1.5]",[6.5],[6.0],[5.5],1,0,1,0,1.0,0.0,0
29080,3,2,2,"[0.0, 0.0, 0.0, 1.5, 2.0, 2.0, 2.5, 2.5, 3.5, 5.5]","[0.0, 0.0, 0.0, 0.0, 0.0, 0.0, 2.0, 2.4494898, 3.4641016, 4.2426405]","[1.0, 1.5, 2.5]","[0.0, 0.0, 2.0]","[-4.0, -4.0, -3.0]","[1.0, 1.5]","[0.0, 0.0]","[-4.0, -3.0]","[7.0, 8.0]","[6.708204, 7.937254]","[5.0, 6.0]","[7.0, 8.0]","[6.708204, 7.937254]","[5.0, 6.0]",0,2,0,0,0.0,0.0,0
78590,5,2,1,"[0.5, 1.0, 1.5, 2.5, 2.5, 2.5, 3.5, 4.0, 6.0, 6.5]","[0.0, 0.0, 0.0, 0.0, 0.0, 2.4494898, 2.4494898, 3.8729835, 5.196152, 6.3245554]","[0.5, 1.5, 3.0, 5.0, 5.5]","[0.0, 1.4142135, 2.828427, 4.582576, 5.477226]","[-5.0, -3.5, -3.5, -3.0, -1.5]","[0.5, 1.5]","[0.0, 1.4142135]","[-5.0, -3.0]","[3.5, 5.5]","[3.1622777, 4.2426405]","[1.0, 1.5]",[5.0],[4.8989797],[5.0],1,0,1,0,1.0,0.0,0
544,1,1,1,"[0.0, 0.5, 0.5, 0.5, 1.0, 1.5, 2.0, 2.5, 4.5, 6.5]","[0.0, 0.0, 0.0, 0.0, 0.0, 0.0, 1.7320508, 2.4494898, 4.472136, 6.4807405]",[1.5],[0.0],[-2.0],[1.5],[0.0],[-2.0],[4.5],[4.472136],[-0.5],[4.5],[4.472136],[-0.5],0,1,0,0,0.0,0.0,1
51464,3,1,1,"[1.0, 2.0, 2.0, 2.5, 2.5, 3.0, 3.0, 3.0, 4.5, 7.0]","[0.0, 0.0, 2.0, 2.0, 2.0, 2.236068, 2.236068, 3.0, 3.7416575, 6.928203]","[1.0, 2.5, 3.5]","[0.0, 0.0, 1.0]","[-6.5, -2.0, -1.5]",[1.0],[1.0],[-6.5],[6.0],[5.196152],[2.0],[6.0],[5.196152],[2.0],0,1,0,0,0.0,0.0,0
480,3,2,1,"[0.0, 0.5, 0.5, 1.0, 1.5, 1.5, 2.5, 5.0, 5.5, 8.0]","[0.0, 0.0, 0.0, 0.0, 0.0, 1.4142135, 1.4142135, 4.582576, 4.8989797, 7.937254]","[3.5, 3.5, 4.0]","[0.0, 3.4641016, 3.4641016]","[-3.5, -3.5, -2.5]","[3.5, 4.0]","[0.0, 3.4641016]","[-3.5, -2.5]","[3.5, 8.0]","[3.4641016, 8.0]","[-3.5, 2.0]",[7.5],[7.3484693],[2.5],1,0,1,0,1.0,0.0,1
661,1,1,1,"[0.0, 0.5, 1.0, 1.5, 2.0, 2.0, 3.0, 3.5, 4.0, 6.0]","[0.0, 0.0, 0.0, 0.0, 1.0, 1.4142135, 1.7320508, 2.236068, 4.0, 5.656854]",[3.5],[0.0],[-1.0],[3.5],[0.0],[-1.0],[5.0],[5.0],[1.5],[5.0],[5.0],[1.5],0,1,0,0,0.0,0.0,1
146,3,1,1,"[0.0, 0.5, 0.5, 1.0, 2.0, 2.0, 2.0, 2.5, 4.5, 8.5]","[0.0, 0.0, 0.0, 0.0, 1.0, 1.7320508, 2.0, 2.0, 4.2426405, 8.485281]","[1.0, 2.0, 4.5]","[0.0, 1.7320508, 4.472136]","[-4.5, -4.0, -2.5]",[1.0],[0.0],[-4.5],[6.5],[6.0],[1.5],[6.5],[6.0],[1.5],0,1,0,0,0.0,0.0,1
637,6,2,1,"[0.5, 1.0, 1.0, 1.5, 1.5, 2.0, 2.0, 3.5, 6.0, 7.0]","[0.0, 0.0, 0.0, 1.0, 1.4142135, 1.7320508, 2.0, 3.1622777, 5.196152, 6.928203]","[1.5, 2.0, 3.0, 3.5, 3.5, 4.0]","[0.0, 0.0, 0.0, 2.0, 2.236068, 3.8729835]","[-4.5, -3.5, -2.5, -2.5, -2.0, -1.5]","[2.0, 4.0]","[2.0, 3.8729835]","[-4.5, -3.5]","[3.0, 5.5]","[2.236068, 5.477226]","[-2.0, 1.0]",[2.5],[2.0],[0.0],1,0,1,0,1.0,0.0,1
76133,2,2,1,"[0.0, 0.5, 0.5, 1.0, 1.5, 2.0, 2.0, 3.0, 3.5, 5.0]","[0.0, 0.0, 0.0, 0.0, 1.0, 1.7320508, 2.0, 2.828427, 3.1622777, 4.8989797]","[1.5, 2.5]","[0.0, 0.0]","[-1.5, -1.0]","[1.5, 2.5]","[0.0, 0.0]","[-1.5, -1.0]","[4.0, 4.5]","[3.4641016, 4.2426405]","[0.0, 1.0]",[8.0],[7.937254],[5.5],1,0,1,0,1.0,0.0,0
617,2,2,1,"[0.0, 0.5, 2.0, 2.0, 2.5, 3.0, 4.0, 4.0, 5.0, 6.0]","[0.0, 0.0, 1.7320508, 1.7320508, 2.4494898, 2.6457512, 2.6457512, 2.828427, 5.0, 5.656854]","[1.5, 3.5]","[0.0, 2.4494898]","[-3.0, -1.0]","[1.5, 3.5]","[0.0, 2.4494898]","[-3.0, -1.0]","[4.0, 4.5]","[0.0, 0.0]","[-3.0, -0.5]",[6.0],[5.196152],[0.0],1,0,1,0,1.0,0.0,1
484,1,1,1,"[1.0, 1.0, 1.5, 2.0, 2.0, 2.5, 2.5, 3.5, 4.5, 6.5]","[0.0, 1.0, 1.0, 1.4142135, 1.7320508, 2.0, 2.0, 2.4494898, 3.4641016, 6.0]",[0.5],[0.0],[-2.5],[0.5],[0.0],[-2.5],[4.0],[3.8729835],[2.5],[4.0],[3.8729835],[2.5],0,1,0,0,0.0,0.0,1
826,7,4,1,"[0.0, 0.5, 1.5, 1.5, 1.5, 2.0, 2.5, 4.0, 5.5, 6.0]","[0.0, 0.0, 0.0, 0.0, 0.0, 1.7320508, 2.4494898, 4.0, 5.477226, 5.656854]","[1.0, 1.5, 2.0, 2.0, 2.5, 2.5, 3.0]","[0.0, 0.0, 1.4142135, 1.7320508, 2.236068, 2.4494898, 2.4494898]","[-5.0, -2.5, -2.0, -2.0, -2.0, -1.5, -1.0]","[1.0, 2.0, 2.0, 2.5]","[0.0, 0.0, 1.7320508, 2.4494898]","[-5.0, -2.5, -2.0, -1.5]","[5.0, 5.0, 7.0, 8.0]","[4.0, 4.582576, 6.928203, 8.0]","[0.0, 1.0, 3.5, 4.5]",[5.0],[4.0],[4.5],3,1,0,1,0.0,3.0,1
917,6,2,0,"[0.0, 0.5, 1.0, 2.0, 2.0, 2.5, 2.5, 4.0, 5.0, 7.5]","[0.0, 0.0, 0.0, 0.0, 1.0, 1.7320508, 2.0, 4.0, 4.0, 7.3484693]","[1.5, 2.0, 3.0, 4.0, 4.5, 4.5]","[1.4142135, 1.7320508, 2.6457512, 2.828427, 2.828427, 4.472136]","[-7.0, -3.5, -2.5, -2.5, -2.0, -2.0]","[1.5, 2.0]","[1.4142135, 1.7320508]","[-7.0, -2.0]","[1.5, 2.0]","[1.4142135, 1.7320508]","[-7.0, -2.0]",[],[],[],2,0,0,1,0.0,2.0,1
154,1,1,1,"[0.0, 0.5, 0.5, 0.5, 1.0, 2.0, 2.0, 2.0, 2.5, 6.0]","[0.0, 0.0, 0.0, 0.0, 0.0, 0.0, 1.7320508, 2.0, 2.0, 5.656854]",[1.5],[0.0],[-1.0],[1.5],[0.0],[-1.0],[3.0],[2.236068],[-2.5],[3.0],[2.236068],[-2.5],0,1,0,0,0.0,0.0,1
95929,2,2,1,"[0.0, 0.5, 0.5, 1.0, 1.5, 1.5, 2.5, 2.5, 4.5, 8.0]","[0.0, 0.0, 0.0, 0.0, 1.0, 1.4142135, 2.0, 2.4494898, 4.2426405, 7.937254]","[0.5, 4.0]","[0.0, 0.0]","[-3.5, -1.5]","[0.5, 4.0]","[0.0, 0.0]","[-3.5, -1.5]","[4.5, 4.5]","[2.828427, 4.472136]","[-0.5, -0.5]",[2.5],[0.0],[0.5],1,0,1,0,1.0,0.0,0
692,1,1,1,"[0.5, 0.5, 1.0, 1.5, 1.5, 2.0, 2.0, 2.5, 2.5, 5.0]","[0.0, 0.0, 0.0, 0.0, 0.0, 1.4142135, 1.7320508, 2.0, 2.4494898, 4.0]",[3.0],[0.0],[-2.5],[3.0],[0.0],[-2.5],[3.0],[3.0],[1.5],[3.0],[3.0],[1.5],0,1,0,0,0.0,0.0,1
650,1,1,1,"[0.0, 1.0, 1.0, 1.0, 1.5, 2.0, 2.5, 2.5, 4.0, 4.5]","[0.0, 0.0, 0.0, 0.0, 1.0, 1.7320508, 2.0, 2.0, 2.6457512, 4.2426405]",[3.0],[2.236068],[-1.0],[3.0],[2.236068],[-1.0],[2.5],[2.0],[1.0],[2.5],[2.0],[1.0],0,1,0,0,0.0,0.0,1
4303,2,2,1,"[1.0, 1.0, 1.0, 1.5, 2.0, 3.0, 3.0, 4.5, 4.5, 5.5]","[0.0, 1.0, 1.0, 1.4142135, 1.7320508, 2.236068, 2.828427, 4.2426405, 4.472136, 5.2915025]","[1.5, 2.0]","[0.0, 1.4142135]","[-2.0, -1.5]","[1.5, 2.0]","[0.0, 1.4142135]","[-2.0, -1.5]","[3.0, 4.5]","[0.0, 2.828427]","[-2.0, -1.0]",[8.0],[7.937254],[2.0],1,0,1,0,1.0,0.0,0
790,1,1,1,"[0.5, 1.0, 1.0, 2.0, 2.0, 3.0, 3.5, 4.5, 4.5, 5.5]","[0.0, 0.0, 0.0, 1.0, 2.0, 2.828427, 2.828427, 2.828427, 3.4641016, 5.2915025]",[3.0],[3.0],[-3.0],[3.0],[3.0],[-3.0],[5.0],[4.0],[1.0],[5.0],[4.0],[1.0],0,1,0,0,0.0,0.0,1
881,1,1,1,"[0.0, 0.0, 1.0, 1.0, 1.5, 2.0, 2.5, 2.5, 3.0, 4.5]","[0.0, 0.0, 0.0, 0.0, 0.0, 0.0, 0.0, 1.4142135, 2.4494898, 2.828427]",[2.0],[2.0],[-1.5],[2.0],[2.0],[-1.5],[3.5],[2.4494898],[2.5],[3.5],[2.4494898],[2.5],0,1,0,0,0.0,0.0,1
13676,3,2,1,"[0.0, 1.0, 1.0, 2.0, 2.0, 2.5, 3.0, 3.5, 4.0, 7.0]","[0.0, 0.0, 0.0, 1.0, 2.0, 2.0, 2.4494898, 2.828427, 3.8729835, 6.928203]","[1.5, 2.0, 2.5]","[0.0, 0.0, 2.0]","[-4.5, -3.0, -2.0]","[1.5, 2.0]","[0.0, 0.0]","[-4.5, -2.0]","[3.0, 3.5]","[2.828427, 3.1622777]","[-2.0, 0.0]",[7.5],[7.3484693],[6.0],1,0,1,0,1.0,0.0,0
246,3,2,2,"[0.0, 0.5, 0.5, 1.0, 2.0, 2.0, 2.5, 2.5, 2.5, 4.5]","[0.0, 0.0, 0.0, 0.0, 0.0, 0.0, 1.0, 1.7320508, 2.0, 2.828427]","[1.0, 2.0, 4.5]","[0.0, 1.7320508, 4.2426405]","[-3.5, -2.5, -1.5]","[1.0, 2.0]","[0.0, 1.7320508]","[-3.5, -2.5]","[2.5, 3.5]","[2.4494898, 3.1622777]","[1.5, 3.0]","[2.5, 3.5]","[2.4494898, 3.1622777]","[1.5, 3.0]",0,2,0,0,0.0,0.0,1
145,1,1,1,"[0.5, 0.5, 0.5, 1.0, 1.0, 1.5, 2.0, 2.5, 5.0, 7.5]","[0.0, 0.0, 0.0, 0.0, 0.0, 1.0, 1.0, 1.7320508, 5.0, 7.483315]",[3.5],[2.4494898],[-3.0],[3.5],[2.4494898],[-3.0],[4.0],[2.6457512],[0.5],[4.0],[2.6457512],[0.5],0,1,0,0,0.0,0.0,1
66098,4,2,1,"[0.0, 0.0, 0.5, 1.0, 1.5, 2.0, 2.0, 3.0, 5.0, 9.0]","[0.0, 0.0, 0.0, 0.0, 0.0, 1.0, 2.0, 3.0, 4.0, 9.0]","[1.5, 2.0, 4.5, 5.5]","[0.0, 2.0, 2.828427, 4.8989797]","[-6.5, -3.5, -1.5, -1.0]","[1.5, 2.0]","[0.0, 2.0]","[-6.5, -3.5]","[2.5, 4.0]","[2.0, 3.4641016]","[-2.5, -1.5]",[7.5],[7.483315],[6.0],1,0,1,0,1.0,0.0,0
711,2,1,1,"[0.5, 0.5, 1.5, 1.5, 1.5, 2.0, 2.5, 2.5, 5.0, 6.0]","[0.0, 0.0, 0.0, 1.4142135, 1.4142135, 1.4142135, 2.4494898, 2.4494898, 3.0, 5.656854]","[2.5, 2.5]","[0.0, 0.0]","[-6.0, -3.5]",[2.5],[0.0],[-6.0],[4.5],[2.828427],[2.0],[4.5],[2.828427],[2.0],0,1,0,0,0.0,0.0,1
26195,5,2,1,"[0.0, 1.0, 1.0, 1.0, 2.0, 2.0, 2.5, 3.0, 3.5, 7.5]","[0.0, 0.0, 0.0, 1.0, 1.0, 1.7320508, 2.4494898, 3.0, 3.4641016, 7.483315]","[2.0, 3.0, 3.5, 4.0, 4.0]","[0.0, 2.0, 2.236068, 3.4641016, 3.8729835]","[-3.0, -2.5, -2.0, -1.5, -1.5]","[2.0, 3.0]","[2.0, 2.236068]","[-3.0, -2.5]","[3.0, 3.5]","[0.0, 2.236068]","[-2.5, -2.0]",[6.5],[6.4807405],[3.0],1,0,1,0,1.0,0.0,0
3849,3,1,1,"[0.5, 0.5, 1.5, 2.0, 2.0, 2.5, 2.5, 3.0, 4.0, 5.0]","[0.0, 0.0, 1.4142135, 1.7320508, 1.7320508, 2.236068, 2.4494898, 2.4494898, 3.4641016, 4.582576]","[0.5, 3.5, 3.5]","[0.0, 2.4494898, 3.1622777]","[-3.5, -3.0, -1.5]",[0.5],[0.0],[-3.5],[5.0],[3.0],[3.5],[5.0],[3.0],[3.5],0,1,0,0,0.0,0.0,0
456,3,2,2,"[0.5, 0.5, 0.5, 1.5, 1.5, 2.0, 2.5, 3.0, 3.5, 5.0]","[0.0, 0.0, 0.0, 0.0, 0.0, 0.0, 1.4142135, 2.4494898, 3.0, 4.8989797]","[1.0, 2.5, 3.5]","[1.0, 2.4494898, 3.4641016]","[-3.5, -2.0, -1.5]","[1.0, 2.5]","[1.0, 2.4494898]","[-3.5, -2.0]","[3.0, 4.0]","[2.236068, 2.6457512]","[0.5, 1.5]","[3.0, 4.0]","[2.236068, 2.6457512]","[0.5, 1.5]",0,2,0,0,0.0,0.0,1
225,4,2,1,"[0.0, 0.5, 0.5, 1.0, 2.0, 2.0, 2.0, 3.0, 4.0, 7.5]","[0.0, 0.0, 0.0, 0.0, 0.0, 0.0, 1.7320508, 2.0, 3.0, 7.3484693]","[2.0, 2.5, 4.0, 4.5]","[0.0, 2.4494898, 2.6457512, 2.828427]","[-2.5, -2.0, -1.5, -1.5]","[2.5, 4.0]","[2.4494898, 2.6457512]","[-2.5, -2.0]","[4.5, 4.5]","[2.828427, 4.472136]","[0.0, 0.0]",[3.0],[2.236068],[1.5],1,0,1,0,1.0,0.0,1
602,2,1,1,"[0.0, 0.5, 0.5, 1.0, 1.5, 1.5, 2.0, 2.5, 4.0, 4.0]","[0.0, 0.0, 0.0, 0.0, 0.0, 0.0, 1.4142135, 1.7320508, 4.0, 4.0]","[2.0, 2.0]","[0.0, 1.7320508]","[-2.5, -1.5]",[2.0],[1.7320508],[-1.5],[3.5],[2.4494898],[3.5],[3.5],[2.4494898],[3.5],0,1,0,0,0.0,0.0,1
94685,5,2,1,"[0.0, 0.0, 0.5, 1.5, 2.0, 3.0, 4.0, 4.5, 5.0, 8.0]","[0.0, 0.0, 0.0, 1.4142135, 2.0, 2.828427, 3.4641016, 4.2426405, 4.582576, 8.0]","[1.0, 2.0, 2.0, 3.5, 6.0]","[0.0, 0.0, 0.0, 2.4494898, 6.0]","[-4.0, -3.0, -2.5, -2.0, -1.5]","[1.0, 2.0]","[0.0, 0.0]","[-4.0, -3.0]","[1.5, 4.0]","[0.0, 2.6457512]","[-3.0, -2.0]",[6.5],[6.3245554],[4.0],1,0,1,0,1.0,0.0,0
788,2,1,1,"[0.5, 1.0, 1.0, 1.5, 1.5, 1.5, 2.0, 2.0, 5.0, 6.5]","[0.0, 1.0, 1.0, 1.4142135, 1.4142135, 1.4142135, 2.0, 2.0, 4.0, 6.3245554]","[2.0, 3.5]","[0.0, 2.4494898]","[-2.5, -1.5]",[2.0],[0.0],[-2.5],[1.5],[0.0],[-2.0],[1.5],[0.0],[-2.0],0,1,0,0,0.0,0.0,1
88059,2,1,1,"[1.0, 1.5, 1.5, 2.0, 2.5, 2.5, 3.0, 3.0, 3.5, 6.0]","[0.0, 0.0, 0.0, 1.0, 1.7320508, 2.4494898, 2.4494898, 3.0, 3.0, 5.91608]","[2.0, 3.5]","[1.7320508, 2.4494898]","[-3.0, -2.5]",[2.0],[1.7320508],[-3.0],[4.0],[0.0],[0.0],[4.0],[0.0],[0.0],0,1,0,0,0.0,0.0,0
13322,5,2,1,"[0.0, 0.0, 0.5, 1.5, 1.5, 2.0, 2.5, 3.5, 4.5, 8.0]","[0.0, 0.0, 0.0, 0.0, 0.0, 1.4142135, 1.7320508, 2.0, 3.7416575, 7.937254]","[2.5, 2.5, 3.5, 3.5, 4.0]","[0.0, 0.0, 2.0, 2.4494898, 3.4641016]","[-4.5, -3.0, -1.5, -1.5, -1.0]","[2.5, 3.5]","[2.0, 3.4641016]","[-4.5, -3.0]","[2.0, 3.5]","[1.7320508, 2.4494898]","[-3.0, -1.0]",[6.0],[5.656854],[4.5],1,0,1,0,1.0,0.0,0
28984,3,2,1,"[0.0, 0.5, 0.5, 1.0, 1.5, 1.5, 2.0, 3.0, 3.5, 6.0]","[0.0, 0.0, 0.0, 0.0, 0.0, 0.0, 1.4142135, 1.4142135, 3.0, 5.91608]","[0.5, 2.5, 3.5]","[0.0, 0.0, 2.4494898]","[-3.5, -3.5, -1.5]","[0.5, 2.5]","[0.0, 0.0]","[-3.5, -1.5]","[4.0, 5.0]","[4.0, 4.8989797]","[-1.0, 2.5]",[5.5],[4.2426405],[4.0],1,0,1,0,1.0,0.0,0
14710,3,2,2,"[0.0, 0.5, 0.5, 2.0, 2.0, 2.5, 3.0, 3.5, 4.5, 5.5]","[0.0, 0.0, 0.0, 1.7320508, 2.0, 2.0, 2.828427, 3.4641016, 4.2426405, 5.2915025]","[1.0, 1.5, 2.0]","[0.0, 0.0, 1.7320508]","[-4.0, -2.0, -1.5]","[1.0, 1.5]","[0.0, 0.0]","[-4.0, -1.5]","[4.0, 5.5]","[0.0, 5.477226]","[2.5, 3.0]","[4.0, 5.5]","[0.0, 5.477226]","[2.5, 3.0]",0,2,0,0,0.0,0.0,0
28850,2,2,2,"[0.0, 1.0, 1.0, 1.5, 1.5, 1.5, 2.0, 4.5, 4.5, 6.0]","[0.0, 0.0, 0.0, 0.0, 1.0, 1.4142135, 1.7320508, 3.7416575, 4.2426405, 5.91608]","[2.5, 4.0]","[0.0, 3.4641016]","[-2.5, -1.5]","[2.5, 4.0]","[0.0, 3.4641016]","[-2.5, -1.5]","[4.0, 5.0]","[2.6457512, 3.0]","[0.0, 3.0]","[4.0, 5.0]","[2.6457512, 3.0]","[0.0, 3.0]",0,2,0,0,0.0,0.0,0
659,2,1,1,"[1.0, 1.5, 1.5, 1.5, 1.5, 2.0, 2.5, 3.0, 3.5, 7.0]","[0.0, 0.0, 1.4142135, 1.4142135, 1.4142135, 1.7320508, 2.0, 2.236068, 3.1622777, 6.928203]","[3.0, 3.5]","[0.0, 0.0]","[-3.5, -3.0]",[3.0],[0.0],[-3.5],[1.0],[0.0],[-2.5],[1.0],[0.0],[-2.5],0,1,0,0,0.0,0.0,1
34978,3,1,1,"[0.0, 0.0, 0.5, 0.5, 1.0, 2.0, 3.0, 5.0, 5.0, 6.0]","[0.0, 0.0, 0.0, 0.0, 0.0, 0.0, 3.0, 3.0, 4.582576, 6.0]","[1.5, 2.5, 2.5]","[0.0, 0.0, 2.0]","[-5.5, -4.5, -4.0]",[1.5],[0.0],[-4.5],[4.5],[3.7416575],[2.5],[4.5],[3.7416575],[2.5],0,1,0,0,0.0,0.0,0
822,2,1,1,"[0.0, 0.5, 0.5, 1.5, 2.0, 2.0, 3.0, 3.0, 3.5, 7.5]","[0.0, 0.0, 0.0, 1.4142135, 1.7320508, 2.0, 2.828427, 2.828427, 3.1622777, 7.483315]","[2.5, 4.0]","[2.0, 3.4641016]","[-2.0, -1.0]",[2.5],[2.0],[-2.0],[6.0],[5.196152],[-0.5],[6.0],[5.196152],[-0.5],0,1,0,0,0.0,0.0,1
30760,2,2,1,"[0.5, 1.5, 1.5, 1.5, 1.5, 2.0, 3.5, 3.5, 4.5, 5.5]","[0.0, 0.0, 0.0, 0.0, 1.4142135, 1.4142135, 1.7320508, 3.1622777, 4.2426405, 5.477226]","[2.5, 3.0]","[2.4494898, 3.0]","[-3.0, -1.5]","[2.5, 3.0]","[2.4494898, 3.0]","[-3.0, -1.5]","[4.0, 7.5]","[3.4641016, 7.3484693]","[0.0, 4.5]",[6.0],[5.91608],[4.5],1,0,1,0,1.0,0.0,0
37428,4,2,1,"[0.5, 0.5, 1.0, 1.0, 1.5, 1.5, 4.0, 5.5, 6.5, 7.5]","[0.0, 0.0, 0.0, 0.0, 0.0, 1.4142135, 4.0, 4.2426405, 6.3245554, 7.483315]","[1.5, 2.0, 2.0, 5.0]","[0.0, 0.0, 0.0, 4.8989797]","[-3.5, -3.0, -2.5, -2.5]","[1.5, 2.0]","[0.0, 0.0]","[-2.5, -2.5]","[2.5, 2.5]","[2.4494898, 2.4494898]","[-2.0, -1.5]",[9.0],[9.0],[8.0],1,0,1,0,1.0,0.0,0
71896,2,2,1,"[0.0, 0.5, 1.0, 1.5, 1.5, 2.0, 2.5, 3.5, 3.5, 5.0]","[0.0, 0.0, 0.0, 0.0, 0.0, 1.0, 2.4494898, 3.1622777, 3.4641016, 4.582576]","[0.5, 2.5]","[0.0, 2.4494898]","[-2.5, -1.5]","[0.5, 2.5]","[0.0, 2.4494898]","[-2.5, -1.5]","[1.5, 3.5]","[1.4142135, 3.1622777]","[-2.0, 2.0]",[7.5],[7.3484693],[7.5],1,0,1,0,1.0,0.0,0
74618,3,2,2,"[0.5, 0.5, 1.0, 1.5, 2.5, 3.0, 3.0, 3.5, 4.0, 4.5]","[0.0, 0.0, 0.0, 0.0, 2.4494898, 2.828427, 2.828427, 3.0, 3.4641016, 3.8729835]","[0.5, 2.5, 3.0]","[0.0, 2.4494898, 2.828427]","[-3.0, -1.0, -1.0]","[0.5, 3.0]","[0.0, 2.828427]","[-3.0, -1.0]","[4.5, 5.5]","[0.0, 5.477226]","[2.5, 3.0]","[4.5, 5.5]","[0.0, 5.477226]","[2.5, 3.0]",0,2,0,0,0.0,0.0,0
34758,3,2,2,"[0.0, 0.5, 1.0, 1.5, 2.0, 2.0, 2.5, 3.5, 5.5, 6.5]","[0.0, 0.0, 0.0, 0.0, 0.0, 1.7320508, 1.7320508, 2.4494898, 5.2915025, 6.4807405]","[2.0, 3.0, 3.5]","[2.0, 2.828427, 3.1622777]","[-4.0, -3.0, -2.0]","[2.0, 3.5]","[2.0, 3.1622777]","[-4.0, -3.0]","[5.0, 6.0]","[3.0, 5.91608]","[1.5, 4.0]","[5.0, 6.0]","[3.0, 5.91608]","[1.5, 4.0]",0,2,0,0,0.0,0.0,0
20662,1,1,1,"[0.0, 0.5, 1.0, 1.0, 1.5, 1.5, 2.0, 2.0, 2.0, 4.5]","[0.0, 0.0, 0.0, 0.0, 0.0, 0.0, 1.4142135, 1.7320508, 2.0, 3.7416575]",[2.0],[1.7320508],[-1.5],[2.0],[1.7320508],[-1.5],[8.5],[8.485281],[8.0],[8.5],[8.485281],[8.0],0,1,0,0,0.0,0.0,0
756,2,2,0,"[0.0, 0.0, 0.5, 1.0, 2.0, 2.0, 3.0, 3.5, 4.0, 7.5]","[0.0, 0.0, 0.0, 1.0, 2.0, 2.0, 2.4494898, 2.828427, 4.0, 7.483315]","[2.0, 3.0]","[0.0, 1.7320508]","[-3.5, -2.0]","[2.0, 3.0]","[0.0, 1.7320508]","[-3.5, -2.0]","[2.0, 3.0]","[0.0, 1.7320508]","[-3.5, -2.0]",[],[],[],2,0,0,1,0.0,2.0,1
28440,4,2,1,"[1.0, 1.0, 1.0, 1.5, 1.5, 1.5, 2.0, 3.0, 5.0, 7.0]","[0.0, 0.0, 0.0, 1.0, 1.4142135, 1.4142135, 1.7320508, 3.0, 4.8989797, 7.0]","[0.5, 1.5, 3.0, 3.0]","[0.0, 0.0, 0.0, 2.236068]","[-6.0, -3.5, -1.5, -1.5]","[0.5, 1.5]","[0.0, 0.0]","[-6.0, -3.5]","[1.0, 4.0]","[0.0, 3.4641016]","[-3.0, -1.5]",[7.5],[7.483315],[5.0],1,0,1,0,1.0,0.0,0
89061,2,1,1,"[0.5, 1.0, 1.0, 1.5, 1.5, 2.0, 2.5, 3.0, 3.0, 4.5]","[0.0, 0.0, 0.0, 0.0, 0.0, 0.0, 1.0, 2.828427, 2.828427, 4.472136]","[1.5, 2.0]","[1.4142135, 1.7320508]","[-2.5, -2.5]",[1.5],[1.4142135],[-2.5],[7.0],[6.928203],[5.0],[7.0],[6.928203],[5.0],0,1,0,0,0.0,0.0,0
952,3,1,1,"[0.0, 0.0, 0.0, 0.0, 1.0, 1.5, 2.5, 3.0, 5.5, 5.5]","[0.0, 0.0, 0.0, 0.0, 0.0, 1.4142135, 2.0, 2.236068, 4.8989797, 5.2915025]","[2.0, 2.5, 5.5]","[2.0, 2.0, 5.477226]","[-4.5, -2.0, -1.0]",[2.0],[2.0],[-4.5],[3.0],[2.828427],[1.0],[3.0],[2.828427],[1.0],0,1,0,0,0.0,0.0,1
501,1,1,1,"[0.0, 0.5, 1.0, 1.0, 2.0, 2.5, 2.5, 3.0, 4.0, 4.0]","[0.0, 0.0, 0.0, 1.0, 1.7320508, 2.4494898, 2.4494898, 2.828427, 3.4641016, 4.0]",[1.0],[0.0],[-2.5],[1.0],[0.0],[-2.5],[3.0],[3.0],[0.0],[3.0],[3.0],[0.0],0,1,0,0,0.0,0.0,1
71572,2,1,1,"[0.5, 0.5, 1.0, 1.5, 2.0, 3.0, 3.5, 4.5, 4.5, 5.0]","[0.0, 0.0, 0.0, 0.0, 0.0, 0.0, 1.0, 4.2426405, 4.472136, 4.8989797]","[0.5, 2.5]","[0.0, 2.4494898]","[-4.0, -1.5]",[0.5],[0.0],[-4.0],[8.5],[8.485281],[3.5],[8.5],[8.485281],[3.5],0,1,0,0,0.0,0.0,0
779,4,2,0,"[0.0, 0.0, 0.5, 0.5, 1.0, 1.5, 3.0, 4.0, 4.5, 7.5]","[0.0, 0.0, 0.0, 0.0, 1.0, 1.4142135, 3.0, 3.4641016, 4.472136, 7.483315]","[2.0, 3.0, 3.5, 4.0]","[0.0, 2.0, 3.0, 3.8729835]","[-4.5, -4.0, -1.5, -1.0]","[2.0, 4.0]","[2.0, 3.8729835]","[-4.5, -1.5]","[2.0, 4.0]","[2.0, 3.8729835]","[-4.5, -1.5]",[],[],[],2,0,0,1,0.0,2.0,1
35780,5,1,1,"[0.5, 1.0, 1.5, 1.5, 2.0, 2.0, 3.0, 3.5, 4.5, 5.0]","[0.0, 0.0, 1.0, 1.4142135, 1.7320508, 2.0, 2.828427, 3.0, 3.4641016, 4.472136]","[1.0, 1.0, 1.5, 3.5, 4.0]","[0.0, 0.0, 0.0, 1.0, 3.4641016]","[-5.5, -5.0, -3.5, -3.0, -2.0]",[1.0],[1.0],[-5.5],[6.5],[6.0],[3.5],[6.5],[6.0],[3.5],0,1,0,0,0.0,0.0,0
624,2,1,1,"[0.5, 0.5, 1.0, 1.0, 1.5, 2.0, 2.0, 3.0, 4.0, 7.5]","[0.0, 0.0, 0.0, 0.0, 0.0, 0.0, 0.0, 1.7320508, 1.7320508, 7.3484693]","[0.5, 2.5]","[0.0, 2.0]","[-8.0, -3.5]",[0.5],[0.0],[-8.0],[3.5],[3.4641016],[0.5],[3.5],[3.4641016],[0.5],0,1,0,0,0.0,0.0,1
80653,2,2,1,"[0.0, 0.0, 0.5, 1.0, 2.0, 2.5, 2.5, 3.5, 4.0, 8.0]","[0.0, 0.0, 0.0, 0.0, 1.7320508, 2.0, 2.4494898, 2.4494898, 3.4641016, 7.937254]","[2.0, 2.5]","[1.7320508, 2.0]","[-4.0, -2.0]","[2.0, 2.5]","[1.7320508, 2.0]","[-4.0, -2.0]","[2.0, 4.0]","[1.7320508, 2.6457512]","[-3.5, -2.5]",[9.0],[9.0],[5.0],1,0,1,0,1.0,0.0,0
850,2,1,1,"[0.5, 0.5, 1.0, 1.5, 1.5, 2.0, 3.5, 3.5, 4.0, 5.0]","[0.0, 0.0, 0.0, 0.0, 0.0, 0.0, 0.0, 1.4142135, 2.4494898, 3.0]","[3.5, 5.5]","[0.0, 5.477226]","[-2.5, -1.5]",[5.5],[5.477226],[-2.5],[4.0],[3.8729835],[3.5],[4.0],[3.8729835],[3.5],0,1,0,0,0.0,0.0,1
575,1,1,1,"[0.0, 0.5, 1.5, 1.5, 1.5, 2.0, 2.5, 3.5, 4.0, 5.0]","[0.0, 0.0, 0.0, 0.0, 0.0, 1.4142135, 2.0, 2.6457512, 3.1622777, 4.8989797]",[1.5],[1.4142135],[-1.5],[1.5],[1.4142135],[-1.5],[6.0],[5.91608],[2.0],[6.0],[5.91608],[2.0],0,1,0,0,0.0,0.0,1
58706,1,1,1,"[0.0, 0.5, 0.5, 1.0, 1.0, 2.0, 3.0, 3.0, 5.0, 5.5]","[0.0, 0.0, 0.0, 0.0, 0.0, 1.7320508, 2.236068, 2.236068, 4.8989797, 5.2915025]",[2.5],[2.4494898],[-4.0],[2.5],[2.4494898],[-4.0],[5.0],[3.0],[1.0],[5.0],[3.0],[1.0],0,1,0,0,0.0,0.0,0
30968,3,2,1,"[0.0, 0.5, 1.0, 1.5, 2.0, 2.0, 3.5, 4.0, 4.5, 6.0]","[0.0, 0.0, 0.0, 0.0, 1.4142135, 1.7320508, 3.1622777, 3.4641016, 4.472136, 5.656854]","[0.5, 2.0, 3.5]","[0.0, 2.0, 3.4641016]","[-5.0, -3.0, -2.0]","[0.5, 2.0]","[0.0, 2.0]","[-5.0, -2.0]","[2.5, 3.5]","[2.0, 3.4641016]","[-3.0, 0.0]",[7.0],[6.708204],[4.0],1,0,1,0,1.0,0.0,0
54751,2,2,1,"[0.5, 1.0, 1.0, 1.5, 2.0, 2.0, 3.0, 3.5, 4.5, 7.0]","[0.0, 0.0, 0.0, 0.0, 0.0, 0.0, 1.0, 1.7320508, 3.4641016, 6.708204]","[2.5, 4.5]","[2.4494898, 4.2426405]","[-2.0, -2.0]","[2.5, 4.5]","[2.4494898, 4.2426405]","[-2.0, -2.0]","[2.5, 2.5]","[0.0, 2.0]","[-2.0, -1.5]",[7.0],[6.928203],[5.5],1,0,1,0,1.0,0.0,0
72297,2,2,2,"[0.0, 1.0, 1.0, 1.5, 1.5, 1.5, 2.0, 3.5, 4.5, 6.0]","[0.0, 0.0, 0.0, 0.0, 0.0, 0.0, 0.0, 2.828427, 3.1622777, 5.91608]","[1.0, 4.5]","[0.0, 4.472136]","[-3.5, -3.0]","[1.0, 4.5]","[0.0, 4.472136]","[-3.5, -3.0]","[7.0, 8.0]","[6.928203, 7.937254]","[5.0, 6.0]","[7.0, 8.0]","[6.928203, 7.937254]","[5.0, 6.0]",0,2,0,0,0.0,0.0,0
24356,4,2,1,"[0.0, 1.0, 1.5, 2.0, 2.0, 2.0, 3.0, 3.5, 3.5, 6.0]","[0.0, 0.0, 0.0, 0.0, 0.0, 1.0, 2.236068, 3.4641016, 3.4641016, 5.656854]","[2.0, 3.0, 3.5, 4.5]","[1.7320508, 3.0, 3.1622777, 3.7416575]","[-3.5, -2.5, -2.0, -1.5]","[2.0, 3.0]","[1.7320508, 3.0]","[-3.5, -2.0]","[5.0, 6.5]","[4.8989797, 6.0]","[1.0, 2.5]",[7.0],[6.928203],[5.0],1,0,1,0,1.0,0.0,0
28206,2,2,1,"[0.0, 0.5, 0.5, 0.5, 0.5, 1.0, 1.5, 4.5, 6.5, 7.0]","[0.0, 0.0, 0.0, 0.0, 0.0, 1.0, 1.4142135, 4.2426405, 6.4807405, 7.0]","[1.5, 3.0]","[0.0, 0.0]","[-2.0, -2.0]","[1.5, 3.0]","[0.0, 0.0]","[-2.0, -2.0]","[3.0, 5.5]","[2.236068, 4.8989797]","[-0.5, -0.5]",[8.5],[8.485281],[5.5],1,0,1,0,1.0,0.0,0
65206,2,2,1,"[0.5, 0.5, 1.0, 1.0, 1.5, 3.0, 4.0, 4.5, 4.5, 6.5]","[0.0, 0.0, 0.0, 0.0, 1.4142135, 2.828427, 2.828427, 3.4641016, 4.2426405, 6.0]","[1.5, 6.5]","[1.4142135, 6.4807405]","[-2.0, -1.5]","[1.5, 6.5]","[1.4142135, 6.4807405]","[-2.0, -1.5]","[5.0, 5.5]","[4.8989797, 5.0]","[-1.0, 2.5]",[5.0],[4.0],[2.5],1,0,1,0,1.0,0.0,0
709,1,1,1,"[0.5, 0.5, 0.5, 1.0, 1.0, 2.5, 3.0, 3.5, 3.5, 5.5]","[0.0, 0.0, 0.0, 1.0, 1.0, 2.0, 2.4494898, 2.4494898, 2.828427, 5.477226]",[3.0],[3.0],[-2.0],[3.0],[3.0],[-2.0],[7.0],[6.928203],[3.5],[7.0],[6.928203],[3.5],0,1,0,0,0.0,0.0,1
193,3,2,1,"[0.0, 0.5, 1.0, 1.0, 1.0, 1.5, 3.5, 4.0, 4.0, 6.0]","[0.0, 0.0, 0.0, 0.0, 1.0, 1.0, 1.4142135, 2.6457512, 3.4641016, 5.656854]","[1.5, 4.0, 4.0]","[0.0, 2.6457512, 3.4641016]","[-3.5, -1.0, -1.0]","[1.5, 4.0]","[0.0, 3.4641016]","[-3.5, -1.0]","[3.0, 7.0]","[3.0, 6.928203]","[-1.0, 5.0]",[2.0],[2.0],[2.0],1,0,1,0,1.0,0.0,1
437,4,2,0,"[0.5, 1.5, 1.5, 1.5, 1.5, 2.0, 3.0, 3.5, 4.5, 8.5]","[0.0, 0.0, 0.0, 0.0, 0.0, 0.0, 1.7320508, 3.1622777, 3.7416575, 8.485281]","[1.0, 2.5, 2.5, 4.5]","[0.0, 0.0, 2.4494898, 4.2426405]","[-5.5, -4.0, -3.5, -2.5]","[1.0, 2.5]","[0.0, 2.4494898]","[-5.5, -4.0]","[1.0, 2.5]","[0.0, 2.4494898]","[-5.5, -4.0]",[],[],[],2,0,0,1,0.0,2.0,1
592,3,3,1,"[0.0, 0.5, 0.5, 1.0, 1.5, 2.5, 3.0, 4.5, 5.0, 7.5]","[0.0, 0.0, 0.0, 0.0, 0.0, 0.0, 2.828427, 3.0, 4.582576, 7.3484693]","[2.5, 3.0, 5.5]","[0.0, 0.0, 5.477226]","[-3.0, -2.0, -2.0]","[2.5, 3.0, 5.5]","[0.0, 0.0, 5.477226]","[-3.0, -2.0, -2.0]","[5.5, 7.0, 8.5]","[5.2915025, 6.708204, 8.485281]","[-1.0, 2.0, 5.5]",[3.0],[2.828427],[1.0],2,0,1,0,2.0,0.0,1
593,2,2,1,"[0.0, 2.0, 2.0, 2.0, 2.5, 2.5, 3.0, 3.0, 3.5, 5.0]","[0.0, 0.0, 0.0, 0.0, 2.0, 2.0, 2.4494898, 3.0, 3.1622777, 4.0]","[1.0, 1.0]","[0.0, 1.0]","[-5.5, -1.0]","[1.0, 1.0]","[0.0, 1.0]","[-5.5, -1.0]","[4.5, 6.0]","[0.0, 5.196152]","[2.5, 2.5]",[2.0],[0.0],[0.0],1,0,1,0,1.0,0.0,1
383,1,1,1,"[0.0, 0.5, 1.0, 1.5, 2.5, 2.5, 2.5, 3.5, 4.0, 6.0]","[0.0, 0.0, 0.0, 0.0, 1.4142135, 2.0, 2.0, 2.4494898, 2.6457512, 5.91608]",[1.5],[0.0],[-2.0],[1.5],[0.0],[-2.0],[1.0],[0.0],[-3.0],[1.0],[0.0],[-3.0],0,1,0,0,0.0,0.0,1
79775,3,1,1,"[0.0, 1.0, 1.5, 2.5, 3.0, 3.5, 4.0, 4.0, 4.0, 4.0]","[0.0, 0.0, 1.0, 2.0, 2.236068, 2.4494898, 3.4641016, 3.4641016, 4.0, 4.0]","[0.5, 1.5, 3.0]","[0.0, 0.0, 2.828427]","[-4.5, -4.5, -3.0]",[0.5],[0.0],[-4.5],[3.0],[0.0],[2.0],[3.0],[0.0],[2.0],0,1,0,0,0.0,0.0,0
365,1,1,1,"[0.5, 0.5, 0.5, 1.5, 2.0, 2.5, 3.0, 3.0, 5.0, 5.5]","[0.0, 0.0, 0.0, 0.0, 0.0, 0.0, 0.0, 2.236068, 4.8989797, 5.477226]",[2.5],[2.4494898],[-1.0],[2.5],[2.4494898],[-1.0],[2.0],[1.7320508],[-1.0],[2.0],[1.7320508],[-1.0],0,1,0,0,0.0,0.0,1
90615,4,2,1,"[0.5, 0.5, 1.0, 1.0, 1.5, 1.5, 2.5, 3.0, 3.0, 8.5]","[0.0, 0.0, 0.0, 0.0, 1.0, 1.0, 2.0, 2.236068, 2.236068, 8.485281]","[2.0, 2.5, 3.5, 5.5]","[0.0, 0.0, 0.0, 4.8989797]","[-4.5, -3.0, -2.0, -1.5]","[2.0, 3.5]","[0.0, 0.0]","[-4.5, -3.0]","[2.5, 6.5]","[2.0, 6.3245554]","[-2.0, 1.5]",[5.5],[4.2426405],[4.5],1,0,1,0,1.0,0.0,0
289,2,1,1,"[0.5, 0.5, 1.0, 1.0, 1.5, 2.5, 3.0, 4.0, 5.0, 5.5]","[0.0, 0.0, 0.0, 0.0, 1.0, 1.4142135, 2.828427, 4.0, 4.8989797, 4.8989797]","[2.5, 3.5]","[2.4494898, 2.4494898]","[-3.5, -3.5]",[2.5],[2.4494898],[-3.5],[3.5],[2.4494898],[0.0],[3.5],[2.4494898],[0.0],0,1,0,0,0.0,0.0,1
62113,1,1,1,"[0.5, 0.5, 1.0, 1.0, 1.5, 2.0, 2.5, 4.5, 5.0, 7.0]","[0.0, 0.0, 0.0, 0.0, 1.0, 1.0, 2.4494898, 4.472136, 4.8989797, 6.708204]",[2.5],[2.0],[-3.0],[2.5],[2.0],[-3.0],[7.0],[7.0],[3.0],[7.0],[7.0],[3.0],0,1,0,0,0.0,0.0,0
291,2,2,1,"[0.5, 1.0, 1.5, 2.0, 2.5, 3.0, 3.0, 3.5, 5.0, 8.0]","[0.0, 0.0, 0.0, 0.0, 1.4142135, 2.0, 2.236068, 3.4641016, 4.8989797, 7.937254]","[3.5, 6.0]","[2.4494898, 5.656854]","[-2.5, -1.5]","[3.5, 6.0]","[2.4494898, 5.656854]","[-2.5, -1.5]","[3.0, 7.0]","[2.236068, 6.708204]","[-2.5, 2.0]",[4.0],[2.6457512],[1.5],1,0,1,0,1.0,0.0,1
1010,6,3,0,"[0.0, 1.0, 1.5, 1.5, 2.0, 3.5, 4.0, 4.5, 6.5, 7.5]","[0.0, 0.0, 0.0, 0.0, 1.4142135, 2.6457512, 2.828427, 3.4641016, 6.3245554, 7.483315]","[0.5, 1.0, 2.0, 2.5, 4.0, 5.5]","[0.0, 0.0, 0.0, 0.0, 3.4641016, 5.2915025]","[-6.0, -3.5, -3.5, -2.5, -2.5, -2.5]","[0.5, 1.0, 5.5]","[0.0, 0.0, 5.2915025]","[-6.0, -2.5, -2.5]","[3.5, 4.5, 7.5]","[0.0, 3.1622777, 7.483315]","[-1.5, -1.0, 0.0]",[],[],[],3,0,0,1,0.0,3.0,1
926,4,2,1,"[0.5, 1.0, 1.0, 1.0, 1.5, 2.0, 2.0, 2.0, 2.0, 5.0]","[0.0, 0.0, 0.0, 0.0, 0.0, 1.0, 1.4142135, 1.7320508, 1.7320508, 4.582576]","[1.0, 1.0, 3.0, 3.0]","[0.0, 0.0, 1.0, 2.828427]","[-3.0, -2.5, -2.0, -1.0]","[1.0, 1.0]","[0.0, 1.0]","[-3.0, -2.5]","[1.0, 2.5]","[0.0, 0.0]","[-2.5, 0.0]",[4.0],[2.6457512],[3.0],1,0,1,0,1.0,0.0,1
907,2,1,1,"[0.0, 0.0, 0.0, 0.5, 1.0, 2.5, 3.0, 4.0, 4.5, 5.0]","[0.0, 0.0, 0.0, 0.0, 0.0, 1.0, 2.0, 3.0, 3.4641016, 4.582576]","[3.5, 4.0]","[0.0, 2.4494898]","[-4.0, -3.0]",[3.5],[2.4494898],[-3.0],[4.0],[3.4641016],[3.5],[4.0],[3.4641016],[3.5],0,1,0,0,0.0,0.0,1
65028,3,2,1,"[0.0, 0.0, 0.5, 1.0, 1.0, 2.0, 2.5, 3.5, 3.5, 8.5]","[0.0, 0.0, 0.0, 0.0, 0.0, 0.0, 0.0, 2.0, 2.4494898, 8.485281]","[1.5, 3.0, 3.5]","[0.0, 0.0, 2.828427]","[-4.0, -3.5, -3.5]","[1.5, 3.0]","[0.0, 2.828427]","[-3.5, -3.5]","[3.0, 3.0]","[0.0, 0.0]","[-1.5, -1.0]",[7.0],[6.708204],[7.0],1,0,1,0,1.0,0.0,0
535,2,1,1,"[0.0, 0.0, 0.0, 0.5, 1.0, 1.5, 3.0, 3.0, 4.0, 6.5]","[0.0, 0.0, 0.0, 0.0, 0.0, 0.0, 2.236068, 2.236068, 2.6457512, 6.4807405]","[2.0, 3.5]","[0.0, 3.1622777]","[-3.5, -3.0]",[3.5],[3.1622777],[-3.0],[3.0],[2.828427],[-1.0],[3.0],[2.828427],[-1.0],0,1,0,0,0.0,0.0,1
550,3,2,1,"[0.0, 0.0, 0.5, 0.5, 0.5, 1.5, 1.5, 4.0, 4.0, 6.0]","[0.0, 0.0, 0.0, 0.0, 0.0, 0.0, 0.0, 3.8729835, 3.8729835, 6.0]","[2.0, 2.5, 3.0]","[2.0, 2.0, 2.828427]","[-2.5, -1.5, -1.5]","[2.0, 2.5]","[2.0, 2.0]","[-2.5, -1.5]","[4.5, 9.0]","[0.0, 9.0]","[-1.0, 7.5]",[1.5],[1.4142135],[-1.5],1,0,1,0,1.0,0.0,1
334,3,2,0,"[0.0, 0.5, 1.0, 1.0, 1.5, 1.5, 2.5, 3.0, 6.0, 6.5]","[0.0, 0.0, 0.0, 0.0, 0.0, 0.0, 1.0, 2.0, 5.656854, 6.3245554]","[3.5, 4.0, 5.0]","[0.0, 4.0, 4.582576]","[-3.5, -2.5, -1.0]","[4.0, 5.0]","[4.0, 4.582576]","[-2.5, -1.0]","[4.0, 5.0]","[4.0, 4.582576]","[-2.5, -1.0]",[],[],[],2,0,0,1,0.0,2.0,1
287,1,1,1,"[0.0, 0.0, 0.5, 0.5, 0.5, 1.5, 2.0, 2.5, 3.0, 7.5]","[0.0, 0.0, 0.0, 0.0, 0.0, 0.0, 0.0, 2.0, 2.828427, 7.483315]",[2.0],[0.0],[-2.5],[2.0],[0.0],[-2.5],[4.5],[4.2426405],[-0.5],[4.5],[4.2426405],[-0.5],0,1,0,0,0.0,0.0,1
191,2,1,1,"[0.0, 1.0, 1.5, 1.5, 1.5, 2.0, 3.0, 3.0, 3.5, 5.5]","[0.0, 0.0, 0.0, 0.0, 0.0, 1.4142135, 1.7320508, 2.236068, 3.4641016, 5.477226]","[1.5, 2.5]","[0.0, 2.0]","[-3.0, -1.5]",[1.5],[0.0],[-3.0],[2.5],[2.4494898],[-0.5],[2.5],[2.4494898],[-0.5],0,1,0,0,0.0,0.0,1
847,1,1,1,"[0.0, 0.5, 0.5, 1.0, 1.0, 1.5, 3.0, 3.0, 5.0, 5.5]","[0.0, 0.0, 0.0, 0.0, 0.0, 0.0, 0.0, 2.236068, 4.8989797, 5.0]",[2.0],[1.7320508],[-3.0],[2.0],[1.7320508],[-3.0],[1.5],[1.4142135],[-1.5],[1.5],[1.4142135],[-1.5],0,1,0,0,0.0,0.0,1
71038,6,2,1,"[0.5, 1.0, 1.0, 1.0, 1.0, 2.0, 2.5, 4.0, 5.0, 8.0]","[0.0, 0.0, 1.0, 1.0, 1.0, 1.7320508, 2.4494898, 3.4641016, 4.8989797, 8.0]","[1.5, 2.0, 3.0, 3.5, 5.0, 5.0]","[0.0, 0.0, 1.7320508, 3.1622777, 4.582576, 4.582576]","[-3.0, -3.0, -2.0, -2.0, -1.5, -1.0]","[1.5, 2.0]","[0.0, 1.7320508]","[-3.0, -3.0]","[2.0, 2.5]","[2.0, 2.0]","[-3.0, -2.0]",[7.5],[7.483315],[6.0],1,0,1,0,1.0,0.0,0
812,3,2,2,"[0.0, 0.0, 0.0, 0.5, 0.5, 1.0, 1.0, 3.5, 3.5, 5.5]","[0.0, 0.0, 0.0, 0.0, 0.0, 0.0, 1.0, 2.4494898, 3.1622777, 4.2426405]","[1.5, 2.0, 3.0]","[0.0, 0.0, 2.236068]","[-3.5, -1.5, -1.0]","[1.5, 3.0]","[0.0, 2.236068]","[-1.5, -1.0]","[3.0, 7.0]","[2.236068, 6.928203]","[2.0, 2.0]","[3.0, 7.0]","[2.236068, 6.928203]","[2.0, 2.0]",0,2,0,0,0.0,0.0,1
52318,2,2,1,"[0.5, 0.5, 0.5, 1.0, 1.0, 2.0, 2.0, 3.0, 5.5, 5.5]","[0.0, 0.0, 0.0, 0.0, 0.0, 0.0, 1.0, 3.0, 5.2915025, 5.477226]","[1.5, 2.5]","[0.0, 2.4494898]","[-3.0, -1.0]","[1.5, 2.5]","[0.0, 2.4494898]","[-3.0, -1.0]","[2.0, 8.0]","[1.7320508, 7.937254]","[0.0, 4.5]",[6.5],[6.3245554],[6.5],1,0,1,0,1.0,0.0,0
84794,2,1,1,"[0.5, 1.0, 1.5, 1.5, 2.0, 2.0, 2.5, 3.0, 3.0, 4.5]","[0.0, 0.0, 0.0, 0.0, 0.0, 0.0, 0.0, 2.0, 2.236068, 2.4494898]","[2.0, 4.5]","[0.0, 4.472136]","[-4.0, -2.5]",[2.0],[0.0],[-4.0],[8.5],[8.485281],[8.5],[8.5],[8.485281],[8.5],0,1,0,0,0.0,0.0,0
9214,2,2,1,"[0.0, 0.5, 1.0, 1.5, 2.0, 2.5, 2.5, 3.0, 5.5, 6.0]","[0.0, 0.0, 0.0, 0.0, 0.0, 0.0, 0.0, 0.0, 5.2915025, 6.0]","[2.0, 2.5]","[0.0, 0.0]","[-3.5, -2.5]","[2.0, 2.5]","[0.0, 0.0]","[-3.5, -2.5]","[4.5, 5.5]","[4.472136, 4.8989797]","[1.5, 2.5]",[4.0],[2.6457512],[4.0],1,0,1,0,1.0,0.0,0
748,4,2,1,"[0.0, 0.0, 1.0, 1.0, 2.0, 2.5, 2.5, 5.5, 6.0, 7.5]","[0.0, 0.0, 0.0, 0.0, 0.0, 0.0, 1.7320508, 5.477226, 5.91608, 7.483315]","[2.5, 3.0, 3.0, 3.5]","[2.0, 2.828427, 2.828427, 3.1622777]","[-4.0, -3.0, -2.0, -1.0]","[2.5, 3.0]","[2.0, 2.828427]","[-4.0, -1.0]","[3.0, 4.0]","[0.0, 3.8729835]","[-3.5, 0.5]",[3.0],[2.236068],[-1.0],1,0,1,0,1.0,0.0,1
39012,4,2,2,"[0.5, 0.5, 0.5, 0.5, 1.5, 2.5, 3.5, 4.5, 6.0, 7.5]","[0.0, 0.0, 0.0, 0.0, 0.0, 0.0, 1.4142135, 2.4494898, 6.0, 7.3484693]","[1.5, 3.0, 3.0, 3.5]","[0.0, 1.4142135, 2.236068, 2.4494898]","[-4.5, -3.0, -3.0, -2.0]","[3.0, 3.5]","[0.0, 2.4494898]","[-3.0, -2.0]","[4.0, 5.0]","[4.0, 4.582576]","[1.0, 2.0]","[4.0, 5.0]","[4.0, 4.582576]","[1.0, 2.0]",0,2,0,0,0.0,0.0,0
43371,7,2,2,"[1.0, 1.0, 1.0, 2.5, 2.5, 3.0, 3.5, 3.5, 4.5, 8.5]","[0.0, 0.0, 0.0, 0.0, 1.0, 2.0, 2.4494898, 3.4641016, 4.472136, 8.485281]","[1.5, 2.0, 2.5, 3.0, 3.0, 3.5, 4.0]","[0.0, 0.0, 0.0, 0.0, 1.4142135, 2.0, 3.8729835]","[-5.0, -4.0, -3.5, -3.5, -2.5, -2.0, -2.0]","[1.5, 2.5]","[1.4142135, 2.0]","[-5.0, -2.0]","[4.0, 5.5]","[2.6457512, 5.2915025]","[-1.0, 4.0]","[4.0, 5.5]","[2.6457512, 5.2915025]","[-1.0, 4.0]",0,2,0,0,0.0,0.0,0
42,1,1,1,"[0.0, 0.0, 0.0, 1.5, 1.5, 2.0, 2.5, 4.0, 5.0, 6.0]","[0.0, 0.0, 0.0, 0.0, 0.0, 1.4142135, 2.0, 3.8729835, 4.8989797, 5.196152]",[2.0],[2.0],[-4.5],[2.0],[2.0],[-4.5],[6.5],[6.0],[2.0],[6.5],[6.0],[2.0],0,1,0,0,0.0,0.0,1
23381,1,1,1,"[0.0, 0.5, 1.0, 1.0, 1.5, 2.5, 2.5, 3.0, 3.5, 4.0]","[0.0, 0.0, 0.0, 0.0, 1.0, 1.4142135, 2.0, 2.4494898, 2.4494898, 2.6457512]",[3.5],[3.1622777],[-3.0],[3.5],[3.1622777],[-3.0],[3.5],[3.1622777],[2.5],[3.5],[3.1622777],[2.5],0,1,0,0,0.0,0.0,0
136,1,1,1,"[0.5, 0.5, 0.5, 1.0, 2.0, 2.0, 2.5, 3.0, 4.0, 7.5]","[0.0, 0.0, 0.0, 0.0, 1.7320508, 2.0, 2.4494898, 3.0, 3.8729835, 7.483315]",[2.5],[2.0],[-3.0],[2.5],[2.0],[-3.0],[3.5],[3.4641016],[-1.0],[3.5],[3.4641016],[-1.0],0,1,0,0,0.0,0.0,1
98,2,1,1,"[0.5, 0.5, 0.5, 2.0, 2.5, 3.0, 3.0, 3.5, 4.5, 4.5]","[0.0, 0.0, 0.0, 0.0, 2.4494898, 2.828427, 2.828427, 2.828427, 3.4641016, 4.472136]","[3.5, 3.5]","[2.4494898, 3.1622777]","[-2.5, -2.5]",[3.5],[3.1622777],[-2.5],[4.5],[2.828427],[3.0],[4.5],[2.828427],[3.0],0,1,0,0,0.0,0.0,1
186,1,1,1,"[0.0, 0.5, 0.5, 1.5, 1.5, 1.5, 2.0, 3.0, 3.5, 6.5]","[0.0, 0.0, 0.0, 1.4142135, 1.4142135, 1.4142135, 1.7320508, 2.236068, 2.4494898, 6.0]",[2.5],[2.0],[-3.5],[2.5],[2.0],[-3.5],[5.0],[4.8989797],[2.5],[5.0],[4.8989797],[2.5],0,1,0,0,0.0,0.0,1
99993,3,2,1,"[0.0, 0.5, 0.5, 1.0, 1.5, 2.0, 2.5, 4.0, 4.0, 5.5]","[0.0, 0.0, 0.0, 0.0, 1.0, 1.4142135, 1.7320508, 3.8729835, 4.0, 5.2915025]","[1.5, 1.5, 3.0]","[0.0, 1.4142135, 2.828427]","[-3.0, -2.5, -1.0]","[1.5, 3.0]","[1.4142135, 2.828427]","[-3.0, -2.5]","[2.5, 4.5]","[0.0, 2.828427]","[-1.5, -0.5]",[6.0],[6.0],[2.5],1,0,1,0,1.0,0.0,0
477,9,3,2,"[0.5, 1.5, 2.0, 2.0, 2.0, 3.5, 4.5, 4.5, 5.5, 5.5]","[0.0, 0.0, 0.0, 2.0, 2.0, 2.4494898, 2.828427, 4.472136, 4.8989797, 5.477226]","[1.0, 1.5, 1.5, 2.0, 2.5, 2.5, 3.0, 3.0, 3.5]","[0.0, 0.0, 0.0, 0.0, 1.7320508, 2.0, 2.4494898, 2.828427, 3.0]","[-5.5, -5.0, -4.5, -4.0, -3.5, -2.5, -2.5, -2.0, -1.5]","[1.0, 1.5, 2.5]","[0.0, 0.0, 2.4494898]","[-5.5, -4.5, -2.5]","[3.5, 4.0, 5.0]","[3.0, 3.4641016, 3.4641016]","[-1.5, 0.0, 2.5]","[1.5, 3.5]","[0.0, 3.4641016]","[-3.5, 2.5]",1,1,1,0,1.0,0.0,1
80893,3,2,2,"[0.0, 0.0, 1.0, 1.0, 1.0, 2.0, 3.5, 4.0, 6.0, 7.5]","[0.0, 0.0, 0.0, 0.0, 0.0, 1.0, 3.1622777, 3.8729835, 5.656854, 7.3484693]","[2.0, 3.5, 4.5]","[1.7320508, 3.1622777, 4.2426405]","[-3.5, -2.5, -2.0]","[2.0, 3.5]","[1.7320508, 3.1622777]","[-3.5, -2.5]","[3.0, 4.0]","[2.828427, 3.4641016]","[-1.5, 1.0]","[3.0, 4.0]","[2.828427, 3.4641016]","[-1.5, 1.0]",0,2,0,0,0.0,0.0,0
71,2,1,1,"[0.5, 0.5, 1.0, 1.5, 2.0, 2.0, 3.0, 3.0, 4.0, 4.0]","[0.0, 0.0, 0.0, 0.0, 1.0, 1.4142135, 2.0, 2.828427, 3.4641016, 3.8729835]","[0.5, 2.5]","[0.0, 2.4494898]","[-2.5, -1.0]",[0.5],[0.0],[-2.5],[2.0],[1.7320508],[0.0],[2.0],[1.7320508],[0.0],0,1,0,0,0.0,0.0,1
88969,2,2,1,"[0.5, 0.5, 1.0, 1.0, 2.0, 2.0, 2.5, 3.0, 4.0, 5.5]","[0.0, 0.0, 0.0, 0.0, 0.0, 1.7320508, 2.0, 2.236068, 3.4641016, 4.8989797]","[1.5, 3.0]","[0.0, 1.4142135]","[-4.0, -1.0]","[1.5, 3.0]","[0.0, 1.4142135]","[-4.0, -1.0]","[1.5, 6.0]","[0.0, 5.91608]","[-1.0, 2.0]",[3.5],[2.4494898],[2.5],1,0,1,0,1.0,0.0,0
320,1,1,1,"[0.0, 0.5, 1.0, 1.0, 1.5, 2.0, 2.5, 3.5, 4.5, 5.5]","[0.0, 0.0, 0.0, 0.0, 0.0, 0.0, 2.0, 3.4641016, 4.2426405, 5.2915025]",[2.0],[1.7320508],[-3.0],[2.0],[1.7320508],[-3.0],[5.0],[5.0],[0.0],[5.0],[5.0],[0.0],0,1,0,0,0.0,0.0,1
31061,5,2,1,"[0.0, 0.5, 1.0, 1.0, 1.5, 2.0, 2.5, 3.5, 5.0, 6.5]","[0.0, 0.0, 0.0, 0.0, 1.0, 1.7320508, 2.4494898, 3.0, 3.1622777, 6.3245554]","[2.0, 2.0, 2.5, 3.5, 4.0]","[0.0, 1.7320508, 2.0, 2.4494898, 2.6457512]","[-3.0, -2.5, -2.5, -2.0, -1.0]","[2.0, 2.5]","[1.7320508, 2.0]","[-3.0, -1.0]","[2.0, 3.0]","[0.0, 2.828427]","[-2.0, -1.0]",[5.0],[5.0],[3.5],1,0,1,0,1.0,0.0,0
442,1,1,1,"[0.5, 1.0, 1.0, 1.0, 1.5, 2.0, 2.5, 2.5, 3.0, 6.5]","[0.0, 0.0, 0.0, 0.0, 0.0, 1.0, 2.0, 2.0, 2.828427, 6.0]",[2.5],[0.0],[-4.0],[2.5],[0.0],[-4.0],[4.0],[3.8729835],[1.0],[4.0],[3.8729835],[1.0],0,1,0,0,0.0,0.0,1
17657,1,1,1,"[0.0, 0.5, 0.5, 0.5, 1.0, 1.5, 2.0, 3.0, 3.5, 5.0]","[0.0, 0.0, 0.0, 0.0, 0.0, 0.0, 1.0, 2.236068, 3.1622777, 4.8989797]",[3.0],[2.828427],[-2.0],[3.0],[2.828427],[-2.0],[8.5],[8.485281],[7.0],[8.5],[8.485281],[7.0],0,1,0,0,0.0,0.0,0
906,1,1,1,"[0.5, 1.0, 1.0, 1.0, 1.5, 1.5, 3.0, 3.5, 4.0, 7.0]","[0.0, 0.0, 0.0, 1.0, 1.0, 1.4142135, 2.828427, 3.1622777, 4.0, 7.0]",[3.0],[0.0],[-1.0],[3.0],[0.0],[-1.0],[3.0],[2.828427],[-1.0],[3.0],[2.828427],[-1.0],0,1,0,0,0.0,0.0,1
311,1,1,1,"[0.0, 0.5, 1.0, 1.5, 1.5, 1.5, 2.0, 2.5, 3.0, 5.5]","[0.0, 0.0, 0.0, 0.0, 1.0, 1.4142135, 1.4142135, 1.7320508, 2.828427, 4.8989797]",[4.5],[4.2426405],[-2.0],[4.5],[4.2426405],[-2.0],[3.5],[3.1622777],[2.0],[3.5],[3.1622777],[2.0],0,1,0,0,0.0,0.0,1
220,5,2,1,"[1.0, 1.5, 1.5, 1.5, 1.5, 2.0, 2.0, 5.5, 6.5, 6.5]","[0.0, 0.0, 0.0, 0.0, 1.4142135, 1.4142135, 1.4142135, 4.2426405, 6.3245554, 6.4807405]","[2.0, 2.0, 2.5, 3.0, 5.0]","[1.7320508, 2.0, 2.0, 2.236068, 4.582576]","[-5.5, -2.0, -2.0, -1.5, -1.5]","[2.0, 3.0]","[2.0, 2.236068]","[-5.5, -2.0]","[4.0, 7.0]","[3.8729835, 6.708204]","[-0.5, 0.0]",[3.5],[0.0],[-2.5],1,0,1,0,1.0,0.0,1
720,1,1,1,"[0.0, 0.5, 0.5, 0.5, 1.0, 2.0, 3.0, 3.5, 4.5, 5.5]","[0.0, 0.0, 0.0, 0.0, 0.0, 0.0, 2.236068, 2.4494898, 4.2426405, 4.2426405]",[4.0],[0.0],[-1.0],[4.0],[0.0],[-1.0],[2.0],[1.7320508],[-1.5],[2.0],[1.7320508],[-1.5],0,1,0,0,0.0,0.0,1
155,1,1,1,"[0.0, 0.5, 0.5, 1.0, 1.5, 1.5, 1.5, 2.5, 3.0, 3.5]","[0.0, 0.0, 0.0, 0.0, 0.0, 0.0, 0.0, 1.0, 2.828427, 3.1622777]",[1.5],[0.0],[-1.5],[1.5],[0.0],[-1.5],[4.5],[0.0],[1.0],[4.5],[0.0],[1.0],0,1,0,0,0.0,0.0,1
21014,3,2,1,"[0.5, 1.0, 1.0, 1.5, 1.5, 1.5, 2.0, 3.0, 3.0, 5.0]","[0.0, 0.0, 0.0, 0.0, 0.0, 1.4142135, 1.7320508, 2.828427, 2.828427, 3.0]","[1.5, 2.0, 2.0]","[0.0, 1.7320508, 2.0]","[-2.0, -1.5, -1.0]","[2.0, 2.0]","[1.7320508, 2.0]","[-1.5, -1.0]","[1.5, 3.5]","[0.0, 3.1622777]","[-1.5, 2.5]",[4.5],[4.472136],[3.5],1,0,1,0,1.0,0.0,0
53294,1,1,1,"[0.0, 0.5, 1.5, 2.0, 2.0, 2.0, 2.5, 2.5, 2.5, 5.5]","[0.0, 0.0, 0.0, 0.0, 0.0, 1.7320508, 2.0, 2.0, 2.0, 4.8989797]",[3.0],[0.0],[-1.5],[3.0],[0.0],[-1.5],[6.0],[5.91608],[2.5],[6.0],[5.91608],[2.5],0,1,0,0,0.0,0.0,0
29687,2,2,1,"[0.0, 0.5, 1.0, 1.5, 1.5, 1.5, 2.0, 2.5, 3.5, 4.0]","[0.0, 0.0, 0.0, 0.0, 0.0, 0.0, 0.0, 2.0, 3.4641016, 3.8729835]","[1.5, 2.5]","[1.4142135, 2.0]","[-1.5, -1.5]","[1.5, 2.5]","[1.4142135, 2.0]","[-1.5, -1.5]","[2.0, 2.5]","[0.0, 1.7320508]","[-1.0, -0.5]",[7.5],[7.483315],[5.5],1,0,1,0,1.0,0.0,0
85153,3,2,1,"[0.5, 0.5, 1.5, 1.5, 2.0, 2.0, 3.0, 3.5, 6.0, 6.0]","[0.0, 0.0, 0.0, 1.4142135, 1.4142135, 2.0, 2.236068, 2.4494898, 5.91608, 6.0]","[1.5, 1.5, 2.5]","[0.0, 0.0, 0.0]","[-2.5, -2.0, -1.0]","[1.5, 1.5]","[0.0, 0.0]","[-2.5, -2.0]","[4.0, 7.0]","[3.4641016, 7.0]","[-1.5, 3.5]",[4.0],[0.0],[1.0],1,0,1,0,1.0,0.0,0
83892,2,2,2,"[0.5, 0.5, 1.0, 1.0, 1.5, 2.0, 2.5, 4.0, 4.0, 5.5]","[0.0, 0.0, 0.0, 0.0, 0.0, 1.7320508, 2.4494898, 3.8729835, 3.8729835, 5.2915025]","[1.5, 4.0]","[1.4142135, 3.4641016]","[-2.0, -1.0]","[1.5, 4.0]","[1.4142135, 3.4641016]","[-2.0, -1.0]","[3.0, 6.0]","[2.828427, 5.196152]","[1.5, 3.0]","[3.0, 6.0]","[2.828427, 5.196152]","[1.5, 3.0]",0,2,0,0,0.0,0.0,0
995,25,6,2,"[3.0, 3.5, 3.5, 3.5, 5.0, 5.0, 5.0, 5.5, 7.0, 7.5]","[2.4494898, 3.0, 3.0, 3.1622777, 3.4641016, 4.2426405, 4.582576, 4.8989797, 6.708204, 7.483315]","[0.0, 1.0, 1.0, 1.0, 1.0, 1.5, 1.5, 1.5, 1.5, 2.0, 2.0, 2.0, 2.0, 2.0, 2.5, 2.5, 3.0, 3.0, 3.0, 3.5, 3.5, 3.5, 4.5, 4.5, 6.0]","[0.0, 0.0, 0.0, 0.0, 0.0, 0.0, 0.0, 0.0, 1.0, 1.0, 1.4142135, 1.4142135, 1.7320508, 1.7320508, 1.7320508, 2.0, 2.236068, 2.4494898, 2.4494898, 2.828427, 3.1622777, 3.4641016, 3.7416575, 4.472136, 6.0]","[-6.0, -5.5, -5.5, -5.5, -5.0, -5.0, -5.0, -4.5, -4.5, -4.5, -4.5, -4.0, -4.0, -3.5, -3.5, -3.5, -3.5, -3.0, -2.5, -2.5, -2.5, -2.0, -1.5, -1.5, -1.0]","[0.0, 1.0, 1.0, 1.0, 1.5, 3.0]","[0.0, 0.0, 0.0, 1.0, 1.4142135, 2.236068]","[-5.5, -5.0, -5.0, -5.0, -3.5, -3.5]","[4.0, 5.0, 7.0, 7.0, 8.0, 9.0]","[3.8729835, 4.582576, 6.928203, 7.0, 7.937254, 9.0]","[-1.5, 2.0, 2.5, 3.0, 4.0, 4.5]","[1.5, 5.0]","[1.4142135, 4.582576]","[-0.5, 2.5]",4,1,1,0,4.0,0.0,1
47475,2,2,1,"[0.5, 1.5, 1.5, 1.5, 2.0, 2.5, 2.5, 2.5, 3.5, 4.0]","[0.0, 0.0, 0.0, 0.0, 1.4142135, 1.7320508, 2.4494898, 2.4494898, 3.1622777, 3.4641016]","[0.5, 4.0]","[0.0, 3.8729835]","[-2.0, -1.5]","[0.5, 4.0]","[0.0, 3.8729835]","[-2.0, -1.5]","[3.5, 4.0]","[0.0, 3.4641016]","[-0.5, 3.0]",[8.0],[7.937254],[7.0],1,0,1,0,1.0,0.0,0
53836,3,2,2,"[0.0, 0.5, 1.5, 1.5, 1.5, 2.0, 3.0, 3.5, 4.5, 5.5]","[0.0, 0.0, 0.0, 1.4142135, 1.4142135, 1.7320508, 2.4494898, 2.828427, 4.472136, 5.477226]","[1.5, 1.5, 3.0]","[0.0, 1.4142135, 2.236068]","[-2.5, -2.5, -1.5]","[1.5, 1.5]","[0.0, 1.4142135]","[-2.5, -1.5]","[4.0, 5.0]","[3.4641016, 5.0]","[-0.5, 2.0]","[4.0, 5.0]","[3.4641016, 5.0]","[-0.5, 2.0]",0,2,0,0,0.0,0.0,0
91210,1,1,1,"[0.5, 0.5, 1.0, 1.0, 1.5, 2.0, 2.5, 2.5, 2.5, 5.0]","[0.0, 0.0, 0.0, 1.0, 1.0, 1.7320508, 2.0, 2.0, 2.4494898, 4.8989797]",[2.5],[2.4494898],[-1.5],[2.5],[2.4494898],[-1.5],[4.5],[0.0],[1.0],[4.5],[0.0],[1.0],0,1,0,0,0.0,0.0,0
46173,2,2,2,"[0.0, 1.0, 1.0, 1.0, 1.5, 2.0, 2.0, 3.5, 4.5, 5.5]","[0.0, 0.0, 0.0, 1.0, 1.4142135, 1.7320508, 1.7320508, 2.828427, 3.1622777, 5.2915025]","[2.0, 2.5]","[0.0, 1.7320508]","[-2.5, -1.5]","[2.0, 2.5]","[0.0, 1.7320508]","[-2.5, -1.5]","[3.0, 3.5]","[0.0, 2.4494898]","[-0.5, 2.0]","[3.0, 3.5]","[0.0, 2.4494898]","[-0.5, 2.0]",0,2,0,0,0.0,0.0,0
92301,3,2,1,"[0.0, 0.5, 0.5, 1.0, 1.5, 2.0, 3.0, 3.0, 4.5, 8.5]","[0.0, 0.0, 0.0, 1.0, 1.4142135, 2.0, 2.828427, 3.0, 3.7416575, 8.485281]","[1.5, 1.5, 2.5]","[0.0, 0.0, 0.0]","[-5.0, -3.5, -3.5]","[1.5, 1.5]","[0.0, 0.0]","[-3.5, -3.5]","[1.5, 4.5]","[1.4142135, 4.2426405]","[-2.5, -1.0]",[4.5],[4.472136],[3.5],1,0,1,0,1.0,0.0,0
315,1,1,1,"[0.5, 1.0, 1.0, 1.0, 1.5, 2.0, 2.5, 2.5, 3.0, 7.5]","[0.0, 0.0, 0.0, 0.0, 0.0, 0.0, 1.0, 2.4494898, 2.828427, 7.3484693]",[2.5],[0.0],[-4.5],[2.5],[0.0],[-4.5],[5.5],[4.8989797],[2.5],[5.5],[4.8989797],[2.5],0,1,0,0,0.0,0.0,1
214,1,1,1,"[0.0, 0.5, 1.0, 1.5, 2.0, 2.0, 3.0, 3.0, 3.5, 3.5]","[0.0, 0.0, 0.0, 1.0, 1.7320508, 2.0, 2.236068, 2.236068, 3.1622777, 3.4641016]",[0.5],[0.0],[-2.5],[0.5],[0.0],[-2.5],[2.5],[2.4494898],[1.5],[2.5],[2.4494898],[1.5],0,1,0,0,0.0,0.0,1
57905,2,2,1,"[0.0, 0.5, 0.5, 1.5, 1.5, 2.0, 2.5, 2.5, 3.5, 6.0]","[0.0, 0.0, 0.0, 0.0, 0.0, 1.4142135, 2.0, 2.4494898, 2.4494898, 5.196152]","[0.5, 3.5]","[0.0, 2.4494898]","[-3.0, -2.0]","[0.5, 3.5]","[0.0, 2.4494898]","[-3.0, -2.0]","[5.0, 5.5]","[5.0, 5.477226]","[-1.0, 4.0]",[8.5],[8.485281],[7.0],1,0,1,0,1.0,0.0,0
210,2,1,1,"[0.5, 0.5, 1.0, 2.0, 2.5, 3.0, 3.5, 4.0, 5.0, 7.0]","[0.0, 0.0, 0.0, 2.0, 2.236068, 2.4494898, 3.4641016, 3.4641016, 4.0, 6.928203]","[4.5, 4.5]","[3.7416575, 4.2426405]","[-3.5, -2.5]",[4.5],[4.2426405],[-3.5],[2.0],[0.0],[-2.0],[2.0],[0.0],[-2.0],0,1,0,0,0.0,0.0,1
494,1,1,1,"[0.0, 0.0, 0.0, 0.5, 0.5, 0.5, 2.0, 3.0, 6.0, 9.0]","[0.0, 0.0, 0.0, 0.0, 0.0, 0.0, 0.0, 2.236068, 5.91608, 9.0]",[2.0],[1.7320508],[-6.0],[2.0],[1.7320508],[-6.0],[7.0],[7.0],[0.0],[7.0],[7.0],[0.0],0,1,0,0,0.0,0.0,1
763,5,1,1,"[0.0, 0.0, 0.5, 0.5, 1.5, 1.5, 2.0, 2.5, 3.5, 4.5]","[0.0, 0.0, 0.0, 0.0, 0.0, 0.0, 0.0, 1.4142135, 2.0, 4.2426405]","[1.0, 1.5, 2.5, 3.5, 4.0]","[0.0, 1.0, 2.0, 2.4494898, 3.8729835]","[-5.5, -2.5, -2.0, -2.0, -1.0]",[1.0],[1.0],[-5.5],[4.5],[3.7416575],[3.0],[4.5],[3.7416575],[3.0],0,1,0,0,0.0,0.0,1
55123,4,2,2,"[0.0, 0.0, 0.5, 1.0, 1.0, 1.0, 1.5, 2.0, 6.5, 7.0]","[0.0, 0.0, 0.0, 0.0, 0.0, 0.0, 0.0, 1.0, 6.4807405, 6.708204]","[1.5, 2.5, 2.5, 4.5]","[0.0, 1.4142135, 2.0, 4.472136]","[-4.0, -4.0, -3.0, -1.5]","[1.5, 2.5]","[0.0, 1.4142135]","[-4.0, -1.5]","[5.5, 9.0]","[5.2915025, 9.0]","[2.0, 6.5]","[5.5, 9.0]","[5.2915025, 9.0]","[2.0, 6.5]",0,2,0,0,0.0,0.0,0
68303,3,2,1,"[0.0, 0.0, 0.5, 1.0, 1.0, 1.0, 4.0, 4.0, 5.0, 6.5]","[0.0, 0.0, 0.0, 0.0, 1.0, 1.0, 2.6457512, 3.4641016, 4.8989797, 6.4807405]","[1.5, 2.0, 2.5]","[0.0, 0.0, 0.0]","[-3.0, -2.0, -1.5]","[1.5, 2.5]","[0.0, 0.0]","[-2.0, -1.5]","[1.0, 2.0]","[0.0, 1.7320508]","[-2.5, -2.0]",[5.0],[4.8989797],[4.0],1,0,1,0,1.0,0.0,0
16621,3,2,1,"[0.0, 0.0, 0.5, 1.0, 1.5, 2.0, 2.0, 2.5, 5.0, 7.0]","[0.0, 0.0, 0.0, 0.0, 1.0, 1.7320508, 2.0, 2.0, 4.0, 6.708204]","[1.0, 1.0, 2.5]","[0.0, 1.0, 2.0]","[-6.0, -3.0, -3.0]","[1.0, 2.5]","[1.0, 2.0]","[-6.0, -3.0]","[2.5, 4.5]","[0.0, 2.828427]","[-1.0, 0.0]",[7.5],[7.3484693],[6.5],1,0,1,0,1.0,0.0,0
94862,2,2,1,"[0.0, 0.5, 0.5, 1.5, 1.5, 2.0, 3.5, 4.0, 4.5, 4.5]","[0.0, 0.0, 0.0, 0.0, 0.0, 1.7320508, 3.4641016, 3.4641016, 3.7416575, 3.7416575]","[0.5, 3.0]","[0.0, 0.0]","[-3.5, -2.0]","[0.5, 3.0]","[0.0, 0.0]","[-3.5, -2.0]","[2.0, 7.0]","[1.7320508, 6.708204]","[-2.5, 4.0]",[7.5],[7.3484693],[4.5],1,0,1,0,1.0,0.0,0
66,2,1,1,"[0.5, 1.5, 1.5, 1.5, 2.5, 3.0, 3.5, 4.5, 4.5, 7.5]","[0.0, 0.0, 1.4142135, 1.4142135, 2.236068, 2.4494898, 2.4494898, 4.472136, 4.472136, 7.3484693]","[1.5, 2.0]","[0.0, 0.0]","[-1.5, -1.5]",[1.5],[0.0],[-1.5],[5.5],[5.477226],[0.5],[5.5],[5.477226],[0.5],0,1,0,0,0.0,0.0,1
90539,5,2,2,"[0.0, 0.0, 1.0, 1.0, 1.5, 2.0, 2.0, 2.5, 8.0, 8.0]","[0.0, 0.0, 0.0, 0.0, 0.0, 1.7320508, 1.7320508, 2.0, 7.937254, 8.0]","[1.0, 1.5, 2.0, 2.5, 4.0]","[0.0, 0.0, 0.0, 1.0, 2.6457512]","[-5.5, -4.5, -3.5, -3.0, -2.5]","[1.0, 1.5]","[0.0, 1.0]","[-5.5, -3.0]","[5.0, 6.0]","[4.8989797, 5.91608]","[0.5, 1.0]","[5.0, 6.0]","[4.8989797, 5.91608]","[0.5, 1.0]",0,2,0,0,0.0,0.0,0
903,1,1,1,"[0.5, 0.5, 0.5, 0.5, 1.0, 1.5, 2.0, 2.5, 3.5, 3.5]","[0.0, 0.0, 0.0, 0.0, 0.0, 1.4142135, 2.0, 2.0, 2.4494898, 3.4641016]",[4.0],[3.8729835],[-1.0],[4.0],[3.8729835],[-1.0],[2.0],[0.0],[0.0],[2.0],[0.0],[0.0],0,1,0,0,0.0,0.0,1
43862,2,2,1,"[0.5, 0.5, 1.5, 1.5, 1.5, 2.0, 2.0, 2.5, 3.5, 3.5]","[0.0, 0.0, 0.0, 0.0, 1.4142135, 1.4142135, 1.7320508, 2.0, 2.4494898, 3.4641016]","[1.0, 1.5]","[0.0, 1.0]","[-4.0, -1.5]","[1.0, 1.5]","[0.0, 1.0]","[-4.0, -1.5]","[3.5, 4.0]","[0.0, 3.1622777]","[0.0, 2.5]",[7.5],[7.3484693],[6.0],1,0,1,0,1.0,0.0,0
57660,3,2,1,"[0.5, 1.0, 1.5, 1.5, 2.0, 2.0, 2.0, 3.0, 5.5, 9.0]","[0.0, 0.0, 0.0, 0.0, 1.0, 1.4142135, 1.7320508, 1.7320508, 5.477226, 9.0]","[2.0, 4.5, 5.0]","[2.0, 4.0, 4.2426405]","[-4.0, -2.5, -1.0]","[2.0, 5.0]","[2.0, 4.0]","[-4.0, -1.0]","[1.0, 4.5]","[1.0, 4.472136]","[-3.5, -0.5]",[7.5],[7.483315],[7.0],1,0,1,0,1.0,0.0,0
927,1,1,1,"[0.5, 0.5, 0.5, 0.5, 1.5, 2.0, 2.5, 2.5, 3.0, 3.0]","[0.0, 0.0, 0.0, 0.0, 0.0, 1.7320508, 2.0, 2.0, 2.236068, 3.0]",[1.0],[0.0],[-1.5],[1.0],[0.0],[-1.5],[4.0],[2.6457512],[2.0],[4.0],[2.6457512],[2.0],0,1,0,0,0.0,0.0,1
48582,2,2,2,"[0.0, 0.5, 1.5, 1.5, 1.5, 2.0, 3.5, 3.5, 4.0, 6.0]","[0.0, 0.0, 0.0, 0.0, 0.0, 1.7320508, 2.4494898, 3.4641016, 3.8729835, 5.91608]","[2.0, 2.5]","[0.0, 2.0]","[-3.0, -2.0]","[2.0, 2.5]","[0.0, 2.0]","[-3.0, -2.0]","[5.0, 6.5]","[4.582576, 6.3245554]","[3.0, 3.0]","[5.0, 6.5]","[4.582576, 6.3245554]","[3.0, 3.0]",0,2,0,0,0.0,0.0,0
956,1,1,1,"[0.0, 0.0, 0.5, 1.5, 2.5, 3.0, 3.0, 3.0, 3.5, 4.0]","[0.0, 0.0, 0.0, 1.4142135, 2.236068, 2.236068, 2.4494898, 2.4494898, 2.6457512, 3.0]",[2.0],[0.0],[-1.0],[2.0],[0.0],[-1.0],[1.0],[0.0],[-0.5],[1.0],[0.0],[-0.5],0,1,0,0,0.0,0.0,1
591,3,2,2,"[0.0, 0.0, 1.0, 1.5, 2.0, 2.5, 3.0, 4.5, 6.0, 8.0]","[0.0, 0.0, 0.0, 0.0, 1.4142135, 2.0, 2.236068, 2.828427, 6.0, 7.937254]","[2.0, 2.5, 3.5]","[2.0, 2.0, 3.4641016]","[-5.0, -4.0, -3.0]","[2.5, 3.5]","[2.0, 3.4641016]","[-4.0, -3.0]","[4.0, 4.5]","[0.0, 0.0]","[-3.5, 3.5]","[4.0, 4.5]","[0.0, 0.0]","[-3.5, 3.5]",0,2,0,0,0.0,0.0,1
841,1,1,1,"[0.0, 0.5, 0.5, 1.0, 1.5, 2.0, 2.0, 5.0, 5.5, 5.5]","[0.0, 0.0, 0.0, 0.0, 0.0, 1.0, 1.4142135, 4.0, 4.8989797, 5.477226]",[3.0],[2.828427],[-3.5],[3.0],[2.828427],[-3.5],[4.0],[0.0],[0.0],[4.0],[0.0],[0.0],0,1,0,0,0.0,0.0,1
675,2,2,2,"[0.5, 1.0, 1.5, 1.5, 2.0, 2.0, 2.5, 2.5, 3.0, 3.0]","[0.0, 0.0, 0.0, 0.0, 0.0, 0.0, 1.0, 1.4142135, 1.7320508, 2.0]","[0.5, 3.5]","[0.0, 3.1622777]","[-1.5, -1.0]","[0.5, 3.5]","[0.0, 3.1622777]","[-1.5, -1.0]","[2.0, 4.5]","[2.0, 3.7416575]","[1.5, 3.5]","[2.0, 4.5]","[2.0, 3.7416575]","[1.5, 3.5]",0,2,0,0,0.0,0.0,1
78226,1,1,1,"[0.5, 1.0, 1.0, 1.5, 2.0, 3.0, 3.0, 3.5, 3.5, 4.0]","[0.0, 0.0, 0.0, 0.0, 1.0, 1.4142135, 2.0, 2.6457512, 2.828427, 3.4641016]",[1.0],[0.0],[-4.5],[1.0],[0.0],[-4.5],[8.0],[7.937254],[6.5],[8.0],[7.937254],[6.5],0,1,0,0,0.0,0.0,0
6193,3,2,1,"[0.5, 1.0, 1.0, 1.0, 1.0, 2.0, 2.0, 3.0, 3.5, 7.0]","[0.0, 0.0, 0.0, 0.0, 0.0, 0.0, 0.0, 1.7320508, 3.4641016, 6.928203]","[2.5, 2.5, 3.0]","[2.0, 2.236068, 2.4494898]","[-3.5, -3.0, -2.0]","[2.5, 2.5]","[2.0, 2.4494898]","[-3.5, -3.0]","[2.0, 5.0]","[0.0, 4.582576]","[-1.5, 1.0]",[6.0],[5.656854],[5.5],1,0,1,0,1.0,0.0,0
55,1,1,1,"[0.0, 0.0, 0.0, 0.5, 0.5, 1.0, 2.5, 2.5, 3.0, 8.0]","[0.0, 0.0, 0.0, 0.0, 0.0, 0.0, 2.0, 2.4494898, 2.828427, 8.0]",[3.0],[2.236068],[-2.0],[3.0],[2.236068],[-2.0],[6.5],[6.3245554],[1.0],[6.5],[6.3245554],[1.0],0,1,0,0,0.0,0.0,1
93494,1,1,1,"[0.0, 0.0, 0.0, 0.5, 1.5, 1.5, 2.5, 3.0, 3.5, 4.5]","[0.0, 0.0, 0.0, 0.0, 0.0, 1.4142135, 2.0, 3.0, 3.1622777, 4.2426405]",[1.5],[0.0],[-2.5],[1.5],[0.0],[-2.5],[7.0],[6.928203],[5.0],[7.0],[6.928203],[5.0],0,1,0,0,0.0,0.0,0
39379,1,1,1,"[0.5, 0.5, 1.0, 1.0, 1.5, 1.5, 2.0, 2.0, 4.0, 4.5]","[0.0, 0.0, 0.0, 0.0, 0.0, 0.0, 1.4142135, 1.4142135, 1.7320508, 3.8729835]",[3.5],[3.4641016],[-3.5],[3.5],[3.4641016],[-3.5],[5.5],[5.477226],[4.0],[5.5],[5.477226],[4.0],0,1,0,0,0.0,0.0,0
38783,3,2,2,"[0.0, 0.5, 1.0, 1.5, 1.5, 2.0, 3.0, 3.0, 3.5, 5.0]","[0.0, 0.0, 0.0, 0.0, 1.0, 1.4142135, 2.236068, 2.828427, 3.4641016, 5.0]","[0.5, 1.5, 2.0]","[0.0, 0.0, 2.0]","[-4.0, -2.5, -1.0]","[0.5, 1.5]","[0.0, 0.0]","[-4.0, -1.0]","[6.5, 8.0]","[6.4807405, 7.937254]","[2.5, 5.5]","[6.5, 8.0]","[6.4807405, 7.937254]","[2.5, 5.5]",0,2,0,0,0.0,0.0,0
35914,2,2,1,"[0.0, 0.0, 0.5, 1.0, 1.5, 1.5, 2.0, 3.0, 3.5, 6.0]","[0.0, 0.0, 0.0, 1.0, 1.4142135, 1.4142135, 2.0, 2.828427, 3.1622777, 5.196152]","[2.5, 2.5]","[0.0, 2.4494898]","[-2.5, -1.5]","[2.5, 2.5]","[0.0, 2.4494898]","[-2.5, -1.5]","[5.0, 7.0]","[4.8989797, 6.708204]","[-0.5, 5.0]",[4.5],[4.2426405],[3.0],1,0,1,0,1.0,0.0,0
28567,4,2,1,"[0.0, 0.0, 1.0, 1.5, 1.5, 2.0, 3.0, 3.0, 4.0, 5.5]","[0.0, 0.0, 0.0, 0.0, 0.0, 0.0, 1.4142135, 2.236068, 3.8729835, 4.2426405]","[0.5, 0.5, 1.5, 3.5]","[0.0, 0.0, 0.0, 3.1622777]","[-7.0, -3.5, -3.5, -1.5]","[0.5, 0.5]","[0.0, 0.0]","[-7.0, -1.5]","[1.5, 1.5]","[0.0, 0.0]","[-3.5, 0.5]",[7.5],[7.483315],[7.0],1,0,1,0,1.0,0.0,0
97544,3,2,1,"[0.0, 0.5, 0.5, 1.0, 2.0, 2.0, 2.0, 2.5, 4.5, 6.5]","[0.0, 0.0, 0.0, 0.0, 0.0, 1.7320508, 1.7320508, 2.4494898, 4.472136, 6.0]","[1.5, 3.5, 3.5]","[0.0, 1.4142135, 2.4494898]","[-3.0, -1.5, -1.5]","[1.5, 3.5]","[1.4142135, 2.4494898]","[-3.0, -1.5]","[3.0, 4.0]","[2.6457512, 2.828427]","[-1.5, -0.5]",[9.0],[9.0],[6.5],1,0,1,0,1.0,0.0,0
861,2,1,1,"[0.0, 0.5, 1.0, 1.5, 1.5, 1.5, 2.5, 4.0, 4.0, 5.5]","[0.0, 0.0, 0.0, 0.0, 0.0, 1.4142135, 2.0, 3.4641016, 3.8729835, 4.8989797]","[3.0, 3.5]","[0.0, 0.0]","[-1.5, -1.0]",[3.0],[0.0],[-1.5],[8.0],[7.937254],[6.5],[8.0],[7.937254],[6.5],0,1,0,0,0.0,0.0,1
70474,2,2,1,"[0.5, 0.5, 0.5, 0.5, 1.5, 1.5, 2.5, 4.0, 4.0, 5.5]","[0.0, 0.0, 0.0, 0.0, 1.4142135, 1.4142135, 2.4494898, 3.4641016, 4.0, 5.2915025]","[2.0, 2.5]","[1.7320508, 2.0]","[-2.0, -1.0]","[2.0, 2.5]","[1.7320508, 2.0]","[-2.0, -1.0]","[3.5, 6.5]","[2.4494898, 6.3245554]","[0.0, 2.5]",[7.0],[6.928203],[5.0],1,0,1,0,1.0,0.0,0
970,1,1,1,"[0.0, 0.5, 1.0, 1.0, 1.0, 1.5, 1.5, 2.0, 3.5, 5.5]","[0.0, 0.0, 0.0, 0.0, 0.0, 0.0, 0.0, 1.0, 3.1622777, 4.2426405]",[2.0],[0.0],[-3.0],[2.0],[0.0],[-3.0],[3.0],[2.236068],[1.5],[3.0],[2.236068],[1.5],0,1,0,0,0.0,0.0,1
674,1,1,1,"[0.5, 1.0, 1.0, 1.0, 2.0, 2.0, 3.0, 3.0, 3.0, 8.5]","[0.0, 0.0, 0.0, 0.0, 1.7320508, 1.7320508, 2.236068, 2.828427, 3.0, 8.485281]",[3.5],[2.4494898],[-1.5],[3.5],[2.4494898],[-1.5],[3.0],[2.236068],[-3.5],[3.0],[2.236068],[-3.5],0,1,0,0,0.0,0.0,1
58617,4,2,1,"[0.5, 0.5, 1.0, 1.0, 1.5, 1.5, 1.5, 1.5, 4.5, 9.0]","[0.0, 0.0, 0.0, 0.0, 0.0, 0.0, 1.0, 1.4142135, 4.2426405, 9.0]","[1.0, 2.5, 2.5, 4.0]","[0.0, 0.0, 2.0, 2.6457512]","[-6.5, -3.5, -3.0, -1.5]","[1.0, 2.5]","[0.0, 2.0]","[-6.5, -3.0]","[4.0, 4.5]","[3.4641016, 4.472136]","[-2.0, -0.5]",[5.0],[3.0],[3.0],1,0,1,0,1.0,0.0,0
422,7,3,1,"[0.0, 0.0, 0.0, 0.5, 1.5, 2.0, 2.5, 4.0, 5.0, 8.0]","[0.0, 0.0, 0.0, 0.0, 0.0, 0.0, 0.0, 0.0, 3.0, 8.0]","[0.5, 0.5, 1.5, 2.0, 3.5, 3.5, 3.5]","[0.0, 0.0, 0.0, 0.0, 2.0, 2.4494898, 3.4641016]","[-7.5, -4.5, -4.0, -3.5, -3.0, -2.5, -2.5]","[0.5, 0.5, 2.0]","[0.0, 0.0, 2.0]","[-7.5, -4.5, -4.0]","[4.0, 7.0, 7.5]","[3.4641016, 7.0, 7.3484693]","[-1.0, 3.0, 3.5]",[5.5],[4.8989797],[5.5],2,0,1,0,2.0,0.0,1
824,1,1,1,"[0.0, 0.0, 0.0, 1.0, 1.5, 2.0, 2.5, 3.5, 4.5, 5.5]","[0.0, 0.0, 0.0, 0.0, 0.0, 0.0, 0.0, 2.4494898, 4.2426405, 4.472136]",[4.0],[3.8729835],[-2.5],[4.0],[3.8729835],[-2.5],[3.0],[3.0],[2.0],[3.0],[3.0],[2.0],0,1,0,0,0.0,0.0,1
386,2,1,1,"[0.0, 0.0, 0.0, 1.0, 2.0, 2.5, 4.0, 4.0, 4.5, 5.5]","[0.0, 0.0, 0.0, 0.0, 0.0, 0.0, 1.0, 3.7416575, 4.0, 4.8989797]","[1.5, 2.5]","[1.4142135, 2.0]","[-4.0, -2.5]",[1.5],[1.4142135],[-4.0],[2.5],[2.0],[-1.5],[2.5],[2.0],[-1.5],0,1,0,0,0.0,0.0,1
545,8,4,1,"[0.5, 0.5, 1.0, 1.0, 1.5, 4.0, 4.5, 4.5, 7.0, 8.0]","[0.0, 0.0, 0.0, 0.0, 1.4142135, 3.7416575, 3.8729835, 4.2426405, 6.928203, 8.0]","[1.0, 3.0, 3.5, 3.5, 4.0, 4.5, 4.5, 5.0]","[0.0, 1.0, 2.4494898, 2.6457512, 3.0, 3.7416575, 4.472136, 4.8989797]","[-5.5, -4.0, -3.5, -2.0, -2.0, -2.0, -1.5, -1.5]","[1.0, 3.5, 4.0, 5.0]","[0.0, 1.0, 2.6457512, 4.8989797]","[-5.5, -2.0, -2.0, -1.5]","[3.5, 3.5, 5.0, 5.5]","[0.0, 3.4641016, 4.2426405, 4.8989797]","[-2.0, -2.0, -1.5, 0.0]",[1.5],[0.0],[-2.0],3,0,1,1,1.0,2.0,1
743,9,3,1,"[0.5, 1.0, 1.5, 1.5, 2.0, 2.5, 4.0, 4.0, 5.0, 8.0]","[0.0, 0.0, 0.0, 0.0, 0.0, 0.0, 2.6457512, 3.0, 3.4641016, 7.937254]","[1.0, 1.5, 1.5, 2.0, 2.5, 3.0, 3.0, 3.5, 5.5]","[0.0, 0.0, 0.0, 1.0, 1.4142135, 2.0, 2.828427, 3.0, 5.2915025]","[-7.0, -6.0, -5.0, -4.0, -3.0, -3.0, -2.5, -2.0, -1.5]","[1.0, 2.0, 3.5]","[0.0, 0.0, 1.0]","[-7.0, -4.0, -2.5]","[1.5, 2.0, 3.5]","[0.0, 0.0, 0.0]","[-4.0, -2.5, 0.5]",[1.5],[0.0],[0.5],2,1,0,1,0.0,2.0,1
921,2,1,1,"[0.0, 0.0, 0.5, 1.0, 1.0, 1.5, 2.0, 3.0, 3.5, 4.5]","[0.0, 0.0, 0.0, 0.0, 0.0, 0.0, 1.0, 1.4142135, 2.828427, 3.4641016]","[0.5, 1.5]","[0.0, 1.4142135]","[-2.0, -2.0]",[0.5],[0.0],[-2.0],[3.0],[3.0],[0.5],[3.0],[3.0],[0.5],0,1,0,0,0.0,0.0,1
6869,3,2,2,"[0.0, 0.0, 0.5, 1.0, 1.0, 1.0, 1.5, 4.0, 5.0, 7.5]","[0.0, 0.0, 0.0, 0.0, 0.0, 0.0, 0.0, 1.4142135, 3.0, 7.3484693]","[2.0, 3.0, 5.0]","[1.7320508, 2.236068, 4.582576]","[-3.5, -2.5, -2.0]","[2.0, 3.0]","[1.7320508, 2.236068]","[-2.5, -2.0]","[4.0, 8.0]","[3.8729835, 7.937254]","[3.5, 3.5]","[4.0, 8.0]","[3.8729835, 7.937254]","[3.5, 3.5]",0,2,0,0,0.0,0.0,0
72784,4,2,1,"[1.0, 1.5, 1.5, 1.5, 2.0, 2.5, 2.5, 3.5, 4.0, 8.5]","[0.0, 0.0, 0.0, 1.0, 1.4142135, 1.4142135, 1.7320508, 2.0, 2.4494898, 8.485281]","[1.0, 3.0, 5.0, 5.5]","[0.0, 2.236068, 4.0, 5.2915025]","[-4.0, -3.5, -2.5, -2.5]","[1.0, 3.0]","[0.0, 2.236068]","[-4.0, -2.5]","[4.0, 5.5]","[2.6457512, 5.2915025]","[-1.5, 1.0]",[8.5],[8.485281],[7.0],1,0,1,0,1.0,0.0,0
36688,1,1,1,"[0.5, 0.5, 1.0, 1.5, 2.0, 2.0, 2.5, 2.5, 2.5, 3.5]","[0.0, 0.0, 0.0, 1.0, 1.4142135, 1.7320508, 1.7320508, 2.0, 2.4494898, 3.1622777]",[3.0],[2.828427],[-1.0],[3.0],[2.828427],[-1.0],[3.5],[2.4494898],[1.5],[3.5],[2.4494898],[1.5],0,1,0,0,0.0,0.0,0
2,5,2,1,"[0.0, 0.5, 1.5, 2.0, 2.0, 2.0, 3.0, 4.0, 7.5, 7.5]","[0.0, 0.0, 0.0, 0.0, 0.0, 1.7320508, 3.0, 3.4641016, 7.483315, 7.483315]","[2.0, 2.0, 3.5, 4.0, 6.0]","[0.0, 1.7320508, 3.4641016, 3.4641016, 5.91608]","[-5.5, -4.0, -4.0, -1.5, -1.0]","[2.0, 3.5]","[1.7320508, 3.4641016]","[-4.0, -4.0]","[2.0, 6.5]","[0.0, 6.0]","[-5.5, 3.0]",[2.0],[1.7320508],[-1.5],1,0,1,0,1.0,0.0,1
350,1,1,1,"[0.0, 0.5, 0.5, 1.0, 1.5, 2.0, 2.5, 3.0, 5.0, 6.0]","[0.0, 0.0, 0.0, 0.0, 0.0, 0.0, 1.4142135, 2.4494898, 4.8989797, 6.0]",[1.5],[0.0],[-4.5],[1.5],[0.0],[-4.5],[1.5],[0.0],[-0.5],[1.5],[0.0],[-0.5],0,1,0,0,0.0,0.0,1
78372,1,1,1,"[0.0, 0.0, 1.0, 1.5, 1.5, 2.0, 2.5, 2.5, 2.5, 3.0]","[0.0, 0.0, 0.0, 0.0, 0.0, 1.0, 2.0, 2.4494898, 2.4494898, 2.828427]",[2.0],[0.0],[-1.0],[2.0],[0.0],[-1.0],[8.5],[8.485281],[8.0],[8.5],[8.485281],[8.0],0,1,0,0,0.0,0.0,0
559,2,1,1,"[0.0, 0.5, 0.5, 2.0, 2.0, 2.0, 2.0, 2.5, 3.5, 5.5]","[0.0, 0.0, 0.0, 1.7320508, 1.7320508, 1.7320508, 2.0, 2.4494898, 3.1622777, 4.2426405]","[2.5, 4.0]","[2.0, 3.4641016]","[-3.0, -2.0]",[2.5],[2.0],[-3.0],[4.5],[2.828427],[1.0],[4.5],[2.828427],[1.0],0,1,0,0,0.0,0.0,1
63271,5,2,1,"[0.5, 1.0, 1.5, 1.5, 3.0, 3.0, 3.0, 3.0, 4.5, 9.0]","[0.0, 0.0, 0.0, 0.0, 0.0, 2.236068, 2.236068, 3.0, 3.7416575, 9.0]","[1.5, 2.5, 4.0, 4.0, 4.0]","[0.0, 0.0, 1.4142135, 2.6457512, 3.4641016]","[-6.5, -3.0, -3.0, -3.0, -2.0]","[1.5, 2.5]","[0.0, 1.4142135]","[-6.5, -3.0]","[3.0, 3.0]","[2.236068, 3.0]","[-2.5, -1.5]",[7.0],[6.928203],[6.0],1,0,1,0,1.0,0.0,0
68844,3,2,1,"[0.0, 0.5, 1.0, 1.5, 2.0, 2.5, 2.5, 3.5, 5.0, 7.5]","[0.0, 0.0, 0.0, 0.0, 1.0, 1.4142135, 2.4494898, 2.4494898, 4.582576, 7.483315]","[3.0, 3.5, 6.0]","[0.0, 3.4641016, 6.0]","[-3.0, -2.0, -1.5]","[3.0, 3.5]","[0.0, 3.4641016]","[-3.0, -2.0]","[6.0, 6.5]","[6.0, 6.0]","[-1.5, 3.0]",[6.0],[5.196152],[2.5],1,0,1,0,1.0,0.0,0
75949,3,1,1,"[1.0, 1.5, 2.0, 2.0, 2.0, 2.5, 3.0, 3.0, 3.5, 5.5]","[0.0, 0.0, 0.0, 0.0, 0.0, 0.0, 2.0, 2.236068, 2.4494898, 4.8989797]","[2.0, 2.5, 5.5]","[1.7320508, 2.4494898, 5.477226]","[-4.5, -3.5, -2.0]",[2.5],[2.4494898],[-3.5],[5.0],[4.8989797],[3.5],[5.0],[4.8989797],[3.5],0,1,0,0,0.0,0.0,0
45799,4,2,2,"[0.5, 1.0, 1.5, 1.5, 1.5, 2.5, 3.0, 4.5, 5.5, 6.5]","[0.0, 0.0, 0.0, 0.0, 1.4142135, 1.4142135, 2.828427, 2.828427, 4.2426405, 6.0]","[2.5, 3.0, 6.5, 7.0]","[0.0, 0.0, 6.4807405, 6.928203]","[-3.0, -2.5, -2.0, -2.0]","[2.5, 3.0]","[0.0, 0.0]","[-3.0, -2.5]","[2.5, 3.5]","[2.0, 3.1622777]","[0.5, 2.0]","[2.5, 3.5]","[2.0, 3.1622777]","[0.5, 2.0]",0,2,0,0,0.0,0.0,0
242,1,1,1,"[1.0, 1.0, 1.5, 2.5, 2.5, 3.5, 3.5, 3.5, 3.5, 7.0]","[0.0, 1.0, 1.4142135, 2.0, 2.4494898, 2.4494898, 2.4494898, 3.1622777, 3.4641016, 6.708204]",[6.5],[6.3245554],[-1.0],[6.5],[6.3245554],[-1.0],[3.0],[3.0],[0.0],[3.0],[3.0],[0.0],0,1,0,0,0.0,0.0,1
45567,4,2,1,"[0.5, 1.0, 1.0, 1.0, 1.5, 2.0, 2.0, 2.5, 3.0, 8.5]","[0.0, 0.0, 0.0, 0.0, 1.4142135, 1.7320508, 1.7320508, 2.0, 3.0, 8.485281]","[0.5, 1.5, 1.5, 1.5]","[0.0, 0.0, 1.4142135, 1.4142135]","[-5.0, -4.5, -3.5, -3.5]","[0.5, 1.5]","[0.0, 1.4142135]","[-5.0, -3.5]","[1.5, 6.5]","[0.0, 6.4807405]","[-2.5, 2.0]",[5.0],[3.0],[5.0],1,0,1,0,1.0,0.0,0
355,2,1,1,"[0.0, 0.0, 1.0, 1.5, 1.5, 2.0, 2.0, 2.0, 5.5, 8.0]","[0.0, 0.0, 0.0, 0.0, 0.0, 1.4142135, 1.7320508, 2.0, 4.8989797, 7.937254]","[3.0, 4.0]","[0.0, 2.6457512]","[-4.5, -2.0]",[3.0],[0.0],[-2.0],[5.5],[5.477226],[4.0],[5.5],[5.477226],[4.0],0,1,0,0,0.0,0.0,1
5149,3,2,1,"[0.5, 1.0, 1.5, 1.5, 1.5, 2.0, 2.0, 3.0, 6.0, 8.0]","[0.0, 0.0, 0.0, 1.0, 1.4142135, 1.7320508, 1.7320508, 3.0, 5.656854, 7.937254]","[3.5, 3.5, 4.0]","[0.0, 2.4494898, 2.4494898]","[-4.0, -2.0, -1.0]","[3.5, 3.5]","[2.4494898, 2.4494898]","[-4.0, -2.0]","[4.5, 5.0]","[0.0, 4.582576]","[-2.0, 1.0]",[4.0],[0.0],[1.5],1,0,1,0,1.0,0.0,0
651,1,1,1,"[0.0, 0.5, 1.0, 1.0, 1.5, 2.5, 2.5, 4.5, 5.0, 6.5]","[0.0, 0.0, 0.0, 0.0, 0.0, 2.0, 2.4494898, 3.0, 3.7416575, 6.3245554]",[4.0],[0.0],[-4.5],[4.0],[0.0],[-4.5],[5.5],[5.2915025],[2.5],[5.5],[5.2915025],[2.5],0,1,0,0,0.0,0.0,1
277,1,1,1,"[0.0, 1.0, 1.5, 1.5, 2.0, 2.0, 2.0, 2.0, 3.5, 9.0]","[0.0, 0.0, 0.0, 0.0, 0.0, 0.0, 1.7320508, 1.7320508, 3.1622777, 9.0]",[4.0],[2.6457512],[-2.0],[4.0],[2.6457512],[-2.0],[3.0],[2.828427],[-2.0],[3.0],[2.828427],[-2.0],0,1,0,0,0.0,0.0,1
10404,5,2,1,"[0.0, 0.0, 2.0, 2.0, 2.5, 2.5, 3.0, 3.5, 5.0, 5.5]","[0.0, 0.0, 0.0, 0.0, 1.7320508, 2.4494898, 3.0, 3.1622777, 4.8989797, 5.2915025]","[1.0, 1.0, 2.5, 3.5, 3.5]","[0.0, 1.0, 2.4494898, 2.4494898, 3.4641016]","[-3.0, -2.5, -2.0, -2.0, -1.0]","[1.0, 3.5]","[1.0, 3.4641016]","[-2.5, -2.0]","[2.5, 5.0]","[2.0, 4.8989797]","[-2.5, 0.0]",[6.5],[6.3245554],[2.0],1,0,1,0,1.0,0.0,0
121,3,1,1,"[1.0, 1.5, 1.5, 1.5, 2.0, 2.0, 2.0, 2.0, 3.0, 5.0]","[0.0, 0.0, 1.4142135, 1.4142135, 1.4142135, 1.7320508, 1.7320508, 1.7320508, 3.0, 4.8989797]","[1.0, 3.0, 3.0]","[1.0, 2.236068, 2.828427]","[-3.5, -1.5, -1.0]",[1.0],[1.0],[-3.5],[5.5],[5.477226],[2.0],[5.5],[5.477226],[2.0],0,1,0,0,0.0,0.0,1
268,1,1,1,"[0.0, 0.5, 0.5, 0.5, 1.5, 1.5, 2.5, 3.0, 3.5, 5.5]","[0.0, 0.0, 0.0, 0.0, 1.4142135, 1.4142135, 2.4494898, 2.828427, 3.1622777, 5.2915025]",[2.5],[2.4494898],[-1.5],[2.5],[2.4494898],[-1.5],[3.0],[0.0],[-1.5],[3.0],[0.0],[-1.5],0,1,0,0,0.0,0.0,1
52123,2,1,1,"[1.5, 1.5, 2.0, 2.0, 2.0, 3.0, 3.0, 3.5, 3.5, 4.0]","[0.0, 0.0, 0.0, 1.4142135, 1.4142135, 2.0, 2.0, 2.828427, 3.1622777, 3.4641016]","[2.5, 4.5]","[2.0, 4.2426405]","[-2.5, -1.5]",[2.5],[2.0],[-2.5],[7.5],[7.3484693],[7.0],[7.5],[7.3484693],[7.0],0,1,0,0,0.0,0.0,0
93049,3,2,2,"[0.5, 0.5, 2.0, 2.0, 2.5, 2.5, 2.5, 3.0, 5.5, 6.5]","[0.0, 0.0, 0.0, 1.7320508, 1.7320508, 2.236068, 2.4494898, 2.4494898, 5.2915025, 6.0]","[1.0, 1.5, 1.5]","[0.0, 0.0, 1.0]","[-2.5, -2.0, -1.5]","[1.0, 1.5]","[0.0, 1.0]","[-2.5, -1.5]","[7.5, 8.0]","[7.3484693, 8.0]","[2.0, 3.5]","[7.5, 8.0]","[7.3484693, 8.0]","[2.0, 3.5]",0,2,0,0,0.0,0.0,0
11356,1,1,1,"[0.5, 1.0, 1.0, 1.5, 1.5, 2.5, 3.0, 3.5, 4.0, 5.0]","[0.0, 0.0, 0.0, 0.0, 1.4142135, 1.4142135, 2.4494898, 2.4494898, 3.0, 4.0]",[2.5],[0.0],[-5.5],[2.5],[0.0],[-5.5],[3.0],[2.236068],[2.0],[3.0],[2.236068],[2.0],0,1,0,0,0.0,0.0,0
27123,1,1,1,"[0.5, 0.5, 1.0, 1.5, 1.5, 2.5, 2.5, 3.0, 3.0, 4.0]","[0.0, 0.0, 0.0, 0.0, 0.0, 0.0, 1.0, 1.4142135, 2.0, 3.4641016]",[2.5],[0.0],[-1.0],[2.5],[0.0],[-1.0],[5.0],[4.582576],[5.0],[5.0],[4.582576],[5.0],0,1,0,0,0.0,0.0,0
28005,2,2,1,"[0.0, 1.0, 1.5, 2.0, 2.0, 2.5, 2.5, 3.0, 4.0, 4.5]","[0.0, 0.0, 0.0, 0.0, 0.0, 1.7320508, 2.236068, 2.4494898, 3.7416575, 3.8729835]","[1.0, 2.0]","[0.0, 1.7320508]","[-4.0, -1.5]","[1.0, 2.0]","[0.0, 1.7320508]","[-4.0, -1.5]","[3.0, 3.5]","[0.0, 2.236068]","[-1.0, 0.0]",[7.5],[7.3484693],[4.5],1,0,1,0,1.0,0.0,0
60238,1,1,1,"[0.0, 0.5, 0.5, 1.5, 2.0, 2.0, 2.0, 3.5, 4.5, 5.0]","[0.0, 0.0, 0.0, 1.4142135, 1.7320508, 1.7320508, 1.7320508, 2.4494898, 4.0, 4.472136]",[3.5],[0.0],[-2.0],[3.5],[0.0],[-2.0],[4.5],[0.0],[3.0],[4.5],[0.0],[3.0],0,1,0,0,0.0,0.0,0
48625,3,2,1,"[0.0, 0.5, 1.0, 1.5, 2.0, 2.5, 2.5, 4.5, 4.5, 6.5]","[0.0, 0.0, 0.0, 0.0, 0.0, 0.0, 0.0, 0.0, 2.828427, 6.0]","[1.5, 2.5, 5.5]","[0.0, 2.0, 5.477226]","[-4.5, -3.5, -1.0]","[1.5, 2.5]","[0.0, 2.0]","[-4.5, -1.0]","[1.5, 2.0]","[0.0, 0.0]","[-3.0, 0.0]",[8.0],[7.937254],[8.0],1,0,1,0,1.0,0.0,0
71015,5,2,1,"[0.5, 1.0, 1.0, 1.5, 1.5, 2.0, 2.5, 3.0, 3.0, 8.5]","[0.0, 0.0, 0.0, 1.4142135, 1.4142135, 2.0, 2.0, 2.236068, 2.828427, 8.485281]","[1.0, 3.0, 3.5, 3.5, 4.5]","[0.0, 0.0, 2.236068, 3.1622777, 4.2426405]","[-4.0, -2.5, -2.5, -2.5, -1.0]","[1.0, 3.5]","[0.0, 3.1622777]","[-4.0, -2.5]","[2.0, 2.0]","[0.0, 0.0]","[-3.5, -3.0]",[7.5],[7.3484693],[5.5],1,0,1,0,1.0,0.0,0
681,1,1,1,"[0.0, 0.0, 1.0, 1.5, 1.5, 2.5, 3.0, 3.0, 3.5, 5.0]","[0.0, 0.0, 0.0, 0.0, 0.0, 1.0, 2.4494898, 2.828427, 2.828427, 4.0]",[0.5],[0.0],[-3.5],[0.5],[0.0],[-3.5],[4.0],[3.4641016],[1.5],[4.0],[3.4641016],[1.5],0,1,0,0,0.0,0.0,1
25027,3,2,1,"[0.0, 0.5, 1.0, 1.5, 2.0, 2.5, 2.5, 3.0, 4.5, 7.5]","[0.0, 0.0, 1.0, 1.4142135, 1.7320508, 2.4494898, 2.4494898, 3.0, 4.472136, 7.483315]","[2.0, 3.0, 3.5]","[2.0, 2.828427, 3.1622777]","[-3.0, -3.0, -2.5]","[2.0, 3.0]","[2.0, 2.828427]","[-3.0, -2.5]","[2.5, 3.0]","[2.0, 3.0]","[-2.0, -2.0]",[7.0],[6.708204],[5.0],1,0,1,0,1.0,0.0,0
5351,5,2,1,"[0.0, 0.0, 0.5, 0.5, 1.5, 1.5, 2.5, 2.5, 3.0, 7.5]","[0.0, 0.0, 0.0, 0.0, 0.0, 0.0, 0.0, 1.4142135, 2.4494898, 7.483315]","[1.5, 2.5, 3.5, 4.0, 4.0]","[0.0, 2.4494898, 2.4494898, 2.6457512, 3.8729835]","[-3.5, -3.0, -3.0, -1.5, -1.0]","[1.5, 2.5]","[0.0, 2.4494898]","[-3.5, -3.0]","[3.5, 4.5]","[2.4494898, 3.7416575]","[-1.0, 0.5]",[6.0],[5.656854],[5.0],1,0,1,0,1.0,0.0,0
90216,3,2,1,"[0.5, 1.0, 1.0, 1.0, 1.5, 2.0, 2.0, 2.5, 3.0, 3.5]","[0.0, 0.0, 0.0, 0.0, 0.0, 0.0, 1.0, 2.0, 3.0, 3.1622777]","[0.5, 2.0, 2.0]","[0.0, 1.7320508, 1.7320508]","[-2.5, -1.5, -1.5]","[0.5, 2.0]","[0.0, 1.7320508]","[-2.5, -1.5]","[2.0, 3.0]","[1.7320508, 2.828427]","[-1.5, 2.0]",[6.5],[6.4807405],[5.5],1,0,1,0,1.0,0.0,0
68,5,2,1,"[0.5, 0.5, 1.5, 1.5, 1.5, 2.0, 3.0, 4.0, 5.5, 6.5]","[0.0, 0.0, 0.0, 1.4142135, 1.4142135, 1.4142135, 2.0, 3.4641016, 4.8989797, 6.4807405]","[1.5, 3.0, 3.5, 4.0, 4.5]","[0.0, 2.236068, 2.6457512, 3.4641016, 4.472136]","[-6.0, -3.5, -2.0, -1.5, -1.0]","[1.5, 4.5]","[0.0, 4.472136]","[-6.0, -1.5]","[3.5, 5.0]","[0.0, 4.0]","[-1.0, 0.5]",[3.5],[2.4494898],[1.0],1,0,1,0,1.0,0.0,1
33095,2,2,2,"[0.0, 0.0, 0.5, 0.5, 1.0, 1.5, 3.0, 3.0, 4.0, 7.5]","[0.0, 0.0, 0.0, 0.0, 0.0, 1.4142135, 2.6457512, 2.828427, 3.0, 7.483315]","[1.0, 2.0]","[0.0, 0.0]","[-4.0, -4.0]","[1.0, 2.0]","[0.0, 0.0]","[-4.0, -4.0]","[5.0, 6.5]","[4.0, 6.0]","[2.0, 3.0]","[5.0, 6.5]","[4.0, 6.0]","[2.0, 3.0]",0,2,0,0,0.0,0.0,0
10945,2,2,1,"[0.0, 1.0, 1.0, 1.0, 1.0, 1.5, 1.5, 2.0, 5.5, 6.5]","[0.0, 0.0, 0.0, 0.0, 1.0, 1.0, 1.4142135, 2.0, 5.2915025, 6.3245554]","[1.5, 3.5]","[0.0, 0.0]","[-2.0, -2.0]","[1.5, 3.5]","[0.0, 0.0]","[-2.0, -2.0]","[1.0, 6.0]","[1.0, 5.656854]","[-3.0, 3.5]",[7.5],[7.483315],[7.5],1,0,1,0,1.0,0.0,0
424,26,5,3,"[0.0, 1.5, 3.0, 5.0, 5.5, 5.5, 6.5, 7.5, 8.5, 8.5]","[0.0, 0.0, 1.4142135, 4.0, 4.8989797, 4.8989797, 6.4807405, 7.483315, 8.485281, 8.485281]","[0.0, 0.5, 1.0, 1.0, 1.0, 1.5, 1.5, 1.5, 2.0, 2.0, 2.0, 2.5, 2.5, 2.5, 3.0, 3.0, 3.5, 4.0, 4.0, 4.0, 4.0, 4.5, 5.0, 6.0, 6.0, 6.5]","[0.0, 0.0, 0.0, 0.0, 0.0, 0.0, 0.0, 1.4142135, 1.7320508, 1.7320508, 2.0, 2.0, 2.0, 2.236068, 2.4494898, 2.6457512, 2.6457512, 3.0, 3.1622777, 3.4641016, 3.4641016, 4.472136, 4.582576, 5.656854, 5.91608, 6.4807405]","[-7.0, -7.0, -6.5, -6.5, -6.0, -6.0, -6.0, -5.0, -5.0, -5.0, -4.5, -4.5, -4.5, -4.0, -4.0, -4.0, -3.5, -3.5, -3.5, -2.5, -2.5, -2.0, -2.0, -1.5, -1.5, -1.0]","[0.0, 1.0, 1.0, 2.0, 2.5]","[0.0, 0.0, 0.0, 1.7320508, 2.4494898]","[-7.0, -7.0, -6.5, -6.0, -3.5]","[1.0, 2.0, 2.5, 4.5, 5.5]","[0.0, 1.7320508, 2.4494898, 2.828427, 5.477226]","[-6.5, -6.0, -4.0, 0.0, 1.5]","[1.0, 4.5, 5.5]","[0.0, 2.828427, 5.477226]","[-4.0, 0.0, 1.5]",2,3,0,1,0.0,2.0,1
55974,3,2,1,"[0.0, 1.0, 1.0, 1.5, 2.0, 2.0, 2.5, 3.0, 6.0, 8.0]","[0.0, 0.0, 0.0, 0.0, 1.0, 1.4142135, 2.0, 2.236068, 5.91608, 7.937254]","[1.5, 4.0, 4.5]","[0.0, 0.0, 3.7416575]","[-4.0, -2.5, -2.5]","[1.5, 4.5]","[0.0, 3.7416575]","[-2.5, -2.5]","[4.0, 5.0]","[4.0, 5.0]","[0.0, 0.0]",[5.5],[4.2426405],[4.5],1,0,1,0,1.0,0.0,0
77402,3,2,2,"[0.0, 0.0, 0.5, 0.5, 0.5, 1.0, 3.0, 4.5, 5.5, 8.5]","[0.0, 0.0, 0.0, 0.0, 0.0, 1.0, 2.828427, 4.2426405, 4.472136, 8.485281]","[2.0, 2.5, 3.5]","[0.0, 0.0, 3.1622777]","[-5.0, -3.0, -2.5]","[2.0, 2.5]","[0.0, 0.0]","[-3.0, -2.5]","[2.5, 6.5]","[2.0, 6.4807405]","[0.0, 1.5]","[2.5, 6.5]","[2.0, 6.4807405]","[0.0, 1.5]",0,2,0,0,0.0,0.0,0
89998,3,2,1,"[0.0, 0.5, 1.0, 1.0, 1.0, 1.5, 1.5, 4.0, 6.0, 9.0]","[0.0, 0.0, 0.0, 0.0, 0.0, 0.0, 1.0, 3.8729835, 6.0, 9.0]","[2.0, 4.5, 5.5]","[2.0, 3.7416575, 5.2915025]","[-5.0, -3.0, -2.0]","[2.0, 5.5]","[2.0, 5.2915025]","[-5.0, -2.0]","[4.5, 4.5]","[3.7416575, 4.2426405]","[-3.0, -1.5]",[6.5],[6.0],[2.0],1,0,1,0,1.0,0.0,0
89929,3,2,1,"[0.5, 1.0, 1.5, 1.5, 2.0, 2.0, 2.0, 2.5, 4.5, 7.0]","[0.0, 1.0, 1.4142135, 1.4142135, 1.7320508, 2.0, 2.0, 2.4494898, 4.472136, 7.0]","[2.0, 2.5, 3.5]","[0.0, 1.7320508, 2.4494898]","[-4.0, -2.0, -1.0]","[2.0, 3.5]","[1.7320508, 2.4494898]","[-4.0, -1.0]","[4.0, 4.5]","[0.0, 0.0]","[-1.0, 0.0]",[4.5],[4.2426405],[2.0],1,0,1,0,1.0,0.0,0
930,1,1,1,"[0.0, 0.0, 0.5, 0.5, 1.0, 2.0, 2.0, 3.5, 4.0, 6.0]","[0.0, 0.0, 0.0, 0.0, 0.0, 1.0, 1.7320508, 2.6457512, 3.4641016, 5.656854]",[3.0],[0.0],[-4.5],[3.0],[0.0],[-4.5],[2.5],[2.0],[0.0],[2.5],[2.0],[0.0],0,1,0,0,0.0,0.0,1
27975,3,2,1,"[0.0, 0.5, 1.0, 1.0, 1.0, 1.5, 2.0, 4.0, 5.0, 6.0]","[0.0, 0.0, 0.0, 0.0, 1.0, 1.4142135, 2.0, 2.6457512, 4.8989797, 5.91608]","[1.5, 3.0, 3.0]","[0.0, 1.4142135, 2.828427]","[-3.5, -3.0, -1.5]","[1.5, 3.0]","[1.4142135, 2.828427]","[-3.0, -1.5]","[3.0, 3.5]","[0.0, 3.4641016]","[-3.5, 1.0]",[5.0],[3.0],[2.0],1,0,1,0,1.0,0.0,0
106,1,1,1,"[0.0, 0.5, 0.5, 1.5, 1.5, 1.5, 2.5, 3.0, 4.5, 6.0]","[0.0, 0.0, 0.0, 0.0, 0.0, 0.0, 1.4142135, 2.0, 4.2426405, 5.656854]",[3.5],[2.4494898],[-2.0],[3.5],[2.4494898],[-2.0],[8.5],[8.485281],[3.5],[8.5],[8.485281],[3.5],0,1,0,0,0.0,0.0,1
57258,1,1,1,"[0.0, 0.0, 0.5, 0.5, 1.5, 2.0, 2.5, 3.5, 4.0, 5.5]","[0.0, 0.0, 0.0, 0.0, 0.0, 1.4142135, 1.7320508, 2.0, 2.4494898, 5.2915025]",[3.5],[3.1622777],[-1.5],[3.5],[3.1622777],[-1.5],[5.0],[4.582576],[1.0],[5.0],[4.582576],[1.0],0,1,0,0,0.0,0.0,0
168,2,1,1,"[0.0, 0.5, 0.5, 1.5, 1.5, 2.0, 2.0, 2.0, 4.5, 6.5]","[0.0, 0.0, 0.0, 0.0, 0.0, 0.0, 1.7320508, 1.7320508, 4.472136, 6.0]","[1.0, 2.0]","[0.0, 1.7320508]","[-2.5, -1.5]",[1.0],[0.0],[-1.5],[4.0],[2.6457512],[-2.0],[4.0],[2.6457512],[-2.0],0,1,0,0,0.0,0.0,1
1000,2,2,1,"[0.0, 0.5, 0.5, 1.0, 2.0, 2.5, 2.5, 4.0, 4.5, 9.0]","[0.0, 0.0, 0.0, 0.0, 0.0, 1.0, 1.7320508, 2.0, 4.472136, 9.0]","[1.5, 3.5]","[0.0, 1.4142135]","[-5.0, -2.5]","[1.5, 3.5]","[0.0, 1.4142135]","[-5.0, -2.5]","[7.0, 8.5]","[6.928203, 8.485281]","[1.5, 2.0]",[3.0],[3.0],[0.0],1,0,1,0,1.0,0.0,1
44365,1,1,1,"[0.0, 0.5, 0.5, 1.0, 1.5, 2.0, 2.0, 3.0, 4.0, 4.0]","[0.0, 0.0, 0.0, 0.0, 0.0, 0.0, 1.4142135, 2.6457512, 2.6457512, 3.0]",[1.5],[1.4142135],[-2.0],[1.5],[1.4142135],[-2.0],[7.0],[6.928203],[5.5],[7.0],[6.928203],[5.5],0,1,0,0,0.0,0.0,0
38577,1,1,1,"[0.5, 0.5, 1.0, 1.0, 1.0, 2.0, 2.5, 3.0, 3.0, 3.0]","[0.0, 0.0, 0.0, 0.0, 0.0, 0.0, 0.0, 2.236068, 2.4494898, 2.828427]",[0.5],[0.0],[-1.5],[0.5],[0.0],[-1.5],[5.0],[4.0],[1.5],[5.0],[4.0],[1.5],0,1,0,0,0.0,0.0,0
6533,4,2,1,"[0.0, 0.5, 1.0, 1.0, 1.5, 1.5, 2.0, 3.0, 5.0, 7.0]","[0.0, 0.0, 0.0, 1.0, 1.4142135, 1.4142135, 1.7320508, 3.0, 4.8989797, 6.928203]","[1.5, 2.5, 3.0, 4.0]","[0.0, 0.0, 2.828427, 3.8729835]","[-3.0, -2.0, -1.5, -1.5]","[1.5, 3.0]","[0.0, 2.828427]","[-3.0, -1.5]","[6.0, 8.0]","[5.91608, 7.937254]","[2.0, 3.5]",[8.5],[8.485281],[7.0],1,0,1,0,1.0,0.0,0
36,1,1,1,"[0.0, 0.0, 0.5, 1.5, 1.5, 2.5, 3.0, 3.5, 4.0, 6.5]","[0.0, 0.0, 0.0, 0.0, 1.4142135, 2.0, 2.236068, 3.1622777, 3.4641016, 6.0]",[3.0],[3.0],[-1.5],[3.0],[3.0],[-1.5],[6.0],[5.196152],[1.0],[6.0],[5.196152],[1.0],0,1,0,0,0.0,0.0,1
74015,3,2,2,"[0.0, 0.5, 0.5, 0.5, 1.5, 2.0, 2.5, 3.0, 5.0, 6.0]","[0.0, 0.0, 0.0, 0.0, 0.0, 1.4142135, 2.4494898, 2.828427, 4.0, 5.91608]","[1.0, 1.5, 3.5]","[0.0, 0.0, 2.4494898]","[-3.5, -3.0, -2.0]","[1.0, 1.5]","[0.0, 0.0]","[-3.5, -2.0]","[4.0, 4.5]","[2.828427, 4.0]","[-0.5, 3.0]","[4.0, 4.5]","[2.828427, 4.0]","[-0.5, 3.0]",0,2,0,0,0.0,0.0,0
15063,1,1,1,"[0.5, 1.0, 1.5, 1.5, 1.5, 2.0, 2.0, 2.0, 3.5, 4.5]","[0.0, 0.0, 0.0, 0.0, 0.0, 0.0, 1.4142135, 1.7320508, 3.4641016, 4.472136]",[2.5],[2.4494898],[-1.0],[2.5],[2.4494898],[-1.0],[6.0],[5.91608],[3.0],[6.0],[5.91608],[3.0],0,1,0,0,0.0,0.0,0
443,1,1,1,"[0.5, 1.0, 1.0, 1.0, 2.0, 2.0, 2.0, 2.5, 4.0, 6.0]","[0.0, 0.0, 0.0, 0.0, 1.7320508, 2.0, 2.0, 2.4494898, 2.6457512, 5.91608]",[3.0],[0.0],[-1.5],[3.0],[0.0],[-1.5],[4.5],[4.472136],[1.0],[4.5],[4.472136],[1.0],0,1,0,0,0.0,0.0,1
22324,2,2,1,"[0.0, 0.5, 1.0, 1.5, 1.5, 2.5, 2.5, 3.0, 4.0, 6.5]","[0.0, 0.0, 0.0, 1.0, 1.4142135, 2.0, 2.0, 2.828427, 3.4641016, 6.3245554]","[1.5, 5.0]","[0.0, 5.0]","[-2.0, -1.5]","[1.5, 5.0]","[0.0, 5.0]","[-2.0, -1.5]","[3.0, 4.5]","[2.828427, 2.828427]","[-1.5, 1.0]",[7.5],[7.3484693],[6.0],1,0,1,0,1.0,0.0,0
288,1,1,1,"[0.5, 0.5, 1.0, 1.5, 1.5, 2.0, 2.0, 2.5, 3.5, 5.5]","[0.0, 0.0, 0.0, 0.0, 0.0, 1.0, 1.4142135, 2.4494898, 3.1622777, 5.2915025]",[2.0],[2.0],[-2.0],[2.0],[2.0],[-2.0],[5.0],[4.582576],[1.5],[5.0],[4.582576],[1.5],0,1,0,0,0.0,0.0,1
38,2,1,1,"[0.5, 0.5, 1.0, 1.0, 1.0, 1.5, 3.0, 4.0, 4.5, 5.0]","[0.0, 0.0, 0.0, 0.0, 1.0, 1.4142135, 2.6457512, 2.828427, 2.828427, 4.8989797]","[2.5, 3.5]","[0.0, 2.4494898]","[-2.0, -1.5]",[2.5],[0.0],[-2.0],[3.0],[3.0],[2.0],[3.0],[3.0],[2.0],0,1,0,0,0.0,0.0,1
44438,2,2,1,"[0.0, 0.5, 1.0, 1.0, 1.5, 1.5, 2.0, 3.5, 5.0, 6.5]","[0.0, 0.0, 0.0, 0.0, 0.0, 1.0, 1.4142135, 1.7320508, 4.8989797, 6.3245554]","[1.0, 3.0]","[1.0, 2.236068]","[-3.0, -2.0]","[1.0, 3.0]","[1.0, 2.236068]","[-3.0, -2.0]","[0.5, 2.0]","[0.0, 1.7320508]","[-2.0, -2.0]",[2.5],[2.4494898],[2.5],1,0,1,0,1.0,0.0,0
160,1,1,1,"[0.0, 0.5, 1.0, 1.5, 2.0, 2.5, 3.0, 3.0, 3.0, 5.0]","[0.0, 0.0, 0.0, 0.0, 0.0, 0.0, 0.0, 2.236068, 2.828427, 4.8989797]",[1.0],[0.0],[-2.5],[1.0],[0.0],[-2.5],[3.0],[2.828427],[0.0],[3.0],[2.828427],[0.0],0,1,0,0,0.0,0.0,1
820,1,1,1,"[0.0, 1.0, 1.0, 1.5, 1.5, 1.5, 2.0, 3.0, 4.0, 8.0]","[0.0, 0.0, 1.0, 1.4142135, 1.4142135, 1.4142135, 2.0, 2.828427, 3.8729835, 7.937254]",[4.5],[2.828427],[-2.0],[4.5],[2.828427],[-2.0],[3.0],[3.0],[-1.5],[3.0],[3.0],[-1.5],0,1,0,0,0.0,0.0,1
979,1,1,1,"[0.0, 1.0, 1.0, 1.0, 1.0, 1.5, 1.5, 3.0, 3.0, 5.0]","[0.0, 0.0, 0.0, 0.0, 0.0, 1.0, 1.4142135, 2.828427, 3.0, 4.8989797]",[1.0],[0.0],[-1.5],[1.0],[0.0],[-1.5],[5.5],[4.2426405],[2.0],[5.5],[4.2426405],[2.0],0,1,0,0,0.0,0.0,1
338,4,1,1,"[0.0, 0.0, 0.5, 1.0, 1.5, 2.0, 2.0, 2.5, 5.0, 6.0]","[0.0, 0.0, 0.0, 0.0, 0.0, 1.4142135, 1.7320508, 2.4494898, 3.0, 5.656854]","[2.0, 2.5, 3.5, 4.5]","[1.7320508, 2.0, 2.828427, 3.1622777]","[-4.0, -4.0, -2.5, -2.0]",[4.5],[2.828427],[-4.0],[8.0],[7.937254],[5.5],[8.0],[7.937254],[5.5],0,1,0,0,0.0,0.0,1
13658,5,2,1,"[0.0, 0.5, 1.0, 1.0, 1.5, 1.5, 2.0, 3.5, 5.0, 8.0]","[0.0, 0.0, 0.0, 0.0, 0.0, 1.0, 1.7320508, 3.1622777, 4.582576, 7.937254]","[2.0, 2.5, 3.0, 4.0, 5.0]","[0.0, 2.0, 2.236068, 4.0, 4.0]","[-4.0, -3.5, -3.0, -2.0, -2.0]","[2.0, 4.0]","[2.0, 4.0]","[-4.0, -2.0]","[0.5, 3.0]","[0.0, 2.236068]","[-3.0, -2.5]",[6.5],[6.4807405],[5.5],1,0,1,0,1.0,0.0,0
47250,3,1,1,"[0.5, 0.5, 1.0, 1.0, 2.0, 3.0, 3.0, 3.0, 4.5, 5.0]","[0.0, 0.0, 0.0, 0.0, 0.0, 0.0, 0.0, 2.828427, 2.828427, 4.8989797]","[0.5, 3.0, 6.0]","[0.0, 0.0, 5.91608]","[-6.5, -3.0, -1.0]",[0.5],[0.0],[-6.5],[6.0],[6.0],[5.5],[6.0],[6.0],[5.5],0,1,0,0,0.0,0.0,0
984,1,1,1,"[0.0, 0.0, 0.5, 0.5, 1.5, 1.5, 1.5, 2.0, 3.0, 3.5]","[0.0, 0.0, 0.0, 0.0, 0.0, 0.0, 0.0, 1.4142135, 2.0, 2.828427]",[2.5],[2.0],[-2.0],[2.5],[2.0],[-2.0],[4.5],[3.7416575],[2.5],[4.5],[3.7416575],[2.5],0,1,0,0,0.0,0.0,1
615,4,2,1,"[0.0, 0.5, 1.5, 1.5, 2.0, 2.0, 2.5, 2.5, 3.5, 6.5]","[0.0, 0.0, 0.0, 0.0, 0.0, 1.4142135, 2.0, 2.0, 3.4641016, 6.3245554]","[1.5, 1.5, 3.5, 4.5]","[0.0, 0.0, 1.4142135, 4.2426405]","[-2.5, -2.0, -1.5, -1.0]","[1.5, 4.5]","[1.4142135, 4.2426405]","[-2.5, -2.0]","[2.5, 7.0]","[2.4494898, 6.708204]","[0.0, 1.0]",[4.5],[2.828427],[2.5],1,0,1,0,1.0,0.0,1
32,1,1,1,"[0.0, 0.0, 1.0, 1.5, 1.5, 1.5, 2.0, 2.0, 2.0, 5.0]","[0.0, 0.0, 0.0, 0.0, 0.0, 0.0, 0.0, 0.0, 1.4142135, 4.0]",[5.0],[4.582576],[-1.0],[5.0],[4.582576],[-1.0],[7.0],[6.708204],[6.0],[7.0],[6.708204],[6.0],0,1,0,0,0.0,0.0,1
618,1,1,1,"[0.0, 0.0, 0.5, 0.5, 1.0, 1.5, 2.0, 4.0, 4.5, 6.0]","[0.0, 0.0, 0.0, 0.0, 0.0, 1.4142135, 2.0, 3.7416575, 3.8729835, 5.656854]",[2.0],[1.7320508],[-3.0],[2.0],[1.7320508],[-3.0],[4.0],[3.4641016],[2.0],[4.0],[3.4641016],[2.0],0,1,0,0,0.0,0.0,1
9026,3,2,1,"[0.0, 0.0, 0.5, 1.0, 2.5, 2.5, 3.5, 3.5, 4.5, 6.0]","[0.0, 0.0, 0.0, 0.0, 0.0, 2.0, 2.4494898, 3.4641016, 4.2426405, 6.0]","[1.5, 2.5, 3.5]","[0.0, 2.0, 3.1622777]","[-1.5, -1.0, -1.0]","[1.5, 2.5]","[0.0, 2.0]","[-1.5, -1.0]","[1.0, 1.0]","[0.0, 1.0]","[-1.0, -0.5]",[5.0],[4.8989797],[5.0],1,0,1,0,1.0,0.0,0
928,1,1,1,"[0.5, 0.5, 0.5, 1.0, 1.5, 1.5, 3.0, 3.0, 4.0, 5.5]","[0.0, 0.0, 0.0, 0.0, 0.0, 0.0, 1.4142135, 1.4142135, 3.4641016, 4.8989797]",[6.0],[5.91608],[-1.0],[6.0],[5.91608],[-1.0],[4.0],[2.6457512],[1.5],[4.0],[2.6457512],[1.5],0,1,0,0,0.0,0.0,1
715,1,1,1,"[0.0, 1.0, 1.0, 1.5, 1.5, 1.5, 1.5, 2.0, 4.5, 5.0]","[0.0, 0.0, 0.0, 1.0, 1.4142135, 1.4142135, 1.4142135, 1.4142135, 1.7320508, 4.0]",[3.5],[0.0],[-1.0],[3.5],[0.0],[-1.0],[4.0],[2.6457512],[1.5],[4.0],[2.6457512],[1.5],0,1,0,0,0.0,0.0,1
942,1,1,1,"[0.5, 1.0, 1.0, 1.0, 1.5, 2.5, 3.0, 3.0, 3.5, 3.5]","[0.0, 0.0, 0.0, 0.0, 1.0, 2.236068, 2.4494898, 2.828427, 3.1622777, 3.4641016]",[2.0],[0.0],[-1.5],[2.0],[0.0],[-1.5],[0.5],[0.0],[-0.5],[0.5],[0.0],[-0.5],0,1,0,0,0.0,0.0,1
39176,2,1,1,"[1.0, 1.0, 2.0, 2.0, 2.0, 2.5, 2.5, 3.5, 4.5, 4.5]","[0.0, 0.0, 0.0, 0.0, 1.7320508, 2.0, 2.4494898, 3.1622777, 4.2426405, 4.472136]","[1.0, 2.0]","[0.0, 1.7320508]","[-3.5, -1.5]",[1.0],[0.0],[-3.5],[3.5],[0.0],[1.0],[3.5],[0.0],[1.0],0,1,0,0,0.0,0.0,0
18118,1,1,1,"[0.0, 1.0, 1.0, 1.0, 1.5, 1.5, 2.0, 2.0, 2.0, 6.0]","[0.0, 0.0, 0.0, 0.0, 1.0, 1.0, 1.7320508, 1.7320508, 2.0, 5.196152]",[4.0],[0.0],[-1.5],[4.0],[0.0],[-1.5],[6.5],[6.0],[5.0],[6.5],[6.0],[5.0],0,1,0,0,0.0,0.0,0
978,4,2,1,"[0.5, 0.5, 1.0, 1.0, 1.5, 2.5, 3.5, 4.0, 5.5, 6.5]","[0.0, 0.0, 0.0, 0.0, 0.0, 2.4494898, 3.4641016, 3.8729835, 5.2915025, 6.4807405]","[1.0, 1.5, 2.0, 2.5]","[0.0, 0.0, 1.7320508, 2.4494898]","[-4.0, -3.5, -2.5, -1.5]","[1.0, 2.0]","[0.0, 1.7320508]","[-4.0, -3.5]","[5.5, 6.0]","[4.2426405, 5.656854]","[-0.5, 2.5]",[3.5],[3.4641016],[-0.5],1,0,1,0,1.0,0.0,1
39008,1,1,1,"[0.0, 0.0, 1.5, 1.5, 2.0, 2.5, 2.5, 2.5, 3.5, 3.5]","[0.0, 0.0, 0.0, 0.0, 1.4142135, 1.4142135, 2.4494898, 2.4494898, 2.4494898, 3.1622777]",[2.5],[2.0],[-2.0],[2.5],[2.0],[-2.0],[4.5],[2.828427],[3.0],[4.5],[2.828427],[3.0],0,1,0,0,0.0,0.0,0
410,1,1,1,"[0.0, 0.5, 0.5, 1.0, 1.5, 1.5, 1.5, 2.0, 3.0, 4.0]","[0.0, 0.0, 0.0, 0.0, 1.0, 1.4142135, 1.4142135, 1.7320508, 2.236068, 4.0]",[1.0],[0.0],[-3.5],[1.0],[0.0],[-3.5],[7.0],[6.708204],[4.5],[7.0],[6.708204],[4.5],0,1,0,0,0.0,0.0,1
64200,4,2,2,"[0.0, 0.5, 0.5, 2.0, 2.0, 3.5, 4.0, 4.0, 4.0, 6.0]","[0.0, 0.0, 0.0, 0.0, 0.0, 1.7320508, 2.4494898, 2.6457512, 3.4641016, 5.656854]","[2.5, 3.0, 3.0, 4.5]","[0.0, 2.236068, 2.4494898, 4.472136]","[-4.0, -3.0, -2.5, -1.5]","[3.0, 3.0]","[0.0, 2.236068]","[-3.0, -1.5]","[3.5, 5.0]","[3.4641016, 4.582576]","[1.5, 3.5]","[3.5, 5.0]","[3.4641016, 4.582576]","[1.5, 3.5]",0,2,0,0,0.0,0.0,0
19352,2,1,1,"[0.0, 0.0, 0.5, 1.0, 1.0, 1.5, 1.5, 2.5, 3.0, 4.0]","[0.0, 0.0, 0.0, 0.0, 1.0, 1.4142135, 1.4142135, 2.0, 2.828427, 4.0]","[0.5, 1.5]","[0.0, 0.0]","[-2.5, -2.0]",[0.5],[0.0],[-2.0],[9.0],[9.0],[7.5],[9.0],[9.0],[7.5],0,1,0,0,0.0,0.0,0
941,1,1,1,"[0.5, 0.5, 1.0, 1.0, 1.5, 2.0, 2.5, 3.5, 4.5, 5.0]","[0.0, 0.0, 0.0, 0.0, 0.0, 0.0, 1.0, 2.0, 2.0, 4.0]",[1.5],[1.4142135],[-3.5],[1.5],[1.4142135],[-3.5],[3.0],[3.0],[1.0],[3.0],[3.0],[1.0],0,1,0,0,0.0,0.0,1
955,1,1,1,"[0.0, 0.0, 0.0, 1.0, 1.0, 1.0, 1.5, 2.5, 4.5, 5.5]","[0.0, 0.0, 0.0, 0.0, 0.0, 0.0, 1.4142135, 2.4494898, 4.472136, 4.8989797]",[1.5],[0.0],[-4.5],[1.5],[0.0],[-4.5],[4.5],[3.7416575],[0.5],[4.5],[3.7416575],[0.5],0,1,0,0,0.0,0.0,1
105,3,1,1,"[1.0, 1.0, 1.0, 1.0, 1.5, 1.5, 2.0, 2.0, 3.0, 5.5]","[0.0, 0.0, 0.0, 0.0, 0.0, 0.0, 0.0, 1.0, 2.236068, 4.2426405]","[1.0, 2.5, 3.0]","[0.0, 0.0, 2.828427]","[-5.5, -3.0, -2.5]",[1.0],[0.0],[-5.5],[4.5],[4.472136],[3.5],[4.5],[4.472136],[3.5],0,1,0,0,0.0,0.0,1
37764,3,1,1,"[0.0, 0.5, 1.5, 2.0, 2.5, 3.0, 3.5, 4.0, 5.0, 5.5]","[0.0, 0.0, 0.0, 1.7320508, 2.4494898, 2.4494898, 2.6457512, 2.828427, 4.582576, 4.8989797]","[0.5, 3.0, 4.5]","[0.0, 0.0, 4.472136]","[-5.0, -3.0, -2.0]",[0.5],[0.0],[-5.0],[8.0],[8.0],[6.0],[8.0],[8.0],[6.0],0,1,0,0,0.0,0.0,0
47,1,1,1,"[1.0, 1.0, 1.5, 2.0, 2.5, 3.0, 3.0, 3.5, 4.0, 5.0]","[0.0, 0.0, 1.4142135, 1.7320508, 2.0, 2.236068, 2.828427, 3.1622777, 4.0, 4.8989797]",[1.0],[1.0],[-2.0],[1.0],[1.0],[-2.0],[5.0],[4.8989797],[1.5],[5.0],[4.8989797],[1.5],0,1,0,0,0.0,0.0,1
53652,2,1,1,"[0.5, 1.0, 1.0, 1.5, 2.0, 2.5, 2.5, 3.0, 4.0, 5.5]","[0.0, 0.0, 0.0, 0.0, 0.0, 2.0, 2.4494898, 2.6457512, 2.828427, 4.8989797]","[2.5, 3.5]","[0.0, 2.0]","[-3.0, -2.5]",[2.5],[2.0],[-2.5],[8.0],[7.937254],[4.5],[8.0],[7.937254],[4.5],0,1,0,0,0.0,0.0,0
46562,4,2,1,"[0.5, 0.5, 1.0, 1.5, 1.5, 2.5, 3.0, 3.0, 6.5, 6.5]","[0.0, 0.0, 0.0, 0.0, 0.0, 0.0, 1.4142135, 2.0, 6.3245554, 6.4807405]","[1.5, 2.0, 3.0, 4.0]","[0.0, 0.0, 1.4142135, 3.8729835]","[-5.0, -3.5, -3.0, -1.5]","[1.5, 2.0]","[0.0, 1.4142135]","[-5.0, -3.0]","[2.0, 5.5]","[2.0, 4.8989797]","[-2.5, 3.0]",[4.5],[0.0],[4.0],1,0,1,0,1.0,0.0,0
466,1,1,1,"[0.5, 0.5, 1.0, 1.0, 2.0, 2.0, 2.0, 4.5, 4.5, 5.0]","[0.0, 0.0, 0.0, 0.0, 0.0, 0.0, 2.0, 2.0, 4.2426405, 4.8989797]",[1.5],[0.0],[-6.0],[1.5],[0.0],[-6.0],[4.0],[0.0],[2.5],[4.0],[0.0],[2.5],0,1,0,0,0.0,0.0,1
9478,3,2,1,"[0.0, 1.0, 1.5, 1.5, 1.5, 2.0, 2.0, 2.5, 3.0, 3.5]","[0.0, 0.0, 0.0, 0.0, 1.0, 1.4142135, 1.7320508, 2.4494898, 2.4494898, 3.0]","[1.0, 1.0, 1.0]","[0.0, 0.0, 1.0]","[-2.0, -1.0, -1.0]","[1.0, 1.0]","[0.0, 1.0]","[-2.0, -1.0]","[1.0, 1.5]","[0.0, 0.0]","[-1.0, -1.0]",[5.5],[5.477226],[4.0],1,0,1,0,1.0,0.0,0
88128,3,2,1,"[0.0, 0.5, 0.5, 1.5, 1.5, 2.0, 2.5, 2.5, 6.0, 6.5]","[0.0, 0.0, 0.0, 1.4142135, 1.4142135, 1.7320508, 2.0, 2.4494898, 5.656854, 6.3245554]","[2.0, 2.0, 2.0]","[0.0, 1.7320508, 2.0]","[-6.0, -3.5, -2.5]","[2.0, 2.0]","[0.0, 2.0]","[-3.5, -2.5]","[5.0, 6.5]","[4.8989797, 6.3245554]","[0.5, 3.0]",[4.5],[0.0],[3.0],1,0,1,0,1.0,0.0,0
973,7,2,1,"[0.0, 0.5, 0.5, 1.0, 3.0, 3.5, 4.0, 4.5, 5.5, 8.0]","[0.0, 0.0, 0.0, 0.0, 0.0, 0.0, 3.4641016, 4.2426405, 4.8989797, 7.937254]","[2.0, 2.0, 2.0, 3.0, 3.5, 4.5, 4.5]","[0.0, 1.7320508, 1.7320508, 2.4494898, 2.828427, 3.7416575, 4.2426405]","[-5.0, -4.5, -3.5, -3.0, -3.0, -2.0, -2.0]","[2.0, 4.5]","[1.7320508, 3.7416575]","[-3.5, -3.0]","[3.5, 6.0]","[2.4494898, 5.656854]","[-3.0, 0.0]",[3.5],[3.1622777],[-1.0],1,0,1,0,1.0,0.0,1
491,1,1,1,"[0.0, 0.0, 0.5, 1.5, 2.0, 2.0, 2.5, 2.5, 3.0, 4.0]","[0.0, 0.0, 0.0, 0.0, 0.0, 0.0, 0.0, 0.0, 1.4142135, 2.236068]",[3.5],[3.4641016],[-1.5],[3.5],[3.4641016],[-1.5],[3.5],[2.4494898],[3.0],[3.5],[2.4494898],[3.0],0,1,0,0,0.0,0.0,1
13066,3,2,1,"[0.0, 0.0, 0.5, 1.5, 1.5, 2.0, 2.0, 2.0, 2.0, 7.0]","[0.0, 0.0, 0.0, 0.0, 0.0, 1.4142135, 1.7320508, 1.7320508, 2.0, 6.708204]","[2.0, 2.0, 2.0]","[0.0, 1.7320508, 1.7320508]","[-4.5, -4.0, -1.5]","[2.0, 2.0]","[1.7320508, 1.7320508]","[-4.0, -1.5]","[2.0, 2.5]","[1.7320508, 2.4494898]","[-3.0, -1.0]",[5.5],[5.2915025],[4.0],1,0,1,0,1.0,0.0,0
76825,1,1,1,"[0.0, 0.5, 0.5, 1.0, 1.5, 2.0, 3.0, 3.0, 4.0, 4.0]","[0.0, 0.0, 0.0, 0.0, 0.0, 0.0, 1.0, 2.236068, 3.4641016, 4.0]",[3.0],[2.828427],[-2.0],[3.0],[2.828427],[-2.0],[8.5],[8.485281],[5.5],[8.5],[8.485281],[5.5],0,1,0,0,0.0,0.0,0
431,5,2,2,"[0.0, 0.5, 0.5, 1.0, 1.5, 2.5, 3.0, 4.0, 4.0, 6.5]","[0.0, 0.0, 0.0, 0.0, 0.0, 0.0, 0.0, 2.0, 2.236068, 6.4807405]","[2.0, 3.0, 3.5, 4.0, 5.0]","[1.7320508, 2.236068, 2.4494898, 4.0, 4.582576]","[-4.5, -4.5, -3.5, -1.5, -1.0]","[2.0, 4.0]","[1.7320508, 4.0]","[-4.5, -3.5]","[3.5, 3.5]","[0.0, 0.0]","[0.5, 3.0]","[3.5, 3.5]","[0.0, 0.0]","[0.5, 3.0]",0,2,0,0,0.0,0.0,1
35701,2,2,1,"[0.0, 0.0, 1.0, 1.0, 2.0, 2.0, 2.5, 3.0, 4.5, 5.5]","[0.0, 0.0, 0.0, 0.0, 1.0, 1.0, 1.7320508, 2.0, 3.7416575, 5.477226]","[0.5, 2.5]","[0.0, 2.0]","[-3.0, -2.5]","[0.5, 2.5]","[0.0, 2.0]","[-3.0, -2.5]","[5.0, 6.5]","[4.8989797, 6.0]","[2.5, 3.0]",[4.5],[2.828427],[4.0],1,0,1,0,1.0,0.0,0
42297,2,2,1,"[0.5, 0.5, 1.0, 1.5, 1.5, 1.5, 1.5, 2.0, 2.0, 5.5]","[0.0, 0.0, 0.0, 0.0, 0.0, 0.0, 0.0, 1.4142135, 2.0, 4.8989797]","[1.0, 2.5]","[0.0, 0.0]","[-2.5, -1.5]","[1.0, 2.5]","[0.0, 0.0]","[-2.5, -1.5]","[3.5, 5.0]","[0.0, 4.8989797]","[-1.5, 3.0]",[8.0],[7.937254],[6.5],1,0,1,0,1.0,0.0,0
98834,2,2,1,"[0.0, 0.5, 1.0, 1.0, 1.5, 2.0, 2.0, 2.5, 3.0, 8.5]","[0.0, 0.0, 0.0, 0.0, 0.0, 1.7320508, 2.0, 2.4494898, 2.828427, 8.485281]","[2.0, 2.5]","[0.0, 1.7320508]","[-3.5, -3.0]","[2.0, 2.5]","[0.0, 1.7320508]","[-3.5, -3.0]","[1.0, 3.0]","[0.0, 1.0]","[-3.5, -2.0]",[5.0],[4.582576],[4.0],1,0,1,0,1.0,0.0,0
93655,1,1,1,"[0.0, 0.5, 1.5, 1.5, 2.0, 2.5, 3.5, 3.5, 4.0, 5.5]","[0.0, 0.0, 0.0, 1.4142135, 1.7320508, 2.0, 3.1622777, 3.4641016, 4.0, 5.2915025]",[2.5],[2.4494898],[-1.0],[2.5],[2.4494898],[-1.0],[6.5],[6.4807405],[4.5],[6.5],[6.4807405],[4.5],0,1,0,0,0.0,0.0,0
773,3,2,2,"[0.5, 1.0, 1.0, 1.5, 2.0, 2.0, 3.5, 3.5, 3.5, 4.5]","[0.0, 0.0, 0.0, 0.0, 0.0, 1.7320508, 2.0, 2.4494898, 3.4641016, 3.7416575]","[2.0, 4.0, 4.0]","[0.0, 3.4641016, 3.8729835]","[-4.5, -2.5, -1.5]","[2.0, 4.0]","[0.0, 3.8729835]","[-4.5, -1.5]","[1.5, 5.0]","[1.4142135, 4.582576]","[0.0, 3.5]","[1.5, 5.0]","[1.4142135, 4.582576]","[0.0, 3.5]",0,2,0,0,0.0,0.0,1
211,4,3,1,"[0.5, 0.5, 0.5, 1.0, 1.0, 1.0, 3.0, 5.5, 6.0, 6.5]","[0.0, 0.0, 0.0, 0.0, 0.0, 0.0, 2.236068, 4.8989797, 5.656854, 6.3245554]","[2.0, 2.0, 3.0, 4.5]","[0.0, 2.0, 2.828427, 4.2426405]","[-3.5, -3.5, -2.5, -1.5]","[2.0, 2.0, 3.0]","[0.0, 2.0, 2.828427]","[-3.5, -3.5, -2.5]","[4.5, 5.0, 7.5]","[3.7416575, 4.0, 7.3484693]","[-1.5, -1.5, 3.0]",[5.0],[4.582576],[0.5],2,0,1,0,2.0,0.0,1
17020,5,2,2,"[0.0, 0.0, 0.5, 1.0, 3.0, 3.0, 3.0, 4.0, 5.0, 8.5]","[0.0, 0.0, 0.0, 0.0, 2.236068, 2.828427, 3.0, 3.0, 4.0, 8.485281]","[0.5, 0.5, 4.0, 4.0, 5.5]","[0.0, 0.0, 0.0, 3.4641016, 5.477226]","[-6.5, -4.5, -3.5, -2.5, -2.0]","[0.5, 0.5]","[0.0, 0.0]","[-6.5, -4.5]","[1.5, 5.5]","[0.0, 5.2915025]","[-3.0, 5.0]","[1.5, 5.5]","[0.0, 5.2915025]","[-3.0, 5.0]",0,2,0,0,0.0,0.0,0
85295,1,1,1,"[1.0, 2.0, 2.0, 2.5, 2.5, 3.0, 3.0, 3.0, 3.5, 5.5]","[0.0, 0.0, 0.0, 1.7320508, 2.0, 2.4494898, 2.4494898, 2.828427, 2.828427, 5.2915025]",[3.0],[3.0],[-2.5],[3.0],[3.0],[-2.5],[5.0],[4.582576],[2.0],[5.0],[4.582576],[2.0],0,1,0,0,0.0,0.0,0
29006,2,2,1,"[0.0, 1.5, 2.0, 2.0, 2.5, 3.0, 3.5, 3.5, 4.5, 5.0]","[0.0, 0.0, 0.0, 1.4142135, 1.7320508, 3.0, 3.4641016, 3.4641016, 4.2426405, 5.0]","[1.5, 1.5]","[1.4142135, 1.4142135]","[-2.5, -1.5]","[1.5, 1.5]","[1.4142135, 1.4142135]","[-2.5, -1.5]","[2.5, 4.0]","[0.0, 2.6457512]","[-0.5, 1.5]",[3.0],[2.236068],[1.0],1,0,1,0,1.0,0.0,0
490,5,2,1,"[0.0, 0.0, 0.0, 0.0, 0.0, 1.5, 3.5, 4.0, 4.0, 7.5]","[0.0, 0.0, 0.0, 0.0, 0.0, 1.4142135, 3.1622777, 3.4641016, 3.8729835, 7.483315]","[1.0, 1.5, 3.0, 3.5, 3.5]","[0.0, 0.0, 2.236068, 2.4494898, 3.1622777]","[-5.0, -4.0, -2.5, -2.0, -1.5]","[1.0, 1.5]","[0.0, 0.0]","[-5.0, -4.0]","[3.5, 6.0]","[2.4494898, 5.196152]","[-1.5, 0.0]",[5.5],[5.477226],[2.0],1,0,1,0,1.0,0.0,1
691,7,4,0,"[0.0, 0.5, 0.5, 1.5, 1.5, 2.0, 2.5, 3.0, 8.0, 8.0]","[0.0, 0.0, 0.0, 0.0, 0.0, 2.0, 2.4494898, 2.828427, 7.937254, 7.937254]","[1.0, 2.0, 2.5, 3.0, 4.0, 5.0, 6.5]","[0.0, 1.0, 1.7320508, 2.828427, 3.4641016, 4.8989797, 6.3245554]","[-4.5, -3.0, -2.5, -2.5, -2.0, -2.0, -1.0]","[1.0, 2.0, 3.0, 5.0]","[1.0, 1.7320508, 2.828427, 4.8989797]","[-4.5, -3.0, -2.0, -1.0]","[4.0, 5.0, 6.5, 9.0]","[2.6457512, 5.0, 6.3245554, 9.0]","[-2.5, -0.5, 0.5, 5.5]",[],[],[],4,0,0,1,0.0,4.0,1
606,4,2,2,"[0.0, 0.0, 0.5, 0.5, 1.0, 1.0, 2.5, 4.5, 5.5, 8.0]","[0.0, 0.0, 0.0, 0.0, 0.0, 0.0, 0.0, 4.2426405, 5.477226, 8.0]","[1.5, 2.5, 2.5, 3.0]","[1.4142135, 2.0, 2.4494898, 2.828427]","[-4.0, -3.5, -3.5, -1.5]","[1.5, 3.0]","[1.4142135, 2.828427]","[-4.0, -3.5]","[5.0, 7.0]","[5.0, 6.708204]","[0.0, 3.5]","[5.0, 7.0]","[5.0, 6.708204]","[0.0, 3.5]",0,2,0,0,0.0,0.0,1
17362,4,2,1,"[0.5, 1.5, 1.5, 1.5, 1.5, 2.0, 2.0, 3.0, 4.0, 8.5]","[0.0, 0.0, 0.0, 0.0, 1.4142135, 1.4142135, 1.4142135, 1.7320508, 3.4641016, 8.485281]","[1.5, 2.0, 2.5, 3.0]","[0.0, 0.0, 1.7320508, 2.828427]","[-4.5, -4.0, -3.5, -2.5]","[1.5, 2.0]","[0.0, 1.7320508]","[-4.0, -3.5]","[4.5, 8.0]","[3.7416575, 8.0]","[0.0, 3.0]",[7.0],[7.0],[6.0],1,0,1,0,1.0,0.0,0
527,1,1,1,"[0.0, 0.5, 0.5, 1.0, 1.0, 1.5, 2.0, 4.0, 4.0, 7.0]","[0.0, 0.0, 0.0, 0.0, 0.0, 0.0, 1.7320508, 3.4641016, 4.0, 7.0]",[2.5],[2.0],[-4.0],[2.5],[2.0],[-4.0],[5.5],[4.2426405],[1.0],[5.5],[4.2426405],[1.0],0,1,0,0,0.0,0.0,1
63135,2,1,1,"[0.0, 0.5, 0.5, 1.5, 1.5, 2.5, 2.5, 3.0, 3.0, 5.0]","[0.0, 0.0, 0.0, 0.0, 0.0, 0.0, 2.4494898, 2.4494898, 2.828427, 4.0]","[1.0, 3.5]","[1.0, 3.4641016]","[-4.0, -3.5]",[1.0],[1.0],[-4.0],[4.0],[3.8729835],[1.0],[4.0],[3.8729835],[1.0],0,1,0,0,0.0,0.0,0
306,1,1,1,"[0.0, 0.5, 0.5, 1.0, 1.0, 1.5, 2.0, 4.5, 5.5, 6.5]","[0.0, 0.0, 0.0, 0.0, 0.0, 1.4142135, 1.7320508, 4.2426405, 4.8989797, 6.4807405]",[1.0],[1.0],[-4.0],[1.0],[1.0],[-4.0],[8.0],[7.937254],[2.0],[8.0],[7.937254],[2.0],0,1,0,0,0.0,0.0,1
863,1,1,1,"[0.0, 0.5, 1.0, 1.0, 1.5, 2.0, 2.0, 2.5, 4.0, 5.0]","[0.0, 0.0, 0.0, 0.0, 0.0, 0.0, 0.0, 1.0, 2.0, 4.8989797]",[2.5],[0.0],[-1.0],[2.5],[0.0],[-1.0],[2.5],[2.4494898],[0.0],[2.5],[2.4494898],[0.0],0,1,0,0,0.0,0.0,1
885,3,3,2,"[0.5, 0.5, 0.5, 1.0, 1.0, 2.0, 2.5, 3.5, 3.5, 5.5]","[0.0, 0.0, 0.0, 0.0, 0.0, 0.0, 0.0, 2.4494898, 3.1622777, 5.477226]","[1.0, 1.5, 3.0]","[0.0, 1.4142135, 2.236068]","[-3.5, -3.0, -1.0]","[1.0, 1.5, 3.0]","[0.0, 1.4142135, 2.236068]","[-3.5, -3.0, -1.0]","[0.5, 5.0, 7.0]","[0.0, 4.0, 6.928203]","[0.0, 2.0, 2.0]","[0.5, 0.5]","[0.0, 0.0]","[-2.0, 0.0]",1,1,1,0,1.0,0.0,1
274,1,1,1,"[0.0, 0.5, 0.5, 0.5, 0.5, 1.5, 2.5, 3.5, 4.5, 4.5]","[0.0, 0.0, 0.0, 0.0, 0.0, 0.0, 0.0, 3.1622777, 3.7416575, 4.2426405]",[3.0],[2.828427],[-3.5],[3.0],[2.828427],[-3.5],[4.5],[3.7416575],[2.0],[4.5],[3.7416575],[2.0],0,1,0,0,0.0,0.0,1
251,1,1,1,"[0.5, 1.0, 1.5, 1.5, 1.5, 2.0, 3.0, 4.5, 5.0, 5.5]","[0.0, 0.0, 0.0, 1.4142135, 1.4142135, 1.7320508, 2.236068, 3.7416575, 5.0, 5.2915025]",[2.0],[0.0],[-1.0],[2.0],[0.0],[-1.0],[3.5],[3.4641016],[0.0],[3.5],[3.4641016],[0.0],0,1,0,0,0.0,0.0,1
741,1,1,1,"[0.0, 0.5, 0.5, 1.0, 1.5, 1.5, 1.5, 2.0, 4.0, 6.5]","[0.0, 0.0, 0.0, 0.0, 0.0, 0.0, 0.0, 1.4142135, 1.4142135, 6.0]",[5.5],[4.8989797],[-1.0],[5.5],[4.8989797],[-1.0],[2.0],[0.0],[0.0],[2.0],[0.0],[0.0],0,1,0,0,0.0,0.0,1
71914,1,1,1,"[0.5, 1.0, 1.5, 1.5, 2.0, 2.5, 3.0, 3.0, 3.5, 4.5]","[0.0, 0.0, 0.0, 0.0, 0.0, 1.4142135, 2.0, 2.236068, 2.236068, 4.472136]",[2.0],[1.7320508],[-1.0],[2.0],[1.7320508],[-1.0],[8.0],[7.937254],[5.0],[8.0],[7.937254],[5.0],0,1,0,0,0.0,0.0,0
53,7,3,0,"[1.0, 1.0, 1.0, 1.0, 1.5, 2.5, 3.5, 4.0, 5.0, 6.0]","[0.0, 0.0, 0.0, 1.0, 1.0, 2.0, 2.4494898, 3.4641016, 4.8989797, 6.0]","[1.0, 1.5, 1.5, 1.5, 2.0, 3.0, 3.5]","[0.0, 0.0, 1.0, 1.4142135, 1.4142135, 2.236068, 3.4641016]","[-4.5, -3.5, -3.0, -3.0, -2.5, -1.5, -1.5]","[1.0, 1.5, 2.0]","[0.0, 1.0, 1.4142135]","[-4.5, -3.0, -1.5]","[3.0, 3.5, 6.5]","[0.0, 2.236068, 6.0]","[-3.0, -2.5, 5.0]",[],[],[],3,0,0,1,0.0,3.0,1
502,1,1,1,"[0.0, 0.0, 0.5, 1.5, 1.5, 2.0, 2.5, 2.5, 3.5, 7.0]","[0.0, 0.0, 0.0, 0.0, 0.0, 0.0, 1.7320508, 2.4494898, 2.4494898, 6.928203]",[1.0],[1.0],[-3.5],[1.0],[1.0],[-3.5],[1.5],[0.0],[-3.5],[1.5],[0.0],[-3.5],0,1,0,0,0.0,0.0,1
64729,6,2,1,"[0.5, 1.0, 1.5, 1.5, 1.5, 2.5, 2.5, 5.0, 5.0, 6.5]","[0.0, 0.0, 0.0, 0.0, 1.4142135, 2.0, 2.4494898, 3.0, 4.582576, 6.4807405]","[1.0, 1.0, 1.0, 2.0, 2.5, 6.5]","[0.0, 0.0, 0.0, 1.0, 1.0, 6.3245554]","[-5.0, -3.5, -3.5, -3.0, -1.5, -1.0]","[1.0, 1.0]","[1.0, 1.0]","[-3.5, -3.0]","[0.5, 5.0]","[0.0, 4.8989797]","[-2.5, 0.0]",[6.5],[6.3245554],[5.0],1,0,1,0,1.0,0.0,0
613,1,1,1,"[0.0, 0.5, 1.0, 1.0, 1.5, 1.5, 2.0, 2.5, 4.5, 5.5]","[0.0, 0.0, 0.0, 0.0, 0.0, 0.0, 0.0, 2.4494898, 2.828427, 4.2426405]",[3.5],[2.4494898],[-2.5],[3.5],[2.4494898],[-2.5],[4.0],[3.4641016],[3.0],[4.0],[3.4641016],[3.0],0,1,0,0,0.0,0.0,1
69738,5,1,1,"[0.5, 1.0, 2.0, 2.0, 2.0, 2.5, 2.5, 3.0, 3.0, 4.0]","[0.0, 0.0, 0.0, 0.0, 0.0, 1.0, 1.7320508, 1.7320508, 2.0, 2.828427]","[1.0, 2.5, 3.5, 3.5, 5.0]","[0.0, 0.0, 2.0, 2.4494898, 5.0]","[-4.0, -3.5, -2.5, -2.0, -1.0]",[1.0],[0.0],[-3.5],[9.0],[9.0],[8.5],[9.0],[9.0],[8.5],0,1,0,0,0.0,0.0,0
30415,2,2,1,"[0.0, 0.5, 1.0, 1.0, 1.5, 1.5, 2.0, 2.5, 3.5, 9.0]","[0.0, 0.0, 0.0, 0.0, 0.0, 1.4142135, 1.4142135, 1.7320508, 2.4494898, 9.0]","[1.0, 2.0]","[0.0, 0.0]","[-4.0, -3.5]","[1.0, 2.0]","[0.0, 0.0]","[-4.0, -3.5]","[1.0, 2.0]","[0.0, 1.7320508]","[-3.5, -3.5]",[5.5],[5.2915025],[4.5],1,0,1,0,1.0,0.0,0
152,2,1,1,"[0.0, 0.0, 0.0, 0.5, 1.0, 1.5, 2.5, 3.5, 3.5, 4.0]","[0.0, 0.0, 0.0, 0.0, 0.0, 1.4142135, 2.4494898, 2.4494898, 3.4641016, 4.0]","[0.5, 2.0]","[0.0, 1.7320508]","[-3.0, -2.0]",[0.5],[0.0],[-2.0],[4.5],[4.472136],[2.5],[4.5],[4.472136],[2.5],0,1,0,0,0.0,0.0,1
272,3,2,1,"[0.0, 0.5, 0.5, 1.0, 1.0, 3.0, 3.5, 4.0, 6.0, 9.0]","[0.0, 0.0, 0.0, 0.0, 1.0, 2.236068, 3.4641016, 3.8729835, 5.656854, 9.0]","[3.5, 4.0, 6.0]","[3.1622777, 3.4641016, 5.656854]","[-4.5, -3.0, -1.0]","[4.0, 6.0]","[3.4641016, 5.656854]","[-4.5, -1.0]","[5.5, 6.0]","[5.477226, 5.91608]","[-0.5, -0.5]",[2.5],[0.0],[-1.0],1,0,1,0,1.0,0.0,1
510,1,1,1,"[0.0, 0.5, 0.5, 0.5, 0.5, 1.0, 1.0, 1.5, 3.5, 8.0]","[0.0, 0.0, 0.0, 0.0, 0.0, 0.0, 0.0, 1.0, 2.4494898, 8.0]",[3.5],[0.0],[-1.0],[3.5],[0.0],[-1.0],[2.5],[2.4494898],[-1.5],[2.5],[2.4494898],[-1.5],0,1,0,0,0.0,0.0,1
640,1,1,1,"[0.0, 0.0, 0.5, 1.5, 1.5, 2.0, 3.5, 4.0, 4.0, 6.5]","[0.0, 0.0, 0.0, 0.0, 1.4142135, 1.7320508, 2.4494898, 2.6457512, 2.6457512, 6.3245554]",[3.0],[0.0],[-1.5],[3.0],[0.0],[-1.5],[4.5],[0.0],[-1.5],[4.5],[0.0],[-1.5],0,1,0,0,0.0,0.0,1
25,2,1,1,"[0.0, 0.5, 0.5, 1.0, 1.0, 2.0, 2.0, 3.0, 3.0, 7.0]","[0.0, 0.0, 0.0, 0.0, 0.0, 0.0, 2.0, 3.0, 3.0, 6.928203]","[1.5, 4.0]","[0.0, 2.6457512]","[-4.0, -2.0]",[1.5],[0.0],[-4.0],[4.5],[2.828427],[0.0],[4.5],[2.828427],[0.0],0,1,0,0,0.0,0.0,1
39451,4,2,1,"[0.0, 0.0, 0.5, 0.5, 1.5, 2.0, 2.0, 3.5, 6.5, 7.0]","[0.0, 0.0, 0.0, 0.0, 0.0, 0.0, 0.0, 3.4641016, 6.0, 6.928203]","[2.0, 2.0, 2.0, 3.0]","[0.0, 1.7320508, 2.0, 2.828427]","[-4.0, -3.0, -2.5, -2.5]","[2.0, 2.0]","[1.7320508, 2.0]","[-4.0, -2.5]","[3.5, 6.5]","[0.0, 6.0]","[-2.5, 3.5]",[4.0],[3.8729835],[2.0],1,0,1,0,1.0,0.0,0
57695,4,2,1,"[0.5, 0.5, 1.0, 2.5, 3.0, 3.0, 4.0, 4.5, 5.0, 8.5]","[0.0, 0.0, 0.0, 0.0, 2.0, 2.6457512, 3.0, 4.2426405, 4.8989797, 8.485281]","[3.5, 4.5, 4.5, 5.0]","[3.1622777, 3.7416575, 4.472136, 4.8989797]","[-4.5, -3.0, -2.5, -2.5]","[3.5, 4.5]","[3.1622777, 4.472136]","[-4.5, -2.5]","[2.5, 6.5]","[2.4494898, 6.3245554]","[-2.0, 0.0]",[8.5],[8.485281],[6.0],1,0,1,0,1.0,0.0,0
849,3,2,0,"[0.0, 0.0, 1.0, 1.0, 1.0, 2.0, 2.5, 2.5, 5.5, 6.0]","[0.0, 0.0, 0.0, 0.0, 1.0, 1.0, 2.0, 2.0, 4.2426405, 5.196152]","[1.5, 3.0, 3.5]","[0.0, 2.236068, 3.4641016]","[-4.0, -3.0, -3.0]","[1.5, 3.0]","[0.0, 2.236068]","[-4.0, -3.0]","[1.5, 3.0]","[0.0, 2.236068]","[-4.0, -3.0]",[],[],[],2,0,0,1,0.0,2.0,1
892,3,1,1,"[0.5, 1.0, 1.5, 1.5, 2.0, 2.0, 3.0, 3.0, 4.0, 5.0]","[0.0, 0.0, 1.0, 1.4142135, 1.7320508, 1.7320508, 2.236068, 2.828427, 3.0, 3.8729835]","[2.0, 2.5, 4.5]","[0.0, 1.7320508, 3.7416575]","[-4.5, -2.5, -1.5]",[2.0],[1.7320508],[-4.5],[5.5],[4.8989797],[4.0],[5.5],[4.8989797],[4.0],0,1,0,0,0.0,0.0,1
357,1,1,1,"[0.5, 1.0, 1.0, 1.5, 1.5, 2.0, 2.5, 3.0, 4.5, 7.0]","[0.0, 0.0, 0.0, 0.0, 1.0, 1.0, 1.7320508, 2.236068, 3.7416575, 6.708204]",[3.5],[0.0],[-2.5],[3.5],[0.0],[-2.5],[2.5],[2.4494898],[0.0],[2.5],[2.4494898],[0.0],0,1,0,0,0.0,0.0,1
632,2,1,1,"[0.0, 0.5, 1.0, 1.5, 1.5, 1.5, 2.5, 3.0, 4.5, 5.0]","[0.0, 0.0, 0.0, 0.0, 1.4142135, 1.4142135, 1.4142135, 2.0, 4.0, 4.2426405]","[2.0, 3.0]","[1.7320508, 2.236068]","[-2.5, -1.0]",[2.0],[1.7320508],[-2.5],[5.0],[5.0],[2.0],[5.0],[5.0],[2.0],0,1,0,0,0.0,0.0,1
521,1,1,1,"[0.0, 1.0, 1.0, 1.5, 1.5, 2.0, 3.0, 5.0, 6.0, 6.5]","[0.0, 0.0, 0.0, 0.0, 1.4142135, 1.7320508, 2.828427, 4.8989797, 5.91608, 6.3245554]",[1.5],[1.4142135],[-1.5],[1.5],[1.4142135],[-1.5],[5.5],[4.8989797],[4.0],[5.5],[4.8989797],[4.0],0,1,0,0,0.0,0.0,1
29994,1,1,1,"[0.0, 0.5, 0.5, 0.5, 2.0, 2.5, 2.5, 3.0, 3.0, 3.5]","[0.0, 0.0, 0.0, 0.0, 0.0, 1.7320508, 2.0, 2.236068, 2.4494898, 2.828427]",[2.5],[0.0],[-3.0],[2.5],[0.0],[-3.0],[7.0],[7.0],[6.5],[7.0],[7.0],[6.5],0,1,0,0,0.0,0.0,0
76882,1,1,1,"[0.5, 0.5, 1.0, 1.0, 1.5, 2.0, 3.0, 4.0, 4.0, 4.0]","[0.0, 0.0, 0.0, 0.0, 1.0, 1.4142135, 2.236068, 3.4641016, 3.8729835, 4.0]",[1.5],[1.4142135],[-4.0],[1.5],[1.4142135],[-4.0],[8.0],[7.937254],[6.5],[8.0],[7.937254],[6.5],0,1,0,0,0.0,0.0,0
73699,1,1,1,"[0.0, 1.0, 1.0, 1.5, 1.5, 1.5, 2.5, 2.5, 3.0, 4.0]","[0.0, 0.0, 0.0, 0.0, 0.0, 0.0, 1.4142135, 2.4494898, 2.4494898, 3.4641016]",[3.5],[3.1622777],[-1.0],[3.5],[3.1622777],[-1.0],[7.0],[7.0],[5.0],[7.0],[7.0],[5.0],0,1,0,0,0.0,0.0,0
959,5,2,1,"[0.0, 1.0, 1.0, 1.0, 2.0, 2.5, 3.0, 3.5, 4.5, 5.5]","[0.0, 0.0, 0.0, 0.0, 0.0, 0.0, 1.7320508, 2.0, 4.2426405, 4.2426405]","[1.5, 2.0, 3.0, 3.0, 5.5]","[1.4142135, 2.0, 2.236068, 2.236068, 5.2915025]","[-4.5, -4.5, -3.5, -3.0, -2.0]","[1.5, 2.0]","[1.4142135, 2.0]","[-4.5, -3.0]","[4.5, 7.0]","[2.828427, 6.708204]","[3.0, 4.0]",[4.5],[2.828427],[4.5],1,0,1,0,1.0,0.0,1
301,3,2,2,"[0.5, 1.0, 1.0, 1.0, 1.5, 1.5, 2.5, 4.0, 5.0, 6.5]","[0.0, 0.0, 0.0, 0.0, 0.0, 1.4142135, 2.0, 3.0, 3.8729835, 6.4807405]","[1.0, 2.5, 2.5]","[0.0, 0.0, 2.0]","[-5.0, -4.0, -2.0]","[1.0, 2.5]","[0.0, 2.0]","[-5.0, -4.0]","[3.0, 5.5]","[3.0, 5.2915025]","[1.0, 2.0]","[3.0, 5.5]","[3.0, 5.2915025]","[1.0, 2.0]",0,2,0,0,0.0,0.0,1
498,1,1,1,"[0.0, 0.0, 0.0, 0.5, 0.5, 1.0, 2.5, 2.5, 3.5, 6.5]","[0.0, 0.0, 0.0, 0.0, 0.0, 0.0, 0.0, 2.4494898, 2.4494898, 6.0]",[3.0],[2.236068],[-1.0],[3.0],[2.236068],[-1.0],[5.0],[4.582576],[3.0],[5.0],[4.582576],[3.0],0,1,0,0,0.0,0.0,1
216,3,2,0,"[0.0, 0.5, 1.0, 1.0, 1.5, 2.0, 2.5, 3.5, 4.0, 6.5]","[0.0, 0.0, 0.0, 0.0, 0.0, 1.4142135, 2.0, 3.1622777, 3.8729835, 6.3245554]","[2.0, 2.5, 3.5]","[0.0, 0.0, 2.4494898]","[-3.0, -2.5, -1.5]","[2.0, 2.5]","[0.0, 2.4494898]","[-3.0, -2.5]","[2.0, 2.5]","[0.0, 2.4494898]","[-3.0, -2.5]",[],[],[],2,0,0,1,0.0,2.0,1
936,4,1,1,"[0.0, 0.0, 1.0, 1.5, 1.5, 1.5, 3.0, 3.0, 4.5, 5.0]","[0.0, 0.0, 1.0, 1.4142135, 1.4142135, 1.4142135, 3.0, 3.0, 3.0, 4.2426405]","[2.0, 4.0, 4.0, 4.0]","[0.0, 0.0, 3.4641016, 3.8729835]","[-4.0, -3.5, -2.0, -1.5]",[2.0],[0.0],[-4.0],[4.5],[4.472136],[2.5],[4.5],[4.472136],[2.5],0,1,0,0,0.0,0.0,1
53045,2,2,2,"[0.0, 0.5, 1.0, 1.0, 1.0, 2.5, 3.5, 3.5, 5.5, 7.0]","[0.0, 0.0, 0.0, 0.0, 0.0, 1.0, 2.4494898, 3.4641016, 5.477226, 6.928203]","[2.5, 4.0]","[2.4494898, 4.0]","[-3.0, -2.5]","[2.5, 4.0]","[2.4494898, 4.0]","[-3.0, -2.5]","[3.0, 6.5]","[2.828427, 6.0]","[-0.5, 2.5]","[3.0, 6.5]","[2.828427, 6.0]","[-0.5, 2.5]",0,2,0,0,0.0,0.0,0
781,2,1,1,"[1.0, 1.5, 1.5, 2.0, 2.0, 3.0, 3.0, 3.5, 5.0, 6.0]","[0.0, 0.0, 1.4142135, 1.4142135, 1.7320508, 2.828427, 3.0, 3.4641016, 4.8989797, 5.91608]","[1.5, 3.5]","[1.4142135, 3.4641016]","[-4.0, -2.0]",[1.5],[1.4142135],[-4.0],[4.0],[3.8729835],[0.0],[4.0],[3.8729835],[0.0],0,1,0,0,0.0,0.0,1
755,1,1,1,"[0.0, 0.0, 0.5, 1.5, 2.0, 2.5, 2.5, 2.5, 6.5, 7.0]","[0.0, 0.0, 0.0, 0.0, 0.0, 1.7320508, 2.4494898, 2.4494898, 6.0, 7.0]",[5.0],[4.582576],[-3.0],[5.0],[4.582576],[-3.0],[4.5],[4.472136],[-1.0],[4.5],[4.472136],[-1.0],0,1,0,0,0.0,0.0,1
11086,1,1,1,"[0.0, 0.0, 0.0, 0.5, 0.5, 1.0, 3.5, 3.5, 4.5, 4.5]","[0.0, 0.0, 0.0, 0.0, 0.0, 0.0, 0.0, 0.0, 3.4641016, 4.472136]",[2.5],[2.0],[-4.5],[2.5],[2.0],[-4.5],[4.0],[0.0],[2.0],[4.0],[0.0],[2.0],0,1,0,0,0.0,0.0,0
38612,3,2,1,"[1.0, 1.0, 1.5, 1.5, 2.0, 2.0, 2.5, 3.0, 3.0, 8.5]","[0.0, 0.0, 0.0, 0.0, 0.0, 1.0, 2.4494898, 2.828427, 3.0, 8.485281]","[0.5, 2.0, 3.0]","[0.0, 0.0, 0.0]","[-5.0, -4.0, -2.5]","[0.5, 3.0]","[0.0, 0.0]","[-5.0, -2.5]","[4.5, 7.0]","[4.472136, 7.0]","[-1.5, 1.5]",[5.0],[3.0],[2.0],1,0,1,0,1.0,0.0,0
78281,3,2,1,"[0.5, 0.5, 1.0, 1.0, 2.0, 2.5, 3.0, 3.5, 4.5, 6.0]","[0.0, 0.0, 0.0, 1.0, 1.0, 1.7320508, 2.4494898, 3.4641016, 4.472136, 5.656854]","[1.5, 2.5, 2.5]","[0.0, 2.0, 2.4494898]","[-3.5, -2.5, -1.0]","[1.5, 2.5]","[0.0, 2.4494898]","[-3.5, -1.0]","[1.0, 3.0]","[1.0, 2.828427]","[-3.0, -0.5]",[6.0],[5.196152],[4.5],1,0,1,0,1.0,0.0,0
327,3,1,1,"[0.5, 1.0, 1.0, 1.0, 1.5, 2.0, 3.5, 3.5, 5.0, 5.5]","[0.0, 0.0, 0.0, 0.0, 1.0, 1.0, 1.7320508, 3.1622777, 4.582576, 5.477226]","[3.0, 3.0, 3.5]","[2.236068, 2.4494898, 3.0]","[-3.5, -2.5, -2.0]",[3.0],[3.0],[-3.5],[6.0],[5.91608],[2.0],[6.0],[5.91608],[2.0],0,1,0,0,0.0,0.0,1
22616,4,2,1,"[1.0, 1.0, 1.0, 1.5, 1.5, 2.0, 3.0, 3.0, 6.5, 7.5]","[0.0, 0.0, 1.0, 1.4142135, 1.4142135, 1.7320508, 2.236068, 2.828427, 6.3245554, 7.483315]","[2.0, 2.5, 3.5, 3.5]","[0.0, 2.4494898, 2.4494898, 3.4641016]","[-4.5, -3.0, -2.5, -2.5]","[2.0, 2.5]","[0.0, 2.4494898]","[-3.0, -2.5]","[2.0, 3.5]","[1.7320508, 3.1622777]","[-2.0, -1.5]",[6.5],[6.4807405],[5.0],1,0,1,0,1.0,0.0,0
496,3,2,1,"[0.0, 0.0, 0.0, 0.5, 2.5, 2.5, 3.0, 5.0, 5.5, 6.0]","[0.0, 0.0, 0.0, 0.0, 0.0, 0.0, 0.0, 4.2426405, 4.582576, 5.196152]","[1.0, 4.5, 5.0]","[1.0, 2.828427, 4.8989797]","[-4.5, -3.5, -3.0]","[1.0, 4.5]","[1.0, 2.828427]","[-4.5, -3.5]","[6.0, 6.5]","[5.91608, 6.3245554]","[0.5, 3.5]",[3.0],[2.828427],[0.0],1,0,1,0,1.0,0.0,1
1025,2,1,1,"[0.0, 0.5, 1.5, 1.5, 2.0, 2.5, 2.5, 2.5, 7.0, 8.5]","[0.0, 0.0, 0.0, 1.4142135, 1.4142135, 1.7320508, 2.0, 2.4494898, 6.928203, 8.485281]","[3.0, 3.5]","[0.0, 3.4641016]","[-5.0, -1.5]",[3.5],[3.4641016],[-5.0],[5.0],[3.0],[-2.0],[5.0],[3.0],[-2.0],0,1,0,0,0.0,0.0,1
47943,2,2,1,"[0.5, 0.5, 1.5, 1.5, 1.5, 2.5, 2.5, 3.0, 3.5, 5.0]","[0.0, 0.0, 0.0, 0.0, 0.0, 1.4142135, 1.4142135, 2.0, 2.236068, 5.0]","[1.5, 2.5]","[0.0, 2.4494898]","[-1.5, -1.5]","[1.5, 2.5]","[0.0, 2.4494898]","[-1.5, -1.5]","[2.5, 5.5]","[2.4494898, 4.2426405]","[-1.0, 3.0]",[3.5],[2.4494898],[2.5],1,0,1,0,1.0,0.0,0
35392,1,1,1,"[0.5, 1.5, 1.5, 1.5, 2.0, 2.0, 2.5, 2.5, 3.0, 4.0]","[0.0, 0.0, 0.0, 0.0, 1.4142135, 1.7320508, 2.0, 2.4494898, 2.828427, 3.8729835]",[1.5],[1.4142135],[-2.0],[1.5],[1.4142135],[-2.0],[4.5],[0.0],[2.5],[4.5],[0.0],[2.5],0,1,0,0,0.0,0.0,0
21221,4,2,1,"[1.0, 1.5, 1.5, 2.0, 2.0, 2.5, 3.0, 3.0, 4.0, 5.5]","[0.0, 0.0, 1.0, 1.4142135, 1.7320508, 1.7320508, 2.6457512, 2.828427, 3.0, 4.2426405]","[0.5, 1.0, 3.5, 4.0]","[0.0, 0.0, 0.0, 2.4494898]","[-4.0, -3.0, -2.0, -1.0]","[0.5, 1.0]","[0.0, 0.0]","[-4.0, -1.0]","[4.0, 4.0]","[0.0, 4.0]","[-2.0, 1.5]",[7.0],[6.708204],[4.0],1,0,1,0,1.0,0.0,0
2828,3,2,1,"[0.5, 1.0, 1.5, 1.5, 2.0, 2.0, 2.0, 2.5, 3.0, 5.5]","[0.0, 0.0, 0.0, 1.4142135, 1.4142135, 1.7320508, 2.0, 2.0, 3.0, 4.8989797]","[1.5, 2.5, 5.5]","[1.4142135, 2.4494898, 5.2915025]","[-3.0, -1.0, -1.0]","[1.5, 2.5]","[1.4142135, 2.4494898]","[-3.0, -1.0]","[1.5, 8.0]","[0.0, 7.937254]","[-3.5, 6.0]",[8.0],[8.0],[6.5],1,0,1,0,1.0,0.0,0
2410,1,1,1,"[0.0, 0.0, 1.0, 1.5, 1.5, 2.0, 2.5, 3.0, 3.5, 7.0]","[0.0, 0.0, 0.0, 0.0, 1.4142135, 2.0, 2.0, 2.236068, 3.1622777, 6.928203]",[1.0],[0.0],[-4.0],[1.0],[0.0],[-4.0],[6.0],[5.196152],[3.0],[6.0],[5.196152],[3.0],0,1,0,0,0.0,0.0,0
371,5,2,0,"[0.0, 0.0, 0.0, 0.5, 1.0, 2.0, 4.0, 5.5, 6.0, 7.0]","[0.0, 0.0, 0.0, 0.0, 0.0, 1.7320508, 3.8729835, 5.2915025, 5.656854, 6.928203]","[1.5, 2.0, 3.0, 3.5, 6.0]","[0.0, 0.0, 3.0, 3.1622777, 5.91608]","[-4.0, -4.0, -3.5, -2.0, -2.0]","[3.0, 3.5]","[3.0, 3.1622777]","[-4.0, -2.0]","[3.0, 3.5]","[3.0, 3.1622777]","[-4.0, -2.0]",[],[],[],2,0,0,1,0.0,2.0,1
43,13,3,0,"[1.5, 2.0, 2.5, 3.0, 3.5, 4.0, 4.5, 5.5, 7.0, 7.0]","[0.0, 0.0, 0.0, 2.236068, 3.4641016, 3.4641016, 4.2426405, 4.472136, 6.708204, 7.0]","[1.0, 1.5, 1.5, 2.0, 2.5, 2.5, 2.5, 3.0, 3.0, 3.0, 3.5, 4.0, 5.0]","[0.0, 0.0, 0.0, 0.0, 1.0, 1.4142135, 2.0, 2.4494898, 2.828427, 3.0, 3.1622777, 3.8729835, 4.582576]","[-5.5, -5.5, -5.5, -4.0, -4.0, -3.5, -3.5, -3.0, -2.5, -2.5, -2.5, -2.5, -2.0]","[1.0, 2.0, 3.5]","[0.0, 1.0, 3.1622777]","[-5.5, -4.0, -3.5]","[2.5, 2.5, 5.5]","[0.0, 2.4494898, 5.2915025]","[-5.5, -5.5, 2.0]",[],[],[],3,0,0,1,0.0,3.0,1
62808,2,2,1,"[0.0, 0.5, 1.0, 1.5, 1.5, 2.0, 2.5, 2.5, 3.5, 5.5]","[0.0, 0.0, 0.0, 0.0, 0.0, 0.0, 0.0, 1.4142135, 3.1622777, 5.2915025]","[0.5, 2.0]","[0.0, 2.0]","[-4.0, -1.0]","[0.5, 2.0]","[0.0, 2.0]","[-4.0, -1.0]","[2.5, 9.0]","[0.0, 9.0]","[-1.0, 6.0]",[3.5],[0.0],[0.5],1,0,1,0,1.0,0.0,0
194,29,8,1,"[1.5, 3.5, 5.0, 5.5, 5.5, 5.5, 5.5, 7.0, 7.5, 8.0]","[0.0, 2.4494898, 3.0, 4.8989797, 4.8989797, 5.477226, 5.477226, 6.928203, 7.3484693, 7.937254]","[0.0, 0.0, 0.5, 1.0, 1.5, 1.5, 1.5, 1.5, 2.0, 2.0, 2.0, 2.5, 2.5, 2.5, 2.5, 2.5, 2.5, 2.5, 3.0, 3.5, 3.5, 4.0, 4.0, 4.5, 5.0, 5.0, 5.0, 5.5, 6.5]","[0.0, 0.0, 0.0, 0.0, 0.0, 0.0, 0.0, 0.0, 0.0, 0.0, 0.0, 1.4142135, 1.4142135, 1.4142135, 2.0, 2.0, 2.0, 2.0, 2.4494898, 2.828427, 3.1622777, 3.4641016, 3.7416575, 3.8729835, 4.8989797, 4.8989797, 4.8989797, 4.8989797, 6.4807405]","[-8.0, -7.0, -6.0, -6.0, -6.0, -6.0, -5.5, -5.0, -5.0, -4.5, -4.5, -4.0, -4.0, -4.0, -3.5, -3.5, -3.5, -3.5, -3.5, -3.5, -3.5, -2.5, -2.5, -2.5, -2.5, -2.0, -2.0, -1.0, -1.0]","[0.0, 0.0, 1.0, 1.5, 1.5, 2.0, 2.0, 2.5]","[0.0, 0.0, 0.0, 0.0, 0.0, 0.0, 1.4142135, 2.0]","[-8.0, -7.0, -6.0, -6.0, -4.5, -4.0, -3.5, -2.5]","[1.5, 2.5, 3.5, 3.5, 4.0, 5.0, 6.5, 8.5]","[0.0, 1.4142135, 2.0, 2.6457512, 3.0, 3.4641016, 6.0, 8.485281]","[-5.5, -4.0, -4.0, -3.0, -1.0, 0.0, 0.5, 6.5]",[6.0],[5.196152],[5.0],7,0,1,0,7.0,0.0,1
39575,4,2,2,"[0.0, 1.0, 1.5, 1.5, 1.5, 2.0, 3.5, 3.5, 4.0, 6.0]","[0.0, 0.0, 0.0, 0.0, 1.0, 1.4142135, 1.7320508, 3.4641016, 3.4641016, 6.0]","[1.5, 2.0, 4.5, 4.5]","[1.4142135, 2.0, 4.472136, 4.472136]","[-3.0, -3.0, -2.0, -2.0]","[1.5, 2.0]","[1.4142135, 2.0]","[-3.0, -3.0]","[2.5, 3.0]","[0.0, 3.0]","[-1.0, 3.0]","[2.5, 3.0]","[0.0, 3.0]","[-1.0, 3.0]",0,2,0,0,0.0,0.0,0
1283,6,2,2,"[0.5, 0.5, 0.5, 1.0, 2.0, 2.0, 2.0, 4.0, 4.5, 7.0]","[0.0, 0.0, 0.0, 0.0, 1.7320508, 2.0, 2.0, 3.8729835, 4.2426405, 6.928203]","[1.0, 1.5, 2.0, 4.0, 4.0, 4.5]","[0.0, 0.0, 1.4142135, 2.6457512, 3.4641016, 4.472136]","[-3.5, -3.0, -2.5, -2.5, -1.5, -1.0]","[1.0, 1.5]","[0.0, 1.4142135]","[-3.5, -2.5]","[5.5, 7.0]","[4.2426405, 6.708204]","[1.0, 4.5]","[5.5, 7.0]","[4.2426405, 6.708204]","[1.0, 4.5]",0,2,0,0,0.0,0.0,0
213,4,2,1,"[0.0, 0.0, 0.0, 1.0, 2.5, 3.0, 3.0, 5.0, 5.5, 8.5]","[0.0, 0.0, 0.0, 0.0, 2.0, 2.828427, 3.0, 4.2426405, 5.0, 8.485281]","[3.5, 4.5, 5.0, 5.0]","[3.4641016, 3.7416575, 4.0, 4.8989797]","[-3.5, -3.5, -2.0, -1.0]","[3.5, 5.0]","[3.4641016, 4.8989797]","[-3.5, -3.5]","[3.0, 4.5]","[2.236068, 3.7416575]","[-2.5, -2.0]",[3.5],[0.0],[0.0],1,0,1,0,1.0,0.0,1
31736,5,1,1,"[0.5, 1.5, 2.0, 2.5, 2.5, 3.0, 3.5, 4.0, 4.5, 5.0]","[0.0, 0.0, 0.0, 0.0, 0.0, 1.4142135, 2.0, 2.4494898, 2.6457512, 4.582576]","[2.5, 2.5, 3.5, 3.5, 5.5]","[0.0, 2.0, 2.4494898, 2.4494898, 4.8989797]","[-5.5, -5.5, -4.0, -2.0, -1.5]",[2.5],[2.0],[-5.5],[7.0],[6.928203],[7.0],[7.0],[6.928203],[7.0],0,1,0,0,0.0,0.0,0
30631,2,2,2,"[0.0, 0.5, 0.5, 1.0, 1.5, 2.0, 2.5, 3.0, 4.0, 7.0]","[0.0, 0.0, 0.0, 0.0, 1.0, 1.7320508, 2.0, 2.828427, 4.0, 6.928203]","[1.0, 2.5]","[0.0, 2.4494898]","[-2.5, -2.5]","[1.0, 2.5]","[0.0, 2.4494898]","[-2.5, -2.5]","[5.0, 7.5]","[4.0, 7.483315]","[0.0, 5.0]","[5.0, 7.5]","[4.0, 7.483315]","[0.0, 5.0]",0,2,0,0,0.0,0.0,0
10277,3,2,2,"[0.5, 0.5, 1.0, 1.5, 1.5, 1.5, 3.0, 3.5, 3.5, 6.0]","[0.0, 0.0, 0.0, 0.0, 0.0, 1.4142135, 1.4142135, 3.0, 3.1622777, 5.656854]","[1.5, 3.5, 4.0]","[0.0, 1.4142135, 3.4641016]","[-1.5, -1.5, -1.0]","[1.5, 4.0]","[1.4142135, 3.4641016]","[-1.5, -1.0]","[3.0, 3.5]","[0.0, 0.0]","[1.0, 1.5]","[3.0, 3.5]","[0.0, 0.0]","[1.0, 1.5]",0,2,0,0,0.0,0.0,0
54350,3,2,1,"[0.0, 0.5, 0.5, 1.0, 1.5, 2.0, 2.5, 4.0, 4.5, 5.0]","[0.0, 0.0, 0.0, 0.0, 0.0, 1.7320508, 2.4494898, 3.4641016, 4.2426405, 5.0]","[2.0, 2.0, 4.5]","[0.0, 1.7320508, 4.472136]","[-2.0, -1.0, -1.0]","[2.0, 2.0]","[0.0, 1.7320508]","[-2.0, -1.0]","[3.0, 6.0]","[0.0, 6.0]","[-1.0, 3.5]",[9.0],[9.0],[7.5],1,0,1,0,1.0,0.0,0
561,4,2,1,"[0.0, 0.0, 1.5, 2.0, 2.5, 2.5, 3.0, 4.0, 4.5, 7.5]","[0.0, 0.0, 1.4142135, 2.0, 2.0, 2.4494898, 3.0, 3.4641016, 4.2426405, 7.3484693]","[1.5, 3.0, 3.0, 4.5]","[0.0, 1.4142135, 2.236068, 2.828427]","[-4.5, -3.0, -3.0, -1.0]","[1.5, 3.0]","[1.4142135, 2.236068]","[-4.5, -1.0]","[3.0, 4.5]","[0.0, 0.0]","[-3.0, 0.0]",[3.0],[2.236068],[0.0],1,0,1,0,1.0,0.0,1
81544,2,1,1,"[0.0, 0.0, 1.0, 1.5, 2.0, 2.5, 2.5, 3.5, 4.5, 5.5]","[0.0, 0.0, 0.0, 0.0, 1.7320508, 2.0, 2.4494898, 3.1622777, 3.7416575, 4.8989797]","[3.0, 4.5]","[2.828427, 3.7416575]","[-3.5, -1.0]",[3.0],[2.828427],[-3.5],[7.0],[6.708204],[4.5],[7.0],[6.708204],[4.5],0,1,0,0,0.0,0.0,0
64730,3,2,1,"[0.0, 0.0, 0.0, 1.5, 1.5, 1.5, 2.0, 2.5, 5.5, 7.0]","[0.0, 0.0, 0.0, 0.0, 1.4142135, 1.4142135, 1.7320508, 2.4494898, 4.8989797, 6.708204]","[1.0, 3.0, 6.0]","[0.0, 2.828427, 5.656854]","[-3.0, -2.5, -1.0]","[1.0, 6.0]","[0.0, 5.656854]","[-3.0, -2.5]","[4.5, 6.5]","[4.2426405, 6.4807405]","[0.5, 2.0]",[7.0],[6.708204],[5.5],1,0,1,0,1.0,0.0,0
26577,3,2,2,"[0.0, 0.5, 1.0, 1.0, 1.5, 2.0, 2.0, 3.0, 4.0, 6.5]","[0.0, 0.0, 0.0, 0.0, 0.0, 1.0, 1.0, 1.7320508, 2.828427, 6.4807405]","[0.5, 1.5, 2.0]","[0.0, 0.0, 1.4142135]","[-6.0, -3.0, -1.0]","[0.5, 1.5]","[0.0, 1.4142135]","[-6.0, -1.0]","[5.5, 6.5]","[4.2426405, 6.4807405]","[2.5, 4.0]","[5.5, 6.5]","[4.2426405, 6.4807405]","[2.5, 4.0]",0,2,0,0,0.0,0.0,0
976,4,2,0,"[0.0, 0.0, 0.5, 0.5, 2.5, 2.5, 3.0, 6.0, 6.5, 7.0]","[0.0, 0.0, 0.0, 0.0, 2.0, 2.4494898, 2.828427, 5.91608, 6.0, 6.708204]","[1.5, 2.5, 4.5, 5.0]","[0.0, 1.4142135, 3.7416575, 4.0]","[-6.5, -3.0, -2.5, -1.5]","[1.5, 2.5]","[0.0, 1.4142135]","[-6.5, -3.0]","[1.5, 2.5]","[0.0, 1.4142135]","[-6.5, -3.0]",[],[],[],2,0,0,1,0.0,2.0,1
157,4,2,0,"[0.0, 0.5, 1.0, 1.0, 2.0, 2.0, 2.0, 3.0, 3.5, 7.5]","[0.0, 0.0, 0.0, 0.0, 0.0, 1.0, 2.0, 2.236068, 3.4641016, 7.3484693]","[0.5, 1.0, 1.5, 3.0]","[0.0, 0.0, 1.0, 2.236068]","[-6.0, -3.0, -2.0, -1.5]","[0.5, 1.0]","[0.0, 1.0]","[-6.0, -3.0]","[0.5, 1.0]","[0.0, 1.0]","[-6.0, -3.0]",[],[],[],2,0,0,1,0.0,2.0,1
88551,3,2,2,"[0.5, 1.0, 1.0, 2.5, 2.5, 2.5, 3.0, 3.0, 4.0, 4.5]","[0.0, 0.0, 0.0, 0.0, 2.0, 2.236068, 2.4494898, 2.828427, 3.4641016, 4.472136]","[1.5, 2.5, 4.0]","[0.0, 2.4494898, 3.8729835]","[-2.5, -2.5, -1.5]","[1.5, 2.5]","[0.0, 2.4494898]","[-2.5, -2.5]","[4.0, 4.5]","[2.6457512, 4.472136]","[1.0, 2.0]","[4.0, 4.5]","[2.6457512, 4.472136]","[1.0, 2.0]",0,2,0,0,0.0,0.0,0
803,1,1,1,"[0.0, 0.5, 1.0, 1.0, 1.0, 1.5, 2.5, 3.0, 4.5, 8.0]","[0.0, 0.0, 0.0, 0.0, 0.0, 0.0, 1.0, 1.4142135, 4.472136, 7.937254]",[3.5],[2.4494898],[-2.5],[3.5],[2.4494898],[-2.5],[8.0],[8.0],[1.5],[8.0],[8.0],[1.5],0,1,0,0,0.0,0.0,1
46,1,1,1,"[0.5, 1.0, 1.0, 1.5, 1.5, 2.5, 2.5, 3.5, 4.5, 4.5]","[0.0, 0.0, 0.0, 0.0, 1.4142135, 1.4142135, 2.0, 2.0, 3.1622777, 4.2426405]",[2.0],[0.0],[-4.5],[2.0],[0.0],[-4.5],[3.0],[0.0],[2.5],[3.0],[0.0],[2.5],0,1,0,0,0.0,0.0,1
806,1,1,1,"[0.5, 1.5, 1.5, 1.5, 2.0, 2.0, 2.5, 3.0, 3.0, 5.0]","[0.0, 0.0, 0.0, 0.0, 0.0, 0.0, 1.4142135, 1.7320508, 2.4494898, 3.0]",[2.0],[0.0],[-1.5],[2.0],[0.0],[-1.5],[7.5],[7.483315],[3.0],[7.5],[7.483315],[3.0],0,1,0,0,0.0,0.0,1
52485,1,1,1,"[1.5, 1.5, 1.5, 1.5, 1.5, 2.0, 2.0, 2.5, 3.5, 5.5]","[0.0, 0.0, 0.0, 0.0, 1.4142135, 1.4142135, 2.0, 2.4494898, 3.1622777, 4.8989797]",[0.5],[0.0],[-2.0],[0.5],[0.0],[-2.0],[5.0],[3.0],[4.0],[5.0],[3.0],[4.0],0,1,0,0,0.0,0.0,0
73575,3,2,1,"[0.0, 0.0, 0.5, 1.0, 1.5, 2.5, 2.5, 3.5, 4.5, 4.5]","[0.0, 0.0, 0.0, 0.0, 0.0, 1.0, 1.4142135, 3.1622777, 3.7416575, 4.472136]","[1.5, 1.5, 3.5]","[1.4142135, 1.4142135, 2.4494898]","[-4.5, -1.5, -1.0]","[1.5, 1.5]","[1.4142135, 1.4142135]","[-4.5, -1.5]","[2.0, 5.5]","[0.0, 5.477226]","[-0.5, 1.0]",[6.0],[5.196152],[3.5],1,0,1,0,1.0,0.0,0
18252,2,2,1,"[0.5, 0.5, 0.5, 1.0, 1.0, 1.0, 1.5, 2.0, 3.0, 7.5]","[0.0, 0.0, 0.0, 0.0, 1.0, 1.0, 1.0, 1.4142135, 2.828427, 7.3484693]","[1.5, 3.0]","[0.0, 0.0]","[-2.5, -2.0]","[1.5, 3.0]","[0.0, 0.0]","[-2.5, -2.0]","[3.5, 4.5]","[2.828427, 3.1622777]","[-1.5, -0.5]",[8.0],[7.937254],[5.5],1,0,1,0,1.0,0.0,0
44914,4,2,1,"[0.5, 0.5, 0.5, 1.0, 2.0, 2.5, 2.5, 3.0, 6.0, 7.0]","[0.0, 0.0, 0.0, 0.0, 1.7320508, 2.0, 2.4494898, 2.828427, 5.91608, 6.928203]","[0.5, 1.5, 2.5, 3.0]","[0.0, 0.0, 2.0, 2.236068]","[-4.5, -3.5, -2.5, -2.5]","[0.5, 2.5]","[0.0, 2.0]","[-4.5, -3.5]","[4.5, 5.0]","[0.0, 4.8989797]","[0.5, 0.5]",[6.0],[5.196152],[4.5],1,0,1,0,1.0,0.0,0
25825,1,1,1,"[0.0, 0.5, 0.5, 1.0, 2.0, 2.0, 3.0, 3.0, 3.5, 4.5]","[0.0, 0.0, 0.0, 0.0, 0.0, 1.7320508, 2.0, 2.828427, 3.4641016, 4.472136]",[3.5],[3.1622777],[-1.5],[3.5],[3.1622777],[-1.5],[3.5],[0.0],[2.5],[3.5],[0.0],[2.5],0,1,0,0,0.0,0.0,0
515,2,1,1,"[0.0, 0.5, 0.5, 1.0, 1.5, 1.5, 2.0, 2.0, 4.5, 7.5]","[0.0, 0.0, 0.0, 0.0, 0.0, 1.4142135, 1.7320508, 1.7320508, 3.7416575, 7.3484693]","[2.0, 4.0]","[1.7320508, 4.0]","[-4.0, -3.5]",[2.0],[1.7320508],[-3.5],[1.5],[1.4142135],[-1.5],[1.5],[1.4142135],[-1.5],0,1,0,0,0.0,0.0,1
426,2,2,0,"[0.0, 0.5, 1.0, 1.0, 1.0, 1.0, 2.5, 2.5, 3.5, 8.0]","[0.0, 0.0, 0.0, 0.0, 0.0, 1.0, 2.4494898, 2.4494898, 3.1622777, 7.937254]","[2.5, 4.0]","[0.0, 3.4641016]","[-3.0, -1.0]","[2.5, 4.0]","[0.0, 3.4641016]","[-3.0, -1.0]","[2.5, 4.0]","[0.0, 3.4641016]","[-3.0, -1.0]",[],[],[],2,0,0,1,0.0,2.0,1
19546,4,2,1,"[0.0, 0.0, 0.5, 1.0, 2.0, 2.5, 3.0, 4.0, 5.5, 7.0]","[0.0, 0.0, 0.0, 1.0, 1.7320508, 2.0, 2.828427, 3.8729835, 5.477226, 6.708204]","[0.5, 1.0, 1.5, 3.5]","[0.0, 0.0, 1.0, 3.4641016]","[-5.5, -5.0, -3.0, -2.0]","[0.5, 1.0]","[0.0, 1.0]","[-5.0, -3.0]","[2.5, 3.0]","[0.0, 0.0]","[-4.0, -2.0]",[8.5],[8.485281],[4.0],1,0,1,0,1.0,0.0,0
33102,1,1,1,"[0.5, 1.0, 1.5, 1.5, 1.5, 3.0, 4.0, 4.5, 5.0, 5.0]","[0.0, 0.0, 0.0, 1.4142135, 1.4142135, 1.4142135, 3.0, 4.2426405, 4.582576, 5.0]",[5.0],[4.582576],[-2.5],[5.0],[4.582576],[-2.5],[4.0],[0.0],[2.5],[4.0],[0.0],[2.5],0,1,0,0,0.0,0.0,0
49564,2,2,1,"[0.0, 0.5, 0.5, 1.0, 1.5, 1.5, 2.5, 3.0, 3.0, 5.5]","[0.0, 0.0, 0.0, 1.0, 1.4142135, 1.4142135, 2.236068, 2.4494898, 2.828427, 5.477226]","[2.0, 2.0]","[0.0, 1.7320508]","[-2.0, -2.0]","[2.0, 2.0]","[0.0, 1.7320508]","[-2.0, -2.0]","[2.5, 5.0]","[0.0, 4.0]","[-1.5, 2.0]",[4.0],[0.0],[2.5],1,0,1,0,1.0,0.0,0
24938,2,2,1,"[0.0, 0.5, 0.5, 0.5, 1.5, 2.0, 2.0, 4.0, 4.5, 6.0]","[0.0, 0.0, 0.0, 0.0, 0.0, 1.7320508, 1.7320508, 3.4641016, 4.472136, 5.91608]","[2.0, 3.0]","[0.0, 2.236068]","[-3.0, -1.0]","[2.0, 3.0]","[0.0, 2.236068]","[-3.0, -1.0]","[0.5, 3.0]","[0.0, 0.0]","[-3.0, -1.5]",[7.5],[7.483315],[5.5],1,0,1,0,1.0,0.0,0
260,1,1,1,"[0.0, 0.5, 1.5, 1.5, 2.5, 2.5, 2.5, 2.5, 3.0, 4.5]","[0.0, 0.0, 0.0, 0.0, 0.0, 2.0, 2.4494898, 2.4494898, 2.828427, 2.828427]",[2.0],[1.7320508],[-2.0],[2.0],[1.7320508],[-2.0],[4.0],[3.8729835],[3.0],[4.0],[3.8729835],[3.0],0,1,0,0,0.0,0.0,1
455,18,4,1,"[0.0, 1.5, 1.5, 2.0, 2.5, 6.0, 6.0, 6.5, 7.5, 9.0]","[0.0, 0.0, 0.0, 1.4142135, 1.7320508, 5.656854, 5.91608, 6.4807405, 7.483315, 9.0]","[1.0, 1.5, 2.0, 2.5, 2.5, 2.5, 3.0, 3.0, 3.0, 3.5, 3.5, 3.5, 3.5, 3.5, 4.0, 4.5, 4.5, 6.0]","[0.0, 0.0, 1.4142135, 1.7320508, 2.0, 2.0, 2.4494898, 2.4494898, 2.4494898, 2.4494898, 2.828427, 3.0, 3.0, 3.0, 3.1622777, 4.0, 4.472136, 5.656854]","[-6.0, -5.5, -5.5, -5.0, -5.0, -4.5, -4.0, -4.0, -3.5, -3.5, -3.0, -3.0, -3.0, -2.5, -2.0, -2.0, -2.0, -1.5]","[1.0, 2.0, 3.0, 3.5]","[0.0, 1.7320508, 2.4494898, 3.0]","[-5.5, -5.0, -5.0, -4.5]","[3.5, 4.0, 4.5, 7.5]","[2.4494898, 4.0, 4.472136, 7.483315]","[-4.0, -3.0, -1.0, -0.5]",[3.5],[3.1622777],[-2.0],3,0,1,0,3.0,0.0,1
64,1,1,1,"[0.5, 1.5, 1.5, 2.0, 2.0, 2.0, 3.0, 3.0, 4.0, 4.0]","[0.0, 0.0, 0.0, 0.0, 0.0, 1.4142135, 1.7320508, 2.236068, 2.236068, 2.6457512]",[2.5],[2.4494898],[-1.5],[2.5],[2.4494898],[-1.5],[3.5],[0.0],[2.5],[3.5],[0.0],[2.5],0,1,0,0,0.0,0.0,1
64601,4,2,1,"[0.5, 0.5, 0.5, 0.5, 1.5, 2.0, 2.0, 2.5, 3.0, 8.0]","[0.0, 0.0, 0.0, 0.0, 0.0, 0.0, 0.0, 1.4142135, 1.7320508, 7.937254]","[1.0, 2.0, 3.0, 5.0]","[0.0, 1.7320508, 2.236068, 5.0]","[-4.0, -3.0, -2.5, -2.5]","[1.0, 5.0]","[0.0, 5.0]","[-3.0, -2.5]","[3.5, 3.5]","[2.4494898, 2.4494898]","[-1.0, 0.0]",[7.0],[6.928203],[7.0],1,0,1,0,1.0,0.0,0
915,1,1,1,"[0.0, 0.5, 0.5, 1.0, 1.0, 1.5, 2.0, 2.5, 3.0, 7.0]","[0.0, 0.0, 0.0, 0.0, 0.0, 1.0, 1.4142135, 2.0, 2.0, 6.928203]",[2.0],[0.0],[-3.0],[2.0],[0.0],[-3.0],[3.0],[2.828427],[-1.0],[3.0],[2.828427],[-1.0],0,1,0,0,0.0,0.0,1
441,2,1,1,"[0.0, 1.0, 1.5, 1.5, 1.5, 1.5, 2.5, 3.0, 4.5, 4.5]","[0.0, 0.0, 0.0, 0.0, 0.0, 0.0, 1.4142135, 1.4142135, 2.828427, 4.472136]","[2.0, 5.5]","[1.7320508, 5.2915025]","[-3.0, -1.0]",[2.0],[1.7320508],[-3.0],[6.0],[5.91608],[5.0],[6.0],[5.91608],[5.0],0,1,0,0,0.0,0.0,1
731,1,1,1,"[0.0, 1.0, 1.0, 1.0, 2.0, 2.5, 3.0, 3.0, 3.5, 5.0]","[0.0, 0.0, 0.0, 0.0, 0.0, 1.0, 2.236068, 2.828427, 3.0, 3.4641016]",[3.5],[3.1622777],[-3.0],[3.5],[3.1622777],[-3.0],[3.0],[2.236068],[1.0],[3.0],[2.236068],[1.0],0,1,0,0,0.0,0.0,1
97105,1,1,1,"[0.0, 0.5, 1.0, 1.0, 1.5, 2.5, 2.5, 3.0, 3.5, 4.0]","[0.0, 0.0, 0.0, 0.0, 0.0, 0.0, 1.4142135, 2.4494898, 2.4494898, 4.0]",[2.5],[2.4494898],[-2.0],[2.5],[2.4494898],[-2.0],[4.5],[3.7416575],[2.5],[4.5],[3.7416575],[2.5],0,1,0,0,0.0,0.0,0
636,4,3,1,"[0.0, 0.0, 1.0, 1.5, 1.5, 2.0, 2.5, 2.5, 4.5, 6.5]","[0.0, 0.0, 0.0, 0.0, 1.0, 1.4142135, 1.4142135, 2.0, 4.2426405, 6.0]","[1.0, 2.0, 2.0, 3.0]","[0.0, 0.0, 1.7320508, 1.7320508]","[-3.5, -3.0, -2.0, -1.5]","[1.0, 2.0, 2.0]","[0.0, 1.7320508, 1.7320508]","[-3.5, -3.0, -1.5]","[3.5, 3.5, 7.0]","[0.0, 3.1622777, 6.928203]","[-0.5, 1.0, 1.0]",[6.0],[5.656854],[4.5],2,0,1,0,2.0,0.0,1
75776,3,2,1,"[0.0, 1.0, 1.5, 2.0, 2.0, 2.0, 2.0, 2.5, 3.0, 6.0]","[0.0, 0.0, 0.0, 0.0, 0.0, 1.7320508, 1.7320508, 1.7320508, 2.4494898, 5.91608]","[2.0, 2.0, 3.0]","[0.0, 0.0, 1.7320508]","[-2.5, -2.0, -1.5]","[2.0, 2.0]","[0.0, 1.7320508]","[-2.5, -1.5]","[4.0, 8.5]","[3.4641016, 8.485281]","[0.0, 5.0]",[5.0],[4.0],[3.5],1,0,1,0,1.0,0.0,0
36952,3,2,1,"[0.5, 0.5, 1.5, 2.0, 2.0, 3.0, 3.0, 4.0, 4.5, 5.5]","[0.0, 0.0, 0.0, 0.0, 1.7320508, 2.6457512, 2.828427, 2.828427, 3.7416575, 5.2915025]","[1.0, 3.0, 3.0]","[0.0, 2.236068, 3.0]","[-2.5, -2.0, -2.0]","[1.0, 3.0]","[0.0, 2.236068]","[-2.0, -2.0]","[2.0, 4.0]","[1.7320508, 3.4641016]","[-1.5, -0.5]",[6.0],[5.91608],[3.5],1,0,1,0,1.0,0.0,0
28223,2,2,1,"[0.5, 0.5, 0.5, 0.5, 0.5, 1.0, 1.5, 1.5, 3.0, 9.0]","[0.0, 0.0, 0.0, 0.0, 0.0, 0.0, 1.0, 1.4142135, 2.828427, 9.0]","[2.0, 3.5]","[0.0, 0.0]","[-3.0, -1.5]","[2.0, 3.5]","[0.0, 0.0]","[-3.0, -1.5]","[2.5, 5.0]","[2.4494898, 4.8989797]","[-2.0, 0.0]",[6.0],[5.91608],[5.5],1,0,1,0,1.0,0.0,0
766,4,1,1,"[0.0, 0.5, 1.0, 2.0, 2.5, 3.5, 4.0, 4.0, 5.5, 7.0]","[0.0, 0.0, 0.0, 1.0, 1.7320508, 2.4494898, 3.4641016, 3.4641016, 5.477226, 6.928203]","[2.0, 2.5, 2.5, 5.0]","[0.0, 0.0, 2.4494898, 5.0]","[-6.0, -4.0, -3.0, -2.0]",[2.0],[0.0],[-6.0],[4.5],[3.7416575],[1.5],[4.5],[3.7416575],[1.5],0,1,0,0,0.0,0.0,1
761,1,1,1,"[0.5, 1.0, 1.0, 1.0, 2.0, 2.0, 2.5, 3.5, 4.0, 4.5]","[0.0, 0.0, 0.0, 0.0, 0.0, 0.0, 0.0, 3.4641016, 3.4641016, 3.7416575]",[3.0],[0.0],[-3.5],[3.0],[0.0],[-3.5],[3.0],[0.0],[1.0],[3.0],[0.0],[1.0],0,1,0,0,0.0,0.0,1
524,1,1,1,"[0.0, 0.5, 1.0, 1.0, 1.5, 2.5, 2.5, 3.0, 4.5, 8.5]","[0.0, 0.0, 0.0, 0.0, 1.0, 1.4142135, 2.0, 2.236068, 2.828427, 8.485281]",[7.0],[7.0],[-1.5],[7.0],[7.0],[-1.5],[6.5],[6.4807405],[2.0],[6.5],[6.4807405],[2.0],0,1,0,0,0.0,0.0,1
73173,1,1,1,"[0.5, 1.0, 1.0, 1.5, 1.5, 2.0, 2.0, 2.0, 3.5, 6.5]","[0.0, 0.0, 0.0, 0.0, 0.0, 1.0, 1.4142135, 1.7320508, 3.4641016, 6.4807405]",[4.0],[3.8729835],[-1.5],[4.0],[3.8729835],[-1.5],[4.0],[0.0],[-0.5],[4.0],[0.0],[-0.5],0,1,0,0,0.0,0.0,0
70544,2,2,1,"[0.0, 0.5, 0.5, 0.5, 2.0, 2.0, 2.5, 3.0, 3.5, 5.5]","[0.0, 0.0, 0.0, 0.0, 0.0, 1.7320508, 1.7320508, 2.0, 2.828427, 5.477226]","[1.5, 4.0]","[1.4142135, 3.8729835]","[-2.5, -1.0]","[1.5, 4.0]","[1.4142135, 3.8729835]","[-2.5, -1.0]","[1.5, 5.0]","[0.0, 4.0]","[-1.5, 1.5]",[9.0],[9.0],[8.0],1,0,1,0,1.0,0.0,0
112,4,2,0,"[0.5, 0.5, 0.5, 1.0, 1.5, 1.5, 1.5, 4.0, 4.0, 8.5]","[0.0, 0.0, 0.0, 0.0, 0.0, 0.0, 0.0, 0.0, 2.6457512, 8.485281]","[2.0, 2.5, 3.0, 4.0]","[0.0, 0.0, 0.0, 3.4641016]","[-5.5, -4.5, -3.0, -1.5]","[2.5, 3.0]","[0.0, 0.0]","[-5.5, -1.5]","[2.5, 3.0]","[0.0, 0.0]","[-5.5, -1.5]",[],[],[],2,0,0,1,0.0,2.0,1
30241,4,2,1,"[0.0, 0.0, 1.0, 2.0, 2.0, 2.5, 2.5, 3.5, 3.5, 6.5]","[0.0, 0.0, 0.0, 0.0, 1.7320508, 1.7320508, 2.4494898, 2.4494898, 3.4641016, 6.4807405]","[0.5, 2.0, 2.5, 3.5]","[0.0, 0.0, 2.0, 3.1622777]","[-5.0, -2.5, -2.0, -1.0]","[0.5, 2.5]","[0.0, 2.0]","[-5.0, -2.0]","[1.0, 2.5]","[0.0, 2.0]","[-3.0, -2.0]",[7.5],[7.483315],[5.5],1,0,1,0,1.0,0.0,0
35789,2,2,1,"[0.0, 0.0, 0.5, 1.0, 1.0, 2.5, 3.0, 3.5, 3.5, 4.5]","[0.0, 0.0, 0.0, 0.0, 1.0, 2.236068, 2.4494898, 2.4494898, 3.1622777, 4.472136]","[2.0, 3.5]","[1.7320508, 3.4641016]","[-3.0, -1.5]","[2.0, 3.5]","[1.7320508, 3.4641016]","[-3.0, -1.5]","[1.5, 4.0]","[0.0, 2.6457512]","[-1.5, 1.5]",[7.0],[6.928203],[6.0],1,0,1,0,1.0,0.0,0
1013,1,1,1,"[0.5, 0.5, 1.0, 1.5, 1.5, 2.0, 2.0, 2.5, 3.0, 8.0]","[0.0, 0.0, 0.0, 0.0, 0.0, 1.4142135, 1.4142135, 1.7320508, 2.828427, 8.0]",[3.0],[3.0],[-3.5],[3.0],[3.0],[-3.5],[1.5],[0.0],[-2.5],[1.5],[0.0],[-2.5],0,1,0,0,0.0,0.0,1
817,1,1,1,"[0.0, 0.0, 0.5, 1.5, 2.0, 3.5, 4.0, 4.5, 5.0, 5.5]","[0.0, 0.0, 0.0, 0.0, 0.0, 3.4641016, 3.4641016, 3.7416575, 4.0, 4.2426405]",[4.0],[2.6457512],[-2.0],[4.0],[2.6457512],[-2.0],[4.0],[3.8729835],[1.0],[4.0],[3.8729835],[1.0],0,1,0,0,0.0,0.0,1
425,1,1,1,"[0.0, 0.0, 0.5, 1.0, 1.0, 1.0, 2.0, 2.0, 2.0, 4.0]","[0.0, 0.0, 0.0, 0.0, 0.0, 0.0, 1.0, 1.7320508, 1.7320508, 3.4641016]",[2.0],[1.7320508],[-2.0],[2.0],[1.7320508],[-2.0],[4.0],[3.4641016],[3.0],[4.0],[3.4641016],[3.0],0,1,0,0,0.0,0.0,1
904,1,1,1,"[0.5, 1.0, 1.0, 1.5, 2.0, 2.0, 3.0, 4.0, 4.5, 5.0]","[0.0, 0.0, 0.0, 0.0, 1.0, 1.7320508, 2.6457512, 3.0, 3.7416575, 4.582576]",[0.5],[0.0],[-1.5],[0.5],[0.0],[-1.5],[5.0],[3.0],[-2.0],[5.0],[3.0],[-2.0],0,1,0,0,0.0,0.0,1
818,2,1,1,"[0.5, 1.0, 1.5, 1.5, 2.0, 2.0, 3.5, 3.5, 4.0, 4.0]","[0.0, 0.0, 0.0, 1.4142135, 1.4142135, 1.7320508, 2.4494898, 2.6457512, 3.4641016, 4.0]","[0.5, 4.0]","[0.0, 3.8729835]","[-5.0, -1.5]",[0.5],[0.0],[-5.0],[1.5],[0.0],[-1.0],[1.5],[0.0],[-1.0],0,1,0,0,0.0,0.0,1
299,4,1,1,"[0.5, 1.5, 1.5, 1.5, 1.5, 2.0, 2.0, 2.5, 4.0, 5.5]","[0.0, 0.0, 0.0, 0.0, 0.0, 0.0, 1.4142135, 1.4142135, 2.0, 4.8989797]","[1.0, 1.5, 3.0, 3.5]","[0.0, 0.0, 2.236068, 2.4494898]","[-4.0, -4.0, -2.5, -1.5]",[1.0],[0.0],[-4.0],[5.5],[5.2915025],[3.5],[5.5],[5.2915025],[3.5],0,1,0,0,0.0,0.0,1
76685,2,2,1,"[0.0, 0.5, 0.5, 0.5, 1.0, 2.5, 4.0, 4.0, 5.0, 5.5]","[0.0, 0.0, 0.0, 0.0, 0.0, 0.0, 3.8729835, 3.8729835, 5.0, 5.2915025]","[2.0, 2.5]","[1.7320508, 2.4494898]","[-3.0, -1.0]","[2.0, 2.5]","[1.7320508, 2.4494898]","[-3.0, -1.0]","[4.0, 5.0]","[0.0, 3.0]","[-2.0, 2.0]",[5.5],[5.2915025],[0.5],1,0,1,0,1.0,0.0,0
29586,3,2,1,"[0.5, 1.0, 1.5, 1.5, 2.5, 3.0, 3.0, 3.0, 4.5, 5.5]","[0.0, 0.0, 1.4142135, 1.4142135, 2.236068, 2.236068, 2.4494898, 3.0, 4.2426405, 5.2915025]","[2.0, 2.5, 4.0]","[1.7320508, 2.0, 3.8729835]","[-2.5, -2.0, -1.5]","[2.0, 2.5]","[1.7320508, 2.0]","[-2.5, -1.5]","[4.0, 7.5]","[2.6457512, 7.483315]","[-2.5, 4.0]",[9.0],[9.0],[4.5],1,0,1,0,1.0,0.0,0
553,1,1,1,"[0.5, 0.5, 1.0, 1.5, 1.5, 2.0, 3.0, 3.5, 3.5, 4.0]","[0.0, 0.0, 0.0, 0.0, 1.0, 1.7320508, 2.4494898, 2.6457512, 2.828427, 3.4641016]",[3.0],[2.236068],[-2.0],[3.0],[2.236068],[-2.0],[4.5],[2.828427],[3.0],[4.5],[2.828427],[3.0],0,1,0,0,0.0,0.0,1
42668,2,2,1,"[0.0, 0.5, 1.0, 2.0, 2.0, 2.5, 2.5, 2.5, 3.0, 7.0]","[0.0, 0.0, 0.0, 0.0, 0.0, 1.7320508, 2.0, 2.0, 2.4494898, 6.708204]","[2.5, 3.5]","[0.0, 2.4494898]","[-3.0, -1.5]","[2.5, 3.5]","[0.0, 2.4494898]","[-3.0, -1.5]","[2.5, 5.5]","[2.0, 4.8989797]","[0.0, 0.5]",[5.0],[4.582576],[4.5],1,0,1,0,1.0,0.0,0
182,3,1,1,"[0.5, 0.5, 2.0, 2.0, 2.0, 2.5, 2.5, 4.0, 5.0, 6.0]","[0.0, 0.0, 0.0, 0.0, 0.0, 2.0, 2.4494898, 2.6457512, 4.8989797, 6.0]","[1.0, 1.0, 4.0]","[0.0, 1.0, 3.8729835]","[-5.5, -5.5, -1.5]",[1.0],[1.0],[-5.5],[3.5],[0.0],[1.0],[3.5],[0.0],[1.0],0,1,0,0,0.0,0.0,1
783,1,1,1,"[0.0, 0.0, 0.5, 1.5, 2.0, 2.0, 2.5, 3.0, 3.5, 7.5]","[0.0, 0.0, 0.0, 0.0, 0.0, 0.0, 1.4142135, 2.236068, 3.1622777, 7.3484693]",[2.5],[0.0],[-1.0],[2.5],[0.0],[-1.0],[5.0],[3.0],[0.5],[5.0],[3.0],[0.5],0,1,0,0,0.0,0.0,1
377,2,1,1,"[0.0, 0.5, 1.0, 1.0, 1.5, 2.5, 2.5, 2.5, 5.0, 8.5]","[0.0, 0.0, 0.0, 0.0, 1.0, 1.4142135, 2.0, 2.4494898, 5.0, 8.485281]","[3.5, 4.5]","[0.0, 4.472136]","[-2.5, -2.0]",[4.5],[4.472136],[-2.0],[3.5],[0.0],[-3.5],[3.5],[0.0],[-3.5],0,1,0,0,0.0,0.0,1
103,1,1,1,"[0.5, 0.5, 0.5, 1.0, 2.0, 2.5, 2.5, 3.0, 3.5, 8.0]","[0.0, 0.0, 0.0, 0.0, 0.0, 0.0, 0.0, 2.0, 2.236068, 7.937254]",[3.0],[0.0],[-1.0],[3.0],[0.0],[-1.0],[4.0],[3.8729835],[-0.5],[4.0],[3.8729835],[-0.5],0,1,0,0,0.0,0.0,1
621,1,1,1,"[0.0, 0.0, 0.5, 1.0, 1.5, 1.5, 2.0, 3.0, 5.0, 5.5]","[0.0, 0.0, 0.0, 0.0, 1.4142135, 1.4142135, 1.7320508, 2.828427, 4.582576, 5.477226]",[1.5],[1.4142135],[-3.5],[1.5],[1.4142135],[-3.5],[4.0],[3.8729835],[0.5],[4.0],[3.8729835],[0.5],0,1,0,0,0.0,0.0,1
58,2,1,1,"[0.0, 0.0, 0.5, 0.5, 2.0, 2.0, 2.5, 2.5, 3.0, 4.5]","[0.0, 0.0, 0.0, 0.0, 0.0, 0.0, 2.0, 2.4494898, 2.828427, 4.472136]","[0.5, 1.5]","[0.0, 1.4142135]","[-4.0, -2.5]",[0.5],[0.0],[-4.0],[3.5],[3.1622777],[1.5],[3.5],[3.1622777],[1.5],0,1,0,0,0.0,0.0,1
5277,3,2,1,"[0.5, 0.5, 1.0, 1.5, 1.5, 3.0, 3.5, 4.0, 4.5, 8.5]","[0.0, 0.0, 0.0, 0.0, 1.0, 1.4142135, 3.4641016, 3.4641016, 4.472136, 8.485281]","[1.5, 3.5, 4.5]","[1.4142135, 2.4494898, 2.828427]","[-4.5, -3.5, -2.0]","[1.5, 3.5]","[1.4142135, 2.4494898]","[-4.5, -3.5]","[2.0, 5.5]","[1.7320508, 5.2915025]","[-3.5, 1.5]",[7.0],[6.708204],[6.0],1,0,1,0,1.0,0.0,0
459,1,1,1,"[0.0, 0.5, 0.5, 1.5, 2.0, 2.5, 2.5, 3.0, 4.5, 4.5]","[0.0, 0.0, 0.0, 0.0, 0.0, 0.0, 2.0, 2.0, 4.2426405, 4.2426405]",[2.5],[2.0],[-2.0],[2.5],[2.0],[-2.0],[5.5],[4.2426405],[1.0],[5.5],[4.2426405],[1.0],0,1,0,0,0.0,0.0,1
96331,2,2,1,"[0.0, 0.0, 0.5, 1.0, 1.0, 1.5, 1.5, 1.5, 2.5, 5.5]","[0.0, 0.0, 0.0, 0.0, 0.0, 0.0, 0.0, 1.4142135, 2.4494898, 5.477226]","[1.0, 2.5]","[0.0, 2.4494898]","[-2.5, -2.0]","[1.0, 2.5]","[0.0, 2.4494898]","[-2.5, -2.0]","[2.5, 2.5]","[2.0, 2.4494898]","[-0.5, 0.0]",[5.0],[5.0],[5.0],1,0,1,0,1.0,0.0,0
82574,3,2,2,"[0.0, 0.0, 1.0, 1.0, 1.5, 1.5, 1.5, 3.5, 3.5, 4.0]","[0.0, 0.0, 0.0, 0.0, 0.0, 0.0, 0.0, 1.0, 2.6457512, 3.4641016]","[2.5, 3.5, 3.5]","[2.4494898, 2.4494898, 2.4494898]","[-2.5, -1.5, -1.0]","[2.5, 3.5]","[2.4494898, 2.4494898]","[-2.5, -1.0]","[5.0, 7.0]","[4.8989797, 6.708204]","[3.0, 6.5]","[5.0, 7.0]","[4.8989797, 6.708204]","[3.0, 6.5]",0,2,0,0,0.0,0.0,0
46889,1,1,1,"[0.0, 0.0, 1.0, 1.0, 1.0, 1.5, 2.5, 2.5, 4.0, 5.0]","[0.0, 0.0, 0.0, 0.0, 0.0, 0.0, 0.0, 0.0, 2.4494898, 4.582576]",[4.0],[3.4641016],[-2.5],[4.0],[3.4641016],[-2.5],[8.5],[8.485281],[8.5],[8.5],[8.485281],[8.5],0,1,0,0,0.0,0.0,0
472,1,1,1,"[0.5, 1.0, 1.0, 1.0, 1.5, 1.5, 1.5, 2.0, 5.5, 7.0]","[0.0, 0.0, 0.0, 0.0, 0.0, 1.0, 1.4142135, 2.0, 4.8989797, 6.928203]",[3.0],[2.236068],[-4.0],[3.0],[2.236068],[-4.0],[5.0],[4.0],[-0.5],[5.0],[4.0],[-0.5],0,1,0,0,0.0,0.0,1
79512,2,2,2,"[0.5, 1.5, 1.5, 1.5, 2.0, 2.5, 3.0, 3.5, 4.0, 8.5]","[0.0, 0.0, 0.0, 0.0, 0.0, 1.4142135, 1.7320508, 2.236068, 3.1622777, 8.485281]","[2.0, 2.5]","[0.0, 2.0]","[-4.5, -4.0]","[2.0, 2.5]","[0.0, 2.0]","[-4.5, -4.0]","[3.5, 5.5]","[0.0, 4.8989797]","[-1.0, 5.0]","[3.5, 5.5]","[0.0, 4.8989797]","[-1.0, 5.0]",0,2,0,0,0.0,0.0,0
701,2,1,1,"[0.0, 0.5, 0.5, 1.0, 1.0, 1.5, 3.0, 3.5, 3.5, 6.5]","[0.0, 0.0, 0.0, 0.0, 0.0, 1.0, 1.4142135, 2.828427, 3.4641016, 6.0]","[1.5, 4.0]","[0.0, 2.6457512]","[-4.0, -3.5]",[4.0],[2.6457512],[-4.0],[5.5],[5.477226],[3.5],[5.5],[5.477226],[3.5],0,1,0,0,0.0,0.0,1
40,4,2,1,"[0.5, 0.5, 0.5, 1.0, 2.0, 2.5, 2.5, 5.0, 6.0, 7.5]","[0.0, 0.0, 0.0, 0.0, 0.0, 1.0, 2.0, 4.582576, 5.91608, 7.483315]","[0.5, 1.0, 3.0, 3.5]","[0.0, 1.0, 2.236068, 3.4641016]","[-6.5, -4.5, -3.5, -3.0]","[0.5, 1.0]","[0.0, 1.0]","[-6.5, -3.0]","[3.5, 9.0]","[3.4641016, 9.0]","[-3.5, 3.5]",[3.0],[2.236068],[-4.5],1,0,1,0,1.0,0.0,1
14611,3,2,1,"[0.0, 0.5, 0.5, 1.5, 2.0, 3.0, 3.0, 4.5, 4.5, 9.0]","[0.0, 0.0, 0.0, 0.0, 2.0, 2.828427, 3.0, 4.2426405, 4.472136, 9.0]","[3.0, 3.5, 3.5]","[0.0, 2.4494898, 3.0]","[-4.0, -3.5, -2.0]","[3.0, 3.5]","[0.0, 3.0]","[-4.0, -3.5]","[4.5, 6.0]","[4.472136, 5.91608]","[-1.0, 0.0]",[5.0],[3.0],[2.5],1,0,1,0,1.0,0.0,0
569,3,1,1,"[0.5, 0.5, 0.5, 0.5, 1.0, 1.5, 1.5, 2.0, 6.0, 7.0]","[0.0, 0.0, 0.0, 0.0, 0.0, 0.0, 1.4142135, 1.4142135, 5.91608, 6.708204]","[2.5, 3.5, 4.0]","[0.0, 2.6457512, 3.4641016]","[-4.5, -2.5, -1.5]",[3.5],[3.4641016],[-4.5],[4.5],[2.828427],[-0.5],[4.5],[2.828427],[-0.5],0,1,0,0,0.0,0.0,1
54996,1,1,1,"[0.5, 0.5, 1.0, 1.5, 1.5, 2.0, 2.0, 2.5, 2.5, 4.0]","[0.0, 0.0, 0.0, 0.0, 0.0, 1.4142135, 1.4142135, 2.0, 2.0, 2.6457512]",[3.5],[3.4641016],[-2.5],[3.5],[3.4641016],[-2.5],[8.5],[8.485281],[8.0],[8.5],[8.485281],[8.0],0,1,0,0,0.0,0.0,0
34077,2,2,1,"[0.0, 0.5, 0.5, 1.5, 2.0, 2.0, 3.5, 3.5, 4.0, 8.0]","[0.0, 0.0, 0.0, 0.0, 0.0, 1.7320508, 2.4494898, 3.4641016, 3.4641016, 7.937254]","[2.5, 2.5]","[2.4494898, 2.4494898]","[-4.0, -4.0]","[2.5, 2.5]","[2.4494898, 2.4494898]","[-4.0, -4.0]","[1.5, 4.5]","[0.0, 4.472136]","[-2.0, -1.0]",[6.5],[6.4807405],[5.5],1,0,1,0,1.0,0.0,0
15,6,3,2,"[0.5, 1.5, 1.5, 2.0, 2.5, 3.0, 3.5, 4.0, 6.0, 6.5]","[0.0, 0.0, 0.0, 1.7320508, 2.0, 2.4494898, 3.0, 3.4641016, 6.0, 6.3245554]","[0.5, 1.5, 1.5, 2.0, 2.0, 3.0]","[0.0, 0.0, 0.0, 0.0, 2.0, 2.828427]","[-4.0, -2.5, -2.5, -2.5, -2.0, -2.0]","[0.5, 1.5, 2.0]","[0.0, 0.0, 0.0]","[-4.0, -2.5, -2.0]","[2.0, 4.5, 6.0]","[1.7320508, 4.472136, 5.91608]","[-2.0, 0.0, 1.5]","[2.0, 2.5]","[0.0, 1.7320508]","[-2.0, -0.5]",1,1,1,0,1.0,0.0,1
52779,6,2,2,"[0.5, 1.0, 1.0, 1.0, 1.0, 3.0, 3.5, 4.5, 7.0, 8.0]","[0.0, 0.0, 0.0, 0.0, 0.0, 2.828427, 2.828427, 3.1622777, 6.708204, 7.937254]","[2.0, 3.0, 3.0, 3.5, 7.0, 7.5]","[2.0, 2.236068, 2.4494898, 3.0, 7.0, 7.483315]","[-4.5, -3.5, -3.0, -2.0, -1.5, -1.5]","[2.0, 3.5]","[2.0, 2.4494898]","[-4.5, -2.0]","[2.0, 4.0]","[0.0, 3.4641016]","[0.5, 0.5]","[2.0, 4.0]","[0.0, 3.4641016]","[0.5, 0.5]",0,2,0,0,0.0,0.0,0
795,1,1,1,"[0.0, 0.0, 0.0, 0.5, 1.0, 1.0, 1.0, 2.5, 2.5, 3.5]","[0.0, 0.0, 0.0, 0.0, 0.0, 0.0, 0.0, 1.0, 2.0, 2.4494898]",[2.5],[0.0],[-3.0],[2.5],[0.0],[-3.0],[6.0],[5.196152],[5.5],[6.0],[5.196152],[5.5],0,1,0,0,0.0,0.0,1
68192,3,2,1,"[0.0, 0.0, 1.0, 1.0, 1.5, 3.0, 4.0, 5.5, 5.5, 7.0]","[0.0, 0.0, 0.0, 0.0, 1.0, 1.4142135, 3.8729835, 5.477226, 5.477226, 6.708204]","[1.5, 3.5, 4.0]","[1.4142135, 3.4641016, 3.4641016]","[-4.0, -3.0, -2.0]","[1.5, 4.0]","[1.4142135, 3.4641016]","[-4.0, -3.0]","[3.5, 4.5]","[3.4641016, 4.472136]","[-2.0, 0.0]",[7.5],[7.483315],[4.5],1,0,1,0,1.0,0.0,0
82752,3,2,2,"[0.5, 1.0, 1.5, 1.5, 2.5, 2.5, 2.5, 3.0, 4.0, 5.0]","[0.0, 0.0, 0.0, 0.0, 0.0, 1.4142135, 2.0, 2.6457512, 2.828427, 3.0]","[1.0, 1.0, 2.5]","[1.0, 1.0, 2.0]","[-5.5, -4.0, -3.5]","[1.0, 1.0]","[1.0, 1.0]","[-5.5, -4.0]","[5.5, 6.0]","[4.8989797, 5.196152]","[4.5, 5.5]","[5.5, 6.0]","[4.8989797, 5.196152]","[4.5, 5.5]",0,2,0,0,0.0,0.0,0
468,10,3,2,"[0.5, 1.5, 2.0, 3.0, 3.5, 3.5, 4.0, 4.5, 5.5, 8.0]","[0.0, 0.0, 0.0, 1.7320508, 2.4494898, 3.0, 3.8729835, 4.2426405, 4.8989797, 8.0]","[0.5, 0.5, 1.0, 1.5, 2.5, 3.0, 3.5, 4.0, 4.5, 4.5]","[0.0, 0.0, 0.0, 0.0, 1.4142135, 2.0, 2.828427, 3.4641016, 4.2426405, 4.2426405]","[-5.5, -4.5, -4.5, -4.0, -3.5, -3.0, -3.0, -2.0, -2.0, -1.5]","[0.5, 0.5, 3.0]","[0.0, 0.0, 2.828427]","[-4.5, -3.5, -1.5]","[2.5, 4.5, 5.5]","[2.0, 4.472136, 5.477226]","[-0.5, 1.5, 3.0]","[1.5, 2.5]","[1.4142135, 2.0]","[-0.5, 1.5]",1,1,1,0,1.0,0.0,1
46830,2,2,1,"[0.0, 0.5, 1.0, 1.5, 1.5, 2.0, 2.5, 2.5, 4.5, 6.0]","[0.0, 0.0, 0.0, 0.0, 0.0, 0.0, 1.0, 1.7320508, 4.2426405, 5.196152]","[1.0, 2.5]","[0.0, 2.4494898]","[-3.5, -2.0]","[1.0, 2.5]","[0.0, 2.4494898]","[-3.5, -2.0]","[4.0, 8.5]","[0.0, 8.485281]","[-3.5, 6.5]",[7.0],[6.708204],[3.5],1,0,1,0,1.0,0.0,0
127,1,1,1,"[0.0, 0.0, 0.0, 0.5, 0.5, 1.5, 2.0, 3.0, 4.0, 4.5]","[0.0, 0.0, 0.0, 0.0, 0.0, 1.4142135, 2.0, 2.828427, 3.4641016, 4.472136]",[1.5],[0.0],[-1.5],[1.5],[0.0],[-1.5],[8.5],[8.485281],[5.0],[8.5],[8.485281],[5.0],0,1,0,0,0.0,0.0,1
120,1,1,1,"[0.0, 0.5, 1.0, 1.0, 2.0, 2.5, 3.5, 5.5, 6.0, 7.0]","[0.0, 0.0, 0.0, 0.0, 0.0, 0.0, 1.7320508, 5.2915025, 6.0, 6.928203]",[5.0],[5.0],[-1.0],[5.0],[5.0],[-1.0],[4.5],[0.0],[-2.5],[4.5],[0.0],[-2.5],0,1,0,0,0.0,0.0,1
79187,4,2,1,"[0.0, 0.5, 1.5, 2.0, 2.0, 2.0, 2.5, 3.0, 6.0, 6.5]","[0.0, 0.0, 0.0, 0.0, 1.7320508, 1.7320508, 2.236068, 2.4494898, 5.91608, 6.4807405]","[3.0, 3.0, 4.0, 5.0]","[0.0, 2.828427, 4.0, 5.0]","[-2.5, -2.0, -2.0, -1.0]","[3.0, 4.0]","[2.828427, 4.0]","[-2.0, -1.0]","[2.0, 3.5]","[1.7320508, 3.4641016]","[-2.5, 0.5]",[6.5],[6.0],[5.0],1,0,1,0,1.0,0.0,0
754,1,1,1,"[0.0, 0.0, 0.5, 1.0, 1.0, 1.5, 1.5, 2.0, 4.0, 7.5]","[0.0, 0.0, 0.0, 0.0, 0.0, 0.0, 1.0, 2.0, 3.8729835, 7.483315]",[3.5],[2.4494898],[-1.0],[3.5],[2.4494898],[-1.0],[1.5],[0.0],[-3.5],[1.5],[0.0],[-3.5],0,1,0,0,0.0,0.0,1
963,1,1,1,"[0.5, 0.5, 1.0, 1.0, 1.5, 1.5, 3.5, 3.5, 5.0, 6.5]","[0.0, 0.0, 0.0, 0.0, 0.0, 0.0, 1.4142135, 3.4641016, 4.582576, 6.4807405]",[3.0],[2.828427],[-1.5],[3.0],[2.828427],[-1.5],[5.0],[3.0],[-2.0],[5.0],[3.0],[-2.0],0,1,0,0,0.0,0.0,1
39074,1,1,1,"[0.0, 0.5, 1.0, 1.0, 1.0, 1.0, 1.5, 4.5, 5.0, 5.0]","[0.0, 0.0, 0.0, 0.0, 0.0, 0.0, 0.0, 2.828427, 4.0, 4.582576]",[1.5],[0.0],[-3.0],[1.5],[0.0],[-3.0],[4.5],[3.7416575],[3.5],[4.5],[3.7416575],[3.5],0,1,0,0,0.0,0.0,0
74948,4,2,1,"[0.5, 0.5, 0.5, 0.5, 0.5, 1.5, 1.5, 2.0, 6.0, 7.0]","[0.0, 0.0, 0.0, 0.0, 0.0, 0.0, 1.4142135, 1.7320508, 5.196152, 6.928203]","[1.0, 1.5, 2.5, 4.0]","[0.0, 0.0, 0.0, 3.4641016]","[-6.0, -2.5, -2.0, -1.5]","[1.0, 2.5]","[0.0, 0.0]","[-2.5, -2.0]","[2.0, 5.5]","[0.0, 5.477226]","[-2.0, 2.5]",[8.0],[7.937254],[8.0],1,0,1,0,1.0,0.0,0
52777,2,2,2,"[0.0, 0.5, 1.0, 1.0, 1.5, 2.0, 2.5, 4.5, 4.5, 5.5]","[0.0, 0.0, 0.0, 1.0, 1.4142135, 1.7320508, 2.0, 3.7416575, 4.472136, 5.2915025]","[2.5, 4.5]","[0.0, 4.2426405]","[-2.0, -1.0]","[2.5, 4.5]","[0.0, 4.2426405]","[-2.0, -1.0]","[2.5, 4.0]","[0.0, 0.0]","[0.5, 2.5]","[2.5, 4.0]","[0.0, 0.0]","[0.5, 2.5]",0,2,0,0,0.0,0.0,0
7851,4,2,2,"[0.0, 0.5, 1.5, 2.0, 2.0, 2.0, 2.0, 2.0, 3.0, 9.0]","[0.0, 0.0, 0.0, 0.0, 0.0, 0.0, 0.0, 1.7320508, 1.7320508, 9.0]","[2.0, 2.5, 4.5, 6.0]","[2.0, 2.4494898, 3.7416575, 5.656854]","[-3.5, -3.0, -1.5, -1.5]","[2.0, 2.5]","[2.0, 2.4494898]","[-3.5, -3.0]","[5.0, 7.0]","[4.0, 6.708204]","[0.0, 7.0]","[5.0, 7.0]","[4.0, 6.708204]","[0.0, 7.0]",0,2,0,0,0.0,0.0,0
44861,1,1,1,"[0.0, 0.0, 0.0, 0.5, 1.5, 2.0, 2.0, 2.0, 3.0, 4.0]","[0.0, 0.0, 0.0, 0.0, 0.0, 0.0, 0.0, 1.7320508, 2.236068, 2.6457512]",[2.0],[1.7320508],[-3.5],[2.0],[1.7320508],[-3.5],[6.0],[5.196152],[5.5],[6.0],[5.196152],[5.5],0,1,0,0,0.0,0.0,0
93484,2,1,1,"[0.0, 0.0, 1.5, 1.5, 1.5, 1.5, 2.5, 2.5, 3.0, 4.5]","[0.0, 0.0, 0.0, 0.0, 1.4142135, 1.4142135, 1.4142135, 2.4494898, 2.828427, 3.0]","[2.0, 3.0]","[2.0, 2.236068]","[-3.5, -2.5]",[2.0],[2.0],[-3.5],[6.0],[5.656854],[4.5],[6.0],[5.656854],[4.5],0,1,0,0,0.0,0.0,0
51029,1,1,1,"[0.0, 0.0, 1.0, 1.5, 2.5, 2.5, 2.5, 3.0, 4.0, 4.5]","[0.0, 0.0, 0.0, 0.0, 0.0, 0.0, 0.0, 2.828427, 3.7416575, 3.8729835]",[3.0],[0.0],[-3.0],[3.0],[0.0],[-3.0],[7.0],[7.0],[6.0],[7.0],[7.0],[6.0],0,1,0,0,0.0,0.0,0
98490,2,2,1,"[0.5, 0.5, 0.5, 1.0, 1.5, 1.5, 2.0, 2.5, 3.0, 5.5]","[0.0, 0.0, 0.0, 0.0, 0.0, 0.0, 0.0, 1.4142135, 1.7320508, 5.477226]","[1.0, 1.5]","[0.0, 0.0]","[-2.0, -2.0]","[1.0, 1.5]","[0.0, 0.0]","[-2.0, -2.0]","[0.5, 2.5]","[0.0, 2.4494898]","[-2.0, -0.5]",[4.0],[3.8729835],[4.0],1,0,1,0,1.0,0.0,0
1015,1,1,1,"[0.0, 0.5, 0.5, 1.0, 1.0, 2.5, 3.0, 3.0, 3.5, 6.0]","[0.0, 0.0, 0.0, 1.0, 1.0, 2.4494898, 2.828427, 2.828427, 3.1622777, 5.91608]",[2.0],[0.0],[-2.5],[2.0],[0.0],[-2.5],[8.0],[8.0],[3.0],[8.0],[8.0],[3.0],0,1,0,0,0.0,0.0,1
543,5,3,0,"[0.0, 0.5, 1.0, 1.0, 1.5, 2.0, 3.0, 5.0, 5.0, 7.5]","[0.0, 0.0, 0.0, 0.0, 1.0, 2.0, 2.236068, 4.582576, 5.0, 7.483315]","[1.0, 1.5, 2.0, 2.0, 2.5]","[0.0, 0.0, 0.0, 0.0, 1.7320508]","[-4.5, -3.0, -3.0, -2.0, -1.5]","[1.0, 1.5, 2.0]","[0.0, 0.0, 0.0]","[-4.5, -3.0, -1.5]","[5.0, 6.5, 7.5]","[4.8989797, 6.4807405, 7.483315]","[-1.0, 2.0, 4.5]",[],[],[],3,0,0,1,0.0,3.0,1
51624,2,2,1,"[0.0, 0.5, 0.5, 0.5, 1.5, 2.0, 2.0, 3.5, 4.0, 7.5]","[0.0, 0.0, 0.0, 0.0, 0.0, 0.0, 2.0, 2.4494898, 3.4641016, 7.3484693]","[2.5, 4.5]","[2.4494898, 4.2426405]","[-3.5, -3.0]","[2.5, 4.5]","[2.4494898, 4.2426405]","[-3.5, -3.0]","[4.5, 5.5]","[2.828427, 4.2426405]","[-0.5, 1.5]",[5.5],[5.477226],[4.0],1,0,1,0,1.0,0.0,0
21651,3,2,2,"[0.5, 0.5, 1.0, 1.5, 1.5, 1.5, 2.5, 3.5, 4.0, 5.5]","[0.0, 0.0, 0.0, 0.0, 1.4142135, 1.4142135, 1.4142135, 2.0, 3.8729835, 5.2915025]","[2.0, 2.0, 2.5]","[0.0, 0.0, 1.7320508]","[-4.0, -2.0, -2.0]","[2.0, 2.0]","[0.0, 1.7320508]","[-4.0, -2.0]","[4.5, 8.0]","[2.828427, 8.0]","[2.5, 6.5]","[4.5, 8.0]","[2.828427, 8.0]","[2.5, 6.5]",0,2,0,0,0.0,0.0,0
768,1,1,1,"[0.0, 0.0, 0.5, 1.0, 1.0, 1.5, 2.0, 2.5, 2.5, 3.5]","[0.0, 0.0, 0.0, 0.0, 0.0, 0.0, 0.0, 0.0, 2.0, 2.4494898]",[3.5],[2.4494898],[-1.0],[3.5],[2.4494898],[-1.0],[5.5],[5.2915025],[4.0],[5.5],[5.2915025],[4.0],0,1,0,0,0.0,0.0,1
796,1,1,1,"[0.0, 0.0, 0.0, 1.0, 1.0, 1.5, 1.5, 2.0, 3.0, 4.0]","[0.0, 0.0, 0.0, 0.0, 0.0, 0.0, 0.0, 0.0, 2.236068, 3.4641016]",[1.5],[1.4142135],[-3.5],[1.5],[1.4142135],[-3.5],[7.5],[7.3484693],[6.5],[7.5],[7.3484693],[6.5],0,1,0,0,0.0,0.0,1
931,1,1,1,"[0.5, 0.5, 1.0, 1.0, 1.5, 2.0, 2.5, 2.5, 5.0, 6.5]","[0.0, 0.0, 0.0, 0.0, 0.0, 1.4142135, 2.0, 2.0, 4.0, 6.4807405]",[3.0],[2.236068],[-4.0],[3.0],[2.236068],[-4.0],[6.5],[6.0],[2.0],[6.5],[6.0],[2.0],0,1,0,0,0.0,0.0,1
349,3,1,1,"[0.0, 0.0, 0.5, 1.5, 1.5, 2.0, 2.0, 2.5, 4.0, 7.0]","[0.0, 0.0, 0.0, 0.0, 1.4142135, 1.7320508, 1.7320508, 2.0, 2.6457512, 6.928203]","[1.5, 3.0, 4.0]","[0.0, 0.0, 3.4641016]","[-6.0, -1.5, -1.0]",[1.5],[0.0],[-6.0],[3.5],[3.1622777],[0.0],[3.5],[3.1622777],[0.0],0,1,0,0,0.0,0.0,1
990,5,2,2,"[0.0, 0.5, 1.5, 1.5, 2.0, 3.0, 3.0, 4.0, 4.5, 8.0]","[0.0, 0.0, 0.0, 1.4142135, 1.4142135, 2.0, 2.236068, 3.7416575, 4.0, 7.937254]","[2.0, 2.5, 3.0, 4.0, 6.0]","[0.0, 0.0, 2.0, 3.0, 5.91608]","[-3.5, -2.5, -2.5, -2.5, -2.0]","[2.0, 3.0]","[0.0, 3.0]","[-3.5, -2.5]","[2.5, 2.5]","[2.0, 2.4494898]","[-2.0, 1.0]","[2.5, 2.5]","[2.0, 2.4494898]","[-2.0, 1.0]",0,2,0,0,0.0,0.0,1
42846,3,2,1,"[0.0, 0.5, 1.0, 1.0, 1.5, 1.5, 2.5, 3.5, 5.5, 6.0]","[0.0, 0.0, 0.0, 0.0, 0.0, 1.0, 1.4142135, 3.4641016, 5.477226, 5.656854]","[1.5, 3.5, 5.0]","[0.0, 2.4494898, 4.582576]","[-2.5, -1.5, -1.5]","[1.5, 3.5]","[0.0, 2.4494898]","[-2.5, -1.5]","[3.0, 5.0]","[3.0, 5.0]","[-1.5, 1.5]",[5.5],[4.2426405],[3.5],1,0,1,0,1.0,0.0,0
775,1,1,1,"[0.0, 0.5, 0.5, 1.0, 2.0, 2.5, 3.0, 3.0, 3.5, 6.0]","[0.0, 0.0, 0.0, 0.0, 0.0, 0.0, 2.0, 2.0, 3.0, 5.196152]",[2.0],[0.0],[-3.0],[2.0],[0.0],[-3.0],[0.5],[0.0],[-1.0],[0.5],[0.0],[-1.0],0,1,0,0,0.0,0.0,1
91,1,1,1,"[0.0, 0.0, 0.5, 1.0, 2.0, 2.5, 2.5, 3.5, 4.0, 5.5]","[0.0, 0.0, 0.0, 0.0, 0.0, 0.0, 0.0, 2.0, 3.4641016, 5.2915025]",[4.0],[4.0],[-2.5],[4.0],[4.0],[-2.5],[2.5],[2.4494898],[1.5],[2.5],[2.4494898],[1.5],0,1,0,0,0.0,0.0,1
6790,4,2,1,"[0.5, 1.0, 2.0, 2.0, 2.0, 2.5, 2.5, 3.5, 3.5, 8.0]","[0.0, 0.0, 0.0, 0.0, 0.0, 2.0, 2.0, 2.4494898, 3.1622777, 7.937254]","[2.5, 3.0, 4.0, 5.0]","[0.0, 2.4494898, 3.8729835, 4.582576]","[-4.0, -2.5, -2.5, -1.5]","[2.5, 4.0]","[2.4494898, 3.8729835]","[-4.0, -1.5]","[2.0, 6.0]","[0.0, 5.656854]","[-2.5, 2.5]",[4.0],[2.6457512],[4.0],1,0,1,0,1.0,0.0,0
187,1,1,1,"[0.0, 0.5, 1.0, 1.0, 1.5, 2.0, 3.0, 3.5, 4.5, 4.5]","[0.0, 0.0, 0.0, 0.0, 1.0, 1.4142135, 3.0, 3.1622777, 3.7416575, 3.7416575]",[2.0],[0.0],[-2.0],[2.0],[0.0],[-2.0],[1.0],[1.0],[0.0],[1.0],[1.0],[0.0],0,1,0,0,0.0,0.0,1
80718,4,2,1,"[0.5, 1.0, 1.0, 2.0, 2.0, 2.5, 3.0, 3.5, 4.5, 7.5]","[0.0, 0.0, 0.0, 1.0, 2.0, 2.4494898, 2.4494898, 2.828427, 3.7416575, 7.483315]","[1.5, 3.5, 4.0, 4.0]","[0.0, 2.4494898, 2.6457512, 3.8729835]","[-3.0, -2.5, -2.0, -1.0]","[1.5, 4.0]","[0.0, 3.8729835]","[-3.0, -2.0]","[3.0, 3.5]","[0.0, 0.0]","[-2.0, -1.5]",[8.0],[8.0],[5.5],1,0,1,0,1.0,0.0,0
536,1,1,1,"[0.5, 0.5, 2.0, 2.5, 2.5, 2.5, 3.0, 3.5, 4.5, 5.0]","[0.0, 0.0, 1.7320508, 2.236068, 2.4494898, 2.4494898, 2.4494898, 3.1622777, 3.7416575, 5.0]",[1.5],[0.0],[-2.0],[1.5],[0.0],[-2.0],[4.0],[3.4641016],[-2.0],[4.0],[3.4641016],[-2.0],0,1,0,0,0.0,0.0,1
28,1,1,1,"[0.5, 0.5, 1.5, 1.5, 2.0, 2.5, 2.5, 3.5, 5.0, 6.5]","[0.0, 0.0, 0.0, 0.0, 1.4142135, 1.7320508, 2.0, 3.4641016, 4.8989797, 6.0]",[2.5],[2.4494898],[-1.0],[2.5],[2.4494898],[-1.0],[3.5],[2.4494898],[-1.0],[3.5],[2.4494898],[-1.0],0,1,0,0,0.0,0.0,1
50356,4,1,1,"[1.0, 1.0, 1.0, 1.0, 2.5, 2.5, 3.0, 4.0, 4.5, 5.5]","[0.0, 0.0, 0.0, 0.0, 1.0, 2.0, 2.236068, 2.4494898, 4.2426405, 5.477226]","[1.0, 1.5, 2.5, 4.0]","[0.0, 0.0, 2.0, 3.4641016]","[-4.0, -3.0, -2.5, -2.5]",[1.0],[0.0],[-4.0],[3.5],[3.1622777],[3.5],[3.5],[3.1622777],[3.5],0,1,0,0,0.0,0.0,0
646,1,1,1,"[0.0, 0.5, 0.5, 1.0, 1.0, 2.0, 3.5, 4.0, 4.0, 9.0]","[0.0, 0.0, 0.0, 0.0, 0.0, 1.0, 1.7320508, 3.4641016, 3.8729835, 9.0]",[3.5],[3.4641016],[-1.0],[3.5],[3.4641016],[-1.0],[2.5],[2.0],[-0.5],[2.5],[2.0],[-0.5],0,1,0,0,0.0,0.0,1
8222,5,2,1,"[0.0, 0.5, 0.5, 1.5, 1.5, 1.5, 2.0, 2.0, 3.0, 6.0]","[0.0, 0.0, 0.0, 0.0, 0.0, 1.4142135, 1.4142135, 1.7320508, 2.0, 5.91608]","[0.5, 0.5, 1.0, 2.0, 3.5]","[0.0, 0.0, 0.0, 1.7320508, 2.4494898]","[-3.5, -2.5, -2.0, -2.0, -1.0]","[0.5, 0.5]","[0.0, 0.0]","[-3.5, -2.5]","[3.0, 3.5]","[0.0, 2.4494898]","[-1.0, -1.0]",[5.5],[4.2426405],[3.0],1,0,1,0,1.0,0.0,0
700,1,1,1,"[0.5, 1.0, 1.0, 1.0, 1.5, 1.5, 2.0, 2.0, 2.0, 4.0]","[0.0, 0.0, 0.0, 0.0, 0.0, 0.0, 1.0, 1.7320508, 1.7320508, 2.6457512]",[0.5],[0.0],[-4.5],[0.5],[0.0],[-4.5],[3.5],[3.4641016],[2.5],[3.5],[3.4641016],[2.5],0,1,0,0,0.0,0.0,1
2720,3,1,1,"[0.0, 0.0, 1.0, 1.0, 1.5, 1.5, 1.5, 3.0, 3.5, 6.0]","[0.0, 0.0, 0.0, 0.0, 0.0, 0.0, 1.0, 3.0, 3.1622777, 5.196152]","[1.5, 4.0, 4.5]","[1.4142135, 2.6457512, 2.828427]","[-4.5, -2.5, -2.0]",[1.5],[1.4142135],[-4.5],[5.5],[4.2426405],[2.5],[5.5],[4.2426405],[2.5],0,1,0,0,0.0,0.0,0
73480,1,1,1,"[1.0, 1.0, 1.5, 1.5, 1.5, 1.5, 2.0, 2.5, 6.0, 6.5]","[0.0, 0.0, 0.0, 0.0, 1.4142135, 1.4142135, 1.4142135, 2.0, 5.656854, 6.3245554]",[4.0],[2.6457512],[-1.0],[4.0],[2.6457512],[-1.0],[7.0],[6.928203],[4.0],[7.0],[6.928203],[4.0],0,1,0,0,0.0,0.0,0
236,2,1,1,"[0.5, 0.5, 1.0, 1.0, 1.0, 2.0, 2.5, 2.5, 3.5, 4.0]","[0.0, 0.0, 0.0, 0.0, 1.0, 1.7320508, 2.0, 2.4494898, 2.6457512, 3.4641016]","[1.5, 2.5]","[0.0, 0.0]","[-2.5, -2.5]",[1.5],[0.0],[-2.5],[3.5],[0.0],[3.0],[3.5],[0.0],[3.0],0,1,0,0,0.0,0.0,1
252,1,1,1,"[0.0, 0.5, 1.5, 1.5, 2.0, 2.5, 2.5, 3.5, 3.5, 5.0]","[0.0, 0.0, 0.0, 0.0, 0.0, 1.4142135, 1.7320508, 2.0, 3.4641016, 4.0]",[3.0],[0.0],[-2.5],[3.0],[0.0],[-2.5],[3.5],[0.0],[2.0],[3.5],[0.0],[2.0],0,1,0,0,0.0,0.0,1
85904,4,2,1,"[0.0, 0.0, 0.5, 0.5, 2.0, 2.0, 2.0, 3.0, 7.0, 7.5]","[0.0, 0.0, 0.0, 0.0, 1.7320508, 1.7320508, 1.7320508, 2.828427, 6.928203, 7.483315]","[2.0, 2.5, 3.5, 4.5]","[0.0, 2.0, 2.4494898, 4.472136]","[-4.0, -2.0, -2.0, -1.0]","[2.0, 2.5]","[2.0, 2.4494898]","[-4.0, -2.0]","[1.5, 2.0]","[0.0, 0.0]","[-3.0, -2.0]",[6.0],[6.0],[4.5],1,0,1,0,1.0,0.0,0
42489,2,2,1,"[0.0, 0.0, 0.5, 1.0, 1.5, 1.5, 1.5, 2.0, 2.0, 7.0]","[0.0, 0.0, 0.0, 0.0, 0.0, 1.0, 1.4142135, 1.7320508, 1.7320508, 6.928203]","[2.0, 3.0]","[0.0, 2.0]","[-2.5, -1.5]","[2.0, 3.0]","[0.0, 2.0]","[-2.5, -1.5]","[1.5, 2.5]","[1.4142135, 2.4494898]","[-2.0, -1.5]",[7.0],[6.928203],[6.5],1,0,1,0,1.0,0.0,0
3926,2,2,1,"[0.0, 1.0, 1.0, 1.0, 1.5, 2.5, 2.5, 3.0, 3.5, 4.5]","[0.0, 0.0, 0.0, 1.0, 1.4142135, 2.0, 2.0, 2.828427, 3.4641016, 4.472136]","[1.0, 1.5]","[0.0, 1.0]","[-2.5, -1.0]","[1.0, 1.5]","[0.0, 1.0]","[-2.5, -1.0]","[3.5, 4.0]","[3.4641016, 3.4641016]","[0.0, 0.5]",[7.5],[7.3484693],[3.5],1,0,1,0,1.0,0.0,0
695,1,1,1,"[0.0, 0.5, 1.0, 1.0, 1.5, 2.0, 2.5, 3.0, 3.5, 3.5]","[0.0, 0.0, 0.0, 0.0, 0.0, 0.0, 1.0, 2.0, 2.236068, 3.1622777]",[2.0],[2.0],[-3.5],[2.0],[2.0],[-3.5],[5.5],[4.8989797],[5.5],[5.5],[4.8989797],[5.5],0,1,0,0,0.0,0.0,1
33465,7,2,1,"[1.5, 1.5, 2.0, 2.5, 3.0, 3.0, 3.5, 4.5, 5.0, 5.5]","[0.0, 1.4142135, 1.4142135, 1.7320508, 2.0, 2.236068, 2.828427, 4.0, 4.2426405, 4.8989797]","[0.5, 2.0, 2.5, 2.5, 3.0, 3.5, 4.5]","[0.0, 0.0, 1.7320508, 2.4494898, 2.4494898, 2.828427, 4.472136]","[-4.0, -3.0, -3.0, -2.5, -2.5, -2.5, -1.0]","[0.5, 2.5]","[0.0, 2.4494898]","[-4.0, -2.5]","[2.0, 4.5]","[0.0, 4.472136]","[-2.5, 0.0]",[4.5],[0.0],[1.0],1,0,1,0,1.0,0.0,0
62982,3,2,2,"[0.5, 0.5, 1.0, 1.0, 1.0, 1.5, 2.5, 3.0, 4.5, 6.5]","[0.0, 0.0, 0.0, 0.0, 0.0, 0.0, 1.4142135, 3.0, 3.7416575, 6.0]","[1.5, 2.0, 3.5]","[0.0, 1.4142135, 3.4641016]","[-3.5, -3.0, -2.5]","[1.5, 2.0]","[0.0, 1.4142135]","[-3.5, -3.0]","[3.0, 6.5]","[2.828427, 6.0]","[1.0, 5.0]","[3.0, 6.5]","[2.828427, 6.0]","[1.0, 5.0]",0,2,0,0,0.0,0.0,0
409,1,1,1,"[0.0, 0.5, 1.0, 1.5, 2.0, 2.5, 2.5, 2.5, 4.0, 6.5]","[0.0, 0.0, 0.0, 0.0, 0.0, 2.0, 2.0, 2.0, 3.8729835, 6.3245554]",[3.5],[0.0],[-2.0],[3.5],[0.0],[-2.0],[4.5],[0.0],[-0.5],[4.5],[0.0],[-0.5],0,1,0,0,0.0,0.0,1
912,5,2,1,"[0.5, 0.5, 1.0, 1.0, 1.0, 2.0, 2.5, 2.5, 2.5, 7.5]","[0.0, 0.0, 0.0, 0.0, 0.0, 0.0, 0.0, 1.0, 2.0, 7.3484693]","[1.5, 2.5, 3.0, 4.0, 4.0]","[0.0, 0.0, 1.4142135, 2.828427, 3.8729835]","[-4.0, -3.0, -2.5, -1.0, -1.0]","[1.5, 3.0]","[1.4142135, 2.828427]","[-4.0, -2.5]","[5.0, 5.5]","[4.582576, 5.477226]","[0.0, 2.0]",[3.0],[2.236068],[2.0],1,0,1,0,1.0,0.0,1
55867,5,2,1,"[0.0, 0.5, 1.0, 1.5, 2.0, 2.5, 2.5, 3.0, 4.5, 8.0]","[0.0, 0.0, 0.0, 0.0, 1.4142135, 1.7320508, 2.0, 2.4494898, 4.2426405, 8.0]","[3.0, 3.5, 3.5, 3.5, 4.0]","[0.0, 2.828427, 3.1622777, 3.4641016, 3.8729835]","[-3.5, -3.0, -2.5, -2.5, -2.0]","[3.5, 4.0]","[3.4641016, 3.8729835]","[-3.5, -3.0]","[1.5, 3.0]","[0.0, 2.828427]","[-2.5, -2.5]",[5.0],[4.0],[3.5],1,0,1,0,1.0,0.0,0
177,1,1,1,"[0.0, 0.5, 0.5, 1.0, 1.5, 1.5, 1.5, 2.5, 3.5, 7.5]","[0.0, 0.0, 0.0, 0.0, 0.0, 0.0, 0.0, 2.4494898, 3.4641016, 7.3484693]",[2.0],[0.0],[-4.0],[2.0],[0.0],[-4.0],[1.5],[0.0],[-1.5],[1.5],[0.0],[-1.5],0,1,0,0,0.0,0.0,1
61377,2,2,2,"[0.0, 0.0, 0.5, 1.0, 1.5, 1.5, 1.5, 3.0, 4.0, 4.0]","[0.0, 0.0, 0.0, 0.0, 0.0, 0.0, 1.4142135, 2.236068, 3.4641016, 3.8729835]","[0.5, 3.5]","[0.0, 3.1622777]","[-3.5, -1.0]","[0.5, 3.5]","[0.0, 3.1622777]","[-3.5, -1.0]","[4.0, 7.0]","[0.0, 7.0]","[3.0, 4.0]","[4.0, 7.0]","[0.0, 7.0]","[3.0, 4.0]",0,2,0,0,0.0,0.0,0
54,2,1,1,"[0.5, 0.5, 0.5, 1.5, 2.0, 3.0, 4.0, 4.0, 5.0, 5.5]","[0.0, 0.0, 0.0, 0.0, 0.0, 0.0, 0.0, 1.4142135, 4.2426405, 4.8989797]","[2.5, 3.0]","[0.0, 2.828427]","[-5.0, -4.0]",[3.0],[2.828427],[-4.0],[0.5],[0.0],[-1.5],[0.5],[0.0],[-1.5],0,1,0,0,0.0,0.0,1
68781,3,2,1,"[0.0, 0.0, 1.5, 1.5, 1.5, 2.0, 2.0, 2.5, 2.5, 8.5]","[0.0, 0.0, 0.0, 0.0, 1.4142135, 1.7320508, 2.0, 2.0, 2.4494898, 8.485281]","[2.5, 3.5, 3.5]","[2.0, 2.4494898, 3.1622777]","[-3.5, -3.0, -2.0]","[2.5, 3.5]","[2.0, 3.1622777]","[-3.5, -2.0]","[2.0, 4.5]","[2.0, 4.2426405]","[-2.5, 0.0]",[7.0],[6.708204],[6.5],1,0,1,0,1.0,0.0,0
403,1,1,1,"[0.0, 0.0, 0.5, 1.0, 1.5, 2.0, 2.5, 2.5, 3.0, 4.5]","[0.0, 0.0, 0.0, 0.0, 0.0, 1.0, 1.4142135, 2.0, 2.828427, 3.7416575]",[4.5],[4.2426405],[-1.0],[4.5],[4.2426405],[-1.0],[4.5],[0.0],[2.5],[4.5],[0.0],[2.5],0,1,0,0,0.0,0.0,1
541,2,1,1,"[0.0, 0.5, 0.5, 1.5, 1.5, 2.0, 3.5, 3.5, 4.5, 6.5]","[0.0, 0.0, 0.0, 0.0, 1.4142135, 2.0, 2.4494898, 3.1622777, 3.7416575, 6.3245554]","[1.5, 3.0]","[1.4142135, 2.236068]","[-5.0, -2.0]",[1.5],[1.4142135],[-5.0],[6.0],[5.91608],[4.5],[6.0],[5.91608],[4.5],0,1,0,0,0.0,0.0,1
723,20,8,1,"[2.5, 3.0, 4.0, 4.0, 4.0, 4.5, 5.0, 5.0, 5.5, 6.0]","[0.0, 0.0, 2.4494898, 2.6457512, 3.8729835, 4.0, 4.2426405, 4.582576, 4.8989797, 5.656854]","[0.5, 0.5, 0.5, 1.0, 1.0, 2.0, 2.5, 2.5, 2.5, 3.0, 3.0, 3.0, 3.5, 3.5, 3.5, 4.0, 4.0, 4.5, 5.0, 5.5]","[0.0, 0.0, 0.0, 0.0, 0.0, 0.0, 0.0, 0.0, 2.0, 2.236068, 2.4494898, 2.828427, 3.1622777, 3.4641016, 3.4641016, 3.4641016, 3.4641016, 4.2426405, 4.582576, 5.2915025]","[-6.0, -4.5, -4.5, -4.0, -3.5, -3.5, -3.5, -3.5, -3.0, -2.5, -2.5, -2.5, -2.5, -2.5, -2.5, -2.0, -2.0, -2.0, -1.5, -1.5]","[0.5, 0.5, 1.0, 1.0, 2.0, 2.5, 2.5, 3.5]","[0.0, 0.0, 0.0, 0.0, 0.0, 0.0, 2.4494898, 3.4641016]","[-6.0, -4.0, -3.5, -2.5, -2.5, -2.0, -2.0, -2.0]","[3.5, 3.5, 4.0, 4.5, 4.5, 5.0, 5.0, 5.5]","[2.4494898, 2.828427, 2.828427, 3.0, 3.4641016, 4.0, 5.0, 5.2915025]","[-3.5, -2.5, -1.0, -0.5, 0.0, 2.0, 2.0, 3.5]",[3.5],[2.4494898],[2.0],7,0,1,0,7.0,0.0,1
83318,2,2,1,"[0.5, 1.0, 1.0, 1.0, 1.0, 1.5, 1.5, 2.5, 3.0, 5.5]","[0.0, 0.0, 0.0, 1.0, 1.0, 1.4142135, 1.4142135, 2.236068, 2.4494898, 5.477226]","[1.0, 2.0]","[0.0, 0.0]","[-2.0, -1.5]","[1.0, 2.0]","[0.0, 0.0]","[-2.0, -1.5]","[4.0, 8.0]","[2.6457512, 7.937254]","[1.0, 4.0]",[7.0],[6.708204],[5.5],1,0,1,0,1.0,0.0,0
925,1,1,1,"[0.0, 0.0, 1.0, 1.0, 2.5, 2.5, 2.5, 3.0, 3.5, 7.0]","[0.0, 0.0, 0.0, 0.0, 0.0, 1.0, 2.236068, 2.4494898, 3.1622777, 6.708204]",[4.5],[2.828427],[-2.5],[4.5],[2.828427],[-2.5],[6.0],[5.91608],[2.5],[6.0],[5.91608],[2.5],0,1,0,0,0.0,0.0,1
307,8,4,2,"[0.0, 1.0, 1.5, 2.5, 3.0, 3.0, 3.5, 4.5, 5.5, 6.5]","[0.0, 0.0, 1.4142135, 2.0, 2.236068, 2.828427, 3.4641016, 3.7416575, 5.477226, 6.3245554]","[0.5, 0.5, 1.5, 2.0, 2.5, 3.5, 3.5, 6.0]","[0.0, 0.0, 0.0, 1.4142135, 2.4494898, 3.4641016, 3.4641016, 6.0]","[-5.0, -4.5, -3.5, -2.5, -2.5, -1.5, -1.0, -1.0]","[0.5, 0.5, 2.0, 3.5]","[0.0, 0.0, 0.0, 3.4641016]","[-5.0, -4.5, -2.5, -1.0]","[0.5, 2.0, 2.0, 6.0]","[0.0, 0.0, 0.0, 5.656854]","[-5.0, -4.5, 0.0, 1.5]","[2.0, 6.0]","[0.0, 5.656854]","[0.0, 1.5]",2,2,0,1,0.0,2.0,1
27314,3,2,1,"[0.5, 0.5, 0.5, 1.0, 1.5, 2.0, 2.5, 3.5, 5.5, 6.5]","[0.0, 0.0, 0.0, 0.0, 1.4142135, 1.7320508, 2.4494898, 3.4641016, 5.477226, 6.3245554]","[2.0, 2.0, 3.0]","[1.7320508, 1.7320508, 2.828427]","[-4.5, -2.0, -1.0]","[2.0, 2.0]","[1.7320508, 1.7320508]","[-4.5, -2.0]","[3.5, 6.0]","[0.0, 5.656854]","[-2.5, 0.5]",[8.0],[8.0],[3.0],1,0,1,0,1.0,0.0,0
875,1,1,1,"[0.5, 0.5, 0.5, 1.0, 1.0, 2.5, 2.5, 2.5, 4.5, 6.5]","[0.0, 0.0, 0.0, 0.0, 0.0, 0.0, 1.0, 2.4494898, 4.472136, 6.3245554]",[2.5],[2.4494898],[-2.5],[2.5],[2.4494898],[-2.5],[2.5],[2.4494898],[0.5],[2.5],[2.4494898],[0.5],0,1,0,0,0.0,0.0,1
60,1,1,1,"[0.5, 0.5, 0.5, 1.5, 2.5, 3.0, 3.5, 4.0, 4.5, 6.0]","[0.0, 0.0, 0.0, 0.0, 0.0, 0.0, 2.828427, 3.0, 3.8729835, 5.196152]",[5.5],[4.8989797],[-2.5],[5.5],[4.8989797],[-2.5],[5.5],[5.477226],[4.0],[5.5],[5.477226],[4.0],0,1,0,0,0.0,0.0,1
282,4,3,2,"[0.0, 0.5, 0.5, 1.0, 1.0, 2.0, 2.0, 5.0, 5.5, 6.0]","[0.0, 0.0, 0.0, 0.0, 1.0, 2.0, 2.0, 3.0, 4.8989797, 5.91608]","[0.5, 2.0, 5.5, 6.5]","[0.0, 0.0, 4.8989797, 6.4807405]","[-3.0, -2.5, -2.5, -1.0]","[0.5, 2.0, 5.5]","[0.0, 0.0, 4.8989797]","[-3.0, -2.5, -2.5]","[2.5, 6.0, 7.0]","[2.0, 6.0, 6.708204]","[1.0, 2.5, 3.0]","[2.5, 5.5]","[2.0, 4.8989797]","[1.0, 4.0]",1,1,1,0,1.0,0.0,1
996,3,1,1,"[0.0, 0.0, 0.5, 1.0, 2.0, 2.0, 2.5, 2.5, 4.0, 6.0]","[0.0, 0.0, 0.0, 0.0, 0.0, 2.0, 2.0, 2.4494898, 3.8729835, 5.196152]","[2.5, 3.5, 4.0]","[0.0, 3.4641016, 3.4641016]","[-3.5, -3.0, -2.0]",[3.5],[3.4641016],[-3.5],[5.5],[5.477226],[2.5],[5.5],[5.477226],[2.5],0,1,0,0,0.0,0.0,1
203,3,1,1,"[0.5, 0.5, 1.0, 1.0, 2.0, 2.5, 2.5, 3.5, 4.0, 4.5]","[0.0, 0.0, 0.0, 0.0, 1.7320508, 2.0, 2.4494898, 2.828427, 3.4641016, 3.8729835]","[2.0, 2.0, 3.0]","[1.7320508, 1.7320508, 2.236068]","[-4.5, -4.0, -2.0]",[2.0],[1.7320508],[-4.0],[2.0],[2.0],[1.0],[2.0],[2.0],[1.0],0,1,0,0,0.0,0.0,1
318,1,1,1,"[0.0, 0.5, 0.5, 1.0, 1.0, 1.5, 1.5, 2.0, 2.5, 7.5]","[0.0, 0.0, 0.0, 0.0, 0.0, 0.0, 1.4142135, 1.7320508, 2.0, 7.483315]",[2.0],[1.7320508],[-3.5],[2.0],[1.7320508],[-3.5],[4.0],[4.0],[0.5],[4.0],[4.0],[0.5],0,1,0,0,0.0,0.0,1
63631,4,2,1,"[0.0, 0.0, 0.5, 3.0, 3.0, 3.5, 3.5, 3.5, 4.5, 7.0]","[0.0, 0.0, 0.0, 0.0, 3.0, 3.1622777, 3.4641016, 3.4641016, 3.7416575, 6.928203]","[2.5, 3.0, 3.5, 4.0]","[0.0, 2.0, 3.4641016, 3.4641016]","[-3.5, -3.0, -2.5, -2.0]","[2.5, 4.0]","[2.0, 3.4641016]","[-3.5, -2.0]","[2.0, 3.0]","[0.0, 1.7320508]","[-2.5, -2.0]",[3.5],[2.4494898],[1.0],1,0,1,0,1.0,0.0,0
67093,2,1,1,"[0.5, 0.5, 1.0, 1.5, 2.5, 3.0, 3.0, 4.5, 5.0, 5.5]","[0.0, 0.0, 0.0, 0.0, 0.0, 0.0, 2.0, 3.0, 4.2426405, 5.477226]","[2.5, 4.5]","[2.4494898, 3.7416575]","[-5.0, -3.0]",[2.5],[2.4494898],[-5.0],[7.0],[6.928203],[5.0],[7.0],[6.928203],[5.0],0,1,0,0,0.0,0.0,0
55689,3,2,1,"[0.0, 1.0, 1.5, 2.5, 3.0, 3.0, 3.0, 3.0, 4.0, 5.0]","[0.0, 0.0, 0.0, 1.0, 2.236068, 2.236068, 2.6457512, 2.828427, 2.828427, 4.0]","[1.5, 2.0, 2.0]","[0.0, 1.4142135, 1.7320508]","[-4.5, -2.5, -2.0]","[1.5, 2.0]","[1.4142135, 1.7320508]","[-4.5, -2.0]","[2.0, 4.0]","[0.0, 3.4641016]","[0.0, 0.5]",[8.0],[7.937254],[7.5],1,0,1,0,1.0,0.0,0
706,1,1,1,"[0.5, 0.5, 1.0, 1.0, 1.5, 1.5, 3.0, 3.5, 4.5, 7.0]","[0.0, 0.0, 0.0, 0.0, 0.0, 1.4142135, 2.236068, 2.4494898, 4.472136, 6.928203]",[2.0],[1.7320508],[-2.0],[2.0],[1.7320508],[-2.0],[5.0],[4.0],[4.5],[5.0],[4.0],[4.5],0,1,0,0,0.0,0.0,1
71569,2,2,2,"[0.0, 0.5, 1.0, 1.5, 2.0, 2.0, 2.5, 3.5, 4.0, 5.5]","[0.0, 0.0, 0.0, 0.0, 0.0, 0.0, 0.0, 1.4142135, 3.4641016, 5.477226]","[2.0, 2.5]","[0.0, 0.0]","[-4.0, -1.5]","[2.0, 2.5]","[0.0, 0.0]","[-4.0, -1.5]","[6.0, 8.5]","[5.656854, 8.485281]","[5.0, 5.5]","[6.0, 8.5]","[5.656854, 8.485281]","[5.0, 5.5]",0,2,0,0,0.0,0.0,0
41826,1,1,1,"[0.0, 1.0, 1.0, 1.5, 1.5, 1.5, 2.0, 3.5, 4.5, 5.0]","[0.0, 0.0, 0.0, 1.0, 1.4142135, 1.4142135, 2.0, 2.4494898, 3.0, 4.2426405]",[2.5],[2.0],[-1.5],[2.5],[2.0],[-1.5],[6.0],[5.196152],[4.5],[6.0],[5.196152],[4.5],0,1,0,0,0.0,0.0,0
11609,3,2,2,"[0.5, 1.0, 1.0, 1.0, 1.0, 1.5, 2.0, 2.5, 2.5, 3.5]","[0.0, 0.0, 0.0, 0.0, 0.0, 1.0, 1.0, 1.4142135, 2.4494898, 3.1622777]","[1.5, 2.5, 2.5]","[1.4142135, 2.0, 2.4494898]","[-2.0, -1.5, -1.0]","[1.5, 2.5]","[1.4142135, 2.0]","[-1.5, -1.0]","[6.5, 6.5]","[6.0, 6.4807405]","[6.0, 6.5]","[6.5, 6.5]","[6.0, 6.4807405]","[6.0, 6.5]",0,2,0,0,0.0,0.0,0
18512,2,2,1,"[0.0, 0.0, 0.0, 1.0, 1.5, 2.0, 2.0, 3.0, 3.0, 5.5]","[0.0, 0.0, 0.0, 1.0, 1.4142135, 2.0, 2.0, 2.236068, 2.828427, 5.2915025]","[3.0, 3.5]","[2.236068, 3.4641016]","[-2.5, -1.0]","[3.0, 3.5]","[2.236068, 3.4641016]","[-2.5, -1.0]","[3.0, 6.5]","[0.0, 6.0]","[0.0, 2.5]",[7.5],[7.483315],[6.0],1,0,1,0,1.0,0.0,0
62932,3,2,1,"[0.5, 0.5, 1.5, 1.5, 2.0, 3.0, 3.0, 3.0, 4.0, 5.0]","[0.0, 0.0, 0.0, 0.0, 1.4142135, 1.4142135, 1.7320508, 2.236068, 2.6457512, 4.582576]","[2.5, 2.5, 4.5]","[2.4494898, 2.4494898, 4.472136]","[-2.5, -2.5, -2.0]","[2.5, 2.5]","[2.4494898, 2.4494898]","[-2.5, -2.0]","[1.0, 3.0]","[0.0, 2.828427]","[-1.0, -0.5]",[4.0],[3.8729835],[3.5],1,0,1,0,1.0,0.0,0
698,3,2,1,"[0.0, 0.0, 0.0, 1.0, 1.5, 2.0, 4.0, 4.5, 4.5, 5.0]","[0.0, 0.0, 0.0, 0.0, 0.0, 0.0, 2.828427, 3.7416575, 4.0, 4.8989797]","[1.0, 1.5, 2.0]","[1.0, 1.4142135, 2.0]","[-3.5, -2.0, -2.0]","[1.0, 1.5]","[1.0, 1.4142135]","[-3.5, -2.0]","[2.0, 5.0]","[2.0, 4.582576]","[-2.0, -0.5]",[8.0],[7.937254],[2.5],1,0,1,0,1.0,0.0,1
628,1,1,1,"[0.0, 0.0, 0.5, 0.5, 1.5, 1.5, 2.0, 2.5, 4.5, 5.5]","[0.0, 0.0, 0.0, 0.0, 0.0, 1.4142135, 1.7320508, 2.0, 2.828427, 4.8989797]",[4.0],[3.4641016],[-1.5],[4.0],[3.4641016],[-1.5],[5.5],[4.2426405],[1.0],[5.5],[4.2426405],[1.0],0,1,0,0,0.0,0.0,1
620,1,1,1,"[0.0, 0.0, 0.0, 0.0, 0.5, 0.5, 1.0, 2.0, 4.0, 8.5]","[0.0, 0.0, 0.0, 0.0, 0.0, 0.0, 0.0, 2.0, 2.6457512, 8.485281]",[4.5],[4.2426405],[-3.5],[4.5],[4.2426405],[-3.5],[4.0],[3.4641016],[-0.5],[4.0],[3.4641016],[-0.5],0,1,0,0,0.0,0.0,1
351,1,1,1,"[0.5, 0.5, 1.0, 1.0, 1.0, 1.5, 2.0, 2.5, 5.0, 6.0]","[0.0, 0.0, 0.0, 0.0, 1.0, 1.0, 2.0, 2.0, 4.582576, 5.656854]",[2.5],[0.0],[-2.0],[2.5],[0.0],[-2.0],[5.0],[4.582576],[2.5],[5.0],[4.582576],[2.5],0,1,0,0,0.0,0.0,1
116,2,1,1,"[0.0, 0.0, 0.0, 1.0, 2.5, 2.5, 3.0, 3.5, 3.5, 5.0]","[0.0, 0.0, 0.0, 0.0, 1.0, 2.0, 2.4494898, 2.828427, 3.4641016, 4.582576]","[1.5, 2.5]","[0.0, 2.0]","[-3.0, -2.5]",[1.5],[0.0],[-2.5],[5.5],[4.8989797],[3.5],[5.5],[4.8989797],[3.5],0,1,0,0,0.0,0.0,1
40896,1,1,1,"[0.0, 0.0, 1.0, 1.0, 1.0, 1.5, 2.0, 3.0, 3.5, 3.5]","[0.0, 0.0, 0.0, 0.0, 1.0, 1.0, 1.4142135, 1.7320508, 2.236068, 3.4641016]",[3.5],[3.1622777],[-2.0],[3.5],[3.1622777],[-2.0],[3.0],[2.236068],[1.5],[3.0],[2.236068],[1.5],0,1,0,0,0.0,0.0,0
74,2,1,1,"[0.5, 0.5, 1.0, 1.0, 1.5, 1.5, 2.5, 3.0, 4.0, 6.0]","[0.0, 0.0, 0.0, 0.0, 0.0, 1.0, 2.0, 2.236068, 4.0, 5.91608]","[2.0, 2.5]","[0.0, 2.4494898]","[-3.0, -2.0]",[2.5],[2.4494898],[-3.0],[6.0],[5.196152],[1.5],[6.0],[5.196152],[1.5],0,1,0,0,0.0,0.0,1
65737,1,1,1,"[0.0, 0.5, 0.5, 1.0, 1.5, 2.0, 2.5, 3.0, 4.5, 5.0]","[0.0, 0.0, 0.0, 0.0, 0.0, 0.0, 1.4142135, 2.828427, 3.7416575, 5.0]",[4.5],[4.2426405],[-1.5],[4.5],[4.2426405],[-1.5],[6.5],[6.3245554],[3.0],[6.5],[6.3245554],[3.0],0,1,0,0,0.0,0.0,0
75057,2,2,2,"[0.0, 0.5, 0.5, 1.0, 1.5, 2.0, 2.5, 2.5, 6.0, 6.5]","[0.0, 0.0, 0.0, 0.0, 0.0, 0.0, 0.0, 2.0, 5.91608, 6.3245554]","[2.5, 3.5]","[2.4494898, 3.1622777]","[-2.5, -2.0]","[2.5, 3.5]","[2.4494898, 3.1622777]","[-2.5, -2.0]","[5.5, 5.5]","[5.2915025, 5.477226]","[1.5, 3.0]","[5.5, 5.5]","[5.2915025, 5.477226]","[1.5, 3.0]",0,2,0,0,0.0,0.0,0
48546,2,1,1,"[0.5, 0.5, 1.0, 1.0, 1.5, 2.0, 2.5, 4.0, 4.0, 4.5]","[0.0, 0.0, 0.0, 0.0, 0.0, 0.0, 0.0, 2.4494898, 3.4641016, 4.472136]","[0.5, 1.5]","[0.0, 0.0]","[-6.0, -3.0]",[0.5],[0.0],[-6.0],[6.0],[5.196152],[4.0],[6.0],[5.196152],[4.0],0,1,0,0,0.0,0.0,0
1006,1,1,1,"[0.0, 0.0, 0.5, 1.5, 1.5, 1.5, 2.0, 2.5, 4.0, 6.0]","[0.0, 0.0, 0.0, 0.0, 0.0, 0.0, 1.7320508, 2.4494898, 2.6457512, 5.196152]",[3.0],[2.828427],[-2.0],[3.0],[2.828427],[-2.0],[2.5],[2.4494898],[-2.5],[2.5],[2.4494898],[-2.5],0,1,0,0,0.0,0.0,1
590,1,1,1,"[0.0, 0.0, 1.0, 1.5, 1.5, 2.0, 2.5, 3.0, 3.5, 4.0]","[0.0, 0.0, 0.0, 0.0, 0.0, 1.7320508, 2.0, 2.236068, 2.4494898, 3.8729835]",[2.0],[0.0],[-2.5],[2.0],[0.0],[-2.5],[2.0],[2.0],[1.5],[2.0],[2.0],[1.5],0,1,0,0,0.0,0.0,1
50,5,2,0,"[0.0, 0.5, 1.0, 1.0, 2.5, 3.0, 4.0, 4.5, 4.5, 5.5]","[0.0, 0.0, 0.0, 0.0, 0.0, 2.236068, 2.828427, 3.4641016, 4.2426405, 4.8989797]","[1.0, 1.5, 2.0, 2.5, 4.0]","[0.0, 0.0, 1.0, 2.0, 4.0]","[-5.5, -4.5, -2.5, -2.5, -2.5]","[1.0, 2.0]","[1.0, 2.0]","[-4.5, -2.5]","[1.0, 2.0]","[1.0, 2.0]","[-4.5, -2.5]",[],[],[],2,0,0,1,0.0,2.0,1
244,22,5,1,"[1.0, 1.5, 2.0, 4.0, 4.5, 5.0, 5.5, 6.0, 6.5, 8.5]","[0.0, 0.0, 1.4142135, 2.828427, 3.8729835, 4.582576, 4.8989797, 5.656854, 6.3245554, 8.485281]","[0.5, 0.5, 1.0, 1.0, 1.0, 1.5, 1.5, 2.0, 2.0, 2.5, 2.5, 2.5, 3.0, 3.5, 3.5, 3.5, 4.5, 5.0, 5.0, 5.0, 6.0, 7.0]","[0.0, 0.0, 0.0, 0.0, 0.0, 0.0, 1.4142135, 1.4142135, 1.7320508, 2.0, 2.236068, 2.4494898, 2.4494898, 2.4494898, 3.1622777, 3.4641016, 3.7416575, 4.8989797, 4.8989797, 4.8989797, 5.91608, 6.928203]","[-7.5, -7.0, -6.5, -6.0, -5.5, -5.5, -5.0, -5.0, -5.0, -4.5, -4.5, -4.5, -3.0, -3.0, -2.5, -2.5, -2.0, -2.0, -1.5, -1.5, -1.5, -1.0]","[0.5, 0.5, 1.0, 1.5, 3.5]","[0.0, 0.0, 0.0, 1.4142135, 2.4494898]","[-7.5, -7.0, -5.5, -2.5, -2.0]","[1.0, 5.0, 5.0, 5.5, 7.0]","[0.0, 4.8989797, 4.8989797, 5.2915025, 6.928203]","[-6.5, -3.0, -2.0, 0.0, 4.5]",[2.5],[2.0],[-2.0],4,0,1,0,4.0,0.0,1
605,2,1,1,"[0.0, 0.0, 0.5, 1.0, 1.5, 1.5, 2.0, 3.5, 3.5, 6.0]","[0.0, 0.0, 0.0, 0.0, 0.0, 0.0, 1.7320508, 2.4494898, 3.4641016, 5.656854]","[1.5, 5.0]","[0.0, 4.8989797]","[-4.0, -2.0]",[1.5],[0.0],[-4.0],[5.5],[4.2426405],[1.5],[5.5],[4.2426405],[1.5],0,1,0,0,0.0,0.0,1
45437,4,2,2,"[0.5, 0.5, 1.0, 1.0, 2.0, 2.5, 3.0, 5.0, 5.5, 6.0]","[0.0, 0.0, 0.0, 0.0, 1.0, 1.0, 2.4494898, 3.0, 5.2915025, 5.656854]","[1.0, 2.5, 5.0, 5.5]","[1.0, 2.4494898, 4.582576, 4.8989797]","[-5.5, -5.0, -3.0, -1.0]","[1.0, 5.0]","[1.0, 4.582576]","[-5.5, -1.0]","[2.0, 4.5]","[0.0, 0.0]","[-1.0, 1.5]","[2.0, 4.5]","[0.0, 0.0]","[-1.0, 1.5]",0,2,0,0,0.0,0.0,0
854,3,1,1,"[0.0, 0.0, 0.5, 0.5, 0.5, 2.0, 2.0, 2.5, 4.0, 4.5]","[0.0, 0.0, 0.0, 0.0, 0.0, 0.0, 0.0, 0.0, 0.0, 1.7320508]","[2.5, 3.0, 4.0]","[2.0, 2.6457512, 3.0]","[-6.0, -3.0, -3.0]",[2.5],[2.0],[-6.0],[2.5],[2.0],[2.5],[2.5],[2.0],[2.5],0,1,0,0,0.0,0.0,1
438,1,1,1,"[0.5, 0.5, 1.0, 1.0, 1.5, 1.5, 2.0, 2.5, 2.5, 6.5]","[0.0, 0.0, 0.0, 0.0, 0.0, 0.0, 0.0, 2.0, 2.4494898, 6.3245554]",[4.0],[3.8729835],[-2.0],[4.0],[3.8729835],[-2.0],[0.5],[0.0],[-2.0],[0.5],[0.0],[-2.0],0,1,0,0,0.0,0.0,1
834,1,1,1,"[0.0, 0.5, 0.5, 2.0, 2.0, 2.5, 2.5, 3.5, 4.0, 4.0]","[0.0, 0.0, 0.0, 0.0, 0.0, 2.0, 2.4494898, 2.4494898, 3.4641016, 3.4641016]",[2.5],[0.0],[-2.5],[2.5],[0.0],[-2.5],[3.0],[3.0],[1.5],[3.0],[3.0],[1.5],0,1,0,0,0.0,0.0,1
54130,1,1,1,"[0.5, 1.0, 2.5, 2.5, 2.5, 2.5, 3.0, 3.0, 3.5, 5.0]","[0.0, 0.0, 1.0, 2.0, 2.0, 2.4494898, 2.828427, 2.828427, 3.4641016, 4.8989797]",[2.5],[2.4494898],[-1.0],[2.5],[2.4494898],[-1.0],[7.5],[7.3484693],[2.5],[7.5],[7.3484693],[2.5],0,1,0,0,0.0,0.0,0
366,6,2,1,"[0.5, 0.5, 1.0, 1.0, 1.5, 3.0, 3.0, 5.0, 6.0, 8.0]","[0.0, 0.0, 0.0, 0.0, 0.0, 1.0, 2.236068, 3.0, 5.91608, 7.937254]","[0.5, 1.0, 1.0, 1.5, 3.0, 5.0]","[0.0, 0.0, 0.0, 0.0, 3.0, 4.8989797]","[-6.5, -5.5, -4.0, -3.0, -2.0, -1.5]","[0.5, 1.0]","[0.0, 0.0]","[-6.5, -5.5]","[3.0, 4.5]","[3.0, 4.2426405]","[-4.0, 0.0]",[5.5],[5.477226],[2.0],1,0,1,0,1.0,0.0,1
793,4,2,1,"[0.0, 0.5, 1.0, 1.0, 1.5, 2.0, 4.0, 5.0, 5.5, 5.5]","[0.0, 0.0, 0.0, 0.0, 1.4142135, 1.7320508, 3.4641016, 4.2426405, 4.582576, 5.477226]","[3.0, 3.0, 3.0, 4.0]","[0.0, 2.236068, 3.0, 4.0]","[-3.5, -3.0, -1.5, -1.5]","[3.0, 4.0]","[3.0, 4.0]","[-3.5, -3.0]","[4.0, 4.5]","[0.0, 3.4641016]","[0.0, 0.5]",[4.0],[0.0],[1.5],1,0,1,0,1.0,0.0,1
94438,3,2,2,"[1.0, 1.0, 1.0, 1.5, 2.0, 2.0, 2.5, 4.0, 5.5, 5.5]","[0.0, 0.0, 0.0, 0.0, 2.0, 2.0, 2.0, 3.8729835, 4.2426405, 5.477226]","[1.0, 2.0, 4.5]","[0.0, 0.0, 3.7416575]","[-2.5, -2.5, -1.5]","[1.0, 4.5]","[0.0, 3.7416575]","[-2.5, -2.5]","[4.5, 4.5]","[4.2426405, 4.2426405]","[0.5, 2.0]","[4.5, 4.5]","[4.2426405, 4.2426405]","[0.5, 2.0]",0,2,0,0,0.0,0.0,0
483,1,1,1,"[1.5, 1.5, 1.5, 1.5, 2.0, 2.0, 2.5, 2.5, 4.0, 5.5]","[0.0, 0.0, 0.0, 1.4142135, 1.4142135, 2.0, 2.0, 2.4494898, 2.6457512, 5.2915025]",[3.0],[2.236068],[-2.5],[3.0],[2.236068],[-2.5],[4.0],[0.0],[3.0],[4.0],[0.0],[3.0],0,1,0,0,0.0,0.0,1
453,1,1,1,"[0.5, 0.5, 1.0, 1.0, 1.5, 2.0, 2.5, 2.5, 3.0, 3.5]","[0.0, 0.0, 0.0, 0.0, 1.4142135, 1.7320508, 2.0, 2.0, 2.828427, 3.4641016]",[1.5],[1.4142135],[-1.5],[1.5],[1.4142135],[-1.5],[3.5],[3.1622777],[1.5],[3.5],[3.1622777],[1.5],0,1,0,0,0.0,0.0,1
499,4,2,0,"[1.0, 1.0, 1.0, 1.5, 2.0, 2.0, 3.0, 4.0, 5.5, 8.0]","[0.0, 0.0, 0.0, 1.0, 1.0, 2.0, 2.828427, 4.0, 4.8989797, 8.0]","[2.0, 2.0, 3.0, 4.5]","[0.0, 2.0, 2.0, 3.7416575]","[-6.0, -3.5, -3.0, -1.5]","[2.0, 2.0]","[2.0, 2.0]","[-6.0, -3.5]","[2.0, 2.0]","[2.0, 2.0]","[-6.0, -3.5]",[],[],[],2,0,0,1,0.0,2.0,1
76462,3,2,1,"[0.0, 0.5, 1.0, 1.5, 1.5, 2.0, 2.0, 4.0, 4.5, 8.0]","[0.0, 0.0, 0.0, 1.0, 1.4142135, 1.7320508, 2.0, 3.7416575, 3.8729835, 7.937254]","[2.0, 2.5, 4.0]","[0.0, 0.0, 3.4641016]","[-3.5, -1.5, -1.0]","[2.0, 2.5]","[0.0, 0.0]","[-3.5, -1.5]","[4.0, 6.5]","[0.0, 6.3245554]","[-3.0, 1.0]",[3.5],[3.1622777],[-1.0],1,0,1,0,1.0,0.0,0
53143,3,2,1,"[0.0, 0.5, 1.0, 1.5, 2.0, 2.0, 3.0, 3.0, 3.5, 6.5]","[0.0, 0.0, 0.0, 0.0, 0.0, 1.4142135, 1.7320508, 2.0, 2.4494898, 6.4807405]","[1.5, 2.5, 3.0]","[0.0, 1.4142135, 3.0]","[-3.0, -2.5, -1.5]","[1.5, 2.5]","[0.0, 1.4142135]","[-2.5, -1.5]","[3.0, 3.5]","[0.0, 3.0]","[-2.5, -0.5]",[8.5],[8.485281],[5.5],1,0,1,0,1.0,0.0,0
361,1,1,1,"[0.0, 0.5, 0.5, 1.0, 1.5, 2.5, 3.0, 3.0, 5.0, 5.5]","[0.0, 0.0, 0.0, 0.0, 0.0, 0.0, 1.4142135, 2.236068, 3.0, 4.2426405]",[2.5],[2.4494898],[-4.5],[2.5],[2.4494898],[-4.5],[1.0],[0.0],[0.0],[1.0],[0.0],[0.0],0,1,0,0,0.0,0.0,1
791,3,1,1,"[0.0, 0.0, 0.5, 1.0, 1.0, 1.5, 2.5, 3.5, 3.5, 4.5]","[0.0, 0.0, 0.0, 0.0, 0.0, 0.0, 0.0, 2.0, 2.828427, 3.1622777]","[2.5, 3.0, 4.5]","[2.0, 3.0, 4.472136]","[-4.5, -2.0, -1.5]",[3.0],[3.0],[-4.5],[5.5],[5.477226],[5.0],[5.5],[5.477226],[5.0],0,1,0,0,0.0,0.0,1
6199,5,2,1,"[2.0, 2.0, 2.0, 2.5, 2.5, 2.5, 3.0, 4.0, 5.0, 7.0]","[0.0, 0.0, 2.0, 2.0, 2.236068, 2.4494898, 2.4494898, 2.6457512, 3.0, 6.928203]","[1.0, 2.5, 3.5, 6.5, 6.5]","[0.0, 0.0, 3.1622777, 6.4807405, 6.4807405]","[-3.0, -2.5, -2.0, -1.0, -1.0]","[1.0, 3.5]","[0.0, 3.1622777]","[-3.0, -2.5]","[1.0, 3.5]","[1.0, 3.4641016]","[-2.0, -1.5]",[4.0],[3.8729835],[3.0],1,0,1,0,1.0,0.0,0
35557,4,2,1,"[0.0, 0.0, 1.5, 1.5, 1.5, 2.0, 2.0, 2.0, 3.5, 8.0]","[0.0, 0.0, 0.0, 0.0, 0.0, 1.4142135, 1.4142135, 1.7320508, 3.4641016, 7.937254]","[2.0, 2.5, 4.0, 4.0]","[1.7320508, 2.4494898, 2.6457512, 3.4641016]","[-4.0, -2.5, -2.5, -2.0]","[2.0, 2.5]","[1.7320508, 2.4494898]","[-4.0, -2.5]","[1.5, 3.5]","[1.4142135, 2.4494898]","[-2.0, -1.5]",[6.5],[6.0],[6.0],1,0,1,0,1.0,0.0,0
67057,3,2,1,"[1.0, 1.0, 1.0, 1.0, 1.0, 1.5, 2.0, 2.0, 3.5, 6.0]","[0.0, 0.0, 0.0, 0.0, 1.0, 1.0, 1.7320508, 1.7320508, 2.4494898, 5.91608]","[0.5, 1.5, 1.5]","[0.0, 0.0, 1.4142135]","[-3.5, -2.5, -2.5]","[0.5, 1.5]","[0.0, 0.0]","[-3.5, -2.5]","[2.0, 2.0]","[0.0, 0.0]","[-3.0, -0.5]",[8.0],[7.937254],[6.5],1,0,1,0,1.0,0.0,0
92991,5,2,2,"[0.0, 0.0, 1.0, 1.5, 2.0, 2.5, 2.5, 4.5, 6.0, 7.5]","[0.0, 0.0, 0.0, 0.0, 0.0, 1.4142135, 2.0, 4.472136, 5.656854, 7.483315]","[2.0, 2.5, 3.0, 3.5, 4.5]","[1.7320508, 2.0, 2.236068, 2.4494898, 3.7416575]","[-4.5, -3.5, -3.0, -2.5, -1.5]","[2.0, 3.5]","[1.7320508, 2.4494898]","[-4.5, -1.5]","[1.0, 4.5]","[0.0, 4.472136]","[-2.5, 2.5]","[1.0, 4.5]","[0.0, 4.472136]","[-2.5, 2.5]",0,2,0,0,0.0,0.0,0
45205,4,2,1,"[0.5, 0.5, 1.5, 2.0, 2.5, 3.0, 3.5, 3.5, 4.5, 8.0]","[0.0, 0.0, 0.0, 1.7320508, 2.236068, 2.4494898, 3.4641016, 3.4641016, 4.472136, 7.937254]","[1.0, 2.5, 2.5, 3.5]","[0.0, 0.0, 0.0, 0.0]","[-5.0, -4.5, -2.5, -1.5]","[1.0, 2.5]","[0.0, 0.0]","[-5.0, -2.5]","[2.0, 5.5]","[0.0, 5.477226]","[-2.5, -1.0]",[4.5],[0.0],[1.5],1,0,1,0,1.0,0.0,0
1021,4,2,1,"[0.5, 0.5, 1.5, 1.5, 2.0, 2.0, 2.0, 3.0, 7.0, 8.5]","[0.0, 0.0, 0.0, 0.0, 0.0, 1.4142135, 1.7320508, 2.828427, 6.708204, 8.485281]","[3.0, 3.5, 4.5, 5.0]","[0.0, 3.0, 4.472136, 4.582576]","[-4.5, -3.0, -2.0, -1.5]","[3.0, 4.5]","[3.0, 4.472136]","[-4.5, -3.0]","[2.5, 5.0]","[2.4494898, 4.582576]","[-3.0, -1.5]",[4.5],[0.0],[1.0],1,0,1,0,1.0,0.0,1
528,5,3,1,"[0.0, 0.0, 0.0, 0.5, 1.0, 1.5, 2.0, 3.5, 6.0, 6.0]","[0.0, 0.0, 0.0, 0.0, 0.0, 0.0, 0.0, 0.0, 5.196152, 5.196152]","[1.5, 3.0, 3.5, 3.5, 7.0]","[1.4142135, 2.236068, 2.4494898, 3.4641016, 6.928203]","[-5.5, -2.0, -2.0, -1.5, -1.0]","[1.5, 3.0, 3.5]","[1.4142135, 2.236068, 3.4641016]","[-5.5, -2.0, -1.5]","[1.5, 3.0, 3.5]","[1.4142135, 2.828427, 3.4641016]","[-5.5, -1.5, 3.0]",[3.0],[2.828427],[3.0],2,1,0,1,0.0,2.0,1
52,1,1,1,"[0.0, 0.5, 0.5, 1.5, 2.5, 3.0, 3.5, 4.0, 5.5, 5.5]","[0.0, 0.0, 0.0, 0.0, 0.0, 2.4494898, 2.6457512, 2.828427, 4.8989797, 5.477226]",[5.0],[5.0],[-1.5],[5.0],[5.0],[-1.5],[2.0],[1.7320508],[-0.5],[2.0],[1.7320508],[-0.5],0,1,0,0,0.0,0.0,1
139,5,2,1,"[0.5, 1.0, 1.0, 1.5, 2.0, 3.0, 3.0, 5.0, 5.0, 8.5]","[0.0, 0.0, 0.0, 1.4142135, 1.7320508, 2.236068, 2.828427, 3.0, 4.582576, 8.485281]","[1.0, 2.0, 2.5, 3.0, 3.0]","[0.0, 0.0, 0.0, 1.0, 2.828427]","[-7.0, -6.0, -4.5, -4.0, -2.5]","[1.0, 2.0]","[0.0, 1.0]","[-7.0, -4.5]","[2.0, 3.5]","[0.0, 2.0]","[-3.0, -2.0]",[1.5],[0.0],[-0.5],1,0,1,0,1.0,0.0,1
256,1,1,1,"[0.0, 0.0, 0.5, 0.5, 1.0, 1.0, 2.5, 3.0, 4.0, 4.0]","[0.0, 0.0, 0.0, 0.0, 0.0, 0.0, 0.0, 1.0, 3.8729835, 4.0]",[2.0],[1.7320508],[-2.5],[2.0],[1.7320508],[-2.5],[4.5],[2.828427],[1.0],[4.5],[2.828427],[1.0],0,1,0,0,0.0,0.0,1
51782,3,2,1,"[1.0, 1.0, 1.5, 1.5, 1.5, 2.0, 2.5, 2.5, 3.0, 8.5]","[0.0, 0.0, 0.0, 0.0, 0.0, 0.0, 1.4142135, 2.0, 2.828427, 8.485281]","[2.0, 2.5, 4.0]","[0.0, 2.0, 3.8729835]","[-4.5, -3.0, -2.5]","[2.0, 2.5]","[0.0, 2.0]","[-4.5, -2.5]","[5.0, 5.5]","[4.8989797, 4.8989797]","[1.0, 1.0]",[3.5],[2.4494898],[3.5],1,0,1,0,1.0,0.0,0
647,5,2,1,"[0.0, 0.5, 0.5, 2.0, 2.0, 2.5, 3.0, 3.5, 3.5, 5.5]","[0.0, 0.0, 0.0, 0.0, 0.0, 0.0, 1.7320508, 2.0, 3.4641016, 5.477226]","[0.5, 1.0, 2.0, 2.0, 2.0]","[0.0, 0.0, 0.0, 1.7320508, 1.7320508]","[-4.5, -4.0, -3.5, -2.5, -1.0]","[0.5, 2.0]","[0.0, 1.7320508]","[-4.5, -2.5]","[1.0, 2.0]","[0.0, 0.0]","[-2.5, -1.5]",[7.5],[7.483315],[6.0],1,0,1,0,1.0,0.0,0
969,1,1,1,"[0.5, 1.0, 1.5, 1.5, 2.0, 2.0, 3.0, 4.0, 4.5, 5.0]","[0.0, 0.0, 0.0, 0.0, 0.0, 1.4142135, 2.0, 2.236068, 2.828427, 4.582576]",[4.0],[3.8729835],[-3.5],[4.0],[3.8729835],[-3.5],[3.0],[2.236068],[1.5],[3.0],[2.236068],[1.5],0,1,0,0,0.0,0.0,1
285,3,2,0,"[0.0, 0.0, 0.0, 0.5, 1.5, 2.5, 2.5, 4.0, 4.5, 8.0]","[0.0, 0.0, 0.0, 0.0, 0.0, 0.0, 2.0, 2.6457512, 4.472136, 7.937254]","[3.0, 3.5, 4.5]","[2.828427, 3.4641016, 4.2426405]","[-2.5, -2.0, -1.5]","[3.5, 4.5]","[3.4641016, 4.2426405]","[-2.5, -2.0]","[3.5, 4.5]","[3.4641016, 4.2426405]","[-2.5, -2.0]",[],[],[],2,0,0,1,0.0,2.0,1
616,2,1,1,"[0.5, 0.5, 0.5, 1.0, 1.0, 2.0, 2.0, 2.5, 5.0, 6.0]","[0.0, 0.0, 0.0, 1.0, 1.0, 1.7320508, 2.0, 2.4494898, 4.8989797, 6.0]","[2.0, 3.0]","[0.0, 2.236068]","[-2.5, -1.5]",[2.0],[0.0],[-2.5],[4.5],[4.472136],[0.5],[4.5],[4.472136],[0.5],0,1,0,0,0.0,0.0,1
18765,1,1,1,"[0.0, 0.5, 0.5, 1.5, 2.0, 2.5, 2.5, 3.0, 3.5, 4.0]","[0.0, 0.0, 0.0, 0.0, 0.0, 0.0, 2.4494898, 2.6457512, 3.0, 3.4641016]",[2.5],[2.4494898],[-1.0],[2.5],[2.4494898],[-1.0],[6.0],[5.196152],[4.5],[6.0],[5.196152],[4.5],0,1,0,0,0.0,0.0,0
50559,4,2,2,"[0.0, 0.5, 1.0, 1.5, 2.0, 2.5, 3.0, 3.0, 3.5, 7.0]","[0.0, 0.0, 0.0, 0.0, 0.0, 1.7320508, 2.0, 2.828427, 3.4641016, 6.708204]","[0.5, 1.5, 1.5, 2.0]","[0.0, 0.0, 1.4142135, 1.4142135]","[-4.5, -4.5, -3.0, -1.5]","[0.5, 1.5]","[0.0, 1.4142135]","[-4.5, -3.0]","[4.5, 5.5]","[4.2426405, 5.477226]","[3.0, 4.5]","[4.5, 5.5]","[4.2426405, 5.477226]","[3.0, 4.5]",0,2,0,0,0.0,0.0,0
48218,5,2,1,"[0.5, 0.5, 1.0, 1.5, 1.5, 2.0, 2.0, 3.5, 4.0, 7.5]","[0.0, 0.0, 0.0, 0.0, 1.4142135, 1.4142135, 1.7320508, 3.4641016, 3.4641016, 7.483315]","[2.5, 2.5, 3.5, 4.0, 4.0]","[0.0, 2.4494898, 2.4494898, 3.4641016, 4.0]","[-3.5, -3.0, -2.5, -2.0, -1.0]","[2.5, 4.0]","[2.4494898, 4.0]","[-3.0, -2.5]","[2.0, 3.5]","[2.0, 2.4494898]","[-2.5, -1.0]",[7.0],[7.0],[5.5],1,0,1,0,1.0,0.0,0
356,2,1,1,"[0.0, 0.0, 0.5, 0.5, 0.5, 1.5, 2.0, 2.5, 4.5, 6.5]","[0.0, 0.0, 0.0, 0.0, 0.0, 0.0, 1.4142135, 1.7320508, 3.7416575, 6.3245554]","[0.5, 3.0]","[0.0, 2.236068]","[-4.5, -3.5]",[0.5],[0.0],[-4.5],[5.5],[4.2426405],[-0.5],[5.5],[4.2426405],[-0.5],0,1,0,0,0.0,0.0,1
53188,3,2,1,"[0.5, 1.0, 1.0, 1.5, 1.5, 2.0, 2.0, 2.5, 4.0, 6.5]","[0.0, 0.0, 0.0, 0.0, 0.0, 0.0, 1.0, 1.0, 2.0, 6.3245554]","[0.5, 1.0, 2.0]","[0.0, 0.0, 1.7320508]","[-3.5, -2.5, -2.0]","[0.5, 1.0]","[0.0, 0.0]","[-3.5, -2.5]","[1.5, 1.5]","[0.0, 1.4142135]","[-3.0, -1.5]",[6.0],[6.0],[5.0],1,0,1,0,1.0,0.0,0
493,2,1,1,"[0.0, 0.0, 0.5, 0.5, 1.0, 1.0, 1.5, 2.5, 4.5, 4.5]","[0.0, 0.0, 0.0, 0.0, 0.0, 0.0, 1.0, 1.0, 3.7416575, 3.7416575]","[4.0, 5.0]","[4.0, 4.8989797]","[-3.0, -1.0]",[4.0],[4.0],[-3.0],[4.0],[4.0],[2.0],[4.0],[4.0],[2.0],0,1,0,0,0.0,0.0,1
69913,2,2,1,"[0.5, 1.0, 1.0, 2.0, 2.5, 3.0, 3.5, 3.5, 4.0, 4.5]","[0.0, 0.0, 0.0, 0.0, 0.0, 1.0, 3.1622777, 3.4641016, 4.0, 4.472136]","[1.0, 1.0]","[0.0, 1.0]","[-3.5, -2.0]","[1.0, 1.0]","[0.0, 1.0]","[-3.5, -2.0]","[2.0, 2.0]","[0.0, 1.7320508]","[-1.0, 0.0]",[5.5],[5.2915025],[4.5],1,0,1,0,1.0,0.0,0
26,1,1,1,"[0.0, 0.5, 0.5, 0.5, 1.0, 1.0, 2.0, 2.0, 5.0, 5.5]","[0.0, 0.0, 0.0, 0.0, 0.0, 0.0, 1.0, 2.0, 3.0, 5.477226]",[3.5],[0.0],[-3.0],[3.5],[0.0],[-3.0],[8.5],[8.485281],[8.0],[8.5],[8.485281],[8.0],0,1,0,0,0.0,0.0,1
24814,4,2,1,"[0.5, 1.5, 2.0, 2.0, 2.0, 2.0, 2.5, 3.0, 4.5, 8.0]","[0.0, 0.0, 0.0, 0.0, 0.0, 1.4142135, 2.0, 2.236068, 2.828427, 8.0]","[1.5, 3.0, 3.0, 5.0]","[0.0, 0.0, 0.0, 4.8989797]","[-5.0, -3.0, -2.0, -2.0]","[1.5, 3.0]","[0.0, 0.0]","[-5.0, -2.0]","[2.0, 3.0]","[1.7320508, 3.0]","[-3.0, -1.5]",[8.5],[8.485281],[7.0],1,0,1,0,1.0,0.0,0
81668,3,2,1,"[0.0, 0.5, 1.0, 1.0, 1.0, 1.5, 2.0, 3.0, 4.0, 7.5]","[0.0, 0.0, 0.0, 0.0, 0.0, 1.0, 1.0, 1.7320508, 3.8729835, 7.483315]","[2.5, 2.5, 3.0]","[0.0, 0.0, 0.0]","[-4.0, -2.5, -2.0]","[2.5, 2.5]","[0.0, 0.0]","[-2.5, -2.0]","[3.5, 7.0]","[2.4494898, 6.928203]","[-1.0, 3.0]",[7.0],[6.708204],[6.0],1,0,1,0,1.0,0.0,0
290,1,1,1,"[1.0, 1.0, 1.0, 1.5, 2.0, 2.0, 2.5, 2.5, 3.0, 6.0]","[0.0, 0.0, 0.0, 0.0, 0.0, 0.0, 1.0, 2.0, 3.0, 5.656854]",[1.5],[1.4142135],[-2.0],[1.5],[1.4142135],[-2.0],[5.0],[5.0],[1.0],[5.0],[5.0],[1.0],0,1,0,0,0.0,0.0,1
509,1,1,1,"[0.0, 0.0, 0.5, 0.5, 1.0, 1.0, 1.0, 2.0, 3.0, 3.0]","[0.0, 0.0, 0.0, 0.0, 0.0, 0.0, 0.0, 1.0, 2.828427, 2.828427]",[0.5],[0.0],[-1.0],[0.5],[0.0],[-1.0],[4.5],[0.0],[2.0],[4.5],[0.0],[2.0],0,1,0,0,0.0,0.0,1
336,1,1,1,"[0.0, 0.5, 1.0, 1.5, 1.5, 2.0, 3.5, 4.0, 5.0, 7.0]","[0.0, 0.0, 0.0, 0.0, 0.0, 1.4142135, 1.4142135, 3.4641016, 4.582576, 6.928203]",[4.5],[4.472136],[-2.0],[4.5],[4.472136],[-2.0],[6.0],[5.656854],[0.5],[6.0],[5.656854],[0.5],0,1,0,0,0.0,0.0,1
45747,4,2,1,"[0.0, 0.0, 0.5, 2.0, 2.5, 2.5, 2.5, 3.0, 3.5, 7.0]","[0.0, 0.0, 0.0, 0.0, 0.0, 2.0, 2.0, 2.0, 2.4494898, 7.0]","[2.0, 2.5, 2.5, 4.5]","[0.0, 2.0, 2.4494898, 4.2426405]","[-4.0, -3.5, -3.0, -2.0]","[2.0, 2.5]","[0.0, 2.4494898]","[-3.5, -3.0]","[1.5, 2.0]","[0.0, 1.7320508]","[-2.0, -2.0]",[7.5],[7.483315],[7.0],1,0,1,0,1.0,0.0,0
100,1,1,1,"[0.0, 0.0, 1.0, 1.5, 1.5, 2.5, 2.5, 3.0, 4.5, 7.5]","[0.0, 0.0, 0.0, 0.0, 1.0, 1.4142135, 2.0, 2.4494898, 3.7416575, 7.3484693]",[2.5],[0.0],[-5.0],[2.5],[0.0],[-5.0],[3.5],[3.4641016],[0.5],[3.5],[3.4641016],[0.5],0,1,0,0,0.0,0.0,1
50744,2,2,1,"[0.0, 0.5, 0.5, 1.0, 1.5, 1.5, 2.5, 3.0, 5.0, 5.5]","[0.0, 0.0, 0.0, 0.0, 0.0, 0.0, 1.4142135, 2.4494898, 4.0, 5.477226]","[1.0, 1.5]","[0.0, 0.0]","[-2.5, -1.5]","[1.0, 1.5]","[0.0, 0.0]","[-2.5, -1.5]","[0.5, 2.5]","[0.0, 0.0]","[-2.5, -1.0]",[8.0],[8.0],[7.0],1,0,1,0,1.0,0.0,0
860,1,1,1,"[0.5, 1.0, 1.0, 1.5, 1.5, 2.0, 2.0, 2.5, 2.5, 2.5]","[0.0, 0.0, 0.0, 1.4142135, 1.4142135, 1.7320508, 1.7320508, 2.0, 2.4494898, 2.4494898]",[1.5],[1.4142135],[-2.0],[1.5],[1.4142135],[-2.0],[6.0],[5.196152],[5.0],[6.0],[5.196152],[5.0],0,1,0,0,0.0,0.0,1
704,2,1,1,"[0.0, 0.0, 0.5, 0.5, 1.0, 2.0, 2.0, 4.0, 4.0, 5.5]","[0.0, 0.0, 0.0, 0.0, 0.0, 0.0, 2.0, 3.8729835, 4.0, 4.8989797]","[0.5, 2.5]","[0.0, 2.0]","[-4.5, -2.5]",[0.5],[0.0],[-4.5],[1.0],[0.0],[-0.5],[1.0],[0.0],[-0.5],0,1,0,0,0.0,0.0,1
96,1,1,1,"[0.5, 0.5, 1.0, 1.5, 1.5, 3.0, 3.0, 3.0, 3.5, 4.5]","[0.0, 0.0, 0.0, 0.0, 1.4142135, 1.4142135, 2.236068, 2.4494898, 2.828427, 4.472136]",[1.0],[0.0],[-4.5],[1.0],[0.0],[-4.5],[4.0],[3.8729835],[3.0],[4.0],[3.8729835],[3.0],0,1,0,0,0.0,0.0,1
406,1,1,1,"[0.5, 0.5, 1.0, 1.0, 1.0, 1.5, 2.0, 4.0, 5.5, 8.0]","[0.0, 0.0, 0.0, 0.0, 0.0, 0.0, 1.0, 3.4641016, 5.2915025, 7.937254]",[1.5],[0.0],[-6.5],[1.5],[0.0],[-6.5],[5.0],[5.0],[-0.5],[5.0],[5.0],[-0.5],0,1,0,0,0.0,0.0,1
42182,2,2,1,"[0.0, 0.5, 1.0, 1.5, 1.5, 1.5, 3.5, 4.0, 4.5, 6.0]","[0.0, 0.0, 1.0, 1.4142135, 1.4142135, 1.4142135, 2.4494898, 3.4641016, 4.2426405, 5.656854]","[1.0, 2.0]","[0.0, 1.7320508]","[-3.5, -1.5]","[1.0, 2.0]","[0.0, 1.7320508]","[-3.5, -1.5]","[4.5, 5.5]","[2.828427, 5.2915025]","[-0.5, 0.5]",[5.5],[4.8989797],[1.5],1,0,1,0,1.0,0.0,0
652,2,1,1,"[0.0, 0.5, 0.5, 1.0, 1.0, 2.0, 2.0, 2.5, 7.0, 7.5]","[0.0, 0.0, 0.0, 0.0, 0.0, 0.0, 1.0, 2.0, 6.928203, 7.3484693]","[4.5, 6.0]","[2.828427, 5.91608]","[-2.5, -2.5]",[6.0],[5.91608],[-2.5],[4.5],[3.7416575],[-1.5],[4.5],[3.7416575],[-1.5],0,1,0,0,0.0,0.0,1
280,1,1,1,"[0.0, 1.0, 1.0, 1.0, 1.5, 1.5, 2.0, 2.0, 3.0, 5.5]","[0.0, 0.0, 0.0, 0.0, 0.0, 0.0, 1.0, 1.0, 1.4142135, 5.2915025]",[2.5],[2.0],[-4.0],[2.5],[2.0],[-4.0],[5.0],[3.0],[3.0],[5.0],[3.0],[3.0],0,1,0,0,0.0,0.0,1
30977,1,1,1,"[0.5, 0.5, 1.0, 1.0, 1.5, 2.0, 2.0, 2.5, 2.5, 5.0]","[0.0, 0.0, 0.0, 0.0, 0.0, 0.0, 1.4142135, 1.7320508, 2.4494898, 4.8989797]",[2.0],[1.7320508],[-2.0],[2.0],[1.7320508],[-2.0],[6.0],[5.656854],[5.0],[6.0],[5.656854],[5.0],0,1,0,0,0.0,0.0,0
908,1,1,1,"[0.0, 1.0, 2.0, 2.0, 2.0, 3.0, 3.0, 3.0, 4.5, 5.5]","[0.0, 0.0, 0.0, 0.0, 0.0, 2.0, 2.236068, 2.828427, 2.828427, 5.477226]",[3.0],[0.0],[-1.5],[3.0],[0.0],[-1.5],[5.0],[4.0],[2.0],[5.0],[4.0],[2.0],0,1,0,0,0.0,0.0,1
546,1,1,1,"[0.0, 0.5, 0.5, 1.0, 1.0, 2.0, 2.5, 3.5, 4.5, 5.0]","[0.0, 0.0, 0.0, 0.0, 0.0, 0.0, 1.0, 2.0, 2.4494898, 4.8989797]",[2.0],[1.7320508],[-2.0],[2.0],[1.7320508],[-2.0],[4.0],[2.6457512],[2.0],[4.0],[2.6457512],[2.0],0,1,0,0,0.0,0.0,1
17570,2,1,1,"[0.0, 0.0, 0.5, 1.5, 2.0, 2.5, 3.0, 3.0, 4.0, 4.0]","[0.0, 0.0, 0.0, 0.0, 0.0, 0.0, 0.0, 2.828427, 3.8729835, 3.8729835]","[2.5, 3.0]","[2.4494898, 3.0]","[-2.0, -2.0]",[2.5],[2.4494898],[-2.0],[6.0],[5.656854],[4.5],[6.0],[5.656854],[4.5],0,1,0,0,0.0,0.0,0
95,5,2,1,"[1.0, 2.0, 2.0, 2.0, 2.0, 3.0, 3.5, 3.5, 4.5, 6.5]","[0.0, 0.0, 1.7320508, 1.7320508, 2.0, 2.4494898, 2.828427, 3.4641016, 4.2426405, 6.3245554]","[1.0, 3.5, 3.5, 3.5, 4.0]","[0.0, 1.0, 3.1622777, 3.4641016, 3.4641016]","[-4.5, -2.5, -2.0, -2.0, -1.0]","[1.0, 3.5]","[1.0, 3.4641016]","[-4.5, -2.0]","[3.5, 4.0]","[0.0, 0.0]","[-1.0, 1.0]",[2.5],[2.4494898],[1.5],1,0,1,0,1.0,0.0,0
33844,3,2,2,"[0.5, 0.5, 0.5, 1.5, 1.5, 1.5, 2.0, 4.0, 5.5, 8.0]","[0.0, 0.0, 0.0, 0.0, 1.4142135, 1.4142135, 1.7320508, 3.8729835, 5.477226, 7.937254]","[2.0, 3.5, 4.5]","[0.0, 0.0, 2.828427]","[-3.0, -1.5, -1.5]","[2.0, 3.5]","[0.0, 0.0]","[-1.5, -1.5]","[3.0, 6.5]","[0.0, 6.0]","[-1.5, 4.5]","[3.0, 6.5]","[0.0, 6.0]","[-1.5, 4.5]",0,2,0,0,0.0,0.0,0
27631,6,2,1,"[0.5, 1.0, 1.0, 1.0, 1.5, 2.0, 2.5, 4.0, 5.5, 6.5]","[0.0, 0.0, 0.0, 0.0, 1.4142135, 2.0, 2.0, 3.8729835, 5.477226, 6.3245554]","[1.0, 2.0, 2.5, 2.5, 3.5, 5.5]","[0.0, 0.0, 1.7320508, 2.0, 2.4494898, 5.2915025]","[-3.0, -2.5, -2.0, -2.0, -1.5, -1.0]","[1.0, 2.0]","[0.0, 1.7320508]","[-3.0, -2.0]","[1.0, 2.5]","[1.0, 2.0]","[-2.5, -1.5]",[5.5],[5.2915025],[4.5],1,0,1,0,1.0,0.0,0
66575,3,2,2,"[0.0, 0.5, 1.0, 1.0, 2.0, 2.0, 3.0, 3.5, 4.0, 4.0]","[0.0, 0.0, 0.0, 0.0, 0.0, 1.0, 2.0, 2.4494898, 2.828427, 3.8729835]","[2.5, 2.5, 4.0]","[2.0, 2.4494898, 3.8729835]","[-2.5, -2.5, -2.0]","[2.5, 2.5]","[2.0, 2.4494898]","[-2.5, -2.0]","[5.0, 7.0]","[4.0, 6.708204]","[4.0, 5.5]","[5.0, 7.0]","[4.0, 6.708204]","[4.0, 5.5]",0,2,0,0,0.0,0.0,0
41661,1,1,1,"[0.5, 0.5, 1.0, 1.0, 1.5, 2.0, 3.0, 3.5, 3.5, 5.0]","[0.0, 0.0, 0.0, 0.0, 1.0, 1.4142135, 2.0, 3.0, 3.4641016, 4.0]",[3.0],[2.828427],[-2.5],[3.0],[2.828427],[-2.5],[8.5],[8.485281],[6.0],[8.5],[8.485281],[6.0],0,1,0,0,0.0,0.0,0
32148,1,1,1,"[0.0, 1.0, 1.0, 1.5, 1.5, 1.5, 2.0, 4.0, 4.5, 5.5]","[0.0, 0.0, 0.0, 0.0, 0.0, 0.0, 1.4142135, 2.828427, 4.0, 4.8989797]",[2.0],[2.0],[-4.0],[2.0],[2.0],[-4.0],[5.0],[3.0],[1.5],[5.0],[3.0],[1.5],0,1,0,0,0.0,0.0,0
77115,2,1,1,"[0.5, 0.5, 0.5, 1.5, 2.0, 2.0, 2.5, 3.5, 4.0, 5.5]","[0.0, 0.0, 0.0, 0.0, 0.0, 0.0, 1.4142135, 2.0, 3.4641016, 4.8989797]","[1.0, 3.0]","[0.0, 2.236068]","[-6.5, -3.5]",[1.0],[0.0],[-6.5],[4.5],[2.828427],[3.0],[4.5],[2.828427],[3.0],0,1,0,0,0.0,0.0,0
540,5,2,0,"[0.0, 0.5, 0.5, 1.5, 1.5, 2.0, 3.0, 5.5, 6.5, 6.5]","[0.0, 0.0, 0.0, 0.0, 0.0, 1.7320508, 2.828427, 5.2915025, 6.3245554, 6.4807405]","[1.0, 1.5, 2.0, 4.0, 5.5]","[0.0, 0.0, 1.4142135, 3.4641016, 5.477226]","[-5.5, -4.0, -3.5, -2.0, -1.5]","[1.0, 1.5]","[0.0, 1.4142135]","[-5.5, -4.0]","[1.0, 1.5]","[0.0, 1.4142135]","[-5.5, -4.0]",[],[],[],2,0,0,1,0.0,2.0,1
696,1,1,1,"[0.5, 0.5, 1.0, 1.0, 1.0, 1.5, 2.0, 2.0, 3.0, 4.5]","[0.0, 0.0, 0.0, 0.0, 0.0, 0.0, 0.0, 0.0, 1.7320508, 4.472136]",[2.0],[0.0],[-1.5],[2.0],[0.0],[-1.5],[4.0],[2.6457512],[2.0],[4.0],[2.6457512],[2.0],0,1,0,0,0.0,0.0,1
751,1,1,1,"[0.0, 0.0, 0.0, 0.5, 1.5, 2.5, 2.5, 3.0, 3.0, 4.5]","[0.0, 0.0, 0.0, 0.0, 0.0, 1.4142135, 2.0, 2.236068, 3.0, 4.2426405]",[3.0],[2.828427],[-1.0],[3.0],[2.828427],[-1.0],[6.0],[5.196152],[4.5],[6.0],[5.196152],[4.5],0,1,0,0,0.0,0.0,1
603,2,1,1,"[0.0, 0.5, 0.5, 1.0, 1.5, 2.0, 2.5, 3.0, 4.5, 4.5]","[0.0, 0.0, 0.0, 0.0, 0.0, 1.4142135, 1.7320508, 2.828427, 4.2426405, 4.2426405]","[2.0, 3.0]","[2.0, 2.236068]","[-2.5, -1.0]",[2.0],[2.0],[-2.5],[3.5],[0.0],[-1.0],[3.5],[0.0],[-1.0],0,1,0,0,0.0,0.0,1
920,1,1,1,"[0.0, 0.0, 0.5, 1.5, 1.5, 2.0, 2.0, 3.0, 4.0, 4.5]","[0.0, 0.0, 0.0, 0.0, 0.0, 0.0, 1.4142135, 1.7320508, 3.7416575, 4.0]",[3.5],[2.4494898],[-1.5],[3.5],[2.4494898],[-1.5],[1.0],[0.0],[-0.5],[1.0],[0.0],[-0.5],0,1,0,0,0.0,0.0,1
46303,1,1,1,"[0.0, 1.0, 1.5, 1.5, 2.0, 3.0, 3.5, 4.0, 4.0, 4.5]","[0.0, 0.0, 0.0, 0.0, 1.0, 2.4494898, 2.6457512, 3.0, 3.8729835, 4.472136]",[3.0],[0.0],[-3.0],[3.0],[0.0],[-3.0],[4.0],[0.0],[2.0],[4.0],[0.0],[2.0],0,1,0,0,0.0,0.0,0
92248,5,2,1,"[0.0, 0.5, 1.0, 1.5, 2.0, 2.5, 3.0, 3.0, 5.5, 5.5]","[0.0, 0.0, 0.0, 0.0, 1.4142135, 1.7320508, 2.0, 2.236068, 4.8989797, 5.2915025]","[0.5, 1.5, 1.5, 3.5, 4.5]","[0.0, 0.0, 1.4142135, 2.4494898, 3.7416575]","[-6.0, -3.5, -3.5, -2.5, -1.0]","[0.5, 1.5]","[0.0, 1.4142135]","[-3.5, -3.5]","[0.5, 3.5]","[0.0, 2.4494898]","[-1.0, -1.0]",[5.5],[5.2915025],[5.0],1,0,1,0,1.0,0.0,0
631,2,1,1,"[0.5, 1.0, 1.0, 1.0, 1.0, 1.0, 2.0, 2.5, 3.5, 5.0]","[0.0, 0.0, 0.0, 0.0, 0.0, 0.0, 0.0, 1.7320508, 3.4641016, 4.8989797]","[0.5, 4.0]","[0.0, 4.0]","[-3.5, -1.5]",[0.5],[0.0],[-3.5],[1.5],[1.4142135],[-0.5],[1.5],[1.4142135],[-0.5],0,1,0,0,0.0,0.0,1
65839,1,1,1,"[0.0, 2.0, 2.0, 2.5, 2.5, 2.5, 2.5, 2.5, 3.0, 4.0]","[0.0, 1.7320508, 2.0, 2.0, 2.0, 2.0, 2.0, 2.236068, 2.4494898, 2.6457512]",[1.5],[1.4142135],[-2.5],[1.5],[1.4142135],[-2.5],[5.5],[4.8989797],[4.5],[5.5],[4.8989797],[4.5],0,1,0,0,0.0,0.0,0
821,1,1,1,"[0.0, 0.0, 1.0, 1.0, 1.0, 1.5, 2.0, 4.0, 4.0, 7.5]","[0.0, 0.0, 0.0, 0.0, 0.0, 0.0, 1.4142135, 3.4641016, 3.8729835, 7.483315]",[3.5],[2.4494898],[-3.0],[3.5],[2.4494898],[-3.0],[5.0],[4.582576],[0.0],[5.0],[4.582576],[0.0],0,1,0,0,0.0,0.0,1
932,1,1,1,"[0.0, 0.0, 0.5, 1.0, 1.0, 1.5, 2.5, 2.5, 4.5, 4.5]","[0.0, 0.0, 0.0, 0.0, 0.0, 0.0, 1.4142135, 2.0, 4.2426405, 4.472136]",[2.5],[2.4494898],[-2.0],[2.5],[2.4494898],[-2.0],[3.5],[2.4494898],[1.0],[3.5],[2.4494898],[1.0],0,1,0,0,0.0,0.0,1
389,2,1,1,"[0.5, 1.0, 1.0, 2.0, 2.0, 2.5, 2.5, 3.0, 3.5, 4.0]","[0.0, 0.0, 0.0, 0.0, 1.0, 1.7320508, 1.7320508, 2.236068, 2.4494898, 2.6457512]","[3.5, 4.0]","[3.1622777, 3.8729835]","[-2.5, -1.5]",[3.5],[3.1622777],[-2.5],[1.0],[0.0],[0.0],[1.0],[0.0],[0.0],0,1,0,0,0.0,0.0,1
153,2,1,1,"[0.0, 0.5, 1.0, 1.0, 1.5, 3.5, 4.0, 4.0, 4.0, 7.0]","[0.0, 0.0, 0.0, 1.0, 1.4142135, 2.6457512, 3.4641016, 3.4641016, 4.0, 7.0]","[0.5, 2.5]","[0.0, 2.0]","[-4.0, -3.5]",[0.5],[0.0],[-3.5],[2.5],[2.4494898],[1.0],[2.5],[2.4494898],[1.0],0,1,0,0,0.0,0.0,1
73,1,1,1,"[0.0, 0.5, 0.5, 1.5, 1.5, 1.5, 2.0, 3.5, 4.5, 5.0]","[0.0, 0.0, 0.0, 0.0, 0.0, 0.0, 2.0, 2.828427, 3.4641016, 4.0]",[3.0],[2.236068],[-5.0],[3.0],[2.236068],[-5.0],[7.5],[7.483315],[6.0],[7.5],[7.483315],[6.0],0,1,0,0,0.0,0.0,1
823,1,1,1,"[0.0, 0.0, 0.5, 1.0, 1.0, 2.0, 3.5, 4.0, 4.5, 4.5]","[0.0, 0.0, 0.0, 0.0, 1.0, 2.0, 2.4494898, 2.6457512, 4.2426405, 4.472136]",[1.0],[0.0],[-2.5],[1.0],[0.0],[-2.5],[5.0],[4.582576],[-0.5],[5.0],[4.582576],[-0.5],0,1,0,0,0.0,0.0,1
582,8,2,1,"[0.5, 1.5, 1.5, 1.5, 2.5, 2.5, 3.0, 4.0, 4.5, 6.5]","[0.0, 0.0, 0.0, 0.0, 1.4142135, 2.0, 2.0, 3.7416575, 3.8729835, 6.3245554]","[0.5, 0.5, 1.5, 2.5, 3.0, 3.0, 3.5, 3.5]","[0.0, 0.0, 1.4142135, 2.4494898, 2.4494898, 2.828427, 3.0, 3.1622777]","[-5.0, -4.5, -4.5, -3.0, -2.5, -1.5, -1.5, -1.0]","[0.5, 0.5]","[0.0, 0.0]","[-4.5, -3.0]","[3.0, 7.0]","[2.828427, 6.928203]","[-4.5, 6.0]",[2.5],[2.0],[-1.5],1,0,1,0,1.0,0.0,1
67529,3,2,1,"[0.0, 0.5, 0.5, 1.0, 3.0, 3.5, 4.0, 4.0, 5.5, 7.5]","[0.0, 0.0, 0.0, 0.0, 0.0, 3.0, 3.4641016, 3.8729835, 5.477226, 7.483315]","[1.5, 4.0, 4.5]","[0.0, 3.4641016, 4.472136]","[-3.5, -3.5, -1.5]","[1.5, 4.0]","[0.0, 3.4641016]","[-3.5, -3.5]","[1.5, 6.0]","[0.0, 5.91608]","[-2.0, 0.5]",[5.0],[4.0],[3.5],1,0,1,0,1.0,0.0,0
685,5,2,0,"[0.0, 0.0, 0.0, 0.5, 1.0, 3.0, 3.5, 3.5, 4.0, 6.5]","[0.0, 0.0, 0.0, 0.0, 0.0, 0.0, 2.236068, 3.4641016, 4.0, 6.3245554]","[1.5, 2.0, 2.0, 2.5, 4.0]","[1.4142135, 1.7320508, 2.0, 2.4494898, 3.8729835]","[-2.5, -2.5, -2.0, -2.0, -2.0]","[1.5, 2.0]","[1.4142135, 2.0]","[-2.0, -2.0]","[1.5, 2.0]","[1.4142135, 2.0]","[-2.0, -2.0]",[],[],[],2,0,0,1,0.0,2.0,1
890,3,3,2,"[0.0, 0.0, 0.5, 1.0, 2.0, 2.0, 3.0, 3.0, 3.0, 3.5]","[0.0, 0.0, 0.0, 0.0, 0.0, 2.0, 2.236068, 2.236068, 2.828427, 3.4641016]","[0.5, 1.0, 2.0]","[0.0, 0.0, 1.7320508]","[-3.5, -3.0, -1.5]","[0.5, 1.0, 2.0]","[0.0, 0.0, 1.7320508]","[-3.5, -3.0, -1.5]","[4.0, 4.5, 4.5]","[4.0, 4.2426405, 4.472136]","[1.5, 2.5, 3.5]","[3.0, 4.5]","[0.0, 4.472136]","[2.0, 3.5]",1,1,1,0,1.0,0.0,1
1019,1,1,1,"[0.0, 0.0, 0.5, 1.0, 1.5, 1.5, 3.0, 3.0, 4.0, 4.5]","[0.0, 0.0, 0.0, 0.0, 0.0, 0.0, 1.4142135, 3.0, 3.7416575, 3.8729835]",[1.5],[0.0],[-4.5],[1.5],[0.0],[-4.5],[2.0],[0.0],[-0.5],[2.0],[0.0],[-0.5],0,1,0,0,0.0,0.0,1
25662,1,1,1,"[0.5, 0.5, 0.5, 1.5, 2.0, 2.5, 2.5, 3.0, 3.0, 5.5]","[0.0, 0.0, 0.0, 0.0, 0.0, 1.4142135, 2.0, 2.0, 2.236068, 5.477226]",[3.0],[3.0],[-2.0],[3.0],[3.0],[-2.0],[4.5],[3.7416575],[1.5],[4.5],[3.7416575],[1.5],0,1,0,0,0.0,0.0,0
405,1,1,1,"[0.0, 0.0, 0.0, 0.5, 1.0, 1.5, 2.0, 2.5, 7.0, 7.5]","[0.0, 0.0, 0.0, 0.0, 1.0, 1.4142135, 2.0, 2.4494898, 6.928203, 7.3484693]",[4.5],[4.472136],[-3.0],[4.5],[4.472136],[-3.0],[7.5],[7.483315],[0.5],[7.5],[7.483315],[0.5],0,1,0,0,0.0,0.0,1
5134,4,2,1,"[0.5, 0.5, 1.0, 2.0, 2.5, 3.0, 3.0, 3.0, 5.0, 6.5]","[0.0, 0.0, 0.0, 0.0, 2.0, 2.828427, 2.828427, 3.0, 4.582576, 6.4807405]","[1.5, 2.0, 3.5, 4.0]","[0.0, 1.7320508, 3.1622777, 3.4641016]","[-3.0, -2.5, -2.5, -1.5]","[1.5, 2.0]","[0.0, 1.7320508]","[-2.5, -2.5]","[3.0, 4.0]","[2.236068, 2.6457512]","[-1.0, 0.5]",[5.0],[3.0],[4.0],1,0,1,0,1.0,0.0,0
73029,4,2,2,"[0.0, 0.0, 0.5, 1.0, 2.0, 2.5, 2.5, 3.0, 3.5, 8.0]","[0.0, 0.0, 0.0, 0.0, 0.0, 1.7320508, 2.4494898, 2.828427, 3.1622777, 8.0]","[2.0, 2.5, 2.5, 3.0]","[0.0, 0.0, 2.0, 2.0]","[-3.5, -2.5, -2.5, -1.5]","[2.0, 2.5]","[0.0, 2.0]","[-2.5, -2.5]","[3.0, 6.5]","[0.0, 6.0]","[-1.0, 4.5]","[3.0, 6.5]","[0.0, 6.0]","[-1.0, 4.5]",0,2,0,0,0.0,0.0,0
41893,2,1,1,"[0.0, 0.5, 0.5, 1.5, 1.5, 1.5, 1.5, 2.0, 4.0, 5.5]","[0.0, 0.0, 0.0, 0.0, 0.0, 1.4142135, 1.4142135, 1.7320508, 3.8729835, 5.477226]","[2.0, 3.5]","[0.0, 3.1622777]","[-2.0, -2.0]",[2.0],[0.0],[-2.0],[7.0],[7.0],[4.0],[7.0],[7.0],[4.0],0,1,0,0,0.0,0.0,0
86718,2,2,1,"[0.0, 1.5, 1.5, 2.0, 2.0, 2.5, 3.0, 3.5, 4.5, 5.5]","[0.0, 0.0, 1.4142135, 1.4142135, 1.7320508, 1.7320508, 2.0, 2.4494898, 3.7416575, 4.2426405]","[2.0, 2.5]","[0.0, 2.0]","[-3.0, -2.0]","[2.0, 2.5]","[0.0, 2.0]","[-3.0, -2.0]","[2.5, 3.0]","[0.0, 2.828427]","[-2.5, 0.5]",[6.0],[5.91608],[4.0],1,0,1,0,1.0,0.0,0
64127,3,2,2,"[0.5, 0.5, 1.0, 1.0, 1.0, 1.5, 1.5, 2.5, 6.5, 7.0]","[0.0, 0.0, 0.0, 0.0, 0.0, 0.0, 1.0, 1.4142135, 6.3245554, 6.708204]","[1.5, 2.5, 2.5]","[0.0, 1.4142135, 2.0]","[-5.0, -3.0, -3.0]","[1.5, 2.5]","[1.4142135, 2.0]","[-5.0, -3.0]","[4.0, 7.5]","[2.6457512, 7.483315]","[1.5, 5.0]","[4.0, 7.5]","[2.6457512, 7.483315]","[1.5, 5.0]",0,2,0,0,0.0,0.0,0
266,1,1,1,"[0.0, 0.5, 1.0, 1.0, 1.0, 2.0, 3.0, 3.0, 3.5, 6.5]","[0.0, 0.0, 0.0, 0.0, 0.0, 0.0, 2.236068, 2.828427, 3.4641016, 6.0]",[1.0],[0.0],[-2.5],[1.0],[0.0],[-2.5],[3.5],[3.4641016],[0.5],[3.5],[3.4641016],[0.5],0,1,0,0,0.0,0.0,1
764,1,1,1,"[0.5, 0.5, 0.5, 1.0, 1.0, 1.5, 1.5, 4.5, 4.5, 5.0]","[0.0, 0.0, 0.0, 0.0, 0.0, 0.0, 1.4142135, 3.7416575, 3.7416575, 4.582576]",[2.5],[2.0],[-2.0],[2.5],[2.0],[-2.0],[5.0],[3.0],[0.0],[5.0],[3.0],[0.0],0,1,0,0,0.0,0.0,1
69741,5,2,1,"[0.5, 1.0, 1.0, 1.5, 2.0, 2.0, 2.0, 4.0, 4.0, 7.5]","[0.0, 0.0, 0.0, 0.0, 1.4142135, 1.7320508, 1.7320508, 3.8729835, 3.8729835, 7.483315]","[1.0, 1.5, 2.0, 2.5, 4.0]","[0.0, 0.0, 1.4142135, 2.4494898, 2.6457512]","[-4.5, -4.0, -3.0, -3.0, -2.5]","[1.0, 1.5]","[0.0, 1.4142135]","[-4.5, -3.0]","[1.0, 3.0]","[0.0, 2.236068]","[-3.0, -0.5]",[7.0],[6.708204],[7.0],1,0,1,0,1.0,0.0,0
15538,4,2,1,"[0.0, 0.5, 0.5, 1.0, 1.5, 1.5, 3.0, 3.0, 5.0, 7.5]","[0.0, 0.0, 0.0, 0.0, 0.0, 0.0, 0.0, 2.236068, 4.8989797, 7.483315]","[0.5, 1.5, 2.0, 4.0]","[0.0, 0.0, 1.4142135, 2.6457512]","[-6.0, -5.0, -3.5, -3.0]","[0.5, 1.5]","[0.0, 1.4142135]","[-6.0, -5.0]","[2.0, 3.0]","[0.0, 0.0]","[-3.0, -2.0]",[8.5],[8.485281],[6.0],1,0,1,0,1.0,0.0,0
819,12,3,2,"[0.0, 1.0, 1.0, 2.5, 3.0, 3.0, 3.0, 4.5, 6.0, 7.0]","[0.0, 0.0, 0.0, 0.0, 0.0, 0.0, 2.828427, 3.0, 5.196152, 6.708204]","[0.5, 1.0, 1.0, 1.0, 1.5, 2.0, 2.5, 3.0, 3.5, 3.5, 4.0, 5.5]","[0.0, 0.0, 0.0, 0.0, 0.0, 1.4142135, 1.7320508, 2.0, 2.4494898, 3.1622777, 4.0, 5.2915025]","[-6.0, -6.0, -5.0, -4.5, -4.5, -4.0, -3.5, -3.0, -3.0, -3.0, -3.0, -2.0]","[0.5, 1.0, 1.0]","[0.0, 0.0, 0.0]","[-6.0, -4.5, -3.0]","[2.0, 4.0, 6.0]","[1.7320508, 2.6457512, 6.0]","[-2.5, 0.5, 1.5]","[3.5, 6.0]","[3.1622777, 6.0]","[0.5, 3.5]",1,1,1,0,1.0,0.0,1
805,11,5,2,"[0.5, 1.0, 1.5, 2.5, 3.0, 3.0, 3.5, 5.0, 5.5, 6.0]","[0.0, 0.0, 0.0, 0.0, 2.0, 2.828427, 2.828427, 4.0, 4.8989797, 5.656854]","[0.0, 0.5, 0.5, 1.0, 2.0, 2.0, 2.0, 2.0, 2.5, 3.5, 4.0]","[0.0, 0.0, 0.0, 0.0, 0.0, 1.7320508, 1.7320508, 2.0, 2.4494898, 3.1622777, 4.0]","[-5.5, -4.5, -4.5, -4.0, -4.0, -4.0, -4.0, -3.5, -2.0, -1.5, -1.0]","[0.0, 0.5, 0.5, 1.0, 3.5]","[0.0, 0.0, 0.0, 0.0, 3.1622777]","[-4.5, -4.5, -4.0, -4.0, -2.0]","[3.5, 4.0, 4.5, 4.5, 7.5]","[0.0, 0.0, 2.4494898, 3.8729835, 7.3484693]","[-1.5, 1.0, 1.0, 2.5, 6.0]","[3.0, 8.0]","[2.236068, 7.937254]","[1.0, 6.0]",3,0,2,0,1.5,0.0,1
59479,4,2,1,"[1.5, 1.5, 2.0, 2.0, 2.0, 2.5, 2.5, 3.5, 4.0, 8.0]","[0.0, 0.0, 0.0, 1.4142135, 1.4142135, 1.7320508, 2.4494898, 3.1622777, 3.8729835, 8.0]","[2.5, 3.5, 4.0, 5.0]","[0.0, 0.0, 2.6457512, 4.8989797]","[-3.0, -2.0, -1.5, -1.0]","[2.5, 4.0]","[0.0, 2.6457512]","[-3.0, -1.0]","[5.5, 9.0]","[5.2915025, 9.0]","[1.0, 2.5]",[8.0],[8.0],[5.0],1,0,1,0,1.0,0.0,0
57481,3,2,1,"[0.5, 1.0, 1.5, 2.0, 2.5, 2.5, 3.0, 3.5, 5.0, 6.0]","[0.0, 0.0, 0.0, 1.0, 2.0, 2.4494898, 3.0, 3.4641016, 4.582576, 5.91608]","[2.0, 2.0, 2.0]","[0.0, 1.7320508, 1.7320508]","[-3.0, -2.5, -1.0]","[2.0, 2.0]","[1.7320508, 1.7320508]","[-3.0, -2.5]","[2.5, 2.5]","[0.0, 0.0]","[-2.5, -1.5]",[8.0],[7.937254],[5.0],1,0,1,0,1.0,0.0,0
80958,2,2,1,"[0.0, 0.5, 1.0, 1.0, 1.5, 2.0, 2.5, 3.5, 3.5, 6.5]","[0.0, 0.0, 0.0, 0.0, 1.0, 1.0, 1.4142135, 2.4494898, 2.4494898, 6.3245554]","[2.5, 3.0]","[0.0, 2.4494898]","[-2.5, -1.5]","[2.5, 3.0]","[0.0, 2.4494898]","[-2.5, -1.5]","[2.5, 5.5]","[2.4494898, 5.2915025]","[-0.5, 1.5]",[5.5],[5.477226],[5.0],1,0,1,0,1.0,0.0,0
85621,3,2,2,"[0.0, 0.5, 1.5, 1.5, 1.5, 2.0, 2.5, 3.0, 4.0, 5.5]","[0.0, 0.0, 0.0, 0.0, 0.0, 1.4142135, 1.4142135, 1.4142135, 2.6457512, 4.8989797]","[4.0, 4.5, 5.0]","[3.8729835, 4.472136, 4.8989797]","[-2.0, -2.0, -1.0]","[4.0, 4.5]","[3.8729835, 4.472136]","[-2.0, -2.0]","[2.5, 4.5]","[0.0, 2.828427]","[2.0, 3.0]","[2.5, 4.5]","[0.0, 2.828427]","[2.0, 3.0]",0,2,0,0,0.0,0.0,0
807,3,2,2,"[0.0, 0.0, 2.0, 2.0, 2.5, 3.5, 3.5, 4.0, 4.5, 5.5]","[0.0, 0.0, 0.0, 0.0, 2.0, 2.0, 2.4494898, 3.7416575, 4.0, 4.8989797]","[1.0, 1.5, 3.0]","[0.0, 0.0, 2.236068]","[-2.0, -2.0, -1.0]","[1.0, 3.0]","[0.0, 2.236068]","[-2.0, -2.0]","[3.5, 4.0]","[2.4494898, 3.8729835]","[-1.5, -0.5]","[3.5, 4.0]","[2.4494898, 3.8729835]","[-1.5, -0.5]",0,2,0,0,0.0,0.0,1
83814,2,1,1,"[1.0, 1.0, 1.5, 1.5, 2.0, 2.0, 2.5, 3.0, 3.5, 4.5]","[0.0, 0.0, 0.0, 0.0, 0.0, 0.0, 1.4142135, 3.0, 3.1622777, 4.2426405]","[1.5, 1.5]","[0.0, 1.4142135]","[-3.0, -1.0]",[1.5],[1.4142135],[-3.0],[8.0],[8.0],[7.0],[8.0],[8.0],[7.0],0,1,0,0,0.0,0.0,0
50154,4,2,1,"[0.0, 0.5, 1.0, 1.5, 2.0, 2.0, 2.5, 2.5, 4.5, 9.0]","[0.0, 0.0, 0.0, 1.0, 1.4142135, 1.7320508, 2.0, 2.4494898, 4.472136, 9.0]","[1.5, 2.5, 3.5, 4.0]","[0.0, 2.0, 2.4494898, 2.6457512]","[-5.0, -3.5, -3.0, -2.0]","[1.5, 3.5]","[0.0, 2.4494898]","[-5.0, -3.5]","[2.5, 6.5]","[0.0, 6.4807405]","[-2.0, 0.0]",[4.5],[3.7416575],[2.5],1,0,1,0,1.0,0.0,0
86942,1,1,1,"[1.0, 1.5, 2.0, 2.0, 2.5, 2.5, 3.0, 3.5, 4.0, 5.0]","[0.0, 0.0, 1.4142135, 1.7320508, 1.7320508, 2.236068, 2.4494898, 2.4494898, 3.4641016, 4.0]",[3.0],[0.0],[-1.5],[3.0],[0.0],[-1.5],[8.0],[7.937254],[5.5],[8.0],[7.937254],[5.5],0,1,0,0,0.0,0.0,0
60144,2,2,1,"[0.0, 0.0, 0.5, 1.0, 1.5, 2.0, 2.0, 2.0, 3.5, 6.0]","[0.0, 0.0, 0.0, 0.0, 0.0, 0.0, 0.0, 0.0, 1.7320508, 6.0]","[2.5, 3.5]","[2.4494898, 3.4641016]","[-3.0, -2.0]","[2.5, 3.5]","[2.4494898, 3.4641016]","[-3.0, -2.0]","[0.5, 3.5]","[0.0, 2.4494898]","[-2.5, 0.0]",[6.0],[5.91608],[5.5],1,0,1,0,1.0,0.0,0
810,3,1,1,"[0.5, 1.0, 1.0, 1.0, 1.5, 1.5, 3.0, 4.0, 4.0, 5.5]","[0.0, 0.0, 0.0, 0.0, 0.0, 1.0, 1.0, 1.4142135, 3.4641016, 5.477226]","[0.5, 5.0, 5.0]","[0.0, 4.582576, 5.0]","[-4.0, -2.0, -2.0]",[0.5],[0.0],[-4.0],[3.5],[0.0],[3.0],[3.5],[0.0],[3.0],0,1,0,0,0.0,0.0,1
58707,2,2,1,"[0.0, 1.5, 1.5, 1.5, 1.5, 2.0, 2.0, 3.0, 3.5, 4.5]","[0.0, 0.0, 0.0, 0.0, 0.0, 1.4142135, 1.4142135, 1.7320508, 3.4641016, 4.472136]","[0.5, 2.0]","[0.0, 1.7320508]","[-2.0, -1.5]","[0.5, 2.0]","[0.0, 1.7320508]","[-2.0, -1.5]","[3.0, 4.0]","[2.828427, 4.0]","[0.0, 2.5]",[7.5],[7.3484693],[6.5],1,0,1,0,1.0,0.0,0
809,1,1,1,"[0.5, 1.0, 1.0, 1.5, 2.5, 2.5, 2.5, 3.5, 4.5, 5.0]","[0.0, 0.0, 0.0, 0.0, 1.4142135, 2.0, 2.0, 2.4494898, 2.828427, 4.0]",[4.0],[3.4641016],[-3.5],[4.0],[3.4641016],[-3.5],[1.5],[1.4142135],[1.0],[1.5],[1.4142135],[1.0],0,1,0,0,0.0,0.0,1
49964,3,2,1,"[0.0, 1.0, 1.5, 1.5, 1.5, 2.0, 2.5, 3.5, 3.5, 8.0]","[0.0, 0.0, 0.0, 0.0, 0.0, 0.0, 1.4142135, 1.7320508, 2.4494898, 7.937254]","[2.0, 2.5, 5.5]","[0.0, 0.0, 4.8989797]","[-3.5, -3.0, -1.5]","[2.0, 2.5]","[0.0, 0.0]","[-3.5, -3.0]","[1.5, 3.0]","[1.4142135, 2.236068]","[-2.0, -2.0]",[4.5],[4.2426405],[4.0],1,0,1,0,1.0,0.0,0
50430,1,1,1,"[0.0, 1.0, 1.0, 1.0, 1.5, 2.0, 3.0, 3.5, 3.5, 3.5]","[0.0, 0.0, 0.0, 0.0, 0.0, 1.0, 1.4142135, 1.7320508, 2.4494898, 2.828427]",[3.0],[0.0],[-2.5],[3.0],[0.0],[-2.5],[3.0],[2.236068],[2.0],[3.0],[2.236068],[2.0],0,1,0,0,0.0,0.0,0
24425,2,2,1,"[1.0, 1.5, 2.0, 2.0, 2.5, 2.5, 3.0, 3.0, 4.5, 6.0]","[0.0, 1.0, 1.4142135, 1.7320508, 1.7320508, 2.0, 2.4494898, 2.828427, 4.2426405, 5.196152]","[2.0, 3.0]","[2.0, 2.236068]","[-4.5, -1.5]","[2.0, 3.0]","[2.0, 2.236068]","[-4.5, -1.5]","[4.0, 6.0]","[2.6457512, 5.656854]","[-1.0, 4.5]",[3.0],[3.0],[2.5],1,0,1,0,1.0,0.0,0
91072,2,2,2,"[0.0, 0.0, 1.0, 1.0, 1.0, 2.0, 3.0, 3.0, 6.0, 6.0]","[0.0, 0.0, 0.0, 1.0, 1.0, 2.0, 2.828427, 2.828427, 5.91608, 6.0]","[1.0, 3.5]","[0.0, 2.4494898]","[-4.0, -1.0]","[1.0, 3.5]","[0.0, 2.4494898]","[-4.0, -1.0]","[5.0, 5.0]","[3.0, 4.582576]","[1.0, 1.5]","[5.0, 5.0]","[3.0, 4.582576]","[1.0, 1.5]",0,2,0,0,0.0,0.0,0
1534,3,2,1,"[0.5, 0.5, 1.0, 1.5, 1.5, 2.5, 2.5, 3.0, 4.5, 6.0]","[0.0, 0.0, 0.0, 0.0, 0.0, 1.4142135, 2.0, 2.828427, 4.2426405, 5.656854]","[2.5, 3.0, 3.0]","[0.0, 0.0, 2.828427]","[-2.5, -2.0, -2.0]","[2.5, 3.0]","[0.0, 2.828427]","[-2.0, -2.0]","[1.5, 3.0]","[0.0, 0.0]","[-2.5, -0.5]",[7.5],[7.483315],[6.0],1,0,1,0,1.0,0.0,0
609,2,1,1,"[1.0, 1.5, 2.0, 2.0, 2.0, 2.0, 2.5, 3.0, 4.0, 7.0]","[0.0, 0.0, 0.0, 0.0, 1.7320508, 1.7320508, 2.0, 2.236068, 2.6457512, 6.708204]","[1.5, 2.5]","[0.0, 1.4142135]","[-4.0, -3.5]",[1.5],[1.4142135],[-4.0],[5.5],[4.8989797],[3.0],[5.5],[4.8989797],[3.0],0,1,0,0,0.0,0.0,1
57355,3,1,1,"[0.0, 0.5, 0.5, 1.0, 1.5, 1.5, 3.0, 3.5, 4.0, 5.0]","[0.0, 0.0, 0.0, 0.0, 0.0, 1.4142135, 2.6457512, 3.0, 3.0, 3.4641016]","[1.0, 2.0, 2.0]","[0.0, 1.0, 2.0]","[-4.5, -4.5, -4.0]",[1.0],[1.0],[-4.5],[6.0],[5.656854],[5.5],[6.0],[5.656854],[5.5],0,1,0,0,0.0,0.0,0
37746,4,2,1,"[0.0, 1.5, 1.5, 1.5, 2.0, 2.0, 3.0, 3.5, 4.5, 7.0]","[0.0, 0.0, 0.0, 0.0, 1.4142135, 1.4142135, 1.4142135, 3.4641016, 4.472136, 6.708204]","[2.0, 2.5, 3.0, 4.5]","[0.0, 2.0, 2.828427, 4.2426405]","[-4.5, -4.5, -2.0, -1.5]","[2.0, 3.0]","[0.0, 2.828427]","[-4.5, -1.5]","[3.5, 4.0]","[2.4494898, 3.4641016]","[-1.5, 1.5]",[3.0],[3.0],[2.5],1,0,1,0,1.0,0.0,0
945,2,2,1,"[1.0, 1.0, 1.0, 1.0, 1.5, 2.0, 2.5, 2.5, 4.5, 8.5]","[0.0, 0.0, 0.0, 0.0, 0.0, 1.0, 2.0, 2.4494898, 4.2426405, 8.485281]","[2.0, 2.0]","[1.7320508, 2.0]","[-4.5, -4.0]","[2.0, 2.0]","[1.7320508, 2.0]","[-4.5, -4.0]","[5.0, 5.5]","[4.2426405, 4.582576]","[-1.5, 0.5]",[4.0],[3.8729835],[1.0],1,0,1,0,1.0,0.0,1
67030,1,1,1,"[0.5, 1.0, 1.0, 1.5, 2.0, 2.0, 2.5, 2.5, 3.0, 4.5]","[0.0, 0.0, 0.0, 1.0, 1.4142135, 1.7320508, 2.0, 2.0, 2.236068, 3.7416575]",[2.0],[0.0],[-1.0],[2.0],[0.0],[-1.0],[8.0],[7.937254],[7.5],[8.0],[7.937254],[7.5],0,1,0,0,0.0,0.0,0
64679,4,2,1,"[0.5, 1.0, 1.0, 1.0, 2.0, 2.0, 3.0, 3.0, 4.5, 8.0]","[0.0, 0.0, 0.0, 0.0, 1.0, 1.7320508, 2.0, 2.828427, 4.2426405, 7.937254]","[2.5, 3.0, 3.5, 3.5]","[2.0, 2.236068, 2.4494898, 3.4641016]","[-4.0, -3.0, -2.0, -2.0]","[2.5, 3.5]","[2.0, 3.4641016]","[-3.0, -2.0]","[0.5, 5.0]","[0.0, 4.582576]","[-3.0, -0.5]",[8.0],[7.937254],[7.0],1,0,1,0,1.0,0.0,0
29715,6,2,1,"[0.0, 0.5, 1.0, 1.5, 2.0, 2.0, 2.5, 2.5, 5.5, 7.5]","[0.0, 0.0, 0.0, 0.0, 0.0, 0.0, 2.4494898, 2.4494898, 4.8989797, 7.483315]","[0.5, 1.5, 1.5, 2.0, 2.5, 6.0]","[0.0, 0.0, 0.0, 1.4142135, 1.7320508, 6.0]","[-5.0, -3.5, -3.5, -3.5, -2.5, -2.0]","[0.5, 1.5]","[0.0, 0.0]","[-5.0, -3.5]","[1.5, 3.0]","[0.0, 1.4142135]","[-2.5, -2.0]",[7.5],[7.483315],[6.0],1,0,1,0,1.0,0.0,0
74766,2,2,1,"[0.5, 1.0, 1.0, 1.0, 1.5, 1.5, 1.5, 3.0, 3.5, 8.0]","[0.0, 0.0, 0.0, 0.0, 0.0, 1.4142135, 1.4142135, 2.236068, 3.1622777, 8.0]","[2.5, 3.5]","[2.0, 3.1622777]","[-2.5, -2.0]","[2.5, 3.5]","[2.0, 3.1622777]","[-2.5, -2.0]","[2.0, 3.0]","[1.7320508, 2.828427]","[-2.0, -1.0]",[8.5],[8.485281],[8.5],1,0,1,0,1.0,0.0,0
60547,2,2,1,"[0.0, 0.5, 0.5, 1.0, 1.5, 1.5, 3.0, 3.0, 4.5, 4.5]","[0.0, 0.0, 0.0, 0.0, 0.0, 0.0, 1.4142135, 2.828427, 3.7416575, 3.7416575]","[1.0, 3.0]","[0.0, 1.0]","[-3.5, -1.5]","[1.0, 3.0]","[0.0, 1.0]","[-3.5, -1.5]","[4.5, 4.5]","[2.828427, 4.472136]","[0.0, 3.5]",[5.5],[5.477226],[4.5],1,0,1,0,1.0,0.0,0
34184,2,2,1,"[0.0, 0.0, 0.5, 0.5, 1.0, 1.0, 1.5, 4.5, 6.5, 6.5]","[0.0, 0.0, 0.0, 0.0, 0.0, 0.0, 0.0, 4.472136, 6.3245554, 6.4807405]","[2.0, 3.0]","[0.0, 2.236068]","[-2.0, -1.0]","[2.0, 3.0]","[0.0, 2.236068]","[-2.0, -1.0]","[1.0, 1.0]","[0.0, 0.0]","[-2.5, -2.0]",[5.0],[4.582576],[5.0],1,0,1,0,1.0,0.0,0
60963,2,2,1,"[0.0, 0.5, 1.0, 1.5, 1.5, 2.0, 2.0, 4.0, 6.0, 8.0]","[0.0, 0.0, 0.0, 1.0, 1.4142135, 1.7320508, 1.7320508, 3.8729835, 5.656854, 8.0]","[3.0, 3.0]","[0.0, 0.0]","[-2.5, -1.5]","[3.0, 3.0]","[0.0, 0.0]","[-2.5, -1.5]","[2.0, 3.5]","[2.0, 3.4641016]","[-2.5, -0.5]",[6.0],[6.0],[5.5],1,0,1,0,1.0,0.0,0
50627,1,1,1,"[0.5, 0.5, 1.0, 1.5, 2.0, 2.0, 2.5, 2.5, 3.5, 3.5]","[0.0, 0.0, 0.0, 0.0, 1.0, 1.7320508, 1.7320508, 2.0, 2.4494898, 3.1622777]",[4.5],[4.2426405],[-1.5],[4.5],[4.2426405],[-1.5],[6.5],[6.4807405],[5.5],[6.5],[6.4807405],[5.5],0,1,0,0,0.0,0.0,0
267,1,1,1,"[0.0, 0.0, 0.5, 1.0, 1.5, 2.0, 2.5, 2.5, 3.0, 6.0]","[0.0, 0.0, 0.0, 0.0, 0.0, 1.4142135, 2.0, 2.4494898, 2.828427, 5.196152]",[3.0],[3.0],[-3.5],[3.0],[3.0],[-3.5],[5.0],[4.0],[3.0],[5.0],[4.0],[3.0],0,1,0,0,0.0,0.0,1
614,1,1,1,"[0.0, 0.0, 0.0, 0.5, 2.0, 3.0, 4.0, 4.0, 6.5, 7.0]","[0.0, 0.0, 0.0, 0.0, 0.0, 2.828427, 3.4641016, 3.8729835, 6.4807405, 6.928203]",[3.5],[2.4494898],[-1.5],[3.5],[2.4494898],[-1.5],[4.0],[2.6457512],[-2.0],[4.0],[2.6457512],[-2.0],0,1,0,0,0.0,0.0,1
571,1,1,1,"[0.5, 0.5, 0.5, 1.0, 1.0, 1.5, 2.0, 2.5, 4.0, 5.0]","[0.0, 0.0, 0.0, 0.0, 0.0, 1.4142135, 2.0, 2.0, 4.0, 5.0]",[2.0],[1.7320508],[-2.5],[2.0],[1.7320508],[-2.5],[7.5],[7.483315],[3.0],[7.5],[7.483315],[3.0],0,1,0,0,0.0,0.0,1
54610,3,2,1,"[1.0, 1.5, 1.5, 1.5, 2.5, 2.5, 3.0, 3.5, 3.5, 5.5]","[0.0, 0.0, 0.0, 1.4142135, 1.4142135, 2.4494898, 2.4494898, 3.0, 3.1622777, 4.8989797]","[1.0, 2.0, 4.0]","[1.0, 1.7320508, 3.4641016]","[-3.0, -2.5, -2.0]","[1.0, 2.0]","[1.0, 1.7320508]","[-3.0, -2.0]","[2.0, 3.0]","[0.0, 2.828427]","[-2.5, 0.0]",[7.5],[7.3484693],[5.5],1,0,1,0,1.0,0.0,0
68174,3,2,1,"[0.0, 0.5, 1.0, 1.0, 1.5, 2.0, 3.0, 3.0, 6.0, 8.5]","[0.0, 0.0, 0.0, 0.0, 1.0, 1.4142135, 2.828427, 2.828427, 6.0, 8.485281]","[3.5, 4.0, 4.5]","[0.0, 2.6457512, 4.2426405]","[-2.5, -2.0, -1.0]","[3.5, 4.5]","[0.0, 4.2426405]","[-2.5, -2.0]","[5.0, 6.5]","[4.8989797, 6.4807405]","[-1.0, 1.0]",[6.5],[6.0],[3.5],1,0,1,0,1.0,0.0,0
1001,3,2,0,"[0.0, 0.0, 0.5, 1.5, 1.5, 2.0, 3.0, 3.5, 6.5, 7.0]","[0.0, 0.0, 0.0, 0.0, 0.0, 1.4142135, 1.7320508, 2.4494898, 6.4807405, 6.708204]","[2.0, 2.5, 4.5]","[0.0, 2.4494898, 4.472136]","[-4.0, -3.5, -1.5]","[2.0, 2.5]","[0.0, 2.4494898]","[-4.0, -1.5]","[2.0, 2.5]","[0.0, 2.4494898]","[-4.0, -1.5]",[],[],[],2,0,0,1,0.0,2.0,1
99840,4,2,2,"[1.0, 1.0, 1.0, 1.5, 2.0, 2.5, 3.0, 4.0, 5.0, 5.5]","[0.0, 0.0, 0.0, 0.0, 0.0, 1.0, 3.0, 3.0, 3.4641016, 4.8989797]","[1.0, 1.5, 3.5, 7.0]","[0.0, 0.0, 3.4641016, 6.928203]","[-6.0, -4.0, -2.5, -1.5]","[1.0, 3.5]","[0.0, 3.4641016]","[-4.0, -2.5]","[2.5, 5.5]","[0.0, 5.477226]","[1.0, 4.5]","[2.5, 5.5]","[0.0, 5.477226]","[1.0, 4.5]",0,2,0,0,0.0,0.0,0
727,1,1,1,"[0.0, 0.5, 0.5, 1.5, 2.0, 2.5, 2.5, 2.5, 2.5, 3.0]","[0.0, 0.0, 0.0, 0.0, 0.0, 1.7320508, 2.0, 2.0, 2.4494898, 2.828427]",[1.5],[0.0],[-1.5],[1.5],[0.0],[-1.5],[5.0],[3.0],[3.0],[5.0],[3.0],[3.0],0,1,0,0,0.0,0.0,1
95939,4,2,1,"[0.0, 0.5, 1.0, 1.5, 1.5, 1.5, 2.5, 3.0, 3.5, 6.0]","[0.0, 0.0, 0.0, 0.0, 0.0, 1.4142135, 2.0, 3.0, 3.1622777, 6.0]","[1.0, 1.5, 2.5, 2.5]","[0.0, 1.0, 1.4142135, 2.4494898]","[-3.5, -3.0, -2.5, -1.5]","[1.0, 2.5]","[1.0, 2.4494898]","[-3.5, -2.5]","[2.5, 4.0]","[0.0, 2.0]","[-2.0, 0.5]",[8.5],[8.485281],[6.5],1,0,1,0,1.0,0.0,0
34842,3,2,2,"[0.0, 0.0, 0.5, 0.5, 2.0, 2.0, 2.5, 3.0, 4.0, 7.5]","[0.0, 0.0, 0.0, 0.0, 0.0, 2.0, 2.0, 2.828427, 3.4641016, 7.483315]","[1.5, 2.5, 4.5]","[0.0, 0.0, 4.2426405]","[-3.0, -2.5, -1.0]","[1.5, 2.5]","[0.0, 0.0]","[-3.0, -1.0]","[2.0, 7.0]","[0.0, 6.928203]","[1.0, 1.5]","[2.0, 7.0]","[0.0, 6.928203]","[1.0, 1.5]",0,2,0,0,0.0,0.0,0
140,1,1,1,"[0.0, 0.5, 0.5, 0.5, 2.0, 2.5, 2.5, 3.0, 3.5, 4.5]","[0.0, 0.0, 0.0, 0.0, 2.0, 2.236068, 2.4494898, 2.4494898, 2.828427, 3.4641016]",[4.0],[2.6457512],[-1.5],[4.0],[2.6457512],[-1.5],[6.0],[5.91608],[3.5],[6.0],[5.91608],[3.5],0,1,0,0,0.0,0.0,1
42886,3,2,1,"[0.5, 0.5, 1.0, 1.5, 2.0, 2.0, 3.5, 3.5, 5.5, 8.0]","[0.0, 0.0, 0.0, 0.0, 1.4142135, 2.0, 3.4641016, 3.4641016, 4.8989797, 8.0]","[1.0, 2.5, 3.0]","[0.0, 0.0, 3.0]","[-3.5, -3.5, -3.0]","[1.0, 3.0]","[0.0, 3.0]","[-3.5, -3.0]","[1.5, 3.0]","[1.4142135, 2.828427]","[-2.5, -2.0]",[6.5],[6.4807405],[5.5],1,0,1,0,1.0,0.0,0
688,2,1,1,"[0.5, 1.0, 1.0, 1.0, 2.0, 2.0, 2.0, 2.5, 3.0, 8.5]","[0.0, 0.0, 0.0, 1.0, 1.0, 1.7320508, 1.7320508, 2.0, 2.828427, 8.485281]","[1.5, 4.5]","[1.4142135, 3.7416575]","[-4.0, -1.5]",[1.5],[1.4142135],[-4.0],[5.5],[4.8989797],[-0.5],[5.5],[4.8989797],[-0.5],0,1,0,0,0.0,0.0,1
0,2,1,1,"[0.0, 0.5, 1.0, 1.5, 2.5, 2.5, 2.5, 3.5, 4.0, 4.5]","[0.0, 0.0, 0.0, 0.0, 0.0, 1.0, 2.4494898, 2.4494898, 2.4494898, 2.828427]","[1.0, 1.5]","[0.0, 0.0]","[-4.0, -3.5]",[1.0],[0.0],[-3.5],[3.0],[2.828427],[2.5],[3.0],[2.828427],[2.5],0,1,0,0,0.0,0.0,1
24,2,1,1,"[0.0, 0.0, 0.5, 0.5, 1.5, 2.0, 3.5, 3.5, 4.5, 6.0]","[0.0, 0.0, 0.0, 0.0, 0.0, 0.0, 2.4494898, 2.4494898, 2.828427, 6.0]","[1.5, 4.0]","[0.0, 2.6457512]","[-4.0, -3.0]",[1.5],[0.0],[-4.0],[4.0],[4.0],[3.5],[4.0],[4.0],[3.5],0,1,0,0,0.0,0.0,1
633,4,2,2,"[0.5, 1.0, 1.5, 1.5, 1.5, 2.5, 3.0, 4.0, 4.5, 7.0]","[0.0, 0.0, 0.0, 0.0, 0.0, 1.0, 1.4142135, 1.4142135, 2.828427, 6.928203]","[1.0, 2.0, 3.0, 4.0]","[0.0, 0.0, 1.7320508, 2.6457512]","[-6.0, -4.0, -4.0, -1.5]","[3.0, 4.0]","[0.0, 2.6457512]","[-4.0, -1.5]","[3.5, 5.0]","[2.4494898, 4.8989797]","[0.5, 4.5]","[3.5, 5.0]","[2.4494898, 4.8989797]","[0.5, 4.5]",0,2,0,0,0.0,0.0,0
198,2,1,1,"[0.5, 1.0, 1.0, 1.5, 2.5, 2.5, 3.0, 3.0, 4.0, 4.0]","[0.0, 0.0, 0.0, 0.0, 0.0, 0.0, 1.0, 1.4142135, 2.0, 2.6457512]","[3.0, 3.5]","[2.236068, 3.4641016]","[-3.5, -3.0]",[3.0],[2.236068],[-3.5],[6.0],[5.196152],[5.5],[6.0],[5.196152],[5.5],0,1,0,0,0.0,0.0,1
65527,3,1,1,"[0.5, 1.0, 1.0, 1.5, 2.0, 3.0, 3.0, 3.5, 4.0, 5.0]","[0.0, 0.0, 0.0, 1.0, 1.4142135, 1.7320508, 2.6457512, 3.0, 3.0, 4.8989797]","[1.0, 3.0, 3.5]","[0.0, 1.0, 3.1622777]","[-4.0, -3.5, -1.5]",[1.0],[1.0],[-4.0],[6.5],[6.3245554],[4.5],[6.5],[6.3245554],[4.5],0,1,0,0,0.0,0.0,0
85743,2,2,1,"[0.0, 0.0, 0.5, 1.0, 1.5, 1.5, 2.0, 3.0, 4.5, 5.0]","[0.0, 0.0, 0.0, 0.0, 0.0, 0.0, 0.0, 2.828427, 4.2426405, 4.582576]","[1.0, 3.0]","[1.0, 2.828427]","[-2.5, -2.0]","[1.0, 3.0]","[1.0, 2.828427]","[-2.5, -2.0]","[1.5, 1.5]","[0.0, 1.4142135]","[-2.0, -1.0]",[5.0],[4.8989797],[4.0],1,0,1,0,1.0,0.0,0
13037,1,1,1,"[0.0, 0.0, 1.5, 2.0, 2.5, 2.5, 3.0, 3.5, 4.0, 4.5]","[0.0, 0.0, 0.0, 1.4142135, 1.7320508, 2.0, 2.0, 2.828427, 3.1622777, 3.7416575]",[2.5],[2.4494898],[-1.0],[2.5],[2.4494898],[-1.0],[6.0],[5.656854],[4.5],[6.0],[5.656854],[4.5],0,1,0,0,0.0,0.0,0
97559,2,2,1,"[1.0, 1.5, 1.5, 2.0, 2.0, 2.0, 3.0, 3.0, 3.5, 5.5]","[0.0, 0.0, 0.0, 1.4142135, 1.4142135, 1.7320508, 2.0, 2.236068, 3.1622777, 5.2915025]","[2.5, 3.0]","[0.0, 2.828427]","[-2.0, -1.5]","[2.5, 3.0]","[0.0, 2.828427]","[-2.0, -1.5]","[3.0, 6.5]","[2.236068, 6.3245554]","[1.0, 2.0]",[7.0],[6.928203],[6.0],1,0,1,0,1.0,0.0,0
92460,1,1,1,"[1.5, 2.0, 2.0, 2.0, 2.0, 2.0, 2.0, 2.5, 3.0, 3.0]","[0.0, 0.0, 0.0, 0.0, 1.4142135, 1.7320508, 1.7320508, 2.0, 2.236068, 2.828427]",[2.0],[1.7320508],[-1.5],[2.0],[1.7320508],[-1.5],[6.5],[6.4807405],[6.0],[6.5],[6.4807405],[6.0],0,1,0,0,0.0,0.0,0
208,5,1,1,"[0.0, 1.0, 1.0, 1.5, 1.5, 1.5, 2.0, 2.5, 7.5, 8.0]","[0.0, 0.0, 0.0, 0.0, 0.0, 1.4142135, 1.4142135, 2.0, 7.483315, 7.937254]","[1.0, 2.5, 3.5, 4.5, 4.5]","[0.0, 1.0, 2.4494898, 3.7416575, 4.472136]","[-5.0, -3.5, -3.0, -2.0, -2.0]",[1.0],[1.0],[-5.0],[3.0],[2.236068],[-0.5],[3.0],[2.236068],[-0.5],0,1,0,0,0.0,0.0,1
19750,3,2,1,"[0.5, 1.0, 1.0, 1.0, 1.5, 1.5, 1.5, 2.5, 4.5, 6.5]","[0.0, 0.0, 0.0, 0.0, 1.0, 1.4142135, 1.4142135, 2.0, 4.472136, 6.0]","[1.5, 4.0, 4.0]","[0.0, 0.0, 3.8729835]","[-3.0, -1.0, -1.0]","[1.5, 4.0]","[0.0, 3.8729835]","[-3.0, -1.0]","[2.5, 4.0]","[0.0, 3.4641016]","[-2.5, -1.5]",[8.0],[8.0],[4.0],1,0,1,0,1.0,0.0,0
5045,3,2,1,"[0.5, 1.0, 1.0, 1.5, 1.5, 2.0, 2.0, 2.5, 3.5, 9.0]","[0.0, 0.0, 0.0, 0.0, 0.0, 0.0, 1.7320508, 2.4494898, 2.4494898, 9.0]","[1.5, 2.5, 5.0]","[0.0, 1.4142135, 4.582576]","[-4.5, -3.5, -2.5]","[1.5, 5.0]","[1.4142135, 4.582576]","[-4.5, -2.5]","[1.0, 3.0]","[0.0, 3.0]","[-4.0, -1.5]",[9.0],[9.0],[8.5],1,0,1,0,1.0,0.0,0
417,3,2,0,"[0.0, 1.0, 1.0, 1.0, 1.5, 2.5, 3.0, 3.5, 6.5, 7.0]","[0.0, 0.0, 0.0, 0.0, 0.0, 1.0, 1.4142135, 2.236068, 6.4807405, 6.928203]","[2.0, 4.5, 6.0]","[0.0, 4.472136, 6.0]","[-5.5, -1.5, -1.0]","[2.0, 4.5]","[0.0, 4.472136]","[-5.5, -1.5]","[2.0, 4.5]","[0.0, 4.472136]","[-5.5, -1.5]",[],[],[],2,0,0,1,0.0,2.0,1
88176,3,2,1,"[0.0, 0.5, 1.0, 1.0, 1.5, 2.0, 3.0, 4.0, 4.5, 6.5]","[0.0, 0.0, 0.0, 0.0, 0.0, 1.7320508, 3.0, 3.4641016, 3.7416575, 6.4807405]","[2.0, 2.0, 2.0]","[0.0, 0.0, 1.7320508]","[-4.5, -3.0, -1.5]","[2.0, 2.0]","[0.0, 1.7320508]","[-3.0, -1.5]","[2.0, 4.5]","[2.0, 2.828427]","[-1.0, 1.0]",[5.0],[5.0],[5.0],1,0,1,0,1.0,0.0,0
469,3,1,1,"[0.0, 0.5, 0.5, 1.5, 2.0, 2.0, 3.5, 4.5, 5.5, 6.0]","[0.0, 0.0, 0.0, 0.0, 1.4142135, 1.7320508, 1.7320508, 3.1622777, 5.2915025, 5.91608]","[2.5, 3.5, 4.0]","[0.0, 0.0, 3.4641016]","[-4.5, -3.0, -3.0]",[2.5],[0.0],[-3.0],[2.5],[2.0],[0.0],[2.5],[2.0],[0.0],0,1,0,0,0.0,0.0,1
43478,2,2,1,"[0.0, 0.0, 0.5, 1.0, 2.0, 2.0, 2.5, 2.5, 4.5, 8.0]","[0.0, 0.0, 0.0, 0.0, 0.0, 1.0, 1.7320508, 2.4494898, 2.828427, 7.937254]","[1.5, 3.5]","[0.0, 0.0]","[-4.0, -1.5]","[1.5, 3.5]","[0.0, 0.0]","[-4.0, -1.5]","[0.5, 3.5]","[0.0, 2.4494898]","[-3.0, -1.0]",[3.5],[3.1622777],[3.5],1,0,1,0,1.0,0.0,0
845,1,1,1,"[0.0, 0.5, 1.0, 1.0, 1.0, 1.5, 2.0, 2.0, 3.0, 7.5]","[0.0, 0.0, 0.0, 0.0, 0.0, 1.4142135, 1.7320508, 1.7320508, 2.236068, 7.3484693]",[2.5],[0.0],[-3.5],[2.5],[0.0],[-3.5],[8.0],[7.937254],[4.5],[8.0],[7.937254],[4.5],0,1,0,0,0.0,0.0,1
537,5,2,1,"[0.5, 1.0, 1.5, 1.5, 2.0, 2.0, 2.5, 3.5, 3.5, 8.5]","[0.0, 0.0, 0.0, 0.0, 1.4142135, 1.7320508, 1.7320508, 2.4494898, 2.4494898, 8.485281]","[2.0, 2.5, 3.0, 4.5, 4.5]","[0.0, 1.7320508, 2.4494898, 2.828427, 3.7416575]","[-4.5, -3.5, -3.5, -3.0, -1.0]","[2.0, 2.5]","[1.7320508, 2.4494898]","[-3.5, -3.5]","[3.5, 6.0]","[3.1622777, 5.91608]","[-1.5, 1.5]",[4.5],[4.2426405],[3.5],1,0,1,0,1.0,0.0,1
41495,4,2,1,"[1.0, 1.0, 1.0, 1.5, 1.5, 1.5, 2.0, 4.0, 4.5, 8.5]","[0.0, 0.0, 0.0, 0.0, 1.0, 1.0, 1.7320508, 2.828427, 3.8729835, 8.485281]","[2.5, 2.5, 4.0, 4.0]","[0.0, 2.0, 2.4494898, 2.6457512]","[-4.0, -4.0, -3.0, -2.0]","[2.5, 2.5]","[2.0, 2.4494898]","[-4.0, -3.0]","[3.0, 3.0]","[2.236068, 2.236068]","[-3.0, -1.0]",[6.5],[6.4807405],[5.0],1,0,1,0,1.0,0.0,0
71162,4,2,1,"[0.0, 0.5, 0.5, 2.0, 3.0, 3.0, 3.0, 4.0, 4.5, 7.5]","[0.0, 0.0, 0.0, 2.0, 2.236068, 2.828427, 2.828427, 3.4641016, 4.472136, 7.483315]","[1.5, 2.5, 2.5, 4.0]","[0.0, 0.0, 2.0, 3.8729835]","[-5.5, -3.5, -2.0, -1.5]","[1.5, 2.5]","[0.0, 2.0]","[-5.5, -3.5]","[2.5, 3.0]","[0.0, 3.0]","[-2.0, -1.5]",[3.0],[0.0],[1.5],1,0,1,0,1.0,0.0,0
1526,2,2,1,"[0.0, 0.0, 0.5, 0.5, 1.5, 1.5, 2.0, 2.0, 2.5, 4.0]","[0.0, 0.0, 0.0, 0.0, 1.4142135, 1.4142135, 1.7320508, 1.7320508, 2.0, 3.8729835]","[1.0, 2.0]","[0.0, 0.0]","[-1.5, -1.0]","[1.0, 2.0]","[0.0, 0.0]","[-1.5, -1.0]","[4.5, 8.5]","[4.472136, 8.485281]","[2.5, 4.5]",[3.5],[3.1622777],[1.5],1,0,1,0,1.0,0.0,0
38662,3,2,1,"[1.0, 1.5, 1.5, 1.5, 2.0, 2.5, 2.5, 3.0, 4.0, 6.0]","[0.0, 0.0, 0.0, 1.0, 1.4142135, 1.7320508, 2.0, 2.4494898, 2.828427, 6.0]","[2.5, 3.0, 3.0]","[0.0, 2.828427, 2.828427]","[-2.5, -1.5, -1.5]","[3.0, 3.0]","[2.828427, 2.828427]","[-1.5, -1.5]","[2.5, 5.0]","[0.0, 4.0]","[-1.5, 1.5]",[4.5],[4.2426405],[3.0],1,0,1,0,1.0,0.0,0
828,7,4,2,"[0.0, 0.5, 0.5, 2.5, 2.5, 2.5, 3.5, 3.5, 5.0, 7.5]","[0.0, 0.0, 0.0, 0.0, 0.0, 2.0, 2.4494898, 2.4494898, 4.582576, 7.483315]","[1.0, 1.5, 1.5, 2.0, 3.5, 3.5, 4.0]","[0.0, 0.0, 0.0, 1.4142135, 1.7320508, 3.4641016, 3.4641016]","[-4.5, -3.5, -3.0, -2.5, -1.5, -1.0, -1.0]","[1.5, 2.0, 3.5, 4.0]","[0.0, 1.4142135, 1.7320508, 3.4641016]","[-4.5, -2.5, -1.5, -1.0]","[2.5, 4.0, 4.0, 5.0]","[0.0, 2.6457512, 3.8729835, 4.0]","[-1.5, 0.0, 1.0, 3.5]","[3.5, 4.0]","[2.6457512, 3.4641016]","[0.0, 3.5]",2,1,1,0,2.0,0.0,1
169,1,1,1,"[0.5, 0.5, 1.0, 1.5, 1.5, 1.5, 2.0, 3.0, 4.5, 7.5]","[0.0, 0.0, 0.0, 0.0, 1.0, 1.4142135, 2.0, 2.236068, 3.7416575, 7.3484693]",[3.5],[3.4641016],[-2.5],[3.5],[3.4641016],[-2.5],[3.0],[3.0],[1.5],[3.0],[3.0],[1.5],0,1,0,0,0.0,0.0,1
102,1,1,1,"[0.0, 0.5, 0.5, 1.5, 1.5, 2.0, 2.5, 2.5, 2.5, 6.5]","[0.0, 0.0, 0.0, 0.0, 1.4142135, 1.7320508, 2.0, 2.4494898, 2.4494898, 6.0]",[2.5],[2.4494898],[-1.0],[2.5],[2.4494898],[-1.0],[2.0],[0.0],[-3.5],[2.0],[0.0],[-3.5],0,1,0,0,0.0,0.0,1
14284,1,1,1,"[0.5, 1.0, 1.5, 2.0, 2.0, 2.5, 2.5, 2.5, 2.5, 3.5]","[0.0, 0.0, 0.0, 0.0, 1.0, 2.0, 2.0, 2.4494898, 2.4494898, 3.4641016]",[1.0],[0.0],[-2.0],[1.0],[0.0],[-2.0],[4.0],[0.0],[1.5],[4.0],[0.0],[1.5],0,1,0,0,0.0,0.0,0
473,1,1,1,"[0.0, 0.5, 1.0, 1.0, 1.5, 2.5, 3.0, 3.5, 3.5, 5.0]","[0.0, 0.0, 0.0, 0.0, 0.0, 2.0, 2.236068, 3.4641016, 3.4641016, 4.8989797]",[1.5],[1.4142135],[-2.0],[1.5],[1.4142135],[-2.0],[4.0],[3.4641016],[1.5],[4.0],[3.4641016],[1.5],0,1,0,0,0.0,0.0,1
388,6,2,1,"[0.5, 0.5, 1.0, 1.0, 1.5, 2.0, 2.5, 4.5, 7.0, 8.0]","[0.0, 0.0, 0.0, 0.0, 0.0, 1.7320508, 2.0, 4.2426405, 7.0, 8.0]","[1.0, 2.5, 3.0, 4.0, 4.5, 4.5]","[0.0, 0.0, 2.0, 3.4641016, 3.7416575, 4.2426405]","[-6.5, -2.5, -1.5, -1.5, -1.0, -1.0]","[1.0, 3.0]","[0.0, 0.0]","[-6.5, -1.5]","[4.0, 5.0]","[0.0, 3.0]","[-2.5, 0.5]",[4.5],[4.472136],[0.5],1,0,1,0,1.0,0.0,1
45081,2,2,2,"[0.0, 0.0, 1.0, 1.5, 1.5, 2.0, 3.5, 4.0, 4.0, 4.5]","[0.0, 0.0, 0.0, 0.0, 0.0, 1.0, 3.1622777, 3.4641016, 3.7416575, 3.8729835]","[1.0, 1.5]","[1.0, 1.4142135]","[-3.0, -2.5]","[1.0, 1.5]","[1.0, 1.4142135]","[-3.0, -2.5]","[6.0, 6.0]","[5.196152, 6.0]","[1.0, 5.0]","[6.0, 6.0]","[5.196152, 6.0]","[1.0, 5.0]",0,2,0,0,0.0,0.0,0
50144,2,1,1,"[0.5, 0.5, 1.0, 2.0, 2.0, 2.0, 2.0, 3.5, 4.0, 4.0]","[0.0, 0.0, 0.0, 0.0, 0.0, 0.0, 1.0, 1.7320508, 2.0, 2.6457512]","[3.0, 3.5]","[0.0, 3.1622777]","[-3.5, -1.0]",[3.5],[3.1622777],[-3.5],[6.0],[6.0],[5.5],[6.0],[6.0],[5.5],0,1,0,0,0.0,0.0,0
28359,3,1,1,"[0.5, 1.0, 1.0, 1.5, 1.5, 1.5, 3.0, 4.0, 4.5, 6.0]","[0.0, 0.0, 0.0, 0.0, 0.0, 1.0, 1.4142135, 3.8729835, 4.472136, 5.196152]","[2.5, 3.0, 5.0]","[0.0, 2.0, 4.582576]","[-4.5, -4.5, -2.0]",[2.5],[2.0],[-4.5],[5.0],[4.582576],[1.5],[5.0],[4.582576],[1.5],0,1,0,0,0.0,0.0,0
44867,3,2,1,"[0.5, 1.0, 1.5, 1.5, 1.5, 2.0, 2.0, 3.0, 3.5, 8.5]","[0.0, 0.0, 0.0, 0.0, 0.0, 0.0, 1.4142135, 1.4142135, 3.1622777, 8.485281]","[3.0, 3.0, 4.0]","[0.0, 2.6457512, 3.0]","[-3.0, -2.5, -2.0]","[3.0, 4.0]","[2.6457512, 3.0]","[-3.0, -2.5]","[0.5, 6.5]","[0.0, 6.4807405]","[-4.0, 2.5]",[4.0],[4.0],[4.0],1,0,1,0,1.0,0.0,0
576,1,1,1,"[1.5, 1.5, 2.0, 2.0, 2.0, 2.0, 2.5, 2.5, 3.5, 6.5]","[0.0, 0.0, 0.0, 1.4142135, 1.4142135, 1.7320508, 2.0, 2.0, 3.4641016, 6.4807405]",[2.0],[0.0],[-3.5],[2.0],[0.0],[-3.5],[5.5],[4.2426405],[2.5],[5.5],[4.2426405],[2.5],0,1,0,0,0.0,0.0,1
75,2,1,1,"[0.0, 1.0, 1.0, 1.5, 2.0, 2.5, 3.0, 3.5, 4.0, 4.0]","[0.0, 0.0, 0.0, 0.0, 1.7320508, 2.0, 2.6457512, 3.0, 3.4641016, 3.4641016]","[2.0, 3.0]","[0.0, 0.0]","[-3.0, -1.0]",[2.0],[0.0],[-3.0],[2.0],[2.0],[1.5],[2.0],[2.0],[1.5],0,1,0,0,0.0,0.0,1
84969,3,2,1,"[0.5, 0.5, 0.5, 1.0, 1.5, 1.5, 2.0, 3.5, 3.5, 8.0]","[0.0, 0.0, 0.0, 0.0, 0.0, 1.0, 1.4142135, 1.4142135, 3.4641016, 8.0]","[1.0, 3.5, 3.5]","[0.0, 0.0, 2.4494898]","[-3.5, -1.5, -1.0]","[1.0, 3.5]","[0.0, 0.0]","[-3.5, -1.0]","[2.0, 2.5]","[0.0, 0.0]","[-2.5, -2.5]",[7.5],[7.3484693],[6.0],1,0,1,0,1.0,0.0,0
873,5,1,1,"[0.0, 0.5, 1.0, 1.0, 1.5, 2.0, 3.5, 4.0, 5.0, 6.5]","[0.0, 0.0, 0.0, 0.0, 1.0, 1.4142135, 2.4494898, 2.6457512, 4.0, 6.0]","[2.0, 2.0, 2.0, 3.5, 5.5]","[0.0, 0.0, 0.0, 1.7320508, 5.477226]","[-6.5, -5.5, -3.0, -1.5, -1.5]",[2.0],[1.7320508],[-6.5],[8.0],[7.937254],[5.0],[8.0],[7.937254],[5.0],0,1,0,0,0.0,0.0,1
58976,3,2,1,"[0.5, 0.5, 1.0, 2.0, 2.0, 2.0, 2.0, 3.0, 3.0, 6.5]","[0.0, 0.0, 0.0, 1.0, 1.7320508, 1.7320508, 2.0, 2.236068, 2.236068, 6.3245554]","[2.0, 3.5, 4.0]","[0.0, 3.4641016, 3.4641016]","[-3.0, -2.5, -1.0]","[2.0, 3.5]","[0.0, 3.4641016]","[-3.0, -1.0]","[4.0, 6.5]","[3.4641016, 6.3245554]","[-2.5, 3.5]",[8.5],[8.485281],[5.5],1,0,1,0,1.0,0.0,0
897,2,2,0,"[1.0, 1.0, 1.0, 1.0, 2.0, 2.5, 2.5, 3.0, 5.5, 8.0]","[0.0, 0.0, 0.0, 0.0, 0.0, 0.0, 0.0, 2.4494898, 5.477226, 7.937254]","[2.5, 3.5]","[0.0, 3.1622777]","[-3.0, -1.5]","[2.5, 3.5]","[0.0, 3.1622777]","[-3.0, -1.5]","[2.5, 3.5]","[0.0, 3.1622777]","[-3.0, -1.5]",[],[],[],2,0,0,1,0.0,2.0,1
392,1,1,1,"[0.0, 0.0, 0.0, 0.0, 0.5, 1.5, 2.5, 3.5, 4.5, 6.5]","[0.0, 0.0, 0.0, 0.0, 0.0, 0.0, 2.4494898, 2.4494898, 4.2426405, 6.3245554]",[3.5],[3.1622777],[-3.5],[3.5],[3.1622777],[-3.5],[8.0],[7.937254],[4.0],[8.0],[7.937254],[4.0],0,1,0,0,0.0,0.0,1
227,1,1,1,"[0.0, 0.0, 1.0, 1.5, 1.5, 2.0, 2.0, 2.0, 2.0, 5.5]","[0.0, 0.0, 0.0, 0.0, 0.0, 0.0, 1.7320508, 1.7320508, 1.7320508, 5.2915025]",[3.5],[2.4494898],[-1.5],[3.5],[2.4494898],[-1.5],[4.0],[3.8729835],[1.5],[4.0],[3.8729835],[1.5],0,1,0,0,0.0,0.0,1
23,3,2,1,"[0.0, 0.5, 1.0, 1.5, 2.0, 2.5, 3.0, 4.0, 6.0, 7.5]","[0.0, 0.0, 0.0, 0.0, 0.0, 1.0, 1.4142135, 4.0, 5.91608, 7.3484693]","[2.0, 2.0, 2.5]","[0.0, 0.0, 1.7320508]","[-6.0, -2.5, -2.0]","[2.0, 2.0]","[0.0, 1.7320508]","[-6.0, -2.0]","[6.0, 6.5]","[5.91608, 6.0]","[1.0, 1.0]",[1.0],[0.0],[-2.0],1,0,1,0,1.0,0.0,1
639,1,1,1,"[0.5, 0.5, 1.0, 1.0, 1.5, 2.0, 3.0, 3.0, 3.5, 4.5]","[0.0, 0.0, 0.0, 0.0, 0.0, 1.7320508, 2.236068, 3.0, 3.1622777, 4.472136]",[1.5],[1.4142135],[-2.0],[1.5],[1.4142135],[-2.0],[3.5],[2.4494898],[1.5],[3.5],[2.4494898],[1.5],0,1,0,0,0.0,0.0,1
489,3,1,1,"[0.0, 0.5, 1.0, 1.5, 2.0, 2.5, 2.5, 3.0, 5.5, 6.5]","[0.0, 0.0, 0.0, 0.0, 1.4142135, 1.7320508, 2.0, 2.236068, 4.2426405, 6.4807405]","[2.5, 2.5, 3.0]","[0.0, 0.0, 2.0]","[-3.5, -3.0, -2.0]",[2.5],[2.0],[-2.0],[7.5],[7.3484693],[0.0],[7.5],[7.3484693],[0.0],0,1,0,0,0.0,0.0,1
7337,3,2,1,"[0.0, 1.0, 1.0, 1.5, 1.5, 1.5, 2.0, 2.5, 6.5, 8.0]","[0.0, 0.0, 0.0, 0.0, 1.0, 1.0, 1.4142135, 1.4142135, 6.4807405, 8.0]","[2.0, 3.5, 5.5]","[0.0, 1.7320508, 5.2915025]","[-3.0, -3.0, -1.5]","[2.0, 3.5]","[0.0, 1.7320508]","[-3.0, -3.0]","[4.5, 7.0]","[0.0, 6.708204]","[0.0, 3.0]",[8.0],[8.0],[7.5],1,0,1,0,1.0,0.0,0
86765,1,1,1,"[0.5, 0.5, 1.0, 1.0, 1.5, 2.0, 2.0, 2.5, 3.0, 4.5]","[0.0, 0.0, 0.0, 0.0, 0.0, 0.0, 1.0, 1.4142135, 2.0, 2.828427]",[3.0],[2.236068],[-3.5],[3.0],[2.236068],[-3.5],[4.0],[2.6457512],[3.0],[4.0],[2.6457512],[3.0],0,1,0,0,0.0,0.0,0
72,2,2,0,"[0.0, 0.0, 0.0, 0.5, 2.0, 2.5, 3.5, 4.0, 6.0, 6.5]","[0.0, 0.0, 0.0, 0.0, 2.0, 2.0, 3.4641016, 3.8729835, 5.91608, 6.4807405]","[2.0, 4.0]","[2.0, 3.4641016]","[-2.0, -2.0]","[2.0, 4.0]","[2.0, 3.4641016]","[-2.0, -2.0]","[2.0, 4.0]","[2.0, 3.4641016]","[-2.0, -2.0]",[],[],[],2,0,0,1,0.0,2.0,1
14528,1,1,1,"[0.5, 0.5, 1.0, 1.0, 2.0, 2.0, 2.0, 3.0, 3.0, 3.5]","[0.0, 0.0, 0.0, 0.0, 0.0, 0.0, 2.0, 2.236068, 3.0, 3.1622777]",[1.5],[0.0],[-2.5],[1.5],[0.0],[-2.5],[5.0],[3.0],[2.5],[5.0],[3.0],[2.5],0,1,0,0,0.0,0.0,0
5593,3,2,1,"[0.5, 1.0, 1.0, 1.5, 2.0, 3.5, 4.0, 4.0, 5.0, 5.0]","[0.0, 0.0, 0.0, 0.0, 1.4142135, 2.4494898, 2.6457512, 2.6457512, 4.582576, 4.8989797]","[0.5, 2.5, 3.0]","[0.0, 0.0, 2.828427]","[-2.0, -2.0, -1.5]","[0.5, 2.5]","[0.0, 0.0]","[-2.0, -1.5]","[1.0, 3.5]","[0.0, 0.0]","[-2.5, -1.0]",[8.0],[7.937254],[5.0],1,0,1,0,1.0,0.0,0
656,1,1,1,"[0.0, 0.5, 0.5, 1.0, 1.0, 2.0, 2.5, 3.0, 4.0, 5.5]","[0.0, 0.0, 0.0, 0.0, 0.0, 1.0, 2.0, 3.0, 4.0, 4.2426405]",[4.5],[4.2426405],[-2.0],[4.5],[4.2426405],[-2.0],[5.5],[4.2426405],[2.5],[5.5],[4.2426405],[2.5],0,1,0,0,0.0,0.0,1
48,3,1,1,"[0.0, 0.5, 0.5, 0.5, 0.5, 1.5, 2.0, 2.0, 3.0, 3.5]","[0.0, 0.0, 0.0, 0.0, 0.0, 0.0, 0.0, 1.7320508, 2.0, 2.4494898]","[1.5, 2.0, 2.5]","[0.0, 0.0, 0.0]","[-3.5, -2.5, -1.5]",[1.5],[0.0],[-2.5],[1.0],[1.0],[0.0],[1.0],[1.0],[0.0],0,1,0,0,0.0,0.0,1
33371,3,2,1,"[0.0, 0.0, 0.0, 0.5, 1.0, 1.0, 1.5, 3.0, 5.5, 8.5]","[0.0, 0.0, 0.0, 0.0, 0.0, 0.0, 0.0, 0.0, 5.2915025, 8.485281]","[0.5, 2.5, 4.0]","[0.0, 2.0, 4.0]","[-4.5, -3.0, -3.0]","[0.5, 2.5]","[0.0, 2.0]","[-4.5, -3.0]","[2.0, 3.0]","[0.0, 2.828427]","[-2.0, -1.5]",[7.5],[7.483315],[7.5],1,0,1,0,1.0,0.0,0
51529,3,2,1,"[0.0, 0.0, 0.5, 2.0, 2.5, 2.5, 2.5, 3.5, 5.5, 8.5]","[0.0, 0.0, 0.0, 0.0, 0.0, 2.0, 2.4494898, 3.1622777, 5.2915025, 8.485281]","[2.5, 3.5, 5.0]","[2.0, 2.4494898, 4.582576]","[-3.5, -3.0, -1.5]","[2.5, 5.0]","[2.0, 4.582576]","[-3.5, -1.5]","[3.5, 7.0]","[3.1622777, 6.928203]","[-1.0, -1.0]",[9.0],[9.0],[5.0],1,0,1,0,1.0,0.0,0
69562,2,2,1,"[0.0, 0.0, 0.5, 1.5, 1.5, 1.5, 2.0, 2.5, 3.5, 5.5]","[0.0, 0.0, 0.0, 0.0, 0.0, 1.4142135, 1.4142135, 1.7320508, 3.4641016, 4.8989797]","[2.0, 2.5]","[2.0, 2.0]","[-4.0, -1.0]","[2.0, 2.5]","[2.0, 2.0]","[-4.0, -1.0]","[3.0, 8.5]","[2.236068, 8.485281]","[1.5, 2.5]",[9.0],[9.0],[7.0],1,0,1,0,1.0,0.0,0
96458,1,1,1,"[0.0, 0.0, 0.0, 0.5, 1.5, 2.5, 2.5, 3.0, 4.0, 4.5]","[0.0, 0.0, 0.0, 0.0, 1.4142135, 2.236068, 2.4494898, 2.4494898, 3.7416575, 3.8729835]",[2.0],[0.0],[-1.5],[2.0],[0.0],[-1.5],[7.0],[7.0],[5.0],[7.0],[7.0],[5.0],0,1,0,0,0.0,0.0,0
64798,2,2,1,"[0.5, 1.5, 1.5, 1.5, 2.0, 2.0, 2.0, 3.0, 4.5, 5.5]","[0.0, 0.0, 0.0, 0.0, 1.4142135, 1.7320508, 2.0, 2.0, 4.2426405, 5.2915025]","[1.5, 1.5]","[0.0, 1.4142135]","[-5.0, -1.5]","[1.5, 1.5]","[0.0, 1.4142135]","[-5.0, -1.5]","[2.0, 3.0]","[0.0, 0.0]","[-2.0, -0.5]",[6.5],[6.3245554],[4.5],1,0,1,0,1.0,0.0,0
753,2,1,1,"[0.5, 1.0, 1.5, 1.5, 2.0, 2.0, 3.0, 3.0, 3.5, 5.0]","[0.0, 0.0, 0.0, 1.4142135, 1.4142135, 1.7320508, 1.7320508, 2.236068, 3.4641016, 4.8989797]","[1.0, 4.0]","[0.0, 4.0]","[-2.5, -2.0]",[1.0],[0.0],[-2.5],[6.5],[6.4807405],[3.5],[6.5],[6.4807405],[3.5],0,1,0,0,0.0,0.0,1
316,1,1,1,"[0.0, 0.0, 1.0, 1.0, 1.5, 1.5, 2.0, 4.0, 5.0, 8.0]","[0.0, 0.0, 0.0, 0.0, 0.0, 0.0, 1.0, 1.7320508, 4.8989797, 7.937254]",[3.5],[2.4494898],[-3.0],[3.5],[2.4494898],[-3.0],[5.5],[4.2426405],[-1.0],[5.5],[4.2426405],[-1.0],0,1,0,0,0.0,0.0,1
835,3,1,1,"[0.0, 1.0, 1.0, 1.0, 1.5, 1.5, 2.0, 2.5, 3.5, 9.0]","[0.0, 0.0, 0.0, 0.0, 0.0, 0.0, 0.0, 0.0, 2.0, 9.0]","[2.5, 3.5, 4.0]","[0.0, 0.0, 2.4494898]","[-4.0, -4.0, -2.5]",[2.5],[0.0],[-4.0],[1.5],[1.4142135],[-3.5],[1.5],[1.4142135],[-3.5],0,1,0,0,0.0,0.0,1
95830,3,2,2,"[0.5, 1.0, 2.0, 2.5, 3.0, 3.0, 3.0, 3.0, 3.0, 5.5]","[0.0, 0.0, 0.0, 0.0, 1.7320508, 2.0, 2.236068, 2.828427, 3.0, 4.8989797]","[1.0, 1.0, 2.0]","[0.0, 0.0, 1.0]","[-6.0, -3.0, -3.0]","[1.0, 2.0]","[0.0, 1.0]","[-3.0, -3.0]","[5.0, 5.5]","[4.8989797, 5.477226]","[2.0, 5.0]","[5.0, 5.5]","[4.8989797, 5.477226]","[2.0, 5.0]",0,2,0,0,0.0,0.0,0
762,2,1,1,"[0.5, 0.5, 0.5, 2.0, 2.5, 2.5, 3.0, 3.5, 5.5, 6.5]","[0.0, 0.0, 0.0, 0.0, 0.0, 2.236068, 2.4494898, 3.1622777, 5.477226, 6.4807405]","[2.0, 2.0]","[1.7320508, 2.0]","[-3.5, -3.5]",[2.0],[1.7320508],[-3.5],[4.5],[4.2426405],[0.0],[4.5],[4.2426405],[0.0],0,1,0,0,0.0,0.0,1
273,2,1,1,"[0.0, 0.5, 1.0, 1.0, 1.0, 2.5, 3.5, 4.0, 4.5, 5.0]","[0.0, 0.0, 0.0, 0.0, 0.0, 1.0, 2.6457512, 3.1622777, 4.2426405, 5.0]","[2.0, 3.0]","[2.0, 2.828427]","[-2.0, -2.0]",[2.0],[2.0],[-2.0],[4.5],[3.7416575],[1.5],[4.5],[3.7416575],[1.5],0,1,0,0,0.0,0.0,1
185,2,1,1,"[0.0, 0.5, 0.5, 1.5, 2.0, 2.0, 3.5, 4.0, 4.5, 7.0]","[0.0, 0.0, 0.0, 0.0, 1.7320508, 2.0, 2.4494898, 2.828427, 3.4641016, 6.928203]","[4.0, 4.5]","[3.4641016, 3.7416575]","[-4.0, -2.5]",[4.0],[3.4641016],[-4.0],[5.0],[3.0],[1.5],[5.0],[3.0],[1.5],0,1,0,0,0.0,0.0,1
326,1,1,1,"[0.5, 0.5, 0.5, 1.0, 1.0, 2.0, 2.0, 3.5, 4.5, 7.0]","[0.0, 0.0, 0.0, 0.0, 0.0, 0.0, 1.7320508, 3.1622777, 4.472136, 6.708204]",[1.5],[0.0],[-1.0],[1.5],[0.0],[-1.0],[4.0],[3.8729835],[4.0],[4.0],[3.8729835],[4.0],0,1,0,0,0.0,0.0,1
79546,2,2,1,"[0.5, 1.0, 1.5, 1.5, 2.0, 2.5, 2.5, 3.0, 3.0, 3.0]","[0.0, 0.0, 0.0, 0.0, 0.0, 2.236068, 2.4494898, 2.4494898, 2.828427, 3.0]","[1.0, 2.0]","[0.0, 2.0]","[-2.0, -1.5]","[1.0, 2.0]","[0.0, 2.0]","[-2.0, -1.5]","[2.0, 4.5]","[0.0, 0.0]","[0.0, 1.5]",[6.5],[6.3245554],[4.5],1,0,1,0,1.0,0.0,0
283,1,1,1,"[0.5, 0.5, 0.5, 1.0, 1.0, 2.0, 2.0, 2.0, 4.0, 5.5]","[0.0, 0.0, 0.0, 0.0, 0.0, 0.0, 1.0, 1.7320508, 2.0, 4.8989797]",[2.5],[0.0],[-2.0],[2.5],[0.0],[-2.0],[2.0],[1.7320508],[1.5],[2.0],[1.7320508],[1.5],0,1,0,0,0.0,0.0,1
570,2,1,1,"[0.5, 0.5, 1.0, 1.5, 2.5, 2.5, 3.5, 3.5, 4.0, 5.0]","[0.0, 0.0, 0.0, 1.0, 2.0, 2.4494898, 3.0, 3.4641016, 3.4641016, 3.8729835]","[1.5, 2.0]","[1.4142135, 1.7320508]","[-2.5, -2.0]",[1.5],[1.4142135],[-2.0],[2.5],[2.0],[1.0],[2.5],[2.0],[1.0],0,1,0,0,0.0,0.0,1
92,4,2,1,"[0.0, 0.5, 0.5, 1.0, 1.5, 2.5, 2.5, 3.0, 4.0, 7.5]","[0.0, 0.0, 0.0, 0.0, 0.0, 2.0, 2.4494898, 2.828427, 3.8729835, 7.3484693]","[3.0, 3.0, 3.5, 3.5]","[2.236068, 2.4494898, 3.0, 3.4641016]","[-3.0, -3.0, -2.5, -2.0]","[3.0, 3.5]","[3.0, 3.4641016]","[-3.0, -2.5]","[4.5, 6.0]","[4.472136, 5.656854]","[0.0, 0.5]",[1.5],[0.0],[-1.0],1,0,1,0,1.0,0.0,1
816,1,1,1,"[0.5, 0.5, 1.0, 1.5, 2.0, 2.0, 2.0, 2.5, 2.5, 7.5]","[0.0, 0.0, 0.0, 0.0, 0.0, 0.0, 0.0, 1.7320508, 1.7320508, 7.483315]",[2.5],[2.4494898],[-3.0],[2.5],[2.4494898],[-3.0],[1.0],[0.0],[-3.0],[1.0],[0.0],[-3.0],0,1,0,0,0.0,0.0,1
404,1,1,1,"[0.0, 0.5, 0.5, 2.0, 2.0, 2.5, 2.5, 3.0, 3.5, 3.5]","[0.0, 0.0, 0.0, 0.0, 0.0, 1.7320508, 2.0, 2.4494898, 2.4494898, 2.828427]",[3.0],[2.236068],[-2.0],[3.0],[2.236068],[-2.0],[5.5],[5.2915025],[4.0],[5.5],[5.2915025],[4.0],0,1,0,0,0.0,0.0,1
22186,2,2,1,"[0.5, 0.5, 0.5, 2.0, 2.0, 2.0, 2.5, 3.0, 4.5, 6.0]","[0.0, 0.0, 0.0, 0.0, 1.7320508, 2.0, 2.0, 2.236068, 3.7416575, 5.196152]","[1.0, 2.5]","[0.0, 2.0]","[-4.0, -1.0]","[1.0, 2.5]","[0.0, 2.0]","[-4.0, -1.0]","[4.5, 6.5]","[4.2426405, 6.3245554]","[2.0, 2.5]",[5.5],[4.2426405],[5.0],1,0,1,0,1.0,0.0,0
66415,2,2,1,"[0.5, 0.5, 0.5, 0.5, 1.0, 1.5, 2.5, 2.5, 3.0, 6.0]","[0.0, 0.0, 0.0, 0.0, 0.0, 0.0, 1.4142135, 2.0, 2.236068, 5.91608]","[1.5, 3.0]","[0.0, 2.828427]","[-2.5, -1.5]","[1.5, 3.0]","[0.0, 2.828427]","[-2.5, -1.5]","[2.5, 4.5]","[0.0, 2.4494898]","[-1.0, 1.5]",[5.5],[5.2915025],[5.0],1,0,1,0,1.0,0.0,0
74343,4,2,2,"[0.0, 0.5, 0.5, 1.5, 1.5, 1.5, 3.0, 4.5, 4.5, 5.5]","[0.0, 0.0, 0.0, 0.0, 0.0, 0.0, 0.0, 3.0, 4.2426405, 4.472136]","[0.5, 1.5, 3.0, 5.5]","[0.0, 0.0, 0.0, 5.477226]","[-5.5, -4.5, -3.5, -3.0]","[0.5, 1.5]","[0.0, 0.0]","[-5.5, -4.5]","[4.0, 6.5]","[0.0, 6.0]","[1.5, 6.5]","[4.0, 6.5]","[0.0, 6.0]","[1.5, 6.5]",0,2,0,0,0.0,0.0,0
184,2,1,1,"[0.0, 0.0, 0.0, 0.0, 1.5, 2.5, 3.0, 4.0, 4.5, 4.5]","[0.0, 0.0, 0.0, 0.0, 0.0, 0.0, 0.0, 1.4142135, 2.4494898, 4.472136]","[2.5, 6.0]","[2.0, 5.656854]","[-3.0, -2.5]",[2.5],[2.0],[-3.0],[4.5],[4.2426405],[4.0],[4.5],[4.2426405],[4.0],0,1,0,0,0.0,0.0,1
15325,3,2,1,"[0.5, 0.5, 0.5, 1.0, 1.0, 1.0, 1.5, 4.0, 4.0, 6.0]","[0.0, 0.0, 0.0, 0.0, 0.0, 0.0, 1.0, 1.4142135, 2.6457512, 6.0]","[1.0, 2.0, 2.5]","[0.0, 0.0, 1.0]","[-5.0, -3.0, -1.0]","[1.0, 2.5]","[0.0, 1.0]","[-3.0, -1.0]","[2.0, 3.0]","[2.0, 3.0]","[-1.0, -0.5]",[6.0],[5.196152],[5.5],1,0,1,0,1.0,0.0,0
83,2,1,1,"[0.0, 0.5, 1.0, 1.0, 1.5, 1.5, 1.5, 3.0, 4.0, 5.0]","[0.0, 0.0, 0.0, 0.0, 0.0, 0.0, 1.4142135, 2.236068, 3.4641016, 4.0]","[3.0, 4.5]","[2.236068, 3.7416575]","[-2.5, -2.0]",[3.0],[2.236068],[-2.5],[3.0],[2.236068],[2.0],[3.0],[2.236068],[2.0],0,1,0,0,0.0,0.0,1
165,4,1,1,"[0.0, 0.5, 1.0, 1.0, 1.5, 2.0, 2.5, 4.0, 5.0, 7.0]","[0.0, 0.0, 0.0, 0.0, 0.0, 1.0, 2.0, 4.0, 4.582576, 6.708204]","[2.0, 2.0, 3.0, 5.5]","[1.7320508, 2.0, 2.828427, 5.477226]","[-4.5, -4.5, -3.0, -2.5]",[2.0],[2.0],[-4.5],[6.5],[6.3245554],[2.0],[6.5],[6.3245554],[2.0],0,1,0,0,0.0,0.0,1
79291,3,2,1,"[0.5, 0.5, 1.0, 1.5, 1.5, 1.5, 2.0, 2.5, 3.5, 7.5]","[0.0, 0.0, 0.0, 0.0, 1.4142135, 1.4142135, 1.7320508, 2.0, 2.4494898, 7.3484693]","[2.5, 3.5, 3.5]","[0.0, 2.0, 3.1622777]","[-3.5, -1.5, -1.5]","[2.5, 3.5]","[0.0, 2.0]","[-3.5, -1.5]","[1.0, 5.0]","[0.0, 4.0]","[-4.0, 1.0]",[7.0],[6.708204],[5.5],1,0,1,0,1.0,0.0,0
13893,2,1,1,"[0.5, 1.5, 1.5, 1.5, 2.0, 2.0, 2.5, 2.5, 3.0, 4.0]","[0.0, 0.0, 0.0, 1.4142135, 1.4142135, 2.0, 2.0, 2.4494898, 2.6457512, 2.828427]","[1.0, 1.5]","[0.0, 0.0]","[-2.0, -1.0]",[1.0],[0.0],[-2.0],[5.0],[4.0],[3.5],[5.0],[4.0],[3.5],0,1,0,0,0.0,0.0,0
70407,3,2,1,"[0.5, 1.0, 1.0, 1.0, 1.5, 2.0, 2.0, 2.5, 4.0, 7.0]","[0.0, 0.0, 0.0, 0.0, 0.0, 1.0, 1.4142135, 1.7320508, 2.6457512, 6.928203]","[2.5, 3.0, 3.0]","[0.0, 2.236068, 2.4494898]","[-4.0, -1.5, -1.0]","[2.5, 3.0]","[2.236068, 2.4494898]","[-4.0, -1.0]","[2.5, 2.5]","[2.0, 2.4494898]","[-1.5, -0.5]",[4.5],[4.2426405],[4.5],1,0,1,0,1.0,0.0,0
457,3,2,1,"[0.5, 0.5, 1.0, 1.0, 1.5, 2.0, 2.0, 2.0, 3.0, 7.5]","[0.0, 0.0, 0.0, 0.0, 0.0, 0.0, 0.0, 0.0, 2.828427, 7.483315]","[2.5, 2.5, 4.0]","[0.0, 2.4494898, 2.6457512]","[-3.5, -1.5, -1.0]","[2.5, 2.5]","[0.0, 2.4494898]","[-3.5, -1.5]","[4.5, 6.0]","[3.7416575, 5.196152]","[0.5, 2.5]",[3.0],[2.236068],[3.0],1,0,1,0,1.0,0.0,1
372,2,1,1,"[0.0, 0.5, 1.0, 1.0, 1.5, 3.0, 3.0, 3.5, 5.5, 6.0]","[0.0, 0.0, 0.0, 0.0, 1.4142135, 2.236068, 3.0, 3.4641016, 4.2426405, 5.91608]","[4.5, 5.0]","[4.472136, 4.8989797]","[-3.5, -1.0]",[4.5],[4.472136],[-3.5],[7.0],[6.708204],[3.5],[7.0],[6.708204],[3.5],0,1,0,0,0.0,0.0,1
525,8,4,2,"[0.0, 1.0, 1.0, 1.5, 2.0, 2.0, 2.5, 2.5, 7.0, 7.5]","[0.0, 0.0, 0.0, 0.0, 1.7320508, 2.0, 2.0, 2.4494898, 6.928203, 7.3484693]","[1.5, 1.5, 2.0, 2.0, 2.5, 3.0, 4.5, 6.5]","[0.0, 0.0, 0.0, 1.4142135, 1.7320508, 2.0, 2.828427, 6.4807405]","[-4.0, -3.5, -3.0, -2.5, -2.5, -2.0, -2.0, -1.0]","[1.5, 1.5, 2.0, 2.5]","[0.0, 0.0, 1.4142135, 2.0]","[-4.0, -3.5, -3.0, -2.5]","[4.5, 4.5, 5.0, 5.0]","[2.828427, 2.828427, 4.582576, 4.8989797]","[-1.0, 0.5, 1.0, 1.5]","[2.0, 4.0]","[0.0, 4.0]","[1.5, 2.0]",2,0,2,0,1.0,0.0,1
363,8,3,3,"[0.5, 1.0, 1.0, 1.0, 3.0, 3.5, 4.0, 5.0, 6.5, 6.5]","[0.0, 0.0, 0.0, 0.0, 2.236068, 2.6457512, 3.4641016, 4.0, 6.4807405, 6.4807405]","[0.5, 0.5, 1.5, 2.0, 2.5, 3.0, 3.5, 5.0]","[0.0, 0.0, 0.0, 0.0, 1.4142135, 2.0, 3.1622777, 4.582576]","[-7.0, -5.5, -4.0, -3.5, -3.5, -2.5, -2.5, -1.0]","[0.5, 0.5, 1.5]","[0.0, 0.0, 1.4142135]","[-7.0, -5.5, -4.0]","[3.5, 3.5, 4.0]","[0.0, 3.4641016, 3.4641016]","[-2.0, 1.5, 2.0]","[3.5, 3.5, 4.0]","[0.0, 3.4641016, 3.4641016]","[-2.0, 1.5, 2.0]",0,3,0,0,0.0,0.0,1
72543,2,2,1,"[0.5, 1.0, 1.5, 1.5, 2.0, 2.5, 2.5, 3.0, 3.0, 9.0]","[0.0, 0.0, 0.0, 0.0, 0.0, 2.0, 2.0, 2.828427, 3.0, 9.0]","[0.5, 3.5]","[0.0, 3.4641016]","[-6.0, -3.0]","[0.5, 3.5]","[0.0, 3.4641016]","[-6.0, -3.0]","[1.0, 3.5]","[0.0, 3.4641016]","[-3.5, -1.5]",[7.5],[7.483315],[7.0],1,0,1,0,1.0,0.0,0
75023,2,2,1,"[0.5, 0.5, 0.5, 1.0, 1.5, 1.5, 1.5, 2.5, 5.5, 8.0]","[0.0, 0.0, 0.0, 0.0, 0.0, 0.0, 0.0, 2.0, 5.477226, 7.937254]","[2.0, 5.0]","[0.0, 4.8989797]","[-3.5, -1.0]","[2.0, 5.0]","[0.0, 4.8989797]","[-3.5, -1.0]","[3.0, 7.5]","[0.0, 7.483315]","[-0.5, 0.0]",[6.0],[5.196152],[3.0],1,0,1,0,1.0,0.0,0
66049,2,1,1,"[0.0, 0.5, 1.5, 2.0, 2.5, 2.5, 2.5, 3.5, 3.5, 3.5]","[0.0, 0.0, 0.0, 0.0, 0.0, 0.0, 0.0, 1.4142135, 1.7320508, 2.4494898]","[1.0, 2.0]","[1.0, 2.0]","[-2.0, -1.5]",[1.0],[1.0],[-1.5],[8.0],[7.937254],[6.5],[8.0],[7.937254],[6.5],0,1,0,0,0.0,0.0,0
34,1,1,1,"[0.0, 0.5, 1.0, 1.0, 1.5, 1.5, 3.0, 3.5, 4.0, 5.5]","[0.0, 0.0, 0.0, 0.0, 0.0, 0.0, 0.0, 2.828427, 3.1622777, 5.2915025]",[1.0],[0.0],[-2.0],[1.0],[0.0],[-2.0],[3.5],[2.4494898],[-2.0],[3.5],[2.4494898],[-2.0],0,1,0,0,0.0,0.0,1
638,1,1,1,"[0.0, 0.5, 1.5, 2.0, 2.5, 2.5, 3.0, 3.5, 4.0, 6.0]","[0.0, 0.0, 0.0, 0.0, 0.0, 1.4142135, 1.7320508, 2.4494898, 2.6457512, 5.656854]",[3.0],[2.236068],[-4.0],[3.0],[2.236068],[-4.0],[2.0],[2.0],[0.0],[2.0],[2.0],[0.0],0,1,0,0,0.0,0.0,1
402,1,1,1,"[0.0, 0.0, 0.5, 0.5, 1.5, 2.5, 2.5, 4.5, 4.5, 5.5]","[0.0, 0.0, 0.0, 0.0, 0.0, 2.0, 2.4494898, 4.2426405, 4.2426405, 4.472136]",[4.0],[3.4641016],[-2.0],[4.0],[3.4641016],[-2.0],[4.5],[4.2426405],[3.5],[4.5],[4.2426405],[3.5],0,1,0,0,0.0,0.0,1
332,4,2,1,"[0.5, 0.5, 0.5, 1.5, 2.0, 3.5, 4.5, 5.0, 6.5, 9.0]","[0.0, 0.0, 0.0, 0.0, 0.0, 2.828427, 3.0, 3.1622777, 6.3245554, 9.0]","[2.5, 5.0, 6.0, 6.5]","[2.4494898, 4.582576, 6.0, 6.3245554]","[-4.5, -2.5, -2.5, -1.5]","[2.5, 6.0]","[2.4494898, 6.0]","[-4.5, -2.5]","[6.5, 7.0]","[6.0, 6.708204]","[-1.5, 1.5]",[5.0],[5.0],[0.5],1,0,1,0,1.0,0.0,1
1027,2,1,1,"[0.5, 1.0, 1.5, 2.0, 2.5, 2.5, 3.0, 3.0, 3.5, 4.0]","[0.0, 0.0, 0.0, 0.0, 0.0, 1.4142135, 1.7320508, 2.0, 2.4494898, 2.828427]","[1.5, 1.5]","[1.4142135, 1.4142135]","[-5.5, -3.5]",[1.5],[1.4142135],[-5.5],[2.5],[2.0],[2.5],[2.5],[2.0],[2.5],0,1,0,0,0.0,0.0,1
999,2,2,1,"[0.0, 0.5, 0.5, 0.5, 1.5, 2.0, 2.0, 3.5, 5.0, 5.5]","[0.0, 0.0, 0.0, 0.0, 0.0, 0.0, 2.0, 2.4494898, 5.0, 5.2915025]","[2.5, 2.5]","[2.0, 2.4494898]","[-2.0, -1.5]","[2.5, 2.5]","[2.0, 2.4494898]","[-2.0, -1.5]","[6.5, 7.5]","[6.3245554, 7.483315]","[1.5, 4.0]",[5.0],[3.0],[1.5],1,0,1,0,1.0,0.0,1
60977,3,2,1,"[0.5, 0.5, 1.0, 1.5, 2.0, 2.0, 2.0, 3.0, 4.0, 4.5]","[0.0, 0.0, 0.0, 0.0, 1.7320508, 1.7320508, 2.0, 2.236068, 3.8729835, 4.2426405]","[0.5, 1.5, 2.0]","[0.0, 0.0, 1.4142135]","[-2.5, -1.5, -1.5]","[0.5, 2.0]","[0.0, 0.0]","[-2.5, -1.5]","[4.5, 5.0]","[4.472136, 4.582576]","[-0.5, 2.0]",[8.5],[8.485281],[4.5],1,0,1,0,1.0,0.0,0
11058,3,2,1,"[0.0, 0.5, 1.0, 1.0, 1.5, 2.0, 3.0, 3.0, 3.5, 4.0]","[0.0, 0.0, 0.0, 0.0, 0.0, 1.4142135, 1.7320508, 3.0, 3.4641016, 4.0]","[1.0, 2.0, 2.5]","[1.0, 1.7320508, 2.4494898]","[-2.0, -1.5, -1.0]","[1.0, 2.0]","[1.0, 1.7320508]","[-2.0, -1.5]","[2.5, 5.0]","[2.4494898, 4.8989797]","[-1.0, 3.0]",[4.0],[0.0],[2.5],1,0,1,0,1.0,0.0,0
619,7,2,1,"[0.0, 1.0, 1.0, 1.0, 2.0, 2.5, 3.0, 3.0, 5.5, 7.0]","[0.0, 0.0, 0.0, 0.0, 0.0, 0.0, 0.0, 2.236068, 4.8989797, 6.928203]","[1.0, 2.0, 2.0, 3.0, 3.5, 4.0, 4.5]","[0.0, 0.0, 0.0, 1.0, 2.0, 3.4641016, 3.7416575]","[-6.0, -3.5, -3.0, -3.0, -1.5, -1.5, -1.0]","[1.0, 2.0]","[0.0, 1.0]","[-6.0, -3.0]","[4.0, 9.0]","[3.4641016, 9.0]","[-1.5, 6.0]",[1.5],[1.4142135],[0.0],1,0,1,0,1.0,0.0,1
789,1,1,1,"[0.0, 0.5, 0.5, 1.5, 1.5, 2.0, 2.0, 2.5, 2.5, 7.0]","[0.0, 0.0, 0.0, 0.0, 0.0, 0.0, 0.0, 1.4142135, 2.4494898, 6.928203]",[2.0],[0.0],[-2.5],[2.0],[0.0],[-2.5],[5.0],[4.582576],[1.0],[5.0],[4.582576],[1.0],0,1,0,0,0.0,0.0,1
197,2,1,1,"[0.0, 0.0, 0.5, 0.5, 1.0, 1.5, 2.0, 2.5, 4.5, 6.0]","[0.0, 0.0, 0.0, 0.0, 0.0, 1.4142135, 1.7320508, 2.0, 4.472136, 5.91608]","[1.0, 4.5]","[1.0, 4.2426405]","[-3.5, -1.0]",[1.0],[1.0],[-3.5],[6.0],[5.196152],[3.5],[6.0],[5.196152],[3.5],0,1,0,0,0.0,0.0,1
90720,3,2,2,"[0.5, 0.5, 1.0, 1.0, 1.0, 1.5, 3.5, 4.0, 4.0, 5.0]","[0.0, 0.0, 0.0, 0.0, 0.0, 0.0, 1.4142135, 2.6457512, 3.0, 3.4641016]","[3.5, 4.0, 4.0]","[2.4494898, 3.4641016, 3.4641016]","[-4.0, -3.0, -2.0]","[3.5, 4.0]","[2.4494898, 3.4641016]","[-3.0, -2.0]","[2.0, 3.0]","[0.0, 2.828427]","[1.5, 2.5]","[2.0, 3.0]","[0.0, 2.828427]","[1.5, 2.5]",0,2,0,0,0.0,0.0,0
507,1,1,1,"[0.5, 0.5, 1.0, 1.0, 1.5, 1.5, 2.0, 2.0, 2.0, 6.5]","[0.0, 0.0, 0.0, 0.0, 0.0, 0.0, 0.0, 1.4142135, 1.7320508, 6.4807405]",[1.5],[0.0],[-2.5],[1.5],[0.0],[-2.5],[1.5],[1.4142135],[-1.5],[1.5],[1.4142135],[-1.5],0,1,0,0,0.0,0.0,1
1014,3,2,1,"[0.0, 0.0, 0.0, 1.0, 2.0, 2.5, 2.5, 5.0, 6.0, 6.5]","[0.0, 0.0, 0.0, 0.0, 1.0, 1.7320508, 2.0, 3.0, 5.91608, 6.4807405]","[2.5, 2.5, 3.0]","[0.0, 0.0, 2.4494898]","[-4.5, -3.5, -2.5]","[2.5, 3.0]","[0.0, 2.4494898]","[-4.5, -3.5]","[5.5, 8.0]","[4.2426405, 7.937254]","[-0.5, 4.0]",[5.0],[3.0],[1.0],1,0,1,0,1.0,0.0,1
56768,2,2,1,"[0.0, 0.5, 0.5, 1.0, 2.0, 3.0, 3.0, 3.0, 3.5, 6.5]","[0.0, 0.0, 0.0, 0.0, 0.0, 0.0, 2.236068, 2.236068, 3.0, 6.0]","[0.5, 5.0]","[0.0, 4.8989797]","[-3.0, -2.0]","[0.5, 5.0]","[0.0, 4.8989797]","[-3.0, -2.0]","[5.5, 8.0]","[5.2915025, 8.0]","[1.0, 6.0]",[4.5],[3.7416575],[4.5],1,0,1,0,1.0,0.0,0
33758,2,1,1,"[0.0, 0.0, 0.5, 0.5, 1.0, 1.0, 2.0, 3.0, 3.0, 6.5]","[0.0, 0.0, 0.0, 0.0, 0.0, 0.0, 1.0, 2.0, 2.828427, 6.3245554]","[2.0, 3.0]","[0.0, 0.0]","[-2.5, -1.5]",[2.0],[0.0],[-2.5],[7.5],[7.3484693],[4.5],[7.5],[7.3484693],[4.5],0,1,0,0,0.0,0.0,0
9208,2,1,1,"[0.0, 0.5, 0.5, 1.0, 2.5, 3.5, 4.0, 4.0, 4.5, 5.0]","[0.0, 0.0, 0.0, 0.0, 2.0, 2.4494898, 2.6457512, 2.6457512, 4.0, 4.472136]","[3.0, 4.5]","[2.828427, 4.472136]","[-4.5, -1.5]",[3.0],[2.828427],[-4.5],[5.0],[4.582576],[3.5],[5.0],[4.582576],[3.5],0,1,0,0,0.0,0.0,0
1026,1,1,1,"[0.0, 0.0, 0.0, 1.5, 1.5, 1.5, 2.5, 3.0, 4.0, 5.0]","[0.0, 0.0, 0.0, 0.0, 0.0, 1.4142135, 1.4142135, 1.4142135, 3.8729835, 4.0]",[3.0],[0.0],[-3.5],[3.0],[0.0],[-3.5],[5.0],[4.8989797],[2.5],[5.0],[4.8989797],[2.5],0,1,0,0,0.0,0.0,1
99984,3,2,1,"[0.5, 1.0, 1.0, 1.5, 2.0, 2.5, 3.0, 3.0, 4.0, 6.0]","[0.0, 0.0, 0.0, 1.4142135, 1.7320508, 2.236068, 2.236068, 2.4494898, 3.8729835, 6.0]","[1.5, 4.0, 4.0]","[0.0, 3.8729835, 3.8729835]","[-2.5, -1.5, -1.5]","[1.5, 4.0]","[0.0, 3.8729835]","[-2.5, -1.5]","[1.5, 5.0]","[1.4142135, 4.582576]","[-2.0, 2.0]",[5.5],[4.8989797],[5.0],1,0,1,0,1.0,0.0,0
504,4,2,2,"[0.0, 0.0, 0.0, 0.5, 1.0, 3.0, 3.0, 5.0, 5.5, 7.0]","[0.0, 0.0, 0.0, 0.0, 0.0, 0.0, 2.236068, 4.582576, 4.8989797, 6.708204]","[1.5, 3.0, 3.5, 3.5]","[0.0, 0.0, 2.236068, 2.4494898]","[-3.5, -2.5, -1.5, -1.0]","[1.5, 3.0]","[0.0, 2.236068]","[-3.5, -2.5]","[3.0, 4.0]","[0.0, 4.0]","[-2.0, -1.0]","[3.0, 4.0]","[0.0, 4.0]","[-2.0, -1.0]",0,2,0,0,0.0,0.0,1
676,1,1,1,"[0.0, 0.0, 0.5, 0.5, 1.0, 1.5, 3.5, 4.0, 4.0, 6.0]","[0.0, 0.0, 0.0, 0.0, 0.0, 1.0, 1.4142135, 2.6457512, 2.6457512, 5.91608]",[2.0],[0.0],[-1.5],[2.0],[0.0],[-1.5],[3.0],[2.828427],[-1.0],[3.0],[2.828427],[-1.0],0,1,0,0,0.0,0.0,1
30396,2,1,1,"[0.5, 0.5, 0.5, 1.0, 1.5, 1.5, 2.5, 4.0, 4.5, 5.0]","[0.0, 0.0, 0.0, 0.0, 0.0, 0.0, 1.4142135, 2.828427, 3.4641016, 4.582576]","[2.5, 6.0]","[2.4494898, 5.91608]","[-5.0, -1.0]",[2.5],[2.4494898],[-5.0],[7.5],[7.483315],[5.5],[7.5],[7.483315],[5.5],0,1,0,0,0.0,0.0,0
230,2,1,1,"[0.5, 0.5, 1.5, 1.5, 1.5, 2.0, 4.0, 5.0, 6.0, 6.0]","[0.0, 0.0, 0.0, 1.4142135, 1.4142135, 1.4142135, 3.8729835, 4.0, 5.656854, 5.656854]","[0.5, 1.5]","[0.0, 0.0]","[-2.0, -1.0]",[0.5],[0.0],[-2.0],[3.5],[3.4641016],[-1.5],[3.5],[3.4641016],[-1.5],0,1,0,0,0.0,0.0,1
394,1,1,1,"[0.0, 0.0, 1.0, 1.5, 1.5, 2.0, 2.5, 3.0, 5.5, 6.0]","[0.0, 0.0, 0.0, 0.0, 0.0, 1.4142135, 1.4142135, 2.0, 4.8989797, 5.656854]",[3.5],[3.4641016],[-4.5],[3.5],[3.4641016],[-4.5],[2.5],[2.0],[-1.0],[2.5],[2.0],[-1.0],0,1,0,0,0.0,0.0,1
672,4,1,1,"[0.0, 0.5, 1.0, 1.5, 2.5, 3.0, 3.0, 3.0, 3.5, 8.5]","[0.0, 0.0, 0.0, 0.0, 1.4142135, 2.236068, 2.828427, 2.828427, 3.4641016, 8.485281]","[2.0, 3.0, 4.0, 5.0]","[1.7320508, 2.236068, 2.6457512, 4.0]","[-3.5, -2.5, -2.5, -2.0]",[2.0],[1.7320508],[-3.5],[4.5],[0.0],[0.0],[4.5],[0.0],[0.0],0,1,0,0,0.0,0.0,1
104,4,2,1,"[0.0, 1.0, 1.5, 1.5, 1.5, 2.0, 3.0, 3.0, 4.5, 4.5]","[0.0, 0.0, 1.4142135, 1.4142135, 1.4142135, 1.7320508, 2.828427, 2.828427, 3.7416575, 4.472136]","[1.0, 1.5, 2.0, 3.0]","[0.0, 1.4142135, 1.7320508, 2.236068]","[-3.0, -3.0, -2.0, -1.0]","[1.0, 3.0]","[0.0, 2.236068]","[-3.0, -2.0]","[1.5, 3.0]","[0.0, 1.4142135]","[-3.0, 0.0]",[2.0],[1.7320508],[-1.0],1,0,1,0,1.0,0.0,1
70424,2,2,1,"[0.0, 0.5, 1.0, 1.5, 1.5, 2.0, 3.0, 3.0, 6.0, 6.0]","[0.0, 0.0, 0.0, 0.0, 0.0, 0.0, 1.4142135, 2.236068, 5.91608, 5.91608]","[1.5, 2.0]","[0.0, 0.0]","[-4.5, -3.5]","[1.5, 2.0]","[0.0, 0.0]","[-4.5, -3.5]","[0.5, 7.0]","[0.0, 6.928203]","[-2.0, 1.0]",[9.0],[9.0],[6.5],1,0,1,0,1.0,0.0,0
148,1,1,1,"[0.0, 0.5, 1.0, 1.5, 1.5, 1.5, 2.0, 3.0, 4.5, 7.5]","[0.0, 0.0, 0.0, 0.0, 1.4142135, 1.4142135, 1.7320508, 2.828427, 2.828427, 7.3484693]",[4.5],[2.828427],[-1.0],[4.5],[2.828427],[-1.0],[5.0],[4.582576],[0.0],[5.0],[4.582576],[0.0],0,1,0,0,0.0,0.0,1
314,2,1,1,"[0.5, 0.5, 0.5, 1.0, 1.5, 1.5, 2.5, 4.0, 4.5, 7.5]","[0.0, 0.0, 0.0, 0.0, 0.0, 0.0, 1.4142135, 2.4494898, 2.828427, 7.3484693]","[4.0, 7.0]","[4.0, 6.928203]","[-4.5, -1.5]",[4.0],[4.0],[-4.5],[3.0],[2.828427],[0.0],[3.0],[2.828427],[0.0],0,1,0,0,0.0,0.0,1
78818,1,1,1,"[0.5, 1.0, 1.0, 1.5, 1.5, 2.5, 3.0, 3.0, 3.0, 4.0]","[0.0, 0.0, 0.0, 1.0, 1.4142135, 1.4142135, 2.4494898, 2.828427, 3.0, 3.4641016]",[1.5],[0.0],[-2.0],[1.5],[0.0],[-2.0],[5.5],[4.2426405],[3.0],[5.5],[4.2426405],[3.0],0,1,0,0,0.0,0.0,0
939,2,2,1,"[0.0, 0.0, 0.5, 0.5, 1.0, 2.0, 3.0, 3.5, 4.0, 8.5]","[0.0, 0.0, 0.0, 0.0, 0.0, 0.0, 1.0, 2.6457512, 3.1622777, 8.485281]","[4.0, 5.5]","[3.4641016, 5.477226]","[-2.5, -2.5]","[4.0, 5.5]","[3.4641016, 5.477226]","[-2.5, -2.5]","[4.0, 5.5]","[3.8729835, 4.8989797]","[-1.5, 1.0]",[3.0],[2.236068],[1.5],1,0,1,0,1.0,0.0,1
584,1,1,1,"[0.5, 0.5, 0.5, 1.0, 1.5, 1.5, 2.0, 3.0, 4.5, 7.0]","[0.0, 0.0, 0.0, 0.0, 0.0, 0.0, 0.0, 1.4142135, 3.7416575, 6.928203]",[5.0],[4.8989797],[-2.5],[5.0],[4.8989797],[-2.5],[3.5],[2.4494898],[-0.5],[3.5],[2.4494898],[-0.5],0,1,0,0,0.0,0.0,1
568,24,6,1,"[1.0, 3.0, 3.0, 3.0, 3.5, 5.0, 5.5, 6.5, 7.5, 8.0]","[0.0, 1.0, 2.236068, 3.0, 3.1622777, 5.0, 5.477226, 6.4807405, 7.3484693, 7.937254]","[0.0, 0.0, 0.5, 1.0, 1.0, 1.0, 1.5, 1.5, 1.5, 2.0, 2.0, 2.0, 2.5, 2.5, 3.0, 3.0, 3.0, 3.5, 3.5, 3.5, 3.5, 3.5, 5.0, 5.0]","[0.0, 0.0, 0.0, 0.0, 0.0, 0.0, 0.0, 0.0, 0.0, 0.0, 0.0, 1.4142135, 1.4142135, 1.7320508, 2.0, 2.0, 2.236068, 2.236068, 2.4494898, 3.1622777, 3.1622777, 3.4641016, 4.0, 4.582576]","[-7.5, -7.0, -6.0, -6.0, -5.0, -5.0, -4.0, -4.0, -4.0, -3.5, -3.5, -3.5, -3.0, -3.0, -2.5, -2.5, -2.5, -2.5, -2.5, -1.5, -1.5, -1.5, -1.0, -1.0]","[0.0, 0.0, 0.5, 1.0, 1.0, 1.5]","[0.0, 0.0, 0.0, 0.0, 0.0, 0.0]","[-7.5, -7.0, -6.0, -3.5, -3.0, -2.5]","[0.0, 1.0, 4.5, 5.0, 6.0, 7.0]","[0.0, 0.0, 2.828427, 4.0, 5.196152, 6.928203]","[-3.0, -2.5, -2.5, -1.0, -1.0, -0.5]",[4.5],[2.828427],[-1.0],5,1,0,2,0.0,2.5,1
859,3,2,1,"[0.0, 0.5, 0.5, 1.0, 1.0, 1.5, 3.0, 4.5, 4.5, 8.0]","[0.0, 0.0, 0.0, 0.0, 0.0, 1.4142135, 2.236068, 3.7416575, 4.2426405, 7.937254]","[3.0, 3.0, 3.5]","[2.236068, 2.4494898, 3.0]","[-4.0, -3.0, -1.5]","[3.0, 3.5]","[2.4494898, 3.0]","[-4.0, -3.0]","[7.5, 7.5]","[7.483315, 7.483315]","[2.5, 2.5]",[2.0],[0.0],[0.0],1,0,1,0,1.0,0.0,1
254,2,1,1,"[0.0, 0.5, 0.5, 0.5, 1.5, 2.0, 2.0, 3.0, 4.5, 7.0]","[0.0, 0.0, 0.0, 0.0, 0.0, 0.0, 1.7320508, 1.7320508, 4.472136, 6.928203]","[1.5, 2.0]","[0.0, 0.0]","[-3.0, -1.5]",[1.5],[0.0],[-3.0],[2.0],[0.0],[-2.5],[2.0],[0.0],[-2.5],0,1,0,0,0.0,0.0,1
11232,3,2,1,"[1.0, 1.5, 1.5, 1.5, 2.0, 2.0, 2.0, 2.5, 4.5, 6.0]","[0.0, 0.0, 0.0, 0.0, 1.4142135, 1.7320508, 1.7320508, 2.0, 4.472136, 5.196152]","[1.0, 3.0, 4.0]","[0.0, 1.0, 2.236068]","[-3.0, -3.0, -2.0]","[1.0, 3.0]","[1.0, 2.236068]","[-3.0, -2.0]","[5.0, 5.5]","[4.2426405, 4.8989797]","[0.0, 4.0]",[5.0],[4.582576],[4.5],1,0,1,0,1.0,0.0,0
293,2,2,0,"[0.0, 0.5, 0.5, 1.5, 1.5, 2.0, 2.5, 3.5, 4.0, 8.5]","[0.0, 0.0, 0.0, 0.0, 0.0, 0.0, 2.4494898, 2.4494898, 3.8729835, 8.485281]","[2.0, 2.5]","[0.0, 0.0]","[-5.0, -2.5]","[2.0, 2.5]","[0.0, 0.0]","[-5.0, -2.5]","[2.0, 2.5]","[0.0, 0.0]","[-5.0, -2.5]",[],[],[],2,0,0,1,0.0,2.0,1
1017,1,1,1,"[0.0, 0.5, 0.5, 1.0, 1.0, 1.5, 3.0, 3.0, 4.0, 5.0]","[0.0, 0.0, 0.0, 0.0, 1.0, 1.4142135, 2.828427, 3.0, 4.0, 4.0]",[3.5],[0.0],[-1.5],[3.5],[0.0],[-1.5],[5.0],[5.0],[2.0],[5.0],[5.0],[2.0],0,1,0,0,0.0,0.0,1
439,1,1,1,"[0.0, 0.0, 0.5, 0.5, 1.5, 1.5, 2.0, 2.5, 4.0, 5.0]","[0.0, 0.0, 0.0, 0.0, 0.0, 0.0, 0.0, 0.0, 0.0, 4.0]",[2.5],[2.0],[-1.0],[2.5],[2.0],[-1.0],[4.5],[4.472136],[0.5],[4.5],[4.472136],[0.5],0,1,0,0,0.0,0.0,1
909,1,1,1,"[0.5, 1.0, 1.0, 1.0, 1.0, 1.5, 2.5, 3.0, 3.0, 5.0]","[0.0, 0.0, 0.0, 0.0, 0.0, 1.0, 1.0, 1.4142135, 2.0, 4.582576]",[3.5],[3.1622777],[-3.0],[3.5],[3.1622777],[-3.0],[2.0],[0.0],[0.5],[2.0],[0.0],[0.5],0,1,0,0,0.0,0.0,1
24719,3,2,2,"[0.5, 1.0, 1.0, 1.0, 1.5, 1.5, 2.5, 4.5, 7.5, 8.0]","[0.0, 0.0, 0.0, 0.0, 0.0, 0.0, 1.4142135, 2.0, 7.3484693, 7.937254]","[4.0, 4.0, 4.5]","[2.6457512, 3.8729835, 4.2426405]","[-3.5, -1.5, -1.5]","[4.0, 4.0]","[2.6457512, 3.8729835]","[-1.5, -1.5]","[5.0, 7.0]","[4.0, 6.928203]","[2.0, 2.0]","[5.0, 7.0]","[4.0, 6.928203]","[2.0, 2.0]",0,2,0,0,0.0,0.0,0
27095,4,2,1,"[0.0, 0.5, 1.5, 1.5, 1.5, 2.5, 3.5, 4.0, 4.0, 4.5]","[0.0, 0.0, 0.0, 1.4142135, 1.4142135, 1.4142135, 2.4494898, 3.4641016, 4.0, 4.2426405]","[1.0, 1.0, 1.0, 2.5]","[0.0, 1.0, 1.0, 2.0]","[-5.0, -3.0, -2.0, -1.5]","[1.0, 1.0]","[1.0, 1.0]","[-3.0, -2.0]","[1.5, 2.5]","[0.0, 0.0]","[-2.5, 0.5]",[6.5],[6.4807405],[5.0],1,0,1,0,1.0,0.0,0
21509,2,2,2,"[0.0, 0.5, 1.0, 1.5, 1.5, 2.0, 2.0, 2.0, 4.0, 5.0]","[0.0, 0.0, 0.0, 0.0, 0.0, 1.0, 1.4142135, 2.0, 3.4641016, 5.0]","[2.0, 2.5]","[0.0, 2.4494898]","[-2.0, -2.0]","[2.0, 2.5]","[0.0, 2.4494898]","[-2.0, -2.0]","[3.5, 7.5]","[3.4641016, 7.3484693]","[2.0, 5.0]","[3.5, 7.5]","[3.4641016, 7.3484693]","[2.0, 5.0]",0,2,0,0,0.0,0.0,0
54943,3,1,1,"[0.0, 0.5, 0.5, 1.5, 2.0, 3.0, 3.5, 3.5, 3.5, 7.0]","[0.0, 0.0, 0.0, 0.0, 1.7320508, 2.236068, 2.4494898, 3.1622777, 3.4641016, 6.708204]","[1.5, 2.5, 4.0]","[0.0, 2.0, 2.6457512]","[-5.0, -4.0, -3.0]",[1.5],[0.0],[-4.0],[4.5],[0.0],[-0.5],[4.5],[0.0],[-0.5],0,1,0,0,0.0,0.0,0
89,1,1,1,"[0.0, 0.0, 1.0, 2.0, 2.0, 2.0, 2.0, 2.5, 4.0, 6.5]","[0.0, 0.0, 0.0, 0.0, 0.0, 1.7320508, 1.7320508, 2.4494898, 3.8729835, 6.4807405]",[3.5],[3.1622777],[-1.0],[3.5],[3.1622777],[-1.0],[4.5],[4.2426405],[0.0],[4.5],[4.2426405],[0.0],0,1,0,0,0.0,0.0,1
373,1,1,1,"[0.5, 0.5, 1.0, 1.0, 1.5, 2.0, 2.0, 4.0, 4.5, 5.0]","[0.0, 0.0, 0.0, 0.0, 0.0, 0.0, 1.0, 1.7320508, 2.828427, 5.0]",[2.0],[0.0],[-1.0],[2.0],[0.0],[-1.0],[7.5],[7.3484693],[3.5],[7.5],[7.3484693],[3.5],0,1,0,0,0.0,0.0,1
655,1,1,1,"[0.5, 1.0, 1.0, 1.5, 1.5, 1.5, 1.5, 1.5, 4.0, 5.0]","[0.0, 0.0, 0.0, 1.0, 1.4142135, 1.4142135, 1.4142135, 1.4142135, 3.8729835, 4.8989797]",[1.5],[0.0],[-2.0],[1.5],[0.0],[-2.0],[4.0],[3.8729835],[1.0],[4.0],[3.8729835],[1.0],0,1,0,0,0.0,0.0,1
6763,2,2,1,"[0.5, 0.5, 1.0, 1.5, 1.5, 2.0, 2.5, 4.5, 5.0, 6.0]","[0.0, 0.0, 0.0, 0.0, 0.0, 0.0, 1.4142135, 4.0, 4.2426405, 5.196152]","[1.0, 1.5]","[0.0, 0.0]","[-3.5, -2.0]","[1.0, 1.5]","[0.0, 0.0]","[-3.5, -2.0]","[3.5, 6.5]","[0.0, 6.0]","[-4.0, 4.0]",[5.5],[5.2915025],[1.5],1,0,1,0,1.0,0.0,0
68681,1,1,1,"[0.0, 0.0, 2.0, 2.0, 2.0, 2.5, 2.5, 2.5, 2.5, 4.5]","[0.0, 0.0, 0.0, 0.0, 0.0, 0.0, 0.0, 2.4494898, 2.4494898, 4.2426405]",[2.5],[2.4494898],[-1.0],[2.5],[2.4494898],[-1.0],[3.5],[2.4494898],[2.5],[3.5],[2.4494898],[2.5],0,1,0,0,0.0,0.0,0
25107,1,1,1,"[0.0, 0.0, 1.0, 1.0, 1.0, 1.0, 2.0, 3.0, 3.5, 3.5]","[0.0, 0.0, 0.0, 0.0, 1.0, 1.0, 2.0, 3.0, 3.1622777, 3.4641016]",[2.5],[2.0],[-1.0],[2.5],[2.0],[-1.0],[7.5],[7.483315],[6.5],[7.5],[7.483315],[6.5],0,1,0,0,0.0,0.0,0
555,3,1,1,"[0.5, 0.5, 0.5, 0.5, 1.5, 1.5, 3.0, 3.5, 6.5, 7.0]","[0.0, 0.0, 0.0, 0.0, 0.0, 0.0, 2.828427, 3.4641016, 6.4807405, 7.0]","[2.5, 3.5, 4.5]","[0.0, 3.4641016, 4.2426405]","[-2.5, -2.0, -1.5]",[3.5],[3.4641016],[-2.0],[7.5],[7.483315],[3.5],[7.5],[7.483315],[3.5],0,1,0,0,0.0,0.0,1
79821,1,1,1,"[0.5, 1.0, 1.5, 1.5, 2.0, 2.0, 2.0, 2.5, 2.5, 5.0]","[0.0, 0.0, 0.0, 0.0, 0.0, 0.0, 1.4142135, 1.7320508, 2.4494898, 4.582576]",[3.0],[2.828427],[-3.0],[3.0],[2.828427],[-3.0],[4.0],[2.6457512],[2.5],[4.0],[2.6457512],[2.5],0,1,0,0,0.0,0.0,0
977,1,1,1,"[0.0, 0.5, 0.5, 1.0, 1.0, 1.5, 1.5, 2.5, 8.0, 8.0]","[0.0, 0.0, 0.0, 0.0, 0.0, 1.0, 1.4142135, 2.4494898, 7.937254, 7.937254]",[4.0],[3.4641016],[-5.0],[4.0],[3.4641016],[-5.0],[7.5],[7.3484693],[0.5],[7.5],[7.3484693],[0.5],0,1,0,0,0.0,0.0,1
398,1,1,1,"[0.0, 0.5, 0.5, 0.5, 1.5, 1.5, 2.0, 2.5, 5.0, 5.5]","[0.0, 0.0, 0.0, 0.0, 0.0, 0.0, 1.4142135, 2.4494898, 5.0, 5.477226]",[1.5],[0.0],[-2.5],[1.5],[0.0],[-2.5],[2.0],[1.7320508],[-1.5],[2.0],[1.7320508],[-1.5],0,1,0,0,0.0,0.0,1
577,2,1,1,"[0.5, 0.5, 0.5, 1.0, 1.0, 2.5, 2.5, 4.0, 4.5, 7.0]","[0.0, 0.0, 0.0, 1.0, 1.0, 2.0, 2.0, 3.7416575, 3.8729835, 6.708204]","[1.5, 4.0]","[0.0, 3.4641016]","[-2.0, -1.5]",[4.0],[3.4641016],[-2.0],[4.5],[4.2426405],[-1.0],[4.5],[4.2426405],[-1.0],0,1,0,0,0.0,0.0,1
26395,1,1,1,"[0.5, 0.5, 0.5, 1.0, 2.0, 2.0, 2.5, 3.0, 4.0, 4.0]","[0.0, 0.0, 0.0, 0.0, 0.0, 1.0, 2.0, 2.828427, 3.4641016, 3.4641016]",[1.5],[0.0],[-2.5],[1.5],[0.0],[-2.5],[4.0],[4.0],[2.0],[4.0],[4.0],[2.0],0,1,0,0,0.0,0.0,0
68245,4,2,1,"[0.0, 1.0, 1.0, 1.5, 2.5, 2.5, 3.0, 3.5, 4.0, 7.0]","[0.0, 0.0, 0.0, 1.0, 2.236068, 2.4494898, 2.4494898, 3.1622777, 3.4641016, 6.928203]","[2.0, 2.5, 3.0, 4.5]","[0.0, 2.0, 2.236068, 4.472136]","[-2.5, -2.0, -1.5, -1.5]","[2.0, 2.5]","[0.0, 2.0]","[-2.5, -1.5]","[1.5, 3.0]","[0.0, 0.0]","[-3.5, -2.0]",[6.5],[6.4807405],[3.5],1,0,1,0,1.0,0.0,0
22321,4,1,1,"[0.0, 0.5, 1.0, 1.5, 1.5, 2.5, 3.0, 3.0, 4.0, 5.0]","[0.0, 0.0, 0.0, 0.0, 0.0, 1.0, 2.0, 2.828427, 3.0, 4.0]","[2.5, 3.5, 4.5, 4.5]","[0.0, 2.0, 2.828427, 4.2426405]","[-4.0, -3.0, -1.5, -1.0]",[2.5],[2.0],[-4.0],[4.5],[3.7416575],[2.0],[4.5],[3.7416575],[2.0],0,1,0,0,0.0,0.0,0
11381,1,1,1,"[0.5, 1.0, 1.0, 1.5, 1.5, 1.5, 1.5, 3.0, 3.5, 4.5]","[0.0, 0.0, 0.0, 0.0, 1.0, 1.0, 1.4142135, 2.236068, 3.4641016, 4.472136]",[1.0],[0.0],[-3.0],[1.0],[0.0],[-3.0],[5.5],[4.2426405],[1.5],[5.5],[4.2426405],[1.5],0,1,0,0,0.0,0.0,0
46877,4,2,1,"[1.0, 1.0, 1.5, 1.5, 2.0, 2.5, 4.0, 4.0, 7.0, 7.5]","[0.0, 0.0, 0.0, 0.0, 1.4142135, 2.0, 3.4641016, 3.4641016, 6.928203, 7.483315]","[2.5, 2.5, 3.5, 5.5]","[0.0, 2.0, 2.4494898, 5.477226]","[-4.5, -3.5, -3.5, -2.0]","[2.5, 2.5]","[0.0, 2.0]","[-4.5, -3.5]","[3.0, 5.5]","[2.828427, 5.477226]","[-2.0, 0.0]",[4.0],[3.8729835],[0.5],1,0,1,0,1.0,0.0,0
91361,4,2,1,"[0.0, 1.0, 1.0, 1.5, 2.0, 2.5, 2.5, 4.0, 4.5, 6.5]","[0.0, 0.0, 0.0, 0.0, 1.4142135, 1.7320508, 2.4494898, 2.6457512, 4.472136, 6.4807405]","[0.5, 1.0, 2.5, 4.0]","[0.0, 0.0, 0.0, 3.4641016]","[-3.0, -3.0, -2.5, -2.0]","[0.5, 2.5]","[0.0, 0.0]","[-3.0, -2.0]","[2.5, 2.5]","[0.0, 2.0]","[-2.0, -2.0]",[8.0],[7.937254],[5.5],1,0,1,0,1.0,0.0,0
60809,3,2,1,"[0.0, 0.5, 1.5, 1.5, 2.0, 2.5, 2.5, 2.5, 3.0, 5.5]","[0.0, 0.0, 1.4142135, 1.4142135, 1.7320508, 2.0, 2.4494898, 2.4494898, 3.0, 5.477226]","[1.0, 2.0, 2.0]","[0.0, 0.0, 1.7320508]","[-2.5, -2.5, -1.0]","[1.0, 2.0]","[0.0, 1.7320508]","[-2.5, -2.5]","[1.0, 3.5]","[0.0, 0.0]","[-2.0, 0.0]",[5.0],[4.8989797],[4.0],1,0,1,0,1.0,0.0,0
128,2,2,1,"[0.0, 0.5, 1.0, 1.5, 1.5, 1.5, 3.0, 4.5, 6.0, 8.0]","[0.0, 0.0, 0.0, 0.0, 0.0, 0.0, 1.4142135, 3.0, 5.91608, 8.0]","[1.0, 2.5]","[0.0, 2.0]","[-5.0, -3.5]","[1.0, 2.5]","[0.0, 2.0]","[-5.0, -3.5]","[5.0, 5.5]","[3.0, 5.477226]","[-1.5, 0.5]",[4.5],[4.2426405],[1.0],1,0,1,0,1.0,0.0,1
9192,1,1,1,"[0.5, 0.5, 1.0, 1.0, 2.0, 3.0, 3.0, 3.5, 4.0, 4.5]","[0.0, 0.0, 0.0, 0.0, 0.0, 0.0, 1.0, 1.7320508, 2.236068, 3.8729835]",[3.5],[2.4494898],[-4.0],[3.5],[2.4494898],[-4.0],[7.5],[7.483315],[7.5],[7.5],[7.483315],[7.5],0,1,0,0,0.0,0.0,0
37041,1,1,1,"[0.0, 0.5, 0.5, 0.5, 1.5, 1.5, 2.5, 3.0, 4.0, 5.0]","[0.0, 0.0, 0.0, 0.0, 0.0, 0.0, 0.0, 2.0, 3.8729835, 4.8989797]",[3.5],[3.1622777],[-1.0],[3.5],[3.1622777],[-1.0],[3.5],[2.4494898],[1.5],[3.5],[2.4494898],[1.5],0,1,0,0,0.0,0.0,0
547,2,1,1,"[0.5, 0.5, 1.0, 1.0, 1.5, 1.5, 3.0, 3.5, 3.5, 5.0]","[0.0, 0.0, 0.0, 0.0, 0.0, 0.0, 2.236068, 3.1622777, 3.4641016, 4.0]","[2.0, 3.0]","[0.0, 0.0]","[-3.0, -1.5]",[2.0],[0.0],[-3.0],[2.0],[1.7320508],[1.0],[2.0],[1.7320508],[1.0],0,1,0,0,0.0,0.0,1
458,3,1,1,"[0.0, 0.5, 0.5, 1.0, 2.5, 2.5, 3.0, 3.0, 3.0, 8.5]","[0.0, 0.0, 0.0, 0.0, 0.0, 0.0, 2.0, 2.236068, 2.4494898, 8.485281]","[2.5, 3.5, 4.5]","[0.0, 0.0, 2.828427]","[-4.5, -3.0, -2.0]",[2.5],[0.0],[-4.5],[4.5],[4.472136],[0.0],[4.5],[4.472136],[0.0],0,1,0,0,0.0,0.0,1
462,1,1,1,"[0.0, 0.5, 1.0, 1.5, 1.5, 2.5, 3.0, 3.5, 4.0, 6.0]","[0.0, 0.0, 0.0, 0.0, 0.0, 0.0, 2.828427, 3.4641016, 4.0, 5.91608]",[4.0],[3.4641016],[-1.0],[4.0],[3.4641016],[-1.0],[3.5],[3.1622777],[-1.0],[3.5],[3.1622777],[-1.0],0,1,0,0,0.0,0.0,1
16005,4,2,1,"[0.5, 0.5, 0.5, 1.0, 1.5, 2.0, 3.5, 3.5, 7.0, 7.5]","[0.0, 0.0, 0.0, 1.0, 1.4142135, 2.0, 2.4494898, 2.4494898, 6.928203, 7.3484693]","[2.5, 2.5, 3.0, 3.5]","[0.0, 2.236068, 2.4494898, 2.4494898]","[-4.5, -4.0, -3.5, -2.5]","[2.5, 3.0]","[2.236068, 2.4494898]","[-4.5, -2.5]","[3.5, 6.5]","[0.0, 6.0]","[-4.0, 2.5]",[4.0],[3.4641016],[0.0],1,0,1,0,1.0,0.0,0
271,1,1,1,"[0.0, 0.5, 0.5, 1.0, 2.0, 2.0, 2.0, 2.0, 2.5, 4.5]","[0.0, 0.0, 0.0, 0.0, 0.0, 1.0, 1.7320508, 2.0, 2.4494898, 2.828427]",[3.0],[0.0],[-1.5],[3.0],[0.0],[-1.5],[4.0],[3.8729835],[3.0],[4.0],[3.8729835],[3.0],0,1,0,0,0.0,0.0,1
69402,5,2,2,"[0.5, 1.5, 1.5, 2.0, 2.0, 3.0, 3.5, 3.5, 4.0, 5.5]","[0.0, 0.0, 0.0, 1.4142135, 1.4142135, 2.0, 3.0, 3.4641016, 3.4641016, 4.8989797]","[2.5, 2.5, 3.0, 3.0, 5.0]","[0.0, 2.0, 2.0, 2.236068, 4.582576]","[-3.0, -3.0, -2.0, -1.5, -1.0]","[2.5, 2.5]","[2.0, 2.0]","[-3.0, -3.0]","[6.0, 6.5]","[6.0, 6.4807405]","[3.0, 6.5]","[6.0, 6.5]","[6.0, 6.4807405]","[3.0, 6.5]",0,2,0,0,0.0,0.0,0
85766,4,1,1,"[0.5, 1.0, 2.0, 2.0, 2.5, 2.5, 3.5, 4.0, 4.0, 4.5]","[0.0, 0.0, 0.0, 0.0, 1.0, 1.7320508, 2.4494898, 2.828427, 3.1622777, 3.8729835]","[1.5, 2.0, 2.5, 4.0]","[0.0, 0.0, 1.4142135, 3.4641016]","[-4.0, -3.0, -2.5, -1.5]",[1.5],[1.4142135],[-4.0],[4.5],[4.472136],[3.0],[4.5],[4.472136],[3.0],0,1,0,0,0.0,0.0,0
954,4,2,2,"[0.0, 0.0, 0.5, 1.0, 1.0, 1.5, 3.0, 3.5, 4.5, 6.5]","[0.0, 0.0, 0.0, 0.0, 0.0, 0.0, 0.0, 1.4142135, 2.828427, 6.3245554]","[1.5, 2.0, 3.5, 4.5]","[0.0, 1.4142135, 1.7320508, 4.472136]","[-5.5, -4.0, -4.0, -1.0]","[1.5, 2.0]","[1.4142135, 1.7320508]","[-5.5, -4.0]","[3.5, 4.0]","[3.4641016, 3.8729835]","[1.5, 1.5]","[3.5, 4.0]","[3.4641016, 3.8729835]","[1.5, 1.5]",0,2,0,0,0.0,0.0,1
99321,3,2,1,"[0.5, 1.5, 1.5, 2.0, 2.0, 2.5, 3.0, 4.0, 5.0, 5.5]","[0.0, 0.0, 0.0, 1.4142135, 1.4142135, 1.7320508, 2.0, 3.4641016, 4.8989797, 5.477226]","[2.0, 3.0, 3.5]","[0.0, 2.236068, 3.1622777]","[-2.0, -2.0, -1.5]","[2.0, 3.5]","[0.0, 3.1622777]","[-2.0, -1.5]","[1.5, 5.5]","[0.0, 5.2915025]","[-2.5, 2.0]",[6.0],[6.0],[4.0],1,0,1,0,1.0,0.0,0
62343,1,1,1,"[0.0, 0.0, 0.5, 0.5, 1.5, 2.0, 2.5, 3.0, 5.0, 5.5]","[0.0, 0.0, 0.0, 0.0, 0.0, 0.0, 1.4142135, 2.0, 4.582576, 5.477226]",[3.0],[0.0],[-1.0],[3.0],[0.0],[-1.0],[7.0],[6.928203],[3.5],[7.0],[6.928203],[3.5],0,1,0,0,0.0,0.0,0
57,1,1,1,"[0.0, 0.0, 0.0, 0.0, 0.0, 1.0, 2.5, 3.5, 4.5, 4.5]","[0.0, 0.0, 0.0, 0.0, 0.0, 0.0, 0.0, 2.4494898, 4.2426405, 4.472136]",[3.0],[0.0],[-2.5],[3.0],[0.0],[-2.5],[2.5],[2.4494898],[0.0],[2.5],[2.4494898],[0.0],0,1,0,0,0.0,0.0,1
43757,1,1,1,"[0.0, 0.5, 0.5, 1.5, 1.5, 2.5, 3.0, 3.0, 4.0, 7.0]","[0.0, 0.0, 0.0, 0.0, 1.4142135, 1.4142135, 2.0, 3.0, 4.0, 6.928203]",[3.0],[0.0],[-3.0],[3.0],[0.0],[-3.0],[6.0],[5.196152],[1.0],[6.0],[5.196152],[1.0],0,1,0,0,0.0,0.0,0
663,4,2,1,"[0.0, 0.0, 0.5, 2.0, 2.0, 2.5, 3.0, 4.5, 5.0, 5.5]","[0.0, 0.0, 0.0, 0.0, 0.0, 1.7320508, 2.0, 2.828427, 4.0, 5.2915025]","[2.5, 3.0, 5.0, 5.5]","[0.0, 0.0, 4.8989797, 5.2915025]","[-3.5, -2.0, -1.5, -1.5]","[2.5, 5.0]","[0.0, 4.8989797]","[-2.0, -1.5]","[1.0, 4.0]","[1.0, 3.4641016]","[-2.0, 0.0]",[3.5],[3.4641016],[1.5],1,0,1,0,1.0,0.0,1
20976,3,2,1,"[0.0, 0.0, 0.5, 0.5, 1.0, 2.0, 2.0, 2.5, 3.5, 9.0]","[0.0, 0.0, 0.0, 0.0, 0.0, 0.0, 0.0, 1.0, 3.1622777, 9.0]","[0.5, 3.5, 3.5]","[0.0, 0.0, 0.0]","[-6.0, -1.5, -1.5]","[0.5, 3.5]","[0.0, 0.0]","[-6.0, -1.5]","[0.5, 3.5]","[0.0, 3.1622777]","[-4.0, -1.0]",[3.0],[2.828427],[3.0],1,0,1,0,1.0,0.0,0
31717,4,2,1,"[0.0, 0.0, 2.0, 2.0, 2.0, 2.5, 3.0, 4.5, 4.5, 8.5]","[0.0, 0.0, 0.0, 0.0, 0.0, 1.7320508, 2.4494898, 2.828427, 4.2426405, 8.485281]","[1.0, 2.0, 2.5, 4.5]","[0.0, 0.0, 2.4494898, 4.2426405]","[-7.0, -5.0, -3.0, -2.0]","[1.0, 2.5]","[0.0, 2.4494898]","[-7.0, -5.0]","[3.0, 5.0]","[2.828427, 4.582576]","[-2.0, -0.5]",[4.0],[3.8729835],[2.0],1,0,1,0,1.0,0.0,0
769,1,1,1,"[0.0, 0.0, 0.0, 1.5, 2.0, 2.0, 2.0, 2.5, 3.0, 3.0]","[0.0, 0.0, 0.0, 0.0, 0.0, 0.0, 0.0, 0.0, 1.7320508, 2.0]",[1.0],[0.0],[-2.5],[1.0],[0.0],[-2.5],[2.0],[2.0],[1.0],[2.0],[2.0],[1.0],0,1,0,0,0.0,0.0,1
721,1,1,1,"[0.0, 0.5, 0.5, 0.5, 1.0, 1.0, 1.5, 2.0, 5.0, 5.5]","[0.0, 0.0, 0.0, 0.0, 0.0, 1.0, 1.4142135, 1.7320508, 4.0, 4.8989797]",[4.0],[3.4641016],[-4.0],[4.0],[3.4641016],[-4.0],[3.0],[2.236068],[0.5],[3.0],[2.236068],[0.5],0,1,0,0,0.0,0.0,1
134,1,1,1,"[0.0, 0.0, 0.0, 1.0, 1.5, 1.5, 3.0, 3.5, 3.5, 6.5]","[0.0, 0.0, 0.0, 1.0, 1.4142135, 1.4142135, 2.236068, 3.1622777, 3.4641016, 6.4807405]",[1.5],[0.0],[-4.0],[1.5],[0.0],[-4.0],[4.5],[3.7416575],[0.0],[4.5],[3.7416575],[0.0],0,1,0,0,0.0,0.0,1
122,2,2,0,"[0.5, 0.5, 0.5, 1.0, 1.0, 1.5, 2.0, 3.0, 3.5, 8.0]","[0.0, 0.0, 0.0, 0.0, 0.0, 0.0, 1.0, 1.4142135, 2.828427, 7.937254]","[3.0, 4.0]","[2.236068, 3.4641016]","[-2.5, -1.5]","[3.0, 4.0]","[2.236068, 3.4641016]","[-2.5, -1.5]","[3.0, 4.0]","[2.236068, 3.4641016]","[-2.5, -1.5]",[],[],[],2,0,0,1,0.0,2.0,1
5634,4,1,1,"[0.5, 1.0, 1.0, 1.0, 1.0, 2.5, 3.0, 4.0, 5.0, 5.0]","[0.0, 0.0, 0.0, 0.0, 0.0, 1.0, 2.4494898, 2.6457512, 3.0, 4.8989797]","[3.0, 3.0, 3.5, 4.0]","[0.0, 0.0, 0.0, 2.236068]","[-2.5, -2.5, -2.0, -1.0]",[3.0],[2.236068],[-2.5],[7.0],[7.0],[6.5],[7.0],[7.0],[6.5],0,1,0,0,0.0,0.0,0
87921,4,2,1,"[0.0, 0.5, 1.0, 1.5, 1.5, 1.5, 2.5, 3.0, 4.5, 7.0]","[0.0, 0.0, 0.0, 0.0, 1.0, 1.4142135, 2.4494898, 2.828427, 4.2426405, 6.708204]","[1.0, 2.0, 3.0, 4.0]","[0.0, 0.0, 3.0, 3.4641016]","[-3.5, -3.0, -2.0, -1.5]","[1.0, 4.0]","[0.0, 3.4641016]","[-3.5, -3.0]","[3.0, 6.5]","[2.236068, 6.0]","[-1.0, 2.0]",[7.0],[6.928203],[5.5],1,0,1,0,1.0,0.0,0
832,2,1,1,"[0.0, 0.5, 0.5, 1.0, 1.0, 1.5, 2.0, 2.5, 4.0, 4.0]","[0.0, 0.0, 0.0, 0.0, 0.0, 1.4142135, 1.7320508, 2.0, 2.6457512, 3.8729835]","[1.5, 1.5]","[0.0, 0.0]","[-4.5, -1.5]",[1.5],[0.0],[-4.5],[9.0],[9.0],[7.0],[9.0],[9.0],[7.0],0,1,0,0,0.0,0.0,1
562,5,2,0,"[0.0, 0.5, 1.0, 1.0, 1.5, 2.5, 3.0, 4.0, 7.0, 7.0]","[0.0, 0.0, 0.0, 0.0, 0.0, 1.4142135, 2.0, 3.4641016, 6.708204, 7.0]","[2.0, 2.5, 3.5, 3.5, 4.5]","[0.0, 2.0, 2.4494898, 3.4641016, 4.2426405]","[-6.0, -2.0, -2.0, -1.5, -1.0]","[2.0, 4.5]","[2.0, 4.2426405]","[-6.0, -1.5]","[2.0, 4.5]","[2.0, 4.2426405]","[-6.0, -1.5]",[],[],[],2,0,0,1,0.0,2.0,1
974,4,2,1,"[0.0, 0.5, 0.5, 1.5, 1.5, 1.5, 1.5, 3.0, 6.0, 6.5]","[0.0, 0.0, 0.0, 0.0, 0.0, 0.0, 1.4142135, 2.828427, 5.656854, 6.4807405]","[1.5, 2.5, 2.5, 4.5]","[1.4142135, 2.0, 2.0, 4.2426405]","[-4.0, -3.0, -3.0, -2.5]","[1.5, 2.5]","[1.4142135, 2.0]","[-4.0, -2.5]","[4.5, 5.0]","[4.0, 4.2426405]","[-3.0, 3.0]",[2.5],[0.0],[-1.0],1,0,1,0,1.0,0.0,1
204,5,1,1,"[0.0, 0.0, 0.5, 1.0, 1.0, 1.5, 3.5, 5.0, 5.5, 8.5]","[0.0, 0.0, 0.0, 0.0, 0.0, 1.0, 3.1622777, 5.0, 5.2915025, 8.485281]","[1.5, 2.5, 3.0, 5.0, 6.5]","[1.4142135, 2.0, 3.0, 4.8989797, 6.4807405]","[-4.5, -3.0, -2.5, -1.5, -1.5]",[1.5],[1.4142135],[-4.5],[3.0],[2.236068],[-1.5],[3.0],[2.236068],[-1.5],0,1,0,0,0.0,0.0,1
99919,2,2,1,"[0.5, 0.5, 1.0, 1.0, 1.5, 1.5, 2.0, 2.0, 2.5, 5.5]","[0.0, 0.0, 0.0, 0.0, 1.0, 1.0, 1.4142135, 1.4142135, 1.7320508, 5.2915025]","[1.0, 2.0]","[0.0, 1.7320508]","[-3.0, -1.0]","[1.0, 2.0]","[0.0, 1.7320508]","[-3.0, -1.0]","[1.0, 3.5]","[0.0, 3.4641016]","[-1.5, -0.5]",[7.5],[7.483315],[6.5],1,0,1,0,1.0,0.0,0
428,8,3,2,"[0.0, 0.0, 0.0, 0.5, 2.0, 3.5, 5.0, 6.0, 7.5, 7.5]","[0.0, 0.0, 0.0, 0.0, 1.7320508, 3.4641016, 4.582576, 5.196152, 7.3484693, 7.483315]","[0.5, 1.5, 2.5, 2.5, 3.0, 3.5, 5.5, 7.5]","[0.0, 0.0, 1.4142135, 2.0, 2.236068, 2.4494898, 5.477226, 7.483315]","[-5.0, -5.0, -4.0, -4.0, -2.5, -2.5, -2.5, -1.5]","[0.5, 3.0, 3.5]","[0.0, 2.236068, 2.4494898]","[-5.0, -2.5, -2.5]","[1.5, 3.0, 5.5]","[0.0, 1.4142135, 5.477226]","[-4.0, -2.5, -2.0]","[2.5, 3.0]","[0.0, 2.0]","[-5.0, -2.0]",1,1,1,0,1.0,0.0,1
418,1,1,1,"[0.5, 1.0, 1.0, 1.5, 1.5, 2.0, 2.0, 2.0, 3.0, 7.0]","[0.0, 0.0, 0.0, 0.0, 0.0, 1.0, 1.4142135, 1.7320508, 2.828427, 6.708204]",[3.5],[0.0],[-1.5],[3.5],[0.0],[-1.5],[4.0],[3.8729835],[1.0],[4.0],[3.8729835],[1.0],0,1,0,0,0.0,0.0,1
857,1,1,1,"[0.0, 0.5, 1.0, 1.0, 2.0, 2.5, 2.5, 3.5, 3.5, 4.0]","[0.0, 0.0, 0.0, 0.0, 1.0, 2.0, 2.0, 2.0, 3.1622777, 3.4641016]",[1.5],[0.0],[-2.0],[1.5],[0.0],[-2.0],[1.5],[0.0],[-0.5],[1.5],[0.0],[-0.5],0,1,0,0,0.0,0.0,1
400,1,1,1,"[0.0, 0.5, 1.0, 1.0, 1.0, 1.0, 1.5, 1.5, 2.5, 6.0]","[0.0, 0.0, 0.0, 0.0, 0.0, 0.0, 0.0, 1.4142135, 1.4142135, 5.91608]",[2.0],[0.0],[-2.5],[2.0],[0.0],[-2.5],[6.0],[5.196152],[3.5],[6.0],[5.196152],[3.5],0,1,0,0,0.0,0.0,1
842,1,1,1,"[0.0, 0.5, 1.0, 1.0, 1.0, 1.5, 3.5, 4.0, 4.0, 7.0]","[0.0, 0.0, 0.0, 0.0, 0.0, 1.0, 2.4494898, 2.6457512, 4.0, 6.928203]",[3.0],[3.0],[-3.5],[3.0],[3.0],[-3.5],[2.0],[1.7320508],[-2.5],[2.0],[1.7320508],[-2.5],0,1,0,0,0.0,0.0,1
60326,3,2,1,"[0.0, 0.5, 1.0, 1.0, 1.5, 2.0, 3.5, 4.0, 5.0, 5.5]","[0.0, 0.0, 0.0, 0.0, 0.0, 1.4142135, 2.6457512, 3.1622777, 5.0, 5.477226]","[1.5, 1.5, 2.0]","[0.0, 0.0, 1.4142135]","[-3.5, -2.0, -1.0]","[1.5, 2.0]","[0.0, 1.4142135]","[-2.0, -1.0]","[3.0, 4.5]","[0.0, 2.236068]","[0.5, 1.0]",[5.5],[4.8989797],[4.5],1,0,1,0,1.0,0.0,0
910,2,1,1,"[0.5, 0.5, 1.5, 1.5, 1.5, 2.0, 2.0, 3.0, 4.5, 5.0]","[0.0, 0.0, 0.0, 0.0, 0.0, 1.4142135, 1.4142135, 1.7320508, 2.828427, 3.0]","[4.0, 5.0]","[2.6457512, 4.0]","[-2.5, -1.0]",[4.0],[2.6457512],[-2.5],[2.5],[0.0],[1.0],[2.5],[0.0],[1.0],0,1,0,0,0.0,0.0,1
57334,1,1,1,"[0.0, 1.0, 1.5, 2.0, 2.5, 3.0, 3.5, 3.5, 3.5, 5.0]","[0.0, 0.0, 0.0, 0.0, 1.7320508, 2.0, 2.236068, 3.1622777, 3.4641016, 4.582576]",[2.5],[2.0],[-3.0],[2.5],[2.0],[-3.0],[3.5],[2.4494898],[1.5],[3.5],[2.4494898],[1.5],0,1,0,0,0.0,0.0,0
181,6,2,1,"[0.0, 0.0, 1.5, 2.0, 2.0, 2.5, 3.0, 3.0, 4.0, 8.5]","[0.0, 0.0, 0.0, 0.0, 0.0, 0.0, 1.7320508, 2.828427, 4.0, 8.485281]","[1.0, 1.5, 3.0, 3.0, 3.0, 5.0]","[0.0, 0.0, 0.0, 3.0, 3.0, 4.582576]","[-5.5, -4.5, -4.0, -3.0, -1.0, -1.0]","[1.0, 3.0]","[0.0, 3.0]","[-5.5, -4.0]","[5.0, 7.0]","[4.582576, 7.0]","[-1.0, 2.5]",[3.5],[3.1622777],[1.5],1,0,1,0,1.0,0.0,1
39802,2,2,1,"[0.0, 0.5, 0.5, 1.0, 1.0, 1.5, 1.5, 2.5, 4.0, 5.5]","[0.0, 0.0, 0.0, 0.0, 0.0, 0.0, 0.0, 0.0, 4.0, 5.477226]","[2.0, 2.0]","[0.0, 0.0]","[-3.0, -1.5]","[2.0, 2.0]","[0.0, 0.0]","[-3.0, -1.5]","[2.5, 6.0]","[2.4494898, 5.656854]","[0.0, 3.0]",[7.5],[7.483315],[7.5],1,0,1,0,1.0,0.0,0
25899,3,2,2,"[0.0, 1.0, 1.5, 1.5, 2.5, 2.5, 2.5, 3.0, 4.0, 5.5]","[0.0, 0.0, 0.0, 0.0, 1.4142135, 2.0, 2.4494898, 2.828427, 3.8729835, 5.2915025]","[1.0, 1.0, 3.0]","[0.0, 1.0, 2.828427]","[-3.5, -3.5, -1.0]","[1.0, 3.0]","[1.0, 2.828427]","[-3.5, -1.0]","[2.5, 6.5]","[2.0, 6.4807405]","[1.5, 4.0]","[2.5, 6.5]","[2.0, 6.4807405]","[1.5, 4.0]",0,2,0,0,0.0,0.0,0
739,2,1,1,"[0.0, 0.5, 1.0, 1.5, 1.5, 2.0, 2.0, 2.5, 3.5, 6.5]","[0.0, 0.0, 0.0, 0.0, 0.0, 0.0, 0.0, 1.0, 1.7320508, 6.0]","[3.5, 3.5]","[2.4494898, 3.4641016]","[-2.0, -1.5]",[3.5],[3.4641016],[-2.0],[2.5],[2.4494898],[-2.0],[2.5],[2.4494898],[-2.0],0,1,0,0,0.0,0.0,1
580,2,1,1,"[0.5, 0.5, 1.0, 2.0, 2.0, 2.0, 3.0, 3.0, 4.0, 5.5]","[0.0, 0.0, 0.0, 0.0, 0.0, 0.0, 1.7320508, 1.7320508, 4.0, 4.2426405]","[0.5, 4.5]","[0.0, 4.2426405]","[-2.0, -2.0]",[0.5],[0.0],[-2.0],[0.5],[0.0],[-1.5],[0.5],[0.0],[-1.5],0,1,0,0,0.0,0.0,1
399,2,2,0,"[0.0, 0.0, 0.5, 0.5, 0.5, 1.0, 1.0, 2.5, 7.0, 8.0]","[0.0, 0.0, 0.0, 0.0, 0.0, 0.0, 1.0, 1.0, 6.708204, 7.937254]","[3.5, 4.0]","[2.4494898, 4.0]","[-4.0, -3.5]","[3.5, 4.0]","[2.4494898, 4.0]","[-4.0, -3.5]","[3.5, 4.0]","[2.4494898, 4.0]","[-4.0, -3.5]",[],[],[],2,0,0,1,0.0,2.0,1
21,2,1,1,"[0.0, 0.5, 0.5, 1.5, 1.5, 2.0, 3.0, 4.5, 4.5, 6.5]","[0.0, 0.0, 0.0, 0.0, 0.0, 1.4142135, 2.828427, 3.7416575, 4.472136, 6.3245554]","[1.5, 2.0]","[0.0, 0.0]","[-4.0, -3.5]",[1.5],[0.0],[-3.5],[4.0],[3.8729835],[-0.5],[4.0],[3.8729835],[-0.5],0,1,0,0,0.0,0.0,1
215,1,1,1,"[0.0, 1.0, 1.5, 1.5, 2.0, 2.0, 2.0, 2.5, 3.0, 4.5]","[0.0, 0.0, 0.0, 0.0, 0.0, 0.0, 0.0, 2.0, 2.236068, 3.7416575]",[1.5],[0.0],[-3.5],[1.5],[0.0],[-3.5],[1.0],[1.0],[0.0],[1.0],[1.0],[0.0],0,1,0,0,0.0,0.0,1
297,4,2,1,"[0.0, 1.0, 1.5, 2.0, 2.0, 2.5, 2.5, 3.5, 5.0, 5.5]","[0.0, 0.0, 0.0, 2.0, 2.0, 2.4494898, 2.4494898, 2.4494898, 5.0, 5.2915025]","[0.5, 2.5, 3.0, 4.0]","[0.0, 0.0, 2.828427, 3.8729835]","[-4.0, -2.5, -2.0, -1.5]","[0.5, 3.0]","[0.0, 2.828427]","[-4.0, -1.5]","[3.0, 7.5]","[2.828427, 7.3484693]","[-0.5, 6.0]",[4.5],[3.7416575],[2.0],1,0,1,0,1.0,0.0,1
6122,1,1,1,"[0.5, 0.5, 0.5, 1.0, 1.5, 1.5, 2.0, 3.0, 3.0, 4.0]","[0.0, 0.0, 0.0, 0.0, 0.0, 1.4142135, 2.0, 2.236068, 2.828427, 3.4641016]",[2.5],[0.0],[-1.5],[2.5],[0.0],[-1.5],[6.0],[5.91608],[4.0],[6.0],[5.91608],[4.0],0,1,0,0,0.0,0.0,0
81349,1,1,1,"[0.5, 1.5, 1.5, 1.5, 2.5, 3.5, 3.5, 3.5, 3.5, 5.0]","[0.0, 0.0, 0.0, 0.0, 2.0, 2.4494898, 2.4494898, 3.4641016, 3.4641016, 4.582576]",[2.0],[0.0],[-1.5],[2.0],[0.0],[-1.5],[8.0],[8.0],[5.5],[8.0],[8.0],[5.5],0,1,0,0,0.0,0.0,0
13095,4,2,2,"[0.5, 0.5, 1.5, 2.0, 2.5, 2.5, 3.0, 3.0, 3.0, 5.5]","[0.0, 0.0, 0.0, 0.0, 1.4142135, 1.7320508, 2.0, 2.0, 2.828427, 4.8989797]","[0.5, 2.0, 2.5, 2.5]","[0.0, 0.0, 2.0, 2.4494898]","[-4.5, -3.0, -3.0, -1.0]","[0.5, 2.5]","[0.0, 2.4494898]","[-4.5, -3.0]","[2.0, 5.5]","[1.7320508, 4.8989797]","[0.5, 4.0]","[2.0, 5.5]","[1.7320508, 4.8989797]","[0.5, 4.0]",0,2,0,0,0.0,0.0,0
64367,2,1,1,"[0.0, 0.0, 0.0, 1.0, 2.0, 3.5, 3.5, 3.5, 5.0, 5.0]","[0.0, 0.0, 0.0, 1.0, 1.7320508, 2.4494898, 2.4494898, 3.1622777, 4.582576, 5.0]","[2.5, 3.0]","[2.236068, 2.4494898]","[-2.0, -1.5]",[2.5],[2.4494898],[-2.0],[6.0],[5.91608],[2.0],[6.0],[5.91608],[2.0],0,1,0,0,0.0,0.0,0
666,1,1,1,"[0.5, 0.5, 1.0, 1.0, 1.5, 3.0, 3.0, 4.0, 4.5, 7.0]","[0.0, 0.0, 0.0, 0.0, 0.0, 1.0, 2.236068, 2.828427, 4.2426405, 6.928203]",[2.5],[2.0],[-3.5],[2.5],[2.0],[-3.5],[7.5],[7.3484693],[2.0],[7.5],[7.3484693],[2.0],0,1,0,0,0.0,0.0,1
206,1,1,1,"[0.5, 0.5, 1.5, 1.5, 2.0, 2.5, 2.5, 2.5, 2.5, 5.0]","[0.0, 0.0, 0.0, 0.0, 1.4142135, 1.7320508, 2.0, 2.0, 2.4494898, 4.582576]",[3.5],[2.4494898],[-1.0],[3.5],[2.4494898],[-1.0],[4.0],[4.0],[1.0],[4.0],[4.0],[1.0],0,1,0,0,0.0,0.0,1
135,2,1,1,"[0.0, 0.0, 0.0, 0.5, 0.5, 0.5, 1.5, 3.0, 3.5, 7.5]","[0.0, 0.0, 0.0, 0.0, 0.0, 0.0, 0.0, 1.4142135, 2.828427, 7.483315]","[0.5, 3.0]","[0.0, 2.236068]","[-3.5, -1.5]",[0.5],[0.0],[-3.5],[2.0],[1.7320508],[-2.0],[2.0],[1.7320508],[-2.0],0,1,0,0,0.0,0.0,1
69295,3,2,1,"[0.5, 1.0, 1.0, 1.5, 2.0, 2.0, 2.5, 3.0, 5.5, 9.0]","[0.0, 0.0, 0.0, 0.0, 0.0, 1.4142135, 1.7320508, 2.4494898, 4.8989797, 9.0]","[2.0, 3.5, 4.0]","[0.0, 2.4494898, 3.4641016]","[-3.0, -2.5, -2.0]","[2.0, 4.0]","[0.0, 3.4641016]","[-3.0, -2.0]","[2.5, 4.0]","[2.4494898, 3.8729835]","[-3.0, -0.5]",[8.5],[8.485281],[7.5],1,0,1,0,1.0,0.0,0
686,1,1,1,"[0.5, 1.5, 1.5, 1.5, 2.0, 2.5, 3.0, 3.0, 3.5, 4.0]","[0.0, 0.0, 0.0, 0.0, 1.4142135, 1.7320508, 2.6457512, 2.828427, 2.828427, 3.1622777]",[2.5],[2.0],[-2.0],[2.5],[2.0],[-2.0],[2.0],[0.0],[0.0],[2.0],[0.0],[0.0],0,1,0,0,0.0,0.0,1
648,1,1,1,"[0.0, 0.0, 0.0, 0.5, 1.0, 1.0, 1.0, 1.0, 5.5, 6.5]","[0.0, 0.0, 0.0, 0.0, 0.0, 0.0, 1.0, 1.0, 5.477226, 6.3245554]",[3.5],[3.1622777],[-2.0],[3.5],[3.1622777],[-2.0],[6.0],[5.196152],[-0.5],[6.0],[5.196152],[-0.5],0,1,0,0,0.0,0.0,1
61586,2,2,1,"[0.0, 0.0, 1.0, 1.5, 2.0, 2.0, 2.0, 3.0, 3.5, 5.0]","[0.0, 0.0, 0.0, 0.0, 0.0, 1.4142135, 1.7320508, 3.0, 3.4641016, 4.582576]","[2.0, 3.5]","[2.0, 2.4494898]","[-1.5, -1.0]","[2.0, 3.5]","[2.0, 2.4494898]","[-1.5, -1.0]","[4.0, 6.0]","[0.0, 5.91608]","[1.0, 2.0]",[8.5],[8.485281],[6.5],1,0,1,0,1.0,0.0,0
33035,3,2,1,"[0.5, 0.5, 1.0, 1.0, 1.0, 1.5, 2.0, 2.5, 3.0, 5.5]","[0.0, 0.0, 0.0, 0.0, 0.0, 0.0, 1.4142135, 1.7320508, 2.0, 4.8989797]","[2.5, 3.5, 3.5]","[2.4494898, 2.4494898, 3.4641016]","[-3.5, -1.5, -1.0]","[2.5, 3.5]","[2.4494898, 3.4641016]","[-3.5, -1.0]","[4.0, 4.5]","[2.6457512, 4.2426405]","[0.0, 2.5]",[8.0],[8.0],[7.5],1,0,1,0,1.0,0.0,0
612,7,3,2,"[0.0, 0.5, 1.5, 1.5, 2.0, 3.0, 3.5, 3.5, 4.5, 8.5]","[0.0, 0.0, 0.0, 0.0, 0.0, 0.0, 3.4641016, 3.4641016, 3.7416575, 8.485281]","[0.5, 1.5, 2.0, 2.5, 3.0, 3.5, 5.5]","[0.0, 0.0, 1.4142135, 1.7320508, 2.0, 3.4641016, 5.2915025]","[-4.5, -4.0, -3.5, -2.5, -2.0, -1.5, -1.5]","[0.5, 1.5, 2.0]","[0.0, 1.4142135, 1.7320508]","[-4.0, -3.5, -2.5]","[3.5, 3.5, 5.5]","[2.4494898, 2.4494898, 4.8989797]","[-0.5, 1.0, 1.0]","[4.0, 5.5]","[0.0, 4.8989797]","[1.0, 1.0]",1,1,1,0,1.0,0.0,1
538,1,1,1,"[0.5, 0.5, 0.5, 1.0, 1.0, 1.5, 1.5, 3.0, 3.5, 7.0]","[0.0, 0.0, 0.0, 0.0, 0.0, 0.0, 1.4142135, 2.4494898, 2.828427, 6.708204]",[5.5],[4.8989797],[-1.0],[5.5],[4.8989797],[-1.0],[3.5],[3.4641016],[0.0],[3.5],[3.4641016],[0.0],0,1,0,0,0.0,0.0,1
58497,2,2,1,"[0.5, 0.5, 0.5, 0.5, 1.0, 1.0, 1.0, 1.5, 6.0, 8.5]","[0.0, 0.0, 0.0, 0.0, 0.0, 0.0, 0.0, 1.0, 5.656854, 8.485281]","[2.5, 4.5]","[0.0, 4.472136]","[-4.0, -3.0]","[2.5, 4.5]","[0.0, 4.472136]","[-4.0, -3.0]","[5.0, 5.0]","[3.0, 4.0]","[-1.0, 0.5]",[4.5],[2.828427],[2.5],1,0,1,0,1.0,0.0,0
14099,4,2,1,"[0.5, 1.0, 1.0, 1.5, 1.5, 2.0, 2.0, 3.5, 4.0, 6.5]","[0.0, 0.0, 0.0, 1.0, 1.0, 1.4142135, 2.0, 2.6457512, 3.4641016, 6.4807405]","[1.0, 2.5, 3.0, 4.0]","[0.0, 0.0, 2.828427, 3.4641016]","[-3.0, -2.0, -1.0, -1.0]","[1.0, 3.0]","[0.0, 2.828427]","[-3.0, -2.0]","[2.5, 8.5]","[2.4494898, 8.485281]","[-1.0, 3.5]",[7.0],[7.0],[5.0],1,0,1,0,1.0,0.0,0
77939,2,1,1,"[0.0, 0.5, 1.5, 1.5, 1.5, 1.5, 2.0, 2.5, 3.5, 4.0]","[0.0, 0.0, 0.0, 0.0, 0.0, 0.0, 1.4142135, 1.4142135, 2.0, 2.6457512]","[1.0, 2.0]","[0.0, 0.0]","[-3.0, -2.0]",[1.0],[0.0],[-3.0],[5.5],[5.2915025],[4.5],[5.5],[5.2915025],[4.5],0,1,0,0,0.0,0.0,0
55155,4,2,1,"[0.0, 0.0, 1.0, 1.5, 1.5, 2.0, 3.0, 3.0, 3.5, 7.0]","[0.0, 0.0, 0.0, 0.0, 0.0, 0.0, 0.0, 0.0, 1.7320508, 6.708204]","[3.5, 4.0, 4.5, 5.0]","[2.4494898, 3.7416575, 4.0, 5.0]","[-3.5, -2.5, -2.0, -1.5]","[4.0, 5.0]","[4.0, 5.0]","[-2.5, -1.5]","[3.0, 3.0]","[0.0, 3.0]","[-1.5, 0.5]",[6.0],[5.656854],[6.0],1,0,1,0,1.0,0.0,0
47477,2,2,1,"[1.5, 1.5, 1.5, 2.0, 2.5, 2.5, 3.0, 3.5, 4.0, 6.0]","[0.0, 1.4142135, 1.4142135, 2.0, 2.0, 2.0, 3.0, 3.4641016, 3.4641016, 6.0]","[1.0, 3.0]","[0.0, 2.236068]","[-3.0, -2.5]","[1.0, 3.0]","[0.0, 2.236068]","[-3.0, -2.5]","[3.5, 5.5]","[3.4641016, 4.8989797]","[-0.5, 0.5]",[3.0],[0.0],[0.0],1,0,1,0,1.0,0.0,0
73342,5,2,2,"[0.0, 1.0, 1.5, 2.0, 2.0, 2.0, 3.0, 3.5, 4.5, 6.5]","[0.0, 0.0, 1.0, 1.4142135, 2.0, 2.0, 2.236068, 2.4494898, 2.828427, 6.3245554]","[0.5, 1.5, 3.0, 3.0, 4.5]","[0.0, 0.0, 2.236068, 3.0, 3.7416575]","[-4.5, -4.0, -2.0, -2.0, -1.5]","[0.5, 1.5]","[0.0, 0.0]","[-4.5, -1.5]","[4.0, 5.5]","[3.4641016, 5.2915025]","[-1.0, 4.0]","[4.0, 5.5]","[3.4641016, 5.2915025]","[-1.0, 4.0]",0,2,0,0,0.0,0.0,0
37969,4,2,1,"[0.0, 0.5, 1.0, 1.0, 1.5, 1.5, 2.0, 2.5, 3.5, 7.5]","[0.0, 0.0, 0.0, 0.0, 0.0, 1.4142135, 2.0, 2.4494898, 3.1622777, 7.483315]","[0.5, 2.0, 2.5, 3.0]","[0.0, 0.0, 0.0, 0.0]","[-4.0, -2.5, -2.5, -1.5]","[0.5, 2.5]","[0.0, 0.0]","[-4.0, -2.5]","[4.0, 4.5]","[3.8729835, 4.2426405]","[0.0, 0.0]",[7.5],[7.3484693],[6.5],1,0,1,0,1.0,0.0,0
512,2,1,1,"[0.0, 0.5, 0.5, 0.5, 1.0, 1.5, 1.5, 3.0, 6.5, 7.5]","[0.0, 0.0, 0.0, 0.0, 0.0, 0.0, 1.4142135, 2.828427, 6.3245554, 7.3484693]","[3.5, 3.5]","[0.0, 2.4494898]","[-3.5, -1.0]",[3.5],[2.4494898],[-3.5],[6.5],[6.4807405],[-0.5],[6.5],[6.4807405],[-0.5],0,1,0,0,0.0,0.0,1
6739,3,2,1,"[1.0, 1.0, 1.5, 1.5, 1.5, 2.0, 3.0, 3.5, 4.5, 7.0]","[0.0, 0.0, 0.0, 1.0, 1.4142135, 1.4142135, 2.236068, 2.4494898, 4.2426405, 6.928203]","[1.0, 1.5, 3.0]","[1.0, 1.4142135, 2.236068]","[-4.5, -4.0, -2.5]","[1.0, 1.5]","[1.0, 1.4142135]","[-4.5, -2.5]","[3.5, 6.5]","[3.4641016, 6.3245554]","[-1.0, 0.5]",[7.5],[7.3484693],[4.0],1,0,1,0,1.0,0.0,0
3214,3,2,1,"[0.0, 0.5, 0.5, 0.5, 1.5, 2.0, 3.0, 5.0, 6.5, 6.5]","[0.0, 0.0, 0.0, 0.0, 0.0, 0.0, 2.0, 5.0, 6.0, 6.4807405]","[2.5, 2.5, 4.0]","[0.0, 2.0, 3.4641016]","[-3.0, -2.0, -1.5]","[2.5, 2.5]","[0.0, 2.0]","[-3.0, -2.0]","[4.0, 6.0]","[2.6457512, 5.91608]","[-3.0, 3.0]",[6.5],[6.0],[3.0],1,0,1,0,1.0,0.0,0
73704,3,2,1,"[0.0, 0.0, 1.0, 2.0, 2.0, 2.0, 2.5, 2.5, 4.0, 7.0]","[0.0, 0.0, 0.0, 0.0, 1.7320508, 1.7320508, 1.7320508, 2.0, 4.0, 6.928203]","[1.5, 2.0, 3.5]","[0.0, 0.0, 3.1622777]","[-4.0, -2.0, -1.5]","[1.5, 2.0]","[0.0, 0.0]","[-4.0, -1.5]","[3.0, 4.0]","[0.0, 3.0]","[-2.0, -0.5]",[6.5],[6.0],[4.0],1,0,1,0,1.0,0.0,0
53266,2,2,1,"[0.0, 0.5, 1.0, 1.5, 1.5, 2.0, 2.0, 4.0, 4.0, 5.5]","[0.0, 0.0, 0.0, 0.0, 0.0, 1.0, 1.7320508, 2.0, 3.4641016, 5.477226]","[2.5, 2.5]","[2.0, 2.0]","[-3.5, -1.0]","[2.5, 2.5]","[2.0, 2.0]","[-3.5, -1.0]","[3.5, 4.5]","[2.4494898, 2.828427]","[-0.5, 1.0]",[2.0],[0.0],[0.0],1,0,1,0,1.0,0.0,0
765,2,2,0,"[0.0, 0.5, 1.0, 1.5, 2.0, 2.5, 3.0, 4.5, 4.5, 6.0]","[0.0, 0.0, 0.0, 1.4142135, 1.7320508, 2.0, 2.828427, 4.472136, 4.472136, 5.91608]","[2.0, 4.0]","[1.7320508, 4.0]","[-3.5, -1.0]","[2.0, 4.0]","[1.7320508, 4.0]","[-3.5, -1.0]","[2.0, 4.0]","[1.7320508, 4.0]","[-3.5, -1.0]",[],[],[],2,0,0,1,0.0,2.0,1
125,8,3,1,"[0.5, 1.5, 1.5, 2.5, 2.5, 3.0, 5.0, 5.0, 5.5, 7.5]","[0.0, 1.4142135, 1.4142135, 2.0, 2.4494898, 2.828427, 4.0, 4.8989797, 4.8989797, 7.3484693]","[2.0, 2.5, 2.5, 2.5, 3.0, 4.0, 4.0, 4.5]","[0.0, 1.7320508, 2.0, 2.4494898, 2.6457512, 3.0, 3.8729835, 4.472136]","[-5.0, -3.5, -3.0, -2.5, -2.0, -1.5, -1.0, -1.0]","[2.0, 2.5, 3.0]","[1.7320508, 2.4494898, 3.0]","[-5.0, -3.5, -3.0]","[4.0, 4.5, 6.0]","[2.6457512, 2.828427, 5.91608]","[-3.0, 0.0, 0.5]",[5.5],[4.2426405],[1.5],2,0,1,0,2.0,0.0,1
27777,4,2,1,"[0.0, 0.5, 1.5, 1.5, 2.0, 2.0, 3.0, 3.5, 5.5, 7.0]","[0.0, 0.0, 0.0, 0.0, 0.0, 1.7320508, 2.828427, 3.4641016, 5.2915025, 7.0]","[2.0, 2.0, 3.0, 3.0]","[0.0, 0.0, 1.7320508, 2.0]","[-5.0, -3.5, -1.5, -1.0]","[2.0, 2.0]","[1.7320508, 2.0]","[-5.0, -3.5]","[2.5, 3.0]","[0.0, 0.0]","[-3.0, -1.5]",[7.5],[7.483315],[4.5],1,0,1,0,1.0,0.0,0
79459,2,2,1,"[0.0, 0.5, 1.0, 1.5, 1.5, 2.0, 3.0, 3.0, 3.0, 8.5]","[0.0, 0.0, 0.0, 0.0, 0.0, 0.0, 0.0, 2.236068, 2.828427, 8.485281]","[2.0, 6.0]","[0.0, 5.656854]","[-4.0, -1.0]","[2.0, 6.0]","[0.0, 5.656854]","[-4.0, -1.0]","[3.0, 3.0]","[2.828427, 3.0]","[-2.5, -1.5]",[6.0],[5.196152],[4.5],1,0,1,0,1.0,0.0,0
9639,2,1,1,"[0.5, 0.5, 1.0, 1.5, 1.5, 2.0, 2.0, 2.5, 4.5, 5.0]","[0.0, 0.0, 0.0, 0.0, 0.0, 0.0, 0.0, 1.4142135, 4.472136, 4.8989797]","[2.5, 3.5]","[2.0, 3.1622777]","[-2.5, -1.5]",[2.5],[2.0],[-2.5],[7.5],[7.483315],[5.5],[7.5],[7.483315],[5.5],0,1,0,0,0.0,0.0,0
51316,3,2,1,"[0.0, 0.5, 1.5, 2.0, 2.5, 2.5, 2.5, 3.0, 3.5, 6.0]","[0.0, 0.0, 0.0, 0.0, 1.4142135, 1.7320508, 2.0, 2.4494898, 2.828427, 6.0]","[2.0, 2.0, 3.5]","[1.7320508, 1.7320508, 3.4641016]","[-3.0, -2.5, -2.0]","[2.0, 2.0]","[1.7320508, 1.7320508]","[-3.0, -2.5]","[2.0, 4.0]","[0.0, 3.4641016]","[-2.0, 0.5]",[8.5],[8.485281],[7.0],1,0,1,0,1.0,0.0,0
25489,3,2,1,"[1.0, 1.0, 2.0, 2.5, 2.5, 3.0, 3.0, 3.5, 6.5, 6.5]","[0.0, 1.0, 1.7320508, 2.0, 2.236068, 2.4494898, 3.0, 3.4641016, 6.0, 6.4807405]","[1.5, 3.5, 5.5]","[0.0, 0.0, 5.477226]","[-3.5, -2.5, -1.0]","[1.5, 5.5]","[0.0, 5.477226]","[-2.5, -1.0]","[3.5, 5.5]","[0.0, 5.477226]","[-3.5, 0.5]",[7.5],[7.3484693],[2.0],1,0,1,0,1.0,0.0,0
304,1,1,1,"[0.0, 0.0, 0.5, 0.5, 1.0, 2.5, 2.5, 2.5, 4.0, 6.0]","[0.0, 0.0, 0.0, 0.0, 1.0, 2.0, 2.4494898, 2.4494898, 2.6457512, 5.196152]",[3.0],[0.0],[-2.0],[3.0],[0.0],[-2.0],[3.5],[3.4641016],[2.0],[3.5],[3.4641016],[2.0],0,1,0,0,0.0,0.0,1
73340,2,2,1,"[0.5, 0.5, 0.5, 1.0, 1.5, 1.5, 2.5, 3.0, 3.5, 6.0]","[0.0, 0.0, 0.0, 0.0, 1.0, 1.4142135, 2.0, 2.236068, 3.1622777, 5.656854]","[2.0, 3.5]","[0.0, 1.7320508]","[-2.5, -1.0]","[2.0, 3.5]","[0.0, 1.7320508]","[-2.5, -1.0]","[3.5, 6.0]","[3.1622777, 5.196152]","[1.5, 1.5]",[9.0],[9.0],[8.5],1,0,1,0,1.0,0.0,0
500,3,2,1,"[0.0, 0.5, 0.5, 1.0, 1.0, 2.0, 2.5, 4.5, 6.5, 7.0]","[0.0, 0.0, 0.0, 0.0, 0.0, 1.7320508, 2.0, 3.7416575, 6.0, 6.708204]","[1.5, 2.5, 4.0]","[0.0, 2.0, 3.8729835]","[-3.5, -3.0, -3.0]","[1.5, 4.0]","[0.0, 3.8729835]","[-3.5, -3.0]","[3.0, 7.5]","[2.236068, 7.483315]","[-1.0, 1.0]",[2.0],[0.0],[-1.5],1,0,1,0,1.0,0.0,1
31230,4,2,1,"[0.0, 1.0, 1.5, 2.0, 2.0, 2.0, 2.5, 3.5, 4.0, 6.5]","[0.0, 0.0, 0.0, 1.0, 1.7320508, 1.7320508, 2.0, 3.4641016, 3.8729835, 6.0]","[0.5, 1.5, 3.5, 4.0]","[0.0, 0.0, 1.4142135, 3.1622777]","[-5.0, -3.0, -2.0, -2.0]","[0.5, 1.5]","[0.0, 1.4142135]","[-5.0, -2.0]","[1.0, 4.0]","[0.0, 0.0]","[-2.0, -1.5]",[5.5],[5.2915025],[3.5],1,0,1,0,1.0,0.0,0
41940,1,1,1,"[0.5, 0.5, 1.5, 1.5, 2.0, 2.5, 2.5, 2.5, 4.5, 7.0]","[0.0, 0.0, 0.0, 0.0, 0.0, 0.0, 2.0, 2.4494898, 4.2426405, 7.0]",[3.5],[3.1622777],[-1.5],[3.5],[3.1622777],[-1.5],[6.0],[5.196152],[1.5],[6.0],[5.196152],[1.5],0,1,0,0,0.0,0.0,0
497,1,1,1,"[0.0, 0.0, 0.0, 0.5, 1.5, 3.5, 3.5, 3.5, 4.0, 4.0]","[0.0, 0.0, 0.0, 0.0, 0.0, 0.0, 1.4142135, 3.1622777, 3.4641016, 3.8729835]",[3.0],[2.828427],[-3.0],[3.0],[2.828427],[-3.0],[2.5],[2.0],[1.0],[2.5],[2.0],[1.0],0,1,0,0,0.0,0.0,1
161,7,3,1,"[0.5, 1.0, 1.5, 1.5, 2.5, 3.0, 3.0, 3.5, 7.0, 7.5]","[0.0, 0.0, 0.0, 1.0, 2.236068, 2.4494898, 2.828427, 3.1622777, 6.928203, 7.483315]","[2.0, 2.5, 2.5, 2.5, 3.0, 3.5, 4.0]","[0.0, 0.0, 0.0, 2.0, 2.4494898, 2.4494898, 3.8729835]","[-4.0, -3.0, -3.0, -2.5, -2.5, -2.5, -1.5]","[2.5, 3.5, 4.0]","[2.4494898, 2.4494898, 3.8729835]","[-4.0, -2.5, -1.5]","[2.0, 5.0, 6.0]","[0.0, 4.0, 5.196152]","[-2.5, -2.0, 1.0]",[4.0],[0.0],[2.0],2,0,1,0,2.0,0.0,1
65413,1,1,1,"[0.5, 0.5, 1.0, 1.5, 1.5, 2.0, 2.5, 3.0, 3.5, 5.5]","[0.0, 0.0, 0.0, 0.0, 0.0, 1.0, 1.4142135, 1.4142135, 2.828427, 5.2915025]",[1.5],[1.4142135],[-1.5],[1.5],[1.4142135],[-1.5],[8.5],[8.485281],[4.5],[8.5],[8.485281],[4.5],0,1,0,0,0.0,0.0,0
12,1,1,1,"[0.5, 0.5, 1.0, 1.0, 1.5, 2.0, 4.0, 4.0, 4.0, 5.5]","[0.0, 0.0, 0.0, 0.0, 0.0, 1.4142135, 2.0, 3.8729835, 3.8729835, 5.477226]",[5.5],[5.477226],[-1.5],[5.5],[5.477226],[-1.5],[3.5],[3.4641016],[1.0],[3.5],[3.4641016],[1.0],0,1,0,0,0.0,0.0,1
595,1,1,1,"[0.0, 0.0, 1.0, 1.0, 1.5, 1.5, 1.5, 2.0, 4.5, 6.0]","[0.0, 0.0, 0.0, 0.0, 0.0, 1.0, 1.4142135, 1.4142135, 3.7416575, 5.91608]",[2.0],[1.7320508],[-2.5],[2.0],[1.7320508],[-2.5],[1.0],[1.0],[0.0],[1.0],[1.0],[0.0],0,1,0,0,0.0,0.0,1
9125,2,2,2,"[0.0, 0.5, 0.5, 1.5, 1.5, 1.5, 1.5, 3.0, 3.5, 5.5]","[0.0, 0.0, 0.0, 0.0, 1.4142135, 1.4142135, 1.4142135, 2.828427, 3.4641016, 5.2915025]","[1.0, 3.0]","[0.0, 0.0]","[-2.0, -1.0]","[1.0, 3.0]","[0.0, 0.0]","[-2.0, -1.0]","[3.0, 6.0]","[2.236068, 6.0]","[1.0, 4.0]","[3.0, 6.0]","[2.236068, 6.0]","[1.0, 4.0]",0,2,0,0,0.0,0.0,0
87032,3,2,1,"[0.5, 0.5, 1.0, 1.0, 1.5, 2.0, 2.5, 3.0, 4.0, 7.5]","[0.0, 0.0, 0.0, 0.0, 0.0, 0.0, 0.0, 3.0, 3.4641016, 7.3484693]","[2.0, 3.0, 4.5]","[0.0, 1.7320508, 4.472136]","[-2.0, -2.0, -1.5]","[2.0, 3.0]","[0.0, 1.7320508]","[-2.0, -2.0]","[1.0, 7.5]","[1.0, 7.3484693]","[-3.5, 4.5]",[8.5],[8.485281],[8.5],1,0,1,0,1.0,0.0,0
19555,2,2,1,"[0.0, 0.5, 1.5, 2.0, 3.0, 3.5, 3.5, 4.0, 4.0, 6.5]","[0.0, 0.0, 0.0, 2.0, 2.4494898, 2.828427, 3.1622777, 3.8729835, 3.8729835, 6.0]","[2.5, 3.5]","[0.0, 2.4494898]","[-2.0, -1.0]","[2.5, 3.5]","[0.0, 2.4494898]","[-2.0, -1.0]","[3.0, 4.0]","[0.0, 3.4641016]","[-4.0, -0.5]",[5.5],[4.2426405],[0.5],1,0,1,0,1.0,0.0,0
91525,2,1,1,"[0.0, 1.0, 1.0, 1.0, 2.0, 2.0, 2.5, 3.0, 4.0, 4.0]","[0.0, 0.0, 0.0, 0.0, 1.0, 1.0, 1.7320508, 2.236068, 2.4494898, 2.6457512]","[1.0, 2.0]","[0.0, 1.7320508]","[-2.0, -1.5]",[1.0],[0.0],[-2.0],[5.0],[4.0],[5.0],[5.0],[4.0],[5.0],0,1,0,0,0.0,0.0,0
9906,2,2,1,"[0.0, 0.5, 1.0, 1.5, 2.0, 2.0, 2.5, 3.0, 3.5, 6.5]","[0.0, 0.0, 0.0, 0.0, 0.0, 1.7320508, 1.7320508, 2.236068, 2.4494898, 6.4807405]","[1.0, 2.5]","[0.0, 0.0]","[-3.5, -2.5]","[1.0, 2.5]","[0.0, 0.0]","[-3.5, -2.5]","[1.5, 2.5]","[0.0, 1.4142135]","[-2.5, -2.0]",[5.0],[4.8989797],[3.0],1,0,1,0,1.0,0.0,0
15224,2,2,1,"[0.0, 0.5, 1.0, 1.5, 1.5, 1.5, 1.5, 2.5, 3.0, 4.5]","[0.0, 0.0, 0.0, 0.0, 1.4142135, 1.4142135, 1.4142135, 2.236068, 2.4494898, 4.472136]","[1.5, 2.0]","[0.0, 0.0]","[-1.0, -1.0]","[1.5, 2.0]","[0.0, 0.0]","[-1.0, -1.0]","[1.5, 2.0]","[0.0, 1.7320508]","[-2.0, 0.0]",[6.0],[5.91608],[5.0],1,0,1,0,1.0,0.0,0
50649,3,2,1,"[0.0, 0.0, 0.0, 1.0, 1.5, 2.5, 3.5, 4.0, 4.0, 8.0]","[0.0, 0.0, 0.0, 0.0, 0.0, 0.0, 0.0, 2.4494898, 2.6457512, 7.937254]","[2.5, 3.0, 6.0]","[0.0, 2.828427, 5.656854]","[-6.0, -2.0, -2.0]","[2.5, 3.0]","[0.0, 2.828427]","[-6.0, -2.0]","[4.0, 6.0]","[3.8729835, 5.196152]","[-1.5, 2.5]",[5.5],[5.477226],[4.5],1,0,1,0,1.0,0.0,0
4285,1,1,1,"[0.5, 0.5, 0.5, 1.0, 1.5, 2.0, 2.5, 2.5, 3.5, 4.5]","[0.0, 0.0, 0.0, 0.0, 0.0, 1.4142135, 1.7320508, 2.4494898, 2.4494898, 3.7416575]",[4.0],[3.4641016],[-1.0],[4.0],[3.4641016],[-1.0],[5.5],[5.477226],[3.5],[5.5],[5.477226],[3.5],0,1,0,0,0.0,0.0,0
2146,3,2,1,"[0.0, 1.0, 1.5, 1.5, 1.5, 1.5, 1.5, 2.0, 2.5, 5.0]","[0.0, 0.0, 0.0, 0.0, 0.0, 1.4142135, 1.4142135, 1.4142135, 1.4142135, 5.0]","[1.0, 1.0, 3.0]","[0.0, 0.0, 3.0]","[-2.5, -2.0, -1.5]","[1.0, 1.0]","[0.0, 0.0]","[-2.5, -2.0]","[4.0, 7.0]","[2.6457512, 6.928203]","[0.5, 4.0]",[8.5],[8.485281],[7.0],1,0,1,0,1.0,0.0,0
71530,3,2,1,"[0.0, 0.5, 0.5, 1.5, 1.5, 2.0, 3.5, 4.0, 5.0, 6.0]","[0.0, 0.0, 0.0, 0.0, 0.0, 0.0, 1.7320508, 3.4641016, 4.8989797, 5.656854]","[2.0, 3.0, 4.0]","[0.0, 2.6457512, 3.0]","[-3.5, -3.0, -1.5]","[2.0, 3.0]","[0.0, 3.0]","[-3.5, -3.0]","[2.0, 3.5]","[0.0, 2.0]","[-2.0, 1.0]",[5.0],[3.0],[4.5],1,0,1,0,1.0,0.0,0
938,19,5,2,"[0.0, 0.5, 2.0, 4.0, 4.5, 5.0, 5.0, 5.5, 5.5, 7.0]","[0.0, 0.0, 0.0, 0.0, 2.828427, 3.0, 4.0, 4.8989797, 5.477226, 6.928203]","[0.5, 0.5, 0.5, 0.5, 1.5, 1.5, 1.5, 1.5, 2.5, 2.5, 3.0, 3.5, 4.0, 4.5, 4.5, 4.5, 4.5, 6.0, 6.5]","[0.0, 0.0, 0.0, 0.0, 0.0, 0.0, 1.4142135, 1.4142135, 1.4142135, 2.4494898, 2.4494898, 3.4641016, 3.4641016, 4.2426405, 4.472136, 4.472136, 4.472136, 5.91608, 6.3245554]","[-6.5, -6.5, -6.5, -6.0, -6.0, -5.5, -4.5, -4.0, -4.0, -4.0, -4.0, -3.5, -3.5, -2.5, -2.5, -2.0, -2.0, -1.5, -1.5]","[0.5, 0.5, 0.5, 0.5, 1.5]","[0.0, 0.0, 0.0, 0.0, 1.4142135]","[-6.5, -6.5, -6.0, -4.5, -2.0]","[1.5, 2.0, 4.5, 6.5, 8.0]","[1.4142135, 2.0, 4.2426405, 6.4807405, 7.937254]","[-2.5, -1.0, 0.0, 2.5, 4.0]","[2.5, 4.5]","[2.0, 4.2426405]","[0.0, 2.5]",3,1,1,0,3.0,0.0,1
300,1,1,1,"[1.0, 1.0, 1.5, 1.5, 1.5, 2.0, 2.0, 3.0, 3.0, 4.0]","[0.0, 0.0, 0.0, 1.0, 1.4142135, 1.7320508, 2.0, 2.828427, 3.0, 3.8729835]",[2.0],[2.0],[-1.0],[2.0],[2.0],[-1.0],[6.5],[6.4807405],[2.5],[6.5],[6.4807405],[2.5],0,1,0,0,0.0,0.0,1
1018,14,4,1,"[0.0, 0.5, 0.5, 0.5, 1.5, 3.5, 7.0, 7.0, 7.5, 8.5]","[0.0, 0.0, 0.0, 0.0, 0.0, 1.4142135, 7.0, 7.0, 7.483315, 8.485281]","[1.5, 2.0, 2.5, 3.0, 3.0, 3.0, 3.5, 3.5, 3.5, 3.5, 3.5, 3.5, 3.5, 5.0]","[0.0, 0.0, 0.0, 0.0, 0.0, 1.4142135, 2.4494898, 2.4494898, 2.828427, 3.0, 3.1622777, 3.1622777, 3.4641016, 4.8989797]","[-6.0, -5.0, -5.0, -5.0, -4.5, -4.0, -4.0, -4.0, -3.5, -3.5, -2.0, -2.0, -1.5, -1.5]","[1.5, 3.0, 3.0, 3.5]","[1.4142135, 2.828427, 3.0, 3.4641016]","[-6.0, -5.0, -4.0, -4.0]","[3.0, 3.5, 3.5, 4.0]","[2.828427, 3.1622777, 3.4641016, 4.0]","[-4.5, -4.0, -4.0, 0.0]",[4.0],[3.8729835],[0.5],3,0,1,1,1.0,2.0,1
34091,3,2,2,"[0.5, 0.5, 0.5, 0.5, 1.0, 1.5, 3.0, 3.5, 4.0, 6.0]","[0.0, 0.0, 0.0, 0.0, 0.0, 0.0, 1.4142135, 2.828427, 3.4641016, 6.0]","[0.5, 2.0, 5.0]","[0.0, 1.7320508, 5.0]","[-3.0, -2.0, -1.5]","[0.5, 5.0]","[0.0, 5.0]","[-3.0, -1.5]","[1.0, 3.5]","[0.0, 3.4641016]","[-2.0, 2.5]","[1.0, 3.5]","[0.0, 3.4641016]","[-2.0, 2.5]",0,2,0,0,0.0,0.0,0
566,4,2,1,"[0.5, 0.5, 1.0, 1.0, 1.0, 2.0, 2.5, 4.0, 6.5, 6.5]","[0.0, 0.0, 0.0, 0.0, 0.0, 0.0, 0.0, 0.0, 6.0, 6.4807405]","[2.0, 2.0, 3.0, 3.5]","[1.7320508, 2.0, 2.828427, 3.1622777]","[-4.0, -4.0, -4.0, -4.0]","[2.0, 3.5]","[2.0, 3.1622777]","[-4.0, -4.0]","[4.0, 5.0]","[0.0, 4.8989797]","[-1.5, 0.5]",[2.5],[2.0],[-1.0],1,0,1,0,1.0,0.0,1
918,4,1,1,"[0.5, 0.5, 1.5, 1.5, 2.0, 2.0, 2.0, 3.0, 4.5, 6.5]","[0.0, 0.0, 0.0, 0.0, 0.0, 1.4142135, 1.7320508, 2.0, 4.2426405, 6.0]","[3.5, 3.5, 4.0, 4.0]","[0.0, 2.4494898, 2.6457512, 3.4641016]","[-3.5, -3.5, -3.0, -2.0]",[3.5],[3.4641016],[-3.0],[2.0],[1.7320508],[0.0],[2.0],[1.7320508],[0.0],0,1,0,0,0.0,0.0,1
556,20,5,2,"[1.0, 1.5, 3.0, 3.0, 5.0, 5.0, 5.5, 5.5, 6.0, 6.5]","[0.0, 1.0, 2.828427, 3.0, 4.0, 4.8989797, 5.2915025, 5.477226, 5.656854, 6.3245554]","[0.5, 0.5, 0.5, 1.0, 1.0, 1.0, 1.0, 1.5, 2.0, 2.0, 2.0, 2.5, 2.5, 2.5, 3.0, 3.5, 4.0, 4.0, 5.0, 6.5]","[0.0, 0.0, 0.0, 0.0, 0.0, 0.0, 0.0, 0.0, 1.0, 1.4142135, 1.7320508, 2.0, 2.4494898, 2.4494898, 2.828427, 3.4641016, 3.4641016, 3.8729835, 4.582576, 6.4807405]","[-7.0, -6.0, -5.5, -5.0, -4.0, -4.0, -3.5, -3.5, -3.5, -3.0, -3.0, -3.0, -2.5, -2.5, -2.0, -2.0, -2.0, -1.5, -1.5, -1.0]","[0.5, 0.5, 0.5, 1.0, 1.0]","[0.0, 0.0, 0.0, 0.0, 1.0]","[-7.0, -5.5, -4.0, -3.0, -2.5]","[2.5, 3.0, 4.5, 6.0, 7.0]","[2.236068, 2.4494898, 2.828427, 5.91608, 6.708204]","[-4.0, -0.5, 0.5, 2.0, 3.0]","[2.0, 5.0]","[0.0, 4.582576]","[0.5, 0.5]",3,0,2,0,1.5,0.0,1
226,7,2,0,"[0.0, 0.5, 2.0, 2.0, 2.5, 2.5, 2.5, 3.0, 6.0, 8.0]","[0.0, 0.0, 0.0, 0.0, 2.0, 2.0, 2.4494898, 3.0, 6.0, 7.937254]","[1.0, 1.0, 1.5, 3.0, 3.5, 3.5, 4.0]","[0.0, 0.0, 0.0, 1.0, 2.4494898, 2.828427, 4.0]","[-6.0, -4.5, -4.0, -3.0, -2.5, -2.0, -1.5]","[1.0, 1.0]","[0.0, 1.0]","[-4.5, -4.0]","[1.0, 1.0]","[0.0, 1.0]","[-4.5, -4.0]",[],[],[],2,0,0,1,0.0,2.0,1
7849,2,2,1,"[0.0, 0.5, 0.5, 1.0, 1.0, 2.0, 2.5, 2.5, 3.0, 5.0]","[0.0, 0.0, 0.0, 0.0, 0.0, 1.0, 1.7320508, 2.0, 2.236068, 4.8989797]","[2.5, 3.0]","[0.0, 3.0]","[-1.0, -1.0]","[2.5, 3.0]","[0.0, 3.0]","[-1.0, -1.0]","[2.0, 5.0]","[1.7320508, 4.8989797]","[0.0, 1.5]",[6.5],[6.4807405],[6.0],1,0,1,0,1.0,0.0,0
70222,3,2,1,"[0.5, 2.0, 2.0, 2.0, 2.0, 2.5, 2.5, 3.0, 3.5, 8.0]","[0.0, 0.0, 1.7320508, 1.7320508, 1.7320508, 1.7320508, 2.4494898, 2.4494898, 3.0, 8.0]","[3.0, 3.0, 3.5]","[0.0, 2.828427, 3.1622777]","[-3.5, -2.5, -2.5]","[3.0, 3.5]","[0.0, 3.1622777]","[-3.5, -2.5]","[5.5, 5.5]","[5.477226, 5.477226]","[1.0, 1.0]",[6.0],[5.91608],[5.0],1,0,1,0,1.0,0.0,0
28470,2,2,1,"[0.0, 0.5, 1.0, 1.0, 1.5, 1.5, 2.0, 2.5, 4.5, 7.5]","[0.0, 0.0, 0.0, 0.0, 0.0, 0.0, 0.0, 2.0, 3.7416575, 7.3484693]","[3.0, 4.0]","[2.828427, 3.4641016]","[-2.0, -1.5]","[3.0, 4.0]","[2.828427, 3.4641016]","[-2.0, -1.5]","[2.0, 3.5]","[1.7320508, 3.1622777]","[-1.0, -1.0]",[9.0],[9.0],[9.0],1,0,1,0,1.0,0.0,0
3291,2,2,1,"[1.0, 1.0, 1.5, 1.5, 2.0, 2.0, 2.5, 3.5, 4.5, 6.5]","[0.0, 0.0, 0.0, 1.4142135, 1.4142135, 1.7320508, 1.7320508, 3.4641016, 4.472136, 6.0]","[2.5, 4.0]","[2.0, 3.8729835]","[-2.5, -2.0]","[2.5, 4.0]","[2.0, 3.8729835]","[-2.5, -2.0]","[2.5, 6.5]","[0.0, 6.3245554]","[-1.0, 0.0]",[6.0],[5.656854],[2.5],1,0,1,0,1.0,0.0,0
985,4,3,2,"[0.5, 0.5, 0.5, 1.5, 1.5, 2.0, 3.0, 4.5, 4.5, 5.5]","[0.0, 0.0, 0.0, 0.0, 1.4142135, 1.7320508, 3.0, 4.2426405, 4.2426405, 4.8989797]","[1.0, 1.0, 2.0, 3.5]","[0.0, 0.0, 0.0, 3.1622777]","[-2.5, -2.5, -2.0, -1.0]","[1.0, 1.0, 2.0]","[0.0, 0.0, 0.0]","[-2.5, -2.5, -2.0]","[4.0, 4.5, 6.0]","[2.828427, 4.0, 5.196152]","[-1.5, 1.5, 3.0]","[2.5, 4.0]","[0.0, 4.0]","[-1.5, 1.0]",1,1,1,0,1.0,0.0,1
72979,2,1,1,"[0.0, 0.0, 0.5, 0.5, 2.0, 2.5, 3.0, 4.5, 5.5, 6.0]","[0.0, 0.0, 0.0, 0.0, 0.0, 0.0, 2.0, 4.472136, 5.477226, 5.656854]","[1.5, 4.0]","[0.0, 2.6457512]","[-5.5, -3.0]",[1.5],[0.0],[-5.5],[4.5],[3.7416575],[0.0],[4.5],[3.7416575],[0.0],0,1,0,0,0.0,0.0,0
514,2,2,1,"[0.0, 0.5, 0.5, 0.5, 0.5, 1.0, 2.0, 2.5, 4.5, 8.0]","[0.0, 0.0, 0.0, 0.0, 0.0, 0.0, 1.0, 1.7320508, 4.472136, 8.0]","[2.5, 4.5]","[2.0, 4.472136]","[-4.0, -2.0]","[2.5, 4.5]","[2.0, 4.472136]","[-4.0, -2.0]","[6.0, 7.0]","[5.196152, 7.0]","[0.0, 3.0]",[5.0],[4.8989797],[3.0],1,0,1,0,1.0,0.0,1
740,4,2,1,"[0.0, 0.5, 1.0, 1.0, 1.0, 2.0, 3.0, 3.0, 3.5, 3.5]","[0.0, 0.0, 0.0, 0.0, 0.0, 1.0, 1.0, 1.0, 1.7320508, 2.4494898]","[1.5, 1.5, 2.0, 5.5]","[0.0, 0.0, 0.0, 5.477226]","[-3.0, -2.0, -1.5, -1.0]","[1.5, 1.5]","[0.0, 0.0]","[-3.0, -2.0]","[2.5, 7.0]","[2.4494898, 6.708204]","[1.0, 6.0]",[5.5],[5.2915025],[5.0],1,0,1,0,1.0,0.0,1
78269,4,2,1,"[0.0, 1.0, 1.0, 1.0, 1.5, 2.0, 2.5, 3.5, 4.0, 4.0]","[0.0, 0.0, 0.0, 0.0, 1.0, 1.4142135, 1.7320508, 2.4494898, 3.8729835, 3.8729835]","[0.5, 2.0, 2.0, 2.5]","[0.0, 0.0, 1.7320508, 2.4494898]","[-3.0, -3.0, -2.5, -1.5]","[0.5, 2.0]","[0.0, 1.7320508]","[-3.0, -2.5]","[2.0, 2.0]","[0.0, 0.0]","[-1.0, -1.0]",[7.0],[7.0],[5.0],1,0,1,0,1.0,0.0,0
362,1,1,1,"[0.0, 0.5, 1.0, 1.5, 1.5, 2.0, 2.5, 3.0, 3.5, 7.0]","[0.0, 0.0, 0.0, 0.0, 0.0, 1.0, 1.4142135, 1.4142135, 2.0, 6.708204]",[4.5],[2.828427],[-3.5],[4.5],[2.828427],[-3.5],[1.5],[1.4142135],[-1.0],[1.5],[1.4142135],[-1.0],0,1,0,0,0.0,0.0,1
67,1,1,1,"[0.5, 0.5, 0.5, 0.5, 1.5, 2.0, 2.5, 3.5, 4.0, 4.5]","[0.0, 0.0, 0.0, 0.0, 0.0, 1.4142135, 2.0, 2.4494898, 4.0, 4.472136]",[3.0],[0.0],[-1.5],[3.0],[0.0],[-1.5],[3.5],[3.1622777],[3.0],[3.5],[3.1622777],[3.0],0,1,0,0,0.0,0.0,1
259,2,1,1,"[0.0, 0.5, 1.5, 2.0, 2.0, 2.0, 3.0, 3.0, 6.0, 8.0]","[0.0, 0.0, 0.0, 0.0, 1.4142135, 1.7320508, 2.236068, 2.236068, 5.656854, 7.937254]","[1.5, 2.5]","[0.0, 0.0]","[-6.0, -1.5]",[1.5],[0.0],[-6.0],[6.5],[6.4807405],[0.0],[6.5],[6.4807405],[0.0],0,1,0,0,0.0,0.0,1
940,1,1,1,"[0.5, 0.5, 1.0, 1.0, 1.5, 2.0, 2.0, 4.5, 7.0, 7.5]","[0.0, 0.0, 0.0, 0.0, 1.4142135, 1.7320508, 2.0, 4.2426405, 6.708204, 7.3484693]",[5.5],[5.2915025],[-3.5],[5.5],[5.2915025],[-3.5],[7.0],[6.708204],[1.5],[7.0],[6.708204],[1.5],0,1,0,0,0.0,0.0,1
92527,3,2,1,"[0.0, 0.0, 0.0, 0.5, 2.0, 2.5, 3.0, 4.0, 6.0, 8.0]","[0.0, 0.0, 0.0, 0.0, 2.0, 2.0, 2.828427, 3.8729835, 5.91608, 8.0]","[2.0, 2.5, 3.5]","[0.0, 1.7320508, 2.0]","[-3.0, -2.5, -2.5]","[2.0, 3.5]","[0.0, 1.7320508]","[-3.0, -2.5]","[2.5, 4.0]","[2.0, 3.4641016]","[-2.5, -1.0]",[5.0],[4.582576],[3.0],1,0,1,0,1.0,0.0,0
71136,3,2,2,"[0.0, 0.5, 1.0, 1.5, 1.5, 2.5, 3.0, 3.0, 3.0, 6.0]","[0.0, 0.0, 0.0, 0.0, 0.0, 0.0, 1.4142135, 1.4142135, 2.828427, 5.656854]","[1.0, 2.0, 5.5]","[0.0, 1.0, 5.477226]","[-5.0, -2.0, -1.5]","[1.0, 2.0]","[0.0, 1.0]","[-5.0, -2.0]","[5.0, 5.0]","[4.582576, 4.8989797]","[2.0, 4.5]","[5.0, 5.0]","[4.582576, 4.8989797]","[2.0, 4.5]",0,2,0,0,0.0,0.0,0
488,3,1,1,"[0.5, 0.5, 1.0, 1.5, 1.5, 2.0, 2.5, 4.5, 5.0, 5.5]","[0.0, 0.0, 0.0, 1.0, 1.4142135, 1.4142135, 1.7320508, 4.2426405, 4.582576, 5.2915025]","[1.5, 2.5, 3.5]","[1.4142135, 2.0, 3.4641016]","[-4.0, -3.5, -2.0]",[2.5],[2.0],[-4.0],[2.0],[0.0],[-1.0],[2.0],[0.0],[-1.0],0,1,0,0,0.0,0.0,1
35046,2,2,1,"[0.5, 0.5, 1.0, 1.5, 1.5, 2.5, 3.0, 3.5, 3.5, 6.0]","[0.0, 0.0, 0.0, 0.0, 0.0, 1.0, 1.4142135, 2.0, 3.4641016, 5.656854]","[2.5, 3.5]","[2.4494898, 3.1622777]","[-3.5, -3.0]","[2.5, 3.5]","[2.4494898, 3.1622777]","[-3.5, -3.0]","[2.0, 4.0]","[1.7320508, 3.4641016]","[-2.0, 2.0]",[7.0],[6.928203],[7.0],1,0,1,0,1.0,0.0,0
461,3,1,1,"[0.0, 0.0, 0.0, 0.5, 1.0, 2.0, 3.0, 3.5, 5.0, 6.5]","[0.0, 0.0, 0.0, 0.0, 0.0, 1.7320508, 2.828427, 3.1622777, 4.582576, 6.0]","[3.5, 4.0, 5.0]","[0.0, 0.0, 4.8989797]","[-2.5, -2.0, -1.5]",[5.0],[4.8989797],[-2.0],[2.5],[2.4494898],[-0.5],[2.5],[2.4494898],[-0.5],0,1,0,0,0.0,0.0,1
95843,3,2,2,"[0.0, 0.5, 0.5, 1.0, 1.0, 1.0, 2.5, 2.5, 5.0, 7.0]","[0.0, 0.0, 0.0, 0.0, 1.0, 1.0, 2.4494898, 2.4494898, 4.0, 7.0]","[2.5, 3.0, 5.5]","[0.0, 0.0, 5.2915025]","[-2.0, -2.0, -1.5]","[2.5, 3.0]","[0.0, 0.0]","[-2.0, -1.5]","[2.0, 6.0]","[0.0, 5.91608]","[0.5, 2.5]","[2.0, 6.0]","[0.0, 5.91608]","[0.5, 2.5]",0,2,0,0,0.0,0.0,0
560,6,2,2,"[0.0, 1.0, 1.0, 3.5, 3.5, 4.0, 4.0, 4.5, 6.0, 6.5]","[0.0, 0.0, 0.0, 0.0, 3.1622777, 3.4641016, 3.8729835, 4.472136, 5.91608, 6.4807405]","[1.5, 1.5, 2.0, 3.5, 4.0, 5.0]","[0.0, 1.4142135, 1.7320508, 3.4641016, 3.8729835, 4.8989797]","[-4.0, -3.5, -2.5, -1.5, -1.5, -1.5]","[1.5, 2.0]","[1.4142135, 1.7320508]","[-4.0, -2.5]","[4.0, 5.0]","[0.0, 4.0]","[-2.5, 0.5]","[4.0, 5.0]","[0.0, 4.0]","[-2.5, 0.5]",0,2,0,0,0.0,0.0,1
15187,1,1,1,"[0.0, 0.5, 0.5, 1.5, 1.5, 3.5, 3.5, 4.0, 4.5, 5.5]","[0.0, 0.0, 0.0, 0.0, 0.0, 0.0, 1.4142135, 3.1622777, 3.8729835, 5.2915025]",[1.5],[0.0],[-4.5],[1.5],[0.0],[-4.5],[5.0],[3.0],[2.5],[5.0],[3.0],[2.5],0,1,0,0,0.0,0.0,0
77,7,2,1,"[0.5, 1.0, 1.5, 1.5, 2.0, 3.5, 3.5, 5.5, 8.0, 9.0]","[0.0, 1.0, 1.4142135, 1.4142135, 1.7320508, 2.4494898, 2.4494898, 4.2426405, 7.937254, 9.0]","[2.5, 3.0, 3.0, 4.0, 5.5, 6.0, 7.0]","[2.0, 2.6457512, 3.0, 3.0, 4.8989797, 5.91608, 6.928203]","[-6.0, -6.0, -5.0, -2.0, -2.0, -2.0, -2.0]","[3.0, 3.0]","[3.0, 3.0]","[-6.0, -6.0]","[3.5, 6.0]","[2.4494898, 5.91608]","[-2.0, -2.0]",[4.5],[4.2426405],[0.0],1,0,1,0,1.0,0.0,1
27811,3,2,2,"[0.0, 0.0, 0.0, 0.5, 0.5, 2.0, 2.0, 2.0, 4.5, 5.0]","[0.0, 0.0, 0.0, 0.0, 0.0, 0.0, 0.0, 0.0, 2.0, 4.0]","[1.5, 2.0, 2.5]","[0.0, 1.4142135, 1.7320508]","[-4.5, -4.0, -3.5]","[1.5, 2.5]","[0.0, 1.4142135]","[-4.0, -3.5]","[4.5, 5.5]","[0.0, 5.477226]","[3.5, 4.5]","[4.5, 5.5]","[0.0, 5.477226]","[3.5, 4.5]",0,2,0,0,0.0,0.0,0
565,1,1,1,"[0.0, 0.5, 1.0, 1.5, 1.5, 1.5, 2.0, 2.0, 2.0, 3.0]","[0.0, 0.0, 0.0, 0.0, 0.0, 0.0, 1.4142135, 2.0, 2.0, 2.236068]",[1.0],[1.0],[-1.5],[1.0],[1.0],[-1.5],[5.0],[4.8989797],[4.5],[5.0],[4.8989797],[4.5],0,1,0,0,0.0,0.0,1
682,1,1,1,"[0.0, 0.5, 1.0, 1.0, 1.0, 2.0, 2.5, 3.0, 4.5, 5.5]","[0.0, 0.0, 0.0, 0.0, 0.0, 0.0, 0.0, 1.7320508, 4.472136, 5.477226]",[1.5],[0.0],[-2.0],[1.5],[0.0],[-2.0],[6.5],[6.4807405],[3.5],[6.5],[6.4807405],[3.5],0,1,0,0,0.0,0.0,1
29273,4,2,1,"[0.0, 1.5, 1.5, 2.0, 2.5, 2.5, 3.0, 4.0, 4.5, 6.5]","[0.0, 0.0, 1.4142135, 1.4142135, 1.7320508, 2.0, 2.236068, 3.8729835, 4.2426405, 6.3245554]","[1.5, 2.0, 5.0, 5.0]","[0.0, 0.0, 4.582576, 4.8989797]","[-3.0, -1.5, -1.5, -1.0]","[1.5, 2.0]","[0.0, 0.0]","[-3.0, -1.0]","[4.0, 5.0]","[3.8729835, 4.582576]","[-1.5, 0.0]",[6.0],[5.656854],[2.0],1,0,1,0,1.0,0.0,0
353,1,1,1,"[0.0, 0.0, 0.5, 1.0, 1.5, 2.0, 2.5, 2.5, 5.0, 6.0]","[0.0, 0.0, 0.0, 0.0, 1.0, 1.7320508, 2.4494898, 2.4494898, 4.0, 5.91608]",[4.0],[3.8729835],[-3.5],[4.0],[3.8729835],[-3.5],[7.5],[7.3484693],[4.0],[7.5],[7.3484693],[4.0],0,1,0,0,0.0,0.0,1
202,4,2,1,"[0.0, 0.5, 1.5, 2.0, 2.5, 3.0, 3.0, 4.0, 4.5, 8.0]","[0.0, 0.0, 0.0, 0.0, 2.236068, 2.236068, 2.4494898, 2.828427, 3.8729835, 7.937254]","[1.5, 3.0, 4.5, 5.0]","[0.0, 0.0, 2.828427, 4.8989797]","[-4.5, -2.5, -2.5, -2.0]","[1.5, 5.0]","[0.0, 4.8989797]","[-4.5, -2.5]","[3.0, 5.5]","[0.0, 4.8989797]","[-2.0, 1.0]",[4.5],[4.472136],[3.0],1,0,1,0,1.0,0.0,1
175,1,1,1,"[0.0, 0.0, 0.5, 0.5, 1.5, 2.5, 3.0, 3.5, 3.5, 3.5]","[0.0, 0.0, 0.0, 0.0, 0.0, 2.0, 2.236068, 2.4494898, 3.1622777, 3.4641016]",[3.5],[3.1622777],[-2.0],[3.5],[3.1622777],[-2.0],[3.5],[0.0],[2.5],[3.5],[0.0],[2.5],0,1,0,0,0.0,0.0,1
465,1,1,1,"[0.5, 1.0, 1.0, 1.0, 1.0, 1.0, 2.0, 2.5, 6.0, 8.0]","[0.0, 0.0, 0.0, 0.0, 0.0, 1.0, 1.0, 1.7320508, 6.0, 7.937254]",[5.0],[5.0],[-2.5],[5.0],[5.0],[-2.5],[6.0],[5.196152],[-0.5],[6.0],[5.196152],[-0.5],0,1,0,0,0.0,0.0,1
40145,2,2,1,"[0.0, 0.5, 1.0, 1.0, 2.0, 2.5, 3.0, 3.5, 3.5, 4.5]","[0.0, 0.0, 0.0, 1.0, 1.7320508, 2.0, 2.236068, 3.1622777, 3.4641016, 4.472136]","[1.0, 2.0]","[0.0, 2.0]","[-1.5, -1.5]","[1.0, 2.0]","[0.0, 2.0]","[-1.5, -1.5]","[2.0, 2.0]","[0.0, 0.0]","[-0.5, 0.0]",[7.5],[7.3484693],[6.5],1,0,1,0,1.0,0.0,0
97406,1,1,1,"[0.0, 0.0, 1.5, 1.5, 2.0, 2.0, 2.5, 3.0, 3.5, 4.5]","[0.0, 0.0, 0.0, 0.0, 1.4142135, 2.0, 2.236068, 2.4494898, 2.4494898, 4.2426405]",[1.5],[1.4142135],[-2.5],[1.5],[1.4142135],[-2.5],[8.5],[8.485281],[6.5],[8.5],[8.485281],[6.5],0,1,0,0,0.0,0.0,0
736,3,1,1,"[0.5, 1.0, 1.5, 1.5, 2.0, 2.5, 3.5, 3.5, 4.0, 7.0]","[0.0, 0.0, 0.0, 0.0, 0.0, 1.0, 1.7320508, 2.4494898, 4.0, 6.928203]","[2.5, 4.0, 4.0]","[0.0, 2.6457512, 3.4641016]","[-3.5, -3.0, -1.5]",[2.5],[0.0],[-3.0],[2.0],[0.0],[-1.5],[2.0],[0.0],[-1.5],0,1,0,0,0.0,0.0,1
69995,4,2,1,"[0.0, 1.0, 1.5, 1.5, 1.5, 2.0, 2.0, 2.5, 3.0, 7.0]","[0.0, 0.0, 0.0, 0.0, 0.0, 1.0, 1.4142135, 1.7320508, 2.236068, 6.708204]","[0.5, 2.0, 3.5, 4.0]","[0.0, 0.0, 0.0, 3.4641016]","[-5.5, -3.0, -1.5, -1.0]","[0.5, 3.5]","[0.0, 3.4641016]","[-5.5, -1.5]","[2.5, 3.0]","[0.0, 2.4494898]","[-1.5, -0.5]",[7.5],[7.3484693],[7.0],1,0,1,0,1.0,0.0,0
75173,2,2,1,"[0.0, 0.5, 1.0, 2.0, 2.5, 2.5, 2.5, 3.0, 3.0, 5.5]","[0.0, 0.0, 0.0, 0.0, 1.0, 1.7320508, 2.0, 2.236068, 2.828427, 5.477226]","[1.5, 3.0]","[0.0, 2.828427]","[-3.5, -2.0]","[1.5, 3.0]","[0.0, 2.828427]","[-3.5, -2.0]","[3.5, 4.5]","[0.0, 4.2426405]","[0.0, 1.0]",[7.0],[6.928203],[5.5],1,0,1,0,1.0,0.0,0
75886,2,2,2,"[0.0, 0.5, 1.0, 1.5, 1.5, 1.5, 2.0, 2.0, 4.5, 6.5]","[0.0, 0.0, 0.0, 0.0, 0.0, 0.0, 1.7320508, 1.7320508, 3.7416575, 6.4807405]","[1.5, 2.5]","[1.4142135, 2.4494898]","[-2.5, -1.5]","[1.5, 2.5]","[1.4142135, 2.4494898]","[-2.5, -1.5]","[6.0, 6.5]","[5.91608, 6.3245554]","[3.0, 6.5]","[6.0, 6.5]","[5.91608, 6.3245554]","[3.0, 6.5]",0,2,0,0,0.0,0.0,0
957,2,1,1,"[0.5, 0.5, 0.5, 1.0, 2.5, 2.5, 2.5, 4.0, 5.5, 8.0]","[0.0, 0.0, 0.0, 0.0, 0.0, 2.0, 2.0, 3.4641016, 5.2915025, 7.937254]","[2.0, 4.5]","[0.0, 4.2426405]","[-2.5, -2.0]",[2.0],[0.0],[-2.5],[3.0],[2.236068],[-1.5],[3.0],[2.236068],[-1.5],0,1,0,0,0.0,0.0,1
43473,1,1,1,"[0.0, 0.0, 1.0, 1.5, 1.5, 2.0, 2.5, 2.5, 3.0, 3.5]","[0.0, 0.0, 0.0, 0.0, 0.0, 1.4142135, 1.7320508, 2.236068, 2.4494898, 2.4494898]",[1.5],[0.0],[-2.0],[1.5],[0.0],[-2.0],[5.5],[5.477226],[4.5],[5.5],[5.477226],[4.5],0,1,0,0,0.0,0.0,0
702,2,1,1,"[0.0, 0.0, 0.0, 0.0, 0.5, 1.5, 2.5, 3.5, 4.5, 6.5]","[0.0, 0.0, 0.0, 0.0, 0.0, 0.0, 2.4494898, 2.4494898, 2.828427, 6.0]","[2.5, 6.5]","[2.0, 6.3245554]","[-3.0, -2.0]",[2.5],[2.0],[-3.0],[5.5],[5.477226],[5.0],[5.5],[5.477226],[5.0],0,1,0,0,0.0,0.0,1
13626,1,1,1,"[0.5, 1.0, 1.5, 1.5, 1.5, 2.0, 2.0, 3.5, 4.5, 6.0]","[0.0, 0.0, 0.0, 0.0, 0.0, 1.4142135, 2.0, 3.1622777, 3.7416575, 6.0]",[2.0],[0.0],[-2.0],[2.0],[0.0],[-2.0],[5.0],[3.0],[-0.5],[5.0],[3.0],[-0.5],0,1,0,0,0.0,0.0,0
347,5,2,1,"[0.5, 0.5, 1.0, 1.0, 1.0, 1.5, 2.0, 3.0, 4.0, 8.0]","[0.0, 0.0, 0.0, 0.0, 0.0, 1.0, 1.7320508, 2.828427, 3.8729835, 8.0]","[0.5, 1.5, 2.5, 3.0, 3.5]","[0.0, 0.0, 1.4142135, 2.0, 3.4641016]","[-5.0, -4.0, -3.0, -2.5, -2.0]","[0.5, 1.5]","[0.0, 1.4142135]","[-5.0, -4.0]","[7.5, 8.5]","[7.3484693, 8.485281]","[2.0, 3.0]",[2.5],[0.0],[-0.5],1,0,1,0,1.0,0.0,1
966,1,1,1,"[0.0, 1.0, 1.0, 1.0, 1.5, 2.0, 2.0, 2.5, 2.5, 5.5]","[0.0, 0.0, 0.0, 1.0, 1.0, 1.0, 1.7320508, 2.0, 2.0, 5.2915025]",[1.5],[1.4142135],[-4.0],[1.5],[1.4142135],[-4.0],[3.0],[0.0],[0.5],[3.0],[0.0],[0.5],0,1,0,0,0.0,0.0,1
51664,1,1,1,"[1.0, 1.0, 1.5, 1.5, 2.0, 2.0, 2.0, 3.0, 3.5, 3.5]","[0.0, 0.0, 0.0, 1.0, 1.4142135, 1.4142135, 1.7320508, 1.7320508, 2.236068, 2.4494898]",[4.0],[3.8729835],[-2.0],[4.0],[3.8729835],[-2.0],[8.0],[7.937254],[7.5],[8.0],[7.937254],[7.5],0,1,0,0,0.0,0.0,0
30636,2,2,1,"[0.0, 1.0, 1.5, 1.5, 1.5, 2.0, 4.0, 4.0, 4.0, 6.0]","[0.0, 0.0, 0.0, 1.0, 1.4142135, 2.0, 3.4641016, 3.4641016, 3.8729835, 5.196152]","[1.0, 3.0]","[0.0, 0.0]","[-2.0, -1.5]","[1.0, 3.0]","[0.0, 0.0]","[-2.0, -1.5]","[2.0, 3.0]","[1.7320508, 2.828427]","[-2.5, -0.5]",[6.5],[6.3245554],[4.5],1,0,1,0,1.0,0.0,0
476,3,1,1,"[0.5, 0.5, 1.5, 1.5, 1.5, 1.5, 2.0, 3.0, 4.0, 5.0]","[0.0, 0.0, 0.0, 0.0, 0.0, 1.4142135, 1.7320508, 2.236068, 2.6457512, 4.582576]","[2.0, 2.5, 3.5]","[0.0, 2.4494898, 2.4494898]","[-4.5, -3.0, -1.5]",[2.5],[2.4494898],[-4.5],[4.0],[2.6457512],[2.0],[4.0],[2.6457512],[2.0],0,1,0,0,0.0,0.0,1
35243,1,1,1,"[0.0, 1.0, 1.0, 2.0, 2.0, 2.5, 2.5, 3.0, 3.5, 4.5]","[0.0, 0.0, 0.0, 0.0, 0.0, 0.0, 0.0, 1.0, 3.1622777, 4.472136]",[0.5],[0.0],[-4.5],[0.5],[0.0],[-4.5],[5.0],[4.8989797],[5.0],[5.0],[4.8989797],[5.0],0,1,0,0,0.0,0.0,0
884,2,1,1,"[0.5, 1.0, 1.0, 1.5, 2.0, 2.0, 2.5, 2.5, 3.5, 6.0]","[0.0, 0.0, 0.0, 0.0, 0.0, 0.0, 1.4142135, 2.0, 3.4641016, 5.656854]","[1.0, 1.5]","[0.0, 0.0]","[-2.5, -1.0]",[1.0],[0.0],[-2.5],[6.0],[6.0],[0.0],[6.0],[6.0],[0.0],0,1,0,0,0.0,0.0,1
328,1,1,1,"[0.0, 0.0, 0.0, 1.0, 1.5, 1.5, 2.0, 2.0, 5.0, 6.0]","[0.0, 0.0, 0.0, 0.0, 0.0, 1.4142135, 1.7320508, 1.7320508, 4.8989797, 5.196152]",[5.0],[4.0],[-1.5],[5.0],[4.0],[-1.5],[6.5],[6.4807405],[2.0],[6.5],[6.4807405],[2.0],0,1,0,0,0.0,0.0,1
46424,2,2,2,"[0.0, 0.5, 1.0, 1.5, 1.5, 2.5, 2.5, 2.5, 5.0, 6.0]","[0.0, 0.0, 0.0, 0.0, 1.0, 1.4142135, 2.4494898, 2.4494898, 4.582576, 5.196152]","[1.0, 2.0]","[0.0, 1.7320508]","[-3.0, -1.0]","[1.0, 2.0]","[0.0, 1.7320508]","[-3.0, -1.0]","[5.0, 5.5]","[4.0, 5.2915025]","[-0.5, 3.0]","[5.0, 5.5]","[4.0, 5.2915025]","[-0.5, 3.0]",0,2,0,0,0.0,0.0,0
843,1,1,1,"[0.5, 1.0, 1.5, 1.5, 2.0, 2.0, 2.0, 2.5, 2.5, 5.5]","[0.0, 0.0, 0.0, 0.0, 1.4142135, 1.7320508, 1.7320508, 1.7320508, 2.0, 5.477226]",[0.5],[0.0],[-3.5],[0.5],[0.0],[-3.5],[2.0],[2.0],[1.5],[2.0],[2.0],[1.5],0,1,0,0,0.0,0.0,1
75320,2,2,1,"[0.0, 1.5, 1.5, 1.5, 2.5, 2.5, 2.5, 3.5, 4.0, 6.0]","[0.0, 0.0, 0.0, 0.0, 0.0, 2.4494898, 2.4494898, 3.4641016, 3.4641016, 5.91608]","[2.5, 3.5]","[2.0, 3.1622777]","[-3.0, -1.0]","[2.5, 3.5]","[2.0, 3.1622777]","[-3.0, -1.0]","[1.5, 2.0]","[0.0, 0.0]","[-1.5, -1.5]",[7.5],[7.483315],[5.0],1,0,1,0,1.0,0.0,0
390,1,1,1,"[0.0, 0.5, 1.0, 1.5, 2.5, 2.5, 2.5, 3.0, 4.0, 7.0]","[0.0, 0.0, 0.0, 0.0, 1.4142135, 2.0, 2.4494898, 2.4494898, 3.4641016, 6.928203]",[4.5],[4.472136],[-2.5],[4.5],[4.472136],[-2.5],[2.0],[0.0],[-2.0],[2.0],[0.0],[-2.0],0,1,0,0,0.0,0.0,1
412,1,1,1,"[0.0, 0.0, 1.0, 1.0, 1.5, 2.0, 2.5, 3.0, 3.5, 7.5]","[0.0, 0.0, 0.0, 0.0, 1.0, 1.4142135, 2.236068, 2.4494898, 3.1622777, 7.483315]",[3.0],[2.236068],[-2.0],[3.0],[2.236068],[-2.0],[7.0],[6.928203],[1.0],[7.0],[6.928203],[1.0],0,1,0,0,0.0,0.0,1
44294,2,2,1,"[0.0, 0.0, 0.5, 0.5, 1.0, 1.5, 2.0, 2.0, 3.5, 7.5]","[0.0, 0.0, 0.0, 0.0, 0.0, 0.0, 1.4142135, 2.0, 3.4641016, 7.3484693]","[1.0, 2.5]","[0.0, 2.0]","[-4.0, -2.5]","[1.0, 2.5]","[0.0, 2.0]","[-4.0, -2.5]","[3.0, 4.0]","[3.0, 3.8729835]","[-1.5, -0.5]",[8.5],[8.485281],[7.0],1,0,1,0,1.0,0.0,0
17866,1,1,1,"[1.0, 1.5, 2.0, 2.0, 2.0, 2.0, 2.5, 3.0, 3.5, 4.0]","[0.0, 0.0, 0.0, 0.0, 1.4142135, 1.7320508, 2.0, 2.0, 2.828427, 3.1622777]",[1.0],[1.0],[-4.0],[1.0],[1.0],[-4.0],[3.5],[0.0],[2.5],[3.5],[0.0],[2.5],0,1,0,0,0.0,0.0,0
99147,3,2,1,"[0.0, 1.0, 1.0, 1.5, 1.5, 2.5, 2.5, 4.0, 4.5, 7.0]","[0.0, 0.0, 0.0, 1.0, 1.4142135, 2.0, 2.0, 2.6457512, 4.472136, 6.928203]","[2.5, 3.5, 5.5]","[2.0, 2.4494898, 5.477226]","[-4.0, -2.5, -1.0]","[2.5, 5.5]","[2.0, 5.477226]","[-4.0, -1.0]","[4.0, 4.5]","[2.6457512, 3.7416575]","[-1.0, 0.0]",[7.5],[7.3484693],[5.0],1,0,1,0,1.0,0.0,0
772,2,1,1,"[0.5, 0.5, 0.5, 0.5, 0.5, 1.0, 3.5, 4.5, 5.0, 5.0]","[0.0, 0.0, 0.0, 0.0, 0.0, 1.0, 2.4494898, 4.2426405, 4.582576, 4.8989797]","[1.0, 2.5]","[0.0, 2.0]","[-4.0, -4.0]",[1.0],[0.0],[-4.0],[3.0],[2.828427],[-0.5],[3.0],[2.828427],[-0.5],0,1,0,0,0.0,0.0,1
166,1,1,1,"[0.0, 0.5, 0.5, 1.5, 1.5, 1.5, 2.0, 2.5, 2.5, 3.0]","[0.0, 0.0, 0.0, 0.0, 0.0, 1.4142135, 1.4142135, 2.0, 2.0, 2.236068]",[2.0],[1.7320508],[-2.5],[2.0],[1.7320508],[-2.5],[4.5],[0.0],[3.5],[4.5],[0.0],[3.5],0,1,0,0,0.0,0.0,1
2958,3,2,1,"[0.0, 1.0, 1.5, 1.5, 2.0, 3.0, 3.0, 4.0, 5.5, 7.0]","[0.0, 0.0, 1.4142135, 1.4142135, 1.7320508, 2.236068, 3.0, 3.8729835, 5.2915025, 6.928203]","[2.0, 3.5, 4.5]","[1.7320508, 2.4494898, 4.472136]","[-2.5, -2.5, -2.0]","[2.0, 4.5]","[1.7320508, 4.472136]","[-2.5, -2.0]","[3.0, 4.5]","[2.828427, 4.472136]","[-1.5, -1.0]",[7.5],[7.3484693],[4.5],1,0,1,0,1.0,0.0,0
13564,5,2,1,"[0.0, 0.0, 1.0, 1.0, 1.5, 2.0, 2.5, 2.5, 3.0, 7.0]","[0.0, 0.0, 0.0, 1.0, 1.4142135, 1.7320508, 2.4494898, 2.4494898, 3.0, 6.928203]","[2.0, 2.5, 2.5, 3.0, 4.5]","[0.0, 0.0, 0.0, 2.4494898, 3.7416575]","[-3.0, -2.5, -2.0, -1.5, -1.0]","[2.0, 2.5]","[0.0, 2.4494898]","[-3.0, -2.0]","[3.0, 4.5]","[0.0, 0.0]","[-2.5, 0.0]",[5.5],[4.2426405],[2.5],1,0,1,0,1.0,0.0,0
757,2,1,1,"[0.0, 0.0, 0.5, 1.0, 1.0, 2.0, 2.5, 2.5, 3.0, 8.5]","[0.0, 0.0, 0.0, 0.0, 0.0, 1.0, 1.0, 1.7320508, 2.236068, 8.485281]","[3.5, 6.0]","[0.0, 5.656854]","[-3.5, -1.0]",[3.5],[0.0],[-3.5],[6.0],[6.0],[1.5],[6.0],[6.0],[1.5],0,1,0,0,0.0,0.0,1
90307,2,2,1,"[0.5, 0.5, 0.5, 1.0, 1.5, 2.5, 2.5, 3.0, 3.5, 7.0]","[0.0, 0.0, 0.0, 0.0, 1.4142135, 2.0, 2.0, 2.828427, 3.1622777, 6.928203]","[2.0, 2.5]","[0.0, 0.0]","[-3.0, -2.5]","[2.0, 2.5]","[0.0, 0.0]","[-3.0, -2.5]","[1.5, 2.0]","[1.4142135, 1.7320508]","[-3.0, -1.0]",[7.5],[7.483315],[7.0],1,0,1,0,1.0,0.0,0
10292,2,2,1,"[0.0, 0.5, 0.5, 1.0, 1.0, 1.5, 2.0, 3.0, 3.5, 5.0]","[0.0, 0.0, 0.0, 0.0, 0.0, 0.0, 1.0, 1.0, 3.4641016, 4.8989797]","[0.5, 2.0]","[0.0, 0.0]","[-3.0, -2.0]","[0.5, 2.0]","[0.0, 0.0]","[-3.0, -2.0]","[3.0, 3.0]","[0.0, 0.0]","[-0.5, 0.0]",[8.0],[7.937254],[6.5],1,0,1,0,1.0,0.0,0
6965,3,2,1,"[0.5, 1.5, 1.5, 2.0, 2.5, 2.5, 3.5, 4.0, 4.0, 6.5]","[0.0, 0.0, 0.0, 1.4142135, 2.0, 2.0, 2.4494898, 2.6457512, 3.4641016, 6.3245554]","[2.5, 4.0, 5.5]","[0.0, 3.8729835, 5.2915025]","[-2.0, -2.0, -1.5]","[2.5, 4.0]","[0.0, 3.8729835]","[-2.0, -2.0]","[2.0, 5.5]","[1.7320508, 4.8989797]","[-2.5, 2.0]",[7.5],[7.483315],[6.0],1,0,1,0,1.0,0.0,0
94743,1,1,1,"[0.0, 0.5, 1.0, 1.0, 1.0, 3.0, 3.0, 3.5, 4.5, 6.0]","[0.0, 0.0, 0.0, 0.0, 1.0, 2.236068, 3.0, 3.4641016, 3.7416575, 5.656854]",[1.0],[0.0],[-5.0],[1.0],[0.0],[-5.0],[4.5],[0.0],[1.0],[4.5],[0.0],[1.0],0,1,0,0,0.0,0.0,0
74687,2,1,1,"[0.5, 1.5, 1.5, 2.0, 2.0, 2.5, 2.5, 2.5, 5.0, 6.5]","[0.0, 0.0, 1.4142135, 1.7320508, 2.0, 2.0, 2.0, 2.4494898, 3.0, 6.4807405]","[1.0, 1.5]","[0.0, 0.0]","[-5.0, -3.5]",[1.0],[0.0],[-5.0],[7.5],[7.3484693],[6.0],[7.5],[7.3484693],[6.0],0,1,0,0,0.0,0.0,0
74128,2,2,2,"[0.0, 0.5, 0.5, 0.5, 1.0, 1.5, 2.0, 3.5, 4.0, 6.0]","[0.0, 0.0, 0.0, 0.0, 0.0, 0.0, 0.0, 0.0, 0.0, 5.91608]","[2.5, 4.0]","[2.0, 3.8729835]","[-5.0, -1.5]","[2.5, 4.0]","[2.0, 3.8729835]","[-5.0, -1.5]","[3.5, 5.5]","[3.4641016, 5.2915025]","[3.0, 3.5]","[3.5, 5.5]","[3.4641016, 5.2915025]","[3.0, 3.5]",0,2,0,0,0.0,0.0,0
7815,3,1,1,"[0.5, 1.0, 1.5, 2.0, 2.5, 3.0, 3.0, 3.0, 3.5, 4.0]","[0.0, 0.0, 0.0, 0.0, 1.4142135, 1.7320508, 2.4494898, 2.828427, 3.4641016, 3.8729835]","[2.0, 3.5, 4.0]","[1.7320508, 3.1622777, 4.0]","[-2.0, -2.0, -1.0]",[2.0],[1.7320508],[-2.0],[7.5],[7.483315],[5.5],[7.5],[7.483315],[5.5],0,1,0,0,0.0,0.0,0
16076,2,1,1,"[0.0, 0.5, 1.5, 1.5, 2.0, 2.0, 3.0, 3.0, 5.5, 6.0]","[0.0, 0.0, 0.0, 0.0, 0.0, 1.4142135, 2.236068, 3.0, 5.2915025, 5.91608]","[3.5, 5.5]","[3.4641016, 5.477226]","[-2.5, -1.5]",[3.5],[3.4641016],[-2.5],[7.0],[7.0],[4.0],[7.0],[7.0],[4.0],0,1,0,0,0.0,0.0,0
41817,3,2,1,"[0.5, 0.5, 1.0, 1.0, 2.0, 2.0, 2.5, 2.5, 3.5, 8.0]","[0.0, 0.0, 0.0, 0.0, 1.0, 1.7320508, 2.0, 2.4494898, 2.4494898, 7.937254]","[1.5, 2.0, 5.5]","[0.0, 0.0, 5.2915025]","[-3.5, -2.5, -2.0]","[1.5, 2.0]","[0.0, 0.0]","[-3.5, -2.5]","[2.5, 7.5]","[0.0, 7.483315]","[-2.5, 2.5]",[8.0],[8.0],[6.0],1,0,1,0,1.0,0.0,0
574,8,3,2,"[0.0, 1.0, 1.0, 2.0, 2.5, 3.5, 5.0, 5.5, 6.5, 8.0]","[0.0, 0.0, 1.0, 1.7320508, 2.4494898, 2.4494898, 3.0, 5.2915025, 6.0, 7.937254]","[1.5, 1.5, 1.5, 2.0, 3.0, 4.0, 6.0, 6.5]","[0.0, 1.4142135, 1.4142135, 1.7320508, 2.6457512, 3.0, 5.656854, 6.4807405]","[-7.5, -6.0, -4.0, -4.0, -2.5, -2.5, -2.0, -1.5]","[1.5, 1.5, 2.0]","[1.4142135, 1.4142135, 1.7320508]","[-7.5, -6.0, -2.0]","[2.0, 3.0, 3.0]","[2.0, 3.0, 3.0]","[-2.5, -2.0, -2.0]","[2.0, 7.0]","[2.0, 6.708204]","[-2.0, 4.5]",1,1,1,0,1.0,0.0,1
896,1,1,1,"[0.0, 0.5, 0.5, 1.0, 2.0, 2.0, 2.5, 2.5, 2.5, 8.5]","[0.0, 0.0, 0.0, 0.0, 0.0, 0.0, 2.0, 2.0, 2.4494898, 8.485281]",[6.0],[5.656854],[-1.0],[6.0],[5.656854],[-1.0],[3.5],[2.4494898],[-0.5],[3.5],[2.4494898],[-0.5],0,1,0,0,0.0,0.0,1
83040,3,2,1,"[0.5, 0.5, 1.0, 1.0, 1.0, 2.0, 2.0, 3.0, 5.0, 7.0]","[0.0, 0.0, 0.0, 0.0, 0.0, 1.0, 1.0, 1.7320508, 4.8989797, 6.928203]","[1.0, 2.0, 3.5]","[0.0, 0.0, 0.0]","[-3.5, -2.5, -1.5]","[1.0, 2.0]","[0.0, 0.0]","[-3.5, -2.5]","[1.5, 3.5]","[0.0, 3.4641016]","[-2.0, -1.0]",[8.5],[8.485281],[7.5],1,0,1,0,1.0,0.0,0
245,4,1,1,"[1.0, 1.0, 1.0, 1.5, 1.5, 1.5, 2.0, 3.5, 4.0, 5.0]","[0.0, 0.0, 0.0, 0.0, 0.0, 0.0, 0.0, 1.4142135, 1.7320508, 3.0]","[3.0, 3.0, 3.5, 5.0]","[0.0, 2.236068, 2.828427, 4.0]","[-5.5, -3.0, -2.5, -1.0]",[3.0],[2.828427],[-5.5],[5.5],[5.2915025],[5.0],[5.5],[5.2915025],[5.0],0,1,0,0,0.0,0.0,1
846,1,1,1,"[0.0, 0.0, 0.5, 0.5, 1.0, 2.0, 2.5, 2.5, 4.0, 7.0]","[0.0, 0.0, 0.0, 0.0, 0.0, 1.0, 2.4494898, 2.4494898, 3.4641016, 7.0]",[1.5],[1.4142135],[-3.5],[1.5],[1.4142135],[-3.5],[3.0],[2.236068],[-1.5],[3.0],[2.236068],[-1.5],0,1,0,0,0.0,0.0,1
78614,2,2,2,"[0.5, 0.5, 1.0, 1.5, 2.5, 3.0, 3.0, 3.5, 3.5, 7.5]","[0.0, 0.0, 0.0, 0.0, 1.0, 2.236068, 2.4494898, 2.4494898, 3.4641016, 7.483315]","[2.5, 2.5]","[0.0, 2.4494898]","[-3.5, -1.0]","[2.5, 2.5]","[0.0, 2.4494898]","[-3.5, -1.0]","[4.5, 5.0]","[3.7416575, 4.582576]","[0.0, 2.0]","[4.5, 5.0]","[3.7416575, 4.582576]","[0.0, 2.0]",0,2,0,0,0.0,0.0,0
14796,1,1,1,"[0.0, 0.5, 1.5, 2.0, 3.0, 3.0, 3.0, 3.0, 4.0, 4.5]","[0.0, 0.0, 0.0, 0.0, 2.0, 2.6457512, 2.828427, 2.828427, 2.828427, 3.7416575]",[1.5],[0.0],[-1.0],[1.5],[0.0],[-1.0],[9.0],[9.0],[4.5],[9.0],[9.0],[4.5],0,1,0,0,0.0,0.0,0
42712,1,1,1,"[0.0, 1.0, 1.0, 1.0, 1.5, 2.0, 2.0, 2.0, 3.5, 6.5]","[0.0, 0.0, 0.0, 0.0, 0.0, 0.0, 1.7320508, 2.0, 3.1622777, 6.3245554]",[3.5],[2.4494898],[-1.5],[3.5],[2.4494898],[-1.5],[4.5],[3.7416575],[2.0],[4.5],[3.7416575],[2.0],0,1,0,0,0.0,0.0,0
14662,1,1,1,"[1.0, 1.0, 1.0, 1.5, 2.0, 2.0, 2.5, 3.5, 4.0, 4.0]","[0.0, 0.0, 1.0, 1.4142135, 1.7320508, 2.0, 2.0, 2.6457512, 3.1622777, 3.4641016]",[2.5],[2.4494898],[-1.5],[2.5],[2.4494898],[-1.5],[5.5],[4.2426405],[4.0],[5.5],[4.2426405],[4.0],0,1,0,0,0.0,0.0,0
58229,3,2,1,"[0.0, 0.0, 0.5, 0.5, 0.5, 1.5, 2.0, 2.0, 3.5, 6.0]","[0.0, 0.0, 0.0, 0.0, 0.0, 0.0, 0.0, 1.7320508, 2.4494898, 5.656854]","[1.0, 3.5, 4.0]","[0.0, 2.6457512, 3.4641016]","[-3.5, -1.5, -1.5]","[1.0, 3.5]","[0.0, 3.4641016]","[-3.5, -1.5]","[4.0, 4.0]","[2.6457512, 3.8729835]","[-1.5, 1.5]",[9.0],[9.0],[7.0],1,0,1,0,1.0,0.0,0
7414,3,1,1,"[0.5, 1.5, 1.5, 1.5, 1.5, 1.5, 2.0, 2.5, 4.0, 5.5]","[0.0, 0.0, 0.0, 0.0, 0.0, 1.4142135, 1.7320508, 2.0, 2.6457512, 4.2426405]","[2.5, 4.0, 5.0]","[2.0, 3.8729835, 4.0]","[-4.0, -3.5, -1.0]",[4.0],[3.8729835],[-4.0],[5.5],[4.8989797],[4.0],[5.5],[4.8989797],[4.0],0,1,0,0,0.0,0.0,0
78887,2,2,1,"[0.0, 0.0, 0.5, 1.0, 1.0, 1.5, 2.0, 2.5, 3.0, 6.0]","[0.0, 0.0, 0.0, 0.0, 0.0, 1.0, 1.4142135, 1.7320508, 2.4494898, 5.91608]","[2.0, 2.5]","[0.0, 0.0]","[-1.5, -1.5]","[2.0, 2.5]","[0.0, 0.0]","[-1.5, -1.5]","[2.0, 6.0]","[2.0, 5.656854]","[-1.5, 3.0]",[6.0],[5.656854],[5.5],1,0,1,0,1.0,0.0,0
18622,3,2,1,"[0.5, 0.5, 0.5, 1.0, 1.0, 3.5, 3.5, 4.0, 5.0, 6.0]","[0.0, 0.0, 0.0, 0.0, 0.0, 0.0, 3.4641016, 3.4641016, 4.0, 5.91608]","[2.0, 2.0, 2.5]","[0.0, 1.7320508, 2.0]","[-5.0, -2.5, -1.0]","[2.0, 2.0]","[0.0, 1.7320508]","[-2.5, -1.0]","[0.5, 0.5]","[0.0, 0.0]","[-3.0, -2.0]",[4.0],[3.8729835],[4.0],1,0,1,0,1.0,0.0,0
174,4,2,1,"[0.0, 0.0, 0.5, 0.5, 1.5, 1.5, 2.0, 4.5, 5.0, 6.0]","[0.0, 0.0, 0.0, 0.0, 1.4142135, 1.4142135, 2.0, 2.828427, 4.0, 6.0]","[2.5, 2.5, 2.5, 5.5]","[0.0, 0.0, 2.0, 5.2915025]","[-4.5, -4.5, -2.5, -1.0]","[2.5, 2.5]","[0.0, 2.0]","[-4.5, -4.5]","[5.5, 6.0]","[5.2915025, 5.656854]","[2.0, 2.0]",[8.5],[8.485281],[7.0],1,0,1,0,1.0,0.0,1
61008,2,1,1,"[0.0, 0.5, 0.5, 1.0, 2.0, 2.0, 3.5, 4.0, 4.5, 5.5]","[0.0, 0.0, 0.0, 1.0, 1.7320508, 2.0, 3.4641016, 3.4641016, 4.472136, 5.2915025]","[2.0, 2.5]","[2.0, 2.0]","[-3.5, -3.0]",[2.0],[2.0],[-3.5],[9.0],[9.0],[5.5],[9.0],[9.0],[5.5],0,1,0,0,0.0,0.0,0
794,2,2,0,"[0.0, 0.5, 1.0, 1.5, 1.5, 2.0, 2.0, 3.5, 6.0, 7.0]","[0.0, 0.0, 0.0, 0.0, 1.4142135, 1.7320508, 2.0, 2.4494898, 5.91608, 6.928203]","[3.0, 4.5]","[2.828427, 4.472136]","[-3.5, -2.0]","[3.0, 4.5]","[2.828427, 4.472136]","[-3.5, -2.0]","[3.0, 4.5]","[2.828427, 4.472136]","[-3.5, -2.0]",[],[],[],2,0,0,1,0.0,2.0,1
67732,1,1,1,"[0.5, 1.0, 1.5, 2.5, 2.5, 3.0, 3.0, 4.0, 4.5, 6.0]","[0.0, 0.0, 0.0, 0.0, 1.4142135, 2.4494898, 2.828427, 2.828427, 3.4641016, 5.91608]",[5.0],[4.8989797],[-1.5],[5.0],[4.8989797],[-1.5],[4.5],[0.0],[1.0],[4.5],[0.0],[1.0],0,1,0,0,0.0,0.0,0
12853,2,2,1,"[0.5, 0.5, 0.5, 1.0, 2.0, 2.0, 2.0, 3.0, 3.5, 7.5]","[0.0, 0.0, 0.0, 0.0, 0.0, 0.0, 1.7320508, 1.7320508, 3.0, 7.483315]","[1.0, 2.0]","[0.0, 0.0]","[-3.5, -2.0]","[1.0, 2.0]","[0.0, 0.0]","[-3.5, -2.0]","[2.5, 4.5]","[2.0, 4.2426405]","[-3.0, -0.5]",[7.5],[7.3484693],[4.5],1,0,1,0,1.0,0.0,0
836,1,1,1,"[0.0, 0.5, 0.5, 1.0, 1.0, 1.5, 2.5, 3.0, 4.0, 5.0]","[0.0, 0.0, 0.0, 0.0, 0.0, 0.0, 0.0, 1.4142135, 2.236068, 4.8989797]",[3.5],[3.4641016],[-3.0],[3.5],[3.4641016],[-3.0],[5.0],[4.8989797],[4.5],[5.0],[4.8989797],[4.5],0,1,0,0,0.0,0.0,1
474,2,1,1,"[0.0, 0.5, 1.0, 1.0, 2.0, 3.0, 3.0, 3.5, 4.0, 4.5]","[0.0, 0.0, 0.0, 0.0, 0.0, 1.0, 2.236068, 3.1622777, 3.4641016, 3.7416575]","[2.0, 3.5]","[0.0, 2.4494898]","[-2.5, -2.5]",[3.5],[2.4494898],[-2.5],[3.0],[3.0],[1.0],[3.0],[3.0],[1.0],0,1,0,0,0.0,0.0,1
13621,5,2,2,"[0.0, 0.5, 0.5, 1.0, 1.0, 2.5, 2.5, 3.5, 3.5, 5.0]","[0.0, 0.0, 0.0, 0.0, 0.0, 0.0, 0.0, 2.4494898, 3.4641016, 4.8989797]","[1.0, 2.0, 2.0, 2.5, 4.0]","[0.0, 1.7320508, 1.7320508, 2.0, 3.8729835]","[-3.0, -3.0, -1.5, -1.5, -1.0]","[1.0, 2.0]","[0.0, 1.7320508]","[-3.0, -1.0]","[5.0, 7.0]","[3.0, 6.708204]","[3.5, 5.0]","[5.0, 7.0]","[3.0, 6.708204]","[3.5, 5.0]",0,2,0,0,0.0,0.0,0
54484,3,2,2,"[0.5, 1.5, 1.5, 2.0, 2.5, 2.5, 3.0, 3.5, 4.0, 7.0]","[0.0, 0.0, 0.0, 0.0, 1.4142135, 1.4142135, 2.0, 2.6457512, 3.1622777, 7.0]","[1.0, 2.5, 4.0]","[0.0, 2.0, 3.4641016]","[-3.0, -2.0, -1.5]","[1.0, 2.5]","[0.0, 2.0]","[-3.0, -2.0]","[7.0, 7.0]","[6.708204, 6.708204]","[3.5, 6.0]","[7.0, 7.0]","[6.708204, 6.708204]","[3.5, 6.0]",0,2,0,0,0.0,0.0,0
508,2,1,1,"[0.5, 1.0, 1.0, 1.0, 1.5, 2.0, 2.5, 3.5, 3.5, 7.5]","[0.0, 0.0, 0.0, 0.0, 0.0, 1.0, 1.7320508, 2.4494898, 3.1622777, 7.483315]","[0.5, 2.5]","[0.0, 0.0]","[-4.5, -2.0]",[0.5],[0.0],[-4.5],[5.5],[5.477226],[-0.5],[5.5],[5.477226],[-0.5],0,1,0,0,0.0,0.0,1
430,3,1,1,"[0.5, 0.5, 0.5, 0.5, 1.0, 1.5, 1.5, 3.0, 3.5, 7.5]","[0.0, 0.0, 0.0, 0.0, 0.0, 0.0, 1.0, 1.4142135, 2.828427, 7.3484693]","[0.5, 2.0, 5.5]","[0.0, 1.7320508, 5.477226]","[-3.0, -2.5, -1.0]",[0.5],[0.0],[-3.0],[6.5],[6.4807405],[1.0],[6.5],[6.4807405],[1.0],0,1,0,0,0.0,0.0,1
333,3,1,1,"[1.0, 1.0, 1.5, 2.0, 2.0, 3.0, 3.0, 3.5, 3.5, 4.0]","[0.0, 0.0, 1.0, 1.0, 1.4142135, 2.0, 2.236068, 2.4494898, 2.4494898, 2.828427]","[1.0, 2.0, 2.5]","[0.0, 0.0, 1.7320508]","[-6.0, -4.5, -2.5]",[1.0],[0.0],[-6.0],[2.5],[2.4494898],[2.0],[2.5],[2.4494898],[2.0],0,1,0,0,0.0,0.0,1
9730,2,2,1,"[0.0, 0.5, 0.5, 1.0, 1.5, 1.5, 2.5, 3.5, 3.5, 6.0]","[0.0, 0.0, 0.0, 0.0, 0.0, 1.4142135, 2.4494898, 2.4494898, 2.4494898, 5.91608]","[1.5, 3.0]","[0.0, 0.0]","[-3.5, -1.5]","[1.5, 3.0]","[0.0, 0.0]","[-3.5, -1.5]","[1.0, 7.5]","[1.0, 7.3484693]","[-2.5, 4.5]",[3.0],[2.828427],[2.5],1,0,1,0,1.0,0.0,0
4238,2,2,1,"[0.0, 0.5, 1.0, 1.5, 1.5, 1.5, 1.5, 4.5, 5.0, 5.5]","[0.0, 0.0, 0.0, 1.0, 1.4142135, 1.4142135, 1.4142135, 4.2426405, 5.0, 5.477226]","[1.0, 2.0]","[1.0, 2.0]","[-3.0, -2.0]","[1.0, 2.0]","[1.0, 2.0]","[-3.0, -2.0]","[3.5, 8.5]","[0.0, 8.485281]","[-2.0, 6.0]",[5.0],[4.582576],[2.0],1,0,1,0,1.0,0.0,0
78191,2,2,1,"[0.5, 1.0, 2.0, 2.0, 2.0, 2.0, 2.5, 3.0, 3.0, 7.0]","[0.0, 0.0, 0.0, 0.0, 1.7320508, 1.7320508, 1.7320508, 1.7320508, 2.828427, 6.928203]","[2.5, 3.0]","[2.0, 2.236068]","[-3.0, -2.0]","[2.5, 3.0]","[2.0, 2.236068]","[-3.0, -2.0]","[3.5, 7.0]","[3.4641016, 6.708204]","[-1.5, 3.5]",[4.5],[2.828427],[3.0],1,0,1,0,1.0,0.0,0
542,1,1,1,"[0.0, 0.5, 0.5, 1.0, 1.0, 2.0, 2.5, 3.0, 4.5, 6.5]","[0.0, 0.0, 0.0, 0.0, 1.0, 1.7320508, 2.0, 2.236068, 4.2426405, 6.4807405]",[2.5],[0.0],[-1.0],[2.5],[0.0],[-1.0],[4.0],[3.8729835],[2.0],[4.0],[3.8729835],[2.0],0,1,0,0,0.0,0.0,1
19532,5,2,1,"[0.0, 0.5, 0.5, 1.0, 1.5, 2.0, 2.0, 2.5, 5.0, 6.0]","[0.0, 0.0, 0.0, 0.0, 0.0, 0.0, 1.0, 1.7320508, 4.8989797, 5.656854]","[0.5, 1.5, 1.5, 2.0, 4.5]","[0.0, 0.0, 0.0, 1.4142135, 3.7416575]","[-4.5, -4.0, -4.0, -2.0, -1.0]","[0.5, 1.5]","[0.0, 1.4142135]","[-4.5, -2.0]","[2.0, 4.5]","[0.0, 2.828427]","[0.0, 0.5]",[9.0],[9.0],[9.0],1,0,1,0,1.0,0.0,0
85007,2,2,1,"[0.0, 0.5, 0.5, 0.5, 1.5, 1.5, 2.0, 2.0, 3.0, 4.0]","[0.0, 0.0, 0.0, 0.0, 0.0, 1.4142135, 1.4142135, 2.0, 3.0, 4.0]","[1.0, 2.0]","[0.0, 1.7320508]","[-1.5, -1.0]","[1.0, 2.0]","[0.0, 1.7320508]","[-1.5, -1.0]","[1.0, 3.5]","[0.0, 2.4494898]","[-1.0, 1.0]",[7.5],[7.3484693],[7.0],1,0,1,0,1.0,0.0,0
60731,2,2,1,"[0.5, 0.5, 0.5, 1.0, 1.5, 1.5, 2.5, 4.5, 5.0, 7.0]","[0.0, 0.0, 0.0, 0.0, 0.0, 1.4142135, 2.4494898, 4.2426405, 4.8989797, 6.928203]","[0.5, 2.0]","[0.0, 1.7320508]","[-6.5, -3.0]","[0.5, 2.0]","[0.0, 1.7320508]","[-6.5, -3.0]","[3.0, 6.0]","[2.236068, 5.196152]","[-1.5, -1.0]",[5.5],[4.2426405],[1.0],1,0,1,0,1.0,0.0,0
89510,4,2,2,"[0.0, 0.0, 1.0, 2.0, 2.0, 2.0, 2.5, 2.5, 4.0, 8.0]","[0.0, 0.0, 0.0, 0.0, 0.0, 0.0, 2.0, 2.0, 2.6457512, 7.937254]","[1.0, 2.0, 2.0, 3.0]","[0.0, 0.0, 1.0, 1.7320508]","[-3.5, -2.5, -2.0, -1.0]","[1.0, 2.0]","[1.0, 1.7320508]","[-2.5, -2.0]","[2.5, 5.5]","[0.0, 4.8989797]","[-2.0, 4.5]","[2.5, 5.5]","[0.0, 4.8989797]","[-2.0, 4.5]",0,2,0,0,0.0,0.0,0
80944,2,1,1,"[0.0, 0.0, 1.0, 1.5, 1.5, 3.0, 3.0, 3.0, 4.0, 4.5]","[0.0, 0.0, 0.0, 0.0, 0.0, 0.0, 1.4142135, 1.4142135, 4.0, 4.2426405]","[1.0, 2.5]","[1.0, 2.4494898]","[-5.0, -3.5]",[1.0],[1.0],[-5.0],[6.0],[5.656854],[4.5],[6.0],[5.656854],[4.5],0,1,0,0,0.0,0.0,0
20552,1,1,1,"[0.0, 0.0, 0.0, 1.5, 2.0, 3.0, 3.0, 3.5, 3.5, 5.5]","[0.0, 0.0, 0.0, 0.0, 0.0, 2.236068, 2.236068, 3.4641016, 3.4641016, 4.2426405]",[4.5],[2.828427],[-2.0],[4.5],[2.828427],[-2.0],[4.5],[4.2426405],[2.0],[4.5],[4.2426405],[2.0],0,1,0,0,0.0,0.0,0
393,4,2,2,"[1.0, 1.0, 1.0, 1.5, 1.5, 1.5, 3.0, 4.5, 5.5, 6.0]","[0.0, 0.0, 0.0, 0.0, 0.0, 1.0, 2.236068, 4.472136, 5.2915025, 6.0]","[1.5, 2.0, 3.0, 3.5]","[0.0, 1.7320508, 2.4494898, 2.828427]","[-2.5, -2.0, -2.0, -1.0]","[1.5, 2.0]","[0.0, 1.7320508]","[-2.5, -2.0]","[1.5, 5.0]","[0.0, 4.582576]","[-2.0, 3.0]","[1.5, 5.0]","[0.0, 4.582576]","[-2.0, 3.0]",0,2,0,0,0.0,0.0,1
9367,3,2,1,"[1.0, 1.0, 1.5, 2.5, 2.5, 2.5, 3.0, 3.5, 5.5, 6.0]","[0.0, 0.0, 0.0, 1.0, 1.4142135, 2.0, 2.0, 2.4494898, 4.2426405, 5.196152]","[2.5, 2.5, 3.0]","[0.0, 0.0, 2.4494898]","[-3.0, -2.5, -2.5]","[2.5, 2.5]","[0.0, 2.4494898]","[-3.0, -2.5]","[2.5, 7.0]","[2.4494898, 6.928203]","[-2.0, 4.0]",[7.5],[7.3484693],[6.0],1,0,1,0,1.0,0.0,0
19765,1,1,1,"[1.0, 1.0, 1.0, 1.0, 1.5, 1.5, 2.0, 3.0, 4.5, 7.0]","[0.0, 0.0, 0.0, 0.0, 0.0, 0.0, 1.4142135, 1.7320508, 4.472136, 7.0]",[1.0],[0.0],[-2.5],[1.0],[0.0],[-2.5],[7.5],[7.3484693],[5.0],[7.5],[7.3484693],[5.0],0,1,0,0,0.0,0.0,0
23345,3,2,1,"[0.0, 0.0, 1.0, 1.5, 1.5, 2.0, 2.0, 3.5, 6.5, 7.5]","[0.0, 0.0, 0.0, 0.0, 1.4142135, 1.4142135, 2.0, 3.4641016, 6.4807405, 7.3484693]","[1.0, 3.5, 3.5]","[0.0, 0.0, 3.1622777]","[-4.5, -1.5, -1.0]","[1.0, 3.5]","[0.0, 3.1622777]","[-4.5, -1.0]","[4.0, 4.5]","[2.6457512, 4.472136]","[-2.5, 0.5]",[7.5],[7.3484693],[4.5],1,0,1,0,1.0,0.0,0
997,1,1,1,"[0.5, 1.0, 1.0, 2.0, 3.0, 3.5, 4.0, 4.0, 4.0, 4.5]","[0.0, 0.0, 0.0, 0.0, 0.0, 2.6457512, 2.828427, 3.8729835, 3.8729835, 4.2426405]",[4.5],[4.2426405],[-2.0],[4.5],[4.2426405],[-2.0],[1.5],[0.0],[0.0],[1.5],[0.0],[0.0],0,1,0,0,0.0,0.0,1
18578,6,2,1,"[0.0, 0.5, 1.0, 2.0, 2.5, 3.0, 3.5, 4.0, 6.0, 9.0]","[0.0, 0.0, 0.0, 0.0, 1.7320508, 2.4494898, 2.4494898, 4.0, 5.91608, 9.0]","[3.0, 3.0, 3.5, 4.0, 4.0, 4.5]","[0.0, 0.0, 0.0, 2.828427, 3.0, 4.2426405]","[-5.0, -4.5, -3.5, -3.5, -2.0, -1.0]","[3.0, 4.5]","[2.828427, 4.2426405]","[-5.0, -2.0]","[3.5, 4.0]","[0.0, 0.0]","[-3.5, -2.5]",[8.0],[7.937254],[3.5],1,0,1,0,1.0,0.0,0
563,4,2,2,"[0.5, 1.0, 1.0, 1.0, 2.5, 3.0, 5.5, 5.5, 6.5, 6.5]","[0.0, 0.0, 0.0, 0.0, 2.0, 2.828427, 4.8989797, 5.477226, 6.3245554, 6.4807405]","[3.0, 3.5, 3.5, 4.5]","[2.236068, 3.4641016, 3.4641016, 3.7416575]","[-3.0, -3.0, -2.0, -1.5]","[3.0, 3.5]","[2.236068, 3.4641016]","[-3.0, -2.0]","[4.5, 5.5]","[0.0, 5.2915025]","[0.0, 0.5]","[4.5, 5.5]","[0.0, 5.2915025]","[0.0, 0.5]",0,2,0,0,0.0,0.0,1
86302,2,1,1,"[1.5, 2.0, 2.0, 2.5, 3.0, 3.0, 3.0, 3.5, 4.5, 4.5]","[0.0, 0.0, 0.0, 1.4142135, 1.7320508, 1.7320508, 2.4494898, 2.828427, 3.4641016, 3.7416575]","[2.0, 3.5]","[0.0, 0.0]","[-3.0, -3.0]",[2.0],[0.0],[-3.0],[4.5],[2.828427],[3.5],[4.5],[2.828427],[3.5],0,1,0,0,0.0,0.0,0
770,3,1,1,"[0.0, 0.0, 0.5, 1.0, 1.5, 2.0, 2.5, 3.0, 3.5, 4.5]","[0.0, 0.0, 0.0, 0.0, 0.0, 0.0, 0.0, 1.4142135, 2.4494898, 4.472136]","[1.5, 1.5, 4.0]","[0.0, 1.4142135, 3.8729835]","[-4.5, -2.0, -1.5]",[1.5],[1.4142135],[-4.5],[0.5],[0.0],[0.0],[0.5],[0.0],[0.0],0,1,0,0,0.0,0.0,1
97,3,2,1,"[0.5, 1.0, 1.0, 1.0, 1.5, 2.5, 2.5, 5.0, 6.5, 7.0]","[0.0, 0.0, 0.0, 0.0, 1.0, 1.4142135, 2.4494898, 5.0, 6.4807405, 6.928203]","[1.5, 1.5, 3.5]","[0.0, 1.4142135, 3.4641016]","[-5.0, -4.0, -2.0]","[1.5, 3.5]","[1.4142135, 3.4641016]","[-4.0, -2.0]","[6.5, 8.0]","[6.4807405, 7.937254]","[0.0, 4.0]",[5.5],[5.477226],[2.0],1,0,1,0,1.0,0.0,1
46966,2,1,1,"[0.5, 1.0, 1.0, 1.5, 1.5, 2.0, 2.0, 2.5, 4.0, 5.0]","[0.0, 0.0, 0.0, 1.0, 1.4142135, 1.7320508, 2.0, 2.0, 3.4641016, 4.0]","[1.5, 2.5]","[0.0, 0.0]","[-4.0, -2.0]",[1.5],[0.0],[-4.0],[6.0],[5.656854],[4.5],[6.0],[5.656854],[4.5],0,1,0,0,0.0,0.0,0
771,1,1,1,"[0.0, 0.5, 1.5, 1.5, 2.0, 2.5, 2.5, 4.0, 4.5, 5.5]","[0.0, 0.0, 0.0, 1.4142135, 1.4142135, 2.0, 2.4494898, 2.6457512, 4.472136, 5.2915025]",[1.5],[0.0],[-4.0],[1.5],[0.0],[-4.0],[3.0],[0.0],[-1.5],[3.0],[0.0],[-1.5],0,1,0,0,0.0,0.0,1
56137,3,2,1,"[0.0, 1.0, 1.0, 2.0, 2.5, 2.5, 2.5, 3.0, 3.5, 6.0]","[0.0, 0.0, 0.0, 0.0, 0.0, 1.0, 1.7320508, 2.4494898, 2.4494898, 6.0]","[1.0, 1.5, 3.5]","[0.0, 1.0, 3.4641016]","[-4.5, -2.0, -2.0]","[1.0, 1.5]","[0.0, 1.0]","[-4.5, -2.0]","[1.5, 2.0]","[0.0, 0.0]","[-2.0, -1.0]",[5.5],[5.2915025],[5.0],1,0,1,0,1.0,0.0,0
141,2,1,1,"[0.0, 0.5, 0.5, 1.0, 2.0, 2.0, 2.0, 2.5, 4.0, 4.5]","[0.0, 0.0, 0.0, 0.0, 0.0, 0.0, 1.0, 2.0, 2.0, 2.6457512]","[1.5, 4.0]","[0.0, 0.0]","[-4.0, -1.5]",[1.5],[0.0],[-4.0],[5.0],[3.0],[4.0],[5.0],[3.0],[4.0],0,1,0,0,0.0,0.0,1
413,1,1,1,"[0.5, 0.5, 1.0, 1.5, 2.0, 2.0, 2.5, 3.5, 4.0, 6.5]","[0.0, 0.0, 0.0, 0.0, 0.0, 1.7320508, 1.7320508, 2.4494898, 3.8729835, 6.3245554]",[4.5],[3.7416575],[-1.0],[4.5],[3.7416575],[-1.0],[3.0],[3.0],[0.0],[3.0],[3.0],[0.0],0,1,0,0,0.0,0.0,1
96171,2,2,2,"[0.0, 0.5, 0.5, 1.0, 1.5, 2.0, 2.5, 4.5, 5.0, 5.5]","[0.0, 0.0, 0.0, 0.0, 0.0, 0.0, 2.0, 3.7416575, 4.582576, 5.477226]","[2.5, 3.5]","[2.4494898, 3.1622777]","[-2.5, -1.5]","[2.5, 3.5]","[2.4494898, 3.1622777]","[-2.5, -1.5]","[5.0, 5.5]","[4.582576, 5.2915025]","[2.5, 4.5]","[5.0, 5.5]","[4.582576, 5.2915025]","[2.5, 4.5]",0,2,0,0,0.0,0.0,0
10,2,1,1,"[0.0, 0.0, 0.5, 1.0, 1.0, 1.0, 2.0, 2.0, 5.0, 5.5]","[0.0, 0.0, 0.0, 0.0, 0.0, 0.0, 1.0, 2.0, 4.8989797, 5.2915025]","[1.5, 2.5]","[0.0, 1.4142135]","[-3.0, -2.0]",[1.5],[1.4142135],[-3.0],[5.0],[5.0],[2.0],[5.0],[5.0],[2.0],0,1,0,0,0.0,0.0,1
200,1,1,1,"[0.5, 1.0, 2.0, 2.0, 2.5, 3.5, 3.5, 4.0, 4.0, 5.5]","[0.0, 0.0, 0.0, 0.0, 0.0, 1.7320508, 1.7320508, 3.4641016, 3.8729835, 4.2426405]",[2.0],[1.7320508],[-4.0],[2.0],[1.7320508],[-4.0],[3.5],[2.4494898],[0.5],[3.5],[2.4494898],[0.5],0,1,0,0,0.0,0.0,1
286,3,1,1,"[0.0, 0.0, 0.5, 1.0, 1.5, 2.0, 2.5, 2.5, 3.0, 6.0]","[0.0, 0.0, 0.0, 0.0, 0.0, 0.0, 1.0, 1.4142135, 1.7320508, 5.656854]","[2.5, 3.0, 3.5]","[2.236068, 2.4494898, 2.4494898]","[-4.5, -3.0, -2.0]",[2.5],[2.4494898],[-4.5],[1.5],[0.0],[-0.5],[1.5],[0.0],[-0.5],0,1,0,0,0.0,0.0,1
28345,3,2,1,"[0.0, 0.0, 0.5, 1.0, 1.5, 2.0, 2.5, 3.5, 3.5, 5.5]","[0.0, 0.0, 0.0, 0.0, 0.0, 1.4142135, 2.0, 2.4494898, 3.1622777, 5.477226]","[1.5, 2.0, 4.0]","[0.0, 0.0, 4.0]","[-4.5, -1.5, -1.5]","[1.5, 2.0]","[0.0, 0.0]","[-4.5, -1.5]","[2.0, 5.0]","[1.7320508, 3.0]","[-1.0, 1.0]",[4.5],[4.472136],[3.0],1,0,1,0,1.0,0.0,0
923,2,1,1,"[0.0, 0.5, 0.5, 1.0, 2.0, 2.0, 2.5, 3.5, 5.0, 6.5]","[0.0, 0.0, 0.0, 0.0, 0.0, 0.0, 1.7320508, 2.4494898, 4.582576, 6.4807405]","[2.5, 5.5]","[2.4494898, 5.477226]","[-2.5, -1.5]",[2.5],[2.4494898],[-2.5],[7.0],[6.928203],[0.5],[7.0],[6.928203],[0.5],0,1,0,0,0.0,0.0,1
292,1,1,1,"[0.5, 1.0, 1.0, 1.5, 1.5, 1.5, 2.0, 3.0, 3.5, 4.5]","[0.0, 0.0, 0.0, 1.0, 1.4142135, 1.4142135, 1.7320508, 2.236068, 2.828427, 3.4641016]",[2.0],[0.0],[-4.0],[2.0],[0.0],[-4.0],[3.5],[3.4641016],[1.5],[3.5],[3.4641016],[1.5],0,1,0,0,0.0,0.0,1
39345,3,2,1,"[0.0, 0.0, 0.5, 1.5, 2.0, 2.5, 4.0, 4.5, 5.0, 5.5]","[0.0, 0.0, 0.0, 1.4142135, 1.7320508, 2.4494898, 3.7416575, 3.8729835, 4.582576, 5.477226]","[2.5, 2.5, 2.5]","[0.0, 2.0, 2.4494898]","[-3.5, -1.5, -1.0]","[2.5, 2.5]","[0.0, 2.4494898]","[-1.5, -1.0]","[2.0, 2.5]","[1.7320508, 2.4494898]","[-1.5, 0.0]",[6.0],[5.91608],[5.5],1,0,1,0,1.0,0.0,0
39504,2,2,1,"[0.0, 1.5, 2.0, 2.0, 2.5, 2.5, 2.5, 2.5, 3.5, 6.5]","[0.0, 0.0, 0.0, 0.0, 1.4142135, 1.7320508, 2.4494898, 2.4494898, 3.1622777, 6.0]","[2.0, 3.0]","[0.0, 1.7320508]","[-2.5, -2.5]","[2.0, 3.0]","[0.0, 1.7320508]","[-2.5, -2.5]","[5.5, 6.5]","[5.2915025, 6.0]","[1.0, 3.0]",[5.0],[3.0],[3.5],1,0,1,0,1.0,0.0,0
