trialIndex,numUnstable,numNM1,numNM2,matchingAM,matchingGM,unstableAM,unstableGM,unstableRAM,nm1AM,nm1GM,nm1RAM,nm2GenAM,nm2GenGM,nm2GenRAM,nm2AM,nm2GM,nm2RAM,numEdges,numSingletons,numChains,numCycles,avgChainLen,avgCycleLen,converges
10782,6,3,2,"[0.5, 1.0, 2.0, 2.5, 3.0, 3.0, 3.5, 3.5, 4.0, 4.0]","[0.0, 0.0, 0.0, 0.0, 2.0, 2.4494898, 2.828427, 3.0, 3.1622777, 3.8729835]","[1.0, 1.5, 1.5, 3.0, 4.0, 4.5]","[0.0, 0.0, 1.4142135, 3.0, 3.7416575, 3.8729835]","[-3.5, -2.5, -2.5, -2.0, -1.5, -1.0]","[1.0, 1.5, 4.5]","[0.0, 1.4142135, 3.7416575]","[-2.5, -2.0, -1.5]","[3.5, 3.5, 5.0]","[3.0, 3.1622777, 3.4641016]","[0.0, 0.5, 3.0]","[3.5, 6.0]","[3.4641016, 5.91608]","[0.0, 4.5]",1,1,1,0,1.0,0.0,0
23459,8,3,1,"[1.0, 1.0, 2.0, 2.0, 2.5, 2.5, 4.0, 4.5, 5.5, 6.5]","[0.0, 1.0, 1.0, 2.0, 2.0, 2.4494898, 2.828427, 3.8729835, 5.477226, 6.0]","[1.5, 2.0, 2.5, 3.0, 3.0, 3.0, 3.5, 3.5]","[0.0, 1.4142135, 1.7320508, 2.4494898, 2.828427, 2.828427, 3.1622777, 3.1622777]","[-4.0, -3.5, -2.0, -2.0, -1.5, -1.5, -1.0, -1.0]","[1.5, 3.0, 3.5]","[1.4142135, 2.828427, 3.1622777]","[-4.0, -3.5, -2.0]","[3.0, 3.5, 6.5]","[2.828427, 3.1622777, 6.0]","[-3.5, -2.0, 3.5]",[6.5],[6.0],[3.5],2,1,0,1,0.0,2.0,0
130,3,3,3,"[0.5, 0.5, 0.5, 2.0, 2.5, 2.5, 3.0, 4.5, 5.0, 5.5]","[0.0, 0.0, 0.0, 0.0, 0.0, 0.0, 1.7320508, 2.236068, 4.0, 4.8989797]","[3.5, 3.5, 3.5]","[2.4494898, 3.4641016, 3.4641016]","[-3.5, -2.0, -1.5]","[3.5, 3.5, 3.5]","[2.4494898, 3.4641016, 3.4641016]","[-3.5, -2.0, -1.5]","[5.0, 6.5, 8.0]","[3.0, 6.4807405, 7.937254]","[3.0, 6.5, 7.5]","[5.0, 6.5, 8.0]","[3.0, 6.4807405, 7.937254]","[3.0, 6.5, 7.5]",0,3,0,0,0.0,0.0,1
593,8,4,3,"[0.0, 0.5, 1.0, 2.0, 2.0, 3.0, 3.5, 5.0, 5.0, 8.5]","[0.0, 0.0, 0.0, 0.0, 1.7320508, 3.0, 3.0, 3.0, 3.1622777, 8.485281]","[1.5, 3.0, 3.5, 4.0, 4.0, 4.5, 6.5, 7.0]","[0.0, 0.0, 2.4494898, 3.7416575, 3.8729835, 4.0, 6.3245554, 7.0]","[-3.5, -3.0, -3.0, -2.5, -2.5, -2.5, -2.0, -1.0]","[1.5, 3.0, 4.0, 4.0]","[0.0, 0.0, 3.8729835, 4.0]","[-3.5, -3.0, -3.0, -2.5]","[3.0, 4.0, 6.0, 7.0]","[0.0, 2.6457512, 5.656854, 6.708204]","[-1.0, 1.5, 2.5, 6.0]","[3.0, 7.0, 7.0]","[0.0, 6.708204, 6.708204]","[2.5, 6.0, 6.0]",1,2,1,0,1.0,0.0,1
76133,4,2,2,"[0.0, 0.5, 0.5, 1.0, 1.5, 2.0, 2.5, 2.5, 4.5, 5.0]","[0.0, 0.0, 0.0, 0.0, 0.0, 1.0, 1.7320508, 2.0, 2.828427, 4.582576]","[1.5, 2.0, 2.5, 5.0]","[0.0, 0.0, 2.0, 4.8989797]","[-3.5, -1.5, -1.5, -1.5]","[1.5, 2.5]","[0.0, 0.0]","[-3.5, -1.5]","[4.0, 7.0]","[3.4641016, 7.0]","[2.5, 6.0]","[4.0, 7.0]","[3.4641016, 7.0]","[2.5, 6.0]",0,2,0,0,0.0,0.0,0
21724,4,3,2,"[0.0, 0.5, 1.0, 1.0, 1.5, 2.0, 3.0, 3.0, 4.0, 7.5]","[0.0, 0.0, 0.0, 0.0, 0.0, 2.0, 2.236068, 2.828427, 3.8729835, 7.3484693]","[1.5, 2.0, 2.5, 3.0]","[0.0, 0.0, 0.0, 3.0]","[-3.5, -2.5, -2.0, -1.0]","[1.5, 2.0, 3.0]","[0.0, 0.0, 3.0]","[-3.5, -2.5, -2.0]","[3.0, 4.0, 4.0]","[0.0, 2.6457512, 2.828427]","[-2.5, 1.0, 1.0]","[4.0, 8.5]","[0.0, 8.485281]","[1.0, 7.5]",1,1,1,0,1.0,0.0,0
198,3,2,1,"[1.0, 1.0, 1.0, 1.5, 2.5, 2.5, 2.5, 3.0, 3.0, 6.5]","[0.0, 0.0, 0.0, 0.0, 0.0, 1.0, 1.4142135, 2.0, 2.4494898, 6.0]","[0.5, 2.0, 4.0]","[0.0, 0.0, 1.7320508]","[-2.5, -2.0, -1.0]","[0.5, 4.0]","[0.0, 0.0]","[-2.5, -2.0]","[7.5, 7.5]","[7.3484693, 7.483315]","[3.0, 4.5]",[4.0],[2.6457512],[3.0],1,0,1,0,1.0,0.0,1
71538,3,2,2,"[0.0, 1.0, 1.5, 1.5, 1.5, 2.0, 2.5, 4.0, 5.0, 5.5]","[0.0, 0.0, 0.0, 1.0, 1.4142135, 1.4142135, 1.7320508, 3.8729835, 4.0, 4.8989797]","[2.0, 2.5, 3.0]","[1.7320508, 2.0, 2.236068]","[-4.5, -2.5, -1.0]","[2.0, 2.5]","[1.7320508, 2.0]","[-4.5, -1.0]","[3.5, 5.0]","[2.4494898, 5.0]","[2.0, 3.0]","[3.5, 5.0]","[2.4494898, 5.0]","[2.0, 3.0]",0,2,0,0,0.0,0.0,0
720,1,1,1,"[0.0, 0.5, 0.5, 0.5, 1.0, 2.0, 3.0, 3.5, 4.5, 5.5]","[0.0, 0.0, 0.0, 0.0, 0.0, 0.0, 2.236068, 2.4494898, 4.2426405, 4.2426405]",[4.0],[0.0],[-1.0],[4.0],[0.0],[-1.0],[2.0],[1.7320508],[-1.5],[2.0],[1.7320508],[-1.5],0,1,0,0,0.0,0.0,1
45567,5,3,2,"[0.5, 1.0, 1.0, 1.5, 1.5, 2.0, 3.0, 3.0, 4.5, 6.5]","[0.0, 0.0, 0.0, 0.0, 1.4142135, 1.4142135, 3.0, 3.0, 4.2426405, 6.4807405]","[0.5, 1.5, 1.5, 2.0, 2.0]","[0.0, 0.0, 1.4142135, 1.7320508, 1.7320508]","[-4.5, -3.5, -2.5, -2.0, -1.5]","[0.5, 2.0, 2.0]","[0.0, 1.7320508, 1.7320508]","[-3.5, -2.5, -1.5]","[5.0, 5.5, 5.5]","[3.0, 4.2426405, 4.8989797]","[1.5, 2.5, 2.5]","[2.5, 5.0]","[2.0, 3.0]","[1.0, 1.5]",1,1,1,0,1.0,0.0,0
762,4,3,2,"[0.5, 0.5, 0.5, 0.5, 2.0, 2.5, 4.5, 5.5, 5.5, 6.0]","[0.0, 0.0, 0.0, 0.0, 1.7320508, 2.4494898, 4.472136, 4.8989797, 4.8989797, 5.656854]","[0.5, 2.0, 3.0, 4.0]","[0.0, 0.0, 2.236068, 2.6457512]","[-4.0, -3.0, -2.5, -2.5]","[0.5, 3.0, 4.0]","[0.0, 2.236068, 2.6457512]","[-4.0, -3.0, -2.5]","[4.5, 4.5, 7.5]","[2.828427, 3.7416575, 7.3484693]","[0.0, 1.5, 3.0]","[4.5, 5.0]","[2.828427, 4.8989797]","[0.0, 3.0]",1,1,1,0,1.0,0.0,1
452,3,2,1,"[0.0, 0.5, 1.0, 1.5, 1.5, 2.0, 3.5, 4.5, 5.0, 7.0]","[0.0, 0.0, 0.0, 0.0, 0.0, 1.4142135, 2.0, 3.1622777, 4.8989797, 6.708204]","[1.0, 3.0, 6.0]","[1.0, 3.0, 5.91608]","[-4.0, -3.0, -1.0]","[1.0, 3.0]","[1.0, 3.0]","[-4.0, -1.0]","[3.0, 3.0]","[0.0, 2.236068]","[-0.5, 0.5]",[8.5],[8.485281],[6.0],1,0,1,0,1.0,0.0,1
1006,5,4,1,"[0.0, 0.0, 0.5, 1.5, 2.0, 2.5, 4.0, 4.0, 6.5, 6.5]","[0.0, 0.0, 0.0, 0.0, 0.0, 1.7320508, 2.6457512, 3.4641016, 6.4807405, 6.4807405]","[1.5, 1.5, 2.0, 2.5, 4.0]","[0.0, 0.0, 1.7320508, 2.4494898, 3.4641016]","[-4.5, -3.0, -3.0, -3.0, -2.5]","[1.5, 1.5, 2.0, 2.5]","[0.0, 0.0, 1.7320508, 2.4494898]","[-4.5, -3.0, -3.0, -3.0]","[3.0, 3.0, 4.5, 6.5]","[0.0, 2.236068, 2.828427, 6.3245554]","[-1.5, -0.5, -0.5, 2.0]",[6.0],[5.196152],[5.5],3,0,1,0,3.0,0.0,1
52485,11,3,1,"[0.5, 1.5, 1.5, 1.5, 2.0, 2.5, 4.0, 7.5, 8.5, 9.0]","[0.0, 0.0, 0.0, 1.4142135, 1.4142135, 2.4494898, 4.0, 7.3484693, 8.485281, 9.0]","[1.5, 2.0, 2.0, 2.5, 2.5, 3.5, 4.0, 5.5, 5.5, 5.5, 5.5]","[0.0, 0.0, 0.0, 1.7320508, 2.4494898, 2.4494898, 3.4641016, 4.8989797, 5.2915025, 5.2915025, 5.477226]","[-5.0, -5.0, -4.5, -3.5, -3.5, -3.5, -3.0, -2.5, -2.0, -1.5, -1.0]","[1.5, 2.5, 5.5]","[0.0, 2.4494898, 4.8989797]","[-5.0, -3.5, -3.5]","[3.0, 5.5, 8.0]","[0.0, 5.2915025, 7.937254]","[-3.0, -1.5, 1.5]",[5.5],[4.8989797],[3.5],2,0,1,0,2.0,0.0,0
264,6,2,1,"[0.0, 0.0, 0.5, 0.5, 1.0, 4.0, 5.0, 5.5, 7.5, 7.5]","[0.0, 0.0, 0.0, 0.0, 0.0, 3.4641016, 4.2426405, 4.8989797, 7.483315, 7.483315]","[1.0, 1.5, 3.5, 4.0, 6.0, 6.5]","[0.0, 0.0, 3.1622777, 4.0, 5.656854, 6.4807405]","[-6.0, -5.0, -4.5, -2.5, -2.5, -1.5]","[1.0, 1.5]","[0.0, 0.0]","[-6.0, -5.0]","[3.5, 5.0]","[2.4494898, 4.582576]","[-2.0, 1.0]",[7.0],[6.928203],[2.5],1,0,1,0,1.0,0.0,1
123,1,1,1,"[0.0, 0.5, 0.5, 2.0, 2.0, 2.5, 3.0, 3.5, 4.0, 6.0]","[0.0, 0.0, 0.0, 1.7320508, 2.0, 2.4494898, 2.6457512, 2.828427, 3.4641016, 6.0]",[3.5],[3.4641016],[-3.0],[3.5],[3.4641016],[-3.0],[3.0],[2.828427],[-0.5],[3.0],[2.828427],[-0.5],0,1,0,0,0.0,0.0,1
5985,8,4,1,"[0.0, 0.5, 0.5, 1.0, 1.0, 3.5, 4.0, 4.0, 4.5, 8.0]","[0.0, 0.0, 0.0, 0.0, 0.0, 1.0, 3.1622777, 3.7416575, 4.0, 7.937254]","[2.0, 2.0, 2.0, 3.0, 3.0, 3.5, 3.5, 4.5]","[0.0, 0.0, 1.7320508, 1.7320508, 2.236068, 2.4494898, 2.828427, 4.472136]","[-6.5, -4.5, -3.5, -2.5, -2.5, -2.0, -1.0, -1.0]","[2.0, 2.0, 3.0, 3.0]","[0.0, 1.7320508, 2.236068, 2.828427]","[-4.5, -3.5, -2.0, -1.0]","[3.0, 6.5, 7.0, 9.0]","[2.828427, 6.4807405, 6.928203, 9.0]","[-1.5, 1.0, 3.5, 6.0]",[8.0],[8.0],[8.0],3,0,1,0,3.0,0.0,0
47961,3,1,1,"[0.0, 0.5, 0.5, 0.5, 1.0, 1.5, 2.0, 2.5, 3.5, 6.5]","[0.0, 0.0, 0.0, 0.0, 0.0, 0.0, 1.4142135, 1.7320508, 2.4494898, 6.4807405]","[2.0, 2.5, 4.5]","[0.0, 2.4494898, 4.2426405]","[-2.5, -2.0, -1.5]",[2.5],[2.4494898],[-2.5],[2.5],[2.4494898],[-1.0],[2.5],[2.4494898],[-1.0],0,1,0,0,0.0,0.0,0
599,3,2,2,"[0.0, 0.5, 0.5, 1.0, 1.0, 3.0, 3.5, 4.0, 4.0, 4.5]","[0.0, 0.0, 0.0, 0.0, 0.0, 0.0, 0.0, 2.828427, 3.4641016, 3.7416575]","[1.5, 3.5, 4.0]","[0.0, 0.0, 3.8729835]","[-3.5, -2.0, -1.5]","[1.5, 4.0]","[0.0, 3.8729835]","[-3.5, -2.0]","[5.0, 7.0]","[4.582576, 6.928203]","[1.5, 6.0]","[5.0, 7.0]","[4.582576, 6.928203]","[1.5, 6.0]",0,2,0,0,0.0,0.0,1
30931,4,2,1,"[0.0, 0.5, 1.0, 1.0, 1.5, 1.5, 1.5, 4.5, 6.0, 9.0]","[0.0, 0.0, 0.0, 0.0, 1.0, 1.4142135, 1.4142135, 4.2426405, 5.196152, 9.0]","[0.5, 2.5, 3.0, 5.5]","[0.0, 0.0, 0.0, 4.8989797]","[-7.0, -3.5, -2.0, -1.0]","[0.5, 5.5]","[0.0, 4.8989797]","[-7.0, -3.5]","[6.0, 7.5]","[5.656854, 7.483315]","[0.0, 1.5]",[3.5],[2.4494898],[0.5],1,0,1,0,1.0,0.0,0
51529,8,3,2,"[0.0, 0.0, 0.5, 2.0, 2.0, 3.5, 3.5, 5.0, 6.0, 7.5]","[0.0, 0.0, 0.0, 1.7320508, 1.7320508, 2.4494898, 3.4641016, 5.0, 5.91608, 7.3484693]","[2.0, 2.0, 2.5, 2.5, 2.5, 3.5, 4.5, 5.5]","[0.0, 0.0, 2.0, 2.0, 2.4494898, 3.1622777, 4.2426405, 4.8989797]","[-5.0, -5.0, -3.0, -2.5, -1.5, -1.5, -1.5, -1.0]","[2.0, 2.5, 3.5]","[0.0, 2.4494898, 3.1622777]","[-5.0, -2.5, -1.5]","[3.5, 6.5, 8.5]","[3.1622777, 6.4807405, 8.485281]","[0.0, 0.0, 5.5]","[6.0, 8.5]","[5.656854, 8.485281]","[3.5, 5.5]",1,1,1,0,1.0,0.0,0
93719,7,3,2,"[0.0, 1.0, 1.0, 2.5, 2.5, 2.5, 3.5, 4.0, 4.0, 5.0]","[0.0, 0.0, 0.0, 0.0, 2.0, 2.4494898, 3.1622777, 3.4641016, 4.0, 4.0]","[1.0, 1.0, 1.5, 2.0, 2.5, 3.0, 4.5]","[0.0, 0.0, 0.0, 1.4142135, 2.0, 2.236068, 4.2426405]","[-5.5, -3.0, -2.5, -2.5, -2.0, -2.0, -2.0]","[1.0, 1.0, 1.5]","[0.0, 0.0, 1.4142135]","[-5.5, -2.5, -2.0]","[2.5, 3.5, 8.5]","[2.0, 3.4641016, 8.485281]","[-2.0, 2.5, 6.5]","[2.0, 8.5]","[1.7320508, 8.485281]","[0.0, 6.5]",1,1,1,0,1.0,0.0,0
11609,5,1,1,"[0.5, 1.0, 1.0, 2.0, 2.0, 2.5, 2.5, 3.5, 5.5, 5.5]","[0.0, 0.0, 0.0, 1.0, 1.0, 2.4494898, 2.4494898, 3.1622777, 4.8989797, 5.2915025]","[1.0, 1.5, 2.0, 3.5, 4.5]","[0.0, 0.0, 1.4142135, 1.7320508, 4.2426405]","[-4.5, -3.0, -2.5, -2.5, -1.5]",[1.0],[0.0],[-4.5],[4.5],[0.0],[2.0],[4.5],[0.0],[2.0],0,1,0,0,0.0,0.0,0
62115,5,3,1,"[0.0, 0.5, 0.5, 1.0, 1.5, 1.5, 2.0, 5.5, 6.0, 8.0]","[0.0, 0.0, 0.0, 0.0, 1.0, 1.4142135, 1.7320508, 5.477226, 5.91608, 8.0]","[0.5, 2.0, 2.5, 3.5, 4.0]","[0.0, 0.0, 0.0, 1.7320508, 4.0]","[-4.5, -4.5, -2.5, -2.0, -1.0]","[0.5, 2.0, 2.5]","[0.0, 0.0, 1.7320508]","[-4.5, -4.5, -2.5]","[3.0, 4.5, 6.0]","[2.828427, 3.7416575, 5.656854]","[-2.0, -1.5, 0.0]",[1.5],[0.0],[-2.0],2,0,1,0,2.0,0.0,0
925,6,3,2,"[0.0, 0.0, 0.5, 1.0, 1.5, 2.5, 3.0, 5.0, 5.0, 7.5]","[0.0, 0.0, 0.0, 0.0, 0.0, 1.4142135, 3.0, 3.0, 3.0, 7.483315]","[1.0, 1.0, 3.0, 4.5, 4.5, 7.0]","[0.0, 1.0, 2.828427, 2.828427, 3.7416575, 6.928203]","[-5.0, -3.5, -3.5, -2.5, -1.0, -1.0]","[1.0, 1.0, 7.0]","[0.0, 1.0, 6.928203]","[-5.0, -3.5, -1.0]","[3.5, 4.5, 6.5]","[3.1622777, 4.472136, 6.3245554]","[0.0, 0.0, 4.5]","[6.0, 6.5]","[5.91608, 6.3245554]","[4.5, 5.5]",1,1,1,0,1.0,0.0,1
842,7,2,1,"[0.0, 1.0, 1.0, 1.5, 2.0, 2.5, 3.0, 4.5, 5.5, 9.0]","[0.0, 0.0, 0.0, 0.0, 0.0, 1.0, 2.4494898, 3.0, 4.8989797, 9.0]","[1.0, 1.5, 3.5, 3.5, 3.5, 5.0, 6.5]","[0.0, 0.0, 1.4142135, 2.4494898, 3.1622777, 4.0, 6.3245554]","[-5.0, -5.0, -2.5, -2.5, -2.0, -1.5, -1.0]","[1.0, 3.5]","[0.0, 3.1622777]","[-2.5, -2.0]","[4.5, 7.0]","[4.2426405, 6.708204]","[0.5, 4.0]",[7.5],[7.483315],[6.0],1,0,1,0,1.0,0.0,1
113,5,3,2,"[1.5, 2.5, 2.5, 2.5, 2.5, 3.0, 3.0, 4.5, 5.0, 5.5]","[0.0, 1.4142135, 2.0, 2.236068, 2.4494898, 2.4494898, 2.828427, 2.828427, 3.0, 4.8989797]","[2.5, 2.5, 4.0, 4.0, 5.0]","[2.0, 2.4494898, 2.6457512, 3.8729835, 5.0]","[-4.5, -4.0, -3.0, -2.5, -1.5]","[2.5, 2.5, 5.0]","[2.0, 2.4494898, 5.0]","[-4.0, -3.0, -1.5]","[3.0, 6.0, 7.0]","[2.828427, 5.196152, 6.928203]","[-1.5, 4.5, 5.0]","[3.5, 6.0]","[3.1622777, 5.196152]","[2.5, 4.5]",1,1,1,0,1.0,0.0,1
85534,5,3,3,"[0.0, 0.0, 1.0, 1.5, 2.0, 4.0, 4.0, 4.5, 5.0, 5.5]","[0.0, 0.0, 0.0, 0.0, 0.0, 2.6457512, 3.8729835, 4.2426405, 4.472136, 4.582576]","[1.0, 2.0, 3.5, 3.5, 6.5]","[0.0, 2.0, 2.4494898, 3.4641016, 6.4807405]","[-3.5, -3.5, -3.0, -2.0, -1.5]","[1.0, 2.0, 3.5]","[0.0, 2.0, 3.4641016]","[-3.5, -3.5, -3.0]","[4.0, 4.5, 6.0]","[2.6457512, 3.7416575, 5.91608]","[2.5, 3.5, 3.5]","[4.0, 4.5, 6.0]","[2.6457512, 3.7416575, 5.91608]","[2.5, 3.5, 3.5]",0,3,0,0,0.0,0.0,0
41149,2,2,1,"[0.0, 0.5, 1.0, 1.0, 1.5, 1.5, 2.5, 2.5, 4.0, 4.5]","[0.0, 0.0, 0.0, 0.0, 1.0, 1.4142135, 2.0, 2.4494898, 2.6457512, 4.2426405]","[2.0, 3.0]","[0.0, 1.7320508]","[-3.0, -2.0]","[2.0, 3.0]","[0.0, 1.7320508]","[-3.0, -2.0]","[4.0, 4.5]","[4.0, 4.472136]","[0.5, 2.5]",[7.0],[6.928203],[6.0],1,0,1,0,1.0,0.0,0
13806,5,3,2,"[0.0, 0.5, 0.5, 1.5, 2.0, 2.0, 2.0, 4.5, 5.5, 6.5]","[0.0, 0.0, 0.0, 0.0, 0.0, 1.4142135, 1.7320508, 2.828427, 4.2426405, 6.3245554]","[2.0, 3.5, 3.5, 3.5, 7.0]","[0.0, 0.0, 3.1622777, 3.4641016, 6.928203]","[-5.0, -3.5, -2.5, -1.5, -1.0]","[2.0, 3.5, 3.5]","[0.0, 0.0, 3.4641016]","[-5.0, -3.5, -1.0]","[3.0, 4.0, 4.0]","[0.0, 3.0, 3.8729835]","[0.0, 0.5, 2.0]","[3.0, 5.5]","[3.0, 4.8989797]","[2.0, 4.5]",1,1,1,0,1.0,0.0,0
53,5,3,2,"[1.0, 1.0, 1.0, 1.5, 3.0, 3.5, 3.5, 4.0, 5.0, 6.5]","[0.0, 0.0, 0.0, 0.0, 0.0, 1.0, 2.4494898, 3.1622777, 4.582576, 6.4807405]","[1.0, 1.5, 2.5, 4.0, 5.0]","[0.0, 1.0, 2.0, 3.8729835, 4.8989797]","[-5.0, -5.0, -3.5, -2.5, -2.0]","[1.0, 2.5, 5.0]","[1.0, 2.0, 4.8989797]","[-5.0, -3.5, -2.5]","[3.5, 4.0, 6.0]","[3.4641016, 3.4641016, 5.656854]","[0.0, 2.0, 2.5]","[4.0, 6.0]","[3.4641016, 6.0]","[2.5, 5.0]",1,1,1,0,1.0,0.0,1
95843,5,2,2,"[0.0, 1.0, 1.0, 1.0, 2.5, 2.5, 2.5, 3.0, 4.5, 4.5]","[0.0, 0.0, 0.0, 0.0, 1.0, 1.0, 2.0, 2.4494898, 2.4494898, 4.472136]","[0.5, 1.5, 2.0, 2.5, 3.5]","[0.0, 0.0, 0.0, 1.4142135, 2.0]","[-6.0, -4.0, -3.5, -2.0, -1.0]","[0.5, 1.5]","[0.0, 1.4142135]","[-6.0, -2.0]","[5.0, 6.0]","[4.0, 5.656854]","[3.0, 5.5]","[5.0, 6.0]","[4.0, 5.656854]","[3.0, 5.5]",0,2,0,0,0.0,0.0,0
28206,7,4,3,"[0.0, 1.0, 1.0, 1.5, 1.5, 3.5, 3.5, 5.0, 5.5, 6.0]","[0.0, 0.0, 0.0, 0.0, 1.0, 1.4142135, 2.4494898, 4.8989797, 5.196152, 5.477226]","[0.5, 0.5, 0.5, 1.5, 2.0, 2.5, 3.0]","[0.0, 0.0, 0.0, 1.4142135, 2.0, 2.0, 2.236068]","[-5.5, -4.0, -3.5, -3.5, -3.5, -2.0, -1.5]","[0.5, 0.5, 0.5, 1.5]","[0.0, 0.0, 0.0, 1.4142135]","[-5.5, -4.0, -3.5, -2.0]","[4.5, 4.5, 5.5, 7.0]","[4.2426405, 4.472136, 4.472136, 7.0]","[0.0, 0.5, 4.0, 5.0]","[4.5, 5.5, 7.0]","[4.2426405, 4.472136, 6.708204]","[2.0, 4.0, 5.0]",1,2,1,0,1.0,0.0,0
954,5,3,3,"[0.0, 0.0, 0.5, 1.0, 1.0, 1.5, 2.5, 3.5, 7.0, 8.0]","[0.0, 0.0, 0.0, 0.0, 0.0, 0.0, 2.0, 2.4494898, 6.928203, 7.937254]","[1.0, 1.5, 3.5, 4.0, 5.0]","[0.0, 0.0, 1.4142135, 3.8729835, 4.582576]","[-4.0, -2.5, -2.0, -1.0, -1.0]","[1.0, 1.5, 3.5]","[0.0, 0.0, 1.4142135]","[-4.0, -2.5, -1.0]","[3.0, 4.5, 6.5]","[0.0, 2.828427, 6.3245554]","[-3.0, 2.5, 4.5]","[3.0, 4.5, 6.5]","[0.0, 2.828427, 6.3245554]","[-3.0, 2.5, 4.5]",0,3,0,0,0.0,0.0,1
39802,5,2,2,"[0.0, 0.5, 0.5, 1.0, 1.5, 1.5, 2.0, 2.5, 4.5, 9.0]","[0.0, 0.0, 0.0, 0.0, 0.0, 0.0, 0.0, 2.4494898, 2.828427, 9.0]","[1.0, 2.0, 3.0, 3.0, 6.0]","[0.0, 0.0, 0.0, 2.236068, 5.91608]","[-4.0, -3.5, -3.0, -2.5, -2.0]","[1.0, 3.0]","[0.0, 2.236068]","[-3.5, -3.0]","[4.0, 4.5]","[3.7416575, 3.8729835]","[-0.5, 4.0]","[4.0, 4.5]","[3.7416575, 3.8729835]","[-0.5, 4.0]",0,2,0,0,0.0,0.0,0
7414,5,2,2,"[0.5, 1.5, 1.5, 1.5, 1.5, 1.5, 2.5, 3.5, 5.0, 6.5]","[0.0, 0.0, 0.0, 0.0, 0.0, 1.4142135, 2.0, 3.1622777, 4.582576, 6.3245554]","[2.0, 2.0, 2.5, 3.0, 4.5]","[0.0, 1.7320508, 2.0, 2.236068, 3.7416575]","[-3.5, -3.0, -2.0, -1.5, -1.5]","[2.0, 2.0]","[0.0, 1.7320508]","[-3.5, -3.0]","[4.5, 4.5]","[2.828427, 2.828427]","[2.0, 3.0]","[4.5, 4.5]","[2.828427, 2.828427]","[2.0, 3.0]",0,2,0,0,0.0,0.0,0
25489,9,4,2,"[1.0, 1.5, 2.5, 3.0, 3.0, 3.5, 4.0, 5.0, 5.0, 6.0]","[0.0, 0.0, 0.0, 1.0, 2.4494898, 2.6457512, 3.0, 4.0, 4.8989797, 5.656854]","[1.0, 1.5, 2.0, 2.5, 2.5, 3.0, 3.5, 3.5, 6.0]","[0.0, 0.0, 1.7320508, 2.0, 2.236068, 2.4494898, 3.1622777, 3.4641016, 5.91608]","[-4.5, -4.5, -4.0, -3.5, -2.5, -2.5, -2.0, -1.0, -1.0]","[1.0, 2.5, 3.0, 3.5]","[0.0, 2.0, 2.236068, 3.4641016]","[-4.0, -3.5, -2.5, -2.5]","[5.5, 5.5, 8.0, 8.5]","[4.2426405, 5.477226, 7.937254, 8.485281]","[3.0, 3.5, 4.5, 5.0]","[5.5, 6.0]","[5.477226, 5.91608]","[5.0, 6.0]",2,1,1,0,2.0,0.0,0
15807,5,3,1,"[0.0, 0.0, 0.5, 1.0, 1.0, 1.5, 4.0, 4.5, 5.5, 6.0]","[0.0, 0.0, 0.0, 0.0, 0.0, 0.0, 1.4142135, 2.6457512, 4.8989797, 5.656854]","[2.0, 2.0, 2.5, 3.0, 4.5]","[0.0, 0.0, 2.0, 2.0, 2.828427]","[-3.5, -2.5, -2.5, -1.5, -1.0]","[2.5, 3.0, 4.5]","[0.0, 2.0, 2.828427]","[-2.5, -1.5, -1.0]","[2.5, 3.0, 4.5]","[0.0, 2.0, 4.472136]","[-2.5, -1.5, 4.5]",[4.5],[4.472136],[4.5],2,1,0,1,0.0,2.0,0
10521,3,2,2,"[0.0, 0.0, 0.5, 1.5, 1.5, 2.0, 2.5, 2.5, 3.0, 4.5]","[0.0, 0.0, 0.0, 0.0, 0.0, 0.0, 0.0, 1.4142135, 2.4494898, 2.828427]","[1.0, 2.0, 3.0]","[0.0, 0.0, 2.828427]","[-3.5, -3.5, -1.5]","[1.0, 3.0]","[0.0, 2.828427]","[-3.5, -1.5]","[5.0, 5.0]","[4.0, 5.0]","[4.5, 5.0]","[5.0, 5.0]","[4.0, 5.0]","[4.5, 5.0]",0,2,0,0,0.0,0.0,0
30396,6,3,2,"[0.5, 0.5, 1.5, 1.5, 1.5, 2.5, 3.5, 4.5, 5.0, 6.5]","[0.0, 0.0, 0.0, 0.0, 1.4142135, 1.4142135, 2.4494898, 2.828427, 4.582576, 6.4807405]","[0.5, 1.0, 1.5, 2.5, 5.0, 6.0]","[0.0, 0.0, 0.0, 2.4494898, 4.8989797, 5.91608]","[-5.0, -5.0, -2.0, -1.5, -1.5, -1.0]","[0.5, 1.0, 2.5]","[0.0, 0.0, 2.4494898]","[-5.0, -5.0, -1.0]","[3.5, 7.5, 9.0]","[2.4494898, 7.483315, 9.0]","[-0.5, 5.5, 5.5]","[4.0, 7.5]","[3.4641016, 7.483315]","[0.0, 5.5]",1,1,1,0,1.0,0.0,0
66064,5,2,1,"[0.5, 0.5, 0.5, 1.5, 1.5, 2.0, 2.5, 3.0, 4.5, 6.5]","[0.0, 0.0, 0.0, 0.0, 0.0, 0.0, 0.0, 1.7320508, 4.472136, 6.0]","[0.5, 1.5, 2.5, 2.5, 5.0]","[0.0, 0.0, 2.0, 2.4494898, 4.8989797]","[-4.5, -3.5, -3.5, -2.0, -1.0]","[0.5, 1.5]","[0.0, 0.0]","[-4.5, -3.5]","[5.0, 5.5]","[4.2426405, 4.8989797]","[-2.0, 3.5]",[8.5],[8.485281],[6.0],1,0,1,0,1.0,0.0,0
853,6,2,1,"[0.0, 0.5, 0.5, 1.0, 1.0, 1.5, 2.5, 3.0, 6.5, 6.5]","[0.0, 0.0, 0.0, 0.0, 0.0, 0.0, 1.4142135, 2.828427, 6.0, 6.4807405]","[1.0, 1.5, 2.0, 2.0, 3.5, 5.5]","[0.0, 1.4142135, 1.7320508, 1.7320508, 3.4641016, 5.2915025]","[-4.5, -3.5, -3.5, -2.5, -2.5, -2.5]","[1.0, 2.0]","[0.0, 1.7320508]","[-4.5, -3.5]","[1.5, 2.5]","[1.4142135, 2.4494898]","[-2.5, -1.0]",[0.5],[0.0],[-0.5],1,0,1,0,1.0,0.0,1
33465,7,4,3,"[0.5, 1.0, 1.5, 2.0, 3.0, 4.0, 4.5, 4.5, 5.0, 6.5]","[0.0, 0.0, 0.0, 0.0, 2.0, 4.0, 4.2426405, 4.472136, 4.8989797, 6.4807405]","[1.5, 1.5, 2.0, 2.5, 3.5, 3.5, 5.0]","[1.4142135, 1.4142135, 1.7320508, 2.0, 3.4641016, 3.4641016, 4.8989797]","[-3.5, -3.5, -2.5, -2.0, -2.0, -1.5, -1.5]","[1.5, 1.5, 2.0, 2.5]","[1.4142135, 1.4142135, 1.7320508, 2.0]","[-3.5, -3.5, -2.5, -1.5]","[2.0, 4.5, 5.0, 5.5]","[0.0, 2.828427, 3.0, 4.2426405]","[0.0, 1.5, 2.0, 2.5]","[3.0, 4.5, 5.0]","[2.236068, 2.828427, 3.0]","[1.5, 1.5, 2.5]",1,2,1,0,1.0,0.0,0
394,2,1,1,"[0.0, 0.0, 1.0, 1.5, 1.5, 2.5, 2.5, 2.5, 3.0, 5.5]","[0.0, 0.0, 0.0, 0.0, 0.0, 1.4142135, 1.4142135, 2.0, 2.4494898, 4.8989797]","[2.0, 4.0]","[0.0, 3.4641016]","[-2.0, -1.5]",[2.0],[0.0],[-2.0],[6.0],[5.656854],[5.0],[6.0],[5.656854],[5.0],0,1,0,0,0.0,0.0,1
931,3,3,2,"[0.5, 0.5, 1.0, 1.5, 1.5, 1.5, 2.0, 2.5, 3.0, 8.0]","[0.0, 0.0, 0.0, 0.0, 1.4142135, 1.4142135, 1.7320508, 2.0, 2.236068, 8.0]","[2.0, 2.0, 2.5]","[0.0, 2.0, 2.0]","[-3.5, -3.0, -1.0]","[2.0, 2.0, 2.5]","[0.0, 2.0, 2.0]","[-3.5, -3.0, -1.0]","[3.5, 6.0, 6.5]","[0.0, 5.91608, 6.0]","[2.0, 2.0, 2.0]","[3.5, 5.0]","[0.0, 4.0]","[2.0, 4.5]",1,1,1,0,1.0,0.0,1
85904,4,3,2,"[0.0, 0.0, 0.5, 2.0, 2.0, 2.5, 2.5, 3.0, 3.5, 3.5]","[0.0, 0.0, 0.0, 1.7320508, 1.7320508, 2.0, 2.4494898, 2.828427, 3.1622777, 3.1622777]","[0.5, 2.0, 2.0, 2.0]","[0.0, 0.0, 1.7320508, 2.0]","[-3.0, -2.0, -1.5, -1.0]","[0.5, 2.0, 2.0]","[0.0, 1.7320508, 2.0]","[-3.0, -1.5, -1.0]","[4.5, 5.0, 6.5]","[3.0, 4.472136, 6.4807405]","[1.5, 2.5, 4.5]","[4.5, 5.0]","[3.0, 4.472136]","[2.0, 2.5]",1,1,1,0,1.0,0.0,0
804,3,2,2,"[0.0, 0.0, 0.5, 1.0, 1.0, 1.0, 2.0, 5.0, 6.0, 6.0]","[0.0, 0.0, 0.0, 0.0, 0.0, 0.0, 1.0, 4.8989797, 5.196152, 5.656854]","[1.0, 3.5, 5.5]","[0.0, 1.0, 5.477226]","[-4.0, -1.5, -1.5]","[1.0, 3.5]","[0.0, 1.0]","[-4.0, -1.5]","[5.5, 5.5]","[4.8989797, 5.477226]","[3.5, 3.5]","[5.5, 5.5]","[4.8989797, 5.477226]","[3.5, 3.5]",0,2,0,0,0.0,0.0,1
13257,7,2,1,"[0.5, 1.5, 2.0, 2.0, 3.0, 3.5, 4.5, 4.5, 5.5, 5.5]","[0.0, 0.0, 0.0, 0.0, 0.0, 2.236068, 2.828427, 4.472136, 5.2915025, 5.477226]","[1.5, 2.5, 2.5, 3.0, 3.5, 3.5, 5.5]","[0.0, 0.0, 1.4142135, 2.0, 3.1622777, 3.4641016, 5.477226]","[-4.5, -3.0, -3.0, -2.0, -2.0, -2.0, -1.0]","[1.5, 2.5]","[0.0, 1.4142135]","[-4.5, -3.0]","[3.5, 6.5]","[3.1622777, 6.0]","[-2.0, 3.5]",[4.5],[2.828427],[1.5],1,0,1,0,1.0,0.0,0
746,5,3,1,"[0.0, 0.5, 1.5, 1.5, 1.5, 2.0, 2.5, 4.5, 5.0, 6.0]","[0.0, 0.0, 0.0, 0.0, 0.0, 0.0, 1.4142135, 2.0, 4.582576, 5.91608]","[1.0, 2.5, 2.5, 4.0, 4.5]","[1.0, 2.0, 2.0, 3.4641016, 4.472136]","[-4.5, -4.0, -4.0, -3.0, -2.5]","[1.0, 2.5, 4.5]","[1.0, 2.0, 4.472136]","[-4.0, -3.0, -2.5]","[1.0, 4.5, 6.0]","[1.0, 4.472136, 5.656854]","[-3.0, -2.5, 6.0]",[6.0],[5.656854],[6.0],2,1,0,1,0.0,2.0,1
189,1,1,1,"[0.0, 1.0, 1.5, 1.5, 2.0, 2.0, 2.5, 2.5, 3.5, 6.5]","[0.0, 0.0, 0.0, 1.0, 1.4142135, 1.7320508, 2.0, 2.0, 2.4494898, 6.4807405]",[3.5],[3.4641016],[-3.0],[3.5],[3.4641016],[-3.0],[4.5],[4.472136],[1.0],[4.5],[4.472136],[1.0],0,1,0,0,0.0,0.0,1
54396,6,3,2,"[1.0, 1.5, 1.5, 2.0, 2.5, 3.5, 3.5, 4.0, 4.5, 5.0]","[0.0, 0.0, 0.0, 0.0, 0.0, 2.4494898, 3.1622777, 4.0, 4.472136, 4.8989797]","[1.5, 2.0, 2.5, 2.5, 2.5, 3.0]","[0.0, 1.4142135, 2.4494898, 2.4494898, 2.4494898, 3.0]","[-3.0, -2.5, -2.5, -2.5, -1.5, -1.0]","[1.5, 2.5, 2.5]","[1.4142135, 2.4494898, 2.4494898]","[-3.0, -2.5, -1.5]","[1.5, 5.0, 7.0]","[1.4142135, 3.0, 7.0]","[-0.5, 0.5, 5.5]","[3.0, 7.0]","[3.0, 7.0]","[1.0, 5.5]",1,1,1,0,1.0,0.0,0
71938,2,1,1,"[0.0, 0.5, 1.0, 1.0, 1.0, 3.0, 3.0, 4.5, 4.5, 4.5]","[0.0, 0.0, 0.0, 0.0, 0.0, 0.0, 3.0, 4.472136, 4.472136, 4.472136]","[2.0, 3.0]","[0.0, 2.236068]","[-2.5, -2.0]",[2.0],[0.0],[-2.0],[5.5],[4.2426405],[5.5],[5.5],[4.2426405],[5.5],0,1,0,0,0.0,0.0,0
7337,8,2,2,"[0.0, 1.5, 1.5, 2.0, 2.5, 3.0, 3.5, 5.0, 5.5, 7.0]","[0.0, 0.0, 0.0, 0.0, 0.0, 1.4142135, 3.0, 4.8989797, 5.0, 6.928203]","[1.0, 1.0, 1.5, 3.0, 3.0, 3.0, 3.5, 5.0]","[0.0, 0.0, 1.0, 1.0, 2.236068, 2.828427, 3.4641016, 4.582576]","[-5.0, -4.5, -4.5, -4.5, -2.5, -2.5, -1.5, -1.5]","[1.0, 1.0]","[1.0, 1.0]","[-5.0, -4.5]","[2.0, 5.0]","[1.7320508, 4.0]","[-0.5, 2.0]","[2.0, 5.0]","[1.7320508, 4.0]","[-0.5, 2.0]",0,2,0,0,0.0,0.0,0
5149,3,1,1,"[0.5, 0.5, 1.0, 1.5, 2.0, 3.0, 3.5, 3.5, 4.5, 5.0]","[0.0, 0.0, 0.0, 1.0, 1.7320508, 2.4494898, 2.4494898, 3.0, 3.0, 4.2426405]","[1.5, 4.5, 6.0]","[0.0, 3.7416575, 5.656854]","[-3.5, -1.5, -1.5]",[1.5],[0.0],[-3.5],[4.0],[3.4641016],[3.5],[4.0],[3.4641016],[3.5],0,1,0,0,0.0,0.0,0
50559,6,2,2,"[0.0, 0.5, 1.0, 1.5, 2.0, 2.5, 3.0, 4.0, 4.5, 5.0]","[0.0, 0.0, 0.0, 0.0, 0.0, 1.7320508, 2.4494898, 4.0, 4.2426405, 4.582576]","[0.5, 1.0, 1.5, 1.5, 2.0, 3.0]","[0.0, 0.0, 0.0, 0.0, 1.0, 1.4142135]","[-4.5, -3.5, -3.5, -1.5, -1.5, -1.0]","[0.5, 1.5]","[0.0, 0.0]","[-4.5, -1.0]","[6.5, 7.0]","[6.4807405, 6.708204]","[4.0, 5.0]","[6.5, 7.0]","[6.4807405, 6.708204]","[4.0, 5.0]",0,2,0,0,0.0,0.0,0
19283,13,4,2,"[0.5, 1.0, 1.0, 3.0, 3.0, 3.0, 5.0, 5.5, 6.0, 7.5]","[0.0, 0.0, 0.0, 0.0, 0.0, 2.828427, 4.0, 4.2426405, 5.196152, 7.483315]","[1.5, 1.5, 2.0, 2.0, 2.0, 2.0, 2.5, 2.5, 3.0, 3.0, 3.0, 6.5, 7.0]","[0.0, 0.0, 0.0, 0.0, 1.4142135, 1.7320508, 2.0, 2.0, 2.236068, 2.236068, 2.828427, 6.4807405, 6.928203]","[-6.5, -6.0, -5.5, -5.0, -4.5, -3.5, -3.5, -3.0, -3.0, -3.0, -3.0, -2.5, -1.5]","[1.5, 1.5, 2.0, 2.0]","[0.0, 1.4142135, 1.7320508, 2.0]","[-6.0, -5.5, -3.0, -3.0]","[2.0, 3.5, 6.5, 9.0]","[0.0, 3.1622777, 6.3245554, 9.0]","[-6.5, 2.0, 5.5, 5.5]","[3.5, 6.5]","[3.1622777, 6.4807405]","[2.0, 6.5]",2,1,1,0,2.0,0.0,0
134,6,3,2,"[0.0, 0.0, 0.0, 1.0, 1.5, 2.0, 2.5, 5.5, 5.5, 7.0]","[0.0, 0.0, 0.0, 0.0, 1.0, 1.4142135, 2.0, 4.8989797, 5.477226, 6.708204]","[1.5, 2.0, 3.0, 3.5, 4.5, 5.5]","[1.4142135, 1.7320508, 2.236068, 3.1622777, 4.2426405, 4.8989797]","[-3.5, -3.0, -3.0, -2.5, -2.0, -2.0]","[1.5, 3.0, 3.5]","[1.4142135, 2.236068, 3.1622777]","[-3.5, -3.0, -2.5]","[4.0, 6.5, 8.5]","[0.0, 6.4807405, 8.485281]","[-0.5, 2.0, 5.0]","[3.5, 6.5]","[3.4641016, 6.4807405]","[2.0, 2.5]",1,1,1,0,1.0,0.0,1
218,4,2,1,"[0.0, 0.0, 1.5, 1.5, 2.0, 2.5, 3.5, 3.5, 3.5, 4.5]","[0.0, 0.0, 0.0, 1.4142135, 1.7320508, 2.0, 2.4494898, 2.4494898, 3.1622777, 3.7416575]","[1.5, 1.5, 2.5, 3.0]","[0.0, 0.0, 2.236068, 2.4494898]","[-4.5, -3.5, -3.0, -1.0]","[1.5, 3.0]","[0.0, 2.236068]","[-3.5, -1.0]","[3.5, 5.5]","[0.0, 4.8989797]","[0.0, 4.0]",[7.0],[6.708204],[5.5],1,0,1,0,1.0,0.0,1
75886,7,4,3,"[0.0, 1.5, 1.5, 1.5, 1.5, 2.0, 2.0, 3.0, 6.0, 6.5]","[0.0, 0.0, 0.0, 0.0, 0.0, 1.7320508, 1.7320508, 3.0, 6.0, 6.4807405]","[0.5, 1.0, 1.5, 1.5, 2.5, 3.5, 3.5]","[0.0, 0.0, 0.0, 1.4142135, 2.4494898, 3.1622777, 3.4641016]","[-4.0, -3.5, -3.0, -3.0, -2.5, -2.5, -1.5]","[0.5, 1.0, 1.5, 2.5]","[0.0, 0.0, 1.4142135, 2.4494898]","[-4.0, -3.5, -2.5, -1.5]","[1.5, 4.5, 6.0, 6.5]","[0.0, 3.7416575, 5.91608, 6.3245554]","[-3.0, 1.5, 3.0, 6.5]","[4.5, 6.0, 6.5]","[3.7416575, 5.91608, 6.3245554]","[3.0, 3.0, 6.5]",1,2,1,0,1.0,0.0,0
24956,2,2,1,"[0.5, 0.5, 0.5, 1.5, 1.5, 2.0, 2.5, 3.0, 4.5, 8.5]","[0.0, 0.0, 0.0, 1.4142135, 1.4142135, 1.7320508, 2.4494898, 2.828427, 3.7416575, 8.485281]","[3.5, 5.0]","[2.4494898, 5.0]","[-3.0, -2.5]","[3.5, 5.0]","[2.4494898, 5.0]","[-3.0, -2.5]","[5.0, 6.0]","[4.8989797, 5.91608]","[0.0, 0.5]",[6.5],[6.0],[4.5],1,0,1,0,1.0,0.0,0
73430,7,3,3,"[0.5, 1.0, 1.0, 1.0, 2.0, 2.5, 3.5, 4.0, 4.5, 5.5]","[0.0, 0.0, 0.0, 0.0, 0.0, 0.0, 2.0, 2.4494898, 4.2426405, 4.2426405]","[0.5, 1.0, 1.5, 2.0, 3.0, 3.0, 4.0]","[0.0, 0.0, 0.0, 0.0, 1.4142135, 2.236068, 4.0]","[-5.0, -4.5, -3.0, -3.0, -2.5, -2.0, -2.0]","[0.5, 1.5, 4.0]","[0.0, 1.4142135, 4.0]","[-5.0, -3.0, -3.0]","[4.0, 6.0, 7.0]","[3.4641016, 5.196152, 6.928203]","[2.5, 5.0, 6.0]","[4.0, 6.0, 7.0]","[3.4641016, 5.196152, 6.928203]","[2.5, 5.0, 6.0]",0,3,0,0,0.0,0.0,0
2130,6,3,1,"[0.0, 1.0, 1.0, 1.0, 1.5, 2.0, 2.5, 5.5, 5.5, 8.0]","[0.0, 0.0, 0.0, 0.0, 1.4142135, 2.0, 2.0, 4.8989797, 5.477226, 8.0]","[0.5, 1.5, 2.0, 3.0, 3.5, 3.5]","[0.0, 0.0, 0.0, 1.4142135, 1.7320508, 3.1622777]","[-5.0, -5.0, -3.5, -1.5, -1.5, -1.5]","[0.5, 1.5, 3.5]","[0.0, 0.0, 1.4142135]","[-5.0, -3.5, -1.5]","[1.5, 3.5, 9.0]","[0.0, 1.4142135, 9.0]","[-5.0, -3.5, 8.0]",[9.0],[9.0],[8.0],2,1,0,1,0.0,2.0,0
12853,10,4,1,"[0.5, 0.5, 0.5, 1.0, 2.0, 2.5, 3.5, 6.5, 7.5, 7.5]","[0.0, 0.0, 0.0, 0.0, 0.0, 0.0, 1.7320508, 6.0, 7.3484693, 7.483315]","[1.0, 1.5, 2.0, 2.0, 3.0, 3.0, 3.5, 3.5, 5.0, 6.0]","[0.0, 0.0, 0.0, 0.0, 2.236068, 2.4494898, 3.0, 3.1622777, 4.582576, 5.656854]","[-7.0, -5.0, -3.5, -3.5, -3.5, -3.5, -2.5, -2.5, -2.0, -2.0]","[1.0, 2.0, 2.0, 3.0]","[0.0, 0.0, 0.0, 3.0]","[-7.0, -5.0, -2.5, -2.0]","[2.5, 3.0, 5.5, 6.5]","[2.0, 2.236068, 4.8989797, 6.0]","[-3.0, -1.5, -1.5, 0.5]",[7.5],[7.3484693],[6.0],3,0,1,0,3.0,0.0,0
871,2,2,1,"[0.0, 0.5, 0.5, 1.5, 1.5, 1.5, 2.0, 2.5, 2.5, 7.0]","[0.0, 0.0, 0.0, 0.0, 0.0, 1.4142135, 1.4142135, 2.4494898, 2.4494898, 7.0]","[2.0, 2.5]","[0.0, 1.7320508]","[-3.0, -1.5]","[2.0, 2.5]","[0.0, 1.7320508]","[-3.0, -1.5]","[4.5, 8.0]","[4.472136, 8.0]","[1.0, 3.5]",[4.0],[3.4641016],[3.0],1,0,1,0,1.0,0.0,1
46825,3,2,2,"[0.0, 0.5, 0.5, 0.5, 2.0, 2.0, 3.0, 3.0, 4.0, 4.0]","[0.0, 0.0, 0.0, 0.0, 0.0, 0.0, 1.7320508, 2.0, 2.236068, 2.6457512]","[2.0, 2.5, 3.0]","[0.0, 2.0, 2.4494898]","[-4.5, -3.0, -1.0]","[2.0, 3.0]","[0.0, 2.0]","[-4.5, -1.0]","[6.5, 7.0]","[6.0, 7.0]","[6.0, 6.5]","[6.5, 7.0]","[6.0, 7.0]","[6.0, 6.5]",0,2,0,0,0.0,0.0,0
595,3,2,1,"[0.0, 0.0, 0.5, 1.0, 1.0, 1.5, 1.5, 3.5, 6.0, 6.0]","[0.0, 0.0, 0.0, 0.0, 1.0, 1.0, 1.4142135, 3.1622777, 5.91608, 5.91608]","[1.0, 2.0, 3.0]","[0.0, 0.0, 2.828427]","[-4.0, -3.0, -1.0]","[1.0, 2.0]","[0.0, 0.0]","[-3.0, -1.0]","[6.0, 7.5]","[5.196152, 7.3484693]","[2.5, 4.5]",[2.5],[2.4494898],[2.0],1,0,1,0,1.0,0.0,1
9663,5,3,3,"[0.5, 1.0, 1.5, 2.0, 2.5, 2.5, 3.0, 4.5, 5.0, 5.5]","[0.0, 0.0, 0.0, 2.0, 2.0, 2.4494898, 2.828427, 2.828427, 4.582576, 5.2915025]","[0.5, 1.5, 2.0, 2.5, 5.0]","[0.0, 0.0, 0.0, 2.0, 5.0]","[-5.0, -4.0, -3.5, -2.5, -1.5]","[0.5, 2.0, 2.5]","[0.0, 0.0, 2.0]","[-5.0, -3.5, -1.5]","[2.5, 3.0, 7.5]","[0.0, 2.0, 7.3484693]","[-1.0, 1.5, 6.5]","[2.5, 3.0, 7.5]","[0.0, 2.0, 7.3484693]","[-1.0, 1.5, 6.5]",0,3,0,0,0.0,0.0,0
974,7,3,1,"[0.0, 0.5, 1.5, 1.5, 2.0, 2.0, 2.5, 3.5, 4.0, 4.5]","[0.0, 0.0, 0.0, 0.0, 0.0, 0.0, 0.0, 1.7320508, 3.1622777, 3.7416575]","[0.5, 1.5, 1.5, 1.5, 1.5, 3.0, 3.0]","[0.0, 0.0, 1.4142135, 1.4142135, 1.4142135, 2.236068, 2.828427]","[-5.0, -4.5, -3.5, -3.0, -2.5, -2.5, -2.5]","[0.5, 1.5, 1.5]","[0.0, 0.0, 1.4142135]","[-2.5, -2.5, -2.5]","[3.0, 6.5, 7.0]","[2.828427, 6.4807405, 6.708204]","[0.5, 4.5, 5.0]",[6.5],[6.4807405],[5.5],2,0,1,0,2.0,0.0,1
16720,7,3,2,"[0.0, 1.0, 1.0, 1.5, 2.0, 3.0, 3.5, 5.0, 5.5, 6.5]","[0.0, 0.0, 0.0, 0.0, 0.0, 0.0, 0.0, 4.8989797, 5.2915025, 6.4807405]","[1.0, 1.5, 2.5, 3.0, 3.5, 4.0, 4.5]","[0.0, 1.0, 2.236068, 2.4494898, 3.1622777, 3.4641016, 4.472136]","[-4.0, -4.0, -3.0, -2.5, -2.5, -1.5, -1.5]","[1.0, 1.5, 3.0]","[0.0, 1.0, 2.236068]","[-4.0, -2.5, -1.5]","[4.0, 5.0, 5.5]","[3.8729835, 5.0, 5.477226]","[-1.5, 3.5, 5.0]","[5.0, 6.5]","[5.0, 6.0]","[4.5, 5.0]",1,1,1,0,1.0,0.0,0
30977,4,2,1,"[0.5, 0.5, 1.0, 1.0, 1.5, 2.0, 2.0, 2.5, 3.5, 7.0]","[0.0, 0.0, 0.0, 0.0, 0.0, 0.0, 0.0, 1.4142135, 1.7320508, 6.708204]","[2.0, 2.0, 3.5, 5.0]","[0.0, 0.0, 1.7320508, 4.8989797]","[-3.0, -3.0, -1.5, -1.5]","[2.0, 5.0]","[1.7320508, 4.8989797]","[-3.0, -3.0]","[2.0, 2.5]","[1.7320508, 2.4494898]","[-2.5, 0.0]",[6.0],[5.656854],[6.0],1,0,1,0,1.0,0.0,0
674,2,1,1,"[0.5, 1.0, 1.0, 1.0, 2.0, 2.5, 2.5, 3.0, 3.0, 3.5]","[0.0, 0.0, 0.0, 0.0, 0.0, 2.0, 2.0, 2.236068, 2.236068, 2.4494898]","[1.5, 2.0]","[0.0, 1.7320508]","[-3.5, -2.5]",[2.0],[1.7320508],[-2.5],[5.0],[4.8989797],[4.5],[5.0],[4.8989797],[4.5],0,1,0,0,0.0,0.0,1
638,5,3,1,"[0.0, 0.5, 1.5, 2.0, 2.0, 2.0, 2.5, 2.5, 5.5, 8.0]","[0.0, 0.0, 0.0, 1.4142135, 1.7320508, 1.7320508, 2.0, 2.0, 4.8989797, 7.937254]","[2.5, 3.0, 3.5, 4.0, 4.0]","[0.0, 0.0, 0.0, 2.4494898, 2.6457512]","[-2.5, -2.0, -1.5, -1.0, -1.0]","[3.0, 3.5, 4.0]","[0.0, 0.0, 2.6457512]","[-2.0, -1.5, -1.0]","[3.5, 6.0, 7.0]","[0.0, 5.196152, 6.928203]","[-2.0, -1.5, 4.0]",[3.0],[0.0],[0.5],2,0,1,0,2.0,0.0,1
502,5,3,2,"[0.0, 0.0, 0.5, 1.5, 1.5, 2.0, 2.0, 5.0, 5.0, 5.5]","[0.0, 0.0, 0.0, 0.0, 0.0, 0.0, 1.7320508, 3.0, 4.582576, 5.477226]","[1.5, 1.5, 2.0, 2.5, 3.5]","[0.0, 0.0, 0.0, 2.4494898, 2.4494898]","[-4.0, -2.5, -2.5, -2.0, -2.0]","[1.5, 2.5, 3.5]","[0.0, 2.4494898, 2.4494898]","[-4.0, -2.5, -2.0]","[1.0, 2.5, 3.0]","[0.0, 1.0, 2.828427]","[-2.5, -0.5, 1.5]","[2.5, 7.0]","[0.0, 6.928203]","[-0.5, 7.0]",1,1,1,0,1.0,0.0,1
47718,5,3,2,"[0.5, 1.0, 1.0, 1.5, 2.5, 2.5, 3.0, 3.5, 3.5, 7.0]","[0.0, 0.0, 0.0, 1.0, 1.0, 1.4142135, 2.4494898, 3.1622777, 3.1622777, 6.928203]","[1.0, 1.5, 2.5, 3.5, 4.5]","[1.0, 1.4142135, 2.0, 3.4641016, 4.2426405]","[-5.5, -4.5, -2.0, -2.0, -1.5]","[1.0, 1.5, 2.5]","[1.0, 1.4142135, 2.0]","[-5.5, -4.5, -1.5]","[2.5, 3.5, 5.5]","[0.0, 3.1622777, 4.8989797]","[-0.5, 0.5, 2.5]","[2.5, 6.0]","[0.0, 5.91608]","[0.5, 6.0]",1,1,1,0,1.0,0.0,0
367,11,3,0,"[0.0, 0.5, 0.5, 0.5, 3.0, 3.0, 5.5, 6.0, 6.5, 7.0]","[0.0, 0.0, 0.0, 0.0, 0.0, 3.0, 5.196152, 5.2915025, 6.0, 6.708204]","[1.0, 1.5, 2.0, 2.5, 3.0, 3.0, 3.5, 3.5, 3.5, 4.5, 5.0]","[0.0, 0.0, 0.0, 0.0, 0.0, 1.4142135, 2.828427, 3.1622777, 3.1622777, 3.4641016, 4.0]","[-7.0, -5.5, -5.5, -5.0, -3.0, -3.0, -3.0, -3.0, -2.5, -2.0, -2.0]","[1.0, 1.5, 2.0]","[0.0, 0.0, 1.4142135]","[-7.0, -5.0, -2.0]","[2.5, 3.5, 7.5]","[0.0, 3.1622777, 7.483315]","[-5.5, -3.0, 3.5]",[],[],[],3,0,0,1,0.0,3.0,1
894,6,2,1,"[0.0, 0.5, 1.0, 1.5, 1.5, 3.0, 3.5, 4.5, 5.0, 6.5]","[0.0, 0.0, 0.0, 0.0, 0.0, 0.0, 1.0, 3.4641016, 4.8989797, 6.4807405]","[2.0, 2.5, 2.5, 2.5, 3.0, 4.0]","[0.0, 0.0, 0.0, 2.236068, 2.4494898, 2.4494898]","[-5.0, -4.0, -3.5, -2.5, -2.0, -1.0]","[2.5, 2.5]","[0.0, 2.4494898]","[-4.0, -3.5]","[1.0, 4.0]","[0.0, 3.8729835]","[-2.5, -1.0]",[2.5],[2.0],[0.5],1,0,1,0,1.0,0.0,1
44861,2,2,2,"[0.0, 0.0, 0.0, 0.5, 1.5, 2.0, 2.0, 3.5, 4.0, 5.5]","[0.0, 0.0, 0.0, 0.0, 0.0, 0.0, 1.7320508, 2.6457512, 3.4641016, 4.2426405]","[2.0, 2.0]","[0.0, 1.7320508]","[-4.0, -3.5]","[2.0, 2.0]","[0.0, 1.7320508]","[-4.0, -3.5]","[3.0, 6.0]","[2.236068, 5.196152]","[0.0, 5.5]","[3.0, 6.0]","[2.236068, 5.196152]","[0.0, 5.5]",0,2,0,0,0.0,0.0,0
81867,9,4,2,"[0.0, 0.0, 2.5, 3.0, 3.5, 4.0, 4.5, 5.5, 5.5, 5.5]","[0.0, 0.0, 2.4494898, 3.0, 3.4641016, 3.7416575, 3.8729835, 4.2426405, 5.2915025, 5.2915025]","[2.0, 2.0, 2.0, 2.0, 2.5, 3.0, 3.0, 4.0, 4.0]","[0.0, 0.0, 1.7320508, 1.7320508, 1.7320508, 2.236068, 2.4494898, 2.828427, 3.4641016]","[-4.0, -4.0, -4.0, -3.5, -3.0, -2.5, -2.0, -2.0, -1.5]","[2.0, 2.0, 2.5, 3.0]","[1.7320508, 1.7320508, 2.4494898, 2.828427]","[-4.0, -3.0, -2.5, -2.0]","[4.5, 4.5, 4.5, 5.5]","[0.0, 3.7416575, 4.2426405, 4.2426405]","[1.0, 1.0, 1.0, 2.5]","[2.5, 8.5]","[0.0, 8.485281]","[-0.5, 6.0]",2,0,2,0,1.0,0.0,0
5637,11,3,2,"[0.5, 0.5, 0.5, 1.0, 1.0, 2.5, 4.5, 6.0, 7.0, 7.5]","[0.0, 0.0, 0.0, 0.0, 1.0, 2.4494898, 4.2426405, 5.196152, 7.0, 7.3484693]","[1.0, 2.0, 2.0, 2.0, 2.5, 2.5, 3.0, 3.5, 4.0, 4.0, 5.5]","[0.0, 0.0, 0.0, 0.0, 0.0, 1.7320508, 2.0, 2.236068, 2.4494898, 2.4494898, 5.2915025]","[-6.5, -5.5, -4.0, -4.0, -4.0, -4.0, -2.5, -2.0, -2.0, -1.5, -1.0]","[1.0, 2.0, 2.5]","[0.0, 2.0, 2.4494898]","[-4.0, -4.0, -4.0]","[4.0, 4.5, 5.5]","[0.0, 4.472136, 4.8989797]","[-4.0, 0.0, 2.0]","[4.5, 5.0]","[4.472136, 4.8989797]","[0.0, 1.0]",1,1,1,0,1.0,0.0,0
37,2,1,1,"[0.5, 1.5, 1.5, 2.0, 2.0, 2.0, 3.0, 3.5, 4.0, 6.0]","[0.0, 0.0, 0.0, 0.0, 0.0, 1.4142135, 2.4494898, 3.0, 3.4641016, 5.656854]","[1.5, 2.0]","[1.4142135, 2.0]","[-3.5, -1.5]",[1.5],[1.4142135],[-3.5],[7.0],[6.928203],[2.5],[7.0],[6.928203],[2.5],0,1,0,0,0.0,0.0,1
1012,6,3,1,"[0.5, 0.5, 0.5, 1.0, 2.0, 2.5, 3.0, 4.0, 6.0, 7.0]","[0.0, 0.0, 0.0, 0.0, 1.7320508, 2.4494898, 2.6457512, 2.828427, 5.91608, 7.0]","[0.5, 1.0, 2.0, 2.5, 2.5, 2.5]","[0.0, 0.0, 0.0, 1.7320508, 2.0, 2.4494898]","[-6.0, -4.5, -3.5, -2.5, -2.0, -1.0]","[0.5, 1.0, 2.5]","[0.0, 0.0, 2.4494898]","[-6.0, -3.5, -2.0]","[1.0, 2.5, 8.5]","[0.0, 2.4494898, 8.485281]","[-6.0, -3.5, 7.5]",[8.5],[8.485281],[7.5],2,1,0,1,0.0,2.0,1
79291,13,5,2,"[0.5, 0.5, 1.0, 1.0, 1.5, 2.0, 5.0, 7.0, 7.0, 8.0]","[0.0, 0.0, 0.0, 0.0, 0.0, 1.0, 3.0, 6.708204, 6.928203, 8.0]","[1.0, 1.5, 2.0, 2.0, 2.5, 2.5, 2.5, 3.5, 3.5, 3.5, 4.5, 5.5, 6.0]","[0.0, 0.0, 0.0, 1.4142135, 1.7320508, 2.0, 2.4494898, 2.4494898, 2.4494898, 3.1622777, 4.472136, 4.8989797, 6.0]","[-6.5, -5.0, -4.5, -4.5, -4.5, -4.0, -4.0, -3.0, -3.0, -3.0, -2.5, -2.0, -2.0]","[1.0, 1.5, 2.0, 2.5, 3.5]","[0.0, 0.0, 0.0, 1.4142135, 2.0]","[-4.5, -4.5, -3.0, -3.0, -2.0]","[1.5, 2.5, 3.5, 3.5, 7.5]","[1.4142135, 2.4494898, 3.1622777, 3.4641016, 7.483315]","[-6.5, -4.5, -1.0, 3.0, 4.5]","[4.5, 5.0]","[4.0, 4.472136]","[0.5, 5.0]",3,0,2,0,1.5,0.0,0
13752,5,2,2,"[0.0, 0.5, 1.5, 2.0, 2.0, 2.0, 3.5, 4.5, 5.0, 6.5]","[0.0, 0.0, 0.0, 1.4142135, 1.7320508, 2.0, 3.1622777, 4.2426405, 4.8989797, 6.0]","[1.5, 2.5, 2.5, 2.5, 3.5]","[0.0, 0.0, 1.4142135, 2.0, 2.4494898]","[-5.0, -4.5, -3.0, -2.5, -2.0]","[1.5, 2.5]","[1.4142135, 2.4494898]","[-5.0, -3.0]","[3.0, 3.0]","[2.828427, 2.828427]","[0.0, 1.0]","[3.0, 3.0]","[2.828427, 2.828427]","[0.0, 1.0]",0,2,0,0,0.0,0.0,0
101,7,3,3,"[0.0, 1.5, 2.5, 2.5, 3.0, 3.0, 3.0, 4.0, 4.5, 5.0]","[0.0, 0.0, 0.0, 0.0, 0.0, 2.4494898, 2.4494898, 2.828427, 3.8729835, 4.0]","[1.0, 1.0, 1.0, 1.5, 2.5, 3.0, 3.5]","[0.0, 0.0, 0.0, 1.0, 1.0, 3.0, 3.4641016]","[-6.5, -6.5, -4.5, -4.0, -3.5, -3.0, -3.0]","[1.0, 1.0, 3.0]","[1.0, 1.0, 3.0]","[-6.5, -4.0, -3.0]","[2.0, 6.0, 7.0]","[1.7320508, 5.196152, 6.708204]","[-0.5, 5.0, 7.0]","[2.0, 6.0, 7.0]","[1.7320508, 5.196152, 6.708204]","[-0.5, 5.0, 7.0]",0,3,0,0,0.0,0.0,1
88634,10,2,2,"[0.5, 1.5, 1.5, 1.5, 2.0, 3.5, 3.5, 4.5, 6.0, 7.5]","[0.0, 0.0, 0.0, 0.0, 1.4142135, 1.7320508, 3.1622777, 3.1622777, 5.196152, 7.3484693]","[1.0, 2.0, 2.0, 2.5, 2.5, 3.0, 3.0, 4.5, 4.5, 7.0]","[0.0, 0.0, 1.0, 1.7320508, 2.0, 2.828427, 2.828427, 3.7416575, 3.7416575, 6.928203]","[-6.0, -4.5, -4.5, -4.0, -3.0, -3.0, -2.0, -2.0, -2.0, -1.5]","[1.0, 3.0]","[1.0, 2.828427]","[-6.0, -4.0]","[3.5, 7.5]","[3.4641016, 7.483315]","[2.5, 5.0]","[3.5, 7.5]","[3.4641016, 7.483315]","[2.5, 5.0]",0,2,0,0,0.0,0.0,0
83,5,2,2,"[0.0, 0.5, 1.5, 1.5, 3.0, 3.0, 3.0, 3.5, 3.5, 4.5]","[0.0, 0.0, 0.0, 0.0, 0.0, 0.0, 1.4142135, 2.236068, 2.4494898, 2.828427]","[1.0, 1.5, 3.5, 4.0, 5.5]","[0.0, 0.0, 3.1622777, 3.4641016, 4.8989797]","[-6.5, -2.5, -2.0, -1.5, -1.0]","[1.0, 4.0]","[0.0, 3.4641016]","[-6.5, -2.5]","[3.0, 3.5]","[2.236068, 3.1622777]","[3.0, 3.0]","[3.0, 3.5]","[2.236068, 3.1622777]","[3.0, 3.0]",0,2,0,0,0.0,0.0,1
456,3,2,2,"[0.5, 0.5, 0.5, 1.5, 1.5, 2.0, 2.5, 3.0, 3.5, 5.0]","[0.0, 0.0, 0.0, 0.0, 0.0, 0.0, 1.4142135, 2.4494898, 3.0, 4.8989797]","[1.0, 2.5, 3.5]","[1.0, 2.4494898, 3.4641016]","[-3.5, -2.0, -1.5]","[1.0, 2.5]","[1.0, 2.4494898]","[-3.5, -2.0]","[3.0, 4.0]","[2.236068, 2.6457512]","[0.5, 1.5]","[3.0, 4.0]","[2.236068, 2.6457512]","[0.5, 1.5]",0,2,0,0,0.0,0.0,1
41826,9,2,2,"[0.0, 1.0, 1.0, 1.5, 3.0, 4.0, 4.0, 5.0, 5.5, 6.0]","[0.0, 0.0, 0.0, 0.0, 0.0, 1.0, 3.0, 3.8729835, 4.8989797, 5.196152]","[1.5, 1.5, 2.0, 2.0, 2.0, 2.0, 2.5, 3.0, 5.0]","[0.0, 0.0, 0.0, 1.4142135, 1.4142135, 1.7320508, 2.0, 2.0, 4.582576]","[-6.0, -5.5, -4.0, -4.0, -3.5, -3.0, -2.5, -2.0, -1.5]","[1.5, 1.5]","[1.4142135, 1.4142135]","[-5.5, -4.0]","[2.5, 4.5]","[2.0, 4.2426405]","[0.0, 3.0]","[2.5, 4.5]","[2.0, 4.2426405]","[0.0, 3.0]",0,2,0,0,0.0,0.0,0
63303,3,2,2,"[0.0, 0.5, 1.0, 1.0, 1.5, 2.5, 3.0, 4.0, 4.0, 6.0]","[0.0, 0.0, 0.0, 0.0, 0.0, 0.0, 0.0, 1.0, 2.6457512, 5.656854]","[1.5, 2.5, 5.0]","[1.4142135, 2.0, 4.582576]","[-3.5, -2.0, -1.5]","[1.5, 5.0]","[1.4142135, 4.582576]","[-3.5, -1.5]","[4.5, 7.5]","[4.472136, 7.483315]","[4.5, 5.5]","[4.5, 7.5]","[4.472136, 7.483315]","[4.5, 5.5]",0,2,0,0,0.0,0.0,0
941,12,5,1,"[0.5, 1.0, 1.5, 2.0, 3.5, 4.5, 5.0, 5.0, 6.5, 7.0]","[0.0, 0.0, 0.0, 0.0, 1.4142135, 2.0, 3.0, 5.0, 6.4807405, 6.708204]","[0.5, 1.0, 1.5, 2.0, 2.5, 3.0, 3.0, 3.5, 4.5, 5.0, 5.0, 7.0]","[0.0, 1.0, 1.4142135, 1.7320508, 2.0, 2.828427, 2.828427, 3.0, 3.1622777, 4.582576, 4.8989797, 6.928203]","[-6.0, -5.5, -5.5, -4.5, -4.5, -3.0, -3.0, -2.5, -2.5, -2.0, -1.0, -1.0]","[0.5, 1.0, 2.0, 2.5, 3.0]","[0.0, 1.0, 1.7320508, 2.0, 3.0]","[-4.5, -4.5, -3.0, -2.5, -2.0]","[2.5, 3.0, 3.5, 5.5, 6.0]","[2.0, 3.0, 3.4641016, 4.8989797, 5.656854]","[-4.5, -2.5, -2.0, 0.0, 4.5]",[5.0],[4.8989797],[3.5],4,0,1,1,2.0,2.0,1
38662,3,1,1,"[1.0, 1.0, 1.5, 1.5, 1.5, 1.5, 2.5, 3.0, 4.0, 7.0]","[0.0, 0.0, 0.0, 0.0, 1.0, 1.0, 1.4142135, 2.0, 2.828427, 6.708204]","[3.0, 4.0, 4.0]","[0.0, 2.236068, 2.6457512]","[-4.5, -2.5, -2.0]",[3.0],[2.236068],[-2.5],[3.5],[2.4494898],[3.5],[3.5],[2.4494898],[3.5],0,1,0,0,0.0,0.0,0
510,5,2,1,"[0.0, 0.5, 0.5, 0.5, 1.0, 1.0, 1.5, 1.5, 7.0, 8.0]","[0.0, 0.0, 0.0, 0.0, 0.0, 0.0, 0.0, 1.0, 6.928203, 8.0]","[0.5, 2.5, 3.0, 3.5, 5.0]","[0.0, 0.0, 2.0, 3.0, 4.582576]","[-5.0, -4.0, -3.0, -3.0, -1.0]","[0.5, 3.0]","[0.0, 3.0]","[-5.0, -4.0]","[3.5, 5.0]","[2.4494898, 4.582576]","[-3.0, 0.5]",[4.5],[2.828427],[0.5],1,0,1,0,1.0,0.0,1
21,10,4,2,"[0.0, 0.5, 1.0, 1.5, 3.0, 3.0, 3.5, 5.5, 7.5, 9.0]","[0.0, 0.0, 0.0, 0.0, 1.0, 2.4494898, 2.828427, 4.8989797, 7.3484693, 9.0]","[0.5, 1.5, 1.5, 2.0, 2.5, 2.5, 2.5, 2.5, 3.5, 4.5]","[0.0, 0.0, 0.0, 0.0, 0.0, 1.4142135, 2.0, 2.4494898, 3.1622777, 4.472136]","[-7.0, -6.5, -6.0, -5.0, -5.0, -3.5, -3.5, -1.5, -1.5, -1.5]","[0.5, 1.5, 1.5, 4.5]","[0.0, 0.0, 1.4142135, 4.472136]","[-7.0, -6.0, -1.5, -1.5]","[4.5, 4.5, 6.5, 8.5]","[3.7416575, 4.2426405, 6.4807405, 8.485281]","[-0.5, 0.0, 2.5, 2.5]","[4.0, 4.5]","[2.6457512, 3.7416575]","[-0.5, 4.0]",2,1,1,0,2.0,0.0,1
76524,3,1,1,"[0.0, 0.5, 1.0, 1.5, 1.5, 2.0, 2.5, 3.5, 3.5, 5.0]","[0.0, 0.0, 0.0, 0.0, 1.0, 1.7320508, 2.4494898, 2.4494898, 2.4494898, 4.0]","[2.5, 2.5, 3.0]","[0.0, 2.4494898, 2.4494898]","[-4.0, -3.0, -2.0]",[2.5],[2.4494898],[-3.0],[5.5],[5.477226],[4.0],[5.5],[5.477226],[4.0],0,1,0,0,0.0,0.0,0
713,1,1,1,"[0.5, 0.5, 1.0, 1.0, 1.5, 2.0, 2.0, 3.5, 3.5, 6.5]","[0.0, 0.0, 0.0, 1.0, 1.4142135, 1.7320508, 1.7320508, 3.1622777, 3.4641016, 6.4807405]",[1.5],[0.0],[-2.5],[1.5],[0.0],[-2.5],[5.0],[4.0],[0.5],[5.0],[4.0],[0.5],0,1,0,0,0.0,0.0,1
273,1,1,1,"[0.0, 0.5, 1.0, 1.0, 1.0, 2.0, 3.0, 4.0, 4.5, 5.0]","[0.0, 0.0, 0.0, 0.0, 0.0, 1.0, 2.0, 3.7416575, 3.8729835, 5.0]",[2.0],[1.7320508],[-2.0],[2.0],[1.7320508],[-2.0],[5.0],[4.8989797],[4.0],[5.0],[4.8989797],[4.0],0,1,0,0,0.0,0.0,1
15843,4,2,2,"[0.0, 0.5, 0.5, 1.5, 2.0, 2.5, 3.5, 3.5, 5.5, 6.0]","[0.0, 0.0, 0.0, 0.0, 0.0, 1.4142135, 3.1622777, 3.1622777, 4.8989797, 5.196152]","[3.0, 4.0, 4.0, 4.0]","[0.0, 0.0, 2.6457512, 4.0]","[-3.0, -2.5, -1.0, -1.0]","[3.0, 4.0]","[0.0, 4.0]","[-3.0, -1.0]","[5.0, 6.5]","[4.8989797, 6.0]","[3.5, 5.5]","[5.0, 6.5]","[4.8989797, 6.0]","[3.5, 5.5]",0,2,0,0,0.0,0.0,0
41195,3,2,2,"[0.0, 0.5, 0.5, 0.5, 1.0, 1.5, 1.5, 5.0, 5.0, 6.5]","[0.0, 0.0, 0.0, 0.0, 0.0, 0.0, 0.0, 4.582576, 4.582576, 6.0]","[2.5, 3.0, 4.0]","[0.0, 0.0, 0.0]","[-2.0, -1.5, -1.0]","[2.5, 4.0]","[0.0, 0.0]","[-1.5, -1.0]","[4.0, 5.5]","[3.8729835, 5.2915025]","[2.0, 4.0]","[4.0, 5.5]","[3.8729835, 5.2915025]","[2.0, 4.0]",0,2,0,0,0.0,0.0,0
1004,9,3,2,"[0.0, 1.0, 1.0, 2.5, 3.0, 3.5, 5.0, 5.5, 7.0, 7.5]","[0.0, 0.0, 0.0, 0.0, 1.0, 2.4494898, 4.8989797, 5.477226, 6.928203, 7.483315]","[1.0, 1.0, 2.0, 2.0, 2.5, 3.0, 3.5, 4.0, 5.0]","[0.0, 0.0, 0.0, 2.0, 2.0, 2.236068, 2.6457512, 3.4641016, 4.582576]","[-7.0, -4.5, -4.5, -4.0, -4.0, -3.0, -2.5, -2.5, -2.0]","[1.0, 1.0, 3.5]","[0.0, 0.0, 3.4641016]","[-7.0, -4.5, -3.0]","[2.0, 5.5, 6.0]","[2.0, 5.196152, 5.2915025]","[-4.0, -0.5, 5.0]","[4.0, 5.5]","[3.8729835, 5.2915025]","[-1.0, 5.0]",1,1,1,0,1.0,0.0,1
205,10,2,1,"[0.0, 0.5, 1.5, 1.5, 2.0, 3.0, 4.5, 5.0, 6.5, 7.5]","[0.0, 0.0, 0.0, 0.0, 2.0, 2.236068, 4.472136, 4.582576, 6.0, 7.483315]","[1.5, 1.5, 2.5, 3.0, 3.0, 3.0, 3.5, 4.0, 5.0, 5.5]","[0.0, 0.0, 1.4142135, 2.4494898, 2.828427, 2.828427, 2.828427, 3.4641016, 4.582576, 5.2915025]","[-5.5, -4.0, -4.0, -3.5, -3.0, -3.0, -2.5, -2.5, -1.5, -1.5]","[1.5, 3.0]","[1.4142135, 2.828427]","[-4.0, -2.5]","[2.5, 3.0]","[2.4494898, 2.828427]","[-5.5, -1.0]",[1.5],[0.0],[-3.0],1,0,1,0,1.0,0.0,1
363,8,3,3,"[0.5, 1.0, 1.0, 1.0, 3.0, 3.5, 4.0, 5.0, 6.5, 6.5]","[0.0, 0.0, 0.0, 0.0, 2.236068, 2.6457512, 3.4641016, 4.0, 6.4807405, 6.4807405]","[0.5, 0.5, 1.5, 2.0, 2.5, 3.0, 3.5, 5.0]","[0.0, 0.0, 0.0, 0.0, 1.4142135, 2.0, 3.1622777, 4.582576]","[-7.0, -5.5, -4.0, -3.5, -3.5, -2.5, -2.5, -1.0]","[0.5, 0.5, 1.5]","[0.0, 0.0, 1.4142135]","[-7.0, -5.5, -4.0]","[3.5, 3.5, 4.0]","[0.0, 3.4641016, 3.4641016]","[-2.0, 1.5, 2.0]","[3.5, 3.5, 4.0]","[0.0, 3.4641016, 3.4641016]","[-2.0, 1.5, 2.0]",0,3,0,0,0.0,0.0,1
926,2,2,1,"[0.5, 1.0, 1.0, 1.0, 1.0, 1.5, 1.5, 2.0, 2.0, 5.5]","[0.0, 0.0, 0.0, 0.0, 0.0, 0.0, 1.0, 1.4142135, 1.7320508, 5.477226]","[2.0, 2.0]","[0.0, 1.7320508]","[-2.5, -1.5]","[2.0, 2.0]","[0.0, 1.7320508]","[-2.5, -1.5]","[1.0, 3.0]","[1.0, 2.236068]","[-1.5, 0.0]",[5.0],[4.582576],[5.0],1,0,1,0,1.0,0.0,1
81544,5,3,3,"[0.0, 0.0, 1.5, 2.0, 2.5, 3.5, 4.0, 4.0, 5.0, 5.5]","[0.0, 0.0, 1.4142135, 1.7320508, 2.0, 2.6457512, 3.0, 3.1622777, 4.0, 5.477226]","[1.0, 1.5, 2.5, 2.5, 3.5]","[0.0, 0.0, 2.0, 2.4494898, 3.1622777]","[-4.0, -3.5, -3.5, -3.0, -1.5]","[1.0, 1.5, 3.5]","[0.0, 0.0, 3.1622777]","[-4.0, -3.5, -1.5]","[4.0, 4.5, 7.0]","[0.0, 3.7416575, 6.928203]","[1.0, 2.5, 3.5]","[4.0, 4.5, 7.0]","[0.0, 3.7416575, 6.928203]","[1.0, 2.5, 3.5]",0,3,0,0,0.0,0.0,0
79775,3,3,2,"[0.0, 0.5, 1.0, 1.5, 1.5, 3.5, 4.0, 4.5, 5.5, 7.0]","[0.0, 0.0, 0.0, 1.0, 1.4142135, 2.4494898, 3.4641016, 3.7416575, 4.8989797, 6.928203]","[2.5, 3.0, 4.0]","[2.0, 2.236068, 3.4641016]","[-4.0, -3.0, -2.5]","[2.5, 3.0, 4.0]","[2.0, 2.236068, 3.4641016]","[-4.0, -3.0, -2.5]","[3.0, 4.5, 6.0]","[0.0, 3.7416575, 5.91608]","[-2.0, 2.5, 3.0]","[4.5, 5.0]","[3.0, 3.7416575]","[3.0, 3.5]",1,1,1,0,1.0,0.0,0
27314,6,3,2,"[0.5, 0.5, 1.0, 2.0, 2.0, 2.5, 3.0, 3.5, 5.0, 5.5]","[0.0, 0.0, 0.0, 0.0, 0.0, 1.7320508, 2.4494898, 3.1622777, 4.2426405, 4.582576]","[0.5, 2.0, 2.5, 3.5, 4.0, 4.0]","[0.0, 0.0, 0.0, 1.7320508, 2.4494898, 3.4641016]","[-4.5, -3.5, -3.5, -2.5, -1.0, -1.0]","[0.5, 2.0, 2.5]","[0.0, 1.7320508, 2.4494898]","[-4.5, -3.5, -2.5]","[3.0, 4.0, 4.5]","[2.828427, 3.4641016, 3.7416575]","[-1.5, 1.5, 3.0]","[4.0, 6.0]","[3.4641016, 5.656854]","[1.5, 5.0]",1,1,1,0,1.0,0.0,0
895,7,3,3,"[0.0, 0.5, 1.0, 1.5, 1.5, 3.0, 4.5, 4.5, 5.0, 5.5]","[0.0, 0.0, 0.0, 0.0, 1.0, 3.0, 4.0, 4.2426405, 4.2426405, 4.2426405]","[1.0, 3.5, 4.0, 4.0, 4.0, 5.0, 5.0]","[0.0, 2.6457512, 3.1622777, 3.4641016, 3.8729835, 4.0, 4.582576]","[-3.5, -3.5, -2.0, -2.0, -2.0, -1.0, -1.0]","[1.0, 4.0, 5.0]","[0.0, 3.8729835, 4.582576]","[-3.5, -2.0, -1.0]","[4.0, 5.5, 6.5]","[0.0, 4.8989797, 6.0]","[1.5, 4.0, 5.5]","[4.0, 5.5, 6.5]","[0.0, 4.8989797, 6.0]","[1.5, 4.0, 5.5]",0,3,0,0,0.0,0.0,1
67,2,2,2,"[0.5, 0.5, 0.5, 1.0, 1.5, 2.0, 2.5, 4.0, 4.0, 4.5]","[0.0, 0.0, 0.0, 1.0, 1.4142135, 2.0, 2.4494898, 2.6457512, 4.0, 4.472136]","[0.5, 3.5]","[0.0, 2.4494898]","[-1.0, -1.0]","[0.5, 3.5]","[0.0, 2.4494898]","[-1.0, -1.0]","[4.0, 5.0]","[3.8729835, 4.0]","[2.5, 3.0]","[4.0, 5.0]","[3.8729835, 4.0]","[2.5, 3.0]",0,2,0,0,0.0,0.0,1
66049,5,2,2,"[0.0, 0.5, 1.0, 2.5, 2.5, 2.5, 2.5, 3.5, 3.5, 6.5]","[0.0, 0.0, 0.0, 0.0, 0.0, 0.0, 0.0, 0.0, 0.0, 6.0]","[1.5, 2.0, 2.5, 3.0, 5.5]","[0.0, 0.0, 2.0, 2.4494898, 5.477226]","[-5.0, -5.0, -4.5, -2.5, -1.5]","[1.5, 2.0]","[0.0, 2.0]","[-5.0, -1.5]","[3.5, 4.5]","[0.0, 2.828427]","[1.5, 4.5]","[3.5, 4.5]","[0.0, 2.828427]","[1.5, 4.5]",0,2,0,0,0.0,0.0,0
68192,1,1,1,"[0.0, 0.0, 1.0, 1.0, 2.0, 3.5, 3.5, 4.0, 4.0, 4.5]","[0.0, 0.0, 0.0, 1.0, 1.7320508, 2.4494898, 2.6457512, 3.1622777, 3.4641016, 3.7416575]",[1.5],[1.4142135],[-3.0],[1.5],[1.4142135],[-3.0],[9.0],[9.0],[5.5],[9.0],[9.0],[5.5],0,1,0,0,0.0,0.0,0
965,9,4,3,"[0.0, 0.5, 1.0, 2.0, 2.5, 4.5, 4.5, 5.0, 5.5, 5.5]","[0.0, 0.0, 0.0, 0.0, 2.0, 2.828427, 4.472136, 4.8989797, 4.8989797, 5.2915025]","[0.5, 1.0, 1.0, 1.5, 1.5, 2.5, 3.0, 3.0, 3.5]","[0.0, 1.0, 1.0, 1.4142135, 1.4142135, 2.4494898, 2.828427, 3.0, 3.4641016]","[-5.0, -5.0, -4.5, -4.0, -3.5, -2.0, -2.0, -1.5, -1.0]","[0.5, 1.0, 1.0, 1.5]","[0.0, 1.0, 1.0, 1.4142135]","[-5.0, -5.0, -4.0, -2.0]","[3.0, 4.5, 6.0, 7.0]","[2.236068, 3.7416575, 5.91608, 7.0]","[-1.0, 1.0, 1.5, 4.0]","[4.5, 6.0, 8.0]","[3.7416575, 5.91608, 8.0]","[1.5, 3.5, 4.0]",1,2,1,0,1.0,0.0,1
7,5,2,2,"[0.0, 1.5, 1.5, 1.5, 2.5, 2.5, 4.0, 4.0, 4.0, 5.0]","[0.0, 0.0, 0.0, 0.0, 0.0, 1.4142135, 2.4494898, 3.8729835, 3.8729835, 5.0]","[1.0, 1.5, 2.0, 2.5, 3.5]","[0.0, 1.4142135, 2.0, 2.0, 3.1622777]","[-4.5, -3.5, -3.0, -2.0, -1.0]","[1.0, 1.5]","[0.0, 1.4142135]","[-4.5, -3.5]","[6.5, 7.0]","[6.0, 6.928203]","[2.5, 4.5]","[6.5, 7.0]","[6.0, 6.928203]","[2.5, 4.5]",0,2,0,0,0.0,0.0,1
38,7,4,2,"[0.5, 1.0, 1.0, 1.0, 1.5, 3.5, 4.0, 5.0, 5.5, 6.0]","[0.0, 0.0, 1.0, 1.0, 1.4142135, 2.4494898, 3.8729835, 4.0, 5.477226, 5.91608]","[0.5, 1.0, 1.5, 1.5, 2.5, 2.5, 3.0]","[0.0, 0.0, 0.0, 1.4142135, 2.0, 2.4494898, 2.828427]","[-4.5, -4.0, -3.5, -3.0, -3.0, -2.5, -2.0]","[0.5, 1.0, 1.5, 3.0]","[0.0, 0.0, 1.4142135, 2.828427]","[-4.5, -3.0, -3.0, -2.0]","[1.5, 2.0, 5.5, 6.5]","[0.0, 0.0, 4.2426405, 6.3245554]","[-2.5, -1.5, 1.0, 4.5]","[4.5, 5.5]","[3.7416575, 4.2426405]","[3.0, 4.5]",2,1,1,0,2.0,0.0,1
85295,3,3,2,"[1.0, 1.5, 1.5, 2.0, 2.0, 3.0, 3.0, 3.0, 3.5, 7.0]","[0.0, 0.0, 0.0, 0.0, 1.4142135, 1.7320508, 2.828427, 2.828427, 2.828427, 6.928203]","[3.0, 3.0, 3.5]","[0.0, 2.4494898, 2.828427]","[-2.0, -1.5, -1.5]","[3.0, 3.0, 3.5]","[0.0, 2.4494898, 2.828427]","[-2.0, -1.5, -1.5]","[4.5, 6.5, 7.5]","[3.7416575, 6.4807405, 7.483315]","[0.5, 3.5, 5.5]","[5.5, 6.5]","[5.2915025, 6.4807405]","[4.5, 5.5]",1,1,1,0,1.0,0.0,0
600,2,1,1,"[0.0, 0.0, 0.5, 0.5, 1.0, 1.5, 2.5, 3.0, 4.5, 6.5]","[0.0, 0.0, 0.0, 0.0, 0.0, 0.0, 0.0, 1.4142135, 2.236068, 6.4807405]","[3.5, 4.5]","[3.4641016, 3.7416575]","[-3.5, -2.5]",[4.5],[3.7416575],[-3.5],[7.0],[6.928203],[4.0],[7.0],[6.928203],[4.0],0,1,0,0,0.0,0.0,1
37389,1,1,1,"[0.5, 1.0, 1.0, 1.5, 2.0, 2.5, 3.0, 3.0, 4.0, 5.0]","[0.0, 0.0, 0.0, 0.0, 0.0, 0.0, 0.0, 0.0, 4.0, 4.0]",[2.0],[0.0],[-4.0],[2.0],[0.0],[-4.0],[7.0],[6.708204],[4.0],[7.0],[6.708204],[4.0],0,1,0,0,0.0,0.0,0
71015,15,5,1,"[0.5, 1.0, 1.0, 1.0, 2.0, 3.0, 3.5, 7.0, 7.0, 7.5]","[0.0, 0.0, 0.0, 0.0, 1.7320508, 2.828427, 3.1622777, 6.708204, 6.928203, 7.3484693]","[1.5, 1.5, 2.0, 2.0, 2.5, 2.5, 3.0, 3.0, 3.5, 3.5, 3.5, 3.5, 3.5, 4.0, 6.0]","[0.0, 0.0, 0.0, 0.0, 0.0, 0.0, 1.4142135, 2.0, 2.236068, 2.4494898, 2.828427, 3.1622777, 3.4641016, 3.4641016, 5.91608]","[-5.5, -5.5, -4.0, -3.5, -3.5, -3.0, -3.0, -2.5, -2.5, -2.5, -2.5, -2.5, -1.5, -1.5, -1.0]","[1.5, 2.0, 2.0, 3.0, 3.5]","[0.0, 0.0, 2.0, 2.236068, 2.4494898]","[-5.5, -3.5, -2.5, -1.5, -1.0]","[1.5, 2.5, 5.0, 6.0, 7.5]","[0.0, 1.4142135, 4.8989797, 5.656854, 7.483315]","[-4.0, -1.5, -0.5, 1.0, 1.5]",[4.5],[3.7416575],[3.0],4,0,1,0,4.0,0.0,0
644,2,2,0,"[0.0, 0.5, 0.5, 1.0, 1.5, 2.0, 3.0, 3.5, 5.0, 6.5]","[0.0, 0.0, 0.0, 0.0, 0.0, 0.0, 1.4142135, 3.1622777, 4.582576, 6.0]","[1.0, 2.5]","[0.0, 2.4494898]","[-5.5, -2.5]","[1.0, 2.5]","[0.0, 2.4494898]","[-5.5, -2.5]","[1.0, 2.5]","[0.0, 2.4494898]","[-5.5, -2.5]",[],[],[],2,0,0,1,0.0,2.0,1
97433,5,3,1,"[0.0, 1.0, 1.0, 1.5, 2.5, 2.5, 2.5, 3.5, 5.0, 7.0]","[0.0, 0.0, 0.0, 0.0, 0.0, 1.0, 1.4142135, 2.4494898, 5.0, 6.708204]","[1.0, 2.5, 3.0, 3.0, 3.5]","[0.0, 2.0, 2.828427, 2.828427, 3.4641016]","[-4.5, -2.5, -2.0, -2.0, -1.5]","[1.0, 2.5, 3.0]","[0.0, 2.0, 2.828427]","[-4.5, -2.5, -2.0]","[2.5, 3.0, 6.5]","[2.0, 2.828427, 6.4807405]","[-4.5, -2.0, 5.5]",[6.5],[6.4807405],[5.5],2,1,0,1,0.0,2.0,0
21200,4,2,2,"[0.0, 0.5, 0.5, 1.5, 1.5, 3.0, 3.0, 3.5, 4.5, 6.0]","[0.0, 0.0, 0.0, 0.0, 0.0, 2.828427, 3.0, 3.4641016, 4.2426405, 5.196152]","[2.0, 2.0, 2.5, 3.0]","[0.0, 1.7320508, 2.0, 2.828427]","[-2.5, -2.0, -1.0, -1.0]","[2.0, 2.0]","[1.7320508, 2.0]","[-2.5, -1.0]","[2.5, 6.5]","[2.0, 6.0]","[-3.5, 3.0]","[2.5, 6.5]","[2.0, 6.0]","[-3.5, 3.0]",0,2,0,0,0.0,0.0,0
802,8,2,2,"[0.0, 0.0, 0.0, 1.5, 2.0, 3.5, 4.0, 4.5, 6.0, 7.0]","[0.0, 0.0, 0.0, 0.0, 1.7320508, 2.6457512, 2.828427, 3.4641016, 5.656854, 6.928203]","[1.0, 1.5, 3.0, 3.0, 3.5, 3.5, 4.0, 4.5]","[0.0, 0.0, 0.0, 2.4494898, 2.828427, 3.1622777, 3.7416575, 3.8729835]","[-6.5, -4.5, -3.5, -2.0, -2.0, -2.0, -2.0, -1.5]","[1.0, 1.5]","[0.0, 0.0]","[-6.5, -4.5]","[2.5, 4.5]","[2.4494898, 4.2426405]","[-0.5, 0.5]","[2.5, 4.5]","[2.4494898, 4.2426405]","[-0.5, 0.5]",0,2,0,0,0.0,0.0,1
7851,12,4,2,"[0.0, 0.5, 2.0, 2.0, 2.0, 3.0, 4.0, 5.5, 5.5, 5.5]","[0.0, 0.0, 0.0, 0.0, 1.7320508, 2.236068, 4.0, 4.2426405, 4.2426405, 5.477226]","[1.5, 2.0, 2.0, 2.0, 2.5, 2.5, 2.5, 3.0, 4.0, 4.0, 4.0, 4.5]","[0.0, 0.0, 0.0, 1.7320508, 2.0, 2.236068, 2.4494898, 2.4494898, 2.6457512, 2.6457512, 2.828427, 3.4641016]","[-5.0, -4.5, -3.5, -3.5, -3.5, -2.5, -2.5, -2.0, -2.0, -2.0, -2.0, -1.5]","[1.5, 2.0, 2.0, 2.5]","[0.0, 0.0, 2.0, 2.4494898]","[-5.0, -4.5, -2.5, -1.5]","[3.5, 5.0, 6.0, 7.0]","[3.4641016, 4.0, 5.656854, 6.928203]","[0.5, 1.0, 2.0, 5.5]","[5.0, 7.0]","[4.0, 6.708204]","[2.0, 6.0]",2,1,1,0,2.0,0.0,0
2197,7,2,2,"[0.5, 0.5, 0.5, 2.5, 2.5, 2.5, 3.0, 3.0, 4.0, 5.0]","[0.0, 0.0, 0.0, 0.0, 0.0, 0.0, 2.0, 2.828427, 4.0, 4.0]","[1.0, 1.0, 2.0, 2.0, 3.0, 3.5, 4.5]","[0.0, 0.0, 1.0, 1.7320508, 3.0, 3.4641016, 3.7416575]","[-4.0, -4.0, -4.0, -2.5, -2.0, -2.0, -1.0]","[1.0, 1.0]","[0.0, 1.0]","[-4.0, -4.0]","[3.0, 4.0]","[2.236068, 2.6457512]","[0.0, 2.0]","[3.0, 4.0]","[2.236068, 2.6457512]","[0.0, 2.0]",0,2,0,0,0.0,0.0,0
73699,7,3,2,"[0.0, 1.0, 1.5, 1.5, 1.5, 2.0, 2.5, 3.5, 4.5, 8.0]","[0.0, 0.0, 0.0, 0.0, 0.0, 0.0, 1.7320508, 2.4494898, 3.7416575, 7.937254]","[1.0, 1.0, 1.5, 2.0, 2.5, 3.5, 4.5]","[0.0, 0.0, 0.0, 1.4142135, 1.7320508, 2.4494898, 2.828427]","[-5.0, -4.5, -4.5, -4.0, -2.0, -2.0, -1.5]","[1.0, 1.5, 2.5]","[0.0, 1.4142135, 2.4494898]","[-5.0, -4.5, -4.0]","[3.5, 4.0, 5.5]","[0.0, 3.1622777, 5.2915025]","[-1.0, 0.0, 4.5]","[3.0, 5.5]","[3.0, 5.2915025]","[2.5, 4.5]",1,1,1,0,1.0,0.0,0
39604,2,2,1,"[0.0, 0.0, 0.0, 0.5, 0.5, 1.0, 1.5, 1.5, 2.5, 6.0]","[0.0, 0.0, 0.0, 0.0, 0.0, 0.0, 0.0, 1.4142135, 1.4142135, 5.91608]","[1.5, 4.0]","[1.4142135, 4.0]","[-2.0, -2.0]","[1.5, 4.0]","[1.4142135, 4.0]","[-2.0, -2.0]","[3.0, 4.0]","[0.0, 0.0]","[0.0, 0.5]",[3.5],[2.4494898],[3.0],1,0,1,0,1.0,0.0,0
22324,7,4,3,"[0.0, 0.5, 0.5, 1.0, 1.5, 2.0, 4.0, 4.5, 5.5, 7.0]","[0.0, 0.0, 0.0, 0.0, 1.0, 1.4142135, 1.7320508, 3.4641016, 4.2426405, 6.708204]","[1.5, 1.5, 2.5, 3.5, 4.5, 5.0, 6.5]","[0.0, 0.0, 2.0, 2.4494898, 2.828427, 5.0, 6.3245554]","[-5.5, -3.5, -3.5, -2.5, -2.5, -1.5, -1.0]","[1.5, 1.5, 2.5, 5.0]","[0.0, 0.0, 2.0, 5.0]","[-3.5, -3.5, -2.5, -1.5]","[2.0, 2.5, 6.5, 8.5]","[0.0, 2.0, 6.4807405, 8.485281]","[1.5, 1.5, 1.5, 5.0]","[2.0, 2.5, 4.0]","[0.0, 2.0, 3.8729835]","[1.5, 1.5, 2.5]",1,2,1,0,1.0,0.0,0
47477,7,2,1,"[1.0, 1.5, 1.5, 1.5, 2.0, 2.5, 3.0, 3.0, 3.0, 8.5]","[0.0, 0.0, 0.0, 0.0, 1.4142135, 1.4142135, 2.0, 2.236068, 2.828427, 8.485281]","[2.0, 2.5, 3.0, 3.0, 3.0, 3.5, 4.0]","[0.0, 0.0, 0.0, 2.6457512, 2.828427, 3.0, 3.1622777]","[-4.0, -3.5, -3.0, -3.0, -3.0, -1.5, -1.5]","[3.0, 3.5]","[2.828427, 3.1622777]","[-3.5, -3.0]","[4.0, 5.5]","[3.4641016, 5.477226]","[-0.5, 0.0]",[4.5],[0.0],[3.0],1,0,1,0,1.0,0.0,0
46349,7,2,0,"[0.5, 1.0, 1.0, 1.5, 1.5, 2.5, 2.5, 3.5, 6.5, 7.0]","[0.0, 0.0, 0.0, 0.0, 0.0, 1.4142135, 2.4494898, 3.1622777, 6.4807405, 7.0]","[2.0, 3.0, 3.5, 3.5, 4.0, 4.5, 5.0]","[0.0, 2.236068, 2.4494898, 3.4641016, 3.4641016, 4.472136, 5.0]","[-2.5, -2.0, -2.0, -1.5, -1.5, -1.5, -1.0]","[4.5, 5.0]","[4.472136, 5.0]","[-2.5, -1.5]","[4.5, 5.0]","[4.472136, 5.0]","[-2.5, -1.5]",[],[],[],2,0,0,1,0.0,2.0,0
772,10,3,2,"[0.5, 0.5, 0.5, 0.5, 2.0, 4.0, 4.5, 5.0, 6.0, 8.0]","[0.0, 0.0, 0.0, 0.0, 1.7320508, 3.0, 3.8729835, 4.2426405, 5.91608, 7.937254]","[0.5, 1.0, 1.0, 2.0, 3.0, 3.5, 3.5, 4.5, 6.0, 7.0]","[0.0, 0.0, 0.0, 0.0, 1.0, 2.4494898, 3.4641016, 4.472136, 5.91608, 6.928203]","[-6.5, -5.0, -5.0, -4.5, -3.5, -3.0, -2.0, -2.0, -1.5, -1.0]","[0.5, 1.0, 3.5]","[0.0, 1.0, 2.4494898]","[-6.5, -5.0, -3.5]","[2.5, 5.0, 8.5]","[2.0, 4.8989797, 8.485281]","[-1.5, 1.5, 3.0]","[5.0, 5.0]","[4.582576, 4.8989797]","[2.0, 3.0]",1,1,1,0,1.0,0.0,1
34652,9,4,2,"[0.0, 2.0, 2.0, 2.0, 2.0, 2.5, 3.0, 3.5, 7.0, 7.0]","[0.0, 0.0, 0.0, 0.0, 1.7320508, 1.7320508, 2.828427, 3.1622777, 6.708204, 6.928203]","[1.0, 1.5, 1.5, 2.0, 2.5, 2.5, 3.5, 4.0, 4.5]","[0.0, 0.0, 0.0, 0.0, 0.0, 1.4142135, 2.4494898, 2.828427, 3.8729835]","[-5.0, -4.5, -4.0, -3.5, -2.5, -2.5, -2.0, -2.0, -1.5]","[1.5, 1.5, 2.0, 2.5]","[0.0, 0.0, 1.4142135, 2.4494898]","[-5.0, -2.5, -2.5, -2.0]","[3.0, 4.5, 6.0, 8.0]","[2.236068, 4.2426405, 5.91608, 7.937254]","[-3.0, -1.0, 4.5, 5.5]","[3.5, 6.0]","[3.4641016, 5.91608]","[-1.5, 5.5]",2,1,1,0,2.0,0.0,0
590,11,3,1,"[0.0, 0.0, 1.0, 1.5, 2.0, 4.0, 5.5, 5.5, 7.5, 8.0]","[0.0, 0.0, 0.0, 0.0, 0.0, 3.8729835, 4.2426405, 5.477226, 7.483315, 8.0]","[1.5, 2.0, 2.5, 2.5, 3.0, 3.0, 4.0, 4.0, 4.5, 5.5, 5.5]","[0.0, 0.0, 1.7320508, 2.0, 2.236068, 2.6457512, 3.0, 3.8729835, 4.2426405, 5.2915025, 5.477226]","[-5.0, -5.0, -4.5, -4.0, -3.5, -2.5, -2.5, -2.5, -1.0, -1.0, -1.0]","[1.5, 2.0, 3.0]","[0.0, 1.7320508, 2.236068]","[-5.0, -4.5, -1.0]","[2.0, 3.0, 3.0]","[1.7320508, 2.236068, 3.0]","[-5.0, -1.0, -0.5]",[3.0],[3.0],[-0.5],2,1,0,1,0.0,2.0,1
21014,4,2,2,"[0.5, 1.0, 1.0, 1.5, 1.5, 2.0, 2.0, 2.5, 2.5, 6.5]","[0.0, 0.0, 0.0, 0.0, 0.0, 1.0, 1.4142135, 1.7320508, 2.4494898, 6.0]","[0.5, 1.0, 1.0, 1.5]","[0.0, 0.0, 0.0, 1.4142135]","[-5.5, -2.0, -1.5, -1.0]","[0.5, 1.0]","[0.0, 0.0]","[-5.5, -2.0]","[3.5, 8.0]","[0.0, 7.937254]","[2.5, 5.5]","[3.5, 8.0]","[0.0, 7.937254]","[2.5, 5.5]",0,2,0,0,0.0,0.0,0
11086,2,2,1,"[0.0, 0.0, 0.0, 0.5, 0.5, 3.0, 3.5, 3.5, 4.5, 4.5]","[0.0, 0.0, 0.0, 0.0, 0.0, 0.0, 2.236068, 3.4641016, 4.2426405, 4.472136]","[1.0, 2.5]","[0.0, 2.0]","[-3.0, -3.0]","[1.0, 2.5]","[0.0, 2.0]","[-3.0, -3.0]","[3.0, 4.5]","[0.0, 0.0]","[-0.5, 1.0]",[4.0],[0.0],[1.5],1,0,1,0,1.0,0.0,0
80958,8,3,1,"[0.0, 0.5, 1.0, 1.0, 1.5, 2.5, 3.5, 5.0, 6.0, 9.0]","[0.0, 0.0, 0.0, 1.0, 1.0, 1.4142135, 2.4494898, 3.0, 5.196152, 9.0]","[1.0, 3.0, 3.5, 3.5, 3.5, 4.0, 4.5, 5.0]","[0.0, 0.0, 0.0, 2.4494898, 3.1622777, 3.4641016, 3.7416575, 4.582576]","[-5.5, -4.5, -4.0, -4.0, -4.0, -3.5, -2.0, -1.0]","[1.0, 3.0, 3.5]","[0.0, 0.0, 2.4494898]","[-5.5, -4.0, -2.0]","[1.0, 3.0, 9.0]","[0.0, 0.0, 9.0]","[-4.0, -2.0, 7.0]",[9.0],[9.0],[7.0],2,1,0,1,0.0,2.0,0
51275,3,2,2,"[0.0, 0.5, 0.5, 2.0, 2.5, 3.5, 4.0, 4.5, 5.0, 5.5]","[0.0, 0.0, 0.0, 1.7320508, 2.0, 3.1622777, 3.8729835, 4.472136, 4.8989797, 4.8989797]","[0.5, 3.5, 5.5]","[0.0, 3.1622777, 5.2915025]","[-3.5, -2.5, -1.0]","[0.5, 3.5]","[0.0, 3.1622777]","[-3.5, -2.5]","[3.5, 6.0]","[0.0, 5.656854]","[1.5, 1.5]","[3.5, 6.0]","[0.0, 5.656854]","[1.5, 1.5]",0,2,0,0,0.0,0.0,0
20552,4,2,1,"[0.0, 0.0, 0.0, 1.5, 2.0, 3.0, 4.5, 4.5, 5.0, 6.5]","[0.0, 0.0, 0.0, 0.0, 0.0, 2.236068, 2.828427, 3.7416575, 4.8989797, 6.3245554]","[2.5, 3.0, 3.5, 3.5]","[2.236068, 2.4494898, 3.1622777, 3.4641016]","[-4.0, -3.0, -2.5, -2.0]","[3.0, 3.5]","[2.236068, 3.4641016]","[-3.0, -2.5]","[4.0, 4.5]","[2.6457512, 2.828427]","[-1.0, -1.0]",[4.5],[4.2426405],[0.5],1,0,1,0,1.0,0.0,0
29715,7,3,1,"[0.0, 0.5, 1.0, 1.5, 2.0, 2.0, 2.5, 5.5, 5.5, 6.0]","[0.0, 0.0, 0.0, 0.0, 0.0, 0.0, 2.4494898, 4.8989797, 5.2915025, 5.656854]","[0.5, 1.5, 1.5, 2.0, 2.5, 3.5, 6.0]","[0.0, 0.0, 1.4142135, 1.7320508, 2.4494898, 3.1622777, 6.0]","[-4.5, -3.5, -3.5, -3.0, -2.0, -2.0, -1.5]","[0.5, 1.5, 2.5]","[0.0, 0.0, 2.4494898]","[-3.5, -3.5, -3.0]","[5.5, 6.5, 7.5]","[5.2915025, 6.0, 7.483315]","[2.0, 2.0, 2.5]",[7.5],[7.483315],[6.0],2,0,1,0,2.0,0.0,0
970,6,3,2,"[0.0, 1.0, 1.0, 1.0, 1.5, 1.5, 2.0, 2.5, 3.5, 7.5]","[0.0, 0.0, 0.0, 0.0, 0.0, 0.0, 0.0, 0.0, 1.0, 7.3484693]","[0.5, 2.0, 2.0, 3.0, 4.0, 4.5]","[0.0, 0.0, 0.0, 2.236068, 3.4641016, 3.7416575]","[-6.5, -4.5, -1.5, -1.5, -1.5, -1.0]","[0.5, 2.0, 3.0]","[0.0, 0.0, 2.236068]","[-6.5, -1.5, -1.5]","[4.0, 5.0, 5.5]","[3.8729835, 4.2426405, 4.8989797]","[0.0, 1.0, 5.5]","[5.5, 7.0]","[4.2426405, 6.928203]","[5.5, 6.5]",1,1,1,0,1.0,0.0,1
64016,2,2,2,"[0.0, 0.0, 1.0, 1.5, 1.5, 2.5, 2.5, 3.0, 3.5, 4.5]","[0.0, 0.0, 0.0, 0.0, 0.0, 0.0, 0.0, 0.0, 3.0, 3.4641016]","[2.0, 3.5]","[0.0, 3.4641016]","[-5.0, -1.0]","[2.0, 3.5]","[0.0, 3.4641016]","[-5.0, -1.0]","[1.5, 4.5]","[1.4142135, 3.7416575]","[0.0, 4.5]","[1.5, 4.5]","[1.4142135, 3.7416575]","[0.0, 4.5]",0,2,0,0,0.0,0.0,0
94685,5,1,1,"[0.0, 0.0, 1.0, 2.0, 2.0, 3.0, 4.0, 4.0, 4.0, 5.0]","[0.0, 0.0, 0.0, 0.0, 0.0, 2.0, 2.6457512, 2.828427, 3.4641016, 4.582576]","[0.5, 1.5, 3.5, 4.5, 5.0]","[0.0, 0.0, 2.4494898, 3.7416575, 4.8989797]","[-7.0, -1.5, -1.5, -1.5, -1.5]",[0.5],[0.0],[-7.0],[8.0],[7.937254],[7.5],[8.0],[7.937254],[7.5],0,1,0,0,0.0,0.0,0
682,8,2,0,"[0.0, 0.5, 1.0, 1.0, 1.0, 2.0, 4.5, 5.5, 6.0, 8.5]","[0.0, 0.0, 0.0, 0.0, 0.0, 1.7320508, 4.472136, 5.477226, 6.0, 8.485281]","[1.0, 1.5, 2.5, 3.0, 3.0, 3.0, 4.0, 4.0]","[0.0, 0.0, 0.0, 0.0, 0.0, 2.6457512, 2.6457512, 2.828427]","[-5.0, -4.0, -3.0, -3.0, -2.5, -2.5, -2.5, -2.0]","[2.5, 3.0]","[0.0, 0.0]","[-5.0, -4.0]","[2.5, 3.0]","[0.0, 0.0]","[-5.0, -4.0]",[],[],[],2,0,0,1,0.0,2.0,1
627,2,1,1,"[0.5, 0.5, 1.0, 2.0, 2.0, 2.5, 3.5, 4.0, 4.0, 6.0]","[0.0, 0.0, 0.0, 0.0, 1.7320508, 2.4494898, 2.4494898, 2.6457512, 3.4641016, 5.196152]","[1.5, 1.5]","[0.0, 1.4142135]","[-5.0, -2.0]",[1.5],[1.4142135],[-5.0],[6.5],[6.0],[5.0],[6.5],[6.0],[5.0],0,1,0,0,0.0,0.0,1
312,4,2,1,"[0.0, 0.0, 0.5, 1.0, 1.5, 1.5, 2.5, 4.5, 5.0, 6.0]","[0.0, 0.0, 0.0, 0.0, 0.0, 0.0, 1.4142135, 1.4142135, 5.0, 5.656854]","[2.0, 2.5, 3.0, 4.0]","[2.0, 2.0, 2.6457512, 2.828427]","[-5.0, -4.5, -3.5, -2.5]","[2.5, 3.0]","[2.0, 2.828427]","[-3.5, -2.5]","[2.5, 4.0]","[0.0, 2.0]","[-0.5, 0.0]",[7.0],[6.708204],[5.0],1,0,1,0,1.0,0.0,1
358,11,2,1,"[0.5, 1.0, 1.5, 3.0, 3.5, 3.5, 4.5, 4.5, 5.0, 5.0]","[0.0, 0.0, 0.0, 1.4142135, 2.828427, 3.0, 3.0, 3.1622777, 3.1622777, 5.0]","[1.5, 2.0, 2.5, 2.5, 2.5, 3.5, 3.5, 4.0, 4.0, 4.5, 4.5]","[0.0, 0.0, 0.0, 0.0, 1.7320508, 2.0, 2.4494898, 2.6457512, 2.828427, 3.4641016, 3.7416575]","[-6.0, -5.0, -4.5, -4.0, -3.5, -3.5, -3.0, -2.0, -1.5, -1.5, -1.0]","[2.0, 3.5]","[1.7320508, 3.4641016]","[-3.5, -1.5]","[2.5, 5.0]","[2.4494898, 4.582576]","[-0.5, 2.5]",[5.0],[4.8989797],[4.5],1,0,1,0,1.0,0.0,1
255,3,1,1,"[0.5, 0.5, 1.0, 1.0, 1.0, 1.5, 1.5, 1.5, 3.5, 6.5]","[0.0, 0.0, 0.0, 0.0, 1.0, 1.4142135, 1.4142135, 1.4142135, 3.1622777, 6.4807405]","[1.5, 1.5, 3.0]","[0.0, 0.0, 1.4142135]","[-4.5, -3.0, -1.0]",[1.5],[1.4142135],[-3.0],[5.0],[5.0],[1.5],[5.0],[5.0],[1.5],0,1,0,0,0.0,0.0,1
652,5,2,0,"[0.0, 0.5, 0.5, 1.0, 2.0, 2.0, 2.5, 5.5, 6.0, 7.5]","[0.0, 0.0, 0.0, 0.0, 0.0, 0.0, 2.0, 4.2426405, 5.196152, 7.3484693]","[1.0, 1.0, 4.5, 6.0, 7.0]","[0.0, 1.0, 2.828427, 5.91608, 6.928203]","[-5.0, -3.0, -2.5, -2.0, -1.5]","[1.0, 7.0]","[1.0, 6.928203]","[-2.0, -1.5]","[1.0, 7.0]","[1.0, 6.928203]","[-2.0, -1.5]",[],[],[],2,0,0,1,0.0,2.0,1
450,8,3,3,"[0.5, 1.5, 1.5, 1.5, 2.0, 3.0, 5.0, 5.0, 5.5, 7.5]","[0.0, 0.0, 0.0, 0.0, 1.7320508, 2.828427, 4.0, 4.0, 5.477226, 7.483315]","[2.0, 2.5, 2.5, 3.0, 3.0, 3.5, 3.5, 6.0]","[0.0, 0.0, 1.7320508, 2.0, 2.828427, 3.1622777, 3.4641016, 5.91608]","[-4.0, -4.0, -3.0, -3.0, -3.0, -3.0, -2.0, -1.5]","[2.0, 2.5, 3.0]","[1.7320508, 2.0, 2.828427]","[-4.0, -3.0, -3.0]","[2.0, 2.0, 5.5]","[1.7320508, 1.7320508, 5.477226]","[-2.0, -1.5, 4.0]","[2.0, 2.0, 5.5]","[1.7320508, 1.7320508, 5.477226]","[-2.0, -1.5, 4.0]",0,3,0,0,0.0,0.0,1
540,5,3,2,"[0.0, 0.5, 0.5, 1.5, 2.0, 2.5, 3.0, 4.0, 5.5, 6.5]","[0.0, 0.0, 0.0, 0.0, 1.7320508, 2.4494898, 2.6457512, 2.828427, 4.2426405, 6.3245554]","[0.5, 1.5, 2.0, 3.0, 3.5]","[0.0, 0.0, 0.0, 1.7320508, 3.1622777]","[-4.0, -3.0, -2.5, -2.0, -1.0]","[0.5, 1.5, 2.0]","[0.0, 0.0, 1.7320508]","[-4.0, -2.5, -1.0]","[4.5, 5.5, 6.5]","[2.828427, 5.477226, 6.4807405]","[-0.5, 5.0, 5.0]","[5.5, 6.5]","[5.2915025, 6.4807405]","[4.0, 5.0]",1,1,1,0,1.0,0.0,1
433,7,2,2,"[0.0, 0.0, 0.5, 0.5, 1.0, 2.0, 4.0, 4.5, 5.5, 8.0]","[0.0, 0.0, 0.0, 0.0, 0.0, 1.7320508, 2.828427, 3.4641016, 4.8989797, 7.937254]","[0.5, 1.5, 3.0, 3.0, 4.0, 5.0, 5.0]","[0.0, 0.0, 0.0, 2.828427, 3.8729835, 4.582576, 4.8989797]","[-6.0, -4.5, -4.0, -4.0, -3.5, -2.5, -2.0]","[0.5, 1.5]","[0.0, 0.0]","[-6.0, -4.0]","[2.0, 3.0]","[0.0, 2.828427]","[-3.5, -1.5]","[2.0, 3.0]","[0.0, 2.828427]","[-3.5, -1.5]",0,2,0,0,0.0,0.0,1
764,7,2,1,"[0.5, 0.5, 0.5, 1.0, 1.0, 1.5, 4.5, 5.0, 7.0, 7.5]","[0.0, 0.0, 0.0, 0.0, 0.0, 0.0, 1.4142135, 4.582576, 6.708204, 7.3484693]","[1.5, 2.5, 3.0, 3.0, 4.0, 4.5, 4.5]","[0.0, 0.0, 0.0, 2.828427, 2.828427, 3.7416575, 3.8729835]","[-6.0, -4.5, -4.5, -3.0, -2.5, -2.5, -2.5]","[1.5, 4.5]","[0.0, 3.7416575]","[-6.0, -4.5]","[3.0, 4.0]","[2.828427, 3.8729835]","[-2.5, -0.5]",[4.5],[3.7416575],[2.0],1,0,1,0,1.0,0.0,1
41904,9,2,2,"[0.0, 0.5, 1.0, 2.5, 3.0, 3.0, 3.0, 4.0, 5.5, 6.0]","[0.0, 0.0, 0.0, 0.0, 0.0, 0.0, 2.236068, 2.6457512, 5.2915025, 5.91608]","[1.0, 1.5, 2.0, 2.5, 3.0, 3.0, 3.5, 4.0, 4.5]","[0.0, 0.0, 1.0, 1.4142135, 2.236068, 2.4494898, 3.4641016, 3.8729835, 4.472136]","[-5.0, -4.5, -4.0, -3.5, -2.5, -2.5, -2.5, -2.0, -1.0]","[1.0, 3.0]","[1.0, 2.236068]","[-5.0, -4.0]","[3.0, 5.0]","[0.0, 4.582576]","[0.5, 2.5]","[3.0, 5.0]","[0.0, 4.582576]","[0.5, 2.5]",0,2,0,0,0.0,0.0,0
823,4,1,1,"[0.0, 0.0, 0.5, 2.0, 2.0, 2.0, 4.0, 5.0, 5.0, 5.5]","[0.0, 0.0, 0.0, 0.0, 0.0, 2.0, 2.6457512, 4.582576, 4.582576, 4.8989797]","[1.0, 2.5, 2.5, 4.5]","[0.0, 0.0, 2.4494898, 4.472136]","[-6.5, -4.5, -2.5, -2.5]",[1.0],[0.0],[-6.5],[3.5],[2.4494898],[0.5],[3.5],[2.4494898],[0.5],0,1,0,0,0.0,0.0,1
86,8,3,2,"[0.0, 0.5, 1.0, 1.5, 2.5, 4.5, 5.0, 5.5, 6.0, 7.0]","[0.0, 0.0, 0.0, 0.0, 1.0, 4.0, 4.2426405, 4.472136, 6.0, 6.708204]","[0.5, 1.5, 2.5, 2.5, 3.5, 4.5, 4.5, 6.0]","[0.0, 0.0, 2.0, 2.4494898, 3.1622777, 3.7416575, 4.472136, 6.0]","[-6.5, -5.0, -4.5, -3.5, -2.5, -2.5, -1.5, -1.0]","[0.5, 1.5, 2.5]","[0.0, 0.0, 2.0]","[-6.5, -4.5, -1.0]","[6.5, 7.0, 7.5]","[6.4807405, 6.708204, 7.3484693]","[1.0, 3.5, 5.0]","[5.0, 7.5]","[4.582576, 7.3484693]","[1.5, 5.0]",1,1,1,0,1.0,0.0,1
45437,6,2,2,"[0.5, 1.0, 1.0, 1.0, 2.0, 3.0, 3.0, 3.0, 3.5, 5.5]","[0.0, 0.0, 0.0, 1.0, 1.0, 1.0, 2.236068, 2.236068, 2.4494898, 5.477226]","[0.5, 1.5, 2.5, 2.5, 4.0, 4.5]","[0.0, 0.0, 2.4494898, 2.4494898, 3.8729835, 4.472136]","[-5.0, -2.5, -2.0, -2.0, -1.5, -1.0]","[0.5, 2.5]","[0.0, 2.4494898]","[-5.0, -2.5]","[4.5, 5.0]","[0.0, 4.582576]","[1.0, 4.0]","[4.5, 5.0]","[0.0, 4.582576]","[1.0, 4.0]",0,2,0,0,0.0,0.0,0
306,1,1,1,"[0.0, 0.5, 0.5, 1.0, 1.0, 2.5, 3.5, 4.5, 4.5, 5.5]","[0.0, 0.0, 0.0, 0.0, 0.0, 0.0, 3.1622777, 4.2426405, 4.472136, 4.8989797]",[1.5],[1.4142135],[-3.0],[1.5],[1.4142135],[-3.0],[5.5],[4.2426405],[2.0],[5.5],[4.2426405],[2.0],0,1,0,0,0.0,0.0,1
607,8,4,3,"[0.0, 0.5, 1.0, 1.5, 1.5, 3.0, 3.5, 5.0, 5.0, 6.0]","[0.0, 0.0, 0.0, 0.0, 0.0, 1.0, 2.236068, 4.8989797, 5.0, 5.196152]","[1.0, 1.5, 1.5, 1.5, 2.0, 2.5, 3.0, 3.5]","[0.0, 0.0, 1.0, 1.4142135, 1.4142135, 2.4494898, 2.828427, 3.1622777]","[-5.0, -3.0, -2.5, -2.5, -2.0, -1.5, -1.0, -1.0]","[1.0, 1.5, 1.5, 2.0]","[0.0, 1.0, 1.4142135, 1.4142135]","[-5.0, -3.0, -2.5, -1.5]","[3.0, 3.5, 4.0, 6.0]","[2.6457512, 2.828427, 3.1622777, 5.196152]","[-1.0, 1.5, 2.5, 4.0]","[2.5, 3.0, 4.0]","[2.0, 2.6457512, 2.828427]","[1.0, 1.5, 2.5]",1,2,1,0,1.0,0.0,1
391,14,2,2,"[0.0, 0.0, 1.5, 1.5, 3.5, 4.5, 5.5, 5.5, 6.0, 8.0]","[0.0, 0.0, 0.0, 0.0, 0.0, 3.4641016, 4.8989797, 5.2915025, 5.656854, 7.937254]","[1.5, 2.0, 2.0, 2.0, 2.0, 2.0, 2.5, 3.0, 3.5, 3.5, 4.0, 4.5, 4.5, 5.5]","[0.0, 0.0, 0.0, 1.7320508, 1.7320508, 1.7320508, 2.0, 2.236068, 2.4494898, 3.4641016, 3.7416575, 3.7416575, 4.0, 5.477226]","[-7.0, -7.0, -4.5, -4.5, -4.0, -4.0, -3.5, -3.5, -3.0, -3.0, -2.5, -2.0, -2.0, -1.5]","[1.5, 2.0]","[0.0, 1.7320508]","[-7.0, -3.5]","[2.5, 7.0]","[2.0, 6.708204]","[-1.5, 1.0]","[2.5, 7.0]","[2.0, 6.708204]","[-1.5, 1.0]",0,2,0,0,0.0,0.0,1
90307,5,3,2,"[0.5, 0.5, 0.5, 1.0, 1.5, 2.5, 3.5, 3.5, 4.5, 4.5]","[0.0, 0.0, 0.0, 0.0, 0.0, 1.4142135, 3.1622777, 3.4641016, 4.2426405, 4.472136]","[0.5, 2.0, 2.0, 3.0, 4.0]","[0.0, 0.0, 2.0, 2.828427, 3.8729835]","[-2.5, -2.0, -2.0, -1.0, -1.0]","[0.5, 2.0, 3.0]","[0.0, 0.0, 2.828427]","[-2.0, -2.0, -1.0]","[1.5, 2.5, 4.0]","[0.0, 0.0, 3.8729835]","[-1.0, 0.0, 1.0]","[2.5, 7.0]","[0.0, 6.708204]","[1.0, 5.0]",1,1,1,0,1.0,0.0,0
467,3,1,1,"[0.5, 0.5, 1.0, 1.0, 1.5, 1.5, 2.0, 3.5, 5.0, 6.0]","[0.0, 0.0, 0.0, 0.0, 0.0, 1.0, 2.0, 3.1622777, 4.8989797, 5.656854]","[1.0, 1.5, 2.0]","[0.0, 0.0, 0.0]","[-4.5, -3.5, -2.0]",[1.0],[0.0],[-4.5],[7.5],[7.483315],[4.5],[7.5],[7.483315],[4.5],0,1,0,0,0.0,0.0,1
677,2,1,1,"[0.5, 0.5, 1.0, 1.0, 1.5, 1.5, 2.0, 2.5, 3.5, 5.0]","[0.0, 0.0, 0.0, 0.0, 0.0, 0.0, 1.0, 1.4142135, 1.7320508, 3.0]","[1.0, 2.5]","[0.0, 2.0]","[-5.5, -4.0]",[1.0],[0.0],[-4.0],[4.0],[2.6457512],[2.5],[4.0],[2.6457512],[2.5],0,1,0,0,0.0,0.0,1
23847,3,2,1,"[0.5, 0.5, 0.5, 0.5, 1.5, 2.0, 3.5, 4.0, 4.5, 6.0]","[0.0, 0.0, 0.0, 0.0, 0.0, 0.0, 0.0, 2.4494898, 2.6457512, 5.91608]","[2.0, 3.0, 6.0]","[0.0, 2.828427, 5.656854]","[-2.5, -2.0, -1.0]","[2.0, 3.0]","[0.0, 2.828427]","[-2.5, -2.0]","[0.5, 3.0]","[0.0, 2.828427]","[-2.0, -1.0]",[8.5],[8.485281],[8.0],1,0,1,0,1.0,0.0,0
18578,3,3,2,"[0.0, 0.5, 1.0, 2.0, 3.0, 3.0, 3.5, 4.0, 4.0, 8.0]","[0.0, 0.0, 0.0, 0.0, 0.0, 2.6457512, 2.828427, 3.1622777, 3.8729835, 7.937254]","[2.5, 4.0, 5.5]","[0.0, 2.4494898, 5.477226]","[-3.0, -1.5, -1.0]","[2.5, 4.0, 5.5]","[0.0, 2.4494898, 5.477226]","[-3.0, -1.5, -1.0]","[2.5, 4.5, 6.0]","[2.0, 3.7416575, 5.91608]","[-2.0, 0.5, 4.0]","[4.5, 4.5]","[3.7416575, 4.2426405]","[2.5, 4.0]",1,1,1,0,1.0,0.0,0
70350,4,1,1,"[0.0, 1.0, 1.5, 1.5, 2.5, 3.5, 4.5, 4.5, 4.5, 4.5]","[0.0, 0.0, 0.0, 1.0, 1.4142135, 1.4142135, 2.4494898, 2.828427, 3.1622777, 4.2426405]","[0.5, 3.5, 4.0, 7.0]","[0.0, 3.4641016, 3.8729835, 7.0]","[-5.5, -5.0, -3.5, -1.5]",[0.5],[0.0],[-5.5],[5.5],[5.477226],[4.5],[5.5],[5.477226],[4.5],0,1,0,0,0.0,0.0,0
3789,10,3,1,"[1.5, 1.5, 2.0, 2.0, 3.0, 3.0, 3.5, 4.5, 4.5, 5.5]","[0.0, 0.0, 0.0, 1.7320508, 1.7320508, 2.236068, 3.1622777, 3.7416575, 4.2426405, 4.2426405]","[1.0, 1.5, 1.5, 1.5, 2.0, 2.5, 2.5, 3.0, 3.0, 3.5]","[0.0, 0.0, 0.0, 0.0, 0.0, 1.4142135, 1.4142135, 2.236068, 2.4494898, 3.0]","[-5.0, -5.0, -4.5, -4.5, -4.5, -4.0, -2.5, -2.5, -1.5, -1.5]","[1.0, 1.5, 2.5]","[0.0, 0.0, 1.4142135]","[-5.0, -4.5, -1.5]","[4.5, 7.0, 8.5]","[4.472136, 6.708204, 8.485281]","[2.5, 3.0, 4.5]",[7.5],[7.3484693],[5.5],2,0,1,0,2.0,0.0,0
43757,2,2,2,"[0.0, 0.5, 0.5, 1.5, 2.0, 2.5, 2.5, 3.0, 4.0, 5.0]","[0.0, 0.0, 0.0, 0.0, 1.4142135, 2.0, 2.4494898, 2.828427, 3.0, 4.0]","[1.5, 3.0]","[0.0, 1.4142135]","[-3.5, -2.0]","[1.5, 3.0]","[0.0, 1.4142135]","[-3.5, -2.0]","[3.0, 3.5]","[0.0, 3.0]","[1.0, 1.0]","[3.0, 3.5]","[0.0, 3.0]","[1.0, 1.0]",0,2,0,0,0.0,0.0,0
308,7,3,2,"[0.0, 0.5, 0.5, 1.5, 2.5, 3.0, 4.0, 5.0, 5.5, 7.0]","[0.0, 0.0, 0.0, 0.0, 1.4142135, 2.236068, 3.8729835, 4.8989797, 5.0, 6.708204]","[1.0, 1.0, 1.5, 2.0, 3.0, 4.5, 4.5]","[0.0, 1.0, 1.4142135, 2.0, 2.828427, 4.2426405, 4.472136]","[-5.5, -4.0, -3.5, -3.0, -2.0, -2.0, -1.0]","[1.0, 1.0, 3.0]","[0.0, 1.0, 2.828427]","[-5.5, -4.0, -3.0]","[3.0, 5.0, 7.0]","[2.828427, 4.0, 7.0]","[0.0, 1.0, 3.0]","[4.0, 5.0]","[0.0, 4.0]","[1.0, 1.0]",1,1,1,0,1.0,0.0,0
9208,11,3,1,"[0.0, 1.0, 1.0, 2.0, 2.0, 3.0, 4.5, 5.0, 6.5, 8.5]","[0.0, 0.0, 0.0, 1.7320508, 2.0, 2.828427, 4.0, 4.472136, 6.3245554, 8.485281]","[0.5, 0.5, 1.0, 1.5, 2.0, 2.0, 3.0, 4.0, 4.0, 4.5, 4.5]","[0.0, 0.0, 0.0, 0.0, 0.0, 1.4142135, 1.7320508, 2.6457512, 3.0, 3.7416575, 3.7416575]","[-6.0, -5.0, -5.0, -4.5, -4.0, -4.0, -3.5, -3.5, -3.0, -1.5, -1.0]","[0.5, 0.5, 1.0]","[0.0, 0.0, 0.0]","[-5.0, -4.5, -4.0]","[0.5, 0.5, 8.0]","[0.0, 0.0, 7.937254]","[-5.0, -4.5, 5.5]",[8.0],[7.937254],[5.5],2,1,0,1,0.0,2.0,0
29687,3,3,2,"[0.0, 0.5, 1.5, 1.5, 1.5, 1.5, 2.0, 3.0, 5.0, 8.0]","[0.0, 0.0, 0.0, 0.0, 1.4142135, 1.4142135, 1.7320508, 2.236068, 4.8989797, 7.937254]","[2.0, 2.5, 2.5]","[0.0, 2.0, 2.0]","[-3.5, -3.5, -2.0]","[2.0, 2.5, 2.5]","[0.0, 2.0, 2.0]","[-3.5, -3.5, -2.0]","[1.5, 2.5, 4.0]","[0.0, 0.0, 2.4494898]","[-2.0, -1.0, 0.0]","[2.5, 5.0]","[2.4494898, 3.0]","[0.0, 4.5]",1,1,1,0,1.0,0.0,0
886,13,5,2,"[1.0, 1.0, 1.0, 3.5, 3.5, 4.0, 4.5, 5.5, 7.0, 7.5]","[0.0, 0.0, 0.0, 0.0, 1.0, 3.4641016, 3.4641016, 5.477226, 7.0, 7.3484693]","[1.5, 2.0, 2.0, 2.5, 2.5, 3.0, 3.0, 3.5, 3.5, 4.0, 4.5, 4.5, 5.0]","[0.0, 0.0, 0.0, 1.7320508, 2.236068, 2.4494898, 2.4494898, 3.1622777, 3.4641016, 3.4641016, 4.0, 4.2426405, 4.472136]","[-5.0, -4.0, -4.0, -3.5, -3.5, -3.5, -3.5, -3.0, -3.0, -3.0, -2.5, -2.5, -2.5]","[1.5, 2.5, 3.5, 4.0, 4.5]","[0.0, 2.4494898, 3.4641016, 3.4641016, 4.472136]","[-3.5, -3.5, -3.0, -3.0, -2.5]","[3.0, 4.0, 5.0, 6.0, 7.5]","[0.0, 2.236068, 4.582576, 5.91608, 7.3484693]","[-2.0, -1.0, -0.5, 3.0, 3.5]","[3.0, 6.0]","[2.236068, 5.656854]","[2.0, 3.0]",3,1,1,0,3.0,0.0,1
457,4,4,2,"[0.5, 0.5, 1.0, 1.0, 1.5, 2.0, 2.5, 3.0, 5.0, 7.0]","[0.0, 0.0, 0.0, 0.0, 0.0, 1.0, 2.0, 2.236068, 4.0, 6.708204]","[0.5, 1.0, 2.0, 2.0]","[0.0, 0.0, 0.0, 0.0]","[-3.0, -3.0, -2.5, -1.5]","[0.5, 1.0, 2.0, 2.0]","[0.0, 0.0, 0.0, 0.0]","[-3.0, -3.0, -2.5, -1.5]","[0.5, 2.0, 3.0, 7.5]","[0.0, 0.0, 2.828427, 7.483315]","[-3.0, -2.5, 0.5, 6.5]","[3.0, 7.5]","[2.828427, 7.483315]","[0.5, 6.5]",2,2,0,1,0.0,2.0,1
77570,6,3,2,"[0.5, 1.0, 2.0, 2.0, 2.5, 3.0, 3.5, 3.5, 5.5, 6.5]","[0.0, 0.0, 0.0, 0.0, 0.0, 2.4494898, 2.4494898, 2.828427, 4.2426405, 6.0]","[1.5, 2.0, 2.0, 2.5, 2.5, 3.0]","[0.0, 0.0, 0.0, 0.0, 1.7320508, 3.0]","[-4.5, -4.5, -3.5, -3.0, -2.5, -2.0]","[2.0, 2.0, 3.0]","[0.0, 1.7320508, 3.0]","[-4.5, -3.0, -2.0]","[4.0, 5.0, 5.0]","[2.6457512, 3.0, 4.0]","[-1.0, 2.0, 4.0]","[2.5, 5.0]","[2.0, 3.0]","[1.0, 4.0]",1,1,1,0,1.0,0.0,0
812,4,1,1,"[0.0, 0.0, 0.0, 0.5, 0.5, 1.0, 2.5, 3.5, 5.5, 6.0]","[0.0, 0.0, 0.0, 0.0, 0.0, 0.0, 2.4494898, 3.1622777, 4.2426405, 5.656854]","[1.0, 1.5, 2.0, 4.5]","[0.0, 0.0, 1.0, 3.7416575]","[-4.0, -2.0, -2.0, -1.5]",[1.0],[1.0],[-4.0],[3.5],[2.4494898],[0.0],[3.5],[2.4494898],[0.0],0,1,0,0,0.0,0.0,1
157,4,2,0,"[0.0, 0.5, 1.0, 1.0, 2.0, 2.0, 2.0, 3.0, 3.5, 7.5]","[0.0, 0.0, 0.0, 0.0, 0.0, 1.0, 2.0, 2.236068, 3.4641016, 7.3484693]","[0.5, 1.0, 1.5, 3.0]","[0.0, 0.0, 1.0, 2.236068]","[-6.0, -3.0, -2.0, -1.5]","[0.5, 1.0]","[0.0, 1.0]","[-6.0, -3.0]","[0.5, 1.0]","[0.0, 1.0]","[-6.0, -3.0]",[],[],[],2,0,0,1,0.0,2.0,1
917,2,2,1,"[0.0, 0.5, 1.0, 1.5, 2.0, 2.5, 2.5, 3.0, 4.0, 5.0]","[0.0, 0.0, 0.0, 0.0, 0.0, 1.0, 1.7320508, 2.236068, 3.8729835, 4.0]","[2.0, 4.0]","[2.0, 4.0]","[-1.0, -1.0]","[2.0, 4.0]","[2.0, 4.0]","[-1.0, -1.0]","[3.0, 6.5]","[2.828427, 6.3245554]","[0.5, 4.5]",[7.5],[7.3484693],[7.0],1,0,1,0,1.0,0.0,1
219,6,3,3,"[0.0, 1.5, 1.5, 2.0, 3.0, 3.0, 4.5, 4.5, 4.5, 5.5]","[0.0, 0.0, 0.0, 1.4142135, 1.4142135, 1.7320508, 2.236068, 2.828427, 3.7416575, 5.477226]","[0.5, 1.5, 2.0, 2.5, 2.5, 3.5]","[0.0, 0.0, 2.0, 2.0, 2.4494898, 2.4494898]","[-6.0, -5.5, -4.0, -2.0, -2.0, -1.0]","[0.5, 1.5, 2.0]","[0.0, 0.0, 2.0]","[-5.5, -4.0, -2.0]","[4.5, 6.5, 9.0]","[2.828427, 6.0, 9.0]","[0.0, 4.5, 7.5]","[4.5, 6.5, 9.0]","[2.828427, 6.0, 9.0]","[0.0, 4.5, 7.5]",0,3,0,0,0.0,0.0,1
825,5,1,1,"[0.0, 0.5, 0.5, 1.5, 1.5, 2.0, 2.5, 3.0, 4.5, 8.5]","[0.0, 0.0, 0.0, 0.0, 1.4142135, 1.4142135, 1.7320508, 2.0, 3.7416575, 8.485281]","[2.0, 3.0, 3.5, 4.0, 7.0]","[0.0, 0.0, 2.236068, 3.8729835, 6.928203]","[-5.5, -2.5, -2.0, -2.0, -1.0]",[2.0],[0.0],[-5.5],[5.0],[3.0],[1.0],[5.0],[3.0],[1.0],0,1,0,0,0.0,0.0,1
59932,3,3,3,"[0.0, 0.5, 1.0, 2.0, 2.0, 2.5, 3.5, 3.5, 4.0, 5.5]","[0.0, 0.0, 0.0, 0.0, 0.0, 0.0, 2.0, 3.4641016, 4.0, 4.2426405]","[0.5, 1.0, 4.0]","[0.0, 0.0, 3.4641016]","[-4.5, -3.5, -2.5]","[0.5, 1.0, 4.0]","[0.0, 0.0, 3.4641016]","[-4.5, -3.5, -2.5]","[2.5, 5.0, 8.5]","[2.4494898, 3.0, 8.485281]","[2.0, 3.0, 6.0]","[2.5, 5.0, 8.5]","[2.4494898, 3.0, 8.485281]","[2.0, 3.0, 6.0]",0,3,0,0,0.0,0.0,0
31736,9,3,2,"[0.5, 1.5, 2.0, 2.5, 2.5, 3.0, 4.0, 5.5, 6.5, 7.5]","[0.0, 0.0, 0.0, 1.4142135, 2.0, 2.4494898, 2.6457512, 4.2426405, 6.3245554, 7.3484693]","[1.5, 2.0, 2.5, 3.5, 3.5, 3.5, 4.0, 4.0, 5.0]","[0.0, 0.0, 1.4142135, 2.0, 2.6457512, 3.1622777, 3.4641016, 4.0, 4.582576]","[-5.5, -5.5, -4.5, -4.0, -3.0, -3.0, -3.0, -2.0, -2.0]","[2.0, 2.5, 5.0]","[0.0, 2.0, 4.582576]","[-5.5, -4.5, -2.0]","[4.0, 6.5, 7.0]","[4.0, 6.0, 6.928203]","[-3.0, 3.5, 5.5]","[4.0, 7.0]","[2.6457512, 6.928203]","[1.5, 5.5]",1,1,1,0,1.0,0.0,0
900,6,3,2,"[0.0, 1.0, 1.0, 2.5, 3.0, 3.0, 3.5, 3.5, 5.0, 6.0]","[0.0, 0.0, 0.0, 0.0, 0.0, 2.0, 2.828427, 3.0, 3.4641016, 5.656854]","[1.5, 1.5, 1.5, 2.0, 3.5, 4.5]","[0.0, 0.0, 1.4142135, 1.4142135, 3.1622777, 3.7416575]","[-6.0, -4.0, -4.0, -4.0, -4.0, -3.0]","[1.5, 1.5, 2.0]","[0.0, 1.4142135, 1.4142135]","[-6.0, -4.0, -4.0]","[1.5, 2.5, 4.5]","[0.0, 2.0, 3.7416575]","[-1.5, 0.5, 2.0]","[2.5, 5.5]","[2.0, 4.8989797]","[2.0, 4.5]",1,1,1,0,1.0,0.0,1
1028,2,2,2,"[0.0, 0.5, 0.5, 2.0, 2.0, 2.0, 3.0, 3.0, 4.0, 4.5]","[0.0, 0.0, 0.0, 0.0, 0.0, 0.0, 0.0, 2.6457512, 2.828427, 3.7416575]","[3.5, 4.5]","[3.1622777, 4.2426405]","[-2.0, -1.0]","[3.5, 4.5]","[3.1622777, 4.2426405]","[-2.0, -1.0]","[2.0, 4.0]","[1.7320508, 3.4641016]","[0.0, 3.5]","[2.0, 4.0]","[1.7320508, 3.4641016]","[0.0, 3.5]",0,2,0,0,0.0,0.0,1
19750,6,3,3,"[0.5, 1.0, 1.0, 1.5, 2.0, 2.5, 3.5, 3.5, 4.0, 6.5]","[0.0, 0.0, 0.0, 0.0, 0.0, 0.0, 1.7320508, 3.4641016, 3.4641016, 6.0]","[1.0, 1.0, 1.5, 2.0, 4.5, 5.0]","[0.0, 0.0, 1.0, 2.0, 4.2426405, 4.582576]","[-5.0, -4.5, -2.0, -2.0, -1.5, -1.0]","[1.0, 1.0, 1.5]","[0.0, 0.0, 1.0]","[-5.0, -4.5, -2.0]","[2.5, 4.5, 7.0]","[2.0, 4.472136, 7.0]","[-1.0, 4.0, 5.5]","[2.5, 4.5, 7.0]","[2.0, 4.472136, 7.0]","[-1.0, 4.0, 5.5]",0,3,0,0,0.0,0.0,0
51624,16,3,1,"[0.0, 0.5, 0.5, 0.5, 3.5, 5.5, 6.0, 6.0, 6.5, 7.5]","[0.0, 0.0, 0.0, 0.0, 2.4494898, 4.8989797, 5.196152, 5.656854, 6.4807405, 7.3484693]","[1.5, 2.0, 2.0, 2.5, 2.5, 2.5, 3.5, 4.0, 4.0, 4.0, 4.0, 4.5, 4.5, 5.0, 6.5, 6.5]","[0.0, 0.0, 0.0, 0.0, 0.0, 2.0, 2.0, 2.4494898, 3.8729835, 4.0, 4.0, 4.2426405, 4.2426405, 5.0, 6.3245554, 6.4807405]","[-6.0, -5.0, -5.0, -4.5, -4.0, -4.0, -4.0, -3.5, -2.5, -2.5, -2.5, -2.0, -2.0, -2.0, -2.0, -2.0]","[1.5, 2.0, 4.5]","[0.0, 2.0, 4.2426405]","[-6.0, -5.0, -2.0]","[2.5, 4.0, 5.5]","[0.0, 2.0, 4.2426405]","[-4.5, -1.0, 0.5]",[8.5],[8.485281],[4.0],2,0,1,0,2.0,0.0,0
14611,4,3,2,"[0.0, 0.5, 2.0, 2.0, 2.5, 3.0, 3.0, 4.5, 5.5, 6.0]","[0.0, 0.0, 2.0, 2.0, 2.4494898, 2.828427, 3.0, 4.472136, 5.477226, 5.656854]","[0.5, 1.5, 2.5, 3.0]","[0.0, 0.0, 2.0, 3.0]","[-4.5, -2.0, -1.5, -1.0]","[0.5, 1.5, 3.0]","[0.0, 0.0, 3.0]","[-4.5, -2.0, -1.0]","[3.5, 3.5, 6.0]","[0.0, 3.4641016, 5.91608]","[-1.5, -1.0, 3.0]","[3.5, 5.0]","[0.0, 3.0]","[-1.0, 3.0]",1,1,1,0,1.0,0.0,0
49038,2,1,1,"[0.0, 0.5, 0.5, 1.0, 1.0, 1.0, 2.5, 3.5, 3.5, 4.0]","[0.0, 0.0, 0.0, 0.0, 0.0, 0.0, 1.0, 2.6457512, 3.1622777, 3.4641016]","[2.5, 3.5]","[2.0, 3.4641016]","[-2.5, -1.5]",[3.5],[3.4641016],[-2.5],[9.0],[9.0],[8.5],[9.0],[9.0],[8.5],0,1,0,0,0.0,0.0,0
70474,3,2,2,"[0.5, 0.5, 0.5, 0.5, 1.0, 1.5, 1.5, 3.5, 4.0, 4.0]","[0.0, 0.0, 0.0, 0.0, 0.0, 1.4142135, 1.4142135, 2.4494898, 3.4641016, 4.0]","[0.5, 2.0, 2.5]","[0.0, 0.0, 1.7320508]","[-2.0, -1.5, -1.0]","[0.5, 2.0]","[0.0, 1.7320508]","[-2.0, -1.0]","[2.5, 7.0]","[2.0, 6.928203]","[2.5, 6.0]","[2.5, 7.0]","[2.0, 6.928203]","[2.5, 6.0]",0,2,0,0,0.0,0.0,0
509,1,1,1,"[0.0, 0.0, 0.5, 0.5, 1.0, 1.0, 1.0, 1.5, 2.0, 5.0]","[0.0, 0.0, 0.0, 0.0, 0.0, 0.0, 0.0, 0.0, 1.0, 4.0]",[3.0],[2.828427],[-2.5],[3.0],[2.828427],[-2.5],[3.0],[2.828427],[2.0],[3.0],[2.828427],[2.0],0,1,0,0,0.0,0.0,1
16621,3,2,1,"[0.0, 0.0, 0.5, 1.0, 1.0, 2.0, 2.0, 2.5, 2.5, 7.5]","[0.0, 0.0, 0.0, 1.0, 1.0, 1.7320508, 2.0, 2.0, 2.0, 7.3484693]","[2.0, 2.5, 4.0]","[0.0, 1.7320508, 2.6457512]","[-2.5, -2.5, -2.5]","[2.0, 2.5]","[0.0, 1.7320508]","[-2.5, -2.5]","[1.5, 6.0]","[0.0, 6.0]","[-2.0, 1.0]",[7.0],[6.928203],[6.0],1,0,1,0,1.0,0.0,0
646,4,1,1,"[0.0, 0.5, 0.5, 1.0, 1.0, 3.5, 4.0, 4.0, 5.0, 6.5]","[0.0, 0.0, 0.0, 0.0, 0.0, 1.0, 3.4641016, 3.8729835, 5.0, 6.0]","[2.0, 2.5, 3.5, 4.5]","[1.7320508, 2.0, 3.4641016, 3.7416575]","[-5.0, -2.5, -1.5, -1.0]",[2.0],[1.7320508],[-5.0],[9.0],[9.0],[4.5],[9.0],[9.0],[4.5],0,1,0,0,0.0,0.0,1
47151,13,3,2,"[0.5, 1.0, 1.5, 2.0, 2.0, 3.0, 3.5, 5.5, 6.0, 8.5]","[0.0, 0.0, 0.0, 1.4142135, 1.7320508, 1.7320508, 2.4494898, 4.8989797, 6.0, 8.485281]","[2.0, 2.0, 2.5, 2.5, 2.5, 2.5, 3.0, 3.0, 3.5, 3.5, 3.5, 4.5, 5.0]","[0.0, 0.0, 0.0, 0.0, 0.0, 2.0, 2.236068, 2.4494898, 2.4494898, 2.828427, 3.1622777, 3.1622777, 4.582576]","[-5.5, -5.0, -4.5, -3.5, -3.5, -3.0, -3.0, -3.0, -3.0, -2.5, -2.5, -1.5, -1.0]","[2.0, 2.5, 3.5]","[0.0, 2.4494898, 3.1622777]","[-5.0, -3.0, -2.5]","[4.0, 4.5, 4.5]","[2.828427, 3.4641016, 4.472136]","[-0.5, 0.0, 1.5]","[4.5, 4.5]","[0.0, 4.472136]","[1.5, 4.0]",1,1,1,0,1.0,0.0,0
13095,6,2,2,"[0.5, 0.5, 1.0, 1.5, 2.5, 2.5, 3.0, 5.5, 5.5, 8.5]","[0.0, 0.0, 0.0, 0.0, 0.0, 2.0, 2.0, 4.2426405, 5.477226, 8.485281]","[1.0, 1.5, 3.0, 3.0, 3.5, 5.0]","[0.0, 1.0, 1.4142135, 2.236068, 2.828427, 4.582576]","[-6.5, -4.0, -3.5, -2.0, -2.0, -1.5]","[1.0, 1.5]","[1.0, 1.4142135]","[-6.5, -4.0]","[6.5, 8.5]","[6.0, 8.485281]","[2.0, 5.0]","[6.5, 8.5]","[6.0, 8.485281]","[2.0, 5.0]",0,2,0,0,0.0,0.0,0
85275,2,2,2,"[0.0, 0.5, 1.0, 1.0, 1.5, 2.5, 3.5, 3.5, 3.5, 4.5]","[0.0, 0.0, 0.0, 0.0, 0.0, 1.0, 2.4494898, 2.4494898, 3.4641016, 4.472136]","[2.0, 2.0]","[0.0, 0.0]","[-2.0, -1.5]","[2.0, 2.0]","[0.0, 0.0]","[-2.0, -1.5]","[4.5, 6.0]","[4.2426405, 5.91608]","[2.5, 5.5]","[4.5, 6.0]","[4.2426405, 5.91608]","[2.5, 5.5]",0,2,0,0,0.0,0.0,0
34184,10,3,1,"[0.0, 0.0, 1.0, 1.0, 2.0, 4.0, 5.0, 5.5, 6.5, 7.0]","[0.0, 0.0, 0.0, 0.0, 0.0, 2.6457512, 4.0, 4.8989797, 6.3245554, 6.928203]","[0.5, 1.0, 1.5, 2.5, 2.5, 3.0, 3.0, 3.5, 4.0, 4.5]","[0.0, 0.0, 0.0, 0.0, 1.4142135, 2.236068, 2.6457512, 3.0, 3.4641016, 4.472136]","[-6.5, -5.5, -4.0, -4.0, -4.0, -3.0, -2.5, -2.5, -2.0, -1.0]","[0.5, 1.0, 2.5]","[0.0, 0.0, 0.0]","[-6.5, -4.0, -2.5]","[4.0, 5.0, 6.0]","[4.0, 4.8989797, 5.196152]","[-1.5, 1.5, 2.0]",[6.5],[6.0],[6.0],2,0,1,0,2.0,0.0,0
376,8,2,2,"[0.0, 1.0, 1.0, 2.0, 2.5, 2.5, 5.0, 6.0, 7.5, 8.0]","[0.0, 0.0, 0.0, 1.7320508, 2.0, 2.0, 4.0, 5.656854, 7.3484693, 7.937254]","[2.0, 2.0, 2.0, 3.5, 3.5, 4.0, 5.5, 5.5]","[0.0, 0.0, 0.0, 0.0, 2.0, 3.1622777, 4.8989797, 5.2915025]","[-6.5, -5.0, -4.5, -4.0, -4.0, -2.0, -1.5, -1.0]","[2.0, 2.0]","[0.0, 2.0]","[-6.5, -4.0]","[3.0, 7.5]","[0.0, 7.3484693]","[0.5, 3.0]","[3.0, 7.5]","[0.0, 7.3484693]","[0.5, 3.0]",0,2,0,0,0.0,0.0,1
35392,4,3,3,"[0.5, 1.0, 1.5, 2.0, 2.5, 2.5, 3.0, 3.0, 4.5, 5.0]","[0.0, 0.0, 0.0, 0.0, 1.4142135, 2.0, 2.4494898, 2.828427, 4.2426405, 5.0]","[1.5, 1.5, 1.5, 3.0]","[0.0, 0.0, 1.4142135, 2.236068]","[-4.0, -2.5, -2.0, -1.0]","[1.5, 1.5, 1.5]","[0.0, 0.0, 1.4142135]","[-4.0, -2.5, -2.0]","[2.0, 4.0, 4.5]","[0.0, 1.7320508, 3.8729835]","[0.5, 1.5, 2.5]","[2.0, 4.0, 4.5]","[0.0, 1.7320508, 3.8729835]","[0.5, 1.5, 2.5]",0,3,0,0,0.0,0.0,0
42489,5,4,3,"[0.0, 0.0, 0.5, 1.5, 1.5, 2.0, 2.5, 3.5, 5.0, 7.5]","[0.0, 0.0, 0.0, 1.4142135, 1.4142135, 1.7320508, 2.4494898, 3.4641016, 4.582576, 7.483315]","[1.0, 1.5, 1.5, 2.0, 3.0]","[0.0, 1.0, 1.4142135, 1.7320508, 2.828427]","[-3.5, -3.5, -3.0, -2.5, -1.5]","[1.0, 1.5, 1.5, 2.0]","[0.0, 1.0, 1.4142135, 1.7320508]","[-3.5, -3.5, -3.0, -1.5]","[2.0, 5.0, 5.0, 5.5]","[1.7320508, 4.0, 5.0, 5.477226]","[0.0, 0.0, 1.0, 3.0]","[2.0, 5.0, 8.0]","[1.7320508, 4.0, 7.937254]","[0.0, 3.0, 6.0]",1,2,1,0,1.0,0.0,0
548,5,3,3,"[0.0, 0.0, 0.5, 1.5, 2.0, 3.0, 3.5, 4.5, 5.0, 8.0]","[0.0, 0.0, 0.0, 0.0, 1.4142135, 1.7320508, 2.4494898, 3.7416575, 4.8989797, 7.937254]","[1.0, 1.5, 3.5, 4.0, 4.5]","[0.0, 1.0, 2.4494898, 4.0, 4.472136]","[-4.0, -3.5, -2.5, -2.0, -1.5]","[1.0, 1.5, 3.5]","[0.0, 1.0, 2.4494898]","[-4.0, -3.5, -1.5]","[3.5, 4.0, 6.5]","[0.0, 3.1622777, 6.0]","[-0.5, 1.0, 5.5]","[3.5, 4.0, 6.5]","[0.0, 3.1622777, 6.0]","[-0.5, 1.0, 5.5]",0,3,0,0,0.0,0.0,1
42182,3,2,1,"[0.0, 0.5, 1.0, 1.0, 1.5, 2.0, 3.5, 4.5, 5.5, 6.0]","[0.0, 0.0, 0.0, 0.0, 1.0, 1.4142135, 3.4641016, 4.2426405, 5.2915025, 5.656854]","[1.5, 3.5, 4.0]","[0.0, 1.4142135, 3.4641016]","[-3.5, -2.5, -1.5]","[1.5, 4.0]","[1.4142135, 3.4641016]","[-3.5, -2.5]","[3.0, 3.0]","[0.0, 2.828427]","[-1.0, -0.5]",[5.5],[4.2426405],[3.5],1,0,1,0,1.0,0.0,0
987,9,3,1,"[0.5, 1.0, 1.0, 1.5, 2.5, 2.5, 3.0, 6.0, 7.0, 8.0]","[0.0, 0.0, 0.0, 0.0, 0.0, 2.0, 2.0, 5.656854, 6.708204, 7.937254]","[1.5, 2.0, 2.5, 2.5, 3.5, 3.5, 4.0, 5.0, 7.0]","[0.0, 0.0, 0.0, 0.0, 2.0, 2.0, 4.0, 4.582576, 6.928203]","[-5.0, -4.0, -3.5, -3.5, -3.0, -2.5, -2.0, -1.5, -1.0]","[1.5, 2.0, 2.5]","[0.0, 0.0, 2.0]","[-5.0, -3.5, -2.5]","[3.5, 4.0, 7.0]","[0.0, 4.0, 6.928203]","[-3.0, -1.0, 1.5]",[5.0],[3.0],[3.0],2,0,1,0,2.0,0.0,1
36952,3,3,2,"[0.5, 0.5, 1.0, 1.0, 1.5, 1.5, 2.0, 3.0, 3.5, 8.5]","[0.0, 0.0, 0.0, 0.0, 0.0, 0.0, 1.7320508, 2.236068, 3.1622777, 8.485281]","[2.0, 3.0, 4.0]","[0.0, 2.6457512, 2.828427]","[-3.0, -1.5, -1.0]","[2.0, 3.0, 4.0]","[0.0, 2.6457512, 2.828427]","[-3.0, -1.5, -1.0]","[4.5, 4.5, 5.5]","[2.828427, 2.828427, 5.477226]","[-2.5, 0.5, 5.0]","[5.5, 6.0]","[5.196152, 5.477226]","[3.5, 5.0]",1,1,1,0,1.0,0.0,0
85621,3,2,2,"[0.0, 0.5, 1.5, 1.5, 1.5, 2.5, 2.5, 4.0, 4.5, 4.5]","[0.0, 0.0, 0.0, 0.0, 1.4142135, 1.4142135, 1.4142135, 2.828427, 3.8729835, 4.472136]","[1.5, 2.0, 3.0]","[1.4142135, 1.7320508, 2.828427]","[-3.5, -3.0, -1.5]","[1.5, 3.0]","[1.4142135, 2.828427]","[-3.5, -3.0]","[6.5, 7.0]","[6.0, 7.0]","[4.0, 5.0]","[6.5, 7.0]","[6.0, 7.0]","[4.0, 5.0]",0,2,0,0,0.0,0.0,0
25107,3,2,1,"[0.0, 0.0, 1.0, 1.0, 2.0, 2.0, 2.0, 2.5, 3.0, 6.5]","[0.0, 0.0, 0.0, 0.0, 0.0, 1.0, 2.0, 2.0, 3.0, 6.0]","[1.0, 1.0, 4.5]","[0.0, 1.0, 2.828427]","[-4.5, -3.0, -1.0]","[1.0, 1.0]","[0.0, 1.0]","[-4.5, -3.0]","[2.5, 8.0]","[2.0, 8.0]","[-2.0, 5.0]",[7.5],[7.3484693],[6.5],1,0,1,0,1.0,0.0,0
72784,9,4,3,"[1.0, 1.0, 1.5, 2.5, 2.5, 2.5, 4.0, 5.0, 7.5, 8.5]","[0.0, 0.0, 0.0, 0.0, 2.0, 2.4494898, 2.4494898, 4.582576, 7.3484693, 8.485281]","[1.5, 1.5, 2.5, 3.0, 3.5, 3.5, 4.0, 4.5, 4.5]","[0.0, 0.0, 1.4142135, 2.0, 2.236068, 3.4641016, 3.4641016, 4.2426405, 4.2426405]","[-4.0, -4.0, -3.5, -3.5, -3.0, -3.0, -2.5, -2.5, -2.0]","[1.5, 1.5, 2.5, 3.5]","[0.0, 0.0, 1.4142135, 2.0]","[-4.0, -3.5, -3.0, -2.0]","[2.5, 3.0, 3.0, 6.0]","[0.0, 0.0, 2.236068, 5.656854]","[-3.0, -2.5, 0.5, 3.0]","[2.5, 3.0, 6.0]","[0.0, 2.236068, 5.656854]","[0.0, 0.5, 3.0]",1,2,1,0,1.0,0.0,0
5045,10,4,3,"[0.5, 1.0, 1.0, 2.0, 2.5, 3.0, 4.5, 5.0, 7.5, 8.0]","[0.0, 0.0, 0.0, 0.0, 2.4494898, 2.828427, 4.0, 4.2426405, 7.3484693, 8.0]","[1.0, 1.0, 1.5, 1.5, 2.0, 2.5, 2.5, 3.5, 3.5, 5.0]","[0.0, 0.0, 0.0, 0.0, 0.0, 0.0, 0.0, 2.4494898, 2.4494898, 5.0]","[-5.5, -4.5, -4.5, -3.5, -3.5, -2.5, -2.0, -1.5, -1.5, -1.0]","[1.0, 1.5, 1.5, 2.5]","[0.0, 0.0, 0.0, 2.4494898]","[-5.5, -4.5, -3.5, -1.0]","[1.0, 5.0, 6.0, 9.0]","[0.0, 5.0, 5.91608, 9.0]","[-1.5, 0.0, 3.0, 6.0]","[1.0, 5.5, 9.0]","[0.0, 5.477226, 9.0]","[-1.5, 0.5, 6.0]",1,2,1,0,1.0,0.0,0
474,3,2,2,"[0.0, 0.5, 1.0, 1.0, 2.0, 3.0, 3.5, 4.0, 4.0, 5.0]","[0.0, 0.0, 0.0, 0.0, 0.0, 0.0, 2.236068, 3.1622777, 3.4641016, 5.0]","[1.0, 3.5, 4.0]","[0.0, 1.0, 3.8729835]","[-2.0, -1.0, -1.0]","[1.0, 4.0]","[1.0, 3.8729835]","[-2.0, -1.0]","[4.5, 7.5]","[2.828427, 7.483315]","[4.5, 5.0]","[4.5, 7.5]","[2.828427, 7.483315]","[4.5, 5.0]",0,2,0,0,0.0,0.0,1
151,7,4,1,"[0.0, 0.0, 0.5, 0.5, 3.5, 4.0, 4.0, 5.0, 5.5, 7.5]","[0.0, 0.0, 0.0, 0.0, 0.0, 3.4641016, 4.0, 4.0, 4.2426405, 7.483315]","[0.5, 1.0, 1.0, 2.0, 3.0, 3.5, 3.5]","[0.0, 0.0, 0.0, 0.0, 0.0, 1.0, 2.236068]","[-6.5, -4.5, -2.5, -2.5, -2.5, -2.0, -1.5]","[0.5, 1.0, 2.0, 3.5]","[0.0, 0.0, 0.0, 1.0]","[-6.5, -2.5, -2.5, -2.5]","[5.5, 6.5, 6.5, 7.0]","[5.477226, 6.0, 6.3245554, 6.708204]","[0.0, 2.5, 2.5, 3.5]",[7.0],[6.708204],[2.5],3,1,0,1,0.0,3.0,1
44438,9,3,2,"[0.0, 0.5, 0.5, 1.5, 1.5, 2.0, 4.0, 6.5, 6.5, 7.0]","[0.0, 0.0, 0.0, 1.4142135, 1.4142135, 2.0, 3.4641016, 6.0, 6.0, 7.0]","[1.0, 1.0, 1.5, 2.0, 3.0, 3.0, 3.0, 4.0, 5.0]","[0.0, 0.0, 0.0, 1.0, 1.7320508, 2.236068, 2.236068, 4.0, 4.0]","[-5.5, -5.0, -4.0, -4.0, -3.5, -3.0, -2.5, -1.5, -1.0]","[1.0, 1.0, 1.5]","[0.0, 0.0, 1.0]","[-5.5, -4.0, -3.0]","[2.5, 3.5, 4.0]","[0.0, 0.0, 2.4494898]","[-1.0, -0.5, 1.0]","[3.5, 5.5]","[0.0, 4.2426405]","[1.0, 4.5]",1,1,1,0,1.0,0.0,0
95929,3,2,2,"[0.0, 0.5, 0.5, 1.0, 1.5, 2.5, 4.5, 4.5, 4.5, 5.0]","[0.0, 0.0, 0.0, 1.0, 1.4142135, 2.0, 2.828427, 4.2426405, 4.472136, 5.0]","[0.5, 1.5, 1.5]","[0.0, 0.0, 1.4142135]","[-5.0, -4.0, -3.0]","[0.5, 1.5]","[0.0, 0.0]","[-4.0, -3.0]","[2.5, 4.0]","[0.0, 0.0]","[-1.0, 1.5]","[2.5, 4.0]","[0.0, 0.0]","[-1.0, 1.5]",0,2,0,0,0.0,0.0,0
448,3,2,2,"[0.0, 0.0, 0.5, 0.5, 0.5, 1.0, 1.5, 2.5, 2.5, 5.5]","[0.0, 0.0, 0.0, 0.0, 0.0, 0.0, 0.0, 0.0, 0.0, 5.477226]","[1.0, 1.5, 3.5]","[0.0, 0.0, 3.4641016]","[-2.0, -1.5, -1.5]","[1.0, 1.5]","[0.0, 0.0]","[-2.0, -1.5]","[5.0, 5.0]","[4.0, 4.582576]","[2.0, 5.0]","[5.0, 5.0]","[4.0, 4.582576]","[2.0, 5.0]",0,2,0,0,0.0,0.0,1
943,3,2,2,"[0.0, 0.5, 2.0, 2.0, 2.0, 2.5, 2.5, 4.0, 5.5, 7.5]","[0.0, 0.0, 0.0, 0.0, 0.0, 2.0, 2.0, 3.8729835, 4.2426405, 7.483315]","[0.5, 1.5, 6.5]","[0.0, 1.4142135, 6.4807405]","[-5.0, -3.5, -2.0]","[0.5, 1.5]","[0.0, 1.4142135]","[-5.0, -3.5]","[1.5, 5.5]","[1.4142135, 4.8989797]","[0.5, 5.0]","[1.5, 5.5]","[1.4142135, 4.8989797]","[0.5, 5.0]",0,2,0,0,0.0,0.0,1
91072,2,2,2,"[0.0, 0.0, 1.0, 1.0, 1.0, 1.5, 1.5, 2.5, 3.5, 4.5]","[0.0, 0.0, 0.0, 0.0, 0.0, 1.0, 1.0, 2.4494898, 3.4641016, 4.472136]","[2.0, 3.0]","[2.0, 2.828427]","[-1.5, -1.0]","[2.0, 3.0]","[2.0, 2.828427]","[-1.5, -1.0]","[5.5, 6.0]","[4.8989797, 5.91608]","[3.0, 4.0]","[5.5, 6.0]","[4.8989797, 5.91608]","[3.0, 4.0]",0,2,0,0,0.0,0.0,0
13564,4,3,2,"[0.0, 0.0, 1.5, 2.0, 2.0, 2.5, 3.0, 3.0, 4.0, 7.5]","[0.0, 0.0, 0.0, 1.4142135, 1.7320508, 2.0, 2.236068, 2.6457512, 2.828427, 7.3484693]","[2.0, 2.5, 2.5, 3.0]","[0.0, 1.7320508, 2.4494898, 2.4494898]","[-4.0, -3.0, -2.0, -2.0]","[2.0, 2.5, 2.5]","[1.7320508, 2.4494898, 2.4494898]","[-4.0, -3.0, -2.0]","[3.0, 4.5, 5.5]","[3.0, 4.2426405, 5.2915025]","[-1.0, 1.0, 3.5]","[4.5, 4.5]","[2.828427, 4.2426405]","[3.5, 3.5]",1,1,1,0,1.0,0.0,0
89510,4,2,2,"[0.0, 0.0, 1.0, 1.0, 1.0, 2.5, 2.5, 4.0, 4.5, 8.0]","[0.0, 0.0, 0.0, 0.0, 0.0, 1.0, 2.0, 2.6457512, 4.472136, 7.937254]","[2.0, 2.0, 2.0, 3.0]","[0.0, 0.0, 0.0, 1.7320508]","[-4.0, -2.5, -1.5, -1.0]","[2.0, 2.0]","[0.0, 1.7320508]","[-2.5, -1.5]","[2.5, 5.5]","[0.0, 4.8989797]","[-2.0, 3.5]","[2.5, 5.5]","[0.0, 4.8989797]","[-2.0, 3.5]",0,2,0,0,0.0,0.0,0
231,3,1,1,"[0.5, 0.5, 1.0, 1.0, 1.0, 1.5, 3.0, 3.0, 3.5, 4.0]","[0.0, 0.0, 0.0, 0.0, 0.0, 0.0, 1.0, 2.6457512, 3.0, 3.1622777]","[2.0, 2.5, 3.0]","[0.0, 2.0, 2.828427]","[-3.5, -3.5, -1.0]",[2.0],[2.0],[-3.5],[6.5],[6.0],[5.5],[6.5],[6.0],[5.5],0,1,0,0,0.0,0.0,1
675,7,2,1,"[0.5, 1.0, 1.0, 1.5, 2.0, 2.0, 3.5, 4.0, 5.0, 6.5]","[0.0, 0.0, 0.0, 1.0, 1.4142135, 2.0, 3.1622777, 4.0, 4.582576, 6.4807405]","[1.5, 1.5, 2.5, 3.0, 3.0, 3.0, 3.5]","[0.0, 0.0, 0.0, 0.0, 0.0, 2.828427, 3.1622777]","[-3.5, -2.5, -2.5, -2.5, -2.0, -1.5, -1.0]","[1.5, 3.0]","[0.0, 0.0]","[-3.5, -2.5]","[2.5, 7.0]","[0.0, 7.0]","[-2.5, 4.0]",[5.0],[4.582576],[3.5],1,0,1,0,1.0,0.0,1
602,5,2,1,"[0.0, 0.5, 1.0, 1.0, 1.5, 2.0, 4.0, 4.5, 7.0, 7.5]","[0.0, 0.0, 0.0, 1.0, 1.4142135, 2.0, 4.0, 4.472136, 6.928203, 7.3484693]","[0.5, 2.0, 2.5, 4.0, 4.0]","[0.0, 1.7320508, 2.4494898, 3.4641016, 4.0]","[-6.5, -4.0, -3.5, -2.5, -1.5]","[0.5, 2.0]","[0.0, 1.7320508]","[-6.5, -3.5]","[4.5, 7.0]","[4.472136, 6.708204]","[-0.5, 1.0]",[7.0],[6.708204],[3.0],1,0,1,0,1.0,0.0,1
55155,7,3,2,"[0.0, 0.0, 1.0, 1.5, 3.0, 3.5, 3.5, 4.0, 6.0, 7.0]","[0.0, 0.0, 0.0, 0.0, 0.0, 0.0, 3.1622777, 3.8729835, 5.91608, 6.708204]","[1.5, 1.5, 2.0, 2.5, 2.5, 3.0, 3.5]","[0.0, 1.4142135, 1.7320508, 2.0, 2.4494898, 2.828427, 3.4641016]","[-4.5, -4.0, -4.0, -3.5, -3.0, -2.5, -1.5]","[1.5, 1.5, 2.0]","[0.0, 1.4142135, 1.7320508]","[-4.5, -4.0, -3.5]","[3.0, 4.5, 8.5]","[0.0, 3.7416575, 8.485281]","[-1.5, 1.5, 3.0]","[4.0, 4.5]","[3.7416575, 4.0]","[-1.5, 3.0]",1,1,1,0,1.0,0.0,0
313,4,2,1,"[0.5, 1.0, 1.5, 1.5, 1.5, 2.0, 2.5, 4.0, 5.5, 6.0]","[0.0, 0.0, 0.0, 1.4142135, 1.4142135, 1.4142135, 2.0, 3.8729835, 4.2426405, 5.196152]","[1.5, 2.5, 5.5, 5.5]","[1.4142135, 2.0, 4.8989797, 5.2915025]","[-4.5, -2.5, -1.5, -1.5]","[1.5, 2.5]","[1.4142135, 2.0]","[-4.5, -2.5]","[5.5, 7.0]","[4.2426405, 6.708204]","[1.5, 5.5]",[7.0],[6.928203],[5.5],1,0,1,0,1.0,0.0,1
217,2,2,1,"[0.5, 0.5, 1.0, 1.0, 1.0, 1.5, 1.5, 1.5, 3.0, 6.5]","[0.0, 0.0, 0.0, 0.0, 1.0, 1.4142135, 1.4142135, 1.4142135, 2.236068, 6.3245554]","[1.0, 3.5]","[0.0, 0.0]","[-2.0, -1.0]","[1.0, 3.5]","[0.0, 0.0]","[-2.0, -1.0]","[3.5, 6.0]","[3.1622777, 6.0]","[1.0, 2.5]",[2.0],[0.0],[-1.0],1,0,1,0,1.0,0.0,1
63631,4,2,2,"[0.0, 0.0, 0.5, 1.0, 2.5, 3.0, 3.5, 4.0, 4.5, 4.5]","[0.0, 0.0, 0.0, 0.0, 0.0, 1.0, 2.0, 2.6457512, 3.7416575, 4.472136]","[3.0, 3.5, 3.5, 5.0]","[0.0, 2.4494898, 3.4641016, 4.8989797]","[-3.0, -2.5, -1.0, -1.0]","[3.0, 3.5]","[0.0, 3.4641016]","[-2.5, -1.0]","[3.5, 8.5]","[3.1622777, 8.485281]","[2.5, 5.5]","[3.5, 8.5]","[3.1622777, 8.485281]","[2.5, 5.5]",0,2,0,0,0.0,0.0,0
42886,4,3,2,"[0.5, 0.5, 1.0, 1.5, 2.0, 2.0, 3.5, 4.5, 5.0, 8.0]","[0.0, 0.0, 0.0, 0.0, 1.4142135, 2.0, 3.4641016, 4.0, 4.472136, 8.0]","[1.0, 2.5, 3.0, 3.5]","[0.0, 0.0, 3.0, 3.4641016]","[-3.5, -3.5, -3.0, -2.5]","[1.0, 3.0, 3.5]","[0.0, 3.0, 3.4641016]","[-3.5, -3.0, -2.5]","[1.5, 3.0, 5.5]","[1.4142135, 2.828427, 4.8989797]","[-2.5, -2.0, 2.0]","[5.5, 6.5]","[4.8989797, 6.4807405]","[2.0, 5.5]",1,1,1,0,1.0,0.0,0
8222,4,2,2,"[0.0, 0.5, 0.5, 0.5, 0.5, 2.0, 2.0, 3.0, 5.5, 5.5]","[0.0, 0.0, 0.0, 0.0, 0.0, 1.7320508, 2.0, 3.0, 4.2426405, 4.2426405]","[1.5, 1.5, 3.0, 4.0]","[0.0, 1.4142135, 1.4142135, 2.236068]","[-4.0, -2.5, -1.5, -1.5]","[1.5, 4.0]","[0.0, 1.4142135]","[-1.5, -1.5]","[2.0, 4.0]","[0.0, 2.0]","[0.0, 2.0]","[2.0, 4.0]","[0.0, 2.0]","[0.0, 2.0]",0,2,0,0,0.0,0.0,0
60238,4,1,1,"[0.0, 0.5, 0.5, 2.0, 2.0, 2.0, 3.5, 5.0, 5.0, 8.5]","[0.0, 0.0, 0.0, 1.7320508, 1.7320508, 1.7320508, 2.4494898, 3.0, 4.8989797, 8.485281]","[1.5, 2.5, 3.5, 5.0]","[0.0, 1.4142135, 2.4494898, 4.0]","[-6.5, -5.0, -2.5, -2.5]",[1.5],[1.4142135],[-5.0],[6.5],[6.4807405],[3.0],[6.5],[6.4807405],[3.0],0,1,0,0,0.0,0.0,0
645,6,3,2,"[0.0, 0.0, 0.0, 0.0, 1.5, 2.5, 3.0, 4.0, 5.5, 6.0]","[0.0, 0.0, 0.0, 0.0, 0.0, 1.4142135, 2.236068, 4.0, 4.2426405, 5.656854]","[0.5, 0.5, 1.0, 1.0, 1.0, 2.0]","[0.0, 0.0, 0.0, 0.0, 1.0, 1.7320508]","[-7.5, -6.5, -5.5, -3.5, -2.5, -2.5]","[0.5, 0.5, 1.0]","[0.0, 0.0, 1.0]","[-6.5, -5.5, -2.5]","[4.5, 5.0, 5.5]","[4.2426405, 4.582576, 4.8989797]","[0.0, 3.0, 4.0]","[4.0, 5.5]","[2.6457512, 4.8989797]","[3.5, 4.0]",1,1,1,0,1.0,0.0,1
429,5,1,1,"[1.0, 1.0, 1.0, 2.0, 2.0, 2.5, 3.5, 3.5, 4.0, 5.0]","[0.0, 0.0, 0.0, 1.0, 1.7320508, 2.4494898, 2.4494898, 2.4494898, 3.4641016, 4.0]","[2.5, 2.5, 3.0, 3.5, 4.5]","[0.0, 2.0, 2.4494898, 2.828427, 4.472136]","[-4.0, -2.0, -1.5, -1.5, -1.5]",[3.0],[2.828427],[-4.0],[7.0],[6.708204],[5.5],[7.0],[6.708204],[5.5],0,1,0,0,0.0,0.0,1
25662,14,4,3,"[0.5, 1.0, 2.0, 2.5, 3.0, 4.0, 4.5, 4.5, 7.0, 7.0]","[0.0, 0.0, 0.0, 0.0, 0.0, 1.7320508, 2.0, 2.6457512, 6.708204, 6.708204]","[0.5, 0.5, 2.5, 2.5, 2.5, 3.0, 3.0, 3.5, 4.0, 4.5, 5.0, 5.5, 5.5, 6.0]","[0.0, 0.0, 0.0, 0.0, 2.236068, 2.4494898, 2.4494898, 2.4494898, 3.0, 3.7416575, 4.8989797, 5.477226, 5.477226, 5.91608]","[-7.0, -5.0, -4.5, -4.0, -4.0, -3.5, -3.5, -3.0, -2.5, -2.5, -2.5, -2.5, -2.0, -1.5]","[0.5, 0.5, 2.5, 3.5]","[0.0, 0.0, 0.0, 2.4494898]","[-7.0, -4.0, -3.5, -1.5]","[3.5, 4.0, 8.0, 8.0]","[3.4641016, 3.4641016, 7.937254, 7.937254]","[-1.0, 0.5, 2.0, 8.0]","[4.0, 8.0, 8.0]","[0.0, 7.937254, 7.937254]","[2.0, 3.0, 8.0]",1,2,1,0,1.0,0.0,0
88085,4,3,1,"[0.0, 0.5, 1.0, 1.5, 1.5, 2.0, 2.0, 2.5, 5.5, 5.5]","[0.0, 0.0, 0.0, 0.0, 0.0, 0.0, 1.4142135, 1.4142135, 4.8989797, 5.477226]","[0.5, 1.0, 2.5, 3.5]","[0.0, 1.0, 2.0, 3.4641016]","[-3.0, -3.0, -2.0, -1.5]","[0.5, 1.0, 3.5]","[0.0, 1.0, 3.4641016]","[-3.0, -3.0, -1.5]","[4.5, 5.0, 5.0]","[3.0, 3.7416575, 4.582576]","[0.0, 0.5, 1.5]",[3.5],[3.4641016],[2.0],2,0,1,0,2.0,0.0,0
42712,6,3,2,"[0.0, 0.5, 1.0, 2.0, 2.0, 2.0, 3.0, 4.0, 5.5, 7.0]","[0.0, 0.0, 0.0, 0.0, 1.7320508, 1.7320508, 2.236068, 2.6457512, 5.2915025, 6.708204]","[1.0, 1.0, 1.5, 2.0, 2.0, 2.5]","[0.0, 0.0, 0.0, 0.0, 1.7320508, 2.0]","[-5.0, -4.0, -3.5, -3.0, -2.0, -1.5]","[1.0, 1.0, 1.5]","[0.0, 0.0, 0.0]","[-5.0, -3.5, -2.0]","[5.5, 7.0, 7.0]","[5.477226, 6.708204, 6.928203]","[1.0, 1.0, 6.5]","[6.0, 7.0]","[5.91608, 6.708204]","[2.5, 6.5]",1,1,1,0,1.0,0.0,0
57728,1,1,1,"[0.0, 0.5, 1.0, 1.0, 1.5, 1.5, 2.0, 4.0, 4.0, 5.0]","[0.0, 0.0, 0.0, 0.0, 1.4142135, 1.4142135, 2.0, 3.8729835, 3.8729835, 5.0]",[1.5],[1.4142135],[-2.5],[1.5],[1.4142135],[-2.5],[5.5],[4.8989797],[0.5],[5.5],[4.8989797],[0.5],0,1,0,0,0.0,0.0,0
629,7,4,3,"[0.5, 0.5, 0.5, 1.5, 1.5, 3.0, 3.5, 6.0, 7.0, 7.5]","[0.0, 0.0, 0.0, 0.0, 0.0, 1.4142135, 2.4494898, 6.0, 6.928203, 7.3484693]","[1.5, 2.0, 2.5, 2.5, 3.5, 3.5, 4.5]","[0.0, 1.4142135, 1.7320508, 2.0, 3.1622777, 3.4641016, 4.472136]","[-5.0, -5.0, -4.0, -3.5, -3.0, -1.5, -1.5]","[1.5, 2.0, 2.5, 4.5]","[0.0, 1.4142135, 1.7320508, 4.472136]","[-5.0, -3.0, -1.5, -1.5]","[4.5, 5.0, 6.0, 7.0]","[3.0, 4.472136, 6.0, 6.928203]","[0.0, 1.5, 2.0, 3.5]","[4.5, 4.5, 7.0]","[4.2426405, 4.472136, 6.928203]","[0.0, 3.5, 4.0]",1,2,1,0,1.0,0.0,1
345,7,4,2,"[0.5, 1.0, 1.0, 1.0, 2.0, 2.0, 2.5, 3.0, 6.0, 8.5]","[0.0, 0.0, 0.0, 0.0, 0.0, 0.0, 1.0, 2.828427, 6.0, 8.485281]","[1.0, 1.5, 1.5, 2.5, 3.0, 3.5, 4.5]","[0.0, 0.0, 0.0, 0.0, 2.828427, 3.4641016, 4.2426405]","[-3.5, -3.0, -3.0, -2.5, -2.0, -2.0, -1.5]","[1.0, 1.5, 1.5, 3.5]","[0.0, 0.0, 0.0, 3.4641016]","[-3.5, -3.0, -2.5, -2.0]","[8.0, 8.0, 8.0, 8.5]","[7.937254, 7.937254, 8.0, 8.485281]","[3.0, 4.0, 5.0, 7.0]","[6.0, 8.5]","[5.656854, 8.485281]","[4.0, 6.0]",2,1,1,0,2.0,0.0,1
1217,3,2,1,"[0.0, 1.0, 1.0, 1.5, 2.5, 2.5, 2.5, 2.5, 3.0, 5.5]","[0.0, 0.0, 0.0, 0.0, 0.0, 2.0, 2.0, 2.0, 2.4494898, 5.477226]","[1.0, 1.5, 4.5]","[0.0, 1.0, 4.472136]","[-3.5, -2.0, -1.5]","[1.0, 4.5]","[1.0, 4.472136]","[-3.5, -1.5]","[1.5, 4.0]","[0.0, 4.0]","[-2.0, 1.5]",[7.0],[6.928203],[6.5],1,0,1,0,1.0,0.0,0
180,10,3,1,"[0.5, 0.5, 1.5, 1.5, 2.0, 3.0, 5.5, 5.5, 6.0, 6.0]","[0.0, 0.0, 0.0, 0.0, 0.0, 1.7320508, 4.2426405, 5.196152, 5.2915025, 5.91608]","[0.5, 1.0, 2.0, 2.0, 2.5, 2.5, 3.0, 4.5, 4.5, 4.5]","[0.0, 0.0, 0.0, 0.0, 2.0, 2.0, 2.828427, 3.0, 3.7416575, 4.472136]","[-5.0, -4.5, -4.5, -4.5, -4.5, -3.0, -3.0, -3.0, -2.0, -1.5]","[0.5, 1.0, 2.0]","[0.0, 0.0, 2.0]","[-4.5, -4.5, -3.0]","[3.0, 3.5, 5.5]","[3.0, 3.4641016, 4.2426405]","[-5.0, -1.5, 3.0]",[7.0],[6.928203],[3.5],2,0,1,0,2.0,0.0,1
90539,4,1,1,"[0.0, 0.0, 1.0, 1.0, 1.5, 1.5, 2.0, 4.0, 5.0, 7.5]","[0.0, 0.0, 0.0, 0.0, 0.0, 1.0, 1.7320508, 2.6457512, 4.8989797, 7.3484693]","[1.0, 2.5, 3.0, 3.5]","[0.0, 2.236068, 2.4494898, 3.1622777]","[-5.5, -3.5, -1.5, -1.0]",[1.0],[0.0],[-5.5],[6.0],[5.91608],[1.0],[6.0],[5.91608],[1.0],0,1,0,0,0.0,0.0,0
382,5,3,3,"[0.0, 0.0, 1.5, 2.0, 2.5, 3.0, 3.0, 4.5, 5.5, 6.5]","[0.0, 0.0, 0.0, 0.0, 1.4142135, 1.7320508, 2.236068, 4.2426405, 4.472136, 6.0]","[1.5, 2.5, 3.5, 4.5, 5.0]","[0.0, 1.4142135, 2.828427, 3.4641016, 4.582576]","[-4.5, -4.0, -2.5, -2.0, -2.0]","[1.5, 2.5, 3.5]","[0.0, 1.4142135, 3.4641016]","[-4.5, -4.0, -2.0]","[3.5, 3.5, 8.0]","[0.0, 2.4494898, 7.937254]","[0.5, 1.5, 7.0]","[3.5, 3.5, 8.0]","[0.0, 2.4494898, 7.937254]","[0.5, 1.5, 7.0]",0,3,0,0,0.0,0.0,1
957,10,3,2,"[0.5, 0.5, 1.0, 1.5, 2.5, 4.5, 4.5, 5.0, 5.5, 6.0]","[0.0, 0.0, 0.0, 0.0, 0.0, 0.0, 3.0, 4.472136, 4.8989797, 5.656854]","[1.0, 2.5, 2.5, 2.5, 3.0, 4.0, 4.5, 5.5, 5.5, 6.0]","[0.0, 0.0, 2.0, 2.236068, 2.4494898, 2.6457512, 4.2426405, 4.8989797, 5.2915025, 6.0]","[-5.5, -4.0, -3.5, -3.0, -3.0, -3.0, -3.0, -2.5, -1.5, -1.5]","[1.0, 2.5, 5.5]","[0.0, 2.0, 4.8989797]","[-4.0, -3.0, -3.0]","[1.0, 4.5, 5.0]","[0.0, 0.0, 4.8989797]","[-1.5, -1.0, 3.0]","[1.0, 7.0]","[0.0, 6.928203]","[-1.0, 4.5]",1,1,1,0,1.0,0.0,1
49964,7,4,3,"[0.0, 0.5, 1.5, 2.0, 2.0, 2.0, 3.5, 5.0, 5.5, 6.5]","[0.0, 0.0, 0.0, 0.0, 1.7320508, 2.0, 2.4494898, 4.8989797, 4.8989797, 6.4807405]","[1.5, 1.5, 2.0, 2.5, 3.0, 3.0, 4.0]","[0.0, 0.0, 1.4142135, 2.0, 2.828427, 3.0, 3.8729835]","[-3.0, -3.0, -2.5, -2.5, -1.5, -1.0, -1.0]","[1.5, 1.5, 2.0, 2.5]","[0.0, 0.0, 1.4142135, 2.0]","[-3.0, -2.5, -2.5, -1.0]","[1.0, 3.0, 3.5, 3.5]","[0.0, 0.0, 2.236068, 2.4494898]","[-2.0, -1.0, 0.5, 2.0]","[3.5, 3.5, 5.0]","[0.0, 2.4494898, 4.8989797]","[-1.0, 2.0, 4.5]",1,2,1,0,1.0,0.0,0
57159,6,2,1,"[0.0, 0.5, 1.0, 1.0, 1.5, 1.5, 3.0, 4.5, 5.5, 8.0]","[0.0, 0.0, 0.0, 0.0, 1.0, 1.4142135, 2.236068, 2.828427, 4.8989797, 7.937254]","[1.5, 2.0, 2.5, 2.5, 3.5, 5.0]","[0.0, 0.0, 0.0, 2.4494898, 2.4494898, 4.0]","[-5.0, -4.0, -4.0, -3.0, -3.0, -1.0]","[2.0, 3.5]","[0.0, 2.4494898]","[-4.0, -3.0]","[2.5, 2.5]","[2.0, 2.4494898]","[-5.0, -3.5]",[4.5],[4.472136],[-1.0],1,0,1,0,1.0,0.0,0
636,5,3,2,"[0.0, 0.0, 1.0, 1.5, 1.5, 2.0, 3.0, 3.5, 5.0, 5.5]","[0.0, 0.0, 1.0, 1.4142135, 1.4142135, 2.0, 2.236068, 3.0, 3.4641016, 4.8989797]","[1.5, 2.5, 2.5, 4.0, 5.0]","[0.0, 0.0, 1.4142135, 2.6457512, 4.8989797]","[-4.5, -2.5, -2.0, -1.5, -1.0]","[1.5, 2.5, 2.5]","[0.0, 0.0, 1.4142135]","[-4.5, -2.5, -2.0]","[5.5, 6.0, 6.5]","[4.2426405, 5.91608, 6.0]","[0.0, 4.0, 5.5]","[4.5, 6.5]","[4.2426405, 6.0]","[2.5, 5.5]",1,1,1,0,1.0,0.0,1
279,9,3,2,"[1.0, 1.5, 2.0, 2.0, 2.5, 3.0, 3.5, 3.5, 7.0, 7.0]","[0.0, 1.0, 1.7320508, 1.7320508, 2.4494898, 3.0, 3.1622777, 3.1622777, 6.928203, 7.0]","[1.5, 1.5, 2.5, 3.0, 3.0, 3.0, 3.5, 3.5, 3.5]","[0.0, 0.0, 1.4142135, 1.4142135, 2.236068, 2.4494898, 2.4494898, 2.4494898, 2.828427]","[-4.0, -4.0, -4.0, -4.0, -3.5, -3.0, -2.5, -2.0, -1.5]","[1.5, 3.0, 3.5]","[1.4142135, 2.4494898, 2.828427]","[-4.0, -2.0, -1.5]","[3.5, 3.5, 4.5]","[0.0, 2.828427, 3.1622777]","[-0.5, -0.5, 0.5]","[3.5, 3.5]","[0.0, 3.1622777]","[0.5, 1.5]",1,1,1,0,1.0,0.0,1
60317,5,2,2,"[1.0, 1.0, 1.0, 1.0, 2.0, 2.0, 2.5, 5.0, 5.5, 5.5]","[0.0, 0.0, 1.0, 1.0, 1.0, 1.0, 2.4494898, 3.0, 4.8989797, 4.8989797]","[1.5, 1.5, 4.0, 5.0, 5.5]","[0.0, 0.0, 3.8729835, 4.582576, 5.477226]","[-7.0, -3.5, -2.5, -2.5, -1.0]","[1.5, 1.5]","[0.0, 0.0]","[-7.0, -3.5]","[2.5, 4.5]","[2.4494898, 4.472136]","[0.5, 1.5]","[2.5, 4.5]","[2.4494898, 4.472136]","[0.5, 1.5]",0,2,0,0,0.0,0.0,0
98603,2,2,2,"[0.0, 0.0, 1.0, 1.0, 1.0, 2.0, 3.0, 3.5, 4.0, 5.5]","[0.0, 0.0, 0.0, 0.0, 0.0, 1.0, 1.7320508, 2.828427, 3.1622777, 4.8989797]","[0.5, 1.0]","[0.0, 0.0]","[-5.5, -2.5]","[0.5, 1.0]","[0.0, 0.0]","[-5.5, -2.5]","[5.0, 7.5]","[3.0, 7.3484693]","[4.0, 6.5]","[5.0, 7.5]","[3.0, 7.3484693]","[4.0, 6.5]",0,2,0,0,0.0,0.0,0
13066,5,2,2,"[0.0, 0.0, 0.5, 1.5, 2.0, 2.0, 2.5, 4.0, 6.0, 6.5]","[0.0, 0.0, 0.0, 0.0, 1.4142135, 1.7320508, 1.7320508, 2.6457512, 5.91608, 6.4807405]","[2.0, 2.0, 2.0, 2.0, 2.5]","[0.0, 1.7320508, 1.7320508, 2.0, 2.4494898]","[-4.5, -4.0, -3.5, -2.5, -2.0]","[2.0, 2.0]","[1.7320508, 2.0]","[-4.0, -2.5]","[7.5, 7.5]","[7.3484693, 7.3484693]","[3.5, 7.0]","[7.5, 7.5]","[7.3484693, 7.3484693]","[3.5, 7.0]",0,2,0,0,0.0,0.0,0
78191,8,3,2,"[1.0, 1.5, 2.0, 2.5, 2.5, 3.0, 4.0, 4.5, 4.5, 5.0]","[0.0, 0.0, 0.0, 1.4142135, 2.4494898, 2.6457512, 2.828427, 2.828427, 3.7416575, 4.0]","[0.5, 1.5, 2.0, 2.0, 2.5, 3.0, 4.0, 4.5]","[0.0, 0.0, 0.0, 2.0, 2.0, 2.0, 4.0, 4.2426405]","[-6.0, -4.5, -3.5, -2.5, -2.0, -2.0, -1.5, -1.5]","[0.5, 2.0, 2.5]","[0.0, 2.0, 2.0]","[-6.0, -2.0, -2.0]","[1.5, 5.0, 7.5]","[0.0, 4.8989797, 7.3484693]","[0.0, 3.5, 4.0]","[5.0, 7.0]","[4.8989797, 6.708204]","[4.0, 6.0]",1,1,1,0,1.0,0.0,0
62667,3,2,2,"[0.0, 0.0, 0.5, 1.0, 1.5, 1.5, 2.0, 3.0, 4.0, 4.5]","[0.0, 0.0, 0.0, 0.0, 0.0, 0.0, 1.7320508, 2.6457512, 2.828427, 2.828427]","[2.5, 3.0, 4.5]","[2.4494898, 2.828427, 3.7416575]","[-2.5, -2.5, -1.0]","[2.5, 3.0]","[2.4494898, 2.828427]","[-2.5, -2.5]","[2.0, 6.0]","[0.0, 5.91608]","[1.0, 5.5]","[2.0, 6.0]","[0.0, 5.91608]","[1.0, 5.5]",0,2,0,0,0.0,0.0,0
490,5,2,1,"[0.0, 0.0, 0.0, 0.0, 0.0, 1.5, 3.5, 4.0, 4.0, 7.5]","[0.0, 0.0, 0.0, 0.0, 0.0, 1.4142135, 3.1622777, 3.4641016, 3.8729835, 7.483315]","[1.0, 1.5, 3.0, 3.5, 3.5]","[0.0, 0.0, 2.236068, 2.4494898, 3.1622777]","[-5.0, -4.0, -2.5, -2.0, -1.5]","[1.0, 1.5]","[0.0, 0.0]","[-5.0, -4.0]","[3.5, 6.0]","[2.4494898, 5.196152]","[-1.5, 0.0]",[5.5],[5.477226],[2.0],1,0,1,0,1.0,0.0,1
29683,7,2,1,"[0.5, 0.5, 0.5, 1.5, 1.5, 2.0, 2.0, 4.5, 5.5, 8.0]","[0.0, 0.0, 0.0, 0.0, 0.0, 1.4142135, 2.0, 2.828427, 4.2426405, 7.937254]","[2.0, 2.0, 2.5, 3.5, 4.0, 4.0, 5.0]","[0.0, 0.0, 0.0, 0.0, 1.7320508, 2.4494898, 4.8989797]","[-5.0, -3.5, -3.5, -2.5, -2.0, -2.0, -1.0]","[2.0, 3.5]","[0.0, 2.4494898]","[-2.5, -2.0]","[4.0, 5.0]","[0.0, 3.0]","[-5.0, 3.5]",[6.5],[6.3245554],[1.5],1,0,1,0,1.0,0.0,0
309,1,1,1,"[0.0, 0.5, 1.0, 1.0, 1.5, 3.0, 3.0, 3.0, 3.0, 3.0]","[0.0, 0.0, 0.0, 0.0, 0.0, 1.0, 2.236068, 2.236068, 3.0, 3.0]",[2.5],[2.0],[-1.5],[2.5],[2.0],[-1.5],[6.0],[5.656854],[4.0],[6.0],[5.656854],[4.0],0,1,0,0,0.0,0.0,1
45205,7,4,2,"[1.0, 1.5, 1.5, 2.5, 3.0, 4.0, 4.5, 5.0, 5.0, 6.0]","[0.0, 0.0, 0.0, 0.0, 2.6457512, 3.0, 4.0, 4.472136, 4.8989797, 5.91608]","[0.5, 0.5, 2.0, 2.5, 3.5, 3.5, 4.5]","[0.0, 0.0, 0.0, 2.0, 2.4494898, 3.4641016, 4.472136]","[-6.0, -5.0, -3.0, -3.0, -2.0, -2.0, -1.5]","[0.5, 0.5, 2.0, 2.5]","[0.0, 0.0, 0.0, 2.0]","[-6.0, -5.0, -2.0, -1.5]","[1.0, 4.0, 4.5, 7.5]","[0.0, 3.4641016, 4.472136, 7.3484693]","[-3.0, 1.0, 2.5, 3.0]","[4.0, 5.0]","[0.0, 4.0]","[3.0, 3.5]",2,0,2,0,1.0,0.0,0
55689,9,2,2,"[0.0, 1.5, 2.5, 3.0, 3.0, 3.0, 4.0, 4.5, 6.0, 6.5]","[0.0, 0.0, 0.0, 0.0, 2.236068, 2.236068, 4.0, 4.472136, 5.196152, 6.3245554]","[1.0, 1.5, 1.5, 2.5, 3.0, 3.0, 3.5, 4.0, 4.5]","[0.0, 1.0, 1.4142135, 2.4494898, 2.6457512, 2.828427, 2.828427, 2.828427, 3.1622777]","[-6.0, -4.0, -3.5, -3.0, -3.0, -3.0, -2.0, -1.5, -1.5]","[1.0, 1.5]","[1.0, 1.4142135]","[-6.0, -3.0]","[2.0, 6.0]","[0.0, 5.91608]","[-0.5, 3.5]","[2.0, 6.0]","[0.0, 5.91608]","[-0.5, 3.5]",0,2,0,0,0.0,0.0,0
9,4,2,1,"[0.0, 0.0, 1.5, 2.0, 2.0, 2.5, 2.5, 4.5, 4.5, 5.0]","[0.0, 0.0, 0.0, 1.4142135, 1.7320508, 2.0, 2.0, 4.0, 4.472136, 4.472136]","[0.5, 2.5, 3.0, 3.0]","[0.0, 2.4494898, 2.828427, 3.0]","[-4.0, -3.5, -2.0, -1.5]","[0.5, 3.0]","[0.0, 2.828427]","[-4.0, -2.0]","[4.0, 4.0]","[3.4641016, 3.4641016]","[-0.5, 2.0]",[6.5],[6.3245554],[4.5],1,0,1,0,1.0,0.0,1
496,3,2,1,"[0.0, 0.0, 0.0, 0.5, 2.5, 2.5, 3.0, 5.0, 5.5, 6.0]","[0.0, 0.0, 0.0, 0.0, 0.0, 0.0, 0.0, 4.2426405, 4.582576, 5.196152]","[1.0, 4.5, 5.0]","[1.0, 2.828427, 4.8989797]","[-4.5, -3.5, -3.0]","[1.0, 4.5]","[1.0, 2.828427]","[-4.5, -3.5]","[6.0, 6.5]","[5.91608, 6.3245554]","[0.5, 3.5]",[3.0],[2.828427],[0.0],1,0,1,0,1.0,0.0,1
58,7,3,2,"[0.0, 0.0, 0.5, 0.5, 0.5, 2.0, 4.0, 4.5, 5.5, 7.5]","[0.0, 0.0, 0.0, 0.0, 0.0, 0.0, 3.4641016, 4.472136, 5.477226, 7.3484693]","[1.0, 2.0, 2.5, 3.0, 3.0, 3.5, 4.0]","[0.0, 0.0, 0.0, 1.0, 2.828427, 3.0, 3.1622777]","[-4.0, -3.5, -3.0, -3.0, -1.5, -1.0, -1.0]","[2.0, 2.5, 3.0]","[0.0, 0.0, 2.828427]","[-4.0, -3.0, -1.0]","[4.5, 5.5, 6.0]","[2.828427, 5.2915025, 5.91608]","[0.0, 2.0, 4.5]","[4.5, 5.5]","[4.472136, 5.2915025]","[1.5, 4.5]",1,1,1,0,1.0,0.0,1
552,2,1,1,"[0.0, 0.5, 0.5, 0.5, 1.0, 2.0, 3.0, 3.0, 3.5, 7.5]","[0.0, 0.0, 0.0, 0.0, 0.0, 0.0, 1.7320508, 2.236068, 3.1622777, 7.3484693]","[2.5, 3.0]","[0.0, 2.828427]","[-3.0, -2.5]",[3.0],[2.828427],[-2.5],[4.0],[4.0],[3.0],[4.0],[4.0],[3.0],0,1,0,0,0.0,0.0,1
17020,5,3,2,"[0.0, 0.0, 0.5, 0.5, 1.0, 1.5, 4.0, 4.5, 5.0, 5.5]","[0.0, 0.0, 0.0, 0.0, 0.0, 0.0, 0.0, 2.828427, 3.0, 5.477226]","[1.0, 1.5, 3.0, 4.0, 5.0]","[0.0, 0.0, 2.828427, 4.0, 4.582576]","[-4.5, -4.0, -3.5, -1.5, -1.0]","[1.0, 1.5, 3.0]","[0.0, 0.0, 2.828427]","[-4.5, -1.5, -1.0]","[4.5, 4.5, 5.0]","[0.0, 3.7416575, 4.8989797]","[1.5, 1.5, 5.0]","[5.0, 6.5]","[4.8989797, 6.3245554]","[5.0, 6.0]",1,1,1,0,1.0,0.0,0
91327,6,3,3,"[1.0, 1.0, 1.5, 1.5, 2.5, 3.0, 3.5, 4.0, 4.5, 5.0]","[0.0, 0.0, 0.0, 0.0, 1.4142135, 1.4142135, 2.828427, 4.0, 4.0, 4.472136]","[1.5, 2.0, 2.5, 2.5, 2.5, 3.5]","[1.4142135, 1.7320508, 2.0, 2.4494898, 2.4494898, 2.4494898]","[-4.0, -4.0, -3.0, -1.5, -1.5, -1.0]","[1.5, 2.5, 2.5]","[1.4142135, 2.4494898, 2.4494898]","[-4.0, -3.0, -1.5]","[1.0, 3.5, 6.0]","[0.0, 3.4641016, 5.196152]","[-1.5, 2.5, 4.0]","[1.0, 3.5, 6.0]","[0.0, 3.4641016, 5.196152]","[-1.5, 2.5, 4.0]",0,3,0,0,0.0,0.0,0
427,8,3,2,"[0.0, 0.0, 1.0, 1.5, 1.5, 2.5, 4.5, 5.0, 5.0, 7.0]","[0.0, 0.0, 0.0, 0.0, 1.0, 2.4494898, 3.0, 3.7416575, 4.0, 7.0]","[2.0, 2.0, 2.0, 2.0, 3.0, 3.0, 3.0, 3.5]","[0.0, 0.0, 0.0, 0.0, 1.7320508, 1.7320508, 2.236068, 2.236068]","[-6.0, -4.5, -4.5, -4.0, -4.0, -2.0, -2.0, -1.0]","[2.0, 3.0, 3.0]","[1.7320508, 2.236068, 2.236068]","[-6.0, -4.5, -2.0]","[4.0, 5.0, 7.5]","[0.0, 5.0, 7.483315]","[1.0, 3.0, 3.0]","[3.0, 4.0]","[0.0, 3.0]","[1.5, 3.0]",1,1,1,0,1.0,0.0,1
67057,3,2,2,"[0.5, 0.5, 1.0, 1.0, 1.0, 2.0, 2.0, 2.0, 4.5, 5.5]","[0.0, 0.0, 0.0, 0.0, 0.0, 0.0, 1.0, 1.7320508, 2.828427, 5.477226]","[1.0, 2.0, 2.5]","[0.0, 0.0, 2.4494898]","[-4.0, -3.5, -1.5]","[1.0, 2.0]","[0.0, 0.0]","[-3.5, -1.5]","[4.0, 4.5]","[0.0, 4.472136]","[1.5, 4.0]","[4.0, 4.5]","[0.0, 4.472136]","[1.5, 4.0]",0,2,0,0,0.0,0.0,0
5663,7,2,2,"[0.5, 1.0, 1.0, 1.5, 2.5, 3.0, 3.5, 5.0, 6.0, 9.0]","[0.0, 0.0, 0.0, 0.0, 0.0, 2.0, 3.1622777, 4.582576, 5.91608, 9.0]","[1.0, 2.5, 2.5, 3.0, 3.5, 3.5, 4.0]","[0.0, 0.0, 0.0, 0.0, 1.0, 2.0, 3.4641016]","[-4.5, -4.0, -3.5, -3.5, -3.0, -2.0, -1.5]","[1.0, 3.5]","[1.0, 3.4641016]","[-4.5, -3.5]","[4.0, 8.0]","[2.6457512, 7.937254]","[-0.5, 4.0]","[4.0, 8.0]","[2.6457512, 7.937254]","[-0.5, 4.0]",0,2,0,0,0.0,0.0,0
58582,2,2,1,"[0.0, 1.0, 1.0, 1.0, 2.0, 2.5, 3.0, 3.5, 4.0, 5.0]","[0.0, 0.0, 0.0, 0.0, 1.0, 2.236068, 2.4494898, 3.1622777, 3.4641016, 4.8989797]","[2.0, 4.0]","[1.7320508, 3.8729835]","[-2.0, -1.0]","[2.0, 4.0]","[1.7320508, 3.8729835]","[-2.0, -1.0]","[1.5, 6.0]","[0.0, 5.91608]","[-2.5, 1.5]",[4.5],[0.0],[1.0],1,0,1,0,1.0,0.0,0
65206,7,3,3,"[0.5, 1.0, 1.0, 1.5, 2.5, 4.0, 4.5, 4.5, 5.0, 5.5]","[0.0, 0.0, 0.0, 1.4142135, 2.4494898, 2.6457512, 2.828427, 3.7416575, 4.2426405, 4.8989797]","[0.5, 0.5, 4.0, 4.0, 4.5, 4.5, 5.0]","[0.0, 0.0, 0.0, 3.4641016, 4.2426405, 4.472136, 5.0]","[-4.5, -3.5, -3.0, -2.5, -2.5, -2.0, -1.5]","[0.5, 0.5, 4.5]","[0.0, 0.0, 4.2426405]","[-4.5, -3.5, -2.0]","[3.5, 5.5, 6.5]","[3.4641016, 5.2915025, 6.4807405]","[1.5, 2.5, 5.0]","[3.5, 5.5, 6.5]","[3.4641016, 5.2915025, 6.4807405]","[1.5, 2.5, 5.0]",0,3,0,0,0.0,0.0,0
229,5,1,1,"[0.0, 0.5, 1.0, 1.5, 1.5, 2.5, 4.0, 4.0, 4.5, 5.0]","[0.0, 0.0, 0.0, 1.4142135, 1.4142135, 2.4494898, 2.6457512, 2.6457512, 3.0, 3.7416575]","[1.5, 2.5, 5.0, 6.0, 6.5]","[0.0, 2.0, 5.0, 6.0, 6.3245554]","[-3.5, -3.0, -3.0, -2.0, -1.5]",[1.5],[0.0],[-3.5],[5.0],[4.0],[4.5],[5.0],[4.0],[4.5],0,1,0,0,0.0,0.0,1
17657,6,3,2,"[0.0, 0.5, 0.5, 0.5, 0.5, 2.0, 3.0, 4.5, 4.5, 8.5]","[0.0, 0.0, 0.0, 0.0, 0.0, 0.0, 0.0, 3.7416575, 3.7416575, 8.485281]","[0.5, 2.0, 3.5, 4.0, 5.5, 6.0]","[0.0, 0.0, 2.4494898, 3.8729835, 5.477226, 5.91608]","[-3.5, -3.0, -3.0, -2.0, -2.0, -2.0]","[0.5, 3.5, 4.0]","[0.0, 2.4494898, 3.8729835]","[-3.5, -3.0, -2.0]","[2.5, 3.0, 5.5]","[2.0, 2.236068, 5.477226]","[-2.0, -1.5, 1.5]","[2.5, 4.5]","[2.0, 4.2426405]","[1.0, 1.5]",1,1,1,0,1.0,0.0,0
30550,3,2,1,"[0.0, 0.5, 0.5, 0.5, 1.0, 2.0, 2.0, 2.0, 4.0, 6.5]","[0.0, 0.0, 0.0, 0.0, 0.0, 0.0, 0.0, 1.7320508, 2.6457512, 6.4807405]","[2.5, 3.0, 3.0]","[0.0, 2.236068, 3.0]","[-2.5, -2.0, -1.0]","[2.5, 3.0]","[0.0, 3.0]","[-2.5, -2.0]","[2.5, 3.0]","[2.0, 2.828427]","[-1.0, -0.5]",[5.0],[5.0],[4.5],1,0,1,0,1.0,0.0,0
800,8,3,1,"[0.0, 1.0, 1.5, 1.5, 2.5, 3.5, 5.0, 5.0, 5.5, 7.0]","[0.0, 1.0, 1.4142135, 1.4142135, 2.0, 3.1622777, 4.0, 4.2426405, 4.8989797, 7.0]","[1.0, 1.5, 1.5, 2.0, 2.0, 3.0, 3.0, 6.5]","[0.0, 0.0, 1.4142135, 1.7320508, 1.7320508, 2.828427, 3.0, 6.3245554]","[-5.0, -4.0, -3.5, -3.5, -3.0, -3.0, -2.5, -2.0]","[1.0, 1.5, 2.0]","[0.0, 1.4142135, 1.7320508]","[-5.0, -3.5, -3.0]","[1.0, 1.5, 2.5]","[0.0, 1.4142135, 2.0]","[-5.0, -3.0, -1.5]",[2.5],[2.0],[-1.5],2,1,0,1,0.0,2.0,1
29436,6,4,1,"[0.5, 1.0, 1.0, 1.0, 2.0, 4.0, 4.5, 5.0, 5.5, 6.5]","[0.0, 0.0, 0.0, 1.0, 1.7320508, 3.4641016, 4.2426405, 5.0, 5.477226, 6.0]","[1.5, 1.5, 1.5, 2.0, 2.0, 3.5]","[0.0, 0.0, 0.0, 1.4142135, 1.7320508, 3.4641016]","[-5.0, -4.0, -4.0, -2.0, -2.0, -1.5]","[1.5, 1.5, 2.0, 2.0]","[0.0, 0.0, 1.4142135, 1.7320508]","[-5.0, -4.0, -2.0, -1.5]","[4.5, 5.0, 7.0, 7.0]","[3.0, 3.7416575, 6.708204, 6.928203]","[-0.5, 0.0, 2.0, 4.5]",[7.5],[7.483315],[7.0],3,0,1,0,3.0,0.0,0
49002,4,2,2,"[0.0, 0.5, 0.5, 1.0, 1.5, 2.5, 3.0, 3.0, 4.5, 4.5]","[0.0, 0.0, 0.0, 0.0, 0.0, 1.0, 2.236068, 2.4494898, 2.828427, 2.828427]","[1.5, 2.0, 3.5, 6.0]","[1.4142135, 1.7320508, 2.4494898, 5.91608]","[-5.0, -4.5, -2.5, -1.5]","[1.5, 2.0]","[1.4142135, 1.7320508]","[-5.0, -4.5]","[6.5, 7.5]","[6.0, 7.483315]","[5.5, 6.5]","[6.5, 7.5]","[6.0, 7.483315]","[5.5, 6.5]",0,2,0,0,0.0,0.0,0
67529,5,3,2,"[0.0, 0.5, 0.5, 0.5, 3.0, 3.5, 4.0, 4.5, 4.5, 7.0]","[0.0, 0.0, 0.0, 0.0, 0.0, 0.0, 2.828427, 3.4641016, 4.472136, 7.0]","[1.0, 2.0, 4.0, 4.5, 5.5]","[0.0, 0.0, 3.8729835, 4.472136, 5.477226]","[-5.5, -3.5, -3.0, -2.5, -1.0]","[1.0, 4.5, 5.5]","[0.0, 4.472136, 5.477226]","[-3.5, -2.5, -1.0]","[3.0, 4.0, 7.5]","[2.236068, 4.0, 7.483315]","[-0.5, 0.5, 7.0]","[5.0, 7.5]","[4.0, 7.483315]","[5.0, 7.0]",1,1,1,0,1.0,0.0,0
178,3,2,2,"[0.0, 0.0, 0.0, 1.0, 2.5, 3.0, 4.0, 4.0, 4.5, 5.5]","[0.0, 0.0, 0.0, 0.0, 0.0, 2.0, 2.236068, 2.6457512, 3.4641016, 5.2915025]","[2.0, 3.0, 3.0]","[1.7320508, 2.828427, 3.0]","[-5.0, -2.5, -2.0]","[2.0, 3.0]","[1.7320508, 2.828427]","[-5.0, -2.5]","[2.5, 5.0]","[2.4494898, 4.582576]","[1.0, 2.5]","[2.5, 5.0]","[2.4494898, 4.582576]","[1.0, 2.5]",0,2,0,0,0.0,0.0,1
324,4,2,1,"[0.0, 0.5, 1.0, 1.0, 1.0, 1.0, 1.5, 3.5, 4.5, 4.5]","[0.0, 0.0, 0.0, 0.0, 0.0, 1.0, 1.4142135, 3.1622777, 4.2426405, 4.472136]","[0.5, 1.0, 1.5, 2.5]","[0.0, 0.0, 0.0, 2.0]","[-3.5, -1.5, -1.5, -1.0]","[0.5, 1.0]","[0.0, 0.0]","[-3.5, -1.0]","[3.0, 3.0]","[0.0, 2.236068]","[-0.5, 0.5]",[3.5],[3.4641016],[1.0],1,0,1,0,1.0,0.0,1
421,10,3,2,"[0.5, 0.5, 2.0, 2.5, 3.0, 3.5, 3.5, 4.5, 7.5, 7.5]","[0.0, 0.0, 0.0, 0.0, 2.236068, 3.1622777, 3.4641016, 3.7416575, 7.3484693, 7.483315]","[0.5, 1.5, 2.0, 2.5, 3.5, 3.5, 3.5, 4.5, 4.5, 5.0]","[0.0, 1.4142135, 1.7320508, 2.4494898, 2.4494898, 2.828427, 3.1622777, 3.4641016, 4.472136, 4.582576]","[-6.5, -6.0, -4.0, -3.5, -3.0, -2.5, -2.5, -2.5, -1.0, -1.0]","[0.5, 1.5, 2.5]","[0.0, 1.4142135, 2.4494898]","[-6.5, -4.0, -2.5]","[3.5, 3.5, 7.0]","[2.4494898, 3.4641016, 6.928203]","[-3.5, -1.0, 6.5]","[2.5, 7.0]","[0.0, 6.928203]","[-1.5, 6.5]",1,1,1,0,1.0,0.0,1
22166,3,2,2,"[0.0, 0.5, 0.5, 0.5, 2.0, 2.0, 3.0, 3.5, 4.5, 6.5]","[0.0, 0.0, 0.0, 0.0, 0.0, 0.0, 2.236068, 3.1622777, 3.7416575, 6.4807405]","[2.0, 4.0, 5.5]","[0.0, 3.8729835, 5.477226]","[-4.0, -2.0, -1.5]","[2.0, 4.0]","[0.0, 3.8729835]","[-4.0, -2.0]","[5.5, 6.0]","[4.8989797, 5.656854]","[1.5, 4.5]","[5.5, 6.0]","[4.8989797, 5.656854]","[1.5, 4.5]",0,2,0,0,0.0,0.0,0
9595,5,3,2,"[0.5, 2.0, 2.0, 2.0, 2.5, 3.0, 3.5, 3.5, 5.0, 8.0]","[0.0, 0.0, 0.0, 0.0, 1.7320508, 2.4494898, 2.4494898, 2.4494898, 4.8989797, 7.937254]","[1.5, 3.0, 3.0, 4.5, 5.5]","[0.0, 2.236068, 2.236068, 4.472136, 4.8989797]","[-3.0, -2.5, -2.0, -2.0, -1.5]","[1.5, 3.0, 3.0]","[0.0, 2.236068, 2.236068]","[-2.5, -2.0, -1.5]","[1.0, 2.5, 5.5]","[0.0, 0.0, 4.8989797]","[-2.0, -1.0, 1.5]","[4.0, 5.5]","[4.0, 4.8989797]","[-2.0, 3.0]",1,1,1,0,1.0,0.0,0
64200,4,2,2,"[0.0, 0.5, 0.5, 1.0, 2.0, 2.0, 3.5, 3.5, 3.5, 7.0]","[0.0, 0.0, 0.0, 0.0, 0.0, 0.0, 1.7320508, 2.4494898, 3.1622777, 6.928203]","[0.5, 3.0, 4.0, 4.5]","[0.0, 2.236068, 2.6457512, 4.2426405]","[-4.0, -2.5, -2.0, -1.0]","[0.5, 4.0]","[0.0, 2.6457512]","[-4.0, -1.0]","[6.0, 6.5]","[5.656854, 6.0]","[0.5, 6.5]","[6.0, 6.5]","[5.656854, 6.0]","[0.5, 6.5]",0,2,0,0,0.0,0.0,0
100,2,1,1,"[0.0, 0.0, 1.0, 1.5, 1.5, 2.0, 2.5, 3.0, 4.5, 4.5]","[0.0, 0.0, 0.0, 0.0, 0.0, 1.0, 1.4142135, 2.0, 3.7416575, 3.7416575]","[2.5, 3.5]","[2.4494898, 3.4641016]","[-3.0, -1.5]",[2.5],[2.4494898],[-3.0],[7.5],[7.3484693],[6.5],[7.5],[7.3484693],[6.5],0,1,0,0,0.0,0.0,1
35734,11,4,3,"[1.5, 2.0, 2.0, 2.5, 3.5, 4.5, 4.5, 4.5, 5.0, 6.0]","[0.0, 1.7320508, 1.7320508, 2.4494898, 2.4494898, 2.828427, 3.7416575, 4.472136, 5.0, 5.656854]","[1.0, 1.0, 1.0, 2.0, 2.0, 2.5, 3.0, 3.5, 3.5, 3.5, 4.0]","[0.0, 0.0, 0.0, 0.0, 1.0, 1.7320508, 1.7320508, 2.828427, 3.1622777, 3.1622777, 3.4641016]","[-4.5, -4.0, -4.0, -4.0, -2.5, -2.0, -2.0, -2.0, -2.0, -1.5, -1.5]","[1.0, 1.0, 2.0, 3.5]","[0.0, 1.0, 1.7320508, 3.1622777]","[-4.5, -4.0, -4.0, -2.0]","[2.5, 6.0, 6.5, 7.5]","[2.0, 5.656854, 6.4807405, 7.3484693]","[0.5, 2.5, 3.0, 6.5]","[2.5, 5.0, 7.5]","[2.0, 4.0, 7.3484693]","[0.5, 2.5, 6.5]",1,2,1,0,1.0,0.0,0
74128,2,2,2,"[0.0, 0.5, 0.5, 0.5, 1.0, 1.5, 2.5, 3.5, 4.0, 5.5]","[0.0, 0.0, 0.0, 0.0, 0.0, 0.0, 2.0, 3.4641016, 3.8729835, 5.2915025]","[1.5, 2.5]","[0.0, 2.0]","[-1.5, -1.0]","[1.5, 2.5]","[0.0, 2.0]","[-1.5, -1.0]","[5.0, 8.0]","[3.0, 8.0]","[1.5, 2.5]","[5.0, 8.0]","[3.0, 8.0]","[1.5, 2.5]",0,2,0,0,0.0,0.0,0
725,8,3,1,"[1.0, 1.0, 1.0, 1.5, 1.5, 2.5, 4.0, 4.5, 5.5, 8.0]","[0.0, 0.0, 0.0, 0.0, 1.0, 1.4142135, 1.4142135, 4.2426405, 4.8989797, 8.0]","[1.0, 3.0, 3.0, 3.5, 3.5, 3.5, 4.0, 5.0]","[0.0, 0.0, 0.0, 0.0, 2.236068, 2.4494898, 3.8729835, 4.582576]","[-4.5, -4.5, -4.0, -4.0, -4.0, -3.0, -1.5, -1.5]","[1.0, 3.0, 3.5]","[0.0, 0.0, 2.236068]","[-4.5, -4.0, -1.5]","[6.5, 6.5, 6.5]","[6.0, 6.0, 6.3245554]","[1.0, 2.0, 2.5]",[2.5],[2.4494898],[1.0],2,0,1,0,2.0,0.0,1
276,1,1,1,"[0.5, 0.5, 0.5, 0.5, 1.0, 2.0, 2.0, 3.5, 4.0, 4.0]","[0.0, 0.0, 0.0, 0.0, 0.0, 0.0, 1.0, 2.0, 3.1622777, 3.8729835]",[5.0],[4.8989797],[-1.5],[5.0],[4.8989797],[-1.5],[7.5],[7.483315],[6.0],[7.5],[7.483315],[6.0],0,1,0,0,0.0,0.0,1
224,5,3,2,"[0.5, 1.0, 1.0, 1.5, 1.5, 2.0, 4.5, 5.5, 5.5, 6.0]","[0.0, 0.0, 0.0, 0.0, 0.0, 2.0, 2.828427, 5.2915025, 5.477226, 5.656854]","[1.5, 2.5, 2.5, 3.0, 3.5]","[0.0, 2.0, 2.0, 2.236068, 3.1622777]","[-4.0, -2.5, -2.0, -2.0, -1.5]","[1.5, 2.5, 3.5]","[0.0, 2.0, 3.1622777]","[-4.0, -2.5, -2.0]","[3.5, 3.5, 5.0]","[2.4494898, 2.4494898, 4.8989797]","[0.5, 1.0, 1.5]","[3.5, 4.0]","[2.4494898, 3.8729835]","[0.5, 3.5]",1,1,1,0,1.0,0.0,1
453,4,2,1,"[0.5, 0.5, 1.0, 1.0, 2.0, 2.5, 3.0, 3.5, 5.0, 5.5]","[0.0, 0.0, 0.0, 0.0, 0.0, 1.7320508, 2.0, 3.4641016, 4.8989797, 5.477226]","[2.0, 2.0, 2.5, 3.0]","[0.0, 1.7320508, 2.0, 2.828427]","[-3.5, -2.5, -2.5, -2.5]","[2.5, 3.0]","[2.0, 2.828427]","[-2.5, -2.5]","[5.0, 7.0]","[4.0, 6.708204]","[2.0, 2.0]",[1.5],[1.4142135],[-1.5],1,0,1,0,1.0,0.0,1
84969,7,2,2,"[0.5, 1.0, 1.5, 1.5, 1.5, 2.5, 3.5, 3.5, 5.0, 6.5]","[0.0, 0.0, 0.0, 1.0, 1.4142135, 2.0, 2.4494898, 3.4641016, 5.0, 6.0]","[0.5, 1.0, 1.0, 2.5, 3.0, 3.5, 4.0]","[0.0, 0.0, 0.0, 2.4494898, 2.6457512, 3.0, 3.1622777]","[-6.0, -4.0, -3.5, -3.0, -2.5, -2.5, -1.0]","[0.5, 1.0]","[0.0, 0.0]","[-6.0, -3.0]","[0.5, 9.0]","[0.0, 9.0]","[-2.0, 6.5]","[0.5, 9.0]","[0.0, 9.0]","[-2.0, 6.5]",0,2,0,0,0.0,0.0,0
6739,7,2,2,"[1.0, 1.0, 1.0, 1.5, 2.0, 3.0, 3.5, 4.5, 5.5, 6.0]","[0.0, 0.0, 0.0, 1.0, 1.0, 1.4142135, 2.236068, 3.1622777, 5.477226, 5.656854]","[1.5, 1.5, 1.5, 2.0, 3.5, 3.5, 4.0]","[0.0, 0.0, 1.4142135, 1.4142135, 1.7320508, 3.1622777, 3.8729835]","[-5.5, -5.0, -3.5, -3.5, -2.0, -1.5, -1.5]","[1.5, 1.5]","[0.0, 1.4142135]","[-5.5, -3.5]","[3.5, 6.5]","[2.4494898, 6.3245554]","[0.5, 2.0]","[3.5, 6.5]","[2.4494898, 6.3245554]","[0.5, 2.0]",0,2,0,0,0.0,0.0,0
13311,8,2,1,"[0.5, 0.5, 0.5, 1.5, 2.0, 3.5, 3.5, 3.5, 5.0, 8.0]","[0.0, 0.0, 0.0, 1.4142135, 1.7320508, 2.4494898, 3.0, 3.4641016, 3.4641016, 7.937254]","[1.5, 2.0, 2.0, 3.0, 3.0, 3.0, 4.0, 6.5]","[0.0, 0.0, 0.0, 1.4142135, 1.7320508, 2.236068, 3.8729835, 6.3245554]","[-5.5, -5.0, -4.0, -3.0, -2.5, -2.0, -2.0, -1.0]","[2.0, 3.0]","[0.0, 2.236068]","[-5.0, -4.0]","[3.0, 3.0]","[2.828427, 3.0]","[-2.0, -1.0]",[7.5],[7.3484693],[6.5],1,0,1,0,1.0,0.0,0
42101,1,1,1,"[0.0, 0.5, 0.5, 1.0, 1.0, 2.0, 2.0, 2.0, 2.0, 4.0]","[0.0, 0.0, 0.0, 0.0, 0.0, 0.0, 1.7320508, 1.7320508, 2.0, 3.4641016]",[1.5],[0.0],[-1.0],[1.5],[0.0],[-1.0],[4.5],[3.7416575],[3.0],[4.5],[3.7416575],[3.0],0,1,0,0,0.0,0.0,0
798,8,3,2,"[0.5, 0.5, 1.5, 2.0, 3.0, 3.5, 4.0, 5.5, 5.5, 7.0]","[0.0, 0.0, 0.0, 0.0, 1.4142135, 2.828427, 3.1622777, 4.2426405, 5.477226, 7.0]","[1.0, 1.5, 2.5, 3.5, 4.0, 4.0, 4.0, 5.0]","[0.0, 0.0, 2.0, 2.6457512, 2.6457512, 3.1622777, 3.4641016, 4.8989797]","[-5.0, -4.0, -3.5, -3.0, -3.0, -3.0, -2.0, -1.0]","[1.0, 2.5, 3.5]","[0.0, 2.0, 3.1622777]","[-5.0, -3.0, -2.0]","[2.0, 4.5, 9.0]","[0.0, 4.2426405, 9.0]","[1.0, 1.0, 3.0]","[2.0, 3.5]","[0.0, 2.4494898]","[1.0, 1.0]",1,1,1,0,1.0,0.0,1
34751,9,5,4,"[1.0, 1.0, 1.5, 2.5, 3.0, 3.0, 3.0, 4.0, 4.5, 6.0]","[0.0, 0.0, 0.0, 0.0, 0.0, 1.0, 2.0, 3.0, 4.472136, 5.91608]","[2.0, 2.0, 2.0, 3.0, 3.0, 3.0, 3.5, 3.5, 5.5]","[0.0, 0.0, 0.0, 1.7320508, 2.236068, 3.0, 3.1622777, 3.1622777, 5.2915025]","[-3.5, -2.0, -2.0, -2.0, -2.0, -1.5, -1.0, -1.0, -1.0]","[2.0, 2.0, 2.0, 3.0, 3.0]","[0.0, 0.0, 1.7320508, 2.236068, 3.0]","[-3.5, -2.0, -2.0, -2.0, -1.0]","[4.0, 4.0, 4.5, 6.5, 8.5]","[2.6457512, 2.6457512, 3.7416575, 6.0, 8.485281]","[1.5, 1.5, 3.0, 6.0, 6.5]","[1.0, 4.0, 4.5, 6.5]","[0.0, 2.6457512, 3.7416575, 6.0]","[0.5, 1.5, 3.0, 6.5]",1,3,1,0,1.0,0.0,0
89642,11,3,1,"[1.0, 1.0, 1.5, 2.0, 2.5, 4.0, 4.5, 4.5, 6.5, 7.0]","[0.0, 0.0, 0.0, 0.0, 0.0, 0.0, 2.828427, 3.8729835, 6.3245554, 6.708204]","[0.5, 1.0, 1.5, 1.5, 2.0, 2.5, 2.5, 3.0, 3.5, 4.0, 4.5]","[0.0, 0.0, 0.0, 0.0, 1.7320508, 2.0, 2.4494898, 2.4494898, 2.6457512, 2.828427, 3.7416575]","[-7.0, -6.0, -5.0, -5.0, -4.5, -4.0, -4.0, -3.0, -2.0, -1.5, -1.5]","[0.5, 1.0, 1.5]","[0.0, 0.0, 0.0]","[-5.0, -4.5, -4.0]","[2.0, 2.5, 7.0]","[1.7320508, 2.0, 7.0]","[-6.0, 0.5, 1.5]",[5.0],[4.8989797],[1.0],2,0,1,0,2.0,0.0,0
94831,6,3,3,"[0.5, 1.5, 2.0, 2.0, 2.5, 3.0, 3.0, 3.5, 3.5, 5.0]","[0.0, 0.0, 0.0, 0.0, 0.0, 0.0, 1.4142135, 2.828427, 3.1622777, 4.0]","[0.5, 2.0, 2.5, 2.5, 3.5, 5.5]","[0.0, 2.0, 2.0, 2.0, 2.4494898, 5.2915025]","[-5.0, -3.5, -3.0, -2.0, -1.5, -1.0]","[0.5, 2.0, 2.5]","[0.0, 2.0, 2.0]","[-5.0, -3.0, -1.5]","[4.0, 4.5, 6.0]","[2.828427, 3.8729835, 5.656854]","[-0.5, 4.5, 5.0]","[4.0, 4.5, 6.0]","[2.828427, 3.8729835, 5.656854]","[-0.5, 4.5, 5.0]",0,3,0,0,0.0,0.0,0
698,3,2,1,"[0.0, 0.0, 0.0, 1.0, 1.5, 2.0, 4.0, 4.5, 4.5, 5.0]","[0.0, 0.0, 0.0, 0.0, 0.0, 0.0, 2.828427, 3.7416575, 4.0, 4.8989797]","[1.0, 1.5, 2.0]","[1.0, 1.4142135, 2.0]","[-3.5, -2.0, -2.0]","[1.0, 1.5]","[1.0, 1.4142135]","[-3.5, -2.0]","[2.0, 5.0]","[2.0, 4.582576]","[-2.0, -0.5]",[8.0],[7.937254],[2.5],1,0,1,0,1.0,0.0,1
92527,5,3,2,"[0.0, 0.0, 0.0, 0.5, 2.0, 3.0, 4.5, 5.5, 6.0, 6.5]","[0.0, 0.0, 0.0, 0.0, 0.0, 1.7320508, 2.828427, 4.2426405, 5.91608, 6.4807405]","[2.5, 3.0, 4.0, 4.0, 6.0]","[0.0, 0.0, 2.0, 3.8729835, 5.91608]","[-5.0, -4.5, -4.5, -2.0, -1.5]","[2.5, 4.0, 6.0]","[2.0, 3.8729835, 5.91608]","[-4.5, -2.0, -1.5]","[4.5, 5.0, 6.5]","[4.2426405, 4.582576, 6.0]","[0.0, 1.5, 3.5]","[3.5, 5.0]","[0.0, 4.582576]","[1.5, 2.0]",1,1,1,0,1.0,0.0,0
78226,7,3,2,"[0.5, 1.0, 1.0, 3.0, 3.0, 3.5, 3.5, 5.0, 5.0, 5.5]","[0.0, 0.0, 0.0, 0.0, 1.0, 2.4494898, 2.828427, 4.582576, 4.8989797, 4.8989797]","[1.0, 1.5, 2.0, 2.0, 4.0, 4.0, 4.5]","[0.0, 1.4142135, 1.7320508, 2.0, 3.8729835, 3.8729835, 4.2426405]","[-5.0, -4.0, -3.0, -2.5, -2.5, -2.0, -1.0]","[1.0, 1.5, 2.0]","[0.0, 1.4142135, 2.0]","[-5.0, -4.0, -3.0]","[4.0, 5.0, 7.0]","[2.6457512, 3.0, 6.928203]","[-1.5, 3.0, 3.5]","[4.0, 8.0]","[2.6457512, 7.937254]","[-1.5, 7.5]",1,1,1,0,1.0,0.0,0
732,7,4,1,"[0.5, 0.5, 0.5, 1.0, 2.0, 3.0, 3.0, 3.5, 5.0, 6.5]","[0.0, 0.0, 0.0, 0.0, 1.0, 2.0, 2.828427, 3.0, 3.4641016, 6.3245554]","[1.5, 1.5, 1.5, 2.0, 2.5, 3.5, 4.0]","[0.0, 1.4142135, 1.4142135, 1.4142135, 2.4494898, 2.6457512, 3.4641016]","[-5.0, -4.5, -4.0, -3.5, -2.0, -1.0, -1.0]","[1.5, 1.5, 1.5, 4.0]","[1.4142135, 1.4142135, 1.4142135, 2.6457512]","[-4.5, -3.5, -2.0, -1.0]","[1.5, 4.0, 5.5, 8.0]","[1.4142135, 2.6457512, 4.2426405, 8.0]","[-2.0, -1.0, 4.0, 5.5]",[4.0],[3.8729835],[3.5],3,0,1,1,1.0,2.0,1
84363,3,1,1,"[1.0, 1.0, 1.0, 1.5, 2.0, 2.5, 2.5, 3.0, 3.0, 5.5]","[0.0, 0.0, 0.0, 1.0, 1.7320508, 2.0, 2.236068, 2.4494898, 2.828427, 4.8989797]","[1.5, 2.0, 4.0]","[1.4142135, 1.7320508, 2.6457512]","[-4.5, -3.0, -1.5]",[1.5],[1.4142135],[-4.5],[4.0],[0.0],[1.5],[4.0],[0.0],[1.5],0,1,0,0,0.0,0.0,0
43473,6,3,2,"[0.0, 0.0, 1.0, 1.0, 1.5, 2.0, 2.0, 4.5, 6.0, 6.0]","[0.0, 0.0, 0.0, 0.0, 0.0, 1.7320508, 1.7320508, 4.472136, 5.656854, 5.656854]","[1.0, 1.5, 2.5, 3.5, 3.5, 3.5]","[0.0, 0.0, 0.0, 0.0, 0.0, 2.4494898]","[-4.5, -3.5, -3.0, -2.5, -1.5, -1.0]","[1.0, 2.5, 3.5]","[0.0, 0.0, 2.4494898]","[-3.5, -3.0, -1.5]","[4.0, 5.5, 6.0]","[3.8729835, 4.2426405, 5.656854]","[-0.5, 2.0, 3.5]","[5.0, 6.0]","[4.582576, 5.656854]","[3.0, 3.5]",1,1,1,0,1.0,0.0,0
152,7,3,2,"[0.0, 0.0, 0.0, 0.5, 0.5, 2.5, 4.0, 5.0, 5.5, 8.0]","[0.0, 0.0, 0.0, 0.0, 0.0, 0.0, 2.0, 4.582576, 5.2915025, 8.0]","[1.0, 1.5, 2.5, 3.5, 3.5, 4.0, 6.0]","[0.0, 1.4142135, 2.4494898, 2.4494898, 2.6457512, 3.1622777, 6.0]","[-5.5, -4.0, -2.5, -2.0, -1.5, -1.5, -1.0]","[1.5, 2.5, 3.5]","[1.4142135, 2.4494898, 2.4494898]","[-5.5, -4.0, -2.5]","[6.0, 6.0, 7.0]","[5.656854, 5.91608, 6.928203]","[1.5, 2.0, 2.0]","[5.0, 7.0]","[4.582576, 6.928203]","[2.0, 4.5]",1,1,1,0,1.0,0.0,1
1,5,2,2,"[0.5, 1.0, 1.5, 2.0, 2.0, 3.0, 3.5, 3.5, 4.5, 4.5]","[0.0, 0.0, 0.0, 0.0, 0.0, 1.4142135, 1.7320508, 2.828427, 3.4641016, 4.472136]","[1.5, 1.5, 2.5, 2.5, 4.0]","[0.0, 1.4142135, 2.0, 2.4494898, 2.6457512]","[-6.5, -2.5, -2.0, -2.0, -1.5]","[1.5, 1.5]","[0.0, 1.4142135]","[-6.5, -2.0]","[5.0, 6.0]","[3.0, 5.656854]","[3.0, 6.0]","[5.0, 6.0]","[3.0, 5.656854]","[3.0, 6.0]",0,2,0,0,0.0,0.0,1
916,15,5,2,"[0.0, 1.0, 1.5, 2.5, 3.0, 3.5, 5.5, 6.0, 6.5, 7.5]","[0.0, 0.0, 0.0, 2.0, 3.0, 3.1622777, 4.2426405, 5.91608, 6.0, 7.3484693]","[1.0, 1.5, 2.5, 2.5, 2.5, 2.5, 2.5, 3.0, 3.5, 4.0, 4.0, 4.0, 4.5, 5.0, 7.0]","[0.0, 0.0, 0.0, 0.0, 1.0, 1.4142135, 2.4494898, 2.4494898, 2.4494898, 3.0, 3.4641016, 3.8729835, 4.0, 4.2426405, 6.928203]","[-5.0, -4.5, -4.0, -4.0, -3.5, -3.0, -3.0, -3.0, -3.0, -2.5, -2.5, -1.5, -1.5, -1.5, -1.0]","[1.0, 1.5, 2.5, 3.0, 4.5]","[1.0, 1.4142135, 2.4494898, 3.0, 4.2426405]","[-4.5, -4.0, -4.0, -2.5, -1.5]","[2.5, 4.0, 7.0, 7.5, 8.5]","[0.0, 2.6457512, 6.928203, 7.483315, 8.485281]","[-1.5, -1.0, 1.5, 3.5, 6.5]","[2.0, 8.5]","[0.0, 8.485281]","[0.0, 6.5]",3,1,1,0,3.0,0.0,1
111,6,3,2,"[0.5, 0.5, 1.0, 1.0, 1.5, 2.0, 3.0, 4.5, 5.5, 5.5]","[0.0, 0.0, 0.0, 0.0, 1.0, 1.4142135, 1.7320508, 2.828427, 5.2915025, 5.477226]","[1.5, 2.0, 2.5, 2.5, 4.0, 5.5]","[0.0, 0.0, 0.0, 2.0, 4.0, 5.477226]","[-3.5, -3.0, -3.0, -2.5, -2.0, -1.5]","[1.5, 2.0, 2.5]","[0.0, 0.0, 2.0]","[-3.5, -3.0, -2.5]","[3.0, 4.0, 8.5]","[0.0, 3.4641016, 8.485281]","[1.5, 2.0, 2.0]","[3.0, 7.0]","[0.0, 6.708204]","[2.0, 3.5]",1,1,1,0,1.0,0.0,1
876,4,2,2,"[0.0, 0.0, 1.0, 1.5, 2.0, 2.5, 4.5, 5.0, 6.0, 6.5]","[0.0, 0.0, 0.0, 0.0, 1.4142135, 2.4494898, 2.828427, 4.0, 5.656854, 6.0]","[2.0, 3.0, 3.5, 4.0]","[0.0, 0.0, 0.0, 2.6457512]","[-6.5, -2.5, -2.5, -1.5]","[2.0, 3.5]","[0.0, 0.0]","[-6.5, -1.5]","[2.5, 3.5]","[2.0, 3.1622777]","[-0.5, 1.0]","[2.5, 3.5]","[2.0, 3.1622777]","[-0.5, 1.0]",0,2,0,0,0.0,0.0,1
546,5,3,2,"[0.0, 0.5, 1.0, 1.0, 1.5, 2.0, 2.5, 5.5, 6.5, 7.0]","[0.0, 0.0, 0.0, 0.0, 0.0, 1.0, 2.0, 4.8989797, 6.3245554, 6.928203]","[0.5, 2.0, 3.5, 3.5, 5.0]","[0.0, 0.0, 1.7320508, 2.4494898, 4.8989797]","[-4.0, -3.0, -2.0, -2.0, -1.5]","[0.5, 3.5, 5.0]","[0.0, 2.4494898, 4.8989797]","[-4.0, -2.0, -2.0]","[4.5, 4.5, 5.5]","[0.0, 0.0, 4.2426405]","[0.0, 0.0, 1.5]","[2.5, 4.5]","[0.0, 2.0]","[0.0, 1.0]",1,1,1,0,1.0,0.0,1
34839,3,2,2,"[0.5, 0.5, 1.5, 1.5, 1.5, 2.0, 2.0, 2.5, 3.0, 4.5]","[0.0, 0.0, 0.0, 1.4142135, 1.4142135, 1.4142135, 1.7320508, 1.7320508, 2.236068, 2.828427]","[1.0, 2.0, 2.0]","[0.0, 0.0, 1.7320508]","[-4.5, -3.0, -2.5]","[1.0, 2.0]","[0.0, 0.0]","[-3.0, -2.5]","[3.0, 5.5]","[3.0, 5.2915025]","[2.0, 5.0]","[3.0, 5.5]","[3.0, 5.2915025]","[2.0, 5.0]",0,2,0,0,0.0,0.0,0
608,6,3,1,"[0.0, 0.0, 0.5, 1.0, 1.0, 2.0, 2.5, 4.0, 7.0, 8.0]","[0.0, 0.0, 0.0, 0.0, 0.0, 0.0, 0.0, 1.0, 6.708204, 7.937254]","[0.5, 1.0, 3.0, 4.5, 4.5, 5.5]","[0.0, 0.0, 1.0, 2.828427, 4.2426405, 5.2915025]","[-6.0, -5.5, -4.0, -3.5, -2.0, -2.0]","[0.5, 1.0, 3.0]","[0.0, 0.0, 1.0]","[-6.0, -5.5, -2.0]","[5.5, 5.5, 6.0]","[4.2426405, 5.2915025, 5.656854]","[-3.5, 2.5, 3.0]",[4.5],[4.472136],[4.5],2,0,1,0,2.0,0.0,1
39074,4,2,1,"[0.0, 0.5, 1.0, 1.0, 1.0, 1.5, 4.0, 4.5, 5.0, 7.0]","[0.0, 0.0, 0.0, 0.0, 0.0, 0.0, 2.828427, 3.8729835, 4.582576, 6.708204]","[1.0, 1.5, 3.5, 4.0]","[0.0, 0.0, 3.1622777, 3.8729835]","[-6.0, -5.0, -4.0, -1.5]","[1.0, 1.5]","[0.0, 0.0]","[-6.0, -1.5]","[3.5, 5.0]","[2.4494898, 4.0]","[-1.0, 1.0]",[4.5],[3.7416575],[3.0],1,0,1,0,1.0,0.0,0
975,9,3,2,"[0.0, 0.5, 1.0, 1.5, 2.0, 3.0, 4.0, 5.0, 6.0, 6.5]","[0.0, 0.0, 0.0, 0.0, 0.0, 1.4142135, 2.828427, 4.8989797, 5.656854, 6.4807405]","[1.0, 1.5, 2.0, 2.0, 2.5, 3.0, 4.0, 4.5, 5.0]","[0.0, 0.0, 1.0, 1.7320508, 2.0, 2.236068, 3.8729835, 4.2426405, 4.582576]","[-4.0, -4.0, -3.5, -3.5, -3.0, -3.0, -2.0, -2.0, -1.0]","[1.0, 1.5, 4.0]","[0.0, 1.0, 3.8729835]","[-3.5, -3.5, -3.0]","[2.0, 5.5, 8.0]","[0.0, 5.477226, 7.937254]","[-2.5, 3.0, 3.5]","[1.5, 5.5]","[0.0, 5.477226]","[-1.5, 3.5]",1,1,1,0,1.0,0.0,1
7040,9,3,3,"[0.5, 1.0, 2.0, 2.0, 2.5, 3.0, 3.5, 4.0, 5.5, 8.0]","[0.0, 0.0, 0.0, 2.0, 2.4494898, 2.4494898, 3.0, 3.4641016, 4.2426405, 7.937254]","[0.5, 1.0, 1.5, 1.5, 2.0, 2.0, 2.5, 3.0, 4.0]","[0.0, 0.0, 0.0, 0.0, 0.0, 0.0, 0.0, 0.0, 3.4641016]","[-6.5, -5.0, -5.0, -4.5, -4.0, -3.5, -2.0, -2.0, -1.5]","[0.5, 2.0, 3.0]","[0.0, 0.0, 0.0]","[-4.5, -4.0, -1.5]","[4.0, 6.0, 7.5]","[3.4641016, 5.196152, 7.483315]","[-1.5, 5.0, 5.5]","[4.0, 6.0, 7.5]","[3.4641016, 5.196152, 7.483315]","[-1.5, 5.0, 5.5]",0,3,0,0,0.0,0.0,0
424,26,5,3,"[0.0, 1.5, 3.0, 5.0, 5.5, 5.5, 6.5, 7.5, 8.5, 8.5]","[0.0, 0.0, 1.4142135, 4.0, 4.8989797, 4.8989797, 6.4807405, 7.483315, 8.485281, 8.485281]","[0.0, 0.5, 1.0, 1.0, 1.0, 1.5, 1.5, 1.5, 2.0, 2.0, 2.0, 2.5, 2.5, 2.5, 3.0, 3.0, 3.5, 4.0, 4.0, 4.0, 4.0, 4.5, 5.0, 6.0, 6.0, 6.5]","[0.0, 0.0, 0.0, 0.0, 0.0, 0.0, 0.0, 1.4142135, 1.7320508, 1.7320508, 2.0, 2.0, 2.0, 2.236068, 2.4494898, 2.6457512, 2.6457512, 3.0, 3.1622777, 3.4641016, 3.4641016, 4.472136, 4.582576, 5.656854, 5.91608, 6.4807405]","[-7.0, -7.0, -6.5, -6.5, -6.0, -6.0, -6.0, -5.0, -5.0, -5.0, -4.5, -4.5, -4.5, -4.0, -4.0, -4.0, -3.5, -3.5, -3.5, -2.5, -2.5, -2.0, -2.0, -1.5, -1.5, -1.0]","[0.0, 1.0, 1.0, 2.0, 2.5]","[0.0, 0.0, 0.0, 1.7320508, 2.4494898]","[-7.0, -7.0, -6.5, -6.0, -3.5]","[1.0, 2.0, 2.5, 4.5, 5.5]","[0.0, 1.7320508, 2.4494898, 2.828427, 5.477226]","[-6.5, -6.0, -4.0, 0.0, 1.5]","[1.0, 4.5, 5.5]","[0.0, 2.828427, 5.477226]","[-4.0, 0.0, 1.5]",2,3,0,1,0.0,2.0,1
278,2,1,1,"[0.0, 0.0, 0.0, 0.5, 1.0, 1.5, 2.0, 3.5, 4.5, 4.5]","[0.0, 0.0, 0.0, 0.0, 0.0, 0.0, 1.0, 2.0, 3.7416575, 4.472136]","[2.0, 4.5]","[0.0, 4.2426405]","[-3.5, -2.5]",[2.0],[0.0],[-3.5],[3.0],[0.0],[-0.5],[3.0],[0.0],[-0.5],0,1,0,0,0.0,0.0,1
13410,5,2,2,"[0.0, 0.5, 1.0, 1.0, 1.5, 2.0, 2.5, 4.0, 5.5, 5.5]","[0.0, 0.0, 0.0, 0.0, 1.0, 1.4142135, 1.7320508, 2.6457512, 4.2426405, 5.477226]","[1.5, 3.0, 3.5, 4.5, 4.5]","[0.0, 2.4494898, 2.828427, 2.828427, 4.472136]","[-3.5, -3.0, -2.5, -2.5, -2.0]","[1.5, 4.5]","[0.0, 4.472136]","[-3.5, -2.0]","[3.5, 5.5]","[0.0, 4.2426405]","[2.0, 2.5]","[3.5, 5.5]","[0.0, 4.2426405]","[2.0, 2.5]",0,2,0,0,0.0,0.0,0
160,1,1,1,"[0.0, 0.5, 1.0, 1.0, 2.0, 3.0, 3.0, 3.0, 4.5, 6.0]","[0.0, 0.0, 0.0, 0.0, 0.0, 0.0, 2.828427, 2.828427, 3.7416575, 5.196152]",[2.5],[2.0],[-3.0],[2.5],[2.0],[-3.0],[3.5],[2.4494898],[2.0],[3.5],[2.4494898],[2.0],0,1,0,0,0.0,0.0,1
413,3,2,1,"[0.5, 0.5, 1.0, 1.0, 2.0, 2.0, 2.5, 2.5, 3.0, 4.0]","[0.0, 0.0, 0.0, 0.0, 1.0, 1.7320508, 1.7320508, 2.0, 2.0, 4.0]","[1.5, 1.5, 2.0]","[0.0, 0.0, 0.0]","[-2.0, -2.0, -1.0]","[1.5, 1.5]","[0.0, 0.0]","[-2.0, -1.0]","[6.0, 8.0]","[5.91608, 8.0]","[3.5, 6.0]",[5.5],[4.8989797],[3.5],1,0,1,0,1.0,0.0,1
88867,2,2,2,"[0.0, 0.5, 1.0, 1.0, 1.0, 1.0, 1.5, 3.0, 4.5, 5.0]","[0.0, 0.0, 0.0, 0.0, 0.0, 0.0, 0.0, 1.0, 3.7416575, 4.582576]","[3.0, 3.0]","[0.0, 2.828427]","[-1.5, -1.0]","[3.0, 3.0]","[0.0, 2.828427]","[-1.5, -1.0]","[6.0, 7.0]","[5.656854, 6.708204]","[2.5, 6.0]","[6.0, 7.0]","[5.656854, 6.708204]","[2.5, 6.0]",0,2,0,0,0.0,0.0,0
991,21,7,2,"[1.5, 1.5, 3.5, 4.0, 4.5, 5.5, 5.5, 6.0, 6.5, 6.5]","[0.0, 1.4142135, 2.4494898, 2.828427, 4.0, 4.2426405, 5.196152, 5.477226, 6.0, 6.4807405]","[0.0, 0.0, 0.0, 0.5, 0.5, 1.0, 1.5, 2.0, 2.0, 3.0, 3.0, 3.0, 3.0, 3.0, 3.5, 4.0, 4.5, 4.5, 5.0, 6.0, 7.0]","[0.0, 0.0, 0.0, 0.0, 0.0, 0.0, 0.0, 0.0, 1.0, 1.4142135, 1.7320508, 2.828427, 2.828427, 2.828427, 3.0, 3.7416575, 3.8729835, 4.472136, 4.582576, 5.656854, 6.928203]","[-6.0, -6.0, -6.0, -5.5, -4.5, -4.5, -4.5, -4.0, -4.0, -3.5, -3.0, -2.5, -2.5, -2.0, -2.0, -2.0, -2.0, -1.5, -1.5, -1.5, -1.5]","[0.0, 0.0, 0.0, 0.5, 3.0, 3.0, 3.0]","[0.0, 0.0, 0.0, 0.0, 2.828427, 2.828427, 3.0]","[-6.0, -6.0, -4.5, -4.0, -1.5, -1.5, -1.5]","[2.0, 2.0, 2.0, 4.0, 4.5, 6.0, 7.0]","[0.0, 0.0, 0.0, 1.7320508, 3.7416575, 5.656854, 6.928203]","[-6.0, -2.5, -1.5, -1.5, -1.0, 3.5, 4.0]","[1.5, 4.5]","[0.0, 4.472136]","[-2.0, -1.0]",5,0,2,0,2.5,0.0,1
349,3,1,1,"[0.0, 0.0, 0.5, 1.5, 1.5, 2.0, 2.0, 2.5, 4.0, 7.0]","[0.0, 0.0, 0.0, 0.0, 1.4142135, 1.7320508, 1.7320508, 2.0, 2.6457512, 6.928203]","[1.5, 3.0, 4.0]","[0.0, 0.0, 3.4641016]","[-6.0, -1.5, -1.0]",[1.5],[0.0],[-6.0],[3.5],[3.1622777],[0.0],[3.5],[3.1622777],[0.0],0,1,0,0,0.0,0.0,1
28223,4,4,2,"[0.5, 0.5, 0.5, 1.0, 1.5, 2.0, 3.0, 3.0, 5.5, 9.0]","[0.0, 0.0, 0.0, 0.0, 0.0, 1.0, 2.828427, 2.828427, 5.2915025, 9.0]","[0.5, 1.5, 2.0, 3.5]","[0.0, 0.0, 0.0, 1.4142135]","[-3.0, -2.5, -2.5, -1.5]","[0.5, 1.5, 2.0, 3.5]","[0.0, 0.0, 0.0, 1.4142135]","[-3.0, -2.5, -2.5, -1.5]","[1.0, 2.5, 5.0, 6.0]","[0.0, 2.4494898, 4.8989797, 5.656854]","[-2.0, -1.0, 0.0, 1.5]","[0.5, 6.0]","[0.0, 5.91608]","[-3.0, 5.5]",2,0,2,0,1.0,0.0,0
67834,7,2,1,"[0.5, 1.0, 1.5, 2.5, 2.5, 2.5, 2.5, 2.5, 5.0, 7.5]","[0.0, 0.0, 0.0, 1.0, 2.0, 2.0, 2.0, 2.4494898, 4.582576, 7.483315]","[1.0, 1.5, 2.0, 2.0, 3.0, 3.0, 4.5]","[0.0, 0.0, 1.0, 1.7320508, 2.236068, 2.828427, 3.7416575]","[-4.5, -4.5, -4.0, -3.5, -2.0, -2.0, -1.5]","[1.5, 3.0]","[0.0, 2.828427]","[-4.5, -4.5]","[3.0, 6.5]","[2.236068, 6.4807405]","[-2.0, 2.5]",[4.5],[4.472136],[3.0],1,0,1,0,1.0,0.0,0
387,22,6,2,"[1.5, 3.0, 3.0, 4.0, 5.0, 5.0, 5.5, 6.0, 7.0, 7.5]","[1.4142135, 2.236068, 2.828427, 3.0, 3.8729835, 4.582576, 5.477226, 5.91608, 6.708204, 7.3484693]","[0.0, 0.0, 0.5, 1.0, 1.0, 1.0, 1.0, 1.5, 2.0, 2.0, 2.0, 2.5, 2.5, 2.5, 3.0, 3.5, 4.0, 4.0, 4.0, 5.0, 5.5, 7.5]","[0.0, 0.0, 0.0, 0.0, 0.0, 0.0, 0.0, 1.0, 1.0, 1.0, 1.7320508, 1.7320508, 2.0, 2.0, 2.236068, 2.4494898, 2.4494898, 3.4641016, 3.8729835, 4.8989797, 5.2915025, 7.483315]","[-7.5, -7.0, -6.0, -6.0, -5.5, -5.0, -4.5, -3.5, -3.5, -3.0, -3.0, -3.0, -3.0, -2.5, -2.5, -2.5, -2.5, -2.0, -1.5, -1.5, -1.5, -1.0]","[0.0, 0.0, 0.5, 2.0, 2.5, 4.0]","[0.0, 0.0, 0.0, 0.0, 1.7320508, 2.0]","[-7.5, -5.5, -3.5, -3.0, -3.0, -1.5]","[1.0, 2.5, 2.5, 5.5, 6.0, 8.5]","[0.0, 0.0, 2.4494898, 5.196152, 5.2915025, 8.485281]","[-6.0, -2.5, 0.5, 1.0, 2.0, 3.0]","[2.5, 5.0]","[0.0, 4.0]","[-2.0, 0.5]",4,1,1,0,4.0,0.0,1
11338,3,2,2,"[0.0, 0.5, 0.5, 1.0, 1.0, 2.0, 3.5, 4.0, 4.5, 6.0]","[0.0, 0.0, 0.0, 0.0, 0.0, 0.0, 0.0, 1.0, 1.7320508, 5.656854]","[1.0, 2.0, 4.0]","[0.0, 1.7320508, 3.8729835]","[-3.5, -2.5, -1.5]","[1.0, 2.0]","[0.0, 1.7320508]","[-3.5, -1.5]","[5.5, 5.5]","[4.8989797, 5.477226]","[1.5, 5.0]","[5.5, 5.5]","[4.8989797, 5.477226]","[1.5, 5.0]",0,2,0,0,0.0,0.0,0
521,4,3,3,"[0.0, 1.0, 1.5, 1.5, 1.5, 2.0, 2.5, 3.5, 4.0, 6.5]","[0.0, 0.0, 0.0, 0.0, 1.4142135, 1.4142135, 1.4142135, 3.4641016, 3.8729835, 6.3245554]","[1.0, 1.0, 1.5, 1.5]","[0.0, 0.0, 0.0, 1.4142135]","[-2.0, -2.0, -1.0, -1.0]","[1.0, 1.0, 1.5]","[0.0, 0.0, 0.0]","[-2.0, -1.0, -1.0]","[5.0, 6.0, 8.0]","[4.8989797, 5.656854, 8.0]","[1.5, 4.0, 7.0]","[5.0, 6.0, 8.0]","[4.8989797, 5.656854, 8.0]","[1.5, 4.0, 7.0]",0,3,0,0,0.0,0.0,1
371,5,2,2,"[0.0, 0.0, 0.0, 0.5, 2.5, 3.0, 3.5, 5.5, 7.0, 8.5]","[0.0, 0.0, 0.0, 0.0, 0.0, 2.4494898, 2.828427, 4.8989797, 6.708204, 8.485281]","[1.0, 2.0, 4.5, 5.5, 6.0]","[0.0, 1.7320508, 2.828427, 5.2915025, 5.656854]","[-4.0, -4.0, -3.0, -2.5, -1.0]","[1.0, 4.5]","[0.0, 2.828427]","[-4.0, -2.5]","[4.0, 4.0]","[0.0, 3.8729835]","[-1.5, 2.0]","[4.0, 4.0]","[0.0, 3.8729835]","[-1.5, 2.0]",0,2,0,0,0.0,0.0,1
10292,5,2,1,"[0.0, 0.5, 0.5, 1.0, 2.0, 2.0, 3.0, 3.5, 5.5, 6.0]","[0.0, 0.0, 0.0, 0.0, 0.0, 1.0, 1.7320508, 3.4641016, 4.2426405, 5.656854]","[1.0, 2.0, 2.0, 2.0, 3.0]","[0.0, 0.0, 0.0, 1.0, 1.7320508]","[-5.5, -5.0, -3.0, -2.5, -1.5]","[1.0, 2.0]","[1.0, 1.7320508]","[-5.0, -2.5]","[3.0, 8.0]","[2.828427, 7.937254]","[1.0, 2.0]",[5.0],[4.0],[3.0],1,0,1,0,1.0,0.0,0
45799,7,3,2,"[0.5, 0.5, 1.5, 1.5, 1.5, 2.5, 2.5, 6.5, 6.5, 6.5]","[0.0, 0.0, 0.0, 0.0, 0.0, 1.4142135, 1.4142135, 6.0, 6.0, 6.4807405]","[1.0, 1.5, 2.5, 2.5, 3.0, 3.5, 6.0]","[0.0, 0.0, 0.0, 0.0, 2.0, 3.1622777, 5.656854]","[-5.0, -4.0, -3.5, -3.5, -3.0, -1.5, -1.0]","[1.0, 2.5, 3.0]","[0.0, 0.0, 0.0]","[-4.0, -3.0, -1.0]","[2.5, 3.5, 5.5]","[2.4494898, 3.1622777, 4.2426405]","[-2.0, 1.5, 2.5]","[2.5, 3.5]","[2.0, 3.1622777]","[1.5, 1.5]",1,1,1,0,1.0,0.0,0
33332,8,3,2,"[0.0, 0.0, 1.0, 1.0, 1.5, 3.0, 4.5, 4.5, 4.5, 5.0]","[0.0, 0.0, 0.0, 0.0, 0.0, 0.0, 1.4142135, 2.828427, 3.0, 4.472136]","[0.5, 2.0, 2.5, 3.0, 3.0, 4.0, 5.5, 8.0]","[0.0, 0.0, 1.7320508, 2.236068, 2.6457512, 3.0, 5.2915025, 8.0]","[-6.0, -4.0, -3.5, -2.5, -1.5, -1.5, -1.0, -1.0]","[0.5, 3.0, 3.0]","[0.0, 2.236068, 3.0]","[-6.0, -4.0, -3.5]","[4.0, 4.5, 7.5]","[3.4641016, 4.2426405, 7.483315]","[1.0, 4.0, 5.0]","[4.0, 9.0]","[3.4641016, 9.0]","[4.0, 7.5]",1,1,1,0,1.0,0.0,0
85153,6,2,2,"[0.5, 0.5, 1.5, 1.5, 3.5, 3.5, 3.5, 4.0, 5.0, 6.5]","[0.0, 0.0, 0.0, 0.0, 2.4494898, 2.4494898, 3.4641016, 3.4641016, 4.8989797, 6.4807405]","[1.5, 2.0, 2.0, 2.0, 2.5, 3.5]","[1.4142135, 1.7320508, 1.7320508, 2.0, 2.4494898, 3.1622777]","[-5.0, -4.0, -3.0, -3.0, -2.0, -1.5]","[2.0, 3.5]","[2.0, 3.1622777]","[-3.0, -3.0]","[2.0, 6.0]","[0.0, 5.91608]","[-0.5, 1.0]","[2.0, 6.0]","[0.0, 5.91608]","[-0.5, 1.0]",0,2,0,0,0.0,0.0,0
289,8,1,1,"[0.5, 0.5, 1.0, 1.5, 2.0, 3.0, 3.5, 5.5, 6.0, 7.5]","[0.0, 0.0, 0.0, 1.0, 1.4142135, 1.7320508, 2.828427, 4.8989797, 5.91608, 7.3484693]","[2.5, 2.5, 2.5, 3.5, 4.0, 4.0, 4.0, 5.0]","[0.0, 2.4494898, 2.4494898, 2.4494898, 2.6457512, 3.4641016, 4.0, 4.0]","[-5.0, -4.5, -4.0, -3.0, -3.0, -2.5, -2.5, -2.0]",[2.5],[0.0],[-2.5],[5.0],[4.8989797],[0.5],[5.0],[4.8989797],[0.5],0,1,0,0,0.0,0.0,1
290,12,4,2,"[1.0, 1.5, 2.5, 3.0, 3.5, 4.0, 4.5, 4.5, 6.0, 7.0]","[0.0, 0.0, 0.0, 1.0, 2.0, 2.4494898, 2.6457512, 2.828427, 5.656854, 6.928203]","[1.5, 1.5, 2.0, 2.5, 2.5, 3.0, 3.0, 3.0, 3.5, 4.0, 4.0, 5.0]","[0.0, 0.0, 0.0, 1.4142135, 2.0, 2.236068, 2.828427, 3.0, 3.1622777, 3.4641016, 4.0, 4.582576]","[-6.0, -5.0, -4.5, -4.5, -4.0, -3.5, -3.5, -3.0, -2.5, -2.5, -2.5, -1.5]","[1.5, 2.0, 3.0, 3.0]","[0.0, 0.0, 2.236068, 3.0]","[-5.0, -4.5, -4.0, -2.5]","[1.0, 4.5, 7.0, 8.0]","[0.0, 4.2426405, 6.708204, 7.937254]","[0.5, 1.0, 3.5, 4.0]","[1.0, 4.0]","[0.0, 3.4641016]","[0.5, 3.5]",2,1,1,0,2.0,0.0,1
436,2,2,1,"[0.0, 0.0, 0.5, 0.5, 1.0, 1.0, 2.0, 3.0, 5.5, 7.0]","[0.0, 0.0, 0.0, 0.0, 0.0, 0.0, 1.7320508, 3.0, 5.477226, 6.928203]","[1.0, 3.5]","[0.0, 3.1622777]","[-3.5, -2.5]","[1.0, 3.5]","[0.0, 3.1622777]","[-3.5, -2.5]","[3.5, 5.0]","[3.1622777, 4.8989797]","[-0.5, -0.5]",[5.5],[5.2915025],[3.0],1,0,1,0,1.0,0.0,1
829,11,3,0,"[0.0, 0.5, 1.0, 1.5, 2.0, 2.0, 4.5, 5.0, 6.0, 9.0]","[0.0, 0.0, 0.0, 1.0, 1.7320508, 2.0, 4.472136, 4.8989797, 5.91608, 9.0]","[1.0, 1.5, 2.5, 3.0, 3.0, 3.5, 3.5, 3.5, 5.0, 5.5, 5.5]","[0.0, 0.0, 2.236068, 2.4494898, 2.4494898, 3.0, 3.1622777, 3.1622777, 4.8989797, 5.2915025, 5.2915025]","[-4.0, -4.0, -3.5, -3.0, -2.5, -2.5, -2.0, -2.0, -2.0, -1.5, -1.0]","[1.0, 1.5, 3.0]","[0.0, 0.0, 3.0]","[-4.0, -4.0, -1.0]","[3.0, 5.0, 5.5]","[2.236068, 3.0, 5.2915025]","[-3.5, 0.0, 2.5]",[],[],[],3,0,0,1,0.0,3.0,1
146,7,4,2,"[0.0, 0.5, 0.5, 0.5, 2.0, 2.0, 4.0, 4.5, 6.0, 8.5]","[0.0, 0.0, 0.0, 0.0, 0.0, 1.7320508, 2.828427, 3.8729835, 5.91608, 8.485281]","[1.0, 1.5, 1.5, 2.0, 2.0, 4.5, 4.5]","[0.0, 0.0, 0.0, 1.4142135, 1.7320508, 4.2426405, 4.472136]","[-5.5, -5.5, -5.0, -4.5, -3.5, -2.0, -1.5]","[1.5, 1.5, 2.0, 4.5]","[0.0, 0.0, 1.4142135, 4.2426405]","[-5.5, -5.0, -2.0, -1.5]","[1.0, 2.0, 3.0, 3.5]","[1.0, 1.7320508, 2.828427, 3.4641016]","[-5.5, -3.0, -1.5, 3.0]","[3.5, 4.5]","[3.4641016, 3.7416575]","[3.0, 3.0]",2,1,1,0,2.0,0.0,1
17362,12,2,1,"[0.5, 1.0, 1.5, 1.5, 2.0, 2.0, 5.0, 5.5, 8.0, 9.0]","[0.0, 0.0, 0.0, 0.0, 0.0, 1.4142135, 4.582576, 5.2915025, 8.0, 9.0]","[1.5, 2.0, 2.0, 2.0, 2.0, 2.0, 2.5, 3.0, 3.0, 3.0, 3.5, 6.5]","[0.0, 0.0, 1.4142135, 1.7320508, 1.7320508, 1.7320508, 2.0, 2.0, 2.236068, 2.828427, 3.1622777, 6.3245554]","[-6.5, -6.0, -4.5, -4.5, -4.5, -4.5, -4.0, -3.5, -2.5, -2.5, -2.0, -1.5]","[1.5, 2.0]","[1.4142135, 1.7320508]","[-6.5, -6.0]","[3.0, 6.5]","[2.236068, 6.3245554]","[-2.5, -2.0]",[6.0],[5.196152],[0.0],1,0,1,0,1.0,0.0,0
46467,1,1,1,"[0.5, 0.5, 0.5, 1.0, 1.0, 1.5, 2.0, 3.0, 4.0, 4.0]","[0.0, 0.0, 0.0, 0.0, 0.0, 1.4142135, 1.7320508, 2.6457512, 3.0, 3.8729835]",[3.5],[3.4641016],[-2.5],[3.5],[3.4641016],[-2.5],[6.0],[5.656854],[4.0],[6.0],[5.656854],[4.0],0,1,0,0,0.0,0.0,0
82574,4,2,2,"[0.0, 0.0, 1.0, 1.0, 1.5, 3.5, 3.5, 5.0, 5.0, 5.0]","[0.0, 0.0, 0.0, 0.0, 1.0, 2.4494898, 3.4641016, 4.0, 4.8989797, 4.8989797]","[1.5, 2.5, 2.5, 5.0]","[0.0, 2.4494898, 2.4494898, 4.8989797]","[-4.5, -3.5, -2.0, -2.0]","[1.5, 2.5]","[0.0, 2.4494898]","[-3.5, -2.0]","[4.0, 4.5]","[2.6457512, 4.2426405]","[-1.0, 2.0]","[4.0, 4.5]","[2.6457512, 4.2426405]","[-1.0, 2.0]",0,2,0,0,0.0,0.0,0
10277,6,3,2,"[0.5, 1.0, 1.5, 1.5, 2.5, 2.5, 4.0, 4.0, 4.5, 6.5]","[0.0, 0.0, 0.0, 1.4142135, 1.4142135, 2.4494898, 2.828427, 3.4641016, 3.4641016, 6.0]","[1.0, 1.5, 2.5, 3.5, 3.5, 6.0]","[0.0, 1.4142135, 2.0, 3.1622777, 3.1622777, 5.91608]","[-5.0, -3.0, -2.0, -1.5, -1.5, -1.0]","[1.0, 2.5, 3.5]","[0.0, 2.0, 3.1622777]","[-5.0, -2.0, -1.5]","[4.5, 6.5, 7.0]","[2.828427, 6.4807405, 6.928203]","[2.5, 3.0, 4.0]","[4.0, 4.5]","[2.828427, 3.4641016]","[3.0, 3.5]",1,1,1,0,1.0,0.0,0
188,5,2,2,"[0.0, 0.5, 1.0, 1.5, 1.5, 2.5, 2.5, 3.0, 3.0, 5.5]","[0.0, 0.0, 0.0, 0.0, 1.4142135, 1.4142135, 2.236068, 2.236068, 2.4494898, 4.2426405]","[1.0, 1.0, 1.0, 2.0, 2.0]","[0.0, 0.0, 0.0, 1.0, 1.7320508]","[-6.0, -4.5, -3.5, -3.0, -2.0]","[1.0, 1.0]","[0.0, 1.0]","[-6.0, -2.0]","[7.0, 9.0]","[6.708204, 9.0]","[5.5, 8.5]","[7.0, 9.0]","[6.708204, 9.0]","[5.5, 8.5]",0,2,0,0,0.0,0.0,1
711,13,5,3,"[0.5, 0.5, 1.0, 1.5, 3.0, 4.0, 4.5, 4.5, 6.5, 8.0]","[0.0, 0.0, 0.0, 1.4142135, 2.236068, 3.4641016, 4.2426405, 4.472136, 6.0, 8.0]","[0.5, 1.5, 1.5, 2.0, 2.0, 2.5, 2.5, 2.5, 3.0, 3.0, 3.5, 3.5, 4.0]","[0.0, 0.0, 0.0, 0.0, 0.0, 0.0, 0.0, 1.4142135, 2.4494898, 2.4494898, 2.828427, 3.4641016, 3.8729835]","[-5.0, -4.0, -4.0, -3.5, -3.5, -3.5, -3.0, -2.5, -2.5, -2.5, -2.0, -1.5, -1.0]","[0.5, 1.5, 2.0, 2.5, 2.5]","[0.0, 0.0, 1.4142135, 2.4494898, 2.4494898]","[-4.0, -4.0, -3.5, -2.5, -1.0]","[1.5, 2.5, 3.5, 6.0, 6.5]","[1.4142135, 2.4494898, 3.4641016, 5.656854, 6.0]","[-1.0, -0.5, 0.5, 1.5, 3.0]","[1.5, 5.0, 6.0]","[1.4142135, 3.0, 5.656854]","[-0.5, 1.5, 3.5]",2,2,1,0,2.0,0.0,1
534,5,2,2,"[0.5, 0.5, 1.0, 2.0, 3.0, 3.0, 3.5, 4.5, 5.5, 5.5]","[0.0, 0.0, 0.0, 0.0, 1.7320508, 2.4494898, 2.828427, 3.0, 4.2426405, 5.2915025]","[2.0, 3.0, 3.0, 4.0, 5.0]","[0.0, 2.236068, 2.6457512, 3.0, 4.8989797]","[-5.5, -4.0, -2.5, -2.0, -2.0]","[2.0, 3.0]","[0.0, 3.0]","[-5.5, -2.0]","[4.5, 6.0]","[3.7416575, 5.91608]","[2.5, 3.0]","[4.5, 6.0]","[3.7416575, 5.91608]","[2.5, 3.0]",0,2,0,0,0.0,0.0,1
20662,8,4,3,"[0.0, 0.5, 0.5, 2.0, 3.0, 3.0, 4.5, 4.5, 6.0, 7.5]","[0.0, 0.0, 0.0, 0.0, 0.0, 0.0, 2.236068, 4.472136, 5.656854, 7.483315]","[1.5, 1.5, 1.5, 2.0, 3.5, 4.0, 4.5, 5.0]","[0.0, 0.0, 1.4142135, 1.7320508, 2.6457512, 3.4641016, 3.7416575, 4.8989797]","[-5.5, -4.5, -4.5, -4.0, -3.5, -3.5, -3.5, -2.5]","[1.5, 1.5, 1.5, 2.0]","[0.0, 0.0, 1.4142135, 1.7320508]","[-5.5, -4.5, -3.5, -3.5]","[1.0, 5.0, 6.0, 6.5]","[0.0, 4.8989797, 5.91608, 6.0]","[-3.0, -1.0, 2.0, 6.0]","[1.0, 4.0, 6.5]","[0.0, 2.6457512, 6.0]","[-3.0, 1.5, 6.0]",1,2,1,0,1.0,0.0,0
71038,13,4,2,"[0.5, 1.0, 1.0, 1.0, 1.5, 4.0, 6.0, 7.0, 8.0, 8.0]","[0.0, 0.0, 0.0, 1.0, 1.0, 3.4641016, 5.91608, 6.928203, 7.937254, 8.0]","[1.0, 1.5, 2.0, 2.0, 2.5, 3.0, 3.0, 3.5, 4.0, 4.5, 5.0, 5.0, 5.0]","[0.0, 0.0, 0.0, 1.0, 1.7320508, 2.236068, 2.4494898, 3.1622777, 4.0, 4.472136, 4.582576, 4.582576, 4.8989797]","[-7.0, -6.5, -4.0, -3.5, -3.5, -3.0, -2.5, -2.0, -2.0, -1.5, -1.5, -1.5, -1.0]","[1.0, 1.5, 2.0, 2.5]","[0.0, 1.0, 1.7320508, 2.4494898]","[-7.0, -6.5, -3.0, -2.0]","[2.0, 2.0, 3.5, 5.0]","[1.7320508, 2.0, 3.1622777, 4.8989797]","[-3.5, -2.0, -2.0, -1.0]","[5.0, 7.5]","[4.8989797, 7.483315]","[-1.0, 7.5]",2,1,1,0,2.0,0.0,0
520,10,3,3,"[0.0, 0.5, 1.0, 1.5, 4.0, 4.5, 5.5, 5.5, 5.5, 6.0]","[0.0, 0.0, 0.0, 0.0, 0.0, 2.6457512, 4.2426405, 5.477226, 5.477226, 5.656854]","[1.5, 1.5, 1.5, 1.5, 2.5, 3.0, 3.5, 3.5, 4.0, 4.5]","[0.0, 1.4142135, 1.4142135, 1.4142135, 2.0, 2.828427, 3.1622777, 3.4641016, 3.8729835, 4.2426405]","[-5.5, -5.0, -4.0, -4.0, -3.5, -3.5, -3.5, -3.0, -2.5, -2.0]","[1.5, 1.5, 3.0]","[0.0, 1.4142135, 2.828427]","[-5.5, -4.0, -3.5]","[1.5, 2.5, 7.0]","[1.4142135, 2.0, 6.928203]","[-2.5, 2.0, 2.5]","[1.5, 2.5, 7.0]","[1.4142135, 2.0, 6.928203]","[-2.5, 2.0, 2.5]",0,3,0,0,0.0,0.0,1
61377,6,3,2,"[0.0, 0.0, 0.5, 1.0, 1.5, 1.5, 5.0, 5.5, 6.5, 6.5]","[0.0, 0.0, 0.0, 0.0, 0.0, 1.4142135, 4.0, 5.2915025, 6.0, 6.3245554]","[0.5, 1.5, 3.0, 3.5, 4.0, 4.0]","[0.0, 0.0, 2.236068, 2.6457512, 3.1622777, 3.4641016]","[-6.5, -6.0, -2.5, -2.0, -2.0, -1.5]","[0.5, 1.5, 3.5]","[0.0, 0.0, 3.1622777]","[-6.5, -6.0, -2.0]","[1.5, 4.0, 7.0]","[0.0, 3.4641016, 7.0]","[-2.0, -1.0, 4.0]","[4.0, 7.0]","[0.0, 7.0]","[2.0, 4.0]",1,1,1,0,1.0,0.0,0
9033,5,4,2,"[0.0, 0.0, 0.5, 1.0, 2.0, 2.0, 3.0, 3.5, 4.0, 4.5]","[0.0, 0.0, 0.0, 1.0, 1.7320508, 1.7320508, 2.828427, 3.4641016, 4.0, 4.2426405]","[1.0, 1.5, 1.5, 1.5, 2.0]","[0.0, 0.0, 0.0, 1.4142135, 2.0]","[-2.5, -2.5, -2.0, -1.0, -1.0]","[1.0, 1.5, 1.5, 1.5]","[0.0, 0.0, 0.0, 1.4142135]","[-2.5, -2.5, -2.0, -1.0]","[4.0, 6.0, 6.5, 7.5]","[2.6457512, 5.656854, 6.0, 7.483315]","[2.0, 2.0, 3.5, 4.0]","[5.5, 6.0]","[5.477226, 5.91608]","[2.5, 5.0]",2,0,2,0,1.0,0.0,0
27,5,2,2,"[0.0, 0.0, 1.0, 1.0, 1.5, 2.0, 3.0, 3.5, 4.5, 5.0]","[0.0, 0.0, 0.0, 0.0, 1.0, 1.0, 2.236068, 2.4494898, 3.7416575, 4.582576]","[1.0, 2.0, 3.5, 3.5, 4.5]","[0.0, 0.0, 2.4494898, 3.1622777, 4.472136]","[-4.5, -4.0, -2.5, -2.0, -2.0]","[1.0, 2.0]","[0.0, 0.0]","[-4.5, -4.0]","[2.5, 4.0]","[0.0, 2.4494898]","[1.0, 2.5]","[2.5, 4.0]","[0.0, 2.4494898]","[1.0, 2.5]",0,2,0,0,0.0,0.0,1
978,5,3,2,"[0.5, 0.5, 1.0, 1.0, 1.0, 3.0, 3.5, 4.0, 4.5, 5.0]","[0.0, 0.0, 0.0, 0.0, 0.0, 0.0, 2.828427, 3.4641016, 3.8729835, 4.8989797]","[1.5, 2.5, 3.0, 3.5, 4.0]","[0.0, 2.236068, 2.4494898, 2.6457512, 3.4641016]","[-4.0, -2.5, -2.5, -1.5, -1.5]","[1.5, 2.5, 3.5]","[0.0, 2.4494898, 3.4641016]","[-4.0, -1.5, -1.5]","[2.5, 5.0, 6.5]","[2.4494898, 4.0, 6.4807405]","[-0.5, 3.0, 4.0]","[5.5, 6.5]","[5.2915025, 6.4807405]","[4.0, 5.5]",1,1,1,0,1.0,0.0,1
89343,9,3,2,"[0.5, 1.0, 1.0, 1.5, 2.0, 2.0, 3.5, 4.0, 4.5, 5.5]","[0.0, 0.0, 0.0, 1.0, 1.4142135, 1.7320508, 1.7320508, 3.1622777, 3.4641016, 5.2915025]","[1.0, 1.5, 2.0, 2.0, 3.0, 3.0, 3.5, 4.0, 5.0]","[0.0, 0.0, 0.0, 0.0, 0.0, 1.4142135, 1.7320508, 3.4641016, 4.582576]","[-4.0, -4.0, -3.5, -3.0, -2.5, -2.0, -2.0, -1.5, -1.5]","[1.0, 1.5, 3.0]","[0.0, 0.0, 1.4142135]","[-4.0, -3.5, -2.0]","[3.0, 6.5, 7.0]","[2.236068, 6.0, 6.928203]","[0.5, 2.0, 6.5]","[5.5, 7.0]","[4.8989797, 6.928203]","[4.0, 6.5]",1,1,1,0,1.0,0.0,0
29,5,1,1,"[0.0, 0.5, 1.0, 1.5, 1.5, 2.5, 4.0, 4.5, 4.5, 5.0]","[0.0, 0.0, 0.0, 0.0, 0.0, 0.0, 2.4494898, 2.828427, 3.0, 3.8729835]","[2.0, 2.0, 2.0, 3.5, 4.0]","[1.7320508, 1.7320508, 1.7320508, 2.6457512, 3.1622777]","[-5.5, -5.0, -4.5, -4.5, -4.0]",[2.0],[1.7320508],[-4.5],[2.0],[1.7320508],[0.0],[2.0],[1.7320508],[0.0],0,1,0,0,0.0,0.0,1
4098,2,2,1,"[0.0, 0.0, 1.0, 1.0, 1.0, 2.5, 3.0, 3.0, 4.5, 6.5]","[0.0, 0.0, 0.0, 0.0, 0.0, 1.0, 1.0, 2.4494898, 3.7416575, 6.4807405]","[2.0, 3.5]","[1.7320508, 2.4494898]","[-2.0, -1.0]","[2.0, 3.5]","[1.7320508, 2.4494898]","[-2.0, -1.0]","[2.5, 3.0]","[0.0, 3.0]","[-2.0, -0.5]",[7.5],[7.483315],[6.0],1,0,1,0,1.0,0.0,0
97105,2,1,1,"[0.0, 0.5, 1.0, 1.0, 1.5, 2.5, 2.5, 3.0, 3.5, 4.5]","[0.0, 0.0, 0.0, 0.0, 0.0, 1.4142135, 2.4494898, 2.4494898, 2.4494898, 3.7416575]","[3.0, 3.0]","[0.0, 2.236068]","[-3.5, -1.5]",[3.0],[2.236068],[-3.5],[3.5],[0.0],[2.0],[3.5],[0.0],[2.0],0,1,0,0,0.0,0.0,0
611,7,4,3,"[0.0, 1.5, 1.5, 2.0, 2.5, 3.0, 4.0, 4.5, 6.5, 6.5]","[0.0, 0.0, 1.4142135, 1.7320508, 2.4494898, 2.828427, 2.828427, 3.8729835, 6.0, 6.4807405]","[0.5, 1.5, 1.5, 2.0, 2.0, 2.5, 4.0]","[0.0, 0.0, 0.0, 0.0, 1.4142135, 1.7320508, 2.6457512]","[-4.5, -4.5, -4.0, -2.0, -2.0, -1.5, -1.5]","[0.5, 1.5, 1.5, 2.5]","[0.0, 0.0, 0.0, 1.4142135]","[-4.5, -4.5, -2.0, -1.5]","[3.0, 4.0, 4.5, 5.0]","[0.0, 2.828427, 4.2426405, 4.582576]","[-2.0, -1.5, 1.5, 4.0]","[3.0, 5.0, 6.0]","[2.828427, 4.582576, 5.656854]","[-1.5, 3.5, 4.0]",1,2,1,0,1.0,0.0,1
79187,7,3,2,"[0.0, 0.5, 1.0, 1.0, 1.0, 2.0, 5.0, 6.5, 7.5, 7.5]","[0.0, 0.0, 0.0, 0.0, 0.0, 1.7320508, 4.0, 6.4807405, 7.3484693, 7.483315]","[0.5, 2.0, 2.0, 3.5, 3.5, 5.0, 7.0]","[0.0, 0.0, 0.0, 1.7320508, 3.1622777, 5.0, 6.928203]","[-5.0, -4.5, -4.5, -3.5, -1.5, -1.5, -1.0]","[0.5, 2.0, 2.0]","[0.0, 0.0, 1.7320508]","[-4.5, -3.5, -1.5]","[2.5, 4.0, 6.0]","[2.0, 2.6457512, 5.196152]","[-0.5, 1.5, 3.0]","[2.5, 4.5]","[2.0, 2.828427]","[1.5, 4.5]",1,1,1,0,1.0,0.0,0
31230,9,3,2,"[0.0, 0.5, 1.5, 1.5, 2.0, 3.0, 3.0, 4.5, 5.0, 5.5]","[0.0, 0.0, 0.0, 0.0, 0.0, 1.4142135, 1.4142135, 2.236068, 3.0, 4.8989797]","[1.0, 1.5, 2.0, 3.0, 3.5, 4.0, 5.5, 5.5, 6.0]","[0.0, 0.0, 0.0, 1.7320508, 2.6457512, 3.1622777, 5.2915025, 5.477226, 5.656854]","[-4.0, -3.5, -3.5, -2.5, -2.5, -2.0, -2.0, -1.5, -1.0]","[1.0, 2.0, 3.5]","[0.0, 1.7320508, 3.1622777]","[-4.0, -3.5, -2.0]","[3.0, 4.0, 4.5]","[2.828427, 3.4641016, 3.7416575]","[-1.0, 2.5, 4.0]","[3.5, 4.5]","[3.1622777, 3.7416575]","[3.5, 4.0]",1,1,1,0,1.0,0.0,0
235,4,2,1,"[0.0, 0.5, 0.5, 1.0, 1.0, 1.5, 1.5, 2.5, 6.0, 9.0]","[0.0, 0.0, 0.0, 0.0, 0.0, 0.0, 0.0, 1.4142135, 5.196152, 9.0]","[2.5, 3.5, 4.0, 4.5]","[2.0, 2.828427, 3.4641016, 3.8729835]","[-5.0, -3.5, -1.5, -1.0]","[3.5, 4.0]","[3.4641016, 3.8729835]","[-5.0, -3.5]","[2.5, 4.5]","[2.0, 2.828427]","[-2.0, -1.5]",[7.0],[7.0],[5.5],1,0,1,0,1.0,0.0,1
47783,2,2,1,"[0.5, 0.5, 1.0, 1.5, 2.0, 2.0, 3.0, 4.0, 4.5, 5.0]","[0.0, 0.0, 1.0, 1.4142135, 1.7320508, 2.0, 2.236068, 3.4641016, 4.0, 4.472136]","[1.5, 3.0]","[1.4142135, 3.0]","[-2.0, -1.5]","[1.5, 3.0]","[1.4142135, 3.0]","[-2.0, -1.5]","[1.0, 1.0]","[0.0, 0.0]","[-2.0, -1.5]",[7.0],[6.708204],[6.0],1,0,1,0,1.0,0.0,0
64798,5,3,2,"[0.5, 0.5, 1.0, 1.5, 1.5, 2.0, 3.5, 3.5, 4.0, 6.5]","[0.0, 0.0, 0.0, 0.0, 1.4142135, 2.0, 2.4494898, 3.1622777, 3.8729835, 6.3245554]","[1.5, 1.5, 2.0, 2.5, 3.5]","[0.0, 1.4142135, 1.7320508, 2.0, 3.1622777]","[-3.5, -3.5, -3.0, -1.5, -1.5]","[1.5, 1.5, 2.0]","[0.0, 1.4142135, 1.7320508]","[-3.5, -3.0, -1.5]","[3.5, 4.0, 4.5]","[0.0, 2.828427, 4.0]","[-1.5, 1.0, 3.5]","[4.5, 6.0]","[2.828427, 5.656854]","[3.5, 4.5]",1,1,1,0,1.0,0.0,0
75949,4,2,2,"[0.5, 1.5, 2.0, 2.0, 2.0, 2.0, 2.5, 3.5, 4.5, 5.0]","[0.0, 0.0, 0.0, 0.0, 0.0, 2.0, 2.0, 2.0, 2.4494898, 3.0]","[2.0, 3.0, 3.0, 3.5]","[0.0, 0.0, 2.236068, 2.828427]","[-6.0, -6.0, -2.0, -2.0]","[2.0, 3.5]","[0.0, 0.0]","[-6.0, -2.0]","[5.0, 5.0]","[4.582576, 4.8989797]","[3.5, 5.0]","[5.0, 5.0]","[4.582576, 4.8989797]","[3.5, 5.0]",0,2,0,0,0.0,0.0,0
21667,3,2,2,"[0.5, 0.5, 1.5, 2.0, 2.5, 2.5, 3.0, 4.0, 5.5, 5.5]","[0.0, 0.0, 0.0, 0.0, 2.0, 2.4494898, 3.0, 3.8729835, 4.2426405, 4.2426405]","[1.5, 3.5, 4.0]","[0.0, 1.4142135, 2.4494898]","[-4.5, -2.5, -1.0]","[1.5, 3.5]","[1.4142135, 2.4494898]","[-4.5, -2.5]","[3.5, 7.5]","[2.4494898, 7.3484693]","[1.0, 6.5]","[3.5, 7.5]","[2.4494898, 7.3484693]","[1.0, 6.5]",0,2,0,0,0.0,0.0,0
405,3,2,1,"[0.0, 0.0, 0.0, 0.5, 2.0, 2.5, 3.5, 4.0, 6.0, 7.5]","[0.0, 0.0, 0.0, 0.0, 2.0, 2.4494898, 3.4641016, 4.0, 5.656854, 7.3484693]","[1.0, 1.5, 3.5]","[1.0, 1.4142135, 2.4494898]","[-4.5, -3.5, -3.0]","[1.0, 1.5]","[1.0, 1.4142135]","[-4.5, -3.0]","[4.0, 5.5]","[3.4641016, 4.2426405]","[-0.5, 0.5]",[7.0],[6.928203],[3.5],1,0,1,0,1.0,0.0,1
924,6,4,0,"[0.5, 1.0, 1.0, 1.5, 2.0, 3.0, 3.0, 4.0, 5.0, 6.0]","[0.0, 0.0, 0.0, 1.0, 1.4142135, 2.0, 2.236068, 2.828427, 4.582576, 5.196152]","[1.0, 1.0, 2.5, 2.5, 4.0, 5.0]","[0.0, 0.0, 0.0, 1.0, 2.0, 4.582576]","[-2.0, -1.5, -1.5, -1.5, -1.5, -1.0]","[1.0, 1.0, 2.5, 5.0]","[0.0, 1.0, 2.0, 4.582576]","[-2.0, -1.5, -1.5, -1.0]","[4.0, 4.5, 6.5, 7.5]","[3.8729835, 4.2426405, 6.0, 7.3484693]","[-1.5, -1.0, 4.5, 5.0]",[],[],[],4,0,0,1,0.0,4.0,1
98622,6,3,2,"[1.5, 1.5, 1.5, 1.5, 2.0, 2.0, 4.5, 4.5, 5.0, 5.0]","[0.0, 0.0, 0.0, 1.4142135, 1.4142135, 1.4142135, 3.0, 4.472136, 4.472136, 4.582576]","[1.0, 1.0, 2.5, 2.5, 4.5, 5.0]","[0.0, 0.0, 0.0, 2.0, 2.828427, 4.582576]","[-3.5, -3.0, -3.0, -3.0, -2.5, -1.5]","[1.0, 1.0, 2.5]","[0.0, 0.0, 2.0]","[-3.5, -3.0, -3.0]","[4.5, 5.5, 7.0]","[4.472136, 5.2915025, 6.928203]","[-1.0, 3.0, 6.5]","[4.0, 7.0]","[3.8729835, 6.928203]","[0.5, 6.5]",1,1,1,0,1.0,0.0,0
58968,6,3,2,"[0.0, 0.5, 0.5, 1.0, 1.5, 3.5, 4.0, 5.0, 5.0, 7.0]","[0.0, 0.0, 0.0, 0.0, 0.0, 2.4494898, 3.0, 3.4641016, 4.0, 6.928203]","[1.0, 2.5, 3.5, 3.5, 4.5, 5.0]","[0.0, 2.0, 2.4494898, 3.4641016, 4.0, 4.2426405]","[-5.0, -4.0, -3.5, -2.5, -2.5, -1.5]","[1.0, 2.5, 3.5]","[0.0, 2.0, 3.4641016]","[-5.0, -3.5, -1.5]","[4.0, 5.0, 5.5]","[4.0, 4.0, 4.2426405]","[0.5, 3.5, 3.5]","[4.0, 7.5]","[4.0, 7.3484693]","[3.5, 6.0]",1,1,1,0,1.0,0.0,0
504,4,2,2,"[0.0, 0.0, 0.0, 0.5, 1.0, 3.0, 3.0, 5.0, 5.5, 7.0]","[0.0, 0.0, 0.0, 0.0, 0.0, 0.0, 2.236068, 4.582576, 4.8989797, 6.708204]","[1.5, 3.0, 3.5, 3.5]","[0.0, 0.0, 2.236068, 2.4494898]","[-3.5, -2.5, -1.5, -1.0]","[1.5, 3.0]","[0.0, 2.236068]","[-3.5, -2.5]","[3.0, 4.0]","[0.0, 4.0]","[-2.0, -1.0]","[3.0, 4.0]","[0.0, 4.0]","[-2.0, -1.0]",0,2,0,0,0.0,0.0,1
56404,2,1,1,"[0.5, 0.5, 1.0, 1.5, 1.5, 2.0, 2.5, 3.0, 3.0, 5.0]","[0.0, 0.0, 0.0, 0.0, 0.0, 0.0, 1.0, 2.0, 2.236068, 4.582576]","[2.5, 3.5]","[2.0, 3.1622777]","[-3.5, -3.0]",[2.5],[2.0],[-3.5],[4.0],[0.0],[2.0],[4.0],[0.0],[2.0],0,1,0,0,0.0,0.0,0
488,10,3,2,"[0.5, 0.5, 1.5, 1.5, 2.0, 4.0, 4.0, 4.5, 8.0, 9.0]","[0.0, 0.0, 1.4142135, 1.4142135, 2.0, 3.8729835, 4.0, 4.2426405, 7.937254, 9.0]","[0.5, 1.0, 1.0, 1.5, 2.0, 2.5, 3.5, 4.0, 4.5, 5.0]","[0.0, 0.0, 0.0, 1.0, 2.0, 2.0, 3.1622777, 4.0, 4.2426405, 5.0]","[-6.0, -5.5, -5.0, -4.0, -3.5, -3.5, -3.0, -2.5, -2.0, -1.5]","[0.5, 1.0, 1.5]","[0.0, 0.0, 0.0]","[-6.0, -4.0, -3.5]","[4.5, 5.5, 5.5]","[4.2426405, 5.2915025, 5.2915025]","[-0.5, 0.5, 1.0]","[3.0, 5.5]","[0.0, 5.2915025]","[-0.5, 2.5]",1,1,1,0,1.0,0.0,1
728,9,3,2,"[1.0, 1.0, 2.0, 2.0, 2.5, 2.5, 3.5, 4.0, 6.5, 7.5]","[0.0, 0.0, 0.0, 0.0, 1.7320508, 2.0, 2.4494898, 3.4641016, 6.4807405, 7.483315]","[0.5, 2.0, 2.5, 2.5, 3.0, 3.0, 3.5, 4.0, 6.5]","[0.0, 0.0, 0.0, 0.0, 2.236068, 2.4494898, 3.0, 3.4641016, 6.4807405]","[-6.0, -3.5, -3.0, -3.0, -2.0, -2.0, -1.5, -1.5, -1.0]","[0.5, 2.5, 3.0]","[0.0, 0.0, 2.236068]","[-6.0, -2.0, -1.5]","[2.0, 3.0, 6.5]","[0.0, 0.0, 6.3245554]","[-2.5, -2.0, 2.5]","[3.0, 5.5]","[0.0, 4.8989797]","[-2.0, 3.5]",1,1,1,0,1.0,0.0,1
87921,9,4,1,"[0.0, 0.5, 1.0, 1.5, 1.5, 2.5, 3.0, 6.5, 6.5, 7.5]","[0.0, 0.0, 0.0, 0.0, 1.0, 2.4494898, 2.828427, 6.3245554, 6.3245554, 7.483315]","[1.0, 1.5, 2.0, 3.0, 3.0, 3.0, 3.0, 4.0, 4.5]","[0.0, 0.0, 0.0, 1.4142135, 2.236068, 2.828427, 3.0, 3.4641016, 3.7416575]","[-5.0, -5.0, -4.5, -3.5, -3.0, -2.5, -2.0, -1.5, -1.0]","[1.0, 1.5, 3.0, 4.0]","[0.0, 1.4142135, 2.828427, 3.4641016]","[-5.0, -4.5, -3.0, -2.0]","[3.5, 4.5, 4.5, 7.0]","[0.0, 2.4494898, 4.2426405, 6.708204]","[-3.5, -0.5, 1.0, 1.0]",[7.0],[6.928203],[6.0],3,0,1,0,3.0,0.0,0
341,7,3,1,"[0.5, 1.0, 1.0, 1.5, 1.5, 3.0, 4.5, 5.5, 7.5, 8.5]","[0.0, 0.0, 0.0, 1.0, 1.4142135, 3.0, 3.7416575, 4.8989797, 7.3484693, 8.485281]","[2.0, 2.0, 2.5, 3.5, 3.5, 6.0, 6.5]","[0.0, 0.0, 1.7320508, 2.4494898, 3.4641016, 5.91608, 6.4807405]","[-6.5, -5.5, -5.0, -4.0, -2.0, -2.0, -1.5]","[2.0, 3.5, 3.5]","[1.7320508, 2.4494898, 3.4641016]","[-5.5, -5.0, -4.0]","[3.5, 3.5, 6.0]","[2.4494898, 3.4641016, 5.656854]","[-5.0, -4.0, 3.5]",[6.0],[5.656854],[3.5],2,1,0,1,0.0,2.0,1
97559,1,1,1,"[0.5, 1.0, 1.5, 2.0, 2.0, 3.0, 3.5, 3.5, 4.0, 4.5]","[0.0, 0.0, 0.0, 1.4142135, 1.7320508, 2.0, 3.1622777, 3.1622777, 3.4641016, 4.472136]",[3.0],[2.828427],[-2.0],[3.0],[2.828427],[-2.0],[3.5],[0.0],[1.5],[3.5],[0.0],[1.5],0,1,0,0,0.0,0.0,0
533,7,2,2,"[0.5, 1.0, 1.5, 2.5, 2.5, 2.5, 2.5, 4.5, 5.0, 5.5]","[0.0, 0.0, 0.0, 0.0, 1.0, 2.4494898, 2.4494898, 3.0, 4.2426405, 4.2426405]","[2.0, 2.0, 2.0, 3.5, 4.0, 4.5, 5.5]","[0.0, 0.0, 1.7320508, 2.828427, 3.4641016, 4.0, 5.477226]","[-5.5, -3.5, -3.0, -2.0, -1.5, -1.0, -1.0]","[2.0, 3.5]","[1.7320508, 3.4641016]","[-5.5, -3.5]","[3.5, 6.0]","[0.0, 5.656854]","[2.0, 4.5]","[3.5, 6.0]","[0.0, 5.656854]","[2.0, 4.5]",0,2,0,0,0.0,0.0,1
29772,7,3,1,"[0.5, 0.5, 0.5, 0.5, 1.5, 3.5, 5.0, 5.0, 5.5, 7.5]","[0.0, 0.0, 0.0, 0.0, 0.0, 2.4494898, 4.0, 4.582576, 4.8989797, 7.3484693]","[1.0, 1.5, 1.5, 2.5, 2.5, 3.0, 4.5]","[0.0, 0.0, 0.0, 0.0, 0.0, 2.236068, 4.472136]","[-6.5, -5.5, -4.0, -2.5, -2.0, -1.5, -1.0]","[1.0, 1.5, 3.0]","[0.0, 0.0, 2.236068]","[-5.5, -2.5, -2.0]","[1.5, 3.0, 7.0]","[0.0, 2.236068, 6.928203]","[-5.5, -2.5, 3.5]",[7.0],[6.928203],[3.5],2,1,0,1,0.0,2.0,0
729,6,4,2,"[0.0, 0.5, 1.5, 2.5, 3.0, 3.0, 3.0, 4.0, 4.5, 8.0]","[0.0, 0.0, 0.0, 0.0, 0.0, 0.0, 3.0, 3.8729835, 4.472136, 8.0]","[2.5, 3.0, 3.0, 3.5, 3.5, 3.5]","[0.0, 2.4494898, 2.828427, 3.1622777, 3.4641016, 3.4641016]","[-4.5, -2.5, -2.0, -1.5, -1.5, -1.5]","[2.5, 3.0, 3.5, 3.5]","[2.4494898, 2.828427, 3.1622777, 3.4641016]","[-4.5, -2.5, -2.0, -1.5]","[3.0, 3.5, 4.0, 6.0]","[2.236068, 2.4494898, 3.4641016, 5.656854]","[-3.0, 0.0, 1.0, 4.5]","[3.0, 4.0]","[2.236068, 2.6457512]","[1.0, 4.0]",2,1,1,0,2.0,0.0,1
741,1,1,1,"[0.0, 0.5, 0.5, 1.0, 1.5, 1.5, 1.5, 2.0, 4.0, 6.5]","[0.0, 0.0, 0.0, 0.0, 0.0, 0.0, 0.0, 1.4142135, 1.4142135, 6.0]",[5.5],[4.8989797],[-1.0],[5.5],[4.8989797],[-1.0],[2.0],[0.0],[0.0],[2.0],[0.0],[0.0],0,1,0,0,0.0,0.0,1
795,1,1,1,"[0.0, 0.0, 0.0, 0.5, 1.0, 1.0, 1.0, 2.5, 2.5, 3.5]","[0.0, 0.0, 0.0, 0.0, 0.0, 0.0, 0.0, 1.0, 2.0, 2.4494898]",[2.5],[0.0],[-3.0],[2.5],[0.0],[-3.0],[6.0],[5.196152],[5.5],[6.0],[5.196152],[5.5],0,1,0,0,0.0,0.0,1
254,2,1,1,"[0.0, 0.5, 0.5, 0.5, 1.5, 2.0, 2.0, 3.0, 4.5, 7.0]","[0.0, 0.0, 0.0, 0.0, 0.0, 0.0, 1.7320508, 1.7320508, 4.472136, 6.928203]","[1.5, 2.0]","[0.0, 0.0]","[-3.0, -1.5]",[1.5],[0.0],[-3.0],[2.0],[0.0],[-2.5],[2.0],[0.0],[-2.5],0,1,0,0,0.0,0.0,1
81607,3,2,2,"[0.0, 0.0, 0.5, 0.5, 1.5, 1.5, 2.5, 3.5, 6.0, 6.0]","[0.0, 0.0, 0.0, 0.0, 0.0, 1.4142135, 1.4142135, 2.4494898, 5.196152, 5.196152]","[3.5, 4.0, 6.5]","[0.0, 3.8729835, 6.4807405]","[-3.5, -2.5, -1.5]","[3.5, 4.0]","[0.0, 3.8729835]","[-3.5, -1.5]","[1.5, 2.5]","[0.0, 0.0]","[0.0, 0.5]","[1.5, 2.5]","[0.0, 0.0]","[0.0, 0.5]",0,2,0,0,0.0,0.0,0
591,4,2,2,"[0.0, 0.0, 1.0, 1.5, 1.5, 2.0, 3.0, 4.0, 4.0, 4.5]","[0.0, 0.0, 0.0, 0.0, 0.0, 0.0, 1.4142135, 2.0, 2.236068, 2.828427]","[1.0, 2.0, 3.5, 4.0]","[0.0, 1.7320508, 2.4494898, 4.0]","[-4.5, -4.5, -4.0, -3.0]","[1.0, 2.0]","[0.0, 1.7320508]","[-4.5, -3.0]","[4.0, 4.5]","[2.6457512, 2.828427]","[4.0, 4.5]","[4.0, 4.5]","[2.6457512, 2.828427]","[4.0, 4.5]",0,2,0,0,0.0,0.0,1
40992,9,4,4,"[0.5, 1.0, 1.5, 2.5, 2.5, 4.0, 4.0, 4.0, 5.5, 6.0]","[0.0, 0.0, 0.0, 0.0, 2.4494898, 2.6457512, 2.6457512, 3.4641016, 5.2915025, 5.656854]","[1.0, 1.5, 2.0, 2.0, 2.5, 3.0, 3.0, 4.5, 6.0]","[0.0, 0.0, 0.0, 0.0, 2.0, 2.0, 3.0, 4.472136, 5.91608]","[-4.0, -3.5, -3.0, -3.0, -3.0, -2.5, -2.5, -2.0, -1.5]","[1.0, 1.5, 2.0, 3.0]","[0.0, 0.0, 2.0, 3.0]","[-3.5, -3.0, -3.0, -2.0]","[5.0, 6.5, 7.0, 7.5]","[4.0, 6.3245554, 6.928203, 7.3484693]","[1.5, 1.5, 5.5, 6.5]","[5.0, 6.5, 7.0, 7.5]","[4.0, 6.3245554, 6.928203, 7.3484693]","[1.5, 1.5, 5.5, 6.5]",0,4,0,0,0.0,0.0,0
311,1,1,1,"[0.0, 0.5, 1.0, 1.5, 1.5, 1.5, 2.0, 2.5, 3.0, 5.5]","[0.0, 0.0, 0.0, 0.0, 1.0, 1.4142135, 1.4142135, 1.7320508, 2.828427, 4.8989797]",[4.5],[4.2426405],[-2.0],[4.5],[4.2426405],[-2.0],[3.5],[3.1622777],[2.0],[3.5],[3.1622777],[2.0],0,1,0,0,0.0,0.0,1
73657,8,3,2,"[0.5, 1.5, 2.0, 2.0, 2.5, 3.0, 3.5, 4.0, 5.0, 7.0]","[0.0, 0.0, 0.0, 0.0, 1.7320508, 2.4494898, 2.4494898, 3.0, 4.0, 6.708204]","[1.0, 1.5, 2.0, 2.0, 2.5, 3.0, 3.5, 4.0]","[0.0, 0.0, 1.4142135, 1.7320508, 2.0, 2.4494898, 2.828427, 3.8729835]","[-6.5, -6.0, -5.5, -3.5, -3.0, -3.0, -1.5, -1.5]","[1.0, 1.5, 3.0]","[0.0, 1.4142135, 2.828427]","[-6.0, -5.5, -1.5]","[4.5, 4.5, 5.0]","[2.828427, 3.7416575, 4.582576]","[0.0, 0.0, 4.5]","[5.0, 5.5]","[4.582576, 5.2915025]","[3.5, 4.5]",1,1,1,0,1.0,0.0,0
112,4,2,0,"[0.5, 0.5, 0.5, 1.0, 1.5, 1.5, 1.5, 4.0, 4.0, 8.5]","[0.0, 0.0, 0.0, 0.0, 0.0, 0.0, 0.0, 0.0, 2.6457512, 8.485281]","[2.0, 2.5, 3.0, 4.0]","[0.0, 0.0, 0.0, 3.4641016]","[-5.5, -4.5, -3.0, -1.5]","[2.5, 3.0]","[0.0, 0.0]","[-5.5, -1.5]","[2.5, 3.0]","[0.0, 0.0]","[-5.5, -1.5]",[],[],[],2,0,0,1,0.0,2.0,1
539,8,2,0,"[0.0, 0.0, 0.0, 0.5, 1.5, 1.5, 4.0, 6.0, 6.5, 7.5]","[0.0, 0.0, 0.0, 0.0, 0.0, 0.0, 2.6457512, 5.656854, 6.3245554, 7.483315]","[1.5, 2.0, 3.5, 3.5, 3.5, 3.5, 4.0, 6.0]","[0.0, 0.0, 1.7320508, 3.1622777, 3.4641016, 3.4641016, 3.4641016, 5.91608]","[-5.0, -4.5, -4.0, -2.5, -2.0, -2.0, -2.0, -1.5]","[3.5, 3.5]","[3.4641016, 3.4641016]","[-4.5, -2.0]","[3.5, 3.5]","[3.4641016, 3.4641016]","[-4.5, -2.0]",[],[],[],2,0,0,1,0.0,2.0,1
10,3,1,1,"[0.0, 0.0, 0.5, 1.0, 1.0, 1.0, 2.0, 2.0, 5.0, 6.0]","[0.0, 0.0, 0.0, 0.0, 0.0, 1.0, 1.0, 2.0, 4.8989797, 5.196152]","[1.0, 3.0, 5.0]","[0.0, 0.0, 4.0]","[-4.0, -2.5, -1.5]",[1.0],[0.0],[-4.0],[5.5],[5.2915025],[3.5],[5.5],[5.2915025],[3.5],0,1,0,0,0.0,0.0,1
57481,8,2,2,"[0.5, 1.0, 1.5, 2.0, 2.0, 2.5, 2.5, 4.0, 6.0, 7.0]","[0.0, 0.0, 0.0, 0.0, 0.0, 1.0, 2.0, 2.6457512, 5.656854, 6.708204]","[2.0, 2.5, 3.0, 3.0, 3.0, 3.5, 4.0, 6.5]","[0.0, 0.0, 0.0, 1.7320508, 2.236068, 3.0, 3.4641016, 6.4807405]","[-4.5, -3.0, -2.5, -2.0, -2.0, -2.0, -1.5, -1.5]","[3.0, 3.5]","[3.0, 3.4641016]","[-4.5, -1.5]","[3.5, 6.0]","[2.4494898, 6.0]","[0.5, 6.0]","[3.5, 6.0]","[2.4494898, 6.0]","[0.5, 6.0]",0,2,0,0,0.0,0.0,0
697,5,2,2,"[0.0, 0.5, 1.0, 1.0, 2.0, 2.5, 3.0, 3.5, 4.0, 6.5]","[0.0, 0.0, 0.0, 0.0, 0.0, 0.0, 2.0, 3.4641016, 3.8729835, 6.0]","[1.5, 2.0, 2.0, 2.5, 3.0]","[0.0, 1.4142135, 2.0, 2.0, 2.236068]","[-5.0, -5.0, -3.0, -2.5, -2.0]","[1.5, 2.5]","[1.4142135, 2.0]","[-3.0, -2.0]","[5.0, 5.5]","[4.8989797, 5.477226]","[-1.0, 3.5]","[5.0, 5.5]","[4.8989797, 5.477226]","[-1.0, 3.5]",0,2,0,0,0.0,0.0,1
70237,11,4,1,"[0.0, 0.0, 1.0, 1.5, 3.0, 5.0, 5.0, 6.5, 6.5, 7.5]","[0.0, 0.0, 1.0, 1.4142135, 2.236068, 4.0, 4.582576, 6.0, 6.4807405, 7.3484693]","[1.0, 1.5, 2.5, 2.5, 3.5, 4.0, 4.0, 5.0, 5.0, 5.5, 6.0]","[1.0, 1.4142135, 2.0, 2.4494898, 3.4641016, 3.4641016, 3.4641016, 4.0, 5.0, 5.477226, 5.91608]","[-5.5, -4.0, -4.0, -3.5, -3.5, -3.0, -3.0, -2.5, -2.5, -2.0, -2.0]","[1.0, 1.5, 4.0, 6.0]","[1.0, 1.4142135, 3.4641016, 5.91608]","[-4.0, -3.5, -3.0, -2.0]","[3.5, 5.5, 6.0, 6.0]","[0.0, 5.477226, 5.656854, 5.91608]","[-3.0, -2.5, 0.5, 1.5]",[5.0],[3.0],[-0.5],3,0,1,0,3.0,0.0,0
78939,12,4,2,"[0.0, 0.5, 0.5, 1.0, 1.0, 3.5, 6.0, 6.0, 6.5, 6.5]","[0.0, 0.0, 0.0, 0.0, 0.0, 1.0, 5.91608, 5.91608, 6.0, 6.0]","[2.0, 2.0, 2.5, 2.5, 2.5, 3.0, 3.0, 4.0, 4.5, 4.5, 5.0, 5.5]","[0.0, 0.0, 2.0, 2.0, 2.4494898, 2.828427, 3.0, 3.0, 3.8729835, 4.2426405, 4.8989797, 5.477226]","[-4.5, -4.5, -4.0, -3.5, -3.5, -3.5, -3.0, -3.0, -2.5, -2.0, -2.0, -1.5]","[2.0, 2.0, 2.5, 4.0]","[0.0, 2.0, 2.0, 3.8729835]","[-4.0, -3.0, -3.0, -2.0]","[1.0, 1.5, 2.5, 8.5]","[0.0, 1.4142135, 2.4494898, 8.485281]","[-4.5, -1.5, -0.5, 1.5]","[1.5, 8.5]","[1.4142135, 8.485281]","[-0.5, 4.0]",2,1,1,0,2.0,0.0,0
692,6,4,3,"[0.5, 0.5, 1.5, 1.5, 2.5, 3.0, 3.0, 4.0, 4.5, 6.5]","[0.0, 0.0, 0.0, 0.0, 2.236068, 2.4494898, 2.6457512, 2.828427, 3.0, 6.4807405]","[0.5, 1.0, 1.5, 1.5, 1.5, 3.5]","[0.0, 0.0, 0.0, 0.0, 1.4142135, 1.4142135]","[-4.0, -4.0, -4.0, -3.5, -3.0, -1.5]","[0.5, 1.0, 1.5, 1.5]","[0.0, 0.0, 0.0, 1.4142135]","[-4.0, -4.0, -4.0, -3.5]","[2.5, 6.0, 6.5, 8.5]","[2.4494898, 5.656854, 6.4807405, 8.485281]","[0.5, 3.0, 4.5, 6.0]","[2.5, 2.5, 6.5]","[0.0, 2.4494898, 6.4807405]","[0.5, 2.0, 6.0]",1,2,1,0,1.0,0.0,1
6763,7,2,2,"[0.5, 0.5, 1.0, 1.5, 1.5, 2.5, 3.0, 5.5, 6.0, 6.0]","[0.0, 0.0, 0.0, 0.0, 0.0, 1.4142135, 2.0, 5.196152, 5.477226, 5.656854]","[1.0, 1.5, 3.0, 3.0, 3.5, 4.0, 4.5]","[0.0, 0.0, 0.0, 0.0, 2.828427, 3.8729835, 4.2426405]","[-4.0, -3.5, -3.0, -3.0, -2.0, -1.5, -1.0]","[1.0, 4.5]","[0.0, 4.2426405]","[-4.0, -1.5]","[2.5, 5.0]","[0.0, 4.0]","[-1.0, 4.5]","[2.5, 5.0]","[0.0, 4.0]","[-1.0, 4.5]",0,2,0,0,0.0,0.0,0
5,3,2,2,"[0.0, 1.0, 1.0, 1.0, 1.5, 1.5, 3.5, 4.5, 5.0, 5.5]","[0.0, 0.0, 0.0, 1.0, 1.4142135, 1.4142135, 3.4641016, 3.7416575, 4.8989797, 4.8989797]","[1.0, 1.0, 4.0]","[0.0, 0.0, 3.8729835]","[-3.0, -3.0, -2.5]","[1.0, 1.0]","[0.0, 0.0]","[-3.0, -3.0]","[4.0, 8.0]","[0.0, 7.937254]","[2.5, 6.0]","[4.0, 8.0]","[0.0, 7.937254]","[2.5, 6.0]",0,2,0,0,0.0,0.0,1
785,4,1,1,"[0.0, 0.5, 1.0, 1.5, 1.5, 2.0, 2.5, 4.0, 4.0, 5.5]","[0.0, 0.0, 0.0, 0.0, 0.0, 1.0, 1.4142135, 1.7320508, 3.8729835, 4.8989797]","[1.5, 1.5, 2.0, 4.0]","[1.4142135, 1.4142135, 1.7320508, 3.4641016]","[-5.0, -3.5, -3.5, -1.5]",[1.5],[1.4142135],[-5.0],[6.5],[6.0],[5.0],[6.5],[6.0],[5.0],0,1,0,0,0.0,0.0,1
44108,2,2,2,"[0.5, 0.5, 1.0, 1.0, 1.0, 1.5, 2.0, 3.0, 4.0, 5.5]","[0.0, 0.0, 0.0, 0.0, 0.0, 0.0, 0.0, 1.0, 2.828427, 5.477226]","[1.5, 4.0]","[0.0, 4.0]","[-2.5, -1.5]","[1.5, 4.0]","[0.0, 4.0]","[-2.5, -1.5]","[3.5, 4.5]","[0.0, 3.7416575]","[0.5, 4.5]","[3.5, 4.5]","[0.0, 3.7416575]","[0.5, 4.5]",0,2,0,0,0.0,0.0,0
379,10,3,2,"[0.5, 1.0, 1.0, 1.5, 3.0, 3.0, 5.5, 6.0, 7.0, 7.0]","[0.0, 0.0, 0.0, 0.0, 1.0, 2.828427, 4.2426405, 5.91608, 6.928203, 6.928203]","[1.0, 2.0, 2.0, 2.5, 3.0, 3.5, 4.0, 4.0, 4.5, 4.5]","[0.0, 0.0, 1.0, 2.236068, 2.4494898, 2.4494898, 2.828427, 3.4641016, 3.7416575, 3.8729835]","[-5.5, -5.5, -4.5, -3.5, -3.5, -3.5, -3.0, -2.0, -2.0, -2.0]","[1.0, 2.5, 3.5]","[1.0, 2.4494898, 2.4494898]","[-5.5, -3.5, -3.0]","[2.0, 4.0, 5.0]","[0.0, 0.0, 4.0]","[-4.5, -0.5, 2.0]","[5.0, 6.0]","[4.0, 5.91608]","[1.0, 2.0]",1,1,1,0,1.0,0.0,1
971,3,2,2,"[0.0, 0.5, 0.5, 1.0, 1.0, 1.5, 2.5, 3.0, 3.5, 6.5]","[0.0, 0.0, 0.0, 0.0, 0.0, 0.0, 0.0, 0.0, 0.0, 6.4807405]","[1.0, 1.5, 3.5]","[0.0, 0.0, 3.1622777]","[-5.0, -3.0, -2.0]","[1.0, 1.5]","[0.0, 0.0]","[-5.0, -3.0]","[5.0, 6.0]","[4.8989797, 5.196152]","[1.5, 6.0]","[5.0, 6.0]","[4.8989797, 5.196152]","[1.5, 6.0]",0,2,0,0,0.0,0.0,1
654,3,2,2,"[0.0, 0.5, 0.5, 2.0, 2.0, 2.0, 2.5, 3.0, 4.0, 4.5]","[0.0, 0.0, 0.0, 0.0, 0.0, 0.0, 0.0, 1.7320508, 3.7416575, 4.0]","[2.5, 2.5, 3.0]","[0.0, 2.4494898, 3.0]","[-2.0, -1.5, -1.0]","[2.5, 3.0]","[2.4494898, 3.0]","[-2.0, -1.0]","[4.0, 6.5]","[2.6457512, 6.4807405]","[1.5, 6.5]","[4.0, 6.5]","[2.6457512, 6.4807405]","[1.5, 6.5]",0,2,0,0,0.0,0.0,1
159,4,3,2,"[0.5, 0.5, 0.5, 1.0, 1.5, 1.5, 4.0, 5.5, 5.5, 8.0]","[0.0, 0.0, 0.0, 0.0, 0.0, 1.4142135, 2.6457512, 5.2915025, 5.477226, 8.0]","[1.5, 2.0, 3.0, 4.0]","[0.0, 0.0, 0.0, 3.4641016]","[-4.5, -3.0, -2.0, -1.0]","[1.5, 3.0, 4.0]","[0.0, 0.0, 3.4641016]","[-3.0, -2.0, -1.0]","[0.5, 5.5, 6.5]","[0.0, 5.2915025, 6.3245554]","[-1.5, -1.0, 4.0]","[4.5, 5.5]","[0.0, 5.2915025]","[0.5, 4.0]",1,1,1,0,1.0,0.0,1
973,7,2,1,"[0.0, 0.5, 0.5, 1.0, 3.0, 3.5, 4.0, 4.5, 5.5, 8.0]","[0.0, 0.0, 0.0, 0.0, 0.0, 0.0, 3.4641016, 4.2426405, 4.8989797, 7.937254]","[2.0, 2.0, 2.0, 3.0, 3.5, 4.5, 4.5]","[0.0, 1.7320508, 1.7320508, 2.4494898, 2.828427, 3.7416575, 4.2426405]","[-5.0, -4.5, -3.5, -3.0, -3.0, -2.0, -2.0]","[2.0, 4.5]","[1.7320508, 3.7416575]","[-3.5, -3.0]","[3.5, 6.0]","[2.4494898, 5.656854]","[-3.0, 0.0]",[3.5],[3.1622777],[-1.0],1,0,1,0,1.0,0.0,1
70407,5,2,2,"[0.5, 1.0, 1.5, 2.0, 2.0, 2.5, 2.5, 2.5, 4.5, 6.0]","[0.0, 0.0, 0.0, 0.0, 1.0, 1.4142135, 1.7320508, 2.0, 2.4494898, 5.656854]","[1.0, 1.0, 1.5, 3.5, 4.0]","[0.0, 0.0, 0.0, 0.0, 3.4641016]","[-5.0, -3.5, -3.0, -2.5, -2.0]","[1.0, 3.5]","[0.0, 0.0]","[-5.0, -2.5]","[4.0, 5.0]","[2.6457512, 3.0]","[2.0, 3.5]","[4.0, 5.0]","[2.6457512, 3.0]","[2.0, 3.5]",0,2,0,0,0.0,0.0,0
549,5,3,2,"[0.0, 0.5, 1.0, 1.0, 1.5, 3.0, 3.5, 3.5, 5.0, 5.5]","[0.0, 0.0, 0.0, 0.0, 1.0, 2.236068, 2.4494898, 2.4494898, 4.8989797, 5.2915025]","[0.5, 1.5, 2.0, 2.5, 3.0]","[0.0, 0.0, 0.0, 2.0, 3.0]","[-6.0, -3.0, -3.0, -1.0, -1.0]","[0.5, 1.5, 2.5]","[0.0, 0.0, 0.0]","[-6.0, -1.0, -1.0]","[2.5, 3.0, 3.5]","[0.0, 2.4494898, 3.0]","[-3.0, 1.0, 2.0]","[2.5, 3.5]","[0.0, 3.4641016]","[0.5, 2.0]",1,1,1,0,1.0,0.0,1
85838,4,3,2,"[0.5, 0.5, 1.5, 2.0, 2.5, 2.5, 3.0, 3.5, 4.5, 4.5]","[0.0, 0.0, 0.0, 0.0, 1.7320508, 2.0, 2.0, 2.828427, 3.4641016, 4.2426405]","[1.0, 2.0, 2.5, 3.5]","[0.0, 0.0, 1.7320508, 2.0]","[-3.5, -3.0, -3.0, -2.5]","[1.0, 2.0, 2.5]","[0.0, 1.7320508, 2.0]","[-3.5, -3.0, -2.5]","[5.0, 5.0, 5.5]","[4.582576, 4.8989797, 4.8989797]","[1.5, 3.5, 5.0]","[5.0, 7.0]","[4.582576, 6.928203]","[5.0, 5.0]",1,1,1,0,1.0,0.0,0
76873,10,3,2,"[0.0, 0.0, 1.0, 1.5, 2.5, 3.0, 3.0, 4.0, 6.0, 8.0]","[0.0, 0.0, 0.0, 0.0, 0.0, 1.4142135, 2.236068, 3.4641016, 5.656854, 7.937254]","[1.0, 1.0, 1.0, 2.0, 2.0, 2.5, 3.0, 3.5, 5.5, 5.5]","[0.0, 0.0, 0.0, 1.7320508, 2.0, 2.236068, 2.4494898, 3.4641016, 5.2915025, 5.2915025]","[-6.0, -3.5, -3.5, -3.5, -3.0, -3.0, -3.0, -3.0, -2.0, -2.0]","[1.0, 1.0, 3.0]","[0.0, 0.0, 2.236068]","[-6.0, -3.5, -3.0]","[4.0, 6.0, 7.5]","[3.8729835, 6.0, 7.3484693]","[-0.5, 3.0, 3.0]","[6.0, 7.5]","[5.656854, 7.3484693]","[3.0, 4.5]",1,1,1,0,1.0,0.0,0
35701,3,2,1,"[0.0, 0.0, 0.5, 0.5, 1.0, 2.0, 2.0, 2.5, 5.5, 8.0]","[0.0, 0.0, 0.0, 0.0, 1.0, 1.7320508, 2.0, 2.0, 4.8989797, 7.937254]","[2.5, 3.0, 4.5]","[0.0, 2.0, 3.7416575]","[-4.0, -2.5, -1.0]","[3.0, 4.5]","[0.0, 3.7416575]","[-4.0, -1.0]","[2.5, 7.0]","[2.4494898, 6.708204]","[-2.0, 2.0]",[4.5],[2.828427],[3.0],1,0,1,0,1.0,0.0,0
58153,9,3,2,"[0.0, 1.0, 1.0, 1.5, 2.0, 3.5, 4.0, 4.5, 5.0, 6.5]","[0.0, 0.0, 0.0, 1.0, 1.0, 1.4142135, 1.7320508, 2.4494898, 4.8989797, 6.4807405]","[1.0, 2.5, 3.0, 3.0, 3.5, 3.5, 4.5, 4.5, 5.0]","[0.0, 0.0, 0.0, 2.828427, 3.1622777, 3.4641016, 4.2426405, 4.472136, 4.582576]","[-5.0, -4.5, -4.5, -4.0, -2.5, -2.5, -2.0, -2.0, -1.5]","[1.0, 2.5, 3.0]","[0.0, 0.0, 2.828427]","[-4.5, -4.0, -1.5]","[1.5, 4.5, 6.5]","[0.0, 4.2426405, 6.4807405]","[-2.5, 3.5, 4.0]","[4.5, 8.0]","[4.2426405, 7.937254]","[4.0, 7.5]",1,1,1,0,1.0,0.0,0
672,4,1,1,"[0.0, 0.5, 1.0, 1.5, 2.0, 2.5, 3.0, 3.0, 3.0, 6.0]","[0.0, 0.0, 0.0, 0.0, 0.0, 1.4142135, 2.236068, 2.828427, 2.828427, 5.196152]","[2.0, 2.5, 5.5, 5.5]","[0.0, 2.0, 4.8989797, 5.2915025]","[-4.5, -2.5, -1.5, -1.0]",[2.5],[0.0],[-4.5],[6.5],[6.0],[5.0],[6.5],[6.0],[5.0],0,1,0,0,0.0,0.0,1
19765,5,2,1,"[1.0, 1.0, 1.0, 1.5, 1.5, 2.0, 3.0, 4.0, 5.5, 7.0]","[0.0, 0.0, 0.0, 0.0, 0.0, 1.4142135, 1.7320508, 2.6457512, 5.2915025, 7.0]","[1.0, 1.0, 2.5, 3.0, 4.0]","[0.0, 0.0, 2.4494898, 2.828427, 3.8729835]","[-4.5, -4.0, -3.0, -2.5, -2.0]","[1.0, 1.0]","[0.0, 0.0]","[-4.5, -4.0]","[4.5, 6.5]","[4.472136, 6.4807405]","[0.5, 4.5]",[7.5],[7.3484693],[7.0],1,0,1,0,1.0,0.0,0
89399,8,3,2,"[0.0, 0.5, 2.0, 2.0, 2.5, 3.5, 3.5, 4.0, 5.5, 5.5]","[0.0, 0.0, 0.0, 0.0, 0.0, 2.0, 3.1622777, 3.4641016, 5.2915025, 5.477226]","[1.0, 1.0, 1.5, 1.5, 1.5, 2.0, 3.5, 4.5]","[0.0, 0.0, 0.0, 0.0, 1.4142135, 1.4142135, 2.4494898, 4.472136]","[-4.5, -4.0, -3.5, -3.0, -1.5, -1.5, -1.0, -1.0]","[1.0, 1.5, 1.5]","[0.0, 1.4142135, 1.4142135]","[-4.5, -4.0, -3.0]","[2.5, 3.0, 3.5]","[0.0, 2.4494898, 3.0]","[-0.5, 0.0, 0.5]","[3.5, 7.0]","[0.0, 6.928203]","[0.0, 7.0]",1,1,1,0,1.0,0.0,0
373,7,3,3,"[0.5, 0.5, 1.0, 1.5, 2.5, 3.5, 3.5, 4.5, 5.5, 8.0]","[0.0, 0.0, 0.0, 1.4142135, 2.4494898, 2.828427, 3.1622777, 3.1622777, 5.2915025, 7.937254]","[1.0, 1.5, 2.0, 2.0, 2.5, 3.0, 3.5]","[0.0, 1.0, 2.0, 2.0, 2.0, 2.828427, 3.1622777]","[-4.0, -4.0, -4.0, -4.0, -3.0, -3.0, -2.5]","[1.0, 2.5, 3.0]","[1.0, 2.0, 2.828427]","[-4.0, -4.0, -3.0]","[5.5, 7.5, 7.5]","[5.2915025, 7.483315, 7.483315]","[1.0, 4.0, 5.5]","[5.5, 7.5, 7.5]","[5.2915025, 7.483315, 7.483315]","[1.0, 4.0, 5.5]",0,3,0,0,0.0,0.0,1
863,1,1,1,"[0.0, 0.5, 1.0, 1.0, 1.5, 2.0, 2.0, 2.5, 4.0, 5.0]","[0.0, 0.0, 0.0, 0.0, 0.0, 0.0, 0.0, 1.0, 2.0, 4.8989797]",[2.5],[0.0],[-1.0],[2.5],[0.0],[-1.0],[2.5],[2.4494898],[0.0],[2.5],[2.4494898],[0.0],0,1,0,0,0.0,0.0,1
580,2,1,1,"[0.5, 0.5, 1.0, 2.0, 2.0, 2.0, 3.0, 3.0, 4.0, 5.5]","[0.0, 0.0, 0.0, 0.0, 0.0, 0.0, 1.7320508, 1.7320508, 4.0, 4.2426405]","[0.5, 4.5]","[0.0, 4.2426405]","[-2.0, -2.0]",[0.5],[0.0],[-2.0],[0.5],[0.0],[-1.5],[0.5],[0.0],[-1.5],0,1,0,0,0.0,0.0,1
39,9,3,2,"[0.5, 1.0, 1.5, 1.5, 2.0, 2.5, 2.5, 4.5, 4.5, 8.5]","[0.0, 0.0, 0.0, 0.0, 0.0, 0.0, 1.7320508, 2.0, 3.7416575, 8.485281]","[1.5, 1.5, 2.0, 2.5, 3.0, 3.0, 3.5, 4.0, 5.0]","[0.0, 1.4142135, 1.7320508, 2.236068, 2.4494898, 2.828427, 3.1622777, 3.4641016, 4.8989797]","[-5.5, -4.5, -4.5, -4.5, -4.0, -3.0, -2.5, -1.0, -1.0]","[1.5, 1.5, 2.0]","[0.0, 1.4142135, 1.7320508]","[-4.5, -2.5, -1.0]","[3.0, 3.5, 4.0]","[0.0, 0.0, 3.4641016]","[-0.5, 1.5, 3.0]","[3.5, 5.0]","[0.0, 3.0]","[3.0, 3.5]",1,1,1,0,1.0,0.0,1
85743,2,2,2,"[0.0, 0.0, 0.5, 1.0, 1.5, 1.5, 1.5, 3.5, 4.5, 5.0]","[0.0, 0.0, 0.0, 0.0, 0.0, 0.0, 0.0, 2.4494898, 2.828427, 4.0]","[3.0, 4.5]","[2.828427, 4.2426405]","[-2.5, -2.5]","[3.0, 4.5]","[2.828427, 4.2426405]","[-2.5, -2.5]","[1.5, 6.0]","[1.4142135, 5.91608]","[0.5, 5.0]","[1.5, 6.0]","[1.4142135, 5.91608]","[0.5, 5.0]",0,2,0,0,0.0,0.0,0
46173,12,6,2,"[0.0, 1.0, 1.5, 2.0, 2.5, 3.5, 4.5, 5.0, 5.5, 9.0]","[0.0, 0.0, 0.0, 1.4142135, 1.7320508, 2.828427, 3.4641016, 4.8989797, 4.8989797, 9.0]","[1.0, 1.0, 2.0, 2.0, 2.5, 3.5, 3.5, 3.5, 3.5, 4.5, 4.5, 5.5]","[0.0, 0.0, 0.0, 1.0, 1.7320508, 1.7320508, 2.4494898, 2.828427, 3.1622777, 3.4641016, 4.2426405, 5.477226]","[-5.0, -5.0, -3.5, -3.5, -3.0, -2.5, -2.5, -2.0, -2.0, -1.5, -1.0, -1.0]","[1.0, 1.0, 2.0, 2.0, 2.5, 3.5]","[0.0, 0.0, 1.0, 1.7320508, 1.7320508, 3.1622777]","[-5.0, -3.5, -3.5, -3.0, -2.0, -2.0]","[1.5, 3.5, 4.0, 4.5, 5.5, 8.0]","[0.0, 3.1622777, 4.0, 4.472136, 5.2915025, 7.937254]","[-3.5, -2.0, -1.0, 1.5, 3.0, 4.5]","[3.0, 3.5]","[0.0, 2.4494898]","[1.0, 3.0]",4,0,2,0,2.0,0.0,0
46352,6,2,1,"[0.0, 0.0, 0.5, 1.0, 1.0, 1.5, 2.0, 3.5, 7.0, 8.5]","[0.0, 0.0, 0.0, 0.0, 1.0, 1.4142135, 1.7320508, 3.1622777, 6.928203, 8.485281]","[1.0, 2.5, 3.0, 3.5, 3.5, 4.0]","[0.0, 2.0, 2.236068, 2.6457512, 3.1622777, 3.4641016]","[-5.0, -4.0, -3.5, -3.0, -2.0, -2.0]","[2.5, 3.5]","[2.0, 3.1622777]","[-5.0, -3.0]","[4.0, 6.0]","[2.6457512, 5.91608]","[-4.0, 0.5]",[3.0],[2.236068],[-2.0],1,0,1,0,1.0,0.0,0
372,8,3,3,"[0.0, 0.5, 1.0, 2.0, 3.0, 3.5, 4.0, 4.5, 5.0, 6.5]","[0.0, 0.0, 0.0, 0.0, 0.0, 2.4494898, 4.0, 4.0, 4.472136, 6.4807405]","[0.5, 1.0, 1.0, 1.0, 3.0, 3.0, 3.5, 4.5]","[0.0, 0.0, 0.0, 1.0, 2.828427, 3.0, 3.1622777, 4.472136]","[-4.0, -4.0, -4.0, -3.0, -3.0, -2.0, -2.0, -2.0]","[0.5, 1.0, 4.5]","[0.0, 0.0, 4.472136]","[-3.0, -3.0, -2.0]","[3.5, 4.0, 6.0]","[0.0, 3.4641016, 6.0]","[-0.5, 2.0, 3.5]","[3.5, 4.0, 6.0]","[0.0, 3.4641016, 6.0]","[-0.5, 2.0, 3.5]",0,3,0,0,0.0,0.0,1
63504,2,2,1,"[0.0, 0.0, 0.0, 0.5, 1.5, 1.5, 2.0, 2.0, 3.5, 7.5]","[0.0, 0.0, 0.0, 0.0, 1.4142135, 1.4142135, 1.7320508, 1.7320508, 3.1622777, 7.483315]","[3.0, 4.0]","[0.0, 3.8729835]","[-2.5, -2.0]","[3.0, 4.0]","[0.0, 3.8729835]","[-2.5, -2.0]","[1.5, 4.0]","[0.0, 3.8729835]","[-3.0, -0.5]",[8.0],[8.0],[6.5],1,0,1,0,1.0,0.0,0
15,2,2,2,"[1.0, 1.0, 1.5, 2.0, 2.0, 2.5, 3.0, 3.0, 3.5, 4.0]","[0.0, 0.0, 0.0, 1.7320508, 1.7320508, 2.236068, 2.4494898, 2.4494898, 2.828427, 3.4641016]","[0.5, 1.5]","[0.0, 0.0]","[-2.0, -1.0]","[0.5, 1.5]","[0.0, 0.0]","[-2.0, -1.0]","[3.0, 7.5]","[0.0, 7.3484693]","[2.0, 5.0]","[3.0, 7.5]","[0.0, 7.3484693]","[2.0, 5.0]",0,2,0,0,0.0,0.0,1
230,6,2,2,"[0.5, 1.0, 1.0, 1.5, 1.5, 2.5, 3.5, 4.0, 5.5, 6.5]","[0.0, 0.0, 1.0, 1.4142135, 1.4142135, 2.4494898, 2.4494898, 2.6457512, 5.2915025, 6.4807405]","[0.5, 1.0, 1.5, 2.0, 3.5, 3.5]","[0.0, 0.0, 1.4142135, 2.0, 2.4494898, 3.4641016]","[-4.5, -3.5, -3.5, -3.5, -3.5, -1.5]","[0.5, 1.5]","[0.0, 1.4142135]","[-3.5, -3.5]","[3.5, 5.5]","[2.4494898, 4.2426405]","[0.5, 4.5]","[3.5, 5.5]","[2.4494898, 4.2426405]","[0.5, 4.5]",0,2,0,0,0.0,0.0,1
83318,4,4,3,"[0.5, 1.0, 1.0, 1.5, 1.5, 1.5, 3.0, 3.5, 3.5, 8.0]","[0.0, 0.0, 0.0, 1.0, 1.4142135, 1.4142135, 2.4494898, 2.828427, 3.4641016, 8.0]","[1.0, 1.0, 1.0, 3.0]","[0.0, 0.0, 0.0, 1.0]","[-4.0, -3.5, -2.5, -2.0]","[1.0, 1.0, 1.0, 3.0]","[0.0, 0.0, 0.0, 1.0]","[-4.0, -3.5, -2.5, -2.0]","[2.5, 4.5, 5.0, 7.0]","[0.0, 2.4494898, 4.0, 7.0]","[-2.5, 3.0, 3.0, 3.5]","[1.0, 4.5, 5.0]","[0.0, 1.0, 4.0]","[0.0, 3.0, 3.5]",1,2,1,0,1.0,0.0,0
10748,5,1,1,"[0.5, 1.0, 1.0, 1.0, 2.0, 2.5, 4.0, 4.0, 4.5, 4.5]","[0.0, 0.0, 0.0, 0.0, 0.0, 0.0, 1.7320508, 2.0, 2.828427, 3.8729835]","[1.5, 2.0, 2.5, 3.0, 5.0]","[0.0, 1.4142135, 2.0, 2.0, 4.582576]","[-7.0, -4.0, -4.0, -3.0, -3.0]",[1.5],[1.4142135],[-7.0],[6.5],[6.4807405],[6.5],[6.5],[6.4807405],[6.5],0,1,0,0,0.0,0.0,0
56137,5,4,2,"[0.0, 1.0, 2.0, 2.0, 2.5, 2.5, 2.5, 3.0, 5.0, 6.0]","[0.0, 0.0, 0.0, 0.0, 0.0, 1.7320508, 2.0, 2.828427, 4.582576, 6.0]","[1.0, 1.5, 2.5, 3.0, 3.5]","[0.0, 0.0, 1.0, 2.4494898, 3.4641016]","[-4.5, -2.5, -2.5, -2.0, -1.5]","[1.0, 1.5, 2.5, 3.0]","[0.0, 0.0, 1.0, 2.4494898]","[-4.5, -2.5, -2.5, -1.5]","[2.0, 6.0, 6.0, 8.0]","[0.0, 5.91608, 5.91608, 7.937254]","[-1.0, 1.0, 4.5, 6.5]","[5.5, 8.0]","[4.2426405, 7.937254]","[5.0, 6.5]",2,1,1,0,2.0,0.0,0
64,6,3,2,"[1.0, 1.0, 1.5, 2.0, 2.0, 2.5, 4.0, 4.0, 4.5, 5.0]","[0.0, 0.0, 0.0, 0.0, 0.0, 1.0, 2.6457512, 3.7416575, 3.8729835, 4.0]","[2.0, 2.0, 2.0, 3.0, 4.0, 4.0]","[0.0, 0.0, 0.0, 1.7320508, 3.4641016, 3.8729835]","[-4.0, -3.5, -3.0, -2.5, -1.5, -1.5]","[2.0, 2.0, 4.0]","[0.0, 1.7320508, 3.4641016]","[-4.0, -3.5, -1.5]","[5.5, 7.0, 8.0]","[4.2426405, 6.928203, 7.937254]","[0.0, 6.0, 6.5]","[4.5, 7.0]","[4.472136, 6.928203]","[2.5, 6.0]",1,1,1,0,1.0,0.0,1
89,5,4,2,"[0.0, 0.0, 1.0, 2.0, 2.5, 3.5, 4.5, 4.5, 5.0, 6.0]","[0.0, 0.0, 0.0, 0.0, 1.7320508, 3.1622777, 4.0, 4.2426405, 4.472136, 5.91608]","[2.0, 2.0, 3.0, 4.0, 4.0]","[0.0, 1.7320508, 2.236068, 2.6457512, 3.8729835]","[-4.0, -2.5, -2.5, -2.0, -1.0]","[2.0, 2.0, 3.0, 4.0]","[0.0, 1.7320508, 2.236068, 3.8729835]","[-4.0, -2.5, -2.0, -1.0]","[2.0, 4.0, 4.5, 6.5]","[0.0, 1.7320508, 3.8729835, 6.4807405]","[-2.5, -2.0, 2.0, 4.0]","[4.5, 6.5]","[0.0, 6.4807405]","[2.0, 4.0]",2,2,0,1,0.0,2.0,1
997,6,3,3,"[0.5, 1.0, 2.0, 2.0, 2.0, 2.5, 4.0, 4.5, 4.5, 6.0]","[0.0, 0.0, 0.0, 0.0, 1.7320508, 2.0, 2.828427, 3.8729835, 4.2426405, 5.196152]","[1.0, 3.0, 4.0, 4.0, 4.0, 4.5]","[0.0, 0.0, 2.6457512, 3.0, 3.7416575, 3.8729835]","[-3.5, -2.5, -2.5, -2.5, -1.5, -1.0]","[1.0, 4.0, 4.5]","[0.0, 2.6457512, 3.7416575]","[-2.5, -2.5, -2.5]","[4.0, 5.0, 5.5]","[2.6457512, 4.2426405, 5.0]","[2.5, 3.0, 4.5]","[4.0, 5.0, 5.5]","[2.6457512, 4.2426405, 5.0]","[2.5, 3.0, 4.5]",0,3,0,0,0.0,0.0,1
651,5,3,2,"[0.0, 0.5, 1.0, 1.0, 1.5, 4.0, 5.5, 6.0, 6.0, 7.0]","[0.0, 0.0, 0.0, 0.0, 0.0, 0.0, 5.196152, 5.196152, 5.2915025, 7.0]","[2.5, 2.5, 2.5, 4.5, 4.5]","[2.0, 2.4494898, 2.4494898, 3.7416575, 3.7416575]","[-4.0, -3.5, -3.5, -2.5, -1.5]","[2.5, 2.5, 4.5]","[2.0, 2.4494898, 3.7416575]","[-3.5, -2.5, -1.5]","[4.5, 5.0, 5.5]","[3.0, 3.7416575, 5.477226]","[-3.5, -0.5, 1.5]","[5.0, 6.5]","[3.0, 6.3245554]","[-1.5, 1.5]",1,1,1,0,1.0,0.0,1
35736,6,2,2,"[0.0, 0.0, 0.5, 1.5, 2.0, 3.0, 3.0, 4.5, 5.5, 7.5]","[0.0, 0.0, 0.0, 0.0, 0.0, 1.4142135, 2.236068, 4.472136, 5.2915025, 7.483315]","[2.5, 2.5, 2.5, 3.0, 3.5, 4.5]","[0.0, 2.0, 2.0, 2.4494898, 2.828427, 4.2426405]","[-4.0, -4.0, -3.5, -3.0, -2.5, -2.5]","[2.5, 2.5]","[2.0, 2.0]","[-4.0, -3.5]","[4.5, 7.0]","[0.0, 6.708204]","[1.0, 5.0]","[4.5, 7.0]","[0.0, 6.708204]","[1.0, 5.0]",0,2,0,0,0.0,0.0,0
40145,10,4,3,"[0.0, 0.5, 1.0, 2.0, 2.0, 2.5, 3.5, 4.0, 7.0, 7.5]","[0.0, 0.0, 0.0, 0.0, 0.0, 0.0, 0.0, 2.0, 6.928203, 7.483315]","[1.0, 2.0, 2.0, 2.5, 3.0, 3.5, 3.5, 3.5, 5.0, 6.0]","[0.0, 0.0, 0.0, 1.0, 1.7320508, 2.0, 3.1622777, 3.4641016, 4.8989797, 5.91608]","[-4.5, -4.5, -3.5, -3.5, -3.5, -3.0, -2.5, -2.0, -2.0, -1.5]","[1.0, 2.0, 2.5, 5.0]","[0.0, 1.0, 1.7320508, 4.8989797]","[-4.5, -3.5, -3.5, -3.0]","[4.5, 6.0, 7.5, 8.0]","[2.828427, 5.656854, 7.483315, 7.937254]","[3.0, 3.5, 4.0, 4.5]","[4.5, 6.0, 6.5]","[2.828427, 5.656854, 6.4807405]","[3.0, 4.0, 6.5]",1,2,1,0,1.0,0.0,0
33095,5,3,2,"[0.0, 0.0, 0.5, 0.5, 1.0, 3.5, 4.5, 4.5, 5.5, 6.0]","[0.0, 0.0, 0.0, 0.0, 0.0, 0.0, 3.4641016, 4.2426405, 5.2915025, 5.656854]","[1.0, 1.5, 2.0, 3.0, 4.5]","[0.0, 0.0, 1.4142135, 2.828427, 4.2426405]","[-6.0, -6.0, -3.5, -3.0, -2.0]","[1.0, 1.5, 2.0]","[0.0, 0.0, 1.4142135]","[-6.0, -6.0, -2.0]","[5.0, 7.0, 8.5]","[4.0, 7.0, 8.485281]","[1.0, 3.0, 5.0]","[5.0, 6.5]","[4.0, 6.0]","[3.0, 3.0]",1,1,1,0,1.0,0.0,0
321,4,3,2,"[0.0, 0.5, 1.0, 1.5, 2.0, 2.5, 3.0, 4.0, 4.0, 5.0]","[0.0, 0.0, 0.0, 0.0, 0.0, 1.4142135, 2.6457512, 3.0, 3.8729835, 5.0]","[1.0, 2.0, 2.0, 2.5]","[0.0, 0.0, 0.0, 2.4494898]","[-4.0, -3.0, -2.0, -2.0]","[1.0, 2.0, 2.0]","[0.0, 0.0, 0.0]","[-4.0, -3.0, -2.0]","[1.0, 4.5, 5.5]","[0.0, 1.0, 5.2915025]","[-0.5, -0.5, 2.5]","[1.0, 2.5]","[0.0, 1.0]","[-0.5, -0.5]",1,1,1,0,1.0,0.0,1
99919,1,1,1,"[0.5, 0.5, 1.0, 1.0, 1.0, 1.5, 1.5, 2.0, 2.5, 2.5]","[0.0, 0.0, 0.0, 0.0, 1.0, 1.0, 1.0, 1.4142135, 1.4142135, 1.7320508]",[2.0],[1.7320508],[-1.5],[2.0],[1.7320508],[-1.5],[4.5],[3.7416575],[4.0],[4.5],[3.7416575],[4.0],0,1,0,0,0.0,0.0,0
22960,3,2,2,"[0.0, 1.0, 1.5, 1.5, 2.5, 2.5, 2.5, 3.0, 4.5, 5.0]","[0.0, 0.0, 0.0, 0.0, 0.0, 0.0, 1.4142135, 2.828427, 3.7416575, 4.0]","[2.5, 3.0, 3.5]","[0.0, 2.4494898, 3.1622777]","[-4.0, -1.5, -1.5]","[2.5, 3.5]","[2.4494898, 3.1622777]","[-4.0, -1.5]","[7.0, 7.0]","[6.708204, 7.0]","[6.0, 6.0]","[7.0, 7.0]","[6.708204, 7.0]","[6.0, 6.0]",0,2,0,0,0.0,0.0,0
613,4,2,1,"[0.0, 0.5, 1.0, 1.5, 1.5, 2.0, 2.5, 4.0, 4.5, 5.5]","[0.0, 0.0, 0.0, 0.0, 0.0, 0.0, 1.4142135, 4.0, 4.2426405, 4.2426405]","[1.0, 2.5, 2.5, 3.5]","[0.0, 2.4494898, 2.4494898, 2.4494898]","[-4.0, -2.5, -2.0, -1.5]","[1.0, 2.5]","[0.0, 2.4494898]","[-2.0, -1.5]","[2.5, 6.0]","[0.0, 5.196152]","[-0.5, 4.0]",[7.0],[6.708204],[6.0],1,0,1,0,1.0,0.0,1
33786,3,2,2,"[0.0, 0.5, 1.0, 1.0, 1.5, 2.0, 2.0, 2.5, 2.5, 3.0]","[0.0, 0.0, 0.0, 0.0, 0.0, 0.0, 1.0, 1.7320508, 2.236068, 2.4494898]","[0.5, 1.5, 2.5]","[0.0, 0.0, 2.0]","[-3.0, -1.5, -1.0]","[0.5, 1.5]","[0.0, 0.0]","[-3.0, -1.5]","[2.0, 4.0]","[2.0, 2.6457512]","[1.5, 2.5]","[2.0, 4.0]","[2.0, 2.6457512]","[1.5, 2.5]",0,2,0,0,0.0,0.0,0
63455,7,3,3,"[0.5, 1.0, 1.0, 2.0, 2.5, 3.0, 3.0, 4.0, 5.0, 6.0]","[0.0, 0.0, 0.0, 0.0, 0.0, 0.0, 2.236068, 2.6457512, 4.0, 6.0]","[0.5, 1.5, 1.5, 2.0, 3.0, 3.5, 3.5]","[0.0, 0.0, 0.0, 0.0, 1.4142135, 1.4142135, 3.4641016]","[-5.5, -5.0, -4.0, -3.0, -3.0, -2.0, -1.5]","[0.5, 1.5, 2.0]","[0.0, 0.0, 1.4142135]","[-5.5, -5.0, -3.0]","[3.0, 3.0, 7.5]","[3.0, 3.0, 7.3484693]","[1.5, 3.0, 7.0]","[3.0, 3.0, 7.5]","[3.0, 3.0, 7.3484693]","[1.5, 3.0, 7.0]",0,3,0,0,0.0,0.0,0
18865,14,4,2,"[0.5, 1.5, 2.0, 2.5, 3.0, 4.5, 5.0, 5.0, 6.0, 7.0]","[0.0, 0.0, 0.0, 0.0, 1.7320508, 3.0, 3.7416575, 4.8989797, 5.91608, 6.928203]","[0.5, 2.0, 2.0, 3.0, 3.5, 3.5, 4.0, 4.0, 4.0, 4.5, 4.5, 5.0, 5.0, 5.5]","[0.0, 0.0, 1.7320508, 2.236068, 2.4494898, 2.828427, 3.1622777, 3.4641016, 3.7416575, 3.8729835, 4.0, 4.582576, 4.8989797, 5.477226]","[-5.5, -5.0, -3.5, -3.5, -2.5, -2.5, -2.5, -2.5, -2.5, -2.5, -2.0, -2.0, -1.5, -1.0]","[0.5, 2.0, 3.0, 3.5]","[0.0, 1.7320508, 2.236068, 2.4494898]","[-5.5, -5.0, -3.5, -2.0]","[2.0, 4.0, 5.0, 6.5]","[0.0, 3.8729835, 5.0, 6.3245554]","[-2.5, -2.0, 1.5, 4.0]","[5.0, 7.5]","[5.0, 7.3484693]","[4.0, 4.0]",2,1,1,0,2.0,0.0,0
323,10,3,2,"[0.0, 0.5, 0.5, 1.5, 3.0, 4.5, 4.5, 4.5, 4.5, 5.5]","[0.0, 0.0, 0.0, 0.0, 0.0, 0.0, 3.7416575, 3.7416575, 4.2426405, 4.8989797]","[0.5, 2.0, 2.0, 2.5, 3.0, 3.5, 3.5, 4.0, 4.0, 4.5]","[0.0, 0.0, 0.0, 0.0, 0.0, 2.0, 2.828427, 3.1622777, 4.0, 4.2426405]","[-5.5, -4.5, -4.5, -4.0, -4.0, -3.5, -3.5, -3.0, -2.5, -1.0]","[0.5, 2.5, 3.0]","[0.0, 0.0, 2.828427]","[-5.5, -4.5, -4.0]","[4.0, 7.0, 7.5]","[4.0, 6.708204, 7.3484693]","[2.5, 3.0, 5.5]","[1.5, 4.0]","[0.0, 4.0]","[0.5, 3.0]",1,1,1,0,1.0,0.0,1
91610,8,3,3,"[0.5, 1.0, 1.0, 1.5, 1.5, 1.5, 2.5, 4.0, 4.0, 4.5]","[0.0, 0.0, 0.0, 0.0, 0.0, 1.0, 1.0, 1.4142135, 3.8729835, 4.472136]","[0.5, 1.5, 2.0, 2.0, 2.5, 3.5, 3.5, 5.0]","[0.0, 0.0, 0.0, 1.7320508, 2.4494898, 3.1622777, 3.4641016, 4.582576]","[-3.0, -2.5, -2.5, -2.5, -2.5, -2.0, -2.0, -1.5]","[0.5, 1.5, 2.5]","[0.0, 0.0, 2.4494898]","[-3.0, -2.5, -2.5]","[4.5, 5.5, 6.5]","[0.0, 4.8989797, 6.3245554]","[2.5, 4.5, 4.5]","[4.5, 5.5, 6.5]","[0.0, 4.8989797, 6.3245554]","[2.5, 4.5, 4.5]",0,3,0,0,0.0,0.0,0
42,2,1,1,"[0.0, 0.0, 0.0, 1.5, 1.5, 2.0, 2.5, 2.5, 4.0, 5.0]","[0.0, 0.0, 0.0, 0.0, 0.0, 0.0, 2.0, 2.0, 3.8729835, 4.8989797]","[1.5, 3.5]","[1.4142135, 3.1622777]","[-2.0, -1.5]",[1.5],[1.4142135],[-2.0],[6.0],[5.196152],[5.5],[6.0],[5.196152],[5.5],0,1,0,0,0.0,0.0,1
223,7,2,2,"[0.0, 0.0, 1.0, 2.5, 3.5, 4.0, 4.0, 4.5, 5.0, 5.5]","[0.0, 0.0, 0.0, 0.0, 0.0, 1.0, 3.4641016, 4.0, 4.472136, 5.2915025]","[0.5, 1.5, 2.0, 2.5, 2.5, 4.0, 4.0]","[0.0, 1.4142135, 1.7320508, 2.0, 2.4494898, 3.4641016, 3.8729835]","[-6.5, -6.0, -5.5, -4.5, -3.5, -2.5, -2.0]","[0.5, 2.5]","[0.0, 2.4494898]","[-6.5, -5.5]","[3.0, 8.5]","[0.0, 8.485281]","[2.0, 6.5]","[3.0, 8.5]","[0.0, 8.485281]","[2.0, 6.5]",0,2,0,0,0.0,0.0,1
3214,4,2,1,"[0.0, 0.5, 0.5, 0.5, 2.0, 2.0, 3.5, 5.0, 6.5, 6.5]","[0.0, 0.0, 0.0, 0.0, 1.7320508, 2.0, 2.4494898, 5.0, 6.0, 6.4807405]","[2.5, 2.5, 4.0, 4.5]","[0.0, 2.0, 2.828427, 3.4641016]","[-3.0, -3.0, -2.0, -1.5]","[2.5, 2.5]","[0.0, 2.0]","[-3.0, -2.0]","[4.0, 6.0]","[2.6457512, 5.91608]","[-3.0, 3.0]",[6.5],[6.0],[3.0],1,0,1,0,1.0,0.0,0
69385,6,4,1,"[0.5, 0.5, 1.0, 1.0, 1.5, 3.5, 4.0, 5.5, 6.0, 6.0]","[0.0, 0.0, 0.0, 0.0, 1.0, 3.4641016, 4.0, 5.477226, 5.656854, 5.91608]","[2.5, 2.5, 2.5, 3.0, 3.5, 3.5]","[0.0, 0.0, 0.0, 2.4494898, 3.4641016, 3.4641016]","[-4.0, -2.5, -2.0, -1.5, -1.5, -1.0]","[2.5, 2.5, 3.5, 3.5]","[0.0, 2.4494898, 3.4641016, 3.4641016]","[-4.0, -1.5, -1.5, -1.0]","[3.5, 3.5, 3.5, 6.0]","[3.1622777, 3.4641016, 3.4641016, 5.196152]","[-2.0, -1.5, -1.0, 3.0]",[3.0],[0.0],[0.5],3,0,1,1,1.0,2.0,0
22611,3,3,2,"[0.5, 0.5, 1.0, 1.5, 1.5, 2.5, 4.0, 4.5, 4.5, 4.5]","[0.0, 0.0, 0.0, 0.0, 0.0, 1.4142135, 2.0, 2.828427, 2.828427, 3.7416575]","[2.0, 4.5, 4.5]","[1.7320508, 3.7416575, 3.7416575]","[-3.0, -3.0, -1.0]","[2.0, 4.5, 4.5]","[1.7320508, 3.7416575, 3.7416575]","[-3.0, -3.0, -1.0]","[3.5, 5.0, 6.0]","[0.0, 3.0, 5.656854]","[-0.5, 4.5, 5.0]","[3.5, 5.0]","[3.0, 3.1622777]","[2.5, 5.0]",1,1,1,0,1.0,0.0,0
18,7,3,1,"[0.0, 0.0, 1.0, 1.5, 3.0, 3.0, 3.5, 4.5, 7.0, 8.5]","[0.0, 0.0, 0.0, 0.0, 0.0, 2.236068, 2.4494898, 2.828427, 6.928203, 8.485281]","[1.0, 2.0, 3.0, 3.0, 4.5, 4.5, 5.5]","[0.0, 0.0, 1.0, 1.7320508, 2.828427, 4.2426405, 5.2915025]","[-7.5, -4.0, -4.0, -2.5, -2.5, -2.0, -1.5]","[1.0, 2.0, 3.0]","[0.0, 1.0, 1.7320508]","[-7.5, -4.0, -1.5]","[4.0, 4.5, 7.0]","[2.828427, 3.8729835, 6.708204]","[-2.5, 0.0, 0.0]",[4.0],[2.6457512],[1.5],2,0,1,0,2.0,0.0,1
86808,16,4,1,"[0.0, 0.0, 2.5, 2.5, 3.0, 3.5, 4.5, 7.0, 7.5, 7.5]","[0.0, 0.0, 0.0, 0.0, 2.0, 3.1622777, 3.7416575, 7.0, 7.3484693, 7.483315]","[1.5, 2.0, 2.0, 2.5, 2.5, 2.5, 2.5, 2.5, 2.5, 3.0, 3.5, 3.5, 4.5, 5.0, 5.0, 6.5]","[0.0, 0.0, 0.0, 1.4142135, 1.7320508, 2.0, 2.0, 2.4494898, 2.4494898, 2.4494898, 3.0, 3.4641016, 4.472136, 4.582576, 5.0, 6.4807405]","[-4.5, -4.5, -4.5, -4.0, -4.0, -4.0, -4.0, -3.5, -3.5, -3.0, -3.0, -2.5, -2.5, -2.0, -2.0, -1.5]","[1.5, 2.5, 2.5, 5.0]","[1.4142135, 2.0, 2.4494898, 4.582576]","[-4.5, -4.0, -3.5, -3.5]","[2.0, 4.5, 4.5, 6.5]","[1.7320508, 3.7416575, 4.472136, 6.4807405]","[-4.5, -1.5, -0.5, 1.0]",[2.5],[2.0],[1.5],3,0,1,0,3.0,0.0,0
77629,4,2,2,"[0.5, 0.5, 0.5, 1.0, 1.5, 2.5, 3.0, 4.0, 4.0, 5.5]","[0.0, 0.0, 0.0, 0.0, 0.0, 1.0, 2.0, 2.236068, 2.6457512, 4.2426405]","[1.0, 3.5, 5.0, 6.5]","[0.0, 3.1622777, 4.582576, 6.4807405]","[-4.0, -3.0, -2.5, -1.0]","[1.0, 3.5]","[0.0, 3.1622777]","[-4.0, -2.5]","[1.0, 7.0]","[0.0, 6.928203]","[0.0, 5.5]","[1.0, 7.0]","[0.0, 6.928203]","[0.0, 5.5]",0,2,0,0,0.0,0.0,0
65116,10,4,2,"[1.0, 1.0, 1.5, 2.0, 3.0, 3.0, 3.0, 3.5, 4.5, 7.5]","[0.0, 0.0, 0.0, 0.0, 1.4142135, 1.7320508, 2.236068, 3.0, 3.1622777, 7.483315]","[0.5, 1.5, 1.5, 2.5, 2.5, 2.5, 2.5, 3.0, 3.5, 3.5]","[0.0, 0.0, 0.0, 0.0, 1.4142135, 1.4142135, 2.0, 2.0, 3.4641016, 3.4641016]","[-5.5, -4.5, -3.0, -3.0, -3.0, -2.5, -2.5, -2.5, -1.5, -1.0]","[0.5, 2.5, 2.5, 3.5]","[0.0, 0.0, 2.0, 3.4641016]","[-4.5, -2.5, -2.5, -1.5]","[5.0, 5.5, 6.5, 7.5]","[4.0, 5.2915025, 6.4807405, 7.3484693]","[1.0, 2.5, 3.5, 5.5]","[0.5, 7.5]","[0.0, 7.3484693]","[-0.5, 5.5]",2,1,1,0,2.0,0.0,0
838,5,3,2,"[0.0, 0.0, 1.0, 1.5, 1.5, 2.0, 2.5, 3.5, 7.0, 8.0]","[0.0, 0.0, 0.0, 0.0, 0.0, 1.4142135, 2.4494898, 3.4641016, 6.928203, 7.937254]","[1.0, 1.5, 2.5, 4.0, 5.5]","[0.0, 0.0, 2.0, 2.6457512, 4.8989797]","[-3.0, -3.0, -3.0, -2.5, -2.0]","[1.0, 2.5, 4.0]","[0.0, 2.0, 2.6457512]","[-3.0, -2.5, -2.0]","[3.5, 3.5, 5.0]","[2.4494898, 2.4494898, 3.0]","[-3.0, -1.0, 0.5]","[3.0, 3.5]","[0.0, 2.4494898]","[-1.0, 0.0]",1,1,1,0,1.0,0.0,1
48418,11,4,3,"[0.0, 1.0, 1.0, 2.0, 2.5, 4.5, 6.0, 6.0, 6.5, 8.5]","[0.0, 0.0, 1.0, 1.0, 2.4494898, 3.7416575, 5.656854, 5.656854, 6.3245554, 8.485281]","[1.0, 1.0, 1.5, 1.5, 2.0, 2.0, 2.5, 2.5, 3.0, 5.0, 5.0]","[0.0, 0.0, 0.0, 0.0, 1.0, 1.4142135, 1.7320508, 2.0, 2.236068, 4.8989797, 4.8989797]","[-5.5, -5.0, -5.0, -4.5, -4.0, -4.0, -4.0, -3.0, -3.0, -2.0, -1.5]","[1.0, 1.5, 1.5, 3.0]","[0.0, 1.0, 1.4142135, 2.236068]","[-5.0, -4.5, -4.0, -1.5]","[4.0, 4.5, 5.0, 7.5]","[2.6457512, 2.828427, 3.0, 7.3484693]","[-1.0, 0.0, 1.5, 2.0]","[3.0, 4.0, 7.5]","[0.0, 2.6457512, 7.3484693]","[-1.0, 0.0, 1.5]",1,2,1,0,1.0,0.0,0
670,4,2,2,"[0.0, 0.5, 1.5, 2.0, 2.5, 3.0, 3.5, 4.0, 4.5, 7.5]","[0.0, 0.0, 0.0, 0.0, 2.4494898, 2.828427, 3.0, 3.4641016, 3.8729835, 7.483315]","[1.5, 3.5, 3.5, 4.5]","[0.0, 1.4142135, 3.1622777, 4.2426405]","[-4.5, -4.0, -2.0, -1.5]","[1.5, 3.5]","[0.0, 1.4142135]","[-4.0, -2.0]","[3.5, 7.5]","[3.1622777, 7.483315]","[0.5, 2.0]","[3.5, 7.5]","[3.1622777, 7.483315]","[0.5, 2.0]",0,2,0,0,0.0,0.0,1
46841,9,3,3,"[0.0, 0.5, 0.5, 2.0, 3.0, 3.0, 3.5, 4.5, 5.5, 5.5]","[0.0, 0.0, 0.0, 0.0, 0.0, 2.4494898, 2.828427, 2.828427, 4.8989797, 5.477226]","[0.5, 0.5, 1.5, 2.0, 2.0, 2.5, 3.0, 3.5, 4.0]","[0.0, 0.0, 1.4142135, 1.7320508, 2.0, 2.0, 2.828427, 3.4641016, 3.8729835]","[-8.0, -4.5, -4.5, -4.0, -3.5, -3.5, -2.5, -2.0, -1.5]","[0.5, 0.5, 2.0]","[0.0, 0.0, 2.0]","[-8.0, -4.0, -2.0]","[2.0, 3.0, 7.0]","[1.7320508, 2.828427, 7.0]","[0.0, 1.0, 5.5]","[2.0, 3.0, 7.0]","[1.7320508, 2.828427, 7.0]","[0.0, 1.0, 5.5]",0,3,0,0,0.0,0.0,0
54727,3,2,2,"[0.0, 0.5, 0.5, 1.5, 1.5, 2.0, 2.5, 3.5, 4.0, 5.0]","[0.0, 0.0, 0.0, 0.0, 0.0, 0.0, 0.0, 2.0, 3.4641016, 4.8989797]","[0.5, 1.5, 3.0]","[0.0, 0.0, 1.4142135]","[-5.0, -3.5, -1.5]","[0.5, 1.5]","[0.0, 1.4142135]","[-5.0, -1.5]","[4.0, 4.5]","[2.6457512, 4.2426405]","[4.0, 4.0]","[4.0, 4.5]","[2.6457512, 4.2426405]","[4.0, 4.0]",0,2,0,0,0.0,0.0,0
34091,6,3,3,"[0.5, 0.5, 0.5, 1.5, 2.0, 3.0, 3.5, 4.0, 6.0, 8.5]","[0.0, 0.0, 0.0, 0.0, 0.0, 1.4142135, 2.828427, 3.4641016, 6.0, 8.485281]","[0.5, 1.0, 2.0, 2.0, 2.5, 5.0]","[0.0, 0.0, 0.0, 1.7320508, 1.7320508, 5.0]","[-5.5, -5.5, -5.5, -4.0, -3.0, -1.5]","[0.5, 2.0, 5.0]","[0.0, 1.7320508, 5.0]","[-4.0, -3.0, -1.5]","[1.0, 3.5, 4.5]","[0.0, 3.4641016, 4.2426405]","[-2.0, -1.0, 2.5]","[1.0, 3.5, 4.5]","[0.0, 3.4641016, 4.2426405]","[-2.0, -1.0, 2.5]",0,3,0,0,0.0,0.0,0
211,4,3,1,"[0.5, 0.5, 0.5, 1.0, 1.0, 1.0, 3.0, 5.5, 6.0, 6.5]","[0.0, 0.0, 0.0, 0.0, 0.0, 0.0, 2.236068, 4.8989797, 5.656854, 6.3245554]","[2.0, 2.0, 3.0, 4.5]","[0.0, 2.0, 2.828427, 4.2426405]","[-3.5, -3.5, -2.5, -1.5]","[2.0, 2.0, 3.0]","[0.0, 2.0, 2.828427]","[-3.5, -3.5, -2.5]","[4.5, 5.0, 7.5]","[3.7416575, 4.0, 7.3484693]","[-1.5, -1.5, 3.0]",[5.0],[4.582576],[0.5],2,0,1,0,2.0,0.0,1
893,4,1,1,"[0.0, 0.0, 0.5, 1.0, 1.5, 3.5, 4.0, 4.5, 6.0, 6.5]","[0.0, 0.0, 0.0, 0.0, 0.0, 1.4142135, 3.4641016, 4.2426405, 5.91608, 6.3245554]","[1.5, 1.5, 3.0, 4.5]","[0.0, 1.4142135, 2.236068, 4.472136]","[-6.0, -4.5, -4.0, -2.0]",[1.5],[1.4142135],[-6.0],[2.0],[0.0],[-0.5],[2.0],[0.0],[-0.5],0,1,0,0,0.0,0.0,1
354,6,2,2,"[0.5, 0.5, 1.0, 2.0, 3.0, 3.5, 3.5, 4.5, 6.0, 6.0]","[0.0, 0.0, 0.0, 1.7320508, 2.4494898, 2.828427, 3.1622777, 4.2426405, 5.656854, 5.656854]","[1.5, 2.5, 3.0, 3.5, 4.0, 4.0]","[0.0, 0.0, 1.4142135, 2.6457512, 2.6457512, 3.1622777]","[-4.0, -3.5, -3.5, -3.0, -1.5, -1.0]","[1.5, 2.5]","[0.0, 1.4142135]","[-4.0, -3.5]","[3.0, 7.0]","[0.0, 6.928203]","[0.0, 2.0]","[3.0, 7.0]","[0.0, 6.928203]","[0.0, 2.0]",0,2,0,0,0.0,0.0,1
758,5,3,2,"[0.5, 0.5, 0.5, 1.0, 1.5, 2.0, 3.0, 3.5, 6.0, 8.0]","[0.0, 0.0, 0.0, 0.0, 1.4142135, 1.7320508, 2.236068, 2.4494898, 5.196152, 8.0]","[1.5, 3.0, 3.0, 4.0, 4.5]","[0.0, 0.0, 2.6457512, 2.828427, 4.2426405]","[-5.5, -5.0, -2.5, -2.5, -1.5]","[1.5, 4.0, 4.5]","[0.0, 2.6457512, 4.2426405]","[-5.0, -2.5, -1.5]","[5.5, 6.5, 8.5]","[5.2915025, 6.3245554, 8.485281]","[2.0, 4.0, 4.0]","[1.0, 5.5]","[0.0, 5.2915025]","[0.0, 4.0]",1,1,1,0,1.0,0.0,1
43209,7,4,3,"[0.0, 0.5, 1.5, 2.0, 2.5, 4.5, 5.0, 5.0, 5.0, 5.5]","[0.0, 0.0, 0.0, 1.7320508, 2.0, 3.0, 3.7416575, 4.0, 4.0, 4.8989797]","[1.0, 2.0, 2.0, 2.5, 3.5, 5.0, 7.0]","[0.0, 1.7320508, 1.7320508, 2.0, 3.4641016, 5.0, 7.0]","[-4.0, -3.5, -3.5, -3.0, -3.0, -2.5, -1.5]","[1.0, 2.0, 2.0, 2.5]","[0.0, 1.7320508, 1.7320508, 2.0]","[-4.0, -3.5, -3.5, -3.0]","[4.5, 5.0, 6.0, 6.5]","[0.0, 3.0, 5.196152, 6.0]","[0.0, 2.0, 4.5, 5.5]","[5.5, 6.0, 6.5]","[4.2426405, 5.196152, 6.0]","[3.5, 4.5, 5.5]",1,2,1,0,1.0,0.0,0
69402,8,6,4,"[1.5, 2.0, 2.5, 2.5, 2.5, 2.5, 3.0, 4.5, 4.5, 6.0]","[0.0, 0.0, 1.7320508, 2.0, 2.0, 2.236068, 2.4494898, 4.2426405, 4.2426405, 6.0]","[0.5, 1.5, 1.5, 2.0, 2.5, 3.0, 3.0, 4.5]","[0.0, 0.0, 1.4142135, 1.4142135, 2.4494898, 2.828427, 2.828427, 4.472136]","[-3.0, -3.0, -2.5, -2.5, -2.5, -2.0, -1.5, -1.0]","[0.5, 1.5, 1.5, 2.0, 2.5, 3.0]","[0.0, 0.0, 1.4142135, 1.4142135, 2.4494898, 2.828427]","[-3.0, -2.5, -2.5, -2.5, -2.0, -1.5]","[2.5, 2.5, 4.5, 4.5, 6.5, 7.0]","[0.0, 2.0, 2.828427, 4.472136, 6.0, 7.0]","[-0.5, 0.5, 1.0, 2.5, 4.0, 4.5]","[2.5, 3.0, 4.5, 6.5]","[2.0, 2.236068, 4.472136, 6.0]","[-0.5, 2.5, 2.5, 5.5]",2,2,2,0,1.0,0.0,0
897,12,2,1,"[0.5, 1.0, 1.0, 2.0, 4.5, 5.5, 5.5, 5.5, 5.5, 7.0]","[0.0, 0.0, 0.0, 0.0, 0.0, 4.2426405, 4.2426405, 4.8989797, 5.477226, 6.928203]","[1.0, 1.0, 2.0, 2.5, 2.5, 2.5, 3.0, 3.5, 3.5, 3.5, 4.5, 5.0]","[0.0, 0.0, 0.0, 0.0, 2.4494898, 2.4494898, 2.4494898, 2.4494898, 3.0, 3.4641016, 3.7416575, 4.8989797]","[-5.0, -5.0, -4.5, -4.5, -4.0, -3.5, -3.5, -3.0, -2.5, -2.5, -2.0, -1.5]","[1.0, 2.5]","[0.0, 2.4494898]","[-5.0, -4.5]","[4.5, 5.0]","[4.472136, 4.8989797]","[-0.5, -0.5]",[6.0],[5.196152],[1.0],1,0,1,0,1.0,0.0,1
186,7,3,2,"[0.0, 0.5, 0.5, 1.0, 1.5, 1.5, 4.0, 4.5, 6.0, 8.0]","[0.0, 0.0, 0.0, 0.0, 0.0, 1.4142135, 1.4142135, 3.4641016, 5.91608, 7.937254]","[0.5, 3.0, 3.0, 3.5, 4.0, 4.5, 5.5]","[0.0, 2.236068, 2.4494898, 2.828427, 2.828427, 3.4641016, 5.477226]","[-5.0, -4.0, -3.0, -3.0, -2.5, -1.0, -1.0]","[0.5, 3.0, 5.5]","[0.0, 2.236068, 5.477226]","[-4.0, -2.5, -1.0]","[3.0, 5.0, 8.0]","[2.828427, 4.0, 8.0]","[-3.0, 1.5, 8.0]","[4.0, 8.0]","[4.0, 8.0]","[0.5, 8.0]",1,1,1,0,1.0,0.0,1
16666,3,2,1,"[0.0, 1.0, 1.0, 1.5, 1.5, 2.5, 3.0, 3.0, 4.5, 6.0]","[0.0, 0.0, 0.0, 0.0, 1.0, 1.4142135, 2.4494898, 2.828427, 4.2426405, 6.0]","[2.0, 3.0, 3.0]","[1.7320508, 2.236068, 2.828427]","[-3.0, -3.0, -3.0]","[2.0, 3.0]","[1.7320508, 2.828427]","[-3.0, -3.0]","[4.5, 6.0]","[0.0, 5.656854]","[0.5, 3.0]",[7.5],[7.3484693],[6.5],1,0,1,0,1.0,0.0,0
336,4,2,1,"[0.0, 0.5, 0.5, 1.0, 1.5, 1.5, 2.0, 2.0, 7.5, 8.5]","[0.0, 0.0, 0.0, 0.0, 1.0, 1.4142135, 1.4142135, 1.7320508, 7.3484693, 8.485281]","[1.0, 2.5, 3.0, 5.0]","[0.0, 2.236068, 2.4494898, 4.582576]","[-4.5, -3.5, -3.5, -3.5]","[1.0, 5.0]","[0.0, 4.582576]","[-4.5, -3.5]","[3.0, 6.5]","[0.0, 6.4807405]","[-1.5, -1.0]",[2.5],[0.0],[-1.0],1,0,1,0,1.0,0.0,1
94862,1,1,1,"[0.0, 0.5, 0.5, 1.5, 1.5, 2.0, 3.0, 4.0, 4.5, 7.0]","[0.0, 0.0, 0.0, 0.0, 0.0, 0.0, 1.7320508, 3.4641016, 3.7416575, 6.708204]",[0.5],[0.0],[-7.0],[0.5],[0.0],[-7.0],[7.5],[7.3484693],[4.0],[7.5],[7.3484693],[4.0],0,1,0,0,0.0,0.0,0
428,8,3,2,"[0.0, 0.0, 0.0, 0.5, 2.0, 3.5, 5.0, 6.0, 7.5, 7.5]","[0.0, 0.0, 0.0, 0.0, 1.7320508, 3.4641016, 4.582576, 5.196152, 7.3484693, 7.483315]","[0.5, 1.5, 2.5, 2.5, 3.0, 3.5, 5.5, 7.5]","[0.0, 0.0, 1.4142135, 2.0, 2.236068, 2.4494898, 5.477226, 7.483315]","[-5.0, -5.0, -4.0, -4.0, -2.5, -2.5, -2.5, -1.5]","[0.5, 3.0, 3.5]","[0.0, 2.236068, 2.4494898]","[-5.0, -2.5, -2.5]","[1.5, 3.0, 5.5]","[0.0, 1.4142135, 5.477226]","[-4.0, -2.5, -2.0]","[2.5, 3.0]","[0.0, 2.0]","[-5.0, -2.0]",1,1,1,0,1.0,0.0,1
27631,3,2,2,"[0.5, 1.0, 1.0, 1.0, 2.0, 2.5, 2.5, 3.0, 3.5, 4.0]","[0.0, 0.0, 0.0, 0.0, 0.0, 2.0, 2.0, 2.0, 2.236068, 2.4494898]","[1.0, 2.0, 3.0]","[0.0, 1.7320508, 2.236068]","[-5.5, -3.0, -1.0]","[1.0, 2.0]","[0.0, 1.7320508]","[-5.5, -1.0]","[5.5, 7.0]","[5.2915025, 7.0]","[5.0, 6.5]","[5.5, 7.0]","[5.2915025, 7.0]","[5.0, 6.5]",0,2,0,0,0.0,0.0,0
72272,5,3,3,"[0.0, 1.0, 2.0, 2.5, 2.5, 3.0, 3.5, 3.5, 3.5, 4.0]","[0.0, 0.0, 0.0, 0.0, 0.0, 2.4494898, 2.4494898, 3.0, 3.1622777, 3.4641016]","[1.0, 2.5, 2.5, 3.5, 4.5]","[0.0, 0.0, 1.0, 2.4494898, 4.472136]","[-4.0, -3.0, -2.5, -2.0, -1.0]","[1.0, 2.5, 2.5]","[0.0, 1.0, 2.4494898]","[-4.0, -3.0, -2.5]","[4.0, 4.5, 5.5]","[3.7416575, 3.8729835, 4.2426405]","[2.5, 3.0, 5.0]","[4.0, 4.5, 5.5]","[3.7416575, 3.8729835, 4.2426405]","[2.5, 3.0, 5.0]",0,3,0,0,0.0,0.0,0
78741,2,1,1,"[0.5, 0.5, 0.5, 1.0, 2.0, 2.0, 2.5, 3.0, 3.0, 3.5]","[0.0, 0.0, 0.0, 0.0, 0.0, 0.0, 0.0, 2.0, 2.4494898, 3.4641016]","[1.5, 1.5]","[0.0, 1.4142135]","[-3.5, -2.0]",[1.5],[1.4142135],[-2.0],[6.5],[6.3245554],[5.5],[6.5],[6.3245554],[5.5],0,1,0,0,0.0,0.0,0
48546,1,1,1,"[0.5, 0.5, 0.5, 0.5, 1.0, 1.5, 2.5, 3.5, 3.5, 4.0]","[0.0, 0.0, 0.0, 0.0, 0.0, 0.0, 2.4494898, 2.4494898, 3.1622777, 3.4641016]",[2.5],[2.4494898],[-3.0],[2.5],[2.4494898],[-3.0],[2.5],[0.0],[1.0],[2.5],[0.0],[1.0],0,1,0,0,0.0,0.0,0
163,7,2,1,"[0.0, 0.5, 0.5, 1.0, 1.5, 2.5, 3.0, 5.5, 7.0, 7.5]","[0.0, 0.0, 0.0, 0.0, 1.4142135, 2.0, 2.236068, 5.477226, 6.708204, 7.3484693]","[0.5, 2.5, 2.5, 3.0, 3.5, 4.5, 5.0]","[0.0, 0.0, 2.0, 2.236068, 2.4494898, 2.828427, 4.0]","[-4.5, -3.0, -2.5, -2.0, -2.0, -1.5, -1.0]","[0.5, 3.5]","[0.0, 0.0]","[-3.0, -1.5]","[2.5, 5.5]","[2.0, 4.2426405]","[-2.0, 1.0]",[5.5],[5.477226],[3.5],1,0,1,0,1.0,0.0,1
20103,7,3,3,"[0.0, 0.5, 1.0, 1.5, 1.5, 3.5, 3.5, 4.5, 5.5, 7.0]","[0.0, 0.0, 0.0, 0.0, 0.0, 0.0, 1.4142135, 3.4641016, 5.477226, 6.708204]","[0.5, 1.0, 2.5, 3.0, 3.5, 3.5, 4.5]","[0.0, 0.0, 0.0, 2.4494898, 2.828427, 2.828427, 3.1622777]","[-6.5, -5.5, -5.5, -3.5, -3.5, -3.0, -1.0]","[0.5, 1.0, 3.0]","[0.0, 0.0, 2.828427]","[-6.5, -3.5, -3.0]","[7.5, 7.5, 7.5]","[7.3484693, 7.3484693, 7.483315]","[2.5, 6.5, 7.5]","[7.5, 7.5, 7.5]","[7.3484693, 7.3484693, 7.483315]","[2.5, 6.5, 7.5]",0,3,0,0,0.0,0.0,0
33035,4,2,2,"[0.5, 0.5, 1.0, 1.0, 1.5, 2.0, 2.5, 3.0, 4.5, 4.5]","[0.0, 0.0, 0.0, 0.0, 0.0, 0.0, 1.4142135, 2.4494898, 2.828427, 4.2426405]","[2.0, 2.0, 2.5, 5.5]","[0.0, 1.7320508, 2.4494898, 5.2915025]","[-4.5, -3.0, -1.5, -1.0]","[2.0, 2.5]","[1.7320508, 2.4494898]","[-4.5, -1.0]","[3.0, 4.0]","[2.828427, 3.8729835]","[2.0, 2.5]","[3.0, 4.0]","[2.828427, 3.8729835]","[2.0, 2.5]",0,2,0,0,0.0,0.0,0
849,5,1,1,"[0.0, 0.0, 1.0, 1.0, 1.0, 2.0, 2.0, 2.5, 5.5, 6.0]","[0.0, 0.0, 0.0, 0.0, 0.0, 1.0, 1.0, 2.0, 4.2426405, 5.656854]","[2.0, 2.5, 3.0, 3.5, 4.0]","[2.0, 2.0, 2.236068, 2.6457512, 3.1622777]","[-4.5, -3.5, -3.5, -2.5, -1.0]",[2.5],[2.0],[-3.5],[6.0],[5.196152],[4.0],[6.0],[5.196152],[4.0],0,1,0,0,0.0,0.0,1
788,4,3,2,"[1.0, 1.0, 1.0, 1.5, 1.5, 1.5, 2.0, 2.0, 2.5, 3.5]","[0.0, 0.0, 1.0, 1.0, 1.4142135, 1.4142135, 2.0, 2.0, 2.4494898, 3.4641016]","[0.5, 1.5, 1.5, 1.5]","[0.0, 0.0, 1.4142135, 1.4142135]","[-1.5, -1.5, -1.5, -1.0]","[0.5, 1.5, 1.5]","[0.0, 1.4142135, 1.4142135]","[-1.5, -1.5, -1.5]","[2.0, 4.5, 5.0]","[0.0, 4.0, 4.472136]","[0.0, 3.5, 3.5]","[5.0, 6.5]","[4.0, 6.3245554]","[3.5, 6.0]",1,1,1,0,1.0,0.0,1
365,3,1,1,"[0.5, 0.5, 0.5, 1.0, 1.5, 2.0, 3.0, 5.0, 5.0, 5.5]","[0.0, 0.0, 0.0, 0.0, 0.0, 0.0, 0.0, 4.0, 4.8989797, 5.477226]","[2.5, 3.0, 3.5]","[2.236068, 2.4494898, 2.4494898]","[-2.5, -2.0, -1.0]",[3.0],[2.236068],[-2.0],[2.5],[0.0],[1.5],[2.5],[0.0],[1.5],0,1,0,0,0.0,0.0,1
339,7,2,1,"[0.0, 0.5, 1.0, 1.5, 2.5, 2.5, 3.0, 4.5, 5.0, 9.0]","[0.0, 0.0, 0.0, 0.0, 0.0, 0.0, 1.4142135, 2.828427, 4.0, 9.0]","[1.0, 1.5, 2.0, 2.5, 3.5, 4.5, 6.0]","[0.0, 0.0, 0.0, 0.0, 3.4641016, 4.472136, 5.91608]","[-7.0, -6.0, -5.0, -3.0, -2.5, -2.5, -1.5]","[1.0, 2.0]","[0.0, 0.0]","[-6.0, -3.0]","[3.0, 3.0]","[0.0, 2.236068]","[-1.5, -1.5]",[5.5],[4.8989797],[5.5],1,0,1,0,1.0,0.0,1
425,3,2,2,"[0.0, 0.0, 0.5, 1.0, 1.0, 1.0, 2.0, 2.0, 2.5, 6.0]","[0.0, 0.0, 0.0, 0.0, 0.0, 1.0, 1.7320508, 1.7320508, 2.4494898, 5.91608]","[1.0, 2.0, 2.0]","[0.0, 0.0, 1.7320508]","[-2.5, -2.5, -1.5]","[1.0, 2.0]","[0.0, 1.7320508]","[-2.5, -1.5]","[2.0, 4.0]","[0.0, 3.4641016]","[0.0, 1.5]","[2.0, 4.0]","[0.0, 3.4641016]","[0.0, 1.5]",0,2,0,0,0.0,0.0,1
86718,8,5,2,"[0.0, 1.5, 1.5, 2.5, 2.5, 3.0, 3.5, 5.5, 7.0, 8.0]","[0.0, 0.0, 1.4142135, 1.4142135, 2.4494898, 2.828427, 3.4641016, 5.2915025, 6.928203, 7.937254]","[1.5, 2.0, 2.0, 2.5, 3.0, 3.5, 4.0, 4.5]","[1.4142135, 1.7320508, 2.0, 2.0, 2.236068, 2.4494898, 3.4641016, 3.7416575]","[-5.5, -5.0, -3.5, -3.5, -2.0, -2.0, -1.5, -1.0]","[1.5, 2.0, 2.5, 3.5, 4.5]","[1.4142135, 1.7320508, 2.0, 2.4494898, 3.7416575]","[-5.5, -3.5, -2.0, -1.5, -1.0]","[3.0, 3.5, 4.5, 4.5, 8.0]","[0.0, 0.0, 3.0, 4.472136, 8.0]","[-2.0, -0.5, 1.0, 1.0, 2.0]","[4.5, 5.5]","[0.0, 4.2426405]","[1.0, 4.5]",3,1,1,0,3.0,0.0,0
55522,5,2,2,"[0.5, 0.5, 0.5, 1.0, 1.5, 2.5, 3.0, 4.5, 5.0, 7.0]","[0.0, 0.0, 0.0, 0.0, 0.0, 0.0, 2.828427, 3.7416575, 5.0, 6.928203]","[1.5, 3.0, 3.5, 3.5, 4.0]","[0.0, 0.0, 2.4494898, 2.828427, 4.0]","[-4.0, -3.5, -3.0, -1.5, -1.5]","[1.5, 3.0]","[0.0, 2.828427]","[-3.5, -1.5]","[4.5, 6.0]","[2.828427, 5.91608]","[2.0, 3.0]","[4.5, 6.0]","[2.828427, 5.91608]","[2.0, 3.0]",0,2,0,0,0.0,0.0,0
9478,10,4,2,"[0.0, 1.0, 1.5, 1.5, 2.0, 3.0, 3.5, 7.5, 7.5, 7.5]","[0.0, 0.0, 0.0, 0.0, 0.0, 0.0, 3.1622777, 7.3484693, 7.483315, 7.483315]","[1.5, 1.5, 2.0, 2.5, 3.0, 3.5, 3.5, 4.0, 4.0, 5.5]","[0.0, 1.4142135, 1.7320508, 2.0, 2.4494898, 3.0, 3.1622777, 4.0, 4.0, 5.477226]","[-5.5, -5.0, -4.5, -4.0, -4.0, -3.5, -3.0, -2.0, -2.0, -1.5]","[1.5, 1.5, 2.5, 3.0]","[0.0, 1.4142135, 2.0, 3.0]","[-5.5, -5.0, -4.0, -3.0]","[1.5, 2.0, 2.0, 2.5]","[0.0, 1.7320508, 2.0, 2.4494898]","[-4.5, -2.5, -2.0, -2.0]","[3.5, 7.5]","[3.1622777, 7.3484693]","[0.5, 6.5]",2,0,2,0,1.0,0.0,0
5351,10,3,1,"[0.0, 0.0, 0.5, 1.5, 1.5, 2.5, 3.5, 5.0, 5.5, 8.0]","[0.0, 0.0, 0.0, 0.0, 0.0, 1.4142135, 2.4494898, 4.8989797, 5.477226, 7.937254]","[0.5, 1.0, 1.5, 2.0, 2.5, 2.5, 3.0, 3.0, 4.0, 4.5]","[0.0, 0.0, 0.0, 0.0, 1.7320508, 2.236068, 2.4494898, 2.4494898, 2.6457512, 2.828427]","[-7.0, -4.5, -4.0, -3.5, -3.0, -2.5, -2.5, -2.0, -2.0, -1.5]","[0.5, 1.5, 2.5]","[0.0, 0.0, 2.4494898]","[-7.0, -4.0, -1.5]","[4.0, 4.5, 7.0]","[2.6457512, 2.828427, 7.0]","[-2.5, -1.5, 3.5]",[3.0],[0.0],[0.0],2,0,1,0,2.0,0.0,0
65737,2,1,1,"[0.0, 0.5, 1.0, 1.5, 1.5, 2.0, 2.5, 3.0, 4.5, 4.5]","[0.0, 0.0, 0.0, 0.0, 0.0, 1.4142135, 1.4142135, 2.828427, 4.2426405, 4.472136]","[0.5, 2.0]","[0.0, 0.0]","[-3.0, -1.5]",[0.5],[0.0],[-3.0],[6.5],[6.3245554],[4.0],[6.5],[6.3245554],[4.0],0,1,0,0,0.0,0.0,0
407,9,2,2,"[0.0, 0.5, 0.5, 0.5, 2.0, 2.5, 4.0, 5.5, 6.0, 9.0]","[0.0, 0.0, 0.0, 0.0, 0.0, 2.0, 3.8729835, 4.2426405, 5.91608, 9.0]","[1.0, 1.5, 2.0, 2.0, 2.0, 3.0, 3.5, 4.0, 4.0]","[0.0, 0.0, 0.0, 0.0, 0.0, 0.0, 1.7320508, 2.4494898, 3.0]","[-6.5, -6.0, -5.0, -4.5, -4.0, -3.5, -3.5, -2.0, -1.0]","[1.0, 1.5]","[0.0, 0.0]","[-6.5, -6.0]","[2.0, 4.0]","[1.7320508, 4.0]","[-4.0, 0.5]","[2.0, 4.0]","[1.7320508, 4.0]","[-4.0, 0.5]",0,2,0,0,0.0,0.0,1
944,8,4,3,"[0.0, 0.5, 1.0, 1.5, 3.0, 4.5, 4.5, 5.0, 6.0, 7.0]","[0.0, 0.0, 0.0, 1.4142135, 2.828427, 2.828427, 3.0, 4.472136, 5.656854, 7.0]","[1.0, 1.5, 1.5, 1.5, 2.5, 3.5, 3.5, 5.0]","[0.0, 0.0, 1.0, 1.4142135, 1.4142135, 2.4494898, 2.4494898, 4.8989797]","[-6.5, -4.5, -4.5, -4.0, -3.5, -3.5, -3.0, -2.0]","[1.0, 1.5, 1.5, 3.5]","[0.0, 1.0, 1.4142135, 2.4494898]","[-6.5, -3.5, -3.5, -2.0]","[3.5, 4.5, 5.0, 6.0]","[2.828427, 3.1622777, 4.0, 5.196152]","[0.0, 1.0, 1.5, 3.0]","[3.5, 4.5, 4.5]","[2.828427, 3.1622777, 4.2426405]","[1.0, 2.0, 3.0]",1,2,1,0,1.0,0.0,1
62808,2,2,1,"[0.0, 0.5, 1.0, 2.0, 2.0, 2.0, 2.5, 2.5, 3.0, 6.0]","[0.0, 0.0, 0.0, 0.0, 0.0, 1.0, 1.7320508, 2.0, 2.828427, 5.91608]","[0.5, 1.5]","[0.0, 0.0]","[-3.0, -3.0]","[0.5, 1.5]","[0.0, 0.0]","[-3.0, -3.0]","[3.5, 9.0]","[2.4494898, 9.0]","[2.0, 4.5]",[4.5],[2.828427],[1.5],1,0,1,0,1.0,0.0,0
17866,7,3,1,"[1.0, 1.0, 1.5, 2.0, 2.0, 2.5, 3.0, 3.5, 4.0, 8.0]","[0.0, 0.0, 0.0, 1.0, 1.4142135, 1.7320508, 2.0, 3.0, 3.1622777, 8.0]","[1.0, 2.5, 2.5, 3.0, 3.5, 3.5, 4.0]","[0.0, 0.0, 2.0, 2.4494898, 2.4494898, 2.828427, 3.8729835]","[-4.5, -4.0, -3.0, -3.0, -2.5, -2.5, -1.5]","[1.0, 3.0, 3.5]","[0.0, 2.4494898, 2.828427]","[-3.0, -2.5, -1.5]","[2.5, 3.0, 8.5]","[2.236068, 2.4494898, 8.485281]","[-2.5, 0.5, 3.0]",[4.5],[4.2426405],[2.5],2,0,1,0,2.0,0.0,0
338,6,3,3,"[0.0, 0.0, 1.5, 2.0, 2.0, 2.5, 3.0, 3.5, 4.5, 6.0]","[0.0, 0.0, 0.0, 0.0, 0.0, 0.0, 1.7320508, 2.4494898, 3.4641016, 6.0]","[1.5, 2.0, 2.0, 2.5, 2.5, 3.5]","[0.0, 1.4142135, 1.7320508, 2.0, 2.4494898, 3.1622777]","[-5.5, -3.5, -3.0, -2.5, -1.0, -1.0]","[1.5, 2.0, 2.5]","[0.0, 1.4142135, 2.4494898]","[-5.5, -2.5, -1.0]","[2.5, 4.0, 8.0]","[2.4494898, 3.8729835, 8.0]","[-0.5, 2.5, 6.5]","[2.5, 4.0, 8.0]","[2.4494898, 3.8729835, 8.0]","[-0.5, 2.5, 6.5]",0,3,0,0,0.0,0.0,1
34004,6,3,2,"[0.0, 0.5, 0.5, 1.0, 2.0, 2.5, 3.5, 4.0, 4.5, 8.5]","[0.0, 0.0, 0.0, 0.0, 0.0, 1.0, 2.4494898, 3.8729835, 4.2426405, 8.485281]","[1.5, 2.5, 3.0, 3.0, 3.5, 4.0]","[1.4142135, 2.0, 2.236068, 2.828427, 3.1622777, 3.4641016]","[-4.0, -4.0, -4.0, -3.5, -2.0, -2.0]","[1.5, 2.5, 3.0]","[1.4142135, 2.0, 2.828427]","[-4.0, -4.0, -3.5]","[4.5, 5.0, 6.5]","[0.0, 3.0, 6.4807405]","[-1.0, 2.0, 3.5]","[1.0, 5.0]","[1.0, 3.0]","[-0.5, 3.5]",1,1,1,0,1.0,0.0,0
75566,2,2,1,"[0.5, 0.5, 1.0, 1.5, 2.0, 3.0, 3.0, 3.0, 3.0, 3.5]","[0.0, 0.0, 0.0, 0.0, 0.0, 0.0, 0.0, 1.7320508, 2.828427, 3.4641016]","[1.5, 3.0]","[1.4142135, 3.0]","[-2.0, -1.5]","[1.5, 3.0]","[1.4142135, 3.0]","[-2.0, -1.5]","[2.0, 4.0]","[1.7320508, 2.6457512]","[-0.5, 2.5]",[7.5],[7.3484693],[7.0],1,0,1,0,1.0,0.0,0
18757,2,2,1,"[0.0, 0.0, 0.5, 0.5, 1.5, 1.5, 2.5, 3.0, 3.5, 8.5]","[0.0, 0.0, 0.0, 0.0, 0.0, 0.0, 2.4494898, 2.828427, 3.1622777, 8.485281]","[3.0, 3.0]","[0.0, 2.236068]","[-3.0, -2.5]","[3.0, 3.0]","[0.0, 2.236068]","[-3.0, -2.5]","[4.0, 7.0]","[3.4641016, 6.928203]","[-1.0, 2.5]",[4.0],[3.8729835],[3.0],1,0,1,0,1.0,0.0,0
89998,5,2,2,"[0.0, 0.5, 0.5, 1.0, 1.0, 1.5, 4.0, 4.5, 4.5, 9.0]","[0.0, 0.0, 0.0, 0.0, 1.0, 1.4142135, 2.828427, 3.7416575, 3.8729835, 9.0]","[1.5, 2.0, 2.0, 4.0, 5.0]","[0.0, 1.7320508, 2.0, 3.4641016, 4.8989797]","[-6.0, -5.0, -3.5, -3.5, -3.0]","[1.5, 2.0]","[0.0, 1.7320508]","[-6.0, -3.0]","[4.0, 5.5]","[0.0, 5.2915025]","[0.0, 3.5]","[4.0, 5.5]","[0.0, 5.2915025]","[0.0, 3.5]",0,2,0,0,0.0,0.0,0
102,3,3,2,"[0.0, 0.5, 1.5, 1.5, 2.5, 2.5, 2.5, 3.0, 4.0, 4.5]","[0.0, 0.0, 0.0, 0.0, 1.4142135, 2.0, 2.4494898, 2.828427, 3.8729835, 4.2426405]","[0.5, 2.0, 2.5]","[0.0, 1.7320508, 2.0]","[-3.5, -2.5, -1.5]","[0.5, 2.0, 2.5]","[0.0, 1.7320508, 2.0]","[-3.5, -2.5, -1.5]","[2.5, 3.0, 6.5]","[0.0, 2.4494898, 6.3245554]","[0.0, 1.5, 2.0]","[2.5, 6.5]","[2.4494898, 6.0]","[0.0, 5.0]",1,1,1,0,1.0,0.0,1
601,7,3,2,"[0.5, 0.5, 0.5, 0.5, 1.0, 1.0, 4.0, 5.5, 5.5, 8.0]","[0.0, 0.0, 0.0, 0.0, 0.0, 0.0, 2.6457512, 4.8989797, 4.8989797, 7.937254]","[2.0, 2.0, 3.0, 3.5, 3.5, 3.5, 7.0]","[0.0, 0.0, 2.0, 2.4494898, 2.4494898, 3.1622777, 6.928203]","[-5.5, -3.5, -3.0, -2.5, -1.5, -1.5, -1.0]","[2.0, 3.0, 3.5]","[0.0, 2.0, 2.4494898]","[-5.5, -3.0, -1.5]","[3.0, 3.5, 5.0]","[0.0, 3.1622777, 4.0]","[-2.5, 1.0, 2.0]","[3.0, 6.0]","[0.0, 5.91608]","[1.0, 2.5]",1,1,1,0,1.0,0.0,1
96,8,2,2,"[0.5, 1.0, 1.5, 2.0, 2.5, 3.0, 3.5, 4.5, 5.5, 8.5]","[0.0, 0.0, 0.0, 0.0, 0.0, 1.4142135, 2.4494898, 2.828427, 4.2426405, 8.485281]","[1.5, 3.0, 3.0, 3.0, 3.5, 5.0, 5.0, 6.0]","[0.0, 0.0, 0.0, 1.4142135, 3.4641016, 4.0, 4.582576, 5.91608]","[-5.0, -4.5, -4.0, -4.0, -2.5, -2.5, -2.0, -2.0]","[1.5, 3.0]","[0.0, 1.4142135]","[-5.0, -2.0]","[4.0, 6.0]","[3.8729835, 5.656854]","[0.0, 6.0]","[4.0, 6.0]","[3.8729835, 5.656854]","[0.0, 6.0]",0,2,0,0,0.0,0.0,1
17688,6,3,2,"[0.0, 0.0, 1.0, 1.0, 1.0, 2.0, 2.5, 6.5, 7.5, 9.0]","[0.0, 0.0, 0.0, 0.0, 0.0, 0.0, 0.0, 6.4807405, 7.3484693, 9.0]","[1.5, 2.0, 3.5, 4.5, 5.0, 5.5]","[0.0, 1.4142135, 3.1622777, 4.2426405, 4.582576, 5.477226]","[-5.0, -4.0, -4.0, -3.5, -3.5, -1.5]","[1.5, 2.0, 4.5]","[0.0, 1.4142135, 4.2426405]","[-5.0, -4.0, -3.5]","[2.5, 3.0, 3.5]","[2.0, 2.236068, 3.1622777]","[-4.0, -1.5, -0.5]","[2.5, 3.5]","[2.0, 3.4641016]","[-0.5, 0.5]",1,1,1,0,1.0,0.0,0
724,3,2,1,"[0.5, 0.5, 0.5, 1.0, 1.5, 2.0, 2.0, 2.5, 3.5, 6.5]","[0.0, 0.0, 0.0, 0.0, 1.0, 1.4142135, 2.0, 2.0, 3.4641016, 6.0]","[1.5, 2.5, 3.0]","[0.0, 0.0, 2.4494898]","[-4.0, -2.5, -1.0]","[1.5, 2.5]","[0.0, 2.4494898]","[-4.0, -1.0]","[1.5, 4.0]","[1.4142135, 4.0]","[-1.5, -1.0]",[4.0],[2.6457512],[2.5],1,0,1,0,1.0,0.0,1
82752,5,2,2,"[0.5, 1.0, 1.0, 1.0, 1.5, 1.5, 2.5, 4.0, 5.5, 6.0]","[0.0, 0.0, 0.0, 1.0, 1.0, 1.4142135, 2.0, 2.6457512, 4.8989797, 5.196152]","[2.5, 3.0, 4.0, 4.0, 7.0]","[0.0, 0.0, 2.6457512, 2.6457512, 6.928203]","[-2.0, -2.0, -1.5, -1.5, -1.5]","[2.5, 3.0]","[0.0, 0.0]","[-2.0, -2.0]","[5.0, 6.0]","[4.0, 5.91608]","[3.0, 4.0]","[5.0, 6.0]","[4.0, 5.91608]","[3.0, 4.0]",0,2,0,0,0.0,0.0,0
194,29,8,1,"[1.5, 3.5, 5.0, 5.5, 5.5, 5.5, 5.5, 7.0, 7.5, 8.0]","[0.0, 2.4494898, 3.0, 4.8989797, 4.8989797, 5.477226, 5.477226, 6.928203, 7.3484693, 7.937254]","[0.0, 0.0, 0.5, 1.0, 1.5, 1.5, 1.5, 1.5, 2.0, 2.0, 2.0, 2.5, 2.5, 2.5, 2.5, 2.5, 2.5, 2.5, 3.0, 3.5, 3.5, 4.0, 4.0, 4.5, 5.0, 5.0, 5.0, 5.5, 6.5]","[0.0, 0.0, 0.0, 0.0, 0.0, 0.0, 0.0, 0.0, 0.0, 0.0, 0.0, 1.4142135, 1.4142135, 1.4142135, 2.0, 2.0, 2.0, 2.0, 2.4494898, 2.828427, 3.1622777, 3.4641016, 3.7416575, 3.8729835, 4.8989797, 4.8989797, 4.8989797, 4.8989797, 6.4807405]","[-8.0, -7.0, -6.0, -6.0, -6.0, -6.0, -5.5, -5.0, -5.0, -4.5, -4.5, -4.0, -4.0, -4.0, -3.5, -3.5, -3.5, -3.5, -3.5, -3.5, -3.5, -2.5, -2.5, -2.5, -2.5, -2.0, -2.0, -1.0, -1.0]","[0.0, 0.0, 1.0, 1.5, 1.5, 2.0, 2.0, 2.5]","[0.0, 0.0, 0.0, 0.0, 0.0, 0.0, 1.4142135, 2.0]","[-8.0, -7.0, -6.0, -6.0, -4.5, -4.0, -3.5, -2.5]","[1.5, 2.5, 3.5, 3.5, 4.0, 5.0, 6.5, 8.5]","[0.0, 1.4142135, 2.0, 2.6457512, 3.0, 3.4641016, 6.0, 8.485281]","[-5.5, -4.0, -4.0, -3.0, -1.0, 0.0, 0.5, 6.5]",[6.0],[5.196152],[5.0],7,0,1,0,7.0,0.0,1
17559,12,6,2,"[0.0, 1.5, 1.5, 2.5, 3.0, 3.0, 4.5, 5.0, 5.0, 8.0]","[0.0, 0.0, 0.0, 0.0, 1.4142135, 2.236068, 4.0, 4.2426405, 4.8989797, 7.937254]","[1.0, 1.0, 1.5, 2.0, 2.0, 2.0, 3.0, 3.0, 3.5, 4.0, 5.0, 6.0]","[0.0, 0.0, 0.0, 1.0, 1.7320508, 1.7320508, 2.0, 2.236068, 2.828427, 3.4641016, 4.582576, 5.91608]","[-5.0, -4.5, -4.0, -4.0, -3.0, -3.0, -2.5, -2.5, -2.0, -1.5, -1.0, -1.0]","[1.0, 1.0, 1.5, 2.0, 2.0, 2.0]","[0.0, 0.0, 1.0, 1.7320508, 1.7320508, 2.0]","[-5.0, -4.5, -4.0, -3.0, -2.0, -1.5]","[1.0, 1.5, 2.5, 3.5, 6.0, 6.0]","[0.0, 0.0, 0.0, 3.1622777, 5.196152, 5.91608]","[-4.0, -3.0, -0.5, 0.5, 3.0, 4.0]","[2.0, 6.0]","[1.7320508, 5.656854]","[1.5, 5.0]",4,0,2,1,1.0,2.0,0
88551,3,2,2,"[0.5, 1.0, 1.0, 1.5, 2.0, 2.5, 2.5, 3.0, 4.5, 6.0]","[0.0, 0.0, 0.0, 0.0, 0.0, 0.0, 2.0, 2.236068, 4.472136, 5.196152]","[2.5, 2.5, 4.0]","[0.0, 2.4494898, 2.4494898]","[-4.0, -2.5, -2.5]","[2.5, 2.5]","[2.4494898, 2.4494898]","[-4.0, -2.5]","[4.0, 4.5]","[2.6457512, 4.472136]","[2.0, 2.5]","[4.0, 4.5]","[2.6457512, 4.472136]","[2.0, 2.5]",0,2,0,0,0.0,0.0,0
5524,5,3,2,"[0.0, 0.5, 1.0, 1.5, 1.5, 1.5, 2.0, 4.5, 5.0, 6.0]","[0.0, 0.0, 0.0, 0.0, 0.0, 1.4142135, 1.4142135, 3.7416575, 4.8989797, 6.0]","[1.0, 2.5, 2.5, 3.5, 5.5]","[0.0, 1.0, 2.4494898, 3.1622777, 5.477226]","[-3.5, -3.0, -2.5, -2.0, -1.0]","[1.0, 2.5, 3.5]","[1.0, 2.4494898, 3.1622777]","[-3.0, -2.5, -2.0]","[3.5, 4.5, 5.0]","[0.0, 3.0, 3.1622777]","[-0.5, 1.0, 2.0]","[3.5, 4.5]","[0.0, 3.4641016]","[1.0, 2.5]",1,1,1,0,1.0,0.0,0
41393,4,2,1,"[0.5, 0.5, 0.5, 1.0, 1.5, 1.5, 2.5, 4.5, 6.0, 6.5]","[0.0, 0.0, 0.0, 0.0, 0.0, 1.4142135, 2.0, 4.2426405, 6.0, 6.4807405]","[1.5, 2.0, 3.0, 4.0]","[0.0, 1.7320508, 3.0, 4.0]","[-4.5, -2.5, -2.0, -2.0]","[2.0, 3.0]","[1.7320508, 3.0]","[-4.5, -2.0]","[3.0, 4.5]","[0.0, 2.236068]","[-1.5, 0.5]",[5.0],[4.8989797],[3.0],1,0,1,0,1.0,0.0,0
901,9,2,1,"[0.5, 1.0, 1.0, 2.0, 2.5, 3.5, 3.5, 3.5, 6.5, 8.5]","[0.0, 0.0, 0.0, 0.0, 0.0, 2.4494898, 2.4494898, 2.4494898, 6.3245554, 8.485281]","[1.0, 2.5, 2.5, 2.5, 2.5, 3.0, 3.0, 3.5, 5.0]","[0.0, 0.0, 0.0, 2.0, 2.0, 2.0, 2.236068, 2.4494898, 4.582576]","[-5.0, -4.5, -4.5, -4.5, -4.0, -2.0, -1.5, -1.5, -1.0]","[2.5, 3.0]","[2.0, 2.236068]","[-4.5, -4.5]","[5.0, 5.0]","[3.0, 4.0]","[0.0, 0.5]",[3.0],[0.0],[2.0],1,0,1,0,1.0,0.0,1
508,6,3,2,"[0.5, 0.5, 0.5, 1.0, 2.5, 3.0, 4.0, 4.0, 6.0, 6.5]","[0.0, 0.0, 0.0, 0.0, 0.0, 2.0, 2.828427, 4.0, 6.0, 6.0]","[1.5, 2.0, 3.5, 4.5, 5.0, 5.5]","[0.0, 1.7320508, 2.4494898, 2.828427, 4.582576, 5.477226]","[-4.0, -2.5, -2.5, -2.0, -2.0, -1.5]","[1.5, 3.5, 5.5]","[0.0, 2.4494898, 5.477226]","[-2.5, -2.5, -2.0]","[3.0, 5.0, 7.5]","[2.236068, 5.0, 7.3484693]","[0.0, 2.0, 4.5]","[3.0, 9.0]","[2.236068, 9.0]","[2.0, 7.0]",1,1,1,0,1.0,0.0,1
385,4,2,1,"[0.0, 0.5, 1.5, 2.0, 2.0, 2.0, 2.5, 3.0, 3.5, 6.0]","[0.0, 0.0, 0.0, 1.4142135, 1.7320508, 1.7320508, 2.0, 2.236068, 3.4641016, 5.196152]","[1.0, 1.5, 4.0, 4.0]","[0.0, 1.4142135, 2.6457512, 3.4641016]","[-4.0, -3.0, -2.5, -2.0]","[1.0, 1.5]","[0.0, 1.4142135]","[-4.0, -2.0]","[4.5, 5.5]","[4.472136, 5.2915025]","[0.0, 3.0]",[7.5],[7.3484693],[6.5],1,0,1,0,1.0,0.0,1
331,13,3,2,"[0.0, 0.5, 2.0, 2.5, 3.5, 4.5, 6.5, 6.5, 7.0, 7.0]","[0.0, 0.0, 0.0, 1.7320508, 2.828427, 3.1622777, 6.3245554, 6.3245554, 6.708204, 7.0]","[0.5, 2.0, 2.5, 2.5, 3.0, 3.0, 3.0, 3.5, 3.5, 4.0, 4.0, 4.0, 5.0]","[0.0, 0.0, 0.0, 1.7320508, 2.4494898, 2.4494898, 2.828427, 2.828427, 2.828427, 3.4641016, 3.8729835, 4.0, 4.582576]","[-5.5, -5.0, -4.5, -4.5, -4.0, -3.5, -3.0, -3.0, -2.5, -2.0, -2.0, -2.0, -1.5]","[0.5, 2.0, 3.5]","[0.0, 1.7320508, 2.4494898]","[-5.5, -4.5, -3.0]","[1.0, 3.5, 7.0]","[0.0, 0.0, 6.928203]","[-5.0, -2.0, 3.5]","[5.5, 7.0]","[5.2915025, 6.928203]","[0.5, 3.5]",1,1,1,0,1.0,0.0,1
737,1,1,1,"[0.0, 0.5, 1.0, 1.0, 1.0, 1.5, 2.5, 3.0, 3.5, 4.0]","[0.0, 0.0, 0.0, 0.0, 0.0, 0.0, 1.0, 2.828427, 3.4641016, 3.4641016]",[1.0],[0.0],[-3.0],[1.0],[0.0],[-3.0],[5.5],[4.8989797],[2.5],[5.5],[4.8989797],[2.5],0,1,0,0,0.0,0.0,1
9174,11,3,2,"[0.0, 0.5, 2.5, 2.5, 2.5, 2.5, 4.5, 4.5, 5.0, 5.5]","[0.0, 0.0, 0.0, 0.0, 0.0, 0.0, 2.828427, 3.0, 4.472136, 5.477226]","[1.0, 2.0, 2.5, 2.5, 3.0, 3.0, 3.0, 3.5, 3.5, 3.5, 3.5]","[0.0, 0.0, 0.0, 2.4494898, 2.828427, 2.828427, 3.0, 3.1622777, 3.1622777, 3.4641016, 3.4641016]","[-5.5, -5.0, -4.0, -4.0, -4.0, -3.0, -3.0, -2.5, -2.5, -2.0, -1.5]","[1.0, 2.5, 3.0]","[0.0, 2.4494898, 2.828427]","[-4.0, -4.0, -2.5]","[3.5, 4.5, 7.5]","[2.828427, 3.4641016, 7.483315]","[-1.5, 2.0, 7.5]","[7.5, 8.5]","[7.483315, 8.485281]","[5.5, 7.5]",1,1,1,0,1.0,0.0,0
17570,8,4,3,"[0.0, 0.0, 0.5, 0.5, 1.0, 2.0, 2.5, 5.0, 7.5, 9.0]","[0.0, 0.0, 0.0, 0.0, 0.0, 2.0, 2.0, 3.0, 7.483315, 9.0]","[1.5, 2.0, 2.5, 2.5, 4.0, 4.0, 5.0, 6.5]","[0.0, 0.0, 0.0, 2.0, 3.8729835, 3.8729835, 4.0, 6.3245554]","[-6.0, -4.0, -3.5, -3.0, -3.0, -3.0, -2.5, -1.5]","[1.5, 2.0, 2.5, 4.0]","[0.0, 0.0, 0.0, 3.8729835]","[-3.5, -3.0, -3.0, -1.5]","[3.0, 4.0, 4.5, 8.5]","[0.0, 2.828427, 4.0, 8.485281]","[-1.5, 0.0, 2.5, 5.0]","[3.0, 4.0, 5.5]","[0.0, 4.0, 5.477226]","[-1.5, 2.5, 5.0]",1,2,1,0,1.0,0.0,0
37834,7,4,1,"[0.0, 0.5, 0.5, 0.5, 1.0, 1.0, 2.0, 4.0, 8.0, 8.0]","[0.0, 0.0, 0.0, 0.0, 0.0, 1.0, 2.0, 4.0, 7.937254, 8.0]","[1.5, 1.5, 1.5, 1.5, 2.5, 3.5, 4.0]","[0.0, 0.0, 0.0, 1.4142135, 2.0, 2.4494898, 3.8729835]","[-5.0, -4.5, -4.5, -3.5, -3.0, -1.5, -1.0]","[1.5, 1.5, 2.5, 3.5]","[0.0, 0.0, 2.0, 2.4494898]","[-5.0, -3.5, -3.0, -1.0]","[4.0, 4.5, 5.0, 7.0]","[2.828427, 3.8729835, 4.8989797, 6.928203]","[-4.5, -0.5, -0.5, 5.0]",[6.5],[6.4807405],[5.5],3,0,1,0,3.0,0.0,0
932,7,3,0,"[0.0, 0.0, 0.5, 1.0, 2.5, 3.0, 4.5, 4.5, 5.5, 6.5]","[0.0, 0.0, 0.0, 0.0, 2.0, 2.828427, 4.2426405, 4.2426405, 4.472136, 6.3245554]","[1.0, 1.5, 2.0, 2.0, 2.5, 2.5, 5.0]","[0.0, 0.0, 1.4142135, 1.7320508, 2.0, 2.4494898, 4.0]","[-5.0, -4.0, -3.5, -3.5, -3.0, -2.0, -1.0]","[1.0, 1.5, 2.5]","[0.0, 0.0, 1.4142135]","[-3.5, -3.5, -3.0]","[2.0, 6.5, 7.0]","[1.7320508, 6.0, 7.0]","[-5.0, 1.5, 4.0]",[],[],[],3,0,0,1,0.0,3.0,1
57258,2,1,1,"[0.0, 0.0, 0.5, 0.5, 1.5, 2.0, 2.5, 3.5, 4.0, 5.0]","[0.0, 0.0, 0.0, 0.0, 0.0, 1.4142135, 1.7320508, 2.0, 3.1622777, 4.582576]","[2.5, 3.5]","[0.0, 3.4641016]","[-2.0, -1.5]",[3.5],[3.4641016],[-2.0],[9.0],[9.0],[7.0],[9.0],[9.0],[7.0],0,1,0,0,0.0,0.0,0
253,2,2,1,"[0.0, 0.0, 0.0, 0.5, 1.5, 2.0, 2.0, 3.5, 5.0, 6.0]","[0.0, 0.0, 0.0, 0.0, 0.0, 0.0, 2.0, 3.1622777, 4.8989797, 5.196152]","[1.5, 2.5]","[0.0, 1.4142135]","[-3.0, -1.5]","[1.5, 2.5]","[0.0, 1.4142135]","[-3.0, -1.5]","[3.5, 6.5]","[0.0, 6.4807405]","[-0.5, 3.5]",[2.5],[2.0],[0.5],1,0,1,0,1.0,0.0,1
62088,1,1,1,"[0.0, 0.5, 0.5, 1.0, 1.5, 2.0, 2.0, 3.0, 4.5, 6.0]","[0.0, 0.0, 0.0, 0.0, 0.0, 1.7320508, 2.0, 2.828427, 4.2426405, 5.196152]",[3.5],[0.0],[-1.5],[3.5],[0.0],[-1.5],[4.5],[3.7416575],[3.0],[4.5],[3.7416575],[3.0],0,1,0,0,0.0,0.0,0
63507,2,2,2,"[0.0, 0.5, 1.0, 1.5, 1.5, 2.0, 2.0, 3.5, 4.5, 7.5]","[0.0, 0.0, 0.0, 0.0, 0.0, 1.4142135, 1.4142135, 2.4494898, 3.7416575, 7.483315]","[2.5, 3.0]","[2.0, 3.0]","[-4.0, -1.5]","[2.5, 3.0]","[2.0, 3.0]","[-4.0, -1.5]","[4.5, 7.0]","[4.2426405, 6.928203]","[-0.5, 6.0]","[4.5, 7.0]","[4.2426405, 6.928203]","[-0.5, 6.0]",0,2,0,0,0.0,0.0,0
6090,3,2,1,"[0.0, 0.5, 1.0, 1.0, 1.5, 1.5, 1.5, 5.0, 5.0, 6.5]","[0.0, 0.0, 0.0, 0.0, 0.0, 1.4142135, 1.4142135, 4.582576, 4.8989797, 6.4807405]","[1.0, 3.0, 3.5]","[1.0, 2.828427, 3.1622777]","[-3.5, -3.0, -2.0]","[1.0, 3.0]","[1.0, 2.828427]","[-3.5, -3.0]","[3.5, 6.0]","[3.1622777, 5.656854]","[-2.0, 2.5]",[3.0],[0.0],[0.5],1,0,1,0,1.0,0.0,0
28984,3,2,2,"[0.0, 0.5, 0.5, 1.0, 1.5, 1.5, 2.5, 4.0, 4.5, 5.5]","[0.0, 0.0, 0.0, 0.0, 0.0, 0.0, 1.4142135, 2.828427, 3.4641016, 4.2426405]","[1.5, 2.0, 4.0]","[0.0, 1.4142135, 2.6457512]","[-5.0, -4.5, -4.5]","[1.5, 2.0]","[0.0, 1.4142135]","[-5.0, -4.5]","[3.5, 5.5]","[0.0, 4.2426405]","[2.5, 4.0]","[3.5, 5.5]","[0.0, 4.2426405]","[2.5, 4.0]",0,2,0,0,0.0,0.0,0
29080,4,2,2,"[0.0, 0.0, 0.0, 1.0, 2.0, 2.5, 2.5, 4.0, 7.5, 7.5]","[0.0, 0.0, 0.0, 0.0, 0.0, 0.0, 2.0, 3.4641016, 7.483315, 7.483315]","[1.5, 1.5, 2.5, 3.5]","[0.0, 0.0, 2.4494898, 3.1622777]","[-4.5, -4.5, -4.0, -1.5]","[1.5, 2.5]","[0.0, 2.4494898]","[-4.5, -4.5]","[3.5, 8.0]","[3.4641016, 7.937254]","[-1.0, 4.0]","[3.5, 8.0]","[3.4641016, 7.937254]","[-1.0, 4.0]",0,2,0,0,0.0,0.0,0
747,4,3,2,"[0.0, 0.0, 0.0, 0.0, 2.0, 3.0, 3.5, 4.5, 4.5, 5.0]","[0.0, 0.0, 0.0, 0.0, 0.0, 0.0, 0.0, 1.7320508, 4.472136, 5.0]","[1.5, 3.5, 4.0, 5.5]","[0.0, 2.4494898, 3.8729835, 5.2915025]","[-3.5, -3.0, -2.5, -2.0]","[1.5, 3.5, 4.0]","[0.0, 2.4494898, 3.8729835]","[-3.5, -3.0, -2.5]","[5.0, 5.5, 7.5]","[3.0, 4.8989797, 7.3484693]","[0.5, 5.0, 5.5]","[5.5, 5.5]","[4.8989797, 4.8989797]","[3.0, 5.5]",1,1,1,0,1.0,0.0,1
3180,2,1,1,"[0.5, 0.5, 1.5, 1.5, 2.0, 2.0, 2.5, 3.0, 4.0, 4.5]","[0.0, 0.0, 0.0, 0.0, 0.0, 0.0, 0.0, 1.7320508, 2.0, 2.236068]","[3.0, 6.0]","[3.0, 5.91608]","[-4.0, -2.5]",[3.0],[3.0],[-4.0],[5.5],[5.2915025],[5.0],[5.5],[5.2915025],[5.0],0,1,0,0,0.0,0.0,0
46397,9,3,2,"[0.0, 0.5, 0.5, 2.0, 2.5, 3.0, 4.0, 4.0, 5.5, 8.5]","[0.0, 0.0, 0.0, 0.0, 0.0, 2.4494898, 3.0, 3.4641016, 5.2915025, 8.485281]","[1.0, 2.0, 2.5, 3.0, 3.0, 4.0, 4.5, 5.0, 6.0]","[0.0, 0.0, 1.7320508, 2.0, 3.0, 3.0, 4.472136, 4.8989797, 6.0]","[-5.5, -4.0, -3.5, -3.0, -2.5, -2.5, -2.5, -2.5, -1.5]","[1.0, 3.0, 3.0]","[0.0, 3.0, 3.0]","[-5.5, -4.0, -3.5]","[3.5, 3.5, 7.0]","[0.0, 0.0, 6.928203]","[-0.5, 0.0, 1.5]","[3.5, 4.5]","[0.0, 4.472136]","[0.0, 3.5]",1,1,1,0,1.0,0.0,0
58229,2,2,1,"[0.0, 0.0, 0.5, 0.5, 0.5, 1.0, 1.5, 2.0, 3.5, 9.0]","[0.0, 0.0, 0.0, 0.0, 0.0, 0.0, 0.0, 0.0, 3.4641016, 9.0]","[4.0, 4.0]","[2.6457512, 3.8729835]","[-2.5, -1.5]","[4.0, 4.0]","[2.6457512, 3.8729835]","[-2.5, -1.5]","[2.0, 3.5]","[1.7320508, 2.4494898]","[-2.5, -2.5]",[8.5],[8.485281],[7.0],1,0,1,0,1.0,0.0,0
7725,2,2,1,"[0.0, 0.5, 0.5, 1.0, 1.0, 1.0, 1.0, 2.0, 2.5, 4.5]","[0.0, 0.0, 0.0, 0.0, 0.0, 0.0, 1.0, 1.7320508, 2.0, 3.7416575]","[1.5, 3.0]","[0.0, 1.4142135]","[-1.0, -1.0]","[1.5, 3.0]","[0.0, 1.4142135]","[-1.0, -1.0]","[0.5, 4.5]","[0.0, 4.472136]","[-0.5, 0.5]",[6.0],[5.91608],[5.5],1,0,1,0,1.0,0.0,0
242,15,2,1,"[1.0, 1.5, 2.5, 3.0, 3.5, 3.5, 4.0, 4.0, 5.5, 8.5]","[0.0, 0.0, 0.0, 1.4142135, 2.0, 3.1622777, 3.4641016, 4.0, 4.8989797, 8.485281]","[1.0, 2.0, 2.5, 2.5, 2.5, 3.0, 3.0, 3.0, 3.5, 3.5, 3.5, 3.5, 4.5, 4.5, 5.0]","[0.0, 0.0, 0.0, 1.0, 2.4494898, 2.4494898, 2.4494898, 2.828427, 2.828427, 3.1622777, 3.1622777, 3.4641016, 3.7416575, 3.7416575, 4.582576]","[-7.5, -6.0, -5.0, -4.0, -4.0, -3.5, -3.5, -3.0, -2.5, -2.5, -2.5, -2.0, -1.5, -1.0, -1.0]","[1.0, 2.0]","[0.0, 1.0]","[-7.5, -6.0]","[3.5, 6.5]","[3.1622777, 6.4807405]","[-2.0, 2.0]",[3.5],[2.4494898],[2.0],1,0,1,0,1.0,0.0,1
68303,7,2,1,"[0.0, 0.0, 0.5, 1.0, 1.5, 4.0, 4.5, 5.0, 5.5, 6.0]","[0.0, 0.0, 0.0, 0.0, 0.0, 2.828427, 4.0, 4.8989797, 4.8989797, 5.656854]","[1.0, 1.0, 2.0, 2.5, 3.0, 3.0, 4.0]","[0.0, 0.0, 1.0, 1.7320508, 2.236068, 3.0, 3.4641016]","[-6.0, -5.5, -5.0, -4.0, -3.5, -3.0, -2.0]","[1.0, 2.0]","[1.0, 1.7320508]","[-6.0, -4.0]","[4.5, 7.0]","[3.7416575, 7.0]","[1.0, 2.0]",[4.0],[2.6457512],[0.5],1,0,1,0,1.0,0.0,0
968,6,2,1,"[0.0, 0.5, 1.0, 2.0, 2.5, 3.5, 3.5, 4.0, 4.0, 4.5]","[0.0, 0.0, 0.0, 0.0, 1.0, 2.4494898, 2.4494898, 2.6457512, 3.4641016, 4.472136]","[1.0, 2.5, 3.0, 3.5, 3.5, 4.0]","[1.0, 2.0, 3.0, 3.1622777, 3.4641016, 3.4641016]","[-4.0, -3.0, -3.0, -3.0, -2.0, -1.0]","[1.0, 3.0]","[1.0, 3.0]","[-4.0, -3.0]","[3.5, 8.0]","[0.0, 7.937254]","[0.5, 6.0]",[5.0],[3.0],[4.5],1,0,1,0,1.0,0.0,1
263,12,3,2,"[0.0, 0.5, 0.5, 0.5, 4.0, 5.0, 5.5, 6.0, 8.0, 8.0]","[0.0, 0.0, 0.0, 0.0, 0.0, 3.0, 4.8989797, 6.0, 7.937254, 8.0]","[0.5, 1.0, 1.0, 1.0, 2.0, 3.5, 4.0, 4.0, 4.0, 5.0, 5.5, 6.5]","[0.0, 0.0, 0.0, 1.0, 1.7320508, 3.4641016, 3.4641016, 3.8729835, 4.0, 4.8989797, 5.477226, 6.4807405]","[-7.5, -7.0, -6.5, -4.0, -4.0, -3.5, -3.5, -3.0, -3.0, -3.0, -2.5, -2.0]","[0.5, 1.0, 2.0]","[0.0, 0.0, 1.7320508]","[-7.5, -6.5, -4.0]","[3.0, 6.5, 6.5]","[2.828427, 6.3245554, 6.3245554]","[-1.0, -0.5, 1.0]","[6.5, 8.0]","[6.3245554, 7.937254]","[-1.0, 4.5]",1,1,1,0,1.0,0.0,1
435,5,3,2,"[0.5, 0.5, 1.0, 1.5, 2.0, 2.0, 2.0, 2.5, 4.5, 6.5]","[0.0, 0.0, 0.0, 0.0, 0.0, 1.0, 1.7320508, 1.7320508, 2.4494898, 6.0]","[1.0, 1.0, 3.0, 3.5, 6.0]","[0.0, 0.0, 0.0, 1.0, 5.91608]","[-3.0, -3.0, -2.5, -2.0, -1.0]","[1.0, 1.0, 6.0]","[0.0, 1.0, 5.91608]","[-3.0, -2.5, -1.0]","[5.5, 6.0, 6.0]","[4.2426405, 5.196152, 5.196152]","[1.0, 3.5, 5.0]","[3.0, 6.0]","[2.236068, 5.196152]","[2.5, 5.0]",1,1,1,0,1.0,0.0,1
419,5,2,2,"[0.0, 0.0, 0.0, 0.5, 1.0, 2.0, 3.5, 5.0, 5.0, 7.5]","[0.0, 0.0, 0.0, 0.0, 0.0, 0.0, 3.0, 3.0, 3.1622777, 7.3484693]","[1.5, 3.0, 3.0, 4.0, 5.0]","[0.0, 1.4142135, 3.0, 4.0, 4.582576]","[-7.5, -4.0, -4.0, -3.5, -3.5]","[1.5, 3.0]","[1.4142135, 3.0]","[-7.5, -3.5]","[2.0, 2.0]","[1.7320508, 2.0]","[-1.5, 1.5]","[2.0, 2.0]","[1.7320508, 2.0]","[-1.5, 1.5]",0,2,0,0,0.0,0.0,1
41077,2,2,2,"[1.0, 1.0, 1.0, 1.5, 1.5, 2.0, 2.0, 2.0, 5.0, 8.0]","[0.0, 0.0, 0.0, 0.0, 0.0, 0.0, 1.0, 2.0, 4.582576, 7.937254]","[0.5, 4.0]","[0.0, 2.6457512]","[-3.0, -1.5]","[0.5, 4.0]","[0.0, 2.6457512]","[-3.0, -1.5]","[5.0, 7.5]","[5.0, 7.3484693]","[1.5, 7.5]","[5.0, 7.5]","[5.0, 7.3484693]","[1.5, 7.5]",0,2,0,0,0.0,0.0,0
69,6,2,2,"[0.0, 1.0, 1.0, 2.5, 3.0, 3.0, 3.0, 3.0, 4.0, 4.5]","[0.0, 0.0, 0.0, 0.0, 1.0, 2.0, 2.236068, 2.828427, 2.828427, 3.4641016]","[1.5, 1.5, 2.5, 3.5, 3.5, 3.5]","[0.0, 0.0, 0.0, 2.4494898, 3.4641016, 3.4641016]","[-4.0, -3.5, -3.0, -1.5, -1.0, -1.0]","[1.5, 3.5]","[0.0, 2.4494898]","[-4.0, -3.0]","[3.5, 4.0]","[3.1622777, 3.8729835]","[2.5, 3.0]","[3.5, 4.0]","[3.1622777, 3.8729835]","[2.5, 3.0]",0,2,0,0,0.0,0.0,1
85,11,5,2,"[0.0, 0.5, 0.5, 0.5, 2.5, 3.0, 4.0, 5.0, 7.0, 7.0]","[0.0, 0.0, 0.0, 0.0, 0.0, 2.236068, 3.4641016, 4.0, 6.928203, 7.0]","[0.5, 1.5, 1.5, 2.0, 3.5, 3.5, 3.5, 3.5, 3.5, 4.0, 5.0]","[0.0, 0.0, 0.0, 0.0, 0.0, 0.0, 2.4494898, 3.1622777, 3.4641016, 3.4641016, 4.8989797]","[-4.0, -3.5, -3.5, -3.5, -3.0, -3.0, -3.0, -2.5, -1.5, -1.0, -1.0]","[0.5, 1.5, 1.5, 3.5, 4.0]","[0.0, 0.0, 0.0, 3.1622777, 3.4641016]","[-4.0, -3.5, -3.5, -3.0, -2.5]","[3.0, 3.5, 6.0, 6.5, 7.5]","[0.0, 2.236068, 5.196152, 6.0, 7.483315]","[-3.5, 1.0, 2.0, 2.0, 5.5]","[3.0, 6.0]","[2.236068, 5.196152]","[2.0, 5.5]",3,2,0,1,0.0,3.0,1
283,6,3,1,"[0.5, 0.5, 0.5, 1.5, 2.0, 2.0, 5.0, 5.5, 6.0, 7.5]","[0.0, 0.0, 0.0, 0.0, 0.0, 0.0, 4.0, 4.8989797, 5.656854, 7.3484693]","[1.0, 2.0, 2.0, 2.5, 5.0, 7.0]","[0.0, 0.0, 1.0, 1.7320508, 4.582576, 7.0]","[-5.0, -4.5, -3.5, -3.0, -1.5, -1.0]","[2.0, 2.5, 5.0]","[0.0, 0.0, 4.582576]","[-4.5, -3.5, -3.0]","[3.5, 4.0, 5.0]","[3.0, 3.1622777, 3.8729835]","[-1.5, -1.0, -1.0]",[3.5],[2.4494898],[0.0],2,0,1,0,2.0,0.0,1
27688,3,2,2,"[0.5, 1.0, 1.5, 1.5, 1.5, 2.0, 2.5, 2.5, 3.0, 5.0]","[0.0, 0.0, 0.0, 0.0, 0.0, 1.4142135, 2.0, 2.4494898, 2.828427, 4.8989797]","[0.5, 1.5, 1.5]","[0.0, 0.0, 1.4142135]","[-2.5, -2.0, -1.5]","[0.5, 1.5]","[0.0, 0.0]","[-2.5, -2.0]","[7.5, 8.0]","[7.3484693, 7.937254]","[6.5, 8.0]","[7.5, 8.0]","[7.3484693, 7.937254]","[6.5, 8.0]",0,2,0,0,0.0,0.0,0
67732,7,3,2,"[0.5, 0.5, 1.5, 2.0, 2.5, 3.0, 5.0, 5.0, 5.0, 6.0]","[0.0, 0.0, 0.0, 0.0, 1.4142135, 2.4494898, 3.0, 4.582576, 4.8989797, 5.196152]","[1.0, 3.0, 3.0, 3.5, 4.0, 4.5, 4.5]","[0.0, 0.0, 2.236068, 2.4494898, 2.6457512, 2.828427, 3.7416575]","[-4.5, -4.5, -3.5, -3.5, -3.0, -2.5, -1.5]","[1.0, 3.0, 4.5]","[0.0, 0.0, 2.828427]","[-4.5, -3.5, -2.5]","[4.0, 5.0, 5.5]","[3.0, 3.4641016, 5.477226]","[2.0, 2.0, 3.5]","[4.0, 4.5]","[3.4641016, 3.7416575]","[2.0, 4.5]",1,1,1,0,1.0,0.0,0
14796,3,3,3,"[0.0, 0.5, 1.0, 1.5, 1.5, 2.0, 2.5, 3.5, 4.0, 5.0]","[0.0, 0.0, 0.0, 0.0, 0.0, 0.0, 0.0, 0.0, 3.4641016, 4.0]","[0.5, 2.0, 3.0]","[0.0, 0.0, 2.0]","[-2.5, -2.0, -2.0]","[0.5, 2.0, 3.0]","[0.0, 0.0, 2.0]","[-2.5, -2.0, -2.0]","[4.5, 5.0, 5.5]","[0.0, 5.0, 5.2915025]","[3.0, 3.5, 5.5]","[4.5, 5.0, 5.5]","[0.0, 5.0, 5.2915025]","[3.0, 3.5, 5.5]",0,3,0,0,0.0,0.0,0
25786,13,5,3,"[0.5, 1.0, 1.0, 1.5, 1.5, 3.5, 4.0, 4.5, 8.0, 8.5]","[0.0, 0.0, 0.0, 1.0, 1.4142135, 1.4142135, 3.1622777, 4.2426405, 7.937254, 8.485281]","[0.5, 1.0, 1.5, 2.0, 2.5, 2.5, 2.5, 3.0, 3.5, 3.5, 5.0, 5.0, 6.0]","[0.0, 0.0, 0.0, 0.0, 1.0, 1.4142135, 2.0, 2.4494898, 2.4494898, 3.4641016, 4.582576, 4.8989797, 5.91608]","[-6.0, -5.5, -4.0, -4.0, -3.5, -3.5, -3.0, -2.5, -2.5, -2.5, -2.0, -2.0, -1.5]","[0.5, 1.0, 2.0, 2.5, 3.5]","[0.0, 0.0, 1.0, 2.0, 3.4641016]","[-5.5, -4.0, -3.5, -3.5, -2.5]","[3.0, 4.5, 4.5, 6.0, 7.5]","[0.0, 2.828427, 4.472136, 5.656854, 7.483315]","[-2.0, -0.5, -0.5, 1.5, 7.0]","[5.0, 7.0, 7.5]","[3.0, 7.0, 7.483315]","[3.5, 5.5, 7.0]",2,1,2,0,1.0,0.0,0
78614,8,3,2,"[0.5, 0.5, 1.0, 1.5, 1.5, 2.5, 4.5, 6.0, 6.5, 7.5]","[0.0, 0.0, 0.0, 0.0, 1.4142135, 2.0, 3.7416575, 5.196152, 6.0, 7.483315]","[1.0, 2.5, 3.0, 3.0, 3.5, 4.0, 4.0, 4.5]","[1.0, 2.236068, 2.4494898, 2.828427, 3.4641016, 3.4641016, 3.8729835, 4.472136]","[-6.0, -5.0, -5.0, -4.5, -3.5, -3.5, -3.0, -2.5]","[1.0, 3.0, 3.5]","[1.0, 2.236068, 3.4641016]","[-4.5, -3.0, -2.5]","[2.5, 5.5, 6.5]","[0.0, 4.8989797, 6.0]","[0.0, 0.0, 5.0]","[3.0, 6.5]","[0.0, 6.0]","[1.5, 5.0]",1,1,1,0,1.0,0.0,0
915,7,3,2,"[0.0, 0.5, 0.5, 1.5, 2.0, 2.5, 4.5, 4.5, 7.0, 8.5]","[0.0, 0.0, 0.0, 0.0, 2.0, 2.0, 2.828427, 3.7416575, 6.708204, 8.485281]","[1.0, 1.5, 2.5, 3.0, 3.5, 4.0, 4.5]","[0.0, 0.0, 1.0, 1.4142135, 3.4641016, 3.8729835, 4.472136]","[-7.0, -5.5, -3.5, -2.5, -2.5, -2.0, -2.0]","[1.0, 1.5, 3.0]","[0.0, 1.0, 1.4142135]","[-7.0, -5.5, -2.0]","[1.0, 4.5, 5.5]","[0.0, 4.472136, 5.477226]","[-2.5, 0.0, 0.5]","[1.0, 7.0]","[0.0, 6.928203]","[0.0, 2.0]",1,1,1,0,1.0,0.0,1
60373,11,4,3,"[1.0, 1.5, 2.0, 2.5, 3.0, 3.5, 4.0, 4.5, 6.5, 7.0]","[0.0, 0.0, 1.0, 1.4142135, 2.236068, 3.4641016, 4.0, 4.472136, 6.4807405, 6.708204]","[0.5, 1.0, 1.5, 1.5, 2.0, 2.5, 2.5, 3.0, 3.0, 3.5, 5.0]","[0.0, 0.0, 0.0, 1.4142135, 1.7320508, 2.0, 2.0, 2.828427, 2.828427, 3.1622777, 4.8989797]","[-5.0, -5.0, -4.0, -3.5, -3.0, -2.5, -2.5, -2.0, -2.0, -1.5, -1.5]","[0.5, 2.5, 2.5, 3.0]","[0.0, 2.0, 2.0, 2.828427]","[-3.5, -3.0, -2.5, -2.0]","[3.5, 3.5, 6.0, 9.0]","[2.4494898, 3.4641016, 5.196152, 9.0]","[-2.5, -0.5, 3.0, 4.5]","[2.5, 3.5, 9.0]","[0.0, 2.4494898, 9.0]","[-2.5, 2.0, 4.5]",1,2,1,0,1.0,0.0,0
851,10,3,3,"[0.0, 0.0, 0.5, 1.5, 1.5, 2.0, 5.0, 5.0, 6.5, 7.0]","[0.0, 0.0, 0.0, 1.4142135, 1.4142135, 1.7320508, 3.0, 4.8989797, 6.4807405, 6.928203]","[1.0, 2.0, 2.0, 2.5, 3.0, 3.0, 3.5, 3.5, 4.0, 5.5]","[0.0, 0.0, 0.0, 0.0, 2.0, 2.0, 2.236068, 3.4641016, 3.8729835, 5.477226]","[-4.5, -4.5, -4.0, -3.5, -3.0, -2.5, -2.0, -1.5, -1.0, -1.0]","[1.0, 2.0, 3.0]","[0.0, 0.0, 2.0]","[-4.5, -3.5, -3.0]","[3.0, 4.5, 6.0]","[0.0, 3.0, 5.196152]","[-0.5, 0.5, 3.5]","[3.0, 4.5, 6.0]","[0.0, 3.0, 5.196152]","[-0.5, 0.5, 3.5]",0,3,0,0,0.0,0.0,1
69295,6,3,1,"[0.5, 0.5, 1.0, 2.0, 2.5, 2.5, 4.5, 4.5, 4.5, 5.0]","[0.0, 0.0, 0.0, 1.7320508, 2.0, 2.4494898, 3.7416575, 3.7416575, 4.472136, 4.8989797]","[1.0, 1.5, 1.5, 2.0, 2.0, 3.0]","[0.0, 0.0, 0.0, 1.4142135, 1.4142135, 1.7320508]","[-3.5, -3.5, -3.0, -2.5, -2.5, -2.5]","[1.0, 2.0, 2.0]","[0.0, 0.0, 1.7320508]","[-3.5, -2.5, -2.5]","[1.0, 2.0, 4.5]","[0.0, 1.7320508, 4.472136]","[-3.5, -2.5, 3.5]",[4.5],[4.472136],[3.5],2,1,0,1,0.0,2.0,0
813,1,1,1,"[0.0, 0.0, 0.5, 0.5, 1.0, 1.5, 1.5, 3.0, 5.0, 6.0]","[0.0, 0.0, 0.0, 0.0, 0.0, 1.4142135, 1.4142135, 2.236068, 4.8989797, 5.91608]",[1.5],[0.0],[-2.5],[1.5],[0.0],[-2.5],[7.0],[6.928203],[4.5],[7.0],[6.928203],[4.5],0,1,0,0,0.0,0.0,1
761,3,2,2,"[0.5, 1.0, 1.0, 1.5, 2.0, 2.5, 2.5, 3.0, 4.0, 6.5]","[0.0, 0.0, 0.0, 0.0, 0.0, 1.4142135, 2.236068, 2.4494898, 2.6457512, 6.4807405]","[2.0, 3.0, 3.5]","[0.0, 0.0, 3.4641016]","[-2.5, -2.5, -1.5]","[2.0, 3.5]","[0.0, 3.4641016]","[-2.5, -1.5]","[3.0, 3.5]","[2.236068, 2.4494898]","[-0.5, 1.5]","[3.0, 3.5]","[2.236068, 2.4494898]","[-0.5, 1.5]",0,2,0,0,0.0,0.0,1
55504,5,3,2,"[1.0, 1.0, 1.0, 1.5, 2.0, 2.5, 3.0, 4.0, 5.0, 5.0]","[0.0, 0.0, 0.0, 0.0, 1.0, 1.4142135, 2.4494898, 2.6457512, 4.8989797, 5.0]","[1.5, 2.0, 2.0, 3.5, 4.0]","[0.0, 0.0, 1.4142135, 3.4641016, 3.4641016]","[-4.0, -3.0, -2.0, -2.0, -1.5]","[1.5, 2.0, 3.5]","[0.0, 1.4142135, 3.4641016]","[-4.0, -2.0, -1.5]","[3.0, 3.5, 5.5]","[2.236068, 2.4494898, 5.2915025]","[0.5, 1.0, 2.0]","[3.5, 8.0]","[2.4494898, 7.937254]","[1.0, 7.0]",1,1,1,0,1.0,0.0,0
680,7,4,1,"[0.0, 0.0, 1.0, 1.5, 1.5, 2.0, 3.0, 4.0, 5.0, 5.5]","[0.0, 0.0, 0.0, 0.0, 1.0, 2.0, 2.236068, 2.6457512, 4.8989797, 5.2915025]","[0.5, 1.0, 1.0, 2.0, 2.5, 2.5, 2.5]","[0.0, 0.0, 0.0, 1.7320508, 2.0, 2.0, 2.4494898]","[-4.0, -4.0, -3.0, -3.0, -2.0, -2.0, -2.0]","[0.5, 1.0, 1.0, 2.0]","[0.0, 0.0, 0.0, 1.7320508]","[-4.0, -3.0, -3.0, -2.0]","[2.5, 5.0, 6.5, 7.5]","[2.0, 4.8989797, 6.0, 7.483315]","[-4.0, 2.5, 5.0, 6.0]",[6.5],[6.0],[6.0],3,1,0,1,0.0,3.0,1
90875,5,3,3,"[0.5, 0.5, 1.0, 1.5, 1.5, 2.5, 2.5, 5.0, 6.5, 7.0]","[0.0, 0.0, 1.0, 1.4142135, 1.4142135, 2.0, 2.4494898, 4.582576, 6.0, 6.708204]","[0.5, 1.5, 1.5, 4.0, 4.5]","[0.0, 0.0, 0.0, 1.4142135, 3.7416575]","[-4.5, -3.5, -2.5, -1.5, -1.5]","[0.5, 1.5, 1.5]","[0.0, 0.0, 1.4142135]","[-4.5, -3.5, -1.5]","[4.5, 5.0, 7.0]","[2.828427, 3.0, 6.708204]","[-0.5, 1.0, 6.0]","[4.5, 5.0, 7.0]","[2.828427, 3.0, 6.708204]","[-0.5, 1.0, 6.0]",0,3,0,0,0.0,0.0,0
625,3,2,1,"[0.5, 1.0, 1.0, 1.0, 1.5, 1.5, 3.0, 3.0, 4.5, 6.0]","[0.0, 0.0, 0.0, 0.0, 0.0, 0.0, 1.0, 2.828427, 4.2426405, 5.196152]","[2.0, 3.0, 5.0]","[0.0, 2.828427, 4.0]","[-3.0, -3.0, -1.5]","[2.0, 3.0]","[0.0, 2.828427]","[-3.0, -3.0]","[2.0, 5.0]","[0.0, 3.0]","[-2.5, 2.5]",[5.0],[4.582576],[2.5],1,0,1,0,1.0,0.0,1
42303,3,2,2,"[0.0, 0.5, 1.0, 1.0, 1.5, 2.0, 3.0, 3.0, 4.0, 7.5]","[0.0, 0.0, 0.0, 0.0, 0.0, 1.0, 1.4142135, 2.236068, 3.0, 7.483315]","[1.0, 2.5, 3.5]","[0.0, 0.0, 3.4641016]","[-4.5, -3.0, -2.5]","[1.0, 3.5]","[0.0, 3.4641016]","[-4.5, -3.0]","[5.5, 7.0]","[4.2426405, 7.0]","[2.0, 5.0]","[5.5, 7.0]","[4.2426405, 7.0]","[2.0, 5.0]",0,2,0,0,0.0,0.0,0
543,5,3,0,"[0.0, 0.5, 1.0, 1.0, 1.5, 2.0, 3.0, 5.0, 5.0, 7.5]","[0.0, 0.0, 0.0, 0.0, 1.0, 2.0, 2.236068, 4.582576, 5.0, 7.483315]","[1.0, 1.5, 2.0, 2.0, 2.5]","[0.0, 0.0, 0.0, 0.0, 1.7320508]","[-4.5, -3.0, -3.0, -2.0, -1.5]","[1.0, 1.5, 2.0]","[0.0, 0.0, 0.0]","[-4.5, -3.0, -1.5]","[5.0, 6.5, 7.5]","[4.8989797, 6.4807405, 7.483315]","[-1.0, 2.0, 4.5]",[],[],[],3,0,0,1,0.0,3.0,1
53266,9,3,1,"[0.0, 0.5, 1.5, 2.0, 2.0, 2.5, 2.5, 5.5, 7.0, 7.5]","[0.0, 0.0, 0.0, 0.0, 1.7320508, 2.0, 2.4494898, 4.2426405, 6.708204, 7.483315]","[1.0, 1.0, 1.5, 2.0, 2.5, 2.5, 3.0, 4.0, 4.0]","[0.0, 0.0, 0.0, 0.0, 1.0, 2.0, 2.236068, 2.4494898, 3.4641016]","[-6.5, -5.5, -5.0, -4.5, -3.5, -3.0, -2.0, -1.5, -1.5]","[1.0, 2.5, 4.0]","[0.0, 1.0, 2.0]","[-4.5, -3.5, -1.5]","[2.5, 3.0, 4.5]","[0.0, 2.236068, 4.472136]","[-5.5, 0.0, 0.0]",[1.5],[0.0],[-4.0],2,0,1,0,2.0,0.0,0
85192,13,2,2,"[0.5, 0.5, 1.0, 2.5, 3.5, 4.0, 4.5, 5.0, 5.5, 7.0]","[0.0, 0.0, 0.0, 0.0, 2.6457512, 3.1622777, 3.7416575, 4.0, 4.8989797, 6.928203]","[1.5, 2.0, 2.0, 2.0, 2.0, 2.5, 2.5, 3.0, 3.0, 3.0, 3.0, 3.5, 3.5]","[0.0, 0.0, 0.0, 0.0, 0.0, 0.0, 1.7320508, 2.0, 2.236068, 2.4494898, 2.4494898, 2.828427, 3.4641016]","[-4.5, -4.5, -4.0, -4.0, -4.0, -3.0, -2.5, -2.5, -2.5, -2.5, -2.0, -2.0, -2.0]","[2.0, 2.5]","[2.0, 2.4494898]","[-4.5, -4.0]","[3.5, 7.5]","[2.4494898, 7.3484693]","[-0.5, 6.5]","[3.5, 7.5]","[2.4494898, 7.3484693]","[-0.5, 6.5]",0,2,0,0,0.0,0.0,0
93655,11,4,2,"[0.0, 0.5, 1.5, 2.0, 2.5, 3.5, 4.5, 5.0, 7.0, 8.5]","[0.0, 0.0, 0.0, 1.4142135, 2.4494898, 3.0, 3.4641016, 4.472136, 6.708204, 8.485281]","[1.5, 2.0, 3.0, 3.0, 3.0, 3.0, 3.5, 3.5, 4.0, 4.0, 4.0]","[0.0, 0.0, 0.0, 0.0, 0.0, 0.0, 1.7320508, 2.236068, 2.828427, 2.828427, 3.4641016]","[-6.0, -5.0, -4.5, -4.0, -3.5, -3.0, -3.0, -2.0, -1.5, -1.5, -1.0]","[1.5, 2.0, 3.0, 4.0]","[0.0, 0.0, 1.7320508, 2.828427]","[-5.0, -4.5, -3.5, -3.0]","[3.0, 3.5, 5.5, 6.5]","[2.828427, 3.1622777, 5.2915025, 6.3245554]","[-3.0, -1.0, -1.0, 4.0]","[4.0, 7.0]","[0.0, 6.928203]","[1.5, 5.5]",2,0,2,0,1.0,0.0,0
35557,2,2,2,"[0.0, 0.0, 1.0, 1.5, 2.0, 2.0, 2.0, 2.0, 3.0, 5.5]","[0.0, 0.0, 0.0, 0.0, 1.4142135, 1.7320508, 1.7320508, 2.0, 2.236068, 5.2915025]","[1.5, 1.5]","[1.4142135, 1.4142135]","[-3.0, -1.5]","[1.5, 1.5]","[1.4142135, 1.4142135]","[-3.0, -1.5]","[4.0, 6.0]","[0.0, 5.656854]","[1.0, 5.0]","[4.0, 6.0]","[0.0, 5.656854]","[1.0, 5.0]",0,2,0,0,0.0,0.0,0
73348,6,4,3,"[0.5, 1.0, 1.5, 2.0, 2.0, 2.5, 3.5, 3.5, 4.0, 9.0]","[0.0, 0.0, 0.0, 0.0, 1.4142135, 1.7320508, 2.4494898, 2.6457512, 3.1622777, 9.0]","[2.0, 2.0, 2.5, 3.5, 3.5, 4.5]","[0.0, 0.0, 0.0, 2.0, 2.828427, 3.4641016]","[-5.0, -4.5, -3.0, -2.5, -2.0, -1.5]","[2.0, 2.0, 3.5, 4.5]","[0.0, 0.0, 2.0, 2.828427]","[-3.0, -2.5, -2.0, -1.5]","[3.5, 5.0, 7.0, 7.5]","[0.0, 5.0, 6.928203, 7.483315]","[0.5, 2.5, 3.0, 4.0]","[3.5, 5.0, 7.0]","[0.0, 4.8989797, 6.928203]","[2.5, 4.0, 5.0]",1,2,1,0,1.0,0.0,0
64968,5,3,2,"[0.0, 0.5, 1.5, 1.5, 2.0, 2.5, 3.0, 4.0, 4.5, 6.0]","[0.0, 0.0, 0.0, 0.0, 1.7320508, 2.0, 2.6457512, 3.0, 4.2426405, 5.91608]","[0.5, 0.5, 1.5, 2.5, 2.5]","[0.0, 0.0, 0.0, 1.4142135, 2.4494898]","[-4.5, -4.0, -3.5, -3.0, -2.5]","[0.5, 0.5, 2.5]","[0.0, 0.0, 0.0]","[-4.5, -4.0, -2.5]","[4.5, 6.0, 9.0]","[2.828427, 5.656854, 9.0]","[-1.0, 4.5, 8.5]","[2.0, 9.0]","[0.0, 9.0]","[-0.5, 8.5]",1,1,1,0,1.0,0.0,0
774,6,1,1,"[0.0, 0.0, 1.5, 2.0, 2.5, 2.5, 3.0, 4.0, 6.5, 7.0]","[0.0, 0.0, 0.0, 0.0, 0.0, 1.4142135, 3.0, 3.8729835, 6.3245554, 6.708204]","[1.5, 1.5, 2.5, 2.5, 3.5, 3.5]","[0.0, 0.0, 1.4142135, 2.0, 2.4494898, 3.1622777]","[-5.5, -5.0, -4.5, -3.5, -3.5, -1.5]",[1.5],[0.0],[-3.5],[5.0],[5.0],[1.0],[5.0],[5.0],[1.0],0,1,0,0,0.0,0.0,1
498,1,1,1,"[0.0, 0.0, 0.0, 0.5, 0.5, 1.0, 2.5, 2.5, 3.5, 6.5]","[0.0, 0.0, 0.0, 0.0, 0.0, 0.0, 0.0, 2.4494898, 2.4494898, 6.0]",[3.0],[2.236068],[-1.0],[3.0],[2.236068],[-1.0],[5.0],[4.582576],[3.0],[5.0],[4.582576],[3.0],0,1,0,0,0.0,0.0,1
69562,4,2,1,"[0.0, 0.0, 0.5, 1.5, 1.5, 2.0, 2.0, 2.5, 4.0, 5.0]","[0.0, 0.0, 0.0, 0.0, 0.0, 1.4142135, 1.7320508, 2.0, 3.0, 3.8729835]","[1.5, 2.5, 4.0, 6.0]","[1.4142135, 2.0, 2.6457512, 5.656854]","[-4.5, -2.5, -2.0, -1.0]","[1.5, 2.5]","[1.4142135, 2.0]","[-4.5, -2.5]","[5.0, 8.5]","[4.8989797, 8.485281]","[3.5, 5.5]",[9.0],[9.0],[8.5],1,0,1,0,1.0,0.0,0
598,2,2,1,"[0.0, 0.0, 0.5, 0.5, 0.5, 1.5, 2.5, 4.0, 5.5, 6.0]","[0.0, 0.0, 0.0, 0.0, 0.0, 0.0, 1.4142135, 2.6457512, 5.196152, 5.2915025]","[2.0, 3.0]","[0.0, 1.7320508]","[-4.5, -1.0]","[2.0, 3.0]","[0.0, 1.7320508]","[-4.5, -1.0]","[3.0, 4.5]","[2.236068, 4.472136]","[-2.0, -1.0]",[3.5],[0.0],[-1.5],1,0,1,0,1.0,0.0,1
66,4,3,2,"[0.5, 1.5, 1.5, 1.5, 2.0, 3.0, 3.5, 4.0, 4.0, 6.5]","[0.0, 0.0, 0.0, 1.4142135, 1.4142135, 1.7320508, 2.236068, 2.6457512, 3.4641016, 6.4807405]","[2.5, 3.5, 3.5, 4.5]","[2.4494898, 2.4494898, 2.4494898, 4.472136]","[-3.0, -2.5, -1.5, -1.5]","[2.5, 3.5, 4.5]","[2.4494898, 2.4494898, 4.472136]","[-3.0, -2.5, -1.5]","[3.5, 4.5, 4.5]","[0.0, 3.1622777, 4.472136]","[-0.5, 0.0, 4.0]","[4.5, 7.5]","[4.472136, 7.3484693]","[4.0, 5.5]",1,1,1,0,1.0,0.0,1
32,8,3,2,"[0.0, 0.0, 1.0, 1.5, 2.0, 2.5, 2.5, 6.0, 6.5, 7.0]","[0.0, 0.0, 0.0, 0.0, 0.0, 1.4142135, 2.4494898, 6.0, 6.4807405, 6.708204]","[1.5, 1.5, 2.0, 2.0, 4.0, 4.0, 4.5, 4.5]","[0.0, 0.0, 0.0, 1.4142135, 2.6457512, 3.8729835, 4.2426405, 4.472136]","[-5.0, -4.0, -3.0, -3.0, -3.0, -3.0, -2.5, -2.0]","[1.5, 2.0, 2.0]","[0.0, 0.0, 0.0]","[-5.0, -4.0, -3.0]","[1.5, 1.5, 7.0]","[0.0, 1.4142135, 6.928203]","[-3.0, -1.0, 0.5]","[1.5, 5.0]","[0.0, 4.0]","[-1.0, 0.5]",1,1,1,0,1.0,0.0,1
463,1,1,1,"[0.0, 0.5, 1.0, 1.0, 1.5, 1.5, 2.0, 2.0, 3.0, 6.5]","[0.0, 0.0, 0.0, 0.0, 0.0, 1.0, 1.4142135, 1.7320508, 3.0, 6.4807405]",[1.5],[0.0],[-3.5],[1.5],[0.0],[-3.5],[3.5],[3.1622777],[-1.0],[3.5],[3.1622777],[-1.0],0,1,0,0,0.0,0.0,1
200,4,3,2,"[0.5, 0.5, 1.0, 1.0, 2.0, 2.5, 4.0, 4.0, 5.0, 7.0]","[0.0, 0.0, 0.0, 0.0, 0.0, 1.7320508, 2.4494898, 3.0, 4.0, 6.708204]","[3.5, 3.5, 3.5, 4.0]","[0.0, 0.0, 3.4641016, 3.4641016]","[-3.5, -3.0, -2.5, -1.5]","[3.5, 3.5, 4.0]","[0.0, 3.4641016, 3.4641016]","[-3.5, -3.0, -1.5]","[4.5, 5.5, 5.5]","[0.0, 4.2426405, 5.2915025]","[-0.5, 1.0, 4.5]","[5.0, 5.5]","[4.2426405, 4.8989797]","[2.5, 4.5]",1,1,1,0,1.0,0.0,1
107,7,3,2,"[0.5, 1.0, 1.0, 1.5, 1.5, 2.0, 2.5, 4.5, 7.0, 8.5]","[0.0, 0.0, 0.0, 1.0, 1.0, 1.4142135, 1.4142135, 1.7320508, 6.928203, 8.485281]","[1.0, 1.5, 1.5, 2.5, 3.5, 4.0, 5.0]","[0.0, 0.0, 0.0, 1.4142135, 2.6457512, 3.1622777, 4.8989797]","[-6.5, -5.0, -4.0, -4.0, -3.0, -2.5, -1.5]","[1.0, 1.5, 3.5]","[0.0, 1.4142135, 3.1622777]","[-5.0, -4.0, -4.0]","[4.0, 4.0, 6.0]","[2.6457512, 3.8729835, 5.656854]","[0.0, 0.5, 1.5]","[4.0, 9.0]","[3.8729835, 9.0]","[0.5, 9.0]",1,1,1,0,1.0,0.0,1
96768,5,3,2,"[0.0, 0.5, 1.0, 1.0, 2.0, 2.0, 3.0, 5.0, 6.0, 6.5]","[0.0, 0.0, 0.0, 0.0, 0.0, 0.0, 0.0, 4.8989797, 5.656854, 6.3245554]","[1.0, 1.0, 3.0, 3.0, 3.0]","[0.0, 0.0, 1.0, 2.236068, 3.0]","[-5.0, -5.0, -5.0, -4.0, -2.0]","[1.0, 3.0, 3.0]","[1.0, 2.236068, 3.0]","[-5.0, -4.0, -2.0]","[1.5, 3.0, 5.5]","[1.4142135, 2.236068, 5.477226]","[-1.0, -1.0, 1.5]","[1.5, 3.0]","[0.0, 1.4142135]","[-1.0, 1.0]",1,1,1,0,1.0,0.0,0
203,4,1,1,"[0.5, 0.5, 1.0, 1.0, 2.5, 3.0, 3.0, 4.0, 6.0, 6.5]","[0.0, 0.0, 0.0, 0.0, 0.0, 0.0, 2.0, 3.8729835, 5.196152, 6.0]","[1.0, 1.5, 2.0, 4.0]","[0.0, 0.0, 0.0, 3.8729835]","[-6.5, -4.5, -3.0, -1.5]",[1.0],[0.0],[-6.5],[6.0],[5.91608],[4.5],[6.0],[5.91608],[4.5],0,1,0,0,0.0,0.0,1
70424,7,2,1,"[0.0, 0.5, 0.5, 0.5, 1.0, 1.5, 3.0, 5.0, 6.5, 6.5]","[0.0, 0.0, 0.0, 0.0, 0.0, 0.0, 1.4142135, 4.8989797, 6.0, 6.4807405]","[1.5, 2.0, 3.0, 3.5, 4.0, 4.0, 5.0]","[0.0, 0.0, 0.0, 2.236068, 3.4641016, 3.8729835, 4.8989797]","[-4.5, -4.0, -2.5, -2.5, -2.0, -2.0, -1.5]","[1.5, 2.0]","[0.0, 0.0]","[-2.0, -2.0]","[2.0, 5.0]","[0.0, 3.0]","[-1.5, 2.0]",[6.0],[5.91608],[6.0],1,0,1,0,1.0,0.0,0
266,2,2,2,"[0.0, 0.5, 0.5, 1.0, 1.0, 1.5, 2.0, 2.0, 3.0, 7.0]","[0.0, 0.0, 0.0, 0.0, 0.0, 0.0, 0.0, 0.0, 2.828427, 6.928203]","[1.0, 3.0]","[0.0, 2.236068]","[-1.5, -1.5]","[1.0, 3.0]","[0.0, 2.236068]","[-1.5, -1.5]","[3.5, 6.5]","[3.4641016, 6.0]","[-0.5, 6.5]","[3.5, 6.5]","[3.4641016, 6.0]","[-0.5, 6.5]",0,2,0,0,0.0,0.0,1
969,3,1,1,"[0.5, 1.0, 1.5, 1.5, 2.0, 2.0, 3.5, 4.5, 5.0, 5.5]","[0.0, 0.0, 0.0, 0.0, 1.4142135, 2.0, 2.828427, 3.4641016, 4.582576, 4.8989797]","[3.0, 3.0, 4.5]","[0.0, 2.236068, 3.7416575]","[-3.0, -2.5, -1.5]",[3.0],[2.236068],[-2.5],[4.0],[0.0],[0.5],[4.0],[0.0],[0.5],0,1,0,0,0.0,0.0,1
619,7,2,1,"[0.0, 1.0, 1.0, 1.0, 2.0, 2.5, 3.0, 3.0, 5.5, 7.0]","[0.0, 0.0, 0.0, 0.0, 0.0, 0.0, 0.0, 2.236068, 4.8989797, 6.928203]","[1.0, 2.0, 2.0, 3.0, 3.5, 4.0, 4.5]","[0.0, 0.0, 0.0, 1.0, 2.0, 3.4641016, 3.7416575]","[-6.0, -3.5, -3.0, -3.0, -1.5, -1.5, -1.0]","[1.0, 2.0]","[0.0, 1.0]","[-6.0, -3.0]","[4.0, 9.0]","[3.4641016, 9.0]","[-1.5, 6.0]",[1.5],[1.4142135],[0.0],1,0,1,0,1.0,0.0,1
88176,6,4,2,"[0.0, 0.5, 1.5, 2.0, 2.0, 2.0, 2.0, 4.0, 4.5, 6.5]","[0.0, 0.0, 0.0, 0.0, 1.7320508, 1.7320508, 2.0, 3.7416575, 4.0, 6.4807405]","[1.0, 1.0, 1.5, 2.5, 3.0, 4.0]","[0.0, 0.0, 0.0, 0.0, 2.236068, 3.4641016]","[-4.0, -2.5, -2.5, -2.0, -1.5, -1.5]","[1.0, 1.0, 2.5, 4.0]","[0.0, 0.0, 0.0, 3.4641016]","[-4.0, -2.5, -1.5, -1.5]","[2.0, 3.5, 3.5, 5.0]","[0.0, 3.1622777, 3.4641016, 5.0]","[-1.0, 0.0, 0.5, 1.5]","[3.0, 5.0]","[0.0, 4.582576]","[1.5, 4.0]",2,0,2,0,1.0,0.0,0
78281,5,2,1,"[0.5, 0.5, 1.0, 1.0, 2.0, 2.5, 3.0, 4.5, 5.5, 6.0]","[0.0, 0.0, 0.0, 1.0, 1.0, 1.7320508, 2.4494898, 3.7416575, 5.477226, 5.656854]","[1.5, 2.5, 2.5, 3.0, 3.5]","[0.0, 2.0, 2.4494898, 2.828427, 3.4641016]","[-4.5, -3.0, -2.5, -2.5, -1.0]","[1.5, 2.5]","[0.0, 2.4494898]","[-4.5, -1.0]","[1.0, 7.0]","[1.0, 6.928203]","[-3.0, 2.5]",[5.5],[4.8989797],[3.0],1,0,1,0,1.0,0.0,0
559,3,2,1,"[0.0, 0.5, 0.5, 2.0, 2.0, 2.0, 3.5, 3.5, 6.0, 6.5]","[0.0, 0.0, 0.0, 1.7320508, 1.7320508, 1.7320508, 3.1622777, 3.4641016, 5.656854, 6.0]","[2.0, 2.5, 4.0]","[2.0, 2.4494898, 2.6457512]","[-6.0, -2.0, -1.5]","[2.0, 2.5]","[2.0, 2.4494898]","[-6.0, -2.0]","[4.0, 6.5]","[3.4641016, 6.4807405]","[-1.5, 2.5]",[5.5],[4.2426405],[2.0],1,0,1,0,1.0,0.0,1
197,6,3,2,"[0.0, 0.0, 0.5, 0.5, 2.0, 3.5, 4.0, 4.5, 4.5, 6.0]","[0.0, 0.0, 0.0, 0.0, 0.0, 3.4641016, 3.7416575, 3.8729835, 4.2426405, 5.196152]","[0.5, 1.5, 1.5, 2.0, 2.5, 3.0]","[0.0, 0.0, 0.0, 1.4142135, 2.0, 3.0]","[-3.5, -3.5, -3.0, -2.5, -2.5, -2.0]","[0.5, 1.5, 2.5]","[0.0, 0.0, 2.0]","[-2.5, -2.5, -2.0]","[5.0, 5.5, 6.5]","[4.582576, 5.477226, 6.4807405]","[1.5, 3.5, 5.0]","[5.0, 8.5]","[4.582576, 8.485281]","[3.5, 7.0]",1,1,1,0,1.0,0.0,1
201,7,3,3,"[0.5, 1.5, 1.5, 2.5, 2.5, 3.0, 4.5, 4.5, 6.0, 7.5]","[0.0, 1.4142135, 1.4142135, 2.0, 2.0, 2.236068, 3.7416575, 4.2426405, 6.0, 7.3484693]","[2.0, 2.0, 3.0, 3.0, 4.5, 4.5, 5.5]","[0.0, 1.7320508, 2.236068, 2.828427, 3.0, 4.472136, 5.2915025]","[-6.0, -3.0, -2.0, -2.0, -2.0, -2.0, -1.5]","[2.0, 2.0, 3.0]","[0.0, 1.7320508, 3.0]","[-6.0, -2.0, -2.0]","[5.0, 5.5, 7.5]","[4.8989797, 5.2915025, 7.3484693]","[2.0, 3.0, 3.5]","[5.0, 5.5, 7.5]","[4.8989797, 5.2915025, 7.3484693]","[2.0, 3.0, 3.5]",0,3,0,0,0.0,0.0,1
14710,9,3,2,"[0.0, 0.5, 0.5, 2.0, 2.0, 3.0, 4.5, 5.5, 6.5, 8.5]","[0.0, 0.0, 0.0, 1.7320508, 2.0, 2.828427, 4.2426405, 5.2915025, 6.0, 8.485281]","[1.0, 1.5, 2.0, 2.5, 3.5, 3.5, 3.5, 4.0, 5.5]","[0.0, 0.0, 0.0, 0.0, 1.7320508, 2.0, 3.1622777, 3.4641016, 5.477226]","[-6.5, -4.5, -4.0, -4.0, -2.5, -2.0, -2.0, -2.0, -1.5]","[1.0, 1.5, 3.5]","[0.0, 0.0, 3.4641016]","[-4.0, -4.0, -2.5]","[2.5, 2.5, 5.5]","[0.0, 2.0, 5.477226]","[-6.5, -2.5, 3.0]","[4.0, 5.5]","[0.0, 5.477226]","[-1.5, 3.0]",1,1,1,0,1.0,0.0,0
46889,2,2,2,"[0.0, 0.0, 1.0, 1.0, 1.0, 2.5, 2.5, 3.5, 4.0, 4.0]","[0.0, 0.0, 0.0, 0.0, 0.0, 0.0, 0.0, 2.4494898, 3.4641016, 3.4641016]","[1.5, 4.0]","[0.0, 3.4641016]","[-3.0, -2.5]","[1.5, 4.0]","[0.0, 3.4641016]","[-3.0, -2.5]","[5.0, 8.5]","[4.582576, 8.485281]","[2.0, 8.5]","[5.0, 8.5]","[4.582576, 8.485281]","[2.0, 8.5]",0,2,0,0,0.0,0.0,0
1026,3,2,2,"[0.0, 0.0, 0.0, 1.5, 2.5, 2.5, 3.0, 3.0, 4.0, 6.5]","[0.0, 0.0, 0.0, 0.0, 0.0, 0.0, 0.0, 1.4142135, 2.0, 6.0]","[1.5, 3.0, 3.5]","[1.4142135, 2.828427, 3.4641016]","[-5.5, -4.5, -4.0]","[1.5, 3.5]","[1.4142135, 3.4641016]","[-4.5, -4.0]","[4.0, 4.5]","[3.8729835, 4.472136]","[2.0, 4.0]","[4.0, 4.5]","[3.8729835, 4.472136]","[2.0, 4.0]",0,2,0,0,0.0,0.0,1
284,6,4,3,"[0.5, 1.0, 1.0, 1.5, 2.0, 2.0, 2.5, 3.5, 4.0, 4.5]","[0.0, 0.0, 0.0, 0.0, 0.0, 0.0, 1.4142135, 2.4494898, 2.828427, 3.8729835]","[1.0, 1.5, 2.0, 2.0, 3.0, 4.0]","[0.0, 0.0, 0.0, 1.7320508, 2.6457512, 3.0]","[-3.0, -2.5, -2.0, -1.5, -1.5, -1.5]","[1.0, 1.5, 3.0, 4.0]","[0.0, 0.0, 2.6457512, 3.0]","[-3.0, -2.5, -2.0, -1.5]","[2.5, 3.0, 3.5, 4.5]","[0.0, 2.0, 2.828427, 3.7416575]","[0.0, 2.5, 3.0, 3.0]","[2.5, 3.5, 7.0]","[0.0, 2.0, 7.0]","[2.5, 3.0, 6.5]",1,2,1,0,1.0,0.0,1
806,7,4,3,"[0.5, 2.0, 2.0, 2.5, 2.5, 3.0, 3.5, 4.0, 5.5, 5.5]","[0.0, 0.0, 0.0, 1.7320508, 2.236068, 2.4494898, 2.4494898, 3.4641016, 4.8989797, 5.477226]","[0.5, 0.5, 1.0, 1.5, 2.5, 3.0, 3.5]","[0.0, 0.0, 0.0, 0.0, 2.4494898, 2.828427, 3.4641016]","[-4.5, -4.0, -4.0, -3.0, -2.0, -2.0, -1.5]","[0.5, 0.5, 1.5, 2.5]","[0.0, 0.0, 0.0, 2.4494898]","[-4.0, -4.0, -3.0, -2.0]","[1.0, 5.0, 7.5, 7.5]","[0.0, 3.0, 7.483315, 7.483315]","[-2.0, 0.5, 5.0, 6.0]","[4.0, 5.0, 7.5]","[3.0, 3.4641016, 7.483315]","[0.5, 4.0, 6.0]",1,2,1,0,1.0,0.0,1
270,7,3,1,"[0.0, 0.0, 0.5, 0.5, 1.0, 3.0, 3.5, 5.0, 5.5, 6.5]","[0.0, 0.0, 0.0, 0.0, 1.0, 2.828427, 3.0, 3.1622777, 5.477226, 6.0]","[0.5, 2.0, 2.0, 2.5, 3.5, 4.5, 5.5]","[0.0, 0.0, 0.0, 0.0, 2.0, 2.828427, 5.477226]","[-5.0, -3.5, -3.0, -2.5, -1.5, -1.5, -1.0]","[0.5, 2.0, 2.5]","[0.0, 0.0, 2.0]","[-5.0, -3.0, -1.0]","[0.5, 2.5, 6.5]","[0.0, 2.0, 6.3245554]","[-5.0, -1.0, 4.0]",[6.5],[6.3245554],[4.0],2,1,0,1,0.0,2.0,1
579,22,7,3,"[1.0, 3.5, 4.0, 4.0, 4.5, 5.0, 5.5, 6.0, 6.0, 7.5]","[1.0, 3.1622777, 3.4641016, 3.7416575, 3.8729835, 4.2426405, 4.582576, 5.196152, 5.91608, 7.483315]","[0.0, 0.0, 0.0, 0.5, 1.0, 1.5, 1.5, 1.5, 1.5, 1.5, 2.0, 2.0, 2.5, 3.0, 3.0, 3.0, 3.5, 4.0, 4.5, 5.0, 5.0, 5.5]","[0.0, 0.0, 0.0, 0.0, 0.0, 0.0, 0.0, 0.0, 0.0, 0.0, 0.0, 1.4142135, 1.4142135, 2.236068, 2.4494898, 2.828427, 2.828427, 3.4641016, 3.8729835, 4.582576, 4.8989797, 5.477226]","[-6.5, -6.0, -5.0, -4.0, -4.0, -4.0, -4.0, -4.0, -4.0, -3.5, -3.5, -3.5, -3.0, -3.0, -3.0, -3.0, -3.0, -3.0, -2.0, -1.5, -1.5, -1.0]","[0.0, 0.0, 0.0, 0.5, 1.5, 1.5, 2.0]","[0.0, 0.0, 0.0, 0.0, 0.0, 0.0, 1.4142135]","[-5.0, -4.0, -4.0, -4.0, -4.0, -3.5, -3.0]","[2.0, 3.5, 4.0, 4.5, 6.5, 7.5, 8.5]","[1.7320508, 2.4494898, 3.8729835, 4.472136, 6.0, 7.3484693, 8.485281]","[-3.5, -2.0, -0.5, 0.5, 1.5, 3.5, 4.0]","[2.0, 5.0, 5.0]","[1.7320508, 4.582576, 4.8989797]","[-1.5, -1.0, 0.5]",4,1,2,0,2.0,0.0,1
69738,7,2,2,"[0.5, 0.5, 1.5, 2.0, 2.0, 2.0, 2.5, 2.5, 5.0, 7.0]","[0.0, 0.0, 0.0, 0.0, 0.0, 1.4142135, 1.7320508, 2.0, 4.582576, 6.708204]","[1.0, 1.0, 1.5, 3.0, 3.5, 5.5, 5.5]","[0.0, 0.0, 0.0, 1.0, 3.4641016, 4.8989797, 5.2915025]","[-4.5, -3.5, -3.0, -2.5, -1.5, -1.0, -1.0]","[1.0, 3.5]","[0.0, 3.4641016]","[-3.0, -1.5]","[5.5, 7.0]","[4.8989797, 6.928203]","[1.0, 6.5]","[5.5, 7.0]","[4.8989797, 6.928203]","[1.0, 6.5]",0,2,0,0,0.0,0.0,0
48947,3,2,1,"[0.5, 0.5, 1.0, 1.0, 2.0, 2.0, 2.0, 2.5, 2.5, 7.5]","[0.0, 0.0, 0.0, 0.0, 0.0, 1.7320508, 1.7320508, 1.7320508, 2.4494898, 7.483315]","[2.0, 2.5, 3.5]","[0.0, 0.0, 3.1622777]","[-4.5, -2.0, -1.5]","[2.0, 3.5]","[0.0, 3.1622777]","[-4.5, -1.5]","[3.0, 7.0]","[3.0, 6.708204]","[-1.5, 3.5]",[1.5],[0.0],[1.0],1,0,1,0,1.0,0.0,0
586,6,2,2,"[0.0, 0.5, 1.0, 1.0, 1.0, 2.0, 2.0, 2.5, 5.0, 7.0]","[0.0, 0.0, 0.0, 0.0, 0.0, 1.0, 1.0, 1.7320508, 4.0, 6.928203]","[1.0, 1.5, 2.5, 3.0, 3.0, 4.0]","[0.0, 0.0, 0.0, 1.0, 2.236068, 2.6457512]","[-4.0, -4.0, -3.0, -3.0, -2.5, -1.5]","[1.0, 1.5]","[0.0, 1.0]","[-3.0, -3.0]","[5.0, 6.0]","[5.0, 6.0]","[1.0, 5.0]","[5.0, 6.0]","[5.0, 6.0]","[1.0, 5.0]",0,2,0,0,0.0,0.0,1
86302,6,3,3,"[1.0, 1.5, 2.0, 3.0, 3.5, 4.0, 4.5, 4.5, 5.5, 5.5]","[0.0, 0.0, 1.4142135, 2.828427, 3.4641016, 3.7416575, 3.8729835, 4.2426405, 4.472136, 5.2915025]","[1.5, 1.5, 2.0, 2.5, 3.0, 4.5]","[0.0, 0.0, 1.4142135, 1.7320508, 2.4494898, 3.7416575]","[-4.0, -3.0, -2.5, -2.5, -1.5, -1.5]","[1.5, 2.5, 4.5]","[1.4142135, 2.4494898, 3.7416575]","[-4.0, -2.5, -1.5]","[4.5, 5.0, 8.5]","[3.0, 4.472136, 8.485281]","[0.0, 1.0, 6.0]","[4.5, 5.0, 8.5]","[3.0, 4.472136, 8.485281]","[0.0, 1.0, 6.0]",0,3,0,0,0.0,0.0,0
97406,10,4,1,"[0.0, 0.0, 1.5, 2.0, 3.0, 3.5, 3.5, 6.0, 6.5, 6.5]","[0.0, 0.0, 1.4142135, 2.0, 2.236068, 3.1622777, 3.1622777, 5.91608, 6.4807405, 6.4807405]","[1.0, 1.5, 1.5, 2.5, 3.0, 3.0, 3.0, 3.5, 4.0, 4.5]","[0.0, 1.0, 1.4142135, 2.236068, 2.236068, 2.4494898, 2.4494898, 3.0, 3.4641016, 4.2426405]","[-4.5, -3.5, -3.5, -2.5, -2.5, -2.5, -2.5, -2.0, -1.5, -1.5]","[1.0, 1.5, 2.5, 3.0]","[0.0, 1.0, 2.236068, 2.4494898]","[-4.5, -3.5, -3.5, -2.5]","[4.5, 6.0, 6.5, 7.5]","[4.2426405, 5.656854, 6.0, 7.483315]","[0.0, 0.5, 2.0, 2.5]",[4.5],[3.7416575],[1.0],3,0,1,0,3.0,0.0,0
69228,4,3,2,"[0.0, 0.0, 0.5, 1.0, 2.5, 2.5, 4.0, 4.5, 5.0, 7.0]","[0.0, 0.0, 0.0, 0.0, 0.0, 0.0, 3.4641016, 4.0, 4.472136, 6.708204]","[2.0, 2.5, 4.0, 4.0]","[0.0, 2.0, 3.8729835, 4.0]","[-6.0, -3.0, -2.5, -1.0]","[2.0, 2.5, 4.0]","[0.0, 2.0, 4.0]","[-6.0, -3.0, -1.0]","[2.5, 4.5, 5.0]","[2.4494898, 2.828427, 4.0]","[-1.0, 0.5, 1.0]","[4.5, 8.5]","[2.828427, 8.485281]","[1.0, 7.5]",1,1,1,0,1.0,0.0,0
486,2,2,2,"[0.0, 0.5, 0.5, 1.0, 1.5, 1.5, 2.5, 3.0, 4.0, 4.5]","[0.0, 0.0, 0.0, 0.0, 1.4142135, 1.4142135, 2.0, 2.828427, 3.7416575, 3.8729835]","[0.5, 1.0]","[0.0, 1.0]","[-3.0, -1.5]","[0.5, 1.0]","[0.0, 1.0]","[-3.0, -1.5]","[4.5, 5.5]","[2.828427, 5.477226]","[0.5, 4.0]","[4.5, 5.5]","[2.828427, 5.477226]","[0.5, 4.0]",0,2,0,0,0.0,0.0,1
55,4,1,1,"[0.0, 0.0, 0.0, 0.5, 1.0, 3.0, 3.0, 3.0, 4.0, 4.5]","[0.0, 0.0, 0.0, 0.0, 0.0, 0.0, 2.236068, 2.828427, 2.828427, 3.4641016]","[1.0, 1.0, 2.5, 4.5]","[0.0, 1.0, 2.4494898, 3.7416575]","[-5.5, -4.0, -3.0, -1.5]",[1.0],[0.0],[-5.5],[6.5],[6.3245554],[5.5],[6.5],[6.3245554],[5.5],0,1,0,0,0.0,0.0,1
54943,6,2,2,"[0.0, 0.5, 0.5, 1.5, 2.0, 3.0, 3.5, 5.0, 5.5, 6.5]","[0.0, 0.0, 0.0, 0.0, 1.7320508, 2.236068, 3.4641016, 4.582576, 5.2915025, 6.0]","[1.5, 3.5, 3.5, 4.0, 4.0, 4.5]","[0.0, 2.6457512, 3.1622777, 3.4641016, 3.4641016, 4.472136]","[-4.0, -3.5, -3.5, -3.0, -1.5, -1.0]","[1.5, 3.5]","[0.0, 3.4641016]","[-3.5, -3.0]","[3.5, 4.5]","[0.0, 2.4494898]","[-1.0, 0.0]","[3.5, 4.5]","[0.0, 2.4494898]","[-1.0, 0.0]",0,2,0,0,0.0,0.0,0
30708,4,3,1,"[0.5, 0.5, 1.0, 1.5, 1.5, 1.5, 2.5, 4.0, 5.0, 5.5]","[0.0, 0.0, 0.0, 1.0, 1.4142135, 1.4142135, 1.4142135, 2.4494898, 4.8989797, 4.8989797]","[0.5, 1.5, 2.0, 2.5]","[0.0, 0.0, 0.0, 0.0]","[-5.0, -1.5, -1.0, -1.0]","[0.5, 1.5, 2.0]","[0.0, 0.0, 0.0]","[-5.0, -1.5, -1.0]","[4.5, 7.0, 9.0]","[2.828427, 7.0, 9.0]","[0.5, 2.5, 5.5]",[6.5],[6.4807405],[5.0],2,0,1,0,2.0,0.0,0
27972,2,2,1,"[0.0, 1.0, 1.5, 2.0, 2.5, 2.5, 2.5, 3.0, 3.5, 6.5]","[0.0, 0.0, 0.0, 0.0, 0.0, 1.4142135, 2.4494898, 2.4494898, 2.4494898, 6.3245554]","[2.5, 2.5]","[2.0, 2.4494898]","[-4.0, -1.5]","[2.5, 2.5]","[2.0, 2.4494898]","[-4.0, -1.5]","[4.0, 6.0]","[3.8729835, 6.0]","[-1.0, 3.5]",[4.5],[4.472136],[3.5],1,0,1,0,1.0,0.0,0
64669,14,4,2,"[1.0, 1.0, 1.5, 2.5, 3.0, 3.0, 4.0, 5.5, 6.0, 8.5]","[0.0, 1.0, 1.0, 1.4142135, 2.236068, 2.4494898, 2.6457512, 5.477226, 5.656854, 8.485281]","[2.0, 2.5, 2.5, 3.0, 3.0, 3.0, 3.5, 3.5, 3.5, 4.0, 4.0, 4.0, 5.0, 5.0]","[0.0, 0.0, 0.0, 0.0, 0.0, 0.0, 2.236068, 2.236068, 2.4494898, 2.4494898, 3.4641016, 4.0, 4.8989797, 5.0]","[-4.5, -4.5, -3.5, -3.5, -3.0, -3.0, -2.5, -2.5, -2.5, -2.5, -2.0, -1.5, -1.0, -1.0]","[2.0, 2.5, 3.0, 4.0]","[0.0, 2.236068, 2.4494898, 3.4641016]","[-4.5, -3.0, -2.5, -2.5]","[4.0, 4.5, 5.0, 6.0]","[2.828427, 3.4641016, 4.0, 5.196152]","[-0.5, 0.0, 0.0, 1.5]","[4.5, 7.5]","[0.0, 7.483315]","[3.5, 4.5]",2,0,2,0,1.0,0.0,0
90615,2,1,1,"[0.5, 0.5, 1.0, 1.0, 1.5, 1.5, 2.0, 3.0, 3.5, 5.5]","[0.0, 0.0, 0.0, 0.0, 0.0, 0.0, 1.0, 1.0, 2.236068, 4.2426405]","[1.5, 6.5]","[1.4142135, 6.3245554]","[-4.5, -1.5]",[1.5],[1.4142135],[-4.5],[6.0],[5.91608],[5.0],[6.0],[5.91608],[5.0],0,1,0,0,0.0,0.0,0
1022,7,4,2,"[0.5, 1.0, 1.0, 1.0, 2.0, 2.5, 3.5, 4.5, 5.0, 7.0]","[0.0, 0.0, 0.0, 0.0, 1.7320508, 2.4494898, 2.4494898, 3.7416575, 4.8989797, 6.928203]","[0.5, 0.5, 2.0, 2.5, 3.0, 3.0, 3.5]","[0.0, 0.0, 0.0, 1.7320508, 2.828427, 2.828427, 3.1622777]","[-5.0, -4.5, -4.0, -3.0, -2.0, -1.5, -1.0]","[0.5, 0.5, 2.0, 2.5]","[0.0, 0.0, 0.0, 1.7320508]","[-5.0, -4.5, -1.5, -1.0]","[3.5, 4.0, 4.5, 7.0]","[3.1622777, 3.8729835, 4.472136, 6.928203]","[-3.0, -0.5, 2.0, 3.0]","[4.0, 4.0]","[0.0, 3.8729835]","[0.0, 2.0]",2,1,1,0,2.0,0.0,1
48699,8,3,1,"[0.0, 1.0, 2.0, 2.0, 2.0, 3.0, 3.5, 4.5, 6.0, 7.0]","[0.0, 0.0, 0.0, 1.0, 2.0, 2.0, 2.236068, 2.4494898, 5.656854, 6.928203]","[1.5, 2.0, 2.0, 3.0, 3.0, 3.5, 4.0, 4.5]","[0.0, 1.7320508, 2.0, 2.236068, 2.828427, 3.1622777, 3.4641016, 4.472136]","[-5.5, -5.0, -4.0, -4.0, -4.0, -3.5, -2.5, -2.0]","[2.0, 2.0, 3.0]","[1.7320508, 2.0, 2.828427]","[-5.0, -4.0, -4.0]","[2.0, 2.0, 8.0]","[1.7320508, 2.0, 8.0]","[-5.0, -4.0, 7.5]",[8.0],[8.0],[7.5],2,1,0,1,0.0,2.0,0
232,12,4,1,"[0.5, 0.5, 1.0, 1.0, 2.5, 3.0, 5.0, 6.5, 7.0, 7.0]","[0.0, 0.0, 0.0, 1.0, 2.0, 2.828427, 4.0, 6.4807405, 6.928203, 7.0]","[1.0, 1.0, 1.5, 1.5, 2.0, 2.5, 2.5, 3.0, 3.5, 4.0, 4.0, 4.5]","[0.0, 0.0, 0.0, 0.0, 1.0, 1.7320508, 2.236068, 2.4494898, 2.6457512, 3.4641016, 4.0, 4.2426405]","[-6.0, -5.5, -4.5, -3.5, -3.5, -3.5, -3.0, -2.5, -2.0, -2.0, -2.0, -1.5]","[1.0, 1.5, 2.0, 2.5]","[0.0, 1.0, 1.7320508, 2.4494898]","[-5.5, -4.5, -3.5, -2.5]","[3.5, 4.0, 6.0, 7.0]","[3.4641016, 4.0, 5.91608, 6.928203]","[-3.5, 0.0, 0.5, 2.5]",[5.0],[4.582576],[0.0],3,0,1,0,3.0,0.0,0
653,1,1,1,"[0.0, 0.5, 1.0, 1.5, 2.0, 2.5, 4.0, 4.0, 4.5, 6.0]","[0.0, 0.0, 0.0, 0.0, 0.0, 0.0, 2.0, 3.7416575, 4.0, 5.91608]",[1.5],[0.0],[-6.0],[1.5],[0.0],[-6.0],[4.5],[4.2426405],[3.5],[4.5],[4.2426405],[3.5],0,1,0,0,0.0,0.0,1
60698,4,1,1,"[0.0, 0.5, 1.0, 3.0, 3.0, 3.5, 3.5, 4.0, 4.5, 5.5]","[0.0, 0.0, 0.0, 2.236068, 2.4494898, 2.6457512, 2.828427, 3.0, 3.1622777, 4.2426405]","[0.5, 4.5, 5.0, 5.5]","[0.0, 3.7416575, 4.8989797, 5.477226]","[-6.5, -2.5, -2.5, -2.5]",[0.5],[0.0],[-6.5],[6.0],[5.196152],[4.0],[6.0],[5.196152],[4.0],0,1,0,0,0.0,0.0,0
52026,16,4,1,"[0.5, 0.5, 1.5, 2.0, 2.5, 3.0, 5.0, 6.5, 9.0, 9.0]","[0.0, 0.0, 0.0, 1.4142135, 1.7320508, 2.236068, 3.0, 6.3245554, 9.0, 9.0]","[1.5, 1.5, 1.5, 1.5, 2.0, 2.0, 2.0, 2.0, 2.5, 3.5, 3.5, 4.0, 4.0, 4.5, 5.0, 6.0]","[0.0, 0.0, 0.0, 0.0, 0.0, 0.0, 1.4142135, 1.4142135, 1.7320508, 1.7320508, 2.4494898, 3.1622777, 3.8729835, 4.2426405, 4.8989797, 5.656854]","[-7.0, -7.0, -6.5, -5.5, -5.0, -5.0, -4.0, -4.0, -3.5, -3.5, -3.0, -3.0, -2.0, -2.0, -1.0, -1.0]","[1.5, 1.5, 2.0, 2.5]","[0.0, 0.0, 1.4142135, 1.7320508]","[-7.0, -7.0, -6.5, -3.5]","[1.5, 4.0, 7.5, 7.5]","[0.0, 1.4142135, 7.3484693, 7.483315]","[-5.0, -2.5, 0.5, 2.5]",[7.0],[6.928203],[6.5],3,0,1,0,3.0,0.0,0
6193,5,3,2,"[0.5, 0.5, 1.0, 1.0, 1.0, 2.0, 2.5, 3.0, 6.0, 6.5]","[0.0, 0.0, 0.0, 0.0, 0.0, 0.0, 1.7320508, 2.0, 5.656854, 6.3245554]","[1.0, 1.5, 2.0, 2.0, 2.5]","[0.0, 0.0, 0.0, 0.0, 1.4142135]","[-4.5, -4.5, -4.0, -2.0, -1.5]","[1.5, 2.0, 2.0]","[0.0, 0.0, 1.4142135]","[-4.5, -4.0, -1.5]","[3.0, 6.5, 9.0]","[0.0, 6.3245554, 9.0]","[0.5, 2.5, 6.5]","[5.0, 6.5]","[3.0, 6.3245554]","[2.0, 6.5]",1,1,1,0,1.0,0.0,0
470,7,3,2,"[1.0, 1.0, 1.5, 1.5, 1.5, 4.0, 4.5, 4.5, 5.0, 6.0]","[0.0, 0.0, 0.0, 0.0, 1.4142135, 1.4142135, 2.828427, 3.4641016, 4.0, 6.0]","[2.0, 2.0, 2.0, 2.5, 3.0, 3.5, 3.5]","[0.0, 0.0, 1.7320508, 1.7320508, 1.7320508, 2.236068, 3.1622777]","[-5.0, -4.0, -3.5, -2.0, -1.5, -1.0, -1.0]","[2.0, 2.0, 3.5]","[0.0, 1.7320508, 1.7320508]","[-5.0, -3.5, -2.0]","[5.5, 7.5, 8.0]","[5.477226, 7.3484693, 7.937254]","[3.5, 4.0, 5.0]","[4.5, 5.5]","[2.828427, 5.477226]","[1.5, 5.0]",1,1,1,0,1.0,0.0,1
618,6,3,2,"[0.0, 0.0, 0.5, 0.5, 1.0, 2.5, 2.5, 4.5, 4.5, 6.5]","[0.0, 0.0, 0.0, 0.0, 0.0, 2.0, 2.4494898, 2.828427, 2.828427, 6.0]","[2.0, 2.5, 3.0, 4.0, 4.5, 5.5]","[2.0, 2.4494898, 3.0, 3.7416575, 3.8729835, 5.2915025]","[-5.5, -3.5, -3.5, -2.5, -2.0, -2.0]","[2.0, 4.0, 4.5]","[2.0, 3.7416575, 3.8729835]","[-3.5, -2.0, -2.0]","[1.5, 3.5, 5.5]","[0.0, 1.4142135, 5.2915025]","[0.0, 0.5, 1.0]","[1.5, 6.0]","[1.4142135, 5.656854]","[0.0, 5.0]",1,1,1,0,1.0,0.0,1
70561,6,2,1,"[0.5, 0.5, 1.0, 1.0, 1.5, 1.5, 2.5, 4.5, 7.0, 8.0]","[0.0, 0.0, 0.0, 0.0, 0.0, 1.4142135, 2.0, 3.7416575, 6.708204, 7.937254]","[1.5, 2.0, 3.0, 4.0, 6.5, 7.5]","[0.0, 0.0, 1.4142135, 3.0, 6.4807405, 7.483315]","[-3.5, -3.0, -2.0, -1.5, -1.5, -1.0]","[1.5, 6.5]","[1.4142135, 6.4807405]","[-3.5, -1.5]","[4.0, 5.0]","[3.4641016, 5.0]","[-0.5, 0.5]",[4.5],[4.472136],[3.5],1,0,1,0,1.0,0.0,0
74618,2,2,2,"[0.5, 0.5, 0.5, 1.0, 1.0, 1.5, 3.0, 3.5, 5.0, 5.5]","[0.0, 0.0, 0.0, 0.0, 0.0, 0.0, 3.0, 3.0, 3.1622777, 5.2915025]","[2.5, 4.5]","[2.4494898, 2.828427]","[-1.5, -1.0]","[2.5, 4.5]","[2.4494898, 2.828427]","[-1.5, -1.0]","[2.5, 4.0]","[0.0, 3.8729835]","[0.0, 3.5]","[2.5, 4.0]","[0.0, 3.8729835]","[0.0, 3.5]",0,2,0,0,0.0,0.0,0
74825,4,3,2,"[0.0, 0.0, 0.0, 0.0, 0.5, 1.0, 3.5, 4.0, 6.0, 7.5]","[0.0, 0.0, 0.0, 0.0, 0.0, 0.0, 3.1622777, 3.8729835, 5.656854, 7.483315]","[2.0, 2.5, 3.5, 4.5]","[0.0, 2.0, 3.1622777, 4.2426405]","[-2.5, -2.0, -1.5, -1.0]","[2.0, 2.5, 3.5]","[0.0, 2.0, 3.1622777]","[-2.5, -2.0, -1.5]","[1.5, 2.5, 5.0]","[0.0, 0.0, 4.8989797]","[-3.5, -1.5, -1.0]","[1.5, 8.0]","[0.0, 7.937254]","[-3.5, 5.5]",1,1,1,0,1.0,0.0,0
755,6,2,2,"[0.0, 0.0, 0.5, 1.5, 2.0, 2.5, 2.5, 5.0, 7.5, 8.0]","[0.0, 0.0, 0.0, 0.0, 1.4142135, 1.7320508, 2.4494898, 4.8989797, 7.3484693, 8.0]","[1.5, 2.0, 2.5, 2.5, 2.5, 5.0]","[0.0, 0.0, 0.0, 2.4494898, 2.4494898, 4.582576]","[-6.0, -4.0, -3.5, -3.0, -2.5, -2.0]","[1.5, 2.5]","[0.0, 2.4494898]","[-4.0, -3.5]","[6.5, 7.0]","[6.0, 7.0]","[1.0, 2.0]","[6.5, 7.0]","[6.0, 7.0]","[1.0, 2.0]",0,2,0,0,0.0,0.0,1
544,1,1,1,"[0.0, 0.5, 0.5, 0.5, 1.0, 2.0, 2.5, 2.5, 3.0, 4.5]","[0.0, 0.0, 0.0, 0.0, 0.0, 0.0, 0.0, 2.4494898, 2.828427, 4.472136]",[2.0],[1.7320508],[-2.5],[2.0],[1.7320508],[-2.5],[4.0],[2.6457512],[2.0],[4.0],[2.6457512],[2.0],0,1,0,0,0.0,0.0,1
91210,8,4,3,"[0.5, 0.5, 1.5, 2.0, 2.0, 3.5, 4.0, 5.0, 5.0, 7.5]","[0.0, 0.0, 0.0, 0.0, 1.7320508, 3.4641016, 3.4641016, 4.8989797, 4.8989797, 7.483315]","[1.0, 1.0, 1.5, 1.5, 2.5, 2.5, 2.5, 4.0]","[0.0, 0.0, 1.0, 1.0, 2.4494898, 2.4494898, 2.4494898, 3.8729835]","[-5.0, -4.5, -4.0, -3.0, -2.5, -2.0, -1.5, -1.0]","[1.0, 1.0, 1.5, 2.5]","[0.0, 1.0, 1.0, 2.4494898]","[-4.5, -4.0, -3.0, -1.5]","[4.5, 5.0, 7.0, 8.0]","[2.828427, 5.0, 7.0, 7.937254]","[-1.5, 2.0, 3.0, 6.5]","[4.5, 7.0, 8.0]","[0.0, 7.0, 7.937254]","[0.5, 3.0, 6.5]",1,2,1,0,1.0,0.0,0
314,2,1,1,"[0.5, 0.5, 0.5, 1.0, 1.5, 1.5, 2.5, 4.0, 4.5, 7.5]","[0.0, 0.0, 0.0, 0.0, 0.0, 0.0, 1.4142135, 2.4494898, 2.828427, 7.3484693]","[4.0, 7.0]","[4.0, 6.928203]","[-4.5, -1.5]",[4.0],[4.0],[-4.5],[3.0],[2.828427],[0.0],[3.0],[2.828427],[0.0],0,1,0,0,0.0,0.0,1
31483,5,3,2,"[0.0, 1.0, 1.0, 1.5, 2.0, 3.0, 3.5, 4.0, 4.5, 5.0]","[0.0, 0.0, 0.0, 1.0, 1.7320508, 2.4494898, 3.0, 3.8729835, 4.0, 4.472136]","[1.0, 1.0, 2.0, 2.5, 3.0]","[0.0, 1.0, 1.0, 2.4494898, 2.828427]","[-4.5, -3.0, -3.0, -2.5, -2.0]","[1.0, 1.0, 2.0]","[0.0, 1.0, 1.0]","[-4.5, -3.0, -2.0]","[1.0, 5.0, 6.0]","[0.0, 4.8989797, 5.656854]","[-1.0, 2.0, 3.0]","[3.0, 6.0]","[0.0, 5.656854]","[1.0, 3.0]",1,1,1,0,1.0,0.0,0
71346,3,2,2,"[0.0, 0.0, 0.5, 0.5, 0.5, 1.0, 2.5, 4.0, 4.5, 8.0]","[0.0, 0.0, 0.0, 0.0, 0.0, 0.0, 0.0, 2.0, 4.472136, 8.0]","[3.0, 3.5, 4.5]","[0.0, 0.0, 3.7416575]","[-2.0, -1.5, -1.0]","[3.0, 3.5]","[0.0, 0.0]","[-1.5, -1.0]","[5.5, 5.5]","[4.2426405, 5.477226]","[-0.5, 5.5]","[5.5, 5.5]","[4.2426405, 5.477226]","[-0.5, 5.5]",0,2,0,0,0.0,0.0,0
384,6,3,2,"[0.0, 1.0, 1.0, 2.0, 2.5, 3.5, 4.5, 4.5, 5.5, 6.0]","[0.0, 0.0, 0.0, 0.0, 1.7320508, 2.4494898, 3.7416575, 4.472136, 5.2915025, 5.91608]","[2.5, 2.5, 3.0, 3.5, 4.0, 5.0]","[2.0, 2.4494898, 2.4494898, 3.0, 3.4641016, 5.0]","[-4.5, -2.0, -2.0, -2.0, -1.5, -1.5]","[2.5, 3.5, 4.0]","[2.4494898, 2.4494898, 3.4641016]","[-4.5, -2.0, -1.5]","[3.0, 3.5, 4.5]","[0.0, 2.828427, 4.2426405]","[-0.5, 0.5, 1.0]","[3.5, 5.0]","[0.0, 3.0]","[0.5, 4.0]",1,1,1,0,1.0,0.0,0
70544,6,3,2,"[0.0, 0.5, 0.5, 0.5, 1.5, 3.5, 4.0, 4.0, 4.0, 7.5]","[0.0, 0.0, 0.0, 0.0, 0.0, 0.0, 2.6457512, 3.8729835, 3.8729835, 7.3484693]","[2.0, 2.5, 3.0, 3.5, 3.5, 4.5]","[0.0, 1.7320508, 2.828427, 3.1622777, 3.4641016, 4.472136]","[-4.5, -4.0, -3.5, -2.0, -1.5, -1.0]","[2.0, 3.0, 3.5]","[1.7320508, 2.828427, 3.1622777]","[-4.5, -3.5, -2.0]","[4.0, 7.5, 9.0]","[0.0, 7.483315, 9.0]","[1.0, 3.0, 4.5]","[4.0, 5.0]","[0.0, 5.0]","[1.0, 3.5]",1,1,1,0,1.0,0.0,0
49253,3,2,2,"[1.0, 1.5, 2.0, 2.0, 2.0, 3.5, 4.0, 4.5, 4.5, 5.0]","[0.0, 0.0, 0.0, 0.0, 1.0, 3.1622777, 3.4641016, 3.7416575, 4.0, 4.2426405]","[1.5, 2.0, 4.5]","[1.4142135, 1.7320508, 4.2426405]","[-4.5, -2.5, -2.0]","[1.5, 2.0]","[1.4142135, 1.7320508]","[-4.5, -2.5]","[2.5, 3.5]","[0.0, 2.0]","[1.0, 1.5]","[2.5, 3.5]","[0.0, 2.0]","[1.0, 1.5]",0,2,0,0,0.0,0.0,0
769,7,3,1,"[0.0, 0.0, 0.0, 1.0, 1.5, 2.5, 3.0, 6.0, 6.5, 7.5]","[0.0, 0.0, 0.0, 0.0, 0.0, 1.0, 2.4494898, 6.0, 6.3245554, 7.483315]","[2.0, 2.0, 2.0, 2.0, 2.5, 3.0, 6.0]","[0.0, 0.0, 1.7320508, 2.0, 2.0, 2.0, 5.91608]","[-4.5, -4.0, -3.5, -3.5, -2.0, -2.0, -1.5]","[2.0, 2.0, 3.0]","[0.0, 0.0, 1.7320508]","[-3.5, -3.5, -1.5]","[6.5, 7.0, 7.5]","[6.0, 6.928203, 7.483315]","[0.0, 2.0, 4.0]",[5.0],[4.582576],[3.5],2,0,1,0,2.0,0.0,1
13037,10,3,1,"[0.0, 0.0, 0.5, 1.5, 2.0, 2.5, 4.5, 4.5, 8.0, 8.5]","[0.0, 0.0, 0.0, 1.4142135, 1.7320508, 2.0, 3.7416575, 4.2426405, 8.0, 8.485281]","[2.5, 2.5, 2.5, 3.0, 3.5, 3.5, 3.5, 3.5, 4.0, 4.5]","[0.0, 0.0, 2.0, 2.236068, 2.4494898, 2.4494898, 2.4494898, 2.6457512, 3.1622777, 3.7416575]","[-5.0, -5.0, -3.5, -3.5, -2.5, -2.5, -2.5, -2.0, -1.5, -1.0]","[2.5, 3.5, 4.5]","[2.0, 3.1622777, 3.7416575]","[-5.0, -3.5, -2.5]","[4.0, 5.0, 5.0]","[2.6457512, 3.0, 4.0]","[-3.5, -2.0, -1.0]",[7.0],[6.708204],[3.0],2,0,1,0,2.0,0.0,0
19563,13,3,1,"[1.0, 1.5, 2.0, 2.5, 4.0, 4.5, 4.5, 5.0, 6.0, 8.0]","[0.0, 0.0, 1.4142135, 2.4494898, 2.828427, 3.4641016, 4.472136, 4.8989797, 5.196152, 8.0]","[1.0, 1.0, 2.0, 2.0, 2.0, 2.5, 2.5, 3.5, 3.5, 3.5, 4.0, 4.5, 5.0]","[0.0, 0.0, 1.0, 1.7320508, 1.7320508, 2.0, 2.4494898, 3.1622777, 3.1622777, 3.4641016, 3.8729835, 4.0, 4.2426405]","[-6.0, -5.0, -4.0, -4.0, -3.5, -3.5, -3.5, -3.0, -3.0, -3.0, -2.5, -2.0, -1.5]","[1.0, 2.0, 2.5]","[1.0, 1.7320508, 2.0]","[-5.0, -4.0, -3.0]","[4.5, 6.5, 7.0]","[2.828427, 6.0, 6.708204]","[-2.0, 3.5, 4.5]",[5.5],[4.2426405],[4.0],2,0,1,0,2.0,0.0,0
71115,5,2,2,"[0.0, 0.5, 0.5, 1.5, 1.5, 2.5, 2.5, 4.0, 5.5, 7.0]","[0.0, 0.0, 0.0, 0.0, 0.0, 1.4142135, 2.4494898, 3.4641016, 5.477226, 6.928203]","[0.5, 2.0, 3.0, 3.0, 3.5]","[0.0, 2.0, 2.236068, 3.0, 3.1622777]","[-4.0, -3.5, -3.0, -2.0, -2.0]","[0.5, 3.5]","[0.0, 3.1622777]","[-3.5, -3.0]","[1.5, 4.0]","[0.0, 0.0]","[-2.5, 0.5]","[1.5, 4.0]","[0.0, 0.0]","[-2.5, 0.5]",0,2,0,0,0.0,0.0,0
58706,5,2,1,"[0.0, 0.5, 1.0, 1.0, 2.0, 2.5, 3.0, 3.0, 4.0, 5.0]","[0.0, 0.0, 0.0, 0.0, 0.0, 1.7320508, 2.236068, 2.4494898, 3.0, 3.8729835]","[3.0, 3.0, 3.0, 3.5, 5.5]","[0.0, 2.236068, 2.828427, 3.0, 4.8989797]","[-4.0, -2.5, -2.0, -1.5, -1.0]","[3.0, 3.0]","[2.236068, 2.828427]","[-2.5, -1.0]","[0.5, 7.0]","[0.0, 6.708204]","[-1.0, 4.0]",[5.0],[4.8989797],[4.5],1,0,1,0,1.0,0.0,0
740,11,4,2,"[0.0, 0.5, 1.5, 2.0, 2.0, 3.0, 5.0, 5.5, 5.5, 8.0]","[0.0, 0.0, 0.0, 0.0, 1.7320508, 1.7320508, 3.0, 4.2426405, 5.2915025, 8.0]","[1.0, 1.0, 1.0, 2.0, 2.5, 2.5, 3.0, 3.0, 3.5, 4.0, 5.0]","[0.0, 0.0, 0.0, 1.0, 1.0, 1.0, 1.7320508, 2.0, 3.0, 3.8729835, 5.0]","[-6.5, -6.5, -5.5, -4.5, -4.5, -4.5, -3.5, -3.5, -2.5, -1.5, -1.0]","[1.0, 1.0, 1.0, 3.5]","[0.0, 1.0, 1.0, 1.0]","[-6.5, -5.5, -4.5, -2.5]","[2.0, 3.5, 4.5, 7.5]","[2.0, 2.4494898, 4.2426405, 7.3484693]","[-2.0, -1.5, 2.0, 3.5]","[3.0, 3.5]","[0.0, 2.4494898]","[2.0, 2.5]",2,1,1,0,2.0,0.0,1
110,7,5,2,"[1.0, 1.0, 1.5, 1.5, 2.5, 2.5, 3.5, 4.5, 5.5, 8.0]","[0.0, 1.0, 1.4142135, 1.4142135, 2.0, 2.4494898, 2.828427, 3.4641016, 4.2426405, 8.0]","[1.0, 1.0, 1.5, 2.5, 3.0, 3.5, 4.0]","[0.0, 0.0, 0.0, 1.0, 2.236068, 2.4494898, 3.4641016]","[-5.5, -4.0, -3.0, -2.0, -2.0, -2.0, -1.5]","[1.0, 1.0, 1.5, 3.0, 3.5]","[0.0, 0.0, 0.0, 1.0, 2.236068]","[-5.5, -3.0, -2.0, -2.0, -2.0]","[3.0, 4.0, 4.5, 5.5, 5.5]","[0.0, 2.236068, 3.7416575, 4.2426405, 5.477226]","[-1.5, -1.0, -0.5, 2.0, 4.5]","[4.0, 5.5]","[3.4641016, 4.2426405]","[3.0, 4.5]",3,1,1,0,3.0,0.0,1
2320,9,2,0,"[0.0, 1.0, 1.5, 2.0, 2.5, 3.0, 3.5, 5.5, 6.0, 7.0]","[0.0, 0.0, 0.0, 1.4142135, 2.236068, 2.4494898, 3.1622777, 4.8989797, 5.196152, 6.708204]","[1.0, 2.5, 3.0, 3.0, 4.0, 4.5, 4.5, 5.0, 6.5]","[0.0, 2.0, 2.6457512, 2.828427, 2.828427, 2.828427, 4.472136, 4.582576, 6.4807405]","[-4.0, -4.0, -3.5, -3.0, -2.5, -2.5, -2.0, -1.5, -1.0]","[1.0, 2.5]","[0.0, 2.0]","[-4.0, -3.0]","[1.0, 2.5]","[0.0, 2.0]","[-4.0, -3.0]",[],[],[],2,0,0,1,0.0,2.0,0
828,7,4,2,"[0.0, 0.5, 0.5, 2.5, 2.5, 2.5, 3.5, 3.5, 5.0, 7.5]","[0.0, 0.0, 0.0, 0.0, 0.0, 2.0, 2.4494898, 2.4494898, 4.582576, 7.483315]","[1.0, 1.5, 1.5, 2.0, 3.5, 3.5, 4.0]","[0.0, 0.0, 0.0, 1.4142135, 1.7320508, 3.4641016, 3.4641016]","[-4.5, -3.5, -3.0, -2.5, -1.5, -1.0, -1.0]","[1.5, 2.0, 3.5, 4.0]","[0.0, 1.4142135, 1.7320508, 3.4641016]","[-4.5, -2.5, -1.5, -1.0]","[2.5, 4.0, 4.0, 5.0]","[0.0, 2.6457512, 3.8729835, 4.0]","[-1.5, 0.0, 1.0, 3.5]","[3.5, 4.0]","[2.6457512, 3.4641016]","[0.0, 3.5]",2,1,1,0,2.0,0.0,1
2916,8,4,3,"[0.5, 1.0, 1.0, 1.0, 1.5, 2.0, 3.5, 4.0, 4.0, 9.0]","[0.0, 0.0, 0.0, 1.0, 1.0, 1.0, 1.4142135, 2.6457512, 3.8729835, 9.0]","[0.5, 1.0, 2.5, 2.5, 2.5, 3.0, 3.5, 6.5]","[0.0, 0.0, 0.0, 0.0, 2.0, 2.4494898, 3.4641016, 6.3245554]","[-6.5, -4.0, -3.0, -2.5, -2.5, -2.0, -2.0, -1.5]","[0.5, 1.0, 2.5, 2.5]","[0.0, 0.0, 0.0, 2.0]","[-6.5, -4.0, -2.5, -2.0]","[1.5, 2.0, 2.5, 5.5]","[0.0, 1.7320508, 2.4494898, 4.8989797]","[-3.0, 0.0, 1.0, 1.0]","[1.5, 2.0, 5.5]","[0.0, 1.7320508, 5.2915025]","[0.0, 1.0, 4.5]",1,2,1,0,1.0,0.0,0
550,3,2,1,"[0.0, 0.0, 0.5, 0.5, 0.5, 1.5, 1.5, 4.0, 4.0, 6.0]","[0.0, 0.0, 0.0, 0.0, 0.0, 0.0, 0.0, 3.8729835, 3.8729835, 6.0]","[2.0, 2.5, 3.0]","[2.0, 2.0, 2.828427]","[-2.5, -1.5, -1.5]","[2.0, 2.5]","[2.0, 2.0]","[-2.5, -1.5]","[4.5, 9.0]","[0.0, 9.0]","[-1.0, 7.5]",[1.5],[1.4142135],[-1.5],1,0,1,0,1.0,0.0,1
748,6,2,2,"[0.0, 0.0, 1.0, 1.5, 2.0, 2.5, 3.5, 3.5, 5.0, 7.5]","[0.0, 0.0, 0.0, 0.0, 1.4142135, 1.7320508, 2.4494898, 3.1622777, 4.8989797, 7.483315]","[1.0, 2.0, 2.5, 3.0, 3.5, 3.5]","[0.0, 0.0, 0.0, 2.4494898, 2.828427, 3.1622777]","[-4.5, -3.0, -2.5, -2.5, -2.0, -2.0]","[1.0, 2.5]","[0.0, 0.0]","[-3.0, -2.5]","[5.5, 6.0]","[5.477226, 5.91608]","[2.5, 4.5]","[5.5, 6.0]","[5.477226, 5.91608]","[2.5, 4.5]",0,2,0,0,0.0,0.0,1
67127,2,2,1,"[0.5, 0.5, 2.0, 2.0, 2.5, 2.5, 2.5, 3.0, 3.0, 3.5]","[0.0, 0.0, 0.0, 0.0, 0.0, 1.7320508, 2.0, 2.0, 2.828427, 3.4641016]","[0.5, 2.0]","[0.0, 1.7320508]","[-2.0, -2.0]","[0.5, 2.0]","[0.0, 1.7320508]","[-2.0, -2.0]","[3.0, 5.5]","[2.828427, 5.477226]","[0.5, 4.0]",[4.5],[2.828427],[3.0],1,0,1,0,1.0,0.0,0
83040,4,2,1,"[0.5, 0.5, 1.0, 1.0, 1.0, 2.0, 2.0, 3.0, 5.0, 8.5]","[0.0, 0.0, 0.0, 0.0, 0.0, 0.0, 0.0, 1.0, 4.8989797, 8.485281]","[1.5, 2.5, 3.5, 3.5]","[0.0, 0.0, 0.0, 3.4641016]","[-4.0, -4.0, -4.0, -2.5]","[1.5, 3.5]","[0.0, 3.4641016]","[-4.0, -2.5]","[1.0, 2.0]","[1.0, 1.7320508]","[-3.5, -2.0]",[8.0],[8.0],[8.0],1,0,1,0,1.0,0.0,0
514,4,3,2,"[0.0, 0.5, 0.5, 0.5, 1.0, 1.5, 2.5, 4.5, 5.0, 5.0]","[0.0, 0.0, 0.0, 0.0, 0.0, 0.0, 1.4142135, 4.0, 4.472136, 4.8989797]","[0.5, 1.0, 2.0, 2.0]","[0.0, 1.0, 1.7320508, 1.7320508]","[-4.5, -3.0, -2.0, -1.0]","[0.5, 1.0, 2.0]","[0.0, 1.0, 1.7320508]","[-4.5, -3.0, -2.0]","[3.5, 6.5, 8.0]","[0.0, 6.4807405, 8.0]","[0.5, 3.5, 5.0]","[4.5, 8.0]","[4.472136, 8.0]","[3.5, 5.0]",1,1,1,0,1.0,0.0,1
696,3,2,1,"[0.5, 0.5, 1.0, 1.5, 2.0, 2.0, 3.0, 3.0, 4.0, 5.5]","[0.0, 0.0, 0.0, 0.0, 0.0, 0.0, 0.0, 0.0, 4.0, 5.2915025]","[1.0, 2.5, 3.0]","[0.0, 2.0, 2.236068]","[-3.0, -3.0, -2.5]","[1.0, 2.5]","[0.0, 2.0]","[-3.0, -3.0]","[3.0, 8.5]","[2.236068, 8.485281]","[-2.5, 6.5]",[5.5],[4.2426405],[3.5],1,0,1,0,1.0,0.0,1
545,9,3,2,"[0.5, 0.5, 1.0, 3.0, 4.0, 4.0, 4.5, 4.5, 4.5, 7.0]","[0.0, 0.0, 0.0, 0.0, 2.6457512, 2.828427, 3.8729835, 4.2426405, 4.2426405, 6.708204]","[1.0, 1.5, 1.5, 1.5, 2.5, 2.5, 2.5, 4.5, 4.5]","[0.0, 0.0, 0.0, 1.4142135, 1.4142135, 2.0, 2.4494898, 3.7416575, 4.472136]","[-5.5, -5.5, -4.0, -3.5, -3.0, -3.0, -2.5, -2.0, -1.5]","[1.0, 1.5, 4.5]","[0.0, 1.4142135, 3.7416575]","[-5.5, -4.0, -2.5]","[7.0, 8.0, 8.5]","[6.928203, 7.937254, 8.485281]","[1.0, 5.0, 6.5]","[7.0, 8.0]","[6.928203, 8.0]","[4.5, 6.5]",1,1,1,0,1.0,0.0,1
40744,4,4,1,"[1.0, 1.0, 1.0, 1.0, 1.5, 2.0, 4.0, 4.0, 5.0, 5.0]","[0.0, 0.0, 0.0, 0.0, 1.4142135, 2.0, 3.8729835, 4.0, 4.8989797, 5.0]","[1.0, 2.0, 2.5, 3.0]","[1.0, 1.7320508, 2.236068, 2.4494898]","[-2.5, -1.5, -1.5, -1.0]","[1.0, 2.0, 2.5, 3.0]","[1.0, 1.7320508, 2.236068, 2.4494898]","[-2.5, -1.5, -1.5, -1.0]","[2.5, 3.5, 5.5, 6.0]","[0.0, 0.0, 4.8989797, 5.196152]","[-1.0, 0.5, 1.0, 3.5]",[7.0],[6.928203],[6.5],3,0,1,0,3.0,0.0,0
247,1,1,1,"[0.0, 0.5, 0.5, 0.5, 1.0, 1.0, 1.5, 2.0, 2.5, 5.0]","[0.0, 0.0, 0.0, 0.0, 0.0, 0.0, 0.0, 1.7320508, 2.4494898, 4.8989797]",[1.0],[1.0],[-3.0],[1.0],[1.0],[-3.0],[6.5],[6.4807405],[3.0],[6.5],[6.4807405],[3.0],0,1,0,0,0.0,0.0,1
46424,6,3,1,"[0.0, 0.5, 1.0, 1.0, 2.0, 2.0, 2.5, 5.5, 6.0, 6.5]","[0.0, 0.0, 0.0, 1.0, 1.7320508, 1.7320508, 2.4494898, 5.2915025, 5.91608, 6.4807405]","[0.5, 1.5, 2.5, 2.5, 3.0, 3.0]","[0.0, 0.0, 0.0, 2.0, 2.236068, 2.236068]","[-3.5, -3.5, -2.5, -2.5, -1.5, -1.0]","[0.5, 1.5, 2.5]","[0.0, 0.0, 0.0]","[-3.5, -2.5, -1.0]","[2.0, 2.5, 3.5]","[1.7320508, 2.4494898, 2.4494898]","[-2.0, -1.0, -1.0]",[5.0],[4.0],[1.5],2,0,1,0,2.0,0.0,0
939,2,2,1,"[0.0, 0.0, 0.5, 0.5, 1.0, 2.0, 3.0, 3.5, 4.0, 8.5]","[0.0, 0.0, 0.0, 0.0, 0.0, 0.0, 1.0, 2.6457512, 3.1622777, 8.485281]","[4.0, 5.5]","[3.4641016, 5.477226]","[-2.5, -2.5]","[4.0, 5.5]","[3.4641016, 5.477226]","[-2.5, -2.5]","[4.0, 5.5]","[3.8729835, 4.8989797]","[-1.5, 1.0]",[3.0],[2.236068],[1.5],1,0,1,0,1.0,0.0,1
4238,10,3,2,"[0.0, 1.0, 1.5, 1.5, 2.5, 2.5, 4.0, 6.0, 6.0, 8.0]","[0.0, 0.0, 0.0, 0.0, 0.0, 1.0, 1.4142135, 5.196152, 5.656854, 7.937254]","[1.0, 1.5, 1.5, 1.5, 3.0, 3.5, 4.5, 4.5, 6.0, 6.5]","[1.0, 1.4142135, 1.4142135, 1.4142135, 2.236068, 2.4494898, 3.7416575, 4.2426405, 5.91608, 6.4807405]","[-7.0, -5.0, -4.0, -4.0, -2.5, -2.5, -2.5, -2.0, -1.5, -1.0]","[1.0, 1.5, 1.5]","[1.0, 1.4142135, 1.4142135]","[-7.0, -5.0, -4.0]","[3.5, 5.5, 6.0]","[0.0, 5.477226, 6.0]","[-2.0, 1.0, 6.0]","[5.0, 6.0]","[4.582576, 6.0]","[3.0, 6.0]",1,1,1,0,1.0,0.0,0
21509,5,5,3,"[0.0, 0.5, 1.0, 1.5, 2.0, 2.5, 2.5, 3.0, 4.0, 5.5]","[0.0, 0.0, 0.0, 0.0, 0.0, 1.4142135, 2.236068, 2.4494898, 2.4494898, 4.8989797]","[1.0, 1.5, 1.5, 2.0, 2.0]","[0.0, 0.0, 0.0, 1.0, 1.4142135]","[-3.5, -3.5, -1.5, -1.5, -1.5]","[1.0, 1.5, 1.5, 2.0, 2.0]","[0.0, 0.0, 0.0, 1.0, 1.4142135]","[-3.5, -3.5, -1.5, -1.5, -1.5]","[2.5, 3.0, 4.0, 7.0, 8.5]","[2.0, 2.828427, 3.4641016, 6.708204, 8.485281]","[-2.5, 1.5, 3.0, 4.0, 8.5]","[4.0, 8.5, 8.5]","[3.4641016, 8.485281, 8.485281]","[3.0, 7.0, 8.5]",2,2,1,0,2.0,0.0,0
950,5,4,2,"[0.5, 1.0, 1.0, 1.0, 1.5, 2.5, 2.5, 5.0, 5.0, 5.5]","[0.0, 0.0, 0.0, 0.0, 0.0, 1.0, 1.4142135, 3.0, 5.0, 5.477226]","[1.0, 1.5, 2.0, 4.5, 4.5]","[0.0, 1.0, 1.7320508, 4.2426405, 4.472136]","[-2.5, -2.5, -2.5, -2.0, -1.5]","[1.0, 1.5, 2.0, 4.5]","[0.0, 1.0, 1.7320508, 4.472136]","[-2.5, -2.5, -2.0, -1.5]","[3.5, 5.0, 5.0, 9.0]","[0.0, 4.8989797, 5.0, 9.0]","[0.0, 2.0, 5.0, 5.5]","[2.0, 5.0]","[0.0, 5.0]","[-1.0, 5.0]",2,1,1,0,2.0,0.0,1
342,3,1,1,"[0.0, 0.0, 0.0, 0.5, 1.0, 1.5, 1.5, 3.5, 5.0, 5.5]","[0.0, 0.0, 0.0, 0.0, 0.0, 0.0, 1.0, 1.4142135, 4.0, 4.8989797]","[3.0, 3.5, 6.0]","[0.0, 3.0, 6.0]","[-4.5, -2.0, -1.0]",[3.0],[3.0],[-4.5],[4.5],[4.472136],[3.5],[4.5],[4.472136],[3.5],0,1,0,0,0.0,0.0,1
635,2,2,1,"[0.5, 1.0, 1.5, 2.0, 2.0, 2.5, 3.0, 3.0, 4.5, 6.5]","[0.0, 0.0, 0.0, 1.4142135, 1.7320508, 1.7320508, 2.0, 2.236068, 4.472136, 6.0]","[2.5, 3.0]","[2.4494898, 2.828427]","[-4.0, -2.5]","[2.5, 3.0]","[2.4494898, 2.828427]","[-4.0, -2.5]","[4.0, 5.5]","[3.8729835, 4.8989797]","[1.0, 2.0]",[6.0],[6.0],[4.0],1,0,1,0,1.0,0.0,1
98436,2,2,2,"[0.0, 1.0, 1.0, 1.5, 2.0, 2.5, 3.0, 3.5, 4.0, 5.0]","[0.0, 0.0, 1.0, 1.4142135, 1.7320508, 2.0, 3.0, 3.1622777, 4.0, 4.8989797]","[1.5, 2.0]","[1.4142135, 1.7320508]","[-2.0, -1.0]","[1.5, 2.0]","[1.4142135, 1.7320508]","[-2.0, -1.0]","[5.0, 5.5]","[4.0, 4.8989797]","[0.5, 3.5]","[5.0, 5.5]","[4.0, 4.8989797]","[0.5, 3.5]",0,2,0,0,0.0,0.0,0
11311,9,3,2,"[0.0, 0.5, 0.5, 1.0, 1.5, 3.0, 4.0, 7.0, 7.5, 8.0]","[0.0, 0.0, 0.0, 0.0, 0.0, 1.4142135, 3.4641016, 6.708204, 7.483315, 8.0]","[2.0, 2.0, 2.0, 2.5, 3.0, 3.0, 3.0, 4.0, 5.0]","[0.0, 0.0, 0.0, 0.0, 0.0, 1.7320508, 2.236068, 2.828427, 5.0]","[-5.5, -5.5, -4.5, -3.5, -3.0, -2.5, -2.5, -2.0, -1.5]","[2.0, 2.0, 3.0]","[0.0, 0.0, 1.7320508]","[-5.5, -2.5, -1.5]","[4.0, 5.0, 5.5]","[3.8729835, 5.0, 5.2915025]","[-3.0, 1.0, 1.0]","[5.0, 5.5]","[4.8989797, 5.0]","[-3.0, 5.0]",1,1,1,0,1.0,0.0,0
301,3,3,2,"[0.5, 1.0, 1.0, 1.5, 2.0, 2.5, 3.0, 3.0, 4.0, 5.5]","[0.0, 0.0, 0.0, 0.0, 0.0, 2.0, 2.236068, 3.0, 3.8729835, 4.8989797]","[1.0, 1.0, 1.0]","[0.0, 0.0, 0.0]","[-2.5, -2.0, -1.5]","[1.0, 1.0, 1.0]","[0.0, 0.0, 0.0]","[-2.5, -2.0, -1.5]","[4.0, 5.0, 5.5]","[4.0, 4.8989797, 5.477226]","[0.0, 2.5, 2.5]","[5.0, 5.0]","[4.8989797, 4.8989797]","[1.0, 2.5]",1,1,1,0,1.0,0.0,1
74766,3,3,2,"[0.5, 1.0, 1.0, 1.0, 1.5, 1.5, 2.5, 4.5, 6.5, 6.5]","[0.0, 0.0, 0.0, 0.0, 0.0, 1.4142135, 1.4142135, 2.4494898, 6.4807405, 6.4807405]","[2.5, 3.0, 3.5]","[2.0, 2.236068, 3.1622777]","[-4.0, -2.0, -1.5]","[2.5, 3.0, 3.5]","[2.0, 2.236068, 3.1622777]","[-4.0, -2.0, -1.5]","[3.0, 3.5, 3.5]","[2.828427, 3.1622777, 3.1622777]","[-1.5, 0.0, 0.5]","[3.5, 8.5]","[3.1622777, 8.485281]","[0.0, 7.5]",1,1,1,0,1.0,0.0,0
432,2,2,2,"[0.0, 0.0, 0.5, 0.5, 1.0, 1.0, 2.5, 3.0, 3.0, 6.5]","[0.0, 0.0, 0.0, 0.0, 0.0, 0.0, 2.236068, 2.4494898, 2.828427, 6.4807405]","[0.5, 1.5]","[0.0, 0.0]","[-3.0, -2.0]","[0.5, 1.5]","[0.0, 0.0]","[-3.0, -2.0]","[3.5, 7.0]","[3.1622777, 6.928203]","[3.0, 3.5]","[3.5, 7.0]","[3.1622777, 6.928203]","[3.0, 3.5]",0,2,0,0,0.0,0.0,1
493,5,2,1,"[0.0, 0.0, 1.0, 1.0, 1.5, 2.5, 3.5, 4.0, 4.5, 5.0]","[0.0, 0.0, 0.0, 0.0, 1.0, 1.0, 3.0, 3.1622777, 3.7416575, 3.8729835]","[0.5, 0.5, 2.0, 4.0, 4.5]","[0.0, 0.0, 1.7320508, 2.828427, 4.0]","[-6.5, -3.5, -3.0, -2.0, -2.0]","[0.5, 0.5]","[0.0, 0.0]","[-6.5, -2.0]","[2.0, 5.5]","[1.7320508, 5.477226]","[-3.0, 4.0]",[4.5],[3.7416575],[1.5],1,0,1,0,1.0,0.0,1
58976,10,4,2,"[0.5, 0.5, 1.0, 2.0, 2.0, 3.5, 4.5, 5.0, 5.5, 7.0]","[0.0, 0.0, 1.0, 2.0, 2.0, 3.4641016, 3.7416575, 4.2426405, 4.582576, 7.0]","[0.5, 1.5, 2.0, 2.0, 2.0, 3.0, 3.5, 4.0, 5.0, 5.0]","[0.0, 0.0, 0.0, 1.7320508, 1.7320508, 2.236068, 3.1622777, 3.4641016, 4.582576, 4.8989797]","[-6.0, -4.5, -3.5, -3.0, -3.0, -3.0, -2.0, -2.0, -1.5, -1.0]","[0.5, 2.0, 2.0, 3.0]","[0.0, 0.0, 1.7320508, 2.236068]","[-6.0, -4.5, -2.0, -1.5]","[2.0, 4.0, 7.5, 8.5]","[0.0, 2.0, 7.3484693, 8.485281]","[-1.5, -0.5, 4.0, 5.0]","[5.0, 6.5]","[3.0, 6.0]","[4.0, 4.5]",2,0,2,0,1.0,0.0,0
465,3,2,1,"[0.5, 1.0, 1.0, 1.0, 1.5, 2.0, 2.5, 4.0, 5.5, 8.0]","[0.0, 0.0, 0.0, 0.0, 0.0, 1.0, 1.4142135, 4.0, 5.477226, 7.937254]","[1.0, 2.0, 3.0]","[0.0, 1.7320508, 3.0]","[-3.0, -2.5, -2.0]","[1.0, 2.0]","[0.0, 1.7320508]","[-3.0, -2.5]","[4.5, 5.5]","[0.0, 5.2915025]","[1.5, 2.5]",[1.0],[0.0],[0.5],1,0,1,0,1.0,0.0,1
85007,3,2,2,"[0.0, 0.5, 0.5, 0.5, 1.5, 1.5, 2.0, 2.0, 4.5, 5.5]","[0.0, 0.0, 0.0, 0.0, 0.0, 1.4142135, 1.4142135, 2.0, 4.2426405, 4.472136]","[1.0, 2.0, 4.0]","[0.0, 1.7320508, 4.0]","[-4.0, -3.0, -1.5]","[1.0, 2.0]","[0.0, 1.7320508]","[-4.0, -1.5]","[4.0, 4.5]","[2.828427, 3.4641016]","[1.5, 3.5]","[4.0, 4.5]","[2.828427, 3.4641016]","[1.5, 3.5]",0,2,0,0,0.0,0.0,0
54130,4,1,1,"[0.5, 1.0, 2.5, 2.5, 2.5, 3.0, 5.0, 5.0, 5.0, 5.0]","[0.0, 0.0, 1.0, 2.0, 2.236068, 2.4494898, 4.0, 4.0, 4.8989797, 5.0]","[2.5, 3.5, 3.5, 5.0]","[0.0, 0.0, 2.0, 4.8989797]","[-4.5, -4.0, -2.5, -1.5]",[2.5],[2.0],[-4.0],[3.5],[0.0],[0.0],[3.5],[0.0],[0.0],0,1,0,0,0.0,0.0,0
89764,9,3,3,"[0.5, 0.5, 0.5, 1.0, 1.0, 5.0, 5.0, 5.0, 7.0, 8.5]","[0.0, 0.0, 0.0, 0.0, 0.0, 3.0, 4.8989797, 5.0, 6.708204, 8.485281]","[1.0, 2.0, 2.0, 2.0, 2.5, 3.0, 3.0, 4.5, 5.5]","[0.0, 0.0, 0.0, 0.0, 1.0, 2.4494898, 3.0, 4.472136, 5.477226]","[-6.0, -5.5, -4.5, -4.5, -4.5, -4.5, -3.5, -2.0, -1.0]","[1.0, 2.0, 2.5]","[0.0, 1.0, 2.4494898]","[-6.0, -4.5, -1.0]","[3.5, 4.5, 6.5]","[3.1622777, 3.7416575, 6.4807405]","[-2.0, 1.0, 1.5]","[3.5, 4.5, 6.5]","[3.1622777, 3.7416575, 6.4807405]","[-2.0, 1.0, 1.5]",0,3,0,0,0.0,0.0,0
25,2,1,1,"[0.0, 0.5, 0.5, 1.0, 1.0, 2.0, 2.0, 3.0, 3.0, 7.0]","[0.0, 0.0, 0.0, 0.0, 0.0, 0.0, 2.0, 3.0, 3.0, 6.928203]","[1.5, 4.0]","[0.0, 2.6457512]","[-4.0, -2.0]",[1.5],[0.0],[-4.0],[4.5],[2.828427],[0.0],[4.5],[2.828427],[0.0],0,1,0,0,0.0,0.0,1
30636,2,1,1,"[0.0, 1.0, 1.0, 1.0, 1.5, 2.0, 3.0, 3.0, 4.0, 5.5]","[0.0, 0.0, 0.0, 0.0, 1.0, 1.0, 1.4142135, 2.828427, 3.8729835, 5.2915025]","[1.5, 2.5]","[0.0, 0.0]","[-3.5, -1.0]",[1.5],[0.0],[-3.5],[6.5],[6.4807405],[6.5],[6.5],[6.4807405],[6.5],0,1,0,0,0.0,0.0,0
437,4,2,0,"[0.5, 1.5, 1.5, 1.5, 1.5, 2.0, 3.0, 3.5, 4.5, 8.5]","[0.0, 0.0, 0.0, 0.0, 0.0, 0.0, 1.7320508, 3.1622777, 3.7416575, 8.485281]","[1.0, 2.5, 2.5, 4.5]","[0.0, 0.0, 2.4494898, 4.2426405]","[-5.5, -4.0, -3.5, -2.5]","[1.0, 2.5]","[0.0, 2.4494898]","[-5.5, -4.0]","[1.0, 2.5]","[0.0, 2.4494898]","[-5.5, -4.0]",[],[],[],2,0,0,1,0.0,2.0,1
37428,6,3,2,"[0.5, 1.0, 1.0, 1.5, 1.5, 1.5, 2.5, 5.0, 7.5, 7.5]","[0.0, 0.0, 0.0, 0.0, 0.0, 1.4142135, 1.4142135, 4.8989797, 7.3484693, 7.483315]","[1.5, 2.0, 2.0, 2.5, 5.0, 6.5]","[0.0, 0.0, 0.0, 2.0, 4.8989797, 6.3245554]","[-4.0, -3.0, -2.5, -2.5, -1.5, -1.0]","[1.5, 2.0, 2.5]","[0.0, 0.0, 2.0]","[-3.0, -2.5, -2.5]","[2.5, 2.5, 3.5]","[0.0, 2.4494898, 2.4494898]","[-2.0, -1.5, 0.0]","[3.5, 9.0]","[0.0, 9.0]","[0.0, 8.0]",1,1,1,0,1.0,0.0,0
52976,5,3,1,"[0.5, 1.0, 1.0, 1.0, 1.5, 2.0, 2.5, 3.0, 5.0, 8.0]","[0.0, 0.0, 0.0, 0.0, 1.4142135, 1.7320508, 2.0, 2.828427, 5.0, 7.937254]","[0.5, 1.0, 2.5, 4.5, 4.5]","[0.0, 0.0, 2.4494898, 2.828427, 4.472136]","[-3.5, -3.5, -2.5, -2.0, -1.5]","[0.5, 1.0, 4.5]","[0.0, 0.0, 4.472136]","[-3.5, -3.5, -2.5]","[5.0, 6.5, 7.5]","[4.582576, 6.0, 7.3484693]","[1.5, 1.5, 2.0]",[3.5],[3.4641016],[2.5],2,0,1,0,2.0,0.0,0
99840,10,4,2,"[1.0, 1.0, 1.5, 2.0, 2.0, 2.5, 3.5, 5.0, 6.5, 8.0]","[0.0, 0.0, 0.0, 0.0, 1.0, 1.7320508, 3.4641016, 4.582576, 6.4807405, 7.937254]","[1.0, 1.5, 2.0, 2.0, 2.5, 3.5, 3.5, 3.5, 3.5, 4.0]","[0.0, 0.0, 1.0, 1.4142135, 2.4494898, 3.1622777, 3.1622777, 3.4641016, 3.4641016, 3.4641016]","[-5.0, -4.5, -3.5, -3.0, -3.0, -2.0, -1.5, -1.5, -1.5, -1.5]","[1.0, 2.0, 2.5, 3.5]","[0.0, 1.0, 2.4494898, 3.4641016]","[-3.5, -3.0, -3.0, -2.0]","[2.5, 4.5, 5.5, 5.5]","[2.4494898, 3.7416575, 4.8989797, 5.477226]","[-0.5, 0.0, 0.5, 1.5]","[5.5, 8.0]","[4.8989797, 7.937254]","[-0.5, 7.5]",2,1,1,0,2.0,0.0,0
578,6,3,2,"[0.0, 1.0, 1.0, 2.0, 2.0, 2.0, 3.0, 4.0, 5.0, 5.5]","[0.0, 0.0, 0.0, 1.7320508, 1.7320508, 1.7320508, 2.828427, 3.8729835, 4.8989797, 5.477226]","[0.5, 1.0, 1.0, 1.5, 2.0, 2.5]","[0.0, 0.0, 0.0, 0.0, 1.7320508, 2.4494898]","[-4.0, -3.5, -3.0, -2.0, -2.0, -2.0]","[0.5, 1.0, 1.0]","[0.0, 0.0, 0.0]","[-4.0, -3.5, -2.0]","[2.5, 3.0, 6.0]","[2.236068, 2.4494898, 5.196152]","[-3.0, 0.0, 2.5]","[3.0, 8.0]","[2.236068, 7.937254]","[0.0, 4.5]",1,1,1,0,1.0,0.0,1
415,2,1,1,"[0.0, 0.0, 0.5, 2.0, 2.0, 2.5, 2.5, 3.0, 5.0, 5.5]","[0.0, 0.0, 0.0, 0.0, 0.0, 1.7320508, 2.0, 2.828427, 3.0, 5.477226]","[2.0, 5.5]","[2.0, 5.2915025]","[-4.5, -1.5]",[2.0],[2.0],[-4.5],[2.0],[0.0],[0.5],[2.0],[0.0],[0.5],0,1,0,0,0.0,0.0,1
62,12,3,1,"[0.5, 0.5, 0.5, 0.5, 1.0, 1.5, 6.0, 6.5, 7.0, 8.0]","[0.0, 0.0, 0.0, 0.0, 0.0, 0.0, 5.656854, 6.0, 6.708204, 7.937254]","[1.0, 1.5, 1.5, 2.0, 2.5, 3.0, 3.5, 3.5, 4.0, 4.0, 5.0, 7.0]","[0.0, 0.0, 0.0, 1.4142135, 1.7320508, 2.4494898, 2.828427, 3.4641016, 3.4641016, 3.8729835, 4.0, 7.0]","[-7.5, -5.0, -5.0, -4.5, -4.5, -3.5, -2.5, -2.5, -2.0, -2.0, -1.5, -1.0]","[1.0, 1.5, 1.5]","[0.0, 0.0, 1.4142135]","[-7.5, -5.0, -4.5]","[3.5, 4.0, 7.0]","[0.0, 3.4641016, 7.0]","[-2.0, -1.5, 1.0]",[4.0],[0.0],[2.0],2,0,1,0,2.0,0.0,1
75888,2,2,1,"[0.5, 0.5, 1.0, 1.0, 1.5, 2.0, 2.0, 2.5, 3.0, 5.5]","[0.0, 0.0, 0.0, 0.0, 0.0, 0.0, 0.0, 1.7320508, 2.828427, 5.477226]","[1.5, 3.5]","[1.4142135, 3.1622777]","[-2.0, -1.5]","[1.5, 3.5]","[1.4142135, 3.1622777]","[-2.0, -1.5]","[3.5, 4.0]","[0.0, 0.0]","[0.5, 0.5]",[9.0],[9.0],[8.0],1,0,1,0,1.0,0.0,0
461,6,2,1,"[0.0, 0.0, 0.0, 0.5, 1.0, 2.0, 3.5, 4.0, 6.5, 8.0]","[0.0, 0.0, 0.0, 0.0, 0.0, 1.7320508, 3.1622777, 3.4641016, 6.0, 7.937254]","[2.5, 3.0, 3.5, 4.0, 4.0, 5.0]","[0.0, 0.0, 0.0, 2.828427, 3.4641016, 4.8989797]","[-4.5, -4.5, -4.0, -3.5, -2.0, -1.5]","[3.0, 4.0]","[2.828427, 3.4641016]","[-4.5, -4.0]","[5.0, 7.0]","[4.582576, 6.928203]","[0.5, 0.5]",[7.0],[6.708204],[4.0],1,0,1,0,1.0,0.0,1
94750,9,2,2,"[1.0, 1.0, 1.0, 2.0, 3.0, 3.0, 4.0, 4.5, 4.5, 6.5]","[0.0, 0.0, 0.0, 0.0, 1.0, 1.0, 2.236068, 2.828427, 4.472136, 6.0]","[2.0, 2.5, 2.5, 2.5, 3.0, 3.0, 3.5, 5.0, 7.5]","[0.0, 0.0, 0.0, 2.0, 2.4494898, 2.828427, 3.4641016, 4.582576, 7.483315]","[-5.0, -4.5, -4.0, -3.5, -3.0, -2.0, -2.0, -1.5, -1.0]","[2.0, 2.5]","[0.0, 2.4494898]","[-5.0, -3.5]","[4.0, 8.0]","[2.6457512, 8.0]","[1.5, 5.5]","[4.0, 8.0]","[2.6457512, 8.0]","[1.5, 5.5]",0,2,0,0,0.0,0.0,0
515,6,2,1,"[0.0, 0.5, 0.5, 1.0, 1.5, 2.5, 4.0, 4.5, 4.5, 6.5]","[0.0, 0.0, 0.0, 0.0, 0.0, 0.0, 0.0, 4.0, 4.472136, 6.3245554]","[1.5, 2.0, 2.5, 3.0, 3.0, 4.0]","[1.4142135, 1.7320508, 2.0, 2.236068, 2.828427, 3.4641016]","[-5.5, -4.5, -4.0, -3.0, -2.5, -1.0]","[2.5, 3.0]","[2.0, 2.236068]","[-3.0, -2.5]","[3.0, 5.0]","[0.0, 4.582576]","[-1.5, 1.0]",[6.5],[6.3245554],[4.5],1,0,1,0,1.0,0.0,1
90,2,1,1,"[0.0, 0.5, 0.5, 1.0, 1.5, 1.5, 2.5, 3.5, 3.5, 4.5]","[0.0, 0.0, 0.0, 0.0, 0.0, 0.0, 1.0, 1.4142135, 2.4494898, 3.4641016]","[1.5, 6.0]","[1.4142135, 5.656854]","[-4.0, -1.0]",[1.5],[1.4142135],[-4.0],[8.0],[8.0],[7.5],[8.0],[8.0],[7.5],0,1,0,0,0.0,0.0,1
0,5,3,2,"[0.0, 1.0, 1.5, 1.5, 2.0, 2.5, 2.5, 3.0, 5.0, 8.0]","[0.0, 0.0, 0.0, 0.0, 0.0, 1.0, 2.4494898, 3.0, 4.8989797, 7.937254]","[0.5, 2.5, 3.0, 4.0, 4.0]","[0.0, 0.0, 2.4494898, 2.828427, 3.8729835]","[-4.0, -3.5, -2.0, -1.5, -1.5]","[0.5, 2.5, 4.0]","[0.0, 0.0, 2.4494898]","[-4.0, -2.0, -1.5]","[4.5, 5.5, 7.0]","[2.828427, 5.2915025, 7.0]","[1.0, 2.5, 3.5]","[3.5, 4.5]","[2.4494898, 2.828427]","[1.0, 2.0]",1,1,1,0,1.0,0.0,1
775,9,4,2,"[0.0, 0.5, 2.0, 2.0, 3.0, 3.0, 3.5, 4.5, 5.5, 6.5]","[0.0, 0.0, 0.0, 2.0, 2.236068, 2.4494898, 2.828427, 3.0, 4.8989797, 6.0]","[0.5, 1.0, 2.0, 2.5, 3.5, 3.5, 3.5, 4.5, 4.5]","[0.0, 0.0, 0.0, 0.0, 0.0, 2.0, 2.4494898, 4.2426405, 4.472136]","[-5.0, -4.0, -4.0, -3.5, -3.5, -3.5, -3.0, -1.5, -1.0]","[0.5, 1.0, 2.0, 2.5]","[0.0, 0.0, 0.0, 2.0]","[-5.0, -4.0, -3.5, -1.0]","[3.5, 5.0, 7.5, 7.5]","[2.4494898, 4.0, 7.3484693, 7.3484693]","[-3.0, 1.5, 4.5, 5.0]","[4.5, 5.5]","[0.0, 4.2426405]","[0.5, 3.0]",2,0,2,0,1.0,0.0,1
44778,4,2,2,"[0.5, 1.0, 1.5, 1.5, 1.5, 2.0, 2.0, 3.0, 6.5, 7.0]","[0.0, 0.0, 0.0, 0.0, 1.4142135, 1.4142135, 1.7320508, 2.828427, 6.3245554, 6.928203]","[0.5, 1.0, 2.5, 5.0]","[0.0, 0.0, 0.0, 4.8989797]","[-3.5, -2.0, -2.0, -2.0]","[0.5, 2.5]","[0.0, 0.0]","[-3.5, -2.0]","[3.5, 7.0]","[2.4494898, 7.0]","[1.0, 6.0]","[3.5, 7.0]","[2.4494898, 7.0]","[1.0, 6.0]",0,2,0,0,0.0,0.0,0
89929,9,4,3,"[0.5, 1.5, 2.0, 2.0, 2.5, 3.0, 4.0, 4.5, 4.5, 5.0]","[0.0, 0.0, 1.4142135, 1.7320508, 2.0, 2.0, 2.236068, 2.6457512, 3.7416575, 5.0]","[1.0, 1.5, 1.5, 2.0, 2.5, 3.0, 4.5, 4.5, 5.0]","[0.0, 0.0, 1.0, 1.4142135, 1.4142135, 2.828427, 4.2426405, 4.472136, 4.582576]","[-5.0, -5.0, -4.0, -3.0, -2.5, -2.0, -2.0, -1.5, -1.5]","[1.0, 1.5, 1.5, 4.5]","[1.0, 1.4142135, 1.4142135, 4.472136]","[-5.0, -4.0, -3.0, -1.5]","[2.0, 4.0, 4.0, 4.0]","[2.0, 2.6457512, 3.4641016, 3.8729835]","[0.5, 1.0, 1.0, 3.5]","[2.0, 4.0, 7.0]","[2.0, 3.8729835, 7.0]","[1.0, 3.5, 5.5]",1,2,1,0,1.0,0.0,0
35789,4,3,2,"[0.0, 0.0, 0.5, 1.0, 1.0, 3.0, 3.5, 4.0, 4.5, 6.0]","[0.0, 0.0, 0.0, 0.0, 0.0, 1.0, 2.4494898, 2.6457512, 2.828427, 5.656854]","[2.0, 3.0, 4.0, 6.0]","[1.7320508, 2.236068, 3.8729835, 5.91608]","[-3.5, -3.5, -3.0, -1.0]","[2.0, 4.0, 6.0]","[1.7320508, 3.8729835, 5.91608]","[-3.5, -3.0, -1.0]","[1.5, 2.5, 3.0]","[0.0, 0.0, 2.828427]","[-1.0, -1.0, 1.5]","[2.5, 3.5]","[0.0, 0.0]","[1.5, 3.0]",1,1,1,0,1.0,0.0,0
50907,6,2,1,"[0.5, 1.0, 1.5, 1.5, 2.0, 2.0, 2.5, 5.0, 5.5, 5.5]","[0.0, 0.0, 0.0, 1.4142135, 1.7320508, 1.7320508, 2.4494898, 4.582576, 5.2915025, 5.477226]","[1.0, 2.5, 3.0, 3.0, 3.0, 3.5]","[0.0, 0.0, 2.236068, 2.4494898, 2.828427, 3.4641016]","[-3.5, -3.5, -3.0, -2.5, -2.0, -1.0]","[1.0, 2.5]","[0.0, 2.4494898]","[-3.5, -2.5]","[4.0, 4.5]","[0.0, 2.828427]","[-2.5, 1.5]",[4.0],[2.6457512],[0.0],1,0,1,0,1.0,0.0,0
82421,7,3,3,"[1.0, 1.5, 2.0, 2.5, 2.5, 3.0, 4.0, 4.0, 4.0, 5.5]","[0.0, 0.0, 1.7320508, 2.0, 2.0, 2.6457512, 2.828427, 3.4641016, 3.8729835, 4.2426405]","[1.0, 1.5, 2.0, 2.5, 4.0, 4.0, 4.5]","[0.0, 0.0, 0.0, 0.0, 2.6457512, 2.828427, 3.8729835]","[-4.5, -3.0, -3.0, -2.5, -2.5, -1.5, -1.5]","[1.0, 2.0, 2.5]","[0.0, 0.0, 0.0]","[-4.5, -3.0, -2.5]","[5.5, 5.5, 6.0]","[5.196152, 5.477226, 5.477226]","[2.5, 3.0, 4.0]","[5.5, 5.5, 6.0]","[5.196152, 5.477226, 5.477226]","[2.5, 3.0, 4.0]",0,3,0,0,0.0,0.0,0
1000,3,1,1,"[0.0, 0.5, 0.5, 1.0, 1.5, 2.0, 2.5, 3.5, 5.0, 6.0]","[0.0, 0.0, 0.0, 0.0, 1.0, 1.4142135, 1.7320508, 3.0, 3.4641016, 5.656854]","[2.5, 2.5, 2.5]","[0.0, 2.0, 2.4494898]","[-4.0, -3.0, -2.0]",[2.5],[2.0],[-2.0],[4.5],[4.472136],[0.5],[4.5],[4.472136],[0.5],0,1,0,0,0.0,0.0,1
908,5,3,3,"[0.0, 1.0, 1.0, 1.5, 3.0, 3.5, 3.5, 4.0, 5.0, 5.5]","[0.0, 0.0, 0.0, 1.0, 1.4142135, 3.1622777, 3.4641016, 3.4641016, 4.0, 5.477226]","[2.0, 2.0, 3.0, 3.0, 5.0]","[0.0, 2.0, 2.236068, 2.828427, 4.582576]","[-5.0, -3.0, -2.5, -2.0, -1.5]","[2.0, 3.0, 3.0]","[2.0, 2.236068, 2.828427]","[-3.0, -2.5, -2.0]","[3.5, 4.5, 6.5]","[0.0, 3.7416575, 6.4807405]","[2.0, 2.5, 5.0]","[3.5, 4.5, 6.5]","[0.0, 3.7416575, 6.4807405]","[2.0, 2.5, 5.0]",0,3,0,0,0.0,0.0,1
31719,1,1,1,"[0.0, 0.5, 0.5, 0.5, 1.0, 1.5, 1.5, 2.0, 2.0, 6.0]","[0.0, 0.0, 0.0, 0.0, 0.0, 1.0, 1.4142135, 1.7320508, 1.7320508, 5.196152]",[1.0],[0.0],[-1.0],[1.0],[0.0],[-1.0],[2.5],[2.0],[2.0],[2.5],[2.0],[2.0],0,1,0,0,0.0,0.0,0
454,9,3,3,"[0.5, 0.5, 1.5, 1.5, 3.0, 3.0, 3.0, 4.0, 4.0, 4.5]","[0.0, 0.0, 0.0, 0.0, 0.0, 2.236068, 2.828427, 2.828427, 3.4641016, 3.4641016]","[1.5, 2.0, 2.0, 2.0, 2.0, 2.5, 2.5, 3.5, 5.0]","[0.0, 0.0, 0.0, 0.0, 1.7320508, 2.0, 2.4494898, 3.4641016, 5.0]","[-5.0, -4.0, -3.5, -3.5, -2.5, -2.5, -2.0, -2.0, -1.5]","[1.5, 2.0, 2.5]","[0.0, 2.0, 2.4494898]","[-4.0, -3.5, -3.5]","[3.0, 5.0, 6.5]","[2.828427, 4.8989797, 6.3245554]","[2.5, 4.5, 4.5]","[3.0, 5.0, 6.5]","[2.828427, 4.8989797, 6.3245554]","[2.5, 4.5, 4.5]",0,3,0,0,0.0,0.0,1
54751,4,2,2,"[0.5, 1.0, 1.5, 2.0, 2.5, 3.0, 4.0, 4.5, 5.0, 8.0]","[0.0, 0.0, 0.0, 0.0, 0.0, 1.0, 2.0, 3.0, 3.4641016, 8.0]","[1.0, 2.0, 2.5, 3.0]","[0.0, 1.7320508, 2.4494898, 2.828427]","[-7.5, -5.5, -3.0, -2.5]","[1.0, 2.5]","[0.0, 2.4494898]","[-7.5, -2.5]","[4.0, 4.5]","[2.6457512, 4.2426405]","[0.0, 3.0]","[4.0, 4.5]","[2.6457512, 4.2426405]","[0.0, 3.0]",0,2,0,0,0.0,0.0,0
704,6,3,2,"[0.0, 0.0, 0.5, 0.5, 0.5, 1.0, 4.5, 5.0, 5.0, 6.0]","[0.0, 0.0, 0.0, 0.0, 0.0, 0.0, 0.0, 3.0, 3.0, 5.91608]","[2.0, 2.0, 2.0, 4.0, 4.5, 6.0]","[0.0, 0.0, 2.0, 3.7416575, 3.8729835, 5.656854]","[-7.0, -5.0, -5.0, -3.5, -2.0, -1.0]","[2.0, 2.0, 4.0]","[0.0, 2.0, 3.8729835]","[-5.0, -5.0, -2.0]","[4.5, 5.5, 8.0]","[4.2426405, 4.8989797, 7.937254]","[0.5, 5.0, 5.5]","[4.0, 5.5]","[4.0, 4.8989797]","[3.5, 5.0]",1,1,1,0,1.0,0.0,1
669,6,3,2,"[0.0, 0.0, 0.5, 1.0, 1.5, 2.0, 2.5, 4.5, 6.0, 7.0]","[0.0, 0.0, 0.0, 0.0, 0.0, 1.4142135, 2.4494898, 4.2426405, 5.656854, 7.0]","[0.5, 1.5, 2.0, 2.0, 4.0, 5.0]","[0.0, 1.4142135, 1.7320508, 2.0, 3.8729835, 4.582576]","[-5.0, -4.0, -4.0, -3.5, -2.5, -2.5]","[0.5, 1.5, 2.0]","[0.0, 1.4142135, 2.0]","[-4.0, -4.0, -3.5]","[1.5, 5.0, 7.0]","[1.4142135, 4.582576, 6.928203]","[-2.5, -0.5, 4.0]","[2.0, 7.0]","[0.0, 6.928203]","[-1.5, 4.0]",1,1,1,0,1.0,0.0,1
542,13,3,1,"[0.0, 0.5, 1.0, 2.0, 2.5, 3.0, 5.0, 6.5, 6.5, 8.0]","[0.0, 0.0, 0.0, 1.0, 2.0, 2.236068, 5.0, 6.4807405, 6.4807405, 8.0]","[0.5, 1.0, 1.5, 1.5, 1.5, 2.0, 2.0, 2.5, 2.5, 3.0, 3.0, 4.0, 4.5]","[0.0, 0.0, 0.0, 0.0, 1.4142135, 1.4142135, 1.7320508, 1.7320508, 2.4494898, 2.4494898, 3.0, 3.4641016, 4.472136]","[-6.0, -6.0, -4.5, -4.5, -4.0, -3.5, -3.0, -3.0, -3.0, -2.5, -2.5, -2.0, -1.5]","[0.5, 1.0, 2.0]","[0.0, 0.0, 1.7320508]","[-6.0, -4.5, -4.5]","[0.5, 2.0, 4.5]","[0.0, 1.7320508, 4.2426405]","[-6.0, -4.5, 1.5]",[4.5],[4.2426405],[1.5],2,1,0,1,0.0,2.0,1
149,12,4,3,"[0.5, 1.0, 1.5, 2.0, 2.0, 2.5, 5.0, 5.0, 6.5, 6.5]","[0.0, 0.0, 1.4142135, 1.7320508, 1.7320508, 2.0, 3.0, 4.8989797, 6.0, 6.3245554]","[1.5, 1.5, 1.5, 1.5, 2.0, 2.0, 3.0, 3.0, 3.0, 3.5, 6.0, 6.5]","[0.0, 0.0, 0.0, 0.0, 0.0, 1.4142135, 1.4142135, 1.4142135, 2.828427, 3.1622777, 5.91608, 6.3245554]","[-5.5, -5.5, -4.0, -3.5, -3.5, -3.0, -2.5, -2.5, -2.5, -2.0, -2.0, -1.5]","[1.5, 1.5, 3.0, 3.0]","[0.0, 1.4142135, 1.4142135, 2.828427]","[-5.5, -3.5, -3.0, -2.5]","[5.5, 5.5, 8.5, 9.0]","[4.2426405, 5.477226, 8.485281, 9.0]","[1.0, 3.0, 6.0, 6.0]","[5.5, 7.5, 8.5]","[5.477226, 7.483315, 8.485281]","[3.0, 6.0, 6.5]",1,2,1,0,1.0,0.0,1
85174,6,2,0,"[0.0, 0.5, 0.5, 1.0, 2.0, 2.5, 4.5, 5.5, 5.5, 7.5]","[0.0, 0.0, 0.0, 0.0, 0.0, 1.7320508, 3.7416575, 4.8989797, 5.2915025, 7.3484693]","[2.5, 3.5, 4.0, 4.0, 4.0, 4.5]","[0.0, 0.0, 2.4494898, 2.6457512, 3.8729835, 4.2426405]","[-4.0, -4.0, -3.0, -3.0, -2.0, -2.0]","[2.5, 4.5]","[0.0, 4.2426405]","[-4.0, -2.0]","[2.5, 4.5]","[0.0, 4.2426405]","[-4.0, -2.0]",[],[],[],2,0,0,1,0.0,2.0,0
92460,2,1,1,"[1.5, 2.0, 2.0, 2.0, 2.5, 3.0, 3.5, 3.5, 4.5, 4.5]","[0.0, 0.0, 0.0, 0.0, 0.0, 0.0, 1.7320508, 2.0, 2.0, 4.2426405]","[2.5, 4.5]","[0.0, 4.472136]","[-3.0, -2.5]",[4.5],[4.472136],[-3.0],[2.0],[0.0],[0.5],[2.0],[0.0],[0.5],0,1,0,0,0.0,0.0,0
48,3,1,1,"[0.0, 0.5, 0.5, 0.5, 0.5, 1.5, 2.0, 2.0, 3.0, 3.5]","[0.0, 0.0, 0.0, 0.0, 0.0, 0.0, 0.0, 1.7320508, 2.0, 2.4494898]","[1.5, 2.0, 2.5]","[0.0, 0.0, 0.0]","[-3.5, -2.5, -1.5]",[1.5],[0.0],[-2.5],[1.0],[1.0],[0.0],[1.0],[1.0],[0.0],0,1,0,0,0.0,0.0,1
41495,2,2,1,"[1.0, 1.0, 1.5, 1.5, 1.5, 2.0, 2.5, 4.0, 4.5, 5.0]","[0.0, 0.0, 0.0, 1.0, 1.0, 2.0, 2.0, 2.828427, 3.8729835, 4.8989797]","[2.0, 2.5]","[1.7320508, 2.4494898]","[-3.0, -1.0]","[2.0, 2.5]","[1.7320508, 2.4494898]","[-3.0, -1.0]","[3.0, 4.5]","[2.236068, 4.472136]","[-1.0, 1.0]",[6.5],[6.4807405],[4.0],1,0,1,0,1.0,0.0,0
411,7,4,3,"[0.5, 0.5, 1.0, 1.5, 2.0, 2.5, 3.0, 3.5, 5.0, 8.0]","[0.0, 0.0, 0.0, 0.0, 1.4142135, 2.0, 2.4494898, 3.1622777, 4.582576, 7.937254]","[0.5, 0.5, 1.0, 1.5, 2.0, 3.5, 4.0]","[0.0, 0.0, 0.0, 0.0, 1.0, 1.4142135, 2.0]","[-5.5, -4.0, -3.5, -2.0, -2.0, -1.5, -1.5]","[0.5, 0.5, 1.0, 1.5]","[0.0, 0.0, 1.0, 1.4142135]","[-5.5, -3.5, -2.0, -1.5]","[4.5, 4.5, 5.0, 8.0]","[2.828427, 4.0, 4.472136, 8.0]","[0.5, 1.0, 3.5, 6.0]","[3.0, 4.5, 8.0]","[3.0, 4.472136, 8.0]","[-1.5, 3.5, 6.0]",1,2,1,0,1.0,0.0,1
418,7,3,2,"[0.5, 1.0, 1.0, 1.5, 2.0, 3.5, 3.5, 4.5, 6.5, 8.0]","[0.0, 0.0, 0.0, 0.0, 0.0, 1.0, 3.1622777, 3.7416575, 6.3245554, 8.0]","[2.0, 2.0, 3.0, 3.0, 3.5, 3.5, 4.5]","[0.0, 0.0, 1.7320508, 2.4494898, 2.828427, 3.0, 3.7416575]","[-4.5, -4.5, -4.0, -3.0, -2.5, -1.5, -1.0]","[2.0, 2.0, 3.0]","[0.0, 1.7320508, 2.828427]","[-4.5, -4.5, -4.0]","[3.0, 5.0, 5.5]","[2.828427, 4.8989797, 4.8989797]","[-1.0, 0.0, 2.0]","[3.0, 5.0]","[2.828427, 5.0]","[-1.0, 3.0]",1,1,1,0,1.0,0.0,1
131,27,6,2,"[1.0, 3.5, 4.0, 4.5, 4.5, 5.0, 5.0, 6.0, 6.5, 7.5]","[0.0, 3.0, 3.0, 3.1622777, 4.0, 4.472136, 4.472136, 6.0, 6.4807405, 7.3484693]","[0.5, 0.5, 1.0, 1.0, 1.0, 1.5, 1.5, 2.0, 2.0, 2.0, 2.0, 2.0, 2.5, 2.5, 2.5, 2.5, 3.0, 3.0, 3.5, 3.5, 3.5, 4.0, 4.5, 5.0, 5.0, 6.0, 6.0]","[0.0, 0.0, 0.0, 0.0, 0.0, 0.0, 0.0, 0.0, 0.0, 0.0, 1.0, 1.7320508, 1.7320508, 2.0, 2.0, 2.0, 2.0, 2.828427, 3.1622777, 3.1622777, 3.4641016, 3.8729835, 4.0, 4.2426405, 4.582576, 5.656854, 5.91608]","[-6.0, -5.5, -5.0, -5.0, -5.0, -4.5, -4.5, -4.5, -4.0, -4.0, -3.5, -3.5, -3.0, -3.0, -3.0, -3.0, -3.0, -2.5, -2.5, -2.5, -2.5, -2.0, -2.0, -1.5, -1.5, -1.5, -1.0]","[0.5, 0.5, 1.0, 1.5, 2.0, 2.0]","[0.0, 0.0, 0.0, 0.0, 1.0, 1.7320508]","[-6.0, -5.5, -5.0, -3.0, -3.0, -2.5]","[2.5, 2.5, 3.0, 3.5, 6.0, 7.0]","[0.0, 0.0, 2.0, 3.1622777, 5.91608, 6.928203]","[-3.0, -2.5, -1.5, -1.5, 2.0, 2.0]","[1.5, 2.0]","[0.0, 2.0]","[-4.5, -1.0]",4,0,2,0,2.0,0.0,1
369,6,3,2,"[0.0, 1.0, 1.0, 1.5, 2.5, 3.0, 3.5, 4.0, 5.0, 7.0]","[0.0, 0.0, 0.0, 0.0, 1.4142135, 2.4494898, 3.4641016, 3.4641016, 4.582576, 6.928203]","[2.0, 2.5, 2.5, 2.5, 3.5, 3.5]","[0.0, 0.0, 0.0, 2.0, 2.0, 3.4641016]","[-4.0, -2.5, -2.5, -2.5, -2.0, -1.5]","[2.0, 2.5, 3.5]","[0.0, 2.0, 3.4641016]","[-2.5, -2.5, -2.0]","[6.0, 6.0, 7.0]","[5.656854, 5.91608, 6.708204]","[1.0, 3.5, 5.0]","[5.0, 6.0]","[4.8989797, 5.656854]","[2.0, 3.5]",1,1,1,0,1.0,0.0,1
71162,3,3,2,"[0.0, 0.5, 2.0, 2.0, 3.0, 3.0, 3.0, 3.0, 3.5, 8.0]","[0.0, 0.0, 0.0, 0.0, 2.0, 2.236068, 2.828427, 3.0, 3.1622777, 7.937254]","[4.0, 4.0, 4.5]","[3.4641016, 4.0, 4.472136]","[-3.0, -1.0, -1.0]","[4.0, 4.0, 4.5]","[3.4641016, 4.0, 4.472136]","[-3.0, -1.0, -1.0]","[3.0, 4.5, 8.0]","[2.236068, 4.472136, 8.0]","[-0.5, 2.0, 3.0]","[4.5, 5.0]","[4.0, 4.472136]","[3.0, 3.5]",1,1,1,0,1.0,0.0,0
39379,6,4,2,"[0.5, 0.5, 1.0, 1.5, 1.5, 1.5, 2.0, 2.5, 6.5, 7.0]","[0.0, 0.0, 0.0, 0.0, 1.0, 1.4142135, 1.4142135, 2.4494898, 6.3245554, 6.928203]","[1.0, 1.0, 1.5, 2.0, 3.5, 5.0]","[0.0, 0.0, 0.0, 1.4142135, 1.7320508, 5.0]","[-4.5, -3.5, -3.0, -3.0, -1.5, -1.5]","[1.0, 1.0, 1.5, 2.0]","[0.0, 0.0, 1.4142135, 1.7320508]","[-4.5, -3.5, -3.0, -1.5]","[3.5, 5.5, 6.5, 7.0]","[2.4494898, 4.8989797, 6.0, 6.708204]","[-1.5, 1.0, 3.0, 4.5]","[3.5, 5.5]","[3.4641016, 5.477226]","[3.0, 4.0]",2,0,2,0,1.0,0.0,0
7849,9,4,3,"[0.0, 0.5, 1.0, 2.0, 3.0, 3.0, 3.0, 4.5, 6.5, 6.5]","[0.0, 0.0, 0.0, 0.0, 2.236068, 3.0, 3.0, 3.7416575, 6.0, 6.0]","[0.5, 1.0, 1.5, 2.0, 2.5, 3.5, 4.0, 4.0, 4.0]","[0.0, 0.0, 0.0, 0.0, 0.0, 1.4142135, 1.7320508, 2.6457512, 3.4641016]","[-6.0, -6.0, -3.0, -2.5, -2.5, -2.0, -2.0, -1.5, -1.0]","[0.5, 2.0, 2.5, 4.0]","[0.0, 0.0, 1.7320508, 3.4641016]","[-6.0, -2.5, -1.5, -1.0]","[2.5, 4.0, 4.0, 4.5]","[0.0, 2.0, 2.828427, 3.4641016]","[-2.5, 0.0, 2.5, 2.5]","[2.5, 4.0, 4.5]","[2.0, 3.4641016, 3.7416575]","[0.0, 2.5, 2.5]",1,2,1,0,1.0,0.0,0
56,10,4,2,"[0.0, 0.0, 0.0, 1.0, 1.5, 4.5, 4.5, 4.5, 6.5, 7.0]","[0.0, 0.0, 0.0, 0.0, 0.0, 0.0, 4.2426405, 4.2426405, 6.3245554, 6.708204]","[2.5, 2.5, 2.5, 2.5, 3.0, 3.0, 3.5, 4.0, 4.5, 5.0]","[0.0, 0.0, 0.0, 2.0, 2.0, 2.236068, 2.4494898, 2.4494898, 3.7416575, 4.582576]","[-5.0, -5.0, -4.0, -3.5, -3.0, -2.5, -2.5, -2.0, -1.5, -1.0]","[2.5, 2.5, 3.0, 4.0]","[0.0, 0.0, 2.0, 2.4494898]","[-3.5, -3.0, -2.5, -2.0]","[3.0, 3.5, 5.0, 7.0]","[0.0, 2.828427, 5.0, 6.708204]","[-5.0, 1.5, 2.0, 3.0]","[3.0, 4.5]","[2.828427, 3.7416575]","[-1.0, 3.0]",2,1,1,0,2.0,0.0,1
92991,4,2,2,"[0.0, 0.0, 1.0, 1.5, 2.5, 2.5, 4.5, 5.0, 5.5, 5.5]","[0.0, 0.0, 0.0, 0.0, 1.4142135, 2.0, 3.7416575, 4.2426405, 4.582576, 5.2915025]","[1.0, 2.0, 2.0, 3.5]","[0.0, 0.0, 0.0, 0.0]","[-6.0, -4.0, -3.5, -1.5]","[1.0, 2.0]","[0.0, 0.0]","[-6.0, -3.5]","[7.5, 7.5]","[7.3484693, 7.483315]","[4.5, 6.5]","[7.5, 7.5]","[7.3484693, 7.483315]","[4.5, 6.5]",0,2,0,0,0.0,0.0,0
73173,10,4,3,"[0.5, 1.0, 1.5, 1.5, 1.5, 3.0, 4.5, 5.0, 5.5, 7.0]","[0.0, 0.0, 0.0, 0.0, 1.4142135, 2.236068, 4.0, 4.2426405, 4.472136, 6.928203]","[1.0, 1.5, 1.5, 2.0, 2.0, 2.5, 2.5, 3.5, 4.0, 4.0]","[0.0, 0.0, 0.0, 0.0, 1.0, 1.4142135, 1.4142135, 2.0, 3.4641016, 3.8729835]","[-5.5, -4.5, -4.0, -4.0, -3.5, -3.0, -2.5, -2.5, -2.5, -1.5]","[1.0, 1.5, 2.0, 2.0]","[0.0, 0.0, 1.0, 1.4142135]","[-5.5, -4.0, -2.5, -1.5]","[4.0, 4.0, 4.0, 5.0]","[0.0, 3.4641016, 3.8729835, 4.0]","[0.0, 0.5, 3.0, 4.0]","[2.0, 4.0, 4.0]","[0.0, 1.7320508, 3.8729835]","[-1.5, 0.5, 3.0]",1,2,1,0,1.0,0.0,0
75173,3,3,3,"[0.0, 1.5, 2.0, 2.0, 2.5, 3.0, 3.0, 3.0, 3.5, 4.5]","[0.0, 0.0, 0.0, 0.0, 1.7320508, 2.0, 2.236068, 2.828427, 2.828427, 3.1622777]","[0.5, 1.0, 1.5]","[0.0, 1.0, 1.4142135]","[-5.0, -2.5, -1.5]","[0.5, 1.0, 1.5]","[0.0, 1.0, 1.4142135]","[-5.0, -2.5, -1.5]","[4.0, 6.0, 9.0]","[2.6457512, 5.656854, 9.0]","[2.0, 3.5, 8.0]","[4.0, 6.0, 9.0]","[2.6457512, 5.656854, 9.0]","[2.0, 3.5, 8.0]",0,3,0,0,0.0,0.0,0
451,7,3,2,"[0.5, 1.0, 1.5, 2.0, 2.0, 2.0, 3.5, 4.0, 4.5, 8.5]","[0.0, 0.0, 0.0, 0.0, 1.4142135, 2.0, 2.4494898, 2.6457512, 3.7416575, 8.485281]","[1.5, 2.0, 2.5, 3.0, 3.0, 3.5, 4.0]","[0.0, 0.0, 0.0, 0.0, 2.4494898, 3.1622777, 3.8729835]","[-5.0, -4.0, -3.5, -3.5, -3.0, -2.5, -1.5]","[1.5, 2.5, 3.5]","[0.0, 2.4494898, 3.1622777]","[-5.0, -4.0, -3.0]","[3.0, 6.0, 6.5]","[3.0, 5.656854, 6.0]","[-2.0, 1.5, 5.5]","[2.0, 6.5]","[0.0, 6.0]","[1.0, 5.5]",1,1,1,0,1.0,0.0,1
72297,5,2,1,"[0.0, 1.0, 1.0, 1.0, 1.5, 1.5, 4.0, 5.0, 7.0, 7.0]","[0.0, 0.0, 0.0, 0.0, 0.0, 0.0, 3.0, 3.4641016, 6.708204, 6.708204]","[1.5, 2.0, 4.5, 4.5, 6.0]","[0.0, 1.7320508, 2.828427, 4.472136, 5.656854]","[-5.5, -4.5, -4.0, -3.0, -2.5]","[1.5, 6.0]","[0.0, 5.656854]","[-4.0, -3.0]","[6.0, 8.5]","[5.91608, 8.485281]","[0.5, 3.5]",[8.0],[7.937254],[4.5],1,0,1,0,1.0,0.0,0
403,4,2,2,"[0.0, 0.0, 1.5, 2.5, 2.5, 2.5, 3.0, 4.0, 4.5, 7.5]","[0.0, 0.0, 0.0, 0.0, 0.0, 1.4142135, 2.0, 2.828427, 3.0, 7.3484693]","[1.0, 2.0, 3.0, 5.0]","[1.0, 2.0, 2.828427, 5.0]","[-4.0, -4.0, -3.5, -2.0]","[1.0, 2.0]","[1.0, 2.0]","[-4.0, -3.5]","[3.0, 7.0]","[2.828427, 6.928203]","[-2.0, 5.5]","[3.0, 7.0]","[2.828427, 6.928203]","[-2.0, 5.5]",0,2,0,0,0.0,0.0,1
412,1,1,1,"[0.0, 0.0, 1.0, 1.5, 2.0, 2.0, 2.5, 3.0, 4.0, 5.5]","[0.0, 0.0, 0.0, 0.0, 0.0, 1.7320508, 2.0, 2.236068, 4.0, 4.2426405]",[2.5],[2.4494898],[-1.5],[2.5],[2.4494898],[-1.5],[8.0],[7.937254],[7.0],[8.0],[7.937254],[7.0],0,1,0,0,0.0,0.0,1
60428,5,1,1,"[1.0, 1.5, 2.0, 2.0, 2.5, 3.0, 3.0, 3.0, 4.0, 4.5]","[0.0, 0.0, 0.0, 1.0, 1.7320508, 1.7320508, 2.236068, 2.6457512, 2.828427, 3.0]","[2.5, 3.0, 3.0, 4.0, 5.5]","[0.0, 2.236068, 2.828427, 3.4641016, 5.2915025]","[-4.0, -4.0, -2.5, -2.0, -1.0]",[2.5],[0.0],[-4.0],[1.0],[0.0],[0.5],[1.0],[0.0],[0.5],0,1,0,0,0.0,0.0,0
68174,5,3,2,"[0.0, 0.5, 1.0, 1.5, 2.0, 3.0, 3.0, 4.5, 6.0, 8.5]","[0.0, 0.0, 0.0, 0.0, 0.0, 1.4142135, 2.828427, 3.0, 6.0, 8.485281]","[3.0, 3.5, 4.0, 4.0, 4.5]","[0.0, 2.6457512, 2.6457512, 2.828427, 4.2426405]","[-5.0, -3.0, -2.5, -2.0, -1.0]","[3.0, 3.5, 4.5]","[0.0, 2.828427, 4.2426405]","[-3.0, -2.5, -2.0]","[1.0, 5.0, 6.5]","[1.0, 4.8989797, 6.4807405]","[-1.0, -0.5, 1.0]","[1.0, 6.5]","[1.0, 6.0]","[-0.5, 3.5]",1,1,1,0,1.0,0.0,0
929,5,2,1,"[0.5, 0.5, 1.0, 1.0, 2.0, 2.0, 3.0, 3.0, 4.5, 7.5]","[0.0, 0.0, 0.0, 0.0, 0.0, 1.0, 1.7320508, 2.236068, 2.828427, 7.483315]","[1.0, 1.5, 2.0, 3.5, 5.0]","[0.0, 0.0, 0.0, 0.0, 4.582576]","[-4.5, -4.5, -3.5, -2.5, -1.0]","[1.0, 5.0]","[0.0, 4.582576]","[-4.5, -3.5]","[5.0, 6.0]","[4.8989797, 5.196152]","[1.0, 2.5]",[6.5],[6.0],[6.5],1,0,1,0,1.0,0.0,1
624,3,2,1,"[0.5, 1.0, 1.0, 1.0, 1.0, 1.5, 2.5, 3.0, 3.5, 7.0]","[0.0, 0.0, 0.0, 0.0, 0.0, 0.0, 0.0, 2.236068, 3.4641016, 6.708204]","[0.5, 2.5, 4.0]","[0.0, 0.0, 2.4494898]","[-4.5, -2.0, -2.0]","[0.5, 4.0]","[0.0, 0.0]","[-4.5, -2.0]","[2.5, 4.5]","[2.4494898, 4.472136]","[-2.0, -0.5]",[6.0],[5.91608],[3.5],1,0,1,0,1.0,0.0,1
196,3,2,2,"[0.5, 0.5, 1.5, 1.5, 2.0, 2.5, 3.5, 4.0, 4.0, 4.5]","[0.0, 0.0, 0.0, 0.0, 0.0, 1.4142135, 3.1622777, 3.4641016, 3.4641016, 3.7416575]","[1.5, 3.0, 5.5]","[1.4142135, 2.236068, 5.477226]","[-3.5, -3.0, -1.0]","[1.5, 3.0]","[1.4142135, 2.236068]","[-3.5, -3.0]","[4.0, 5.0]","[3.0, 3.8729835]","[3.0, 3.0]","[4.0, 5.0]","[3.0, 3.8729835]","[3.0, 3.0]",0,2,0,0,0.0,0.0,1
353,4,1,1,"[0.0, 0.0, 0.5, 1.5, 2.0, 2.5, 2.5, 4.0, 5.0, 8.0]","[0.0, 0.0, 0.0, 0.0, 1.7320508, 2.4494898, 2.4494898, 3.8729835, 4.0, 7.937254]","[1.0, 2.0, 3.5, 4.0]","[0.0, 1.0, 3.4641016, 3.4641016]","[-6.0, -5.0, -4.0, -2.0]",[1.0],[1.0],[-6.0],[6.0],[5.91608],[1.0],[6.0],[5.91608],[1.0],0,1,0,0,0.0,0.0,1
961,3,2,2,"[0.0, 0.0, 1.0, 1.5, 1.5, 1.5, 3.5, 4.0, 4.5, 5.5]","[0.0, 0.0, 0.0, 0.0, 0.0, 1.0, 1.4142135, 2.828427, 3.4641016, 4.8989797]","[2.0, 3.5, 3.5]","[0.0, 2.0, 3.4641016]","[-5.0, -4.0, -1.5]","[2.0, 3.5]","[2.0, 3.4641016]","[-5.0, -4.0]","[2.5, 8.5]","[2.4494898, 8.485281]","[0.0, 8.0]","[2.5, 8.5]","[2.4494898, 8.485281]","[0.0, 8.0]",0,2,0,0,0.0,0.0,1
519,2,2,2,"[0.5, 0.5, 1.0, 1.0, 1.0, 1.5, 1.5, 2.5, 4.5, 4.5]","[0.0, 0.0, 0.0, 0.0, 0.0, 0.0, 1.0, 1.4142135, 2.828427, 2.828427]","[1.0, 1.5]","[0.0, 0.0]","[-3.0, -3.0]","[1.0, 1.5]","[0.0, 0.0]","[-3.0, -3.0]","[4.5, 6.0]","[4.2426405, 6.0]","[0.0, 6.0]","[4.5, 6.0]","[4.2426405, 6.0]","[0.0, 6.0]",0,2,0,0,0.0,0.0,1
8507,3,2,1,"[0.5, 1.0, 1.0, 1.5, 1.5, 1.5, 1.5, 2.5, 5.0, 8.5]","[0.0, 0.0, 0.0, 0.0, 0.0, 1.0, 1.4142135, 2.4494898, 4.0, 8.485281]","[1.5, 2.5, 5.0]","[0.0, 2.0, 4.0]","[-7.0, -2.5, -1.0]","[1.5, 2.5]","[0.0, 2.0]","[-7.0, -2.5]","[2.0, 6.5]","[0.0, 6.4807405]","[-3.0, 2.0]",[7.0],[6.928203],[6.0],1,0,1,0,1.0,0.0,0
77115,7,3,2,"[0.5, 0.5, 1.0, 1.5, 1.5, 2.0, 2.0, 5.5, 8.0, 9.0]","[0.0, 0.0, 0.0, 0.0, 1.4142135, 1.4142135, 2.0, 5.2915025, 8.0, 9.0]","[0.5, 2.5, 2.5, 3.0, 3.0, 4.0, 6.0]","[0.0, 0.0, 0.0, 2.0, 2.828427, 3.4641016, 5.91608]","[-4.5, -3.5, -3.5, -2.5, -2.0, -1.5, -1.5]","[0.5, 2.5, 4.0]","[0.0, 0.0, 3.4641016]","[-4.5, -3.5, -2.5]","[3.0, 4.5, 5.5]","[2.236068, 2.828427, 4.2426405]","[-3.0, -1.0, 1.5]","[1.0, 4.5]","[0.0, 2.828427]","[-3.5, 1.5]",1,1,1,0,1.0,0.0,0
53701,11,4,2,"[0.0, 1.0, 1.0, 1.5, 3.5, 4.5, 4.5, 4.5, 6.5, 7.0]","[0.0, 0.0, 0.0, 1.0, 1.4142135, 2.828427, 3.4641016, 3.7416575, 6.4807405, 6.928203]","[0.5, 1.5, 2.0, 2.0, 2.0, 2.5, 2.5, 3.0, 5.0, 5.5, 6.5]","[0.0, 0.0, 0.0, 1.4142135, 1.7320508, 2.236068, 2.4494898, 2.4494898, 5.0, 5.2915025, 6.4807405]","[-6.5, -6.0, -5.5, -5.5, -5.5, -3.5, -3.5, -3.0, -2.0, -2.0, -1.5]","[0.5, 1.5, 2.0, 2.5]","[0.0, 1.4142135, 1.7320508, 2.4494898]","[-6.5, -6.0, -3.5, -3.5]","[2.5, 5.0, 7.0, 7.5]","[0.0, 5.0, 6.708204, 7.3484693]","[0.0, 2.0, 2.0, 3.0]","[2.0, 2.5]","[0.0, 1.7320508]","[-2.0, 2.0]",2,1,1,0,2.0,0.0,0
1011,6,4,1,"[0.5, 1.0, 1.0, 1.0, 1.5, 1.5, 3.0, 4.5, 5.5, 8.0]","[0.0, 0.0, 1.0, 1.0, 1.4142135, 1.4142135, 2.828427, 3.7416575, 5.2915025, 7.937254]","[1.5, 2.0, 2.0, 3.0, 3.5, 5.5]","[0.0, 0.0, 1.4142135, 1.7320508, 3.4641016, 5.477226]","[-3.5, -2.5, -2.0, -2.0, -1.5, -1.5]","[1.5, 2.0, 2.0, 3.0]","[0.0, 0.0, 1.4142135, 1.7320508]","[-2.5, -2.0, -2.0, -1.5]","[0.5, 2.0, 2.0, 3.0]","[0.0, 0.0, 0.0, 1.7320508]","[-2.0, -2.0, -2.0, -1.5]",[3.5],[3.4641016],[3.0],3,0,1,1,1.0,2.0,0
33486,3,2,1,"[0.5, 0.5, 0.5, 1.0, 1.0, 1.5, 2.0, 4.0, 4.0, 7.0]","[0.0, 0.0, 0.0, 0.0, 0.0, 0.0, 1.4142135, 1.7320508, 3.8729835, 6.708204]","[1.5, 2.5, 6.0]","[0.0, 2.0, 5.91608]","[-3.5, -2.5, -2.0]","[1.5, 2.5]","[0.0, 2.0]","[-3.5, -2.0]","[2.0, 8.0]","[2.0, 7.937254]","[-1.0, 3.5]",[2.0],[0.0],[1.5],1,0,1,0,1.0,0.0,0
84794,2,2,2,"[1.0, 1.0, 1.5, 1.5, 1.5, 2.0, 2.5, 3.0, 4.0, 5.0]","[0.0, 0.0, 0.0, 0.0, 0.0, 1.4142135, 1.7320508, 2.4494898, 2.6457512, 4.0]","[0.5, 3.0]","[0.0, 2.236068]","[-5.0, -1.5]","[0.5, 3.0]","[0.0, 2.236068]","[-5.0, -1.5]","[2.0, 5.5]","[2.0, 5.477226]","[1.5, 4.0]","[2.0, 5.5]","[2.0, 5.477226]","[1.5, 4.0]",0,2,0,0,0.0,0.0,0
83892,6,3,3,"[0.5, 0.5, 1.0, 1.0, 1.5, 2.5, 3.0, 4.0, 5.5, 6.0]","[0.0, 0.0, 0.0, 0.0, 0.0, 0.0, 2.4494898, 3.8729835, 5.2915025, 5.91608]","[1.5, 2.5, 3.0, 4.0, 4.0, 4.0]","[0.0, 1.4142135, 2.0, 3.4641016, 3.8729835, 3.8729835]","[-3.0, -2.5, -2.5, -2.0, -1.0, -1.0]","[1.5, 4.0, 4.0]","[1.4142135, 3.4641016, 3.8729835]","[-2.5, -2.0, -1.0]","[2.0, 3.0, 6.0]","[1.7320508, 2.828427, 5.196152]","[-0.5, 1.5, 3.0]","[2.0, 3.0, 6.0]","[1.7320508, 2.828427, 5.196152]","[-0.5, 1.5, 3.0]",0,3,0,0,0.0,0.0,0
88966,1,1,1,"[0.5, 0.5, 1.0, 1.0, 1.0, 2.0, 2.0, 2.5, 2.5, 5.5]","[0.0, 0.0, 0.0, 0.0, 0.0, 1.7320508, 2.0, 2.0, 2.4494898, 5.477226]",[2.5],[2.0],[-2.0],[2.5],[2.0],[-2.0],[7.5],[7.483315],[4.0],[7.5],[7.483315],[4.0],0,1,0,0,0.0,0.0,0
91939,4,3,2,"[0.5, 1.0, 1.0, 2.0, 3.0, 3.0, 3.5, 4.5, 5.5, 6.0]","[0.0, 0.0, 0.0, 0.0, 1.0, 2.4494898, 2.828427, 4.2426405, 5.196152, 5.477226]","[1.0, 1.5, 1.5, 4.0]","[0.0, 0.0, 1.4142135, 4.0]","[-5.5, -3.5, -3.5, -1.0]","[1.0, 1.5, 1.5]","[0.0, 0.0, 1.4142135]","[-5.5, -3.5, -1.0]","[3.5, 3.5, 6.0]","[2.4494898, 3.4641016, 5.656854]","[-1.0, 1.0, 2.5]","[3.5, 5.0]","[3.4641016, 4.582576]","[-1.0, 3.5]",1,1,1,0,1.0,0.0,0
18512,4,3,3,"[0.0, 0.0, 0.0, 1.0, 1.5, 2.5, 2.5, 3.0, 4.5, 8.0]","[0.0, 0.0, 0.0, 0.0, 0.0, 1.0, 2.0, 2.828427, 3.0, 8.0]","[2.0, 2.0, 2.5, 3.0]","[0.0, 2.0, 2.0, 2.236068]","[-4.0, -2.5, -2.0, -2.0]","[2.0, 2.0, 3.0]","[2.0, 2.0, 2.236068]","[-4.0, -2.5, -2.0]","[5.5, 7.0, 8.0]","[5.2915025, 6.928203, 7.937254]","[2.5, 4.5, 7.0]","[5.5, 7.0, 8.0]","[5.2915025, 6.928203, 7.937254]","[2.5, 4.5, 7.0]",0,3,0,0,0.0,0.0,0
357,8,4,2,"[0.5, 1.0, 1.5, 1.5, 2.0, 3.5, 3.5, 3.5, 5.0, 8.0]","[0.0, 0.0, 0.0, 0.0, 0.0, 2.4494898, 3.4641016, 3.4641016, 4.8989797, 8.0]","[1.0, 1.0, 1.5, 2.0, 2.5, 2.5, 3.0, 3.5]","[0.0, 0.0, 0.0, 0.0, 1.0, 1.7320508, 2.0, 2.236068]","[-6.0, -4.0, -2.5, -2.5, -2.5, -2.5, -2.0, -1.5]","[1.5, 2.0, 2.5, 3.5]","[0.0, 0.0, 0.0, 1.7320508]","[-4.0, -2.5, -2.5, -2.0]","[3.5, 4.5, 5.0, 6.0]","[0.0, 4.0, 4.472136, 5.196152]","[0.5, 0.5, 1.0, 3.5]","[5.5, 7.0]","[5.477226, 6.708204]","[5.5, 6.5]",2,0,2,0,1.0,0.0,1
643,2,2,2,"[0.5, 1.0, 1.0, 1.0, 2.0, 2.5, 2.5, 2.5, 3.5, 4.5]","[0.0, 0.0, 0.0, 0.0, 1.0, 2.0, 2.0, 2.4494898, 3.1622777, 4.2426405]","[1.0, 2.0]","[0.0, 0.0]","[-2.0, -1.5]","[1.0, 2.0]","[0.0, 0.0]","[-2.0, -1.5]","[2.5, 7.0]","[0.0, 6.928203]","[2.0, 4.0]","[2.5, 7.0]","[0.0, 6.928203]","[2.0, 4.0]",0,2,0,0,0.0,0.0,1
50144,5,2,2,"[0.5, 0.5, 1.0, 1.5, 2.0, 2.5, 4.5, 5.0, 6.5, 7.0]","[0.0, 0.0, 0.0, 1.0, 1.4142135, 2.0, 2.4494898, 4.8989797, 6.0, 6.708204]","[2.0, 2.0, 4.5, 5.0, 6.0]","[0.0, 0.0, 2.828427, 4.0, 6.0]","[-7.0, -3.0, -3.0, -2.0, -1.5]","[2.0, 2.0]","[0.0, 0.0]","[-7.0, -3.0]","[3.5, 9.0]","[3.1622777, 9.0]","[1.5, 5.5]","[3.5, 9.0]","[3.1622777, 9.0]","[1.5, 5.5]",0,2,0,0,0.0,0.0,0
44365,2,2,2,"[0.0, 0.5, 0.5, 1.0, 1.0, 1.5, 2.5, 3.0, 3.0, 6.5]","[0.0, 0.0, 0.0, 0.0, 0.0, 1.4142135, 2.236068, 2.4494898, 3.0, 6.3245554]","[2.0, 4.0]","[0.0, 2.6457512]","[-1.5, -1.0]","[2.0, 4.0]","[0.0, 2.6457512]","[-1.5, -1.0]","[4.5, 5.0]","[0.0, 3.0]","[1.0, 3.5]","[4.5, 5.0]","[0.0, 3.0]","[1.0, 3.5]",0,2,0,0,0.0,0.0,0
535,4,3,2,"[0.0, 0.0, 0.0, 0.5, 1.0, 2.0, 3.0, 4.5, 6.0, 7.0]","[0.0, 0.0, 0.0, 0.0, 0.0, 1.7320508, 2.236068, 4.2426405, 5.196152, 6.928203]","[1.5, 3.0, 3.0, 4.0]","[0.0, 2.236068, 2.6457512, 2.828427]","[-4.5, -2.5, -1.5, -1.5]","[1.5, 3.0, 4.0]","[0.0, 2.236068, 2.6457512]","[-4.5, -2.5, -1.5]","[4.5, 5.0, 6.5]","[3.0, 3.7416575, 6.4807405]","[-0.5, 1.0, 3.0]","[3.0, 6.5]","[2.236068, 6.4807405]","[1.0, 3.0]",1,1,1,0,1.0,0.0,1
44532,9,2,2,"[0.0, 0.5, 2.0, 2.0, 2.5, 4.0, 4.5, 4.5, 6.5, 8.0]","[0.0, 0.0, 0.0, 1.7320508, 1.7320508, 2.828427, 3.7416575, 4.0, 6.0, 7.937254]","[2.0, 2.5, 2.5, 3.0, 3.0, 3.0, 4.0, 5.0, 5.0]","[0.0, 0.0, 0.0, 0.0, 2.236068, 2.4494898, 2.828427, 4.0, 4.582576]","[-5.5, -4.5, -3.5, -3.0, -2.0, -1.5, -1.5, -1.5, -1.0]","[2.5, 3.0]","[2.236068, 2.4494898]","[-5.5, -4.5]","[6.5, 8.0]","[6.0, 7.937254]","[1.0, 5.5]","[6.5, 8.0]","[6.0, 7.937254]","[1.0, 5.5]",0,2,0,0,0.0,0.0,0
23345,7,2,0,"[0.0, 0.0, 1.0, 1.0, 1.5, 2.0, 5.0, 5.5, 6.0, 7.0]","[0.0, 0.0, 0.0, 0.0, 0.0, 1.4142135, 4.0, 5.2915025, 5.91608, 7.0]","[1.0, 1.5, 2.0, 3.0, 3.5, 5.5, 6.5]","[0.0, 0.0, 1.4142135, 3.0, 3.1622777, 5.477226, 6.4807405]","[-5.0, -4.5, -3.5, -2.5, -1.5, -1.5, -1.0]","[1.5, 3.5]","[1.4142135, 3.1622777]","[-4.5, -3.5]","[1.5, 3.5]","[1.4142135, 3.1622777]","[-4.5, -3.5]",[],[],[],2,0,0,1,0.0,2.0,0
70664,7,2,2,"[0.5, 0.5, 1.0, 2.0, 2.0, 4.0, 4.0, 4.0, 6.5, 6.5]","[0.0, 0.0, 0.0, 1.0, 1.7320508, 2.6457512, 2.6457512, 3.4641016, 6.0, 6.0]","[1.5, 2.5, 2.5, 2.5, 4.0, 4.0, 4.0]","[0.0, 0.0, 2.0, 2.0, 2.6457512, 3.4641016, 3.4641016]","[-5.5, -5.0, -4.0, -4.0, -2.5, -2.5, -1.5]","[1.5, 4.0]","[0.0, 3.4641016]","[-5.0, -2.5]","[2.5, 7.0]","[0.0, 7.0]","[1.5, 3.0]","[2.5, 7.0]","[0.0, 7.0]","[1.5, 3.0]",0,2,0,0,0.0,0.0,0
2,13,4,2,"[0.0, 0.5, 2.0, 2.0, 3.0, 4.0, 4.0, 5.0, 6.5, 7.0]","[0.0, 0.0, 0.0, 0.0, 0.0, 1.7320508, 3.0, 4.8989797, 6.3245554, 6.928203]","[1.5, 2.0, 2.0, 2.0, 2.5, 3.0, 3.5, 3.5, 4.0, 4.0, 4.0, 5.0, 6.5]","[0.0, 0.0, 0.0, 0.0, 1.7320508, 2.4494898, 2.6457512, 2.828427, 3.1622777, 3.4641016, 3.8729835, 5.0, 6.4807405]","[-5.5, -4.0, -4.0, -4.0, -4.0, -3.0, -2.5, -2.0, -2.0, -2.0, -2.0, -1.5, -1.5]","[1.5, 2.0, 2.0, 4.0]","[0.0, 0.0, 1.7320508, 3.4641016]","[-5.5, -4.0, -4.0, -1.5]","[3.5, 4.5, 6.0, 8.5]","[2.4494898, 4.472136, 5.656854, 8.485281]","[-3.0, 1.5, 2.5, 5.5]","[7.5, 7.5]","[7.483315, 7.483315]","[5.0, 6.0]",2,0,2,0,1.0,0.0,1
875,7,3,1,"[0.5, 0.5, 0.5, 1.0, 1.0, 2.5, 2.5, 5.5, 6.5, 7.5]","[0.0, 0.0, 0.0, 0.0, 0.0, 0.0, 1.0, 5.2915025, 6.3245554, 7.483315]","[2.5, 2.5, 3.0, 3.0, 3.0, 4.0, 6.0]","[0.0, 2.236068, 2.4494898, 2.4494898, 3.0, 3.8729835, 6.0]","[-4.5, -4.5, -3.5, -3.0, -2.0, -2.0, -2.0]","[2.5, 2.5, 3.0]","[2.236068, 2.4494898, 2.4494898]","[-4.5, -3.5, -2.0]","[4.5, 5.5, 6.0]","[4.472136, 5.196152, 5.477226]","[-1.5, 2.0, 2.5]",[8.5],[8.485281],[8.5],2,0,1,0,2.0,0.0,1
27777,7,3,2,"[0.0, 0.5, 1.5, 2.0, 2.0, 3.0, 5.0, 5.5, 5.5, 6.0]","[0.0, 0.0, 0.0, 0.0, 0.0, 1.7320508, 4.8989797, 5.2915025, 5.2915025, 5.91608]","[1.5, 2.0, 2.0, 2.5, 2.5, 3.5, 4.5]","[0.0, 1.7320508, 2.0, 2.0, 2.4494898, 3.4641016, 4.472136]","[-4.5, -4.0, -3.5, -3.0, -2.5, -2.0, -2.0]","[1.5, 2.0, 2.0]","[0.0, 1.7320508, 2.0]","[-4.5, -4.0, -3.5]","[2.5, 7.5, 7.5]","[2.4494898, 7.3484693, 7.483315]","[-3.0, 2.0, 5.5]","[3.5, 7.5]","[3.4641016, 7.483315]","[-2.0, 5.5]",1,1,1,0,1.0,0.0,0
48882,2,2,2,"[0.5, 0.5, 1.0, 2.0, 2.5, 2.5, 3.0, 3.5, 4.0, 5.0]","[0.0, 0.0, 0.0, 0.0, 2.0, 2.4494898, 2.4494898, 2.828427, 4.0, 4.8989797]","[1.0, 3.0]","[0.0, 3.0]","[-3.0, -1.0]","[1.0, 3.0]","[0.0, 3.0]","[-3.0, -1.0]","[3.5, 6.0]","[0.0, 5.91608]","[0.5, 3.0]","[3.5, 6.0]","[0.0, 5.91608]","[0.5, 3.0]",0,2,0,0,0.0,0.0,0
1016,7,3,3,"[0.0, 0.0, 0.5, 1.0, 1.0, 5.0, 5.5, 5.5, 6.0, 6.0]","[0.0, 0.0, 0.0, 0.0, 0.0, 3.0, 4.2426405, 5.196152, 5.2915025, 5.656854]","[1.0, 2.5, 2.5, 2.5, 3.5, 3.5, 6.0]","[0.0, 0.0, 2.0, 2.0, 2.4494898, 2.4494898, 5.91608]","[-6.0, -5.5, -4.5, -3.0, -2.5, -2.0, -1.5]","[1.0, 2.5, 2.5]","[0.0, 2.0, 2.0]","[-5.5, -3.0, -1.5]","[5.0, 5.5, 6.5]","[4.0, 4.2426405, 6.4807405]","[1.0, 2.0, 6.0]","[5.0, 5.5, 6.5]","[4.0, 4.2426405, 6.4807405]","[1.0, 2.0, 6.0]",0,3,0,0,0.0,0.0,1
14284,8,3,2,"[1.0, 2.0, 2.5, 2.5, 3.0, 4.0, 4.0, 4.0, 5.5, 6.5]","[0.0, 0.0, 0.0, 0.0, 1.0, 2.236068, 2.4494898, 3.4641016, 4.2426405, 6.0]","[0.5, 2.0, 2.0, 2.5, 2.5, 3.0, 3.5, 4.5]","[0.0, 0.0, 0.0, 1.7320508, 2.4494898, 2.4494898, 2.828427, 4.2426405]","[-7.0, -6.5, -6.0, -4.5, -4.0, -2.0, -1.5, -1.5]","[0.5, 2.0, 2.5]","[0.0, 0.0, 2.4494898]","[-7.0, -6.5, -1.5]","[2.5, 3.5, 4.5]","[2.0, 2.4494898, 2.828427]","[0.0, 0.5, 1.5]","[2.5, 8.0]","[2.0, 7.937254]","[0.5, 8.0]",1,1,1,0,1.0,0.0,0
99863,5,3,2,"[0.0, 0.5, 0.5, 1.0, 1.5, 1.5, 2.5, 5.0, 5.0, 7.0]","[0.0, 0.0, 0.0, 0.0, 0.0, 0.0, 2.0, 4.582576, 4.582576, 6.928203]","[1.5, 3.0, 3.0, 3.0, 3.5]","[0.0, 0.0, 1.4142135, 2.236068, 2.4494898]","[-3.5, -3.5, -2.5, -1.5, -1.5]","[1.5, 3.0, 3.5]","[0.0, 1.4142135, 2.4494898]","[-3.5, -1.5, -1.5]","[3.0, 5.0, 5.0]","[2.236068, 3.0, 4.582576]","[0.0, 1.5, 2.0]","[5.0, 8.0]","[4.582576, 8.0]","[2.0, 6.5]",1,1,1,0,1.0,0.0,0
132,13,3,2,"[0.0, 1.0, 1.0, 1.5, 1.5, 3.0, 4.0, 4.5, 7.0, 9.0]","[0.0, 0.0, 0.0, 1.0, 1.4142135, 1.4142135, 2.828427, 4.472136, 7.0, 9.0]","[0.5, 0.5, 1.0, 2.0, 2.5, 2.5, 2.5, 3.0, 3.5, 3.5, 4.0, 5.0, 5.5]","[0.0, 0.0, 0.0, 0.0, 0.0, 0.0, 1.0, 2.0, 2.236068, 2.4494898, 3.4641016, 4.8989797, 4.8989797]","[-6.0, -5.5, -5.5, -5.0, -4.5, -4.0, -3.0, -3.0, -2.5, -2.0, -2.0, -2.0, -1.5]","[0.5, 0.5, 1.0]","[0.0, 0.0, 1.0]","[-6.0, -5.5, -4.0]","[2.0, 2.5, 6.0]","[0.0, 0.0, 5.656854]","[-4.5, -2.0, 4.0]","[2.0, 6.5]","[0.0, 6.3245554]","[-2.0, 2.0]",1,1,1,0,1.0,0.0,1
30917,3,3,3,"[0.0, 0.5, 0.5, 1.5, 2.0, 2.5, 2.5, 3.5, 4.0, 5.0]","[0.0, 0.0, 0.0, 0.0, 0.0, 0.0, 0.0, 1.4142135, 2.4494898, 4.582576]","[1.5, 3.0, 3.0]","[0.0, 2.236068, 2.828427]","[-3.5, -3.5, -3.0]","[1.5, 3.0, 3.0]","[0.0, 2.236068, 2.828427]","[-3.5, -3.5, -3.0]","[1.5, 3.5, 6.0]","[1.4142135, 2.4494898, 5.656854]","[1.5, 1.5, 6.0]","[1.5, 3.5, 6.0]","[1.4142135, 2.4494898, 5.656854]","[1.5, 1.5, 6.0]",0,3,0,0,0.0,0.0,0
471,8,2,1,"[0.5, 1.0, 2.0, 2.0, 2.5, 4.0, 4.0, 5.0, 5.0, 6.0]","[0.0, 0.0, 0.0, 0.0, 2.4494898, 2.6457512, 3.0, 3.0, 3.8729835, 5.196152]","[0.5, 2.0, 2.5, 2.5, 2.5, 3.5, 4.0, 6.0]","[0.0, 0.0, 2.0, 2.4494898, 2.4494898, 2.4494898, 2.6457512, 5.656854]","[-5.5, -5.5, -4.5, -4.5, -4.0, -3.5, -2.5, -1.0]","[0.5, 2.5]","[0.0, 2.0]","[-5.5, -5.5]","[4.0, 5.0]","[3.4641016, 4.582576]","[0.0, 2.0]",[3.0],[3.0],[2.0],1,0,1,0,1.0,0.0,1
837,10,3,2,"[0.0, 0.5, 1.0, 1.5, 2.0, 2.5, 3.0, 5.5, 8.0, 8.5]","[0.0, 0.0, 0.0, 0.0, 0.0, 0.0, 1.0, 4.2426405, 8.0, 8.485281]","[1.5, 1.5, 2.0, 2.5, 3.0, 3.5, 3.5, 3.5, 4.0, 5.5]","[0.0, 0.0, 0.0, 0.0, 2.0, 2.4494898, 2.828427, 3.1622777, 3.8729835, 4.8989797]","[-5.0, -4.5, -4.0, -3.5, -3.0, -3.0, -2.5, -2.0, -1.5, -1.0]","[1.5, 2.0, 3.0]","[0.0, 0.0, 2.828427]","[-4.5, -2.5, -2.0]","[4.5, 5.5, 6.5]","[3.7416575, 4.2426405, 6.4807405]","[0.5, 0.5, 6.5]","[6.5, 8.0]","[6.4807405, 7.937254]","[6.5, 7.5]",1,1,1,0,1.0,0.0,1
37969,3,2,2,"[0.0, 0.5, 1.0, 1.5, 1.5, 2.0, 2.0, 2.5, 4.0, 7.0]","[0.0, 0.0, 0.0, 0.0, 0.0, 0.0, 1.7320508, 2.0, 2.4494898, 6.708204]","[1.0, 3.0, 3.5]","[0.0, 2.236068, 3.1622777]","[-3.0, -2.5, -2.5]","[1.0, 3.0]","[0.0, 2.236068]","[-3.0, -2.5]","[2.5, 7.5]","[2.0, 7.483315]","[-2.5, 7.5]","[2.5, 7.5]","[2.0, 7.483315]","[-2.5, 7.5]",0,2,0,0,0.0,0.0,0
907,6,2,1,"[0.0, 0.0, 0.0, 0.5, 1.0, 3.0, 3.5, 4.5, 5.5, 8.5]","[0.0, 0.0, 0.0, 0.0, 0.0, 0.0, 1.0, 3.0, 4.2426405, 8.485281]","[2.5, 3.5, 3.5, 4.0, 4.0, 4.5]","[0.0, 2.0, 2.4494898, 3.1622777, 3.4641016, 4.472136]","[-5.5, -4.5, -4.5, -4.0, -2.0, -1.5]","[2.5, 4.0]","[2.0, 3.4641016]","[-5.5, -4.5]","[5.5, 5.5]","[4.2426405, 5.477226]","[0.0, 1.5]",[5.0],[4.582576],[4.0],1,0,1,0,1.0,0.0,1
54184,5,2,1,"[0.0, 0.5, 0.5, 1.5, 2.0, 2.5, 3.0, 3.5, 4.5, 7.5]","[0.0, 0.0, 0.0, 0.0, 1.4142135, 2.0, 2.4494898, 2.828427, 3.7416575, 7.3484693]","[2.0, 2.5, 3.0, 3.5, 3.5]","[0.0, 0.0, 0.0, 1.7320508, 3.4641016]","[-5.0, -4.5, -3.0, -2.5, -2.0]","[2.0, 2.5]","[0.0, 1.7320508]","[-5.0, -2.5]","[2.5, 4.5]","[2.4494898, 2.828427]","[-3.0, 1.5]",[3.0],[2.236068],[2.0],1,0,1,0,1.0,0.0,0
9367,9,3,3,"[1.0, 1.0, 1.0, 2.5, 2.5, 3.5, 3.5, 4.5, 5.0, 5.0]","[0.0, 0.0, 0.0, 0.0, 0.0, 1.0, 2.4494898, 2.828427, 4.582576, 4.582576]","[1.5, 1.5, 1.5, 2.5, 2.5, 3.0, 4.0, 4.0, 5.0]","[0.0, 0.0, 1.4142135, 1.4142135, 2.0, 2.4494898, 2.6457512, 3.8729835, 5.0]","[-4.5, -3.5, -3.5, -3.0, -3.0, -2.5, -2.5, -2.0, -2.0]","[1.5, 2.5, 2.5]","[1.4142135, 2.0, 2.4494898]","[-3.5, -3.0, -2.0]","[3.0, 6.0, 7.5]","[2.236068, 5.656854, 7.483315]","[2.0, 3.0, 6.0]","[3.0, 6.0, 7.5]","[2.236068, 5.656854, 7.483315]","[2.0, 3.0, 6.0]",0,3,0,0,0.0,0.0,0
56817,8,3,1,"[0.5, 1.0, 1.5, 1.5, 2.0, 4.0, 4.5, 4.5, 4.5, 7.5]","[0.0, 0.0, 0.0, 0.0, 0.0, 1.0, 2.828427, 4.0, 4.472136, 7.483315]","[1.5, 2.5, 2.5, 2.5, 2.5, 4.0, 4.0, 5.0]","[0.0, 0.0, 2.4494898, 2.4494898, 2.4494898, 2.6457512, 3.4641016, 4.8989797]","[-5.0, -4.0, -3.5, -3.5, -3.0, -2.0, -1.5, -1.0]","[1.5, 2.5, 2.5]","[0.0, 2.4494898, 2.4494898]","[-5.0, -3.5, -3.0]","[2.5, 2.5, 4.0]","[0.0, 2.4494898, 2.4494898]","[-3.5, -3.0, 1.5]",[4.0],[0.0],[1.5],2,1,0,1,0.0,2.0,0
84492,5,2,2,"[0.0, 0.0, 1.0, 1.0, 1.5, 2.0, 2.5, 3.0, 4.0, 5.0]","[0.0, 0.0, 0.0, 0.0, 0.0, 0.0, 0.0, 0.0, 1.0, 4.0]","[2.0, 2.5, 2.5, 2.5, 5.0]","[0.0, 0.0, 2.0, 2.4494898, 4.8989797]","[-4.5, -3.5, -3.0, -3.0, -2.0]","[2.0, 2.5]","[0.0, 2.4494898]","[-4.5, -3.0]","[6.5, 9.0]","[6.0, 9.0]","[6.5, 8.0]","[6.5, 9.0]","[6.0, 9.0]","[6.5, 8.0]",0,2,0,0,0.0,0.0,0
16076,2,2,2,"[0.0, 0.5, 0.5, 1.0, 1.5, 2.0, 3.0, 3.0, 3.0, 3.5]","[0.0, 0.0, 0.0, 0.0, 0.0, 0.0, 1.7320508, 2.236068, 2.4494898, 3.0]","[1.5, 1.5]","[1.4142135, 1.4142135]","[-4.5, -1.0]","[1.5, 1.5]","[1.4142135, 1.4142135]","[-4.5, -1.0]","[3.0, 8.0]","[0.0, 7.937254]","[2.5, 7.5]","[3.0, 8.0]","[0.0, 7.937254]","[2.5, 7.5]",0,2,0,0,0.0,0.0,0
61330,13,3,2,"[0.0, 1.0, 1.0, 1.0, 3.5, 3.5, 4.0, 5.0, 6.0, 7.5]","[0.0, 0.0, 0.0, 1.0, 2.4494898, 3.0, 3.4641016, 3.4641016, 6.0, 7.3484693]","[1.0, 1.5, 2.0, 2.5, 2.5, 2.5, 3.5, 3.5, 3.5, 3.5, 4.0, 4.5, 4.5]","[0.0, 0.0, 1.4142135, 1.7320508, 2.0, 2.0, 2.4494898, 3.1622777, 3.1622777, 3.4641016, 4.0, 4.472136, 4.472136]","[-5.0, -4.5, -4.0, -4.0, -3.5, -3.5, -3.5, -3.0, -3.0, -2.5, -2.0, -2.0, -1.5]","[1.5, 3.5, 4.5]","[1.4142135, 3.4641016, 4.472136]","[-4.5, -3.0, -2.5]","[7.0, 8.5, 9.0]","[7.0, 8.485281, 9.0]","[0.5, 5.0, 5.0]","[3.0, 9.0]","[2.236068, 9.0]","[0.5, 5.0]",1,1,1,0,1.0,0.0,0
632,2,1,1,"[0.0, 0.5, 1.0, 1.5, 1.5, 1.5, 2.5, 3.0, 4.5, 5.0]","[0.0, 0.0, 0.0, 0.0, 1.4142135, 1.4142135, 1.4142135, 2.0, 4.0, 4.2426405]","[2.0, 3.0]","[1.7320508, 2.236068]","[-2.5, -1.0]",[2.0],[1.7320508],[-2.5],[5.0],[5.0],[2.0],[5.0],[5.0],[2.0],0,1,0,0,0.0,0.0,1
93615,7,3,2,"[1.0, 1.0, 1.5, 1.5, 1.5, 1.5, 2.0, 3.0, 5.5, 9.0]","[0.0, 0.0, 0.0, 1.0, 1.4142135, 1.4142135, 1.7320508, 2.236068, 4.8989797, 9.0]","[2.0, 2.5, 2.5, 3.0, 4.0, 4.0, 6.0]","[0.0, 0.0, 2.0, 2.236068, 2.4494898, 4.0, 6.0]","[-3.5, -3.0, -3.0, -2.5, -2.5, -2.5, -1.5]","[2.0, 3.0, 4.0]","[0.0, 2.236068, 4.0]","[-3.0, -3.0, -2.5]","[5.0, 5.5, 6.0]","[3.0, 5.2915025, 5.656854]","[0.0, 0.5, 4.5]","[6.0, 6.5]","[5.656854, 6.3245554]","[4.5, 5.5]",1,1,1,0,1.0,0.0,0
91054,10,3,3,"[1.0, 1.0, 1.0, 2.5, 3.0, 4.0, 4.0, 5.0, 5.0, 6.0]","[0.0, 0.0, 0.0, 0.0, 0.0, 3.0, 3.8729835, 3.8729835, 4.8989797, 5.656854]","[0.5, 1.5, 2.0, 2.5, 3.0, 3.0, 3.5, 4.5, 5.0, 5.0]","[0.0, 1.4142135, 1.7320508, 2.236068, 2.236068, 2.4494898, 3.1622777, 3.7416575, 4.0, 4.8989797]","[-8.0, -4.5, -4.0, -4.0, -2.5, -2.5, -2.5, -2.0, -2.0, -1.0]","[0.5, 3.0, 3.0]","[0.0, 2.236068, 2.236068]","[-8.0, -2.5, -1.0]","[3.0, 4.0, 4.5]","[0.0, 2.6457512, 3.7416575]","[0.5, 2.5, 2.5]","[3.0, 4.0, 4.5]","[0.0, 2.6457512, 3.7416575]","[0.5, 2.5, 2.5]",0,3,0,0,0.0,0.0,0
759,8,3,3,"[0.5, 0.5, 1.5, 1.5, 2.0, 2.5, 3.0, 4.0, 4.5, 5.0]","[0.0, 0.0, 0.0, 0.0, 0.0, 2.236068, 2.4494898, 3.4641016, 4.472136, 5.0]","[0.5, 1.0, 1.0, 1.5, 2.0, 2.0, 2.5, 4.5]","[0.0, 0.0, 0.0, 0.0, 1.4142135, 1.7320508, 2.4494898, 4.472136]","[-3.5, -3.5, -3.0, -3.0, -1.5, -1.5, -1.0, -1.0]","[0.5, 1.0, 1.0]","[0.0, 0.0, 0.0]","[-3.5, -3.0, -3.0]","[2.5, 3.5, 8.0]","[0.0, 0.0, 8.0]","[0.0, 0.0, 7.0]","[2.5, 3.5, 8.0]","[0.0, 0.0, 8.0]","[0.0, 0.0, 7.0]",0,3,0,0,0.0,0.0,1
11067,7,4,3,"[0.0, 1.0, 1.5, 1.5, 2.0, 3.0, 4.5, 4.5, 6.0, 6.0]","[0.0, 0.0, 0.0, 0.0, 0.0, 0.0, 0.0, 1.4142135, 5.196152, 5.656854]","[1.0, 2.5, 3.5, 3.5, 4.0, 5.0, 6.0]","[0.0, 2.4494898, 3.1622777, 3.1622777, 4.0, 4.0, 5.91608]","[-4.0, -3.5, -3.0, -2.5, -2.5, -1.5, -1.5]","[1.0, 2.5, 3.5, 4.0]","[0.0, 2.4494898, 3.1622777, 4.0]","[-4.0, -3.5, -2.5, -1.5]","[0.5, 1.5, 4.5, 5.0]","[0.0, 0.0, 2.828427, 4.582576]","[-4.0, -2.5, 2.0, 5.0]","[1.5, 5.0, 6.0]","[0.0, 4.582576, 5.91608]","[-2.5, 5.0, 5.0]",1,2,1,0,1.0,0.0,0
23783,4,3,1,"[0.0, 1.5, 1.5, 2.0, 2.0, 2.5, 2.5, 3.0, 5.0, 6.0]","[0.0, 0.0, 0.0, 1.4142135, 1.4142135, 2.0, 2.0, 2.828427, 5.0, 5.91608]","[0.5, 1.5, 2.5, 4.5]","[0.0, 1.4142135, 2.4494898, 4.2426405]","[-3.0, -1.5, -1.5, -1.5]","[0.5, 2.5, 4.5]","[0.0, 2.4494898, 4.2426405]","[-3.0, -1.5, -1.5]","[4.0, 4.5, 5.0]","[0.0, 0.0, 4.582576]","[-1.0, -1.0, 4.0]",[5.5],[4.2426405],[3.0],2,0,1,0,2.0,0.0,0
29539,8,3,2,"[0.0, 1.0, 1.5, 1.5, 2.0, 3.0, 4.0, 4.5, 4.5, 8.5]","[0.0, 0.0, 0.0, 0.0, 1.0, 2.0, 2.828427, 2.828427, 2.828427, 8.485281]","[1.0, 1.5, 1.5, 2.0, 3.0, 3.0, 4.0, 4.0]","[0.0, 0.0, 0.0, 0.0, 1.4142135, 1.7320508, 2.828427, 3.8729835]","[-6.5, -6.0, -4.0, -4.0, -3.5, -2.5, -2.0, -1.5]","[1.0, 2.0, 4.0]","[0.0, 0.0, 1.7320508]","[-6.0, -3.5, -2.0]","[3.0, 4.5, 5.0]","[3.0, 4.2426405, 4.582576]","[-1.5, 0.0, 1.0]","[3.0, 8.0]","[3.0, 7.937254]","[-1.5, 8.0]",1,1,1,0,1.0,0.0,0
54996,4,2,1,"[0.5, 0.5, 1.0, 1.5, 1.5, 2.0, 2.0, 2.5, 3.5, 8.5]","[0.0, 0.0, 0.0, 0.0, 1.4142135, 1.4142135, 2.0, 2.0, 3.4641016, 8.485281]","[1.5, 2.5, 4.0, 4.0]","[0.0, 0.0, 0.0, 2.6457512]","[-3.5, -2.0, -1.5, -1.5]","[1.5, 4.0]","[0.0, 2.6457512]","[-3.5, -1.5]","[4.0, 5.5]","[4.0, 4.2426405]","[-1.0, 0.0]",[2.5],[0.0],[0.5],1,0,1,0,1.0,0.0,0
6965,4,2,2,"[0.5, 0.5, 1.5, 2.0, 2.5, 3.5, 4.0, 4.5, 5.0, 5.5]","[0.0, 0.0, 0.0, 1.4142135, 2.0, 2.0, 3.0, 3.4641016, 3.7416575, 4.8989797]","[2.5, 3.0, 4.0, 4.0]","[0.0, 0.0, 0.0, 3.8729835]","[-5.0, -4.0, -2.5, -2.0]","[2.5, 4.0]","[0.0, 3.8729835]","[-5.0, -4.0]","[3.5, 7.5]","[2.4494898, 7.3484693]","[2.0, 6.0]","[3.5, 7.5]","[2.4494898, 7.3484693]","[2.0, 6.0]",0,2,0,0,0.0,0.0,0
841,4,2,2,"[0.0, 0.5, 0.5, 1.5, 1.5, 2.5, 3.0, 4.0, 5.0, 5.5]","[0.0, 0.0, 0.0, 0.0, 0.0, 1.4142135, 1.4142135, 2.4494898, 4.0, 4.8989797]","[1.0, 3.0, 4.0, 6.5]","[1.0, 2.236068, 3.8729835, 6.4807405]","[-3.0, -3.0, -1.5, -1.0]","[1.0, 6.5]","[1.0, 6.4807405]","[-3.0, -1.5]","[4.5, 8.0]","[2.828427, 8.0]","[3.5, 7.5]","[4.5, 8.0]","[2.828427, 8.0]","[3.5, 7.5]",0,2,0,0,0.0,0.0,1
83588,1,1,1,"[0.0, 0.5, 0.5, 0.5, 1.5, 1.5, 2.5, 2.5, 3.5, 5.0]","[0.0, 0.0, 0.0, 0.0, 0.0, 0.0, 0.0, 1.4142135, 3.0, 3.1622777]",[1.5],[0.0],[-4.0],[1.5],[0.0],[-4.0],[9.0],[9.0],[8.0],[9.0],[9.0],[8.0],0,1,0,0,0.0,0.0,0
51464,12,3,2,"[1.0, 1.5, 1.5, 2.5, 3.0, 4.0, 4.5, 5.5, 7.0, 7.0]","[0.0, 0.0, 1.4142135, 2.0, 3.0, 3.4641016, 3.7416575, 5.477226, 6.928203, 6.928203]","[1.0, 1.0, 2.0, 2.5, 3.0, 3.0, 3.0, 3.0, 3.0, 3.5, 4.5, 5.0]","[0.0, 0.0, 1.0, 1.7320508, 2.0, 2.236068, 2.236068, 2.236068, 2.828427, 3.4641016, 4.472136, 5.0]","[-5.0, -4.0, -4.0, -3.5, -3.5, -3.0, -2.5, -2.5, -2.0, -2.0, -1.5, -1.5]","[1.0, 1.0, 2.0]","[0.0, 1.0, 1.7320508]","[-5.0, -3.5, -3.0]","[2.0, 3.0, 4.5]","[0.0, 2.828427, 4.472136]","[-2.5, -2.5, -2.0]","[3.0, 6.0]","[2.828427, 5.196152]","[-2.5, 2.0]",1,1,1,0,1.0,0.0,0
166,8,2,1,"[0.0, 0.5, 1.0, 1.5, 1.5, 2.0, 2.5, 2.5, 6.5, 6.5]","[0.0, 0.0, 0.0, 0.0, 1.0, 1.4142135, 2.0, 2.0, 6.0, 6.3245554]","[0.5, 1.5, 1.5, 2.5, 3.0, 3.5, 3.5, 4.0]","[0.0, 0.0, 0.0, 1.4142135, 2.4494898, 2.4494898, 2.828427, 3.4641016]","[-5.0, -4.0, -3.5, -3.0, -3.0, -2.0, -2.0, -1.5]","[0.5, 1.5]","[0.0, 1.4142135]","[-4.0, -3.0]","[3.5, 6.0]","[3.4641016, 5.91608]","[-5.0, 3.0]",[6.5],[6.3245554],[1.5],1,0,1,0,1.0,0.0,1
93382,5,3,2,"[0.0, 0.5, 1.5, 2.0, 2.0, 2.0, 2.0, 2.5, 4.0, 8.5]","[0.0, 0.0, 0.0, 0.0, 0.0, 0.0, 0.0, 1.7320508, 2.0, 8.485281]","[1.5, 2.0, 2.5, 4.0, 5.0]","[0.0, 0.0, 1.4142135, 2.0, 4.582576]","[-4.0, -3.0, -2.5, -1.5, -1.5]","[1.5, 2.0, 2.5]","[0.0, 1.4142135, 2.0]","[-4.0, -3.0, -2.5]","[2.0, 5.0, 6.5]","[1.7320508, 4.0, 6.4807405]","[-0.5, 1.0, 2.0]","[2.0, 4.5]","[1.7320508, 2.828427]","[1.0, 3.0]",1,1,1,0,1.0,0.0,0
48967,4,2,1,"[0.0, 0.0, 0.0, 0.5, 0.5, 2.0, 3.5, 3.5, 6.5, 7.0]","[0.0, 0.0, 0.0, 0.0, 0.0, 0.0, 2.0, 3.4641016, 6.3245554, 6.928203]","[2.5, 3.0, 3.5, 3.5]","[0.0, 0.0, 2.0, 2.236068]","[-4.5, -4.0, -4.0, -2.0]","[2.5, 3.5]","[0.0, 2.0]","[-4.5, -4.0]","[5.0, 7.0]","[5.0, 6.928203]","[1.0, 1.5]",[3.5],[2.4494898],[1.0],1,0,1,0,1.0,0.0,0
426,6,2,1,"[0.0, 1.0, 1.0, 1.0, 1.5, 2.0, 2.5, 4.5, 5.0, 6.5]","[0.0, 0.0, 0.0, 0.0, 0.0, 1.0, 2.0, 4.472136, 4.582576, 6.0]","[1.0, 2.0, 2.5, 4.0, 4.0, 4.0]","[0.0, 0.0, 2.4494898, 2.6457512, 3.8729835, 3.8729835]","[-5.0, -3.0, -2.5, -2.5, -1.5, -1.5]","[1.0, 2.5]","[0.0, 2.4494898]","[-5.0, -2.5]","[3.5, 4.0]","[0.0, 3.4641016]","[-1.5, 2.0]",[4.0],[3.8729835],[2.0],1,0,1,0,1.0,0.0,1
26395,4,2,2,"[0.5, 0.5, 0.5, 1.0, 2.0, 2.0, 3.0, 3.5, 5.0, 5.0]","[0.0, 0.0, 0.0, 0.0, 0.0, 1.0, 2.0, 2.828427, 3.0, 4.0]","[2.5, 3.0, 4.0, 5.0]","[0.0, 3.0, 3.8729835, 4.8989797]","[-5.5, -2.5, -2.5, -2.0]","[2.5, 4.0]","[0.0, 3.8729835]","[-5.5, -2.0]","[4.0, 8.0]","[3.4641016, 8.0]","[3.0, 7.5]","[4.0, 8.0]","[3.4641016, 8.0]","[3.0, 7.5]",0,2,0,0,0.0,0.0,0
8909,6,3,1,"[0.0, 1.0, 1.0, 1.5, 1.5, 3.5, 3.5, 3.5, 6.5, 8.5]","[0.0, 0.0, 0.0, 0.0, 0.0, 1.4142135, 3.4641016, 3.4641016, 6.0, 8.485281]","[2.5, 3.0, 3.0, 4.5, 5.5, 6.0]","[0.0, 2.4494898, 2.828427, 2.828427, 5.2915025, 5.656854]","[-3.5, -3.0, -2.5, -2.0, -1.0, -1.0]","[3.0, 3.0, 5.5]","[0.0, 2.828427, 5.2915025]","[-3.5, -3.0, -2.5]","[3.5, 5.0, 6.5]","[2.4494898, 3.0, 6.3245554]","[-1.0, -1.0, 0.5]",[4.5],[3.7416575],[3.0],2,0,1,0,2.0,0.0,0
213,6,3,2,"[0.0, 0.0, 0.0, 1.0, 3.0, 3.0, 3.5, 5.0, 5.5, 6.0]","[0.0, 0.0, 0.0, 0.0, 0.0, 2.236068, 2.828427, 4.0, 4.2426405, 5.656854]","[3.5, 3.5, 4.5, 4.5, 5.0, 5.0]","[0.0, 3.4641016, 3.7416575, 4.2426405, 4.582576, 4.8989797]","[-4.0, -3.5, -3.5, -3.0, -1.0, -1.0]","[3.5, 4.5, 5.0]","[0.0, 4.2426405, 4.582576]","[-3.5, -3.0, -1.0]","[4.0, 6.0, 7.5]","[2.6457512, 5.196152, 7.483315]","[1.0, 3.0, 5.0]","[2.5, 4.0]","[0.0, 2.6457512]","[1.0, 3.0]",1,1,1,0,1.0,0.0,1
730,2,2,2,"[0.0, 0.5, 0.5, 0.5, 1.5, 2.0, 2.0, 2.5, 5.0, 6.0]","[0.0, 0.0, 0.0, 0.0, 0.0, 0.0, 0.0, 1.7320508, 4.0, 5.196152]","[1.0, 2.0]","[0.0, 1.0]","[-5.5, -4.0]","[1.0, 2.0]","[0.0, 1.0]","[-5.5, -4.0]","[2.5, 4.0]","[2.0, 4.0]","[1.5, 2.5]","[2.5, 4.0]","[2.0, 4.0]","[1.5, 2.5]",0,2,0,0,0.0,0.0,1
718,7,3,1,"[0.0, 0.5, 0.5, 1.0, 2.0, 3.0, 4.5, 5.5, 5.5, 6.0]","[0.0, 0.0, 0.0, 0.0, 0.0, 2.828427, 3.7416575, 4.2426405, 4.8989797, 6.0]","[1.0, 1.5, 2.0, 2.5, 2.5, 5.0, 7.0]","[0.0, 1.0, 1.4142135, 2.0, 2.4494898, 4.582576, 6.928203]","[-4.5, -4.5, -3.5, -2.0, -1.5, -1.5, -1.0]","[1.0, 1.5, 2.5]","[1.0, 1.4142135, 2.4494898]","[-4.5, -3.5, -1.5]","[3.0, 6.0, 7.0]","[2.828427, 5.196152, 6.928203]","[-1.5, -1.0, 1.5]",[6.0],[5.91608],[0.5],2,0,1,0,2.0,0.0,1
793,9,3,2,"[0.0, 1.0, 1.0, 1.5, 2.5, 3.0, 4.5, 5.0, 5.5, 6.0]","[0.0, 0.0, 0.0, 1.4142135, 2.0, 3.0, 4.2426405, 4.472136, 4.582576, 5.196152]","[0.5, 2.0, 3.0, 3.0, 3.0, 3.5, 4.0, 4.0, 5.5]","[0.0, 0.0, 0.0, 1.7320508, 2.236068, 2.6457512, 3.0, 3.4641016, 4.8989797]","[-5.5, -4.0, -3.5, -3.0, -2.5, -2.5, -1.5, -1.5, -1.5]","[0.5, 2.0, 4.0]","[0.0, 1.7320508, 3.4641016]","[-5.5, -2.5, -1.5]","[4.0, 5.5, 6.0]","[4.0, 5.477226, 5.91608]","[1.0, 1.0, 2.0]","[5.5, 5.5]","[4.2426405, 5.477226]","[2.0, 3.5]",1,1,1,0,1.0,0.0,1
649,1,1,1,"[0.0, 0.5, 0.5, 0.5, 1.0, 1.0, 1.5, 2.5, 4.0, 4.5]","[0.0, 0.0, 0.0, 0.0, 0.0, 0.0, 0.0, 0.0, 1.0, 2.0]",[4.5],[4.472136],[-4.0],[4.5],[4.472136],[-4.0],[3.0],[2.236068],[3.0],[3.0],[2.236068],[3.0],0,1,0,0,0.0,0.0,1
179,5,3,2,"[0.0, 0.5, 1.0, 1.5, 2.0, 2.0, 2.0, 3.5, 4.5, 8.5]","[0.0, 0.0, 0.0, 0.0, 0.0, 0.0, 0.0, 1.4142135, 1.7320508, 8.485281]","[0.5, 2.5, 2.5, 2.5, 3.5]","[0.0, 0.0, 2.0, 2.4494898, 2.4494898]","[-5.5, -5.5, -4.0, -3.0, -2.5]","[0.5, 2.5, 3.5]","[0.0, 0.0, 2.0]","[-5.5, -4.0, -3.0]","[4.0, 4.5, 8.5]","[2.6457512, 4.2426405, 8.485281]","[-1.0, 0.5, 8.0]","[6.5, 8.5]","[6.3245554, 8.485281]","[6.0, 8.0]",1,1,1,0,1.0,0.0,1
90766,5,3,1,"[0.0, 0.0, 0.5, 0.5, 1.5, 3.0, 3.0, 3.5, 4.0, 4.5]","[0.0, 0.0, 0.0, 0.0, 0.0, 2.236068, 3.0, 3.4641016, 3.7416575, 3.8729835]","[0.5, 1.0, 2.5, 2.5, 3.0]","[0.0, 0.0, 2.0, 2.4494898, 2.828427]","[-3.5, -3.0, -2.5, -2.0, -1.5]","[0.5, 1.0, 2.5]","[0.0, 0.0, 2.4494898]","[-3.5, -3.0, -2.5]","[0.5, 1.0, 6.5]","[0.0, 0.0, 6.0]","[-3.0, -2.5, 5.0]",[6.5],[6.0],[5.0],2,1,0,1,0.0,2.0,0
79512,4,2,2,"[1.0, 1.5, 1.5, 1.5, 2.0, 2.5, 2.5, 3.0, 3.5, 6.5]","[0.0, 0.0, 0.0, 0.0, 0.0, 1.7320508, 2.236068, 2.4494898, 3.1622777, 6.3245554]","[1.5, 2.0, 2.0, 2.5]","[1.4142135, 1.7320508, 1.7320508, 2.0]","[-3.0, -2.5, -2.0, -1.0]","[1.5, 2.0]","[1.4142135, 1.7320508]","[-3.0, -1.0]","[4.0, 4.0]","[3.4641016, 4.0]","[-1.0, 3.5]","[4.0, 4.0]","[3.4641016, 4.0]","[-1.0, 3.5]",0,2,0,0,0.0,0.0,0
904,6,2,1,"[0.5, 1.5, 2.0, 2.0, 2.0, 2.0, 2.5, 3.0, 6.0, 6.5]","[0.0, 0.0, 0.0, 0.0, 1.7320508, 2.0, 2.4494898, 3.0, 5.196152, 6.3245554]","[0.5, 1.0, 1.5, 2.5, 4.0, 4.5]","[0.0, 0.0, 1.4142135, 2.4494898, 3.7416575, 3.8729835]","[-3.5, -3.0, -3.0, -2.0, -1.5, -1.0]","[0.5, 1.0]","[0.0, 0.0]","[-3.0, -1.5]","[1.5, 6.0]","[1.4142135, 5.656854]","[-3.5, 3.5]",[4.0],[0.0],[-1.0],1,0,1,0,1.0,0.0,1
73704,5,2,1,"[0.0, 0.0, 1.0, 2.0, 2.0, 2.0, 2.0, 2.5, 4.0, 7.5]","[0.0, 0.0, 0.0, 0.0, 0.0, 0.0, 1.7320508, 1.7320508, 1.7320508, 7.3484693]","[1.5, 3.0, 3.5, 3.5, 4.0]","[0.0, 0.0, 0.0, 3.1622777, 4.0]","[-4.5, -3.0, -2.5, -2.5, -1.0]","[1.5, 4.0]","[0.0, 4.0]","[-4.5, -3.0]","[4.0, 7.5]","[0.0, 7.483315]","[1.0, 2.5]",[6.5],[6.0],[6.0],1,0,1,0,1.0,0.0,0
104,4,2,1,"[0.0, 1.0, 1.5, 1.5, 1.5, 2.0, 3.0, 3.0, 4.5, 4.5]","[0.0, 0.0, 1.4142135, 1.4142135, 1.4142135, 1.7320508, 2.828427, 2.828427, 3.7416575, 4.472136]","[1.0, 1.5, 2.0, 3.0]","[0.0, 1.4142135, 1.7320508, 2.236068]","[-3.0, -3.0, -2.0, -1.0]","[1.0, 3.0]","[0.0, 2.236068]","[-3.0, -2.0]","[1.5, 3.0]","[0.0, 1.4142135]","[-3.0, 0.0]",[2.0],[1.7320508],[-1.0],1,0,1,0,1.0,0.0,1
69995,6,3,2,"[0.0, 1.0, 1.5, 2.0, 2.5, 2.5, 3.0, 3.0, 6.0, 6.0]","[0.0, 0.0, 0.0, 0.0, 1.0, 2.0, 2.0, 2.236068, 5.91608, 5.91608]","[1.5, 2.0, 2.0, 2.5, 3.0, 3.0]","[0.0, 0.0, 0.0, 1.4142135, 1.7320508, 3.0]","[-4.0, -3.5, -3.5, -3.0, -2.5, -1.5]","[1.5, 2.0, 2.5]","[0.0, 1.4142135, 1.7320508]","[-4.0, -3.5, -3.5]","[3.5, 4.5, 5.5]","[3.4641016, 4.2426405, 5.2915025]","[0.0, 1.5, 3.0]","[4.5, 7.0]","[4.2426405, 6.708204]","[1.5, 7.0]",1,1,1,0,1.0,0.0,0
76882,8,2,1,"[0.5, 0.5, 1.0, 1.5, 2.0, 2.5, 3.0, 5.0, 7.0, 8.0]","[0.0, 0.0, 0.0, 0.0, 1.0, 1.4142135, 2.236068, 4.0, 6.928203, 7.937254]","[1.0, 1.5, 3.5, 4.0, 4.0, 4.0, 4.0, 5.0]","[0.0, 0.0, 2.4494898, 2.6457512, 2.6457512, 4.0, 4.0, 4.8989797]","[-4.0, -3.5, -3.5, -3.5, -3.5, -3.5, -1.5, -1.5]","[1.5, 4.0]","[0.0, 4.0]","[-3.5, -3.5]","[4.0, 4.0]","[2.6457512, 3.4641016]","[-3.5, 0.0]",[3.5],[0.0],[0.0],1,0,1,0,1.0,0.0,0
137,1,1,1,"[0.0, 0.0, 0.0, 0.0, 0.5, 0.5, 1.0, 2.5, 2.5, 3.0]","[0.0, 0.0, 0.0, 0.0, 0.0, 0.0, 0.0, 0.0, 0.0, 3.0]",[2.5],[2.4494898],[-1.5],[2.5],[2.4494898],[-1.5],[8.0],[7.937254],[6.5],[8.0],[7.937254],[6.5],0,1,0,0,0.0,0.0,1
148,8,3,1,"[0.0, 0.5, 1.0, 1.0, 1.5, 1.5, 1.5, 5.0, 7.0, 7.5]","[0.0, 0.0, 0.0, 1.0, 1.4142135, 1.4142135, 1.4142135, 3.0, 6.708204, 7.3484693]","[2.0, 3.0, 3.0, 3.0, 4.0, 4.0, 4.5, 6.5]","[0.0, 0.0, 1.7320508, 2.236068, 2.6457512, 2.828427, 2.828427, 6.4807405]","[-4.5, -4.0, -2.5, -2.5, -2.5, -2.0, -1.5, -1.5]","[2.0, 3.0, 4.5]","[1.7320508, 2.828427, 2.828427]","[-4.5, -4.0, -2.0]","[3.0, 5.5, 6.0]","[2.236068, 4.2426405, 5.196152]","[-2.5, 0.5, 1.0]",[4.0],[3.4641016],[3.0],2,0,1,0,2.0,0.0,1
216,1,1,1,"[0.0, 0.5, 1.0, 1.0, 1.5, 2.0, 2.5, 3.0, 3.5, 4.0]","[0.0, 0.0, 0.0, 0.0, 0.0, 1.4142135, 2.0, 2.236068, 3.1622777, 3.8729835]",[1.0],[0.0],[-2.5],[1.0],[0.0],[-2.5],[6.5],[6.3245554],[6.0],[6.5],[6.3245554],[6.0],0,1,0,0,0.0,0.0,1
31,3,2,2,"[0.0, 0.0, 0.5, 1.0, 1.5, 2.0, 2.5, 2.5, 4.5, 5.0]","[0.0, 0.0, 0.0, 0.0, 0.0, 1.4142135, 1.7320508, 2.0, 3.7416575, 4.0]","[0.5, 2.0, 3.5]","[0.0, 0.0, 3.1622777]","[-5.5, -1.5, -1.5]","[0.5, 2.0]","[0.0, 0.0]","[-5.5, -1.5]","[2.0, 4.0]","[0.0, 3.8729835]","[1.5, 2.0]","[2.0, 4.0]","[0.0, 3.8729835]","[1.5, 2.0]",0,2,0,0,0.0,0.0,1
375,3,2,1,"[0.0, 0.5, 0.5, 0.5, 1.0, 1.5, 2.0, 3.0, 3.5, 8.0]","[0.0, 0.0, 0.0, 0.0, 1.0, 1.4142135, 1.7320508, 2.828427, 3.4641016, 8.0]","[1.5, 3.5, 4.0]","[0.0, 0.0, 3.4641016]","[-3.0, -1.5, -1.0]","[1.5, 4.0]","[0.0, 3.4641016]","[-3.0, -1.5]","[4.0, 7.0]","[0.0, 6.708204]","[-2.0, 2.0]",[3.5],[3.4641016],[0.5],1,0,1,0,1.0,0.0,1
41893,6,3,2,"[0.0, 0.5, 0.5, 1.5, 1.5, 2.5, 4.0, 5.0, 5.0, 7.0]","[0.0, 0.0, 0.0, 0.0, 0.0, 0.0, 0.0, 4.8989797, 5.0, 7.0]","[2.0, 2.0, 3.5, 3.5, 4.0, 5.0]","[0.0, 1.7320508, 3.1622777, 3.4641016, 3.8729835, 4.8989797]","[-4.0, -4.0, -3.5, -2.5, -1.5, -1.5]","[2.0, 2.0, 4.0]","[0.0, 1.7320508, 3.8729835]","[-4.0, -3.5, -2.5]","[1.5, 3.0, 4.5]","[0.0, 1.4142135, 4.2426405]","[-2.0, 0.0, 0.5]","[1.5, 7.0]","[1.4142135, 7.0]","[-2.0, 5.0]",1,1,1,0,1.0,0.0,0
128,4,3,2,"[0.0, 0.5, 0.5, 0.5, 1.0, 3.0, 3.0, 4.5, 4.5, 5.0]","[0.0, 0.0, 0.0, 0.0, 0.0, 0.0, 2.236068, 3.0, 4.2426405, 5.0]","[1.5, 1.5, 1.5, 2.5]","[0.0, 0.0, 1.4142135, 2.0]","[-2.5, -1.5, -1.5, -1.5]","[1.5, 1.5, 1.5]","[0.0, 0.0, 1.4142135]","[-2.5, -1.5, -1.5]","[3.5, 6.0, 8.0]","[3.4641016, 5.656854, 8.0]","[0.5, 1.0, 7.5]","[6.0, 8.0]","[5.91608, 8.0]","[3.0, 7.5]",1,1,1,0,1.0,0.0,1
952,3,1,1,"[0.0, 0.0, 0.0, 0.0, 1.0, 1.5, 2.5, 3.0, 5.5, 5.5]","[0.0, 0.0, 0.0, 0.0, 0.0, 1.4142135, 2.0, 2.236068, 4.8989797, 5.2915025]","[2.0, 2.5, 5.5]","[2.0, 2.0, 5.477226]","[-4.5, -2.0, -1.0]",[2.0],[2.0],[-4.5],[3.0],[2.828427],[1.0],[3.0],[2.828427],[1.0],0,1,0,0,0.0,0.0,1
6941,3,2,2,"[0.0, 1.0, 1.0, 1.0, 1.5, 1.5, 2.0, 3.0, 4.5, 5.5]","[0.0, 0.0, 0.0, 0.0, 1.0, 1.4142135, 1.4142135, 1.7320508, 2.828427, 4.8989797]","[1.0, 1.5, 2.5]","[0.0, 1.0, 2.4494898]","[-5.0, -4.0, -3.5]","[1.0, 1.5]","[0.0, 1.0]","[-5.0, -4.0]","[3.5, 9.0]","[3.4641016, 9.0]","[2.5, 7.0]","[3.5, 9.0]","[3.4641016, 9.0]","[2.5, 7.0]",0,2,0,0,0.0,0.0,0
95939,1,1,1,"[0.0, 0.5, 1.0, 1.0, 1.5, 1.5, 1.5, 2.5, 2.5, 5.5]","[0.0, 0.0, 0.0, 0.0, 0.0, 1.0, 1.4142135, 2.0, 2.4494898, 4.8989797]",[3.5],[3.1622777],[-2.5],[3.5],[3.1622777],[-2.5],[8.5],[8.485281],[6.5],[8.5],[8.485281],[6.5],0,1,0,0,0.0,0.0,0
633,7,3,3,"[1.0, 1.0, 1.5, 1.5, 1.5, 2.0, 3.0, 5.5, 6.0, 6.0]","[0.0, 0.0, 1.0, 1.4142135, 1.4142135, 1.7320508, 2.236068, 4.2426405, 5.196152, 5.196152]","[0.5, 2.5, 3.0, 3.5, 4.0, 5.0, 5.5]","[0.0, 0.0, 0.0, 0.0, 2.828427, 4.0, 4.8989797]","[-6.0, -5.0, -4.5, -3.5, -2.0, -1.5, -1.0]","[0.5, 2.5, 4.0]","[0.0, 0.0, 0.0]","[-5.0, -4.5, -2.0]","[4.0, 4.5, 7.0]","[2.828427, 4.0, 6.928203]","[2.5, 3.0, 5.5]","[4.0, 4.5, 7.0]","[2.828427, 4.0, 6.928203]","[2.5, 3.0, 5.5]",0,3,0,0,0.0,0.0,0
442,5,3,2,"[0.5, 1.0, 2.0, 2.0, 3.0, 3.5, 3.5, 3.5, 5.5, 6.0]","[0.0, 0.0, 0.0, 0.0, 0.0, 1.7320508, 2.0, 2.828427, 5.196152, 5.477226]","[2.5, 2.5, 2.5, 3.5, 4.0]","[0.0, 2.0, 2.4494898, 2.4494898, 4.0]","[-4.5, -2.5, -2.5, -2.0, -1.5]","[2.5, 2.5, 4.0]","[2.0, 2.4494898, 4.0]","[-2.5, -2.0, -1.5]","[6.0, 6.5, 6.5]","[5.656854, 6.0, 6.4807405]","[-1.0, 3.5, 6.5]","[2.5, 6.5]","[2.4494898, 6.4807405]","[-2.0, 6.5]",1,1,1,0,1.0,0.0,1
78,19,6,2,"[0.0, 1.5, 4.0, 4.0, 4.5, 5.0, 5.5, 7.0, 7.0, 8.0]","[0.0, 1.4142135, 2.828427, 3.4641016, 3.4641016, 4.0, 5.477226, 6.708204, 6.928203, 7.937254]","[0.0, 0.0, 0.5, 1.0, 1.0, 1.5, 2.0, 2.0, 2.0, 2.5, 3.5, 3.5, 4.0, 4.0, 4.5, 4.5, 4.5, 6.0, 6.5]","[0.0, 0.0, 0.0, 0.0, 0.0, 0.0, 0.0, 1.0, 1.7320508, 2.4494898, 2.4494898, 2.6457512, 2.828427, 3.4641016, 3.8729835, 4.2426405, 4.472136, 5.91608, 6.3245554]","[-8.0, -6.0, -6.0, -5.5, -5.0, -5.0, -4.5, -4.5, -4.5, -4.5, -4.0, -3.5, -3.0, -3.0, -3.0, -3.0, -2.5, -1.0, -1.0]","[0.0, 0.0, 0.5, 1.0, 1.0, 2.0]","[0.0, 0.0, 0.0, 0.0, 1.0, 1.7320508]","[-8.0, -6.0, -5.0, -4.5, -3.0, -3.0]","[3.0, 4.0, 6.0, 6.0, 7.0, 7.5]","[2.236068, 3.8729835, 5.196152, 5.656854, 6.708204, 7.483315]","[-2.5, -0.5, 0.5, 2.0, 2.0, 2.0]","[3.0, 4.5]","[2.236068, 4.2426405]","[-2.5, -1.0]",4,1,1,1,1.0,3.0,1
361,4,3,2,"[0.0, 0.5, 0.5, 0.5, 1.0, 1.5, 2.0, 3.0, 4.5, 5.0]","[0.0, 0.0, 0.0, 0.0, 1.0, 1.4142135, 1.7320508, 2.236068, 3.0, 4.2426405]","[1.0, 2.5, 3.0, 3.5]","[0.0, 0.0, 0.0, 0.0]","[-4.0, -2.0, -1.5, -1.0]","[1.0, 2.5, 3.0]","[0.0, 0.0, 0.0]","[-4.0, -2.0, -1.0]","[4.5, 5.0, 8.5]","[4.472136, 4.582576, 8.485281]","[1.0, 4.0, 7.0]","[5.0, 5.5]","[4.2426405, 4.582576]","[4.0, 5.0]",1,1,1,0,1.0,0.0,1
92248,5,2,1,"[0.0, 0.5, 0.5, 1.0, 2.0, 2.5, 3.0, 5.5, 6.0, 6.5]","[0.0, 0.0, 0.0, 0.0, 0.0, 1.7320508, 2.0, 5.2915025, 5.91608, 6.3245554]","[1.5, 1.5, 1.5, 3.5, 4.0]","[0.0, 1.4142135, 1.4142135, 2.4494898, 4.0]","[-6.0, -4.5, -3.5, -3.5, -2.0]","[1.5, 1.5]","[1.4142135, 1.4142135]","[-6.0, -2.0]","[1.0, 3.5]","[0.0, 2.4494898]","[-2.5, -1.5]",[5.5],[5.2915025],[3.0],1,0,1,0,1.0,0.0,0
745,4,2,2,"[0.0, 0.0, 1.0, 1.5, 2.0, 3.0, 3.0, 3.0, 3.0, 8.0]","[0.0, 0.0, 0.0, 0.0, 1.4142135, 1.7320508, 2.828427, 2.828427, 3.0, 8.0]","[1.0, 3.0, 3.5, 5.5]","[0.0, 0.0, 2.828427, 5.477226]","[-3.0, -2.5, -1.5, -1.5]","[1.0, 3.0]","[0.0, 2.828427]","[-3.0, -2.5]","[3.0, 8.0]","[2.236068, 7.937254]","[1.0, 2.5]","[3.0, 8.0]","[2.236068, 7.937254]","[1.0, 2.5]",0,2,0,0,0.0,0.0,1
9724,8,3,2,"[0.0, 0.5, 1.0, 1.0, 2.0, 2.0, 2.5, 6.0, 8.0, 9.0]","[0.0, 0.0, 0.0, 0.0, 0.0, 1.7320508, 2.0, 5.656854, 7.937254, 9.0]","[0.5, 1.5, 2.0, 2.5, 3.0, 3.5, 4.0, 4.5]","[0.0, 0.0, 0.0, 0.0, 1.7320508, 2.0, 3.1622777, 4.2426405]","[-5.5, -5.0, -5.0, -4.0, -3.5, -2.5, -2.0, -1.0]","[0.5, 1.5, 2.5]","[0.0, 0.0, 2.0]","[-5.5, -3.5, -2.0]","[1.0, 4.0, 4.0]","[0.0, 1.0, 3.4641016]","[-5.0, -3.0, -2.0]","[1.0, 7.5]","[1.0, 7.483315]","[-3.0, 1.5]",1,1,1,0,1.0,0.0,0
69223,1,1,1,"[0.0, 0.5, 1.0, 1.0, 1.5, 2.5, 3.0, 3.0, 4.5, 5.0]","[0.0, 0.0, 0.0, 1.0, 1.4142135, 2.0, 2.236068, 3.0, 4.0, 4.472136]",[1.0],[1.0],[-5.0],[1.0],[1.0],[-5.0],[6.5],[6.4807405],[3.0],[6.5],[6.4807405],[3.0],0,1,0,0,0.0,0.0,0
142,4,1,1,"[0.5, 0.5, 0.5, 1.0, 1.5, 1.5, 3.0, 4.5, 5.5, 7.0]","[0.0, 0.0, 0.0, 0.0, 0.0, 0.0, 0.0, 0.0, 4.8989797, 6.928203]","[2.0, 2.0, 3.5, 5.5]","[0.0, 1.7320508, 3.1622777, 5.477226]","[-6.0, -5.0, -2.5, -1.5]",[2.0],[1.7320508],[-6.0],[9.0],[9.0],[4.5],[9.0],[9.0],[4.5],0,1,0,0,0.0,0.0,1
6122,4,2,2,"[0.5, 0.5, 0.5, 1.0, 1.5, 2.5, 2.5, 2.5, 5.5, 8.0]","[0.0, 0.0, 0.0, 0.0, 0.0, 0.0, 0.0, 2.0, 4.8989797, 7.937254]","[1.5, 3.0, 3.5, 6.0]","[1.4142135, 2.828427, 3.1622777, 6.0]","[-4.5, -4.0, -3.5, -1.5]","[1.5, 3.0]","[1.4142135, 2.828427]","[-4.5, -4.0]","[3.0, 6.0]","[2.236068, 5.91608]","[-0.5, 4.0]","[3.0, 6.0]","[2.236068, 5.91608]","[-0.5, 4.0]",0,2,0,0,0.0,0.0,0
523,6,3,2,"[0.0, 0.5, 1.0, 1.5, 2.0, 2.5, 4.0, 4.0, 5.5, 5.5]","[0.0, 0.0, 0.0, 0.0, 1.4142135, 2.0, 2.6457512, 3.4641016, 4.2426405, 5.2915025]","[0.5, 1.0, 2.0, 3.0, 4.0, 5.0]","[0.0, 0.0, 0.0, 0.0, 3.8729835, 4.582576]","[-6.0, -2.5, -2.0, -2.0, -1.5, -1.5]","[0.5, 1.0, 5.0]","[0.0, 0.0, 4.582576]","[-6.0, -2.0, -2.0]","[5.0, 5.5, 6.0]","[4.0, 5.196152, 5.2915025]","[-0.5, 4.0, 4.0]","[3.5, 5.0]","[3.1622777, 4.0]","[-0.5, 4.0]",1,1,1,0,1.0,0.0,1
856,22,7,2,"[0.5, 3.0, 4.0, 4.5, 4.5, 5.0, 5.0, 5.5, 5.5, 5.5]","[0.0, 0.0, 0.0, 2.828427, 3.8729835, 4.0, 4.2426405, 4.8989797, 4.8989797, 5.477226]","[0.0, 0.0, 0.5, 0.5, 1.5, 2.0, 2.0, 2.0, 2.5, 2.5, 2.5, 2.5, 3.0, 3.0, 3.0, 3.0, 3.0, 3.5, 4.0, 5.0, 5.5, 6.0]","[0.0, 0.0, 0.0, 0.0, 0.0, 0.0, 0.0, 0.0, 0.0, 1.7320508, 2.0, 2.0, 2.0, 2.236068, 2.828427, 2.828427, 2.828427, 3.0, 3.4641016, 4.582576, 4.8989797, 5.91608]","[-7.5, -6.0, -5.5, -5.0, -4.5, -4.5, -4.0, -3.5, -3.5, -3.5, -3.5, -3.0, -3.0, -3.0, -3.0, -2.5, -2.0, -2.0, -2.0, -2.0, -1.5, -1.0]","[0.0, 0.0, 0.5, 0.5, 2.0, 2.5, 5.0]","[0.0, 0.0, 0.0, 0.0, 1.7320508, 2.0, 4.582576]","[-7.5, -6.0, -5.0, -3.5, -3.5, -3.0, -2.0]","[3.0, 4.0, 4.5, 4.5, 5.5, 6.0, 6.5]","[3.0, 3.4641016, 4.2426405, 4.472136, 5.2915025, 5.91608, 6.3245554]","[-3.5, -0.5, 0.0, 0.5, 1.5, 4.5, 5.0]","[2.5, 5.5]","[2.0, 5.2915025]","[1.5, 5.0]",5,1,1,0,5.0,0.0,1
821,1,1,1,"[0.0, 0.0, 1.0, 1.0, 1.0, 1.5, 2.0, 4.0, 4.0, 7.5]","[0.0, 0.0, 0.0, 0.0, 0.0, 0.0, 1.4142135, 3.4641016, 3.8729835, 7.483315]",[3.5],[2.4494898],[-3.0],[3.5],[2.4494898],[-3.0],[5.0],[4.582576],[0.0],[5.0],[4.582576],[0.0],0,1,0,0,0.0,0.0,1
862,4,2,2,"[0.5, 0.5, 0.5, 1.0, 1.0, 1.0, 3.5, 4.0, 5.5, 6.5]","[0.0, 0.0, 0.0, 0.0, 0.0, 1.0, 1.0, 3.4641016, 4.8989797, 6.4807405]","[0.5, 3.0, 3.5, 5.0]","[0.0, 2.828427, 3.1622777, 4.582576]","[-3.5, -3.5, -3.0, -2.5]","[0.5, 5.0]","[0.0, 4.582576]","[-3.0, -2.5]","[2.0, 5.5]","[0.0, 4.2426405]","[0.5, 4.0]","[2.0, 5.5]","[0.0, 4.2426405]","[0.5, 4.0]",0,2,0,0,0.0,0.0,1
20,5,3,1,"[0.0, 0.0, 0.5, 1.0, 1.5, 2.5, 3.0, 3.5, 3.5, 7.0]","[0.0, 0.0, 0.0, 0.0, 0.0, 0.0, 1.0, 2.828427, 3.4641016, 6.708204]","[1.5, 1.5, 2.5, 3.5, 4.0]","[0.0, 0.0, 2.4494898, 2.6457512, 3.4641016]","[-3.5, -3.0, -2.0, -2.0, -2.0]","[1.5, 1.5, 2.5]","[0.0, 0.0, 2.4494898]","[-3.0, -2.0, -2.0]","[3.5, 5.0, 5.5]","[2.4494898, 3.0, 5.477226]","[1.5, 2.5, 3.5]",[5.0],[4.0],[5.0],2,0,1,0,2.0,0.0,1
710,3,2,2,"[0.0, 0.0, 0.0, 0.5, 2.0, 2.0, 2.5, 3.5, 4.5, 6.5]","[0.0, 0.0, 0.0, 0.0, 0.0, 0.0, 2.0, 3.4641016, 4.2426405, 6.0]","[1.5, 3.0, 3.5]","[0.0, 0.0, 0.0]","[-4.0, -2.5, -1.0]","[1.5, 3.0]","[0.0, 0.0]","[-4.0, -1.0]","[4.5, 5.0]","[2.828427, 3.0]","[2.5, 5.0]","[4.5, 5.0]","[2.828427, 3.0]","[2.5, 5.0]",0,2,0,0,0.0,0.0,1
380,4,2,2,"[0.0, 0.0, 0.5, 0.5, 0.5, 2.0, 3.0, 3.5, 3.5, 5.0]","[0.0, 0.0, 0.0, 0.0, 0.0, 0.0, 1.7320508, 2.236068, 3.1622777, 4.8989797]","[2.0, 2.0, 2.0, 3.0]","[0.0, 0.0, 1.7320508, 2.828427]","[-3.5, -2.5, -1.5, -1.0]","[2.0, 2.0]","[0.0, 1.7320508]","[-3.5, -1.0]","[2.0, 3.5]","[0.0, 2.4494898]","[0.0, 0.5]","[2.0, 3.5]","[0.0, 2.4494898]","[0.0, 0.5]",0,2,0,0,0.0,0.0,1
688,4,2,2,"[0.5, 1.0, 1.0, 1.0, 1.5, 1.5, 2.0, 4.0, 4.0, 5.5]","[0.0, 0.0, 0.0, 0.0, 0.0, 0.0, 1.0, 1.0, 1.7320508, 4.8989797]","[2.0, 2.5, 3.5, 4.0]","[0.0, 0.0, 2.4494898, 3.4641016]","[-3.5, -3.0, -2.0, -1.5]","[2.0, 2.5]","[0.0, 0.0]","[-3.5, -3.0]","[4.0, 8.0]","[3.8729835, 7.937254]","[4.0, 4.0]","[4.0, 8.0]","[3.8729835, 7.937254]","[4.0, 4.0]",0,2,0,0,0.0,0.0,1
13176,12,4,1,"[0.5, 1.5, 2.0, 2.0, 2.5, 2.5, 5.5, 6.0, 7.0, 8.0]","[0.0, 0.0, 0.0, 1.4142135, 1.7320508, 2.0, 4.8989797, 5.656854, 6.928203, 7.937254]","[1.0, 1.0, 1.5, 1.5, 1.5, 2.0, 2.5, 2.5, 3.0, 3.5, 4.5, 4.5]","[0.0, 0.0, 0.0, 0.0, 0.0, 0.0, 0.0, 1.0, 2.4494898, 3.1622777, 3.7416575, 4.2426405]","[-7.5, -7.0, -5.0, -4.5, -4.0, -4.0, -3.5, -2.5, -2.0, -2.0, -2.0, -1.5]","[1.0, 1.0, 1.5, 1.5]","[0.0, 0.0, 0.0, 1.0]","[-7.5, -7.0, -4.0, -2.0]","[1.0, 1.5, 1.5, 2.0]","[0.0, 0.0, 0.0, 0.0]","[-7.5, -4.0, -2.5, -2.5]",[6.0],[6.0],[4.5],3,0,1,1,1.0,2.0,0
28567,4,3,2,"[0.0, 0.0, 0.5, 1.0, 1.5, 2.0, 3.0, 3.0, 4.5, 5.5]","[0.0, 0.0, 0.0, 0.0, 0.0, 0.0, 1.0, 2.236068, 4.2426405, 5.477226]","[0.5, 1.0, 3.5, 4.0]","[0.0, 0.0, 3.4641016, 3.8729835]","[-4.0, -2.0, -2.0, -2.0]","[0.5, 1.0, 4.0]","[0.0, 0.0, 3.8729835]","[-4.0, -2.0, -2.0]","[4.5, 5.0, 7.5]","[3.0, 3.7416575, 7.483315]","[0.5, 1.5, 7.5]","[1.5, 7.5]","[0.0, 7.483315]","[-0.5, 7.5]",1,1,1,0,1.0,0.0,0
3324,5,2,2,"[0.5, 1.0, 1.0, 1.0, 2.0, 3.5, 3.5, 4.0, 5.0, 5.5]","[0.0, 0.0, 0.0, 0.0, 1.0, 1.0, 2.4494898, 3.4641016, 4.2426405, 5.0]","[1.5, 2.5, 3.0, 3.0, 5.0]","[0.0, 0.0, 2.0, 3.0, 5.0]","[-4.5, -3.5, -3.0, -3.0, -1.5]","[1.5, 3.0]","[0.0, 3.0]","[-3.5, -1.5]","[3.0, 3.5]","[2.828427, 3.4641016]","[0.5, 2.5]","[3.0, 3.5]","[2.828427, 3.4641016]","[0.5, 2.5]",0,2,0,0,0.0,0.0,0
13,5,2,2,"[0.0, 0.0, 1.5, 1.5, 1.5, 2.0, 3.5, 4.0, 6.0, 7.5]","[0.0, 0.0, 0.0, 0.0, 0.0, 0.0, 1.7320508, 4.0, 5.196152, 7.3484693]","[1.0, 2.5, 2.5, 4.0, 6.0]","[0.0, 0.0, 2.0, 3.4641016, 5.91608]","[-5.5, -5.0, -4.0, -3.5, -2.0]","[1.0, 2.5]","[0.0, 0.0]","[-5.5, -5.0]","[5.0, 8.0]","[5.0, 8.0]","[3.5, 5.0]","[5.0, 8.0]","[5.0, 8.0]","[3.5, 5.0]",0,2,0,0,0.0,0.0,1
8400,7,2,1,"[1.0, 1.5, 2.0, 2.0, 2.5, 2.5, 2.5, 2.5, 3.0, 8.5]","[0.0, 0.0, 0.0, 0.0, 0.0, 0.0, 0.0, 2.4494898, 2.828427, 8.485281]","[1.0, 1.5, 2.5, 3.0, 4.0, 4.0, 4.0]","[1.0, 1.4142135, 2.0, 2.236068, 2.6457512, 2.6457512, 3.4641016]","[-5.0, -3.0, -3.0, -3.0, -2.5, -2.0, -1.5]","[1.0, 2.5]","[1.0, 2.0]","[-5.0, -3.0]","[1.5, 7.5]","[0.0, 7.3484693]","[-4.0, 3.5]",[3.5],[3.1622777],[2.5],1,0,1,0,1.0,0.0,0
58617,5,3,2,"[0.5, 0.5, 1.0, 1.0, 1.5, 2.0, 2.5, 2.5, 5.5, 7.5]","[0.0, 0.0, 0.0, 0.0, 1.0, 1.4142135, 2.0, 2.0, 4.2426405, 7.483315]","[1.5, 1.5, 1.5, 4.5, 7.0]","[0.0, 0.0, 0.0, 4.2426405, 7.0]","[-4.5, -4.0, -3.5, -2.5, -1.5]","[1.5, 1.5, 1.5]","[0.0, 0.0, 0.0]","[-4.5, -4.0, -3.5]","[4.5, 5.0, 7.5]","[3.0, 4.2426405, 7.483315]","[0.5, 3.0, 3.5]","[1.0, 5.0]","[0.0, 3.0]","[0.5, 3.0]",1,1,1,0,1.0,0.0,0
50956,2,2,1,"[0.0, 0.0, 0.0, 0.5, 0.5, 1.0, 2.0, 4.0, 5.0, 7.5]","[0.0, 0.0, 0.0, 0.0, 0.0, 0.0, 1.7320508, 3.4641016, 5.0, 7.3484693]","[2.0, 3.5]","[0.0, 3.4641016]","[-3.5, -2.0]","[2.0, 3.5]","[0.0, 3.4641016]","[-3.5, -2.0]","[3.5, 4.0]","[2.4494898, 2.6457512]","[-3.5, 1.0]",[5.5],[5.2915025],[3.0],1,0,1,0,1.0,0.0,0
953,4,2,2,"[0.0, 0.0, 0.5, 1.5, 1.5, 2.0, 2.0, 3.0, 3.0, 4.5]","[0.0, 0.0, 0.0, 0.0, 0.0, 0.0, 0.0, 2.0, 2.236068, 2.236068]","[1.5, 2.5, 3.0, 3.0]","[1.4142135, 2.0, 2.828427, 3.0]","[-5.0, -1.5, -1.0, -1.0]","[1.5, 2.5]","[1.4142135, 2.0]","[-5.0, -1.0]","[2.5, 4.5]","[2.4494898, 4.2426405]","[2.5, 3.0]","[2.5, 4.5]","[2.4494898, 4.2426405]","[2.5, 3.0]",0,2,0,0,0.0,0.0,1
61503,5,3,2,"[0.0, 0.5, 0.5, 1.5, 1.5, 1.5, 2.0, 2.5, 4.5, 6.0]","[0.0, 0.0, 0.0, 0.0, 0.0, 1.4142135, 1.4142135, 2.0, 4.2426405, 5.656854]","[2.0, 2.0, 2.0, 2.5, 3.5]","[0.0, 0.0, 1.7320508, 1.7320508, 2.4494898]","[-5.0, -3.0, -1.5, -1.0, -1.0]","[2.0, 2.0, 2.5]","[1.7320508, 1.7320508, 2.4494898]","[-5.0, -1.5, -1.0]","[3.5, 4.0, 6.5]","[0.0, 0.0, 6.0]","[-1.0, 0.5, 6.5]","[5.5, 6.5]","[5.2915025, 6.0]","[3.5, 6.5]",1,1,1,0,1.0,0.0,0
66246,12,4,1,"[0.0, 0.0, 0.5, 1.0, 4.0, 4.0, 4.5, 6.5, 7.0, 9.0]","[0.0, 0.0, 0.0, 0.0, 2.6457512, 3.7416575, 3.8729835, 6.3245554, 7.0, 9.0]","[1.5, 2.0, 2.0, 2.5, 2.5, 3.5, 3.5, 4.0, 4.5, 5.0, 5.0, 5.5]","[0.0, 0.0, 0.0, 1.7320508, 2.4494898, 2.4494898, 3.1622777, 3.4641016, 3.7416575, 4.582576, 5.0, 5.477226]","[-7.0, -5.0, -5.0, -4.5, -4.0, -3.5, -3.0, -2.5, -2.5, -2.5, -2.5, -2.0]","[1.5, 2.0, 2.5, 3.5]","[0.0, 0.0, 0.0, 3.1622777]","[-7.0, -3.5, -2.5, -2.0]","[1.5, 2.0, 3.5, 4.5]","[0.0, 1.4142135, 3.1622777, 3.7416575]","[-3.5, -3.0, -2.5, -2.0]",[2.5],[2.0],[0.0],3,0,1,1,1.0,2.0,0
326,11,4,3,"[0.5, 0.5, 0.5, 1.5, 2.5, 4.0, 4.5, 5.5, 6.0, 8.5]","[0.0, 0.0, 0.0, 1.4142135, 2.4494898, 2.828427, 4.0, 5.196152, 5.2915025, 8.485281]","[0.5, 1.0, 2.0, 2.5, 3.0, 3.0, 3.0, 3.5, 4.0, 4.5, 4.5]","[0.0, 0.0, 0.0, 0.0, 1.7320508, 2.4494898, 2.6457512, 2.828427, 2.828427, 3.1622777, 4.472136]","[-6.0, -6.0, -5.0, -4.5, -4.0, -3.5, -3.5, -3.0, -2.5, -2.0, -1.5]","[0.5, 1.0, 2.5, 3.5]","[0.0, 0.0, 2.4494898, 3.1622777]","[-6.0, -6.0, -3.5, -1.5]","[3.0, 4.5, 5.0, 7.5]","[2.828427, 3.7416575, 5.0, 7.483315]","[-3.0, 2.0, 2.0, 2.5]","[4.5, 4.5, 5.0]","[3.7416575, 4.472136, 5.0]","[1.5, 2.0, 2.5]",1,2,1,0,1.0,0.0,1
771,4,2,2,"[0.0, 0.5, 1.5, 1.5, 1.5, 2.0, 3.0, 4.0, 4.5, 4.5]","[0.0, 0.0, 0.0, 0.0, 0.0, 1.4142135, 1.4142135, 2.0, 2.828427, 3.7416575]","[1.5, 2.5, 3.5, 4.0]","[0.0, 1.4142135, 2.4494898, 2.6457512]","[-5.0, -4.0, -3.5, -2.0]","[1.5, 2.5]","[1.4142135, 2.4494898]","[-5.0, -4.0]","[4.0, 8.0]","[4.0, 7.937254]","[4.0, 6.5]","[4.0, 8.0]","[4.0, 7.937254]","[4.0, 6.5]",0,2,0,0,0.0,0.0,1
1017,3,2,2,"[0.0, 0.5, 0.5, 1.0, 1.0, 1.5, 3.0, 3.0, 3.5, 5.5]","[0.0, 0.0, 0.0, 0.0, 0.0, 1.0, 2.236068, 2.828427, 3.4641016, 4.2426405]","[1.5, 3.0, 4.0]","[0.0, 1.4142135, 4.0]","[-3.0, -2.0, -2.0]","[1.5, 4.0]","[1.4142135, 4.0]","[-3.0, -2.0]","[6.5, 7.0]","[6.0, 6.708204]","[5.0, 5.5]","[6.5, 7.0]","[6.0, 6.708204]","[5.0, 5.5]",0,2,0,0,0.0,0.0,1
175,4,2,2,"[0.0, 0.0, 0.5, 0.5, 1.0, 2.0, 3.0, 3.0, 4.0, 6.0]","[0.0, 0.0, 0.0, 0.0, 0.0, 0.0, 0.0, 2.236068, 4.0, 5.196152]","[1.5, 3.5, 3.5, 4.5]","[0.0, 3.1622777, 3.4641016, 3.7416575]","[-3.5, -3.0, -2.0, -2.0]","[1.5, 3.5]","[0.0, 3.4641016]","[-3.0, -2.0]","[4.0, 5.5]","[0.0, 5.477226]","[2.5, 5.5]","[4.0, 5.5]","[0.0, 5.477226]","[2.5, 5.5]",0,2,0,0,0.0,0.0,1
57663,9,3,3,"[0.5, 1.0, 1.5, 2.0, 2.0, 2.0, 3.0, 4.5, 5.0, 6.5]","[0.0, 0.0, 0.0, 0.0, 1.0, 1.4142135, 2.0, 2.828427, 4.582576, 6.0]","[0.5, 1.5, 1.5, 3.0, 3.5, 3.5, 4.0, 4.5, 5.5]","[0.0, 0.0, 0.0, 0.0, 1.4142135, 2.828427, 3.1622777, 4.2426405, 5.477226]","[-4.5, -3.5, -3.5, -3.0, -2.5, -1.5, -1.5, -1.0, -1.0]","[0.5, 1.5, 3.5]","[0.0, 0.0, 3.1622777]","[-4.5, -3.5, -2.5]","[2.0, 4.5, 6.5]","[0.0, 3.7416575, 6.4807405]","[0.5, 2.0, 5.5]","[2.0, 4.5, 6.5]","[0.0, 3.7416575, 6.4807405]","[0.5, 2.0, 5.5]",0,3,0,0,0.0,0.0,0
959,8,2,2,"[0.0, 1.0, 1.0, 1.5, 2.5, 2.5, 3.0, 3.5, 4.5, 5.0]","[0.0, 0.0, 0.0, 0.0, 0.0, 0.0, 0.0, 2.0, 4.472136, 4.582576]","[1.0, 1.5, 2.0, 2.0, 2.0, 2.5, 2.5, 3.0]","[0.0, 0.0, 1.4142135, 1.7320508, 1.7320508, 2.0, 2.236068, 2.4494898]","[-4.0, -3.5, -3.5, -3.0, -3.0, -2.5, -2.0, -1.0]","[1.0, 2.0]","[0.0, 1.7320508]","[-3.5, -3.0]","[4.5, 5.5]","[4.2426405, 4.2426405]","[2.0, 4.0]","[4.5, 5.5]","[4.2426405, 4.2426405]","[2.0, 4.0]",0,2,0,0,0.0,0.0,1
14099,4,3,1,"[0.5, 1.0, 1.0, 1.5, 1.5, 2.0, 3.0, 4.5, 6.0, 6.5]","[0.0, 0.0, 0.0, 1.0, 1.0, 1.4142135, 2.828427, 3.7416575, 5.91608, 6.3245554]","[1.0, 1.5, 2.0, 4.0]","[0.0, 0.0, 2.0, 2.6457512]","[-5.0, -2.5, -2.0, -2.0]","[1.0, 2.0, 4.0]","[0.0, 2.0, 2.6457512]","[-5.0, -2.5, -2.0]","[1.5, 5.0, 7.5]","[0.0, 3.0, 7.3484693]","[-2.0, -1.0, 3.0]",[7.0],[7.0],[5.5],2,0,1,0,2.0,0.0,0
911,2,1,1,"[0.0, 0.5, 1.0, 1.0, 2.0, 2.0, 3.0, 3.5, 5.0, 7.0]","[0.0, 0.0, 0.0, 0.0, 0.0, 1.7320508, 2.236068, 3.4641016, 4.582576, 7.0]","[2.5, 3.0]","[0.0, 0.0]","[-2.5, -1.5]",[2.5],[0.0],[-1.5],[4.0],[3.4641016],[0.0],[4.0],[3.4641016],[0.0],0,1,0,0,0.0,0.0,1
756,3,2,1,"[0.0, 0.0, 0.5, 1.0, 1.5, 1.5, 3.0, 3.5, 4.0, 5.5]","[0.0, 0.0, 0.0, 0.0, 0.0, 1.0, 2.4494898, 2.828427, 4.0, 5.2915025]","[2.0, 2.0, 2.0]","[1.7320508, 2.0, 2.0]","[-3.0, -2.5, -1.5]","[2.0, 2.0]","[2.0, 2.0]","[-3.0, -1.5]","[5.5, 6.0]","[5.196152, 5.477226]","[2.0, 4.0]",[7.5],[7.483315],[7.5],1,0,1,0,1.0,0.0,1
63875,4,2,1,"[0.0, 0.5, 1.0, 1.0, 1.5, 2.5, 3.0, 5.0, 5.0, 6.5]","[0.0, 0.0, 0.0, 1.0, 1.0, 1.4142135, 2.4494898, 4.582576, 4.8989797, 6.0]","[1.5, 2.0, 4.0, 5.0]","[0.0, 0.0, 1.7320508, 4.582576]","[-5.5, -3.0, -2.0, -1.0]","[1.5, 2.0]","[0.0, 1.7320508]","[-5.5, -1.0]","[3.0, 8.0]","[0.0, 8.0]","[-1.0, 4.5]",[6.0],[5.196152],[3.5],1,0,1,0,1.0,0.0,0
355,4,3,2,"[0.0, 0.0, 0.5, 1.0, 1.5, 2.0, 3.5, 4.5, 5.5, 6.0]","[0.0, 0.0, 0.0, 0.0, 1.4142135, 2.0, 3.4641016, 4.472136, 5.2915025, 6.0]","[1.5, 2.0, 2.0, 3.5]","[0.0, 0.0, 1.7320508, 2.4494898]","[-4.0, -2.5, -2.0, -1.5]","[1.5, 2.0, 2.0]","[0.0, 0.0, 1.7320508]","[-4.0, -2.0, -1.5]","[5.5, 5.5, 7.0]","[4.8989797, 4.8989797, 6.928203]","[0.5, 2.5, 3.5]","[5.5, 8.0]","[4.8989797, 7.937254]","[3.0, 3.5]",1,1,1,0,1.0,0.0,1
25189,14,4,3,"[0.0, 0.5, 1.0, 1.5, 1.5, 5.0, 5.5, 6.5, 8.0, 8.5]","[0.0, 0.0, 0.0, 0.0, 1.4142135, 4.0, 4.8989797, 6.4807405, 7.937254, 8.485281]","[1.0, 1.5, 2.0, 2.0, 2.5, 3.0, 3.5, 3.5, 3.5, 4.0, 4.0, 4.5, 5.0, 5.5]","[0.0, 0.0, 0.0, 0.0, 0.0, 0.0, 2.0, 2.4494898, 3.0, 3.1622777, 3.8729835, 4.2426405, 5.0, 5.2915025]","[-6.5, -6.0, -5.0, -4.0, -4.0, -4.0, -3.5, -3.5, -3.5, -3.0, -3.0, -3.0, -2.0, -2.0]","[1.0, 1.5, 2.0, 3.5]","[0.0, 0.0, 0.0, 2.0]","[-6.0, -4.0, -3.5, -2.0]","[1.5, 2.0, 7.0, 7.5]","[1.4142135, 1.7320508, 7.0, 7.483315]","[-2.5, -2.5, 3.0, 4.5]","[1.5, 2.0, 7.0]","[0.0, 1.4142135, 7.0]","[-2.5, 1.0, 4.5]",1,2,1,0,1.0,0.0,0
25455,5,2,2,"[0.0, 0.0, 0.5, 1.5, 2.5, 3.0, 3.5, 4.0, 5.0, 7.5]","[0.0, 0.0, 0.0, 0.0, 2.236068, 2.4494898, 2.6457512, 3.1622777, 4.0, 7.3484693]","[1.5, 1.5, 3.0, 3.5, 5.0]","[0.0, 1.4142135, 2.236068, 3.1622777, 4.582576]","[-5.5, -4.5, -4.5, -3.0, -1.5]","[1.5, 3.0]","[1.4142135, 2.236068]","[-5.5, -4.5]","[4.5, 5.0]","[0.0, 3.0]","[1.0, 3.5]","[4.5, 5.0]","[0.0, 3.0]","[1.0, 3.5]",0,2,0,0,0.0,0.0,0
362,6,3,3,"[0.0, 0.5, 1.5, 2.5, 2.5, 2.5, 3.5, 5.5, 6.5, 7.0]","[0.0, 0.0, 0.0, 0.0, 0.0, 0.0, 0.0, 4.8989797, 6.0, 6.928203]","[1.0, 1.5, 3.0, 4.5, 5.5, 6.0]","[0.0, 1.0, 1.4142135, 4.2426405, 5.2915025, 5.656854]","[-5.0, -4.5, -4.0, -2.0, -1.5, -1.0]","[1.0, 1.5, 3.0]","[0.0, 1.0, 1.4142135]","[-5.0, -4.5, -4.0]","[2.0, 3.5, 5.0]","[2.0, 3.1622777, 4.582576]","[0.5, 0.5, 3.0]","[2.0, 3.5, 5.0]","[2.0, 3.1622777, 4.582576]","[0.5, 0.5, 3.0]",0,3,0,0,0.0,0.0,1
984,7,3,2,"[0.0, 0.0, 0.5, 1.0, 1.5, 1.5, 2.5, 4.5, 6.5, 7.5]","[0.0, 0.0, 0.0, 0.0, 0.0, 0.0, 0.0, 1.4142135, 6.4807405, 7.3484693]","[1.5, 2.0, 2.0, 3.0, 3.5, 5.0, 6.0]","[0.0, 0.0, 1.7320508, 2.0, 2.236068, 5.0, 6.0]","[-7.0, -4.0, -4.0, -2.5, -2.0, -2.0, -1.5]","[1.5, 2.0, 2.0]","[0.0, 1.7320508, 2.0]","[-7.0, -4.0, -2.0]","[2.5, 3.5, 4.5]","[2.0, 3.1622777, 4.2426405]","[-0.5, 0.0, 0.0]","[3.0, 3.5]","[2.828427, 3.1622777]","[0.0, 3.0]",1,1,1,0,1.0,0.0,1
506,6,2,2,"[0.0, 0.0, 0.5, 1.0, 1.0, 1.5, 2.0, 4.5, 6.0, 8.0]","[0.0, 0.0, 0.0, 0.0, 0.0, 0.0, 1.7320508, 2.828427, 5.196152, 7.937254]","[2.0, 2.5, 3.0, 3.0, 4.0, 6.0]","[0.0, 2.0, 2.236068, 2.6457512, 3.0, 6.0]","[-6.0, -5.5, -4.0, -2.0, -1.5, -1.5]","[2.0, 3.0]","[2.0, 3.0]","[-5.5, -4.0]","[4.0, 6.5]","[2.6457512, 6.3245554]","[2.0, 3.0]","[4.0, 6.5]","[2.6457512, 6.3245554]","[2.0, 3.0]",0,2,0,0,0.0,0.0,1
993,8,4,2,"[0.0, 0.5, 1.5, 2.0, 2.5, 2.5, 3.5, 5.5, 7.0, 8.0]","[0.0, 0.0, 0.0, 0.0, 2.0, 2.0, 2.4494898, 5.477226, 6.708204, 7.937254]","[1.0, 1.0, 1.5, 1.5, 1.5, 3.0, 3.5, 5.5]","[0.0, 0.0, 0.0, 1.0, 1.4142135, 2.828427, 3.4641016, 5.477226]","[-4.5, -4.0, -4.0, -3.5, -3.0, -2.5, -1.5, -1.0]","[1.0, 1.0, 1.5, 1.5]","[0.0, 0.0, 1.0, 1.4142135]","[-4.5, -4.0, -3.5, -3.0]","[4.5, 5.0, 6.0, 8.0]","[4.472136, 4.582576, 5.91608, 8.0]","[0.0, 0.5, 1.5, 1.5]","[2.5, 6.0]","[2.0, 5.91608]","[-0.5, 1.5]",2,1,1,0,2.0,0.0,1
945,12,3,1,"[1.0, 1.0, 1.0, 1.5, 2.0, 2.5, 4.5, 6.5, 7.0, 8.0]","[0.0, 0.0, 0.0, 0.0, 0.0, 2.0, 4.2426405, 6.0, 6.708204, 8.0]","[1.0, 1.0, 1.5, 1.5, 1.5, 2.0, 2.5, 2.5, 3.5, 3.5, 4.0, 5.0]","[0.0, 0.0, 0.0, 0.0, 1.0, 1.4142135, 1.4142135, 1.7320508, 2.0, 2.4494898, 2.4494898, 4.8989797]","[-6.0, -5.5, -4.5, -4.0, -4.0, -3.5, -3.5, -2.5, -2.5, -2.0, -1.5, -1.0]","[1.0, 1.0, 2.5]","[0.0, 1.0, 2.4494898]","[-6.0, -5.5, -4.5]","[1.0, 2.5, 8.5]","[0.0, 2.4494898, 8.485281]","[-6.0, -5.5, 6.5]",[8.5],[8.485281],[6.5],2,1,0,1,0.0,2.0,1
88663,3,3,3,"[0.0, 1.0, 1.0, 2.0, 2.0, 2.0, 2.0, 2.0, 3.0, 4.0]","[0.0, 0.0, 0.0, 0.0, 0.0, 0.0, 0.0, 0.0, 2.0, 2.0]","[1.0, 3.0, 3.0]","[0.0, 2.236068, 2.236068]","[-2.0, -2.0, -2.0]","[1.0, 3.0, 3.0]","[0.0, 2.236068, 2.236068]","[-2.0, -2.0, -2.0]","[1.5, 5.5, 6.5]","[1.4142135, 5.477226, 6.0]","[1.5, 5.5, 6.5]","[1.5, 5.5, 6.5]","[1.4142135, 5.477226, 6.0]","[1.5, 5.5, 6.5]",0,3,0,0,0.0,0.0,0
44,9,4,3,"[0.5, 1.0, 2.5, 2.5, 3.5, 4.0, 4.0, 4.5, 5.0, 6.5]","[0.0, 0.0, 2.4494898, 2.4494898, 2.4494898, 2.828427, 3.0, 3.8729835, 4.0, 6.4807405]","[0.5, 2.5, 2.5, 2.5, 3.0, 3.0, 3.5, 4.0, 4.0]","[0.0, 2.0, 2.236068, 2.236068, 2.4494898, 2.4494898, 3.4641016, 3.4641016, 3.4641016]","[-5.0, -4.0, -3.5, -3.5, -3.0, -2.0, -1.5, -1.5, -1.0]","[0.5, 2.5, 3.0, 4.0]","[0.0, 2.236068, 2.4494898, 3.4641016]","[-4.0, -3.5, -3.5, -1.5]","[2.0, 3.0, 4.5, 4.5]","[0.0, 0.0, 0.0, 3.7416575]","[-2.0, 0.5, 1.5, 2.5]","[2.0, 3.0, 7.5]","[0.0, 0.0, 7.483315]","[-2.0, 0.5, 6.5]",1,2,1,0,1.0,0.0,1
55390,4,3,3,"[0.5, 0.5, 1.5, 2.0, 2.0, 2.0, 2.5, 3.0, 4.0, 8.0]","[0.0, 0.0, 0.0, 0.0, 0.0, 1.4142135, 1.7320508, 1.7320508, 3.8729835, 7.937254]","[1.0, 1.5, 1.5, 3.5]","[1.0, 1.4142135, 1.4142135, 2.4494898]","[-4.5, -4.0, -3.5, -2.5]","[1.0, 1.5, 3.5]","[1.0, 1.4142135, 2.4494898]","[-4.0, -3.5, -2.5]","[3.5, 7.0, 7.0]","[3.4641016, 6.708204, 6.928203]","[-1.5, 6.5, 7.0]","[3.5, 7.0, 7.0]","[3.4641016, 6.708204, 6.928203]","[-1.5, 6.5, 7.0]",0,3,0,0,0.0,0.0,0
54350,7,3,2,"[0.0, 0.5, 0.5, 1.0, 1.5, 2.0, 3.0, 3.5, 4.0, 8.0]","[0.0, 0.0, 0.0, 0.0, 0.0, 0.0, 0.0, 2.236068, 2.4494898, 7.937254]","[1.5, 2.0, 2.0, 2.5, 3.0, 4.0, 4.5]","[0.0, 0.0, 0.0, 1.7320508, 2.0, 3.4641016, 4.472136]","[-5.5, -4.0, -2.0, -2.0, -2.0, -2.0, -1.5]","[2.0, 3.0, 4.0]","[0.0, 0.0, 3.4641016]","[-5.5, -2.0, -2.0]","[4.5, 6.5, 8.5]","[4.472136, 6.4807405, 8.485281]","[-0.5, 5.0, 6.0]","[5.5, 6.5]","[5.2915025, 6.4807405]","[5.0, 6.0]",1,1,1,0,1.0,0.0,0
783,6,2,2,"[0.0, 0.0, 0.5, 0.5, 1.0, 2.0, 3.5, 4.0, 5.0, 7.0]","[0.0, 0.0, 0.0, 0.0, 0.0, 0.0, 2.4494898, 4.0, 4.582576, 6.928203]","[1.5, 2.0, 3.5, 3.5, 3.5, 4.0]","[0.0, 1.4142135, 1.7320508, 3.1622777, 3.4641016, 3.4641016]","[-6.0, -3.0, -2.5, -1.5, -1.5, -1.5]","[1.5, 2.0]","[1.4142135, 1.7320508]","[-6.0, -3.0]","[2.0, 4.5]","[0.0, 4.2426405]","[0.0, 1.5]","[2.0, 4.5]","[0.0, 4.2426405]","[0.0, 1.5]",0,2,0,0,0.0,0.0,1
71460,8,3,2,"[0.0, 0.5, 1.0, 1.0, 2.5, 3.0, 4.0, 4.0, 5.5, 6.0]","[0.0, 0.0, 0.0, 0.0, 1.0, 1.0, 2.0, 2.6457512, 5.196152, 5.477226]","[0.5, 0.5, 1.0, 2.5, 2.5, 3.0, 4.0, 4.0]","[0.0, 0.0, 0.0, 0.0, 0.0, 2.0, 2.6457512, 3.8729835]","[-6.0, -5.5, -5.5, -4.5, -4.0, -3.5, -2.0, -1.0]","[0.5, 0.5, 2.5]","[0.0, 0.0, 0.0]","[-5.5, -4.0, -1.0]","[1.5, 4.0, 5.0]","[0.0, 0.0, 4.582576]","[-1.5, 0.5, 4.5]","[4.5, 5.0]","[3.7416575, 4.582576]","[3.5, 4.5]",1,1,1,0,1.0,0.0,0
50454,7,4,2,"[0.5, 1.5, 2.0, 3.0, 3.5, 4.0, 4.5, 4.5, 5.0, 6.0]","[0.0, 1.4142135, 1.7320508, 2.828427, 2.828427, 3.0, 3.1622777, 3.8729835, 4.472136, 5.91608]","[1.5, 1.5, 2.0, 2.5, 2.5, 4.5, 5.0]","[0.0, 0.0, 1.7320508, 2.0, 2.4494898, 4.0, 4.472136]","[-4.5, -4.5, -2.5, -2.5, -2.0, -2.0, -1.5]","[1.5, 2.0, 2.5, 5.0]","[0.0, 1.7320508, 2.0, 4.0]","[-4.5, -2.5, -2.0, -1.5]","[3.5, 3.5, 4.5, 5.5]","[0.0, 2.4494898, 3.4641016, 4.8989797]","[-1.5, 0.0, 0.0, 4.0]","[3.0, 5.5]","[2.236068, 4.8989797]","[0.0, 4.0]",2,1,1,0,2.0,0.0,0
69741,4,4,2,"[1.0, 1.0, 1.0, 1.5, 2.0, 2.0, 2.5, 3.0, 8.0, 8.5]","[0.0, 0.0, 0.0, 0.0, 0.0, 1.4142135, 1.7320508, 2.828427, 7.937254, 8.485281]","[1.0, 2.0, 3.5, 4.0]","[0.0, 1.7320508, 2.4494898, 3.8729835]","[-4.5, -3.0, -2.5, -2.0]","[1.0, 2.0, 3.5, 4.0]","[0.0, 1.7320508, 2.4494898, 3.8729835]","[-4.5, -3.0, -2.5, -2.0]","[2.5, 4.0, 4.5, 6.5]","[0.0, 2.4494898, 4.472136, 6.0]","[-4.0, -2.0, -0.5, 5.0]","[6.5, 6.5]","[6.0, 6.0]","[5.0, 5.5]",2,1,1,0,2.0,0.0,0
62436,13,3,2,"[0.5, 0.5, 0.5, 1.0, 2.0, 3.5, 5.0, 7.0, 8.0, 8.0]","[0.0, 0.0, 0.0, 0.0, 0.0, 1.7320508, 4.582576, 7.0, 7.937254, 8.0]","[1.5, 2.0, 2.0, 2.5, 2.5, 3.0, 3.0, 3.0, 3.5, 3.5, 4.0, 4.0, 4.5]","[0.0, 0.0, 0.0, 1.4142135, 1.7320508, 1.7320508, 2.236068, 2.236068, 2.4494898, 3.4641016, 3.4641016, 4.0, 4.472136]","[-6.0, -5.5, -5.5, -5.0, -5.0, -4.0, -4.0, -3.5, -3.0, -2.5, -1.5, -1.5, -1.5]","[2.0, 2.0, 3.0]","[1.7320508, 1.7320508, 2.236068]","[-6.0, -5.0, -1.5]","[4.5, 5.5, 7.5]","[2.828427, 4.8989797, 7.3484693]","[0.5, 1.0, 3.0]","[4.5, 5.5]","[2.828427, 5.477226]","[2.0, 3.0]",1,1,1,0,1.0,0.0,0
15325,4,1,1,"[0.5, 0.5, 1.0, 1.5, 2.0, 2.5, 3.0, 3.5, 4.0, 5.5]","[0.0, 0.0, 0.0, 0.0, 0.0, 0.0, 1.4142135, 2.6457512, 3.4641016, 5.2915025]","[1.0, 3.5, 5.0, 5.0]","[0.0, 3.4641016, 4.8989797, 5.0]","[-4.5, -3.5, -1.5, -1.0]",[1.0],[0.0],[-4.5],[5.0],[4.8989797],[1.5],[5.0],[4.8989797],[1.5],0,1,0,0,0.0,0.0,0
293,10,2,2,"[0.0, 0.5, 1.5, 2.0, 3.5, 3.5, 3.5, 4.5, 6.0, 6.0]","[0.0, 0.0, 0.0, 0.0, 1.4142135, 2.4494898, 2.4494898, 4.472136, 5.196152, 5.196152]","[1.5, 1.5, 1.5, 2.0, 2.5, 3.0, 3.5, 3.5, 3.5, 4.0]","[0.0, 0.0, 0.0, 1.4142135, 2.4494898, 2.4494898, 2.828427, 3.1622777, 3.4641016, 4.0]","[-6.0, -5.5, -4.0, -4.0, -3.5, -3.0, -3.0, -2.0, -2.0, -1.5]","[1.5, 2.5]","[0.0, 2.4494898]","[-6.0, -5.5]","[2.0, 4.0]","[0.0, 3.8729835]","[0.0, 2.5]","[2.0, 4.0]","[0.0, 3.8729835]","[0.0, 2.5]",0,2,0,0,0.0,0.0,1
58497,6,3,3,"[0.5, 0.5, 0.5, 0.5, 1.0, 1.5, 1.5, 2.5, 5.5, 8.5]","[0.0, 0.0, 0.0, 0.0, 0.0, 0.0, 0.0, 0.0, 4.2426405, 8.485281]","[0.5, 1.0, 2.0, 2.5, 4.5, 5.5]","[0.0, 0.0, 0.0, 2.0, 4.472136, 5.2915025]","[-5.5, -4.5, -4.0, -3.0, -2.0, -1.5]","[0.5, 1.0, 2.5]","[0.0, 0.0, 0.0]","[-5.5, -3.0, -2.0]","[1.0, 5.0, 6.0]","[1.0, 4.0, 5.656854]","[0.5, 1.0, 5.0]","[1.0, 5.0, 6.0]","[1.0, 4.0, 5.656854]","[0.5, 1.0, 5.0]",0,3,0,0,0.0,0.0,0
169,2,1,1,"[0.5, 0.5, 1.0, 1.0, 1.5, 1.5, 2.0, 4.5, 4.5, 7.5]","[0.0, 0.0, 0.0, 0.0, 0.0, 1.0, 2.0, 3.7416575, 4.2426405, 7.3484693]","[1.5, 2.0]","[0.0, 1.4142135]","[-4.0, -2.5]",[1.5],[1.4142135],[-2.5],[3.0],[2.236068],[1.5],[3.0],[2.236068],[1.5],0,1,0,0,0.0,0.0,1
537,11,3,2,"[0.5, 1.0, 1.5, 2.5, 3.5, 4.0, 4.0, 4.5, 5.5, 7.0]","[0.0, 0.0, 0.0, 0.0, 2.0, 2.4494898, 3.8729835, 4.2426405, 5.2915025, 6.928203]","[1.5, 2.0, 2.0, 2.0, 2.5, 2.5, 3.0, 3.5, 3.5, 3.5, 4.5]","[0.0, 0.0, 1.4142135, 1.7320508, 1.7320508, 2.4494898, 2.4494898, 2.4494898, 3.1622777, 3.4641016, 4.472136]","[-5.0, -4.0, -3.5, -3.0, -3.0, -3.0, -2.5, -2.5, -2.5, -2.0, -1.5]","[1.5, 2.0, 2.0]","[1.4142135, 1.7320508, 1.7320508]","[-5.0, -3.0, -2.5]","[4.5, 5.5, 7.5]","[4.2426405, 4.472136, 7.3484693]","[-2.5, 2.5, 4.0]","[3.5, 5.5]","[2.4494898, 4.2426405]","[-4.0, 4.0]",1,1,1,0,1.0,0.0,1
193,8,3,3,"[0.0, 0.5, 1.0, 2.0, 2.5, 3.0, 4.0, 5.0, 5.0, 6.5]","[0.0, 0.0, 0.0, 0.0, 1.0, 2.0, 2.6457512, 3.0, 3.0, 6.0]","[1.0, 1.5, 1.5, 2.5, 2.5, 4.0, 5.0, 8.0]","[0.0, 0.0, 1.0, 1.4142135, 2.0, 2.6457512, 5.0, 8.0]","[-6.5, -5.0, -4.0, -4.0, -3.5, -2.5, -2.5, -1.0]","[1.0, 1.5, 4.0]","[0.0, 1.0, 2.6457512]","[-6.5, -4.0, -2.5]","[3.5, 4.0, 6.5]","[0.0, 3.4641016, 6.0]","[3.0, 3.0, 6.0]","[3.5, 4.0, 6.5]","[0.0, 3.4641016, 6.0]","[3.0, 3.0, 6.0]",0,3,0,0,0.0,0.0,1
204,5,1,1,"[0.0, 0.0, 0.5, 1.0, 1.0, 1.5, 3.5, 5.0, 5.5, 8.5]","[0.0, 0.0, 0.0, 0.0, 0.0, 1.0, 3.1622777, 5.0, 5.2915025, 8.485281]","[1.5, 2.5, 3.0, 5.0, 6.5]","[1.4142135, 2.0, 3.0, 4.8989797, 6.4807405]","[-4.5, -3.0, -2.5, -1.5, -1.5]",[1.5],[1.4142135],[-4.5],[3.0],[2.236068],[-1.5],[3.0],[2.236068],[-1.5],0,1,0,0,0.0,0.0,1
527,6,2,1,"[0.0, 1.0, 1.0, 1.5, 1.5, 3.0, 4.0, 4.0, 5.0, 6.5]","[0.0, 0.0, 0.0, 0.0, 0.0, 0.0, 2.236068, 3.0, 3.4641016, 6.3245554]","[0.5, 0.5, 1.5, 2.0, 2.5, 3.0]","[0.0, 0.0, 0.0, 1.4142135, 1.7320508, 2.828427]","[-8.0, -5.5, -3.0, -3.0, -2.5, -2.0]","[0.5, 0.5]","[0.0, 0.0]","[-8.0, -2.5]","[3.0, 6.5]","[2.828427, 6.3245554]","[-5.5, 6.0]",[7.5],[7.3484693],[3.5],1,0,1,0,1.0,0.0,1
76685,4,2,2,"[0.0, 0.5, 0.5, 0.5, 1.0, 2.0, 2.0, 2.5, 2.5, 6.0]","[0.0, 0.0, 0.0, 0.0, 0.0, 0.0, 0.0, 1.7320508, 2.4494898, 6.0]","[0.5, 2.5, 2.5, 3.0]","[0.0, 0.0, 2.4494898, 2.828427]","[-4.0, -1.0, -1.0, -1.0]","[0.5, 2.5]","[0.0, 0.0]","[-4.0, -1.0]","[5.0, 5.5]","[5.0, 5.2915025]","[2.0, 5.5]","[5.0, 5.5]","[5.0, 5.2915025]","[2.0, 5.5]",0,2,0,0,0.0,0.0,0
35243,10,3,1,"[0.0, 1.0, 2.0, 2.0, 3.0, 3.5, 4.5, 5.0, 6.5, 6.5]","[0.0, 0.0, 0.0, 0.0, 2.236068, 3.1622777, 4.0, 4.2426405, 6.0, 6.4807405]","[0.5, 1.0, 1.5, 2.5, 2.5, 3.0, 3.0, 4.0, 4.5, 5.0]","[0.0, 0.0, 0.0, 0.0, 0.0, 1.0, 2.4494898, 3.8729835, 4.0, 4.472136]","[-5.5, -5.5, -5.0, -4.5, -3.5, -3.0, -2.5, -2.0, -1.5, -1.0]","[0.5, 1.0, 3.0]","[0.0, 0.0, 1.0]","[-5.5, -5.5, -4.5]","[2.5, 5.0, 5.0]","[0.0, 4.0, 4.0]","[-3.0, -0.5, 0.5]",[5.0],[3.0],[2.5],2,0,1,0,2.0,0.0,0
766,11,2,1,"[0.0, 0.5, 2.5, 2.5, 3.5, 3.5, 4.0, 4.0, 5.5, 8.0]","[0.0, 0.0, 0.0, 2.4494898, 2.4494898, 3.1622777, 3.4641016, 3.4641016, 5.477226, 7.937254]","[1.0, 2.0, 2.0, 2.0, 2.5, 3.5, 3.5, 3.5, 3.5, 4.5, 4.5]","[0.0, 0.0, 0.0, 0.0, 1.0, 2.0, 2.4494898, 2.828427, 3.4641016, 3.4641016, 4.472136]","[-5.5, -4.0, -4.0, -3.0, -3.0, -2.5, -2.5, -2.0, -1.5, -1.5, -1.5]","[1.0, 3.5]","[1.0, 3.4641016]","[-5.5, -2.5]","[3.5, 7.5]","[2.4494898, 7.3484693]","[-1.5, 2.0]",[2.5],[0.0],[0.0],1,0,1,0,1.0,0.0,1
99437,2,2,1,"[0.0, 0.5, 0.5, 1.5, 2.0, 2.0, 2.0, 3.5, 5.5, 5.5]","[0.0, 0.0, 0.0, 0.0, 0.0, 1.4142135, 1.7320508, 3.1622777, 5.477226, 5.477226]","[2.5, 3.0]","[2.0, 2.236068]","[-2.5, -1.0]","[2.5, 3.0]","[2.0, 2.236068]","[-2.5, -1.0]","[4.0, 5.5]","[2.6457512, 4.2426405]","[-1.5, 0.0]",[6.0],[5.196152],[0.5],1,0,1,0,1.0,0.0,0
396,5,2,2,"[0.0, 0.0, 1.0, 1.5, 1.5, 1.5, 3.5, 4.0, 4.0, 7.5]","[0.0, 0.0, 0.0, 1.0, 1.4142135, 1.4142135, 1.4142135, 3.4641016, 3.8729835, 7.3484693]","[1.0, 1.5, 2.5, 2.5, 3.5]","[0.0, 1.0, 2.0, 2.0, 2.4494898]","[-3.5, -3.0, -3.0, -2.5, -1.0]","[1.0, 1.5]","[0.0, 1.0]","[-3.5, -3.0]","[3.5, 8.5]","[3.1622777, 8.485281]","[-1.5, 6.0]","[3.5, 8.5]","[3.1622777, 8.485281]","[-1.5, 6.0]",0,2,0,0,0.0,0.0,1
88969,5,3,1,"[0.5, 0.5, 1.0, 1.5, 2.0, 2.0, 4.0, 5.0, 6.5, 6.5]","[0.0, 0.0, 0.0, 0.0, 1.4142135, 1.7320508, 3.0, 3.4641016, 6.4807405, 6.4807405]","[2.5, 2.5, 3.0, 3.0, 4.5]","[0.0, 0.0, 2.0, 2.236068, 3.7416575]","[-5.5, -3.5, -3.0, -3.0, -2.5]","[2.5, 3.0, 3.0]","[0.0, 2.0, 2.236068]","[-5.5, -3.5, -3.0]","[3.0, 4.5, 6.5]","[0.0, 2.828427, 6.3245554]","[-2.5, -0.5, 2.5]",[3.5],[2.4494898],[2.0],2,0,1,0,2.0,0.0,0
575,3,2,2,"[0.0, 0.5, 1.5, 1.5, 1.5, 1.5, 2.0, 2.5, 3.5, 4.0]","[0.0, 0.0, 0.0, 0.0, 0.0, 1.4142135, 1.4142135, 2.0, 2.4494898, 2.6457512]","[2.5, 2.5, 3.0]","[0.0, 2.0, 2.236068]","[-2.5, -2.0, -2.0]","[2.5, 2.5]","[0.0, 2.0]","[-2.5, -2.0]","[2.0, 8.5]","[2.0, 8.485281]","[1.0, 7.5]","[2.0, 8.5]","[2.0, 8.485281]","[1.0, 7.5]",0,2,0,0,0.0,0.0,1
13360,11,3,1,"[0.0, 0.5, 0.5, 1.0, 3.0, 4.0, 4.5, 5.0, 5.5, 8.0]","[0.0, 0.0, 0.0, 1.0, 2.6457512, 2.828427, 2.828427, 4.8989797, 5.477226, 8.0]","[1.5, 1.5, 1.5, 1.5, 2.5, 2.5, 2.5, 3.0, 3.5, 4.0, 4.5]","[0.0, 0.0, 0.0, 0.0, 1.4142135, 2.0, 2.236068, 2.4494898, 2.4494898, 4.0, 4.2426405]","[-5.0, -4.5, -4.0, -3.5, -3.5, -3.0, -3.0, -3.0, -2.0, -2.0, -2.0]","[1.5, 1.5, 1.5]","[0.0, 0.0, 1.4142135]","[-4.5, -3.5, -2.0]","[1.5, 1.5, 3.5]","[0.0, 0.0, 1.4142135]","[-3.5, -3.5, -2.0]",[3.5],[0.0],[-3.5],2,1,0,1,0.0,2.0,0
53188,8,3,2,"[0.5, 0.5, 1.0, 1.5, 2.0, 2.0, 4.5, 5.0, 6.0, 6.0]","[0.0, 0.0, 0.0, 0.0, 0.0, 2.0, 4.0, 4.472136, 5.656854, 6.0]","[0.5, 1.5, 1.5, 1.5, 2.5, 3.0, 3.0, 5.0]","[0.0, 0.0, 0.0, 0.0, 1.4142135, 2.0, 3.0, 5.0]","[-4.5, -4.0, -3.0, -2.5, -2.5, -2.0, -2.0, -2.0]","[0.5, 1.5, 1.5]","[0.0, 0.0, 1.4142135]","[-4.0, -2.5, -2.0]","[1.0, 1.0, 5.5]","[1.0, 1.0, 4.2426405]","[-2.0, -2.0, -0.5]","[4.0, 5.5]","[3.8729835, 4.2426405]","[-0.5, 4.0]",1,1,1,0,1.0,0.0,0
614,2,1,1,"[0.0, 0.0, 0.0, 0.5, 0.5, 3.0, 4.0, 4.0, 5.5, 6.5]","[0.0, 0.0, 0.0, 0.0, 0.0, 2.828427, 3.4641016, 3.8729835, 4.8989797, 6.4807405]","[2.0, 5.0]","[0.0, 4.582576]","[-2.5, -2.0]",[2.0],[0.0],[-2.5],[7.0],[6.928203],[5.5],[7.0],[6.928203],[5.5],0,1,0,0,0.0,0.0,1
18118,4,3,1,"[0.0, 1.0, 1.0, 1.5, 1.5, 2.0, 2.0, 2.0, 3.5, 6.0]","[0.0, 0.0, 0.0, 1.0, 1.4142135, 1.7320508, 1.7320508, 2.0, 3.4641016, 5.196152]","[1.0, 1.5, 1.5, 4.0]","[0.0, 0.0, 1.0, 1.4142135]","[-1.5, -1.5, -1.0, -1.0]","[1.0, 1.5, 4.0]","[0.0, 0.0, 1.0]","[-1.5, -1.5, -1.0]","[1.0, 1.5, 6.5]","[0.0, 1.0, 6.0]","[-1.5, -1.0, 5.0]",[6.5],[6.0],[5.0],2,1,0,1,0.0,2.0,0
50356,13,5,2,"[1.0, 1.0, 2.0, 2.0, 2.5, 4.0, 4.5, 5.5, 7.0, 8.0]","[0.0, 0.0, 0.0, 0.0, 1.7320508, 2.828427, 3.4641016, 4.8989797, 6.708204, 7.937254]","[1.0, 2.0, 2.5, 2.5, 2.5, 3.0, 3.0, 3.0, 3.5, 3.5, 4.0, 4.0, 4.5]","[0.0, 0.0, 1.7320508, 2.0, 2.236068, 2.236068, 2.4494898, 2.4494898, 2.4494898, 2.828427, 3.7416575, 3.8729835, 4.0]","[-5.5, -5.0, -4.5, -4.0, -3.5, -3.0, -3.0, -2.5, -2.5, -2.0, -2.0, -2.0, -1.5]","[1.0, 2.5, 2.5, 3.0, 4.5]","[0.0, 2.0, 2.236068, 2.4494898, 3.7416575]","[-5.5, -4.0, -3.0, -2.0, -2.0]","[2.5, 3.0, 3.5, 4.0, 4.0]","[0.0, 0.0, 2.236068, 2.4494898, 3.4641016]","[-5.0, -2.5, -1.0, -1.0, 2.5]","[2.5, 4.0]","[0.0, 2.4494898]","[0.5, 2.5]",3,1,1,0,3.0,0.0,0
27596,3,2,1,"[0.0, 1.0, 1.0, 1.5, 2.0, 2.0, 2.0, 2.0, 3.5, 7.5]","[0.0, 0.0, 0.0, 1.0, 1.0, 1.7320508, 1.7320508, 1.7320508, 2.0, 7.3484693]","[1.0, 1.5, 4.0]","[0.0, 0.0, 3.4641016]","[-2.5, -2.5, -2.0]","[1.0, 4.0]","[0.0, 3.4641016]","[-2.5, -2.0]","[3.0, 6.0]","[2.236068, 5.656854]","[-2.0, 2.5]",[6.5],[6.4807405],[5.5],1,0,1,0,1.0,0.0,0
56488,5,3,2,"[0.5, 1.0, 1.0, 1.0, 1.0, 2.5, 3.0, 3.0, 3.5, 5.0]","[0.0, 0.0, 0.0, 0.0, 0.0, 0.0, 0.0, 1.0, 3.0, 3.4641016]","[1.5, 1.5, 3.0, 3.0, 3.5]","[0.0, 0.0, 1.4142135, 2.236068, 3.4641016]","[-3.5, -2.0, -2.0, -1.5, -1.0]","[1.5, 3.0, 3.5]","[1.4142135, 2.236068, 3.4641016]","[-3.5, -2.0, -1.0]","[3.5, 4.0, 6.0]","[0.0, 3.8729835, 5.656854]","[1.5, 3.5, 4.5]","[4.0, 4.0]","[2.6457512, 3.8729835]","[3.5, 4.0]",1,1,1,0,1.0,0.0,0
310,9,4,2,"[0.0, 0.0, 1.5, 1.5, 2.5, 3.0, 3.0, 4.5, 6.5, 7.5]","[0.0, 0.0, 0.0, 1.4142135, 2.0, 3.0, 3.0, 4.2426405, 6.0, 7.3484693]","[0.5, 1.5, 1.5, 2.0, 2.5, 3.0, 3.0, 3.5, 5.0]","[0.0, 0.0, 0.0, 1.4142135, 2.0, 2.0, 2.236068, 2.828427, 5.0]","[-4.5, -4.0, -4.0, -3.5, -3.0, -2.5, -2.0, -1.5, -1.0]","[0.5, 1.5, 2.5, 3.0]","[0.0, 1.4142135, 2.0, 2.828427]","[-4.0, -3.0, -2.5, -1.5]","[4.0, 6.5, 7.0, 8.5]","[3.8729835, 6.3245554, 7.0, 8.485281]","[-1.0, 2.0, 3.0, 5.5]","[2.5, 4.0]","[2.4494898, 3.8729835]","[-1.0, 0.5]",2,1,1,0,2.0,0.0,1
657,2,2,2,"[0.0, 0.0, 0.5, 1.0, 1.0, 2.0, 3.0, 3.0, 5.5, 6.5]","[0.0, 0.0, 0.0, 0.0, 0.0, 0.0, 2.828427, 3.0, 4.8989797, 6.0]","[2.5, 4.0]","[2.4494898, 2.6457512]","[-1.5, -1.5]","[2.5, 4.0]","[2.4494898, 2.6457512]","[-1.5, -1.5]","[3.0, 7.0]","[2.828427, 6.928203]","[-1.5, 4.0]","[3.0, 7.0]","[2.828427, 6.928203]","[-1.5, 4.0]",0,2,0,0,0.0,0.0,1
899,5,3,3,"[0.0, 0.5, 1.0, 1.0, 1.0, 3.0, 3.5, 3.5, 4.0, 5.5]","[0.0, 0.0, 0.0, 0.0, 0.0, 0.0, 0.0, 1.0, 3.8729835, 5.477226]","[1.5, 3.0, 3.0, 3.5, 3.5]","[0.0, 2.4494898, 3.0, 3.0, 3.1622777]","[-3.5, -3.0, -1.5, -1.0, -1.0]","[1.5, 3.0, 3.0]","[0.0, 3.0, 3.0]","[-3.5, -3.0, -1.5]","[4.5, 5.0, 6.5]","[4.472136, 4.582576, 6.3245554]","[2.0, 2.5, 6.5]","[4.5, 5.0, 6.5]","[4.472136, 4.582576, 6.3245554]","[2.0, 2.5, 6.5]",0,3,0,0,0.0,0.0,1
807,6,3,2,"[0.0, 0.0, 1.5, 2.0, 2.5, 3.5, 4.0, 4.5, 4.5, 5.5]","[0.0, 0.0, 0.0, 0.0, 2.0, 2.6457512, 2.828427, 3.1622777, 3.7416575, 4.2426405]","[2.0, 3.5, 3.5, 3.5, 3.5, 4.0]","[0.0, 0.0, 2.0, 2.4494898, 2.4494898, 3.8729835]","[-4.5, -4.0, -3.0, -2.0, -2.0, -1.0]","[2.0, 3.5, 3.5]","[0.0, 2.0, 2.4494898]","[-4.0, -2.0, -2.0]","[4.0, 4.5, 6.0]","[4.0, 4.2426405, 5.91608]","[1.0, 3.0, 5.0]","[4.0, 5.5]","[4.0, 4.8989797]","[3.0, 4.5]",1,1,1,0,1.0,0.0,1
870,1,1,1,"[0.0, 1.0, 1.0, 1.5, 2.0, 3.0, 3.0, 3.0, 4.5, 5.5]","[0.0, 0.0, 0.0, 1.0, 1.4142135, 1.7320508, 2.828427, 3.0, 4.472136, 4.8989797]",[1.5],[1.4142135],[-2.0],[1.5],[1.4142135],[-2.0],[3.5],[0.0],[2.0],[3.5],[0.0],[2.0],0,1,0,0,0.0,0.0,1
77518,3,2,1,"[1.0, 1.5, 2.0, 2.0, 2.0, 2.5, 2.5, 2.5, 3.0, 7.5]","[0.0, 0.0, 0.0, 1.0, 1.4142135, 2.0, 2.0, 2.236068, 2.4494898, 7.483315]","[1.0, 3.0, 4.0]","[0.0, 2.828427, 3.8729835]","[-5.5, -2.5, -2.0]","[1.0, 3.0]","[0.0, 2.828427]","[-5.5, -2.0]","[3.0, 4.0]","[2.236068, 3.8729835]","[-2.0, 0.0]",[7.5],[7.483315],[6.0],1,0,1,0,1.0,0.0,0
330,5,3,3,"[0.0, 0.0, 0.0, 0.5, 3.0, 3.0, 3.5, 4.0, 5.0, 6.0]","[0.0, 0.0, 0.0, 0.0, 2.236068, 2.6457512, 3.0, 3.0, 3.1622777, 5.196152]","[1.5, 3.0, 3.0, 3.5, 5.5]","[0.0, 2.236068, 2.828427, 3.4641016, 4.8989797]","[-4.5, -4.0, -3.5, -2.5, -2.0]","[1.5, 3.0, 3.0]","[0.0, 2.236068, 2.828427]","[-4.0, -2.5, -2.0]","[5.5, 6.0, 7.0]","[4.8989797, 5.656854, 6.708204]","[0.5, 4.5, 5.0]","[5.5, 6.0, 7.0]","[4.8989797, 5.656854, 6.708204]","[0.5, 4.5, 5.0]",0,3,0,0,0.0,0.0,1
88,4,2,1,"[0.0, 0.5, 1.5, 1.5, 2.0, 3.0, 3.5, 4.0, 4.5, 5.5]","[0.0, 0.0, 0.0, 0.0, 0.0, 0.0, 3.0, 3.7416575, 3.8729835, 5.477226]","[1.5, 2.0, 2.0, 3.0]","[1.4142135, 1.7320508, 1.7320508, 2.828427]","[-4.0, -2.0, -1.5, -1.0]","[1.5, 2.0]","[1.4142135, 1.7320508]","[-4.0, -1.5]","[6.5, 7.5]","[6.0, 7.3484693]","[4.0, 5.0]",[4.0],[0.0],[3.0],1,0,1,0,1.0,0.0,1
70,8,2,1,"[0.5, 0.5, 0.5, 0.5, 1.0, 1.5, 3.0, 6.0, 6.5, 6.5]","[0.0, 0.0, 0.0, 0.0, 1.0, 1.4142135, 2.236068, 5.656854, 6.4807405, 6.4807405]","[1.0, 2.5, 2.5, 3.0, 3.0, 3.0, 3.5, 4.5]","[0.0, 0.0, 0.0, 2.0, 2.236068, 2.4494898, 3.1622777, 4.2426405]","[-4.5, -4.0, -3.5, -2.5, -2.0, -2.0, -1.5, -1.0]","[2.5, 4.5]","[2.0, 4.2426405]","[-4.5, -2.0]","[2.5, 4.0]","[2.4494898, 3.4641016]","[-4.0, -1.5]",[4.5],[2.828427],[-1.0],1,0,1,0,1.0,0.0,1
53143,1,1,1,"[0.0, 1.0, 1.0, 1.0, 1.5, 2.0, 2.0, 2.0, 2.5, 3.5]","[0.0, 0.0, 0.0, 0.0, 0.0, 1.0, 2.0, 2.0, 2.0, 3.4641016]",[0.5],[0.0],[-1.5],[0.5],[0.0],[-1.5],[8.0],[7.937254],[5.5],[8.0],[7.937254],[5.5],0,1,0,0,0.0,0.0,0
280,1,1,1,"[0.0, 1.0, 1.0, 1.0, 1.5, 1.5, 2.0, 2.0, 3.0, 5.5]","[0.0, 0.0, 0.0, 0.0, 0.0, 0.0, 1.0, 1.0, 1.4142135, 5.2915025]",[2.5],[2.0],[-4.0],[2.5],[2.0],[-4.0],[5.0],[3.0],[3.0],[5.0],[3.0],[3.0],0,1,0,0,0.0,0.0,1
622,2,2,2,"[0.5, 0.5, 1.0, 1.5, 1.5, 2.5, 2.5, 2.5, 2.5, 3.5]","[0.0, 0.0, 0.0, 0.0, 1.4142135, 1.4142135, 2.4494898, 2.4494898, 2.4494898, 3.1622777]","[0.5, 1.0]","[0.0, 0.0]","[-3.5, -2.0]","[0.5, 1.0]","[0.0, 0.0]","[-3.5, -2.0]","[3.5, 5.0]","[0.0, 4.582576]","[1.5, 4.0]","[3.5, 5.0]","[0.0, 4.582576]","[1.5, 4.0]",0,2,0,0,0.0,0.0,1
95,7,1,1,"[1.0, 1.5, 2.0, 3.0, 3.0, 3.5, 3.5, 4.5, 4.5, 5.5]","[0.0, 0.0, 0.0, 0.0, 0.0, 1.4142135, 2.828427, 3.4641016, 3.7416575, 4.8989797]","[1.0, 2.0, 2.0, 3.5, 4.0, 4.0, 4.0]","[0.0, 0.0, 1.0, 1.7320508, 2.4494898, 3.4641016, 3.8729835]","[-7.0, -5.0, -4.5, -4.5, -2.5, -1.0, -1.0]",[2.0],[0.0],[-5.0],[4.0],[2.6457512],[3.0],[4.0],[2.6457512],[3.0],0,1,0,0,0.0,0.0,0
138,9,3,1,"[0.5, 1.0, 2.5, 2.5, 3.0, 3.0, 4.0, 5.5, 5.5, 7.0]","[0.0, 0.0, 0.0, 0.0, 2.236068, 2.6457512, 2.828427, 5.477226, 5.477226, 6.708204]","[0.5, 2.0, 2.0, 2.0, 2.5, 2.5, 4.0, 4.5, 5.5]","[0.0, 0.0, 2.0, 2.0, 2.0, 2.4494898, 2.828427, 3.8729835, 5.2915025]","[-7.5, -5.0, -4.5, -3.5, -3.5, -3.0, -2.5, -2.5, -1.5]","[0.5, 2.0, 2.5]","[0.0, 2.0, 2.4494898]","[-7.5, -3.5, -3.0]","[2.5, 3.5, 6.0]","[2.0, 3.4641016, 5.91608]","[-4.5, 0.5, 0.5]",[4.0],[0.0],[1.0],2,0,1,0,2.0,0.0,1
59762,6,3,2,"[0.0, 0.5, 0.5, 2.0, 2.5, 3.0, 3.5, 4.0, 4.5, 7.0]","[0.0, 0.0, 0.0, 0.0, 0.0, 2.4494898, 2.828427, 4.0, 4.472136, 7.0]","[1.5, 1.5, 1.5, 2.5, 3.5, 5.0]","[0.0, 1.4142135, 1.4142135, 2.0, 3.4641016, 4.8989797]","[-4.0, -4.0, -3.0, -2.5, -2.0, -1.0]","[1.5, 2.5, 3.5]","[0.0, 2.0, 3.4641016]","[-4.0, -2.5, -2.0]","[1.5, 3.5, 5.0]","[1.4142135, 3.1622777, 4.0]","[-2.5, -1.0, 0.5]","[3.5, 5.0]","[0.0, 4.0]","[0.5, 2.0]",1,1,1,0,1.0,0.0,0
778,10,3,2,"[0.5, 0.5, 1.0, 1.5, 2.5, 2.5, 3.5, 3.5, 5.0, 6.0]","[0.0, 0.0, 0.0, 0.0, 0.0, 0.0, 2.0, 3.1622777, 4.582576, 5.196152]","[1.5, 1.5, 2.0, 2.5, 3.0, 3.0, 3.0, 3.5, 4.5, 5.0]","[0.0, 0.0, 0.0, 1.4142135, 1.4142135, 2.0, 2.236068, 2.4494898, 4.0, 4.472136]","[-3.5, -3.0, -2.5, -2.5, -2.5, -2.5, -2.0, -2.0, -1.5, -1.0]","[1.5, 2.0, 3.5]","[0.0, 1.4142135, 2.4494898]","[-2.5, -2.0, -1.5]","[4.0, 4.5, 5.0]","[2.6457512, 4.0, 4.2426405]","[1.5, 2.5, 4.0]","[1.0, 4.0]","[0.0, 2.6457512]","[-1.0, 4.0]",1,1,1,0,1.0,0.0,1
52777,6,3,3,"[0.0, 0.5, 1.0, 1.5, 2.5, 3.0, 3.5, 5.0, 6.0, 6.5]","[0.0, 0.0, 0.0, 0.0, 1.0, 2.236068, 3.4641016, 5.0, 5.656854, 6.3245554]","[1.0, 2.0, 2.0, 2.5, 3.0, 3.0]","[0.0, 1.7320508, 2.0, 2.0, 2.828427, 3.0]","[-3.0, -2.5, -2.0, -2.0, -1.5, -1.5]","[1.0, 2.0, 2.5]","[0.0, 1.7320508, 2.0]","[-3.0, -2.5, -1.5]","[4.5, 5.5, 5.5]","[3.7416575, 4.2426405, 5.2915025]","[-1.5, 1.5, 2.5]","[4.5, 5.5, 5.5]","[3.7416575, 4.2426405, 5.2915025]","[-1.5, 1.5, 2.5]",0,3,0,0,0.0,0.0,0
773,7,2,2,"[0.5, 1.0, 1.5, 1.5, 2.0, 3.5, 3.5, 4.0, 4.0, 8.0]","[0.0, 0.0, 0.0, 0.0, 0.0, 1.7320508, 2.6457512, 2.6457512, 3.4641016, 7.937254]","[1.0, 1.5, 2.0, 2.5, 3.0, 4.0, 4.0]","[0.0, 0.0, 0.0, 2.0, 2.236068, 3.8729835, 4.0]","[-6.0, -5.5, -4.0, -3.0, -3.0, -2.5, -1.5]","[1.0, 2.0]","[0.0, 2.0]","[-6.0, -3.0]","[3.5, 4.5]","[2.4494898, 3.7416575]","[-1.5, 4.0]","[3.5, 4.5]","[2.4494898, 3.7416575]","[-1.5, 4.0]",0,2,0,0,0.0,0.0,1
642,5,3,2,"[0.0, 0.5, 1.0, 1.5, 2.0, 2.5, 3.0, 3.5, 5.0, 5.0]","[0.0, 0.0, 0.0, 0.0, 0.0, 0.0, 2.0, 2.236068, 4.0, 4.582576]","[1.0, 1.0, 2.5, 3.0, 4.5]","[0.0, 1.0, 2.4494898, 2.828427, 4.472136]","[-3.0, -2.5, -2.5, -2.0, -1.5]","[1.0, 3.0, 4.5]","[1.0, 2.828427, 4.472136]","[-2.5, -2.5, -1.5]","[2.0, 3.5, 4.5]","[0.0, 3.1622777, 4.472136]","[0.0, 1.0, 3.0]","[2.0, 3.5]","[0.0, 3.4641016]","[1.0, 3.5]",1,1,1,0,1.0,0.0,1
99,2,2,2,"[0.0, 0.0, 1.0, 1.5, 1.5, 2.5, 2.5, 3.5, 3.5, 4.5]","[0.0, 0.0, 0.0, 0.0, 0.0, 2.0, 2.0, 2.4494898, 2.828427, 3.1622777]","[1.0, 1.5]","[0.0, 1.4142135]","[-4.0, -1.5]","[1.0, 1.5]","[0.0, 1.4142135]","[-4.0, -1.5]","[1.5, 2.5]","[1.4142135, 2.4494898]","[-2.0, 2.0]","[1.5, 2.5]","[1.4142135, 2.4494898]","[-2.0, 2.0]",0,2,0,0,0.0,0.0,1
750,6,2,1,"[0.0, 0.5, 1.0, 1.0, 1.0, 2.0, 2.0, 2.5, 5.5, 6.0]","[0.0, 0.0, 0.0, 0.0, 0.0, 0.0, 1.7320508, 1.7320508, 4.2426405, 5.91608]","[1.0, 1.5, 2.0, 3.0, 3.0, 4.0]","[0.0, 0.0, 0.0, 0.0, 2.6457512, 2.828427]","[-6.5, -4.0, -3.5, -2.5, -2.0, -2.0]","[1.0, 3.0]","[0.0, 2.828427]","[-4.0, -2.0]","[4.0, 8.0]","[2.6457512, 7.937254]","[1.5, 5.0]",[5.0],[4.8989797],[1.5],1,0,1,0,1.0,0.0,1
3291,4,3,2,"[0.5, 1.0, 1.5, 1.5, 2.0, 2.5, 2.5, 4.0, 6.0, 7.0]","[0.0, 0.0, 0.0, 0.0, 1.4142135, 1.4142135, 1.7320508, 2.6457512, 5.656854, 6.928203]","[1.0, 1.5, 2.5, 3.5]","[0.0, 0.0, 1.4142135, 3.4641016]","[-5.0, -4.0, -3.0, -2.0]","[1.0, 1.5, 3.5]","[0.0, 1.4142135, 3.4641016]","[-4.0, -3.0, -2.0]","[4.0, 6.0, 6.0]","[3.8729835, 5.656854, 6.0]","[-0.5, 2.5, 6.0]","[2.0, 6.0]","[0.0, 6.0]","[1.0, 6.0]",1,1,1,0,1.0,0.0,0
981,13,3,1,"[0.0, 2.0, 2.0, 2.0, 3.0, 4.0, 4.0, 4.0, 6.0, 7.5]","[0.0, 0.0, 0.0, 0.0, 1.7320508, 2.0, 3.4641016, 4.0, 5.656854, 7.3484693]","[0.5, 1.0, 1.0, 1.5, 1.5, 2.0, 3.0, 3.5, 4.0, 4.0, 4.0, 4.0, 4.0]","[0.0, 0.0, 0.0, 0.0, 0.0, 1.0, 1.4142135, 2.236068, 2.4494898, 3.4641016, 3.8729835, 3.8729835, 3.8729835]","[-7.0, -6.0, -5.0, -4.0, -4.0, -4.0, -2.5, -2.0, -2.0, -2.0, -2.0, -1.5, -1.0]","[0.5, 1.0, 2.0]","[0.0, 0.0, 0.0]","[-6.0, -5.0, -4.0]","[1.0, 4.0, 5.0]","[1.0, 3.8729835, 4.582576]","[-2.0, -1.0, 0.0]",[4.5],[4.472136],[1.5],2,0,1,0,2.0,0.0,1
125,8,3,1,"[0.5, 1.5, 1.5, 2.5, 2.5, 3.0, 5.0, 5.0, 5.5, 7.5]","[0.0, 1.4142135, 1.4142135, 2.0, 2.4494898, 2.828427, 4.0, 4.8989797, 4.8989797, 7.3484693]","[2.0, 2.5, 2.5, 2.5, 3.0, 4.0, 4.0, 4.5]","[0.0, 1.7320508, 2.0, 2.4494898, 2.6457512, 3.0, 3.8729835, 4.472136]","[-5.0, -3.5, -3.0, -2.5, -2.0, -1.5, -1.0, -1.0]","[2.0, 2.5, 3.0]","[1.7320508, 2.4494898, 3.0]","[-5.0, -3.5, -3.0]","[4.0, 4.5, 6.0]","[2.6457512, 2.828427, 5.91608]","[-3.0, 0.0, 0.5]",[5.5],[4.2426405],[1.5],2,0,1,0,2.0,0.0,1
27378,4,2,1,"[0.5, 1.0, 1.0, 1.5, 2.0, 2.0, 2.0, 3.0, 5.5, 7.0]","[0.0, 0.0, 0.0, 0.0, 0.0, 0.0, 0.0, 2.828427, 5.2915025, 6.928203]","[0.5, 1.0, 2.0, 3.5]","[0.0, 0.0, 1.0, 3.4641016]","[-5.0, -4.5, -3.0, -2.0]","[0.5, 1.0]","[0.0, 1.0]","[-5.0, -4.5]","[4.0, 4.0]","[2.6457512, 3.4641016]","[0.0, 0.0]",[7.0],[6.708204],[6.0],1,0,1,0,1.0,0.0,0
754,1,1,1,"[0.0, 0.0, 0.5, 1.0, 1.0, 1.5, 2.0, 4.0, 6.0, 8.5]","[0.0, 0.0, 0.0, 0.0, 0.0, 1.0, 2.0, 3.8729835, 5.91608, 8.485281]",[1.5],[0.0],[-6.0],[1.5],[0.0],[-6.0],[7.5],[7.483315],[0.5],[7.5],[7.483315],[0.5],0,1,0,0,0.0,0.0,1
570,10,3,1,"[0.5, 0.5, 1.0, 1.5, 3.5, 5.0, 5.0, 5.0, 6.0, 8.0]","[0.0, 0.0, 0.0, 0.0, 2.4494898, 3.0, 4.582576, 4.582576, 5.656854, 7.937254]","[1.0, 2.0, 2.5, 2.5, 3.0, 3.0, 3.5, 4.0, 4.5, 7.5]","[0.0, 0.0, 1.0, 1.7320508, 2.0, 2.4494898, 3.4641016, 3.4641016, 4.472136, 7.483315]","[-7.0, -5.5, -4.5, -4.5, -3.5, -3.5, -3.0, -2.0, -1.5, -1.0]","[1.0, 2.5, 4.5]","[1.0, 2.4494898, 4.472136]","[-5.5, -4.5, -3.0]","[4.0, 7.0, 8.0]","[3.8729835, 6.708204, 8.0]","[-1.5, 1.5, 2.0]",[5.0],[4.8989797],[2.0],2,0,1,0,2.0,0.0,1
127,1,1,1,"[0.0, 0.0, 0.0, 0.5, 1.0, 1.5, 2.5, 3.0, 4.0, 8.5]","[0.0, 0.0, 0.0, 0.0, 0.0, 0.0, 1.4142135, 2.828427, 3.4641016, 8.485281]",[2.0],[2.0],[-5.0],[2.0],[2.0],[-5.0],[2.5],[2.0],[-1.5],[2.5],[2.0],[-1.5],0,1,0,0,0.0,0.0,1
560,6,2,2,"[0.0, 1.0, 1.0, 3.5, 3.5, 4.0, 4.0, 4.5, 6.0, 6.5]","[0.0, 0.0, 0.0, 0.0, 3.1622777, 3.4641016, 3.8729835, 4.472136, 5.91608, 6.4807405]","[1.5, 1.5, 2.0, 3.5, 4.0, 5.0]","[0.0, 1.4142135, 1.7320508, 3.4641016, 3.8729835, 4.8989797]","[-4.0, -3.5, -2.5, -1.5, -1.5, -1.5]","[1.5, 2.0]","[1.4142135, 1.7320508]","[-4.0, -2.5]","[4.0, 5.0]","[0.0, 4.0]","[-2.5, 0.5]","[4.0, 5.0]","[0.0, 4.0]","[-2.5, 0.5]",0,2,0,0,0.0,0.0,1
61586,8,2,2,"[0.0, 0.0, 2.0, 2.0, 2.0, 2.5, 4.0, 4.5, 5.0, 7.5]","[0.0, 0.0, 0.0, 0.0, 0.0, 1.7320508, 2.0, 3.4641016, 4.0, 7.483315]","[1.5, 1.5, 2.0, 3.0, 3.0, 3.5, 4.0, 4.0]","[0.0, 1.4142135, 2.0, 2.236068, 2.6457512, 2.828427, 3.4641016, 3.8729835]","[-7.0, -6.5, -4.5, -3.5, -3.0, -2.5, -2.5, -1.0]","[1.5, 3.5]","[1.4142135, 3.4641016]","[-7.0, -3.5]","[4.0, 8.5]","[0.0, 8.485281]","[-0.5, 7.5]","[4.0, 8.5]","[0.0, 8.485281]","[-0.5, 7.5]",0,2,0,0,0.0,0.0,0
17373,6,4,3,"[0.0, 0.0, 1.0, 2.0, 2.5, 2.5, 3.5, 4.0, 5.0, 7.0]","[0.0, 0.0, 0.0, 0.0, 1.0, 2.4494898, 2.4494898, 3.4641016, 4.8989797, 6.928203]","[1.0, 1.0, 2.0, 3.0, 3.5, 4.0]","[0.0, 1.0, 1.0, 2.828427, 3.4641016, 3.8729835]","[-4.5, -3.5, -3.5, -3.5, -2.0, -1.5]","[1.0, 1.0, 2.0, 4.0]","[0.0, 1.0, 1.0, 3.8729835]","[-4.5, -3.5, -2.0, -1.5]","[4.0, 4.5, 5.0, 7.0]","[2.6457512, 2.828427, 3.0, 6.708204]","[-1.0, 1.5, 2.5, 6.5]","[4.5, 6.0, 7.0]","[2.828427, 5.656854, 6.708204]","[2.5, 2.5, 6.5]",1,2,1,0,1.0,0.0,0
597,2,1,1,"[0.0, 0.0, 0.5, 1.0, 1.5, 1.5, 2.0, 2.5, 3.0, 7.5]","[0.0, 0.0, 0.0, 0.0, 0.0, 1.0, 1.7320508, 2.0, 3.0, 7.483315]","[2.0, 3.0]","[0.0, 1.7320508]","[-3.5, -2.5]",[2.0],[1.7320508],[-3.5],[6.0],[5.656854],[2.5],[6.0],[5.656854],[2.5],0,1,0,0,0.0,0.0,1
65413,3,2,1,"[0.5, 0.5, 1.0, 1.5, 1.5, 1.5, 2.0, 2.0, 5.0, 6.5]","[0.0, 0.0, 0.0, 0.0, 1.0, 1.4142135, 1.4142135, 1.7320508, 4.582576, 6.0]","[2.5, 3.0, 4.0]","[0.0, 2.828427, 3.4641016]","[-3.0, -3.0, -2.5]","[2.5, 3.0]","[0.0, 2.828427]","[-3.0, -3.0]","[7.0, 8.5]","[6.708204, 8.485281]","[1.0, 6.0]",[8.5],[8.485281],[6.5],1,0,1,0,1.0,0.0,0
77109,3,1,1,"[0.5, 0.5, 1.0, 1.0, 1.0, 1.0, 2.0, 3.0, 4.0, 5.0]","[0.0, 0.0, 0.0, 0.0, 0.0, 0.0, 0.0, 0.0, 3.4641016, 4.8989797]","[1.0, 2.5, 3.5]","[0.0, 1.0, 3.4641016]","[-5.0, -2.5, -1.5]",[1.0],[1.0],[-5.0],[3.0],[2.828427],[0.0],[3.0],[2.828427],[0.0],0,1,0,0,0.0,0.0,0
503,6,3,3,"[0.0, 0.0, 0.5, 1.0, 1.5, 3.0, 3.5, 3.5, 4.0, 7.5]","[0.0, 0.0, 0.0, 0.0, 0.0, 0.0, 1.0, 2.6457512, 3.4641016, 7.3484693]","[1.0, 1.5, 1.5, 1.5, 3.0, 4.5]","[0.0, 0.0, 0.0, 1.4142135, 2.828427, 4.2426405]","[-4.0, -3.5, -3.5, -3.5, -2.0, -1.0]","[1.5, 1.5, 3.0]","[0.0, 1.4142135, 2.828427]","[-3.5, -3.5, -1.0]","[3.5, 4.5, 6.5]","[3.4641016, 4.472136, 6.3245554]","[0.0, 2.0, 6.0]","[3.5, 4.5, 6.5]","[3.4641016, 4.472136, 6.3245554]","[0.0, 2.0, 6.0]",0,3,0,0,0.0,0.0,1
177,1,1,1,"[0.0, 0.5, 0.5, 1.0, 1.5, 1.5, 1.5, 2.0, 3.0, 4.0]","[0.0, 0.0, 0.0, 0.0, 0.0, 0.0, 0.0, 0.0, 0.0, 0.0]",[4.0],[3.8729835],[-2.0],[4.0],[3.8729835],[-2.0],[6.0],[5.656854],[6.0],[6.0],[5.656854],[6.0],0,1,0,0,0.0,0.0,1
960,4,3,3,"[0.0, 0.5, 1.0, 1.5, 1.5, 2.5, 3.0, 4.0, 4.0, 6.0]","[0.0, 0.0, 0.0, 0.0, 1.0, 1.4142135, 2.4494898, 3.8729835, 4.0, 5.91608]","[0.5, 1.0, 1.5, 2.5]","[0.0, 0.0, 1.4142135, 2.4494898]","[-4.0, -3.5, -3.0, -1.5]","[0.5, 1.0, 2.5]","[0.0, 0.0, 2.4494898]","[-3.5, -3.0, -1.5]","[2.0, 4.0, 6.0]","[2.0, 2.6457512, 5.196152]","[-0.5, 2.5, 4.5]","[2.0, 4.0, 6.0]","[2.0, 2.6457512, 5.196152]","[-0.5, 2.5, 4.5]",0,3,0,0,0.0,0.0,1
703,5,2,2,"[0.0, 0.5, 1.0, 1.0, 2.5, 2.5, 3.5, 5.0, 5.0, 5.0]","[0.0, 0.0, 0.0, 0.0, 1.0, 2.0, 2.4494898, 3.0, 4.0, 4.8989797]","[2.5, 2.5, 3.0, 4.0, 4.0]","[0.0, 2.0, 2.236068, 2.6457512, 3.4641016]","[-5.0, -4.5, -3.0, -2.0, -1.5]","[2.5, 4.0]","[0.0, 3.4641016]","[-5.0, -2.0]","[4.5, 7.5]","[4.472136, 7.483315]","[3.0, 5.0]","[4.5, 7.5]","[4.472136, 7.483315]","[3.0, 5.0]",0,2,0,0,0.0,0.0,1
538,1,1,1,"[0.5, 0.5, 0.5, 1.0, 1.5, 1.5, 1.5, 2.5, 3.0, 3.5]","[0.0, 0.0, 0.0, 0.0, 0.0, 0.0, 1.4142135, 2.0, 2.4494898, 2.828427]",[1.0],[0.0],[-1.5],[1.0],[0.0],[-1.5],[4.0],[3.8729835],[4.0],[4.0],[3.8729835],[4.0],0,1,0,0,0.0,0.0,1
191,3,3,3,"[0.0, 1.0, 1.5, 1.5, 1.5, 1.5, 3.0, 3.0, 4.0, 5.5]","[0.0, 0.0, 0.0, 0.0, 0.0, 0.0, 1.0, 2.236068, 3.4641016, 5.477226]","[1.5, 2.0, 2.5]","[1.4142135, 1.7320508, 2.4494898]","[-2.5, -2.5, -2.0]","[1.5, 2.0, 2.5]","[1.4142135, 1.7320508, 2.4494898]","[-2.5, -2.5, -2.0]","[1.0, 4.0, 8.0]","[0.0, 3.8729835, 7.937254]","[0.5, 1.5, 8.0]","[1.0, 4.0, 8.0]","[0.0, 3.8729835, 7.937254]","[0.5, 1.5, 8.0]",0,3,0,0,0.0,0.0,1
589,3,1,1,"[0.0, 0.0, 0.0, 0.0, 1.5, 1.5, 2.0, 2.5, 5.0, 5.5]","[0.0, 0.0, 0.0, 0.0, 0.0, 1.4142135, 1.4142135, 1.7320508, 3.0, 5.477226]","[1.5, 3.5, 4.5]","[0.0, 0.0, 4.472136]","[-4.5, -3.5, -2.5]",[1.5],[0.0],[-4.5],[5.5],[4.2426405],[4.5],[5.5],[4.2426405],[4.5],0,1,0,0,0.0,0.0,1
532,3,2,1,"[0.0, 0.5, 0.5, 1.5, 2.0, 3.0, 3.0, 3.0, 5.5, 5.5]","[0.0, 0.0, 0.0, 0.0, 0.0, 2.0, 2.236068, 2.236068, 5.2915025, 5.477226]","[1.5, 2.5, 3.5]","[0.0, 1.4142135, 2.4494898]","[-4.0, -4.0, -2.5]","[1.5, 2.5]","[0.0, 1.4142135]","[-4.0, -4.0]","[4.5, 5.5]","[3.7416575, 4.2426405]","[1.0, 1.5]",[2.5],[2.0],[0.5],1,0,1,0,1.0,0.0,1
54,2,2,2,"[0.5, 1.0, 2.0, 2.0, 2.0, 2.5, 2.5, 2.5, 4.0, 4.0]","[0.0, 0.0, 0.0, 0.0, 0.0, 0.0, 1.0, 1.7320508, 2.4494898, 2.4494898]","[0.5, 1.5]","[0.0, 1.4142135]","[-2.5, -2.0]","[0.5, 1.5]","[0.0, 1.4142135]","[-2.5, -2.0]","[2.5, 5.5]","[2.4494898, 4.2426405]","[1.0, 4.0]","[2.5, 5.5]","[2.4494898, 4.2426405]","[1.0, 4.0]",0,2,0,0,0.0,0.0,1
307,8,4,2,"[0.0, 1.0, 1.5, 2.5, 3.0, 3.0, 3.5, 4.5, 5.5, 6.5]","[0.0, 0.0, 1.4142135, 2.0, 2.236068, 2.828427, 3.4641016, 3.7416575, 5.477226, 6.3245554]","[0.5, 0.5, 1.5, 2.0, 2.5, 3.5, 3.5, 6.0]","[0.0, 0.0, 0.0, 1.4142135, 2.4494898, 3.4641016, 3.4641016, 6.0]","[-5.0, -4.5, -3.5, -2.5, -2.5, -1.5, -1.0, -1.0]","[0.5, 0.5, 2.0, 3.5]","[0.0, 0.0, 0.0, 3.4641016]","[-5.0, -4.5, -2.5, -1.0]","[0.5, 2.0, 2.0, 6.0]","[0.0, 0.0, 0.0, 5.656854]","[-5.0, -4.5, 0.0, 1.5]","[2.0, 6.0]","[0.0, 5.656854]","[0.0, 1.5]",2,2,0,1,0.0,2.0,1
53045,11,3,1,"[0.0, 0.5, 1.0, 1.0, 2.5, 3.0, 3.0, 6.0, 7.5, 8.0]","[0.0, 0.0, 0.0, 0.0, 0.0, 2.828427, 2.828427, 5.656854, 7.3484693, 8.0]","[1.0, 1.0, 2.5, 3.0, 3.5, 3.5, 4.0, 4.0, 4.5, 5.0, 5.5]","[0.0, 0.0, 0.0, 1.0, 2.4494898, 2.4494898, 3.7416575, 3.8729835, 4.0, 4.582576, 5.477226]","[-6.0, -5.5, -3.5, -3.0, -3.0, -3.0, -3.0, -2.5, -2.0, -2.0, -1.5]","[1.0, 2.5, 4.0]","[1.0, 2.4494898, 4.0]","[-6.0, -3.0, -3.0]","[2.5, 4.0, 6.5]","[2.4494898, 4.0, 6.0]","[-6.0, -3.0, 1.5]",[6.5],[6.0],[1.5],2,1,0,1,0.0,2.0,0
847,2,2,2,"[0.0, 0.5, 0.5, 1.0, 1.0, 1.5, 3.0, 4.5, 5.0, 5.5]","[0.0, 0.0, 0.0, 0.0, 0.0, 0.0, 2.236068, 3.7416575, 4.8989797, 5.0]","[0.5, 2.0]","[0.0, 1.7320508]","[-4.0, -3.0]","[0.5, 2.0]","[0.0, 1.7320508]","[-4.0, -3.0]","[1.5, 6.5]","[1.4142135, 6.0]","[-1.5, 5.5]","[1.5, 6.5]","[1.4142135, 6.0]","[-1.5, 5.5]",0,2,0,0,0.0,0.0,1
30968,4,3,3,"[0.0, 0.5, 1.0, 1.0, 2.0, 2.0, 2.5, 3.0, 4.0, 6.0]","[0.0, 0.0, 0.0, 0.0, 0.0, 0.0, 2.0, 2.0, 3.4641016, 5.91608]","[0.5, 1.5, 2.0, 2.5]","[0.0, 0.0, 1.7320508, 2.0]","[-4.0, -2.5, -1.5, -1.0]","[0.5, 2.0, 2.5]","[0.0, 1.7320508, 2.0]","[-4.0, -1.5, -1.0]","[4.5, 6.0, 8.0]","[2.828427, 5.656854, 7.937254]","[0.5, 4.0, 7.0]","[4.5, 6.0, 8.0]","[2.828427, 5.656854, 7.937254]","[0.5, 4.0, 7.0]",0,3,0,0,0.0,0.0,0
26860,4,3,1,"[1.5, 1.5, 1.5, 1.5, 2.0, 3.0, 3.0, 4.0, 4.0, 5.0]","[0.0, 0.0, 0.0, 1.4142135, 1.4142135, 1.4142135, 2.6457512, 2.828427, 3.8729835, 4.8989797]","[1.0, 3.0, 3.0, 4.5]","[0.0, 0.0, 2.828427, 4.472136]","[-2.5, -2.0, -1.5, -1.5]","[1.0, 3.0, 4.5]","[0.0, 2.828427, 4.472136]","[-2.5, -2.0, -1.5]","[4.5, 6.0, 8.5]","[2.828427, 6.0, 8.485281]","[0.0, 3.0, 5.5]",[7.0],[6.708204],[5.5],2,0,1,0,2.0,0.0,0
199,4,2,1,"[0.0, 0.5, 1.0, 1.5, 1.5, 2.0, 3.0, 3.0, 5.0, 9.0]","[0.0, 0.0, 0.0, 0.0, 0.0, 1.4142135, 1.7320508, 2.236068, 4.8989797, 9.0]","[2.0, 3.0, 3.5, 4.5]","[0.0, 0.0, 2.4494898, 3.7416575]","[-5.0, -4.0, -3.0, -3.0]","[2.0, 3.0]","[0.0, 0.0]","[-5.0, -3.0]","[4.5, 7.5]","[2.828427, 7.483315]","[-0.5, 2.5]",[7.0],[7.0],[6.0],1,0,1,0,1.0,0.0,0
967,5,3,2,"[0.0, 0.0, 1.0, 2.0, 2.5, 3.0, 3.5, 4.5, 5.0, 5.0]","[0.0, 0.0, 0.0, 1.0, 1.7320508, 2.0, 3.0, 3.0, 3.4641016, 4.2426405]","[1.0, 2.5, 4.0, 4.0, 5.0]","[0.0, 2.0, 3.4641016, 3.8729835, 4.0]","[-3.5, -2.5, -2.0, -2.0, -1.5]","[1.0, 2.5, 4.0]","[0.0, 2.0, 3.8729835]","[-3.5, -2.0, -1.5]","[1.5, 4.0, 4.5]","[0.0, 0.0, 4.2426405]","[0.0, 0.5, 2.0]","[1.5, 3.0]","[0.0, 0.0]","[0.0, 0.5]",1,1,1,0,1.0,0.0,1
73029,8,3,3,"[0.0, 0.0, 1.0, 1.5, 2.0, 2.5, 3.0, 3.5, 5.0, 6.0]","[0.0, 0.0, 0.0, 1.0, 1.7320508, 2.4494898, 2.828427, 3.0, 3.1622777, 5.656854]","[0.5, 2.0, 2.5, 2.5, 2.5, 3.0, 4.0, 4.0]","[0.0, 0.0, 0.0, 2.0, 2.0, 2.0, 3.4641016, 3.8729835]","[-6.0, -3.0, -2.5, -2.5, -2.5, -1.5, -1.5, -1.5]","[0.5, 2.0, 2.5]","[0.0, 0.0, 2.0]","[-6.0, -2.5, -1.5]","[2.5, 3.0, 6.5]","[0.0, 0.0, 6.0]","[0.5, 2.0, 4.5]","[2.5, 3.0, 6.5]","[0.0, 0.0, 6.0]","[0.5, 2.0, 4.5]",0,3,0,0,0.0,0.0,0
5917,6,1,1,"[0.0, 0.5, 1.0, 1.5, 1.5, 2.5, 4.0, 4.0, 4.5, 6.0]","[0.0, 0.0, 0.0, 0.0, 0.0, 1.0, 1.4142135, 2.0, 2.6457512, 5.91608]","[1.0, 1.5, 2.0, 2.5, 3.0, 4.0]","[0.0, 0.0, 0.0, 0.0, 2.828427, 3.8729835]","[-6.5, -5.0, -3.0, -3.0, -2.0, -1.5]",[1.0],[0.0],[-6.5],[6.0],[5.196152],[3.5],[6.0],[5.196152],[3.5],0,1,0,0,0.0,0.0,0
66729,4,2,2,"[0.0, 0.5, 0.5, 1.5, 2.0, 3.0, 3.5, 4.5, 4.5, 7.5]","[0.0, 0.0, 0.0, 0.0, 0.0, 1.7320508, 3.1622777, 4.2426405, 4.472136, 7.483315]","[1.5, 2.5, 2.5, 3.5]","[0.0, 0.0, 2.4494898, 3.4641016]","[-4.5, -3.5, -3.0, -1.5]","[1.5, 2.5]","[0.0, 2.4494898]","[-3.5, -3.0]","[2.0, 5.5]","[1.7320508, 5.477226]","[-1.5, 4.0]","[2.0, 5.5]","[1.7320508, 5.477226]","[-1.5, 4.0]",0,2,0,0,0.0,0.0,0
606,6,2,2,"[0.0, 0.0, 0.5, 1.0, 1.0, 1.0, 2.5, 3.5, 4.5, 5.0]","[0.0, 0.0, 0.0, 0.0, 0.0, 1.0, 2.0, 3.0, 3.1622777, 4.2426405]","[0.5, 1.0, 1.5, 2.5, 2.5, 3.5]","[0.0, 0.0, 0.0, 0.0, 1.4142135, 2.0]","[-6.0, -4.5, -2.5, -2.5, -2.0, -1.5]","[0.5, 2.5]","[0.0, 0.0]","[-2.5, -2.5]","[5.5, 8.0]","[5.477226, 8.0]","[4.0, 5.5]","[5.5, 8.0]","[5.477226, 8.0]","[4.0, 5.5]",0,2,0,0,0.0,0.0,1
659,7,4,2,"[1.0, 1.0, 1.5, 1.5, 1.5, 1.5, 3.5, 3.5, 5.0, 7.0]","[0.0, 0.0, 0.0, 1.4142135, 1.4142135, 1.4142135, 1.4142135, 3.1622777, 5.0, 6.928203]","[1.5, 1.5, 2.0, 2.5, 2.5, 3.0, 3.5]","[0.0, 1.4142135, 1.7320508, 2.0, 2.0, 2.236068, 2.4494898]","[-5.0, -3.0, -3.0, -2.0, -1.5, -1.5, -1.0]","[1.5, 2.0, 2.5, 3.0]","[0.0, 1.7320508, 2.0, 2.236068]","[-3.0, -3.0, -2.0, -1.5]","[3.0, 5.0, 7.0, 7.5]","[0.0, 4.8989797, 6.928203, 7.483315]","[-0.5, 0.5, 2.0, 7.5]","[2.0, 7.5]","[0.0, 7.483315]","[1.0, 7.5]",2,1,1,0,2.0,0.0,1
57660,12,3,2,"[0.5, 0.5, 2.0, 2.0, 3.0, 3.0, 4.0, 4.5, 6.5, 7.5]","[0.0, 0.0, 0.0, 1.7320508, 2.828427, 2.828427, 3.0, 4.0, 6.0, 7.3484693]","[1.0, 1.5, 1.5, 1.5, 2.0, 2.0, 2.0, 2.5, 3.0, 3.5, 3.5, 5.5]","[0.0, 0.0, 0.0, 1.0, 1.4142135, 1.4142135, 1.7320508, 1.7320508, 2.4494898, 2.4494898, 2.828427, 5.477226]","[-6.5, -6.0, -4.5, -3.0, -3.0, -3.0, -2.5, -2.0, -2.0, -2.0, -1.5, -1.0]","[1.0, 1.5, 1.5]","[0.0, 1.0, 1.4142135]","[-6.0, -3.0, -1.5]","[3.0, 6.5, 6.5]","[0.0, 6.3245554, 6.4807405]","[-1.5, 0.0, 2.5]","[6.5, 7.5]","[6.3245554, 7.483315]","[2.5, 3.0]",1,1,1,0,1.0,0.0,0
5049,4,2,2,"[0.0, 0.5, 1.0, 1.5, 2.5, 3.5, 3.5, 4.0, 4.0, 5.0]","[0.0, 0.0, 0.0, 1.4142135, 2.0, 2.4494898, 2.4494898, 3.0, 3.4641016, 3.8729835]","[2.5, 4.0, 5.5, 6.5]","[0.0, 4.0, 5.2915025, 6.3245554]","[-2.0, -1.5, -1.0, -1.0]","[4.0, 5.5]","[4.0, 5.2915025]","[-2.0, -1.5]","[3.0, 5.0]","[3.0, 4.582576]","[2.0, 3.0]","[3.0, 5.0]","[3.0, 4.582576]","[2.0, 3.0]",0,2,0,0,0.0,0.0,0
734,5,3,3,"[0.5, 0.5, 0.5, 1.0, 1.5, 2.5, 3.0, 3.5, 4.5, 6.0]","[0.0, 0.0, 0.0, 0.0, 0.0, 0.0, 1.0, 2.828427, 4.472136, 5.91608]","[0.5, 0.5, 2.0, 3.0, 3.0]","[0.0, 0.0, 1.7320508, 2.828427, 3.0]","[-3.5, -3.0, -3.0, -2.0, -2.0]","[0.5, 0.5, 3.0]","[0.0, 0.0, 2.828427]","[-3.5, -3.0, -2.0]","[2.5, 4.0, 6.5]","[2.0, 3.8729835, 6.4807405]","[-1.0, 2.0, 5.5]","[2.5, 4.0, 6.5]","[2.0, 3.8729835, 6.4807405]","[-1.0, 2.0, 5.5]",0,3,0,0,0.0,0.0,1
19546,5,2,0,"[0.0, 0.0, 0.5, 0.5, 1.0, 1.0, 2.5, 4.5, 8.0, 8.0]","[0.0, 0.0, 0.0, 0.0, 1.0, 1.0, 2.0, 3.7416575, 7.937254, 7.937254]","[2.0, 3.0, 4.0, 4.5, 5.5]","[0.0, 1.7320508, 3.4641016, 4.2426405, 5.477226]","[-6.0, -4.0, -3.5, -2.5, -1.0]","[4.5, 5.5]","[4.2426405, 5.477226]","[-3.5, -2.5]","[4.5, 5.5]","[4.2426405, 5.477226]","[-3.5, -2.5]",[],[],[],2,0,0,1,0.0,2.0,0
52779,9,3,3,"[0.5, 0.5, 1.0, 1.5, 2.5, 3.0, 3.5, 6.0, 6.5, 7.0]","[0.0, 0.0, 0.0, 1.4142135, 2.0, 2.236068, 2.4494898, 5.196152, 6.0, 6.708204]","[1.0, 1.0, 1.5, 2.0, 2.0, 3.0, 3.0, 4.5, 5.0]","[0.0, 0.0, 0.0, 0.0, 0.0, 2.828427, 2.828427, 3.0, 4.8989797]","[-5.0, -4.0, -4.0, -4.0, -4.0, -3.5, -2.5, -2.0, -1.0]","[1.0, 1.0, 3.0]","[0.0, 0.0, 2.828427]","[-4.0, -4.0, -4.0]","[4.5, 8.0, 9.0]","[2.828427, 7.937254, 9.0]","[2.5, 7.0, 7.0]","[4.5, 8.0, 9.0]","[2.828427, 7.937254, 9.0]","[2.5, 7.0, 7.0]",0,3,0,0,0.0,0.0,0
34,3,2,1,"[0.0, 0.5, 1.0, 1.0, 1.0, 1.5, 1.5, 4.0, 6.5, 8.0]","[0.0, 0.0, 0.0, 0.0, 0.0, 0.0, 0.0, 0.0, 6.0, 7.937254]","[2.5, 3.5, 5.5]","[0.0, 2.4494898, 4.8989797]","[-5.5, -3.0, -2.0]","[2.5, 3.5]","[0.0, 2.4494898]","[-5.5, -2.0]","[3.0, 3.5]","[2.828427, 3.1622777]","[-2.0, -1.5]",[7.5],[7.3484693],[5.5],1,0,1,0,1.0,0.0,1
27717,6,3,2,"[0.0, 1.0, 1.0, 1.5, 2.5, 2.5, 2.5, 3.0, 4.5, 9.0]","[0.0, 0.0, 0.0, 0.0, 0.0, 0.0, 1.4142135, 2.0, 2.236068, 9.0]","[1.0, 1.0, 2.5, 3.0, 3.0, 3.5]","[0.0, 0.0, 0.0, 2.4494898, 2.828427, 3.4641016]","[-8.0, -4.5, -4.0, -4.0, -3.5, -1.5]","[1.0, 1.0, 3.0]","[0.0, 0.0, 2.828427]","[-8.0, -4.0, -1.5]","[5.5, 7.0, 7.0]","[5.2915025, 6.708204, 6.928203]","[0.0, 2.5, 6.5]","[5.0, 7.0]","[4.0, 6.928203]","[4.0, 6.5]",1,1,1,0,1.0,0.0,0
13626,2,2,2,"[0.5, 1.5, 1.5, 1.5, 2.0, 2.0, 2.0, 2.0, 4.0, 4.0]","[0.0, 0.0, 0.0, 0.0, 0.0, 0.0, 0.0, 1.7320508, 2.0, 4.0]","[1.0, 4.5]","[0.0, 3.7416575]","[-2.0, -1.5]","[1.0, 4.5]","[0.0, 3.7416575]","[-2.0, -1.5]","[1.5, 5.0]","[1.4142135, 3.0]","[-0.5, 4.5]","[1.5, 5.0]","[1.4142135, 3.0]","[-0.5, 4.5]",0,2,0,0,0.0,0.0,0
5722,4,2,2,"[0.0, 0.5, 1.0, 1.5, 1.5, 2.5, 2.5, 3.5, 4.5, 6.0]","[0.0, 0.0, 0.0, 0.0, 0.0, 1.4142135, 2.4494898, 2.4494898, 2.828427, 5.91608]","[2.0, 2.0, 2.0, 2.0]","[0.0, 0.0, 1.7320508, 1.7320508]","[-5.5, -5.0, -3.0, -1.5]","[2.0, 2.0]","[0.0, 1.7320508]","[-5.5, -1.5]","[2.0, 7.5]","[0.0, 7.483315]","[-3.0, 7.0]","[2.0, 7.5]","[0.0, 7.483315]","[-3.0, 7.0]",0,2,0,0,0.0,0.0,0
91361,5,4,3,"[0.0, 0.5, 1.0, 1.0, 1.5, 3.0, 3.5, 4.5, 5.5, 9.0]","[0.0, 0.0, 0.0, 0.0, 1.0, 1.4142135, 2.236068, 3.7416575, 5.477226, 9.0]","[1.0, 2.5, 2.5, 4.0, 4.0]","[0.0, 0.0, 2.4494898, 2.6457512, 3.8729835]","[-5.5, -3.0, -3.0, -3.0, -2.0]","[1.0, 2.5, 4.0, 4.0]","[0.0, 0.0, 2.6457512, 3.8729835]","[-3.0, -3.0, -3.0, -2.0]","[2.5, 4.5, 6.5, 7.0]","[0.0, 0.0, 6.0, 6.708204]","[-0.5, -0.5, 2.0, 5.0]","[2.0, 2.5, 6.5]","[0.0, 1.7320508, 6.0]","[-1.5, 2.0, 5.0]",1,2,1,0,1.0,0.0,0
1021,5,2,1,"[0.5, 0.5, 1.5, 1.5, 2.0, 2.0, 2.0, 2.5, 7.0, 7.5]","[0.0, 0.0, 0.0, 0.0, 0.0, 1.4142135, 1.7320508, 2.4494898, 6.708204, 7.483315]","[2.0, 3.0, 3.5, 4.0, 5.0]","[0.0, 1.7320508, 2.6457512, 2.828427, 4.8989797]","[-3.5, -3.0, -2.0, -2.0, -1.0]","[2.0, 3.0]","[1.7320508, 2.828427]","[-3.5, -2.0]","[3.0, 4.0]","[2.6457512, 3.0]","[-1.0, -1.0]",[8.5],[8.485281],[7.0],1,0,1,0,1.0,0.0,1
28425,7,4,3,"[0.0, 1.0, 1.0, 1.5, 1.5, 2.5, 3.5, 4.0, 4.5, 6.0]","[0.0, 0.0, 0.0, 0.0, 1.4142135, 1.4142135, 2.828427, 3.1622777, 3.4641016, 5.196152]","[0.5, 2.0, 2.0, 2.5, 3.0, 3.0, 4.0]","[0.0, 0.0, 0.0, 1.7320508, 2.236068, 2.4494898, 2.6457512]","[-6.0, -2.5, -2.5, -2.0, -1.5, -1.5, -1.5]","[0.5, 2.0, 2.5, 3.0]","[0.0, 0.0, 2.236068, 2.4494898]","[-6.0, -2.5, -2.0, -1.5]","[2.5, 3.5, 6.0, 7.0]","[2.4494898, 2.4494898, 5.656854, 6.928203]","[1.0, 1.5, 2.5, 5.0]","[2.5, 3.5, 6.0]","[2.4494898, 2.4494898, 5.196152]","[1.5, 2.5, 5.0]",1,2,1,0,1.0,0.0,0
95830,10,4,2,"[0.5, 1.0, 2.0, 2.0, 2.0, 2.5, 4.5, 5.0, 6.5, 8.0]","[0.0, 0.0, 0.0, 1.0, 1.7320508, 2.0, 4.472136, 4.8989797, 6.0, 7.937254]","[2.0, 2.5, 2.5, 3.0, 3.0, 3.5, 4.0, 4.0, 4.5, 4.5]","[0.0, 0.0, 0.0, 0.0, 1.7320508, 2.828427, 3.0, 3.4641016, 3.7416575, 3.8729835]","[-3.5, -3.5, -3.0, -3.0, -3.0, -2.5, -2.5, -2.0, -2.0, -1.5]","[2.0, 2.5, 3.0, 4.0]","[0.0, 1.7320508, 3.0, 3.8729835]","[-3.5, -3.0, -2.5, -1.5]","[4.5, 4.5, 5.0, 6.5]","[3.0, 3.7416575, 4.2426405, 6.4807405]","[-3.5, -0.5, 3.0, 4.5]","[5.0, 8.0]","[3.0, 8.0]","[3.0, 7.5]",2,1,1,0,2.0,0.0,0
24356,2,1,1,"[0.0, 1.0, 1.0, 1.5, 2.0, 2.0, 3.0, 4.0, 4.5, 5.0]","[0.0, 0.0, 0.0, 0.0, 0.0, 1.0, 2.6457512, 3.0, 4.472136, 4.8989797]","[2.5, 3.5]","[2.0, 3.4641016]","[-2.5, -2.0]",[3.5],[3.4641016],[-2.5],[5.5],[4.2426405],[3.0],[5.5],[4.2426405],[3.0],0,1,0,0,0.0,0.0,0
257,4,2,2,"[0.0, 0.5, 1.5, 2.0, 2.5, 3.0, 3.5, 4.0, 5.0, 6.0]","[0.0, 0.0, 0.0, 0.0, 1.4142135, 2.0, 2.828427, 3.8729835, 4.8989797, 5.656854]","[1.5, 2.0, 4.5, 5.5]","[0.0, 1.7320508, 3.7416575, 5.477226]","[-2.5, -2.0, -2.0, -1.5]","[1.5, 5.5]","[0.0, 5.477226]","[-2.0, -1.5]","[4.5, 5.5]","[4.2426405, 5.477226]","[0.5, 2.0]","[4.5, 5.5]","[4.2426405, 5.477226]","[0.5, 2.0]",0,2,0,0,0.0,0.0,1
61703,6,3,2,"[0.0, 0.5, 2.0, 2.5, 4.0, 4.0, 4.0, 4.5, 5.5, 7.0]","[0.0, 0.0, 0.0, 0.0, 0.0, 0.0, 3.8729835, 3.8729835, 5.477226, 6.708204]","[1.0, 3.0, 4.0, 4.5, 5.0, 5.5]","[1.0, 2.828427, 3.7416575, 4.0, 4.8989797, 5.477226]","[-5.5, -4.0, -3.5, -3.5, -2.0, -2.0]","[1.0, 3.0, 4.0]","[1.0, 2.828427, 4.0]","[-5.5, -4.0, -3.5]","[2.5, 4.0, 4.5]","[0.0, 2.0, 4.2426405]","[0.0, 0.0, 1.5]","[2.0, 4.0]","[0.0, 1.7320508]","[0.0, 2.0]",1,1,1,0,1.0,0.0,0
12,3,3,3,"[0.5, 1.0, 1.0, 1.5, 1.5, 1.5, 2.0, 2.5, 2.5, 8.5]","[0.0, 0.0, 0.0, 0.0, 1.0, 1.4142135, 1.4142135, 2.0, 2.0, 8.485281]","[0.5, 1.0, 4.0]","[0.0, 0.0, 3.8729835]","[-3.0, -2.0, -1.5]","[0.5, 1.0, 4.0]","[0.0, 0.0, 3.8729835]","[-3.0, -2.0, -1.5]","[4.0, 4.0, 5.5]","[0.0, 3.8729835, 5.477226]","[1.5, 3.0, 3.5]","[4.0, 4.0, 5.5]","[0.0, 3.8729835, 5.477226]","[1.5, 3.0, 3.5]",0,3,0,0,0.0,0.0,1
54610,6,3,1,"[1.0, 1.0, 1.5, 2.0, 2.5, 3.5, 3.5, 3.5, 5.0, 7.5]","[0.0, 0.0, 0.0, 0.0, 1.0, 2.4494898, 2.4494898, 3.1622777, 5.0, 7.483315]","[1.5, 1.5, 2.5, 3.0, 3.0, 3.5]","[0.0, 0.0, 1.4142135, 2.0, 3.0, 3.4641016]","[-4.0, -4.0, -3.5, -3.0, -2.5, -1.5]","[1.5, 1.5, 2.5]","[0.0, 1.4142135, 2.0]","[-4.0, -4.0, -1.5]","[3.0, 5.5, 7.5]","[2.828427, 5.477226, 7.3484693]","[-0.5, 0.0, 3.5]",[5.5],[4.8989797],[5.0],2,0,1,0,2.0,0.0,0
6869,4,2,2,"[0.0, 0.0, 0.5, 1.0, 1.0, 1.5, 2.0, 3.5, 5.0, 5.0]","[0.0, 0.0, 0.0, 0.0, 0.0, 1.4142135, 1.7320508, 3.0, 3.0, 3.1622777]","[2.0, 3.0, 4.0, 5.0]","[0.0, 0.0, 2.236068, 4.582576]","[-4.0, -3.0, -2.5, -1.5]","[3.0, 4.0]","[0.0, 2.236068]","[-3.0, -2.5]","[4.0, 8.0]","[3.8729835, 7.937254]","[3.5, 6.5]","[4.0, 8.0]","[3.8729835, 7.937254]","[3.5, 6.5]",0,2,0,0,0.0,0.0,0
801,7,3,1,"[0.0, 0.0, 0.0, 1.0, 1.0, 2.0, 4.5, 4.5, 5.0, 7.0]","[0.0, 0.0, 0.0, 0.0, 0.0, 1.0, 3.7416575, 4.472136, 4.582576, 7.0]","[1.5, 2.0, 2.5, 2.5, 4.0, 4.5, 5.5]","[0.0, 1.4142135, 2.0, 2.4494898, 3.4641016, 4.2426405, 5.477226]","[-4.5, -4.5, -3.0, -2.0, -1.5, -1.0, -1.0]","[1.5, 2.5, 4.5]","[1.4142135, 2.4494898, 4.2426405]","[-4.5, -3.0, -1.0]","[5.5, 6.0, 8.5]","[5.477226, 5.656854, 8.485281]","[0.0, 2.0, 5.0]",[5.0],[4.8989797],[3.5],2,0,1,0,2.0,0.0,1
195,7,1,1,"[0.5, 1.0, 1.5, 1.5, 2.5, 2.5, 5.0, 5.0, 5.5, 6.5]","[0.0, 0.0, 0.0, 0.0, 2.4494898, 2.4494898, 4.582576, 4.8989797, 4.8989797, 6.4807405]","[1.0, 2.5, 2.5, 4.0, 5.0, 5.0, 5.5]","[0.0, 1.0, 2.0, 3.8729835, 4.582576, 4.8989797, 5.477226]","[-4.0, -3.5, -2.5, -2.5, -2.0, -1.5, -1.0]",[1.0],[1.0],[-4.0],[3.5],[3.4641016],[1.0],[3.5],[3.4641016],[1.0],0,1,0,0,0.0,0.0,1
6818,8,3,1,"[0.0, 0.5, 1.0, 1.5, 2.0, 2.5, 3.5, 4.0, 6.0, 8.5]","[0.0, 0.0, 0.0, 0.0, 0.0, 1.7320508, 2.6457512, 3.1622777, 5.196152, 8.485281]","[0.5, 2.5, 3.5, 3.5, 4.0, 4.0, 4.5, 5.5]","[0.0, 2.4494898, 2.4494898, 2.6457512, 3.1622777, 3.8729835, 4.2426405, 4.8989797]","[-5.0, -4.5, -4.0, -2.5, -2.5, -2.0, -2.0, -1.5]","[0.5, 3.5, 4.0]","[0.0, 2.4494898, 2.6457512]","[-4.0, -2.5, -2.0]","[4.0, 4.5, 5.5]","[2.828427, 3.8729835, 5.477226]","[-4.5, 0.0, 3.5]",[6.5],[6.0],[6.0],2,0,1,0,2.0,0.0,0
86942,14,3,2,"[2.0, 2.0, 2.5, 2.5, 3.0, 3.5, 4.0, 6.0, 7.5, 7.5]","[0.0, 1.7320508, 1.7320508, 2.0, 2.4494898, 3.0, 3.4641016, 5.656854, 7.483315, 7.483315]","[1.0, 1.5, 1.5, 1.5, 2.0, 2.5, 2.5, 2.5, 3.0, 3.0, 3.0, 3.5, 4.5, 5.0]","[0.0, 0.0, 0.0, 0.0, 1.4142135, 1.4142135, 1.7320508, 2.236068, 2.4494898, 2.4494898, 2.4494898, 2.828427, 4.472136, 4.8989797]","[-6.0, -5.0, -4.5, -4.5, -4.5, -4.0, -3.5, -3.0, -3.0, -3.0, -2.5, -2.5, -2.0, -1.5]","[1.0, 1.5, 2.5]","[0.0, 0.0, 1.4142135]","[-6.0, -5.0, -2.5]","[3.0, 3.5, 5.5]","[0.0, 2.4494898, 5.2915025]","[-3.0, -0.5, 0.0]","[5.5, 8.0]","[5.2915025, 8.0]","[0.0, 5.5]",1,1,1,0,1.0,0.0,0
972,4,3,1,"[0.0, 0.5, 0.5, 1.0, 1.0, 1.5, 2.5, 4.0, 5.0, 7.5]","[0.0, 0.0, 0.0, 0.0, 1.0, 1.4142135, 2.0, 3.4641016, 4.8989797, 7.483315]","[0.5, 3.0, 4.0, 4.5]","[0.0, 2.236068, 4.0, 4.2426405]","[-4.0, -3.0, -1.0, -1.0]","[0.5, 4.0, 4.5]","[0.0, 4.0, 4.2426405]","[-3.0, -1.0, -1.0]","[1.5, 4.0, 4.5]","[0.0, 3.4641016, 4.472136]","[-3.0, -1.5, 2.0]",[1.5],[1.4142135],[-1.0],2,0,1,0,2.0,0.0,1
951,2,1,1,"[0.5, 0.5, 0.5, 0.5, 1.0, 2.0, 2.0, 2.5, 2.5, 4.0]","[0.0, 0.0, 0.0, 0.0, 0.0, 0.0, 0.0, 0.0, 2.0, 2.4494898]","[1.0, 2.5]","[1.0, 2.0]","[-5.0, -4.0]",[1.0],[1.0],[-5.0],[6.5],[6.0],[6.5],[6.5],[6.0],[6.5],0,1,0,0,0.0,0.0,1
76,8,2,2,"[0.0, 1.0, 1.0, 2.0, 2.0, 2.5, 3.5, 4.5, 5.5, 6.5]","[0.0, 0.0, 0.0, 0.0, 1.0, 2.4494898, 2.4494898, 2.828427, 5.2915025, 6.3245554]","[1.0, 2.0, 2.0, 2.5, 3.0, 3.0, 4.0, 4.0]","[0.0, 0.0, 0.0, 1.0, 2.0, 2.236068, 2.6457512, 3.4641016]","[-5.5, -5.0, -4.5, -3.0, -3.0, -3.0, -2.0, -2.0]","[1.0, 2.0]","[0.0, 1.0]","[-5.5, -4.5]","[2.5, 6.5]","[0.0, 6.4807405]","[-2.0, 4.0]","[2.5, 6.5]","[0.0, 6.4807405]","[-2.0, 4.0]",0,2,0,0,0.0,0.0,1
94190,10,4,2,"[0.0, 1.5, 1.5, 2.0, 2.0, 2.5, 4.0, 4.5, 5.0, 6.5]","[0.0, 0.0, 0.0, 0.0, 0.0, 2.0, 2.4494898, 4.2426405, 4.582576, 6.4807405]","[0.5, 1.0, 1.0, 2.5, 3.0, 3.5, 3.5, 3.5, 4.5, 5.0]","[0.0, 0.0, 0.0, 1.0, 1.0, 2.4494898, 2.4494898, 3.1622777, 4.2426405, 5.0]","[-4.0, -3.5, -3.0, -2.5, -2.5, -2.0, -2.0, -2.0, -1.5, -1.5]","[0.5, 1.0, 1.0, 3.5]","[0.0, 1.0, 1.0, 2.4494898]","[-3.0, -2.5, -2.5, -1.5]","[3.0, 5.0, 6.0, 7.5]","[0.0, 4.0, 5.196152, 7.3484693]","[0.5, 2.0, 2.5, 6.5]","[3.0, 6.0]","[2.236068, 5.196152]","[2.5, 3.0]",2,1,1,0,2.0,0.0,0
65028,9,2,2,"[0.0, 0.0, 1.0, 1.0, 2.0, 3.0, 5.0, 5.5, 8.0, 8.0]","[0.0, 0.0, 0.0, 0.0, 1.7320508, 2.828427, 3.0, 4.2426405, 7.937254, 8.0]","[0.5, 2.0, 2.5, 3.5, 3.5, 3.5, 3.5, 4.5, 6.0]","[0.0, 0.0, 1.7320508, 2.0, 2.4494898, 2.4494898, 3.1622777, 4.472136, 5.91608]","[-6.0, -5.5, -5.5, -5.0, -4.5, -4.5, -4.0, -3.0, -1.0]","[0.5, 4.5]","[0.0, 4.472136]","[-5.5, -4.0]","[3.0, 3.5]","[0.0, 0.0]","[-1.0, 1.5]","[3.0, 3.5]","[0.0, 0.0]","[-1.0, 1.5]",0,2,0,0,0.0,0.0,0
88257,6,3,2,"[0.5, 1.0, 1.0, 2.0, 2.0, 2.5, 3.0, 3.0, 5.5, 6.5]","[0.0, 0.0, 0.0, 0.0, 0.0, 0.0, 1.7320508, 2.236068, 5.477226, 6.0]","[1.5, 2.0, 2.5, 2.5, 5.0, 5.5]","[0.0, 1.7320508, 2.0, 2.4494898, 4.8989797, 4.8989797]","[-5.0, -3.0, -2.0, -2.0, -1.5, -1.5]","[1.5, 2.0, 2.5]","[0.0, 1.7320508, 2.0]","[-5.0, -1.5, -1.5]","[4.5, 6.0, 8.0]","[2.828427, 5.91608, 7.937254]","[1.5, 2.5, 7.5]","[4.5, 8.0]","[4.2426405, 7.937254]","[4.5, 7.5]",1,1,1,0,1.0,0.0,0
99968,1,1,1,"[0.5, 1.0, 1.0, 1.0, 1.5, 2.0, 2.0, 2.5, 3.0, 3.5]","[0.0, 0.0, 0.0, 0.0, 0.0, 1.0, 1.0, 1.4142135, 1.7320508, 2.828427]",[4.0],[3.4641016],[-1.0],[4.0],[3.4641016],[-1.0],[5.0],[5.0],[4.5],[5.0],[5.0],[4.5],0,1,0,0,0.0,0.0,0
356,2,1,1,"[0.0, 0.0, 0.5, 0.5, 0.5, 1.5, 2.0, 2.5, 4.5, 6.5]","[0.0, 0.0, 0.0, 0.0, 0.0, 0.0, 1.4142135, 1.7320508, 3.7416575, 6.3245554]","[0.5, 3.0]","[0.0, 2.236068]","[-4.5, -3.5]",[0.5],[0.0],[-4.5],[5.5],[4.2426405],[-0.5],[5.5],[4.2426405],[-0.5],0,1,0,0,0.0,0.0,1
844,5,2,1,"[0.0, 0.5, 0.5, 1.5, 2.0, 2.5, 2.5, 5.0, 5.5, 6.0]","[0.0, 0.0, 0.0, 0.0, 0.0, 2.0, 2.4494898, 4.8989797, 4.8989797, 5.196152]","[2.5, 3.0, 3.0, 4.5, 5.0]","[0.0, 2.236068, 2.4494898, 4.0, 4.2426405]","[-3.5, -3.0, -2.0, -1.5, -1.0]","[3.0, 4.5]","[2.236068, 4.2426405]","[-3.0, -1.5]","[3.5, 5.5]","[3.1622777, 5.2915025]","[0.0, 1.5]",[3.5],[0.0],[1.5],1,0,1,0,1.0,0.0,1
98232,6,3,2,"[1.0, 1.5, 1.5, 1.5, 1.5, 2.0, 2.5, 4.5, 5.0, 7.0]","[0.0, 1.0, 1.4142135, 1.4142135, 1.4142135, 1.7320508, 2.0, 4.472136, 4.8989797, 6.928203]","[0.5, 0.5, 2.0, 2.5, 2.5, 3.0]","[0.0, 0.0, 0.0, 0.0, 2.0, 2.236068]","[-5.0, -3.0, -3.0, -2.0, -2.0, -1.5]","[0.5, 0.5, 2.0]","[0.0, 0.0, 0.0]","[-5.0, -3.0, -3.0]","[2.5, 3.0, 5.5]","[0.0, 2.236068, 5.2915025]","[-2.0, -1.0, 2.0]","[3.0, 6.0]","[2.236068, 6.0]","[-1.0, 5.0]",1,1,1,0,1.0,0.0,0
864,8,2,2,"[0.0, 0.0, 0.5, 1.0, 2.5, 4.5, 4.5, 6.0, 7.0, 8.0]","[0.0, 0.0, 0.0, 0.0, 2.0, 2.828427, 4.472136, 5.91608, 6.928203, 7.937254]","[1.5, 2.0, 2.5, 2.5, 2.5, 3.0, 3.5, 4.5]","[0.0, 1.4142135, 2.0, 2.0, 2.4494898, 3.0, 3.1622777, 4.2426405]","[-6.0, -5.5, -4.5, -4.0, -3.5, -3.0, -2.0, -1.5]","[1.5, 2.5]","[0.0, 1.4142135]","[-4.5, -1.5]","[5.0, 6.0]","[5.0, 5.656854]","[1.0, 3.0]","[5.0, 6.0]","[5.0, 5.656854]","[1.0, 3.0]",0,2,0,0,0.0,0.0,1
327,2,2,2,"[0.5, 1.0, 1.5, 1.5, 2.0, 2.0, 3.0, 3.0, 3.5, 5.5]","[0.0, 0.0, 0.0, 0.0, 0.0, 0.0, 1.7320508, 2.0, 2.828427, 5.477226]","[1.0, 3.5]","[1.0, 3.1622777]","[-2.0, -1.0]","[1.0, 3.5]","[1.0, 3.1622777]","[-2.0, -1.0]","[1.0, 5.0]","[1.0, 4.582576]","[1.0, 3.0]","[1.0, 5.0]","[1.0, 4.582576]","[1.0, 3.0]",0,2,0,0,0.0,0.0,1
58758,5,4,2,"[0.0, 0.5, 0.5, 1.0, 1.5, 2.0, 2.5, 4.0, 5.5, 6.0]","[0.0, 0.0, 0.0, 0.0, 0.0, 1.0, 1.4142135, 3.4641016, 4.2426405, 5.91608]","[0.5, 1.5, 2.0, 2.5, 4.5]","[0.0, 0.0, 1.7320508, 2.4494898, 4.472136]","[-3.5, -3.0, -2.0, -2.0, -1.0]","[0.5, 1.5, 2.0, 2.5]","[0.0, 0.0, 1.7320508, 2.4494898]","[-3.5, -3.0, -2.0, -1.0]","[2.5, 4.5, 5.0, 6.0]","[2.4494898, 4.472136, 4.8989797, 5.656854]","[-2.0, 0.0, 1.0, 4.0]","[6.0, 7.5]","[5.656854, 7.3484693]","[1.0, 7.5]",2,1,1,0,2.0,0.0,0
332,4,2,1,"[0.5, 0.5, 0.5, 1.5, 2.0, 3.5, 4.5, 5.0, 6.5, 9.0]","[0.0, 0.0, 0.0, 0.0, 0.0, 2.828427, 3.0, 3.1622777, 6.3245554, 9.0]","[2.5, 5.0, 6.0, 6.5]","[2.4494898, 4.582576, 6.0, 6.3245554]","[-4.5, -2.5, -2.5, -1.5]","[2.5, 6.0]","[2.4494898, 6.0]","[-4.5, -2.5]","[6.5, 7.0]","[6.0, 6.708204]","[-1.5, 1.5]",[5.0],[5.0],[0.5],1,0,1,0,1.0,0.0,1
1290,11,4,3,"[0.5, 1.0, 2.0, 2.0, 3.5, 3.5, 4.5, 6.0, 6.0, 7.5]","[0.0, 0.0, 1.0, 2.0, 2.4494898, 3.4641016, 4.2426405, 5.196152, 5.91608, 7.3484693]","[0.5, 1.0, 1.0, 2.0, 2.0, 2.5, 2.5, 3.0, 3.0, 3.5, 3.5]","[0.0, 0.0, 0.0, 0.0, 0.0, 0.0, 0.0, 1.7320508, 3.0, 3.4641016, 3.4641016]","[-5.0, -4.5, -4.0, -3.5, -3.5, -3.5, -3.0, -2.5, -2.5, -2.5, -2.0]","[0.5, 1.0, 2.0, 2.5]","[0.0, 0.0, 0.0, 0.0]","[-5.0, -3.5, -3.5, -2.5]","[3.0, 3.5, 4.5, 5.0]","[0.0, 3.4641016, 3.7416575, 4.8989797]","[-3.0, -2.5, 1.5, 2.5]","[4.5, 5.0, 6.0]","[3.7416575, 4.8989797, 5.656854]","[1.5, 1.5, 2.5]",1,2,1,0,1.0,0.0,0
15187,4,1,1,"[0.0, 0.5, 0.5, 1.5, 1.5, 1.5, 3.5, 3.5, 5.0, 5.5]","[0.0, 0.0, 0.0, 0.0, 0.0, 0.0, 1.4142135, 3.0, 3.1622777, 5.2915025]","[2.0, 2.5, 4.0, 4.0]","[0.0, 0.0, 0.0, 2.6457512]","[-5.5, -4.0, -3.0, -1.5]",[2.0],[0.0],[-4.0],[7.0],[7.0],[6.5],[7.0],[7.0],[6.5],0,1,0,0,0.0,0.0,0
126,13,4,2,"[0.0, 0.5, 1.5, 2.0, 3.0, 4.0, 5.0, 6.0, 6.0, 7.5]","[0.0, 0.0, 0.0, 0.0, 0.0, 1.7320508, 4.582576, 5.656854, 6.0, 7.3484693]","[0.5, 1.5, 1.5, 2.0, 2.0, 2.5, 3.0, 3.0, 3.0, 3.0, 4.5, 6.0, 6.5]","[0.0, 0.0, 0.0, 0.0, 0.0, 0.0, 2.236068, 2.236068, 2.236068, 2.828427, 4.2426405, 5.91608, 6.4807405]","[-6.0, -4.5, -4.5, -4.0, -4.0, -4.0, -4.0, -3.0, -3.0, -2.5, -2.5, -1.5, -1.0]","[0.5, 1.5, 2.0, 3.0]","[0.0, 0.0, 0.0, 2.236068]","[-6.0, -4.5, -4.0, -3.0]","[2.0, 3.0, 3.0, 4.0]","[0.0, 2.236068, 2.236068, 3.8729835]","[-4.0, -3.0, 1.0, 1.5]","[3.0, 4.0]","[2.236068, 3.8729835]","[1.0, 1.5]",2,2,0,1,0.0,2.0,1
556,20,5,2,"[1.0, 1.5, 3.0, 3.0, 5.0, 5.0, 5.5, 5.5, 6.0, 6.5]","[0.0, 1.0, 2.828427, 3.0, 4.0, 4.8989797, 5.2915025, 5.477226, 5.656854, 6.3245554]","[0.5, 0.5, 0.5, 1.0, 1.0, 1.0, 1.0, 1.5, 2.0, 2.0, 2.0, 2.5, 2.5, 2.5, 3.0, 3.5, 4.0, 4.0, 5.0, 6.5]","[0.0, 0.0, 0.0, 0.0, 0.0, 0.0, 0.0, 0.0, 1.0, 1.4142135, 1.7320508, 2.0, 2.4494898, 2.4494898, 2.828427, 3.4641016, 3.4641016, 3.8729835, 4.582576, 6.4807405]","[-7.0, -6.0, -5.5, -5.0, -4.0, -4.0, -3.5, -3.5, -3.5, -3.0, -3.0, -3.0, -2.5, -2.5, -2.0, -2.0, -2.0, -1.5, -1.5, -1.0]","[0.5, 0.5, 0.5, 1.0, 1.0]","[0.0, 0.0, 0.0, 0.0, 1.0]","[-7.0, -5.5, -4.0, -3.0, -2.5]","[2.5, 3.0, 4.5, 6.0, 7.0]","[2.236068, 2.4494898, 2.828427, 5.91608, 6.708204]","[-4.0, -0.5, 0.5, 2.0, 3.0]","[2.0, 5.0]","[0.0, 4.582576]","[0.5, 0.5]",3,0,2,0,1.5,0.0,1
966,1,1,1,"[0.0, 1.0, 1.0, 1.0, 1.5, 2.0, 2.0, 2.5, 2.5, 5.5]","[0.0, 0.0, 0.0, 1.0, 1.0, 1.0, 1.7320508, 2.0, 2.0, 5.2915025]",[1.5],[1.4142135],[-4.0],[1.5],[1.4142135],[-4.0],[3.0],[0.0],[0.5],[3.0],[0.0],[0.5],0,1,0,0,0.0,0.0,1
524,8,2,2,"[0.0, 1.0, 1.0, 1.5, 2.5, 2.5, 2.5, 4.5, 5.5, 5.5]","[0.0, 0.0, 0.0, 0.0, 0.0, 2.0, 2.0, 2.828427, 4.8989797, 4.8989797]","[0.5, 1.0, 2.0, 2.0, 2.5, 3.0, 3.5, 3.5]","[0.0, 0.0, 1.0, 2.0, 2.0, 2.236068, 2.4494898, 2.4494898]","[-7.0, -6.0, -6.0, -3.5, -2.5, -2.5, -2.0, -2.0]","[0.5, 1.0]","[0.0, 1.0]","[-7.0, -6.0]","[2.5, 6.5]","[2.4494898, 6.3245554]","[1.0, 4.5]","[2.5, 6.5]","[2.4494898, 6.3245554]","[1.0, 4.5]",0,2,0,0,0.0,0.0,1
46,12,4,2,"[1.0, 1.0, 1.5, 2.5, 2.5, 3.0, 4.0, 6.0, 7.0, 7.5]","[0.0, 0.0, 1.0, 1.4142135, 2.0, 2.0, 3.0, 5.91608, 6.708204, 7.3484693]","[0.5, 1.0, 1.5, 2.0, 2.5, 2.5, 3.5, 3.5, 4.0, 4.5, 5.5, 6.0]","[0.0, 0.0, 0.0, 0.0, 1.4142135, 2.0, 2.4494898, 3.4641016, 4.0, 4.2426405, 5.2915025, 5.656854]","[-4.5, -4.5, -4.0, -3.5, -3.0, -3.0, -3.0, -3.0, -2.0, -1.5, -1.5, -1.5]","[0.5, 1.0, 1.5, 2.5]","[0.0, 0.0, 1.4142135, 2.0]","[-4.5, -4.5, -3.0, -3.0]","[3.5, 3.5, 4.5, 4.5]","[0.0, 2.4494898, 2.828427, 3.4641016]","[-2.5, -2.0, 0.0, 0.5]","[3.5, 4.5]","[2.828427, 3.1622777]","[0.0, 1.5]",2,1,1,0,2.0,0.0,1
60326,5,3,2,"[0.0, 0.5, 1.0, 1.0, 2.0, 2.0, 3.0, 4.5, 4.5, 6.0]","[0.0, 0.0, 0.0, 0.0, 0.0, 0.0, 0.0, 2.828427, 2.828427, 5.656854]","[1.5, 1.5, 3.5, 4.0, 5.5]","[0.0, 1.4142135, 2.6457512, 3.1622777, 5.477226]","[-7.0, -4.0, -3.0, -2.5, -2.0]","[1.5, 3.5, 4.0]","[1.4142135, 2.6457512, 3.1622777]","[-4.0, -2.5, -2.0]","[3.5, 5.5, 9.0]","[2.4494898, 4.8989797, 9.0]","[0.5, 4.5, 5.5]","[5.5, 5.5]","[4.8989797, 5.477226]","[4.0, 5.5]",1,1,1,0,1.0,0.0,0
679,8,3,3,"[0.0, 0.5, 1.0, 2.5, 2.5, 2.5, 3.5, 5.0, 5.5, 7.0]","[0.0, 0.0, 0.0, 0.0, 0.0, 2.4494898, 3.0, 3.1622777, 5.2915025, 6.708204]","[1.5, 2.0, 3.0, 3.5, 3.5, 4.0, 4.5, 4.5]","[0.0, 0.0, 2.4494898, 2.6457512, 2.828427, 2.828427, 2.828427, 3.4641016]","[-5.0, -4.5, -3.5, -3.0, -2.5, -2.0, -2.0, -1.0]","[1.5, 2.0, 3.0]","[0.0, 0.0, 2.828427]","[-5.0, -2.0, -2.0]","[2.5, 4.5, 8.5]","[2.4494898, 4.472136, 8.485281]","[0.0, 3.5, 5.5]","[2.5, 4.5, 8.5]","[2.4494898, 4.472136, 8.485281]","[0.0, 3.5, 5.5]",0,3,0,0,0.0,0.0,1
57273,11,3,1,"[0.5, 1.0, 2.0, 2.5, 3.0, 3.0, 3.5, 5.0, 6.5, 9.0]","[0.0, 0.0, 0.0, 0.0, 0.0, 2.236068, 3.4641016, 4.0, 6.4807405, 9.0]","[1.0, 1.5, 2.0, 2.0, 2.0, 2.5, 2.5, 2.5, 3.5, 4.0, 4.5]","[0.0, 0.0, 1.7320508, 1.7320508, 1.7320508, 2.0, 2.0, 2.4494898, 2.6457512, 3.4641016, 4.472136]","[-6.0, -5.0, -4.5, -4.0, -3.5, -3.5, -3.5, -3.0, -3.0, -3.0, -2.5]","[1.0, 2.0, 2.5]","[0.0, 1.7320508, 2.0]","[-4.5, -3.5, -3.0]","[2.0, 2.5, 2.5]","[1.7320508, 2.0, 2.4494898]","[-4.5, -3.5, -0.5]",[2.5],[2.4494898],[-0.5],2,1,0,1,0.0,2.0,0
64187,6,2,2,"[0.0, 0.0, 1.0, 1.5, 2.5, 2.5, 3.5, 3.5, 4.5, 6.5]","[0.0, 0.0, 0.0, 0.0, 0.0, 0.0, 1.0, 2.4494898, 4.2426405, 6.3245554]","[1.5, 2.5, 3.0, 3.0, 3.0, 3.5]","[0.0, 0.0, 0.0, 2.0, 2.236068, 2.828427]","[-4.5, -3.5, -3.5, -2.5, -2.0, -1.0]","[3.0, 3.0]","[0.0, 2.828427]","[-3.5, -2.5]","[5.5, 6.0]","[5.477226, 5.656854]","[3.5, 4.0]","[5.5, 6.0]","[5.477226, 5.656854]","[3.5, 4.0]",0,2,0,0,0.0,0.0,0
302,5,2,2,"[0.5, 0.5, 1.0, 1.5, 1.5, 1.5, 2.5, 4.0, 4.5, 4.5]","[0.0, 0.0, 0.0, 0.0, 0.0, 0.0, 1.0, 1.4142135, 2.828427, 3.8729835]","[1.0, 3.0, 3.0, 3.5, 4.0]","[0.0, 0.0, 2.236068, 2.6457512, 3.1622777]","[-4.0, -3.5, -3.0, -2.5, -1.5]","[1.0, 3.0]","[0.0, 2.236068]","[-4.0, -3.5]","[2.5, 5.0]","[0.0, 4.0]","[1.5, 3.0]","[2.5, 5.0]","[0.0, 4.0]","[1.5, 3.0]",0,2,0,0,0.0,0.0,1
337,4,2,1,"[0.0, 0.5, 0.5, 1.0, 1.0, 1.5, 2.0, 2.5, 6.0, 9.0]","[0.0, 0.0, 0.0, 0.0, 0.0, 0.0, 0.0, 2.0, 5.196152, 9.0]","[2.5, 2.5, 3.0, 4.5]","[0.0, 0.0, 2.828427, 2.828427]","[-6.5, -4.5, -3.0, -1.0]","[2.5, 3.0]","[0.0, 2.828427]","[-6.5, -3.0]","[3.5, 5.5]","[0.0, 4.8989797]","[-2.5, 1.0]",[2.5],[0.0],[1.0],1,0,1,0,1.0,0.0,1
719,9,3,1,"[0.0, 1.5, 2.0, 2.0, 2.0, 2.0, 3.0, 4.5, 6.0, 7.5]","[0.0, 0.0, 0.0, 1.4142135, 1.7320508, 2.0, 2.828427, 4.472136, 5.91608, 7.3484693]","[1.0, 1.0, 2.0, 2.0, 2.0, 2.0, 2.5, 2.5, 4.5]","[0.0, 0.0, 0.0, 0.0, 1.7320508, 2.0, 2.0, 2.4494898, 3.7416575]","[-7.0, -3.0, -3.0, -2.5, -2.0, -2.0, -2.0, -1.5, -1.0]","[1.0, 2.0, 2.5]","[0.0, 2.0, 2.4494898]","[-7.0, -3.0, -1.5]","[4.5, 5.0, 5.0]","[3.0, 3.7416575, 4.0]","[-1.0, -0.5, 1.5]",[8.0],[7.937254],[4.0],2,0,1,0,2.0,0.0,1
896,6,2,2,"[0.0, 0.5, 1.0, 1.5, 2.0, 2.5, 3.0, 4.5, 4.5, 8.5]","[0.0, 0.0, 0.0, 0.0, 0.0, 0.0, 2.0, 2.828427, 4.2426405, 8.485281]","[1.5, 2.5, 3.5, 4.0, 4.5, 6.0]","[0.0, 1.4142135, 2.4494898, 2.6457512, 4.472136, 5.656854]","[-6.0, -4.5, -3.5, -2.5, -1.5, -1.0]","[1.5, 2.5]","[0.0, 1.4142135]","[-6.0, -4.5]","[2.5, 3.5]","[2.4494898, 3.1622777]","[-0.5, 0.5]","[2.5, 3.5]","[2.4494898, 3.1622777]","[-0.5, 0.5]",0,2,0,0,0.0,0.0,1
285,3,2,0,"[0.0, 0.0, 0.0, 0.5, 1.5, 2.5, 2.5, 4.0, 4.5, 8.0]","[0.0, 0.0, 0.0, 0.0, 0.0, 0.0, 2.0, 2.6457512, 4.472136, 7.937254]","[3.0, 3.5, 4.5]","[2.828427, 3.4641016, 4.2426405]","[-2.5, -2.0, -1.5]","[3.5, 4.5]","[3.4641016, 4.2426405]","[-2.5, -2.0]","[3.5, 4.5]","[3.4641016, 4.2426405]","[-2.5, -2.0]",[],[],[],2,0,0,1,0.0,2.0,1
976,6,3,3,"[0.0, 0.0, 0.5, 0.5, 3.0, 4.0, 4.0, 4.0, 7.5, 8.0]","[0.0, 0.0, 0.0, 0.0, 0.0, 0.0, 3.4641016, 4.0, 7.483315, 8.0]","[2.5, 2.5, 3.0, 4.5, 4.5, 4.5]","[2.0, 2.4494898, 2.828427, 3.7416575, 4.2426405, 4.472136]","[-5.0, -4.5, -3.5, -3.0, -2.5, -1.5]","[2.5, 2.5, 3.0]","[2.0, 2.4494898, 2.828427]","[-5.0, -4.5, -2.5]","[6.0, 6.5, 7.0]","[5.91608, 6.0, 6.708204]","[1.5, 2.5, 5.0]","[6.0, 6.5, 7.0]","[5.91608, 6.0, 6.708204]","[1.5, 2.5, 5.0]",0,3,0,0,0.0,0.0,1
97226,5,2,2,"[0.5, 1.0, 1.5, 1.5, 2.0, 3.0, 3.5, 4.0, 5.5, 7.0]","[0.0, 0.0, 0.0, 0.0, 1.4142135, 1.7320508, 3.1622777, 3.8729835, 5.2915025, 7.0]","[1.5, 2.0, 2.5, 3.0, 3.5]","[0.0, 0.0, 2.0, 2.4494898, 2.828427]","[-4.5, -4.0, -3.0, -2.0, -1.0]","[1.5, 2.5]","[0.0, 2.0]","[-4.5, -3.0]","[5.5, 6.0]","[4.2426405, 5.196152]","[3.0, 4.0]","[5.5, 6.0]","[4.2426405, 5.196152]","[3.0, 4.0]",0,2,0,0,0.0,0.0,0
658,5,1,1,"[0.0, 0.5, 1.5, 2.0, 2.5, 2.5, 4.0, 4.0, 4.5, 6.5]","[0.0, 0.0, 0.0, 0.0, 1.4142135, 2.0, 2.0, 2.6457512, 3.7416575, 6.3245554]","[2.0, 2.5, 2.5, 2.5, 3.5]","[0.0, 2.0, 2.4494898, 2.4494898, 3.4641016]","[-5.5, -5.0, -5.0, -4.0, -2.5]",[2.5],[2.0],[-5.0],[3.0],[2.828427],[2.0],[3.0],[2.828427],[2.0],0,1,0,0,0.0,0.0,1
57905,4,3,1,"[0.0, 0.5, 1.5, 1.5, 2.0, 2.5, 2.5, 3.5, 3.5, 8.5]","[0.0, 0.0, 0.0, 0.0, 1.4142135, 2.0, 2.4494898, 2.4494898, 3.1622777, 8.485281]","[0.5, 0.5, 3.0, 3.5]","[0.0, 0.0, 2.4494898, 2.828427]","[-6.5, -2.5, -1.5, -1.5]","[0.5, 0.5, 3.5]","[0.0, 0.0, 2.4494898]","[-6.5, -2.5, -1.5]","[2.0, 6.0, 6.0]","[1.7320508, 5.196152, 5.656854]","[-2.5, 1.0, 2.0]",[8.5],[8.485281],[7.0],2,0,1,0,2.0,0.0,0
79821,3,3,2,"[0.5, 1.0, 1.5, 1.5, 2.5, 2.5, 3.0, 3.5, 4.0, 5.0]","[0.0, 0.0, 0.0, 0.0, 1.4142135, 2.236068, 2.4494898, 3.1622777, 3.4641016, 4.582576]","[2.0, 2.0, 2.0]","[0.0, 0.0, 1.7320508]","[-4.0, -3.0, -2.0]","[2.0, 2.0, 2.0]","[0.0, 0.0, 1.7320508]","[-4.0, -3.0, -2.0]","[3.0, 3.0, 3.5]","[0.0, 2.828427, 2.828427]","[0.0, 1.5, 1.5]","[3.0, 4.0]","[2.6457512, 2.828427]","[1.5, 2.5]",1,1,1,0,1.0,0.0,0
64367,5,3,3,"[0.0, 0.0, 0.0, 2.0, 2.0, 4.5, 5.0, 5.0, 5.0, 7.0]","[0.0, 0.0, 0.0, 0.0, 0.0, 2.0, 4.0, 4.0, 4.0, 6.928203]","[1.0, 4.5, 5.0, 5.0, 5.0]","[1.0, 3.7416575, 4.0, 4.582576, 4.8989797]","[-4.0, -3.5, -3.5, -3.5, -2.5]","[1.0, 4.5, 5.0]","[1.0, 3.7416575, 4.582576]","[-4.0, -3.5, -2.5]","[5.0, 6.5, 7.0]","[5.0, 6.0, 7.0]","[0.0, 4.5, 6.0]","[5.0, 6.5, 7.0]","[5.0, 6.0, 7.0]","[0.0, 4.5, 6.0]",0,3,0,0,0.0,0.0,0
164,15,3,3,"[0.5, 0.5, 1.5, 1.5, 3.0, 3.5, 4.0, 5.5, 8.0, 8.0]","[0.0, 0.0, 0.0, 0.0, 0.0, 1.4142135, 2.828427, 4.8989797, 7.937254, 8.0]","[1.0, 1.0, 1.5, 1.5, 1.5, 1.5, 2.5, 3.0, 3.5, 4.0, 4.0, 4.5, 5.0, 5.5, 6.0]","[0.0, 0.0, 0.0, 0.0, 1.0, 1.4142135, 1.4142135, 2.4494898, 2.6457512, 3.0, 3.8729835, 4.472136, 5.0, 5.477226, 6.0]","[-6.5, -4.5, -4.5, -4.5, -4.5, -4.5, -4.5, -3.5, -3.5, -3.0, -3.0, -2.5, -2.0, -1.5, -1.0]","[1.0, 1.0, 1.5]","[0.0, 1.0, 1.4142135]","[-6.5, -4.5, -4.5]","[4.0, 5.5, 6.5]","[2.6457512, 5.2915025, 6.0]","[2.5, 2.5, 4.5]","[4.0, 5.5, 6.5]","[2.6457512, 5.2915025, 6.0]","[2.5, 2.5, 4.5]",0,3,0,0,0.0,0.0,1
74687,4,3,3,"[1.0, 1.5, 1.5, 1.5, 2.0, 2.5, 3.5, 4.0, 4.5, 5.5]","[0.0, 0.0, 0.0, 0.0, 1.4142135, 1.4142135, 2.828427, 3.1622777, 4.0, 5.477226]","[2.0, 2.0, 2.0, 2.5]","[1.7320508, 1.7320508, 2.0, 2.0]","[-4.5, -3.0, -2.0, -1.0]","[2.0, 2.0, 2.5]","[1.7320508, 2.0, 2.0]","[-4.5, -3.0, -1.0]","[4.0, 7.5, 8.5]","[2.6457512, 7.3484693, 8.485281]","[2.5, 4.0, 7.0]","[4.0, 7.5, 8.5]","[2.6457512, 7.3484693, 8.485281]","[2.5, 4.0, 7.0]",0,3,0,0,0.0,0.0,0
68362,4,1,1,"[0.0, 0.0, 0.5, 1.0, 1.5, 1.5, 4.0, 5.0, 5.0, 5.5]","[0.0, 0.0, 0.0, 0.0, 0.0, 1.4142135, 2.6457512, 3.0, 4.0, 5.2915025]","[0.5, 2.5, 2.5, 6.0]","[0.0, 0.0, 2.4494898, 5.656854]","[-6.0, -4.5, -2.0, -2.0]",[0.5],[0.0],[-4.5],[3.5],[3.1622777],[2.0],[3.5],[3.1622777],[2.0],0,1,0,0,0.0,0.0,0
227,4,3,2,"[0.0, 0.0, 1.0, 1.0, 1.5, 1.5, 2.0, 2.0, 3.5, 7.0]","[0.0, 0.0, 0.0, 0.0, 0.0, 0.0, 0.0, 1.4142135, 3.1622777, 6.708204]","[1.5, 2.0, 2.0, 2.0]","[0.0, 0.0, 1.7320508, 1.7320508]","[-3.5, -3.5, -3.0, -1.0]","[1.5, 2.0, 2.0]","[0.0, 1.7320508, 1.7320508]","[-3.5, -3.0, -1.0]","[2.0, 3.0, 5.5]","[0.0, 2.828427, 5.2915025]","[-3.5, 0.5, 4.5]","[2.0, 5.5]","[1.7320508, 5.2915025]","[1.0, 4.5]",1,1,1,0,1.0,0.0,1
541,4,1,1,"[0.0, 0.5, 1.5, 1.5, 2.0, 2.5, 3.5, 3.5, 5.0, 6.5]","[0.0, 0.0, 0.0, 1.4142135, 2.0, 2.0, 2.4494898, 3.1622777, 4.582576, 6.3245554]","[0.5, 2.0, 2.5, 3.0]","[0.0, 1.7320508, 2.236068, 2.4494898]","[-5.0, -4.0, -4.0, -1.5]",[0.5],[0.0],[-5.0],[4.5],[3.7416575],[2.5],[4.5],[3.7416575],[2.5],0,1,0,0,0.0,0.0,1
19532,7,3,2,"[0.0, 0.5, 0.5, 1.5, 2.0, 2.0, 4.0, 4.0, 4.0, 9.0]","[0.0, 0.0, 0.0, 0.0, 0.0, 1.7320508, 3.4641016, 3.8729835, 3.8729835, 9.0]","[1.0, 1.5, 1.5, 2.0, 2.5, 2.5, 4.5]","[0.0, 0.0, 0.0, 1.0, 1.4142135, 2.0, 3.7416575]","[-6.0, -5.0, -5.0, -4.5, -3.0, -2.0, -1.5]","[1.0, 1.5, 2.5]","[0.0, 1.0, 1.4142135]","[-6.0, -5.0, -2.0]","[4.5, 5.0, 6.5]","[2.828427, 4.8989797, 6.3245554]","[-1.5, 1.5, 2.0]","[5.0, 9.0]","[4.8989797, 9.0]","[1.5, 7.5]",1,1,1,0,1.0,0.0,0
928,9,4,2,"[0.5, 1.0, 1.0, 1.5, 2.0, 3.0, 3.5, 4.5, 5.0, 7.5]","[0.0, 0.0, 0.0, 0.0, 1.4142135, 1.7320508, 3.0, 3.4641016, 4.472136, 7.483315]","[0.5, 0.5, 1.5, 2.0, 2.5, 3.0, 3.5, 4.0, 7.5]","[0.0, 0.0, 0.0, 0.0, 1.4142135, 2.0, 2.4494898, 4.0, 7.483315]","[-4.5, -4.0, -4.0, -3.5, -3.5, -3.5, -1.5, -1.5, -1.0]","[0.5, 0.5, 1.5, 3.0]","[0.0, 0.0, 0.0, 1.4142135]","[-4.5, -4.0, -3.5, -1.5]","[0.5, 3.0, 4.0, 6.5]","[0.0, 0.0, 3.4641016, 6.3245554]","[-4.5, -1.5, 0.0, 5.5]","[4.0, 6.5]","[3.4641016, 6.3245554]","[0.0, 5.5]",2,2,0,1,0.0,2.0,1
32957,5,3,2,"[0.0, 0.5, 1.5, 1.5, 2.0, 2.5, 3.0, 4.0, 4.5, 6.0]","[0.0, 0.0, 1.4142135, 1.4142135, 2.0, 2.236068, 2.4494898, 3.8729835, 4.472136, 5.196152]","[1.0, 1.5, 2.0, 2.5, 4.0]","[0.0, 1.0, 1.7320508, 2.0, 2.6457512]","[-3.5, -3.0, -3.0, -1.5, -1.5]","[1.0, 1.5, 2.0]","[0.0, 1.0, 1.7320508]","[-3.5, -1.5, -1.5]","[1.0, 2.0, 3.0]","[0.0, 0.0, 2.828427]","[-3.0, -1.0, 1.5]","[3.0, 8.0]","[2.828427, 7.937254]","[1.5, 7.0]",1,1,1,0,1.0,0.0,0
79546,8,3,1,"[0.5, 1.0, 1.0, 1.0, 1.5, 1.5, 3.0, 5.0, 7.0, 7.0]","[0.0, 0.0, 0.0, 0.0, 0.0, 0.0, 1.0, 3.0, 6.928203, 6.928203]","[2.0, 2.0, 2.5, 3.0, 3.5, 4.5, 4.5, 5.5]","[0.0, 0.0, 2.236068, 2.4494898, 3.1622777, 4.2426405, 4.472136, 4.8989797]","[-6.0, -3.0, -2.5, -2.5, -2.0, -2.0, -2.0, -1.5]","[2.0, 2.5, 3.0]","[0.0, 2.236068, 2.4494898]","[-6.0, -3.0, -2.5]","[2.0, 5.5, 8.0]","[2.0, 5.2915025, 7.937254]","[-1.5, 0.0, 2.0]",[6.5],[6.3245554],[5.5],2,0,1,0,2.0,0.0,0
60587,5,2,2,"[0.5, 1.0, 2.0, 2.0, 3.5, 3.5, 4.0, 4.5, 4.5, 5.5]","[0.0, 0.0, 0.0, 1.7320508, 2.4494898, 2.828427, 3.1622777, 3.7416575, 3.8729835, 5.477226]","[3.0, 3.0, 3.5, 4.0, 4.5]","[0.0, 2.236068, 3.1622777, 3.7416575, 4.0]","[-3.5, -3.0, -2.5, -2.5, -1.0]","[3.0, 3.5]","[2.236068, 3.1622777]","[-3.5, -3.0]","[2.0, 7.0]","[2.0, 7.0]","[-1.0, 5.0]","[2.0, 7.0]","[2.0, 7.0]","[-1.0, 5.0]",0,2,0,0,0.0,0.0,0
98490,8,4,2,"[0.5, 0.5, 1.0, 1.5, 2.0, 2.0, 2.0, 2.5, 6.5, 7.0]","[0.0, 0.0, 0.0, 0.0, 0.0, 1.0, 1.7320508, 2.0, 6.0, 6.928203]","[0.5, 1.0, 1.5, 3.0, 3.0, 3.5, 3.5, 4.5]","[0.0, 0.0, 0.0, 0.0, 1.4142135, 2.828427, 2.828427, 3.1622777]","[-4.5, -4.0, -3.5, -3.0, -3.0, -2.5, -1.5, -1.5]","[0.5, 1.0, 1.5, 3.0]","[0.0, 0.0, 0.0, 1.4142135]","[-4.5, -3.0, -2.5, -1.5]","[5.5, 6.5, 7.0, 8.0]","[4.2426405, 6.4807405, 6.928203, 8.0]","[0.5, 3.0, 5.5, 6.0]","[4.5, 8.0]","[4.472136, 8.0]","[4.0, 5.5]",2,1,1,0,2.0,0.0,0
39176,11,3,1,"[1.0, 1.0, 1.0, 1.5, 1.5, 2.5, 4.5, 5.5, 6.0, 8.5]","[0.0, 0.0, 0.0, 1.0, 1.4142135, 2.4494898, 2.828427, 4.8989797, 5.656854, 8.485281]","[1.0, 1.0, 2.0, 2.0, 2.0, 3.0, 3.0, 3.5, 3.5, 3.5, 7.0]","[0.0, 0.0, 0.0, 0.0, 0.0, 1.7320508, 1.7320508, 2.0, 2.236068, 3.1622777, 6.928203]","[-7.0, -6.0, -6.0, -4.5, -4.0, -2.0, -2.0, -2.0, -1.5, -1.5, -1.5]","[1.0, 1.0, 2.0]","[0.0, 0.0, 1.7320508]","[-7.0, -4.5, -4.0]","[1.0, 2.0, 3.5]","[0.0, 1.7320508, 3.1622777]","[-7.0, -4.5, 2.0]",[3.5],[3.1622777],[2.0],2,1,0,1,0.0,2.0,0
83814,3,1,1,"[1.0, 1.0, 1.5, 1.5, 1.5, 2.0, 2.0, 2.5, 4.5, 4.5]","[0.0, 0.0, 0.0, 0.0, 0.0, 0.0, 1.4142135, 1.4142135, 4.2426405, 4.2426405]","[2.0, 3.0, 3.5]","[0.0, 3.0, 3.1622777]","[-4.0, -2.0, -1.0]",[3.0],[3.0],[-2.0],[8.0],[8.0],[6.5],[8.0],[8.0],[6.5],0,1,0,0,0.0,0.0,0
75776,9,2,2,"[0.0, 0.5, 0.5, 2.0, 3.0, 4.0, 4.0, 4.5, 5.0, 5.5]","[0.0, 0.0, 0.0, 0.0, 0.0, 0.0, 0.0, 3.8729835, 4.0, 4.8989797]","[2.0, 2.0, 2.0, 3.0, 3.5, 3.5, 3.5, 5.0, 6.0]","[0.0, 0.0, 1.7320508, 2.0, 2.0, 3.4641016, 3.4641016, 5.0, 5.91608]","[-6.5, -6.0, -4.0, -3.5, -3.5, -3.0, -2.5, -2.0, -2.0]","[2.0, 5.0]","[2.0, 5.0]","[-4.0, -2.0]","[7.5, 8.5]","[7.3484693, 8.485281]","[6.0, 7.5]","[7.5, 8.5]","[7.3484693, 8.485281]","[6.0, 7.5]",0,2,0,0,0.0,0.0,0
699,5,3,2,"[0.0, 0.0, 1.5, 1.5, 2.0, 2.5, 2.5, 3.0, 3.5, 6.5]","[0.0, 0.0, 0.0, 0.0, 0.0, 0.0, 1.4142135, 1.4142135, 2.0, 6.0]","[1.0, 2.0, 3.0, 3.0, 3.5]","[0.0, 1.0, 1.7320508, 2.236068, 3.0]","[-4.5, -4.0, -3.0, -2.0, -1.5]","[1.0, 2.0, 3.0]","[1.0, 1.7320508, 3.0]","[-4.5, -4.0, -3.0]","[2.0, 4.5, 6.5]","[1.7320508, 3.7416575, 6.0]","[-0.5, 0.0, 6.5]","[6.5, 7.5]","[6.0, 7.3484693]","[6.5, 7.0]",1,1,1,0,1.0,0.0,1
32525,2,2,2,"[0.5, 0.5, 0.5, 0.5, 1.5, 2.5, 3.5, 4.5, 6.0, 6.5]","[0.0, 0.0, 0.0, 0.0, 1.4142135, 2.4494898, 2.4494898, 3.7416575, 5.656854, 6.4807405]","[2.5, 3.5]","[0.0, 0.0]","[-4.0, -1.0]","[2.5, 3.5]","[0.0, 0.0]","[-4.0, -1.0]","[6.0, 6.5]","[6.0, 6.3245554]","[4.0, 5.0]","[6.0, 6.5]","[6.0, 6.3245554]","[4.0, 5.0]",0,2,0,0,0.0,0.0,0
40896,13,3,2,"[0.0, 0.0, 1.0, 3.5, 3.5, 4.5, 4.5, 5.0, 5.5, 8.0]","[0.0, 0.0, 0.0, 0.0, 1.0, 2.4494898, 2.4494898, 3.0, 4.8989797, 7.937254]","[1.0, 1.5, 2.0, 2.5, 3.0, 3.5, 3.5, 4.0, 4.0, 4.5, 5.5, 5.5, 6.0]","[0.0, 0.0, 1.4142135, 1.7320508, 2.4494898, 2.828427, 3.1622777, 3.4641016, 3.7416575, 3.8729835, 5.2915025, 5.477226, 5.656854]","[-6.0, -5.5, -5.5, -5.0, -4.5, -4.5, -4.5, -3.5, -3.0, -3.0, -2.5, -1.0, -1.0]","[1.0, 1.5, 3.0]","[0.0, 1.4142135, 2.828427]","[-5.5, -5.0, -1.0]","[1.0, 4.5, 5.5]","[0.0, 1.0, 5.2915025]","[-3.5, -3.0, 2.5]","[1.0, 5.5]","[1.0, 4.8989797]","[-3.5, 0.5]",1,1,1,0,1.0,0.0,0
12453,3,1,1,"[0.0, 1.0, 1.0, 1.5, 1.5, 3.5, 3.5, 3.5, 4.0, 4.5]","[0.0, 0.0, 0.0, 0.0, 0.0, 0.0, 2.4494898, 2.4494898, 3.1622777, 3.4641016]","[1.0, 3.0, 4.0]","[0.0, 2.236068, 3.4641016]","[-6.5, -3.0, -1.0]",[1.0],[0.0],[-6.5],[6.0],[5.196152],[5.0],[6.0],[5.196152],[5.0],0,1,0,0,0.0,0.0,0
989,6,2,1,"[0.5, 0.5, 0.5, 1.0, 1.0, 2.0, 2.5, 3.5, 4.5, 7.0]","[0.0, 0.0, 0.0, 0.0, 0.0, 0.0, 0.0, 1.7320508, 2.4494898, 6.928203]","[0.5, 1.5, 2.5, 3.0, 3.5, 4.0]","[0.0, 0.0, 0.0, 0.0, 0.0, 2.0]","[-5.0, -4.5, -3.5, -3.0, -2.0, -1.0]","[0.5, 2.5]","[0.0, 2.0]","[-5.0, -4.5]","[5.5, 6.0]","[5.477226, 5.91608]","[1.5, 3.0]",[3.5],[3.1622777],[3.5],1,0,1,0,1.0,0.0,1
99321,8,2,1,"[0.5, 1.5, 1.5, 2.0, 2.0, 2.5, 2.5, 3.0, 5.0, 7.5]","[0.0, 0.0, 0.0, 0.0, 0.0, 0.0, 1.4142135, 2.0, 4.8989797, 7.483315]","[1.5, 2.0, 2.5, 2.5, 3.0, 3.0, 3.5, 4.5]","[0.0, 0.0, 1.4142135, 1.7320508, 2.0, 2.0, 3.4641016, 3.7416575]","[-5.0, -3.5, -3.5, -2.5, -2.0, -2.0, -1.5, -1.0]","[1.5, 3.0]","[0.0, 1.4142135]","[-5.0, -1.0]","[3.5, 5.5]","[0.0, 4.2426405]","[-2.5, 2.0]",[5.0],[4.582576],[3.0],1,0,1,0,1.0,0.0,0
87032,5,4,2,"[0.5, 0.5, 1.0, 1.0, 2.0, 2.0, 2.5, 3.5, 5.5, 7.5]","[0.0, 0.0, 0.0, 0.0, 0.0, 0.0, 1.7320508, 3.4641016, 5.2915025, 7.3484693]","[1.5, 2.0, 3.0, 4.0, 4.5]","[0.0, 0.0, 1.7320508, 3.4641016, 4.472136]","[-2.0, -2.0, -2.0, -2.0, -1.0]","[1.5, 2.0, 3.0, 4.0]","[0.0, 0.0, 1.7320508, 3.4641016]","[-2.0, -2.0, -2.0, -1.0]","[1.0, 3.0, 5.5, 7.5]","[0.0, 1.0, 4.2426405, 7.3484693]","[-3.5, -1.0, 1.5, 4.5]","[3.0, 8.5]","[3.0, 8.485281]","[0.5, 8.5]",2,0,2,0,1.0,0.0,0
352,5,2,2,"[0.0, 0.0, 0.0, 1.5, 2.5, 3.0, 3.0, 5.5, 5.5, 7.5]","[0.0, 0.0, 0.0, 0.0, 0.0, 0.0, 2.4494898, 4.8989797, 4.8989797, 7.483315]","[1.0, 1.0, 1.0, 3.5, 4.0]","[0.0, 1.0, 1.0, 3.1622777, 3.4641016]","[-7.0, -6.0, -4.0, -4.0, -1.0]","[1.0, 1.0]","[1.0, 1.0]","[-6.0, -4.0]","[3.5, 6.0]","[0.0, 5.196152]","[0.5, 4.5]","[3.5, 6.0]","[0.0, 5.196152]","[0.5, 4.5]",0,2,0,0,0.0,0.0,1
59060,8,2,1,"[0.0, 1.0, 1.5, 1.5, 1.5, 2.0, 3.0, 4.0, 8.0, 9.0]","[0.0, 0.0, 0.0, 1.0, 1.4142135, 2.0, 2.236068, 2.6457512, 7.937254, 9.0]","[1.5, 2.0, 2.0, 3.5, 4.0, 4.5, 5.0, 7.0]","[0.0, 1.7320508, 2.0, 2.4494898, 3.7416575, 4.0, 4.0, 6.928203]","[-4.5, -4.0, -4.0, -3.0, -3.0, -2.5, -2.0, -1.0]","[1.5, 2.0]","[0.0, 1.7320508]","[-4.0, -4.0]","[7.0, 7.0]","[6.708204, 6.928203]","[2.0, 3.0]",[2.0],[0.0],[1.0],1,0,1,0,1.0,0.0,0
55867,4,1,1,"[0.0, 0.5, 1.0, 1.5, 2.5, 3.0, 3.0, 3.5, 4.0, 4.5]","[0.0, 0.0, 0.0, 0.0, 1.4142135, 2.0, 2.828427, 3.4641016, 3.4641016, 4.2426405]","[2.0, 2.5, 3.0, 4.0]","[0.0, 2.4494898, 2.828427, 3.8729835]","[-4.0, -3.0, -2.0, -1.0]",[2.5],[2.4494898],[-2.0],[2.0],[1.7320508],[-2.0],[2.0],[1.7320508],[-2.0],0,1,0,0,0.0,0.0,0
147,5,3,2,"[0.0, 0.5, 1.0, 1.0, 1.5, 2.5, 2.5, 3.5, 5.5, 6.5]","[0.0, 0.0, 0.0, 0.0, 0.0, 2.4494898, 2.4494898, 3.1622777, 5.2915025, 6.0]","[1.0, 2.5, 3.0, 3.5, 4.0]","[0.0, 0.0, 2.4494898, 2.4494898, 4.0]","[-4.0, -2.0, -2.0, -2.0, -1.0]","[1.0, 2.5, 3.0]","[0.0, 0.0, 2.4494898]","[-4.0, -2.0, -2.0]","[2.5, 4.0, 5.5]","[0.0, 3.4641016, 4.2426405]","[0.0, 0.5, 2.0]","[2.5, 2.5]","[0.0, 0.0]","[0.5, 1.5]",1,1,1,0,1.0,0.0,1
779,6,3,3,"[0.0, 0.0, 0.5, 1.5, 3.0, 3.5, 3.5, 4.0, 4.5, 5.0]","[0.0, 0.0, 0.0, 0.0, 0.0, 1.4142135, 2.236068, 2.4494898, 4.2426405, 4.8989797]","[0.5, 1.0, 2.0, 2.5, 3.5, 4.0]","[0.0, 1.0, 1.7320508, 2.0, 3.1622777, 3.4641016]","[-6.0, -5.0, -3.5, -2.5, -2.5, -1.5]","[0.5, 1.0, 4.0]","[0.0, 1.0, 3.4641016]","[-6.0, -5.0, -2.5]","[3.0, 4.5, 7.5]","[3.0, 4.472136, 7.483315]","[2.5, 3.0, 5.0]","[3.0, 4.5, 7.5]","[3.0, 4.472136, 7.483315]","[2.5, 3.0, 5.0]",0,3,0,0,0.0,0.0,1
881,3,2,2,"[0.0, 0.0, 1.0, 1.0, 2.0, 2.0, 3.5, 4.0, 4.5, 4.5]","[0.0, 0.0, 0.0, 0.0, 0.0, 0.0, 0.0, 0.0, 2.828427, 3.1622777]","[2.5, 3.0, 4.0]","[0.0, 0.0, 4.0]","[-6.0, -2.5, -2.0]","[2.5, 3.0]","[0.0, 0.0]","[-6.0, -2.0]","[2.5, 6.0]","[2.4494898, 5.196152]","[2.0, 3.5]","[2.5, 6.0]","[2.4494898, 5.196152]","[2.0, 3.5]",0,2,0,0,0.0,0.0,1
9192,7,3,2,"[0.5, 0.5, 0.5, 1.0, 2.5, 3.0, 3.0, 4.5, 5.5, 5.5]","[0.0, 0.0, 0.0, 0.0, 0.0, 2.4494898, 2.828427, 2.828427, 4.2426405, 5.477226]","[1.0, 2.0, 2.5, 3.5, 4.0, 4.5, 4.5]","[0.0, 0.0, 0.0, 1.7320508, 2.828427, 3.4641016, 4.2426405]","[-4.0, -3.5, -3.0, -2.5, -2.5, -2.0, -1.5]","[1.0, 2.0, 2.5]","[0.0, 0.0, 1.7320508]","[-4.0, -3.5, -2.0]","[4.0, 4.5, 5.0]","[0.0, 3.0, 3.8729835]","[-1.0, 1.0, 3.0]","[4.5, 5.0]","[2.828427, 3.0]","[1.0, 2.5]",1,1,1,0,1.0,0.0,0
18417,3,2,2,"[0.5, 1.0, 1.0, 1.5, 1.5, 2.0, 2.0, 2.5, 3.0, 6.0]","[0.0, 0.0, 0.0, 0.0, 0.0, 0.0, 1.0, 1.7320508, 2.828427, 5.656854]","[1.0, 1.5, 5.0]","[0.0, 1.4142135, 4.8989797]","[-2.0, -1.5, -1.5]","[1.0, 5.0]","[0.0, 4.8989797]","[-2.0, -1.5]","[5.0, 5.5]","[4.8989797, 4.8989797]","[3.5, 4.5]","[5.0, 5.5]","[4.8989797, 4.8989797]","[3.5, 4.5]",0,2,0,0,0.0,0.0,0
816,3,2,2,"[0.5, 0.5, 1.0, 1.5, 2.0, 2.0, 2.0, 2.5, 4.5, 7.5]","[0.0, 0.0, 0.0, 0.0, 0.0, 1.7320508, 1.7320508, 1.7320508, 4.2426405, 7.483315]","[0.5, 2.5, 2.5]","[0.0, 2.0, 2.4494898]","[-4.5, -3.0, -1.5]","[0.5, 2.5]","[0.0, 2.0]","[-4.5, -1.5]","[4.0, 6.5]","[0.0, 6.3245554]","[1.5, 2.0]","[4.0, 6.5]","[0.0, 6.3245554]","[1.5, 2.0]",0,2,0,0,0.0,0.0,1
48533,5,3,2,"[1.0, 1.0, 1.5, 1.5, 2.0, 2.5, 2.5, 3.0, 7.0, 7.5]","[0.0, 0.0, 0.0, 0.0, 0.0, 1.7320508, 2.0, 2.236068, 6.928203, 7.3484693]","[1.5, 2.0, 2.5, 2.5, 3.5]","[0.0, 0.0, 2.0, 2.4494898, 3.4641016]","[-4.0, -4.0, -3.5, -2.5, -1.5]","[1.5, 2.5, 3.5]","[0.0, 0.0, 3.4641016]","[-4.0, -3.5, -2.5]","[1.5, 3.0, 3.0]","[0.0, 2.828427, 2.828427]","[-2.0, -1.5, -0.5]","[1.5, 6.5]","[0.0, 6.4807405]","[-2.0, 5.5]",1,1,1,0,1.0,0.0,0
906,9,3,3,"[0.5, 1.0, 1.5, 2.5, 2.5, 2.5, 3.0, 3.5, 6.0, 7.5]","[0.0, 0.0, 0.0, 0.0, 0.0, 2.0, 2.828427, 3.1622777, 5.91608, 7.483315]","[1.0, 1.0, 1.0, 2.5, 2.5, 2.5, 2.5, 4.0, 4.5]","[0.0, 0.0, 1.0, 1.0, 2.0, 2.0, 2.4494898, 4.0, 4.2426405]","[-5.5, -4.5, -4.0, -3.5, -3.5, -3.5, -3.5, -2.5, -1.0]","[1.0, 1.0, 4.0]","[1.0, 1.0, 4.0]","[-5.5, -4.5, -1.0]","[3.5, 5.5, 8.0]","[3.4641016, 5.477226, 7.937254]","[1.0, 3.5, 5.0]","[3.5, 5.5, 8.0]","[3.4641016, 5.477226, 7.937254]","[1.0, 3.5, 5.0]",0,3,0,0,0.0,0.0,1
72369,4,2,2,"[0.0, 0.0, 0.5, 0.5, 2.0, 2.0, 3.5, 4.5, 5.5, 7.5]","[0.0, 0.0, 0.0, 0.0, 0.0, 0.0, 0.0, 0.0, 4.2426405, 7.483315]","[1.0, 3.5, 4.5, 5.0]","[0.0, 2.4494898, 4.472136, 4.582576]","[-8.0, -4.0, -3.5, -1.0]","[1.0, 3.5]","[0.0, 2.4494898]","[-8.0, -3.5]","[1.5, 8.0]","[1.4142135, 8.0]","[-2.5, 7.0]","[1.5, 8.0]","[1.4142135, 8.0]","[-2.5, 7.0]",0,2,0,0,0.0,0.0,0
898,6,3,1,"[0.0, 0.5, 1.5, 2.0, 2.0, 3.0, 3.5, 3.5, 5.0, 6.5]","[0.0, 0.0, 0.0, 0.0, 0.0, 2.0, 3.1622777, 3.4641016, 4.8989797, 6.3245554]","[1.0, 2.0, 2.0, 3.0, 3.5, 4.5]","[0.0, 1.0, 1.7320508, 1.7320508, 3.0, 4.2426405]","[-4.0, -3.5, -3.5, -2.5, -2.0, -1.5]","[1.0, 2.0, 2.0]","[1.0, 1.7320508, 1.7320508]","[-4.0, -3.5, -3.5]","[4.0, 4.5, 8.0]","[3.8729835, 4.2426405, 8.0]","[-1.5, 1.0, 3.5]",[1.0],[1.0],[-1.0],2,0,1,0,2.0,0.0,1
390,3,2,2,"[0.0, 0.5, 1.0, 2.0, 2.0, 2.0, 2.5, 3.5, 6.0, 7.0]","[0.0, 0.0, 0.0, 0.0, 0.0, 0.0, 1.7320508, 2.0, 5.196152, 6.708204]","[2.5, 4.5, 6.5]","[2.4494898, 3.7416575, 6.3245554]","[-5.5, -2.0, -1.5]","[2.5, 4.5]","[2.4494898, 3.7416575]","[-5.5, -2.0]","[7.0, 9.0]","[7.0, 9.0]","[5.5, 6.0]","[7.0, 9.0]","[7.0, 9.0]","[5.5, 6.0]",0,2,0,0,0.0,0.0,1
386,10,2,1,"[0.0, 0.0, 0.0, 2.0, 4.0, 4.0, 5.0, 5.5, 6.5, 7.5]","[0.0, 0.0, 0.0, 0.0, 0.0, 4.0, 4.582576, 4.8989797, 6.0, 7.3484693]","[1.0, 1.5, 1.5, 2.0, 2.5, 2.5, 3.0, 4.5, 4.5, 6.0]","[0.0, 0.0, 0.0, 1.0, 1.4142135, 2.0, 2.236068, 4.2426405, 4.2426405, 5.91608]","[-6.5, -5.5, -5.0, -4.5, -4.5, -4.0, -4.0, -3.5, -3.0, -2.0]","[1.0, 2.5]","[0.0, 1.0]","[-5.5, -5.0]","[3.5, 7.5]","[0.0, 7.3484693]","[-3.0, 4.0]",[4.5],[3.7416575],[-0.5],1,0,1,0,1.0,0.0,1
977,4,2,2,"[0.0, 0.5, 0.5, 1.0, 1.5, 3.0, 3.5, 3.5, 3.5, 8.0]","[0.0, 0.0, 0.0, 0.0, 1.0, 1.4142135, 2.236068, 2.4494898, 3.4641016, 7.937254]","[1.0, 1.5, 2.5, 3.5]","[0.0, 0.0, 2.4494898, 3.1622777]","[-4.0, -3.0, -2.0, -1.0]","[1.0, 2.5]","[0.0, 2.4494898]","[-4.0, -1.0]","[1.5, 8.0]","[0.0, 7.937254]","[-3.0, 7.5]","[1.5, 8.0]","[0.0, 7.937254]","[-3.0, 7.5]",0,2,0,0,0.0,0.0,1
48433,7,4,2,"[0.5, 1.5, 2.0, 2.5, 2.5, 3.0, 3.5, 4.0, 5.5, 7.5]","[0.0, 0.0, 0.0, 1.4142135, 2.0, 2.828427, 3.1622777, 3.8729835, 5.2915025, 7.3484693]","[1.0, 1.0, 1.5, 1.5, 2.0, 2.5, 3.5]","[0.0, 0.0, 0.0, 1.4142135, 1.7320508, 2.0, 3.1622777]","[-6.0, -2.5, -2.5, -2.5, -2.5, -2.0, -1.0]","[1.0, 1.0, 1.5, 3.5]","[0.0, 0.0, 0.0, 3.1622777]","[-6.0, -2.5, -2.5, -2.0]","[4.5, 5.0, 6.5, 8.0]","[0.0, 3.0, 6.4807405, 8.0]","[0.0, 2.0, 3.5, 4.0]","[4.5, 7.0]","[0.0, 6.928203]","[2.0, 6.5]",2,1,1,0,2.0,0.0,0
71,10,4,3,"[0.5, 0.5, 1.0, 1.5, 2.0, 2.0, 4.0, 5.5, 6.5, 7.5]","[0.0, 0.0, 0.0, 0.0, 0.0, 0.0, 3.8729835, 4.2426405, 6.0, 7.3484693]","[1.0, 1.5, 2.0, 2.0, 2.0, 2.5, 4.0, 4.0, 4.5, 6.0]","[0.0, 0.0, 1.0, 1.7320508, 2.0, 2.0, 2.828427, 3.4641016, 4.0, 5.91608]","[-5.5, -5.0, -3.5, -3.0, -3.0, -3.0, -3.0, -1.5, -1.5, -1.0]","[1.0, 1.5, 2.0, 4.0]","[0.0, 1.0, 2.0, 4.0]","[-3.5, -3.0, -3.0, -1.0]","[3.0, 3.0, 5.0, 5.5]","[0.0, 2.828427, 4.0, 4.8989797]","[-1.5, -0.5, 1.0, 4.0]","[3.0, 4.0, 5.5]","[0.0, 3.8729835, 4.8989797]","[-0.5, 1.0, 4.0]",1,2,1,0,1.0,0.0,1
92119,5,2,1,"[0.0, 0.5, 1.0, 1.0, 1.0, 2.0, 2.5, 3.0, 5.0, 8.5]","[0.0, 0.0, 0.0, 0.0, 0.0, 0.0, 2.0, 2.4494898, 4.8989797, 8.485281]","[1.0, 1.5, 4.0, 4.5, 5.0]","[0.0, 0.0, 3.4641016, 3.7416575, 4.582576]","[-3.5, -3.5, -3.0, -1.5, -1.0]","[1.0, 4.5]","[0.0, 3.7416575]","[-3.5, -3.0]","[2.5, 5.0]","[2.0, 5.0]","[-2.0, 1.0]",[5.5],[5.2915025],[5.5],1,0,1,0,1.0,0.0,0
63271,3,2,1,"[0.5, 1.5, 1.5, 1.5, 2.5, 3.0, 3.0, 3.0, 3.0, 7.0]","[0.0, 0.0, 0.0, 0.0, 0.0, 1.4142135, 2.236068, 2.236068, 3.0, 6.928203]","[3.0, 3.0, 4.5]","[2.236068, 3.0, 3.7416575]","[-3.5, -2.5, -1.0]","[3.0, 3.0]","[2.236068, 3.0]","[-3.5, -1.0]","[1.0, 4.5]","[0.0, 3.7416575]","[-2.0, 0.0]",[6.0],[5.656854],[5.5],1,0,1,0,1.0,0.0,0
459,5,2,2,"[0.0, 0.5, 0.5, 1.5, 2.0, 2.5, 4.5, 5.0, 5.5, 5.5]","[0.0, 0.0, 0.0, 0.0, 0.0, 0.0, 2.0, 4.2426405, 4.2426405, 5.0]","[2.5, 3.0, 3.5, 4.0, 4.5]","[2.0, 2.6457512, 3.0, 3.1622777, 4.2426405]","[-5.5, -5.0, -4.5, -3.5, -2.5]","[2.5, 3.0]","[2.0, 3.0]","[-4.5, -3.5]","[6.5, 6.5]","[6.0, 6.4807405]","[3.0, 6.0]","[6.5, 6.5]","[6.0, 6.4807405]","[3.0, 6.0]",0,2,0,0,0.0,0.0,1
378,1,1,1,"[0.0, 0.0, 0.5, 1.0, 1.0, 1.0, 2.5, 2.5, 4.0, 5.5]","[0.0, 0.0, 0.0, 0.0, 1.0, 1.0, 2.0, 2.0, 3.8729835, 4.2426405]",[1.5],[0.0],[-3.5],[1.5],[0.0],[-3.5],[3.5],[3.4641016],[2.0],[3.5],[3.4641016],[2.0],0,1,0,0,0.0,0.0,1
420,6,2,1,"[0.5, 0.5, 1.0, 1.0, 1.0, 1.5, 2.5, 6.5, 7.0, 7.5]","[0.0, 0.0, 0.0, 0.0, 1.0, 1.4142135, 2.4494898, 6.0, 6.928203, 7.483315]","[2.0, 2.0, 3.0, 3.0, 4.0, 6.0]","[0.0, 0.0, 1.7320508, 2.236068, 3.4641016, 5.656854]","[-5.5, -5.0, -3.5, -2.0, -2.0, -2.0]","[2.0, 4.0]","[0.0, 3.4641016]","[-5.5, -3.5]","[2.0, 5.5]","[1.7320508, 5.477226]","[-5.0, -0.5]",[7.5],[7.483315],[1.5],1,0,1,0,1.0,0.0,1
840,7,3,2,"[0.5, 1.0, 1.5, 1.5, 2.5, 2.5, 3.5, 5.0, 5.5, 7.0]","[0.0, 0.0, 0.0, 1.0, 1.4142135, 1.4142135, 3.0, 3.1622777, 4.2426405, 7.0]","[0.5, 1.0, 1.5, 2.0, 2.5, 4.5, 4.5]","[0.0, 0.0, 0.0, 0.0, 0.0, 4.2426405, 4.472136]","[-7.0, -6.5, -3.5, -3.0, -3.0, -2.5, -1.5]","[0.5, 1.0, 1.5]","[0.0, 0.0, 0.0]","[-6.5, -3.0, -2.5]","[1.5, 2.0, 6.0]","[1.4142135, 1.7320508, 5.91608]","[-2.5, 0.0, 2.0]","[1.5, 5.0]","[1.4142135, 4.582576]","[0.0, 3.5]",1,1,1,0,1.0,0.0,1
25899,2,2,2,"[0.0, 1.0, 1.5, 1.5, 2.0, 2.5, 3.0, 3.0, 5.5, 5.5]","[0.0, 0.0, 0.0, 0.0, 0.0, 2.0, 2.828427, 2.828427, 5.2915025, 5.2915025]","[1.5, 2.5]","[0.0, 1.4142135]","[-2.5, -2.5]","[1.5, 2.5]","[0.0, 1.4142135]","[-2.5, -2.5]","[4.0, 6.5]","[3.8729835, 6.4807405]","[2.0, 5.5]","[4.0, 6.5]","[3.8729835, 6.4807405]","[2.0, 5.5]",0,2,0,0,0.0,0.0,0
38612,6,2,1,"[1.0, 1.0, 1.5, 1.5, 2.0, 2.0, 2.5, 4.0, 4.0, 6.0]","[0.0, 0.0, 0.0, 0.0, 0.0, 0.0, 1.0, 2.4494898, 3.8729835, 5.656854]","[0.5, 1.5, 1.5, 2.5, 3.5, 3.5]","[0.0, 0.0, 0.0, 0.0, 2.0, 2.4494898]","[-5.5, -5.5, -3.5, -3.0, -2.5, -1.5]","[0.5, 1.5]","[0.0, 0.0]","[-5.5, -3.0]","[5.5, 8.0]","[5.477226, 8.0]","[0.0, 6.0]",[4.0],[3.4641016],[2.5],1,0,1,0,1.0,0.0,0
18252,9,4,2,"[0.5, 0.5, 1.0, 1.5, 2.0, 2.5, 3.0, 3.5, 6.0, 6.0]","[0.0, 0.0, 0.0, 0.0, 0.0, 1.0, 2.4494898, 2.828427, 5.196152, 5.656854]","[0.5, 1.0, 1.5, 1.5, 2.0, 3.0, 3.5, 4.0, 5.0]","[0.0, 0.0, 1.0, 1.4142135, 1.4142135, 1.7320508, 2.6457512, 3.4641016, 4.0]","[-6.0, -5.0, -3.5, -3.5, -3.0, -2.5, -2.5, -2.0, -1.5]","[0.5, 1.0, 1.5, 3.0]","[0.0, 0.0, 1.0, 1.4142135]","[-5.0, -3.5, -2.5, -1.5]","[1.0, 3.0, 4.5, 6.0]","[1.0, 3.0, 4.472136, 5.656854]","[-3.0, 1.0, 3.0, 3.5]","[4.5, 7.5]","[2.828427, 7.3484693]","[4.5, 6.0]",2,0,2,0,1.0,0.0,0
922,6,2,1,"[0.0, 0.5, 1.0, 1.0, 3.0, 3.5, 3.5, 5.5, 6.5, 7.5]","[0.0, 0.0, 0.0, 1.0, 1.0, 2.4494898, 2.828427, 5.2915025, 6.4807405, 7.3484693]","[0.5, 1.0, 2.0, 2.5, 2.5, 4.0]","[0.0, 0.0, 0.0, 2.4494898, 2.4494898, 3.8729835]","[-5.5, -5.5, -5.0, -3.5, -3.0, -2.5]","[0.5, 1.0]","[0.0, 0.0]","[-5.5, -3.0]","[5.0, 6.0]","[4.0, 5.196152]","[1.5, 2.0]",[4.5],[0.0],[3.5],1,0,1,0,1.0,0.0,1
12688,9,3,2,"[0.0, 1.0, 1.0, 1.0, 1.5, 2.5, 4.5, 5.0, 6.0, 8.0]","[0.0, 0.0, 0.0, 0.0, 0.0, 0.0, 3.7416575, 4.582576, 5.91608, 8.0]","[1.5, 1.5, 2.0, 2.0, 2.5, 3.5, 4.0, 4.0, 5.5]","[0.0, 0.0, 0.0, 1.4142135, 1.7320508, 2.4494898, 2.6457512, 4.0, 5.477226]","[-5.0, -5.0, -4.5, -3.5, -2.0, -2.0, -2.0, -1.5, -1.0]","[1.5, 2.0, 3.5]","[0.0, 1.7320508, 2.4494898]","[-5.0, -2.0, -1.5]","[2.5, 3.0, 6.5]","[0.0, 2.236068, 6.0]","[-5.0, -1.0, 3.0]","[3.5, 6.5]","[3.4641016, 6.0]","[0.0, 3.0]",1,1,1,0,1.0,0.0,0
158,2,1,1,"[0.0, 0.5, 0.5, 0.5, 0.5, 1.0, 3.0, 4.0, 7.5, 8.0]","[0.0, 0.0, 0.0, 0.0, 0.0, 0.0, 2.828427, 3.4641016, 7.483315, 7.937254]","[1.0, 1.5]","[0.0, 1.4142135]","[-6.5, -4.5]",[1.5],[1.4142135],[-6.5],[7.0],[6.928203],[-0.5],[7.0],[6.928203],[-0.5],0,1,0,0,0.0,0.0,1
49955,6,3,1,"[0.0, 0.0, 1.0, 1.0, 2.0, 2.5, 3.0, 4.5, 7.0, 7.0]","[0.0, 0.0, 0.0, 0.0, 1.0, 1.7320508, 2.0, 2.828427, 6.708204, 6.928203]","[1.0, 2.5, 3.0, 4.0, 4.0, 5.5]","[0.0, 0.0, 2.0, 2.6457512, 2.6457512, 4.8989797]","[-5.0, -3.0, -2.5, -2.0, -2.0, -1.0]","[2.5, 3.0, 4.0]","[0.0, 2.0, 2.6457512]","[-5.0, -3.0, -2.5]","[2.5, 4.0, 7.0]","[2.0, 2.6457512, 6.708204]","[-5.0, -2.5, 6.5]",[7.0],[6.708204],[6.5],2,1,0,1,0.0,2.0,0
587,7,4,2,"[0.0, 1.5, 1.5, 1.5, 2.0, 2.0, 3.5, 4.5, 5.5, 7.0]","[0.0, 0.0, 0.0, 0.0, 1.4142135, 1.4142135, 2.0, 2.828427, 5.477226, 7.0]","[2.0, 2.5, 3.5, 3.5, 3.5, 4.5, 5.5]","[1.7320508, 2.4494898, 2.4494898, 2.4494898, 2.4494898, 3.7416575, 5.477226]","[-4.0, -2.5, -2.5, -2.0, -1.0, -1.0, -1.0]","[2.0, 3.5, 3.5, 4.5]","[1.7320508, 2.4494898, 2.4494898, 3.7416575]","[-4.0, -2.5, -1.0, -1.0]","[2.5, 5.5, 8.5, 9.0]","[2.4494898, 5.477226, 8.485281, 9.0]","[-1.5, 2.5, 2.5, 7.5]","[7.5, 8.5]","[7.3484693, 8.485281]","[6.5, 7.5]",2,1,1,0,2.0,0.0,1
763,5,2,2,"[0.0, 0.0, 0.5, 0.5, 1.5, 1.5, 2.5, 4.5, 5.0, 5.5]","[0.0, 0.0, 0.0, 0.0, 0.0, 0.0, 1.4142135, 3.7416575, 4.0, 5.2915025]","[0.5, 2.0, 2.5, 3.0, 5.0]","[0.0, 0.0, 2.0, 2.236068, 4.8989797]","[-5.5, -3.5, -3.0, -1.5, -1.5]","[0.5, 2.0]","[0.0, 2.0]","[-5.5, -3.5]","[3.5, 4.5]","[0.0, 4.2426405]","[1.5, 2.5]","[3.5, 4.5]","[0.0, 4.2426405]","[1.5, 2.5]",0,2,0,0,0.0,0.0,1
605,3,1,1,"[0.0, 0.0, 0.5, 1.5, 1.5, 2.0, 3.5, 4.0, 5.0, 5.5]","[0.0, 0.0, 0.0, 0.0, 0.0, 1.7320508, 2.4494898, 4.0, 4.8989797, 4.8989797]","[1.0, 2.0, 2.5]","[0.0, 1.7320508, 2.4494898]","[-5.0, -3.5, -1.5]",[1.0],[0.0],[-5.0],[3.5],[3.4641016],[0.0],[3.5],[3.4641016],[0.0],0,1,0,0,0.0,0.0,1
1018,14,4,1,"[0.0, 0.5, 0.5, 0.5, 1.5, 3.5, 7.0, 7.0, 7.5, 8.5]","[0.0, 0.0, 0.0, 0.0, 0.0, 1.4142135, 7.0, 7.0, 7.483315, 8.485281]","[1.5, 2.0, 2.5, 3.0, 3.0, 3.0, 3.5, 3.5, 3.5, 3.5, 3.5, 3.5, 3.5, 5.0]","[0.0, 0.0, 0.0, 0.0, 0.0, 1.4142135, 2.4494898, 2.4494898, 2.828427, 3.0, 3.1622777, 3.1622777, 3.4641016, 4.8989797]","[-6.0, -5.0, -5.0, -5.0, -4.5, -4.0, -4.0, -4.0, -3.5, -3.5, -2.0, -2.0, -1.5, -1.5]","[1.5, 3.0, 3.0, 3.5]","[1.4142135, 2.828427, 3.0, 3.4641016]","[-6.0, -5.0, -4.0, -4.0]","[3.0, 3.5, 3.5, 4.0]","[2.828427, 3.1622777, 3.4641016, 4.0]","[-4.5, -4.0, -4.0, 0.0]",[4.0],[3.8729835],[0.5],3,0,1,1,1.0,2.0,1
74343,6,4,2,"[0.0, 0.5, 0.5, 1.5, 3.0, 3.0, 3.5, 4.0, 5.5, 6.0]","[0.0, 0.0, 0.0, 0.0, 2.236068, 3.0, 3.4641016, 4.0, 4.2426405, 5.91608]","[0.5, 1.5, 1.5, 3.0, 3.5, 4.5]","[0.0, 0.0, 0.0, 0.0, 2.4494898, 2.828427]","[-5.5, -4.0, -3.0, -3.0, -2.0, -1.0]","[0.5, 1.5, 1.5, 3.5]","[0.0, 0.0, 0.0, 2.4494898]","[-5.5, -3.0, -3.0, -1.0]","[3.0, 4.0, 4.5, 4.5]","[0.0, 0.0, 0.0, 4.472136]","[-4.0, -1.0, 1.5, 2.5]","[4.5, 4.5]","[0.0, 0.0]","[1.0, 2.5]",2,1,1,0,2.0,0.0,0
19,5,2,2,"[0.5, 0.5, 1.0, 1.5, 2.0, 2.5, 3.0, 4.0, 4.0, 4.5]","[0.0, 0.0, 0.0, 0.0, 0.0, 1.0, 1.4142135, 1.7320508, 2.6457512, 2.828427]","[2.5, 2.5, 3.0, 4.0, 6.5]","[0.0, 2.236068, 2.4494898, 4.0, 6.4807405]","[-5.5, -3.5, -2.0, -1.5, -1.0]","[2.5, 3.0]","[2.236068, 2.4494898]","[-5.5, -3.5]","[2.5, 3.0]","[2.236068, 2.4494898]","[2.0, 2.5]","[2.5, 3.0]","[2.236068, 2.4494898]","[2.0, 2.5]",0,2,0,0,0.0,0.0,1
86402,3,2,2,"[0.5, 1.0, 1.0, 1.0, 1.5, 3.0, 3.0, 4.0, 6.5, 7.5]","[0.0, 0.0, 0.0, 0.0, 1.0, 1.4142135, 2.236068, 2.828427, 6.3245554, 7.3484693]","[2.5, 4.0, 5.5]","[2.0, 3.8729835, 4.8989797]","[-4.0, -3.0, -3.0]","[2.5, 4.0]","[2.0, 3.8729835]","[-4.0, -3.0]","[2.5, 8.5]","[2.0, 8.485281]","[-0.5, 6.0]","[2.5, 8.5]","[2.0, 8.485281]","[-0.5, 6.0]",0,2,0,0,0.0,0.0,0
241,13,4,2,"[0.0, 0.5, 1.0, 1.5, 3.0, 4.0, 5.0, 5.5, 6.5, 8.5]","[0.0, 0.0, 0.0, 1.0, 2.236068, 4.0, 4.8989797, 5.477226, 6.3245554, 8.485281]","[1.0, 2.0, 2.0, 2.0, 2.0, 2.5, 2.5, 3.0, 3.5, 4.0, 4.0, 4.0, 4.0]","[0.0, 0.0, 0.0, 0.0, 1.7320508, 1.7320508, 2.0, 2.4494898, 3.4641016, 3.4641016, 3.4641016, 3.8729835, 3.8729835]","[-6.0, -4.5, -4.0, -3.5, -3.5, -3.0, -2.5, -2.5, -2.5, -2.0, -2.0, -1.5, -1.0]","[1.0, 2.0, 2.0, 3.5]","[0.0, 0.0, 2.0, 3.4641016]","[-6.0, -3.5, -3.5, -2.5]","[2.0, 2.5, 3.0, 3.5]","[0.0, 0.0, 2.828427, 3.4641016]","[-6.0, -3.5, 0.0, 0.5]","[2.5, 3.0]","[0.0, 2.828427]","[0.0, 0.5]",2,2,0,1,0.0,2.0,1
70597,8,2,1,"[1.0, 1.0, 1.0, 1.0, 1.5, 2.0, 2.5, 4.0, 9.0, 9.0]","[0.0, 0.0, 0.0, 0.0, 0.0, 0.0, 1.4142135, 4.0, 9.0, 9.0]","[3.0, 3.0, 3.0, 3.5, 4.0, 4.5, 4.5, 4.5]","[0.0, 2.236068, 2.236068, 2.4494898, 2.828427, 2.828427, 3.4641016, 4.472136]","[-4.5, -4.5, -2.5, -2.5, -2.5, -2.5, -2.5, -2.0]","[3.0, 4.5]","[2.236068, 4.472136]","[-4.5, -2.5]","[4.5, 8.0]","[2.828427, 8.0]","[-4.5, 3.5]",[2.5],[0.0],[-2.0],1,0,1,0,1.0,0.0,0
458,5,3,2,"[0.0, 0.5, 0.5, 1.5, 3.0, 3.0, 3.5, 3.5, 5.0, 7.0]","[0.0, 0.0, 0.0, 0.0, 0.0, 0.0, 1.4142135, 2.236068, 3.0, 7.0]","[2.5, 3.0, 4.0, 4.0, 6.0]","[0.0, 0.0, 3.4641016, 3.4641016, 5.656854]","[-4.0, -3.5, -3.0, -2.0, -1.5]","[3.0, 4.0, 6.0]","[0.0, 3.4641016, 5.656854]","[-4.0, -3.0, -1.5]","[2.0, 2.5, 5.0]","[1.7320508, 2.0, 4.0]","[-1.0, 1.5, 1.5]","[2.0, 5.5]","[1.7320508, 4.2426405]","[1.5, 5.5]",1,1,1,0,1.0,0.0,1
29288,4,2,2,"[0.0, 0.5, 1.0, 2.0, 2.0, 3.0, 3.5, 3.5, 4.5, 4.5]","[0.0, 0.0, 0.0, 0.0, 0.0, 0.0, 2.0, 2.828427, 2.828427, 3.1622777]","[1.0, 1.5, 1.5, 7.0]","[0.0, 0.0, 1.4142135, 6.928203]","[-5.5, -3.5, -3.0, -1.0]","[1.5, 1.5]","[0.0, 1.4142135]","[-5.5, -3.0]","[8.5, 9.0]","[8.485281, 9.0]","[8.0, 8.5]","[8.5, 9.0]","[8.485281, 9.0]","[8.0, 8.5]",0,2,0,0,0.0,0.0,0
577,7,2,2,"[0.5, 0.5, 1.0, 2.0, 2.0, 2.5, 3.5, 4.5, 5.5, 8.5]","[0.0, 0.0, 0.0, 0.0, 0.0, 1.7320508, 2.0, 4.2426405, 4.472136, 8.485281]","[1.0, 1.5, 2.5, 3.0, 3.0, 4.5, 6.5]","[1.0, 1.4142135, 2.0, 2.236068, 2.828427, 4.2426405, 6.3245554]","[-5.0, -4.5, -3.5, -2.5, -2.0, -1.5, -1.0]","[1.0, 2.5]","[1.0, 2.0]","[-1.5, -1.0]","[3.0, 5.5]","[3.0, 5.2915025]","[-1.5, 3.0]","[3.0, 5.5]","[3.0, 5.2915025]","[-1.5, 3.0]",0,2,0,0,0.0,0.0,1
1024,2,1,1,"[0.0, 0.0, 0.0, 0.5, 0.5, 0.5, 2.0, 3.0, 4.0, 6.0]","[0.0, 0.0, 0.0, 0.0, 0.0, 0.0, 2.0, 2.6457512, 2.828427, 5.196152]","[2.5, 4.0]","[0.0, 3.8729835]","[-4.0, -4.0]",[4.0],[3.8729835],[-4.0],[5.5],[4.2426405],[3.5],[5.5],[4.2426405],[3.5],0,1,0,0,0.0,0.0,1
9639,6,3,2,"[0.5, 0.5, 0.5, 0.5, 1.0, 1.5, 2.0, 5.0, 5.0, 8.0]","[0.0, 0.0, 0.0, 0.0, 0.0, 0.0, 0.0, 4.582576, 4.582576, 8.0]","[1.0, 2.0, 2.5, 2.5, 3.0, 5.0]","[0.0, 0.0, 0.0, 0.0, 2.0, 4.8989797]","[-4.5, -4.0, -3.5, -2.5, -2.5, -1.5]","[1.0, 2.0, 2.5]","[0.0, 0.0, 0.0]","[-4.0, -2.5, -1.5]","[4.0, 4.0, 5.5]","[2.6457512, 3.8729835, 4.2426405]","[0.0, 0.5, 2.5]","[4.0, 4.5]","[2.6457512, 4.472136]","[0.0, 3.0]",1,1,1,0,1.0,0.0,0
87153,9,4,1,"[1.0, 1.5, 1.5, 2.0, 2.0, 2.0, 2.5, 5.5, 8.0, 8.5]","[0.0, 0.0, 0.0, 0.0, 1.7320508, 2.0, 2.0, 5.477226, 7.937254, 8.485281]","[1.5, 1.5, 2.0, 2.0, 2.5, 3.0, 3.5, 3.5, 6.5]","[0.0, 0.0, 0.0, 1.4142135, 2.0, 2.4494898, 2.828427, 3.1622777, 6.3245554]","[-6.5, -4.5, -4.0, -3.5, -3.5, -3.5, -2.5, -2.0, -1.5]","[1.5, 2.0, 2.5, 3.5]","[0.0, 1.4142135, 2.0, 2.4494898]","[-6.5, -3.5, -3.5, -2.0]","[2.5, 3.0, 6.5, 6.5]","[2.0, 2.828427, 6.3245554, 6.3245554]","[-4.0, -1.5, 0.0, 2.0]",[5.5],[4.8989797],[5.5],3,0,1,0,3.0,0.0,0
97544,7,2,2,"[0.0, 0.5, 0.5, 1.5, 1.5, 2.5, 3.5, 4.5, 4.5, 5.0]","[0.0, 0.0, 0.0, 1.4142135, 1.4142135, 2.4494898, 2.4494898, 2.828427, 3.7416575, 4.0]","[1.5, 2.0, 2.0, 2.5, 3.0, 3.0, 3.0]","[0.0, 0.0, 0.0, 1.7320508, 2.236068, 2.236068, 2.828427]","[-4.5, -4.5, -4.0, -3.0, -2.5, -2.5, -2.0]","[2.0, 2.0]","[0.0, 1.7320508]","[-2.5, -2.5]","[2.0, 9.0]","[1.7320508, 9.0]","[0.5, 4.0]","[2.0, 9.0]","[1.7320508, 9.0]","[0.5, 4.0]",0,2,0,0,0.0,0.0,0
303,4,4,2,"[0.0, 0.0, 0.5, 1.5, 1.5, 3.5, 4.0, 4.0, 5.0, 7.5]","[0.0, 0.0, 0.0, 0.0, 1.4142135, 2.4494898, 3.8729835, 4.0, 4.8989797, 7.3484693]","[1.0, 1.5, 1.5, 3.0]","[0.0, 1.0, 1.4142135, 2.236068]","[-6.5, -3.5, -2.5, -1.5]","[1.0, 1.5, 1.5, 3.0]","[0.0, 1.0, 1.4142135, 2.236068]","[-6.5, -3.5, -2.5, -1.5]","[2.5, 4.0, 5.0, 6.5]","[2.4494898, 3.0, 4.0, 6.0]","[-2.0, -1.0, 1.0, 3.0]","[2.5, 5.0]","[0.0, 4.582576]","[0.5, 2.5]",2,0,2,0,1.0,0.0,1
12410,6,4,2,"[0.0, 0.5, 0.5, 2.0, 3.0, 3.0, 3.5, 4.0, 5.0, 6.0]","[0.0, 0.0, 0.0, 0.0, 0.0, 1.7320508, 2.6457512, 3.0, 3.4641016, 6.0]","[1.5, 2.0, 2.0, 3.0, 3.0, 4.5]","[0.0, 0.0, 1.7320508, 2.236068, 2.828427, 4.472136]","[-4.5, -4.0, -3.5, -3.0, -2.0, -1.5]","[2.0, 2.0, 3.0, 3.0]","[0.0, 1.7320508, 2.236068, 2.828427]","[-4.0, -3.5, -3.0, -1.5]","[1.0, 3.0, 3.5, 3.5]","[1.0, 2.828427, 3.1622777, 3.1622777]","[-1.0, -1.0, -0.5, 2.5]","[3.5, 5.0]","[3.1622777, 4.8989797]","[2.5, 4.5]",2,1,1,0,2.0,0.0,0
60963,6,3,3,"[0.0, 0.5, 1.0, 1.5, 1.5, 2.0, 2.0, 4.5, 4.5, 6.0]","[0.0, 0.0, 0.0, 1.0, 1.4142135, 1.7320508, 2.0, 2.828427, 3.7416575, 5.91608]","[1.5, 1.5, 2.0, 2.0, 2.5, 3.5]","[0.0, 0.0, 0.0, 0.0, 1.4142135, 1.7320508]","[-6.0, -2.5, -2.5, -2.0, -2.0, -1.0]","[1.5, 1.5, 2.0]","[0.0, 1.4142135, 1.7320508]","[-6.0, -2.5, -1.0]","[3.5, 6.5, 8.0]","[0.0, 6.0, 8.0]","[0.5, 5.0, 7.0]","[3.5, 6.5, 8.0]","[0.0, 6.0, 8.0]","[0.5, 5.0, 7.0]",0,3,0,0,0.0,0.0,0
57292,4,3,2,"[0.5, 1.0, 1.5, 2.0, 2.5, 2.5, 2.5, 4.0, 4.5, 8.0]","[0.0, 0.0, 0.0, 0.0, 0.0, 1.7320508, 2.4494898, 3.4641016, 4.472136, 7.937254]","[0.5, 1.0, 4.5, 4.5]","[0.0, 0.0, 2.828427, 4.472136]","[-4.5, -3.0, -2.0, -1.0]","[0.5, 4.5, 4.5]","[0.0, 2.828427, 4.472136]","[-4.5, -2.0, -1.0]","[5.5, 5.5, 8.0]","[5.477226, 5.477226, 8.0]","[0.0, 0.5, 6.0]","[4.5, 8.0]","[4.472136, 8.0]","[2.0, 6.0]",1,1,1,0,1.0,0.0,0
74968,5,2,2,"[0.0, 0.5, 0.5, 0.5, 1.0, 3.0, 3.0, 4.5, 5.5, 5.5]","[0.0, 0.0, 0.0, 0.0, 0.0, 0.0, 2.236068, 3.7416575, 4.2426405, 4.8989797]","[1.0, 3.0, 4.5, 5.0, 5.0]","[0.0, 0.0, 4.472136, 4.8989797, 5.0]","[-6.0, -4.0, -2.5, -2.0, -1.5]","[1.0, 5.0]","[0.0, 4.8989797]","[-6.0, -2.0]","[3.5, 6.5]","[0.0, 6.0]","[2.0, 5.0]","[3.5, 6.5]","[0.0, 6.0]","[2.0, 5.0]",0,2,0,0,0.0,0.0,0
29970,8,4,2,"[0.0, 0.5, 1.5, 2.0, 2.5, 3.5, 3.5, 4.0, 6.0, 6.5]","[0.0, 0.0, 0.0, 0.0, 1.4142135, 2.0, 2.4494898, 2.6457512, 5.196152, 6.3245554]","[1.0, 1.0, 1.5, 1.5, 1.5, 2.0, 2.5, 4.5]","[0.0, 0.0, 0.0, 1.0, 1.4142135, 1.4142135, 2.0, 4.2426405]","[-6.5, -5.0, -4.5, -4.0, -3.5, -2.5, -2.0, -2.0]","[1.0, 1.5, 1.5, 2.0]","[0.0, 1.0, 1.4142135, 1.4142135]","[-6.5, -4.0, -3.5, -2.5]","[4.5, 4.5, 5.5, 6.0]","[4.2426405, 4.472136, 4.472136, 5.91608]","[-1.5, 1.5, 2.5, 3.5]","[4.5, 5.5]","[4.472136, 4.8989797]","[3.5, 4.5]",2,1,1,0,2.0,0.0,0
28005,10,6,1,"[0.0, 1.5, 2.0, 2.5, 3.0, 4.5, 5.0, 5.5, 6.0, 7.5]","[0.0, 0.0, 0.0, 1.4142135, 2.0, 3.0, 3.7416575, 4.2426405, 5.656854, 7.3484693]","[1.0, 1.0, 1.5, 2.0, 2.0, 2.5, 2.5, 3.0, 3.5, 4.5]","[0.0, 0.0, 0.0, 1.7320508, 1.7320508, 2.0, 2.236068, 2.4494898, 3.4641016, 4.2426405]","[-5.0, -5.0, -4.5, -4.5, -3.5, -3.0, -3.0, -2.5, -2.0, -2.0]","[1.0, 1.0, 1.5, 2.0, 2.0, 2.5]","[0.0, 0.0, 0.0, 1.7320508, 1.7320508, 2.4494898]","[-5.0, -4.5, -4.5, -3.5, -3.0, -2.0]","[2.0, 3.5, 4.5, 4.5, 5.5, 7.0]","[1.7320508, 3.4641016, 4.2426405, 4.472136, 4.8989797, 6.928203]","[-3.5, -2.0, -1.0, 0.0, 1.0, 3.0]",[2.5],[0.0],[1.5],5,0,1,0,5.0,0.0,0
24719,7,4,3,"[0.5, 1.0, 1.0, 1.5, 2.5, 3.0, 3.0, 3.5, 4.5, 5.5]","[0.0, 0.0, 0.0, 0.0, 0.0, 1.4142135, 2.236068, 3.0, 3.7416575, 4.2426405]","[1.0, 1.5, 2.5, 2.5, 3.0, 3.0, 4.0]","[0.0, 0.0, 1.4142135, 2.0, 2.0, 2.236068, 3.4641016]","[-4.0, -4.0, -2.5, -2.5, -2.0, -2.0, -2.0]","[1.0, 1.5, 2.5, 2.5]","[0.0, 1.4142135, 2.0, 2.0]","[-4.0, -2.5, -2.0, -2.0]","[2.5, 3.0, 4.5, 8.0]","[0.0, 0.0, 2.4494898, 7.937254]","[-2.5, 1.0, 2.0, 6.5]","[4.5, 8.0, 8.0]","[0.0, 7.937254, 8.0]","[2.0, 6.5, 6.5]",1,2,1,0,1.0,0.0,0
74015,4,3,2,"[0.0, 0.5, 0.5, 0.5, 1.5, 1.5, 2.5, 3.0, 5.0, 8.0]","[0.0, 0.0, 0.0, 0.0, 1.4142135, 1.4142135, 2.4494898, 2.828427, 4.0, 7.937254]","[1.0, 1.5, 2.0, 3.5]","[0.0, 0.0, 0.0, 2.4494898]","[-4.0, -3.5, -3.0, -3.0]","[1.0, 1.5, 2.0]","[0.0, 0.0, 0.0]","[-3.5, -3.0, -3.0]","[4.0, 6.0, 6.5]","[4.0, 5.91608, 6.4807405]","[0.5, 1.5, 3.0]","[4.0, 4.5]","[2.828427, 4.0]","[2.0, 3.0]",1,1,1,0,1.0,0.0,0
19061,6,4,3,"[0.0, 1.0, 1.0, 1.5, 1.5, 1.5, 1.5, 2.0, 4.5, 8.5]","[0.0, 0.0, 0.0, 0.0, 0.0, 0.0, 1.0, 1.4142135, 2.828427, 8.485281]","[1.0, 2.0, 3.0, 3.5, 3.5, 3.5]","[0.0, 1.0, 1.7320508, 2.4494898, 2.828427, 3.1622777]","[-5.0, -2.5, -1.5, -1.5, -1.5, -1.5]","[1.0, 2.0, 3.0, 3.5]","[1.0, 1.7320508, 2.828427, 3.1622777]","[-5.0, -2.5, -1.5, -1.5]","[2.0, 3.0, 4.5, 5.5]","[0.0, 2.0, 2.236068, 4.8989797]","[0.0, 1.0, 2.0, 3.0]","[2.0, 3.0, 7.0]","[2.0, 2.236068, 6.928203]","[2.0, 3.0, 6.5]",1,2,1,0,1.0,0.0,0
449,3,2,1,"[0.5, 0.5, 0.5, 1.0, 1.0, 1.5, 1.5, 2.5, 3.0, 8.0]","[0.0, 0.0, 0.0, 0.0, 0.0, 0.0, 1.4142135, 2.0, 2.236068, 7.937254]","[1.5, 2.5, 4.5]","[0.0, 0.0, 2.828427]","[-2.5, -2.5, -2.0]","[1.5, 2.5]","[0.0, 0.0]","[-2.5, -2.5]","[6.0, 7.0]","[5.91608, 7.0]","[0.0, 6.5]",[6.5],[6.3245554],[3.0],1,0,1,0,1.0,0.0,1
5611,7,3,2,"[0.5, 1.0, 1.0, 1.0, 2.0, 2.5, 3.0, 3.0, 3.5, 8.5]","[0.0, 0.0, 0.0, 0.0, 0.0, 0.0, 0.0, 1.0, 2.4494898, 8.485281]","[0.5, 1.5, 2.0, 2.5, 3.0, 4.0, 5.5]","[0.0, 0.0, 0.0, 0.0, 1.7320508, 2.0, 5.2915025]","[-5.5, -4.5, -4.5, -3.0, -2.0, -2.0, -1.0]","[0.5, 1.5, 2.5]","[0.0, 0.0, 2.0]","[-5.5, -3.0, -2.0]","[3.0, 4.0, 7.0]","[0.0, 2.236068, 6.708204]","[-1.0, -1.0, 6.0]","[7.0, 8.5]","[6.708204, 8.485281]","[6.0, 8.0]",1,1,1,0,1.0,0.0,0
891,8,4,2,"[0.0, 0.0, 1.0, 1.5, 2.0, 4.0, 4.5, 4.5, 6.5, 7.0]","[0.0, 0.0, 0.0, 0.0, 1.4142135, 1.7320508, 3.7416575, 3.7416575, 6.3245554, 6.708204]","[0.5, 1.0, 2.5, 2.5, 3.5, 3.5, 4.0, 4.0]","[0.0, 0.0, 0.0, 0.0, 0.0, 2.0, 2.4494898, 3.8729835]","[-5.0, -4.0, -4.0, -4.0, -3.0, -2.5, -2.0, -1.5]","[0.5, 1.0, 2.5, 4.0]","[0.0, 0.0, 0.0, 2.4494898]","[-5.0, -4.0, -4.0, -4.0]","[3.0, 3.5, 6.0, 7.5]","[0.0, 2.828427, 5.656854, 7.483315]","[-1.0, 0.0, 0.5, 4.0]","[5.5, 6.5]","[4.8989797, 6.4807405]","[4.5, 4.5]",2,0,2,0,1.0,0.0,1
431,9,2,2,"[0.0, 0.5, 0.5, 0.5, 1.0, 4.0, 4.0, 5.0, 5.0, 6.0]","[0.0, 0.0, 0.0, 0.0, 0.0, 0.0, 0.0, 3.0, 4.0, 5.196152]","[1.5, 2.5, 3.0, 3.0, 3.0, 3.5, 4.0, 4.5, 5.0]","[0.0, 0.0, 2.0, 2.236068, 2.236068, 2.4494898, 2.828427, 3.7416575, 4.582576]","[-6.5, -5.5, -5.0, -4.0, -3.5, -3.0, -2.5, -1.5, -1.0]","[1.5, 2.5]","[0.0, 2.0]","[-6.5, -3.0]","[3.0, 6.5]","[2.236068, 6.4807405]","[2.0, 4.5]","[3.0, 6.5]","[2.236068, 6.4807405]","[2.0, 4.5]",0,2,0,0,0.0,0.0,1
1015,4,2,1,"[0.0, 0.5, 1.0, 1.0, 1.5, 2.0, 3.0, 3.0, 8.0, 8.5]","[0.0, 0.0, 0.0, 1.0, 1.0, 2.0, 2.828427, 2.828427, 8.0, 8.485281]","[0.5, 1.0, 1.5, 3.5]","[0.0, 1.0, 1.4142135, 3.1622777]","[-6.5, -5.0, -4.5, -4.0]","[0.5, 3.5]","[0.0, 3.1622777]","[-5.0, -4.5]","[1.5, 5.0]","[1.4142135, 5.0]","[-6.5, -0.5]",[5.5],[5.2915025],[0.5],1,0,1,0,1.0,0.0,1
676,2,2,2,"[0.0, 0.0, 0.5, 0.5, 1.0, 2.0, 3.0, 3.0, 5.5, 7.0]","[0.0, 0.0, 0.0, 0.0, 0.0, 1.0, 2.236068, 2.828427, 4.2426405, 6.928203]","[2.0, 4.0]","[0.0, 2.6457512]","[-4.5, -2.5]","[2.0, 4.0]","[0.0, 2.6457512]","[-4.5, -2.5]","[2.5, 6.5]","[2.4494898, 6.0]","[2.0, 2.5]","[2.5, 6.5]","[2.4494898, 6.0]","[2.0, 2.5]",0,2,0,0,0.0,0.0,1
79678,6,3,2,"[0.0, 0.5, 0.5, 1.5, 2.5, 3.0, 3.5, 3.5, 4.0, 7.0]","[0.0, 0.0, 0.0, 0.0, 0.0, 0.0, 1.4142135, 2.236068, 2.4494898, 6.928203]","[1.5, 2.5, 3.0, 3.0, 3.5, 3.5]","[0.0, 0.0, 0.0, 3.0, 3.1622777, 3.4641016]","[-4.5, -4.5, -3.5, -3.0, -3.0, -2.0]","[2.5, 3.5, 3.5]","[0.0, 3.1622777, 3.4641016]","[-4.5, -3.0, -3.0]","[3.5, 4.0, 4.5]","[3.4641016, 3.8729835, 4.472136]","[-0.5, 1.0, 3.5]","[3.0, 4.0]","[0.0, 3.8729835]","[2.5, 3.5]",1,1,1,0,1.0,0.0,0
49343,7,3,1,"[1.0, 1.5, 2.0, 2.5, 2.5, 3.0, 3.0, 5.5, 7.0, 7.5]","[0.0, 1.0, 1.4142135, 2.0, 2.0, 2.236068, 2.828427, 4.2426405, 6.928203, 7.3484693]","[1.5, 2.0, 2.5, 2.5, 2.5, 3.0, 5.5]","[0.0, 0.0, 1.7320508, 2.0, 2.0, 2.828427, 5.477226]","[-5.0, -5.0, -4.0, -3.5, -3.5, -2.0, -1.5]","[1.5, 2.5, 2.5]","[0.0, 2.0, 2.0]","[-5.0, -3.5, -1.5]","[3.0, 5.5, 5.5]","[2.828427, 4.8989797, 5.477226]","[-4.0, -2.0, 0.5]",[3.5],[3.1622777],[-1.5],2,0,1,0,2.0,0.0,0
287,3,2,2,"[0.0, 0.0, 0.5, 0.5, 0.5, 1.0, 1.5, 2.0, 4.0, 5.0]","[0.0, 0.0, 0.0, 0.0, 0.0, 0.0, 0.0, 0.0, 2.0, 4.582576]","[0.5, 2.5, 4.0]","[0.0, 0.0, 2.6457512]","[-4.5, -1.5, -1.0]","[0.5, 2.5]","[0.0, 0.0]","[-4.5, -1.5]","[5.0, 7.0]","[4.0, 6.708204]","[5.0, 5.5]","[5.0, 7.0]","[4.0, 6.708204]","[5.0, 5.5]",0,2,0,0,0.0,0.0,1
797,6,2,1,"[0.0, 0.0, 0.0, 2.0, 2.0, 2.5, 3.0, 3.5, 4.0, 7.0]","[0.0, 0.0, 0.0, 0.0, 0.0, 1.7320508, 1.7320508, 2.828427, 3.4641016, 7.0]","[1.0, 2.5, 3.0, 3.5, 4.0, 4.5]","[0.0, 0.0, 2.0, 3.4641016, 3.8729835, 4.472136]","[-3.5, -3.0, -2.5, -2.0, -2.0, -2.0]","[1.0, 4.0]","[0.0, 3.8729835]","[-3.5, -3.0]","[3.5, 4.5]","[0.0, 3.4641016]","[-1.0, 0.0]",[5.0],[3.0],[3.0],1,0,1,0,1.0,0.0,1
145,6,2,2,"[0.5, 0.5, 1.0, 1.5, 2.0, 2.0, 2.5, 4.0, 5.5, 7.5]","[0.0, 0.0, 0.0, 0.0, 0.0, 1.0, 1.7320508, 1.7320508, 4.8989797, 7.483315]","[0.5, 1.0, 2.0, 3.0, 3.5, 4.0]","[0.0, 1.0, 2.0, 2.4494898, 2.828427, 3.8729835]","[-7.0, -4.5, -4.5, -4.0, -3.0, -1.5]","[0.5, 1.0]","[0.0, 1.0]","[-7.0, -1.5]","[0.5, 5.0]","[0.0, 5.0]","[0.0, 3.5]","[0.5, 5.0]","[0.0, 5.0]","[0.0, 3.5]",0,2,0,0,0.0,0.0,1
743,9,3,1,"[0.5, 1.0, 1.5, 1.5, 2.0, 2.5, 4.0, 4.0, 5.0, 8.0]","[0.0, 0.0, 0.0, 0.0, 0.0, 0.0, 2.6457512, 3.0, 3.4641016, 7.937254]","[1.0, 1.5, 1.5, 2.0, 2.5, 3.0, 3.0, 3.5, 5.5]","[0.0, 0.0, 0.0, 1.0, 1.4142135, 2.0, 2.828427, 3.0, 5.2915025]","[-7.0, -6.0, -5.0, -4.0, -3.0, -3.0, -2.5, -2.0, -1.5]","[1.0, 2.0, 3.5]","[0.0, 0.0, 1.0]","[-7.0, -4.0, -2.5]","[1.5, 2.0, 3.5]","[0.0, 0.0, 0.0]","[-4.0, -2.5, 0.5]",[1.5],[0.0],[0.5],2,1,0,1,0.0,2.0,1
36756,4,3,3,"[0.0, 0.5, 0.5, 1.0, 1.5, 2.0, 2.0, 3.0, 4.0, 7.5]","[0.0, 0.0, 0.0, 0.0, 0.0, 0.0, 2.0, 3.0, 3.4641016, 7.483315]","[0.5, 1.0, 2.5, 4.0]","[0.0, 0.0, 2.0, 3.8729835]","[-3.5, -3.0, -2.0, -2.0]","[0.5, 1.0, 2.5]","[0.0, 0.0, 2.0]","[-3.5, -2.0, -2.0]","[1.5, 3.0, 4.0]","[0.0, 0.0, 3.8729835]","[0.0, 0.5, 0.5]","[1.5, 3.0, 4.0]","[0.0, 0.0, 3.8729835]","[0.0, 0.5, 0.5]",0,3,0,0,0.0,0.0,0
129,4,2,0,"[0.0, 0.0, 0.5, 1.0, 1.5, 2.0, 2.5, 3.0, 5.5, 5.5]","[0.0, 0.0, 0.0, 0.0, 0.0, 0.0, 2.4494898, 2.828427, 4.2426405, 5.2915025]","[1.5, 2.0, 2.5, 3.5]","[0.0, 0.0, 0.0, 1.7320508]","[-4.0, -3.5, -2.0, -1.5]","[1.5, 2.0]","[0.0, 1.7320508]","[-3.5, -1.5]","[1.5, 2.0]","[0.0, 1.7320508]","[-3.5, -1.5]",[],[],[],2,0,0,1,0.0,2.0,1
860,3,2,1,"[0.5, 1.0, 1.0, 1.5, 2.0, 2.5, 3.0, 5.0, 5.0, 6.0]","[0.0, 0.0, 0.0, 0.0, 1.7320508, 2.236068, 2.4494898, 3.0, 5.0, 5.196152]","[1.5, 2.5, 4.5]","[1.4142135, 2.0, 4.472136]","[-2.5, -2.5, -1.5]","[1.5, 2.5]","[1.4142135, 2.0]","[-2.5, -1.5]","[3.0, 4.5]","[3.0, 4.472136]","[-2.5, 0.5]",[4.5],[4.2426405],[0.0],1,0,1,0,1.0,0.0,1
27528,2,2,2,"[0.0, 0.0, 0.5, 0.5, 1.0, 1.0, 1.5, 2.0, 5.5, 6.0]","[0.0, 0.0, 0.0, 0.0, 0.0, 1.0, 1.4142135, 2.0, 5.2915025, 6.0]","[1.0, 1.0]","[0.0, 0.0]","[-3.5, -2.5]","[1.0, 1.0]","[0.0, 0.0]","[-3.5, -2.5]","[2.5, 5.5]","[2.0, 5.477226]","[-0.5, 2.5]","[2.5, 5.5]","[2.0, 5.477226]","[-0.5, 2.5]",0,2,0,0,0.0,0.0,0
17493,6,2,2,"[0.0, 0.0, 0.5, 1.0, 2.5, 4.0, 4.5, 4.5, 5.0, 7.0]","[0.0, 0.0, 0.0, 0.0, 0.0, 2.6457512, 3.7416575, 3.7416575, 4.8989797, 6.708204]","[1.5, 2.5, 2.5, 2.5, 3.0, 5.0]","[0.0, 0.0, 0.0, 2.0, 2.4494898, 4.582576]","[-5.5, -5.5, -4.0, -3.0, -3.0, -2.0]","[2.5, 2.5]","[0.0, 2.4494898]","[-5.5, -2.0]","[3.0, 6.0]","[2.828427, 5.91608]","[2.0, 3.0]","[3.0, 6.0]","[2.828427, 5.91608]","[2.0, 3.0]",0,2,0,0,0.0,0.0,0
60822,15,4,2,"[0.5, 1.0, 2.5, 2.5, 3.0, 4.5, 4.5, 6.0, 6.5, 7.5]","[0.0, 0.0, 0.0, 0.0, 2.0, 2.236068, 2.828427, 6.0, 6.4807405, 7.3484693]","[1.5, 1.5, 1.5, 2.5, 2.5, 2.5, 3.0, 3.0, 3.0, 3.5, 4.0, 4.5, 4.5, 6.0, 6.0]","[0.0, 0.0, 0.0, 1.4142135, 1.4142135, 2.0, 2.0, 2.4494898, 2.828427, 3.0, 3.1622777, 4.2426405, 4.472136, 5.656854, 5.91608]","[-5.5, -5.0, -5.0, -4.5, -4.5, -4.0, -4.0, -3.5, -3.0, -3.0, -2.5, -2.5, -2.5, -1.0, -1.0]","[1.5, 3.0, 3.5, 4.0]","[0.0, 1.4142135, 3.0, 3.1622777]","[-5.5, -4.0, -2.5, -1.0]","[2.5, 3.0, 5.5, 7.5]","[0.0, 2.828427, 5.2915025, 7.483315]","[-5.0, -1.0, 0.5, 5.5]","[5.5, 6.5]","[5.2915025, 6.0]","[0.0, 5.5]",2,1,1,0,2.0,0.0,0
33371,4,2,2,"[0.0, 0.0, 0.0, 0.5, 1.5, 2.0, 2.5, 3.0, 3.0, 6.5]","[0.0, 0.0, 0.0, 0.0, 0.0, 0.0, 0.0, 2.4494898, 2.828427, 6.3245554]","[1.0, 1.0, 2.0, 3.0]","[0.0, 0.0, 0.0, 3.0]","[-5.0, -2.5, -2.5, -2.0]","[1.0, 1.0]","[0.0, 0.0]","[-5.0, -2.5]","[7.0, 9.0]","[7.0, 9.0]","[5.0, 6.5]","[7.0, 9.0]","[7.0, 9.0]","[5.0, 6.5]",0,2,0,0,0.0,0.0,0
865,9,4,3,"[0.0, 1.5, 2.0, 2.0, 3.0, 3.0, 3.0, 3.5, 6.5, 7.5]","[0.0, 0.0, 0.0, 0.0, 1.7320508, 3.0, 3.0, 3.4641016, 6.4807405, 7.483315]","[0.5, 1.0, 1.5, 2.0, 2.0, 2.5, 3.5, 4.0, 5.0]","[0.0, 0.0, 0.0, 1.0, 1.7320508, 2.0, 3.4641016, 4.0, 4.8989797]","[-5.0, -4.5, -4.0, -4.0, -2.5, -2.5, -2.5, -2.5, -2.0]","[0.5, 1.0, 2.0, 2.5]","[0.0, 0.0, 1.0, 2.0]","[-5.0, -4.0, -2.5, -2.5]","[5.5, 7.0, 7.5, 8.5]","[4.2426405, 6.708204, 7.3484693, 8.485281]","[0.5, 1.0, 2.5, 8.5]","[4.5, 7.5, 8.5]","[0.0, 7.3484693, 8.485281]","[1.0, 2.5, 8.5]",1,2,1,0,1.0,0.0,1
97694,2,2,1,"[0.0, 1.0, 1.0, 1.0, 1.0, 1.5, 1.5, 2.0, 5.5, 8.5]","[0.0, 0.0, 0.0, 0.0, 0.0, 0.0, 0.0, 1.7320508, 5.477226, 8.485281]","[0.5, 1.5]","[0.0, 0.0]","[-6.5, -4.5]","[0.5, 1.5]","[0.0, 0.0]","[-6.5, -4.5]","[5.0, 5.5]","[4.8989797, 5.2915025]","[-2.0, 1.0]",[7.5],[7.3484693],[4.5],1,0,1,0,1.0,0.0,0
156,7,2,2,"[0.0, 0.5, 0.5, 2.0, 2.0, 2.0, 3.0, 4.0, 5.0, 7.5]","[0.0, 0.0, 0.0, 0.0, 0.0, 0.0, 1.7320508, 2.6457512, 3.0, 7.483315]","[2.0, 2.5, 2.5, 3.5, 3.5, 3.5, 4.0]","[0.0, 0.0, 1.7320508, 2.4494898, 3.1622777, 3.4641016, 4.0]","[-4.5, -4.0, -3.5, -2.5, -2.5, -2.0, -1.5]","[2.0, 3.5]","[1.7320508, 3.1622777]","[-4.5, -2.0]","[2.5, 6.0]","[2.4494898, 5.656854]","[-2.0, 6.0]","[2.5, 6.0]","[2.4494898, 5.656854]","[-2.0, 6.0]",0,2,0,0,0.0,0.0,1
873,2,2,2,"[0.0, 0.5, 1.0, 1.5, 1.5, 2.5, 2.5, 3.5, 4.0, 4.5]","[0.0, 0.0, 0.0, 1.4142135, 1.4142135, 2.0, 2.4494898, 2.4494898, 2.6457512, 2.828427]","[1.0, 2.0]","[0.0, 1.0]","[-2.5, -1.0]","[1.0, 2.0]","[0.0, 1.0]","[-2.5, -1.0]","[5.0, 6.5]","[4.0, 6.0]","[2.5, 4.5]","[5.0, 6.5]","[4.0, 6.0]","[2.5, 4.5]",0,2,0,0,0.0,0.0,1
16241,5,3,2,"[0.5, 0.5, 1.0, 1.0, 1.5, 1.5, 3.0, 4.5, 5.0, 6.5]","[0.0, 0.0, 0.0, 0.0, 1.0, 1.0, 3.0, 3.0, 3.7416575, 6.4807405]","[1.5, 2.0, 2.0, 2.5, 4.0]","[0.0, 0.0, 0.0, 0.0, 1.7320508]","[-6.0, -4.5, -4.5, -2.5, -1.5]","[1.5, 2.0, 2.5]","[0.0, 0.0, 1.7320508]","[-4.5, -4.5, -2.5]","[5.0, 6.5, 7.5]","[4.582576, 6.0, 7.3484693]","[1.5, 2.5, 5.5]","[6.5, 7.5]","[6.3245554, 7.3484693]","[5.5, 5.5]",1,1,1,0,1.0,0.0,0
990,5,2,2,"[0.0, 0.5, 1.5, 1.5, 2.0, 3.0, 3.0, 4.0, 4.5, 8.0]","[0.0, 0.0, 0.0, 1.4142135, 1.4142135, 2.0, 2.236068, 3.7416575, 4.0, 7.937254]","[2.0, 2.5, 3.0, 4.0, 6.0]","[0.0, 0.0, 2.0, 3.0, 5.91608]","[-3.5, -2.5, -2.5, -2.5, -2.0]","[2.0, 3.0]","[0.0, 3.0]","[-3.5, -2.5]","[2.5, 2.5]","[2.0, 2.4494898]","[-2.0, 1.0]","[2.5, 2.5]","[2.0, 2.4494898]","[-2.0, 1.0]",0,2,0,0,0.0,0.0,1
528,5,3,1,"[0.0, 0.0, 0.0, 0.5, 1.0, 1.5, 2.0, 3.5, 6.0, 6.0]","[0.0, 0.0, 0.0, 0.0, 0.0, 0.0, 0.0, 0.0, 5.196152, 5.196152]","[1.5, 3.0, 3.5, 3.5, 7.0]","[1.4142135, 2.236068, 2.4494898, 3.4641016, 6.928203]","[-5.5, -2.0, -2.0, -1.5, -1.0]","[1.5, 3.0, 3.5]","[1.4142135, 2.236068, 3.4641016]","[-5.5, -2.0, -1.5]","[1.5, 3.0, 3.5]","[1.4142135, 2.828427, 3.4641016]","[-5.5, -1.5, 3.0]",[3.0],[2.828427],[3.0],2,1,0,1,0.0,2.0,1
18765,10,4,2,"[0.0, 0.5, 0.5, 1.5, 2.0, 2.5, 4.5, 6.5, 7.0, 8.5]","[0.0, 0.0, 0.0, 0.0, 0.0, 0.0, 4.2426405, 6.3245554, 6.928203, 8.485281]","[2.0, 2.5, 2.5, 3.0, 3.0, 3.5, 3.5, 4.0, 4.0, 4.5]","[0.0, 2.236068, 2.4494898, 2.4494898, 2.6457512, 3.0, 3.4641016, 3.4641016, 3.4641016, 4.472136]","[-4.5, -4.5, -4.0, -4.0, -3.5, -3.5, -3.5, -3.5, -3.0, -2.0]","[2.0, 2.5, 2.5, 3.5]","[0.0, 2.4494898, 2.4494898, 3.4641016]","[-4.5, -3.5, -3.5, -2.0]","[4.0, 4.5, 6.5, 6.5]","[2.6457512, 2.828427, 6.0, 6.3245554]","[-4.0, 0.0, 2.5, 3.5]","[4.5, 8.5]","[2.828427, 8.485281]","[0.0, 7.0]",2,1,1,0,2.0,0.0,0
620,2,2,2,"[0.0, 0.0, 0.0, 0.0, 0.5, 1.0, 2.0, 2.5, 3.0, 3.5]","[0.0, 0.0, 0.0, 0.0, 0.0, 0.0, 1.7320508, 2.0, 2.828427, 3.4641016]","[0.5, 2.0]","[0.0, 2.0]","[-2.0, -1.5]","[0.5, 2.0]","[0.0, 2.0]","[-2.0, -1.5]","[4.0, 8.5]","[2.6457512, 8.485281]","[0.0, 7.5]","[4.0, 8.5]","[2.6457512, 8.485281]","[0.0, 7.5]",0,2,0,0,0.0,0.0,1
97024,11,3,3,"[2.0, 2.0, 2.5, 2.5, 2.5, 3.5, 4.0, 4.5, 4.5, 4.5]","[0.0, 0.0, 0.0, 0.0, 0.0, 0.0, 2.4494898, 2.4494898, 3.7416575, 4.472136]","[1.5, 1.5, 1.5, 2.0, 2.0, 2.5, 2.5, 2.5, 3.0, 3.5, 3.5]","[0.0, 0.0, 0.0, 0.0, 1.7320508, 2.0, 2.0, 2.4494898, 2.4494898, 2.828427, 3.4641016]","[-5.0, -5.0, -4.5, -4.0, -3.5, -3.5, -3.0, -3.0, -2.5, -2.0, -1.5]","[1.5, 2.0, 3.0]","[0.0, 2.0, 2.828427]","[-5.0, -3.5, -3.0]","[1.5, 1.5, 6.0]","[1.4142135, 1.4142135, 5.196152]","[-0.5, 1.5, 6.0]","[1.5, 1.5, 6.0]","[1.4142135, 1.4142135, 5.196152]","[-0.5, 1.5, 6.0]",0,3,0,0,0.0,0.0,0
32148,5,2,2,"[0.0, 0.5, 1.0, 1.0, 1.5, 2.0, 2.5, 3.5, 4.0, 9.0]","[0.0, 0.0, 0.0, 0.0, 0.0, 0.0, 0.0, 0.0, 2.4494898, 9.0]","[1.5, 4.0, 4.0, 4.5, 4.5]","[0.0, 3.8729835, 4.0, 4.2426405, 4.472136]","[-4.5, -3.5, -3.0, -2.5, -2.5]","[1.5, 4.0]","[0.0, 4.0]","[-4.5, -2.5]","[4.5, 7.0]","[2.828427, 6.928203]","[0.0, 7.0]","[4.5, 7.0]","[2.828427, 6.928203]","[0.0, 7.0]",0,2,0,0,0.0,0.0,0
784,3,2,2,"[0.0, 0.0, 1.0, 1.5, 1.5, 2.5, 2.5, 3.0, 3.5, 5.5]","[0.0, 0.0, 0.0, 0.0, 0.0, 1.0, 1.4142135, 2.236068, 3.4641016, 4.8989797]","[0.5, 1.5, 3.0]","[0.0, 1.4142135, 2.828427]","[-3.5, -2.5, -1.0]","[0.5, 1.5]","[0.0, 1.4142135]","[-3.5, -2.5]","[3.0, 4.0]","[2.236068, 3.8729835]","[1.0, 3.5]","[3.0, 4.0]","[2.236068, 3.8729835]","[1.0, 3.5]",0,2,0,0,0.0,0.0,1
46303,7,4,2,"[0.0, 1.0, 1.5, 1.5, 2.5, 3.5, 5.0, 5.5, 6.0, 8.5]","[0.0, 0.0, 1.0, 1.4142135, 2.0, 3.1622777, 4.0, 4.2426405, 5.656854, 8.485281]","[2.0, 3.0, 3.0, 3.5, 4.0, 4.5, 5.0]","[0.0, 0.0, 2.4494898, 3.0, 4.0, 4.0, 4.472136]","[-4.5, -3.5, -3.5, -2.5, -2.5, -2.0, -1.5]","[2.0, 3.0, 3.5, 4.5]","[0.0, 2.4494898, 3.0, 4.472136]","[-4.5, -3.5, -2.0, -1.5]","[4.0, 4.5, 5.0, 6.5]","[2.6457512, 3.7416575, 4.0, 6.3245554]","[-3.5, -0.5, 1.0, 2.5]","[4.0, 6.0]","[2.6457512, 6.0]","[1.0, 2.5]",2,1,1,0,2.0,0.0,0
998,5,3,1,"[0.0, 0.0, 1.0, 1.5, 2.0, 3.5, 3.5, 5.0, 5.0, 7.0]","[0.0, 0.0, 0.0, 1.4142135, 1.7320508, 2.4494898, 3.0, 3.1622777, 5.0, 6.928203]","[2.5, 2.5, 3.0, 3.5, 3.5]","[2.0, 2.0, 2.828427, 3.1622777, 3.4641016]","[-4.5, -3.0, -3.0, -2.5, -1.5]","[2.5, 2.5, 3.0]","[2.0, 2.0, 2.828427]","[-4.5, -3.0, -2.5]","[2.5, 2.5, 7.5]","[2.0, 2.0, 7.3484693]","[-3.0, -2.5, 6.5]",[7.5],[7.3484693],[6.5],2,1,0,1,0.0,2.0,1
27474,5,2,2,"[0.5, 1.5, 1.5, 2.0, 2.0, 2.5, 3.0, 3.5, 5.0, 8.0]","[0.0, 0.0, 1.4142135, 1.7320508, 1.7320508, 2.4494898, 2.828427, 3.4641016, 4.582576, 8.0]","[1.5, 2.5, 2.5, 3.0, 3.5]","[0.0, 2.0, 2.236068, 2.4494898, 2.4494898]","[-4.0, -3.5, -3.0, -2.5, -2.5]","[2.5, 2.5]","[2.0, 2.4494898]","[-3.0, -2.5]","[5.0, 7.0]","[4.8989797, 6.928203]","[0.5, 4.5]","[5.0, 7.0]","[4.8989797, 6.928203]","[0.5, 4.5]",0,2,0,0,0.0,0.0,0
52,9,2,1,"[0.0, 0.5, 0.5, 1.5, 2.0, 2.5, 3.5, 5.5, 8.0, 8.5]","[0.0, 0.0, 0.0, 0.0, 0.0, 1.7320508, 2.4494898, 4.8989797, 8.0, 8.485281]","[1.5, 2.0, 3.5, 3.5, 4.0, 4.0, 4.0, 5.0, 6.0]","[0.0, 0.0, 0.0, 0.0, 2.4494898, 2.6457512, 3.4641016, 5.0, 5.91608]","[-4.5, -4.0, -4.0, -3.5, -3.5, -3.0, -2.0, -1.5, -1.5]","[3.5, 4.0]","[0.0, 2.6457512]","[-4.0, -1.5]","[4.0, 5.5]","[0.0, 4.8989797]","[-4.5, 0.0]",[2.0],[0.0],[-3.5],1,0,1,0,1.0,0.0,1
955,2,2,1,"[0.0, 0.0, 0.0, 1.0, 1.0, 1.0, 2.5, 3.5, 4.5, 6.5]","[0.0, 0.0, 0.0, 0.0, 0.0, 0.0, 2.4494898, 2.4494898, 3.7416575, 6.3245554]","[1.5, 4.5]","[1.4142135, 4.472136]","[-5.5, -1.5]","[1.5, 4.5]","[1.4142135, 4.472136]","[-5.5, -1.5]","[1.5, 2.0]","[0.0, 0.0]","[-3.0, -1.5]",[5.5],[4.8989797],[4.0],1,0,1,0,1.0,0.0,1
707,7,2,0,"[0.0, 0.5, 0.5, 1.0, 2.0, 3.0, 3.5, 4.0, 4.0, 9.0]","[0.0, 0.0, 0.0, 0.0, 0.0, 0.0, 2.6457512, 3.1622777, 4.0, 9.0]","[2.0, 2.0, 2.5, 3.5, 3.5, 4.0, 5.0]","[0.0, 0.0, 2.0, 2.4494898, 3.4641016, 3.8729835, 4.8989797]","[-4.5, -4.5, -4.0, -4.0, -2.0, -2.0, -1.0]","[2.0, 2.0]","[0.0, 2.0]","[-4.5, -4.5]","[2.0, 2.0]","[0.0, 2.0]","[-4.5, -4.5]",[],[],[],2,0,0,1,0.0,2.0,0
304,3,2,1,"[0.0, 0.0, 0.5, 0.5, 1.5, 2.5, 2.5, 3.0, 4.5, 5.0]","[0.0, 0.0, 0.0, 0.0, 1.4142135, 2.4494898, 2.4494898, 2.828427, 3.0, 3.0]","[1.0, 3.5, 4.5]","[1.0, 3.1622777, 3.7416575]","[-4.5, -2.5, -1.0]","[1.0, 3.5]","[1.0, 3.1622777]","[-4.5, -2.5]","[4.0, 5.5]","[0.0, 4.8989797]","[2.0, 3.5]",[4.0],[0.0],[3.0],1,0,1,0,1.0,0.0,1
20355,3,2,1,"[0.0, 0.5, 1.5, 1.5, 2.0, 2.5, 3.5, 3.5, 4.0, 5.0]","[0.0, 0.0, 0.0, 0.0, 0.0, 0.0, 2.4494898, 2.6457512, 3.1622777, 4.8989797]","[0.5, 1.5, 2.5]","[0.0, 0.0, 0.0]","[-4.0, -3.0, -1.0]","[0.5, 1.5]","[0.0, 0.0]","[-4.0, -3.0]","[6.5, 7.5]","[6.0, 7.3484693]","[2.5, 5.5]",[3.0],[2.236068],[2.0],1,0,1,0,1.0,0.0,0
68897,3,2,1,"[0.5, 0.5, 1.5, 1.5, 1.5, 2.0, 2.5, 3.5, 3.5, 7.5]","[0.0, 0.0, 0.0, 0.0, 0.0, 0.0, 1.4142135, 3.4641016, 3.4641016, 7.483315]","[2.0, 2.5, 3.5]","[0.0, 0.0, 0.0]","[-3.5, -2.5, -1.5]","[2.0, 3.5]","[0.0, 0.0]","[-3.5, -2.5]","[3.0, 6.0]","[2.236068, 5.656854]","[-2.5, 2.5]",[5.0],[4.8989797],[3.5],1,0,1,0,1.0,0.0,0
36688,3,2,2,"[0.5, 0.5, 2.0, 2.0, 2.5, 2.5, 2.5, 3.0, 3.5, 7.5]","[0.0, 0.0, 0.0, 0.0, 1.7320508, 1.7320508, 2.0, 2.4494898, 3.1622777, 7.483315]","[1.5, 3.0, 4.5]","[1.4142135, 2.828427, 3.7416575]","[-5.5, -1.5, -1.0]","[1.5, 3.0]","[1.4142135, 2.828427]","[-5.5, -1.0]","[1.0, 3.5]","[1.0, 2.4494898]","[-2.5, 1.5]","[1.0, 3.5]","[1.0, 2.4494898]","[-2.5, 1.5]",0,2,0,0,0.0,0.0,0
58182,8,3,2,"[0.0, 0.5, 1.0, 1.5, 2.0, 2.5, 4.0, 4.5, 4.5, 6.0]","[0.0, 0.0, 0.0, 0.0, 1.4142135, 2.0, 2.828427, 2.828427, 3.4641016, 5.196152]","[0.5, 2.5, 3.0, 3.5, 3.5, 3.5, 4.0, 4.0]","[0.0, 0.0, 0.0, 0.0, 2.0, 2.4494898, 2.6457512, 3.1622777]","[-5.0, -3.0, -3.0, -3.0, -2.0, -2.0, -1.5, -1.0]","[0.5, 3.5, 3.5]","[0.0, 2.4494898, 3.1622777]","[-5.0, -3.0, -2.0]","[3.0, 6.5, 9.0]","[0.0, 6.3245554, 9.0]","[-2.0, 4.0, 8.5]","[6.5, 9.0]","[6.3245554, 9.0]","[5.0, 8.5]",1,1,1,0,1.0,0.0,0
561,4,2,2,"[0.0, 0.0, 1.5, 2.0, 2.5, 2.5, 3.0, 4.0, 5.0, 5.5]","[0.0, 0.0, 0.0, 0.0, 1.4142135, 2.0, 2.4494898, 3.0, 3.4641016, 5.2915025]","[2.0, 3.0, 3.5, 4.0]","[2.0, 2.4494898, 3.0, 3.8729835]","[-4.5, -2.0, -2.0, -2.0]","[2.0, 3.0]","[2.0, 3.0]","[-4.5, -2.0]","[4.5, 7.5]","[4.2426405, 7.3484693]","[1.0, 7.0]","[4.5, 7.5]","[4.2426405, 7.3484693]","[1.0, 7.0]",0,2,0,0,0.0,0.0,1
31853,1,1,1,"[0.0, 0.0, 0.0, 0.5, 0.5, 1.5, 2.0, 2.0, 4.0, 4.0]","[0.0, 0.0, 0.0, 0.0, 0.0, 0.0, 0.0, 0.0, 2.0, 3.4641016]",[1.0],[0.0],[-6.0],[1.0],[0.0],[-6.0],[5.0],[3.0],[4.0],[5.0],[3.0],[4.0],0,1,0,0,0.0,0.0,0
262,6,3,3,"[1.0, 1.0, 1.5, 2.5, 2.5, 3.0, 3.5, 3.5, 5.5, 7.5]","[0.0, 0.0, 0.0, 0.0, 2.0, 2.4494898, 2.4494898, 2.828427, 5.477226, 7.483315]","[1.5, 2.0, 2.0, 2.5, 3.0, 5.0]","[0.0, 0.0, 1.7320508, 2.0, 3.0, 4.8989797]","[-4.0, -4.0, -3.0, -2.5, -2.0, -1.5]","[1.5, 2.0, 3.0]","[0.0, 1.7320508, 3.0]","[-4.0, -2.5, -2.0]","[3.0, 5.0, 7.0]","[3.0, 4.0, 6.708204]","[2.0, 2.5, 2.5]","[3.0, 5.0, 7.0]","[3.0, 4.0, 6.708204]","[2.0, 2.5, 2.5]",0,3,0,0,0.0,0.0,1
839,4,3,2,"[0.0, 0.5, 1.0, 1.5, 1.5, 3.0, 3.5, 4.0, 5.5, 6.0]","[0.0, 0.0, 0.0, 0.0, 0.0, 1.4142135, 2.828427, 3.1622777, 4.2426405, 5.196152]","[1.5, 2.0, 2.0, 3.0]","[1.4142135, 1.7320508, 2.0, 2.236068]","[-4.0, -3.5, -2.5, -1.0]","[2.0, 2.0, 3.0]","[1.7320508, 2.0, 2.236068]","[-4.0, -3.5, -1.0]","[4.0, 7.0, 8.5]","[3.8729835, 6.928203, 8.485281]","[-0.5, 3.0, 5.0]","[4.0, 6.5]","[3.8729835, 6.4807405]","[-0.5, 4.5]",1,1,1,0,1.0,0.0,1
27338,4,3,3,"[0.5, 0.5, 0.5, 0.5, 1.5, 1.5, 1.5, 4.0, 6.0, 6.0]","[0.0, 0.0, 0.0, 0.0, 0.0, 1.4142135, 1.4142135, 3.4641016, 5.196152, 5.656854]","[1.0, 3.0, 3.5, 3.5]","[0.0, 0.0, 2.236068, 3.1622777]","[-5.5, -4.0, -1.0, -1.0]","[1.0, 3.5, 3.5]","[0.0, 0.0, 3.1622777]","[-4.0, -1.0, -1.0]","[3.0, 3.5, 5.0]","[0.0, 2.828427, 4.0]","[1.5, 2.0, 2.5]","[3.0, 3.5, 5.0]","[0.0, 2.828427, 4.0]","[1.5, 2.0, 2.5]",0,3,0,0,0.0,0.0,0
37269,9,3,1,"[0.5, 0.5, 1.0, 1.5, 2.0, 3.5, 3.5, 5.5, 6.0, 7.5]","[0.0, 0.0, 0.0, 0.0, 1.4142135, 2.0, 3.1622777, 5.196152, 5.477226, 7.3484693]","[2.5, 2.5, 3.0, 3.0, 3.5, 3.5, 4.0, 4.0, 5.0]","[0.0, 0.0, 2.0, 2.236068, 2.4494898, 2.6457512, 2.828427, 3.4641016, 4.0]","[-6.0, -5.0, -3.5, -3.0, -2.5, -2.0, -1.5, -1.5, -1.0]","[2.5, 3.0, 3.5]","[2.0, 2.828427, 3.4641016]","[-6.0, -2.0, -1.5]","[2.5, 4.5, 6.0]","[0.0, 2.828427, 5.656854]","[-5.0, 1.0, 1.5]",[5.0],[4.582576],[2.5],2,0,1,0,2.0,0.0,0
402,5,2,1,"[0.0, 0.0, 0.5, 0.5, 1.5, 2.5, 4.0, 4.5, 6.0, 7.5]","[0.0, 0.0, 0.0, 0.0, 0.0, 2.4494898, 2.6457512, 4.472136, 5.91608, 7.483315]","[2.0, 2.5, 3.0, 4.5, 5.0]","[0.0, 2.0, 3.0, 4.2426405, 5.0]","[-5.0, -3.0, -2.5, -2.5, -1.5]","[2.0, 2.5]","[0.0, 2.0]","[-5.0, -2.5]","[5.0, 6.0]","[4.0, 5.91608]","[-1.0, 0.0]",[8.0],[7.937254],[2.0],1,0,1,0,1.0,0.0,1
735,14,4,2,"[0.5, 1.0, 1.0, 2.0, 3.5, 4.5, 5.0, 6.5, 6.5, 6.5]","[0.0, 0.0, 1.0, 2.0, 3.1622777, 3.7416575, 4.8989797, 6.3245554, 6.3245554, 6.4807405]","[1.0, 1.0, 1.5, 1.5, 1.5, 2.0, 2.0, 2.5, 3.0, 3.0, 4.0, 4.0, 4.5, 5.5]","[0.0, 0.0, 0.0, 0.0, 0.0, 1.0, 1.4142135, 2.0, 2.236068, 2.236068, 2.6457512, 3.8729835, 4.2426405, 5.477226]","[-6.0, -6.0, -6.0, -5.5, -3.5, -3.0, -3.0, -3.0, -2.5, -2.0, -1.5, -1.5, -1.0, -1.0]","[1.0, 1.0, 1.5, 2.5]","[0.0, 0.0, 1.0, 2.0]","[-6.0, -5.5, -3.0, -1.5]","[2.0, 3.0, 3.5, 5.5]","[0.0, 2.0, 2.236068, 4.8989797]","[-3.5, -1.0, 0.0, 0.5]","[5.5, 6.5]","[4.2426405, 6.0]","[0.0, 5.5]",2,0,2,0,1.0,0.0,1
90480,5,3,2,"[0.0, 0.0, 0.0, 1.0, 1.0, 2.0, 3.0, 4.0, 5.0, 7.5]","[0.0, 0.0, 0.0, 0.0, 0.0, 0.0, 2.236068, 2.6457512, 4.0, 7.3484693]","[1.0, 2.0, 2.0, 3.5, 6.5]","[0.0, 1.0, 2.0, 2.4494898, 6.4807405]","[-5.0, -4.5, -2.5, -2.0, -1.0]","[1.0, 2.0, 3.5]","[1.0, 2.0, 2.4494898]","[-5.0, -4.5, -2.0]","[2.5, 4.5, 6.5]","[2.4494898, 4.2426405, 6.3245554]","[-3.0, 1.0, 6.5]","[4.5, 6.5]","[4.472136, 6.3245554]","[3.0, 6.5]",1,1,1,0,1.0,0.0,0
684,7,3,2,"[0.0, 0.0, 0.5, 1.5, 1.5, 3.0, 4.5, 4.5, 5.0, 5.5]","[0.0, 0.0, 0.0, 0.0, 0.0, 0.0, 1.4142135, 3.7416575, 4.8989797, 5.477226]","[1.0, 2.5, 3.0, 3.0, 3.5, 4.0, 4.0]","[0.0, 0.0, 2.236068, 2.4494898, 2.828427, 3.8729835, 4.0]","[-5.0, -4.5, -4.0, -3.5, -2.0, -1.5, -1.5]","[1.0, 3.0, 4.0]","[0.0, 2.236068, 4.0]","[-4.0, -2.0, -1.5]","[1.5, 6.0, 6.0]","[0.0, 5.656854, 5.91608]","[0.5, 0.5, 3.0]","[1.5, 7.0]","[0.0, 7.0]","[0.5, 4.0]",1,1,1,0,1.0,0.0,1
36220,9,2,1,"[0.0, 0.5, 1.5, 2.0, 2.0, 3.5, 4.5, 6.0, 7.0, 7.0]","[0.0, 0.0, 0.0, 0.0, 1.7320508, 2.4494898, 3.7416575, 5.91608, 7.0, 7.0]","[2.0, 2.5, 2.5, 3.0, 3.0, 3.5, 4.0, 4.0, 4.0]","[2.0, 2.0, 2.236068, 2.236068, 2.4494898, 2.4494898, 3.4641016, 3.4641016, 3.8729835]","[-4.5, -4.0, -3.0, -3.0, -2.5, -2.0, -2.0, -1.5, -1.5]","[2.5, 3.0]","[2.0, 2.236068]","[-4.0, -2.0]","[1.5, 2.0]","[1.4142135, 2.0]","[-2.5, -2.0]",[7.0],[6.708204],[6.0],1,0,1,0,1.0,0.0,0
18062,8,3,2,"[0.5, 0.5, 1.0, 2.0, 2.5, 3.0, 3.0, 3.5, 4.0, 8.0]","[0.0, 0.0, 0.0, 1.0, 1.7320508, 2.0, 2.236068, 2.236068, 2.6457512, 7.937254]","[1.0, 2.5, 2.5, 3.0, 3.0, 3.5, 4.0, 4.5]","[0.0, 1.0, 2.0, 2.4494898, 2.6457512, 3.0, 3.1622777, 4.472136]","[-6.0, -4.5, -4.5, -3.5, -2.5, -2.0, -1.5, -1.0]","[1.0, 2.5, 3.0]","[1.0, 2.0, 3.0]","[-6.0, -3.5, -2.5]","[2.5, 4.5, 6.0]","[0.0, 0.0, 5.656854]","[0.5, 1.5, 1.5]","[2.5, 4.5]","[0.0, 2.828427]","[1.5, 4.0]",1,1,1,0,1.0,0.0,0
64729,5,3,3,"[0.5, 1.0, 1.0, 1.0, 1.5, 2.5, 4.5, 4.5, 5.0, 6.0]","[0.0, 0.0, 0.0, 0.0, 1.0, 1.4142135, 2.0, 4.2426405, 4.8989797, 5.656854]","[1.0, 1.5, 2.0, 4.5, 5.0]","[0.0, 0.0, 1.0, 3.7416575, 4.582576]","[-5.0, -3.5, -3.0, -2.5, -2.0]","[1.0, 1.5, 5.0]","[0.0, 1.0, 4.582576]","[-3.5, -3.0, -2.5]","[1.5, 5.0, 6.5]","[0.0, 3.0, 6.3245554]","[-0.5, 3.5, 4.5]","[1.5, 5.0, 6.5]","[0.0, 3.0, 6.3245554]","[-0.5, 3.5, 4.5]",0,3,0,0,0.0,0.0,0
300,1,1,1,"[1.0, 1.0, 1.0, 1.5, 1.5, 2.0, 2.0, 3.0, 3.5, 6.5]","[0.0, 0.0, 0.0, 1.0, 1.4142135, 1.7320508, 2.0, 2.828427, 3.1622777, 6.4807405]",[3.0],[3.0],[-2.5],[3.0],[3.0],[-2.5],[5.5],[5.477226],[1.0],[5.5],[5.477226],[1.0],0,1,0,0,0.0,0.0,1
57355,2,2,2,"[0.0, 0.5, 0.5, 1.0, 1.0, 1.5, 3.0, 3.5, 4.0, 4.5]","[0.0, 0.0, 0.0, 0.0, 0.0, 0.0, 0.0, 0.0, 3.4641016, 3.7416575]","[2.0, 3.0]","[0.0, 3.0]","[-4.0, -2.5]","[2.0, 3.0]","[0.0, 3.0]","[-4.0, -2.5]","[4.5, 5.0]","[3.0, 3.7416575]","[4.0, 4.5]","[4.5, 5.0]","[3.0, 3.7416575]","[4.0, 4.5]",0,2,0,0,0.0,0.0,0
94438,5,2,2,"[1.0, 1.0, 1.0, 1.5, 2.5, 2.5, 4.5, 5.0, 5.5, 8.0]","[0.0, 0.0, 0.0, 0.0, 2.4494898, 2.4494898, 3.0, 4.2426405, 5.477226, 7.937254]","[1.0, 2.0, 2.0, 2.5, 4.0]","[0.0, 1.7320508, 2.0, 2.0, 4.0]","[-7.0, -4.0, -2.5, -1.5, -1.0]","[1.0, 2.5]","[0.0, 2.0]","[-7.0, -1.5]","[4.5, 7.0]","[0.0, 6.708204]","[-0.5, 5.5]","[4.5, 7.0]","[0.0, 6.708204]","[-0.5, 5.5]",0,2,0,0,0.0,0.0,0
835,10,3,2,"[0.0, 1.0, 2.0, 2.0, 2.5, 3.0, 3.5, 5.5, 6.0, 8.5]","[0.0, 0.0, 1.0, 1.7320508, 2.0, 2.0, 2.236068, 5.196152, 5.2915025, 8.485281]","[1.0, 1.0, 1.5, 1.5, 1.5, 2.0, 2.5, 3.5, 4.0, 6.0]","[0.0, 0.0, 0.0, 0.0, 0.0, 0.0, 0.0, 1.4142135, 2.4494898, 6.0]","[-6.0, -4.5, -4.0, -3.5, -2.5, -2.5, -1.5, -1.0, -1.0, -1.0]","[1.0, 1.0, 2.0]","[0.0, 0.0, 0.0]","[-6.0, -4.0, -2.5]","[4.5, 5.5, 9.0]","[3.7416575, 5.2915025, 9.0]","[0.0, 0.5, 6.5]","[3.5, 9.0]","[3.1622777, 9.0]","[2.5, 6.5]",1,1,1,0,1.0,0.0,1
87,4,2,1,"[0.5, 1.0, 1.5, 2.0, 2.0, 2.5, 3.0, 4.0, 4.5, 6.0]","[0.0, 0.0, 0.0, 0.0, 0.0, 1.7320508, 2.828427, 3.8729835, 4.472136, 5.91608]","[0.5, 1.5, 2.0, 2.5]","[0.0, 0.0, 1.7320508, 2.0]","[-3.0, -2.5, -2.0, -1.5]","[0.5, 2.5]","[0.0, 2.0]","[-3.0, -2.0]","[5.5, 6.0]","[4.2426405, 5.656854]","[1.5, 3.5]",[7.5],[7.483315],[5.5],1,0,1,0,1.0,0.0,1
787,29,6,2,"[1.5, 2.5, 2.5, 2.5, 4.0, 4.5, 6.5, 7.5, 8.5, 8.5]","[0.0, 0.0, 1.4142135, 2.0, 4.0, 4.472136, 6.0, 7.483315, 8.485281, 8.485281]","[0.0, 0.0, 0.5, 0.5, 1.0, 1.0, 1.0, 1.5, 1.5, 1.5, 1.5, 2.0, 2.0, 2.0, 2.5, 2.5, 3.0, 3.0, 3.0, 3.5, 3.5, 3.5, 4.0, 4.0, 4.0, 4.5, 5.0, 5.0, 6.0]","[0.0, 0.0, 0.0, 0.0, 0.0, 0.0, 0.0, 0.0, 0.0, 0.0, 0.0, 0.0, 0.0, 2.0, 2.0, 2.4494898, 2.4494898, 2.4494898, 2.6457512, 2.828427, 3.0, 3.0, 3.1622777, 3.4641016, 3.8729835, 4.472136, 4.582576, 4.8989797, 5.656854]","[-7.0, -6.5, -5.5, -5.5, -5.0, -5.0, -5.0, -4.5, -4.5, -4.5, -4.5, -4.5, -4.0, -4.0, -4.0, -4.0, -3.5, -3.5, -3.5, -3.0, -3.0, -3.0, -3.0, -3.0, -2.5, -2.5, -2.0, -2.0, -1.0]","[0.0, 0.0, 0.5, 1.0, 1.5, 1.5]","[0.0, 0.0, 0.0, 0.0, 0.0, 0.0]","[-4.5, -4.5, -4.5, -4.0, -4.0, -2.5]","[3.0, 4.5, 4.5, 5.5, 5.5, 7.5]","[2.828427, 2.828427, 4.2426405, 4.8989797, 5.477226, 7.483315]","[-3.0, -1.0, -0.5, 0.5, 2.5, 2.5]","[2.0, 3.0]","[2.0, 2.828427]","[-7.0, -3.0]",4,1,1,0,4.0,0.0,1
1283,8,3,2,"[0.5, 0.5, 0.5, 1.0, 2.0, 2.0, 4.0, 4.0, 5.5, 6.0]","[0.0, 0.0, 0.0, 1.0, 2.0, 2.0, 3.4641016, 4.0, 4.2426405, 5.91608]","[1.0, 1.0, 1.5, 2.0, 2.0, 2.5, 4.0, 4.5]","[0.0, 0.0, 0.0, 0.0, 1.4142135, 1.7320508, 2.4494898, 4.472136]","[-4.5, -4.0, -3.0, -3.0, -3.0, -2.0, -2.0, -1.0]","[1.0, 1.0, 1.5]","[0.0, 0.0, 1.4142135]","[-4.0, -3.0, -2.0]","[6.0, 6.0, 7.0]","[5.196152, 5.91608, 6.708204]","[2.5, 3.0, 3.0]","[3.0, 6.0]","[0.0, 5.91608]","[1.5, 3.0]",1,1,1,0,1.0,0.0,0
854,3,1,1,"[0.0, 0.0, 0.5, 0.5, 0.5, 2.0, 2.0, 2.5, 4.0, 4.5]","[0.0, 0.0, 0.0, 0.0, 0.0, 0.0, 0.0, 0.0, 0.0, 1.7320508]","[2.5, 3.0, 4.0]","[2.0, 2.6457512, 3.0]","[-6.0, -3.0, -3.0]",[2.5],[2.0],[-6.0],[2.5],[2.0],[2.5],[2.5],[2.0],[2.5],0,1,0,0,0.0,0.0,1
914,4,2,2,"[0.5, 1.0, 1.0, 2.0, 2.0, 2.0, 2.5, 2.5, 4.5, 5.0]","[0.0, 0.0, 0.0, 0.0, 0.0, 2.0, 2.4494898, 2.4494898, 2.828427, 4.582576]","[1.0, 2.0, 3.0, 4.0]","[0.0, 1.0, 1.7320508, 2.6457512]","[-4.5, -4.0, -1.0, -1.0]","[1.0, 4.0]","[1.0, 2.6457512]","[-4.5, -1.0]","[6.0, 7.5]","[6.0, 7.483315]","[4.5, 5.5]","[6.0, 7.5]","[6.0, 7.483315]","[4.5, 5.5]",0,2,0,0,0.0,0.0,1
25641,7,2,1,"[0.5, 1.0, 1.0, 1.5, 2.0, 2.5, 3.0, 5.0, 5.5, 8.0]","[0.0, 0.0, 0.0, 0.0, 0.0, 0.0, 0.0, 3.0, 5.2915025, 8.0]","[2.0, 2.5, 3.0, 3.0, 4.0, 4.0, 4.5]","[0.0, 0.0, 2.236068, 2.6457512, 3.0, 3.4641016, 3.7416575]","[-5.0, -3.5, -3.5, -2.5, -2.5, -2.0, -1.5]","[2.0, 3.0]","[0.0, 2.236068]","[-5.0, -3.5]","[3.0, 4.5]","[0.0, 4.472136]","[-1.0, 0.5]",[3.0],[2.236068],[3.0],1,0,1,0,1.0,0.0,0
31651,6,3,1,"[0.0, 0.5, 1.5, 2.0, 2.0, 3.5, 4.0, 4.5, 5.0, 5.5]","[0.0, 0.0, 0.0, 1.4142135, 1.7320508, 2.4494898, 3.4641016, 3.7416575, 4.0, 4.8989797]","[1.0, 2.5, 2.5, 3.5, 3.5, 4.0]","[0.0, 0.0, 0.0, 1.0, 3.1622777, 3.4641016]","[-4.5, -4.0, -2.5, -1.5, -1.0, -1.0]","[1.0, 2.5, 4.0]","[0.0, 1.0, 3.4641016]","[-4.0, -2.5, -1.5]","[1.0, 4.0, 6.5]","[1.0, 3.4641016, 6.3245554]","[-4.0, -1.5, 5.0]",[6.5],[6.3245554],[5.0],2,1,0,1,0.0,2.0,0
404,3,1,1,"[0.0, 0.5, 2.0, 2.0, 2.5, 3.0, 3.5, 3.5, 3.5, 5.5]","[0.0, 0.0, 0.0, 0.0, 1.7320508, 1.7320508, 2.4494898, 2.828427, 3.4641016, 5.2915025]","[2.5, 2.5, 5.5]","[2.0, 2.4494898, 5.477226]","[-2.5, -1.5, -1.0]",[2.5],[2.0],[-2.5],[7.0],[6.928203],[5.0],[7.0],[6.928203],[5.0],0,1,0,0,0.0,0.0,1
686,3,1,1,"[0.5, 0.5, 1.5, 2.5, 2.5, 3.0, 3.0, 3.0, 4.0, 4.5]","[0.0, 0.0, 0.0, 0.0, 2.236068, 2.4494898, 2.6457512, 2.828427, 2.828427, 2.828427]","[1.5, 3.0, 5.0]","[0.0, 1.4142135, 4.8989797]","[-5.0, -2.5, -2.0]",[1.5],[1.4142135],[-5.0],[5.5],[4.2426405],[4.5],[5.5],[4.2426405],[4.5],0,1,0,0,0.0,0.0,1
250,8,4,2,"[1.0, 1.0, 1.5, 1.5, 2.0, 4.0, 4.0, 4.5, 5.0, 7.0]","[0.0, 0.0, 0.0, 1.0, 1.0, 1.7320508, 3.8729835, 4.0, 5.0, 7.0]","[2.0, 2.5, 2.5, 2.5, 2.5, 2.5, 4.0, 7.0]","[0.0, 0.0, 2.0, 2.0, 2.0, 2.4494898, 2.6457512, 6.928203]","[-4.0, -3.5, -3.5, -3.5, -3.0, -3.0, -1.5, -1.0]","[2.0, 2.5, 2.5, 2.5]","[0.0, 2.0, 2.0, 2.4494898]","[-3.5, -3.5, -3.0, -1.5]","[2.0, 2.5, 5.5, 8.0]","[0.0, 2.0, 5.477226, 7.937254]","[-3.5, -3.0, 5.5, 5.5]","[5.5, 8.0]","[5.477226, 7.937254]","[5.5, 5.5]",2,2,0,1,0.0,2.0,1
479,2,2,1,"[0.0, 1.0, 1.0, 1.0, 1.0, 2.0, 2.5, 3.5, 5.0, 5.5]","[0.0, 0.0, 0.0, 0.0, 0.0, 1.0, 2.0, 2.0, 4.0, 4.2426405]","[1.0, 3.0]","[1.0, 2.828427]","[-5.5, -1.0]","[1.0, 3.0]","[1.0, 2.828427]","[-5.5, -1.0]","[3.0, 7.0]","[3.0, 7.0]","[1.0, 3.0]",[8.5],[8.485281],[7.5],1,0,1,0,1.0,0.0,1
43862,6,2,1,"[0.5, 0.5, 1.0, 1.5, 1.5, 1.5, 2.0, 3.0, 4.0, 9.0]","[0.0, 0.0, 0.0, 0.0, 1.0, 1.4142135, 2.0, 2.828427, 4.0, 9.0]","[1.5, 2.0, 3.0, 3.5, 3.5, 4.0]","[0.0, 0.0, 1.4142135, 1.7320508, 2.236068, 2.4494898]","[-5.0, -4.5, -3.0, -2.0, -1.5, -1.0]","[1.5, 2.0]","[1.4142135, 1.7320508]","[-5.0, -4.5]","[4.5, 5.0]","[3.7416575, 4.582576]","[-1.5, -1.0]",[7.5],[7.3484693],[4.5],1,0,1,0,1.0,0.0,0
66008,6,4,2,"[1.0, 1.0, 1.5, 2.0, 2.5, 2.5, 3.5, 4.5, 5.5, 5.5]","[0.0, 0.0, 0.0, 1.4142135, 1.7320508, 2.4494898, 3.1622777, 4.472136, 5.2915025, 5.477226]","[0.5, 0.5, 1.5, 2.0, 3.0, 3.5]","[0.0, 0.0, 0.0, 1.4142135, 2.236068, 3.4641016]","[-3.5, -3.0, -3.0, -3.0, -1.5, -1.5]","[0.5, 0.5, 1.5, 3.0]","[0.0, 0.0, 1.4142135, 2.236068]","[-3.5, -3.0, -3.0, -1.5]","[3.0, 3.5, 6.5, 8.0]","[0.0, 3.4641016, 6.0, 7.937254]","[-1.0, 0.0, 3.5, 4.5]","[3.0, 6.5]","[0.0, 6.0]","[0.0, 4.5]",2,1,1,0,2.0,0.0,0
399,11,3,2,"[0.0, 0.0, 0.5, 0.5, 3.5, 4.0, 4.0, 5.0, 7.0, 8.0]","[0.0, 0.0, 0.0, 0.0, 2.6457512, 3.4641016, 3.8729835, 4.582576, 6.928203, 7.937254]","[0.5, 1.0, 1.0, 1.5, 2.0, 2.0, 2.5, 2.5, 3.0, 3.5, 5.5]","[0.0, 0.0, 1.0, 1.0, 1.7320508, 2.0, 2.4494898, 2.4494898, 2.4494898, 2.828427, 5.477226]","[-6.5, -6.5, -4.5, -4.5, -4.0, -4.0, -3.0, -2.5, -2.0, -1.5, -1.0]","[0.5, 1.0, 1.0]","[0.0, 1.0, 1.0]","[-6.5, -4.0, -4.0]","[2.5, 2.5, 3.0]","[0.0, 0.0, 2.828427]","[-2.0, 0.0, 0.0]","[2.5, 7.0]","[0.0, 6.708204]","[-2.0, 5.0]",1,1,1,0,1.0,0.0,1
689,7,4,3,"[0.0, 1.0, 1.0, 1.5, 3.5, 3.5, 3.5, 4.0, 5.0, 8.5]","[0.0, 0.0, 1.0, 1.4142135, 2.4494898, 2.4494898, 3.4641016, 3.8729835, 4.582576, 8.485281]","[1.0, 1.0, 1.5, 2.0, 2.5, 3.0, 5.5]","[0.0, 0.0, 0.0, 0.0, 0.0, 1.7320508, 4.8989797]","[-6.0, -5.0, -4.5, -3.0, -2.5, -1.0, -1.0]","[1.0, 1.0, 1.5, 2.5]","[0.0, 0.0, 0.0, 0.0]","[-6.0, -5.0, -2.5, -1.0]","[3.0, 4.5, 5.0, 7.5]","[0.0, 4.0, 4.472136, 7.3484693]","[-3.0, 0.0, 2.5, 5.5]","[3.5, 5.0, 7.5]","[3.4641016, 4.0, 7.3484693]","[1.5, 2.5, 5.5]",1,2,1,0,1.0,0.0,1
54325,11,3,2,"[0.0, 0.5, 1.5, 1.5, 3.0, 3.5, 3.5, 6.0, 6.5, 6.5]","[0.0, 0.0, 0.0, 0.0, 1.4142135, 2.236068, 2.4494898, 5.196152, 6.0, 6.0]","[0.5, 0.5, 1.5, 1.5, 3.0, 3.0, 3.0, 4.5, 4.5, 5.5, 6.5]","[0.0, 0.0, 0.0, 1.4142135, 2.236068, 2.828427, 3.0, 3.7416575, 4.472136, 5.477226, 6.3245554]","[-5.5, -4.5, -4.5, -4.5, -4.0, -3.5, -2.5, -2.0, -2.0, -1.5, -1.5]","[0.5, 0.5, 1.5]","[0.0, 0.0, 0.0]","[-5.5, -4.5, -3.5]","[3.5, 6.5, 6.5]","[3.4641016, 6.3245554, 6.3245554]","[-1.0, 0.0, 6.5]","[5.0, 6.5]","[4.582576, 6.3245554]","[0.0, 6.5]",1,1,1,0,1.0,0.0,0
526,2,1,1,"[0.0, 0.0, 0.0, 0.5, 1.5, 1.5, 3.5, 3.5, 4.5, 7.0]","[0.0, 0.0, 0.0, 0.0, 0.0, 0.0, 2.4494898, 2.4494898, 4.472136, 6.708204]","[0.5, 3.0]","[0.0, 2.828427]","[-4.5, -1.5]",[0.5],[0.0],[-4.5],[3.0],[0.0],[0.0],[3.0],[0.0],[0.0],0,1,0,0,0.0,0.0,1
767,3,2,1,"[0.0, 0.0, 0.5, 1.5, 2.0, 2.0, 2.0, 3.0, 4.5, 6.5]","[0.0, 0.0, 0.0, 0.0, 0.0, 0.0, 1.7320508, 2.0, 4.472136, 6.4807405]","[1.5, 3.5, 4.0]","[1.4142135, 2.4494898, 3.8729835]","[-2.5, -2.0, -1.5]","[1.5, 4.0]","[1.4142135, 3.8729835]","[-2.5, -1.5]","[5.0, 7.5]","[4.582576, 7.3484693]","[0.5, 2.0]",[7.0],[6.928203],[3.5],1,0,1,0,1.0,0.0,1
51664,3,2,1,"[1.0, 1.0, 1.5, 1.5, 2.0, 2.0, 2.0, 3.5, 5.0, 5.5]","[0.0, 0.0, 0.0, 1.0, 1.4142135, 1.4142135, 1.7320508, 1.7320508, 4.0, 5.2915025]","[3.0, 3.5, 4.0]","[2.236068, 2.4494898, 3.8729835]","[-3.0, -2.5, -1.5]","[3.5, 4.0]","[2.4494898, 3.8729835]","[-3.0, -2.5]","[3.0, 3.0]","[0.0, 2.236068]","[-1.5, 1.0]",[8.0],[7.937254],[7.0],1,0,1,0,1.0,0.0,0
76825,1,1,1,"[0.0, 0.5, 0.5, 1.0, 1.5, 2.0, 3.0, 3.0, 4.0, 6.5]","[0.0, 0.0, 0.0, 0.0, 0.0, 1.0, 2.236068, 2.828427, 3.4641016, 6.0]",[3.0],[0.0],[-4.5],[3.0],[0.0],[-4.5],[8.5],[8.485281],[5.5],[8.5],[8.485281],[5.5],0,1,0,0,0.0,0.0,0
8230,8,2,2,"[0.0, 1.0, 1.0, 1.5, 2.0, 3.0, 3.5, 4.5, 7.0, 8.5]","[0.0, 0.0, 0.0, 0.0, 0.0, 0.0, 1.4142135, 2.236068, 6.708204, 8.485281]","[1.5, 2.0, 3.5, 3.5, 4.5, 4.5, 4.5, 7.5]","[0.0, 1.7320508, 2.4494898, 2.828427, 3.1622777, 4.2426405, 4.472136, 7.483315]","[-7.0, -5.0, -3.5, -3.5, -3.5, -3.5, -1.0, -1.0]","[2.0, 4.5]","[1.7320508, 4.472136]","[-5.0, -3.5]","[1.0, 6.5]","[1.0, 6.4807405]","[-3.0, 6.0]","[1.0, 6.5]","[1.0, 6.4807405]","[-3.0, 6.0]",0,2,0,0,0.0,0.0,0
119,2,2,1,"[0.0, 0.5, 1.0, 1.0, 1.5, 2.0, 3.0, 4.0, 5.0, 5.0]","[0.0, 0.0, 0.0, 0.0, 1.0, 1.4142135, 1.7320508, 3.0, 3.8729835, 4.8989797]","[3.0, 5.5]","[2.236068, 5.2915025]","[-1.5, -1.5]","[3.0, 5.5]","[2.236068, 5.2915025]","[-1.5, -1.5]","[6.5, 7.0]","[6.4807405, 6.928203]","[4.0, 5.0]",[4.5],[0.0],[4.0],1,0,1,0,1.0,0.0,1
41940,8,2,2,"[0.5, 0.5, 1.0, 1.5, 3.0, 4.0, 4.5, 5.5, 5.5, 7.0]","[0.0, 0.0, 0.0, 0.0, 0.0, 2.236068, 4.2426405, 4.2426405, 4.2426405, 6.928203]","[1.5, 2.0, 2.5, 2.5, 2.5, 3.5, 3.5, 4.0]","[0.0, 0.0, 0.0, 0.0, 2.0, 3.1622777, 3.4641016, 4.0]","[-6.0, -5.0, -4.5, -4.5, -4.0, -3.5, -3.5, -2.5]","[1.5, 2.5]","[0.0, 2.0]","[-4.5, -3.5]","[3.5, 7.5]","[3.1622777, 7.3484693]","[0.0, 2.0]","[3.5, 7.5]","[3.1622777, 7.3484693]","[0.0, 2.0]",0,2,0,0,0.0,0.0,0
588,4,2,2,"[0.5, 0.5, 0.5, 1.0, 1.5, 1.5, 2.0, 4.5, 5.0, 5.0]","[0.0, 0.0, 0.0, 0.0, 0.0, 0.0, 0.0, 2.0, 4.0, 4.582576]","[1.0, 2.0, 2.0, 2.5]","[0.0, 1.7320508, 2.0, 2.0]","[-5.5, -5.5, -3.5, -2.0]","[1.0, 2.0]","[0.0, 1.7320508]","[-3.5, -2.0]","[5.0, 5.0]","[4.8989797, 5.0]","[1.0, 1.5]","[5.0, 5.0]","[4.8989797, 5.0]","[1.0, 1.5]",0,2,0,0,0.0,0.0,1
33758,5,2,2,"[0.0, 0.0, 0.5, 1.0, 1.0, 2.0, 3.0, 3.0, 6.5, 7.0]","[0.0, 0.0, 0.0, 0.0, 0.0, 0.0, 1.0, 2.828427, 6.3245554, 6.928203]","[2.0, 2.0, 3.0, 3.5, 3.5]","[0.0, 0.0, 2.0, 3.1622777, 3.4641016]","[-3.0, -2.5, -2.0, -1.5, -1.5]","[2.0, 2.0]","[0.0, 2.0]","[-3.0, -2.5]","[0.5, 7.5]","[0.0, 7.3484693]","[-3.5, 4.5]","[0.5, 7.5]","[0.0, 7.3484693]","[-3.5, 4.5]",0,2,0,0,0.0,0.0,0
8053,2,2,1,"[0.0, 0.0, 0.5, 0.5, 0.5, 1.0, 3.0, 3.5, 4.0, 4.0]","[0.0, 0.0, 0.0, 0.0, 0.0, 0.0, 2.236068, 2.6457512, 3.1622777, 4.0]","[1.0, 2.0]","[0.0, 0.0]","[-4.0, -2.5]","[1.0, 2.0]","[0.0, 0.0]","[-4.0, -2.5]","[3.0, 4.5]","[2.236068, 3.7416575]","[0.0, 3.0]",[5.0],[4.582576],[4.0],1,0,1,0,1.0,0.0,0
792,7,3,3,"[0.0, 0.5, 0.5, 1.5, 2.5, 4.0, 4.0, 4.5, 4.5, 6.0]","[0.0, 0.0, 0.0, 0.0, 0.0, 0.0, 3.7416575, 3.8729835, 4.472136, 5.196152]","[0.5, 1.0, 2.0, 2.0, 2.5, 3.0, 4.5]","[0.0, 0.0, 0.0, 2.0, 2.4494898, 2.828427, 2.828427]","[-6.5, -4.5, -4.0, -4.0, -2.5, -2.5, -1.0]","[0.5, 1.0, 2.0]","[0.0, 0.0, 0.0]","[-6.5, -4.0, -4.0]","[4.5, 6.0, 6.5]","[4.2426405, 5.196152, 6.0]","[2.0, 4.5, 5.5]","[4.5, 6.0, 6.5]","[4.2426405, 5.196152, 6.0]","[2.0, 4.5, 5.5]",0,3,0,0,0.0,0.0,1
23381,7,2,2,"[0.0, 0.5, 1.0, 1.5, 2.5, 3.5, 4.0, 4.0, 5.0, 5.5]","[0.0, 0.0, 0.0, 1.0, 1.4142135, 2.4494898, 2.6457512, 2.6457512, 4.2426405, 4.582576]","[1.0, 2.0, 2.5, 2.5, 3.0, 3.0, 3.5]","[0.0, 0.0, 0.0, 0.0, 0.0, 0.0, 2.4494898]","[-4.5, -4.0, -4.0, -3.5, -2.5, -1.5, -1.5]","[3.0, 3.5]","[0.0, 0.0]","[-4.0, -1.5]","[4.0, 6.0]","[3.8729835, 5.196152]","[2.0, 4.5]","[4.0, 6.0]","[3.8729835, 5.196152]","[2.0, 4.5]",0,2,0,0,0.0,0.0,0
98834,8,4,3,"[0.0, 1.5, 1.5, 1.5, 2.5, 4.0, 5.5, 5.5, 6.0, 8.0]","[0.0, 0.0, 0.0, 0.0, 0.0, 2.6457512, 5.477226, 5.477226, 5.91608, 8.0]","[1.0, 1.0, 2.0, 2.5, 2.5, 3.0, 3.5, 5.0]","[0.0, 1.0, 1.0, 2.0, 2.4494898, 2.828427, 3.4641016, 4.8989797]","[-6.0, -5.0, -3.5, -3.0, -3.0, -2.5, -2.5, -2.0]","[1.0, 1.0, 2.0, 2.5]","[1.0, 1.0, 2.0, 2.4494898]","[-6.0, -3.5, -3.0, -3.0]","[1.0, 2.0, 5.0, 8.0]","[0.0, 2.0, 4.8989797, 7.937254]","[-2.0, -1.5, -1.5, 4.5]","[2.0, 4.0, 8.0]","[2.0, 2.6457512, 7.937254]","[-1.5, 0.0, 4.5]",1,2,1,0,1.0,0.0,0
79,6,3,3,"[0.0, 0.5, 0.5, 1.0, 3.0, 3.0, 3.5, 4.0, 5.5, 6.5]","[0.0, 0.0, 0.0, 1.0, 2.236068, 2.828427, 3.1622777, 3.8729835, 5.2915025, 6.0]","[1.0, 2.0, 2.5, 3.0, 3.5, 4.5]","[1.0, 1.7320508, 2.0, 2.828427, 3.4641016, 4.2426405]","[-3.0, -2.5, -2.5, -2.5, -2.0, -1.5]","[1.0, 2.0, 2.5]","[1.0, 1.7320508, 2.0]","[-2.5, -2.5, -2.0]","[3.5, 4.5, 5.0]","[0.0, 4.2426405, 4.8989797]","[-2.5, -1.0, 3.5]","[3.5, 4.5, 5.0]","[0.0, 4.2426405, 4.8989797]","[-2.5, -1.0, 3.5]",0,3,0,0,0.0,0.0,1
56188,6,4,4,"[0.5, 1.0, 1.0, 1.5, 2.0, 2.5, 3.5, 3.5, 5.0, 7.5]","[0.0, 0.0, 0.0, 0.0, 1.0, 2.0, 3.1622777, 3.4641016, 4.8989797, 7.483315]","[1.0, 2.5, 2.5, 3.0, 3.0, 4.5]","[0.0, 1.0, 2.236068, 2.4494898, 3.0, 4.472136]","[-3.0, -2.5, -2.0, -1.5, -1.5, -1.5]","[1.0, 2.5, 2.5, 3.0]","[0.0, 1.0, 2.4494898, 3.0]","[-3.0, -1.5, -1.5, -1.5]","[3.0, 3.5, 3.5, 4.0]","[2.828427, 3.1622777, 3.4641016, 3.4641016]","[-1.5, 2.0, 2.0, 2.0]","[3.0, 3.5, 3.5, 4.0]","[2.828427, 3.1622777, 3.4641016, 3.4641016]","[-1.5, 2.0, 2.0, 2.0]",0,4,0,0,0.0,0.0,0
51273,2,1,1,"[0.5, 0.5, 0.5, 0.5, 1.0, 2.0, 3.5, 4.0, 4.5, 5.0]","[0.0, 0.0, 0.0, 0.0, 0.0, 1.0, 3.1622777, 3.4641016, 4.472136, 4.582576]","[3.5, 3.5]","[3.4641016, 3.4641016]","[-2.5, -1.5]",[3.5],[3.4641016],[-2.5],[9.0],[9.0],[5.5],[9.0],[9.0],[5.5],0,1,0,0,0.0,0.0,0
481,5,3,1,"[0.0, 0.5, 0.5, 0.5, 1.5, 2.0, 3.5, 7.5, 7.5, 8.5]","[0.0, 0.0, 0.0, 0.0, 0.0, 0.0, 3.4641016, 7.3484693, 7.3484693, 8.485281]","[1.0, 3.0, 3.0, 4.0, 5.5]","[0.0, 2.236068, 2.236068, 3.4641016, 4.8989797]","[-5.5, -5.0, -3.5, -1.5, -1.0]","[3.0, 3.0, 4.0]","[2.236068, 2.236068, 3.4641016]","[-5.5, -5.0, -1.5]","[4.5, 6.0, 6.0]","[0.0, 5.656854, 5.91608]","[-3.0, -1.0, -0.5]",[4.5],[4.472136],[-0.5],2,0,1,0,2.0,0.0,1
92953,11,3,3,"[0.5, 0.5, 1.5, 1.5, 1.5, 3.5, 4.5, 5.5, 6.5, 7.0]","[0.0, 0.0, 0.0, 0.0, 0.0, 0.0, 3.7416575, 4.2426405, 6.4807405, 6.928203]","[1.0, 1.0, 2.0, 2.0, 2.0, 2.5, 2.5, 2.5, 3.5, 4.0, 6.0]","[0.0, 0.0, 1.0, 1.7320508, 1.7320508, 2.0, 2.0, 2.4494898, 3.4641016, 3.4641016, 5.91608]","[-6.0, -5.5, -5.0, -5.0, -4.5, -4.0, -3.5, -3.5, -2.5, -2.5, -1.5]","[1.0, 1.0, 2.5]","[0.0, 1.0, 2.0]","[-6.0, -5.5, -3.5]","[4.5, 6.0, 6.0]","[0.0, 5.196152, 5.656854]","[1.5, 3.0, 4.0]","[4.5, 6.0, 6.0]","[0.0, 5.196152, 5.656854]","[1.5, 3.0, 4.0]",0,3,0,0,0.0,0.0,0
2146,1,1,1,"[0.0, 1.0, 1.0, 1.5, 1.5, 1.5, 1.5, 1.5, 2.5, 3.0]","[0.0, 0.0, 0.0, 0.0, 0.0, 0.0, 1.4142135, 1.4142135, 1.4142135, 3.0]",[1.0],[0.0],[-1.5],[1.0],[0.0],[-1.5],[4.0],[0.0],[2.0],[4.0],[0.0],[2.0],0,1,0,0,0.0,0.0,0
37746,8,3,2,"[0.0, 1.5, 1.5, 2.0, 2.5, 2.5, 2.5, 3.5, 7.5, 8.5]","[0.0, 0.0, 1.4142135, 1.4142135, 2.0, 2.0, 2.0, 2.4494898, 7.3484693, 8.485281]","[1.5, 2.0, 2.0, 3.5, 4.0, 4.0, 4.5, 6.0]","[0.0, 0.0, 0.0, 1.4142135, 3.4641016, 3.8729835, 4.2426405, 5.91608]","[-6.5, -5.0, -4.0, -3.0, -2.5, -2.0, -1.5, -1.0]","[1.5, 2.0, 3.5]","[0.0, 1.4142135, 3.4641016]","[-5.0, -4.0, -3.0]","[2.5, 4.5, 4.5]","[2.0, 3.7416575, 3.7416575]","[-2.5, 0.0, 1.0]","[4.0, 4.5]","[3.4641016, 3.7416575]","[0.0, 3.0]",1,1,1,0,1.0,0.0,0
814,3,2,2,"[0.0, 0.0, 1.0, 1.5, 1.5, 2.0, 2.5, 2.5, 4.5, 4.5]","[0.0, 0.0, 0.0, 0.0, 0.0, 1.0, 1.4142135, 2.4494898, 4.2426405, 4.2426405]","[1.5, 2.0, 2.5]","[0.0, 0.0, 1.4142135]","[-2.0, -1.5, -1.5]","[1.5, 2.0]","[0.0, 1.4142135]","[-2.0, -1.5]","[3.0, 4.5]","[2.236068, 2.828427]","[1.0, 1.5]","[3.0, 4.5]","[2.236068, 2.828427]","[1.0, 1.5]",0,2,0,0,0.0,0.0,1
37041,2,1,1,"[0.0, 0.5, 0.5, 0.5, 1.5, 2.5, 3.0, 3.5, 3.5, 4.0]","[0.0, 0.0, 0.0, 0.0, 0.0, 0.0, 2.0, 2.4494898, 3.1622777, 3.8729835]","[3.0, 3.5]","[2.828427, 3.1622777]","[-2.0, -2.0]",[3.0],[2.828427],[-2.0],[8.0],[7.937254],[7.0],[8.0],[7.937254],[7.0],0,1,0,0,0.0,0.0,0
17322,10,4,3,"[0.5, 1.0, 1.5, 1.5, 2.0, 3.0, 4.5, 4.5, 5.0, 7.0]","[0.0, 0.0, 0.0, 0.0, 1.7320508, 2.236068, 4.0, 4.472136, 4.472136, 7.0]","[1.5, 1.5, 2.0, 2.5, 2.5, 3.0, 3.0, 3.5, 4.0, 5.0]","[0.0, 0.0, 0.0, 1.4142135, 2.0, 2.236068, 2.4494898, 2.4494898, 4.0, 4.582576]","[-3.5, -3.5, -2.5, -2.0, -2.0, -2.0, -2.0, -1.5, -1.5, -1.0]","[1.5, 1.5, 2.0, 3.0]","[0.0, 1.4142135, 2.0, 2.236068]","[-3.5, -3.5, -2.0, -2.0]","[2.5, 3.0, 6.5, 7.0]","[0.0, 2.236068, 6.0, 6.708204]","[-3.0, -1.5, 4.0, 6.0]","[2.5, 3.5, 6.5]","[0.0, 0.0, 6.0]","[-1.5, -0.5, 6.0]",1,2,1,0,1.0,0.0,0
592,3,3,1,"[0.0, 0.5, 0.5, 1.0, 1.5, 2.5, 3.0, 4.5, 5.0, 7.5]","[0.0, 0.0, 0.0, 0.0, 0.0, 0.0, 2.828427, 3.0, 4.582576, 7.3484693]","[2.5, 3.0, 5.5]","[0.0, 0.0, 5.477226]","[-3.0, -2.0, -2.0]","[2.5, 3.0, 5.5]","[0.0, 0.0, 5.477226]","[-3.0, -2.0, -2.0]","[5.5, 7.0, 8.5]","[5.2915025, 6.708204, 8.485281]","[-1.0, 2.0, 5.5]",[3.0],[2.828427],[1.0],2,0,1,0,2.0,0.0,1
423,3,2,1,"[0.5, 1.0, 1.0, 1.5, 1.5, 1.5, 3.5, 4.0, 5.0, 6.5]","[0.0, 0.0, 0.0, 0.0, 1.0, 1.0, 1.4142135, 2.6457512, 4.0, 6.0]","[0.5, 2.0, 2.5]","[0.0, 0.0, 2.0]","[-8.0, -3.0, -1.5]","[0.5, 2.0]","[0.0, 2.0]","[-8.0, -1.5]","[2.5, 6.0]","[0.0, 5.656854]","[-0.5, 1.5]",[3.5],[2.4494898],[2.5],1,0,1,0,1.0,0.0,1
665,12,3,1,"[0.0, 1.0, 2.5, 2.5, 3.0, 3.5, 4.0, 4.5, 6.5, 7.5]","[0.0, 0.0, 0.0, 2.0, 2.0, 2.828427, 3.0, 3.1622777, 6.0, 7.483315]","[0.5, 1.5, 2.0, 2.0, 2.5, 3.0, 3.0, 3.0, 3.5, 4.0, 4.5, 4.5]","[0.0, 0.0, 0.0, 1.4142135, 2.0, 2.4494898, 2.4494898, 2.6457512, 2.828427, 2.828427, 3.7416575, 4.2426405]","[-5.5, -4.5, -4.5, -4.0, -4.0, -4.0, -3.5, -3.5, -3.0, -3.0, -3.0, -1.0]","[0.5, 3.0, 3.5]","[0.0, 2.4494898, 2.828427]","[-4.5, -4.0, -1.0]","[5.0, 5.5, 6.0]","[5.0, 5.477226, 5.91608]","[-0.5, 1.5, 2.5]",[4.5],[4.2426405],[2.5],2,0,1,0,2.0,0.0,1
11555,16,5,3,"[1.0, 1.5, 1.5, 2.5, 3.0, 5.5, 5.5, 5.5, 6.0, 6.0]","[0.0, 1.0, 1.4142135, 2.4494898, 2.828427, 4.2426405, 5.196152, 5.477226, 5.477226, 5.91608]","[0.5, 1.5, 1.5, 2.0, 2.0, 2.0, 2.0, 2.0, 2.0, 2.5, 2.5, 3.0, 3.0, 3.5, 5.5, 5.5]","[0.0, 0.0, 0.0, 0.0, 1.4142135, 1.7320508, 1.7320508, 1.7320508, 2.0, 2.0, 2.0, 2.236068, 2.4494898, 2.828427, 4.8989797, 5.2915025]","[-6.0, -5.0, -5.0, -4.0, -3.5, -3.5, -3.5, -3.0, -3.0, -3.0, -3.0, -2.5, -2.5, -2.0, -1.5, -1.5]","[0.5, 1.5, 2.0, 2.0, 2.0]","[0.0, 1.4142135, 1.7320508, 1.7320508, 2.0]","[-5.0, -4.0, -3.5, -3.0, -2.5]","[2.0, 5.0, 5.5, 6.0, 8.0]","[2.0, 3.0, 5.196152, 5.2915025, 7.937254]","[-3.5, -3.0, 3.5, 4.0, 4.5]","[4.5, 5.5, 6.0]","[4.2426405, 4.8989797, 5.196152]","[1.0, 1.5, 4.0]",2,1,2,0,1.0,0.0,0
29994,2,1,1,"[0.0, 0.5, 0.5, 1.5, 2.0, 2.0, 2.0, 2.5, 3.0, 4.0]","[0.0, 0.0, 0.0, 0.0, 0.0, 1.4142135, 1.7320508, 2.0, 3.0, 4.0]","[1.0, 1.5]","[0.0, 0.0]","[-3.0, -1.0]",[1.0],[0.0],[-3.0],[4.0],[3.4641016],[4.0],[4.0],[3.4641016],[4.0],0,1,0,0,0.0,0.0,0
249,4,3,2,"[0.0, 0.5, 0.5, 0.5, 2.0, 2.5, 3.0, 3.5, 4.0, 5.0]","[0.0, 0.0, 0.0, 0.0, 0.0, 0.0, 0.0, 0.0, 2.6457512, 4.0]","[0.5, 1.5, 4.5, 6.0]","[0.0, 0.0, 4.472136, 5.91608]","[-3.5, -2.5, -1.5, -1.5]","[0.5, 1.5, 4.5]","[0.0, 0.0, 4.472136]","[-3.5, -2.5, -1.5]","[4.0, 6.0, 7.0]","[4.0, 5.196152, 6.708204]","[3.0, 3.0, 5.5]","[6.0, 6.0]","[5.196152, 5.656854]","[5.5, 6.0]",1,1,1,0,1.0,0.0,1
576,11,3,3,"[1.0, 1.5, 2.0, 2.0, 4.0, 4.5, 4.5, 4.5, 5.5, 6.5]","[0.0, 0.0, 0.0, 1.0, 1.4142135, 2.6457512, 2.828427, 2.828427, 4.2426405, 6.4807405]","[2.0, 2.0, 2.5, 3.5, 3.5, 4.0, 4.5, 4.5, 5.0, 5.5, 6.0]","[0.0, 0.0, 2.0, 2.4494898, 2.828427, 3.4641016, 3.4641016, 3.7416575, 5.0, 5.477226, 6.0]","[-5.5, -4.0, -4.0, -3.0, -2.5, -2.5, -2.0, -2.0, -2.0, -1.5, -1.0]","[2.0, 2.5, 3.5]","[0.0, 2.0, 3.4641016]","[-5.5, -4.0, -3.0]","[3.5, 4.0, 7.5]","[0.0, 3.4641016, 7.483315]","[2.5, 3.0, 3.5]","[3.5, 4.0, 7.5]","[0.0, 3.4641016, 7.483315]","[2.5, 3.0, 3.5]",0,3,0,0,0.0,0.0,1
708,5,3,2,"[0.5, 0.5, 0.5, 1.0, 1.5, 2.0, 3.5, 3.5, 7.0, 7.0]","[0.0, 0.0, 0.0, 0.0, 1.4142135, 2.0, 3.4641016, 3.4641016, 6.928203, 7.0]","[1.0, 1.5, 1.5, 3.5, 5.0]","[0.0, 1.4142135, 1.4142135, 2.4494898, 4.582576]","[-5.0, -3.5, -3.0, -2.5, -1.5]","[1.0, 1.5, 1.5]","[0.0, 1.4142135, 1.4142135]","[-5.0, -3.5, -3.0]","[3.0, 4.5, 5.0]","[0.0, 4.472136, 4.582576]","[-1.0, -0.5, 0.0]","[3.0, 3.0]","[0.0, 2.236068]","[-1.0, 0.0]",1,1,1,0,1.0,0.0,1
80851,8,5,3,"[1.0, 1.5, 2.0, 2.0, 2.5, 4.0, 4.5, 6.0, 6.5, 7.0]","[0.0, 0.0, 0.0, 1.4142135, 2.4494898, 2.6457512, 4.2426405, 6.0, 6.4807405, 6.708204]","[1.5, 1.5, 2.0, 2.5, 2.5, 3.5, 3.5, 5.0]","[0.0, 0.0, 0.0, 0.0, 2.4494898, 2.4494898, 3.4641016, 4.8989797]","[-5.0, -5.0, -4.0, -3.5, -3.0, -3.0, -2.0, -1.5]","[1.5, 1.5, 2.5, 3.5, 3.5]","[0.0, 0.0, 2.4494898, 2.4494898, 3.4641016]","[-4.0, -3.5, -3.0, -2.0, -1.5]","[2.0, 3.0, 4.5, 5.0, 6.5]","[0.0, 2.236068, 4.2426405, 4.582576, 6.3245554]","[-5.0, -1.0, 0.5, 3.5, 4.5]","[3.0, 4.5, 6.0]","[2.236068, 4.2426405, 5.196152]","[-1.0, 2.0, 4.5]",2,2,1,0,2.0,0.0,0
45771,4,3,2,"[0.5, 0.5, 0.5, 1.0, 1.0, 1.5, 2.5, 3.0, 6.0, 6.5]","[0.0, 0.0, 0.0, 0.0, 0.0, 0.0, 1.4142135, 2.0, 5.91608, 6.3245554]","[1.5, 1.5, 2.0, 3.0]","[0.0, 0.0, 1.4142135, 3.0]","[-3.5, -2.0, -1.5, -1.0]","[1.5, 1.5, 3.0]","[0.0, 1.4142135, 3.0]","[-3.5, -2.0, -1.5]","[1.0, 5.0, 6.5]","[0.0, 3.0, 6.3245554]","[-1.5, 1.0, 2.5]","[6.5, 6.5]","[6.0, 6.3245554]","[2.5, 6.5]",1,1,1,0,1.0,0.0,0
5634,12,4,2,"[0.5, 1.0, 1.0, 2.0, 3.0, 3.5, 4.5, 4.5, 5.0, 6.0]","[0.0, 0.0, 1.0, 1.7320508, 2.4494898, 3.0, 3.0, 4.472136, 4.472136, 5.196152]","[0.5, 1.0, 1.0, 2.5, 2.5, 2.5, 2.5, 3.0, 3.0, 3.0, 3.5, 4.0]","[0.0, 0.0, 0.0, 0.0, 0.0, 0.0, 2.0, 2.236068, 2.236068, 2.4494898, 2.4494898, 2.4494898]","[-4.5, -4.5, -4.5, -4.0, -3.5, -3.0, -2.5, -2.0, -2.0, -1.5, -1.5, -1.0]","[0.5, 2.5, 2.5, 3.0]","[0.0, 2.236068, 2.4494898, 2.4494898]","[-3.0, -2.5, -1.5, -1.5]","[2.5, 2.5, 5.0, 5.5]","[2.4494898, 2.4494898, 4.0, 4.2426405]","[-2.5, -1.5, 0.0, 4.0]","[5.0, 5.5]","[4.0, 4.2426405]","[0.0, 4.0]",2,2,0,1,0.0,2.0,0
573,4,1,1,"[0.0, 0.5, 0.5, 1.0, 1.0, 1.5, 1.5, 2.5, 4.5, 8.0]","[0.0, 0.0, 0.0, 0.0, 0.0, 1.0, 1.0, 1.4142135, 2.4494898, 7.937254]","[2.5, 3.0, 3.5, 4.0]","[0.0, 0.0, 0.0, 2.4494898]","[-5.5, -2.0, -2.0, -1.5]",[2.5],[0.0],[-5.5],[5.0],[4.8989797],[0.5],[5.0],[4.8989797],[0.5],0,1,0,0,0.0,0.0,1
1019,1,1,1,"[0.0, 0.0, 0.5, 1.0, 1.5, 1.5, 3.0, 3.0, 4.0, 4.5]","[0.0, 0.0, 0.0, 0.0, 0.0, 0.0, 1.4142135, 3.0, 3.7416575, 3.8729835]",[1.5],[0.0],[-4.5],[1.5],[0.0],[-4.5],[2.0],[0.0],[-0.5],[2.0],[0.0],[-0.5],0,1,0,0,0.0,0.0,1
478,3,2,2,"[0.0, 0.0, 0.5, 1.0, 1.0, 1.5, 3.0, 3.5, 3.5, 6.5]","[0.0, 0.0, 0.0, 0.0, 0.0, 0.0, 0.0, 3.0, 3.1622777, 6.0]","[2.0, 2.5, 3.5]","[0.0, 2.0, 3.1622777]","[-6.0, -2.5, -1.5]","[2.0, 2.5]","[0.0, 2.0]","[-6.0, -1.5]","[2.5, 3.0]","[0.0, 2.828427]","[0.0, 1.0]","[2.5, 3.0]","[0.0, 2.828427]","[0.0, 1.0]",0,2,0,0,0.0,0.0,1
320,6,3,2,"[0.0, 1.0, 2.0, 2.0, 2.0, 2.5, 3.5, 5.0, 5.5, 6.5]","[0.0, 0.0, 0.0, 1.7320508, 1.7320508, 2.0, 2.4494898, 5.0, 5.477226, 6.4807405]","[0.5, 1.0, 2.5, 3.5, 4.0, 4.0]","[0.0, 0.0, 2.0, 3.4641016, 3.8729835, 4.0]","[-5.5, -3.0, -2.5, -2.0, -2.0, -2.0]","[0.5, 1.0, 3.5]","[0.0, 0.0, 3.4641016]","[-5.5, -3.0, -2.0]","[2.5, 3.5, 5.0]","[0.0, 2.4494898, 3.0]","[-1.0, 0.5, 2.0]","[3.5, 7.0]","[0.0, 6.708204]","[0.5, 6.0]",1,1,1,0,1.0,0.0,1
913,23,6,1,"[0.5, 2.0, 3.5, 3.5, 4.0, 6.0, 6.5, 6.5, 7.0, 7.0]","[0.0, 0.0, 0.0, 2.4494898, 3.4641016, 5.91608, 6.4807405, 6.4807405, 6.928203, 6.928203]","[0.0, 0.0, 0.0, 0.5, 0.5, 1.5, 2.0, 2.0, 2.5, 2.5, 2.5, 2.5, 3.0, 3.5, 3.5, 4.0, 4.0, 4.5, 4.5, 4.5, 5.0, 5.5, 6.0]","[0.0, 0.0, 0.0, 0.0, 0.0, 0.0, 1.4142135, 1.7320508, 1.7320508, 2.0, 2.0, 2.4494898, 2.4494898, 3.4641016, 3.4641016, 3.4641016, 3.7416575, 3.8729835, 4.2426405, 4.472136, 5.0, 5.477226, 5.91608]","[-7.5, -6.5, -6.0, -6.0, -5.5, -5.0, -4.5, -4.0, -3.5, -3.5, -3.5, -3.5, -2.5, -2.5, -2.0, -2.0, -2.0, -2.0, -2.0, -1.5, -1.5, -1.5, -1.0]","[0.0, 0.0, 0.0, 0.5, 0.5, 2.5]","[0.0, 0.0, 0.0, 0.0, 0.0, 2.0]","[-7.5, -6.5, -6.0, -6.0, -5.0, -1.5]","[3.5, 4.0, 5.0, 7.5, 7.5, 9.0]","[2.4494898, 3.8729835, 4.0, 7.3484693, 7.483315, 9.0]","[-3.5, -2.0, -1.5, 1.5, 2.0, 5.5]",[2.0],[0.0],[-2.0],5,0,1,0,5.0,0.0,1
228,5,2,1,"[0.0, 0.0, 0.5, 1.0, 1.5, 1.5, 3.5, 4.0, 6.0, 6.5]","[0.0, 0.0, 0.0, 0.0, 0.0, 0.0, 3.1622777, 3.4641016, 5.656854, 6.0]","[0.5, 2.0, 2.5, 3.5, 5.0]","[0.0, 2.0, 2.0, 3.1622777, 4.582576]","[-7.0, -4.5, -3.0, -2.5, -2.0]","[0.5, 3.5]","[0.0, 3.1622777]","[-7.0, -2.5]","[2.0, 5.5]","[2.0, 4.8989797]","[-4.5, 2.5]",[5.5],[4.8989797],[2.5],1,0,1,0,1.0,0.0,1
661,7,4,3,"[0.0, 0.5, 1.0, 3.5, 3.5, 4.0, 4.5, 4.5, 5.0, 5.0]","[0.0, 0.0, 0.0, 3.1622777, 3.1622777, 3.7416575, 3.8729835, 4.472136, 4.582576, 4.8989797]","[1.0, 1.0, 2.0, 2.0, 3.0, 3.0, 3.0]","[0.0, 1.0, 1.7320508, 2.0, 2.236068, 2.828427, 3.0]","[-4.5, -3.0, -2.5, -2.5, -2.5, -2.0, -1.5]","[1.0, 2.0, 2.0, 3.0]","[1.0, 1.7320508, 2.0, 2.236068]","[-4.5, -2.5, -2.5, -2.0]","[2.0, 2.5, 6.0, 8.5]","[0.0, 2.0, 5.656854, 8.485281]","[-1.5, -1.0, 2.5, 5.0]","[2.5, 6.0, 8.5]","[0.0, 5.656854, 8.485281]","[-1.0, 2.5, 5.0]",1,2,1,0,1.0,0.0,1
185,3,3,3,"[0.0, 0.5, 0.5, 2.0, 2.5, 3.5, 3.5, 4.0, 4.0, 4.5]","[0.0, 0.0, 0.0, 0.0, 0.0, 2.0, 2.4494898, 3.4641016, 3.8729835, 4.2426405]","[2.0, 2.0, 4.0]","[1.7320508, 2.0, 3.4641016]","[-1.5, -1.0, -1.0]","[2.0, 2.0, 4.0]","[1.7320508, 2.0, 3.4641016]","[-1.5, -1.0, -1.0]","[6.0, 7.0, 7.0]","[6.0, 6.928203, 7.0]","[3.5, 3.5, 4.0]","[6.0, 7.0, 7.0]","[6.0, 6.928203, 7.0]","[3.5, 3.5, 4.0]",0,3,0,0,0.0,0.0,1
395,7,3,2,"[0.0, 0.5, 0.5, 1.5, 2.0, 2.5, 4.5, 4.5, 5.0, 5.0]","[0.0, 0.0, 0.0, 0.0, 0.0, 1.4142135, 2.828427, 2.828427, 4.0, 4.582576]","[2.0, 2.0, 3.5, 3.5, 3.5, 3.5, 4.5]","[0.0, 0.0, 2.0, 2.4494898, 3.1622777, 3.4641016, 4.472136]","[-4.5, -4.5, -3.0, -3.0, -2.5, -2.0, -1.0]","[2.0, 2.0, 4.5]","[0.0, 2.0, 4.472136]","[-4.5, -3.0, -3.0]","[4.5, 4.5, 6.0]","[0.0, 4.472136, 5.91608]","[0.0, 2.5, 5.0]","[4.5, 4.5]","[4.2426405, 4.472136]","[2.5, 4.0]",1,1,1,0,1.0,0.0,1
94,3,1,1,"[0.0, 0.5, 1.0, 1.5, 2.0, 3.0, 3.5, 3.5, 4.5, 4.5]","[0.0, 0.0, 0.0, 0.0, 0.0, 0.0, 2.828427, 2.828427, 3.1622777, 3.7416575]","[2.5, 2.5, 3.0]","[2.0, 2.4494898, 3.0]","[-3.5, -2.5, -2.0]",[2.5],[2.4494898],[-3.5],[5.5],[5.2915025],[5.0],[5.5],[5.2915025],[5.0],0,1,0,0,0.0,0.0,1
73340,4,3,2,"[0.5, 0.5, 0.5, 1.0, 3.0, 3.5, 4.0, 4.5, 5.0, 5.5]","[0.0, 0.0, 0.0, 0.0, 1.0, 2.236068, 3.0, 3.4641016, 4.2426405, 5.477226]","[1.5, 2.0, 2.5, 2.5]","[0.0, 0.0, 1.7320508, 2.0]","[-4.5, -3.5, -3.0, -3.0]","[1.5, 2.0, 2.5]","[0.0, 1.7320508, 2.0]","[-4.5, -3.5, -3.0]","[2.5, 5.5, 6.0]","[2.4494898, 5.2915025, 5.656854]","[0.5, 2.5, 3.5]","[2.5, 6.0]","[2.4494898, 5.196152]","[0.5, 5.0]",1,1,1,0,1.0,0.0,0
69913,6,2,2,"[1.0, 2.0, 2.0, 2.5, 3.0, 3.0, 3.0, 3.5, 5.5, 6.0]","[0.0, 0.0, 0.0, 0.0, 0.0, 0.0, 3.0, 3.4641016, 4.2426405, 5.196152]","[0.5, 1.0, 1.5, 1.5, 3.0, 3.5]","[0.0, 0.0, 0.0, 1.0, 1.4142135, 2.828427]","[-6.0, -6.0, -5.5, -5.0, -4.5, -3.0]","[0.5, 1.0]","[0.0, 1.0]","[-6.0, -5.5]","[4.5, 6.0]","[3.7416575, 6.0]","[1.5, 5.0]","[4.5, 6.0]","[3.7416575, 6.0]","[1.5, 5.0]",0,2,0,0,0.0,0.0,0
70839,4,3,2,"[0.5, 0.5, 1.0, 1.0, 1.5, 2.5, 3.5, 4.5, 4.5, 5.0]","[0.0, 0.0, 0.0, 0.0, 0.0, 1.0, 3.4641016, 4.2426405, 4.2426405, 4.8989797]","[1.5, 1.5, 2.0, 3.0]","[1.4142135, 1.4142135, 1.7320508, 2.236068]","[-4.0, -2.0, -1.5, -1.0]","[1.5, 2.0, 3.0]","[1.4142135, 1.7320508, 2.236068]","[-4.0, -1.5, -1.0]","[1.5, 2.0, 4.0]","[0.0, 1.4142135, 1.7320508]","[-2.0, -0.5, 0.0]","[2.0, 3.0]","[0.0, 1.7320508]","[-0.5, 0.0]",1,1,1,0,1.0,0.0,0
24814,8,3,2,"[0.5, 1.5, 2.0, 2.0, 2.5, 3.0, 3.5, 4.5, 5.0, 6.5]","[0.0, 0.0, 0.0, 0.0, 0.0, 1.4142135, 3.1622777, 4.0, 4.2426405, 6.3245554]","[1.5, 2.0, 2.0, 2.5, 2.5, 3.0, 3.0, 4.0]","[0.0, 0.0, 0.0, 1.7320508, 2.0, 2.236068, 2.6457512, 3.0]","[-4.0, -3.0, -3.0, -3.0, -3.0, -2.5, -2.5, -1.0]","[1.5, 2.0, 3.0]","[0.0, 1.7320508, 2.236068]","[-4.0, -3.0, -3.0]","[1.0, 7.5, 9.0]","[1.0, 7.483315, 9.0]","[-3.0, 2.5, 6.5]","[3.0, 9.0]","[2.236068, 9.0]","[0.5, 6.5]",1,1,1,0,1.0,0.0,0
615,6,3,1,"[0.0, 0.5, 1.0, 1.5, 2.0, 2.5, 3.5, 4.5, 8.0, 8.5]","[0.0, 0.0, 0.0, 0.0, 0.0, 1.4142135, 2.0, 3.4641016, 7.937254, 8.485281]","[1.5, 2.0, 2.0, 2.5, 2.5, 2.5]","[0.0, 0.0, 0.0, 1.7320508, 2.0, 2.0]","[-7.0, -5.5, -3.5, -3.5, -3.5, -2.5]","[1.5, 2.0, 2.5]","[0.0, 0.0, 2.0]","[-7.0, -5.5, -3.5]","[2.5, 5.5, 6.0]","[2.0, 4.8989797, 5.91608]","[-2.5, -2.0, 2.0]",[6.5],[6.3245554],[6.5],2,0,1,0,2.0,0.0,1
557,3,2,2,"[0.0, 1.0, 1.5, 1.5, 3.0, 3.0, 3.0, 3.5, 5.0, 5.0]","[0.0, 0.0, 0.0, 0.0, 0.0, 3.0, 3.0, 3.4641016, 4.582576, 4.8989797]","[1.0, 2.0, 2.5]","[0.0, 0.0, 2.0]","[-3.0, -2.5, -2.0]","[1.0, 2.0]","[0.0, 2.0]","[-3.0, -2.5]","[1.5, 6.5]","[1.4142135, 6.4807405]","[-1.5, 3.5]","[1.5, 6.5]","[1.4142135, 6.4807405]","[-1.5, 3.5]",0,2,0,0,0.0,0.0,1
919,6,2,2,"[0.5, 1.0, 1.0, 1.5, 1.5, 1.5, 2.5, 4.5, 5.5, 7.5]","[0.0, 0.0, 0.0, 0.0, 0.0, 1.4142135, 2.0, 3.7416575, 4.8989797, 7.3484693]","[1.5, 2.0, 2.0, 3.0, 3.5, 4.0]","[0.0, 0.0, 1.4142135, 1.7320508, 2.4494898, 2.6457512]","[-5.5, -4.5, -4.0, -1.5, -1.5, -1.0]","[1.5, 3.5]","[1.4142135, 2.4494898]","[-4.5, -1.5]","[2.0, 5.5]","[0.0, 4.8989797]","[-2.0, 4.5]","[2.0, 5.5]","[0.0, 4.8989797]","[-2.0, 4.5]",0,2,0,0,0.0,0.0,1
872,4,2,2,"[0.0, 0.0, 1.5, 2.0, 2.0, 2.5, 2.5, 4.5, 5.5, 6.0]","[0.0, 0.0, 0.0, 0.0, 0.0, 1.4142135, 1.7320508, 1.7320508, 4.8989797, 5.656854]","[1.0, 1.5, 3.0, 4.0]","[0.0, 1.4142135, 2.6457512, 2.828427]","[-5.0, -4.0, -3.0, -2.5]","[1.0, 3.0]","[0.0, 2.828427]","[-5.0, -4.0]","[3.5, 5.0]","[3.1622777, 4.582576]","[0.0, 5.0]","[3.5, 5.0]","[3.1622777, 4.582576]","[0.0, 5.0]",0,2,0,0,0.0,0.0,1
328,7,3,1,"[0.0, 0.0, 0.0, 1.0, 1.5, 3.0, 4.5, 5.0, 5.0, 8.0]","[0.0, 0.0, 0.0, 0.0, 0.0, 1.4142135, 4.2426405, 4.8989797, 5.0, 8.0]","[1.0, 1.5, 2.0, 2.0, 2.5, 3.0, 5.0]","[0.0, 0.0, 1.7320508, 1.7320508, 2.0, 2.828427, 4.8989797]","[-5.0, -4.5, -4.5, -4.5, -2.5, -2.5, -2.0]","[1.5, 2.0, 2.0]","[0.0, 1.7320508, 1.7320508]","[-5.0, -4.5, -2.5]","[1.5, 2.0, 6.0]","[0.0, 1.7320508, 5.196152]","[-5.0, -4.5, 3.0]",[6.0],[5.196152],[3.0],2,1,0,1,0.0,2.0,1
582,5,3,2,"[0.5, 1.5, 1.5, 2.5, 2.5, 3.0, 3.0, 4.5, 5.0, 8.0]","[0.0, 0.0, 0.0, 0.0, 0.0, 0.0, 2.0, 3.0, 4.8989797, 7.937254]","[1.5, 2.5, 3.5, 4.0, 5.5]","[1.4142135, 2.0, 3.1622777, 3.8729835, 5.477226]","[-4.0, -3.0, -2.0, -1.5, -1.0]","[1.5, 2.5, 4.0]","[1.4142135, 2.0, 3.8729835]","[-4.0, -2.0, -1.5]","[4.5, 4.5, 6.5]","[0.0, 3.7416575, 6.0]","[0.0, 0.0, 5.0]","[4.5, 6.5]","[3.7416575, 6.3245554]","[0.0, 3.5]",1,1,1,0,1.0,0.0,1
220,5,3,3,"[0.5, 1.0, 1.0, 1.5, 1.5, 1.5, 1.5, 3.0, 6.0, 6.5]","[0.0, 0.0, 0.0, 0.0, 1.4142135, 1.4142135, 1.4142135, 2.236068, 5.196152, 6.4807405]","[1.5, 2.0, 2.0, 3.5, 4.0]","[0.0, 0.0, 0.0, 0.0, 3.4641016]","[-3.0, -2.5, -2.5, -2.0, -1.0]","[1.5, 2.0, 2.0]","[0.0, 0.0, 0.0]","[-3.0, -2.5, -2.5]","[5.5, 6.5, 6.5]","[4.2426405, 6.3245554, 6.4807405]","[2.5, 5.0, 6.0]","[5.5, 6.5, 6.5]","[4.2426405, 6.3245554, 6.4807405]","[2.5, 5.0, 6.0]",0,3,0,0,0.0,0.0,1
610,4,2,2,"[0.0, 0.5, 1.0, 2.0, 2.0, 3.0, 4.0, 4.5, 5.0, 6.5]","[0.0, 0.0, 0.0, 0.0, 0.0, 0.0, 2.236068, 3.8729835, 4.0, 6.3245554]","[1.5, 4.0, 4.5, 5.0]","[0.0, 3.8729835, 4.2426405, 4.582576]","[-5.5, -4.0, -3.5, -2.0]","[1.5, 4.0]","[0.0, 3.8729835]","[-5.5, -4.0]","[2.0, 3.5]","[2.0, 3.4641016]","[0.0, 0.5]","[2.0, 3.5]","[2.0, 3.4641016]","[0.0, 0.5]",0,2,0,0,0.0,0.0,1
27597,3,3,2,"[0.5, 1.0, 1.5, 2.0, 2.0, 2.0, 3.5, 3.5, 4.0, 6.5]","[0.0, 0.0, 0.0, 0.0, 1.0, 1.7320508, 2.0, 3.1622777, 4.0, 6.4807405]","[1.5, 2.0, 2.5]","[0.0, 0.0, 1.4142135]","[-5.5, -2.5, -2.0]","[1.5, 2.0, 2.5]","[0.0, 0.0, 1.4142135]","[-5.5, -2.5, -2.0]","[4.0, 4.5, 7.5]","[2.6457512, 4.2426405, 7.3484693]","[0.5, 1.0, 4.5]","[3.0, 4.0]","[2.6457512, 2.828427]","[1.0, 2.5]",1,1,1,0,1.0,0.0,0
24,5,1,1,"[0.0, 0.0, 0.5, 0.5, 0.5, 2.0, 3.5, 4.5, 5.0, 7.0]","[0.0, 0.0, 0.0, 0.0, 0.0, 0.0, 2.4494898, 4.2426405, 5.0, 6.708204]","[1.5, 2.0, 3.0, 3.5, 4.0]","[0.0, 0.0, 2.6457512, 2.828427, 3.1622777]","[-6.0, -4.0, -3.0, -2.5, -1.0]",[1.5],[0.0],[-6.0],[6.0],[6.0],[2.0],[6.0],[6.0],[2.0],0,1,0,0,0.0,0.0,1
909,3,1,1,"[0.5, 1.0, 1.0, 1.0, 1.0, 2.5, 3.0, 3.0, 5.0, 6.5]","[0.0, 0.0, 0.0, 0.0, 1.0, 1.0, 1.0, 2.0, 4.582576, 6.0]","[1.0, 3.5, 4.0]","[0.0, 0.0, 3.1622777]","[-4.0, -4.0, -3.0]",[1.0],[0.0],[-4.0],[1.5],[1.4142135],[-1.0],[1.5],[1.4142135],[-1.0],0,1,0,0,0.0,0.0,1
12895,5,3,2,"[0.5, 0.5, 0.5, 2.5, 2.5, 2.5, 2.5, 3.0, 3.0, 5.5]","[0.0, 0.0, 0.0, 0.0, 0.0, 2.4494898, 2.4494898, 2.828427, 2.828427, 5.477226]","[1.0, 1.5, 1.5, 2.0, 4.0]","[0.0, 0.0, 1.0, 1.4142135, 4.0]","[-3.0, -2.5, -2.5, -2.5, -1.5]","[1.0, 1.5, 4.0]","[1.0, 1.4142135, 4.0]","[-2.5, -2.5, -1.5]","[2.5, 6.0, 8.5]","[0.0, 5.196152, 8.485281]","[0.5, 3.5, 4.5]","[2.0, 2.5]","[0.0, 1.7320508]","[0.5, 1.0]",1,1,1,0,1.0,0.0,0
818,2,1,1,"[0.5, 1.0, 1.5, 1.5, 2.0, 2.0, 3.5, 3.5, 4.0, 4.0]","[0.0, 0.0, 0.0, 1.4142135, 1.4142135, 1.7320508, 2.4494898, 2.6457512, 3.4641016, 4.0]","[0.5, 4.0]","[0.0, 3.8729835]","[-5.0, -1.5]",[0.5],[0.0],[-5.0],[1.5],[0.0],[-1.0],[1.5],[0.0],[-1.0],0,1,0,0,0.0,0.0,1
59479,2,1,1,"[1.0, 1.5, 1.5, 2.0, 2.0, 2.0, 2.0, 2.5, 5.0, 6.5]","[0.0, 0.0, 0.0, 0.0, 1.4142135, 1.4142135, 1.7320508, 1.7320508, 4.0, 6.4807405]","[3.5, 3.5]","[2.4494898, 3.1622777]","[-1.5, -1.0]",[3.5],[3.1622777],[-1.5],[4.5],[3.7416575],[1.0],[4.5],[3.7416575],[1.0],0,1,0,0,0.0,0.0,0
72,7,2,1,"[0.0, 0.0, 0.0, 0.5, 4.0, 4.0, 4.0, 4.5, 6.0, 7.0]","[0.0, 0.0, 0.0, 0.0, 0.0, 0.0, 0.0, 3.8729835, 5.656854, 6.708204]","[2.0, 3.0, 3.5, 3.5, 4.0, 6.5, 7.0]","[2.0, 2.828427, 3.1622777, 3.4641016, 3.4641016, 6.4807405, 6.928203]","[-5.5, -5.0, -5.0, -4.5, -2.5, -1.5, -1.5]","[2.0, 3.5]","[2.0, 3.4641016]","[-5.0, -5.0]","[5.5, 6.0]","[5.196152, 5.477226]","[1.0, 3.5]",[2.5],[2.0],[2.5],1,0,1,0,1.0,0.0,1
786,4,2,2,"[0.0, 0.5, 1.0, 1.5, 2.0, 2.5, 2.5, 3.0, 3.5, 9.0]","[0.0, 0.0, 0.0, 0.0, 0.0, 2.0, 2.4494898, 2.4494898, 3.1622777, 9.0]","[0.5, 1.0, 2.0, 2.0]","[0.0, 0.0, 1.7320508, 1.7320508]","[-6.5, -4.0, -1.5, -1.0]","[0.5, 1.0]","[0.0, 0.0]","[-6.5, -1.0]","[2.5, 5.5]","[2.4494898, 5.2915025]","[0.0, 1.5]","[2.5, 5.5]","[2.4494898, 5.2915025]","[0.0, 1.5]",0,2,0,0,0.0,0.0,1
99354,8,2,2,"[0.0, 0.5, 1.0, 1.5, 1.5, 2.0, 4.0, 4.5, 6.5, 8.5]","[0.0, 0.0, 0.0, 0.0, 1.0, 1.4142135, 3.4641016, 3.7416575, 6.3245554, 8.485281]","[0.5, 1.5, 2.0, 2.5, 3.5, 4.5, 4.5, 4.5]","[0.0, 0.0, 0.0, 2.0, 3.4641016, 3.7416575, 3.7416575, 4.2426405]","[-5.0, -4.5, -4.5, -4.5, -4.0, -3.5, -3.5, -2.0]","[0.5, 2.0]","[0.0, 0.0]","[-5.0, -4.5]","[2.5, 8.5]","[2.0, 8.485281]","[0.0, 6.5]","[2.5, 8.5]","[2.0, 8.485281]","[0.0, 6.5]",0,2,0,0,0.0,0.0,0
60809,3,2,2,"[0.0, 0.5, 1.0, 1.0, 1.5, 2.0, 3.0, 4.0, 4.5, 4.5]","[0.0, 0.0, 0.0, 0.0, 1.4142135, 1.7320508, 2.828427, 3.0, 3.4641016, 3.7416575]","[1.5, 3.0, 5.0]","[1.4142135, 2.236068, 5.0]","[-3.5, -2.5, -1.5]","[1.5, 3.0]","[1.4142135, 2.236068]","[-3.5, -1.5]","[6.5, 8.0]","[6.0, 7.937254]","[5.0, 7.5]","[6.5, 8.0]","[6.0, 7.937254]","[5.0, 7.5]",0,2,0,0,0.0,0.0,0
634,2,2,2,"[0.5, 0.5, 1.0, 1.5, 1.5, 1.5, 1.5, 2.5, 5.5, 6.0]","[0.0, 0.0, 0.0, 0.0, 0.0, 0.0, 1.4142135, 2.0, 4.2426405, 5.656854]","[4.5, 4.5]","[3.7416575, 3.7416575]","[-2.0, -1.0]","[4.5, 4.5]","[3.7416575, 3.7416575]","[-2.0, -1.0]","[4.5, 5.0]","[2.828427, 3.0]","[2.5, 3.5]","[4.5, 5.0]","[2.828427, 3.0]","[2.5, 3.5]",0,2,0,0,0.0,0.0,1
992,1,1,1,"[0.5, 1.0, 1.0, 1.5, 2.0, 3.5, 3.5, 4.0, 4.0, 5.5]","[0.0, 0.0, 0.0, 0.0, 1.4142135, 1.7320508, 2.6457512, 3.1622777, 3.4641016, 4.2426405]",[2.5],[2.0],[-2.5],[2.5],[2.0],[-2.5],[4.0],[3.4641016],[1.5],[4.0],[3.4641016],[1.5],0,1,0,0,0.0,0.0,1
277,2,1,1,"[0.0, 1.0, 1.0, 1.5, 1.5, 2.0, 3.0, 3.0, 3.0, 4.5]","[0.0, 0.0, 0.0, 0.0, 0.0, 1.0, 1.4142135, 2.236068, 2.828427, 4.2426405]","[2.5, 3.5]","[2.4494898, 3.1622777]","[-2.0, -1.5]",[3.5],[3.1622777],[-2.0],[5.0],[4.0],[4.5],[5.0],[4.0],[4.5],0,1,0,0,0.0,0.0,1
59744,2,1,1,"[0.0, 0.0, 1.0, 1.0, 1.0, 2.0, 2.5, 2.5, 4.5, 8.0]","[0.0, 0.0, 0.0, 1.0, 1.0, 1.7320508, 2.0, 2.4494898, 2.828427, 7.937254]","[2.5, 6.5]","[0.0, 6.3245554]","[-2.5, -2.0]",[2.5],[0.0],[-2.5],[3.0],[3.0],[-1.0],[3.0],[3.0],[-1.0],0,1,0,0,0.0,0.0,0
882,9,3,1,"[0.5, 1.0, 1.5, 1.5, 1.5, 4.0, 4.5, 4.5, 6.5, 8.5]","[0.0, 0.0, 0.0, 0.0, 1.4142135, 3.7416575, 3.8729835, 4.2426405, 6.4807405, 8.485281]","[1.0, 2.0, 2.0, 2.5, 2.5, 2.5, 2.5, 4.5, 5.0]","[0.0, 0.0, 0.0, 1.7320508, 2.0, 2.0, 2.0, 3.7416575, 4.0]","[-6.5, -5.0, -4.5, -3.5, -3.0, -3.0, -2.5, -1.5, -1.0]","[1.0, 2.0, 2.0]","[0.0, 1.7320508, 2.0]","[-6.5, -4.5, -3.0]","[3.5, 4.5, 7.0]","[0.0, 3.1622777, 6.708204]","[-3.0, -2.5, 4.0]",[5.5],[4.2426405],[4.0],2,0,1,0,2.0,0.0,1
66483,2,2,2,"[0.0, 0.5, 1.5, 1.5, 1.5, 1.5, 3.0, 3.5, 4.0, 4.5]","[0.0, 0.0, 0.0, 0.0, 0.0, 1.4142135, 1.4142135, 2.236068, 2.828427, 3.4641016]","[3.0, 3.5]","[2.236068, 3.1622777]","[-3.5, -2.0]","[3.0, 3.5]","[2.236068, 3.1622777]","[-3.5, -2.0]","[3.0, 4.0]","[3.0, 3.4641016]","[2.5, 3.5]","[3.0, 4.0]","[3.0, 3.4641016]","[2.5, 3.5]",0,2,0,0,0.0,0.0,0
297,4,2,1,"[0.0, 1.0, 1.5, 2.0, 2.0, 2.5, 2.5, 3.5, 5.0, 5.5]","[0.0, 0.0, 0.0, 2.0, 2.0, 2.4494898, 2.4494898, 2.4494898, 5.0, 5.2915025]","[0.5, 2.5, 3.0, 4.0]","[0.0, 0.0, 2.828427, 3.8729835]","[-4.0, -2.5, -2.0, -1.5]","[0.5, 3.0]","[0.0, 2.828427]","[-4.0, -1.5]","[3.0, 7.5]","[2.828427, 7.3484693]","[-0.5, 6.0]",[4.5],[3.7416575],[2.0],1,0,1,0,1.0,0.0,1
305,9,5,2,"[0.0, 0.5, 1.0, 1.0, 1.0, 1.5, 6.0, 6.0, 6.5, 7.5]","[0.0, 0.0, 0.0, 0.0, 1.0, 1.0, 5.196152, 5.91608, 6.4807405, 7.3484693]","[1.0, 2.5, 3.0, 3.0, 3.5, 3.5, 3.5, 4.5, 5.5]","[0.0, 0.0, 0.0, 0.0, 2.828427, 3.1622777, 3.4641016, 3.7416575, 4.8989797]","[-5.5, -4.0, -4.0, -3.5, -2.5, -2.5, -2.5, -1.0, -1.0]","[1.0, 2.5, 3.0, 3.0, 3.5]","[0.0, 0.0, 0.0, 2.828427, 3.1622777]","[-5.5, -4.0, -2.5, -1.0, -1.0]","[2.5, 3.5, 5.0, 5.5, 6.0]","[0.0, 3.1622777, 4.0, 5.196152, 5.2915025]","[-5.5, -2.5, 2.0, 2.0, 4.0]","[2.0, 6.0]","[0.0, 5.196152]","[1.5, 4.0]",3,1,1,1,1.0,2.0,1
827,3,2,2,"[0.0, 0.0, 0.0, 0.5, 1.5, 2.0, 3.5, 4.0, 4.5, 4.5]","[0.0, 0.0, 0.0, 0.0, 0.0, 0.0, 0.0, 0.0, 2.4494898, 3.4641016]","[1.5, 3.5, 3.5]","[0.0, 1.4142135, 3.4641016]","[-5.5, -4.5, -1.5]","[1.5, 3.5]","[1.4142135, 3.4641016]","[-4.5, -1.5]","[4.0, 6.5]","[3.4641016, 6.0]","[3.0, 6.5]","[4.0, 6.5]","[3.4641016, 6.0]","[3.0, 6.5]",0,2,0,0,0.0,0.0,1
706,6,1,1,"[0.5, 0.5, 1.0, 1.0, 1.5, 2.0, 4.5, 5.0, 5.0, 7.5]","[0.0, 0.0, 0.0, 0.0, 0.0, 1.4142135, 2.0, 4.0, 4.0, 7.483315]","[0.5, 1.5, 2.0, 5.0, 5.0, 7.0]","[0.0, 0.0, 2.0, 4.8989797, 5.0, 6.928203]","[-6.0, -4.5, -3.5, -3.0, -3.0, -1.0]",[0.5],[0.0],[-4.5],[4.5],[4.472136],[2.5],[4.5],[4.472136],[2.5],0,1,0,0,0.0,0.0,1
93,1,1,1,"[0.5, 1.0, 1.0, 1.5, 1.5, 1.5, 2.0, 2.5, 3.5, 4.5]","[0.0, 0.0, 0.0, 0.0, 0.0, 0.0, 1.4142135, 2.0, 2.4494898, 4.472136]",[3.0],[2.828427],[-2.5],[3.0],[2.828427],[-2.5],[3.5],[2.4494898],[1.0],[3.5],[2.4494898],[1.0],0,1,0,0,0.0,0.0,1
19723,4,2,2,"[0.5, 0.5, 1.0, 1.5, 1.5, 1.5, 2.0, 2.5, 3.0, 4.5]","[0.0, 0.0, 0.0, 0.0, 0.0, 1.4142135, 1.4142135, 1.7320508, 2.828427, 3.7416575]","[1.0, 1.5, 2.5, 3.5]","[0.0, 0.0, 1.4142135, 2.4494898]","[-2.0, -2.0, -1.5, -1.0]","[1.5, 2.5]","[0.0, 1.4142135]","[-2.0, -1.5]","[7.0, 8.0]","[6.928203, 7.937254]","[6.0, 6.0]","[7.0, 8.0]","[6.928203, 7.937254]","[6.0, 6.0]",0,2,0,0,0.0,0.0,0
401,1,1,1,"[0.0, 0.0, 0.5, 0.5, 1.0, 1.5, 2.5, 2.5, 3.5, 3.5]","[0.0, 0.0, 0.0, 0.0, 0.0, 0.0, 0.0, 0.0, 1.4142135, 2.4494898]",[3.0],[0.0],[-3.0],[3.0],[0.0],[-3.0],[3.0],[2.828427],[3.0],[3.0],[2.828427],[3.0],0,1,0,0,0.0,0.0,1
2410,5,2,2,"[0.0, 0.0, 1.0, 1.5, 1.5, 3.5, 4.0, 4.5, 4.5, 5.0]","[0.0, 0.0, 0.0, 0.0, 0.0, 0.0, 0.0, 2.6457512, 3.0, 4.472136]","[2.5, 2.5, 3.5, 3.5, 4.0]","[0.0, 0.0, 2.0, 2.4494898, 2.6457512]","[-5.5, -4.0, -3.5, -3.5, -2.0]","[2.5, 3.5]","[2.0, 2.4494898]","[-5.5, -3.5]","[6.0, 7.0]","[5.196152, 6.708204]","[4.5, 5.5]","[6.0, 7.0]","[5.196152, 6.708204]","[4.5, 5.5]",0,2,0,0,0.0,0.0,0
9906,6,3,1,"[0.0, 0.5, 1.0, 1.5, 1.5, 2.0, 2.5, 3.5, 6.0, 6.5]","[0.0, 0.0, 0.0, 0.0, 0.0, 0.0, 1.7320508, 2.4494898, 5.656854, 6.4807405]","[1.0, 2.0, 2.0, 2.5, 3.0, 5.0]","[0.0, 0.0, 0.0, 0.0, 1.7320508, 4.582576]","[-4.0, -3.5, -3.5, -3.0, -2.5, -1.5]","[1.0, 2.0, 2.5]","[0.0, 0.0, 1.7320508]","[-3.5, -3.0, -2.5]","[2.5, 3.0, 3.0]","[0.0, 0.0, 2.236068]","[-4.0, -2.5, 1.0]",[5.0],[4.8989797],[3.5],2,0,1,0,2.0,0.0,0
71136,4,1,1,"[0.0, 0.5, 0.5, 1.0, 1.5, 1.5, 2.5, 3.0, 4.5, 5.0]","[0.0, 0.0, 0.0, 0.0, 1.0, 1.4142135, 1.4142135, 2.236068, 2.828427, 3.0]","[1.0, 2.5, 3.0, 5.0]","[0.0, 0.0, 2.0, 4.8989797]","[-5.5, -4.5, -2.0, -1.5]",[1.0],[0.0],[-5.5],[3.0],[0.0],[2.0],[3.0],[0.0],[2.0],0,1,0,0,0.0,0.0,0
23261,8,3,1,"[0.0, 0.0, 1.0, 2.0, 3.0, 3.5, 4.5, 5.0, 5.5, 6.0]","[0.0, 0.0, 0.0, 0.0, 0.0, 1.7320508, 2.828427, 3.0, 4.8989797, 5.91608]","[1.0, 2.0, 2.0, 2.5, 2.5, 3.5, 3.5, 4.5]","[0.0, 0.0, 0.0, 1.7320508, 2.0, 2.4494898, 3.1622777, 3.7416575]","[-6.0, -4.5, -4.0, -3.5, -3.5, -3.5, -3.0, -2.5]","[2.5, 2.5, 3.5]","[0.0, 2.0, 3.1622777]","[-4.5, -4.0, -2.5]","[1.0, 4.0, 4.5]","[0.0, 0.0, 3.7416575]","[-3.5, -1.0, 2.0]",[7.5],[7.483315],[7.0],2,0,1,0,2.0,0.0,0
79819,5,3,1,"[0.5, 0.5, 1.0, 1.5, 2.5, 3.0, 3.0, 3.0, 6.5, 7.5]","[0.0, 0.0, 0.0, 0.0, 1.0, 1.4142135, 2.0, 2.236068, 6.4807405, 7.3484693]","[2.0, 2.5, 2.5, 3.0, 4.5]","[0.0, 1.7320508, 2.0, 2.236068, 3.7416575]","[-4.0, -3.5, -3.5, -2.5, -2.5]","[2.5, 2.5, 3.0]","[0.0, 2.0, 2.236068]","[-3.5, -3.5, -2.5]","[4.0, 6.0, 8.5]","[3.4641016, 5.91608, 8.485281]","[0.5, 1.0, 3.0]",[5.5],[4.8989797],[5.5],2,0,1,0,2.0,0.0,0
889,3,1,1,"[1.0, 1.0, 1.5, 1.5, 2.0, 2.5, 2.5, 3.0, 4.0, 4.5]","[0.0, 0.0, 1.4142135, 1.4142135, 1.7320508, 2.0, 2.0, 2.236068, 2.6457512, 3.7416575]","[2.0, 2.0, 3.0]","[0.0, 1.7320508, 2.236068]","[-5.0, -2.5, -2.0]",[2.0],[1.7320508],[-5.0],[8.0],[8.0],[6.5],[8.0],[8.0],[6.5],0,1,0,0,0.0,0.0,1
683,8,3,2,"[0.5, 0.5, 1.0, 2.5, 3.0, 4.0, 4.0, 5.0, 5.5, 6.0]","[0.0, 0.0, 0.0, 0.0, 2.6457512, 2.828427, 3.4641016, 4.8989797, 5.0, 5.656854]","[0.5, 1.5, 2.0, 2.0, 2.0, 2.5, 3.0, 4.0]","[0.0, 1.4142135, 1.7320508, 1.7320508, 2.0, 2.4494898, 2.828427, 3.8729835]","[-6.0, -6.0, -4.0, -3.0, -3.0, -3.0, -2.0, -1.5]","[0.5, 2.0, 2.5]","[0.0, 1.7320508, 2.4494898]","[-6.0, -3.0, -1.5]","[1.5, 4.0, 5.0]","[0.0, 3.4641016, 4.582576]","[-2.5, -1.0, 3.5]","[5.0, 6.5]","[4.582576, 6.0]","[2.5, 3.5]",1,1,1,0,1.0,0.0,1
10404,1,1,1,"[0.0, 0.0, 2.0, 2.0, 2.0, 2.5, 3.0, 3.0, 3.5, 4.5]","[0.0, 0.0, 0.0, 0.0, 0.0, 0.0, 1.7320508, 1.7320508, 3.0, 3.4641016]",[3.5],[3.1622777],[-4.0],[3.5],[3.1622777],[-4.0],[4.5],[2.828427],[4.5],[4.5],[2.828427],[4.5],0,1,0,0,0.0,0.0,0
39575,5,2,2,"[0.0, 1.0, 1.5, 1.5, 1.5, 1.5, 3.0, 3.5, 4.0, 8.0]","[0.0, 0.0, 0.0, 0.0, 0.0, 1.0, 1.4142135, 1.4142135, 3.4641016, 7.937254]","[2.0, 2.5, 3.5, 4.5, 7.0]","[0.0, 2.0, 3.4641016, 4.472136, 6.928203]","[-4.0, -3.5, -3.0, -2.0, -1.0]","[2.0, 3.5]","[2.0, 3.4641016]","[-4.0, -3.0]","[2.5, 3.0]","[0.0, 3.0]","[-1.0, 3.0]","[2.5, 3.0]","[0.0, 3.0]","[-1.0, 3.0]",0,2,0,0,0.0,0.0,0
441,7,3,1,"[0.0, 0.5, 1.0, 1.5, 1.5, 1.5, 2.5, 6.0, 6.5, 8.0]","[0.0, 0.0, 0.0, 0.0, 0.0, 1.4142135, 1.4142135, 5.196152, 6.4807405, 7.937254]","[1.5, 2.5, 3.0, 3.5, 4.5, 5.5, 5.5]","[0.0, 0.0, 0.0, 0.0, 4.472136, 5.477226, 5.477226]","[-5.0, -3.5, -3.0, -2.5, -2.0, -1.5, -1.5]","[1.5, 2.5, 4.5]","[0.0, 0.0, 4.472136]","[-3.0, -2.5, -1.5]","[4.0, 5.5, 8.5]","[2.6457512, 5.477226, 8.485281]","[-1.5, 0.0, 4.0]",[7.5],[7.3484693],[6.5],2,0,1,0,2.0,0.0,1
13322,9,4,2,"[0.0, 0.0, 0.5, 1.0, 2.0, 2.0, 4.0, 5.0, 6.5, 7.0]","[0.0, 0.0, 0.0, 0.0, 0.0, 1.7320508, 4.0, 5.0, 6.3245554, 6.708204]","[1.5, 1.5, 1.5, 2.0, 2.5, 2.5, 3.0, 3.5, 4.0]","[0.0, 0.0, 0.0, 1.4142135, 1.7320508, 2.0, 2.0, 2.828427, 3.4641016]","[-5.0, -5.0, -4.5, -4.0, -3.5, -3.0, -2.5, -2.0, -1.5]","[1.5, 1.5, 2.0, 2.5]","[0.0, 1.4142135, 1.7320508, 2.0]","[-5.0, -4.5, -3.0, -1.5]","[4.5, 5.0, 6.0, 7.0]","[3.7416575, 4.0, 5.91608, 6.708204]","[0.0, 0.0, 2.0, 3.5]","[4.5, 7.5]","[3.7416575, 7.483315]","[0.0, 7.0]",2,1,1,0,2.0,0.0,0
489,7,2,2,"[0.0, 0.5, 0.5, 2.0, 3.0, 4.0, 4.0, 5.5, 5.5, 7.0]","[0.0, 0.0, 0.0, 0.0, 1.7320508, 2.236068, 2.6457512, 4.2426405, 4.2426405, 7.0]","[1.0, 2.5, 3.0, 3.5, 3.5, 4.5, 5.0]","[0.0, 2.0, 2.828427, 3.1622777, 3.1622777, 4.0, 4.2426405]","[-5.5, -4.5, -4.0, -3.5, -3.5, -3.0, -3.0]","[1.0, 2.5]","[0.0, 2.0]","[-5.5, -3.0]","[2.5, 8.0]","[0.0, 8.0]","[1.0, 4.5]","[2.5, 8.0]","[0.0, 8.0]","[1.0, 4.5]",0,2,0,0,0.0,0.0,1
647,5,3,2,"[0.0, 0.5, 0.5, 2.0, 2.0, 2.0, 2.5, 5.5, 7.0, 7.5]","[0.0, 0.0, 0.0, 0.0, 1.7320508, 1.7320508, 2.0, 5.477226, 6.708204, 7.483315]","[2.0, 2.0, 2.5, 3.5, 4.5]","[0.0, 0.0, 0.0, 2.0, 3.7416575]","[-5.5, -4.0, -2.0, -1.5, -1.0]","[2.0, 2.0, 2.5]","[0.0, 0.0, 2.0]","[-5.5, -4.0, -1.5]","[3.0, 3.5, 3.5]","[0.0, 0.0, 3.1622777]","[-3.5, -1.0, 0.0]","[3.5, 7.5]","[0.0, 7.483315]","[-1.0, 5.0]",1,1,1,0,1.0,0.0,0
551,2,1,1,"[0.0, 0.0, 1.0, 1.5, 2.0, 2.0, 2.5, 3.5, 3.5, 4.0]","[0.0, 0.0, 0.0, 0.0, 0.0, 1.4142135, 1.7320508, 2.4494898, 2.4494898, 2.6457512]","[1.0, 2.5]","[0.0, 1.0]","[-4.0, -3.0]",[1.0],[1.0],[-4.0],[6.0],[5.656854],[5.5],[6.0],[5.656854],[5.5],0,1,0,0,0.0,0.0,1
96171,5,3,3,"[0.0, 0.5, 1.0, 1.5, 2.0, 2.5, 3.5, 4.5, 5.5, 6.5]","[0.0, 0.0, 0.0, 0.0, 0.0, 0.0, 2.4494898, 4.2426405, 5.2915025, 6.0]","[0.5, 2.5, 2.5, 3.5, 5.0]","[0.0, 2.4494898, 2.4494898, 2.4494898, 4.582576]","[-4.0, -3.0, -2.5, -1.5, -1.5]","[0.5, 2.5, 5.0]","[0.0, 2.4494898, 4.582576]","[-4.0, -2.5, -1.5]","[4.5, 6.0, 7.5]","[3.7416575, 5.656854, 7.3484693]","[1.0, 2.5, 6.0]","[4.5, 6.0, 7.5]","[3.7416575, 5.656854, 7.3484693]","[1.0, 2.5, 6.0]",0,3,0,0,0.0,0.0,0
181,6,3,3,"[0.0, 0.0, 1.0, 2.0, 3.0, 3.0, 3.5, 4.5, 5.0, 6.0]","[0.0, 0.0, 0.0, 0.0, 2.236068, 2.828427, 2.828427, 3.1622777, 4.582576, 5.91608]","[2.0, 2.5, 2.5, 3.0, 3.0, 3.5]","[0.0, 0.0, 1.7320508, 2.4494898, 2.4494898, 2.828427]","[-4.0, -3.5, -3.5, -3.0, -2.5, -2.0]","[2.0, 3.0, 3.5]","[0.0, 1.7320508, 2.4494898]","[-4.0, -3.0, -2.5]","[2.5, 3.0, 8.5]","[0.0, 0.0, 8.485281]","[0.0, 0.0, 7.0]","[2.5, 3.0, 8.5]","[0.0, 0.0, 8.485281]","[0.0, 0.0, 7.0]",0,3,0,0,0.0,0.0,1
14,7,2,1,"[0.0, 0.0, 1.0, 1.0, 1.5, 2.5, 4.0, 4.0, 5.5, 7.0]","[0.0, 0.0, 0.0, 0.0, 1.4142135, 2.0, 3.4641016, 3.8729835, 5.477226, 6.708204]","[1.0, 1.5, 1.5, 2.5, 3.5, 3.5, 4.0]","[0.0, 0.0, 1.0, 1.4142135, 2.0, 3.1622777, 3.4641016]","[-6.5, -4.0, -3.5, -3.5, -3.0, -1.5, -1.0]","[1.0, 1.5]","[1.0, 1.4142135]","[-6.5, -3.5]","[3.0, 5.0]","[0.0, 4.582576]","[-3.0, 1.5]",[6.5],[6.3245554],[4.0],1,0,1,0,1.0,0.0,1
808,7,2,1,"[0.0, 0.5, 1.0, 2.0, 2.5, 3.0, 3.0, 3.5, 4.0, 5.5]","[0.0, 0.0, 0.0, 1.0, 2.236068, 2.4494898, 2.4494898, 2.828427, 4.0, 5.2915025]","[0.5, 1.0, 1.0, 2.0, 2.0, 2.5, 3.0]","[0.0, 0.0, 0.0, 1.7320508, 1.7320508, 2.236068, 2.4494898]","[-3.5, -3.5, -3.0, -3.0, -3.0, -2.5, -2.0]","[0.5, 1.0]","[0.0, 0.0]","[-3.5, -3.0]","[1.0, 5.0]","[0.0, 4.582576]","[-2.5, 3.0]",[4.5],[4.2426405],[4.5],1,0,1,0,1.0,0.0,1
335,9,2,1,"[0.0, 0.5, 1.5, 2.0, 3.0, 3.0, 3.5, 4.0, 4.5, 8.5]","[0.0, 0.0, 1.4142135, 2.0, 2.236068, 2.236068, 2.6457512, 3.1622777, 4.2426405, 8.485281]","[1.0, 1.5, 2.0, 2.5, 2.5, 3.0, 3.0, 3.5, 4.5]","[0.0, 0.0, 0.0, 1.0, 1.4142135, 1.7320508, 2.236068, 2.4494898, 4.472136]","[-4.0, -4.0, -4.0, -3.5, -3.5, -3.0, -2.5, -2.0, -2.0]","[1.0, 4.5]","[1.0, 4.472136]","[-4.0, -3.0]","[3.0, 5.0]","[0.0, 4.582576]","[-2.5, -0.5]",[7.0],[6.928203],[4.5],1,0,1,0,1.0,0.0,1
1534,11,3,2,"[0.5, 0.5, 1.0, 1.5, 1.5, 4.0, 5.5, 6.0, 6.0, 8.5]","[0.0, 0.0, 0.0, 0.0, 1.4142135, 1.4142135, 5.2915025, 5.91608, 5.91608, 8.485281]","[1.5, 1.5, 2.5, 2.5, 3.0, 3.0, 3.0, 4.0, 4.0, 5.0, 6.0]","[0.0, 0.0, 0.0, 0.0, 2.0, 2.828427, 2.828427, 2.828427, 3.4641016, 5.0, 6.0]","[-5.5, -4.5, -4.0, -3.5, -3.5, -3.5, -3.0, -2.5, -2.5, -2.0, -1.0]","[1.5, 2.5, 3.0]","[0.0, 0.0, 2.828427]","[-5.5, -3.5, -3.0]","[3.0, 6.0, 7.5]","[0.0, 5.656854, 7.483315]","[0.5, 1.0, 2.5]","[3.0, 5.0]","[0.0, 3.0]","[0.5, 1.0]",1,1,1,0,1.0,0.0,0
84666,4,3,2,"[0.0, 0.5, 0.5, 0.5, 1.0, 2.0, 2.0, 3.5, 4.5, 7.0]","[0.0, 0.0, 0.0, 0.0, 0.0, 0.0, 2.0, 2.4494898, 3.7416575, 6.708204]","[1.5, 2.0, 2.5, 3.5]","[0.0, 0.0, 0.0, 2.4494898]","[-3.0, -2.5, -1.5, -1.5]","[1.5, 2.5, 3.5]","[0.0, 0.0, 2.4494898]","[-3.0, -2.5, -1.5]","[3.0, 7.0, 7.5]","[3.0, 6.928203, 7.3484693]","[-1.0, 5.0, 6.0]","[5.0, 7.5]","[4.8989797, 7.3484693]","[4.5, 5.0]",1,1,1,0,1.0,0.0,0
765,12,3,1,"[0.0, 0.5, 1.0, 1.5, 3.5, 4.0, 4.5, 5.5, 6.0, 7.5]","[0.0, 0.0, 0.0, 1.4142135, 3.1622777, 3.8729835, 4.472136, 5.477226, 5.91608, 7.3484693]","[2.0, 2.0, 2.5, 2.5, 2.5, 3.0, 3.5, 3.5, 4.0, 4.0, 4.0, 5.0]","[1.7320508, 1.7320508, 2.0, 2.0, 2.0, 2.6457512, 2.828427, 3.1622777, 3.4641016, 3.4641016, 3.8729835, 4.8989797]","[-5.0, -3.5, -3.5, -3.0, -3.0, -3.0, -2.5, -2.5, -2.0, -1.5, -1.5, -1.0]","[2.0, 2.5, 3.0]","[1.7320508, 2.0, 2.828427]","[-5.0, -3.5, -2.0]","[3.5, 4.0, 7.0]","[3.1622777, 3.4641016, 6.928203]","[-3.0, -1.0, 3.0]",[4.5],[4.472136],[2.0],2,0,1,0,2.0,0.0,1
956,9,4,4,"[0.0, 0.0, 1.5, 1.5, 2.5, 3.0, 5.0, 6.0, 6.5, 8.0]","[0.0, 0.0, 0.0, 0.0, 1.4142135, 2.4494898, 4.0, 5.656854, 6.0, 8.0]","[0.5, 1.0, 1.5, 2.0, 2.5, 3.0, 3.0, 4.5, 5.5]","[0.0, 0.0, 1.4142135, 1.7320508, 2.236068, 2.236068, 2.4494898, 3.7416575, 5.2915025]","[-6.5, -5.5, -4.0, -3.0, -3.0, -2.5, -2.0, -1.5, -1.5]","[0.5, 1.5, 2.5, 3.0]","[0.0, 1.4142135, 2.236068, 2.4494898]","[-6.5, -3.0, -2.0, -1.5]","[3.0, 3.0, 3.5, 4.0]","[2.236068, 2.4494898, 2.6457512, 3.0]","[-2.5, -1.5, 1.0, 3.0]","[3.0, 3.0, 3.5, 4.0]","[2.236068, 2.4494898, 2.6457512, 3.0]","[-2.5, -1.5, 1.0, 3.0]",0,4,0,0,0.0,0.0,1
27975,8,4,2,"[0.0, 1.0, 1.0, 1.5, 3.0, 3.5, 4.0, 4.5, 4.5, 8.0]","[0.0, 0.0, 1.0, 1.4142135, 2.236068, 2.6457512, 2.828427, 3.1622777, 4.472136, 8.0]","[0.5, 2.0, 2.5, 2.5, 3.0, 3.5, 4.0, 5.0]","[0.0, 0.0, 0.0, 1.7320508, 2.6457512, 2.828427, 3.4641016, 4.582576]","[-4.5, -4.5, -3.5, -2.5, -2.0, -2.0, -1.5, -1.5]","[0.5, 2.5, 3.5, 4.0]","[0.0, 0.0, 2.6457512, 3.4641016]","[-4.5, -4.5, -2.0, -1.5]","[2.5, 4.5, 6.5, 7.5]","[0.0, 2.828427, 6.4807405, 7.483315]","[-2.0, 0.0, 1.5, 6.5]","[6.5, 7.5]","[6.4807405, 7.483315]","[5.0, 6.5]",2,1,1,0,2.0,0.0,0
45081,12,4,3,"[0.0, 0.0, 1.5, 1.5, 2.0, 2.0, 4.0, 4.0, 7.0, 9.0]","[0.0, 0.0, 0.0, 0.0, 0.0, 1.7320508, 2.6457512, 3.8729835, 6.708204, 9.0]","[1.0, 1.0, 1.5, 1.5, 2.0, 2.5, 2.5, 2.5, 3.5, 3.5, 4.0, 7.0]","[0.0, 0.0, 0.0, 0.0, 0.0, 1.0, 1.0, 1.4142135, 2.4494898, 3.1622777, 3.4641016, 6.928203]","[-6.0, -5.0, -4.5, -4.5, -4.5, -4.0, -3.5, -3.5, -3.0, -2.5, -2.5, -2.0]","[1.0, 1.0, 1.5, 1.5]","[0.0, 1.0, 1.0, 1.4142135]","[-6.0, -5.0, -4.5, -4.0]","[2.5, 3.5, 4.5, 6.5]","[0.0, 0.0, 3.7416575, 6.0]","[-3.5, 0.0, 3.0, 3.5]","[3.5, 6.0, 6.5]","[0.0, 5.196152, 6.0]","[3.0, 3.5, 4.5]",1,2,1,0,1.0,0.0,0
67510,7,3,3,"[0.0, 0.5, 0.5, 1.0, 1.5, 1.5, 1.5, 4.5, 5.5, 6.0]","[0.0, 0.0, 0.0, 0.0, 0.0, 0.0, 1.4142135, 1.4142135, 4.2426405, 5.196152]","[0.5, 2.0, 2.0, 2.5, 3.0, 4.0, 4.0]","[0.0, 0.0, 0.0, 0.0, 1.7320508, 2.236068, 3.4641016]","[-3.5, -3.0, -3.0, -3.0, -2.0, -2.0, -2.0]","[0.5, 2.0, 2.0]","[0.0, 0.0, 1.7320508]","[-3.5, -3.0, -2.0]","[3.0, 6.0, 6.5]","[2.828427, 6.0, 6.4807405]","[1.5, 3.0, 5.0]","[3.0, 6.0, 6.5]","[2.828427, 6.0, 6.4807405]","[1.5, 3.0, 5.0]",0,3,0,0,0.0,0.0,0
522,6,1,1,"[0.0, 0.0, 1.0, 2.0, 2.0, 3.5, 4.0, 4.5, 4.5, 5.5]","[0.0, 0.0, 0.0, 0.0, 0.0, 0.0, 0.0, 0.0, 3.1622777, 4.2426405]","[2.5, 3.0, 3.5, 4.5, 6.0, 6.5]","[0.0, 2.236068, 2.828427, 3.4641016, 5.656854, 6.4807405]","[-5.5, -3.5, -3.5, -2.5, -2.5, -1.0]",[3.5],[3.4641016],[-5.5],[5.5],[5.477226],[4.5],[5.5],[5.477226],[4.5],0,1,0,0,0.0,0.0,1
942,1,1,1,"[0.5, 1.0, 1.0, 1.0, 1.5, 2.5, 3.0, 3.0, 3.5, 3.5]","[0.0, 0.0, 0.0, 0.0, 1.0, 2.236068, 2.4494898, 2.828427, 3.1622777, 3.4641016]",[2.0],[0.0],[-1.5],[2.0],[0.0],[-1.5],[0.5],[0.0],[-0.5],[0.5],[0.0],[-0.5],0,1,0,0,0.0,0.0,1
275,9,5,2,"[0.0, 1.0, 1.5, 2.0, 2.0, 4.0, 4.5, 5.0, 6.0, 6.0]","[0.0, 0.0, 0.0, 1.4142135, 1.7320508, 2.0, 2.828427, 4.0, 6.0, 6.0]","[0.5, 1.5, 2.0, 2.0, 2.5, 3.0, 3.5, 3.5, 5.0]","[0.0, 0.0, 0.0, 0.0, 1.7320508, 2.0, 2.0, 3.4641016, 4.582576]","[-5.0, -4.0, -3.5, -3.5, -2.5, -2.5, -2.0, -1.5, -1.5]","[0.5, 1.5, 2.0, 2.5, 3.0]","[0.0, 0.0, 0.0, 1.7320508, 2.0]","[-4.0, -3.5, -2.5, -2.5, -1.5]","[3.5, 4.0, 4.0, 7.5, 8.0]","[0.0, 2.6457512, 3.8729835, 7.3484693, 7.937254]","[-2.5, 1.0, 2.5, 4.0, 6.0]","[4.0, 6.5]","[2.6457512, 6.4807405]","[2.5, 5.5]",3,1,1,0,3.0,0.0,1
1001,3,2,0,"[0.0, 0.0, 0.5, 1.5, 1.5, 2.0, 3.0, 3.5, 6.5, 7.0]","[0.0, 0.0, 0.0, 0.0, 0.0, 1.4142135, 1.7320508, 2.4494898, 6.4807405, 6.708204]","[2.0, 2.5, 4.5]","[0.0, 2.4494898, 4.472136]","[-4.0, -3.5, -1.5]","[2.0, 2.5]","[0.0, 2.4494898]","[-4.0, -1.5]","[2.0, 2.5]","[0.0, 2.4494898]","[-4.0, -1.5]",[],[],[],2,0,0,1,0.0,2.0,1
66575,2,2,2,"[0.0, 0.5, 1.0, 1.0, 1.5, 2.0, 2.5, 5.0, 6.0, 6.5]","[0.0, 0.0, 0.0, 0.0, 0.0, 1.0, 2.0, 4.0, 5.196152, 6.3245554]","[3.5, 6.0]","[2.4494898, 5.656854]","[-2.5, -1.0]","[3.5, 6.0]","[2.4494898, 5.656854]","[-2.5, -1.0]","[2.0, 7.0]","[0.0, 7.0]","[1.0, 1.5]","[2.0, 7.0]","[0.0, 7.0]","[1.0, 1.5]",0,2,0,0,0.0,0.0,0
777,2,1,1,"[0.0, 0.5, 1.0, 1.0, 1.5, 1.5, 2.0, 2.5, 4.0, 5.5]","[0.0, 0.0, 0.0, 1.0, 1.0, 1.4142135, 1.7320508, 2.4494898, 2.6457512, 4.2426405]","[2.5, 4.5]","[0.0, 3.7416575]","[-3.0, -1.5]",[2.5],[0.0],[-3.0],[3.5],[2.4494898],[1.0],[3.5],[2.4494898],[1.0],0,1,0,0,0.0,0.0,1
11,2,1,1,"[1.0, 1.0, 1.0, 1.5, 1.5, 2.0, 2.0, 2.0, 2.5, 4.5]","[0.0, 0.0, 0.0, 0.0, 0.0, 1.0, 1.0, 1.7320508, 1.7320508, 2.828427]","[2.0, 2.0]","[0.0, 2.0]","[-2.0, -1.0]",[2.0],[2.0],[-2.0],[4.0],[3.4641016],[3.5],[4.0],[3.4641016],[3.5],0,1,0,0,0.0,0.0,1
68844,2,1,1,"[0.0, 0.5, 1.0, 1.5, 2.0, 2.5, 3.0, 3.5, 5.0, 6.0]","[0.0, 0.0, 0.0, 0.0, 0.0, 1.0, 1.4142135, 2.4494898, 3.0, 5.91608]","[2.5, 2.5]","[0.0, 2.4494898]","[-5.5, -2.0]",[2.5],[2.4494898],[-5.5],[6.0],[6.0],[3.0],[6.0],[6.0],[3.0],0,1,0,0,0.0,0.0,0
946,12,3,2,"[0.0, 0.0, 0.5, 3.0, 4.0, 5.0, 5.5, 6.0, 6.0, 7.0]","[0.0, 0.0, 0.0, 2.236068, 2.6457512, 4.582576, 4.8989797, 5.196152, 6.0, 6.928203]","[2.0, 2.0, 2.5, 3.0, 3.0, 3.0, 3.0, 3.0, 3.5, 4.0, 4.5, 4.5]","[0.0, 0.0, 0.0, 1.7320508, 1.7320508, 2.0, 2.236068, 2.236068, 3.0, 3.1622777, 4.472136, 4.472136]","[-5.0, -4.5, -4.0, -4.0, -3.5, -3.5, -3.0, -3.0, -2.5, -2.5, -2.0, -1.5]","[2.0, 2.0, 3.0]","[1.7320508, 1.7320508, 3.0]","[-4.5, -4.0, -3.5]","[4.5, 6.0, 6.5]","[0.0, 5.91608, 6.4807405]","[-0.5, 1.0, 2.5]","[4.5, 6.0]","[0.0, 5.91608]","[-1.0, 2.5]",1,1,1,0,1.0,0.0,1
26865,3,2,2,"[1.0, 1.0, 1.0, 1.0, 2.0, 2.0, 2.5, 2.5, 4.0, 4.5]","[0.0, 0.0, 0.0, 0.0, 0.0, 0.0, 1.0, 2.0, 4.0, 4.472136]","[1.5, 2.0, 2.0]","[0.0, 0.0, 2.0]","[-2.5, -2.5, -1.0]","[2.0, 2.0]","[0.0, 2.0]","[-2.5, -2.5]","[5.0, 9.0]","[5.0, 9.0]","[2.5, 7.0]","[5.0, 9.0]","[5.0, 9.0]","[2.5, 7.0]",0,2,0,0,0.0,0.0,0
50154,10,2,2,"[0.0, 0.5, 1.0, 2.0, 3.5, 4.0, 4.0, 5.0, 5.0, 7.5]","[0.0, 0.0, 0.0, 1.0, 1.7320508, 2.4494898, 3.4641016, 4.0, 4.582576, 7.3484693]","[2.0, 2.0, 2.5, 2.5, 3.0, 3.0, 3.5, 4.5, 5.0, 5.5]","[0.0, 0.0, 0.0, 0.0, 0.0, 2.0, 3.0, 3.7416575, 4.8989797, 5.2915025]","[-6.0, -5.0, -5.0, -4.5, -3.0, -2.5, -2.5, -2.0, -1.5, -1.0]","[2.0, 2.5]","[0.0, 2.0]","[-6.0, -5.0]","[3.0, 6.5]","[0.0, 6.4807405]","[2.0, 2.5]","[3.0, 6.5]","[0.0, 6.4807405]","[2.0, 2.5]",0,2,0,0,0.0,0.0,0
92783,9,3,2,"[1.0, 1.5, 1.5, 2.0, 2.5, 3.0, 5.0, 5.5, 6.0, 6.5]","[0.0, 0.0, 0.0, 1.4142135, 1.7320508, 2.0, 3.0, 5.196152, 5.2915025, 6.3245554]","[1.5, 2.5, 2.5, 2.5, 3.0, 3.0, 3.0, 4.0, 5.0]","[0.0, 0.0, 0.0, 1.4142135, 2.236068, 2.4494898, 2.4494898, 2.6457512, 4.0]","[-5.5, -4.5, -4.5, -4.0, -3.5, -3.0, -2.5, -1.5, -1.0]","[1.5, 2.5, 3.0]","[0.0, 1.4142135, 2.4494898]","[-4.5, -2.5, -1.5]","[6.0, 6.5, 7.0]","[5.91608, 6.4807405, 6.708204]","[1.0, 2.5, 4.5]","[6.0, 6.0]","[5.656854, 5.91608]","[1.5, 4.5]",1,1,1,0,1.0,0.0,0
161,10,3,3,"[1.5, 1.5, 2.5, 2.5, 3.0, 3.5, 4.0, 4.5, 5.0, 6.0]","[0.0, 0.0, 0.0, 2.4494898, 2.4494898, 3.0, 3.1622777, 3.4641016, 4.0, 5.196152]","[0.5, 1.0, 2.0, 2.0, 3.0, 3.0, 3.5, 3.5, 3.5, 4.0]","[0.0, 1.0, 2.0, 2.0, 2.4494898, 2.4494898, 2.828427, 3.0, 3.1622777, 3.4641016]","[-6.5, -5.5, -5.0, -4.0, -4.0, -2.5, -2.0, -2.0, -2.0, -1.5]","[0.5, 1.0, 3.0]","[0.0, 1.0, 2.828427]","[-6.5, -5.5, -2.0]","[3.0, 7.0, 7.5]","[2.236068, 6.928203, 7.483315]","[0.0, 5.0, 6.0]","[3.0, 7.0, 7.5]","[2.236068, 6.928203, 7.483315]","[0.0, 5.0, 6.0]",0,3,0,0,0.0,0.0,1
776,6,2,2,"[0.0, 1.0, 2.0, 2.0, 2.0, 2.5, 2.5, 4.5, 5.0, 5.5]","[0.0, 0.0, 0.0, 0.0, 0.0, 0.0, 2.0, 2.0, 3.0, 4.2426405]","[2.5, 3.5, 4.0, 4.0, 4.0, 4.5]","[0.0, 2.6457512, 2.828427, 3.4641016, 3.4641016, 3.8729835]","[-5.0, -5.0, -3.5, -2.5, -2.5, -2.0]","[3.5, 4.0]","[3.4641016, 3.8729835]","[-5.0, -3.5]","[5.5, 8.0]","[5.2915025, 7.937254]","[4.0, 8.0]","[5.5, 8.0]","[5.2915025, 7.937254]","[4.0, 8.0]",0,2,0,0,0.0,0.0,1
32848,4,2,1,"[0.0, 0.5, 0.5, 1.5, 1.5, 2.5, 3.5, 3.5, 5.5, 7.5]","[0.0, 0.0, 0.0, 0.0, 0.0, 0.0, 1.4142135, 3.1622777, 4.2426405, 7.483315]","[2.0, 3.0, 5.0, 5.5]","[2.0, 2.236068, 4.8989797, 4.8989797]","[-5.0, -3.5, -2.5, -2.0]","[2.0, 3.0]","[2.0, 2.236068]","[-5.0, -2.0]","[4.0, 6.0]","[0.0, 5.91608]","[0.0, 2.0]",[8.0],[7.937254],[3.5],1,0,1,0,1.0,0.0,0
25027,3,3,2,"[0.0, 1.0, 1.5, 1.5, 2.0, 2.0, 2.5, 3.5, 3.5, 7.5]","[0.0, 0.0, 1.0, 1.4142135, 1.4142135, 2.0, 2.0, 2.4494898, 3.1622777, 7.3484693]","[2.0, 3.0, 4.0]","[1.7320508, 2.6457512, 2.828427]","[-2.5, -1.5, -1.0]","[2.0, 3.0, 4.0]","[1.7320508, 2.6457512, 2.828427]","[-2.5, -1.5, -1.0]","[4.5, 4.5, 5.5]","[3.7416575, 4.472136, 5.2915025]","[0.0, 3.5, 3.5]","[4.5, 4.5]","[4.472136, 4.472136]","[0.5, 3.5]",1,1,1,0,1.0,0.0,0
466,1,1,1,"[0.5, 0.5, 1.0, 1.0, 2.0, 2.0, 2.0, 4.5, 4.5, 5.0]","[0.0, 0.0, 0.0, 0.0, 0.0, 0.0, 2.0, 2.0, 4.2426405, 4.8989797]",[1.5],[0.0],[-6.0],[1.5],[0.0],[-6.0],[4.0],[0.0],[2.5],[4.0],[0.0],[2.5],0,1,0,0,0.0,0.0,1
892,7,2,1,"[0.5, 1.0, 1.0, 1.5, 1.5, 2.5, 3.0, 4.0, 6.0, 7.0]","[0.0, 0.0, 0.0, 0.0, 0.0, 1.0, 2.236068, 3.8729835, 5.656854, 6.708204]","[2.0, 2.5, 3.0, 3.0, 4.5, 4.5, 5.5]","[0.0, 1.7320508, 2.828427, 2.828427, 3.7416575, 4.2426405, 5.2915025]","[-5.5, -2.5, -2.5, -1.5, -1.5, -1.5, -1.0]","[2.0, 3.0]","[1.7320508, 2.828427]","[-5.5, -1.5]","[3.0, 5.5]","[2.828427, 4.8989797]","[-1.5, 1.0]",[5.0],[4.8989797],[3.0],1,0,1,0,1.0,0.0,1
80653,7,2,1,"[0.0, 0.0, 0.5, 1.0, 2.0, 2.5, 3.5, 4.5, 6.5, 7.5]","[0.0, 0.0, 0.0, 0.0, 1.7320508, 2.0, 2.4494898, 2.828427, 6.0, 7.3484693]","[2.0, 2.5, 3.5, 4.0, 4.0, 5.0, 5.5]","[0.0, 1.7320508, 2.0, 3.4641016, 3.8729835, 4.8989797, 5.0]","[-7.0, -4.5, -3.5, -2.5, -2.0, -1.5, -1.0]","[2.0, 2.5]","[1.7320508, 2.0]","[-7.0, -4.5]","[4.5, 4.5]","[2.828427, 3.7416575]","[-0.5, -0.5]",[9.0],[9.0],[6.5],1,0,1,0,1.0,0.0,0
64127,4,2,2,"[0.5, 0.5, 1.0, 1.0, 1.0, 1.5, 2.0, 3.5, 4.5, 6.0]","[0.0, 0.0, 0.0, 0.0, 0.0, 0.0, 1.0, 2.4494898, 4.2426405, 5.656854]","[1.5, 2.5, 2.5, 3.5]","[0.0, 1.4142135, 2.4494898, 2.4494898]","[-3.5, -3.5, -3.0, -1.0]","[1.5, 2.5]","[0.0, 1.4142135]","[-3.5, -3.0]","[5.0, 7.0]","[4.8989797, 6.708204]","[4.5, 5.0]","[5.0, 7.0]","[4.8989797, 6.708204]","[4.5, 5.0]",0,2,0,0,0.0,0.0,0
46830,1,1,1,"[0.0, 1.0, 1.0, 1.5, 1.5, 1.5, 2.0, 2.5, 2.5, 4.0]","[0.0, 0.0, 0.0, 0.0, 0.0, 0.0, 0.0, 1.0, 1.4142135, 1.7320508]",[4.0],[2.6457512],[-1.0],[4.0],[2.6457512],[-1.0],[7.5],[7.483315],[7.0],[7.5],[7.483315],[7.0],0,1,0,0,0.0,0.0,0
98500,10,3,2,"[0.0, 1.5, 1.5, 1.5, 2.0, 2.5, 4.0, 6.5, 6.5, 8.5]","[0.0, 0.0, 0.0, 0.0, 0.0, 0.0, 1.4142135, 6.0, 6.3245554, 8.485281]","[1.5, 1.5, 2.0, 2.5, 3.5, 3.5, 3.5, 4.5, 4.5, 5.0]","[0.0, 0.0, 0.0, 0.0, 1.4142135, 1.4142135, 2.828427, 3.1622777, 4.2426405, 4.582576]","[-7.0, -6.5, -6.0, -4.5, -4.5, -3.0, -3.0, -2.5, -2.0, -1.5]","[1.5, 1.5, 3.5]","[1.4142135, 1.4142135, 3.1622777]","[-7.0, -6.5, -2.5]","[4.0, 4.5, 5.0]","[3.8729835, 4.0, 4.472136]","[-2.0, 0.5, 2.0]","[4.0, 6.5]","[3.8729835, 6.4807405]","[2.0, 4.0]",1,1,1,0,1.0,0.0,0
29254,3,2,2,"[0.5, 1.0, 1.5, 1.5, 2.0, 3.0, 3.0, 3.5, 4.0, 4.5]","[0.0, 0.0, 0.0, 0.0, 0.0, 1.4142135, 1.4142135, 2.828427, 2.828427, 3.4641016]","[1.0, 1.5, 4.5]","[0.0, 0.0, 4.472136]","[-6.5, -3.5, -2.5]","[1.0, 1.5]","[0.0, 0.0]","[-6.5, -3.5]","[6.0, 7.5]","[5.656854, 7.3484693]","[5.0, 7.0]","[6.0, 7.5]","[5.656854, 7.3484693]","[5.0, 7.0]",0,2,0,0,0.0,0.0,0
98691,7,3,2,"[0.0, 0.5, 0.5, 1.0, 1.5, 2.5, 3.5, 5.5, 6.0, 8.0]","[0.0, 0.0, 0.0, 0.0, 1.0, 1.4142135, 3.4641016, 5.477226, 5.91608, 7.937254]","[1.0, 1.5, 2.0, 2.5, 3.0, 4.0, 5.0]","[0.0, 0.0, 1.0, 2.0, 2.828427, 3.4641016, 5.0]","[-5.0, -4.5, -4.0, -2.5, -2.0, -1.5, -1.0]","[1.5, 2.5, 3.0]","[0.0, 0.0, 2.828427]","[-5.0, -2.5, -2.0]","[2.5, 4.5, 5.5]","[2.4494898, 3.7416575, 4.8989797]","[-1.5, 0.5, 1.5]","[2.5, 5.0]","[2.4494898, 4.582576]","[-1.5, 2.5]",1,1,1,0,1.0,0.0,0
568,24,6,1,"[1.0, 3.0, 3.0, 3.0, 3.5, 5.0, 5.5, 6.5, 7.5, 8.0]","[0.0, 1.0, 2.236068, 3.0, 3.1622777, 5.0, 5.477226, 6.4807405, 7.3484693, 7.937254]","[0.0, 0.0, 0.5, 1.0, 1.0, 1.0, 1.5, 1.5, 1.5, 2.0, 2.0, 2.0, 2.5, 2.5, 3.0, 3.0, 3.0, 3.5, 3.5, 3.5, 3.5, 3.5, 5.0, 5.0]","[0.0, 0.0, 0.0, 0.0, 0.0, 0.0, 0.0, 0.0, 0.0, 0.0, 0.0, 1.4142135, 1.4142135, 1.7320508, 2.0, 2.0, 2.236068, 2.236068, 2.4494898, 3.1622777, 3.1622777, 3.4641016, 4.0, 4.582576]","[-7.5, -7.0, -6.0, -6.0, -5.0, -5.0, -4.0, -4.0, -4.0, -3.5, -3.5, -3.5, -3.0, -3.0, -2.5, -2.5, -2.5, -2.5, -2.5, -1.5, -1.5, -1.5, -1.0, -1.0]","[0.0, 0.0, 0.5, 1.0, 1.0, 1.5]","[0.0, 0.0, 0.0, 0.0, 0.0, 0.0]","[-7.5, -7.0, -6.0, -3.5, -3.0, -2.5]","[0.0, 1.0, 4.5, 5.0, 6.0, 7.0]","[0.0, 0.0, 2.828427, 4.0, 5.196152, 6.928203]","[-3.0, -2.5, -2.5, -1.0, -1.0, -0.5]",[4.5],[2.828427],[-1.0],5,1,0,2,0.0,2.5,1
340,2,2,1,"[0.0, 0.0, 0.0, 0.0, 1.0, 1.0, 2.0, 3.5, 5.0, 8.0]","[0.0, 0.0, 0.0, 0.0, 0.0, 0.0, 0.0, 1.7320508, 4.0, 7.937254]","[1.5, 2.5]","[0.0, 2.0]","[-6.0, -3.5]","[1.5, 2.5]","[0.0, 2.0]","[-6.0, -3.5]","[2.5, 6.0]","[2.0, 5.656854]","[-2.5, 1.5]",[4.5],[4.2426405],[3.0],1,0,1,0,1.0,0.0,1
979,8,4,2,"[0.0, 1.0, 1.0, 1.0, 1.5, 4.0, 4.0, 5.5, 6.0, 7.5]","[0.0, 0.0, 0.0, 0.0, 0.0, 2.6457512, 3.4641016, 5.196152, 5.2915025, 7.3484693]","[1.0, 1.5, 1.5, 2.5, 3.0, 3.0, 5.0, 6.0]","[0.0, 1.0, 1.4142135, 2.236068, 2.4494898, 2.828427, 4.8989797, 5.91608]","[-5.0, -5.0, -5.0, -4.0, -4.0, -3.5, -1.5, -1.5]","[1.0, 1.5, 1.5, 3.0]","[0.0, 1.0, 1.4142135, 2.828427]","[-5.0, -5.0, -4.0, -1.5]","[1.0, 3.0, 3.0, 5.5]","[0.0, 2.236068, 3.0, 4.2426405]","[-5.0, -2.5, -1.5, 2.5]","[3.0, 5.0]","[3.0, 4.8989797]","[-1.5, 3.5]",2,1,1,0,2.0,0.0,1
695,8,4,2,"[0.0, 1.5, 1.5, 2.5, 3.0, 3.5, 3.5, 4.5, 7.5, 7.5]","[0.0, 0.0, 0.0, 2.0, 2.236068, 3.1622777, 3.4641016, 4.2426405, 7.3484693, 7.483315]","[1.0, 1.0, 1.0, 2.0, 2.5, 3.5, 3.5, 4.5]","[0.0, 0.0, 0.0, 1.0, 1.7320508, 2.0, 3.4641016, 3.7416575]","[-5.0, -5.0, -4.0, -3.5, -3.0, -3.0, -2.5, -1.5]","[1.0, 1.0, 2.5, 3.5]","[0.0, 0.0, 1.0, 2.0]","[-5.0, -4.0, -3.5, -3.0]","[1.5, 2.5, 3.5, 4.0]","[0.0, 0.0, 1.4142135, 2.0]","[-5.0, -4.0, 0.0, 2.0]","[1.5, 4.0]","[0.0, 1.4142135]","[0.0, 2.0]",2,2,0,1,0.0,2.0,1
31549,6,3,2,"[0.5, 1.0, 2.0, 2.0, 2.5, 2.5, 3.0, 3.5, 3.5, 4.5]","[0.0, 0.0, 0.0, 0.0, 1.7320508, 1.7320508, 2.0, 2.0, 2.828427, 3.4641016]","[0.5, 2.0, 2.0, 3.5, 4.0, 4.0]","[0.0, 0.0, 1.7320508, 3.1622777, 3.4641016, 3.4641016]","[-6.0, -3.5, -2.5, -2.5, -2.0, -1.0]","[0.5, 2.0, 4.0]","[0.0, 1.7320508, 3.4641016]","[-3.5, -2.5, -2.5]","[3.5, 4.5, 7.0]","[2.828427, 3.4641016, 6.928203]","[2.0, 3.0, 6.0]","[2.0, 3.5]","[0.0, 3.4641016]","[1.5, 3.0]",1,1,1,0,1.0,0.0,0
62055,13,4,2,"[0.5, 1.0, 1.0, 1.5, 2.0, 4.0, 5.0, 5.0, 5.0, 7.0]","[0.0, 0.0, 0.0, 1.0, 1.7320508, 2.6457512, 4.582576, 4.582576, 4.582576, 6.708204]","[0.5, 1.5, 1.5, 1.5, 1.5, 2.0, 2.5, 2.5, 3.5, 3.5, 4.0, 4.0, 4.5]","[0.0, 0.0, 0.0, 0.0, 0.0, 1.4142135, 1.4142135, 2.0, 2.0, 2.4494898, 3.1622777, 3.4641016, 4.2426405]","[-7.5, -5.5, -5.5, -4.5, -3.5, -2.5, -2.5, -1.5, -1.5, -1.5, -1.5, -1.0, -1.0]","[0.5, 1.5, 2.0, 4.0]","[0.0, 0.0, 2.0, 3.4641016]","[-7.5, -3.5, -1.0, -1.0]","[3.5, 4.5, 4.5, 7.5]","[0.0, 0.0, 3.4641016, 7.3484693]","[0.5, 0.5, 2.0, 2.5]","[3.5, 8.5]","[3.4641016, 8.485281]","[2.0, 5.5]",2,1,1,0,2.0,0.0,0
18622,2,2,2,"[0.5, 0.5, 0.5, 1.0, 1.0, 2.0, 2.5, 4.0, 4.0, 4.5]","[0.0, 0.0, 0.0, 0.0, 0.0, 0.0, 0.0, 2.0, 3.4641016, 3.4641016]","[3.5, 4.0]","[0.0, 3.8729835]","[-2.0, -2.0]","[3.5, 4.0]","[0.0, 3.8729835]","[-2.0, -2.0]","[2.5, 5.5]","[2.0, 4.8989797]","[1.5, 3.5]","[2.5, 5.5]","[2.0, 4.8989797]","[1.5, 3.5]",0,2,0,0,0.0,0.0,0
50744,3,3,1,"[0.0, 0.5, 0.5, 1.0, 1.5, 1.5, 2.5, 5.0, 5.5, 8.5]","[0.0, 0.0, 0.0, 0.0, 0.0, 1.4142135, 2.4494898, 4.0, 5.477226, 8.485281]","[1.0, 1.5, 3.0]","[0.0, 0.0, 0.0]","[-6.0, -2.5, -1.5]","[1.0, 1.5, 3.0]","[0.0, 0.0, 0.0]","[-6.0, -2.5, -1.5]","[0.5, 1.5, 3.5]","[0.0, 1.4142135, 2.4494898]","[-3.5, -3.0, -2.5]",[8.0],[8.0],[7.5],2,0,1,0,2.0,0.0,0
64280,9,3,1,"[0.5, 1.5, 1.5, 1.5, 2.0, 2.5, 4.5, 5.5, 6.0, 7.0]","[0.0, 1.4142135, 1.4142135, 1.4142135, 1.7320508, 2.0, 3.7416575, 4.8989797, 5.196152, 7.0]","[1.5, 2.0, 2.5, 2.5, 3.0, 3.0, 4.0, 4.5, 4.5]","[0.0, 0.0, 0.0, 0.0, 1.4142135, 2.4494898, 2.6457512, 4.2426405, 4.472136]","[-5.5, -3.5, -3.0, -2.5, -2.5, -2.5, -2.0, -1.5, -1.0]","[1.5, 2.0, 2.5]","[0.0, 1.4142135, 2.4494898]","[-5.5, -3.5, -2.5]","[3.0, 6.5, 8.0]","[2.236068, 6.3245554, 8.0]","[-2.0, 1.0, 4.0]",[1.5],[1.4142135],[0.0],2,0,1,0,2.0,0.0,0
650,14,5,3,"[0.0, 1.0, 1.0, 1.5, 3.0, 3.5, 4.5, 5.5, 7.0, 8.5]","[0.0, 0.0, 0.0, 0.0, 0.0, 0.0, 0.0, 4.2426405, 6.928203, 8.485281]","[1.0, 1.0, 2.0, 2.0, 2.5, 2.5, 2.5, 3.5, 4.0, 4.0, 4.5, 4.5, 5.0, 5.0]","[0.0, 0.0, 1.0, 1.7320508, 2.0, 2.0, 2.4494898, 2.6457512, 2.828427, 3.1622777, 3.7416575, 4.0, 4.8989797, 5.0]","[-8.0, -6.5, -5.5, -5.5, -5.0, -4.5, -4.5, -4.5, -4.0, -3.5, -3.0, -3.0, -2.5, -1.5]","[1.0, 2.0, 2.5, 3.5, 4.0]","[1.0, 1.7320508, 2.0, 2.6457512, 3.1622777]","[-6.5, -5.0, -4.5, -3.0, -1.5]","[1.0, 4.5, 4.5, 5.0, 6.5]","[0.0, 3.0, 4.2426405, 4.472136, 6.4807405]","[-3.0, 0.5, 1.0, 2.0, 4.5]","[4.0, 4.5, 8.0]","[0.0, 4.472136, 7.937254]","[3.0, 4.5, 8.0]",2,1,2,0,1.0,0.0,1
8245,3,2,2,"[0.0, 0.0, 0.5, 0.5, 1.0, 1.5, 2.0, 5.0, 5.5, 8.0]","[0.0, 0.0, 0.0, 0.0, 0.0, 1.4142135, 2.0, 3.0, 5.477226, 8.0]","[3.5, 4.0, 5.0]","[0.0, 2.6457512, 4.8989797]","[-2.0, -2.0, -1.0]","[3.5, 5.0]","[0.0, 4.8989797]","[-2.0, -2.0]","[4.5, 7.0]","[4.472136, 6.928203]","[0.5, 4.0]","[4.5, 7.0]","[4.472136, 6.928203]","[0.5, 4.0]",0,2,0,0,0.0,0.0,0
383,4,3,2,"[0.0, 0.5, 1.0, 1.5, 2.0, 2.5, 3.5, 4.0, 4.5, 6.5]","[0.0, 0.0, 0.0, 0.0, 0.0, 1.7320508, 2.4494898, 2.6457512, 4.472136, 6.0]","[1.0, 2.5, 3.5, 5.5]","[0.0, 2.0, 3.4641016, 5.477226]","[-5.0, -2.5, -2.0, -1.0]","[1.0, 2.5, 3.5]","[0.0, 2.0, 3.4641016]","[-5.0, -2.0, -1.0]","[1.0, 2.5, 3.5]","[0.0, 2.0, 3.4641016]","[-1.5, -1.0, 0.0]","[1.0, 7.5]","[0.0, 7.483315]","[-1.0, 6.5]",1,1,1,0,1.0,0.0,1
11381,13,3,3,"[1.0, 1.0, 1.5, 1.5, 3.0, 3.0, 3.5, 4.5, 4.5, 8.0]","[0.0, 0.0, 0.0, 0.0, 0.0, 1.0, 1.4142135, 2.236068, 4.472136, 7.937254]","[1.0, 1.5, 1.5, 2.0, 2.0, 2.5, 3.0, 3.0, 3.5, 3.5, 4.0, 4.5, 5.5]","[0.0, 0.0, 0.0, 1.4142135, 1.7320508, 2.0, 2.4494898, 2.828427, 3.0, 3.1622777, 4.0, 4.2426405, 5.477226]","[-6.5, -4.5, -4.0, -3.5, -3.5, -3.5, -3.0, -3.0, -3.0, -2.5, -2.5, -2.5, -2.0]","[1.0, 1.5, 1.5]","[0.0, 0.0, 1.4142135]","[-6.5, -3.5, -3.0]","[1.0, 6.5, 7.0]","[1.0, 6.0, 6.708204]","[1.0, 4.0, 6.5]","[1.0, 6.5, 7.0]","[1.0, 6.0, 6.708204]","[1.0, 4.0, 6.5]",0,3,0,0,0.0,0.0,0
2332,6,3,2,"[0.0, 0.5, 1.0, 1.5, 1.5, 3.5, 4.5, 5.5, 6.0, 7.5]","[0.0, 0.0, 0.0, 1.0, 1.4142135, 2.828427, 3.1622777, 5.196152, 5.477226, 7.483315]","[1.5, 2.5, 3.0, 4.0, 5.0, 7.5]","[0.0, 2.0, 2.236068, 4.0, 4.8989797, 7.483315]","[-4.5, -4.0, -3.5, -3.0, -2.0, -1.0]","[1.5, 2.5, 4.0]","[0.0, 2.0, 4.0]","[-4.5, -4.0, -2.0]","[4.0, 4.5, 5.5]","[0.0, 3.8729835, 4.2426405]","[-1.5, -1.0, 0.5]","[5.5, 6.0]","[4.2426405, 5.196152]","[0.5, 2.5]",1,1,1,0,1.0,0.0,0
678,6,2,1,"[0.0, 0.0, 0.5, 0.5, 1.5, 3.0, 3.0, 4.5, 6.5, 8.0]","[0.0, 0.0, 0.0, 0.0, 0.0, 0.0, 0.0, 4.2426405, 6.0, 8.0]","[0.5, 1.0, 3.0, 3.0, 3.5, 5.5]","[0.0, 0.0, 2.236068, 2.828427, 3.4641016, 5.2915025]","[-7.0, -5.5, -5.0, -4.0, -2.0, -1.5]","[0.5, 1.0]","[0.0, 0.0]","[-7.0, -5.0]","[3.0, 5.0]","[2.236068, 4.0]","[-5.5, 3.0]",[3.0],[2.236068],[-1.0],1,0,1,0,1.0,0.0,1
494,9,3,2,"[0.0, 0.0, 0.0, 0.5, 0.5, 4.0, 4.0, 6.0, 8.0, 8.5]","[0.0, 0.0, 0.0, 0.0, 0.0, 0.0, 3.8729835, 5.656854, 8.0, 8.485281]","[0.5, 1.0, 2.0, 2.5, 3.0, 3.0, 3.0, 6.0, 6.5]","[0.0, 0.0, 0.0, 0.0, 2.236068, 2.828427, 3.0, 5.91608, 6.4807405]","[-7.5, -7.0, -5.5, -5.0, -4.0, -3.5, -3.5, -2.5, -1.5]","[0.5, 2.0, 3.0]","[0.0, 0.0, 2.236068]","[-7.5, -3.5, -3.5]","[4.0, 5.5, 9.0]","[3.4641016, 4.2426405, 9.0]","[-2.0, -1.0, 7.0]","[6.0, 9.0]","[5.91608, 9.0]","[-2.5, 7.0]",1,1,1,0,1.0,0.0,1
86500,2,2,2,"[0.0, 1.0, 1.0, 1.5, 2.0, 2.0, 2.5, 3.5, 4.0, 4.0]","[0.0, 0.0, 0.0, 0.0, 0.0, 0.0, 1.0, 2.0, 2.4494898, 3.8729835]","[1.5, 4.5]","[0.0, 4.472136]","[-2.0, -1.5]","[1.5, 4.5]","[0.0, 4.472136]","[-2.0, -1.5]","[4.0, 8.5]","[3.4641016, 8.485281]","[4.0, 4.0]","[4.0, 8.5]","[3.4641016, 8.485281]","[4.0, 4.0]",0,2,0,0,0.0,0.0,0
392,1,1,1,"[0.0, 0.0, 0.0, 0.0, 0.5, 1.5, 2.5, 5.0, 6.0, 6.0]","[0.0, 0.0, 0.0, 0.0, 0.0, 0.0, 0.0, 4.0, 5.196152, 5.656854]",[2.5],[2.4494898],[-1.5],[2.5],[2.4494898],[-1.5],[6.5],[6.3245554],[2.0],[6.5],[6.3245554],[2.0],0,1,0,0,0.0,0.0,1
80241,4,2,2,"[0.0, 0.0, 1.5, 2.0, 2.5, 2.5, 2.5, 3.0, 4.0, 4.5]","[0.0, 0.0, 0.0, 0.0, 1.4142135, 2.4494898, 2.4494898, 2.4494898, 2.828427, 2.828427]","[2.5, 3.0, 3.5, 4.0]","[0.0, 2.4494898, 2.4494898, 2.6457512]","[-3.5, -3.0, -2.5, -1.0]","[2.5, 3.0]","[0.0, 2.4494898]","[-3.5, -3.0]","[4.5, 7.5]","[2.828427, 7.3484693]","[4.0, 6.5]","[4.5, 7.5]","[2.828427, 7.3484693]","[4.0, 6.5]",0,2,0,0,0.0,0.0,0
344,3,2,1,"[0.0, 0.5, 0.5, 0.5, 1.0, 1.0, 3.0, 3.5, 4.5, 5.0]","[0.0, 0.0, 0.0, 0.0, 0.0, 0.0, 1.0, 1.0, 4.472136, 4.8989797]","[1.5, 3.0, 3.0]","[0.0, 1.4142135, 2.828427]","[-4.0, -2.5, -1.5]","[1.5, 3.0]","[1.4142135, 2.828427]","[-4.0, -1.5]","[1.5, 6.5]","[1.4142135, 6.3245554]","[-1.0, 1.5]",[2.0],[2.0],[-1.0],1,0,1,0,1.0,0.0,1
85766,8,3,1,"[0.5, 1.5, 2.0, 2.5, 2.5, 2.5, 4.0, 4.5, 5.0, 5.5]","[0.0, 0.0, 0.0, 0.0, 1.4142135, 2.4494898, 3.0, 3.8729835, 4.2426405, 5.477226]","[1.0, 2.0, 2.0, 2.5, 3.0, 4.0, 4.0, 5.5]","[0.0, 0.0, 0.0, 1.7320508, 2.0, 2.828427, 3.8729835, 5.2915025]","[-5.0, -3.5, -3.5, -2.5, -2.0, -1.5, -1.5, -1.5]","[1.0, 2.0, 2.0]","[0.0, 0.0, 1.7320508]","[-5.0, -3.5, -3.5]","[2.5, 3.5, 4.0]","[2.0, 2.6457512, 3.1622777]","[-2.0, 0.0, 1.5]",[9.0],[9.0],[8.5],2,0,1,0,2.0,0.0,0
641,4,2,2,"[0.5, 0.5, 0.5, 1.0, 1.5, 2.5, 3.5, 4.0, 6.0, 7.5]","[0.0, 0.0, 0.0, 0.0, 0.0, 1.0, 2.0, 3.4641016, 5.91608, 7.3484693]","[3.0, 3.0, 3.5, 5.0]","[2.236068, 2.4494898, 3.0, 4.0]","[-3.0, -3.0, -2.5, -1.5]","[3.0, 3.0]","[2.236068, 3.0]","[-3.0, -2.5]","[4.5, 8.0]","[0.0, 8.0]","[-0.5, 5.0]","[4.5, 8.0]","[0.0, 8.0]","[-0.5, 5.0]",0,2,0,0,0.0,0.0,1
1013,3,2,2,"[0.5, 0.5, 1.0, 1.5, 1.5, 1.5, 2.5, 3.0, 4.5, 6.5]","[0.0, 0.0, 0.0, 0.0, 0.0, 1.4142135, 1.4142135, 2.828427, 2.828427, 6.0]","[2.0, 2.0, 4.5]","[0.0, 1.7320508, 2.828427]","[-3.5, -3.0, -1.0]","[2.0, 2.0]","[0.0, 1.7320508]","[-3.5, -3.0]","[0.5, 8.0]","[0.0, 8.0]","[0.0, 6.0]","[0.5, 8.0]","[0.0, 8.0]","[0.0, 6.0]",0,2,0,0,0.0,0.0,1
80,14,4,2,"[0.0, 1.5, 2.0, 2.5, 3.5, 3.5, 4.5, 5.5, 6.0, 8.0]","[0.0, 0.0, 0.0, 0.0, 0.0, 0.0, 0.0, 4.2426405, 5.91608, 8.0]","[1.0, 1.5, 1.5, 1.5, 2.0, 2.5, 3.0, 3.0, 4.0, 4.0, 4.5, 4.5, 5.5, 5.5]","[0.0, 0.0, 0.0, 1.4142135, 1.4142135, 2.0, 2.236068, 2.4494898, 2.828427, 4.0, 4.2426405, 4.472136, 5.2915025, 5.2915025]","[-7.0, -6.0, -5.5, -5.0, -4.0, -3.5, -3.0, -3.0, -3.0, -3.0, -3.0, -2.5, -2.5, -2.0]","[1.0, 1.5, 1.5, 2.0]","[0.0, 1.4142135, 1.4142135, 2.0]","[-7.0, -6.0, -5.5, -4.0]","[2.5, 2.5, 5.5, 7.5]","[2.0, 2.0, 5.2915025, 7.3484693]","[-3.0, 0.0, 1.5, 3.5]","[2.5, 7.0]","[2.0, 7.0]","[0.0, 7.0]",2,1,1,0,2.0,0.0,1
962,18,6,3,"[1.0, 3.0, 3.0, 3.5, 5.0, 5.0, 5.5, 6.0, 6.0, 7.0]","[0.0, 0.0, 2.236068, 2.4494898, 3.0, 4.2426405, 4.582576, 5.196152, 5.196152, 7.0]","[0.0, 0.5, 1.0, 1.5, 1.5, 2.0, 2.0, 2.0, 2.5, 2.5, 3.0, 3.0, 3.5, 4.0, 5.0, 5.0, 5.5, 7.5]","[0.0, 0.0, 0.0, 0.0, 0.0, 0.0, 1.4142135, 1.4142135, 2.0, 2.236068, 2.4494898, 3.0, 3.1622777, 3.8729835, 4.582576, 5.0, 5.2915025, 7.483315]","[-8.0, -6.5, -6.0, -5.5, -5.0, -4.5, -4.0, -3.5, -3.5, -3.5, -3.0, -3.0, -3.0, -2.5, -2.5, -2.5, -2.5, -1.5]","[0.0, 0.5, 1.0, 1.5, 2.5, 3.0]","[0.0, 0.0, 0.0, 1.4142135, 2.0, 2.236068]","[-8.0, -5.0, -3.5, -3.5, -2.5, -2.5]","[1.0, 1.5, 5.5, 5.5, 6.0, 6.5]","[0.0, 1.4142135, 4.2426405, 4.2426405, 5.656854, 6.4807405]","[-2.5, -2.5, 0.0, 0.0, 1.0, 2.0]","[1.0, 1.5, 5.5]","[0.0, 1.4142135, 5.2915025]","[-3.5, 0.0, 1.0]",3,2,1,0,3.0,0.0,1
46877,8,3,1,"[1.0, 1.0, 1.5, 2.0, 2.0, 2.5, 3.5, 4.0, 4.0, 6.5]","[0.0, 0.0, 0.0, 0.0, 0.0, 0.0, 1.4142135, 3.4641016, 3.4641016, 6.3245554]","[1.5, 2.0, 2.0, 2.0, 3.5, 4.0, 4.0, 4.5]","[0.0, 0.0, 1.7320508, 1.7320508, 3.1622777, 3.4641016, 3.8729835, 4.472136]","[-4.0, -3.5, -3.5, -3.0, -3.0, -2.5, -2.0, -1.5]","[1.5, 2.0, 4.0]","[0.0, 1.7320508, 3.4641016]","[-4.0, -3.0, -2.0]","[1.5, 2.0, 6.5]","[0.0, 1.7320508, 6.3245554]","[-4.0, -3.0, 5.0]",[6.5],[6.3245554],[5.0],2,1,0,1,0.0,2.0,0
994,5,2,2,"[0.5, 0.5, 1.0, 1.5, 2.0, 2.0, 3.0, 3.5, 3.5, 7.5]","[0.0, 0.0, 0.0, 0.0, 0.0, 1.0, 1.4142135, 2.0, 3.4641016, 7.483315]","[1.0, 1.5, 2.5, 3.5, 3.5]","[0.0, 0.0, 1.0, 1.4142135, 2.4494898]","[-4.5, -4.0, -3.5, -2.5, -1.5]","[1.0, 2.5]","[0.0, 1.0]","[-4.5, -2.5]","[4.0, 4.0]","[0.0, 3.8729835]","[0.5, 2.0]","[4.0, 4.0]","[0.0, 3.8729835]","[0.5, 2.0]",0,2,0,0,0.0,0.0,1
29273,5,3,3,"[0.0, 1.0, 1.5, 2.0, 2.0, 2.5, 3.0, 4.5, 5.0, 6.5]","[0.0, 0.0, 0.0, 0.0, 0.0, 1.4142135, 2.0, 4.2426405, 4.582576, 6.4807405]","[1.5, 2.0, 2.5, 2.5, 4.0]","[0.0, 0.0, 1.7320508, 2.4494898, 3.8729835]","[-3.5, -3.0, -2.0, -1.5, -1.0]","[2.0, 2.5, 2.5]","[0.0, 1.7320508, 2.4494898]","[-3.5, -2.0, -1.5]","[3.5, 3.5, 8.0]","[0.0, 0.0, 7.937254]","[0.0, 2.5, 6.5]","[3.5, 3.5, 8.0]","[0.0, 0.0, 7.937254]","[0.0, 2.5, 6.5]",0,3,0,0,0.0,0.0,0
417,18,3,1,"[0.0, 1.0, 2.5, 3.0, 3.5, 4.5, 5.5, 6.5, 6.5, 7.5]","[0.0, 0.0, 0.0, 0.0, 1.0, 2.236068, 4.8989797, 6.4807405, 6.4807405, 7.3484693]","[1.0, 1.0, 1.5, 1.5, 1.5, 2.0, 2.0, 2.5, 4.0, 4.0, 4.0, 4.0, 4.5, 4.5, 4.5, 5.0, 6.0, 6.0]","[0.0, 0.0, 0.0, 0.0, 0.0, 1.4142135, 2.0, 2.0, 3.4641016, 3.8729835, 3.8729835, 4.0, 4.2426405, 4.2426405, 4.472136, 4.582576, 5.656854, 6.0]","[-6.5, -6.0, -6.0, -5.0, -5.0, -4.5, -4.5, -4.0, -3.5, -3.0, -3.0, -3.0, -3.0, -2.0, -1.5, -1.5, -1.0, -1.0]","[1.0, 1.0, 1.5]","[0.0, 0.0, 1.4142135]","[-6.5, -6.0, -5.0]","[2.5, 3.0, 3.5]","[2.0, 2.236068, 3.4641016]","[-4.5, -1.5, 0.0]",[7.0],[6.928203],[4.0],2,0,1,0,2.0,0.0,1
7751,10,3,2,"[0.5, 0.5, 0.5, 0.5, 1.0, 1.0, 6.5, 6.5, 7.5, 8.0]","[0.0, 0.0, 0.0, 0.0, 0.0, 0.0, 6.0, 6.0, 7.3484693, 7.937254]","[1.0, 1.5, 1.5, 2.5, 2.5, 3.0, 3.5, 5.5, 6.0, 7.0]","[0.0, 0.0, 0.0, 1.0, 2.236068, 2.4494898, 3.1622777, 4.8989797, 5.91608, 6.928203]","[-6.0, -5.5, -4.5, -3.5, -3.5, -3.0, -2.0, -2.0, -2.0, -1.5]","[1.0, 1.5, 2.5]","[0.0, 1.0, 2.4494898]","[-5.5, -4.5, -2.0]","[0.5, 8.0, 8.5]","[0.0, 8.0, 8.485281]","[-4.0, 0.5, 6.5]","[5.0, 8.5]","[4.0, 8.485281]","[0.5, 6.5]",1,1,1,0,1.0,0.0,0
414,9,4,2,"[0.5, 0.5, 0.5, 0.5, 2.0, 3.0, 3.5, 4.0, 4.0, 6.5]","[0.0, 0.0, 0.0, 0.0, 0.0, 2.0, 2.4494898, 3.8729835, 3.8729835, 6.0]","[0.5, 1.0, 1.0, 2.0, 2.5, 3.0, 3.5, 3.5, 4.5]","[0.0, 0.0, 0.0, 0.0, 2.0, 2.4494898, 2.828427, 3.4641016, 4.2426405]","[-4.5, -4.0, -2.5, -2.5, -2.0, -2.0, -2.0, -1.5, -1.0]","[0.5, 1.0, 1.0, 3.0]","[0.0, 0.0, 0.0, 2.828427]","[-4.5, -2.0, -2.0, -1.5]","[2.5, 4.5, 4.5, 6.5]","[2.0, 2.828427, 2.828427, 6.3245554]","[-1.0, 0.0, 0.0, 4.0]","[2.5, 4.5]","[0.0, 2.0]","[-1.0, 3.0]",2,1,1,0,2.0,0.0,1
1027,2,1,1,"[0.5, 1.0, 1.5, 2.0, 2.5, 2.5, 3.0, 3.0, 3.5, 4.0]","[0.0, 0.0, 0.0, 0.0, 0.0, 1.4142135, 1.7320508, 2.0, 2.4494898, 2.828427]","[1.5, 1.5]","[1.4142135, 1.4142135]","[-5.5, -3.5]",[1.5],[1.4142135],[-5.5],[2.5],[2.0],[2.5],[2.5],[2.0],[2.5],0,1,0,0,0.0,0.0,1
68245,5,2,2,"[0.0, 1.0, 1.5, 1.5, 2.0, 2.5, 4.0, 4.5, 5.0, 7.0]","[0.0, 0.0, 0.0, 0.0, 0.0, 0.0, 2.6457512, 2.828427, 3.0, 6.928203]","[1.5, 3.0, 3.0, 4.0, 4.0]","[0.0, 2.236068, 3.0, 3.4641016, 3.8729835]","[-6.0, -5.0, -3.5, -2.5, -1.5]","[1.5, 4.0]","[0.0, 3.8729835]","[-6.0, -1.5]","[3.5, 4.5]","[2.828427, 3.4641016]","[0.5, 2.5]","[3.5, 4.5]","[2.828427, 3.4641016]","[0.5, 2.5]",0,2,0,0,0.0,0.0,0
5018,5,3,2,"[1.0, 1.0, 1.5, 2.0, 2.0, 2.0, 3.5, 3.5, 5.0, 7.0]","[0.0, 0.0, 0.0, 0.0, 0.0, 1.7320508, 3.1622777, 3.4641016, 4.582576, 6.928203]","[0.5, 1.0, 3.0, 3.0, 3.5]","[0.0, 0.0, 3.0, 3.0, 3.1622777]","[-3.0, -2.5, -2.5, -2.0, -1.5]","[0.5, 3.0, 3.5]","[0.0, 3.0, 3.1622777]","[-3.0, -2.5, -2.0]","[2.5, 4.0, 5.5]","[2.0, 3.8729835, 4.2426405]","[-1.0, 0.5, 2.5]","[1.0, 2.5]","[0.0, 2.0]","[0.0, 0.5]",1,1,1,0,1.0,0.0,0
49,1,1,1,"[0.0, 0.5, 0.5, 1.5, 2.5, 2.5, 3.0, 4.5, 4.5, 5.5]","[0.0, 0.0, 0.0, 0.0, 0.0, 0.0, 2.0, 2.4494898, 2.828427, 4.2426405]",[1.0],[1.0],[-3.0],[1.0],[1.0],[-3.0],[4.5],[3.7416575],[3.0],[4.5],[3.7416575],[3.0],0,1,0,0,0.0,0.0,1
867,8,2,2,"[0.0, 0.5, 1.5, 2.5, 3.0, 3.0, 4.0, 4.5, 5.0, 6.0]","[0.0, 0.0, 0.0, 1.4142135, 2.0, 2.6457512, 3.0, 4.472136, 4.8989797, 5.91608]","[1.5, 1.5, 1.5, 2.0, 2.0, 2.5, 3.0, 3.5]","[0.0, 0.0, 0.0, 1.4142135, 1.4142135, 2.0, 2.4494898, 2.828427]","[-4.0, -4.0, -3.5, -2.5, -2.5, -2.5, -2.5, -2.0]","[2.0, 2.5]","[0.0, 2.0]","[-2.5, -2.5]","[4.5, 8.0]","[0.0, 7.937254]","[-0.5, 4.0]","[4.5, 8.0]","[0.0, 7.937254]","[-0.5, 4.0]",0,2,0,0,0.0,0.0,1
172,10,4,3,"[0.5, 1.5, 2.0, 2.5, 2.5, 3.0, 3.0, 4.5, 5.0, 7.5]","[0.0, 0.0, 0.0, 0.0, 1.4142135, 1.7320508, 2.828427, 4.2426405, 4.582576, 7.483315]","[1.0, 1.0, 1.0, 1.5, 2.0, 2.5, 3.0, 3.5, 4.0, 4.0]","[0.0, 0.0, 1.0, 1.0, 1.4142135, 2.236068, 2.4494898, 3.4641016, 3.4641016, 3.4641016]","[-5.5, -4.0, -4.0, -4.0, -3.5, -3.5, -3.5, -2.5, -1.5, -1.0]","[1.0, 1.0, 1.0, 1.5]","[0.0, 1.0, 1.0, 1.4142135]","[-5.5, -4.0, -4.0, -3.5]","[4.0, 5.0, 5.5, 6.0]","[3.0, 3.4641016, 5.2915025, 5.656854]","[-2.0, -1.5, 4.0, 6.0]","[4.0, 5.5, 6.0]","[3.8729835, 5.2915025, 5.656854]","[-1.0, 4.0, 6.0]",1,2,1,0,1.0,0.0,1
936,5,3,3,"[0.0, 0.0, 1.5, 1.5, 1.5, 2.0, 3.0, 4.0, 4.5, 6.0]","[0.0, 0.0, 0.0, 1.4142135, 1.4142135, 1.4142135, 2.236068, 4.0, 4.472136, 5.656854]","[1.0, 1.5, 3.0, 3.0, 4.0]","[1.0, 1.4142135, 3.0, 3.0, 3.4641016]","[-3.5, -3.0, -2.0, -2.0, -1.5]","[1.0, 3.0, 3.0]","[1.0, 3.0, 3.0]","[-3.5, -2.0, -1.5]","[3.0, 4.5, 7.5]","[3.0, 4.2426405, 7.3484693]","[0.5, 2.0, 5.5]","[3.0, 4.5, 7.5]","[3.0, 4.2426405, 7.3484693]","[0.5, 2.0, 5.5]",0,3,0,0,0.0,0.0,1
40,4,2,1,"[0.5, 0.5, 0.5, 1.0, 2.0, 2.5, 2.5, 5.0, 6.0, 7.5]","[0.0, 0.0, 0.0, 0.0, 0.0, 1.0, 2.0, 4.582576, 5.91608, 7.483315]","[0.5, 1.0, 3.0, 3.5]","[0.0, 1.0, 2.236068, 3.4641016]","[-6.5, -4.5, -3.5, -3.0]","[0.5, 1.0]","[0.0, 1.0]","[-6.5, -3.0]","[3.5, 9.0]","[3.4641016, 9.0]","[-3.5, 3.5]",[3.0],[2.236068],[-4.5],1,0,1,0,1.0,0.0,1
261,13,3,1,"[0.5, 1.0, 1.0, 1.5, 2.0, 4.0, 4.5, 5.0, 5.5, 6.5]","[0.0, 0.0, 1.0, 1.0, 1.4142135, 1.7320508, 2.828427, 4.8989797, 5.477226, 6.3245554]","[1.0, 1.0, 1.5, 1.5, 1.5, 1.5, 2.0, 2.5, 2.5, 3.0, 3.0, 3.0, 3.5]","[0.0, 0.0, 0.0, 0.0, 0.0, 0.0, 0.0, 0.0, 1.0, 1.4142135, 1.7320508, 2.4494898, 2.828427]","[-5.5, -4.5, -4.5, -4.0, -3.5, -3.0, -3.0, -2.5, -2.0, -2.0, -2.0, -1.5, -1.0]","[1.0, 1.0, 1.5]","[0.0, 0.0, 1.0]","[-4.5, -3.5, -3.0]","[3.5, 4.0, 6.0]","[0.0, 0.0, 5.656854]","[-2.0, -0.5, 1.0]",[2.5],[2.0],[-0.5],2,0,1,0,2.0,0.0,1
9125,6,4,4,"[0.0, 0.5, 0.5, 1.5, 1.5, 3.5, 3.5, 4.0, 4.0, 7.0]","[0.0, 0.0, 0.0, 0.0, 0.0, 1.4142135, 2.6457512, 3.1622777, 3.4641016, 6.928203]","[0.5, 0.5, 1.5, 1.5, 2.0, 7.0]","[0.0, 0.0, 0.0, 1.4142135, 2.0, 7.0]","[-7.0, -4.5, -3.0, -1.5, -1.0, -1.0]","[0.5, 0.5, 1.5, 1.5]","[0.0, 0.0, 0.0, 1.4142135]","[-7.0, -3.0, -1.5, -1.0]","[3.0, 3.5, 4.0, 8.5]","[0.0, 2.828427, 3.4641016, 8.485281]","[0.0, 3.5, 3.5, 4.0]","[3.0, 3.5, 4.0, 8.5]","[0.0, 2.828427, 3.4641016, 8.485281]","[0.0, 3.5, 3.5, 4.0]",0,4,0,0,0.0,0.0,0
958,4,3,2,"[0.0, 1.0, 1.0, 1.0, 2.5, 3.0, 3.0, 3.0, 4.0, 8.5]","[0.0, 0.0, 0.0, 0.0, 0.0, 0.0, 2.828427, 2.828427, 2.828427, 8.485281]","[1.0, 3.0, 3.5, 6.5]","[1.0, 2.236068, 3.4641016, 6.4807405]","[-3.5, -2.5, -2.5, -2.0]","[1.0, 3.0, 3.5]","[1.0, 2.236068, 3.4641016]","[-3.5, -2.5, -2.5]","[2.0, 5.5, 8.0]","[1.7320508, 4.8989797, 7.937254]","[1.0, 2.0, 4.5]","[2.0, 5.5]","[1.7320508, 4.8989797]","[-2.0, 4.5]",1,1,1,0,1.0,0.0,1
447,2,2,0,"[0.0, 0.0, 0.5, 0.5, 0.5, 1.5, 2.0, 3.5, 4.5, 5.0]","[0.0, 0.0, 0.0, 0.0, 0.0, 0.0, 0.0, 1.4142135, 3.4641016, 5.0]","[0.5, 1.5]","[0.0, 0.0]","[-3.5, -3.0]","[0.5, 1.5]","[0.0, 0.0]","[-3.5, -3.0]","[0.5, 1.5]","[0.0, 0.0]","[-3.5, -3.0]",[],[],[],2,0,0,1,0.0,2.0,1
62065,6,1,1,"[0.5, 0.5, 1.5, 1.5, 2.5, 2.5, 4.0, 4.0, 5.5, 5.5]","[0.0, 0.0, 0.0, 1.4142135, 1.4142135, 2.0, 2.0, 3.4641016, 4.8989797, 4.8989797]","[1.5, 3.0, 3.5, 3.5, 4.0, 5.0]","[0.0, 1.4142135, 2.236068, 2.4494898, 4.0, 4.582576]","[-6.5, -3.0, -3.0, -2.5, -2.5, -2.0]",[1.5],[1.4142135],[-6.5],[6.5],[6.0],[5.0],[6.5],[6.0],[5.0],0,1,0,0,0.0,0.0,0
811,13,4,2,"[0.0, 0.5, 1.5, 2.5, 4.5, 4.5, 4.5, 5.0, 5.5, 6.5]","[0.0, 0.0, 0.0, 1.4142135, 2.0, 3.7416575, 4.0, 4.472136, 5.477226, 6.3245554]","[0.5, 0.5, 1.0, 3.0, 3.0, 3.0, 3.0, 3.0, 3.5, 4.5, 4.5, 4.5, 4.5]","[0.0, 0.0, 0.0, 0.0, 1.0, 2.236068, 2.236068, 2.236068, 2.828427, 3.4641016, 3.7416575, 3.7416575, 4.472136]","[-5.5, -5.0, -4.5, -4.0, -3.5, -3.0, -2.5, -2.0, -2.0, -1.5, -1.5, -1.0, -1.0]","[0.5, 1.0, 3.0, 3.5]","[0.0, 1.0, 2.236068, 3.4641016]","[-5.5, -4.0, -3.5, -2.5]","[4.5, 4.5, 5.0, 5.5]","[3.0, 3.7416575, 4.2426405, 5.2915025]","[0.0, 0.5, 1.5, 2.0]","[2.5, 4.5]","[2.0, 4.2426405]","[0.0, 2.0]",2,1,1,0,2.0,0.0,1
51782,5,3,2,"[0.5, 1.0, 1.5, 2.0, 3.0, 3.0, 3.0, 3.5, 4.0, 4.0]","[0.0, 0.0, 0.0, 0.0, 2.0, 2.236068, 2.828427, 2.828427, 3.1622777, 3.8729835]","[1.0, 1.5, 1.5, 3.0, 3.5]","[0.0, 0.0, 0.0, 0.0, 2.236068]","[-3.5, -3.5, -3.5, -1.5, -1.5]","[1.0, 1.5, 1.5]","[0.0, 0.0, 0.0]","[-3.5, -3.5, -1.5]","[2.0, 6.5, 7.5]","[1.7320508, 6.3245554, 7.483315]","[0.0, 4.0, 6.5]","[5.0, 6.5]","[3.0, 6.3245554]","[4.0, 5.0]",1,1,1,0,1.0,0.0,0
173,1,1,1,"[0.0, 0.5, 0.5, 0.5, 1.0, 1.0, 2.0, 4.0, 4.0, 4.5]","[0.0, 0.0, 0.0, 0.0, 0.0, 0.0, 0.0, 1.0, 3.4641016, 3.4641016]",[2.0],[1.7320508],[-3.5],[2.0],[1.7320508],[-3.5],[4.5],[4.472136],[1.5],[4.5],[4.472136],[1.5],0,1,0,0,0.0,0.0,1
82,1,1,1,"[0.0, 0.0, 0.0, 0.5, 1.0, 1.0, 4.0, 4.0, 4.0, 6.0]","[0.0, 0.0, 0.0, 0.0, 0.0, 0.0, 0.0, 2.6457512, 3.4641016, 5.196152]",[4.5],[4.2426405],[-4.0],[4.5],[4.2426405],[-4.0],[2.0],[1.7320508],[0.5],[2.0],[1.7320508],[0.5],0,1,0,0,0.0,0.0,1
3849,5,3,2,"[0.5, 0.5, 1.5, 2.0, 2.5, 3.0, 4.0, 4.5, 4.5, 5.0]","[0.0, 0.0, 0.0, 1.7320508, 2.236068, 2.4494898, 3.4641016, 4.2426405, 4.472136, 4.582576]","[0.5, 2.0, 2.5, 3.5, 3.5]","[0.0, 1.7320508, 2.4494898, 2.4494898, 3.1622777]","[-3.5, -3.0, -2.5, -2.5, -2.0]","[0.5, 2.0, 2.5]","[0.0, 1.7320508, 2.4494898]","[-3.5, -2.5, -2.0]","[1.5, 3.5, 5.0]","[0.0, 0.0, 3.0]","[-0.5, -0.5, 3.5]","[1.5, 5.0]","[1.4142135, 3.0]","[0.0, 3.5]",1,1,1,0,1.0,0.0,0
23767,14,6,2,"[0.5, 1.0, 1.5, 2.0, 2.5, 4.0, 4.5, 5.0, 6.5, 7.5]","[0.0, 0.0, 1.4142135, 2.0, 2.4494898, 2.6457512, 4.2426405, 4.582576, 6.0, 7.483315]","[1.0, 1.0, 1.5, 2.0, 2.0, 2.5, 2.5, 2.5, 2.5, 3.0, 3.5, 4.0, 4.5, 6.0]","[0.0, 0.0, 0.0, 0.0, 0.0, 0.0, 1.0, 1.7320508, 2.0, 2.0, 2.0, 2.828427, 3.8729835, 5.91608]","[-5.5, -4.0, -4.0, -3.5, -3.5, -3.0, -2.5, -2.5, -2.5, -2.5, -2.0, -2.0, -2.0, -1.0]","[1.0, 1.5, 2.0, 2.5, 2.5, 3.5]","[0.0, 0.0, 0.0, 1.7320508, 2.0, 2.0]","[-4.0, -4.0, -3.0, -2.0, -2.0, -1.0]","[2.5, 3.0, 4.5, 5.5, 6.0, 7.0]","[0.0, 2.0, 2.828427, 5.477226, 5.91608, 6.708204]","[-5.5, -1.5, 0.0, 1.5, 4.0, 4.0]","[4.0, 6.5]","[3.8729835, 6.3245554]","[3.5, 4.0]",4,0,2,0,2.0,0.0,0
574,11,3,3,"[0.0, 1.0, 2.0, 2.0, 2.0, 3.5, 4.5, 5.0, 5.0, 8.0]","[0.0, 0.0, 0.0, 0.0, 0.0, 2.4494898, 3.0, 3.7416575, 5.0, 7.937254]","[1.0, 1.5, 2.0, 2.0, 2.0, 2.0, 2.5, 2.5, 4.0, 4.0, 6.5]","[0.0, 0.0, 0.0, 1.0, 1.7320508, 1.7320508, 2.0, 2.0, 2.4494898, 3.4641016, 6.4807405]","[-5.5, -5.0, -5.0, -4.0, -3.5, -3.5, -3.5, -3.0, -3.0, -2.5, -2.5]","[1.0, 2.0, 2.5]","[1.0, 1.7320508, 2.4494898]","[-4.0, -3.5, -3.5]","[5.0, 5.5, 6.5]","[3.0, 5.2915025, 6.0]","[3.0, 4.0, 6.0]","[5.0, 5.5, 6.5]","[3.0, 5.2915025, 6.0]","[3.0, 4.0, 6.0]",0,3,0,0,0.0,0.0,1
93219,6,2,2,"[0.0, 0.5, 1.5, 2.0, 2.0, 3.0, 3.5, 4.5, 4.5, 5.5]","[0.0, 0.0, 0.0, 0.0, 0.0, 1.4142135, 2.828427, 3.0, 3.1622777, 4.8989797]","[1.5, 1.5, 2.0, 3.0, 4.0, 5.0]","[0.0, 0.0, 1.4142135, 2.236068, 3.8729835, 4.8989797]","[-7.0, -6.5, -5.0, -2.5, -2.0, -1.5]","[1.5, 1.5]","[0.0, 1.4142135]","[-7.0, -5.0]","[3.5, 5.0]","[3.0, 3.1622777]","[2.5, 3.0]","[3.5, 5.0]","[3.0, 3.1622777]","[2.5, 3.0]",0,2,0,0,0.0,0.0,0
91525,9,4,4,"[0.0, 1.0, 1.0, 2.0, 2.0, 3.0, 3.0, 4.0, 4.0, 5.5]","[0.0, 0.0, 0.0, 0.0, 0.0, 1.0, 2.0, 2.236068, 3.4641016, 4.2426405]","[1.0, 1.0, 2.0, 2.0, 2.0, 2.5, 2.5, 2.5, 4.0]","[0.0, 0.0, 1.0, 1.7320508, 1.7320508, 2.0, 2.4494898, 2.4494898, 3.8729835]","[-5.0, -4.5, -4.0, -4.0, -3.5, -3.0, -3.0, -3.0, -1.5]","[1.0, 1.0, 2.0, 2.5]","[0.0, 1.0, 1.7320508, 2.4494898]","[-4.0, -4.0, -3.5, -3.0]","[4.0, 4.0, 4.5, 9.0]","[2.6457512, 3.4641016, 3.7416575, 9.0]","[3.0, 3.0, 4.5, 7.5]","[4.0, 4.0, 4.5, 9.0]","[2.6457512, 3.4641016, 3.7416575, 9.0]","[3.0, 3.0, 4.5, 7.5]",0,4,0,0,0.0,0.0,0
53836,2,2,2,"[0.0, 0.5, 1.5, 1.5, 1.5, 1.5, 2.0, 3.5, 4.0, 5.0]","[0.0, 0.0, 0.0, 0.0, 1.4142135, 1.4142135, 1.7320508, 2.4494898, 3.4641016, 5.0]","[2.0, 2.5]","[0.0, 0.0]","[-2.0, -1.5]","[2.0, 2.5]","[0.0, 0.0]","[-2.0, -1.5]","[5.5, 6.5]","[5.2915025, 6.4807405]","[3.5, 4.5]","[5.5, 6.5]","[5.2915025, 6.4807405]","[3.5, 4.5]",0,2,0,0,0.0,0.0,0
39012,4,3,3,"[0.5, 0.5, 0.5, 1.0, 2.0, 2.5, 3.0, 4.0, 4.0, 4.5]","[0.0, 0.0, 0.0, 0.0, 0.0, 1.7320508, 2.4494898, 2.6457512, 2.828427, 3.7416575]","[0.5, 2.5, 3.5, 4.0]","[0.0, 0.0, 2.0, 3.8729835]","[-4.5, -4.0, -1.5, -1.0]","[0.5, 3.5, 4.0]","[0.0, 0.0, 3.8729835]","[-4.0, -1.5, -1.0]","[4.5, 6.5, 7.5]","[0.0, 6.4807405, 7.3484693]","[2.5, 6.0, 6.0]","[4.5, 6.5, 7.5]","[0.0, 6.4807405, 7.3484693]","[2.5, 6.0, 6.0]",0,3,0,0,0.0,0.0,0
36,9,3,1,"[0.0, 0.0, 0.5, 1.5, 3.0, 5.0, 5.0, 6.0, 7.5, 8.0]","[0.0, 0.0, 0.0, 0.0, 2.236068, 3.0, 4.582576, 5.196152, 7.483315, 7.937254]","[1.5, 2.5, 2.5, 3.5, 3.5, 3.5, 3.5, 4.0, 5.5]","[0.0, 1.4142135, 2.4494898, 2.4494898, 2.4494898, 2.4494898, 3.1622777, 3.4641016, 5.477226]","[-5.5, -5.5, -5.0, -5.0, -5.0, -4.5, -2.5, -2.5, -2.0]","[1.5, 3.5, 3.5]","[1.4142135, 2.4494898, 2.4494898]","[-5.5, -5.0, -2.5]","[2.5, 6.0, 7.0]","[0.0, 5.91608, 6.928203]","[-5.5, 1.0, 1.0]",[8.5],[8.485281],[3.5],2,0,1,0,2.0,0.0,1
477,9,3,2,"[0.5, 1.5, 2.0, 2.0, 2.0, 3.5, 4.5, 4.5, 5.5, 5.5]","[0.0, 0.0, 0.0, 2.0, 2.0, 2.4494898, 2.828427, 4.472136, 4.8989797, 5.477226]","[1.0, 1.5, 1.5, 2.0, 2.5, 2.5, 3.0, 3.0, 3.5]","[0.0, 0.0, 0.0, 0.0, 1.7320508, 2.0, 2.4494898, 2.828427, 3.0]","[-5.5, -5.0, -4.5, -4.0, -3.5, -2.5, -2.5, -2.0, -1.5]","[1.0, 1.5, 2.5]","[0.0, 0.0, 2.4494898]","[-5.5, -4.5, -2.5]","[3.5, 4.0, 5.0]","[3.0, 3.4641016, 3.4641016]","[-1.5, 0.0, 2.5]","[1.5, 3.5]","[0.0, 3.4641016]","[-3.5, 2.5]",1,1,1,0,1.0,0.0,1
77545,7,4,3,"[0.5, 0.5, 1.5, 1.5, 2.5, 2.5, 5.0, 5.0, 5.0, 7.0]","[0.0, 0.0, 0.0, 0.0, 2.0, 2.4494898, 4.0, 4.8989797, 5.0, 6.928203]","[0.5, 0.5, 1.5, 1.5, 1.5, 3.5, 4.5]","[0.0, 0.0, 0.0, 1.4142135, 1.4142135, 3.4641016, 4.472136]","[-6.5, -4.0, -3.5, -3.5, -3.5, -2.5, -2.0]","[0.5, 0.5, 1.5, 1.5]","[0.0, 0.0, 0.0, 1.4142135]","[-6.5, -3.5, -3.5, -2.5]","[1.0, 5.0, 5.0, 6.0]","[0.0, 4.0, 4.582576, 5.656854]","[-1.5, 1.0, 2.5, 2.5]","[4.5, 5.0, 6.0]","[4.472136, 4.582576, 5.656854]","[1.0, 2.5, 4.5]",1,2,1,0,1.0,0.0,0
99993,7,3,2,"[0.0, 0.5, 0.5, 1.0, 1.5, 3.0, 3.5, 4.0, 5.0, 7.0]","[0.0, 0.0, 0.0, 0.0, 0.0, 1.0, 1.4142135, 2.828427, 4.582576, 6.708204]","[1.5, 1.5, 2.0, 2.0, 2.5, 3.0, 4.5]","[0.0, 0.0, 0.0, 1.4142135, 1.7320508, 2.828427, 4.472136]","[-6.5, -4.5, -3.5, -3.5, -3.5, -2.0, -1.0]","[1.5, 2.0, 2.0]","[0.0, 1.4142135, 1.7320508]","[-6.5, -3.5, -1.0]","[1.5, 4.0, 4.5]","[0.0, 2.6457512, 2.828427]","[-3.5, 1.5, 2.0]","[2.5, 4.0]","[2.4494898, 2.6457512]","[1.5, 2.0]",1,1,1,0,1.0,0.0,0
664,9,4,3,"[0.5, 0.5, 1.0, 1.5, 2.5, 2.5, 3.0, 5.5, 6.0, 6.0]","[0.0, 0.0, 0.0, 0.0, 1.0, 2.236068, 2.4494898, 5.2915025, 5.656854, 5.91608]","[0.5, 0.5, 0.5, 1.5, 2.0, 2.0, 2.0, 2.5, 5.0]","[0.0, 0.0, 0.0, 0.0, 1.7320508, 1.7320508, 2.0, 2.0, 5.0]","[-4.5, -3.5, -3.5, -3.0, -2.5, -2.5, -2.5, -2.0, -2.0]","[0.5, 0.5, 0.5, 2.0]","[0.0, 0.0, 0.0, 1.7320508]","[-4.5, -3.5, -2.5, -2.0]","[1.0, 2.0, 4.0, 7.0]","[0.0, 0.0, 1.7320508, 6.928203]","[-3.5, -0.5, 3.5, 4.5]","[1.0, 4.0, 4.5]","[0.0, 0.0, 4.2426405]","[-0.5, 2.5, 3.5]",1,2,1,0,1.0,0.0,1
18410,11,4,2,"[0.0, 0.5, 1.0, 2.0, 2.5, 3.0, 4.0, 5.5, 7.0, 8.0]","[0.0, 0.0, 0.0, 0.0, 1.7320508, 2.4494898, 3.8729835, 4.2426405, 6.708204, 8.0]","[1.0, 1.5, 2.0, 2.5, 3.5, 3.5, 4.0, 4.0, 4.0, 4.5, 5.5]","[0.0, 0.0, 0.0, 0.0, 1.4142135, 2.4494898, 3.4641016, 3.4641016, 3.7416575, 3.8729835, 5.2915025]","[-5.5, -4.5, -4.5, -4.0, -3.5, -3.0, -3.0, -3.0, -2.5, -1.5, -1.0]","[1.0, 1.5, 2.0, 2.5]","[0.0, 0.0, 0.0, 1.4142135]","[-4.5, -4.0, -3.0, -2.5]","[1.5, 2.0, 3.0, 4.0]","[0.0, 0.0, 1.4142135, 3.0]","[-4.0, -2.5, 0.5, 1.5]","[3.0, 4.0]","[0.0, 3.0]","[0.5, 1.5]",2,2,0,1,0.0,2.0,0
921,2,1,1,"[0.0, 0.0, 0.5, 1.0, 1.0, 1.5, 2.0, 3.0, 3.5, 4.5]","[0.0, 0.0, 0.0, 0.0, 0.0, 0.0, 1.0, 1.4142135, 2.828427, 3.4641016]","[0.5, 1.5]","[0.0, 1.4142135]","[-2.0, -2.0]",[0.5],[0.0],[-2.0],[3.0],[3.0],[0.5],[3.0],[3.0],[0.5],0,1,0,0,0.0,0.0,1
422,7,3,1,"[0.0, 0.0, 0.0, 0.5, 1.5, 2.0, 2.5, 4.0, 5.0, 8.0]","[0.0, 0.0, 0.0, 0.0, 0.0, 0.0, 0.0, 0.0, 3.0, 8.0]","[0.5, 0.5, 1.5, 2.0, 3.5, 3.5, 3.5]","[0.0, 0.0, 0.0, 0.0, 2.0, 2.4494898, 3.4641016]","[-7.5, -4.5, -4.0, -3.5, -3.0, -2.5, -2.5]","[0.5, 0.5, 2.0]","[0.0, 0.0, 2.0]","[-7.5, -4.5, -4.0]","[4.0, 7.0, 7.5]","[3.4641016, 7.0, 7.3484693]","[-1.0, 3.0, 3.5]",[5.5],[4.8989797],[5.5],2,0,1,0,2.0,0.0,1
208,9,4,2,"[0.0, 0.5, 1.0, 1.5, 1.5, 3.5, 3.5, 6.5, 7.0, 7.5]","[0.0, 0.0, 0.0, 0.0, 0.0, 3.1622777, 3.4641016, 6.3245554, 6.928203, 7.483315]","[1.0, 1.5, 1.5, 2.0, 2.0, 2.5, 3.0, 3.5, 6.5]","[0.0, 0.0, 1.4142135, 1.4142135, 1.7320508, 2.0, 2.828427, 3.4641016, 6.4807405]","[-4.5, -4.0, -3.5, -3.0, -2.5, -1.5, -1.5, -1.0, -1.0]","[1.5, 1.5, 2.5, 3.0]","[1.4142135, 1.4142135, 2.0, 2.828427]","[-4.0, -3.5, -3.0, -1.0]","[3.5, 4.5, 6.5, 7.5]","[0.0, 0.0, 6.4807405, 7.3484693]","[-2.5, -1.0, 2.0, 4.0]","[3.5, 4.0]","[0.0, 2.6457512]","[-2.5, 0.5]",2,1,1,0,2.0,0.0,1
244,22,5,1,"[1.0, 1.5, 2.0, 4.0, 4.5, 5.0, 5.5, 6.0, 6.5, 8.5]","[0.0, 0.0, 1.4142135, 2.828427, 3.8729835, 4.582576, 4.8989797, 5.656854, 6.3245554, 8.485281]","[0.5, 0.5, 1.0, 1.0, 1.0, 1.5, 1.5, 2.0, 2.0, 2.5, 2.5, 2.5, 3.0, 3.5, 3.5, 3.5, 4.5, 5.0, 5.0, 5.0, 6.0, 7.0]","[0.0, 0.0, 0.0, 0.0, 0.0, 0.0, 1.4142135, 1.4142135, 1.7320508, 2.0, 2.236068, 2.4494898, 2.4494898, 2.4494898, 3.1622777, 3.4641016, 3.7416575, 4.8989797, 4.8989797, 4.8989797, 5.91608, 6.928203]","[-7.5, -7.0, -6.5, -6.0, -5.5, -5.5, -5.0, -5.0, -5.0, -4.5, -4.5, -4.5, -3.0, -3.0, -2.5, -2.5, -2.0, -2.0, -1.5, -1.5, -1.5, -1.0]","[0.5, 0.5, 1.0, 1.5, 3.5]","[0.0, 0.0, 0.0, 1.4142135, 2.4494898]","[-7.5, -7.0, -5.5, -2.5, -2.0]","[1.0, 5.0, 5.0, 5.5, 7.0]","[0.0, 4.8989797, 4.8989797, 5.2915025, 6.928203]","[-6.5, -3.0, -2.0, 0.0, 4.5]",[2.5],[2.0],[-2.0],4,0,1,0,4.0,0.0,1
140,10,3,1,"[0.0, 0.5, 2.0, 2.0, 2.5, 3.0, 3.5, 7.0, 7.5, 9.0]","[0.0, 0.0, 0.0, 1.7320508, 2.0, 2.236068, 3.4641016, 6.708204, 7.483315, 9.0]","[0.5, 0.5, 1.5, 2.0, 3.5, 3.5, 3.5, 4.0, 5.5, 7.0]","[0.0, 0.0, 1.4142135, 2.0, 2.4494898, 3.4641016, 3.4641016, 4.0, 4.8989797, 7.0]","[-7.5, -5.5, -5.0, -4.0, -3.5, -3.5, -3.0, -2.5, -2.0, -1.5]","[0.5, 0.5, 3.5]","[0.0, 0.0, 3.4641016]","[-7.5, -5.0, -3.5]","[0.5, 3.5, 5.0]","[0.0, 3.4641016, 4.0]","[-7.5, -5.0, 4.5]",[5.0],[4.0],[4.5],2,1,0,1,0.0,2.0,1
122,10,3,2,"[0.5, 0.5, 1.0, 1.0, 1.5, 2.0, 4.5, 5.5, 6.5, 6.5]","[0.0, 0.0, 0.0, 0.0, 0.0, 0.0, 1.4142135, 5.2915025, 6.0, 6.0]","[0.5, 1.0, 2.0, 2.5, 2.5, 2.5, 2.5, 3.5, 5.0, 5.5]","[0.0, 0.0, 0.0, 1.0, 1.7320508, 2.0, 2.4494898, 2.4494898, 4.582576, 4.8989797]","[-6.0, -5.5, -5.5, -4.5, -4.0, -3.5, -3.0, -3.0, -3.0, -1.0]","[0.5, 1.0, 3.5]","[0.0, 0.0, 1.0]","[-6.0, -5.5, -3.5]","[6.0, 8.0, 8.5]","[5.656854, 7.937254, 8.485281]","[1.5, 4.5, 6.0]","[3.0, 8.0]","[2.828427, 7.937254]","[1.0, 6.0]",1,1,1,0,1.0,0.0,1
45747,6,3,2,"[0.0, 0.0, 0.5, 1.5, 2.0, 3.0, 3.0, 5.5, 6.0, 7.0]","[0.0, 0.0, 0.0, 0.0, 0.0, 1.7320508, 2.236068, 5.2915025, 5.91608, 6.708204]","[2.0, 2.5, 2.5, 2.5, 3.5, 5.0]","[0.0, 2.0, 2.0, 2.4494898, 3.1622777, 4.8989797]","[-4.5, -3.5, -3.5, -2.5, -2.0, -2.0]","[2.0, 2.5, 2.5]","[0.0, 2.0, 2.0]","[-3.5, -3.5, -2.0]","[2.0, 2.5, 8.0]","[0.0, 2.4494898, 7.937254]","[-2.5, -0.5, 5.5]","[7.0, 8.0]","[7.0, 7.937254]","[5.5, 6.5]",1,1,1,0,1.0,0.0,0
58707,5,2,2,"[0.0, 0.5, 1.5, 1.5, 2.0, 2.0, 3.0, 4.0, 5.5, 5.5]","[0.0, 0.0, 0.0, 0.0, 0.0, 1.7320508, 1.7320508, 2.6457512, 4.2426405, 5.477226]","[1.5, 2.0, 2.0, 3.0, 3.5]","[0.0, 0.0, 1.4142135, 1.7320508, 3.1622777]","[-5.5, -3.5, -3.0, -3.0, -2.5]","[1.5, 2.0]","[1.4142135, 1.7320508]","[-5.5, -3.5]","[4.5, 7.5]","[4.472136, 7.3484693]","[1.0, 6.5]","[4.5, 7.5]","[4.472136, 7.3484693]","[1.0, 6.5]",0,2,0,0,0.0,0.0,0
832,3,3,3,"[0.0, 0.5, 0.5, 2.0, 2.5, 2.5, 3.0, 3.0, 3.5, 4.0]","[0.0, 0.0, 0.0, 0.0, 0.0, 2.0, 2.0, 2.4494898, 2.828427, 3.4641016]","[1.0, 1.5, 2.0]","[0.0, 1.4142135, 1.7320508]","[-4.0, -2.0, -2.0]","[1.0, 1.5, 2.0]","[0.0, 1.4142135, 1.7320508]","[-4.0, -2.0, -2.0]","[1.0, 4.0, 4.0]","[0.0, 2.6457512, 3.8729835]","[0.0, 0.5, 3.0]","[1.0, 4.0, 4.0]","[0.0, 2.6457512, 3.8729835]","[0.0, 0.5, 3.0]",0,3,0,0,0.0,0.0,1
59578,4,2,1,"[0.0, 0.5, 1.0, 1.0, 1.5, 1.5, 2.0, 2.5, 3.0, 3.5]","[0.0, 0.0, 0.0, 0.0, 0.0, 0.0, 1.0, 1.4142135, 2.0, 3.1622777]","[1.5, 1.5, 2.0, 2.5]","[0.0, 0.0, 1.4142135, 1.7320508]","[-3.5, -2.5, -2.0, -1.5]","[1.5, 2.0]","[1.4142135, 1.7320508]","[-2.5, -2.0]","[2.5, 5.0]","[2.0, 4.582576]","[0.0, 4.0]",[5.0],[5.0],[5.0],1,0,1,0,1.0,0.0,0
857,9,3,1,"[0.0, 0.5, 1.0, 2.0, 3.0, 3.5, 4.0, 4.0, 7.0, 7.5]","[0.0, 0.0, 1.0, 2.0, 2.6457512, 3.0, 3.1622777, 3.8729835, 7.0, 7.483315]","[1.0, 1.5, 2.0, 2.0, 2.5, 2.5, 2.5, 3.0, 3.5]","[0.0, 0.0, 0.0, 0.0, 1.7320508, 2.0, 2.0, 2.4494898, 3.4641016]","[-5.5, -5.0, -4.0, -4.0, -3.0, -3.0, -2.0, -1.5, -1.5]","[1.0, 2.0, 3.5]","[0.0, 1.7320508, 3.4641016]","[-5.0, -4.0, -4.0]","[2.0, 3.5, 4.0]","[1.7320508, 3.4641016, 3.4641016]","[-5.0, -4.0, 2.0]",[4.0],[3.4641016],[2.0],2,1,0,1,0.0,2.0,1
630,2,1,1,"[0.0, 0.5, 0.5, 0.5, 1.0, 1.0, 2.0, 3.5, 4.5, 4.5]","[0.0, 0.0, 0.0, 0.0, 0.0, 0.0, 0.0, 2.4494898, 4.2426405, 4.472136]","[1.0, 2.0]","[0.0, 1.7320508]","[-4.5, -3.5]",[2.0],[1.7320508],[-3.5],[7.5],[7.483315],[5.0],[7.5],[7.483315],[5.0],0,1,0,0,0.0,0.0,1
62982,6,3,2,"[0.5, 0.5, 1.0, 1.0, 1.5, 3.5, 4.5, 6.0, 6.0, 6.0]","[0.0, 0.0, 0.0, 0.0, 0.0, 1.4142135, 2.828427, 5.196152, 5.656854, 5.91608]","[1.5, 2.0, 2.0, 2.5, 3.5, 4.0]","[0.0, 0.0, 1.4142135, 1.7320508, 2.4494898, 3.4641016]","[-6.0, -5.0, -5.0, -4.0, -4.0, -2.5]","[1.5, 2.5, 3.5]","[0.0, 1.4142135, 2.4494898]","[-5.0, -5.0, -4.0]","[5.0, 7.0, 8.5]","[4.0, 6.708204, 8.485281]","[2.0, 3.0, 5.0]","[5.0, 5.5]","[4.0, 5.477226]","[2.0, 4.0]",1,1,1,0,1.0,0.0,0
61008,6,2,1,"[0.0, 0.5, 0.5, 1.0, 2.0, 2.5, 3.5, 4.0, 8.0, 9.0]","[0.0, 0.0, 0.0, 1.0, 2.0, 2.0, 3.1622777, 3.4641016, 7.937254, 9.0]","[2.0, 2.0, 2.0, 3.0, 3.5, 4.0]","[0.0, 1.7320508, 1.7320508, 2.0, 2.828427, 3.4641016]","[-5.5, -5.0, -5.0, -4.5, -4.0, -1.0]","[2.0, 2.0]","[1.7320508, 2.0]","[-4.5, -4.0]","[4.0, 6.0]","[3.4641016, 5.656854]","[0.0, 0.5]",[4.5],[4.472136],[3.0],1,0,1,0,1.0,0.0,0
938,19,5,2,"[0.0, 0.5, 2.0, 4.0, 4.5, 5.0, 5.0, 5.5, 5.5, 7.0]","[0.0, 0.0, 0.0, 0.0, 2.828427, 3.0, 4.0, 4.8989797, 5.477226, 6.928203]","[0.5, 0.5, 0.5, 0.5, 1.5, 1.5, 1.5, 1.5, 2.5, 2.5, 3.0, 3.5, 4.0, 4.5, 4.5, 4.5, 4.5, 6.0, 6.5]","[0.0, 0.0, 0.0, 0.0, 0.0, 0.0, 1.4142135, 1.4142135, 1.4142135, 2.4494898, 2.4494898, 3.4641016, 3.4641016, 4.2426405, 4.472136, 4.472136, 4.472136, 5.91608, 6.3245554]","[-6.5, -6.5, -6.5, -6.0, -6.0, -5.5, -4.5, -4.0, -4.0, -4.0, -4.0, -3.5, -3.5, -2.5, -2.5, -2.0, -2.0, -1.5, -1.5]","[0.5, 0.5, 0.5, 0.5, 1.5]","[0.0, 0.0, 0.0, 0.0, 1.4142135]","[-6.5, -6.5, -6.0, -4.5, -2.0]","[1.5, 2.0, 4.5, 6.5, 8.0]","[1.4142135, 2.0, 4.2426405, 6.4807405, 7.937254]","[-2.5, -1.0, 0.0, 2.5, 4.0]","[2.5, 4.5]","[2.0, 4.2426405]","[0.0, 2.5]",3,1,1,0,3.0,0.0,1
72760,10,3,1,"[0.5, 1.0, 1.0, 1.0, 1.0, 1.5, 2.0, 5.5, 6.0, 8.0]","[0.0, 0.0, 0.0, 0.0, 1.0, 1.0, 1.7320508, 4.2426405, 5.196152, 7.937254]","[1.0, 1.5, 2.0, 2.0, 2.5, 2.5, 3.0, 3.5, 4.0, 4.5]","[0.0, 0.0, 0.0, 0.0, 0.0, 1.7320508, 2.0, 2.4494898, 2.828427, 3.8729835]","[-6.5, -5.0, -4.5, -4.5, -3.0, -2.5, -2.5, -2.0, -2.0, -1.0]","[1.0, 1.5, 2.0]","[0.0, 0.0, 2.0]","[-6.5, -4.5, -1.0]","[3.0, 3.5, 4.5]","[0.0, 2.4494898, 4.2426405]","[-2.0, -1.5, 0.0]",[5.5],[4.8989797],[5.0],2,0,1,0,2.0,0.0,0
1014,3,2,2,"[0.0, 0.0, 0.0, 0.5, 1.0, 2.5, 4.0, 4.0, 5.0, 7.0]","[0.0, 0.0, 0.0, 0.0, 0.0, 1.0, 2.0, 3.0, 3.4641016, 6.708204]","[2.0, 2.5, 2.5]","[0.0, 1.7320508, 2.4494898]","[-6.5, -6.5, -1.0]","[2.0, 2.5]","[0.0, 1.7320508]","[-6.5, -1.0]","[6.0, 6.5]","[5.91608, 6.4807405]","[3.5, 5.5]","[6.0, 6.5]","[5.91608, 6.4807405]","[3.5, 5.5]",0,2,0,0,0.0,0.0,1
54586,8,2,2,"[0.5, 0.5, 1.0, 1.0, 1.5, 2.5, 3.5, 4.5, 5.0, 8.0]","[0.0, 0.0, 0.0, 0.0, 0.0, 0.0, 2.4494898, 2.828427, 3.0, 8.0]","[0.5, 1.0, 2.0, 3.0, 3.0, 3.5, 4.5, 5.5]","[0.0, 0.0, 0.0, 1.0, 1.7320508, 2.828427, 4.2426405, 5.2915025]","[-5.0, -4.5, -4.5, -4.0, -4.0, -3.5, -3.0, -1.5]","[0.5, 1.0]","[0.0, 1.0]","[-4.5, -4.5]","[3.0, 5.5]","[3.0, 4.8989797]","[2.5, 5.0]","[3.0, 5.5]","[3.0, 4.8989797]","[2.5, 5.0]",0,2,0,0,0.0,0.0,0
29875,7,4,2,"[0.0, 0.0, 1.0, 1.0, 1.0, 2.5, 2.5, 5.5, 6.0, 8.5]","[0.0, 0.0, 0.0, 0.0, 1.0, 2.4494898, 2.4494898, 5.2915025, 6.0, 8.485281]","[2.0, 2.5, 2.5, 2.5, 3.0, 3.0, 3.5]","[0.0, 0.0, 0.0, 0.0, 1.7320508, 2.0, 2.236068]","[-4.5, -4.0, -2.5, -2.0, -1.5, -1.5, -1.0]","[2.0, 2.5, 2.5, 3.0]","[0.0, 1.7320508, 2.0, 2.236068]","[-4.0, -2.5, -1.5, -1.0]","[1.5, 3.0, 6.0, 6.5]","[1.4142135, 2.236068, 5.91608, 6.0]","[-2.0, -1.0, 1.0, 2.0]","[3.0, 6.5]","[2.236068, 6.3245554]","[-1.0, 5.0]",2,1,1,0,2.0,0.0,0
238,4,2,2,"[0.0, 0.5, 0.5, 1.0, 1.5, 2.5, 3.0, 3.0, 3.5, 5.0]","[0.0, 0.0, 0.0, 0.0, 0.0, 1.4142135, 2.0, 2.236068, 2.236068, 4.0]","[0.5, 1.5, 4.0, 4.0]","[0.0, 1.4142135, 3.4641016, 3.8729835]","[-4.5, -3.5, -2.5, -2.5]","[0.5, 1.5]","[0.0, 1.4142135]","[-4.5, -2.5]","[4.5, 5.0]","[4.2426405, 4.8989797]","[4.0, 4.5]","[4.5, 5.0]","[4.2426405, 4.8989797]","[4.0, 4.5]",0,2,0,0,0.0,0.0,1
77939,5,3,1,"[0.0, 0.5, 1.5, 1.5, 1.5, 2.0, 4.0, 4.5, 5.5, 5.5]","[0.0, 0.0, 0.0, 0.0, 1.4142135, 1.4142135, 2.6457512, 4.2426405, 4.8989797, 5.477226]","[1.0, 1.5, 2.0, 2.5, 2.5]","[0.0, 0.0, 0.0, 2.0, 2.4494898]","[-5.0, -2.5, -2.0, -2.0, -1.5]","[1.0, 1.5, 2.5]","[0.0, 0.0, 2.0]","[-5.0, -2.5, -2.0]","[3.0, 3.0, 5.0]","[2.236068, 2.236068, 4.582576]","[-2.5, -0.5, 0.5]",[5.5],[5.2915025],[3.0],2,0,1,0,2.0,0.0,0
99147,3,2,1,"[0.0, 1.0, 1.0, 1.5, 2.5, 2.5, 2.5, 4.0, 5.0, 6.5]","[0.0, 0.0, 1.0, 1.4142135, 2.0, 2.0, 2.0, 2.6457512, 4.582576, 6.3245554]","[1.5, 4.0, 5.5]","[0.0, 2.6457512, 5.477226]","[-4.5, -2.0, -1.5]","[1.5, 5.5]","[0.0, 5.477226]","[-4.5, -2.0]","[4.0, 7.5]","[2.6457512, 7.3484693]","[-1.5, 4.5]",[7.5],[7.3484693],[5.5],1,0,1,0,1.0,0.0,0
37376,7,3,2,"[0.5, 0.5, 1.5, 3.0, 3.0, 3.0, 3.0, 3.5, 4.0, 8.5]","[0.0, 0.0, 0.0, 0.0, 0.0, 1.4142135, 2.236068, 2.236068, 2.6457512, 8.485281]","[0.5, 1.5, 2.5, 2.5, 4.5, 5.0, 5.0]","[0.0, 0.0, 0.0, 2.0, 3.7416575, 4.8989797, 4.8989797]","[-5.0, -5.0, -4.5, -4.0, -3.5, -1.5, -1.0]","[0.5, 2.5, 2.5]","[0.0, 0.0, 2.0]","[-5.0, -4.5, -4.0]","[2.5, 3.0, 3.5]","[2.0, 2.236068, 3.4641016]","[-1.5, -0.5, 2.0]","[2.5, 7.5]","[2.0, 7.3484693]","[2.0, 7.5]",1,1,1,0,1.0,0.0,0
43,13,3,0,"[1.5, 2.0, 2.5, 3.0, 3.5, 4.0, 4.5, 5.5, 7.0, 7.0]","[0.0, 0.0, 0.0, 2.236068, 3.4641016, 3.4641016, 4.2426405, 4.472136, 6.708204, 7.0]","[1.0, 1.5, 1.5, 2.0, 2.5, 2.5, 2.5, 3.0, 3.0, 3.0, 3.5, 4.0, 5.0]","[0.0, 0.0, 0.0, 0.0, 1.0, 1.4142135, 2.0, 2.4494898, 2.828427, 3.0, 3.1622777, 3.8729835, 4.582576]","[-5.5, -5.5, -5.5, -4.0, -4.0, -3.5, -3.5, -3.0, -2.5, -2.5, -2.5, -2.5, -2.0]","[1.0, 2.0, 3.5]","[0.0, 1.0, 3.1622777]","[-5.5, -4.0, -3.5]","[2.5, 2.5, 5.5]","[0.0, 2.4494898, 5.2915025]","[-5.5, -5.5, 2.0]",[],[],[],3,0,0,1,0.0,3.0,1
727,5,2,1,"[0.0, 0.5, 0.5, 1.0, 1.5, 2.5, 2.5, 3.0, 5.5, 7.0]","[0.0, 0.0, 0.0, 0.0, 0.0, 2.0, 2.4494898, 2.828427, 5.2915025, 6.708204]","[2.0, 2.0, 2.5, 4.5, 5.0]","[0.0, 1.7320508, 2.0, 4.0, 4.2426405]","[-4.0, -3.0, -3.0, -2.0, -1.0]","[2.0, 2.5]","[1.7320508, 2.0]","[-4.0, -3.0]","[4.5, 5.0]","[4.2426405, 4.8989797]","[-2.0, 2.5]",[2.5],[0.0],[0.5],1,0,1,0,1.0,0.0,1
497,1,1,1,"[0.0, 0.0, 0.0, 1.5, 1.5, 2.0, 2.5, 3.5, 5.0, 6.0]","[0.0, 0.0, 0.0, 0.0, 1.4142135, 1.4142135, 2.0, 3.0, 3.4641016, 5.91608]",[3.5],[3.1622777],[-4.5],[3.5],[3.1622777],[-4.5],[8.5],[8.485281],[5.5],[8.5],[8.485281],[5.5],0,1,0,0,0.0,0.0,1
32290,5,4,1,"[0.5, 1.0, 1.5, 2.0, 2.0, 2.5, 3.0, 3.5, 4.5, 6.0]","[0.0, 0.0, 0.0, 0.0, 1.0, 1.7320508, 2.828427, 3.1622777, 3.7416575, 5.196152]","[0.5, 1.5, 1.5, 2.5, 3.0]","[0.0, 0.0, 0.0, 1.4142135, 1.4142135]","[-5.0, -2.5, -2.5, -2.0, -2.0]","[0.5, 1.5, 1.5, 2.5]","[0.0, 0.0, 1.4142135, 1.4142135]","[-5.0, -2.5, -2.5, -2.0]","[4.5, 5.0, 5.0, 6.0]","[3.0, 4.472136, 4.582576, 5.91608]","[0.5, 0.5, 2.0, 3.0]",[6.0],[5.196152],[5.0],3,0,1,0,3.0,0.0,0
221,4,3,3,"[0.0, 1.0, 1.5, 1.5, 2.0, 2.5, 2.5, 3.5, 5.5, 6.0]","[0.0, 0.0, 0.0, 0.0, 1.4142135, 2.0, 2.0, 3.1622777, 5.196152, 5.477226]","[1.5, 2.5, 3.0, 4.0]","[0.0, 2.0, 3.0, 4.0]","[-4.5, -3.0, -2.0, -1.5]","[1.5, 2.5, 3.0]","[0.0, 2.0, 3.0]","[-4.5, -2.0, -1.5]","[2.0, 2.0, 6.0]","[0.0, 1.7320508, 5.196152]","[0.5, 0.5, 2.0]","[2.0, 2.0, 6.0]","[0.0, 1.7320508, 5.196152]","[0.5, 0.5, 2.0]",0,3,0,0,0.0,0.0,1
225,10,4,1,"[0.0, 0.5, 1.0, 2.0, 2.0, 3.0, 4.0, 4.5, 7.5, 8.0]","[0.0, 0.0, 0.0, 0.0, 0.0, 1.7320508, 2.236068, 4.472136, 7.3484693, 7.937254]","[0.5, 1.0, 2.0, 2.0, 2.5, 3.0, 4.5, 4.5, 5.0, 6.0]","[0.0, 0.0, 0.0, 0.0, 2.4494898, 3.0, 3.7416575, 4.472136, 4.8989797, 5.91608]","[-5.0, -4.0, -4.0, -4.0, -4.0, -4.0, -3.5, -3.0, -2.5, -2.0]","[0.5, 1.0, 2.0, 3.0]","[0.0, 0.0, 0.0, 3.0]","[-5.0, -4.0, -4.0, -4.0]","[5.0, 5.0, 5.5, 7.5]","[4.0, 4.2426405, 4.8989797, 7.3484693]","[-2.0, -0.5, 2.0, 3.0]",[6.0],[5.656854],[5.5],3,0,1,0,3.0,0.0,1
74746,4,3,2,"[0.0, 0.5, 0.5, 1.0, 1.0, 1.5, 2.5, 3.5, 7.0, 8.0]","[0.0, 0.0, 0.0, 0.0, 0.0, 1.0, 1.0, 3.1622777, 7.0, 8.0]","[0.5, 2.5, 3.0, 3.5]","[0.0, 0.0, 0.0, 2.4494898]","[-5.0, -4.0, -3.0, -1.0]","[0.5, 2.5, 3.0]","[0.0, 0.0, 2.4494898]","[-5.0, -4.0, -1.0]","[3.0, 6.0, 6.0]","[2.828427, 5.196152, 5.656854]","[-0.5, 2.0, 2.0]","[3.0, 7.0]","[2.828427, 7.0]","[-0.5, 7.0]",1,1,1,0,1.0,0.0,0
10901,7,4,2,"[0.0, 0.5, 1.5, 2.0, 2.5, 2.5, 4.0, 6.0, 6.5, 7.5]","[0.0, 0.0, 0.0, 1.4142135, 2.0, 2.4494898, 2.6457512, 5.656854, 6.3245554, 7.483315]","[1.0, 1.0, 1.0, 3.0, 4.5, 4.5, 5.0]","[0.0, 0.0, 1.0, 3.0, 3.7416575, 4.2426405, 4.8989797]","[-6.5, -5.0, -3.0, -3.0, -3.0, -2.5, -2.0]","[1.0, 1.0, 1.0, 4.5]","[0.0, 0.0, 1.0, 4.2426405]","[-6.5, -5.0, -3.0, -2.0]","[1.5, 2.5, 3.5, 5.5]","[0.0, 1.4142135, 3.4641016, 5.2915025]","[-2.5, -1.0, -0.5, -0.5]","[1.5, 8.5]","[1.4142135, 8.485281]","[-0.5, 7.0]",2,1,1,0,2.0,0.0,0
42704,4,3,2,"[0.0, 0.5, 0.5, 0.5, 2.0, 3.0, 3.5, 3.5, 5.0, 6.0]","[0.0, 0.0, 0.0, 0.0, 0.0, 1.7320508, 2.236068, 3.4641016, 5.0, 5.656854]","[1.0, 1.5, 4.0, 4.5]","[0.0, 1.0, 3.7416575, 4.0]","[-3.5, -3.0, -2.0, -1.5]","[1.0, 1.5, 4.0]","[0.0, 1.0, 4.0]","[-3.5, -3.0, -1.5]","[5.5, 6.0, 7.0]","[5.196152, 5.477226, 6.928203]","[0.0, 1.0, 5.0]","[4.5, 6.0]","[2.828427, 5.196152]","[1.0, 3.0]",1,1,1,0,1.0,0.0,0
47507,5,2,2,"[0.0, 1.5, 1.5, 1.5, 2.0, 2.5, 2.5, 2.5, 4.0, 5.5]","[0.0, 0.0, 0.0, 1.4142135, 1.4142135, 2.0, 2.4494898, 2.4494898, 3.8729835, 4.2426405]","[1.5, 1.5, 2.5, 2.5, 4.0]","[0.0, 0.0, 1.4142135, 2.0, 2.4494898]","[-4.0, -4.0, -3.5, -3.0, -2.0]","[1.5, 1.5]","[0.0, 1.4142135]","[-4.0, -2.0]","[4.5, 5.0]","[2.828427, 4.8989797]","[3.0, 4.0]","[4.5, 5.0]","[2.828427, 4.8989797]","[3.0, 4.0]",0,2,0,0,0.0,0.0,0
501,7,3,2,"[0.0, 1.0, 1.0, 1.0, 2.5, 2.5, 2.5, 3.0, 7.0, 8.0]","[0.0, 0.0, 0.0, 0.0, 0.0, 0.0, 0.0, 2.828427, 6.708204, 8.0]","[0.5, 2.0, 2.5, 3.5, 4.0, 5.0, 5.5]","[0.0, 1.7320508, 2.0, 3.1622777, 3.4641016, 4.8989797, 4.8989797]","[-4.5, -4.5, -3.5, -3.0, -3.0, -2.5, -1.5]","[0.5, 2.5, 5.0]","[0.0, 2.0, 4.8989797]","[-4.5, -3.0, -1.5]","[2.5, 5.5, 7.0]","[2.4494898, 4.8989797, 6.708204]","[-3.0, 0.0, 7.0]","[6.5, 7.0]","[6.3245554, 6.708204]","[2.5, 7.0]",1,1,1,0,1.0,0.0,1
791,5,3,2,"[0.0, 0.0, 0.5, 1.0, 1.0, 2.5, 4.0, 4.5, 4.5, 6.0]","[0.0, 0.0, 0.0, 0.0, 0.0, 2.0, 2.828427, 3.4641016, 4.472136, 5.656854]","[0.5, 2.5, 2.5, 3.0, 4.5]","[0.0, 2.0, 2.0, 3.0, 3.7416575]","[-3.5, -2.5, -2.0, -2.0, -1.0]","[0.5, 2.5, 4.5]","[0.0, 2.0, 3.7416575]","[-2.5, -2.0, -2.0]","[1.5, 3.0, 5.0]","[0.0, 3.0, 4.582576]","[-2.5, 1.0, 1.5]","[3.0, 7.0]","[3.0, 7.0]","[1.5, 5.0]",1,1,1,0,1.0,0.0,1
18612,10,3,2,"[0.5, 0.5, 0.5, 1.0, 1.5, 1.5, 2.0, 4.5, 6.5, 7.5]","[0.0, 0.0, 0.0, 0.0, 0.0, 1.4142135, 1.7320508, 2.828427, 6.0, 7.3484693]","[0.5, 1.0, 1.5, 2.0, 2.5, 2.5, 3.5, 4.0, 4.0, 4.5]","[0.0, 0.0, 0.0, 0.0, 0.0, 1.7320508, 2.0, 2.828427, 3.4641016, 3.4641016]","[-4.5, -4.5, -4.0, -4.0, -4.0, -3.5, -2.0, -1.5, -1.5, -1.5]","[0.5, 2.0, 4.0]","[0.0, 1.7320508, 3.4641016]","[-4.5, -4.0, -2.0]","[6.0, 7.0, 7.0]","[5.91608, 6.708204, 6.928203]","[2.0, 3.0, 4.5]","[5.0, 6.0]","[4.582576, 5.91608]","[3.0, 4.0]",1,1,1,0,1.0,0.0,0
631,2,1,1,"[0.5, 1.0, 1.0, 1.0, 1.0, 1.0, 2.0, 2.5, 3.5, 5.0]","[0.0, 0.0, 0.0, 0.0, 0.0, 0.0, 0.0, 1.7320508, 3.4641016, 4.8989797]","[0.5, 4.0]","[0.0, 4.0]","[-3.5, -1.5]",[0.5],[0.0],[-3.5],[1.5],[1.4142135],[-0.5],[1.5],[1.4142135],[-0.5],0,1,0,0,0.0,0.0,1
902,4,2,2,"[0.0, 0.5, 0.5, 0.5, 1.0, 2.5, 2.5, 2.5, 5.0, 6.5]","[0.0, 0.0, 0.0, 0.0, 0.0, 2.0, 2.0, 2.4494898, 4.8989797, 6.4807405]","[1.0, 1.5, 3.0, 4.0]","[0.0, 0.0, 2.236068, 3.4641016]","[-4.0, -1.5, -1.5, -1.0]","[1.0, 3.0]","[0.0, 2.236068]","[-1.5, -1.5]","[5.5, 7.0]","[5.477226, 6.928203]","[2.5, 4.0]","[5.5, 7.0]","[5.477226, 6.928203]","[2.5, 4.0]",0,2,0,0,0.0,0.0,1
60547,3,2,1,"[0.0, 0.5, 0.5, 1.0, 1.5, 1.5, 3.0, 4.5, 4.5, 4.5]","[0.0, 0.0, 0.0, 0.0, 0.0, 0.0, 1.4142135, 2.828427, 3.7416575, 4.472136]","[1.0, 3.0, 4.5]","[0.0, 1.0, 3.7416575]","[-4.0, -1.5, -1.5]","[1.0, 3.0]","[0.0, 1.0]","[-4.0, -1.5]","[4.0, 4.5]","[3.8729835, 4.472136]","[0.0, 3.5]",[3.0],[2.236068],[2.5],1,0,1,0,1.0,0.0,0
98,13,4,2,"[0.5, 0.5, 1.0, 2.5, 2.5, 4.5, 5.0, 6.0, 7.5, 8.5]","[0.0, 0.0, 1.0, 2.0, 2.4494898, 3.0, 4.2426405, 5.196152, 7.3484693, 8.485281]","[0.5, 2.0, 2.0, 2.5, 2.5, 3.0, 3.5, 3.5, 3.5, 4.0, 4.0, 4.5, 7.0]","[0.0, 0.0, 0.0, 0.0, 0.0, 0.0, 2.4494898, 2.828427, 2.828427, 3.4641016, 3.4641016, 3.8729835, 6.928203]","[-6.5, -6.5, -5.5, -5.0, -5.0, -4.5, -3.5, -3.5, -3.0, -2.0, -2.0, -1.5, -1.0]","[0.5, 2.0, 2.0, 3.5]","[0.0, 0.0, 0.0, 3.4641016]","[-5.5, -5.0, -4.5, -3.0]","[4.0, 4.5, 5.0, 6.5]","[0.0, 3.8729835, 4.0, 6.0]","[-1.0, 0.5, 0.5, 4.0]","[6.5, 8.0]","[6.4807405, 8.0]","[3.5, 4.5]",2,0,2,0,1.0,0.0,1
26195,8,4,2,"[0.0, 1.0, 1.0, 1.0, 1.5, 2.0, 2.0, 5.0, 6.0, 6.5]","[0.0, 0.0, 0.0, 0.0, 0.0, 0.0, 1.0, 4.8989797, 5.656854, 6.4807405]","[1.0, 2.0, 2.5, 2.5, 3.0, 3.5, 3.5, 3.5]","[0.0, 0.0, 0.0, 1.0, 1.7320508, 3.0, 3.4641016, 3.4641016]","[-4.0, -3.0, -2.5, -2.5, -2.0, -2.0, -2.0, -1.5]","[1.0, 2.0, 3.0, 3.5]","[1.0, 1.7320508, 3.0, 3.4641016]","[-4.0, -3.0, -2.0, -1.5]","[2.0, 3.5, 5.0, 5.0]","[2.0, 3.0, 3.1622777, 4.0]","[-1.5, 0.0, 0.0, 3.5]","[3.5, 7.5]","[3.1622777, 7.3484693]","[3.5, 5.5]",2,1,1,0,2.0,0.0,0
252,7,2,2,"[0.0, 0.5, 1.5, 2.0, 2.0, 2.5, 3.5, 4.5, 5.0, 7.5]","[0.0, 0.0, 0.0, 0.0, 0.0, 1.7320508, 1.7320508, 3.0, 4.472136, 7.483315]","[1.5, 1.5, 2.5, 2.5, 4.5, 5.0, 5.5]","[0.0, 1.4142135, 2.0, 2.4494898, 4.2426405, 4.8989797, 5.2915025]","[-6.0, -4.5, -3.5, -2.5, -2.0, -2.0, -1.5]","[1.5, 2.5]","[1.4142135, 2.0]","[-6.0, -2.5]","[3.5, 5.0]","[3.4641016, 4.0]","[-0.5, 2.5]","[3.5, 5.0]","[3.4641016, 4.0]","[-0.5, 2.5]",0,2,0,0,0.0,0.0,1
44339,2,1,1,"[0.0, 0.5, 1.0, 1.5, 1.5, 2.0, 2.0, 2.0, 4.5, 4.5]","[0.0, 0.0, 0.0, 0.0, 0.0, 0.0, 1.0, 1.7320508, 2.0, 4.472136]","[2.5, 3.5]","[0.0, 0.0]","[-3.0, -1.5]",[2.5],[0.0],[-3.0],[5.0],[3.0],[4.0],[5.0],[3.0],[4.0],0,1,0,0,0.0,0.0,0
55123,3,2,2,"[0.0, 0.0, 0.5, 1.0, 1.5, 1.5, 2.0, 2.5, 5.5, 9.0]","[0.0, 0.0, 0.0, 0.0, 0.0, 0.0, 1.0, 1.4142135, 5.2915025, 9.0]","[2.0, 2.5, 3.5]","[0.0, 1.7320508, 3.1622777]","[-2.5, -2.5, -1.5]","[2.0, 3.5]","[1.7320508, 3.1622777]","[-2.5, -2.5]","[4.0, 5.0]","[3.0, 3.8729835]","[0.5, 1.5]","[4.0, 5.0]","[3.0, 3.8729835]","[0.5, 1.5]",0,2,0,0,0.0,0.0,0
5134,3,2,1,"[0.5, 0.5, 1.5, 2.0, 2.5, 3.0, 3.0, 4.0, 4.5, 5.0]","[0.0, 0.0, 0.0, 0.0, 2.0, 2.828427, 3.0, 4.0, 4.472136, 4.582576]","[1.5, 2.0, 3.0]","[0.0, 1.7320508, 2.828427]","[-1.5, -1.0, -1.0]","[2.0, 3.0]","[1.7320508, 2.828427]","[-1.5, -1.0]","[4.0, 4.5]","[0.0, 2.6457512]","[0.0, 1.0]",[5.0],[3.0],[2.0],1,0,1,0,1.0,0.0,0
45850,7,2,2,"[0.5, 1.0, 1.5, 1.5, 3.0, 4.5, 5.0, 6.0, 6.0, 7.0]","[0.0, 0.0, 1.4142135, 1.4142135, 2.828427, 3.0, 3.7416575, 5.196152, 5.196152, 6.928203]","[2.0, 3.0, 3.0, 3.5, 4.0, 4.0, 4.5]","[0.0, 0.0, 0.0, 2.0, 2.4494898, 2.828427, 3.8729835]","[-4.5, -4.5, -3.5, -3.5, -1.5, -1.0, -1.0]","[3.0, 3.0]","[0.0, 0.0]","[-4.5, -3.5]","[7.0, 8.5]","[6.928203, 8.485281]","[1.5, 6.0]","[7.0, 8.5]","[6.928203, 8.485281]","[1.5, 6.0]",0,2,0,0,0.0,0.0,0
319,5,1,1,"[0.0, 1.0, 1.0, 1.5, 2.0, 2.0, 3.0, 3.5, 5.5, 8.0]","[0.0, 0.0, 0.0, 0.0, 1.0, 1.4142135, 2.0, 3.0, 5.477226, 7.937254]","[1.0, 1.5, 2.0, 3.5, 4.5]","[0.0, 1.4142135, 1.7320508, 3.1622777, 4.2426405]","[-3.5, -3.5, -3.0, -2.5, -2.0]",[1.5],[1.4142135],[-2.0],[3.0],[0.0],[1.5],[3.0],[0.0],[1.5],0,1,0,0,0.0,0.0,1
709,13,5,2,"[0.5, 0.5, 0.5, 2.0, 3.0, 3.5, 6.5, 7.0, 8.0, 8.5]","[0.0, 0.0, 0.0, 2.0, 2.236068, 3.4641016, 6.0, 6.708204, 8.0, 8.485281]","[0.5, 1.0, 1.0, 2.0, 2.0, 2.0, 2.0, 2.5, 3.5, 3.5, 5.0, 5.5, 7.0]","[0.0, 0.0, 0.0, 1.0, 1.0, 1.7320508, 2.0, 2.0, 2.4494898, 2.4494898, 5.0, 5.2915025, 7.0]","[-6.5, -6.0, -4.0, -4.0, -4.0, -4.0, -3.5, -3.0, -3.0, -3.0, -2.0, -1.0, -1.0]","[0.5, 1.0, 1.0, 2.0, 3.5]","[0.0, 1.0, 1.0, 1.7320508, 2.4494898]","[-4.0, -4.0, -3.5, -3.0, -3.0]","[2.5, 3.5, 4.0, 4.5, 6.0]","[2.4494898, 3.4641016, 3.8729835, 4.2426405, 5.91608]","[-1.5, 0.0, 0.0, 0.5, 1.0]","[5.0, 8.0]","[3.0, 7.937254]","[2.0, 4.0]",3,0,2,0,1.5,0.0,1
68,14,4,1,"[0.5, 0.5, 1.5, 1.5, 4.0, 4.5, 5.0, 6.5, 6.5, 6.5]","[0.0, 0.0, 0.0, 1.4142135, 3.4641016, 3.7416575, 4.0, 6.3245554, 6.3245554, 6.4807405]","[1.5, 1.5, 2.0, 2.5, 2.5, 3.0, 3.0, 3.5, 3.5, 3.5, 4.0, 4.5, 4.5, 5.0]","[0.0, 0.0, 0.0, 1.4142135, 1.4142135, 2.0, 2.0, 2.236068, 2.4494898, 3.4641016, 3.8729835, 4.2426405, 4.472136, 4.8989797]","[-5.5, -5.5, -4.0, -4.0, -3.5, -3.5, -3.5, -3.5, -3.0, -2.5, -2.0, -2.0, -1.5, -1.0]","[1.5, 1.5, 2.0, 3.0]","[0.0, 1.4142135, 1.4142135, 2.0]","[-5.5, -4.0, -3.5, -2.0]","[4.0, 5.5, 8.5, 8.5]","[3.8729835, 4.8989797, 8.485281, 8.485281]","[-3.5, 2.0, 4.5, 5.0]",[5.5],[4.8989797],[4.5],3,1,0,1,0.0,3.0,1
46839,6,1,1,"[0.0, 0.0, 0.5, 1.0, 1.0, 2.5, 2.5, 3.5, 4.5, 5.5]","[0.0, 0.0, 0.0, 0.0, 0.0, 2.0, 2.4494898, 2.828427, 3.1622777, 4.2426405]","[1.0, 3.0, 3.5, 3.5, 4.0, 4.0]","[0.0, 0.0, 0.0, 2.4494898, 2.6457512, 2.828427]","[-5.5, -2.5, -2.0, -2.0, -2.0, -1.0]",[3.0],[2.828427],[-5.5],[7.5],[7.483315],[6.0],[7.5],[7.483315],[6.0],0,1,0,0,0.0,0.0,0
282,4,3,2,"[0.0, 0.5, 0.5, 1.0, 1.0, 2.0, 2.0, 5.0, 5.5, 6.0]","[0.0, 0.0, 0.0, 0.0, 1.0, 2.0, 2.0, 3.0, 4.8989797, 5.91608]","[0.5, 2.0, 5.5, 6.5]","[0.0, 0.0, 4.8989797, 6.4807405]","[-3.0, -2.5, -2.5, -1.0]","[0.5, 2.0, 5.5]","[0.0, 0.0, 4.8989797]","[-3.0, -2.5, -2.5]","[2.5, 6.0, 7.0]","[2.0, 6.0, 6.708204]","[1.0, 2.5, 3.0]","[2.5, 5.5]","[2.0, 4.8989797]","[1.0, 4.0]",1,1,1,0,1.0,0.0,1
512,4,3,3,"[0.0, 0.5, 0.5, 1.0, 1.5, 1.5, 4.5, 4.5, 5.0, 6.5]","[0.0, 0.0, 0.0, 0.0, 0.0, 1.4142135, 3.7416575, 3.7416575, 4.8989797, 6.3245554]","[1.5, 1.5, 3.0, 4.0]","[0.0, 1.4142135, 2.828427, 3.8729835]","[-4.0, -3.0, -2.0, -2.0]","[1.5, 1.5, 3.0]","[0.0, 1.4142135, 2.828427]","[-4.0, -3.0, -2.0]","[5.0, 6.0, 6.5]","[5.0, 5.91608, 6.3245554]","[0.5, 4.0, 4.5]","[5.0, 6.0, 6.5]","[5.0, 5.91608, 6.3245554]","[0.5, 4.0, 4.5]",0,3,0,0,0.0,0.0,1
13893,6,4,3,"[0.5, 1.0, 1.5, 1.5, 2.0, 2.0, 3.0, 4.0, 5.0, 6.0]","[0.0, 0.0, 1.0, 1.4142135, 1.7320508, 1.7320508, 2.236068, 4.0, 4.0, 5.91608]","[1.5, 1.5, 1.5, 2.0, 2.5, 5.0]","[0.0, 1.4142135, 1.4142135, 2.0, 2.0, 4.8989797]","[-4.0, -3.0, -2.5, -2.5, -2.0, -1.5]","[1.5, 1.5, 2.0, 2.5]","[1.4142135, 1.4142135, 2.0, 2.0]","[-4.0, -3.0, -2.5, -2.0]","[2.5, 3.5, 4.5, 8.0]","[0.0, 2.0, 4.472136, 8.0]","[-1.0, 0.5, 2.0, 6.5]","[4.5, 5.0, 8.0]","[4.0, 4.472136, 8.0]","[2.0, 4.5, 6.5]",1,2,1,0,1.0,0.0,0
6790,11,3,2,"[0.5, 1.0, 2.0, 4.0, 4.0, 4.0, 5.0, 5.0, 5.0, 8.0]","[0.0, 0.0, 2.0, 2.6457512, 2.6457512, 3.8729835, 4.0, 4.582576, 4.582576, 7.937254]","[2.0, 2.5, 2.5, 3.0, 3.0, 3.0, 3.0, 3.5, 3.5, 4.0, 7.0]","[0.0, 0.0, 1.7320508, 2.0, 2.0, 2.236068, 2.828427, 3.1622777, 3.1622777, 3.8729835, 6.928203]","[-5.5, -5.0, -5.0, -4.5, -4.0, -4.0, -3.5, -2.5, -2.0, -1.5, -1.0]","[2.5, 3.0, 3.0]","[2.0, 2.236068, 2.828427]","[-5.5, -4.5, -2.0]","[4.5, 7.0, 7.5]","[3.7416575, 7.0, 7.483315]","[0.5, 1.5, 2.5]","[6.0, 7.5]","[5.196152, 7.483315]","[2.5, 4.5]",1,1,1,0,1.0,0.0,0
259,8,2,1,"[0.0, 0.5, 2.5, 2.5, 3.0, 3.0, 3.0, 6.5, 6.5, 7.0]","[0.0, 0.0, 0.0, 2.236068, 2.4494898, 2.828427, 2.828427, 6.0, 6.4807405, 6.708204]","[1.5, 2.0, 2.0, 2.0, 2.0, 2.0, 2.0, 6.0]","[0.0, 0.0, 1.4142135, 1.7320508, 1.7320508, 1.7320508, 2.0, 5.656854]","[-6.0, -5.5, -3.0, -3.0, -2.5, -2.0, -1.5, -1.5]","[1.5, 6.0]","[1.4142135, 5.656854]","[-5.5, -2.0]","[5.5, 6.5]","[4.2426405, 6.3245554]","[-1.0, 1.0]",[7.5],[7.483315],[2.5],1,0,1,0,1.0,0.0,1
22616,4,2,1,"[0.5, 1.0, 1.5, 1.5, 2.0, 2.0, 3.0, 3.0, 6.5, 7.5]","[0.0, 0.0, 1.4142135, 1.4142135, 1.7320508, 1.7320508, 2.236068, 2.828427, 6.3245554, 7.483315]","[2.0, 2.5, 3.5, 3.5]","[0.0, 2.4494898, 2.4494898, 3.4641016]","[-4.5, -3.5, -3.0, -2.5]","[2.0, 2.5]","[0.0, 2.4494898]","[-3.5, -3.0]","[3.5, 4.5]","[0.0, 3.1622777]","[-1.5, 0.5]",[5.5],[4.8989797],[4.0],1,0,1,0,1.0,0.0,0
90720,4,3,3,"[0.5, 0.5, 1.0, 1.0, 1.0, 1.0, 2.5, 3.5, 4.0, 5.0]","[0.0, 0.0, 0.0, 0.0, 0.0, 0.0, 0.0, 0.0, 2.6457512, 3.0]","[1.5, 3.5, 4.0, 4.0]","[1.4142135, 2.4494898, 3.4641016, 3.4641016]","[-4.0, -3.0, -2.0, -2.0]","[1.5, 3.5, 4.0]","[1.4142135, 2.4494898, 3.4641016]","[-3.0, -2.0, -2.0]","[2.0, 3.0, 4.0]","[0.0, 2.828427, 3.4641016]","[1.5, 2.5, 4.0]","[2.0, 3.0, 4.0]","[0.0, 2.828427, 3.4641016]","[1.5, 2.5, 4.0]",0,3,0,0,0.0,0.0,0
744,9,3,2,"[0.5, 0.5, 1.0, 1.5, 2.0, 3.0, 5.5, 5.5, 6.0, 6.5]","[0.0, 0.0, 0.0, 0.0, 2.0, 2.236068, 4.2426405, 4.2426405, 5.196152, 6.4807405]","[1.0, 2.5, 2.5, 2.5, 3.0, 4.0, 4.0, 4.0, 5.5]","[0.0, 0.0, 2.0, 2.0, 2.0, 2.236068, 3.4641016, 3.8729835, 5.477226]","[-6.0, -5.5, -4.5, -4.5, -4.0, -3.5, -3.5, -3.0, -1.5]","[1.0, 2.5, 4.0]","[0.0, 2.0, 3.8729835]","[-4.5, -4.0, -3.0]","[3.0, 4.0, 6.0]","[0.0, 3.8729835, 5.656854]","[1.0, 1.5, 2.0]","[6.0, 7.5]","[5.656854, 7.3484693]","[1.5, 5.5]",1,1,1,0,1.0,0.0,1
11058,4,1,1,"[0.0, 0.5, 0.5, 1.0, 1.0, 2.0, 3.0, 3.5, 4.0, 6.5]","[0.0, 0.0, 0.0, 0.0, 0.0, 0.0, 1.7320508, 3.0, 3.4641016, 6.3245554]","[1.5, 1.5, 2.5, 3.0]","[0.0, 0.0, 1.4142135, 2.828427]","[-6.5, -3.5, -3.0, -2.5]",[1.5],[1.4142135],[-6.5],[6.5],[6.3245554],[4.0],[6.5],[6.3245554],[4.0],0,1,0,0,0.0,0.0,0
16005,4,2,2,"[0.5, 0.5, 1.0, 1.5, 2.0, 2.5, 3.0, 3.5, 4.0, 5.5]","[0.0, 0.0, 0.0, 1.4142135, 2.0, 2.236068, 2.4494898, 2.4494898, 4.0, 5.2915025]","[0.5, 1.0, 2.5, 3.0]","[0.0, 1.0, 2.236068, 2.4494898]","[-4.5, -4.0, -1.5, -1.5]","[0.5, 1.0]","[0.0, 1.0]","[-4.5, -1.5]","[3.5, 4.0]","[0.0, 2.6457512]","[0.0, 0.0]","[3.5, 4.0]","[0.0, 2.6457512]","[0.0, 0.0]",0,2,0,0,0.0,0.0,0
49564,5,3,2,"[0.0, 1.0, 1.0, 1.5, 1.5, 2.5, 3.0, 3.0, 4.5, 6.5]","[0.0, 0.0, 0.0, 0.0, 1.0, 1.0, 1.4142135, 2.828427, 4.2426405, 6.4807405]","[1.5, 2.0, 2.5, 2.5, 3.0]","[0.0, 1.4142135, 2.0, 2.236068, 2.4494898]","[-3.5, -3.0, -3.0, -2.0, -1.5]","[1.5, 2.5, 3.0]","[1.4142135, 2.236068, 2.4494898]","[-3.0, -3.0, -1.5]","[3.5, 4.5, 7.5]","[3.4641016, 3.7416575, 7.483315]","[1.5, 2.5, 3.5]","[3.5, 3.5]","[3.4641016, 3.4641016]","[0.0, 3.5]",1,1,1,0,1.0,0.0,0
476,3,1,1,"[0.5, 0.5, 1.5, 1.5, 1.5, 1.5, 2.0, 3.0, 5.0, 5.0]","[0.0, 0.0, 0.0, 0.0, 0.0, 1.4142135, 1.7320508, 2.236068, 4.582576, 4.8989797]","[0.5, 1.5, 2.0]","[0.0, 1.4142135, 1.7320508]","[-3.5, -2.0, -2.0]",[0.5],[0.0],[-2.0],[4.0],[2.6457512],[1.0],[4.0],[2.6457512],[1.0],0,1,0,0,0.0,0.0,1
22676,3,1,1,"[0.0, 1.0, 1.0, 1.0, 1.5, 1.5, 3.0, 3.5, 4.5, 7.0]","[0.0, 0.0, 0.0, 1.0, 1.0, 1.4142135, 2.828427, 3.1622777, 3.7416575, 6.708204]","[2.0, 2.5, 3.0]","[1.7320508, 2.0, 3.0]","[-5.5, -3.5, -3.0]",[2.0],[1.7320508],[-3.5],[4.0],[0.0],[-0.5],[4.0],[0.0],[-0.5],0,1,0,0,0.0,0.0,0
80369,7,3,3,"[0.0, 0.5, 1.0, 1.0, 1.0, 3.0, 3.5, 5.0, 5.0, 7.0]","[0.0, 0.0, 0.0, 0.0, 0.0, 0.0, 0.0, 4.0, 4.8989797, 6.708204]","[0.5, 0.5, 1.5, 3.0, 3.5, 3.5, 4.0]","[0.0, 0.0, 0.0, 3.0, 3.1622777, 3.1622777, 4.0]","[-7.0, -6.0, -5.0, -3.5, -3.5, -3.0, -2.0]","[0.5, 0.5, 3.0]","[0.0, 0.0, 3.0]","[-7.0, -3.5, -3.0]","[4.0, 5.5, 7.0]","[2.6457512, 4.8989797, 7.0]","[-1.5, 4.5, 7.0]","[4.0, 5.5, 7.0]","[2.6457512, 4.8989797, 7.0]","[-1.5, 4.5, 7.0]",0,3,0,0,0.0,0.0,0
569,9,4,2,"[0.5, 0.5, 0.5, 1.5, 1.5, 2.0, 3.5, 4.5, 5.5, 8.5]","[0.0, 0.0, 0.0, 0.0, 1.4142135, 2.0, 3.1622777, 3.7416575, 4.8989797, 8.485281]","[0.5, 1.0, 1.5, 2.0, 2.0, 2.0, 2.5, 3.5, 4.5]","[0.0, 0.0, 0.0, 0.0, 0.0, 0.0, 1.4142135, 1.7320508, 4.472136]","[-6.5, -4.5, -4.0, -4.0, -3.5, -3.0, -2.5, -1.5, -1.0]","[0.5, 1.0, 1.5, 2.0]","[0.0, 0.0, 0.0, 1.4142135]","[-6.5, -4.5, -4.0, -1.0]","[2.0, 4.0, 6.5, 7.0]","[1.7320508, 3.4641016, 6.0, 6.708204]","[-3.5, -1.0, 1.0, 4.5]","[6.0, 7.0]","[5.91608, 6.708204]","[4.0, 4.5]",2,1,1,0,2.0,0.0,1
93730,9,2,2,"[0.5, 1.5, 1.5, 2.0, 2.0, 3.0, 4.0, 5.0, 6.0, 6.5]","[0.0, 0.0, 0.0, 1.4142135, 2.0, 2.0, 3.0, 4.0, 5.196152, 6.4807405]","[0.5, 2.0, 2.5, 2.5, 2.5, 3.0, 3.5, 3.5, 4.5]","[0.0, 0.0, 0.0, 0.0, 0.0, 1.7320508, 2.0, 2.4494898, 2.828427]","[-6.0, -6.0, -4.5, -3.0, -3.0, -2.5, -2.0, -2.0, -1.5]","[0.5, 2.0]","[0.0, 1.7320508]","[-6.0, -4.5]","[4.5, 6.5]","[2.828427, 6.4807405]","[-3.0, 5.5]","[4.5, 6.5]","[2.828427, 6.4807405]","[-3.0, 5.5]",0,2,0,0,0.0,0.0,0
316,9,3,1,"[0.0, 0.0, 1.0, 1.5, 2.5, 3.0, 4.0, 5.0, 6.0, 6.5]","[0.0, 0.0, 0.0, 0.0, 0.0, 1.0, 2.0, 4.8989797, 5.196152, 6.4807405]","[1.0, 1.5, 2.0, 3.0, 3.5, 4.0, 5.0, 5.5, 6.0]","[0.0, 0.0, 0.0, 0.0, 1.7320508, 4.0, 5.0, 5.477226, 5.91608]","[-6.0, -4.5, -4.0, -3.5, -3.0, -2.5, -2.0, -1.5, -1.0]","[1.0, 1.5, 2.0]","[0.0, 0.0, 1.7320508]","[-6.0, -4.0, -3.0]","[1.0, 1.5, 8.0]","[0.0, 0.0, 7.937254]","[-6.0, -4.0, 7.5]",[8.0],[7.937254],[7.5],2,1,0,1,0.0,2.0,1
9649,6,2,2,"[0.5, 1.0, 1.5, 2.5, 3.0, 3.0, 3.0, 3.5, 4.5, 6.5]","[0.0, 0.0, 0.0, 0.0, 0.0, 2.236068, 2.828427, 2.828427, 4.2426405, 6.4807405]","[1.0, 1.0, 1.5, 1.5, 2.5, 4.0]","[0.0, 1.0, 1.4142135, 1.4142135, 2.0, 3.8729835]","[-5.0, -3.5, -2.5, -2.5, -1.5, -1.5]","[1.0, 1.5]","[1.0, 1.4142135]","[-3.5, -2.5]","[3.5, 7.0]","[0.0, 6.928203]","[2.0, 4.0]","[3.5, 7.0]","[0.0, 6.928203]","[2.0, 4.0]",0,2,0,0,0.0,0.0,0
35046,6,2,2,"[0.5, 0.5, 1.0, 2.0, 2.0, 2.5, 2.5, 4.0, 4.5, 6.0]","[0.0, 0.0, 0.0, 0.0, 1.0, 1.7320508, 2.4494898, 2.6457512, 3.7416575, 6.0]","[1.5, 2.0, 2.0, 2.5, 3.0, 4.0]","[0.0, 0.0, 2.0, 2.0, 2.828427, 3.4641016]","[-3.5, -3.0, -3.0, -2.0, -2.0, -1.0]","[2.0, 2.5]","[2.0, 2.0]","[-3.0, -3.0]","[2.5, 3.0]","[2.0, 2.828427]","[0.0, 0.5]","[2.5, 3.0]","[2.0, 2.828427]","[0.0, 0.5]",0,2,0,0,0.0,0.0,0
32370,4,2,1,"[0.0, 0.0, 0.5, 0.5, 2.0, 2.0, 3.0, 3.5, 4.5, 7.5]","[0.0, 0.0, 0.0, 0.0, 0.0, 1.7320508, 2.236068, 2.828427, 3.4641016, 7.483315]","[3.0, 4.0, 4.5, 4.5]","[2.828427, 3.4641016, 4.2426405, 4.472136]","[-3.5, -2.5, -2.5, -1.0]","[3.0, 4.5]","[2.828427, 4.2426405]","[-2.5, -1.0]","[3.5, 4.0]","[2.6457512, 3.1622777]","[-1.5, -0.5]",[3.5],[2.4494898],[1.5],1,0,1,0,1.0,0.0,0
28470,4,3,2,"[0.0, 0.5, 0.5, 1.0, 1.0, 1.5, 2.0, 3.5, 5.0, 7.5]","[0.0, 0.0, 0.0, 0.0, 0.0, 0.0, 0.0, 1.7320508, 4.582576, 7.3484693]","[1.5, 2.0, 2.5, 2.5]","[0.0, 0.0, 0.0, 2.0]","[-4.0, -4.0, -3.5, -3.0]","[1.5, 2.0, 2.5]","[0.0, 0.0, 2.0]","[-4.0, -3.5, -3.0]","[3.0, 4.5, 6.5]","[2.236068, 4.472136, 6.3245554]","[0.0, 0.0, 4.5]","[5.5, 6.5]","[4.8989797, 6.3245554]","[4.5, 5.5]",1,1,1,0,1.0,0.0,0
322,3,2,0,"[0.5, 0.5, 1.0, 1.0, 1.5, 2.0, 2.0, 2.5, 7.0, 8.5]","[0.0, 0.0, 0.0, 0.0, 0.0, 1.4142135, 1.7320508, 2.0, 7.0, 8.485281]","[2.5, 3.5, 4.0]","[0.0, 3.1622777, 3.4641016]","[-4.0, -4.0, -2.5]","[3.5, 4.0]","[3.1622777, 3.4641016]","[-4.0, -4.0]","[3.5, 4.0]","[3.1622777, 3.4641016]","[-4.0, -4.0]",[],[],[],2,0,0,1,0.0,2.0,1
78818,9,3,3,"[0.5, 1.5, 2.0, 2.5, 3.0, 3.0, 3.5, 5.0, 6.0, 6.5]","[0.0, 0.0, 0.0, 1.4142135, 2.4494898, 2.4494898, 2.828427, 3.0, 5.196152, 6.0]","[1.0, 1.5, 1.5, 2.5, 3.0, 3.5, 3.5, 4.5, 6.5]","[0.0, 0.0, 1.0, 1.4142135, 2.4494898, 3.0, 3.1622777, 4.472136, 6.3245554]","[-6.0, -5.0, -3.5, -3.0, -2.5, -2.5, -1.5, -1.0, -1.0]","[1.0, 1.5, 1.5]","[0.0, 1.0, 1.4142135]","[-6.0, -5.0, -2.5]","[2.0, 4.0, 4.5]","[1.7320508, 2.828427, 3.4641016]","[-1.0, 1.0, 2.0]","[2.0, 4.0, 4.5]","[1.7320508, 2.828427, 3.4641016]","[-1.0, 1.0, 2.0]",0,3,0,0,0.0,0.0,0
106,10,4,1,"[0.0, 0.5, 0.5, 1.5, 1.5, 5.5, 6.0, 6.0, 7.5, 8.5]","[0.0, 0.0, 0.0, 0.0, 1.4142135, 4.8989797, 5.196152, 5.91608, 7.483315, 8.485281]","[1.5, 2.0, 2.5, 2.5, 3.0, 3.0, 3.0, 3.5, 4.0, 4.5]","[0.0, 0.0, 0.0, 0.0, 0.0, 2.0, 2.6457512, 3.0, 3.1622777, 4.2426405]","[-5.5, -5.0, -4.5, -4.5, -4.5, -4.5, -3.5, -3.5, -2.5, -1.5]","[1.5, 2.5, 3.0, 4.5]","[0.0, 0.0, 2.0, 4.2426405]","[-5.5, -4.5, -3.5, -2.5]","[5.0, 5.5, 7.0, 8.0]","[3.0, 4.2426405, 6.928203, 7.937254]","[-1.0, 0.0, 0.5, 1.0]",[6.0],[5.656854],[0.0],3,0,1,0,3.0,0.0,1
44328,13,2,2,"[0.0, 1.5, 2.0, 3.0, 3.0, 3.0, 4.0, 5.0, 7.5, 9.0]","[0.0, 0.0, 0.0, 0.0, 1.7320508, 2.828427, 3.0, 4.0, 7.483315, 9.0]","[1.0, 1.5, 2.0, 2.5, 3.0, 3.0, 3.5, 3.5, 3.5, 4.0, 4.0, 4.5, 7.0]","[0.0, 1.4142135, 2.0, 2.236068, 2.4494898, 2.4494898, 2.6457512, 2.828427, 3.1622777, 3.4641016, 3.4641016, 4.2426405, 7.0]","[-7.0, -5.0, -5.0, -4.0, -3.5, -3.5, -3.0, -2.5, -2.0, -1.5, -1.5, -1.5, -1.5]","[1.0, 1.5]","[0.0, 1.4142135]","[-7.0, -3.5]","[4.5, 9.0]","[2.828427, 9.0]","[0.0, 1.0]","[4.5, 9.0]","[2.828427, 9.0]","[0.0, 1.0]",0,2,0,0,0.0,0.0,0
30760,4,2,2,"[0.5, 1.5, 1.5, 1.5, 1.5, 3.0, 3.0, 3.0, 5.0, 7.0]","[0.0, 0.0, 0.0, 1.4142135, 1.4142135, 2.236068, 3.0, 3.0, 3.0, 6.928203]","[2.0, 3.5, 4.0, 4.0]","[0.0, 1.7320508, 2.6457512, 3.1622777]","[-5.0, -2.0, -2.0, -1.5]","[2.0, 3.5]","[1.7320508, 3.1622777]","[-5.0, -2.0]","[4.0, 9.0]","[4.0, 9.0]","[2.0, 5.5]","[4.0, 9.0]","[4.0, 9.0]","[2.0, 5.5]",0,2,0,0,0.0,0.0,0
712,3,1,1,"[0.0, 0.0, 0.5, 0.5, 1.5, 2.5, 3.0, 3.5, 3.5, 4.5]","[0.0, 0.0, 0.0, 0.0, 0.0, 0.0, 0.0, 1.4142135, 3.4641016, 4.472136]","[2.5, 2.5, 3.5]","[0.0, 0.0, 2.4494898]","[-4.0, -2.0, -1.5]",[2.5],[0.0],[-4.0],[5.5],[4.2426405],[5.5],[5.5],[4.2426405],[5.5],0,1,0,0,0.0,0.0,1
50627,1,1,1,"[0.5, 0.5, 1.0, 1.5, 2.0, 2.5, 2.5, 2.5, 3.0, 4.5]","[0.0, 0.0, 0.0, 1.0, 1.4142135, 1.7320508, 2.0, 2.0, 2.828427, 4.2426405]",[1.5],[1.4142135],[-3.0],[1.5],[1.4142135],[-3.0],[7.0],[7.0],[6.5],[7.0],[7.0],[6.5],0,1,0,0,0.0,0.0,0
836,4,3,2,"[0.0, 0.5, 0.5, 1.0, 1.5, 2.0, 2.0, 3.5, 7.5, 8.0]","[0.0, 0.0, 0.0, 0.0, 0.0, 1.4142135, 1.7320508, 3.4641016, 7.483315, 7.937254]","[1.0, 2.5, 3.0, 5.0]","[0.0, 0.0, 2.236068, 4.0]","[-5.0, -3.0, -2.5, -1.0]","[1.0, 2.5, 3.0]","[0.0, 0.0, 2.236068]","[-5.0, -3.0, -2.5]","[4.0, 4.5, 5.0]","[0.0, 0.0, 4.0]","[-3.0, -1.0, 3.5]","[4.0, 5.0]","[0.0, 4.8989797]","[-0.5, 3.5]",1,1,1,0,1.0,0.0,1
923,2,1,1,"[0.0, 0.5, 0.5, 1.0, 2.0, 2.0, 2.5, 3.5, 5.0, 6.5]","[0.0, 0.0, 0.0, 0.0, 0.0, 0.0, 1.7320508, 2.4494898, 4.582576, 6.4807405]","[2.5, 5.5]","[2.4494898, 5.477226]","[-2.5, -1.5]",[2.5],[2.4494898],[-2.5],[7.0],[6.928203],[0.5],[7.0],[6.928203],[0.5],0,1,0,0,0.0,0.0,1
28345,2,2,1,"[0.0, 0.0, 0.5, 1.0, 1.5, 1.5, 2.0, 2.5, 3.5, 4.5]","[0.0, 0.0, 0.0, 0.0, 0.0, 0.0, 0.0, 1.4142135, 3.1622777, 4.472136]","[2.0, 2.0]","[1.7320508, 1.7320508]","[-2.5, -1.0]","[2.0, 2.0]","[1.7320508, 1.7320508]","[-2.5, -1.0]","[2.0, 6.0]","[2.0, 5.196152]","[0.0, 3.5]",[6.0],[5.91608],[6.0],1,0,1,0,1.0,0.0,0
248,4,3,1,"[0.0, 0.0, 1.0, 1.5, 2.0, 3.0, 4.0, 4.5, 5.0, 6.5]","[0.0, 0.0, 0.0, 0.0, 1.4142135, 1.7320508, 2.828427, 3.0, 3.0, 6.4807405]","[1.0, 1.5, 1.5, 3.0]","[0.0, 1.0, 1.4142135, 1.4142135]","[-3.5, -3.0, -3.0, -1.0]","[1.0, 1.5, 3.0]","[0.0, 1.0, 1.4142135]","[-3.5, -3.0, -3.0]","[3.5, 4.0, 6.0]","[3.4641016, 3.4641016, 5.91608]","[-1.5, 0.5, 4.0]",[4.5],[4.2426405],[3.5],2,0,1,0,2.0,0.0,1
90335,5,2,2,"[0.5, 1.0, 1.0, 1.5, 2.0, 2.0, 2.5, 3.0, 6.0, 7.0]","[0.0, 0.0, 0.0, 1.0, 1.0, 1.4142135, 2.0, 3.0, 5.656854, 6.708204]","[1.5, 2.0, 4.0, 4.0, 5.0]","[0.0, 1.7320508, 3.4641016, 3.8729835, 4.582576]","[-4.0, -3.0, -2.5, -2.5, -1.5]","[1.5, 2.0]","[0.0, 1.7320508]","[-4.0, -3.0]","[5.0, 9.0]","[3.0, 9.0]","[1.0, 6.5]","[5.0, 9.0]","[3.0, 9.0]","[1.0, 6.5]",0,2,0,0,0.0,0.0,0
705,5,3,2,"[0.5, 1.0, 1.0, 1.5, 1.5, 1.5, 3.0, 5.5, 5.5, 7.5]","[0.0, 0.0, 0.0, 0.0, 0.0, 1.0, 1.4142135, 4.8989797, 5.477226, 7.3484693]","[1.0, 2.0, 2.5, 2.5, 4.5]","[0.0, 1.0, 2.0, 2.0, 3.7416575]","[-5.0, -5.0, -4.5, -3.5, -1.5]","[1.0, 2.0, 2.5]","[1.0, 2.0, 2.0]","[-5.0, -5.0, -3.5]","[3.5, 4.5, 5.0]","[2.828427, 3.1622777, 4.0]","[-1.0, 0.5, 2.0]","[4.5, 5.0]","[2.828427, 4.0]","[2.0, 3.5]",1,1,1,0,1.0,0.0,1
24427,8,4,2,"[0.0, 1.0, 2.0, 2.0, 2.5, 3.0, 3.5, 4.5, 5.0, 5.5]","[0.0, 0.0, 0.0, 0.0, 1.0, 1.7320508, 1.7320508, 4.0, 4.2426405, 4.472136]","[1.0, 1.5, 2.0, 2.5, 2.5, 3.0, 3.5, 5.0]","[0.0, 0.0, 1.0, 1.4142135, 2.0, 3.0, 3.4641016, 4.8989797]","[-4.0, -3.5, -3.0, -2.5, -2.0, -2.0, -2.0, -1.5]","[1.0, 1.5, 2.0, 2.5]","[0.0, 1.0, 1.4142135, 2.0]","[-4.0, -2.0, -2.0, -1.5]","[2.0, 4.0, 5.0, 6.0]","[0.0, 3.8729835, 4.582576, 5.196152]","[-0.5, 0.5, 1.5, 6.0]","[5.0, 6.0]","[4.8989797, 5.196152]","[2.5, 6.0]",2,1,1,0,2.0,0.0,0
866,11,4,2,"[0.5, 1.0, 1.5, 1.5, 2.0, 2.5, 4.5, 7.0, 7.5, 7.5]","[0.0, 0.0, 0.0, 0.0, 1.4142135, 2.0, 4.2426405, 6.928203, 7.3484693, 7.483315]","[1.0, 1.0, 1.5, 2.0, 2.5, 3.0, 3.5, 3.5, 3.5, 5.0, 5.0]","[0.0, 0.0, 0.0, 1.0, 1.7320508, 2.4494898, 2.828427, 3.1622777, 3.1622777, 4.0, 4.582576]","[-6.0, -5.0, -5.0, -5.0, -4.0, -2.5, -2.5, -2.0, -1.5, -1.5, -1.0]","[1.0, 1.0, 1.5, 3.5]","[0.0, 0.0, 1.0, 3.1622777]","[-6.0, -5.0, -4.0, -2.5]","[2.0, 4.0, 5.0, 6.0]","[1.7320508, 3.0, 4.0, 5.91608]","[-2.5, -2.0, -1.0, 1.5]","[3.0, 4.0]","[2.828427, 4.0]","[-2.0, 2.5]",2,1,1,0,2.0,0.0,1
66098,3,2,1,"[0.0, 0.0, 0.5, 1.0, 1.5, 2.0, 2.0, 2.0, 4.0, 6.0]","[0.0, 0.0, 0.0, 0.0, 0.0, 1.0, 2.0, 2.0, 2.6457512, 5.91608]","[1.5, 3.0, 4.0]","[0.0, 3.0, 3.4641016]","[-4.0, -1.5, -1.0]","[1.5, 3.0]","[0.0, 3.0]","[-4.0, -1.5]","[4.0, 5.5]","[3.4641016, 5.477226]","[1.0, 1.5]",[7.5],[7.483315],[6.5],1,0,1,0,1.0,0.0,0
32382,7,3,2,"[1.0, 1.5, 1.5, 2.0, 2.5, 2.5, 3.5, 5.0, 5.5, 5.5]","[0.0, 1.0, 1.4142135, 1.7320508, 2.0, 2.4494898, 3.1622777, 4.0, 4.8989797, 4.8989797]","[1.5, 2.0, 2.0, 2.5, 3.0, 3.5, 3.5]","[0.0, 0.0, 1.4142135, 2.0, 2.0, 2.4494898, 3.4641016]","[-4.5, -4.0, -3.5, -2.5, -2.0, -1.5, -1.0]","[1.5, 2.0, 2.5]","[0.0, 1.4142135, 2.0]","[-4.0, -3.5, -2.0]","[3.0, 4.0, 5.0]","[0.0, 2.6457512, 3.0]","[0.0, 1.5, 2.0]","[3.0, 3.5]","[0.0, 3.1622777]","[1.5, 2.0]",1,1,1,0,1.0,0.0,0
920,4,2,1,"[0.0, 0.0, 0.5, 1.0, 1.5, 2.0, 2.5, 4.5, 8.0, 8.5]","[0.0, 0.0, 0.0, 0.0, 0.0, 0.0, 0.0, 1.4142135, 7.937254, 8.485281]","[1.5, 4.0, 4.0, 4.0]","[0.0, 2.6457512, 3.4641016, 4.0]","[-5.0, -5.0, -4.5, -4.5]","[1.5, 4.0]","[0.0, 3.4641016]","[-5.0, -4.5]","[3.0, 8.0]","[0.0, 7.937254]","[-1.5, 0.5]",[5.0],[4.8989797],[1.0],1,0,1,0,1.0,0.0,1
59,2,2,2,"[0.0, 0.5, 1.0, 1.5, 2.0, 2.5, 2.5, 3.5, 5.0, 7.0]","[0.0, 0.0, 0.0, 0.0, 1.7320508, 2.0, 2.0, 3.1622777, 4.0, 6.708204]","[1.0, 3.5]","[0.0, 0.0]","[-2.5, -2.0]","[1.0, 3.5]","[0.0, 0.0]","[-2.5, -2.0]","[3.5, 6.5]","[3.1622777, 6.0]","[-0.5, 2.5]","[3.5, 6.5]","[3.1622777, 6.0]","[-0.5, 2.5]",0,2,0,0,0.0,0.0,1
66528,14,3,2,"[0.0, 0.5, 0.5, 0.5, 2.5, 4.0, 4.5, 5.5, 5.5, 5.5]","[0.0, 0.0, 0.0, 0.0, 0.0, 2.6457512, 2.828427, 4.2426405, 4.2426405, 5.477226]","[1.5, 1.5, 2.5, 3.0, 3.0, 3.0, 3.0, 3.0, 3.5, 3.5, 4.0, 4.0, 4.5, 4.5]","[0.0, 0.0, 0.0, 0.0, 0.0, 0.0, 2.0, 2.6457512, 2.828427, 2.828427, 3.0, 3.1622777, 3.4641016, 4.472136]","[-4.5, -4.5, -4.0, -3.5, -3.5, -3.5, -3.0, -3.0, -2.5, -2.5, -2.5, -2.0, -1.5, -1.0]","[1.5, 1.5, 3.0]","[0.0, 0.0, 3.0]","[-3.5, -3.0, -2.5]","[1.5, 6.5, 7.0]","[0.0, 6.3245554, 6.928203]","[-3.5, 4.5, 5.5]","[1.0, 7.0]","[0.0, 6.928203]","[0.5, 4.5]",1,1,1,0,1.0,0.0,0
940,9,3,2,"[0.5, 0.5, 1.0, 1.0, 1.5, 2.0, 5.5, 6.5, 7.5, 7.5]","[0.0, 0.0, 0.0, 0.0, 0.0, 2.0, 4.2426405, 6.4807405, 7.3484693, 7.483315]","[1.5, 1.5, 2.0, 3.0, 3.5, 3.5, 3.5, 4.5, 5.5]","[0.0, 0.0, 0.0, 1.4142135, 2.4494898, 2.828427, 3.1622777, 3.4641016, 5.2915025]","[-6.5, -6.0, -5.0, -3.5, -3.0, -3.0, -2.5, -1.0, -1.0]","[1.5, 3.5, 3.5]","[1.4142135, 3.1622777, 3.4641016]","[-5.0, -3.5, -3.0]","[4.5, 5.0, 5.5]","[3.0, 4.2426405, 5.2915025]","[-3.0, 0.0, 2.0]","[5.0, 6.0]","[3.0, 5.91608]","[0.5, 2.0]",1,1,1,0,1.0,0.0,1
55645,5,3,2,"[0.5, 1.0, 1.0, 1.5, 1.5, 2.0, 3.0, 3.0, 3.5, 8.5]","[0.0, 0.0, 0.0, 0.0, 0.0, 1.0, 1.4142135, 1.7320508, 2.236068, 8.485281]","[1.0, 1.5, 2.0, 2.5, 6.5]","[0.0, 0.0, 0.0, 1.7320508, 6.4807405]","[-4.0, -3.0, -3.0, -2.5, -1.5]","[1.0, 1.5, 2.0]","[0.0, 0.0, 1.7320508]","[-4.0, -3.0, -3.0]","[4.0, 6.5, 6.5]","[2.6457512, 6.3245554, 6.4807405]","[0.5, 2.5, 3.5]","[2.5, 4.0]","[0.0, 2.6457512]","[1.0, 3.5]",1,1,1,0,1.0,0.0,0
491,3,1,1,"[0.0, 0.0, 0.5, 0.5, 1.5, 2.0, 2.5, 3.5, 4.0, 6.5]","[0.0, 0.0, 0.0, 0.0, 0.0, 0.0, 1.4142135, 2.6457512, 3.4641016, 6.0]","[3.5, 5.0, 5.5]","[2.4494898, 4.8989797, 5.0]","[-3.0, -2.0, -1.5]",[5.0],[5.0],[-3.0],[4.0],[2.6457512],[1.5],[4.0],[2.6457512],[1.5],0,1,0,0,0.0,0.0,1
77402,3,2,2,"[0.0, 0.0, 0.5, 0.5, 1.0, 2.5, 3.0, 4.5, 4.5, 5.0]","[0.0, 0.0, 0.0, 0.0, 0.0, 1.0, 2.236068, 4.0, 4.2426405, 4.472136]","[0.5, 2.5, 2.5]","[0.0, 2.0, 2.0]","[-4.0, -3.0, -3.0]","[0.5, 2.5]","[0.0, 2.0]","[-4.0, -3.0]","[2.0, 6.5]","[0.0, 6.4807405]","[0.5, 5.0]","[2.0, 6.5]","[0.0, 6.4807405]","[0.5, 5.0]",0,2,0,0,0.0,0.0,0
933,8,2,2,"[0.0, 0.5, 1.0, 2.0, 3.0, 3.5, 4.5, 5.0, 6.0, 7.0]","[0.0, 0.0, 0.0, 1.0, 2.828427, 3.4641016, 4.2426405, 5.0, 6.0, 6.708204]","[1.0, 1.5, 1.5, 2.5, 3.0, 3.0, 3.5, 4.5]","[0.0, 0.0, 1.4142135, 2.0, 2.236068, 2.828427, 2.828427, 3.4641016]","[-5.5, -3.5, -3.5, -3.0, -2.5, -1.5, -1.5, -1.0]","[1.5, 1.5]","[0.0, 1.4142135]","[-5.5, -3.5]","[3.5, 5.0]","[2.4494898, 4.0]","[-1.5, 2.0]","[3.5, 5.0]","[2.4494898, 4.0]","[-1.5, 2.0]",0,2,0,0,0.0,0.0,1
824,3,2,2,"[0.0, 0.0, 0.0, 1.0, 1.5, 2.0, 2.5, 5.0, 5.5, 6.0]","[0.0, 0.0, 0.0, 0.0, 0.0, 0.0, 2.4494898, 4.2426405, 4.582576, 5.196152]","[3.5, 4.0, 6.0]","[3.1622777, 3.8729835, 5.656854]","[-3.0, -2.5, -1.5]","[3.5, 6.0]","[3.1622777, 5.656854]","[-3.0, -1.5]","[6.5, 7.5]","[6.3245554, 7.483315]","[4.0, 5.0]","[6.5, 7.5]","[6.3245554, 7.483315]","[4.0, 5.0]",0,2,0,0,0.0,0.0,1
67093,2,2,1,"[0.5, 0.5, 1.0, 1.5, 2.5, 3.0, 3.0, 4.5, 5.0, 7.0]","[0.0, 0.0, 0.0, 0.0, 0.0, 0.0, 2.0, 4.0, 4.2426405, 6.708204]","[2.5, 5.5]","[2.4494898, 5.477226]","[-3.0, -3.0]","[2.5, 5.5]","[2.4494898, 5.477226]","[-3.0, -3.0]","[5.0, 7.0]","[3.0, 7.0]","[1.0, 1.5]",[7.0],[6.928203],[4.5],1,0,1,0,1.0,0.0,0
529,7,3,1,"[0.0, 1.0, 1.0, 2.0, 2.0, 2.5, 4.0, 5.0, 5.5, 6.5]","[0.0, 0.0, 0.0, 0.0, 2.0, 2.0, 3.4641016, 4.0, 5.477226, 6.3245554]","[1.0, 1.0, 2.0, 3.0, 3.0, 4.0, 5.5]","[0.0, 1.0, 1.7320508, 2.828427, 2.828427, 3.8729835, 5.477226]","[-5.0, -5.0, -4.0, -3.0, -2.5, -2.0, -1.5]","[1.0, 2.0, 3.0]","[1.0, 1.7320508, 2.828427]","[-5.0, -4.0, -3.0]","[2.0, 3.0, 5.0]","[1.7320508, 2.828427, 4.0]","[-4.0, -3.0, 3.5]",[5.0],[4.0],[3.5],2,1,0,1,0.0,2.0,1
117,2,1,1,"[0.0, 0.5, 1.0, 1.5, 1.5, 2.5, 3.0, 4.0, 4.5, 5.0]","[0.0, 0.0, 0.0, 0.0, 0.0, 1.0, 2.0, 4.0, 4.2426405, 4.8989797]","[2.5, 3.5]","[2.4494898, 3.1622777]","[-2.5, -1.0]",[2.5],[2.4494898],[-2.5],[5.5],[4.2426405],[1.5],[5.5],[4.2426405],[1.5],0,1,0,0,0.0,0.0,1
4,6,3,2,"[0.5, 1.0, 1.0, 2.0, 3.0, 3.0, 3.5, 4.0, 4.5, 6.0]","[0.0, 0.0, 0.0, 0.0, 1.0, 2.236068, 2.4494898, 2.828427, 3.4641016, 5.196152]","[1.5, 1.5, 2.5, 2.5, 3.0, 7.5]","[0.0, 0.0, 1.4142135, 2.236068, 2.4494898, 7.483315]","[-6.0, -5.0, -2.0, -2.0, -1.0, -1.0]","[1.5, 2.5, 3.0]","[0.0, 1.4142135, 2.236068]","[-6.0, -2.0, -1.0]","[1.5, 3.5, 4.5]","[0.0, 0.0, 3.7416575]","[-2.0, 1.0, 4.0]","[4.0, 4.5]","[2.6457512, 3.7416575]","[2.0, 4.0]",1,1,1,0,1.0,0.0,1
57808,7,3,1,"[0.0, 0.5, 0.5, 0.5, 1.0, 2.5, 4.0, 4.5, 7.5, 8.0]","[0.0, 0.0, 0.0, 0.0, 0.0, 1.0, 2.4494898, 3.7416575, 7.483315, 7.937254]","[2.0, 2.5, 4.0, 4.0, 5.0, 5.5, 6.5]","[0.0, 0.0, 3.8729835, 3.8729835, 5.0, 5.2915025, 6.4807405]","[-4.0, -3.0, -3.0, -2.5, -2.0, -2.0, -2.0]","[2.0, 2.5, 5.5]","[0.0, 0.0, 5.2915025]","[-3.0, -2.0, -2.0]","[2.5, 4.0, 7.0]","[2.0, 3.8729835, 6.708204]","[-4.0, -3.0, 3.5]",[7.0],[6.928203],[5.5],2,0,1,0,2.0,0.0,0
890,3,3,2,"[0.0, 0.0, 0.5, 1.0, 2.0, 2.0, 3.0, 3.0, 3.0, 3.5]","[0.0, 0.0, 0.0, 0.0, 0.0, 2.0, 2.236068, 2.236068, 2.828427, 3.4641016]","[0.5, 1.0, 2.0]","[0.0, 0.0, 1.7320508]","[-3.5, -3.0, -1.5]","[0.5, 1.0, 2.0]","[0.0, 0.0, 1.7320508]","[-3.5, -3.0, -1.5]","[4.0, 4.5, 4.5]","[4.0, 4.2426405, 4.472136]","[1.5, 2.5, 3.5]","[3.0, 4.5]","[0.0, 4.472136]","[2.0, 3.5]",1,1,1,0,1.0,0.0,1
73342,8,3,2,"[0.0, 1.0, 1.5, 2.0, 2.0, 2.0, 3.0, 4.5, 4.5, 8.5]","[0.0, 0.0, 1.0, 1.4142135, 2.0, 2.0, 2.236068, 2.828427, 3.7416575, 8.485281]","[0.5, 1.5, 3.0, 3.0, 3.5, 3.5, 4.5, 6.5]","[0.0, 0.0, 0.0, 2.236068, 2.4494898, 3.0, 3.7416575, 6.3245554]","[-5.0, -4.5, -2.5, -2.0, -2.0, -1.5, -1.5, -1.5]","[0.5, 1.5, 3.5]","[0.0, 0.0, 2.4494898]","[-4.5, -2.5, -1.5]","[5.5, 6.5, 7.5]","[5.2915025, 6.3245554, 7.483315]","[-1.5, 4.0, 5.5]","[4.0, 5.5]","[3.4641016, 5.2915025]","[-1.5, 4.0]",1,1,1,0,1.0,0.0,0
75057,3,2,2,"[0.0, 0.5, 0.5, 1.0, 1.0, 1.0, 1.5, 2.5, 3.5, 5.5]","[0.0, 0.0, 0.0, 0.0, 0.0, 0.0, 0.0, 2.4494898, 3.1622777, 5.2915025]","[2.0, 2.5, 3.0]","[0.0, 0.0, 0.0]","[-2.0, -2.0, -1.5]","[2.0, 2.5]","[0.0, 0.0]","[-2.0, -2.0]","[6.0, 6.5]","[5.91608, 6.4807405]","[4.0, 4.5]","[6.0, 6.5]","[5.91608, 6.4807405]","[4.0, 4.5]",0,2,0,0,0.0,0.0,0
2686,7,4,2,"[0.0, 0.5, 1.5, 1.5, 1.5, 2.0, 2.5, 4.5, 6.0, 8.0]","[0.0, 0.0, 0.0, 0.0, 1.4142135, 1.4142135, 2.0, 4.2426405, 5.656854, 8.0]","[1.5, 2.0, 2.0, 2.5, 3.0, 3.0, 4.5]","[0.0, 0.0, 2.0, 2.0, 2.0, 2.828427, 3.7416575]","[-4.5, -3.5, -2.5, -2.5, -2.0, -2.0, -1.0]","[1.5, 2.0, 2.0, 3.0]","[0.0, 0.0, 2.0, 2.0]","[-4.5, -3.5, -2.0, -2.0]","[3.0, 4.5, 4.5, 6.5]","[2.828427, 3.7416575, 4.472136, 6.3245554]","[-2.5, -1.0, 1.5, 2.5]","[1.0, 6.5]","[1.0, 6.0]","[0.0, 3.5]",2,0,2,0,1.0,0.0,0
63,2,1,1,"[0.5, 0.5, 0.5, 1.0, 2.0, 3.0, 3.0, 3.0, 4.0, 7.5]","[0.0, 0.0, 0.0, 0.0, 0.0, 0.0, 1.7320508, 2.828427, 3.4641016, 7.483315]","[1.5, 2.0]","[0.0, 1.4142135]","[-2.5, -2.0]",[1.5],[1.4142135],[-2.5],[3.5],[2.4494898],[0.5],[3.5],[2.4494898],[0.5],0,1,0,0,0.0,0.0,1
15063,9,4,2,"[0.5, 1.0, 1.5, 1.5, 2.0, 3.0, 4.0, 4.0, 5.0, 7.5]","[0.0, 0.0, 0.0, 0.0, 1.4142135, 2.236068, 2.6457512, 3.4641016, 4.8989797, 7.483315]","[1.0, 1.5, 2.0, 2.0, 2.5, 2.5, 2.5, 3.0, 4.0]","[0.0, 0.0, 1.4142135, 1.7320508, 2.0, 2.0, 2.236068, 2.4494898, 3.4641016]","[-5.5, -4.5, -4.0, -3.0, -2.5, -2.5, -2.0, -2.0, -1.5]","[1.0, 1.5, 2.0, 2.5]","[0.0, 0.0, 1.4142135, 2.4494898]","[-5.5, -3.0, -2.5, -2.0]","[2.0, 4.5, 5.0, 9.0]","[0.0, 3.0, 4.472136, 9.0]","[-2.0, 0.0, 3.5, 6.0]","[2.0, 7.0]","[0.0, 6.708204]","[-2.0, 6.0]",2,1,1,0,2.0,0.0,0
60,10,2,1,"[0.5, 0.5, 0.5, 1.5, 4.0, 4.5, 5.0, 5.5, 5.5, 7.0]","[0.0, 0.0, 0.0, 0.0, 0.0, 0.0, 4.8989797, 4.8989797, 5.2915025, 6.928203]","[2.5, 3.0, 3.0, 3.0, 3.5, 3.5, 4.0, 4.5, 5.5, 6.0]","[0.0, 0.0, 2.828427, 3.0, 3.1622777, 3.1622777, 3.8729835, 4.472136, 5.2915025, 5.91608]","[-5.0, -4.5, -4.5, -3.5, -3.0, -2.5, -2.5, -2.0, -2.0, -1.0]","[2.5, 3.0]","[0.0, 2.828427]","[-4.5, -3.0]","[4.5, 7.0]","[2.828427, 7.0]","[-2.0, 3.0]",[4.5],[2.828427],[1.0],1,0,1,0,1.0,0.0,1
513,8,3,2,"[0.0, 0.5, 1.0, 1.5, 3.0, 3.5, 3.5, 4.0, 4.5, 5.0]","[0.0, 0.0, 0.0, 0.0, 0.0, 1.4142135, 2.828427, 3.0, 3.8729835, 5.0]","[2.0, 2.0, 2.0, 2.5, 3.0, 3.0, 3.5, 4.5]","[0.0, 0.0, 1.7320508, 1.7320508, 2.0, 2.236068, 3.4641016, 4.2426405]","[-5.5, -4.5, -4.0, -3.5, -3.5, -2.5, -2.5, -2.0]","[2.0, 2.0, 2.5]","[1.7320508, 1.7320508, 2.0]","[-4.5, -4.0, -3.5]","[1.0, 4.5, 6.5]","[0.0, 0.0, 6.3245554]","[-1.5, 3.0, 3.5]","[4.5, 4.5]","[0.0, 3.7416575]","[3.0, 4.0]",1,1,1,0,1.0,0.0,1
34758,6,3,3,"[0.0, 0.5, 2.0, 2.0, 2.5, 3.5, 3.5, 5.0, 5.5, 6.0]","[0.0, 0.0, 0.0, 1.7320508, 1.7320508, 2.4494898, 3.0, 3.1622777, 4.2426405, 5.91608]","[1.0, 2.0, 2.0, 2.5, 4.5, 5.5]","[0.0, 0.0, 1.7320508, 2.0, 4.2426405, 5.2915025]","[-7.0, -4.5, -4.0, -3.5, -2.5, -2.0]","[1.0, 2.0, 2.0]","[0.0, 1.7320508, 2.0]","[-7.0, -4.0, -2.0]","[1.5, 3.5, 5.0]","[0.0, 3.0, 3.1622777]","[0.0, 2.0, 4.0]","[1.5, 3.5, 5.0]","[0.0, 3.0, 3.1622777]","[0.0, 2.0, 4.0]",0,3,0,0,0.0,0.0,0
98684,5,2,2,"[0.5, 1.0, 1.0, 2.0, 2.5, 2.5, 3.0, 3.0, 6.0, 7.5]","[0.0, 0.0, 0.0, 0.0, 0.0, 0.0, 1.0, 1.7320508, 5.196152, 7.3484693]","[1.0, 2.0, 2.5, 3.0, 5.5]","[0.0, 0.0, 1.7320508, 2.236068, 4.8989797]","[-7.0, -3.5, -3.0, -2.5, -2.0]","[1.0, 2.0]","[0.0, 1.7320508]","[-7.0, -3.0]","[3.5, 4.5]","[0.0, 4.2426405]","[-1.0, 4.5]","[3.5, 4.5]","[0.0, 4.2426405]","[-1.0, 4.5]",0,2,0,0,0.0,0.0,0
874,7,3,1,"[0.0, 0.0, 0.0, 0.5, 3.0, 3.0, 3.0, 4.0, 7.0, 7.5]","[0.0, 0.0, 0.0, 0.0, 0.0, 0.0, 2.236068, 3.4641016, 6.708204, 7.483315]","[0.5, 1.5, 2.0, 2.0, 2.5, 3.0, 6.0]","[0.0, 0.0, 1.4142135, 1.7320508, 1.7320508, 3.0, 5.91608]","[-8.0, -4.5, -4.5, -3.0, -3.0, -2.5, -1.5]","[0.5, 1.5, 3.0]","[0.0, 1.4142135, 3.0]","[-8.0, -4.5, -2.5]","[0.5, 1.5, 6.5]","[0.0, 1.4142135, 6.0]","[-8.0, -4.5, 6.0]",[6.5],[6.0],[6.0],2,1,0,1,0.0,2.0,1
53652,5,3,3,"[0.5, 1.0, 2.0, 2.5, 3.0, 3.0, 3.5, 4.0, 4.0, 5.0]","[0.0, 0.0, 0.0, 0.0, 2.0, 2.236068, 2.6457512, 2.828427, 3.8729835, 4.8989797]","[1.0, 1.5, 3.0, 3.5, 4.0]","[0.0, 0.0, 3.0, 3.4641016, 3.4641016]","[-4.0, -4.0, -2.5, -2.5, -1.5]","[1.0, 1.5, 4.0]","[0.0, 0.0, 3.4641016]","[-4.0, -4.0, -1.5]","[4.0, 6.5, 7.5]","[2.6457512, 6.4807405, 7.3484693]","[3.0, 3.5, 5.0]","[4.0, 6.5, 7.5]","[2.6457512, 6.4807405, 7.3484693]","[3.0, 3.5, 5.0]",0,3,0,0,0.0,0.0,0
536,7,4,2,"[0.5, 0.5, 2.0, 2.0, 3.0, 3.5, 4.5, 4.5, 6.0, 6.0]","[0.0, 0.0, 0.0, 1.7320508, 2.828427, 2.828427, 3.4641016, 4.472136, 6.0, 6.0]","[0.5, 1.5, 2.0, 3.0, 3.5, 3.5, 4.0]","[0.0, 0.0, 0.0, 2.236068, 2.6457512, 3.1622777, 3.4641016]","[-3.5, -3.5, -3.0, -2.5, -2.0, -2.0, -1.5]","[0.5, 2.0, 3.0, 3.5]","[0.0, 0.0, 2.236068, 3.1622777]","[-3.5, -3.0, -2.0, -2.0]","[3.5, 5.0, 6.0, 6.0]","[3.1622777, 4.0, 5.196152, 5.91608]","[-1.5, 0.0, 2.5, 2.5]","[2.5, 5.0]","[2.4494898, 4.0]","[0.0, 2.5]",2,1,1,0,2.0,0.0,1
51890,4,2,2,"[0.5, 0.5, 0.5, 1.0, 1.5, 1.5, 2.0, 3.0, 3.5, 6.5]","[0.0, 0.0, 0.0, 0.0, 0.0, 0.0, 1.7320508, 2.236068, 3.1622777, 6.0]","[1.0, 2.0, 2.5, 3.0]","[0.0, 0.0, 0.0, 1.7320508]","[-4.0, -3.0, -3.0, -1.5]","[1.0, 2.0]","[0.0, 1.7320508]","[-4.0, -1.5]","[4.0, 4.5]","[0.0, 4.472136]","[2.0, 3.5]","[4.0, 4.5]","[0.0, 4.472136]","[2.0, 3.5]",0,2,0,0,0.0,0.0,0
23,3,2,2,"[0.0, 0.5, 0.5, 1.0, 1.0, 2.0, 2.5, 2.5, 4.0, 5.0]","[0.0, 0.0, 0.0, 0.0, 0.0, 0.0, 1.0, 2.4494898, 4.0, 4.0]","[1.5, 3.0, 5.0]","[0.0, 1.4142135, 4.582576]","[-1.5, -1.5, -1.0]","[1.5, 3.0]","[0.0, 1.4142135]","[-1.5, -1.0]","[6.0, 7.5]","[5.91608, 7.3484693]","[5.0, 6.5]","[6.0, 7.5]","[5.91608, 7.3484693]","[5.0, 6.5]",0,2,0,0,0.0,0.0,1
566,4,2,1,"[0.5, 0.5, 1.0, 1.0, 1.0, 2.0, 2.5, 4.0, 6.5, 6.5]","[0.0, 0.0, 0.0, 0.0, 0.0, 0.0, 0.0, 0.0, 6.0, 6.4807405]","[2.0, 2.0, 3.0, 3.5]","[1.7320508, 2.0, 2.828427, 3.1622777]","[-4.0, -4.0, -4.0, -4.0]","[2.0, 3.5]","[2.0, 3.1622777]","[-4.0, -4.0]","[4.0, 5.0]","[0.0, 4.8989797]","[-1.5, 0.5]",[2.5],[2.0],[-1.0],1,0,1,0,1.0,0.0,1
74097,3,2,1,"[0.5, 0.5, 0.5, 2.0, 2.0, 2.0, 3.0, 3.0, 3.0, 7.0]","[0.0, 0.0, 0.0, 0.0, 0.0, 0.0, 0.0, 1.7320508, 2.828427, 6.708204]","[2.0, 3.5, 4.0]","[0.0, 0.0, 2.4494898]","[-3.5, -3.0, -1.0]","[2.0, 3.5]","[0.0, 2.4494898]","[-3.5, -3.0]","[6.0, 7.5]","[5.91608, 7.3484693]","[1.5, 5.0]",[4.0],[2.6457512],[4.0],1,0,1,0,1.0,0.0,0
505,8,4,2,"[0.0, 0.5, 1.0, 1.5, 2.5, 2.5, 3.0, 4.5, 7.0, 7.0]","[0.0, 0.0, 0.0, 0.0, 0.0, 1.4142135, 2.0, 3.7416575, 6.928203, 6.928203]","[1.5, 1.5, 2.0, 2.5, 2.5, 3.5, 3.5, 4.0]","[0.0, 0.0, 0.0, 1.4142135, 1.4142135, 2.4494898, 3.1622777, 3.8729835]","[-5.0, -3.5, -3.5, -3.5, -3.0, -3.0, -2.5, -1.5]","[1.5, 1.5, 2.0, 3.5]","[0.0, 0.0, 1.4142135, 1.4142135]","[-5.0, -3.5, -3.5, -1.5]","[1.5, 3.5, 4.5, 5.0]","[0.0, 1.4142135, 3.7416575, 4.8989797]","[-5.0, -1.5, 0.0, 5.0]","[4.5, 5.0]","[3.7416575, 4.8989797]","[0.0, 5.0]",2,2,0,1,0.0,2.0,1
571,6,3,2,"[0.5, 1.0, 1.0, 1.5, 1.5, 2.0, 2.0, 4.0, 4.5, 7.0]","[0.0, 0.0, 0.0, 0.0, 1.4142135, 1.7320508, 2.0, 2.6457512, 4.2426405, 6.928203]","[0.5, 1.0, 2.0, 2.5, 3.5, 4.0]","[0.0, 0.0, 1.7320508, 2.0, 3.1622777, 3.4641016]","[-4.0, -3.0, -2.5, -2.5, -2.5, -1.0]","[0.5, 1.0, 2.5]","[0.0, 0.0, 2.0]","[-4.0, -3.0, -2.5]","[4.0, 6.0, 8.0]","[3.4641016, 6.0, 7.937254]","[-1.0, 5.0, 5.5]","[5.0, 8.0]","[5.0, 7.937254]","[3.5, 5.0]",1,1,1,0,1.0,0.0,1
1010,4,2,2,"[0.0, 1.0, 1.5, 1.5, 2.0, 2.0, 3.0, 4.0, 5.0, 6.0]","[0.0, 0.0, 0.0, 0.0, 0.0, 1.4142135, 2.236068, 2.6457512, 4.0, 5.196152]","[3.0, 3.5, 4.0, 4.5]","[2.236068, 2.828427, 3.4641016, 4.0]","[-5.5, -3.5, -3.0, -2.0]","[3.5, 4.5]","[2.828427, 3.4641016]","[-3.0, -2.0]","[6.5, 7.5]","[6.3245554, 7.483315]","[5.0, 6.0]","[6.5, 7.5]","[6.3245554, 7.483315]","[5.0, 6.0]",0,2,0,0,0.0,0.0,1
15718,13,4,4,"[1.5, 2.5, 2.5, 3.0, 3.0, 3.5, 4.0, 5.0, 6.0, 8.0]","[0.0, 0.0, 0.0, 0.0, 2.0, 2.828427, 4.0, 4.8989797, 5.196152, 8.0]","[1.0, 1.5, 2.0, 2.0, 2.5, 2.5, 2.5, 3.0, 3.5, 4.0, 4.0, 4.5, 4.5]","[1.0, 1.4142135, 1.7320508, 2.0, 2.0, 2.0, 2.4494898, 2.828427, 3.1622777, 3.8729835, 3.8729835, 4.2426405, 4.2426405]","[-6.5, -5.0, -4.0, -4.0, -4.0, -3.0, -3.0, -2.5, -2.0, -2.0, -2.0, -1.0, -1.0]","[1.0, 1.5, 2.0, 2.5]","[1.0, 1.4142135, 1.7320508, 2.0]","[-5.0, -4.0, -4.0, -2.0]","[3.0, 3.0, 5.0, 7.5]","[0.0, 2.236068, 4.582576, 7.483315]","[0.5, 1.0, 2.0, 5.5]","[3.0, 3.0, 5.0, 7.5]","[0.0, 2.236068, 4.582576, 7.483315]","[0.5, 1.0, 2.0, 5.5]",0,4,0,0,0.0,0.0,0
14274,2,1,1,"[0.0, 0.5, 0.5, 1.0, 1.0, 1.5, 3.0, 3.0, 3.0, 4.0]","[0.0, 0.0, 0.0, 0.0, 0.0, 0.0, 0.0, 1.4142135, 2.828427, 3.8729835]","[1.5, 2.0]","[0.0, 0.0]","[-4.0, -3.5]",[1.5],[0.0],[-3.5],[9.0],[9.0],[8.0],[9.0],[9.0],[8.0],0,1,0,0,0.0,0.0,0
796,1,1,1,"[0.0, 0.0, 0.0, 1.0, 1.0, 1.5, 1.5, 1.5, 3.0, 7.5]","[0.0, 0.0, 0.0, 0.0, 0.0, 0.0, 0.0, 1.4142135, 3.0, 7.3484693]",[1.0],[1.0],[-1.5],[1.0],[1.0],[-1.5],[8.0],[7.937254],[6.0],[8.0],[7.937254],[6.0],0,1,0,0,0.0,0.0,1
3926,6,2,2,"[0.0, 1.0, 1.5, 2.0, 2.5, 3.0, 3.0, 3.5, 5.5, 7.0]","[0.0, 0.0, 0.0, 0.0, 0.0, 0.0, 2.236068, 3.4641016, 5.2915025, 6.708204]","[1.0, 2.0, 2.5, 2.5, 2.5, 3.0]","[0.0, 1.0, 2.0, 2.0, 2.0, 2.0]","[-5.0, -4.0, -2.5, -2.0, -2.0, -2.0]","[1.0, 2.5]","[1.0, 2.0]","[-5.0, -2.0]","[4.0, 4.0]","[3.4641016, 4.0]","[1.5, 3.5]","[4.0, 4.0]","[3.4641016, 4.0]","[1.5, 3.5]",0,2,0,0,0.0,0.0,0
368,7,2,1,"[0.0, 1.0, 1.0, 1.0, 1.5, 2.0, 3.5, 4.0, 5.0, 9.0]","[0.0, 0.0, 0.0, 0.0, 0.0, 0.0, 1.4142135, 3.4641016, 4.582576, 9.0]","[1.0, 2.0, 2.0, 3.5, 4.0, 4.5, 4.5]","[0.0, 1.0, 1.7320508, 2.4494898, 2.828427, 2.828427, 3.8729835]","[-7.0, -4.0, -3.5, -3.5, -3.0, -2.5, -2.0]","[1.0, 4.5]","[1.0, 2.828427]","[-7.0, -3.5]","[1.0, 2.0]","[1.0, 1.7320508]","[-4.0, -3.5]",[3.0],[0.0],[1.5],1,0,1,0,1.0,0.0,1
13891,9,2,2,"[0.0, 1.0, 2.0, 2.0, 3.0, 4.0, 4.5, 4.5, 4.5, 5.5]","[0.0, 0.0, 0.0, 0.0, 0.0, 2.0, 2.236068, 4.2426405, 4.472136, 5.2915025]","[1.0, 2.0, 2.5, 3.0, 3.0, 3.5, 3.5, 4.0, 4.5]","[0.0, 0.0, 0.0, 2.4494898, 2.828427, 3.0, 3.1622777, 4.0, 4.2426405]","[-6.5, -5.0, -4.0, -3.5, -3.5, -3.0, -1.5, -1.5, -1.0]","[1.0, 2.0]","[0.0, 0.0]","[-6.5, -3.5]","[4.0, 5.5]","[3.4641016, 4.2426405]","[3.5, 5.5]","[4.0, 5.5]","[3.4641016, 4.2426405]","[3.5, 5.5]",0,2,0,0,0.0,0.0,0
46562,4,2,1,"[0.5, 0.5, 1.5, 1.5, 1.5, 2.0, 3.0, 3.5, 6.5, 6.5]","[0.0, 0.0, 0.0, 0.0, 1.4142135, 1.4142135, 2.828427, 3.4641016, 6.3245554, 6.4807405]","[1.0, 2.0, 3.0, 3.5]","[0.0, 0.0, 0.0, 2.0]","[-2.5, -2.5, -2.5, -2.0]","[1.0, 3.0]","[0.0, 0.0]","[-2.5, -2.5]","[4.5, 5.5]","[4.2426405, 5.2915025]","[-1.5, 1.0]",[4.5],[0.0],[0.5],1,0,1,0,1.0,0.0,0
850,7,3,2,"[0.5, 0.5, 1.0, 1.5, 2.0, 2.5, 4.5, 5.5, 6.0, 7.0]","[0.0, 0.0, 0.0, 0.0, 0.0, 0.0, 1.4142135, 4.2426405, 5.656854, 6.708204]","[1.5, 2.5, 3.5, 4.0, 4.0, 4.0, 4.0]","[0.0, 0.0, 0.0, 0.0, 2.0, 3.4641016, 4.0]","[-5.0, -5.0, -5.0, -4.5, -3.0, -2.0, -1.0]","[1.5, 3.5, 4.0]","[0.0, 0.0, 0.0]","[-5.0, -5.0, -2.0]","[2.5, 4.0, 5.0]","[2.0, 2.6457512, 3.0]","[-1.0, -0.5, 3.0]","[3.5, 5.0]","[2.4494898, 3.0]","[1.0, 3.0]",1,1,1,0,1.0,0.0,1
820,12,4,3,"[0.0, 1.5, 2.0, 3.0, 3.5, 4.5, 4.5, 4.5, 5.0, 6.5]","[0.0, 0.0, 1.4142135, 1.7320508, 2.828427, 2.828427, 2.828427, 3.1622777, 4.8989797, 6.0]","[1.0, 1.0, 1.0, 1.5, 1.5, 1.5, 1.5, 2.0, 4.5, 4.5, 5.0, 5.0]","[0.0, 0.0, 0.0, 0.0, 1.0, 1.4142135, 1.4142135, 1.7320508, 4.2426405, 4.472136, 4.582576, 4.8989797]","[-7.0, -6.0, -5.0, -5.0, -5.0, -4.0, -4.0, -4.0, -3.5, -3.5, -2.5, -2.0]","[1.0, 1.0, 1.5, 2.0]","[0.0, 1.0, 1.4142135, 1.7320508]","[-5.0, -5.0, -4.0, -3.5]","[3.0, 3.5, 5.5, 7.0]","[2.4494898, 3.0, 5.477226, 6.928203]","[-2.0, 2.0, 2.5, 4.5]","[2.5, 3.0, 3.5]","[0.0, 2.4494898, 3.0]","[-2.0, 1.5, 2.5]",1,2,1,0,1.0,0.0,1
583,6,3,2,"[0.0, 0.5, 1.0, 2.0, 2.5, 2.5, 2.5, 3.0, 5.0, 6.0]","[0.0, 0.0, 0.0, 0.0, 0.0, 0.0, 2.4494898, 2.4494898, 4.8989797, 5.196152]","[1.0, 1.5, 3.0, 3.5, 4.0, 4.5]","[0.0, 1.4142135, 2.236068, 2.828427, 3.1622777, 3.4641016]","[-3.5, -2.5, -2.5, -2.0, -2.0, -1.0]","[1.0, 3.0, 3.5]","[0.0, 2.236068, 3.1622777]","[-3.5, -2.5, -1.0]","[4.5, 4.5, 5.5]","[2.828427, 2.828427, 5.2915025]","[-2.0, 4.0, 4.5]","[4.5, 7.0]","[2.828427, 6.928203]","[4.5, 5.0]",1,1,1,0,1.0,0.0,1
1023,2,1,1,"[0.5, 0.5, 0.5, 1.5, 1.5, 1.5, 2.0, 2.5, 5.0, 6.0]","[0.0, 0.0, 0.0, 0.0, 1.4142135, 1.4142135, 2.0, 2.0, 3.0, 5.196152]","[1.0, 3.5]","[0.0, 0.0]","[-5.5, -4.5]",[1.0],[0.0],[-4.5],[3.5],[3.4641016],[2.0],[3.5],[3.4641016],[2.0],0,1,0,0,0.0,0.0,1
555,7,4,2,"[0.5, 0.5, 0.5, 1.5, 2.5, 3.0, 4.0, 5.0, 6.5, 8.5]","[0.0, 0.0, 0.0, 0.0, 0.0, 0.0, 2.828427, 5.0, 6.0, 8.485281]","[0.5, 1.5, 2.0, 3.0, 3.5, 4.0, 6.5]","[0.0, 0.0, 0.0, 2.6457512, 2.828427, 3.4641016, 6.4807405]","[-5.0, -3.5, -3.0, -3.0, -2.0, -2.0, -1.0]","[0.5, 1.5, 3.0, 3.5]","[0.0, 0.0, 2.828427, 3.4641016]","[-5.0, -3.5, -3.0, -3.0]","[1.5, 3.5, 6.5, 7.0]","[0.0, 3.4641016, 6.4807405, 7.0]","[-3.5, -3.0, 2.5, 4.5]","[6.5, 7.0]","[6.4807405, 7.0]","[2.5, 4.5]",2,2,0,1,0.0,2.0,1
6199,6,3,2,"[2.0, 2.0, 2.0, 2.5, 2.5, 3.0, 3.0, 3.5, 5.0, 7.0]","[0.0, 0.0, 2.0, 2.0, 2.236068, 2.4494898, 2.828427, 3.0, 3.1622777, 6.928203]","[1.0, 2.5, 2.5, 3.5, 5.5, 6.5]","[0.0, 0.0, 2.4494898, 3.1622777, 4.8989797, 6.4807405]","[-3.0, -2.5, -2.0, -2.0, -1.5, -1.0]","[1.0, 2.5, 3.5]","[0.0, 2.4494898, 3.1622777]","[-3.0, -2.5, -2.0]","[1.0, 3.5, 4.0]","[1.0, 2.6457512, 3.4641016]","[-2.0, -1.5, 2.0]","[4.0, 4.0]","[2.6457512, 3.8729835]","[2.0, 3.0]",1,1,1,0,1.0,0.0,0
51029,3,3,2,"[0.0, 0.0, 0.5, 1.0, 1.5, 2.5, 2.5, 3.5, 4.0, 7.0]","[0.0, 0.0, 0.0, 0.0, 0.0, 0.0, 0.0, 3.4641016, 3.4641016, 6.928203]","[2.5, 3.0, 4.0]","[0.0, 0.0, 3.8729835]","[-3.5, -1.0, -1.0]","[2.5, 3.0, 4.0]","[0.0, 0.0, 3.8729835]","[-3.5, -1.0, -1.0]","[3.0, 4.5, 4.5]","[0.0, 2.828427, 3.7416575]","[0.5, 0.5, 1.5]","[3.0, 7.0]","[2.828427, 7.0]","[0.5, 7.0]",1,1,1,0,1.0,0.0,0
50,8,3,1,"[0.0, 0.5, 0.5, 1.0, 1.0, 1.5, 4.0, 4.5, 8.0, 9.0]","[0.0, 0.0, 0.0, 0.0, 0.0, 0.0, 2.828427, 3.4641016, 7.937254, 9.0]","[2.5, 2.5, 3.0, 3.5, 4.0, 4.5, 5.0, 5.5]","[0.0, 0.0, 2.0, 2.236068, 3.4641016, 4.0, 4.2426405, 4.8989797]","[-5.0, -5.0, -3.5, -3.0, -3.0, -2.5, -2.5, -1.5]","[2.5, 3.0, 4.5]","[0.0, 2.236068, 4.2426405]","[-3.5, -3.0, -2.5]","[1.0, 2.0, 4.0]","[1.0, 2.0, 3.4641016]","[-5.0, -2.5, -2.5]",[5.5],[4.8989797],[5.5],2,0,1,0,2.0,0.0,1
55974,5,3,3,"[0.0, 1.5, 1.5, 2.0, 2.5, 2.5, 2.5, 3.0, 4.5, 5.0]","[0.0, 0.0, 0.0, 1.4142135, 1.7320508, 2.0, 2.0, 2.236068, 2.828427, 4.0]","[2.0, 2.5, 2.5, 2.5, 3.0]","[0.0, 0.0, 2.0, 2.4494898, 2.4494898]","[-4.0, -3.0, -2.0, -2.0, -1.5]","[2.0, 2.5, 2.5]","[0.0, 2.4494898, 2.4494898]","[-4.0, -3.0, -2.0]","[4.0, 6.5, 6.5]","[0.0, 6.0, 6.4807405]","[2.5, 6.0, 6.0]","[4.0, 6.5, 6.5]","[0.0, 6.0, 6.4807405]","[2.5, 6.0, 6.0]",0,3,0,0,0.0,0.0,0
89061,3,3,3,"[0.5, 1.0, 1.0, 1.0, 1.5, 2.0, 3.0, 3.5, 3.5, 5.5]","[0.0, 0.0, 0.0, 0.0, 0.0, 1.0, 1.7320508, 2.828427, 3.4641016, 5.477226]","[1.5, 1.5, 2.0]","[0.0, 0.0, 1.4142135]","[-3.0, -2.0, -2.0]","[1.5, 1.5, 2.0]","[0.0, 0.0, 1.4142135]","[-3.0, -2.0, -2.0]","[2.5, 4.5, 7.0]","[0.0, 4.472136, 6.928203]","[-2.5, 3.0, 7.0]","[2.5, 4.5, 7.0]","[0.0, 4.472136, 6.928203]","[-2.5, 3.0, 7.0]",0,3,0,0,0.0,0.0,0
32701,6,3,2,"[0.0, 1.0, 1.0, 1.0, 1.5, 2.0, 2.5, 3.5, 5.5, 6.0]","[0.0, 0.0, 0.0, 0.0, 1.0, 1.0, 2.0, 3.4641016, 5.2915025, 5.91608]","[1.5, 1.5, 2.0, 2.5, 3.0, 4.0]","[0.0, 1.4142135, 1.7320508, 2.0, 2.236068, 3.4641016]","[-3.5, -3.5, -3.0, -2.5, -1.5, -1.5]","[1.5, 1.5, 2.0]","[0.0, 1.4142135, 1.7320508]","[-3.5, -2.5, -1.5]","[4.0, 4.5, 5.5]","[3.4641016, 4.472136, 5.2915025]","[0.5, 1.5, 3.5]","[5.5, 6.0]","[5.2915025, 5.91608]","[3.5, 5.5]",1,1,1,0,1.0,0.0,0
103,8,3,1,"[0.5, 2.0, 2.0, 2.5, 2.5, 2.5, 3.5, 4.0, 4.0, 5.5]","[0.0, 0.0, 0.0, 1.7320508, 2.0, 2.0, 2.4494898, 3.4641016, 3.8729835, 5.477226]","[0.5, 0.5, 1.0, 2.0, 2.5, 2.5, 3.0, 3.0]","[0.0, 0.0, 0.0, 2.0, 2.0, 2.236068, 2.4494898, 3.0]","[-5.0, -4.0, -3.5, -2.5, -2.5, -2.0, -1.5, -1.0]","[0.5, 0.5, 1.0]","[0.0, 0.0, 0.0]","[-5.0, -3.5, -1.0]","[3.0, 3.5, 7.5]","[0.0, 3.0, 7.3484693]","[-2.5, -1.0, 4.0]",[6.0],[6.0],[2.0],2,0,1,0,2.0,0.0,1
14662,2,2,2,"[1.0, 1.0, 1.0, 2.0, 2.5, 2.5, 3.0, 3.5, 4.5, 7.0]","[0.0, 0.0, 0.0, 1.0, 1.7320508, 2.0, 2.236068, 2.828427, 3.4641016, 6.708204]","[4.0, 4.0]","[2.6457512, 3.8729835]","[-2.0, -1.5]","[4.0, 4.0]","[2.6457512, 3.8729835]","[-2.0, -1.5]","[6.0, 7.5]","[5.656854, 7.483315]","[3.5, 6.5]","[6.0, 7.5]","[5.656854, 7.483315]","[3.5, 6.5]",0,2,0,0,0.0,0.0,0
38783,10,4,2,"[0.0, 0.5, 1.0, 2.0, 3.0, 3.0, 5.0, 5.0, 6.0, 7.0]","[0.0, 0.0, 0.0, 1.0, 2.236068, 2.828427, 4.582576, 5.0, 5.91608, 6.708204]","[0.5, 1.5, 1.5, 1.5, 2.0, 2.0, 2.5, 3.5, 4.5, 5.5]","[0.0, 0.0, 0.0, 0.0, 1.4142135, 1.7320508, 2.0, 3.4641016, 4.2426405, 5.2915025]","[-5.5, -4.0, -3.5, -3.5, -3.0, -3.0, -2.5, -2.5, -2.5, -1.5]","[0.5, 1.5, 1.5, 1.5]","[0.0, 0.0, 0.0, 1.4142135]","[-5.5, -4.0, -3.5, -2.5]","[5.5, 5.5, 8.0, 8.5]","[4.8989797, 5.2915025, 7.937254, 8.485281]","[-2.5, 0.5, 4.5, 5.5]","[6.5, 8.0]","[6.4807405, 7.937254]","[1.5, 5.5]",2,1,1,0,2.0,0.0,0
38680,8,4,3,"[1.0, 1.0, 1.0, 1.5, 1.5, 2.0, 2.5, 3.0, 3.5, 7.5]","[0.0, 0.0, 0.0, 1.0, 1.4142135, 1.7320508, 2.0, 2.828427, 3.1622777, 7.483315]","[1.0, 1.5, 2.0, 2.0, 2.0, 2.0, 2.5, 3.0]","[0.0, 0.0, 0.0, 0.0, 0.0, 1.4142135, 1.7320508, 2.0]","[-3.5, -3.5, -3.0, -2.5, -2.0, -1.5, -1.0, -1.0]","[1.0, 1.5, 2.0, 2.0]","[0.0, 0.0, 1.4142135, 2.0]","[-3.5, -3.0, -2.5, -1.0]","[2.0, 3.0, 4.5, 9.0]","[0.0, 0.0, 4.472136, 9.0]","[-2.5, -1.0, 4.0, 7.0]","[1.0, 4.5, 9.0]","[0.0, 4.472136, 9.0]","[0.0, 4.0, 7.0]",1,2,1,0,1.0,0.0,0
298,5,3,3,"[0.0, 0.5, 1.0, 1.5, 1.5, 1.5, 3.0, 4.0, 4.5, 5.5]","[0.0, 0.0, 0.0, 0.0, 1.4142135, 1.4142135, 1.4142135, 2.828427, 3.8729835, 4.8989797]","[1.5, 2.5, 3.0, 3.5, 5.0]","[0.0, 0.0, 0.0, 2.0, 4.0]","[-2.0, -2.0, -1.5, -1.0, -1.0]","[1.5, 2.5, 3.0]","[0.0, 0.0, 2.0]","[-2.0, -1.0, -1.0]","[3.5, 7.0, 7.5]","[3.4641016, 6.708204, 7.483315]","[2.5, 5.0, 6.5]","[3.5, 7.0, 7.5]","[3.4641016, 6.708204, 7.483315]","[2.5, 5.0, 6.5]",0,3,0,0,0.0,0.0,1
700,5,3,2,"[0.5, 0.5, 1.0, 1.0, 1.0, 1.5, 2.0, 3.5, 4.0, 8.5]","[0.0, 0.0, 0.0, 0.0, 0.0, 1.0, 1.4142135, 1.7320508, 3.4641016, 8.485281]","[1.5, 2.0, 2.0, 3.5, 5.0]","[0.0, 0.0, 0.0, 1.7320508, 5.0]","[-5.5, -3.0, -2.5, -1.5, -1.0]","[1.5, 2.0, 2.0]","[0.0, 0.0, 1.7320508]","[-5.5, -3.0, -2.5]","[1.5, 3.0, 5.5]","[0.0, 0.0, 4.8989797]","[-1.0, 0.0, 1.0]","[1.5, 4.0]","[0.0, 2.6457512]","[0.0, 4.0]",1,1,1,0,1.0,0.0,1
144,7,4,2,"[0.5, 0.5, 1.5, 2.5, 2.5, 2.5, 3.0, 4.0, 5.0, 5.5]","[0.0, 0.0, 1.4142135, 2.0, 2.4494898, 2.4494898, 2.828427, 3.0, 3.4641016, 4.8989797]","[1.0, 1.5, 2.5, 2.5, 2.5, 3.0, 3.0]","[0.0, 0.0, 0.0, 1.4142135, 2.0, 2.0, 2.236068]","[-3.0, -2.0, -2.0, -2.0, -1.5, -1.5, -1.0]","[1.0, 1.5, 2.5, 2.5]","[0.0, 1.4142135, 2.0, 2.0]","[-3.0, -2.0, -1.5, -1.5]","[2.5, 4.0, 6.0, 8.0]","[2.0, 2.6457512, 5.656854, 7.937254]","[-0.5, 2.0, 2.5, 6.5]","[4.0, 8.0]","[3.4641016, 7.937254]","[3.0, 6.0]",2,0,2,0,1.0,0.0,1
251,6,2,2,"[0.5, 0.5, 1.5, 2.0, 2.0, 2.5, 2.5, 4.5, 5.5, 6.0]","[0.0, 0.0, 0.0, 0.0, 0.0, 1.7320508, 2.0, 2.4494898, 5.2915025, 5.656854]","[2.0, 3.0, 3.0, 4.5, 4.5, 6.5]","[0.0, 2.236068, 2.828427, 3.0, 4.2426405, 6.4807405]","[-3.5, -3.5, -3.0, -2.5, -2.0, -1.5]","[3.0, 3.0]","[2.236068, 3.0]","[-3.0, -2.5]","[1.5, 4.5]","[1.4142135, 2.828427]","[0.0, 2.0]","[1.5, 4.5]","[1.4142135, 2.828427]","[0.0, 2.0]",0,2,0,0,0.0,0.0,1
500,3,2,1,"[0.0, 0.5, 0.5, 1.0, 1.0, 2.0, 2.5, 4.5, 6.5, 7.0]","[0.0, 0.0, 0.0, 0.0, 0.0, 1.7320508, 2.0, 3.7416575, 6.0, 6.708204]","[1.5, 2.5, 4.0]","[0.0, 2.0, 3.8729835]","[-3.5, -3.0, -3.0]","[1.5, 4.0]","[0.0, 3.8729835]","[-3.5, -3.0]","[3.0, 7.5]","[2.236068, 7.483315]","[-1.0, 1.0]",[2.0],[0.0],[-1.5],1,0,1,0,1.0,0.0,1
19555,5,2,2,"[0.0, 0.5, 1.5, 2.0, 2.5, 3.0, 3.5, 4.0, 5.0, 5.5]","[0.0, 0.0, 0.0, 1.7320508, 2.4494898, 2.4494898, 2.828427, 3.8729835, 4.2426405, 4.582576]","[1.5, 3.0, 3.5, 4.5, 5.0]","[0.0, 2.828427, 3.0, 3.1622777, 4.8989797]","[-5.0, -2.5, -2.5, -1.5, -1.0]","[1.5, 3.0]","[0.0, 3.0]","[-5.0, -1.0]","[3.5, 4.0]","[0.0, 2.6457512]","[1.0, 1.5]","[3.5, 4.0]","[0.0, 2.6457512]","[1.0, 1.5]",0,2,0,0,0.0,0.0,0
7815,8,3,2,"[0.5, 0.5, 1.0, 2.0, 3.0, 3.5, 4.0, 4.0, 6.5, 8.5]","[0.0, 0.0, 0.0, 1.7320508, 2.828427, 3.4641016, 3.8729835, 4.0, 6.3245554, 8.485281]","[2.0, 2.5, 3.0, 3.0, 3.5, 4.0, 4.0, 4.0]","[0.0, 0.0, 1.7320508, 2.4494898, 2.6457512, 2.6457512, 3.1622777, 4.0]","[-4.0, -4.0, -3.0, -3.0, -2.0, -1.5, -1.5, -1.0]","[2.0, 2.5, 3.0]","[0.0, 1.7320508, 2.4494898]","[-4.0, -3.0, -1.5]","[1.5, 3.0, 7.0]","[0.0, 1.4142135, 6.708204]","[-3.0, -1.0, 0.5]","[1.5, 7.5]","[1.4142135, 7.483315]","[-1.0, 3.5]",1,1,1,0,1.0,0.0,0
701,7,3,2,"[0.0, 0.5, 1.0, 1.0, 1.5, 4.5, 5.0, 5.5, 5.5, 6.0]","[0.0, 0.0, 0.0, 1.0, 1.4142135, 3.7416575, 4.2426405, 4.582576, 4.8989797, 5.91608]","[0.5, 2.0, 3.0, 3.5, 3.5, 4.5, 5.0]","[0.0, 0.0, 0.0, 2.828427, 3.4641016, 4.2426405, 5.0]","[-5.5, -5.0, -4.0, -4.0, -3.5, -3.0, -2.0]","[0.5, 3.0, 3.5]","[0.0, 2.828427, 3.4641016]","[-5.5, -4.0, -4.0]","[1.5, 4.0, 6.5]","[0.0, 4.0, 6.0]","[-3.5, 0.0, 4.0]","[3.5, 6.5]","[0.0, 6.0]","[0.0, 4.0]",1,1,1,0,1.0,0.0,1
985,4,3,2,"[0.5, 0.5, 0.5, 1.5, 1.5, 2.0, 3.0, 4.5, 4.5, 5.5]","[0.0, 0.0, 0.0, 0.0, 1.4142135, 1.7320508, 3.0, 4.2426405, 4.2426405, 4.8989797]","[1.0, 1.0, 2.0, 3.5]","[0.0, 0.0, 0.0, 3.1622777]","[-2.5, -2.5, -2.0, -1.0]","[1.0, 1.0, 2.0]","[0.0, 0.0, 0.0]","[-2.5, -2.5, -2.0]","[4.0, 4.5, 6.0]","[2.828427, 4.0, 5.196152]","[-1.5, 1.5, 3.0]","[2.5, 4.0]","[0.0, 4.0]","[-1.5, 1.0]",1,1,1,0,1.0,0.0,1
397,4,2,2,"[0.5, 0.5, 1.0, 1.5, 2.0, 3.5, 3.5, 4.0, 6.0, 6.0]","[0.0, 0.0, 0.0, 0.0, 1.0, 1.7320508, 2.4494898, 3.1622777, 5.656854, 5.91608]","[1.5, 1.5, 2.0, 2.5]","[1.4142135, 1.4142135, 2.0, 2.0]","[-6.0, -5.5, -4.5, -1.5]","[1.5, 2.0]","[1.4142135, 2.0]","[-6.0, -1.5]","[3.0, 3.5]","[2.4494898, 2.828427]","[-1.5, 1.0]","[3.0, 3.5]","[2.4494898, 2.828427]","[-1.5, 1.0]",0,2,0,0,0.0,0.0,1
44262,4,3,3,"[0.5, 1.0, 1.5, 2.0, 2.5, 2.5, 3.0, 3.0, 3.0, 4.0]","[0.0, 0.0, 0.0, 0.0, 0.0, 0.0, 1.4142135, 2.6457512, 2.828427, 2.828427]","[2.0, 2.0, 2.5, 3.0]","[0.0, 1.7320508, 2.0, 2.236068]","[-3.0, -3.0, -2.0, -1.0]","[2.0, 2.0, 3.0]","[0.0, 1.7320508, 2.236068]","[-3.0, -3.0, -1.0]","[4.5, 6.5, 9.0]","[4.472136, 6.3245554, 9.0]","[1.5, 6.0, 9.0]","[4.5, 6.5, 9.0]","[4.472136, 6.3245554, 9.0]","[1.5, 6.0, 9.0]",0,3,0,0,0.0,0.0,0
209,6,3,2,"[0.0, 0.5, 0.5, 1.0, 1.5, 2.0, 3.0, 5.0, 5.5, 5.5]","[0.0, 0.0, 0.0, 0.0, 0.0, 0.0, 1.0, 4.8989797, 5.2915025, 5.2915025]","[0.5, 2.0, 2.0, 2.5, 3.0, 3.5]","[0.0, 0.0, 0.0, 1.7320508, 2.0, 2.4494898]","[-6.0, -3.5, -3.0, -2.0, -2.0, -1.5]","[0.5, 2.0, 3.0]","[0.0, 0.0, 1.7320508]","[-6.0, -3.0, -2.0]","[1.5, 8.5, 9.0]","[1.4142135, 8.485281, 9.0]","[-0.5, 3.5, 6.5]","[4.5, 8.5]","[4.472136, 8.485281]","[2.5, 6.5]",1,1,1,0,1.0,0.0,1
736,13,3,1,"[0.5, 1.5, 2.0, 3.0, 3.5, 4.5, 4.5, 5.0, 5.5, 8.0]","[0.0, 0.0, 0.0, 1.7320508, 2.828427, 3.0, 3.7416575, 4.582576, 5.2915025, 7.937254]","[1.0, 1.5, 1.5, 2.5, 3.0, 3.0, 3.0, 4.0, 4.0, 4.0, 4.0, 5.0, 5.5]","[0.0, 0.0, 0.0, 1.0, 2.236068, 2.4494898, 2.828427, 3.4641016, 3.4641016, 3.8729835, 4.0, 4.0, 5.2915025]","[-6.5, -5.0, -5.0, -5.0, -5.0, -3.0, -3.0, -3.0, -2.5, -2.0, -1.5, -1.0, -1.0]","[1.0, 1.5, 2.5]","[0.0, 1.0, 2.4494898]","[-5.0, -5.0, -3.0]","[3.0, 4.0, 4.0]","[2.828427, 3.4641016, 3.8729835]","[-5.0, -1.0, 2.5]",[3.5],[0.0],[1.5],2,0,1,0,2.0,0.0,1
67727,7,3,2,"[0.5, 1.0, 1.0, 1.0, 1.5, 2.0, 3.0, 5.0, 6.5, 8.5]","[0.0, 0.0, 0.0, 0.0, 0.0, 0.0, 2.236068, 4.582576, 6.3245554, 8.485281]","[2.5, 2.5, 3.0, 3.5, 4.0, 4.0, 4.0]","[0.0, 0.0, 2.0, 2.4494898, 2.4494898, 2.6457512, 3.8729835]","[-4.5, -3.5, -3.5, -2.5, -2.5, -2.0, -2.0]","[2.5, 2.5, 4.0]","[2.0, 2.4494898, 3.8729835]","[-4.5, -3.5, -2.5]","[4.0, 5.0, 8.0]","[2.6457512, 4.582576, 8.0]","[-2.0, 0.5, 5.5]","[5.0, 8.0]","[4.0, 8.0]","[3.0, 5.5]",1,1,1,0,1.0,0.0,0
723,20,8,1,"[2.5, 3.0, 4.0, 4.0, 4.0, 4.5, 5.0, 5.0, 5.5, 6.0]","[0.0, 0.0, 2.4494898, 2.6457512, 3.8729835, 4.0, 4.2426405, 4.582576, 4.8989797, 5.656854]","[0.5, 0.5, 0.5, 1.0, 1.0, 2.0, 2.5, 2.5, 2.5, 3.0, 3.0, 3.0, 3.5, 3.5, 3.5, 4.0, 4.0, 4.5, 5.0, 5.5]","[0.0, 0.0, 0.0, 0.0, 0.0, 0.0, 0.0, 0.0, 2.0, 2.236068, 2.4494898, 2.828427, 3.1622777, 3.4641016, 3.4641016, 3.4641016, 3.4641016, 4.2426405, 4.582576, 5.2915025]","[-6.0, -4.5, -4.5, -4.0, -3.5, -3.5, -3.5, -3.5, -3.0, -2.5, -2.5, -2.5, -2.5, -2.5, -2.5, -2.0, -2.0, -2.0, -1.5, -1.5]","[0.5, 0.5, 1.0, 1.0, 2.0, 2.5, 2.5, 3.5]","[0.0, 0.0, 0.0, 0.0, 0.0, 0.0, 2.4494898, 3.4641016]","[-6.0, -4.0, -3.5, -2.5, -2.5, -2.0, -2.0, -2.0]","[3.5, 3.5, 4.0, 4.5, 4.5, 5.0, 5.0, 5.5]","[2.4494898, 2.828427, 2.828427, 3.0, 3.4641016, 4.0, 5.0, 5.2915025]","[-3.5, -2.5, -1.0, -0.5, 0.0, 2.0, 2.0, 3.5]",[3.5],[2.4494898],[2.0],7,0,1,0,7.0,0.0,1
28,3,3,2,"[0.5, 0.5, 2.0, 2.5, 2.5, 2.5, 3.0, 3.5, 4.0, 6.0]","[0.0, 0.0, 0.0, 0.0, 1.7320508, 2.0, 2.236068, 2.4494898, 3.4641016, 6.0]","[1.5, 3.0, 5.0]","[0.0, 2.828427, 4.8989797]","[-3.5, -1.5, -1.5]","[1.5, 3.0, 5.0]","[0.0, 2.828427, 4.8989797]","[-3.5, -1.5, -1.5]","[1.5, 3.5, 9.0]","[0.0, 3.4641016, 9.0]","[-2.5, 3.0, 5.5]","[3.5, 3.5]","[0.0, 3.4641016]","[2.0, 3.0]",1,1,1,0,1.0,0.0,1
947,2,2,2,"[0.0, 0.0, 1.0, 1.0, 1.5, 2.0, 2.0, 2.0, 2.5, 6.5]","[0.0, 0.0, 0.0, 1.0, 1.0, 1.7320508, 2.0, 2.0, 2.4494898, 6.4807405]","[0.5, 1.5]","[0.0, 1.4142135]","[-3.5, -1.5]","[0.5, 1.5]","[0.0, 1.4142135]","[-3.5, -1.5]","[5.0, 5.5]","[4.2426405, 4.582576]","[2.5, 2.5]","[5.0, 5.5]","[4.2426405, 4.582576]","[2.5, 2.5]",0,2,0,0,0.0,0.0,1
288,4,2,1,"[0.5, 0.5, 1.0, 2.0, 2.0, 2.5, 2.5, 3.5, 7.0, 7.5]","[0.0, 0.0, 0.0, 0.0, 0.0, 1.0, 2.4494898, 2.4494898, 7.0, 7.3484693]","[1.5, 3.0, 3.5, 4.5]","[1.4142135, 3.0, 3.1622777, 4.472136]","[-4.5, -3.5, -3.0, -2.5]","[1.5, 3.5]","[1.4142135, 3.1622777]","[-4.5, -3.0]","[2.0, 4.5]","[0.0, 4.472136]","[-3.5, -1.5]",[3.5],[3.1622777],[-1.0],1,0,1,0,1.0,0.0,1
612,7,3,2,"[0.0, 0.5, 1.5, 1.5, 2.0, 3.0, 3.5, 3.5, 4.5, 8.5]","[0.0, 0.0, 0.0, 0.0, 0.0, 0.0, 3.4641016, 3.4641016, 3.7416575, 8.485281]","[0.5, 1.5, 2.0, 2.5, 3.0, 3.5, 5.5]","[0.0, 0.0, 1.4142135, 1.7320508, 2.0, 3.4641016, 5.2915025]","[-4.5, -4.0, -3.5, -2.5, -2.0, -1.5, -1.5]","[0.5, 1.5, 2.0]","[0.0, 1.4142135, 1.7320508]","[-4.0, -3.5, -2.5]","[3.5, 3.5, 5.5]","[2.4494898, 2.4494898, 4.8989797]","[-0.5, 1.0, 1.0]","[4.0, 5.5]","[0.0, 4.8989797]","[1.0, 1.0]",1,1,1,0,1.0,0.0,1
57334,5,2,2,"[0.0, 1.0, 1.5, 1.5, 2.5, 2.5, 3.5, 3.5, 4.5, 8.0]","[0.0, 0.0, 0.0, 0.0, 0.0, 0.0, 2.0, 2.0, 4.2426405, 7.937254]","[2.0, 3.0, 3.0, 3.5, 3.5]","[1.7320508, 2.236068, 2.828427, 3.1622777, 3.4641016]","[-3.5, -3.5, -3.5, -2.0, -1.5]","[2.0, 3.5]","[1.7320508, 3.4641016]","[-3.5, -1.5]","[4.0, 5.5]","[3.4641016, 5.477226]","[0.5, 2.0]","[4.0, 5.5]","[3.4641016, 5.477226]","[0.5, 2.0]",0,2,0,0,0.0,0.0,0
271,9,3,2,"[0.0, 0.5, 0.5, 1.0, 2.0, 2.5, 3.0, 5.0, 6.0, 7.0]","[0.0, 0.0, 0.0, 0.0, 0.0, 1.0, 2.4494898, 3.0, 5.91608, 7.0]","[2.0, 2.0, 2.0, 2.0, 2.0, 3.0, 3.0, 3.0, 3.0]","[0.0, 0.0, 0.0, 0.0, 0.0, 1.7320508, 1.7320508, 2.236068, 2.236068]","[-6.0, -5.0, -4.0, -3.5, -3.0, -2.5, -2.0, -1.5, -1.0]","[2.0, 2.0, 2.0]","[0.0, 0.0, 1.7320508]","[-6.0, -4.0, -3.0]","[2.0, 4.5, 7.0]","[0.0, 2.828427, 6.928203]","[-5.0, 3.0, 4.5]","[2.0, 4.5]","[2.0, 2.828427]","[-2.0, 4.5]",1,1,1,0,1.0,0.0,1
286,8,4,3,"[0.0, 0.0, 1.0, 2.0, 2.5, 3.0, 3.5, 5.5, 5.5, 6.0]","[0.0, 0.0, 0.0, 0.0, 0.0, 2.0, 3.4641016, 4.2426405, 4.8989797, 5.196152]","[0.5, 1.0, 1.0, 1.0, 1.5, 2.5, 3.5, 5.0]","[0.0, 0.0, 0.0, 1.0, 1.0, 1.4142135, 3.4641016, 4.0]","[-6.5, -5.0, -4.5, -3.5, -3.5, -3.0, -1.5, -1.0]","[0.5, 1.0, 1.5, 2.5]","[0.0, 0.0, 1.0, 1.4142135]","[-4.5, -3.5, -3.0, -1.0]","[2.0, 3.0, 3.5, 3.5]","[0.0, 1.7320508, 2.4494898, 3.4641016]","[-2.5, -2.0, 0.0, 2.0]","[2.0, 3.0, 6.0]","[0.0, 1.7320508, 5.656854]","[0.0, 0.0, 2.0]",1,2,1,0,1.0,0.0,1
648,4,3,2,"[0.0, 0.0, 0.0, 0.5, 1.0, 2.5, 3.5, 4.0, 4.5, 4.5]","[0.0, 0.0, 0.0, 0.0, 0.0, 0.0, 2.4494898, 3.1622777, 3.4641016, 4.472136]","[1.0, 1.0, 1.0, 2.5]","[0.0, 1.0, 1.0, 2.4494898]","[-6.0, -3.5, -2.5, -2.0]","[1.0, 1.0, 1.0]","[0.0, 1.0, 1.0]","[-6.0, -3.5, -2.5]","[4.5, 6.5, 7.0]","[2.828427, 6.3245554, 6.708204]","[2.5, 3.5, 5.5]","[5.5, 6.5]","[5.477226, 6.3245554]","[2.5, 5.5]",1,1,1,0,1.0,0.0,1
360,1,1,1,"[0.5, 0.5, 1.0, 1.0, 1.5, 2.0, 2.0, 4.0, 4.0, 5.0]","[0.0, 0.0, 0.0, 0.0, 0.0, 0.0, 1.0, 2.6457512, 3.8729835, 4.0]",[2.0],[1.7320508],[-2.5],[2.0],[1.7320508],[-2.5],[7.0],[7.0],[5.5],[7.0],[7.0],[5.5],0,1,0,0,0.0,0.0,1
5619,4,3,2,"[0.0, 0.5, 0.5, 2.0, 2.5, 2.5, 3.5, 4.5, 5.0, 7.5]","[0.0, 0.0, 0.0, 0.0, 0.0, 2.0, 2.4494898, 4.2426405, 4.8989797, 7.483315]","[1.5, 2.0, 3.0, 3.5]","[0.0, 1.4142135, 2.0, 2.828427]","[-4.0, -3.5, -1.5, -1.0]","[1.5, 2.0, 3.0]","[1.4142135, 2.0, 2.828427]","[-4.0, -3.5, -1.5]","[2.0, 5.0, 5.5]","[0.0, 4.582576, 4.8989797]","[0.5, 1.0, 1.5]","[3.0, 5.5]","[2.828427, 4.8989797]","[1.0, 2.5]",1,1,1,0,1.0,0.0,0
59163,3,2,2,"[0.5, 0.5, 1.0, 2.0, 2.5, 3.0, 3.0, 4.5, 5.0, 7.0]","[0.0, 0.0, 0.0, 2.0, 2.236068, 2.4494898, 2.828427, 4.2426405, 5.0, 6.928203]","[2.0, 2.5, 3.0]","[0.0, 2.0, 2.828427]","[-2.5, -2.0, -2.0]","[2.0, 3.0]","[0.0, 2.828427]","[-2.5, -2.0]","[4.5, 7.5]","[3.7416575, 7.3484693]","[0.5, 3.5]","[4.5, 7.5]","[3.7416575, 7.3484693]","[0.5, 3.5]",0,2,0,0,0.0,0.0,0
14291,5,4,1,"[0.0, 0.0, 0.5, 1.5, 1.5, 2.5, 2.5, 4.0, 5.0, 8.5]","[0.0, 0.0, 0.0, 1.4142135, 1.4142135, 2.0, 2.4494898, 3.8729835, 5.0, 8.485281]","[1.0, 1.0, 2.5, 3.5, 4.0]","[1.0, 1.0, 2.0, 2.4494898, 3.4641016]","[-3.5, -3.0, -2.5, -2.0, -1.5]","[1.0, 1.0, 3.5, 4.0]","[1.0, 1.0, 2.4494898, 3.4641016]","[-3.5, -3.0, -2.5, -2.0]","[1.0, 3.0, 3.5, 4.0]","[0.0, 0.0, 2.4494898, 3.4641016]","[-3.0, -2.0, -2.0, 0.0]",[6.0],[5.196152],[5.0],3,0,1,1,1.0,2.0,0
62932,4,3,2,"[0.5, 1.5, 1.5, 2.0, 2.0, 3.0, 3.0, 4.0, 4.5, 5.0]","[0.0, 0.0, 0.0, 0.0, 1.4142135, 1.4142135, 1.7320508, 2.6457512, 3.7416575, 4.582576]","[2.5, 2.5, 3.0, 4.5]","[2.236068, 2.4494898, 2.4494898, 4.472136]","[-2.5, -2.5, -2.5, -2.0]","[2.5, 2.5, 3.0]","[2.236068, 2.4494898, 2.4494898]","[-2.5, -2.5, -2.0]","[0.5, 1.0, 3.0]","[0.0, 0.0, 2.828427]","[-1.0, -0.5, -0.5]","[0.5, 4.0]","[0.0, 3.8729835]","[-0.5, 3.5]",1,1,1,0,1.0,0.0,0
738,2,2,2,"[0.5, 1.0, 1.5, 1.5, 1.5, 2.5, 3.0, 4.5, 4.5, 5.0]","[0.0, 0.0, 0.0, 1.0, 1.4142135, 1.4142135, 1.4142135, 2.236068, 2.828427, 5.0]","[2.5, 3.0]","[0.0, 0.0]","[-3.0, -1.5]","[2.5, 3.0]","[0.0, 0.0]","[-3.0, -1.5]","[2.0, 7.5]","[1.7320508, 7.3484693]","[1.5, 4.5]","[2.0, 7.5]","[1.7320508, 7.3484693]","[1.5, 4.5]",0,2,0,0,0.0,0.0,1
883,7,3,2,"[0.5, 1.0, 2.0, 2.5, 2.5, 3.0, 4.5, 5.5, 5.5, 6.5]","[0.0, 0.0, 0.0, 0.0, 0.0, 2.0, 4.2426405, 4.2426405, 5.2915025, 6.0]","[1.5, 2.5, 2.5, 3.5, 4.0, 5.0, 5.0]","[0.0, 2.0, 2.4494898, 3.1622777, 3.8729835, 4.0, 4.0]","[-5.0, -5.0, -4.0, -3.0, -3.0, -2.5, -1.5]","[1.5, 2.5, 3.5]","[0.0, 2.4494898, 3.1622777]","[-5.0, -4.0, -3.0]","[3.0, 4.0, 6.0]","[0.0, 3.4641016, 5.196152]","[1.0, 1.5, 1.5]","[4.0, 4.5]","[3.4641016, 4.472136]","[1.5, 3.5]",1,1,1,0,1.0,0.0,1
192,4,2,2,"[0.5, 0.5, 1.0, 2.5, 2.5, 3.0, 3.0, 3.5, 4.5, 5.5]","[0.0, 0.0, 0.0, 0.0, 2.236068, 2.4494898, 2.4494898, 2.828427, 3.4641016, 5.477226]","[0.5, 1.5, 2.5, 3.5]","[0.0, 0.0, 1.4142135, 3.1622777]","[-4.5, -3.5, -3.0, -2.0]","[0.5, 3.5]","[0.0, 3.1622777]","[-3.5, -3.0]","[1.0, 7.0]","[1.0, 6.928203]","[1.0, 3.5]","[1.0, 7.0]","[1.0, 6.928203]","[1.0, 3.5]",0,2,0,0,0.0,0.0,1
346,18,7,1,"[1.0, 1.0, 2.5, 3.5, 4.5, 5.0, 5.0, 5.5, 6.0, 6.5]","[1.0, 1.0, 2.4494898, 3.1622777, 3.7416575, 4.0, 4.0, 5.2915025, 6.0, 6.3245554]","[0.0, 0.5, 0.5, 0.5, 0.5, 1.0, 1.0, 1.5, 1.5, 1.5, 2.0, 2.0, 3.0, 3.0, 3.5, 4.0, 4.5, 6.0]","[0.0, 0.0, 0.0, 0.0, 0.0, 0.0, 0.0, 0.0, 0.0, 1.0, 1.4142135, 2.0, 2.0, 2.236068, 2.6457512, 3.1622777, 4.472136, 5.91608]","[-6.5, -5.5, -5.5, -5.0, -4.5, -4.5, -4.0, -4.0, -3.5, -3.0, -3.0, -3.0, -3.0, -2.5, -2.5, -2.0, -1.5, -1.0]","[0.0, 0.5, 0.5, 0.5, 1.0, 1.5, 3.0]","[0.0, 0.0, 0.0, 0.0, 0.0, 0.0, 1.4142135]","[-5.5, -5.0, -4.5, -4.0, -3.5, -2.5, -1.0]","[0.0, 0.5, 3.0, 3.5, 4.0, 4.5, 5.5]","[0.0, 0.0, 0.0, 0.0, 0.0, 4.472136, 5.477226]","[-4.5, -3.0, -2.0, -1.0, -1.0, -0.5, 2.5]",[1.5],[0.0],[-2.5],6,0,1,2,1.0,2.5,1
6605,9,3,2,"[1.0, 1.0, 2.0, 2.0, 3.0, 3.5, 4.0, 5.5, 5.5, 6.0]","[0.0, 0.0, 0.0, 1.0, 2.828427, 3.1622777, 4.0, 5.196152, 5.2915025, 5.2915025]","[1.0, 1.0, 1.5, 2.5, 3.0, 3.5, 4.0, 4.5, 5.0]","[0.0, 1.0, 1.4142135, 2.0, 2.236068, 2.4494898, 3.7416575, 3.8729835, 4.0]","[-5.0, -4.5, -4.0, -4.0, -3.0, -3.0, -2.0, -1.5, -1.5]","[1.0, 1.5, 4.0]","[1.0, 1.4142135, 3.8729835]","[-5.0, -4.0, -1.5]","[4.0, 5.0, 7.0]","[3.0, 3.8729835, 6.928203]","[-2.5, 2.5, 5.0]","[3.5, 7.0]","[3.4641016, 6.928203]","[0.5, 5.0]",1,1,1,0,1.0,0.0,0
9046,6,3,2,"[0.0, 0.5, 0.5, 1.5, 2.5, 4.0, 5.0, 5.5, 6.0, 6.5]","[0.0, 0.0, 0.0, 0.0, 1.4142135, 2.4494898, 4.8989797, 5.477226, 5.656854, 6.4807405]","[1.5, 2.0, 2.0, 3.0, 3.0, 3.0]","[0.0, 0.0, 0.0, 1.4142135, 1.7320508, 2.828427]","[-6.0, -5.5, -5.0, -3.5, -3.0, -1.5]","[1.5, 2.0, 3.0]","[1.4142135, 1.7320508, 2.828427]","[-5.5, -5.0, -3.0]","[3.0, 3.5, 5.5]","[0.0, 2.828427, 4.8989797]","[-1.0, 0.0, 0.5]","[3.0, 7.0]","[2.828427, 6.708204]","[0.0, 3.0]",1,1,1,0,1.0,0.0,0
48660,2,1,1,"[0.0, 0.0, 0.5, 0.5, 1.0, 1.5, 2.0, 4.0, 4.5, 4.5]","[0.0, 0.0, 0.0, 0.0, 0.0, 0.0, 0.0, 2.828427, 3.4641016, 4.2426405]","[1.5, 3.5]","[0.0, 0.0]","[-5.5, -1.5]",[1.5],[0.0],[-5.5],[6.5],[6.4807405],[4.5],[6.5],[6.4807405],[4.5],0,1,0,0,0.0,0.0,0
861,6,2,2,"[0.0, 0.5, 0.5, 1.0, 3.0, 3.0, 4.5, 5.0, 5.5, 7.5]","[0.0, 0.0, 0.0, 0.0, 2.828427, 3.0, 4.0, 4.2426405, 5.477226, 7.483315]","[1.5, 1.5, 2.5, 2.5, 3.0, 5.5]","[0.0, 0.0, 2.0, 2.0, 2.236068, 5.477226]","[-4.5, -4.0, -3.5, -3.0, -2.0, -2.0]","[1.5, 2.5]","[0.0, 2.0]","[-4.0, -3.5]","[5.5, 6.5]","[4.8989797, 6.3245554]","[-1.0, 4.0]","[5.5, 6.5]","[4.8989797, 6.3245554]","[-1.0, 4.0]",0,2,0,0,0.0,0.0,1
444,3,3,2,"[0.5, 1.0, 1.5, 1.5, 1.5, 1.5, 1.5, 2.0, 2.5, 6.0]","[0.0, 0.0, 0.0, 0.0, 0.0, 0.0, 0.0, 1.4142135, 1.4142135, 5.656854]","[1.5, 3.5, 3.5]","[0.0, 1.4142135, 3.4641016]","[-2.0, -1.0, -1.0]","[1.5, 3.5, 3.5]","[0.0, 1.4142135, 3.4641016]","[-2.0, -1.0, -1.0]","[4.0, 5.0, 6.0]","[2.6457512, 3.0, 5.656854]","[0.0, 4.0, 5.0]","[5.0, 5.0]","[3.0, 4.8989797]","[5.0, 5.0]",1,1,1,0,1.0,0.0,1
75880,2,2,2,"[0.0, 0.5, 0.5, 1.0, 1.0, 2.0, 2.5, 3.0, 4.5, 5.0]","[0.0, 0.0, 0.0, 0.0, 0.0, 0.0, 1.7320508, 3.0, 3.0, 3.7416575]","[3.0, 3.5]","[0.0, 3.1622777]","[-4.0, -1.5]","[3.0, 3.5]","[0.0, 3.1622777]","[-4.0, -1.5]","[5.0, 7.5]","[5.0, 7.483315]","[4.5, 6.0]","[5.0, 7.5]","[5.0, 7.483315]","[4.5, 6.0]",0,2,0,0,0.0,0.0,0
258,21,7,1,"[1.0, 2.0, 3.0, 3.0, 4.0, 5.0, 5.0, 5.5, 7.5, 8.5]","[0.0, 0.0, 2.236068, 2.236068, 2.6457512, 3.0, 4.582576, 4.8989797, 7.483315, 8.485281]","[0.0, 1.0, 1.0, 1.0, 1.5, 2.0, 2.0, 2.0, 2.0, 2.5, 2.5, 2.5, 3.5, 3.5, 3.5, 4.0, 4.5, 4.5, 5.5, 6.5, 6.5]","[0.0, 0.0, 0.0, 0.0, 0.0, 0.0, 1.0, 1.7320508, 1.7320508, 1.7320508, 2.4494898, 2.4494898, 2.6457512, 3.1622777, 3.1622777, 3.4641016, 3.7416575, 4.2426405, 4.8989797, 6.3245554, 6.4807405]","[-8.0, -6.0, -5.0, -5.0, -4.5, -4.0, -4.0, -3.5, -3.0, -3.0, -3.0, -3.0, -3.0, -2.5, -2.5, -2.0, -2.0, -1.5, -1.5, -1.5, -1.5]","[0.0, 1.0, 1.5, 2.0, 2.5, 2.5, 3.5]","[0.0, 0.0, 0.0, 0.0, 1.0, 2.4494898, 3.1622777]","[-8.0, -5.0, -5.0, -3.0, -1.5, -1.5, -1.5]","[2.0, 3.5, 4.0, 6.5, 6.5, 7.0, 7.5]","[0.0, 2.6457512, 3.4641016, 6.0, 6.4807405, 7.0, 7.3484693]","[-3.5, -1.5, -1.0, -0.5, 1.0, 1.5, 2.5]",[2.0],[0.0],[-1.0],6,1,0,1,0.0,6.0,1
22291,4,2,1,"[0.0, 0.5, 1.0, 1.0, 1.0, 2.0, 2.5, 3.5, 5.0, 8.0]","[0.0, 0.0, 0.0, 0.0, 0.0, 0.0, 0.0, 3.4641016, 4.582576, 8.0]","[1.0, 2.0, 2.0, 3.0]","[0.0, 1.0, 1.7320508, 2.0]","[-6.5, -4.5, -4.0, -1.5]","[1.0, 2.0]","[1.0, 1.7320508]","[-6.5, -4.5]","[4.0, 4.0]","[2.6457512, 3.4641016]","[-1.5, 0.0]",[6.5],[6.0],[5.0],1,0,1,0,1.0,0.0,0
749,5,2,1,"[0.0, 0.5, 1.0, 1.5, 2.0, 2.0, 2.5, 4.5, 4.5, 7.0]","[0.0, 0.0, 0.0, 0.0, 0.0, 1.7320508, 2.4494898, 2.828427, 2.828427, 6.708204]","[1.0, 2.0, 2.0, 3.0, 4.0]","[0.0, 0.0, 1.7320508, 2.828427, 3.4641016]","[-5.0, -4.5, -3.5, -2.5, -1.5]","[1.0, 2.0]","[0.0, 1.7320508]","[-5.0, -4.5]","[4.5, 5.5]","[3.7416575, 5.2915025]","[0.5, 2.0]",[3.5],[3.1622777],[3.0],1,0,1,0,1.0,0.0,1
48582,4,3,3,"[0.0, 1.0, 1.5, 1.5, 1.5, 2.5, 4.0, 4.5, 5.0, 6.0]","[0.0, 0.0, 0.0, 0.0, 0.0, 2.0, 2.828427, 4.0, 4.8989797, 5.91608]","[0.5, 2.0, 2.0, 2.5]","[0.0, 0.0, 0.0, 1.7320508]","[-4.0, -3.0, -2.5, -2.0]","[0.5, 2.0, 2.0]","[0.0, 0.0, 1.7320508]","[-4.0, -2.5, -2.0]","[3.5, 5.0, 6.5]","[3.4641016, 4.582576, 6.3245554]","[0.5, 2.5, 3.0]","[3.5, 5.0, 6.5]","[3.4641016, 4.582576, 6.3245554]","[0.5, 2.5, 3.0]",0,3,0,0,0.0,0.0,0
74,8,4,3,"[0.5, 0.5, 1.0, 1.0, 1.0, 1.5, 1.5, 5.0, 5.0, 5.5]","[0.0, 0.0, 0.0, 0.0, 0.0, 0.0, 0.0, 4.582576, 4.582576, 5.477226]","[0.5, 1.5, 1.5, 2.0, 2.5, 2.5, 3.5, 3.5]","[0.0, 0.0, 0.0, 2.0, 2.0, 2.0, 2.4494898, 3.1622777]","[-3.0, -3.0, -2.5, -2.5, -2.0, -1.5, -1.5, -1.0]","[0.5, 1.5, 1.5, 2.5]","[0.0, 0.0, 0.0, 2.0]","[-3.0, -2.5, -2.0, -1.5]","[2.0, 3.0, 5.0, 6.5]","[0.0, 2.236068, 4.582576, 6.3245554]","[-1.0, 1.5, 3.0, 3.5]","[2.0, 3.0, 4.0]","[0.0, 2.236068, 4.0]","[-1.0, 1.5, 4.0]",1,2,1,0,1.0,0.0,1
77473,6,3,3,"[0.5, 0.5, 1.0, 2.0, 2.0, 2.0, 2.5, 3.0, 6.0, 6.0]","[0.0, 0.0, 0.0, 1.0, 1.7320508, 1.7320508, 2.0, 2.828427, 5.656854, 6.0]","[0.5, 1.5, 2.5, 3.5, 4.5, 6.0]","[0.0, 1.4142135, 2.4494898, 3.1622777, 4.2426405, 5.91608]","[-3.0, -2.5, -1.5, -1.5, -1.0, -1.0]","[0.5, 1.5, 4.5]","[0.0, 1.4142135, 4.2426405]","[-3.0, -1.5, -1.0]","[3.0, 4.5, 5.5]","[2.828427, 4.2426405, 5.2915025]","[-0.5, 2.0, 3.5]","[3.0, 4.5, 5.5]","[2.828427, 4.2426405, 5.2915025]","[-0.5, 2.0, 3.5]",0,3,0,0,0.0,0.0,0
603,7,3,3,"[0.0, 0.5, 0.5, 1.0, 1.5, 2.0, 2.5, 3.5, 4.5, 5.0]","[0.0, 0.0, 0.0, 0.0, 0.0, 0.0, 1.4142135, 2.0, 4.0, 4.2426405]","[0.5, 1.0, 1.5, 2.0, 2.0, 3.0, 3.0]","[0.0, 0.0, 0.0, 0.0, 2.0, 2.236068, 3.0]","[-4.0, -3.5, -3.0, -3.0, -2.5, -2.5, -1.0]","[0.5, 2.0, 2.0]","[0.0, 0.0, 2.0]","[-3.5, -3.0, -2.5]","[3.5, 4.0, 6.5]","[2.4494898, 4.0, 6.3245554]","[2.5, 3.5, 4.5]","[3.5, 4.0, 6.5]","[2.4494898, 4.0, 6.3245554]","[2.5, 3.5, 4.5]",0,3,0,0,0.0,0.0,1
722,10,2,1,"[0.0, 0.5, 1.0, 1.0, 1.5, 3.0, 4.0, 4.5, 5.5, 7.0]","[0.0, 0.0, 0.0, 0.0, 1.0, 1.4142135, 2.236068, 2.828427, 5.477226, 7.0]","[1.0, 2.0, 2.0, 2.5, 3.5, 3.5, 3.5, 4.0, 5.5, 6.5]","[0.0, 1.7320508, 1.7320508, 2.0, 2.4494898, 2.4494898, 3.1622777, 4.0, 5.477226, 6.4807405]","[-5.0, -5.0, -4.5, -3.0, -2.5, -2.5, -1.5, -1.0, -1.0, -1.0]","[2.0, 2.0]","[1.7320508, 1.7320508]","[-5.0, -4.5]","[5.0, 7.0]","[4.582576, 6.928203]","[2.0, 4.0]",[5.5],[4.8989797],[5.0],1,0,1,0,1.0,0.0,1
996,2,2,2,"[0.0, 0.0, 0.5, 1.0, 2.5, 2.5, 3.0, 3.0, 3.0, 5.0]","[0.0, 0.0, 0.0, 0.0, 2.236068, 2.236068, 2.4494898, 2.4494898, 2.828427, 4.0]","[2.0, 2.5]","[2.0, 2.0]","[-3.5, -1.0]","[2.0, 2.5]","[2.0, 2.0]","[-3.5, -1.0]","[4.0, 8.0]","[3.8729835, 7.937254]","[2.0, 5.5]","[4.0, 8.0]","[3.8729835, 7.937254]","[2.0, 5.5]",0,2,0,0,0.0,0.0,1
1003,7,3,1,"[0.0, 0.0, 0.5, 1.0, 1.5, 3.0, 4.5, 4.5, 4.5, 8.0]","[0.0, 0.0, 0.0, 0.0, 0.0, 0.0, 2.236068, 2.828427, 4.2426405, 7.937254]","[0.5, 1.0, 1.0, 1.5, 3.0, 3.5, 5.0]","[0.0, 0.0, 0.0, 0.0, 1.4142135, 3.1622777, 4.8989797]","[-7.5, -4.5, -4.0, -4.0, -3.5, -3.5, -2.0]","[0.5, 1.0, 1.0]","[0.0, 0.0, 0.0]","[-7.5, -4.5, -3.5]","[1.5, 3.5, 5.0]","[1.4142135, 3.1622777, 4.0]","[-3.5, -0.5, 1.0]",[7.0],[6.928203],[5.0],2,0,1,0,2.0,0.0,1
640,13,3,2,"[0.0, 0.0, 0.5, 3.0, 3.5, 4.0, 4.5, 6.0, 6.5, 8.0]","[0.0, 0.0, 0.0, 0.0, 2.6457512, 2.828427, 3.1622777, 5.91608, 6.0, 7.937254]","[1.5, 1.5, 2.0, 2.5, 3.0, 3.0, 3.5, 4.0, 4.0, 4.0, 4.5, 4.5, 4.5]","[0.0, 0.0, 0.0, 1.4142135, 2.0, 2.6457512, 2.6457512, 2.828427, 2.828427, 3.1622777, 3.8729835, 4.2426405, 4.472136]","[-6.5, -5.5, -5.0, -5.0, -5.0, -4.5, -3.5, -3.5, -3.5, -3.0, -3.0, -2.0, -1.0]","[1.5, 1.5, 3.0]","[0.0, 0.0, 1.4142135]","[-6.5, -5.5, -5.0]","[2.5, 4.5, 5.0]","[2.0, 3.0, 4.472136]","[-3.5, -2.0, 4.0]","[4.5, 5.0]","[2.828427, 3.0]","[0.0, 4.0]",1,1,1,0,1.0,0.0,1
868,7,4,3,"[0.5, 1.0, 1.0, 2.0, 2.0, 2.5, 4.0, 4.5, 4.5, 6.5]","[0.0, 0.0, 0.0, 0.0, 1.7320508, 2.0, 2.6457512, 3.7416575, 4.472136, 6.0]","[0.5, 0.5, 1.5, 1.5, 1.5, 1.5, 3.5]","[0.0, 0.0, 0.0, 1.4142135, 1.4142135, 1.4142135, 2.4494898]","[-5.5, -5.5, -5.0, -3.0, -2.5, -2.0, -2.0]","[0.5, 0.5, 1.5, 1.5]","[0.0, 0.0, 1.4142135, 1.4142135]","[-5.5, -5.5, -2.0, -2.0]","[3.5, 3.5, 4.5, 9.0]","[3.1622777, 3.4641016, 3.7416575, 9.0]","[1.5, 2.0, 3.0, 5.0]","[3.5, 3.5, 4.0]","[3.1622777, 3.4641016, 4.0]","[0.5, 1.5, 2.0]",1,2,1,0,1.0,0.0,1
29006,2,2,1,"[0.0, 0.5, 1.5, 1.5, 2.0, 2.0, 3.0, 4.5, 5.0, 6.5]","[0.0, 0.0, 0.0, 1.4142135, 1.4142135, 1.7320508, 3.0, 4.2426405, 4.8989797, 6.4807405]","[2.5, 5.0]","[0.0, 5.0]","[-1.5, -1.0]","[2.5, 5.0]","[0.0, 5.0]","[-1.5, -1.0]","[4.5, 5.5]","[4.2426405, 4.8989797]","[-1.0, 2.5]",[2.5],[0.0],[0.5],1,0,1,0,1.0,0.0,0
268,8,4,1,"[0.0, 0.5, 0.5, 0.5, 1.5, 1.5, 2.0, 4.5, 8.0, 8.5]","[0.0, 0.0, 0.0, 0.0, 0.0, 1.4142135, 1.4142135, 4.2426405, 7.937254, 8.485281]","[2.5, 2.5, 3.0, 3.0, 3.5, 4.0, 5.5, 5.5]","[0.0, 0.0, 0.0, 2.4494898, 2.828427, 3.1622777, 4.8989797, 5.477226]","[-6.0, -5.0, -4.5, -3.0, -2.0, -1.0, -1.0, -1.0]","[2.5, 3.0, 3.5, 4.0]","[0.0, 2.4494898, 2.828427, 3.1622777]","[-4.5, -3.0, -2.0, -1.0]","[1.5, 3.0, 3.5, 5.5]","[0.0, 2.828427, 3.1622777, 5.2915025]","[-4.5, -3.0, -2.0, 1.0]",[6.5],[6.3245554],[5.5],3,0,1,1,1.0,2.0,1
33,9,2,1,"[0.0, 0.5, 1.0, 1.0, 1.0, 1.5, 2.5, 5.0, 7.0, 8.5]","[0.0, 0.0, 0.0, 0.0, 0.0, 0.0, 0.0, 4.582576, 6.708204, 8.485281]","[2.0, 2.0, 2.5, 2.5, 3.0, 3.5, 4.0, 4.0, 4.5]","[0.0, 0.0, 0.0, 0.0, 2.0, 2.4494898, 2.6457512, 3.4641016, 4.2426405]","[-5.5, -4.5, -3.5, -3.0, -2.5, -2.0, -2.0, -2.0, -1.0]","[2.5, 4.0]","[2.0, 3.4641016]","[-3.5, -2.0]","[5.0, 7.0]","[3.0, 7.0]","[-1.0, 5.5]",[2.5],[2.4494898],[0.0],1,0,1,0,1.0,0.0,1
12375,8,4,2,"[0.0, 1.0, 1.5, 1.5, 2.0, 3.0, 4.0, 4.0, 6.0, 6.5]","[0.0, 0.0, 0.0, 0.0, 1.4142135, 1.4142135, 3.4641016, 4.0, 5.656854, 6.0]","[1.0, 2.0, 2.0, 2.0, 3.0, 4.0, 4.0, 4.0]","[0.0, 0.0, 1.7320508, 1.7320508, 1.7320508, 2.6457512, 2.828427, 4.0]","[-4.5, -4.0, -4.0, -3.5, -3.0, -2.0, -1.5, -1.0]","[1.0, 2.0, 2.0, 2.0]","[0.0, 1.7320508, 1.7320508, 1.7320508]","[-4.5, -4.0, -3.0, -2.0]","[2.5, 4.0, 6.0, 6.5]","[0.0, 3.4641016, 6.0, 6.3245554]","[-1.5, 0.0, 1.5, 5.5]","[4.5, 6.5]","[2.828427, 6.3245554]","[2.0, 5.5]",2,1,1,0,2.0,0.0,0
170,5,1,1,"[0.0, 1.0, 1.5, 2.5, 2.5, 2.5, 3.0, 3.0, 3.0, 5.0]","[0.0, 0.0, 0.0, 0.0, 1.4142135, 2.0, 2.236068, 2.4494898, 3.0, 3.0]","[0.5, 1.5, 3.5, 3.5, 5.5]","[0.0, 0.0, 0.0, 3.4641016, 5.477226]","[-6.0, -4.5, -3.5, -2.0, -2.0]",[0.5],[0.0],[-6.0],[3.0],[0.0],[2.0],[3.0],[0.0],[2.0],0,1,0,0,0.0,0.0,1
351,6,2,2,"[0.5, 0.5, 1.0, 1.0, 1.0, 2.5, 2.5, 2.5, 5.5, 6.0]","[0.0, 0.0, 0.0, 0.0, 1.0, 1.0, 2.0, 2.0, 5.477226, 6.0]","[1.5, 2.0, 2.0, 2.5, 2.5, 2.5]","[0.0, 0.0, 0.0, 2.0, 2.0, 2.4494898]","[-4.0, -3.0, -3.0, -1.5, -1.0, -1.0]","[1.5, 2.0]","[0.0, 2.0]","[-4.0, -3.0]","[5.0, 6.0]","[4.582576, 5.656854]","[2.0, 3.0]","[5.0, 6.0]","[4.582576, 5.656854]","[2.0, 3.0]",0,2,0,0,0.0,0.0,1
731,8,3,1,"[0.0, 1.0, 2.5, 2.5, 3.0, 3.0, 3.5, 3.5, 5.0, 7.0]","[0.0, 1.0, 2.236068, 2.4494898, 2.4494898, 2.4494898, 2.828427, 3.1622777, 5.0, 6.928203]","[1.0, 1.0, 1.0, 1.5, 2.0, 2.5, 3.5, 3.5]","[0.0, 0.0, 0.0, 0.0, 1.0, 1.4142135, 3.4641016, 3.4641016]","[-4.5, -3.0, -3.0, -3.0, -2.5, -2.0, -1.0, -1.0]","[1.0, 1.0, 3.5]","[0.0, 1.0, 3.4641016]","[-4.5, -3.0, -2.0]","[1.0, 3.5, 5.5]","[0.0, 3.4641016, 5.2915025]","[-4.5, -3.0, 3.5]",[5.5],[5.2915025],[3.5],2,1,0,1,0.0,2.0,1
121,1,1,1,"[0.5, 1.0, 1.5, 1.5, 1.5, 1.5, 2.0, 2.0, 3.0, 5.0]","[0.0, 0.0, 0.0, 0.0, 1.4142135, 1.4142135, 1.7320508, 1.7320508, 3.0, 4.0]",[2.0],[0.0],[-2.5],[2.0],[0.0],[-2.5],[6.5],[6.0],[5.5],[6.5],[6.0],[5.5],0,1,0,0,0.0,0.0,1
78269,3,2,2,"[0.0, 0.5, 1.0, 1.0, 2.0, 2.5, 3.0, 3.5, 4.0, 4.5]","[0.0, 0.0, 0.0, 0.0, 0.0, 0.0, 0.0, 0.0, 2.828427, 3.8729835]","[1.5, 3.5, 6.5]","[1.4142135, 3.4641016, 6.3245554]","[-4.0, -2.0, -1.5]","[1.5, 3.5]","[1.4142135, 3.4641016]","[-4.0, -2.0]","[6.5, 8.5]","[6.3245554, 8.485281]","[6.5, 8.5]","[6.5, 8.5]","[6.3245554, 8.485281]","[6.5, 8.5]",0,2,0,0,0.0,0.0,0
10328,8,2,2,"[0.0, 0.5, 1.0, 1.5, 1.5, 4.0, 4.0, 5.0, 5.0, 8.0]","[0.0, 0.0, 0.0, 0.0, 0.0, 1.4142135, 3.0, 3.8729835, 4.0, 8.0]","[2.5, 2.5, 3.0, 3.0, 3.5, 4.0, 4.5, 5.5]","[2.236068, 2.236068, 2.4494898, 2.4494898, 3.1622777, 3.7416575, 3.8729835, 5.2915025]","[-5.0, -5.0, -4.0, -4.0, -3.0, -2.5, -2.0, -1.0]","[2.5, 2.5]","[2.4494898, 2.4494898]","[-4.0, -3.0]","[2.5, 6.0]","[2.0, 5.656854]","[0.5, 2.5]","[2.5, 6.0]","[2.0, 5.656854]","[0.5, 2.5]",0,2,0,0,0.0,0.0,0
62884,8,3,2,"[0.5, 1.5, 1.5, 1.5, 1.5, 2.5, 3.0, 4.0, 4.0, 8.0]","[0.0, 0.0, 1.4142135, 1.4142135, 1.4142135, 2.4494898, 2.828427, 3.4641016, 4.0, 7.937254]","[1.5, 1.5, 2.5, 2.5, 3.0, 3.0, 3.5, 4.0]","[0.0, 0.0, 1.4142135, 2.0, 2.236068, 2.4494898, 2.4494898, 3.8729835]","[-4.0, -3.0, -3.0, -3.0, -2.0, -2.0, -1.5, -1.5]","[1.5, 2.5, 3.0]","[1.4142135, 2.236068, 2.4494898]","[-4.0, -3.0, -2.0]","[4.0, 4.0, 5.0]","[0.0, 3.8729835, 4.582576]","[-1.5, 0.0, 2.0]","[3.0, 4.0]","[0.0, 0.0]","[0.5, 2.0]",1,1,1,0,1.0,0.0,0
136,2,2,2,"[0.5, 0.5, 0.5, 1.0, 2.0, 2.5, 3.0, 3.5, 3.5, 5.5]","[0.0, 0.0, 0.0, 0.0, 0.0, 1.7320508, 2.236068, 3.1622777, 3.4641016, 4.8989797]","[2.0, 2.5]","[2.0, 2.4494898]","[-2.0, -1.5]","[2.0, 2.5]","[2.0, 2.4494898]","[-2.0, -1.5]","[4.0, 4.0]","[2.6457512, 3.8729835]","[-1.0, 1.5]","[4.0, 4.0]","[2.6457512, 3.8729835]","[-1.0, 1.5]",0,2,0,0,0.0,0.0,1
852,2,2,2,"[0.0, 0.0, 0.5, 1.0, 1.5, 2.0, 2.0, 3.0, 6.0, 6.5]","[0.0, 0.0, 0.0, 0.0, 0.0, 0.0, 1.4142135, 1.7320508, 6.0, 6.0]","[1.5, 5.5]","[0.0, 4.8989797]","[-2.0, -2.0]","[1.5, 5.5]","[0.0, 4.8989797]","[-2.0, -2.0]","[5.0, 6.5]","[3.0, 6.0]","[2.0, 3.0]","[5.0, 6.5]","[3.0, 6.0]","[2.0, 3.0]",0,2,0,0,0.0,0.0,1
64679,9,3,1,"[0.5, 1.0, 1.0, 1.0, 3.5, 3.5, 4.5, 5.5, 7.0, 7.5]","[0.0, 0.0, 0.0, 0.0, 1.0, 2.4494898, 4.2426405, 4.8989797, 6.708204, 7.483315]","[2.0, 2.0, 2.0, 2.5, 2.5, 3.0, 3.0, 3.5, 4.5]","[0.0, 0.0, 1.7320508, 1.7320508, 2.0, 2.0, 2.236068, 3.4641016, 4.2426405]","[-5.5, -4.5, -4.5, -4.5, -4.0, -4.0, -3.5, -3.0, -2.5]","[2.0, 3.0, 3.5]","[0.0, 2.0, 3.4641016]","[-4.5, -4.5, -4.5]","[3.0, 3.5, 6.5]","[2.828427, 3.1622777, 6.0]","[-2.5, -0.5, 0.0]",[5.0],[3.0],[3.5],2,0,1,0,2.0,0.0,0
167,2,1,1,"[0.5, 0.5, 0.5, 1.5, 1.5, 2.0, 2.5, 2.5, 5.5, 5.5]","[0.0, 0.0, 0.0, 0.0, 0.0, 0.0, 1.7320508, 2.4494898, 4.2426405, 5.2915025]","[0.5, 2.5]","[0.0, 2.4494898]","[-3.0, -2.0]",[0.5],[0.0],[-3.0],[2.5],[2.4494898],[-1.0],[2.5],[2.4494898],[-1.0],0,1,0,0,0.0,0.0,1
154,2,1,1,"[0.0, 0.5, 0.5, 0.5, 1.0, 2.0, 2.0, 2.5, 4.0, 6.0]","[0.0, 0.0, 0.0, 0.0, 0.0, 0.0, 1.7320508, 2.0, 3.4641016, 5.656854]","[1.5, 1.5]","[0.0, 0.0]","[-3.5, -1.0]",[1.5],[0.0],[-3.5],[5.5],[5.477226],[0.5],[5.5],[5.477226],[0.5],0,1,0,0,0.0,0.0,1
6533,9,2,0,"[0.0, 1.0, 1.5, 2.0, 2.0, 3.0, 3.5, 4.0, 7.0, 8.5]","[0.0, 0.0, 0.0, 0.0, 1.7320508, 2.0, 2.6457512, 3.1622777, 6.708204, 8.485281]","[1.0, 1.5, 1.5, 2.5, 3.0, 3.0, 3.0, 3.5, 6.0]","[0.0, 0.0, 1.0, 1.4142135, 1.4142135, 2.0, 2.236068, 2.828427, 6.0]","[-7.0, -6.0, -4.5, -3.5, -3.5, -3.0, -2.5, -2.5, -1.5]","[1.0, 1.5]","[1.0, 1.4142135]","[-7.0, -6.0]","[1.0, 1.5]","[1.0, 1.4142135]","[-7.0, -6.0]",[],[],[],2,0,0,1,0.0,2.0,0
715,8,2,2,"[0.0, 1.0, 1.5, 1.5, 2.0, 3.5, 4.5, 4.5, 4.5, 5.0]","[0.0, 0.0, 0.0, 0.0, 0.0, 1.4142135, 1.4142135, 1.7320508, 4.2426405, 4.582576]","[1.0, 1.0, 1.5, 2.5, 4.0, 4.0, 5.0, 5.0]","[0.0, 0.0, 1.0, 1.4142135, 2.0, 4.0, 4.0, 4.8989797]","[-6.5, -5.0, -5.0, -4.0, -3.0, -2.0, -2.0, -2.0]","[1.0, 1.5]","[1.0, 1.4142135]","[-6.5, -4.0]","[1.5, 5.0]","[1.4142135, 4.0]","[0.5, 1.5]","[1.5, 5.0]","[1.4142135, 4.0]","[0.5, 1.5]",0,2,0,0,0.0,0.0,1
604,4,1,1,"[0.0, 0.0, 1.0, 2.0, 2.0, 3.5, 4.0, 4.0, 5.0, 6.0]","[0.0, 0.0, 0.0, 0.0, 1.7320508, 2.4494898, 2.6457512, 2.6457512, 5.0, 5.91608]","[2.5, 3.0, 4.0, 4.0]","[2.0, 2.828427, 3.8729835, 3.8729835]","[-3.0, -3.0, -1.5, -1.5]",[4.0],[3.8729835],[-3.0],[2.5],[2.0],[-0.5],[2.5],[2.0],[-0.5],0,1,0,0,0.0,0.0,1
81995,6,3,2,"[0.5, 1.0, 2.0, 2.0, 2.5, 2.5, 3.5, 4.0, 6.0, 6.0]","[0.0, 0.0, 1.0, 1.7320508, 1.7320508, 2.0, 2.4494898, 3.4641016, 5.196152, 5.196152]","[1.5, 2.0, 3.5, 3.5, 3.5, 5.0]","[0.0, 0.0, 1.4142135, 2.4494898, 2.4494898, 4.0]","[-5.0, -4.0, -2.5, -1.5, -1.0, -1.0]","[1.5, 2.0, 3.5]","[0.0, 1.4142135, 2.4494898]","[-4.0, -2.5, -1.0]","[1.0, 3.0, 6.0]","[0.0, 2.828427, 5.91608]","[-1.0, -0.5, 0.0]","[3.0, 5.0]","[2.828427, 3.0]","[-0.5, 3.0]",1,1,1,0,1.0,0.0,0
389,6,3,2,"[0.5, 1.0, 1.0, 1.0, 2.0, 2.0, 2.5, 3.0, 5.5, 7.5]","[0.0, 0.0, 0.0, 0.0, 0.0, 1.0, 1.7320508, 2.828427, 4.2426405, 7.3484693]","[1.0, 1.5, 2.0, 2.0, 2.5, 3.5]","[0.0, 0.0, 0.0, 1.7320508, 1.7320508, 2.0]","[-4.5, -4.5, -4.0, -4.0, -3.5, -3.0]","[1.0, 2.0, 2.0]","[0.0, 1.7320508, 1.7320508]","[-4.5, -4.5, -3.0]","[3.5, 4.0, 4.0]","[3.1622777, 3.8729835, 3.8729835]","[-1.5, 0.5, 3.0]","[4.0, 7.5]","[3.8729835, 7.483315]","[3.0, 6.5]",1,1,1,0,1.0,0.0,1
517,4,2,2,"[0.0, 0.5, 0.5, 1.0, 1.5, 2.5, 4.5, 4.5, 4.5, 4.5]","[0.0, 0.0, 0.0, 0.0, 0.0, 0.0, 0.0, 1.0, 2.0, 2.828427]","[1.5, 4.0, 4.0, 4.0]","[0.0, 2.6457512, 3.4641016, 3.8729835]","[-5.0, -5.0, -4.5, -2.5]","[1.5, 4.0]","[0.0, 3.8729835]","[-5.0, -4.5]","[4.5, 6.5]","[4.2426405, 6.4807405]","[4.5, 5.5]","[4.5, 6.5]","[4.2426405, 6.4807405]","[4.5, 5.5]",0,2,0,0,0.0,0.0,1
370,10,3,1,"[0.0, 0.0, 0.5, 1.0, 3.5, 3.5, 5.0, 5.0, 6.5, 8.0]","[0.0, 0.0, 0.0, 0.0, 0.0, 2.4494898, 3.0, 4.0, 6.3245554, 8.0]","[0.5, 2.0, 2.5, 3.0, 3.0, 3.5, 3.5, 4.0, 4.0, 4.5]","[0.0, 0.0, 1.7320508, 2.0, 2.6457512, 2.828427, 2.828427, 3.1622777, 3.4641016, 3.7416575]","[-7.5, -6.0, -5.0, -4.5, -4.0, -3.5, -3.5, -3.5, -3.5, -3.0]","[0.5, 3.5, 3.5]","[0.0, 0.0, 3.1622777]","[-7.5, -3.5, -3.0]","[4.5, 6.5, 8.0]","[2.828427, 6.3245554, 7.937254]","[0.0, 1.0, 2.0]",[8.0],[7.937254],[6.5],2,0,1,0,2.0,0.0,1
721,1,1,1,"[0.0, 0.5, 0.5, 0.5, 1.0, 1.0, 1.5, 2.0, 5.0, 5.5]","[0.0, 0.0, 0.0, 0.0, 0.0, 1.0, 1.4142135, 1.7320508, 4.0, 4.8989797]",[4.0],[3.4641016],[-4.0],[4.0],[3.4641016],[-4.0],[3.0],[2.236068],[0.5],[3.0],[2.236068],[0.5],0,1,0,0,0.0,0.0,1
54911,10,4,3,"[0.0, 1.0, 2.0, 2.0, 3.0, 4.5, 4.5, 5.5, 5.5, 5.5]","[0.0, 0.0, 0.0, 0.0, 0.0, 2.828427, 2.828427, 4.8989797, 4.8989797, 4.8989797]","[1.5, 2.0, 2.5, 3.5, 3.5, 3.5, 4.0, 4.0, 4.5, 6.0]","[0.0, 0.0, 0.0, 0.0, 2.0, 3.4641016, 3.7416575, 3.8729835, 3.8729835, 6.0]","[-4.5, -4.5, -4.5, -4.5, -4.0, -3.5, -2.5, -2.0, -2.0, -1.0]","[2.0, 4.0, 4.0, 4.5]","[2.0, 3.7416575, 3.8729835, 3.8729835]","[-4.0, -3.5, -2.5, -2.0]","[2.0, 3.5, 3.5, 6.5]","[2.0, 2.4494898, 3.1622777, 6.3245554]","[-2.0, 0.5, 1.5, 6.0]","[2.0, 5.5, 6.5]","[2.0, 5.2915025, 6.3245554]","[1.5, 2.5, 6.0]",1,2,1,0,1.0,0.0,0
141,6,3,2,"[0.0, 0.5, 0.5, 1.0, 1.5, 2.0, 3.5, 5.0, 5.0, 6.0]","[0.0, 0.0, 0.0, 1.0, 1.4142135, 2.0, 3.1622777, 4.0, 4.582576, 5.91608]","[0.5, 2.0, 2.5, 3.5, 4.0, 4.0]","[0.0, 0.0, 2.0, 2.6457512, 3.1622777, 4.0]","[-3.0, -3.0, -2.5, -2.0, -1.5, -1.0]","[0.5, 2.0, 4.0]","[0.0, 2.0, 2.6457512]","[-3.0, -3.0, -1.0]","[3.5, 4.0, 6.5]","[3.1622777, 4.0, 6.3245554]","[-2.5, -2.0, 5.0]","[5.0, 6.5]","[3.0, 6.3245554]","[-1.0, 5.0]",1,1,1,0,1.0,0.0,1
62803,5,3,2,"[0.5, 0.5, 1.0, 1.0, 1.5, 1.5, 3.0, 3.5, 4.5, 8.5]","[0.0, 0.0, 0.0, 0.0, 0.0, 0.0, 0.0, 2.828427, 4.2426405, 8.485281]","[2.5, 2.5, 4.0, 5.0, 5.5]","[2.0, 2.4494898, 2.6457512, 4.8989797, 5.477226]","[-4.0, -3.0, -2.0, -1.5, -1.0]","[2.5, 2.5, 5.0]","[2.0, 2.4494898, 4.8989797]","[-4.0, -3.0, -1.5]","[1.5, 3.5, 5.5]","[1.4142135, 2.4494898, 5.2915025]","[-1.5, 0.0, 1.0]","[1.5, 8.5]","[1.4142135, 8.485281]","[0.0, 7.5]",1,1,1,0,1.0,0.0,0
207,1,1,1,"[0.0, 0.0, 0.0, 0.5, 0.5, 0.5, 2.0, 3.0, 3.0, 5.5]","[0.0, 0.0, 0.0, 0.0, 0.0, 0.0, 0.0, 1.7320508, 2.236068, 4.2426405]",[2.5],[2.4494898],[-4.5],[2.5],[2.4494898],[-4.5],[6.5],[6.0],[5.0],[6.5],[6.0],[5.0],0,1,0,0,0.0,0.0,1
333,9,4,3,"[1.0, 2.0, 2.0, 2.0, 3.0, 3.5, 3.5, 5.0, 5.0, 6.5]","[0.0, 0.0, 0.0, 0.0, 1.0, 3.4641016, 3.4641016, 4.582576, 5.0, 6.0]","[1.0, 2.0, 2.5, 2.5, 2.5, 3.0, 3.0, 3.5, 3.5]","[0.0, 0.0, 1.0, 2.0, 2.0, 2.4494898, 2.828427, 3.1622777, 3.1622777]","[-4.5, -4.5, -4.0, -3.5, -3.5, -3.0, -2.5, -1.5, -1.5]","[1.0, 2.0, 2.5, 3.0]","[1.0, 2.0, 2.4494898, 2.828427]","[-4.5, -3.5, -2.5, -1.5]","[3.0, 4.5, 6.0, 7.0]","[2.236068, 4.2426405, 5.91608, 6.928203]","[-1.0, 1.0, 3.0, 4.5]","[3.0, 6.5, 7.0]","[2.236068, 6.3245554, 6.928203]","[-1.0, 4.5, 5.0]",1,2,1,0,1.0,0.0,1
662,1,1,1,"[1.0, 1.0, 1.5, 1.5, 2.0, 2.5, 2.5, 2.5, 4.5, 5.0]","[0.0, 0.0, 0.0, 0.0, 0.0, 0.0, 1.4142135, 2.0, 2.828427, 4.0]",[3.5],[3.4641016],[-3.0],[3.5],[3.4641016],[-3.0],[5.5],[5.477226],[4.5],[5.5],[5.477226],[4.5],0,1,0,0,0.0,0.0,1
13148,9,3,1,"[1.0, 1.5, 1.5, 2.0, 2.5, 3.0, 3.5, 4.0, 4.5, 8.0]","[0.0, 0.0, 0.0, 1.7320508, 2.4494898, 2.4494898, 2.6457512, 2.828427, 4.472136, 8.0]","[1.0, 1.0, 2.0, 2.5, 2.5, 3.0, 3.0, 3.5, 5.5]","[0.0, 0.0, 0.0, 1.0, 2.0, 2.4494898, 2.828427, 2.828427, 5.477226]","[-4.5, -4.0, -3.5, -3.0, -2.5, -2.5, -2.0, -1.5, -1.0]","[1.0, 2.0, 3.0]","[0.0, 2.0, 2.828427]","[-4.5, -3.5, -3.0]","[2.0, 3.0, 4.0]","[2.0, 2.828427, 3.8729835]","[-4.5, -3.0, 3.5]",[4.0],[3.8729835],[3.5],2,1,0,1,0.0,2.0,0
846,8,3,2,"[0.0, 0.0, 0.5, 2.5, 3.0, 3.0, 3.5, 3.5, 4.0, 7.5]","[0.0, 0.0, 0.0, 0.0, 2.236068, 2.236068, 2.4494898, 3.4641016, 3.4641016, 7.483315]","[0.5, 2.0, 2.0, 2.5, 4.0, 4.0, 4.0, 4.5]","[0.0, 0.0, 2.0, 2.4494898, 3.4641016, 3.8729835, 3.8729835, 4.472136]","[-6.0, -3.0, -3.0, -2.5, -2.5, -2.0, -2.0, -1.0]","[0.5, 2.5, 4.0]","[0.0, 2.4494898, 3.8729835]","[-6.0, -3.0, -2.5]","[2.5, 6.0, 7.5]","[2.4494898, 5.656854, 7.3484693]","[-2.0, 1.5, 7.0]","[2.0, 7.5]","[0.0, 7.3484693]","[0.5, 7.0]",1,1,1,0,1.0,0.0,1
87493,5,3,3,"[0.0, 1.0, 1.0, 1.5, 2.0, 3.0, 3.0, 4.5, 4.5, 4.5]","[0.0, 0.0, 0.0, 0.0, 1.0, 2.0, 2.828427, 3.0, 3.7416575, 3.7416575]","[1.5, 1.5, 2.0, 3.0, 4.5]","[0.0, 1.4142135, 1.7320508, 2.828427, 4.472136]","[-5.5, -3.0, -2.5, -2.5, -2.5]","[1.5, 1.5, 2.0]","[0.0, 1.4142135, 1.7320508]","[-5.5, -3.0, -2.5]","[2.5, 3.5, 5.0]","[0.0, 2.4494898, 5.0]","[1.0, 1.0, 4.5]","[2.5, 3.5, 5.0]","[0.0, 2.4494898, 5.0]","[1.0, 1.0, 4.5]",0,3,0,0,0.0,0.0,0
183,5,2,2,"[0.0, 0.0, 1.5, 1.5, 1.5, 2.0, 3.5, 4.5, 5.0, 6.5]","[0.0, 0.0, 0.0, 0.0, 0.0, 0.0, 0.0, 2.0, 3.0, 6.4807405]","[2.0, 2.5, 3.0, 4.5, 4.5]","[2.0, 2.236068, 2.4494898, 4.2426405, 4.472136]","[-6.0, -5.0, -3.0, -3.0, -2.5]","[2.0, 2.5]","[2.0, 2.4494898]","[-6.0, -2.5]","[5.0, 7.0]","[4.8989797, 6.708204]","[2.0, 6.5]","[5.0, 7.0]","[4.8989797, 6.708204]","[2.0, 6.5]",0,2,0,0,0.0,0.0,1
90216,2,2,2,"[0.5, 0.5, 1.0, 1.0, 1.0, 2.0, 2.0, 2.5, 2.5, 6.0]","[0.0, 0.0, 0.0, 0.0, 0.0, 0.0, 0.0, 1.0, 1.7320508, 5.196152]","[2.0, 3.0]","[1.7320508, 3.0]","[-4.0, -1.5]","[2.0, 3.0]","[1.7320508, 3.0]","[-4.0, -1.5]","[1.5, 6.5]","[0.0, 6.4807405]","[0.0, 6.0]","[1.5, 6.5]","[0.0, 6.4807405]","[0.0, 6.0]",0,2,0,0,0.0,0.0,0
660,5,3,2,"[0.0, 0.5, 1.0, 1.0, 1.5, 2.0, 2.5, 4.5, 4.5, 6.0]","[0.0, 0.0, 0.0, 0.0, 0.0, 1.0, 2.0, 2.828427, 3.7416575, 5.91608]","[1.5, 1.5, 2.0, 2.0, 3.0]","[0.0, 0.0, 0.0, 1.4142135, 2.236068]","[-4.5, -4.0, -2.5, -2.0, -1.0]","[1.5, 2.0, 3.0]","[0.0, 1.4142135, 2.236068]","[-4.5, -4.0, -1.0]","[2.0, 3.5, 4.5]","[0.0, 3.4641016, 4.2426405]","[-2.0, 1.0, 3.0]","[4.0, 4.5]","[3.4641016, 4.2426405]","[3.0, 3.5]",1,1,1,0,1.0,0.0,1
88059,11,4,3,"[1.0, 2.5, 2.5, 3.0, 3.5, 3.5, 4.0, 4.5, 6.0, 6.0]","[0.0, 0.0, 1.0, 2.4494898, 2.4494898, 2.4494898, 3.0, 4.2426405, 5.91608, 5.91608]","[1.5, 2.0, 2.5, 2.5, 3.0, 3.0, 3.0, 3.5, 4.0, 4.0, 5.5]","[0.0, 0.0, 1.7320508, 2.0, 2.4494898, 2.4494898, 2.828427, 3.0, 3.8729835, 4.0, 5.477226]","[-4.5, -4.0, -3.5, -3.0, -3.0, -2.5, -2.5, -2.0, -1.5, -1.5, -1.5]","[1.5, 2.0, 2.5, 3.0]","[0.0, 1.7320508, 2.4494898, 3.0]","[-4.0, -3.5, -3.0, -2.0]","[2.0, 3.5, 4.0, 5.5]","[0.0, 0.0, 1.7320508, 5.2915025]","[-0.5, 0.0, 1.0, 2.0]","[1.5, 2.0, 4.0]","[0.0, 0.0, 1.7320508]","[-1.5, 0.0, 1.0]",1,2,1,0,1.0,0.0,0
57,1,1,1,"[0.0, 0.0, 0.0, 0.0, 0.0, 1.0, 2.5, 3.5, 4.5, 4.5]","[0.0, 0.0, 0.0, 0.0, 0.0, 0.0, 0.0, 2.4494898, 4.2426405, 4.472136]",[3.0],[0.0],[-2.5],[3.0],[0.0],[-2.5],[2.5],[2.4494898],[0.0],[2.5],[2.4494898],[0.0],0,1,0,0,0.0,0.0,1
655,6,3,2,"[0.5, 1.0, 1.5, 1.5, 1.5, 2.0, 2.0, 4.0, 5.5, 7.5]","[0.0, 0.0, 0.0, 1.4142135, 1.4142135, 1.7320508, 1.7320508, 2.6457512, 5.2915025, 7.483315]","[1.0, 1.5, 2.5, 2.5, 3.5, 5.5]","[1.0, 1.4142135, 2.0, 2.4494898, 2.4494898, 5.2915025]","[-5.0, -4.0, -4.0, -2.5, -2.0, -2.0]","[1.0, 1.5, 2.5]","[1.0, 1.4142135, 2.0]","[-4.0, -4.0, -2.5]","[1.5, 2.5, 5.5]","[0.0, 1.4142135, 5.2915025]","[-2.5, 1.5, 1.5]","[2.5, 4.0]","[0.0, 4.0]","[1.5, 3.5]",1,1,1,0,1.0,0.0,1
97,7,3,3,"[0.5, 1.0, 1.0, 1.5, 2.0, 2.5, 2.5, 4.0, 5.5, 8.5]","[0.0, 0.0, 0.0, 0.0, 0.0, 1.0, 2.0, 2.6457512, 5.477226, 8.485281]","[1.0, 1.5, 2.0, 2.5, 3.0, 3.5, 4.5]","[0.0, 0.0, 1.4142135, 1.7320508, 2.236068, 2.4494898, 4.472136]","[-7.0, -4.5, -2.5, -2.0, -2.0, -2.0, -1.0]","[1.0, 1.5, 2.5]","[0.0, 1.4142135, 2.4494898]","[-7.0, -2.5, -1.0]","[5.0, 6.5, 7.0]","[5.0, 6.4807405, 6.928203]","[2.0, 2.0, 6.0]","[5.0, 6.5, 7.0]","[5.0, 6.4807405, 6.928203]","[2.0, 2.0, 6.0]",0,3,0,0,0.0,0.0,1
12308,6,2,2,"[0.5, 1.0, 1.0, 1.5, 2.0, 2.0, 3.0, 4.5, 7.5, 8.0]","[0.0, 0.0, 0.0, 0.0, 0.0, 1.7320508, 2.236068, 4.472136, 7.3484693, 7.937254]","[1.0, 1.0, 1.0, 3.0, 4.0, 4.5]","[0.0, 0.0, 0.0, 1.0, 2.6457512, 2.828427]","[-6.0, -4.5, -4.5, -3.5, -3.0, -3.0]","[1.0, 1.0]","[0.0, 1.0]","[-4.5, -4.5]","[4.0, 6.5]","[0.0, 6.3245554]","[0.5, 3.5]","[4.0, 6.5]","[0.0, 6.3245554]","[0.5, 3.5]",0,2,0,0,0.0,0.0,0
547,14,4,2,"[0.5, 0.5, 1.5, 1.5, 3.5, 3.5, 4.5, 5.0, 5.0, 7.0]","[0.0, 0.0, 0.0, 0.0, 0.0, 1.4142135, 3.0, 3.1622777, 4.8989797, 6.928203]","[1.0, 1.0, 1.5, 1.5, 2.0, 2.0, 2.0, 3.0, 3.0, 3.5, 4.0, 5.0, 5.0, 5.0]","[0.0, 0.0, 0.0, 0.0, 0.0, 0.0, 0.0, 1.7320508, 2.236068, 3.1622777, 4.0, 4.0, 4.8989797, 4.8989797]","[-7.5, -7.0, -6.5, -4.5, -4.0, -3.5, -3.5, -2.5, -2.0, -2.0, -1.5, -1.5, -1.5, -1.0]","[1.0, 1.5, 2.0, 3.0]","[0.0, 0.0, 1.7320508, 2.236068]","[-7.0, -4.5, -2.0, -1.0]","[1.0, 3.5, 4.5, 5.5]","[0.0, 3.4641016, 4.472136, 4.8989797]","[-7.5, 1.0, 3.0, 3.5]","[2.0, 3.5]","[0.0, 3.4641016]","[-2.5, 3.5]",2,1,1,0,2.0,0.0,1
96458,4,3,2,"[0.0, 0.0, 0.0, 0.5, 1.5, 2.5, 2.5, 2.5, 3.0, 7.0]","[0.0, 0.0, 0.0, 0.0, 0.0, 0.0, 1.4142135, 2.236068, 2.4494898, 6.928203]","[2.0, 2.5, 3.5, 4.0]","[0.0, 2.4494898, 2.4494898, 3.8729835]","[-4.0, -1.5, -1.5, -1.5]","[2.0, 2.5, 4.0]","[0.0, 2.4494898, 3.8729835]","[-4.0, -1.5, -1.5]","[6.0, 7.0, 8.0]","[5.656854, 7.0, 7.937254]","[3.0, 4.0, 5.0]","[4.5, 7.0]","[3.7416575, 7.0]","[4.5, 5.0]",1,1,1,0,1.0,0.0,0
525,8,4,2,"[0.0, 1.0, 1.0, 1.5, 2.0, 2.0, 2.5, 2.5, 7.0, 7.5]","[0.0, 0.0, 0.0, 0.0, 1.7320508, 2.0, 2.0, 2.4494898, 6.928203, 7.3484693]","[1.5, 1.5, 2.0, 2.0, 2.5, 3.0, 4.5, 6.5]","[0.0, 0.0, 0.0, 1.4142135, 1.7320508, 2.0, 2.828427, 6.4807405]","[-4.0, -3.5, -3.0, -2.5, -2.5, -2.0, -2.0, -1.0]","[1.5, 1.5, 2.0, 2.5]","[0.0, 0.0, 1.4142135, 2.0]","[-4.0, -3.5, -3.0, -2.5]","[4.5, 4.5, 5.0, 5.0]","[2.828427, 2.828427, 4.582576, 4.8989797]","[-1.0, 0.5, 1.0, 1.5]","[2.0, 4.0]","[0.0, 4.0]","[1.5, 2.0]",2,0,2,0,1.0,0.0,1
668,9,2,1,"[0.0, 1.5, 2.0, 2.0, 2.0, 3.0, 3.5, 4.0, 6.5, 8.5]","[0.0, 0.0, 0.0, 0.0, 0.0, 0.0, 0.0, 2.0, 6.0, 8.485281]","[1.5, 2.0, 2.5, 2.5, 3.5, 3.5, 3.5, 4.0, 4.5]","[0.0, 0.0, 2.0, 2.0, 2.4494898, 2.4494898, 2.6457512, 3.1622777, 4.2426405]","[-5.5, -4.5, -4.0, -4.0, -4.0, -3.5, -3.5, -2.5, -2.0]","[3.5, 3.5]","[0.0, 2.4494898]","[-5.5, -4.0]","[1.5, 6.0]","[0.0, 5.656854]","[-4.5, 1.5]",[4.5],[3.7416575],[2.5],1,0,1,0,1.0,0.0,1
77855,7,2,2,"[0.0, 0.5, 1.0, 2.0, 2.0, 3.0, 3.5, 5.0, 5.0, 6.5]","[0.0, 0.0, 0.0, 1.7320508, 2.0, 2.236068, 2.4494898, 4.582576, 5.0, 6.3245554]","[0.5, 1.0, 2.5, 2.5, 3.0, 3.5, 4.5]","[0.0, 1.0, 2.0, 2.4494898, 2.828427, 3.4641016, 4.472136]","[-4.0, -3.5, -3.5, -2.0, -2.0, -1.5, -1.5]","[0.5, 3.0]","[0.0, 2.828427]","[-3.5, -2.0]","[2.5, 7.0]","[2.0, 7.0]","[-1.5, 0.5]","[2.5, 7.0]","[2.0, 7.0]","[-1.5, 0.5]",0,2,0,0,0.0,0.0,0
27123,7,2,2,"[0.5, 0.5, 1.5, 2.0, 2.5, 3.0, 3.0, 4.5, 4.5, 5.5]","[0.0, 0.0, 0.0, 0.0, 0.0, 2.0, 2.236068, 2.828427, 2.828427, 4.8989797]","[1.5, 2.0, 2.5, 2.5, 2.5, 3.0, 5.0]","[0.0, 0.0, 0.0, 1.4142135, 1.7320508, 2.0, 4.8989797]","[-5.5, -5.5, -4.0, -2.5, -2.0, -2.0, -1.5]","[2.0, 2.5]","[0.0, 1.7320508]","[-5.5, -2.0]","[2.5, 4.0]","[2.4494898, 3.4641016]","[1.5, 2.0]","[2.5, 4.0]","[2.4494898, 3.4641016]","[1.5, 2.0]",0,2,0,0,0.0,0.0,0
693,8,3,2,"[0.0, 0.5, 1.0, 2.0, 2.0, 2.5, 3.0, 4.5, 6.0, 7.5]","[0.0, 0.0, 0.0, 1.0, 1.7320508, 2.0, 2.828427, 3.7416575, 5.91608, 7.3484693]","[0.5, 1.0, 1.5, 2.5, 2.5, 3.0, 3.0, 3.0]","[0.0, 0.0, 0.0, 0.0, 0.0, 0.0, 2.0, 2.828427]","[-5.0, -4.5, -4.0, -3.5, -3.0, -3.0, -2.5, -1.5]","[0.5, 3.0, 3.0]","[0.0, 0.0, 2.828427]","[-5.0, -2.5, -1.5]","[4.5, 5.0, 5.5]","[0.0, 4.0, 4.2426405]","[0.0, 1.0, 3.0]","[4.5, 4.5]","[0.0, 2.828427]","[-2.0, 3.0]",1,1,1,0,1.0,0.0,1
77,4,3,2,"[0.5, 1.0, 1.5, 2.0, 2.5, 3.0, 3.5, 3.5, 5.5, 5.5]","[0.0, 1.0, 1.4142135, 1.7320508, 2.4494898, 2.4494898, 2.828427, 3.1622777, 4.2426405, 4.2426405]","[1.5, 2.0, 3.5, 6.5]","[1.4142135, 1.7320508, 2.4494898, 6.4807405]","[-2.5, -2.5, -2.0, -1.5]","[1.5, 2.0, 3.5]","[1.4142135, 1.7320508, 2.4494898]","[-2.5, -2.0, -1.5]","[3.5, 4.0, 8.0]","[0.0, 2.6457512, 7.937254]","[1.0, 2.0, 6.0]","[8.0, 9.0]","[7.937254, 9.0]","[6.0, 7.5]",1,1,1,0,1.0,0.0,1
374,9,5,2,"[0.0, 1.5, 3.0, 3.0, 3.0, 3.0, 3.5, 3.5, 5.0, 7.0]","[0.0, 0.0, 0.0, 2.236068, 2.236068, 3.0, 3.1622777, 3.1622777, 4.0, 6.928203]","[1.0, 1.0, 1.0, 1.5, 2.0, 2.0, 2.5, 4.5, 5.5]","[0.0, 0.0, 0.0, 1.0, 1.0, 1.7320508, 2.4494898, 4.2426405, 5.477226]","[-4.5, -3.5, -3.5, -3.0, -2.5, -2.5, -2.0, -1.5, -1.0]","[1.0, 1.0, 1.5, 2.0, 2.5]","[0.0, 0.0, 1.0, 1.7320508, 2.4494898]","[-4.5, -3.5, -3.0, -2.5, -1.5]","[1.0, 1.0, 1.0, 5.5, 6.0]","[0.0, 1.0, 1.0, 5.477226, 5.91608]","[-3.0, -1.5, -1.0, 0.0, 5.0]","[2.0, 6.0]","[1.7320508, 5.91608]","[-2.0, 5.0]",3,1,1,1,1.0,2.0,1
343,5,3,2,"[0.0, 0.5, 1.5, 2.0, 2.0, 3.0, 3.0, 3.5, 4.5, 6.5]","[0.0, 0.0, 0.0, 0.0, 0.0, 1.4142135, 2.828427, 2.828427, 4.2426405, 6.3245554]","[1.0, 1.5, 1.5, 2.5, 2.5]","[0.0, 0.0, 1.4142135, 2.0, 2.4494898]","[-4.5, -4.0, -3.5, -1.5, -1.0]","[1.0, 1.5, 1.5]","[0.0, 0.0, 1.4142135]","[-4.5, -4.0, -1.5]","[7.0, 7.5, 8.5]","[6.708204, 7.3484693, 8.485281]","[3.5, 4.5, 5.5]","[8.0, 8.5]","[7.937254, 8.485281]","[5.5, 8.0]",1,1,1,0,1.0,0.0,1
74835,11,5,2,"[0.0, 1.0, 1.0, 2.0, 3.5, 4.0, 6.0, 6.0, 6.0, 7.0]","[0.0, 0.0, 1.0, 1.0, 3.4641016, 3.4641016, 5.656854, 5.656854, 6.0, 7.0]","[0.5, 1.0, 1.5, 1.5, 2.0, 2.5, 3.0, 3.0, 3.0, 3.0, 6.0]","[0.0, 0.0, 0.0, 0.0, 0.0, 0.0, 2.0, 2.236068, 3.0, 3.0, 5.91608]","[-6.0, -5.0, -4.5, -4.0, -4.0, -2.5, -2.5, -2.0, -1.5, -1.0, -1.0]","[0.5, 1.0, 1.5, 2.0, 3.0]","[0.0, 0.0, 0.0, 2.0, 3.0]","[-5.0, -4.0, -4.0, -2.0, -1.0]","[4.0, 5.0, 5.0, 6.5, 8.5]","[4.0, 5.0, 5.0, 6.3245554, 8.485281]","[-1.0, -1.0, 3.0, 3.5, 4.5]","[2.0, 5.5]","[2.0, 5.2915025]","[-1.5, 4.5]",3,0,2,0,1.5,0.0,0
52988,6,3,1,"[0.0, 0.5, 1.0, 2.0, 2.5, 3.0, 4.0, 4.0, 5.0, 7.0]","[0.0, 0.0, 0.0, 0.0, 1.0, 2.0, 2.6457512, 2.6457512, 5.0, 6.928203]","[1.0, 1.5, 3.0, 3.5, 4.0, 4.0]","[0.0, 1.0, 2.6457512, 2.828427, 3.1622777, 3.4641016]","[-5.5, -4.0, -3.5, -3.0, -2.0, -2.0]","[1.0, 1.5, 3.0]","[0.0, 1.0, 2.828427]","[-5.5, -4.0, -3.5]","[5.5, 6.0, 8.0]","[5.196152, 5.477226, 7.937254]","[0.5, 3.0, 3.5]",[6.0],[5.656854],[5.5],2,0,1,0,2.0,0.0,0
949,2,1,1,"[0.0, 0.5, 1.5, 2.0, 2.0, 2.5, 3.0, 4.0, 4.0, 4.5]","[0.0, 0.0, 0.0, 0.0, 0.0, 2.0, 2.6457512, 2.6457512, 2.828427, 2.828427]","[1.0, 3.0]","[1.0, 2.828427]","[-5.0, -4.5]",[1.0],[1.0],[-5.0],[6.0],[5.91608],[4.5],[6.0],[5.91608],[4.5],0,1,0,0,0.0,0.0,1
359,8,2,2,"[0.0, 0.0, 0.5, 1.5, 2.5, 3.0, 3.5, 4.0, 4.5, 5.5]","[0.0, 0.0, 0.0, 0.0, 0.0, 2.0, 2.236068, 2.4494898, 2.6457512, 5.2915025]","[0.5, 1.5, 1.5, 2.0, 2.5, 3.0, 4.0, 4.0]","[0.0, 0.0, 0.0, 1.4142135, 1.4142135, 1.7320508, 2.4494898, 4.0]","[-6.5, -5.5, -4.0, -4.0, -3.5, -3.0, -1.0, -1.0]","[0.5, 1.5]","[0.0, 1.4142135]","[-6.5, -5.5]","[6.0, 6.5]","[5.91608, 6.3245554]","[4.0, 5.5]","[6.0, 6.5]","[5.91608, 6.3245554]","[4.0, 5.5]",0,2,0,0,0.0,0.0,1
190,2,2,2,"[0.0, 0.0, 0.5, 1.5, 1.5, 2.0, 2.0, 2.0, 7.0, 7.5]","[0.0, 0.0, 0.0, 0.0, 1.4142135, 1.7320508, 1.7320508, 1.7320508, 7.0, 7.483315]","[2.5, 3.5]","[0.0, 3.1622777]","[-1.5, -1.5]","[2.5, 3.5]","[0.0, 3.1622777]","[-1.5, -1.5]","[3.0, 4.5]","[0.0, 4.472136]","[-1.5, 1.0]","[3.0, 4.5]","[0.0, 4.472136]","[-1.5, 1.0]",0,2,0,0,0.0,0.0,1
99235,7,3,2,"[1.0, 1.0, 1.5, 2.0, 2.5, 4.0, 4.5, 4.5, 4.5, 7.5]","[0.0, 0.0, 1.0, 2.0, 2.4494898, 3.4641016, 4.2426405, 4.2426405, 4.2426405, 7.3484693]","[0.5, 1.5, 1.5, 2.5, 3.0, 3.5, 4.0]","[0.0, 0.0, 1.4142135, 1.4142135, 2.236068, 3.4641016, 4.0]","[-4.0, -3.5, -3.0, -3.0, -2.5, -1.5, -1.0]","[0.5, 1.5, 4.0]","[0.0, 1.4142135, 4.0]","[-4.0, -3.5, -3.0]","[2.0, 6.0, 6.5]","[1.7320508, 5.656854, 6.3245554]","[-2.0, 1.0, 4.5]","[4.5, 6.0]","[0.0, 5.656854]","[2.5, 4.5]",1,1,1,0,1.0,0.0,0
233,1,1,1,"[0.0, 0.0, 0.0, 0.0, 0.5, 1.5, 1.5, 2.5, 3.0, 4.0]","[0.0, 0.0, 0.0, 0.0, 0.0, 0.0, 0.0, 0.0, 0.0, 3.8729835]",[2.0],[2.0],[-3.5],[2.0],[2.0],[-3.5],[5.0],[4.0],[5.0],[5.0],[4.0],[5.0],0,1,0,0,0.0,0.0,1
564,3,3,2,"[1.0, 1.0, 1.5, 2.0, 2.0, 2.5, 3.0, 3.0, 5.0, 5.5]","[0.0, 0.0, 0.0, 1.0, 1.7320508, 1.7320508, 2.236068, 3.0, 4.582576, 5.2915025]","[1.5, 2.0, 2.0]","[0.0, 0.0, 1.7320508]","[-4.0, -1.0, -1.0]","[1.5, 2.0, 2.0]","[0.0, 0.0, 1.7320508]","[-4.0, -1.0, -1.0]","[2.5, 5.0, 5.0]","[2.4494898, 4.0, 5.0]","[0.0, 0.0, 4.5]","[1.5, 5.0]","[1.4142135, 5.0]","[-0.5, 4.5]",1,1,1,0,1.0,0.0,1
29382,6,3,2,"[0.5, 1.0, 1.0, 2.0, 2.0, 2.5, 3.0, 5.0, 5.5, 6.0]","[0.0, 0.0, 0.0, 1.7320508, 2.0, 2.4494898, 2.828427, 5.0, 5.477226, 5.91608]","[0.5, 1.5, 1.5, 2.0, 2.5, 3.5]","[0.0, 0.0, 1.4142135, 1.4142135, 2.4494898, 3.4641016]","[-3.5, -3.5, -2.5, -2.5, -2.5, -1.0]","[0.5, 1.5, 2.5]","[0.0, 1.4142135, 2.4494898]","[-3.5, -3.5, -2.5]","[4.0, 4.0, 8.0]","[0.0, 0.0, 7.937254]","[0.0, 1.0, 3.0]","[1.0, 4.0]","[0.0, 0.0]","[-2.0, 0.0]",1,1,1,0,1.0,0.0,0
37043,7,2,2,"[0.5, 1.0, 1.5, 2.0, 2.5, 4.0, 4.0, 4.5, 4.5, 7.0]","[0.0, 0.0, 0.0, 1.0, 1.4142135, 1.7320508, 3.7416575, 3.8729835, 4.2426405, 6.928203]","[0.5, 1.0, 2.0, 2.5, 2.5, 2.5, 4.5]","[0.0, 0.0, 0.0, 1.0, 2.0, 2.4494898, 4.472136]","[-4.5, -4.5, -3.5, -3.0, -3.0, -2.0, -1.5]","[0.5, 1.0]","[0.0, 1.0]","[-4.5, -4.5]","[3.0, 3.5]","[0.0, 3.4641016]","[-0.5, 2.5]","[3.0, 3.5]","[0.0, 3.4641016]","[-0.5, 2.5]",0,2,0,0,0.0,0.0,0
507,11,2,1,"[0.5, 0.5, 1.0, 1.0, 1.5, 1.5, 4.0, 4.0, 6.5, 8.0]","[0.0, 0.0, 0.0, 0.0, 1.0, 1.4142135, 1.4142135, 4.0, 6.0, 7.937254]","[1.0, 1.5, 1.5, 2.0, 2.0, 2.0, 2.5, 3.5, 4.0, 4.0, 4.0]","[0.0, 0.0, 0.0, 0.0, 0.0, 0.0, 1.4142135, 1.4142135, 2.0, 2.6457512, 2.6457512]","[-6.0, -5.5, -4.5, -4.5, -4.0, -3.5, -3.5, -3.5, -1.5, -1.0, -1.0]","[1.5, 2.0]","[0.0, 1.4142135]","[-6.0, -3.5]","[4.5, 5.5]","[0.0, 5.477226]","[0.5, 1.0]",[4.5],[2.828427],[4.0],1,0,1,0,1.0,0.0,1
295,9,3,2,"[0.0, 0.5, 0.5, 0.5, 1.5, 3.5, 4.0, 4.0, 5.5, 6.0]","[0.0, 0.0, 0.0, 0.0, 0.0, 1.4142135, 2.4494898, 3.8729835, 4.8989797, 5.656854]","[1.0, 1.0, 2.0, 2.0, 2.5, 2.5, 3.0, 3.0, 4.0]","[0.0, 0.0, 0.0, 0.0, 1.0, 2.0, 2.0, 2.236068, 3.4641016]","[-7.0, -4.5, -3.5, -3.0, -2.5, -2.5, -1.5, -1.5, -1.5]","[2.0, 2.5, 2.5]","[0.0, 2.0, 2.0]","[-4.5, -2.5, -1.5]","[3.0, 4.0, 7.0]","[0.0, 2.236068, 6.928203]","[-3.5, 2.0, 4.5]","[4.0, 4.5]","[0.0, 4.472136]","[1.5, 2.0]",1,1,1,0,1.0,0.0,1
212,6,4,1,"[0.5, 0.5, 1.5, 1.5, 2.0, 2.0, 3.5, 5.0, 6.0, 6.0]","[0.0, 0.0, 0.0, 0.0, 0.0, 1.4142135, 2.0, 4.582576, 5.196152, 5.91608]","[0.5, 1.0, 3.0, 3.0, 3.0, 4.5]","[0.0, 0.0, 0.0, 2.236068, 2.236068, 4.2426405]","[-6.5, -4.0, -2.5, -2.0, -2.0, -1.5]","[0.5, 1.0, 3.0, 3.0]","[0.0, 0.0, 0.0, 2.236068]","[-6.5, -4.0, -2.0, -2.0]","[5.5, 6.5, 7.0, 7.5]","[5.477226, 6.3245554, 6.708204, 7.3484693]","[0.5, 0.5, 1.0, 7.5]",[7.5],[7.3484693],[7.5],3,1,0,1,0.0,3.0,1
518,2,2,2,"[0.5, 0.5, 1.0, 1.5, 1.5, 1.5, 1.5, 2.0, 6.0, 6.0]","[0.0, 0.0, 0.0, 0.0, 0.0, 0.0, 0.0, 1.4142135, 5.196152, 5.196152]","[1.0, 1.5]","[0.0, 1.4142135]","[-2.0, -1.5]","[1.0, 1.5]","[0.0, 1.4142135]","[-2.0, -1.5]","[4.0, 4.0]","[3.4641016, 3.8729835]","[-0.5, -0.5]","[4.0, 4.0]","[3.4641016, 3.8729835]","[-0.5, -0.5]",0,2,0,0,0.0,0.0,1
495,6,2,1,"[0.0, 0.0, 0.5, 1.5, 1.5, 2.5, 3.0, 4.0, 8.0, 8.0]","[0.0, 0.0, 0.0, 0.0, 0.0, 0.0, 1.4142135, 2.236068, 7.937254, 8.0]","[2.5, 3.0, 3.5, 4.5, 5.5, 6.5]","[0.0, 2.0, 2.828427, 3.7416575, 4.8989797, 6.4807405]","[-4.0, -3.0, -3.0, -2.0, -2.0, -1.0]","[3.5, 4.5]","[0.0, 3.7416575]","[-2.0, -1.0]","[4.0, 4.5]","[3.4641016, 4.472136]","[0.0, 0.0]",[7.5],[7.483315],[7.0],1,0,1,0,1.0,0.0,0
39345,8,3,2,"[0.0, 0.0, 0.5, 2.0, 2.0, 2.5, 2.5, 3.0, 8.0, 8.5]","[0.0, 0.0, 0.0, 0.0, 1.7320508, 2.0, 2.4494898, 2.828427, 7.937254, 8.485281]","[1.5, 2.0, 2.0, 2.5, 2.5, 3.0, 3.0, 4.0]","[0.0, 0.0, 1.4142135, 1.7320508, 1.7320508, 2.236068, 2.4494898, 2.4494898]","[-5.5, -4.5, -4.5, -4.0, -4.0, -2.5, -2.0, -1.0]","[2.0, 2.0, 2.5]","[1.7320508, 1.7320508, 2.4494898]","[-5.5, -4.0, -2.0]","[3.0, 4.0, 6.0]","[0.0, 0.0, 5.656854]","[-4.5, -1.0, 4.5]","[3.5, 6.0]","[3.4641016, 5.656854]","[-1.0, 4.5]",1,1,1,0,1.0,0.0,0
272,3,2,1,"[0.0, 0.5, 0.5, 1.0, 1.0, 3.0, 3.5, 4.0, 6.0, 9.0]","[0.0, 0.0, 0.0, 0.0, 1.0, 2.236068, 3.4641016, 3.8729835, 5.656854, 9.0]","[3.5, 4.0, 6.0]","[3.1622777, 3.4641016, 5.656854]","[-4.5, -3.0, -1.0]","[4.0, 6.0]","[3.4641016, 5.656854]","[-4.5, -1.0]","[5.5, 6.0]","[5.477226, 5.91608]","[-0.5, -0.5]",[2.5],[0.0],[-1.0],1,0,1,0,1.0,0.0,1
67030,3,2,1,"[1.0, 1.0, 1.5, 1.5, 1.5, 2.0, 2.5, 2.5, 4.5, 5.5]","[0.0, 0.0, 0.0, 0.0, 0.0, 1.0, 1.4142135, 1.4142135, 2.0, 5.2915025]","[2.5, 3.5, 4.5]","[2.4494898, 3.1622777, 3.7416575]","[-4.5, -1.5, -1.5]","[2.5, 3.5]","[2.4494898, 3.1622777]","[-4.5, -1.5]","[2.0, 5.0]","[1.7320508, 4.8989797]","[0.0, 1.5]",[6.0],[5.196152],[6.0],1,0,1,0,1.0,0.0,0
878,4,3,2,"[0.5, 0.5, 0.5, 0.5, 1.5, 3.0, 3.5, 3.5, 5.0, 6.0]","[0.0, 0.0, 0.0, 0.0, 0.0, 0.0, 2.236068, 3.0, 3.4641016, 6.0]","[1.5, 2.0, 2.5, 3.0]","[0.0, 1.4142135, 2.236068, 2.4494898]","[-5.0, -4.0, -3.0, -2.0]","[1.5, 2.5, 3.0]","[1.4142135, 2.236068, 2.4494898]","[-5.0, -3.0, -2.0]","[2.0, 3.0, 3.0]","[0.0, 0.0, 2.236068]","[-0.5, 0.0, 1.0]","[3.0, 5.0]","[2.236068, 3.0]","[-0.5, 4.5]",1,1,1,0,1.0,0.0,1
108,5,2,2,"[0.5, 1.0, 1.0, 1.5, 1.5, 3.0, 4.0, 4.5, 6.0, 7.0]","[0.0, 0.0, 0.0, 0.0, 1.0, 1.4142135, 2.6457512, 2.828427, 5.656854, 6.708204]","[1.5, 3.0, 3.5, 3.5, 4.0]","[0.0, 3.0, 3.1622777, 3.1622777, 4.0]","[-3.5, -2.5, -2.0, -2.0, -1.0]","[3.5, 3.5]","[3.1622777, 3.1622777]","[-2.0, -2.0]","[7.0, 7.5]","[7.0, 7.483315]","[2.5, 3.0]","[7.0, 7.5]","[7.0, 7.483315]","[2.5, 3.0]",0,2,0,0,0.0,0.0,1
859,8,3,2,"[0.0, 0.5, 0.5, 1.0, 1.0, 3.0, 4.0, 4.0, 6.5, 7.5]","[0.0, 0.0, 0.0, 0.0, 0.0, 0.0, 2.236068, 3.8729835, 6.3245554, 7.483315]","[0.5, 2.5, 3.0, 3.0, 3.0, 3.0, 3.5, 4.5]","[0.0, 0.0, 0.0, 2.0, 2.236068, 2.828427, 3.0, 4.2426405]","[-4.0, -4.0, -3.5, -3.5, -3.5, -3.0, -2.0, -1.5]","[0.5, 3.0, 4.5]","[0.0, 2.828427, 4.2426405]","[-4.0, -3.5, -3.0]","[4.5, 5.5, 5.5]","[0.0, 4.2426405, 5.477226]","[-2.0, 0.5, 5.5]","[4.5, 5.5]","[3.7416575, 5.477226]","[0.5, 5.5]",1,1,1,0,1.0,0.0,1
43906,3,2,2,"[0.0, 0.5, 0.5, 1.5, 1.5, 2.0, 2.5, 3.0, 3.5, 8.5]","[0.0, 0.0, 0.0, 0.0, 1.4142135, 1.7320508, 2.0, 2.236068, 3.1622777, 8.485281]","[2.0, 2.5, 5.0]","[0.0, 1.7320508, 4.8989797]","[-4.0, -2.0, -1.5]","[2.0, 2.5]","[0.0, 1.7320508]","[-4.0, -1.5]","[5.0, 7.0]","[4.582576, 6.708204]","[2.5, 3.5]","[5.0, 7.0]","[4.582576, 6.708204]","[2.5, 3.5]",0,2,0,0,0.0,0.0,0
930,5,2,1,"[0.0, 0.0, 0.5, 0.5, 1.0, 2.0, 3.5, 4.0, 5.5, 6.0]","[0.0, 0.0, 0.0, 0.0, 1.0, 1.7320508, 3.1622777, 3.8729835, 5.2915025, 5.91608]","[1.0, 2.0, 2.5, 3.5, 4.0]","[0.0, 1.0, 2.0, 3.1622777, 3.8729835]","[-3.5, -3.0, -2.5, -2.5, -2.0]","[1.0, 2.5]","[1.0, 2.0]","[-3.5, -2.5]","[4.0, 7.0]","[2.6457512, 6.928203]","[-1.0, 2.0]",[8.5],[8.485281],[4.5],1,0,1,0,1.0,0.0,1
667,7,3,2,"[0.0, 0.0, 0.0, 0.5, 1.5, 4.5, 5.0, 5.0, 5.5, 7.5]","[0.0, 0.0, 0.0, 0.0, 0.0, 1.4142135, 4.582576, 4.8989797, 5.0, 7.3484693]","[1.0, 1.0, 2.0, 2.5, 3.5, 5.5, 6.5]","[0.0, 0.0, 1.0, 1.7320508, 2.4494898, 4.8989797, 6.3245554]","[-7.0, -5.0, -4.5, -2.5, -1.5, -1.5, -1.0]","[1.0, 1.0, 2.0]","[0.0, 1.0, 1.7320508]","[-7.0, -5.0, -4.5]","[1.5, 2.5, 6.5]","[0.0, 1.4142135, 6.4807405]","[-1.0, 0.0, 0.5]","[1.5, 8.5]","[1.4142135, 8.485281]","[0.0, 6.5]",1,1,1,0,1.0,0.0,1
77582,3,3,2,"[0.5, 1.0, 1.5, 1.5, 1.5, 2.0, 2.0, 2.5, 6.5, 7.5]","[0.0, 0.0, 0.0, 0.0, 0.0, 1.4142135, 2.0, 2.4494898, 6.4807405, 7.3484693]","[2.5, 2.5, 3.5]","[2.0, 2.0, 2.4494898]","[-3.5, -2.5, -1.5]","[2.5, 2.5, 3.5]","[2.0, 2.0, 2.4494898]","[-3.5, -2.5, -1.5]","[5.5, 8.0, 9.0]","[4.2426405, 8.0, 9.0]","[2.5, 3.5, 5.0]","[3.0, 5.5]","[2.236068, 4.2426405]","[2.0, 2.5]",1,1,1,0,1.0,0.0,0
21651,2,2,2,"[0.5, 0.5, 1.0, 1.5, 1.5, 1.5, 2.0, 3.0, 3.0, 5.5]","[0.0, 0.0, 0.0, 1.4142135, 1.4142135, 1.4142135, 1.7320508, 2.236068, 3.0, 5.2915025]","[2.0, 2.5]","[0.0, 2.0]","[-2.0, -1.5]","[2.0, 2.5]","[0.0, 2.0]","[-2.0, -1.5]","[4.5, 8.0]","[2.828427, 8.0]","[2.5, 6.0]","[4.5, 8.0]","[2.828427, 8.0]","[2.5, 6.0]",0,2,0,0,0.0,0.0,0
48218,3,3,2,"[0.5, 0.5, 1.0, 1.5, 2.0, 2.0, 3.0, 3.5, 4.0, 4.5]","[0.0, 0.0, 0.0, 0.0, 1.4142135, 1.7320508, 2.4494898, 3.0, 3.8729835, 4.2426405]","[1.5, 2.5, 3.5]","[1.4142135, 2.4494898, 3.4641016]","[-2.0, -2.0, -1.5]","[1.5, 2.5, 3.5]","[1.4142135, 2.4494898, 3.4641016]","[-2.0, -2.0, -1.5]","[2.5, 2.5, 7.0]","[0.0, 2.0, 7.0]","[-2.0, -0.5, 6.0]","[4.0, 7.0]","[4.0, 7.0]","[1.0, 6.0]",1,1,1,0,1.0,0.0,0
41298,3,2,2,"[0.5, 1.0, 1.0, 1.5, 2.0, 3.0, 3.0, 3.5, 5.0, 5.5]","[0.0, 0.0, 0.0, 0.0, 0.0, 0.0, 0.0, 2.236068, 4.8989797, 5.2915025]","[1.5, 2.0, 2.0]","[0.0, 1.7320508, 2.0]","[-4.5, -3.5, -1.5]","[1.5, 2.0]","[0.0, 2.0]","[-3.5, -1.5]","[3.0, 6.5]","[2.828427, 6.3245554]","[0.5, 6.5]","[3.0, 6.5]","[2.828427, 6.3245554]","[0.5, 6.5]",0,2,0,0,0.0,0.0,0
90344,3,3,2,"[0.0, 0.5, 0.5, 0.5, 1.0, 2.0, 2.5, 2.5, 3.5, 5.5]","[0.0, 0.0, 0.0, 0.0, 0.0, 1.0, 2.0, 2.4494898, 3.1622777, 5.477226]","[0.5, 1.5, 1.5]","[0.0, 0.0, 0.0]","[-2.5, -2.5, -1.5]","[0.5, 1.5, 1.5]","[0.0, 0.0, 0.0]","[-2.5, -2.5, -1.5]","[1.5, 4.0, 7.0]","[1.4142135, 3.8729835, 7.0]","[-2.0, 1.5, 3.0]","[4.0, 5.0]","[3.8729835, 4.0]","[1.5, 3.0]",1,1,1,0,1.0,0.0,0
76014,4,3,2,"[0.0, 0.0, 1.0, 1.0, 1.0, 1.5, 2.5, 4.0, 6.5, 7.0]","[0.0, 0.0, 0.0, 0.0, 0.0, 0.0, 1.0, 2.6457512, 6.3245554, 7.0]","[2.5, 2.5, 2.5, 3.0]","[0.0, 0.0, 2.0, 2.236068]","[-4.0, -2.5, -1.5, -1.0]","[2.5, 2.5, 3.0]","[0.0, 0.0, 2.236068]","[-4.0, -2.5, -1.5]","[2.5, 3.5, 6.0]","[2.4494898, 3.4641016, 6.0]","[-1.5, -0.5, 3.5]","[6.0, 7.0]","[6.0, 6.708204]","[3.5, 6.0]",1,1,1,0,1.0,0.0,0
65110,4,2,2,"[0.5, 1.0, 1.0, 1.5, 1.5, 2.0, 2.0, 4.0, 5.0, 5.0]","[0.0, 0.0, 0.0, 0.0, 0.0, 0.0, 0.0, 3.4641016, 4.0, 4.0]","[1.5, 3.0, 3.0, 3.5]","[0.0, 0.0, 2.828427, 3.1622777]","[-4.0, -3.0, -2.0, -2.0]","[1.5, 3.5]","[0.0, 3.1622777]","[-3.0, -2.0]","[3.0, 3.5]","[3.0, 3.4641016]","[2.0, 2.5]","[3.0, 3.5]","[3.0, 3.4641016]","[2.0, 2.5]",0,2,0,0,0.0,0.0,0
5357,4,1,1,"[0.0, 0.5, 1.0, 1.0, 1.0, 2.0, 2.5, 5.0, 5.5, 6.0]","[0.0, 0.0, 0.0, 0.0, 0.0, 1.0, 1.0, 4.8989797, 5.196152, 5.2915025]","[2.0, 2.0, 2.5, 3.0]","[0.0, 1.7320508, 2.0, 2.236068]","[-6.0, -5.0, -2.5, -1.5]",[2.0],[1.7320508],[-6.0],[4.5],[2.828427],[1.0],[4.5],[2.828427],[1.0],0,1,0,0,0.0,0.0,0
182,7,2,2,"[0.5, 0.5, 1.0, 1.5, 2.0, 2.5, 2.5, 3.0, 3.5, 6.0]","[0.0, 0.0, 0.0, 0.0, 0.0, 0.0, 1.7320508, 2.0, 2.236068, 5.656854]","[0.5, 1.0, 2.0, 2.0, 2.5, 3.0, 3.5]","[0.0, 0.0, 0.0, 0.0, 2.0, 2.4494898, 3.0]","[-4.0, -3.0, -3.0, -2.5, -2.5, -2.0, -1.0]","[0.5, 2.5]","[0.0, 2.0]","[-4.0, -3.0]","[3.0, 9.0]","[2.236068, 9.0]","[2.5, 7.0]","[3.0, 9.0]","[2.236068, 9.0]","[2.5, 7.0]",0,2,0,0,0.0,0.0,1
187,8,3,3,"[0.0, 0.5, 1.0, 1.5, 2.0, 2.5, 3.5, 4.0, 5.0, 6.5]","[0.0, 0.0, 0.0, 0.0, 0.0, 0.0, 1.0, 1.4142135, 4.8989797, 6.4807405]","[1.0, 1.5, 2.5, 2.5, 3.0, 3.5, 4.0, 6.0]","[0.0, 0.0, 0.0, 1.4142135, 2.4494898, 3.0, 4.0, 6.0]","[-4.0, -4.0, -4.0, -3.0, -3.0, -2.5, -2.0, -1.5]","[1.0, 1.5, 3.0]","[0.0, 1.4142135, 3.0]","[-4.0, -4.0, -3.0]","[3.5, 4.5, 4.5]","[3.1622777, 3.7416575, 3.7416575]","[1.5, 1.5, 3.0]","[3.5, 4.5, 4.5]","[3.1622777, 3.7416575, 3.7416575]","[1.5, 1.5, 3.0]",0,3,0,0,0.0,0.0,1
44294,2,1,1,"[0.0, 0.0, 0.5, 1.0, 1.0, 2.0, 2.0, 3.0, 3.5, 4.5]","[0.0, 0.0, 0.0, 0.0, 0.0, 0.0, 1.7320508, 2.828427, 2.828427, 3.4641016]","[2.0, 2.5]","[2.0, 2.0]","[-3.5, -2.5]",[2.0],[2.0],[-3.5],[4.0],[3.8729835],[3.0],[4.0],[3.8729835],[3.0],0,1,0,0,0.0,0.0,0
877,2,1,1,"[0.5, 1.0, 1.5, 2.0, 2.0, 3.0, 3.0, 3.5, 3.5, 6.0]","[0.0, 0.0, 0.0, 1.0, 1.7320508, 2.4494898, 2.828427, 3.0, 3.1622777, 5.91608]","[1.0, 2.0]","[0.0, 1.7320508]","[-2.5, -1.5]",[1.0],[0.0],[-2.5],[6.5],[6.4807405],[4.0],[6.5],[6.4807405],[4.0],0,1,0,0,0.0,0.0,1
26,1,1,1,"[0.0, 0.5, 0.5, 0.5, 1.0, 2.0, 3.0, 3.0, 5.0, 8.5]","[0.0, 0.0, 0.0, 0.0, 1.0, 2.0, 2.828427, 3.0, 4.8989797, 8.485281]",[1.0],[0.0],[-2.5],[1.0],[0.0],[-2.5],[3.5],[0.0],[1.0],[3.5],[0.0],[1.0],0,1,0,0,0.0,0.0,1
487,3,3,3,"[0.0, 0.5, 0.5, 1.0, 1.5, 2.0, 3.0, 3.0, 3.5, 4.0]","[0.0, 0.0, 0.0, 0.0, 0.0, 1.0, 1.7320508, 2.236068, 2.6457512, 3.4641016]","[2.0, 2.0, 4.0]","[0.0, 0.0, 3.4641016]","[-3.0, -1.0, -1.0]","[2.0, 2.0, 4.0]","[0.0, 0.0, 3.4641016]","[-3.0, -1.0, -1.0]","[4.0, 4.5, 5.0]","[3.0, 3.7416575, 3.8729835]","[3.0, 3.5, 3.5]","[4.0, 4.5, 5.0]","[3.0, 3.7416575, 3.8729835]","[3.0, 3.5, 3.5]",0,3,0,0,0.0,0.0,1
13621,8,2,1,"[0.0, 0.5, 1.0, 2.0, 2.5, 3.5, 4.0, 4.0, 5.0, 5.5]","[0.0, 0.0, 0.0, 0.0, 0.0, 0.0, 0.0, 1.7320508, 4.8989797, 5.477226]","[1.0, 1.5, 2.0, 2.5, 3.0, 3.0, 3.5, 4.0]","[0.0, 0.0, 1.4142135, 1.7320508, 2.0, 2.236068, 3.1622777, 3.8729835]","[-5.5, -4.5, -4.0, -3.5, -3.0, -3.0, -2.5, -1.5]","[2.5, 3.5]","[2.0, 3.1622777]","[-4.0, -3.5]","[0.5, 2.5]","[0.0, 2.4494898]","[-2.5, 0.0]",[6.5],[6.4807405],[6.5],1,0,1,0,1.0,0.0,0
33844,6,3,2,"[0.5, 0.5, 0.5, 1.0, 1.5, 2.0, 5.0, 5.5, 7.0, 8.0]","[0.0, 0.0, 0.0, 0.0, 0.0, 1.4142135, 4.0, 5.477226, 7.0, 7.937254]","[1.5, 2.0, 3.5, 3.5, 3.5, 4.5]","[0.0, 0.0, 0.0, 1.7320508, 2.828427, 3.4641016]","[-6.0, -4.0, -3.0, -2.5, -1.5, -1.0]","[1.5, 2.0, 3.5]","[0.0, 0.0, 1.7320508]","[-6.0, -2.5, -1.5]","[3.0, 3.5, 7.0]","[0.0, 3.1622777, 6.708204]","[-1.5, 0.0, 2.5]","[3.0, 6.5]","[0.0, 6.0]","[-1.5, 5.5]",1,1,1,0,1.0,0.0,0
30415,6,3,2,"[0.0, 1.0, 1.0, 1.0, 1.5, 2.0, 3.0, 4.0, 7.0, 8.0]","[0.0, 0.0, 0.0, 0.0, 1.4142135, 1.7320508, 2.236068, 3.4641016, 6.928203, 8.0]","[0.5, 1.0, 1.5, 3.0, 3.0, 3.5]","[0.0, 0.0, 0.0, 0.0, 1.4142135, 2.236068]","[-6.0, -5.5, -4.0, -2.5, -2.0, -2.0]","[0.5, 1.0, 3.0]","[0.0, 0.0, 2.236068]","[-6.0, -2.5, -2.0]","[4.5, 5.0, 5.5]","[4.2426405, 4.2426405, 4.8989797]","[0.5, 0.5, 1.5]","[4.5, 6.5]","[4.2426405, 6.3245554]","[0.5, 5.0]",1,1,1,0,1.0,0.0,0
626,3,2,1,"[0.5, 1.0, 1.0, 1.0, 2.0, 2.0, 2.0, 2.0, 4.0, 8.5]","[0.0, 0.0, 0.0, 0.0, 0.0, 1.7320508, 1.7320508, 1.7320508, 1.7320508, 8.485281]","[0.5, 1.5, 1.5]","[0.0, 0.0, 1.4142135]","[-4.5, -4.5, -3.5]","[0.5, 1.5]","[0.0, 1.4142135]","[-4.5, -4.5]","[4.0, 6.5]","[3.8729835, 6.4807405]","[-0.5, 2.0]",[3.5],[3.1622777],[3.0],1,0,1,0,1.0,0.0,1
4303,7,3,3,"[1.0, 1.0, 1.5, 1.5, 2.0, 2.5, 3.5, 4.0, 4.5, 4.5]","[0.0, 0.0, 0.0, 0.0, 0.0, 1.4142135, 1.4142135, 2.4494898, 3.7416575, 3.7416575]","[1.0, 1.0, 2.0, 3.0, 3.0, 4.0, 4.5]","[0.0, 0.0, 1.0, 1.0, 2.828427, 3.8729835, 4.2426405]","[-4.5, -4.0, -3.5, -3.0, -3.0, -2.5, -2.5]","[1.0, 1.0, 3.0]","[1.0, 1.0, 2.828427]","[-4.5, -4.0, -3.5]","[2.0, 5.0, 7.0]","[1.7320508, 4.582576, 6.708204]","[2.0, 3.0, 6.0]","[2.0, 5.0, 7.0]","[1.7320508, 4.582576, 6.708204]","[2.0, 3.0, 6.0]",0,3,0,0,0.0,0.0,0
34077,10,5,1,"[0.0, 0.5, 0.5, 2.0, 3.0, 4.0, 5.0, 6.0, 6.0, 8.0]","[0.0, 0.0, 0.0, 0.0, 0.0, 3.4641016, 4.0, 5.656854, 5.91608, 8.0]","[1.5, 1.5, 2.0, 2.5, 2.5, 3.0, 3.5, 4.0, 5.5, 5.5]","[0.0, 0.0, 1.7320508, 2.4494898, 2.4494898, 2.4494898, 2.6457512, 2.828427, 5.477226, 5.477226]","[-5.0, -4.5, -3.5, -3.5, -3.5, -3.5, -3.0, -2.5, -2.5, -2.0]","[1.5, 2.0, 2.5, 2.5, 3.0]","[0.0, 1.7320508, 2.4494898, 2.4494898, 2.828427]","[-5.0, -3.5, -3.5, -3.0, -2.5]","[1.5, 3.5, 5.5, 8.0, 8.5]","[0.0, 3.1622777, 4.2426405, 7.937254, 8.485281]","[-3.5, -0.5, 0.0, 1.0, 6.0]",[4.0],[3.4641016],[4.0],4,0,1,1,1.0,3.0,0
609,6,3,3,"[1.0, 1.0, 1.5, 2.0, 2.0, 2.0, 3.5, 4.0, 5.5, 5.5]","[0.0, 0.0, 0.0, 0.0, 1.4142135, 1.7320508, 2.0, 2.6457512, 4.2426405, 5.477226]","[1.5, 1.5, 2.0, 2.5, 4.0, 5.0]","[0.0, 0.0, 1.7320508, 2.0, 3.8729835, 4.0]","[-4.5, -3.5, -3.0, -2.5, -1.5, -1.5]","[1.5, 2.0, 2.5]","[0.0, 1.7320508, 2.0]","[-4.5, -3.5, -2.5]","[4.0, 4.5, 7.0]","[0.0, 3.8729835, 6.708204]","[3.0, 3.5, 4.0]","[4.0, 4.5, 7.0]","[0.0, 3.8729835, 6.708204]","[3.0, 3.5, 4.0]",0,3,0,0,0.0,0.0,1
78887,6,1,1,"[0.0, 0.0, 0.5, 0.5, 1.0, 1.5, 2.5, 4.5, 5.0, 7.0]","[0.0, 0.0, 0.0, 0.0, 0.0, 0.0, 1.4142135, 3.7416575, 4.0, 6.928203]","[2.0, 3.0, 3.0, 3.0, 4.0, 4.0]","[0.0, 0.0, 1.7320508, 2.6457512, 2.828427, 4.0]","[-5.5, -4.5, -3.0, -2.5, -1.5, -1.5]",[2.0],[1.7320508],[-5.5],[2.5],[2.4494898],[-1.5],[2.5],[2.4494898],[-1.5],0,1,0,0,0.0,0.0,0
210,8,2,1,"[0.5, 0.5, 1.0, 3.5, 4.0, 4.0, 4.0, 5.0, 7.0, 7.0]","[0.0, 0.0, 0.0, 0.0, 2.6457512, 3.4641016, 3.4641016, 4.0, 6.708204, 6.928203]","[2.0, 3.0, 4.5, 4.5, 4.5, 4.5, 4.5, 5.5]","[2.0, 2.236068, 2.828427, 3.7416575, 4.2426405, 4.2426405, 4.2426405, 5.2915025]","[-5.5, -4.0, -4.0, -3.5, -2.5, -2.5, -2.0, -1.0]","[2.0, 3.0]","[2.0, 2.236068]","[-5.5, -4.0]","[5.0, 5.5]","[4.0, 4.8989797]","[0.5, 2.5]",[2.5],[2.4494898],[2.0],1,0,1,0,1.0,0.0,1
714,8,3,2,"[1.0, 1.0, 1.5, 1.5, 1.5, 3.5, 3.5, 4.5, 5.0, 7.0]","[0.0, 0.0, 1.4142135, 1.4142135, 1.4142135, 2.828427, 3.1622777, 3.1622777, 4.8989797, 6.928203]","[0.5, 1.0, 2.0, 2.5, 3.0, 3.5, 4.5, 5.0]","[0.0, 0.0, 0.0, 0.0, 2.828427, 3.4641016, 3.7416575, 5.0]","[-5.0, -3.5, -2.5, -2.0, -2.0, -2.0, -2.0, -1.5]","[0.5, 1.0, 3.5]","[0.0, 0.0, 3.4641016]","[-5.0, -2.5, -1.5]","[6.0, 6.5, 7.0]","[5.91608, 6.3245554, 6.928203]","[1.0, 3.0, 4.0]","[3.0, 6.0]","[2.828427, 5.91608]","[-1.5, 4.0]",1,1,1,0,1.0,0.0,1
294,6,3,2,"[1.0, 1.0, 1.0, 1.0, 1.0, 1.5, 3.5, 3.5, 6.0, 6.0]","[0.0, 0.0, 0.0, 1.0, 1.0, 1.0, 1.4142135, 2.4494898, 5.196152, 5.91608]","[1.0, 1.5, 2.0, 2.5, 3.0, 5.5]","[0.0, 0.0, 0.0, 1.0, 2.236068, 4.8989797]","[-5.0, -3.0, -3.0, -2.0, -2.0, -1.5]","[1.0, 1.5, 2.0]","[0.0, 0.0, 1.0]","[-3.0, -3.0, -2.0]","[5.5, 6.0, 7.5]","[5.2915025, 5.656854, 7.483315]","[-2.0, 4.5, 5.0]","[5.0, 5.5]","[5.0, 5.2915025]","[0.5, 4.5]",1,1,1,0,1.0,0.0,1
64476,2,2,1,"[0.5, 0.5, 1.0, 1.0, 1.5, 1.5, 1.5, 3.0, 4.5, 5.5]","[0.0, 0.0, 0.0, 0.0, 0.0, 0.0, 1.0, 1.0, 4.472136, 5.477226]","[1.5, 2.0]","[0.0, 1.4142135]","[-3.0, -1.0]","[1.5, 2.0]","[0.0, 1.4142135]","[-3.0, -1.0]","[1.0, 6.5]","[0.0, 6.3245554]","[-1.5, 3.0]",[3.5],[3.4641016],[3.0],1,0,1,0,1.0,0.0,0
226,5,3,2,"[0.0, 0.5, 0.5, 0.5, 1.0, 2.5, 2.5, 3.5, 6.0, 8.0]","[0.0, 0.0, 0.0, 0.0, 0.0, 2.0, 2.0, 2.4494898, 6.0, 7.937254]","[2.5, 2.5, 3.0, 3.0, 5.0]","[0.0, 2.236068, 2.4494898, 3.0, 5.0]","[-4.5, -3.5, -2.5, -1.5, -1.0]","[2.5, 2.5, 3.0]","[0.0, 2.236068, 2.4494898]","[-3.5, -2.5, -1.0]","[2.0, 6.0, 8.5]","[2.0, 5.656854, 8.485281]","[-1.0, 2.5, 5.0]","[6.0, 8.5]","[5.196152, 8.485281]","[5.0, 5.5]",1,1,1,0,1.0,0.0,1
377,7,3,2,"[0.0, 0.5, 1.0, 1.5, 2.0, 2.5, 3.0, 4.5, 4.5, 7.0]","[0.0, 0.0, 0.0, 0.0, 0.0, 0.0, 1.7320508, 3.0, 4.472136, 7.0]","[1.5, 2.5, 2.5, 2.5, 4.0, 4.0, 4.5]","[0.0, 0.0, 1.4142135, 2.0, 2.0, 3.4641016, 4.2426405]","[-5.5, -3.5, -3.5, -3.0, -2.0, -1.5, -1.5]","[1.5, 2.5, 2.5]","[1.4142135, 2.0, 2.0]","[-5.5, -3.5, -1.5]","[3.0, 4.5, 6.0]","[2.828427, 4.472136, 6.0]","[0.5, 1.0, 2.5]","[3.0, 8.0]","[2.828427, 7.937254]","[2.5, 6.0]",1,1,1,0,1.0,0.0,1
92301,7,2,2,"[0.0, 0.5, 0.5, 1.0, 1.5, 3.0, 3.5, 4.5, 4.5, 5.5]","[0.0, 0.0, 0.0, 0.0, 0.0, 1.0, 3.0, 4.2426405, 4.472136, 5.2915025]","[1.5, 1.5, 1.5, 1.5, 3.0, 3.5, 4.0]","[0.0, 0.0, 1.4142135, 1.4142135, 2.4494898, 2.828427, 3.4641016]","[-4.0, -3.5, -2.5, -2.5, -2.5, -2.0, -2.0]","[1.5, 3.0]","[1.4142135, 2.828427]","[-4.0, -2.5]","[2.0, 6.0]","[0.0, 5.91608]","[0.0, 2.5]","[2.0, 6.0]","[0.0, 5.91608]","[0.0, 2.5]",0,2,0,0,0.0,0.0,0
49178,5,2,1,"[0.0, 0.5, 1.0, 1.0, 2.0, 2.5, 2.5, 3.5, 6.5, 7.0]","[0.0, 0.0, 0.0, 0.0, 0.0, 2.0, 2.4494898, 3.4641016, 6.4807405, 7.0]","[1.0, 1.5, 2.5, 3.0, 3.0]","[0.0, 0.0, 1.4142135, 2.4494898, 2.828427]","[-6.0, -4.0, -2.0, -1.5, -1.5]","[1.0, 3.0]","[0.0, 2.828427]","[-6.0, -1.5]","[3.0, 9.0]","[0.0, 9.0]","[-1.5, 2.5]",[3.5],[2.4494898],[-1.0],1,0,1,0,1.0,0.0,0
62343,1,1,1,"[0.0, 0.0, 0.5, 0.5, 1.5, 2.0, 3.0, 4.0, 4.5, 5.0]","[0.0, 0.0, 0.0, 0.0, 0.0, 0.0, 1.4142135, 2.6457512, 4.472136, 4.582576]",[3.0],[0.0],[-2.5],[3.0],[0.0],[-2.5],[4.5],[2.828427],[0.5],[4.5],[2.828427],[0.5],0,1,0,0,0.0,0.0,0
1008,8,3,2,"[0.5, 0.5, 1.0, 1.0, 1.5, 2.0, 2.5, 4.5, 5.5, 6.0]","[0.0, 0.0, 0.0, 0.0, 1.0, 1.7320508, 2.0, 2.828427, 4.2426405, 5.656854]","[0.5, 2.0, 2.5, 2.5, 3.0, 4.5, 5.5, 6.0]","[0.0, 1.7320508, 2.0, 2.4494898, 2.828427, 3.0, 5.477226, 5.91608]","[-5.5, -4.0, -3.5, -3.0, -3.0, -2.5, -1.0, -1.0]","[0.5, 2.5, 2.5]","[0.0, 2.0, 2.4494898]","[-5.5, -4.0, -3.0]","[5.0, 5.5, 8.0]","[4.2426405, 4.582576, 7.937254]","[1.0, 3.0, 6.5]","[5.5, 8.0]","[5.2915025, 7.937254]","[5.0, 6.5]",1,1,1,0,1.0,0.0,1
329,2,2,2,"[0.5, 1.0, 1.5, 2.5, 3.0, 3.5, 4.0, 4.0, 5.0, 5.0]","[0.0, 0.0, 0.0, 0.0, 0.0, 1.4142135, 2.6457512, 3.0, 3.1622777, 4.582576]","[2.0, 4.0]","[1.7320508, 3.4641016]","[-3.5, -1.0]","[2.0, 4.0]","[1.7320508, 3.4641016]","[-3.5, -1.0]","[4.0, 4.5]","[3.7416575, 3.8729835]","[0.0, 1.5]","[4.0, 4.5]","[3.7416575, 3.8729835]","[0.0, 1.5]",0,2,0,0,0.0,0.0,1
64601,4,2,1,"[0.5, 0.5, 0.5, 2.0, 2.0, 2.0, 2.5, 2.5, 3.0, 6.5]","[0.0, 0.0, 0.0, 0.0, 0.0, 0.0, 0.0, 0.0, 0.0, 6.4807405]","[0.5, 1.0, 2.0, 2.5]","[0.0, 0.0, 1.7320508, 2.4494898]","[-5.0, -4.0, -3.5, -3.5]","[0.5, 2.0]","[0.0, 1.7320508]","[-5.0, -3.5]","[4.0, 9.0]","[4.0, 9.0]","[0.5, 6.0]",[7.5],[7.483315],[7.5],1,0,1,0,1.0,0.0,0
35,9,3,2,"[0.0, 0.0, 0.5, 0.5, 0.5, 2.5, 3.5, 5.0, 6.5, 7.0]","[0.0, 0.0, 0.0, 0.0, 0.0, 2.4494898, 2.4494898, 4.582576, 6.3245554, 6.928203]","[1.5, 2.0, 2.5, 2.5, 3.0, 3.5, 3.5, 3.5, 3.5]","[0.0, 0.0, 0.0, 0.0, 1.4142135, 2.0, 2.4494898, 3.1622777, 3.4641016]","[-4.5, -4.0, -3.5, -2.5, -2.5, -2.0, -2.0, -1.5, -1.0]","[1.5, 2.5, 3.5]","[0.0, 1.4142135, 2.4494898]","[-4.0, -3.5, -2.0]","[3.5, 4.5, 8.0]","[3.4641016, 4.472136, 7.937254]","[-2.5, 1.0, 5.0]","[2.5, 4.5]","[2.0, 4.472136]","[-1.5, 1.0]",1,1,1,0,1.0,0.0,1
265,3,2,1,"[0.0, 0.5, 0.5, 0.5, 1.0, 2.0, 5.0, 5.5, 6.0, 6.5]","[0.0, 0.0, 0.0, 0.0, 0.0, 2.0, 4.2426405, 4.582576, 5.91608, 6.4807405]","[2.5, 3.0, 3.5]","[0.0, 2.4494898, 3.1622777]","[-5.0, -4.5, -2.0]","[3.0, 3.5]","[0.0, 3.1622777]","[-5.0, -2.0]","[2.5, 4.5]","[2.4494898, 4.2426405]","[-4.5, 0.5]",[6.0],[5.91608],[1.5],1,0,1,0,1.0,0.0,1
124,2,2,2,"[0.0, 0.5, 0.5, 2.0, 2.5, 2.5, 3.5, 3.5, 4.0, 4.5]","[0.0, 0.0, 0.0, 0.0, 1.7320508, 2.0, 2.0, 2.4494898, 2.828427, 3.8729835]","[1.0, 6.5]","[0.0, 6.4807405]","[-2.5, -1.0]","[1.0, 6.5]","[0.0, 6.4807405]","[-2.5, -1.0]","[1.5, 7.5]","[0.0, 7.483315]","[1.0, 4.5]","[1.5, 7.5]","[0.0, 7.483315]","[1.0, 4.5]",0,2,0,0,0.0,0.0,1
30,8,3,2,"[0.0, 0.0, 0.5, 1.5, 1.5, 1.5, 2.5, 5.0, 6.5, 9.0]","[0.0, 0.0, 0.0, 0.0, 1.4142135, 1.4142135, 2.0, 3.0, 6.0, 9.0]","[1.0, 1.5, 1.5, 2.5, 3.0, 3.5, 4.0, 6.5]","[0.0, 0.0, 0.0, 0.0, 0.0, 1.0, 2.4494898, 6.3245554]","[-8.0, -4.0, -3.5, -3.5, -3.0, -2.5, -1.5, -1.0]","[1.0, 2.5, 3.0]","[0.0, 0.0, 1.0]","[-8.0, -3.5, -3.5]","[1.5, 4.0, 6.5]","[0.0, 4.0, 6.4807405]","[-3.5, -1.0, 4.5]","[4.0, 6.5]","[3.4641016, 6.4807405]","[3.0, 4.5]",1,1,1,0,1.0,0.0,1
516,3,2,2,"[0.5, 0.5, 1.0, 1.0, 2.0, 3.0, 3.5, 5.0, 5.0, 5.0]","[0.0, 0.0, 0.0, 0.0, 0.0, 2.828427, 3.1622777, 4.0, 4.0, 4.0]","[2.0, 2.5, 6.5]","[0.0, 1.7320508, 6.4807405]","[-5.5, -1.5, -1.0]","[2.0, 2.5]","[0.0, 1.7320508]","[-5.5, -1.0]","[4.0, 4.5]","[3.8729835, 4.2426405]","[2.0, 2.0]","[4.0, 4.5]","[3.8729835, 4.2426405]","[2.0, 2.0]",0,2,0,0,0.0,0.0,1
150,7,1,1,"[0.0, 0.5, 1.0, 1.0, 1.5, 3.5, 4.0, 4.5, 5.5, 6.0]","[0.0, 0.0, 0.0, 0.0, 0.0, 1.0, 2.828427, 3.1622777, 4.2426405, 5.196152]","[2.5, 3.0, 3.0, 3.5, 4.5, 4.5, 4.5]","[0.0, 0.0, 2.236068, 2.4494898, 2.828427, 3.7416575, 4.2426405]","[-6.5, -4.0, -4.0, -3.5, -2.5, -1.5, -1.5]",[4.5],[3.7416575],[-4.0],[3.0],[3.0],[2.0],[3.0],[3.0],[2.0],0,1,0,0,0.0,0.0,1
40650,7,3,3,"[0.5, 1.0, 1.0, 2.0, 2.5, 3.0, 3.0, 3.5, 4.5, 7.0]","[0.0, 0.0, 0.0, 0.0, 0.0, 1.0, 1.7320508, 2.236068, 2.4494898, 7.0]","[1.0, 2.0, 2.0, 2.5, 2.5, 4.0, 6.0]","[1.0, 1.7320508, 1.7320508, 2.4494898, 2.4494898, 3.8729835, 5.91608]","[-5.0, -4.5, -4.0, -4.0, -3.5, -2.0, -1.5]","[1.0, 2.5, 2.5]","[1.0, 2.4494898, 2.4494898]","[-5.0, -4.0, -1.5]","[3.5, 4.0, 4.0]","[2.4494898, 3.8729835, 3.8729835]","[0.0, 2.0, 4.0]","[3.5, 4.0, 4.0]","[2.4494898, 3.8729835, 3.8729835]","[0.0, 2.0, 4.0]",0,3,0,0,0.0,0.0,0
168,3,1,1,"[0.0, 0.5, 0.5, 1.0, 2.0, 2.5, 3.5, 4.0, 4.5, 7.5]","[0.0, 0.0, 0.0, 0.0, 1.0, 2.4494898, 3.1622777, 3.4641016, 4.2426405, 7.483315]","[2.0, 3.0, 4.5]","[1.7320508, 2.236068, 4.472136]","[-4.0, -3.5, -2.5]",[2.0],[1.7320508],[-3.5],[6.5],[6.4807405],[4.0],[6.5],[6.4807405],[4.0],0,1,0,0,0.0,0.0,1
89088,5,3,2,"[0.5, 0.5, 1.5, 1.5, 2.0, 2.5, 2.5, 3.0, 4.5, 5.5]","[0.0, 0.0, 0.0, 0.0, 0.0, 1.4142135, 2.0, 2.236068, 4.2426405, 4.2426405]","[1.0, 1.5, 1.5, 1.5, 4.5]","[0.0, 1.0, 1.4142135, 1.4142135, 3.7416575]","[-5.0, -3.0, -2.5, -2.5, -2.0]","[1.0, 1.5, 1.5]","[0.0, 1.0, 1.4142135]","[-5.0, -2.5, -2.5]","[3.0, 4.0, 6.5]","[0.0, 3.4641016, 6.3245554]","[1.0, 3.0, 3.0]","[1.0, 4.0]","[0.0, 3.4641016]","[0.0, 3.0]",1,1,1,0,1.0,0.0,0
789,5,3,2,"[0.0, 0.5, 1.5, 1.5, 2.0, 2.5, 3.0, 5.0, 5.0, 5.5]","[0.0, 0.0, 0.0, 0.0, 1.4142135, 2.4494898, 2.828427, 3.0, 4.8989797, 4.8989797]","[0.5, 1.5, 2.0, 2.5, 6.0]","[0.0, 0.0, 0.0, 2.4494898, 5.91608]","[-4.0, -2.5, -2.5, -1.0, -1.0]","[0.5, 1.5, 2.0]","[0.0, 0.0, 0.0]","[-4.0, -2.5, -1.0]","[3.5, 4.0, 7.5]","[3.1622777, 3.4641016, 7.483315]","[-2.0, 0.5, 4.5]","[1.5, 4.0]","[0.0, 3.4641016]","[-2.0, 0.5]",1,1,1,0,1.0,0.0,1
17974,6,3,2,"[0.0, 0.0, 0.5, 1.0, 1.5, 3.5, 3.5, 6.0, 7.0, 7.5]","[0.0, 0.0, 0.0, 0.0, 1.0, 2.4494898, 3.1622777, 5.91608, 6.928203, 7.483315]","[1.0, 1.5, 3.5, 3.5, 4.0, 4.5]","[0.0, 0.0, 3.1622777, 3.4641016, 4.0, 4.2426405]","[-5.0, -4.0, -3.5, -3.5, -3.0, -1.5]","[1.0, 1.5, 3.5]","[0.0, 0.0, 3.4641016]","[-5.0, -4.0, -3.0]","[4.5, 7.0, 8.0]","[4.2426405, 6.928203, 8.0]","[-3.5, 3.5, 4.0]","[4.5, 6.5]","[4.2426405, 6.0]","[-3.5, 5.0]",1,1,1,0,1.0,0.0,0
71914,3,1,1,"[0.5, 1.0, 1.0, 1.0, 1.5, 1.5, 2.0, 2.5, 4.0, 4.5]","[0.0, 0.0, 0.0, 0.0, 0.0, 0.0, 1.0, 1.4142135, 2.6457512, 4.2426405]","[1.5, 2.0, 3.0]","[0.0, 1.7320508, 2.828427]","[-4.0, -2.0, -1.5]",[2.0],[1.7320508],[-4.0],[8.5],[8.485281],[8.0],[8.5],[8.485281],[8.0],0,1,0,0,0.0,0.0,0
51053,6,4,2,"[0.0, 0.5, 1.0, 2.0, 2.0, 3.0, 3.5, 4.0, 4.5, 5.5]","[0.0, 0.0, 0.0, 0.0, 1.7320508, 2.0, 3.0, 3.8729835, 4.472136, 5.477226]","[0.5, 1.5, 2.0, 2.5, 3.0, 5.0]","[0.0, 0.0, 1.7320508, 2.4494898, 2.828427, 4.8989797]","[-3.0, -2.5, -2.5, -2.0, -1.0, -1.0]","[0.5, 1.5, 2.0, 2.5]","[0.0, 0.0, 1.7320508, 2.4494898]","[-3.0, -2.5, -2.0, -1.0]","[4.0, 4.5, 4.5, 6.5]","[3.7416575, 3.7416575, 3.8729835, 6.0]","[0.5, 1.0, 2.5, 2.5]","[3.0, 6.5]","[0.0, 6.0]","[1.5, 5.0]",2,0,2,0,1.0,0.0,0
91,8,2,2,"[0.0, 0.0, 0.5, 3.0, 3.5, 4.0, 4.0, 4.5, 5.0, 5.0]","[0.0, 0.0, 0.0, 2.236068, 3.4641016, 3.4641016, 4.0, 4.0, 4.472136, 4.582576]","[1.5, 1.5, 2.5, 2.5, 3.5, 4.5, 4.5, 5.5]","[0.0, 1.4142135, 1.4142135, 2.4494898, 3.4641016, 4.2426405, 4.472136, 5.2915025]","[-4.0, -3.5, -3.0, -3.0, -2.5, -2.0, -1.5, -1.0]","[1.5, 1.5]","[1.4142135, 1.4142135]","[-4.0, -3.5]","[2.5, 8.5]","[0.0, 8.485281]","[0.0, 5.0]","[2.5, 8.5]","[0.0, 8.485281]","[0.0, 5.0]",0,2,0,0,0.0,0.0,1
50649,8,3,1,"[0.0, 0.0, 0.0, 0.5, 1.0, 3.5, 4.0, 5.5, 7.5, 8.0]","[0.0, 0.0, 0.0, 0.0, 0.0, 0.0, 2.6457512, 4.2426405, 7.3484693, 7.937254]","[1.5, 2.5, 3.0, 4.0, 4.0, 4.0, 4.5, 6.0]","[0.0, 0.0, 0.0, 2.6457512, 2.828427, 4.0, 4.472136, 5.656854]","[-5.0, -5.0, -5.0, -4.0, -3.5, -3.0, -2.0, -2.0]","[1.5, 2.5, 3.0]","[0.0, 0.0, 2.828427]","[-5.0, -3.5, -3.0]","[2.5, 3.0, 5.5]","[0.0, 2.828427, 5.477226]","[-5.0, -3.0, 2.5]",[5.5],[5.477226],[2.5],2,1,0,1,0.0,2.0,0
1460,1,1,1,"[0.0, 0.5, 1.0, 1.5, 1.5, 1.5, 1.5, 2.5, 3.0, 6.0]","[0.0, 0.0, 0.0, 0.0, 1.4142135, 1.4142135, 1.4142135, 2.4494898, 2.828427, 6.0]",[3.0],[2.236068],[-1.0],[3.0],[2.236068],[-1.0],[8.5],[8.485281],[5.0],[8.5],[8.485281],[5.0],0,1,0,0,0.0,0.0,0
581,6,3,2,"[0.0, 0.0, 0.5, 1.5, 4.0, 4.0, 4.5, 5.5, 5.5, 6.5]","[0.0, 0.0, 0.0, 1.4142135, 2.6457512, 3.4641016, 4.472136, 5.477226, 5.477226, 6.4807405]","[2.5, 2.5, 3.0, 3.5, 4.0, 4.5]","[0.0, 2.236068, 2.4494898, 3.4641016, 3.4641016, 4.472136]","[-4.0, -3.0, -3.0, -2.5, -2.0, -1.5]","[2.5, 3.0, 3.5]","[2.236068, 2.4494898, 3.4641016]","[-4.0, -3.0, -1.5]","[5.0, 5.5, 6.0]","[3.0, 4.8989797, 5.656854]","[0.5, 1.5, 3.0]","[2.5, 6.0]","[2.0, 5.656854]","[-0.5, 3.0]",1,1,1,0,1.0,0.0,1
5593,9,3,2,"[0.5, 0.5, 1.0, 1.5, 2.5, 4.0, 4.0, 4.0, 5.0, 8.0]","[0.0, 0.0, 0.0, 0.0, 0.0, 1.4142135, 2.6457512, 2.6457512, 4.8989797, 7.937254]","[0.5, 1.0, 3.0, 3.5, 4.0, 4.0, 4.0, 5.0, 6.0]","[0.0, 0.0, 0.0, 3.0, 3.8729835, 3.8729835, 4.0, 4.582576, 5.656854]","[-7.0, -5.0, -3.5, -3.0, -3.0, -2.5, -2.5, -2.5, -1.5]","[0.5, 1.0, 3.5]","[0.0, 0.0, 0.0]","[-7.0, -5.0, -1.5]","[1.0, 3.0, 3.5]","[0.0, 2.4494898, 3.0]","[-2.5, -1.0, 2.5]","[3.0, 7.0]","[3.0, 6.928203]","[2.5, 7.0]",1,1,1,0,1.0,0.0,0
34978,5,3,1,"[0.0, 0.0, 0.5, 0.5, 1.0, 1.5, 1.5, 4.5, 8.5, 9.0]","[0.0, 0.0, 0.0, 0.0, 0.0, 0.0, 0.0, 2.828427, 8.485281, 9.0]","[2.0, 4.5, 5.0, 5.0, 6.0]","[0.0, 2.828427, 4.0, 4.582576, 6.0]","[-4.0, -4.0, -3.5, -2.5, -1.0]","[2.0, 5.0, 6.0]","[0.0, 4.582576, 6.0]","[-4.0, -3.5, -2.5]","[3.0, 5.0, 6.5]","[0.0, 4.0, 6.3245554]","[-4.0, -1.0, 1.5]",[4.5],[3.7416575],[4.0],2,0,1,0,2.0,0.0,0
768,7,3,1,"[0.0, 0.0, 0.5, 2.0, 2.0, 2.0, 2.5, 5.0, 5.0, 7.0]","[0.0, 0.0, 0.0, 0.0, 0.0, 0.0, 1.7320508, 4.582576, 4.8989797, 7.0]","[1.0, 2.0, 2.5, 2.5, 3.0, 3.0, 4.0]","[0.0, 0.0, 0.0, 2.0, 2.828427, 3.0, 3.8729835]","[-5.0, -4.5, -2.5, -2.5, -2.0, -2.0, -1.5]","[1.0, 2.0, 2.5]","[0.0, 0.0, 2.0]","[-5.0, -4.5, -2.0]","[3.0, 4.5, 5.0]","[3.0, 3.0, 4.2426405]","[-2.5, -0.5, 1.5]",[3.0],[2.236068],[1.0],2,0,1,0,2.0,0.0,1
9911,3,2,2,"[0.0, 0.5, 1.0, 2.0, 2.5, 2.5, 3.0, 3.0, 3.0, 4.0]","[0.0, 0.0, 0.0, 0.0, 0.0, 0.0, 0.0, 1.0, 2.4494898, 2.4494898]","[3.5, 3.5, 4.0]","[3.1622777, 3.4641016, 3.4641016]","[-2.5, -2.5, -2.0]","[3.5, 4.0]","[3.1622777, 3.4641016]","[-2.5, -2.0]","[4.5, 6.0]","[4.2426405, 5.196152]","[4.5, 6.0]","[4.5, 6.0]","[4.2426405, 5.196152]","[4.5, 6.0]",0,2,0,0,0.0,0.0,0
81349,2,2,2,"[0.5, 1.5, 2.0, 2.5, 2.5, 3.0, 3.5, 3.5, 4.0, 6.0]","[0.0, 0.0, 0.0, 2.0, 2.236068, 2.4494898, 2.4494898, 3.1622777, 3.8729835, 5.196152]","[1.5, 5.0]","[0.0, 4.582576]","[-2.5, -1.5]","[1.5, 5.0]","[0.0, 4.582576]","[-2.5, -1.5]","[3.5, 5.5]","[3.4641016, 5.477226]","[0.0, 4.0]","[3.5, 5.5]","[3.4641016, 5.477226]","[0.0, 4.0]",0,2,0,0,0.0,0.0,0
31717,6,2,0,"[0.0, 0.0, 2.0, 2.0, 2.0, 2.5, 3.0, 4.0, 5.5, 8.5]","[0.0, 0.0, 0.0, 0.0, 0.0, 1.7320508, 2.4494898, 3.8729835, 4.8989797, 8.485281]","[1.0, 2.0, 2.5, 4.5, 4.5, 4.5]","[0.0, 0.0, 2.4494898, 4.2426405, 4.2426405, 4.472136]","[-6.0, -4.5, -3.0, -2.0, -2.0, -1.0]","[1.0, 2.5]","[0.0, 2.4494898]","[-6.0, -4.5]","[1.0, 2.5]","[0.0, 2.4494898]","[-6.0, -4.5]",[],[],[],2,0,0,1,0.0,2.0,0
93484,4,3,3,"[0.0, 0.0, 1.5, 1.5, 2.0, 2.5, 3.0, 3.0, 4.0, 4.0]","[0.0, 0.0, 0.0, 0.0, 0.0, 2.4494898, 2.6457512, 2.6457512, 3.0, 3.0]","[1.5, 1.5, 2.5, 3.0]","[0.0, 1.4142135, 1.4142135, 2.4494898]","[-4.0, -3.5, -2.5, -2.0]","[1.5, 1.5, 2.5]","[1.4142135, 1.4142135, 2.4494898]","[-3.5, -2.5, -2.0]","[2.5, 8.5, 8.5]","[2.4494898, 8.485281, 8.485281]","[2.5, 6.5, 8.0]","[2.5, 8.5, 8.5]","[2.4494898, 8.485281, 8.485281]","[2.5, 6.5, 8.0]",0,3,0,0,0.0,0.0,0
165,4,1,1,"[0.0, 0.5, 1.0, 1.0, 1.5, 2.0, 2.5, 4.0, 5.0, 7.0]","[0.0, 0.0, 0.0, 0.0, 0.0, 1.0, 2.0, 4.0, 4.582576, 6.708204]","[2.0, 2.0, 3.0, 5.5]","[1.7320508, 2.0, 2.828427, 5.477226]","[-4.5, -4.5, -3.0, -2.5]",[2.0],[2.0],[-4.5],[6.5],[6.3245554],[2.0],[6.5],[6.3245554],[2.0],0,1,0,0,0.0,0.0,1
239,22,6,3,"[0.0, 2.0, 3.5, 4.0, 4.5, 5.0, 5.0, 5.5, 7.0, 7.5]","[0.0, 0.0, 3.0, 3.1622777, 3.4641016, 4.2426405, 4.472136, 4.582576, 6.708204, 7.3484693]","[0.5, 0.5, 1.0, 1.0, 1.5, 1.5, 2.0, 2.0, 2.0, 2.5, 2.5, 2.5, 2.5, 2.5, 2.5, 3.0, 3.0, 3.0, 3.5, 3.5, 4.5, 5.0]","[0.0, 0.0, 0.0, 0.0, 0.0, 0.0, 0.0, 0.0, 0.0, 1.0, 1.0, 1.4142135, 2.0, 2.0, 2.236068, 2.4494898, 2.4494898, 2.4494898, 3.1622777, 3.4641016, 3.7416575, 4.8989797]","[-5.5, -5.0, -5.0, -4.5, -4.5, -4.0, -4.0, -4.0, -4.0, -3.5, -3.5, -3.0, -3.0, -3.0, -3.0, -2.5, -2.5, -2.5, -2.5, -2.5, -2.0, -2.0]","[0.5, 1.0, 1.5, 1.5, 2.0, 3.5]","[0.0, 0.0, 0.0, 1.0, 1.4142135, 3.1622777]","[-5.0, -4.5, -4.5, -3.0, -2.5, -2.0]","[2.5, 3.0, 3.5, 5.5, 6.5, 7.5]","[0.0, 0.0, 3.1622777, 5.2915025, 6.4807405, 7.483315]","[-3.0, -0.5, -0.5, -0.5, 0.5, 3.5]","[2.5, 3.5, 3.5]","[0.0, 2.4494898, 3.4641016]","[-3.0, -2.5, 2.5]",3,1,2,0,1.5,0.0,1
54324,4,2,1,"[0.0, 0.0, 1.0, 1.5, 1.5, 2.0, 3.0, 3.0, 3.0, 5.5]","[0.0, 0.0, 0.0, 0.0, 0.0, 0.0, 1.4142135, 2.236068, 2.236068, 5.477226]","[1.0, 2.0, 2.0, 4.0]","[0.0, 1.7320508, 2.0, 3.8729835]","[-2.5, -2.5, -2.0, -1.5]","[1.0, 2.0]","[0.0, 2.0]","[-2.5, -2.0]","[3.5, 6.0]","[2.4494898, 5.196152]","[0.5, 5.5]",[7.0],[6.928203],[6.5],1,0,1,0,1.0,0.0,0
884,2,1,1,"[0.5, 1.0, 1.0, 1.5, 2.0, 2.0, 2.5, 2.5, 3.5, 6.0]","[0.0, 0.0, 0.0, 0.0, 0.0, 0.0, 1.4142135, 2.0, 3.4641016, 5.656854]","[1.0, 1.5]","[0.0, 0.0]","[-2.5, -1.0]",[1.0],[0.0],[-2.5],[6.0],[6.0],[0.0],[6.0],[6.0],[0.0],0,1,0,0,0.0,0.0,1
687,9,2,2,"[0.5, 0.5, 1.0, 1.5, 1.5, 1.5, 4.5, 5.0, 6.5, 9.0]","[0.0, 0.0, 0.0, 0.0, 0.0, 1.0, 2.828427, 3.0, 6.3245554, 9.0]","[3.0, 3.0, 4.0, 4.0, 4.5, 4.5, 4.5, 5.0, 6.5]","[0.0, 2.828427, 2.828427, 3.4641016, 3.7416575, 3.8729835, 4.472136, 4.8989797, 6.4807405]","[-4.5, -4.5, -4.0, -3.0, -3.0, -3.0, -2.5, -1.5, -1.0]","[3.0, 4.5]","[2.828427, 4.472136]","[-4.0, -3.0]","[4.0, 4.0]","[0.0, 3.4641016]","[-1.0, 3.5]","[4.0, 4.0]","[0.0, 3.4641016]","[-1.0, 3.5]",0,2,0,0,0.0,0.0,1
831,1,1,1,"[0.0, 0.5, 1.0, 1.0, 1.5, 2.0, 2.5, 4.0, 4.5, 5.0]","[0.0, 0.0, 0.0, 0.0, 1.0, 1.4142135, 1.7320508, 2.0, 2.6457512, 4.8989797]",[3.0],[3.0],[-3.5],[3.0],[3.0],[-3.5],[2.5],[2.4494898],[0.0],[2.5],[2.4494898],[0.0],0,1,0,0,0.0,0.0,1
434,8,2,1,"[0.0, 0.5, 0.5, 1.5, 1.5, 2.5, 5.5, 6.5, 6.5, 6.5]","[0.0, 0.0, 0.0, 1.4142135, 1.4142135, 2.4494898, 5.477226, 6.0, 6.0, 6.4807405]","[1.0, 1.5, 1.5, 2.0, 2.0, 2.5, 4.0, 4.0]","[0.0, 0.0, 0.0, 1.4142135, 1.7320508, 2.0, 2.6457512, 2.6457512]","[-6.5, -6.0, -5.0, -5.0, -4.5, -4.0, -3.0, -1.5]","[1.5, 2.5]","[1.4142135, 2.0]","[-6.5, -5.0]","[1.0, 4.5]","[0.0, 4.2426405]","[-4.5, -0.5]",[3.5],[2.4494898],[-0.5],1,0,1,0,1.0,0.0,1
910,5,2,2,"[0.5, 0.5, 1.0, 1.5, 1.5, 1.5, 1.5, 2.5, 4.5, 6.0]","[0.0, 0.0, 0.0, 0.0, 0.0, 0.0, 1.4142135, 1.4142135, 1.4142135, 5.196152]","[0.5, 1.0, 2.0, 4.0, 5.0]","[0.0, 0.0, 0.0, 2.6457512, 4.8989797]","[-4.0, -3.0, -2.0, -2.0, -1.5]","[0.5, 1.0]","[0.0, 0.0]","[-4.0, -1.5]","[2.5, 4.0]","[0.0, 0.0]","[2.0, 2.5]","[2.5, 4.0]","[0.0, 0.0]","[2.0, 2.5]",0,2,0,0,0.0,0.0,1
935,8,4,3,"[0.0, 0.5, 1.5, 1.5, 1.5, 3.0, 3.5, 3.5, 4.0, 8.0]","[0.0, 0.0, 0.0, 0.0, 0.0, 1.4142135, 1.4142135, 2.6457512, 3.1622777, 7.937254]","[1.5, 1.5, 2.0, 2.0, 2.5, 3.0, 4.0, 5.0]","[1.4142135, 1.4142135, 1.7320508, 2.0, 2.0, 2.236068, 4.0, 4.8989797]","[-6.5, -5.0, -3.0, -2.0, -2.0, -2.0, -1.5, -1.0]","[1.5, 1.5, 2.0, 2.0]","[1.4142135, 1.4142135, 1.7320508, 2.0]","[-6.5, -5.0, -3.0, -1.5]","[2.5, 4.0, 7.5, 8.5]","[2.0, 3.8729835, 7.483315, 8.485281]","[2.5, 2.5, 3.0, 4.5]","[2.5, 4.0, 5.5]","[2.0, 3.8729835, 4.2426405]","[2.5, 2.5, 5.0]",1,2,1,0,1.0,0.0,1
43150,5,4,1,"[0.0, 0.5, 1.0, 1.5, 1.5, 1.5, 2.0, 4.5, 5.5, 7.5]","[0.0, 0.0, 0.0, 0.0, 1.4142135, 1.4142135, 1.4142135, 4.2426405, 5.477226, 7.3484693]","[2.0, 2.5, 2.5, 3.5, 4.0]","[0.0, 0.0, 2.0, 2.4494898, 3.8729835]","[-4.0, -2.0, -1.5, -1.5, -1.0]","[2.0, 2.5, 2.5, 3.5]","[0.0, 0.0, 2.0, 2.4494898]","[-4.0, -2.0, -1.5, -1.0]","[2.5, 4.0, 8.0, 8.5]","[2.0, 3.8729835, 8.0, 8.485281]","[-2.5, -1.5, 2.5, 5.5]",[3.0],[2.236068],[1.5],3,0,1,0,3.0,0.0,0
38577,1,1,1,"[0.5, 0.5, 1.0, 1.0, 1.0, 1.0, 2.0, 2.5, 3.0, 3.5]","[0.0, 0.0, 0.0, 0.0, 0.0, 0.0, 1.0, 1.7320508, 2.0, 2.828427]",[1.0],[0.0],[-2.5],[1.0],[0.0],[-2.5],[7.0],[6.708204],[6.0],[7.0],[6.708204],[6.0],0,1,0,0,0.0,0.0,0
74948,8,4,2,"[0.5, 0.5, 0.5, 0.5, 0.5, 2.0, 4.0, 5.0, 5.5, 5.5]","[0.0, 0.0, 0.0, 0.0, 0.0, 1.7320508, 3.4641016, 4.8989797, 5.2915025, 5.2915025]","[1.0, 1.5, 1.5, 1.5, 2.0, 2.5, 2.5, 4.0]","[0.0, 0.0, 0.0, 0.0, 0.0, 0.0, 1.4142135, 3.4641016]","[-4.5, -4.0, -3.5, -2.5, -1.5, -1.5, -1.5, -1.5]","[1.0, 1.5, 1.5, 2.5]","[0.0, 0.0, 0.0, 1.4142135]","[-4.0, -1.5, -1.5, -1.5]","[3.0, 3.0, 6.0, 7.0]","[3.0, 3.0, 5.196152, 6.928203]","[-0.5, 0.0, 1.0, 1.5]","[6.0, 8.0]","[5.196152, 7.937254]","[0.0, 8.0]",2,1,1,0,2.0,0.0,0
6111,7,3,3,"[0.5, 1.0, 1.5, 1.5, 3.0, 3.0, 4.0, 4.0, 4.5, 8.5]","[0.0, 0.0, 0.0, 0.0, 0.0, 1.4142135, 2.6457512, 2.828427, 3.8729835, 8.485281]","[0.5, 2.5, 3.0, 4.0, 4.0, 4.0, 6.5]","[0.0, 0.0, 0.0, 3.8729835, 4.0, 4.0, 6.3245554]","[-5.0, -3.5, -3.5, -3.0, -2.5, -2.0, -1.0]","[0.5, 3.0, 4.0]","[0.0, 0.0, 4.0]","[-5.0, -3.5, -3.0]","[3.0, 4.0, 5.5]","[2.236068, 3.8729835, 5.477226]","[-1.0, 1.5, 5.5]","[3.0, 4.0, 5.5]","[2.236068, 3.8729835, 5.477226]","[-1.0, 1.5, 5.5]",0,3,0,0,0.0,0.0,0
155,6,3,2,"[0.0, 0.5, 0.5, 1.0, 1.5, 3.5, 3.5, 4.0, 4.5, 5.0]","[0.0, 0.0, 0.0, 0.0, 1.0, 2.828427, 3.1622777, 3.1622777, 3.4641016, 4.582576]","[0.5, 1.0, 1.5, 1.5, 3.0, 4.5]","[0.0, 0.0, 0.0, 1.0, 2.828427, 4.472136]","[-5.5, -4.5, -3.5, -3.0, -3.0, -1.0]","[0.5, 1.5, 1.5]","[0.0, 0.0, 0.0]","[-5.5, -3.0, -1.0]","[3.0, 4.5, 5.0]","[2.828427, 4.0, 4.472136]","[0.5, 0.5, 3.0]","[2.5, 3.0]","[0.0, 2.828427]","[0.5, 0.5]",1,1,1,0,1.0,0.0,1
47250,4,2,2,"[0.5, 0.5, 0.5, 0.5, 1.5, 4.0, 4.5, 4.5, 4.5, 8.0]","[0.0, 0.0, 0.0, 0.0, 0.0, 2.828427, 3.8729835, 4.2426405, 4.2426405, 8.0]","[1.0, 1.5, 2.0, 3.5]","[0.0, 0.0, 1.4142135, 3.1622777]","[-7.0, -5.0, -4.0, -2.0]","[1.0, 3.5]","[0.0, 3.1622777]","[-7.0, -2.0]","[4.0, 5.5]","[0.0, 4.2426405]","[-0.5, 2.5]","[4.0, 5.5]","[0.0, 4.2426405]","[-0.5, 2.5]",0,2,0,0,0.0,0.0,0
499,3,2,2,"[1.0, 1.0, 1.0, 1.5, 2.0, 2.0, 3.0, 3.5, 3.5, 5.0]","[0.0, 1.0, 1.0, 1.0, 2.0, 2.0, 2.4494898, 2.828427, 3.4641016, 5.0]","[2.0, 2.0, 2.5]","[0.0, 0.0, 2.0]","[-2.5, -1.5, -1.5]","[2.0, 2.5]","[0.0, 0.0]","[-2.5, -1.5]","[5.0, 6.0]","[5.0, 6.0]","[2.0, 3.5]","[5.0, 6.0]","[5.0, 6.0]","[2.0, 3.5]",0,2,0,0,0.0,0.0,1
82265,5,3,2,"[0.0, 0.5, 0.5, 1.0, 1.5, 2.0, 3.0, 4.0, 4.5, 5.5]","[0.0, 0.0, 0.0, 0.0, 0.0, 1.7320508, 2.828427, 2.828427, 3.8729835, 5.2915025]","[0.5, 1.5, 2.5, 3.0, 5.0]","[0.0, 0.0, 2.4494898, 2.828427, 4.582576]","[-4.5, -4.0, -3.5, -2.0, -1.0]","[0.5, 2.5, 5.0]","[0.0, 2.4494898, 4.582576]","[-4.0, -2.0, -1.0]","[1.5, 3.0, 6.0]","[0.0, 2.236068, 5.196152]","[-3.5, 1.0, 4.5]","[6.0, 7.0]","[5.196152, 7.0]","[4.5, 5.5]",1,1,1,0,1.0,0.0,0
13575,8,4,2,"[0.0, 0.5, 1.0, 1.5, 1.5, 2.0, 2.5, 3.0, 7.0, 8.0]","[0.0, 0.0, 0.0, 0.0, 0.0, 1.4142135, 1.7320508, 2.828427, 6.928203, 7.937254]","[1.5, 1.5, 1.5, 2.0, 3.5, 3.5, 3.5, 3.5]","[0.0, 0.0, 0.0, 1.4142135, 1.4142135, 1.7320508, 3.1622777, 3.1622777]","[-6.0, -4.0, -3.5, -3.5, -2.0, -1.5, -1.0, -1.0]","[1.5, 1.5, 2.0, 3.5]","[1.4142135, 1.4142135, 1.7320508, 3.1622777]","[-6.0, -3.5, -2.0, -1.5]","[3.5, 4.5, 5.5, 5.5]","[2.828427, 3.1622777, 5.477226, 5.477226]","[-4.0, 0.0, 1.5, 5.0]","[5.5, 5.5]","[4.8989797, 5.477226]","[4.5, 5.0]",2,1,1,0,2.0,0.0,0
8055,3,2,2,"[0.5, 1.0, 1.0, 1.5, 3.0, 3.5, 4.0, 4.5, 5.0, 5.5]","[0.0, 0.0, 0.0, 0.0, 1.0, 1.4142135, 3.1622777, 4.0, 4.2426405, 4.472136]","[1.0, 2.0, 3.5]","[1.0, 1.7320508, 3.4641016]","[-6.0, -3.0, -1.0]","[1.0, 2.0]","[1.0, 1.7320508]","[-6.0, -1.0]","[2.0, 8.0]","[1.7320508, 8.0]","[1.0, 1.0]","[2.0, 8.0]","[1.7320508, 8.0]","[1.0, 1.0]",0,2,0,0,0.0,0.0,0
26577,5,2,1,"[0.0, 0.5, 0.5, 1.5, 2.0, 2.0, 2.5, 5.5, 5.5, 7.0]","[0.0, 0.0, 0.0, 0.0, 0.0, 1.7320508, 2.4494898, 4.2426405, 5.477226, 6.708204]","[1.0, 1.5, 2.0, 3.0, 4.0]","[0.0, 0.0, 1.0, 1.4142135, 2.828427]","[-5.5, -5.0, -3.5, -3.0, -2.0]","[1.0, 1.5]","[1.0, 1.4142135]","[-5.5, -3.5]","[2.0, 5.0]","[1.7320508, 4.8989797]","[-1.5, -0.5]",[6.5],[6.4807405],[3.0],1,0,1,0,1.0,0.0,0
51,8,4,2,"[1.0, 1.0, 1.5, 2.5, 2.5, 2.5, 3.0, 4.0, 5.0, 6.0]","[0.0, 0.0, 0.0, 0.0, 1.0, 2.0, 2.6457512, 3.0, 4.582576, 6.0]","[0.5, 0.5, 2.0, 2.0, 2.5, 2.5, 3.0, 3.5]","[0.0, 0.0, 0.0, 0.0, 2.0, 2.0, 2.236068, 2.4494898]","[-4.5, -4.5, -4.0, -3.5, -3.0, -2.5, -2.0, -1.5]","[0.5, 0.5, 2.5, 3.0]","[0.0, 0.0, 2.0, 2.236068]","[-4.5, -4.5, -2.0, -1.5]","[4.0, 4.0, 6.0, 7.0]","[0.0, 2.6457512, 5.656854, 6.928203]","[0.5, 2.0, 2.5, 2.5]","[4.0, 5.0]","[0.0, 4.0]","[3.0, 3.5]",2,0,2,0,1.0,0.0,1
60917,4,3,1,"[0.0, 0.5, 0.5, 1.0, 1.0, 1.0, 2.5, 3.0, 7.0, 7.5]","[0.0, 0.0, 0.0, 0.0, 0.0, 1.0, 2.0, 2.828427, 6.928203, 7.483315]","[1.5, 1.5, 2.0, 6.5]","[0.0, 0.0, 1.7320508, 6.4807405]","[-4.0, -3.0, -2.0, -1.5]","[1.5, 1.5, 2.0]","[0.0, 0.0, 1.7320508]","[-4.0, -3.0, -2.0]","[1.5, 1.5, 8.5]","[0.0, 0.0, 8.485281]","[-3.0, -2.0, 4.5]",[8.5],[8.485281],[4.5],2,1,0,1,0.0,2.0,0
162,7,3,2,"[0.5, 0.5, 0.5, 1.5, 2.0, 3.0, 3.0, 3.5, 4.0, 5.0]","[0.0, 0.0, 0.0, 0.0, 0.0, 2.0, 2.828427, 3.0, 3.8729835, 4.8989797]","[0.5, 1.5, 1.5, 2.5, 2.5, 2.5, 3.0]","[0.0, 0.0, 0.0, 0.0, 1.4142135, 2.0, 2.828427]","[-4.0, -2.5, -2.5, -2.5, -2.0, -1.5, -1.5]","[0.5, 1.5, 2.5]","[0.0, 1.4142135, 2.0]","[-4.0, -2.5, -1.5]","[1.5, 5.5, 8.0]","[0.0, 4.2426405, 7.937254]","[-2.5, 3.5, 6.5]","[5.0, 8.0]","[3.0, 7.937254]","[4.0, 6.5]",1,1,1,0,1.0,0.0,1
93384,4,3,2,"[0.0, 0.5, 0.5, 0.5, 2.0, 2.0, 2.5, 3.0, 3.0, 7.0]","[0.0, 0.0, 0.0, 0.0, 0.0, 0.0, 0.0, 0.0, 2.236068, 6.928203]","[2.5, 2.5, 3.0, 3.5]","[0.0, 2.4494898, 2.828427, 3.1622777]","[-2.5, -2.5, -2.0, -1.5]","[2.5, 3.0, 3.5]","[0.0, 2.828427, 3.1622777]","[-2.5, -2.0, -1.5]","[4.5, 5.5, 8.0]","[4.2426405, 4.2426405, 8.0]","[-1.0, 1.5, 8.0]","[0.5, 8.0]","[0.0, 8.0]","[-2.0, 8.0]",1,1,1,0,1.0,0.0,0
174,5,1,1,"[0.0, 0.0, 0.5, 1.5, 1.5, 2.0, 2.5, 3.0, 5.0, 6.0]","[0.0, 0.0, 0.0, 0.0, 0.0, 0.0, 1.4142135, 2.0, 4.0, 5.196152]","[0.5, 1.0, 2.0, 3.5, 4.5]","[0.0, 1.0, 2.0, 2.828427, 3.4641016]","[-5.5, -4.5, -4.0, -3.0, -1.0]",[0.5],[0.0],[-3.0],[4.0],[3.4641016],[3.5],[4.0],[3.4641016],[3.5],0,1,0,0,0.0,0.0,1
92628,3,2,1,"[0.0, 0.5, 1.0, 1.5, 1.5, 2.0, 2.0, 3.0, 5.5, 7.0]","[0.0, 0.0, 0.0, 0.0, 0.0, 1.0, 1.4142135, 2.0, 5.477226, 6.928203]","[1.0, 2.5, 3.5]","[0.0, 0.0, 3.4641016]","[-5.5, -2.5, -2.5]","[1.0, 2.5]","[0.0, 0.0]","[-5.5, -2.5]","[3.0, 5.0]","[2.828427, 4.582576]","[-1.0, 0.5]",[9.0],[9.0],[6.0],1,0,1,0,1.0,0.0,0
880,4,1,1,"[0.0, 0.5, 1.5, 2.0, 2.0, 2.5, 3.5, 3.5, 4.0, 4.5]","[0.0, 0.0, 0.0, 0.0, 0.0, 0.0, 2.0, 2.828427, 3.4641016, 3.4641016]","[2.0, 2.0, 3.0, 3.5]","[1.7320508, 2.0, 2.4494898, 2.828427]","[-4.5, -4.5, -3.0, -1.0]",[2.0],[2.0],[-3.0],[3.0],[0.0],[2.0],[3.0],[0.0],[2.0],0,1,0,0,0.0,0.0,1
39451,1,1,1,"[0.0, 0.0, 0.5, 0.5, 1.5, 2.0, 2.0, 2.0, 4.0, 6.5]","[0.0, 0.0, 0.0, 0.0, 0.0, 0.0, 1.7320508, 2.0, 3.8729835, 6.0]",[1.5],[1.4142135],[-2.0],[1.5],[1.4142135],[-2.0],[6.0],[5.656854],[3.5],[6.0],[5.656854],[3.5],0,1,0,0,0.0,0.0,0
717,4,1,1,"[0.0, 0.5, 1.0, 1.5, 2.5, 3.0, 4.0, 4.0, 4.5, 6.5]","[0.0, 0.0, 0.0, 1.0, 2.0, 2.6457512, 2.828427, 3.4641016, 4.472136, 6.0]","[1.0, 2.5, 4.0, 4.0]","[0.0, 1.0, 2.0, 3.8729835]","[-5.5, -4.0, -1.5, -1.0]",[1.0],[1.0],[-5.5],[3.5],[0.0],[0.5],[3.5],[0.0],[0.5],0,1,0,0,0.0,0.0,1
416,6,3,2,"[0.5, 0.5, 0.5, 1.5, 2.5, 3.0, 4.0, 4.5, 5.5, 8.0]","[0.0, 0.0, 0.0, 1.4142135, 2.0, 2.828427, 3.8729835, 4.472136, 5.2915025, 7.937254]","[1.0, 1.0, 1.5, 2.5, 3.5, 4.0]","[0.0, 0.0, 1.0, 2.4494898, 3.1622777, 3.8729835]","[-5.0, -4.5, -3.5, -3.5, -3.0, -2.0]","[1.0, 1.0, 2.5]","[0.0, 1.0, 2.4494898]","[-5.0, -3.5, -3.0]","[3.5, 3.5, 7.0]","[2.4494898, 3.1622777, 6.928203]","[-4.5, 0.5, 3.5]","[3.5, 4.0]","[2.4494898, 4.0]","[-2.0, 0.5]",1,1,1,0,1.0,0.0,1
833,10,4,2,"[0.5, 0.5, 1.0, 1.5, 2.5, 4.0, 4.0, 4.5, 5.0, 8.5]","[0.0, 0.0, 0.0, 0.0, 0.0, 1.0, 2.828427, 3.4641016, 4.0, 8.485281]","[1.0, 1.5, 2.0, 2.0, 2.5, 3.0, 3.5, 4.0, 6.0, 7.0]","[0.0, 0.0, 0.0, 1.4142135, 1.7320508, 1.7320508, 2.4494898, 4.0, 5.91608, 7.0]","[-5.0, -4.5, -4.5, -4.5, -3.5, -3.5, -3.0, -2.5, -1.0, -1.0]","[1.0, 1.5, 2.0, 3.0]","[0.0, 0.0, 1.4142135, 1.7320508]","[-5.0, -4.5, -3.5, -3.0]","[1.5, 4.5, 6.0, 6.0]","[1.4142135, 3.7416575, 5.196152, 5.91608]","[-2.5, -2.0, 3.5, 5.0]","[4.0, 7.0]","[3.4641016, 6.928203]","[2.5, 3.5]",2,0,2,0,1.0,0.0,1
325,9,3,2,"[0.0, 0.5, 1.0, 1.5, 2.0, 4.5, 4.5, 4.5, 5.5, 7.5]","[0.0, 0.0, 0.0, 0.0, 1.7320508, 2.828427, 3.7416575, 3.7416575, 4.2426405, 7.3484693]","[0.5, 1.0, 1.0, 2.0, 2.5, 3.0, 4.0, 6.0, 6.5]","[0.0, 0.0, 0.0, 0.0, 1.0, 2.4494898, 4.0, 6.0, 6.3245554]","[-7.0, -6.0, -5.0, -4.5, -3.0, -2.0, -2.0, -1.5, -1.0]","[0.5, 1.0, 2.5]","[0.0, 1.0, 2.4494898]","[-7.0, -6.0, -3.0]","[2.0, 2.5, 6.5]","[0.0, 0.0, 6.3245554]","[-2.0, 0.5, 1.0]","[2.5, 2.5]","[0.0, 2.0]","[0.0, 1.0]",1,1,1,0,1.0,0.0,1
236,10,4,2,"[0.5, 1.0, 1.0, 1.5, 2.0, 3.5, 4.0, 4.0, 6.0, 7.5]","[0.0, 0.0, 0.0, 0.0, 0.0, 0.0, 1.7320508, 3.8729835, 5.91608, 7.3484693]","[1.0, 2.0, 2.0, 2.5, 3.5, 3.5, 3.5, 4.0, 4.5, 5.0]","[0.0, 0.0, 0.0, 0.0, 0.0, 1.0, 1.7320508, 3.4641016, 4.472136, 5.0]","[-6.5, -4.0, -3.5, -3.0, -3.0, -3.0, -2.5, -2.0, -1.0, -1.0]","[1.0, 2.0, 3.5, 3.5]","[0.0, 0.0, 1.0, 3.4641016]","[-6.5, -3.0, -2.5, -1.0]","[3.5, 4.0, 5.0, 9.0]","[0.0, 3.0, 3.4641016, 9.0]","[-3.0, -2.0, 0.0, 9.0]","[7.0, 9.0]","[6.928203, 9.0]","[3.0, 9.0]",2,1,1,0,2.0,0.0,1
366,4,2,2,"[0.5, 0.5, 1.0, 1.0, 1.0, 1.5, 3.0, 4.5, 5.0, 6.0]","[0.0, 0.0, 0.0, 0.0, 0.0, 0.0, 0.0, 1.0, 3.0, 5.656854]","[0.5, 1.5, 2.0, 3.0]","[0.0, 0.0, 2.0, 2.236068]","[-4.5, -3.5, -1.5, -1.0]","[0.5, 3.0]","[0.0, 2.236068]","[-3.5, -1.0]","[6.0, 8.0]","[5.91608, 7.937254]","[4.0, 6.0]","[6.0, 8.0]","[5.91608, 7.937254]","[4.0, 6.0]",0,2,0,0,0.0,0.0,1
246,8,2,1,"[0.0, 0.5, 0.5, 1.0, 2.5, 2.5, 2.5, 3.5, 8.0, 8.0]","[0.0, 0.0, 0.0, 0.0, 0.0, 1.0, 2.0, 2.4494898, 7.937254, 8.0]","[1.5, 2.0, 2.0, 2.0, 3.5, 3.5, 4.5, 5.5]","[0.0, 0.0, 0.0, 1.7320508, 1.7320508, 3.1622777, 4.472136, 5.2915025]","[-6.5, -5.0, -4.0, -2.5, -2.5, -2.0, -2.0, -2.0]","[2.0, 2.0]","[0.0, 1.7320508]","[-6.5, -5.0]","[3.5, 4.5]","[3.1622777, 4.2426405]","[-4.0, 0.0]",[4.5],[2.828427],[0.5],1,0,1,0,1.0,0.0,1
21985,8,4,3,"[0.5, 1.0, 1.5, 2.0, 2.5, 3.0, 3.0, 3.5, 5.0, 5.5]","[0.0, 0.0, 1.4142135, 1.7320508, 2.4494898, 2.828427, 3.0, 3.1622777, 4.8989797, 5.477226]","[0.5, 1.5, 1.5, 1.5, 1.5, 2.0, 2.5, 3.5]","[0.0, 0.0, 1.4142135, 1.4142135, 1.4142135, 1.7320508, 2.0, 3.1622777]","[-3.5, -3.0, -2.5, -2.0, -2.0, -1.5, -1.5, -1.5]","[0.5, 1.5, 1.5, 2.0]","[0.0, 1.4142135, 1.4142135, 1.7320508]","[-3.5, -2.5, -2.0, -1.5]","[2.0, 3.5, 4.5, 7.5]","[0.0, 1.7320508, 3.4641016, 7.3484693]","[-0.5, 0.0, 0.5, 4.5]","[2.0, 4.5, 7.5]","[1.7320508, 4.2426405, 7.3484693]","[0.5, 1.0, 4.5]",1,2,1,0,1.0,0.0,0
61,2,1,1,"[0.0, 0.5, 1.0, 1.5, 1.5, 2.0, 2.5, 2.5, 4.5, 5.0]","[0.0, 0.0, 0.0, 0.0, 1.0, 1.7320508, 2.0, 2.0, 4.0, 4.2426405]","[1.5, 2.0]","[1.4142135, 1.7320508]","[-4.0, -3.5]",[1.5],[1.4142135],[-4.0],[1.5],[0.0],[0.0],[1.5],[0.0],[0.0],0,1,0,0,0.0,0.0,1
22186,3,1,1,"[0.5, 0.5, 2.0, 2.0, 2.0, 2.0, 2.5, 3.0, 4.0, 6.0]","[0.0, 0.0, 0.0, 0.0, 1.7320508, 2.0, 2.0, 2.236068, 3.4641016, 5.656854]","[0.5, 2.0, 3.5]","[0.0, 0.0, 3.1622777]","[-6.5, -3.0, -1.0]",[0.5],[0.0],[-6.5],[7.0],[6.708204],[4.0],[7.0],[6.708204],[4.0],0,1,0,0,0.0,0.0,0
572,14,4,2,"[1.0, 1.5, 1.5, 1.5, 1.5, 2.5, 4.5, 7.5, 8.0, 8.5]","[0.0, 0.0, 0.0, 0.0, 0.0, 0.0, 2.828427, 7.3484693, 7.937254, 8.485281]","[1.0, 1.0, 1.5, 2.5, 2.5, 3.0, 3.5, 3.5, 3.5, 4.5, 5.0, 6.0, 6.0, 7.0]","[0.0, 0.0, 0.0, 0.0, 1.4142135, 2.0, 2.236068, 2.828427, 3.1622777, 3.1622777, 4.582576, 5.91608, 6.0, 6.928203]","[-5.5, -5.0, -5.0, -4.5, -4.0, -3.5, -3.5, -3.0, -3.0, -2.5, -2.0, -2.0, -2.0, -1.0]","[1.0, 1.0, 1.5, 3.5]","[0.0, 0.0, 1.4142135, 3.1622777]","[-5.5, -5.0, -4.0, -2.0]","[5.5, 6.0, 6.0, 6.0]","[5.196152, 5.2915025, 5.91608, 6.0]","[-3.0, -2.0, 2.5, 5.0]","[3.0, 6.0]","[2.828427, 5.91608]","[-1.5, 2.5]",2,1,1,0,2.0,0.0,1
41661,6,1,1,"[0.5, 0.5, 1.0, 1.5, 2.0, 4.0, 5.0, 5.5, 6.0, 7.5]","[0.0, 0.0, 1.0, 1.4142135, 2.0, 3.8729835, 4.0, 5.477226, 5.656854, 7.3484693]","[1.0, 2.0, 2.5, 3.0, 3.0, 3.0]","[0.0, 0.0, 1.7320508, 2.828427, 2.828427, 3.0]","[-5.0, -4.5, -4.5, -4.0, -4.0, -4.0]",[1.0],[0.0],[-4.5],[8.5],[8.485281],[4.5],[8.5],[8.485281],[4.5],0,1,0,0,0.0,0.0,0
79459,4,2,2,"[0.0, 0.5, 0.5, 1.0, 1.5, 2.0, 3.0, 3.0, 4.5, 5.5]","[0.0, 0.0, 0.0, 0.0, 0.0, 0.0, 0.0, 2.236068, 4.2426405, 5.477226]","[1.0, 1.5, 2.0, 5.0]","[0.0, 0.0, 1.0, 5.0]","[-4.0, -3.0, -2.5, -1.0]","[1.5, 2.0]","[0.0, 0.0]","[-3.0, -2.5]","[3.0, 8.5]","[2.236068, 8.485281]","[1.5, 5.5]","[3.0, 8.5]","[2.236068, 8.485281]","[1.5, 5.5]",0,2,0,0,0.0,0.0,0
28359,12,3,1,"[0.5, 1.0, 1.5, 2.5, 3.0, 3.0, 4.5, 4.5, 6.5, 7.5]","[0.0, 0.0, 0.0, 0.0, 0.0, 0.0, 0.0, 4.2426405, 6.4807405, 7.3484693]","[1.0, 1.5, 1.5, 1.5, 1.5, 2.0, 2.0, 2.5, 2.5, 2.5, 3.5, 4.0]","[0.0, 0.0, 0.0, 0.0, 0.0, 1.0, 1.4142135, 2.0, 2.4494898, 2.4494898, 3.1622777, 3.4641016]","[-7.5, -6.0, -5.0, -5.0, -4.5, -3.5, -3.5, -3.5, -3.5, -3.0, -2.5, -2.5]","[1.0, 1.5, 1.5]","[0.0, 1.0, 1.4142135]","[-7.5, -5.0, -3.5]","[1.5, 4.5, 6.5]","[0.0, 2.828427, 6.0]","[-5.0, -3.0, 3.5]",[4.5],[4.472136],[1.5],2,0,1,0,2.0,0.0,0
858,8,2,2,"[0.0, 0.0, 0.5, 0.5, 1.5, 2.0, 4.0, 4.5, 4.5, 7.0]","[0.0, 0.0, 0.0, 0.0, 0.0, 1.4142135, 2.828427, 3.4641016, 3.7416575, 6.708204]","[0.5, 1.5, 1.5, 1.5, 2.0, 2.5, 3.5, 4.0]","[0.0, 0.0, 0.0, 0.0, 0.0, 1.4142135, 2.4494898, 2.6457512]","[-5.0, -4.5, -3.5, -3.0, -3.0, -2.5, -1.5, -1.5]","[0.5, 1.5]","[0.0, 0.0]","[-4.5, -3.5]","[4.5, 6.5]","[0.0, 6.0]","[3.5, 5.5]","[4.5, 6.5]","[0.0, 6.0]","[3.5, 5.5]",0,2,0,0,0.0,0.0,1
59783,9,3,2,"[0.0, 0.0, 0.5, 1.5, 2.0, 4.0, 4.5, 5.0, 5.5, 5.5]","[0.0, 0.0, 0.0, 0.0, 0.0, 0.0, 4.2426405, 4.472136, 4.582576, 5.2915025]","[1.5, 1.5, 1.5, 2.5, 3.5, 4.0, 4.0, 4.5, 5.5]","[0.0, 0.0, 1.4142135, 1.4142135, 2.4494898, 3.4641016, 3.8729835, 4.472136, 5.477226]","[-6.5, -4.0, -4.0, -3.0, -2.0, -2.0, -2.0, -2.0, -2.0]","[1.5, 1.5, 2.5]","[0.0, 1.4142135, 1.4142135]","[-6.5, -4.0, -2.0]","[6.0, 6.0, 8.5]","[5.196152, 6.0, 8.485281]","[0.0, 5.5, 6.0]","[2.5, 6.0]","[2.0, 6.0]","[-1.0, 6.0]",1,1,1,0,1.0,0.0,0
780,2,1,1,"[0.0, 0.5, 0.5, 0.5, 0.5, 1.0, 2.5, 4.0, 5.0, 6.0]","[0.0, 0.0, 0.0, 0.0, 0.0, 1.0, 2.0, 2.6457512, 4.0, 5.91608]","[2.5, 2.5]","[0.0, 0.0]","[-5.0, -1.5]",[2.5],[0.0],[-5.0],[3.0],[3.0],[1.5],[3.0],[3.0],[1.5],0,1,0,0,0.0,0.0,1
855,9,3,2,"[0.0, 1.0, 1.0, 2.0, 2.0, 2.0, 3.0, 4.5, 6.0, 8.5]","[0.0, 0.0, 0.0, 0.0, 0.0, 1.7320508, 2.0, 3.7416575, 5.196152, 8.485281]","[1.0, 1.0, 2.0, 2.0, 3.0, 3.0, 3.0, 4.0, 4.0]","[0.0, 0.0, 0.0, 1.0, 1.7320508, 2.236068, 2.6457512, 2.828427, 3.4641016]","[-5.5, -5.0, -4.5, -4.5, -4.0, -3.0, -2.5, -2.5, -2.5]","[1.0, 1.0, 3.0]","[0.0, 1.0, 2.236068]","[-4.5, -4.0, -2.5]","[1.0, 3.5, 5.0]","[0.0, 0.0, 3.0]","[-4.0, -2.0, 0.0]","[3.5, 7.0]","[0.0, 6.928203]","[-2.0, 5.5]",1,1,1,0,1.0,0.0,1
86765,7,3,3,"[0.5, 1.5, 2.0, 2.0, 2.5, 2.5, 3.0, 3.5, 4.5, 5.5]","[0.0, 0.0, 0.0, 0.0, 0.0, 0.0, 0.0, 3.0, 3.7416575, 4.8989797]","[1.5, 2.0, 2.0, 2.5, 2.5, 4.5, 4.5]","[0.0, 1.7320508, 2.0, 2.0, 2.4494898, 3.7416575, 4.2426405]","[-4.5, -3.0, -2.5, -2.5, -2.5, -2.0, -1.5]","[2.0, 2.0, 2.5]","[1.7320508, 2.0, 2.4494898]","[-4.5, -2.5, -2.5]","[5.0, 7.0, 7.5]","[4.8989797, 6.708204, 7.483315]","[3.5, 6.0, 7.0]","[5.0, 7.0, 7.5]","[4.8989797, 6.708204, 7.483315]","[3.5, 6.0, 7.0]",0,3,0,0,0.0,0.0,0
15628,6,3,2,"[0.0, 0.5, 0.5, 1.0, 2.0, 2.5, 5.0, 5.5, 6.5, 7.0]","[0.0, 0.0, 0.0, 0.0, 1.0, 2.4494898, 4.582576, 5.2915025, 6.0, 6.708204]","[0.5, 2.0, 3.0, 3.5, 4.0, 5.5]","[0.0, 0.0, 0.0, 2.236068, 3.4641016, 5.477226]","[-7.0, -3.0, -2.5, -2.5, -2.5, -2.0]","[0.5, 2.0, 4.0]","[0.0, 0.0, 3.4641016]","[-7.0, -3.0, -2.0]","[3.0, 3.5, 6.5]","[0.0, 2.236068, 6.4807405]","[-2.5, -1.5, 2.0]","[3.0, 4.5]","[2.236068, 2.828427]","[-1.5, 1.0]",1,1,1,0,1.0,0.0,0
410,7,3,1,"[0.0, 0.5, 1.0, 1.5, 1.5, 2.5, 2.5, 6.5, 7.0, 7.0]","[0.0, 0.0, 0.0, 0.0, 1.0, 1.4142135, 2.0, 6.4807405, 6.928203, 7.0]","[0.5, 2.0, 2.0, 2.5, 3.0, 3.0, 4.5]","[0.0, 0.0, 1.7320508, 1.7320508, 2.0, 2.236068, 4.472136]","[-7.0, -4.5, -4.0, -4.0, -3.5, -2.0, -1.0]","[0.5, 2.0, 3.0]","[0.0, 1.7320508, 2.236068]","[-7.0, -4.0, -3.5]","[4.5, 6.0, 7.0]","[2.828427, 5.196152, 6.708204]","[-2.5, 0.5, 3.0]",[3.5],[3.1622777],[0.5],2,0,1,0,2.0,0.0,1
834,18,3,2,"[0.0, 2.0, 2.0, 2.5, 3.0, 3.5, 6.0, 6.5, 7.5, 8.5]","[0.0, 0.0, 1.7320508, 2.0, 2.4494898, 3.0, 5.91608, 6.4807405, 7.483315, 8.485281]","[0.5, 0.5, 2.0, 2.0, 2.0, 2.0, 2.0, 2.5, 2.5, 2.5, 3.0, 3.0, 3.0, 3.5, 3.5, 3.5, 4.0, 4.5]","[0.0, 0.0, 0.0, 0.0, 0.0, 0.0, 0.0, 1.7320508, 2.0, 2.0, 2.236068, 2.4494898, 2.4494898, 2.828427, 3.0, 3.1622777, 3.4641016, 3.4641016]","[-7.5, -7.0, -5.0, -5.0, -5.0, -4.5, -4.5, -4.0, -3.5, -3.0, -3.0, -3.0, -2.5, -2.5, -2.5, -2.5, -1.5, -1.0]","[0.5, 0.5, 2.0]","[0.0, 0.0, 0.0]","[-7.5, -7.0, -2.5]","[3.5, 3.5, 5.0]","[3.1622777, 3.1622777, 5.0]","[-3.0, -1.0, -0.5]","[3.5, 8.0]","[3.1622777, 8.0]","[-3.0, 6.5]",1,1,1,0,1.0,0.0,1
594,17,3,1,"[0.5, 1.5, 1.5, 2.5, 3.0, 4.5, 4.5, 4.5, 6.0, 8.0]","[0.0, 0.0, 0.0, 1.4142135, 2.828427, 2.828427, 3.7416575, 3.7416575, 5.656854, 7.937254]","[1.0, 1.0, 1.0, 1.0, 1.0, 1.5, 2.0, 2.5, 3.0, 3.0, 3.5, 3.5, 4.0, 4.0, 4.5, 5.5, 6.5]","[0.0, 0.0, 0.0, 0.0, 0.0, 0.0, 1.0, 1.7320508, 2.4494898, 2.4494898, 2.6457512, 2.828427, 3.1622777, 4.0, 4.472136, 5.2915025, 6.4807405]","[-7.0, -5.0, -5.0, -4.5, -4.0, -4.0, -3.0, -3.0, -3.0, -2.5, -2.5, -2.0, -2.0, -1.5, -1.0, -1.0, -1.0]","[1.0, 1.0, 1.0]","[0.0, 0.0, 1.0]","[-7.0, -5.0, -2.0]","[4.0, 4.5, 7.5]","[3.8729835, 4.472136, 7.483315]","[-3.0, 3.0, 5.0]",[3.0],[3.0],[2.5],2,0,1,0,2.0,0.0,1
347,5,2,1,"[0.5, 0.5, 1.0, 1.0, 1.0, 1.5, 2.0, 3.0, 4.0, 8.0]","[0.0, 0.0, 0.0, 0.0, 0.0, 1.0, 1.7320508, 2.828427, 3.8729835, 8.0]","[0.5, 1.5, 2.5, 3.0, 3.5]","[0.0, 0.0, 1.4142135, 2.0, 3.4641016]","[-5.0, -4.0, -3.0, -2.5, -2.0]","[0.5, 1.5]","[0.0, 1.4142135]","[-5.0, -4.0]","[7.5, 8.5]","[7.3484693, 8.485281]","[2.0, 3.0]",[2.5],[0.0],[-0.5],1,0,1,0,1.0,0.0,1
469,3,2,2,"[0.0, 0.5, 0.5, 1.0, 1.5, 3.5, 4.0, 4.5, 5.0, 5.0]","[0.0, 0.0, 0.0, 0.0, 1.4142135, 3.0, 3.0, 3.1622777, 3.4641016, 4.2426405]","[2.0, 2.5, 6.0]","[0.0, 1.7320508, 5.91608]","[-4.0, -3.0, -1.5]","[2.0, 6.0]","[1.7320508, 5.91608]","[-4.0, -1.5]","[4.5, 5.5]","[3.7416575, 5.2915025]","[2.0, 3.0]","[4.5, 5.5]","[3.7416575, 5.2915025]","[2.0, 3.0]",0,2,0,0,0.0,0.0,1
845,10,5,3,"[0.0, 0.5, 2.0, 2.0, 3.0, 3.5, 5.0, 5.5, 6.0, 8.0]","[0.0, 0.0, 0.0, 1.7320508, 1.7320508, 2.4494898, 3.0, 4.2426405, 5.196152, 7.937254]","[1.0, 1.0, 1.5, 2.0, 2.0, 3.0, 3.5, 3.5, 4.0, 5.0]","[0.0, 0.0, 0.0, 0.0, 1.4142135, 1.7320508, 3.0, 3.1622777, 3.4641016, 4.0]","[-7.5, -5.5, -5.5, -5.0, -4.5, -4.0, -3.0, -2.0, -1.5, -1.0]","[1.0, 1.0, 1.5, 2.0, 3.5]","[0.0, 0.0, 0.0, 1.4142135, 1.7320508]","[-7.5, -4.5, -3.0, -1.5, -1.0]","[3.5, 3.5, 4.0, 4.5, 5.0]","[3.1622777, 3.4641016, 3.8729835, 4.472136, 4.582576]","[-1.5, -0.5, 0.5, 1.5, 2.0]","[3.5, 5.0, 7.5]","[3.4641016, 4.582576, 7.483315]","[0.5, 1.5, 7.0]",2,2,1,0,2.0,0.0,1
93458,5,3,2,"[0.0, 0.0, 0.5, 1.0, 2.0, 3.0, 3.0, 3.5, 3.5, 7.5]","[0.0, 0.0, 0.0, 1.0, 2.0, 2.828427, 3.0, 3.1622777, 3.4641016, 7.3484693]","[2.0, 2.0, 2.5, 3.0, 3.5]","[0.0, 2.0, 2.0, 2.236068, 2.4494898]","[-4.5, -2.5, -2.0, -1.5, -1.5]","[2.0, 2.0, 2.5]","[0.0, 2.0, 2.0]","[-4.5, -1.5, -1.5]","[3.0, 3.0, 5.5]","[0.0, 2.236068, 5.477226]","[-2.5, -1.5, 3.0]","[5.5, 5.5]","[5.2915025, 5.477226]","[3.0, 3.0]",1,1,1,0,1.0,0.0,0
17,7,2,2,"[0.0, 0.5, 1.0, 1.0, 3.0, 4.0, 4.5, 4.5, 5.0, 5.5]","[0.0, 0.0, 0.0, 0.0, 0.0, 0.0, 1.0, 3.0, 4.2426405, 5.477226]","[0.5, 1.0, 1.5, 2.5, 3.0, 4.0, 4.0]","[0.0, 0.0, 0.0, 0.0, 2.0, 3.8729835, 4.0]","[-6.0, -5.5, -4.5, -3.5, -3.5, -3.0, -2.5]","[0.5, 3.0]","[0.0, 0.0]","[-5.5, -4.5]","[4.0, 8.0]","[0.0, 7.937254]","[1.5, 6.5]","[4.0, 8.0]","[0.0, 7.937254]","[1.5, 6.5]",0,2,0,0,0.0,0.0,1
879,5,1,1,"[0.0, 0.5, 0.5, 2.0, 2.5, 2.5, 3.0, 4.0, 5.0, 7.5]","[0.0, 0.0, 0.0, 0.0, 2.0, 2.0, 2.6457512, 3.0, 4.8989797, 7.3484693]","[0.5, 1.0, 2.5, 4.0, 4.0]","[0.0, 1.0, 2.4494898, 3.8729835, 3.8729835]","[-6.0, -5.5, -3.5, -2.5, -1.0]",[0.5],[0.0],[-6.0],[6.5],[6.0],[1.5],[6.5],[6.0],[1.5],0,1,0,0,0.0,0.0,1
562,1,1,1,"[0.0, 0.5, 1.0, 1.0, 1.5, 2.5, 2.5, 3.0, 4.0, 7.0]","[0.0, 0.0, 0.0, 0.0, 0.0, 0.0, 1.4142135, 2.0, 2.0, 6.708204]",[4.0],[3.4641016],[-2.0],[4.0],[3.4641016],[-2.0],[7.0],[7.0],[6.5],[7.0],[7.0],[6.5],0,1,0,0,0.0,0.0,1
964,4,3,1,"[0.5, 0.5, 1.0, 1.0, 1.5, 2.5, 2.5, 3.0, 5.0, 7.5]","[0.0, 0.0, 0.0, 0.0, 1.0, 2.0, 2.0, 2.828427, 4.0, 7.3484693]","[0.5, 1.5, 1.5, 2.0]","[0.0, 0.0, 1.4142135, 1.7320508]","[-5.0, -4.5, -3.5, -3.0]","[0.5, 1.5, 2.0]","[0.0, 0.0, 1.7320508]","[-5.0, -4.5, -3.0]","[3.0, 5.0, 7.0]","[3.0, 4.0, 7.0]","[0.0, 0.0, 1.0]",[4.5],[0.0],[3.0],2,0,1,0,2.0,0.0,1
15538,2,1,1,"[0.0, 0.5, 0.5, 0.5, 1.0, 1.5, 1.5, 3.0, 4.5, 5.5]","[0.0, 0.0, 0.0, 0.0, 0.0, 0.0, 0.0, 1.4142135, 4.2426405, 4.8989797]","[1.5, 2.5]","[0.0, 2.4494898]","[-5.5, -3.5]",[1.5],[0.0],[-5.5],[8.5],[8.485281],[5.5],[8.5],[8.485281],[5.5],0,1,0,0,0.0,0.0,0
245,8,3,2,"[0.5, 1.0, 1.0, 1.0, 1.5, 1.5, 4.5, 5.5, 6.0, 6.5]","[0.0, 0.0, 0.0, 0.0, 0.0, 1.4142135, 4.472136, 5.196152, 5.2915025, 6.3245554]","[1.5, 1.5, 2.0, 2.5, 3.0, 3.0, 3.5, 4.0]","[0.0, 0.0, 1.7320508, 2.0, 2.236068, 2.4494898, 2.828427, 4.0]","[-5.0, -4.5, -4.0, -3.0, -3.0, -3.0, -2.0, -2.0]","[1.5, 1.5, 3.0]","[0.0, 0.0, 2.828427]","[-5.0, -2.0, -2.0]","[2.5, 4.0, 5.5]","[0.0, 2.0, 4.8989797]","[-4.5, 1.0, 2.0]","[4.0, 4.0]","[0.0, 4.0]","[-3.0, 2.0]",1,1,1,0,1.0,0.0,1
980,3,2,2,"[0.5, 1.0, 1.0, 1.5, 1.5, 2.0, 2.5, 2.5, 4.0, 5.0]","[0.0, 0.0, 0.0, 0.0, 0.0, 1.4142135, 2.0, 2.4494898, 3.4641016, 4.8989797]","[1.0, 2.5, 2.5]","[0.0, 2.0, 2.4494898]","[-2.5, -1.5, -1.0]","[1.0, 2.5]","[0.0, 2.0]","[-1.5, -1.0]","[6.5, 7.0]","[6.3245554, 7.0]","[2.5, 5.5]","[6.5, 7.0]","[6.3245554, 7.0]","[2.5, 5.5]",0,2,0,0,0.0,0.0,1
5277,5,1,1,"[0.5, 0.5, 1.5, 2.0, 2.5, 3.0, 3.5, 3.5, 4.0, 7.5]","[0.0, 0.0, 0.0, 0.0, 0.0, 1.4142135, 1.7320508, 3.1622777, 3.4641016, 7.3484693]","[1.5, 4.0, 4.0, 5.0, 5.5]","[0.0, 2.6457512, 3.4641016, 4.0, 5.477226]","[-5.5, -3.0, -2.5, -2.0, -1.5]",[1.5],[0.0],[-5.5],[5.5],[5.2915025],[2.5],[5.5],[5.2915025],[2.5],0,1,0,0,0.0,0.0,0
318,4,1,1,"[0.0, 0.5, 0.5, 1.0, 1.5, 1.5, 2.0, 3.5, 4.5, 5.0]","[0.0, 0.0, 0.0, 0.0, 0.0, 0.0, 1.4142135, 1.7320508, 3.1622777, 5.0]","[1.0, 1.5, 2.5, 3.0]","[0.0, 0.0, 0.0, 2.0]","[-6.0, -3.5, -2.5, -2.5]",[1.0],[0.0],[-6.0],[3.0],[2.828427],[0.5],[3.0],[2.828427],[0.5],0,1,0,0,0.0,0.0,1
42668,5,3,2,"[0.0, 0.5, 0.5, 1.0, 2.0, 2.0, 2.5, 5.5, 5.5, 8.0]","[0.0, 0.0, 0.0, 0.0, 0.0, 1.7320508, 2.0, 4.8989797, 5.477226, 7.937254]","[1.0, 2.5, 2.5, 3.0, 4.5]","[0.0, 0.0, 2.0, 2.4494898, 2.828427]","[-4.0, -4.0, -3.5, -1.5, -1.0]","[2.5, 2.5, 3.0]","[0.0, 2.0, 2.4494898]","[-4.0, -3.5, -1.5]","[3.5, 3.5, 4.0]","[0.0, 2.4494898, 3.4641016]","[-3.0, -0.5, 2.0]","[3.5, 3.5]","[0.0, 0.0]","[0.5, 2.0]",1,1,1,0,1.0,0.0,0
296,6,2,2,"[0.0, 0.0, 1.0, 1.5, 1.5, 2.5, 3.5, 4.0, 4.5, 4.5]","[0.0, 0.0, 0.0, 0.0, 1.4142135, 2.4494898, 2.6457512, 2.828427, 3.1622777, 4.472136]","[1.0, 1.5, 2.5, 2.5, 2.5, 3.0]","[0.0, 0.0, 0.0, 0.0, 1.4142135, 2.0]","[-5.0, -5.0, -4.5, -2.5, -2.0, -2.0]","[1.5, 2.5]","[0.0, 1.4142135]","[-4.5, -2.5]","[4.0, 6.0]","[4.0, 5.196152]","[2.0, 4.5]","[4.0, 6.0]","[4.0, 5.196152]","[2.0, 4.5]",0,2,0,0,0.0,0.0,1
912,1,1,1,"[0.5, 0.5, 1.0, 1.0, 1.0, 2.0, 2.5, 2.5, 4.5, 4.5]","[0.0, 0.0, 0.0, 0.0, 0.0, 0.0, 0.0, 1.0, 2.0, 3.7416575]",[2.5],[0.0],[-5.5],[2.5],[0.0],[-5.5],[7.5],[7.3484693],[6.5],[7.5],[7.3484693],[6.5],0,1,0,0,0.0,0.0,1
1002,2,2,2,"[0.5, 0.5, 1.0, 1.0, 1.0, 1.0, 1.5, 3.0, 3.0, 6.5]","[0.0, 0.0, 0.0, 0.0, 0.0, 0.0, 0.0, 0.0, 1.4142135, 6.0]","[1.5, 3.5]","[0.0, 0.0]","[-2.0, -2.0]","[1.5, 3.5]","[0.0, 0.0]","[-2.0, -2.0]","[6.0, 8.5]","[5.196152, 8.485281]","[4.0, 8.5]","[6.0, 8.5]","[5.196152, 8.485281]","[4.0, 8.5]",0,2,0,0,0.0,0.0,1
80718,10,3,2,"[1.0, 1.0, 1.5, 2.0, 2.0, 3.0, 3.5, 4.5, 6.5, 7.5]","[0.0, 0.0, 0.0, 0.0, 0.0, 1.0, 2.4494898, 2.828427, 6.0, 7.483315]","[1.0, 1.5, 2.0, 2.0, 2.5, 3.5, 4.0, 4.0, 4.0, 5.0]","[0.0, 1.0, 1.4142135, 2.0, 2.4494898, 2.4494898, 2.6457512, 3.4641016, 3.8729835, 4.8989797]","[-6.5, -5.5, -4.5, -4.0, -3.0, -3.0, -3.0, -2.5, -2.5, -2.0]","[1.0, 2.0, 2.5]","[1.0, 2.0, 2.4494898]","[-5.5, -4.5, -3.0]","[3.5, 5.5, 7.5]","[3.4641016, 4.8989797, 7.483315]","[2.0, 3.0, 3.5]","[3.5, 6.5]","[3.4641016, 6.4807405]","[3.5, 6.0]",1,1,1,0,1.0,0.0,0
39504,7,3,2,"[0.0, 2.0, 3.0, 3.0, 3.0, 3.5, 3.5, 4.0, 4.5, 7.0]","[0.0, 0.0, 0.0, 1.7320508, 2.236068, 2.236068, 2.6457512, 3.1622777, 3.1622777, 6.928203]","[2.0, 2.5, 2.5, 2.5, 3.0, 4.0, 4.5]","[0.0, 0.0, 0.0, 0.0, 2.236068, 2.4494898, 4.2426405]","[-4.5, -4.0, -4.0, -3.0, -2.5, -2.0, -1.5]","[2.5, 2.5, 2.5]","[0.0, 0.0, 2.4494898]","[-4.0, -3.0, -2.5]","[4.0, 5.0, 7.5]","[4.0, 4.0, 7.3484693]","[-0.5, 1.0, 4.0]","[7.0, 7.5]","[6.708204, 7.3484693]","[4.0, 5.5]",1,1,1,0,1.0,0.0,0
243,2,2,1,"[0.0, 0.5, 1.0, 2.0, 2.0, 3.0, 3.5, 4.0, 4.0, 5.5]","[0.0, 0.0, 0.0, 1.0, 1.7320508, 2.828427, 3.4641016, 3.8729835, 3.8729835, 4.2426405]","[0.5, 2.5]","[0.0, 2.4494898]","[-4.0, -1.0]","[0.5, 2.5]","[0.0, 2.4494898]","[-4.0, -1.0]","[2.5, 7.0]","[2.0, 7.0]","[-2.0, 6.0]",[4.5],[4.472136],[4.5],1,0,1,0,1.0,0.0,1
4285,8,2,1,"[0.5, 0.5, 1.5, 2.0, 2.0, 2.5, 3.0, 3.5, 5.5, 6.5]","[0.0, 0.0, 0.0, 1.4142135, 1.7320508, 1.7320508, 2.4494898, 3.0, 4.8989797, 6.3245554]","[0.5, 1.0, 1.5, 2.0, 2.0, 2.5, 3.0, 4.5]","[0.0, 0.0, 0.0, 0.0, 1.4142135, 1.7320508, 2.236068, 4.2426405]","[-7.5, -3.5, -3.0, -3.0, -2.0, -2.0, -1.5, -1.5]","[0.5, 1.5]","[0.0, 1.4142135]","[-7.5, -1.5]","[6.5, 6.5]","[6.0, 6.3245554]","[1.0, 2.5]",[4.0],[3.4641016],[0.0],1,0,1,0,1.0,0.0,0
44413,2,1,1,"[0.5, 0.5, 1.0, 1.5, 1.5, 1.5, 2.5, 3.0, 3.0, 3.5]","[0.0, 0.0, 0.0, 0.0, 0.0, 1.0, 1.4142135, 1.4142135, 2.0, 2.236068]","[0.5, 2.0]","[0.0, 0.0]","[-4.5, -3.5]",[0.5],[0.0],[-3.5],[3.5],[3.4641016],[2.5],[3.5],[3.4641016],[2.5],0,1,0,0,0.0,0.0,0
59982,7,2,2,"[0.5, 1.5, 2.0, 2.0, 2.5, 3.0, 3.0, 3.5, 5.5, 7.5]","[0.0, 0.0, 0.0, 0.0, 0.0, 1.7320508, 2.0, 2.4494898, 4.8989797, 7.3484693]","[2.0, 2.5, 3.0, 3.0, 4.0, 4.5, 5.0]","[0.0, 0.0, 0.0, 2.0, 3.0, 4.472136, 4.8989797]","[-6.0, -5.0, -3.0, -2.0, -2.0, -1.5, -1.0]","[2.5, 3.0]","[2.0, 3.0]","[-6.0, -1.0]","[6.5, 8.0]","[6.3245554, 7.937254]","[3.5, 6.0]","[6.5, 8.0]","[6.3245554, 7.937254]","[3.5, 6.0]",0,2,0,0,0.0,0.0,0
116,4,3,1,"[0.0, 0.0, 0.0, 1.0, 2.5, 2.5, 3.5, 5.0, 5.0, 5.5]","[0.0, 0.0, 0.0, 0.0, 1.0, 2.0, 3.1622777, 4.2426405, 4.8989797, 5.0]","[1.5, 3.0, 3.5, 3.5]","[0.0, 2.4494898, 2.828427, 3.4641016]","[-4.0, -2.0, -2.0, -1.0]","[3.0, 3.5, 3.5]","[2.4494898, 2.828427, 3.4641016]","[-2.0, -2.0, -1.0]","[1.5, 2.5, 4.5]","[0.0, 2.0, 2.828427]","[-4.0, -1.0, 1.0]",[5.0],[4.582576],[1.0],2,0,1,0,2.0,0.0,1
53294,7,3,3,"[0.0, 0.5, 1.0, 2.0, 2.5, 2.5, 3.5, 4.0, 4.0, 5.5]","[0.0, 0.0, 0.0, 0.0, 1.7320508, 2.0, 2.4494898, 3.4641016, 3.4641016, 5.477226]","[1.5, 2.0, 2.0, 2.0, 2.5, 2.5, 4.0]","[0.0, 0.0, 1.7320508, 1.7320508, 2.0, 2.0, 4.0]","[-4.0, -4.0, -3.5, -2.0, -1.5, -1.0, -1.0]","[1.5, 2.0, 2.0]","[0.0, 1.7320508, 2.0]","[-4.0, -2.0, -1.5]","[2.0, 3.0, 6.0]","[0.0, 0.0, 5.91608]","[-1.0, 1.0, 4.0]","[2.0, 3.0, 6.0]","[0.0, 0.0, 5.91608]","[-1.0, 1.0, 4.0]",0,3,0,0,0.0,0.0,0
234,4,3,3,"[0.0, 1.0, 2.0, 2.0, 2.5, 3.5, 4.0, 4.5, 4.5, 6.0]","[0.0, 0.0, 0.0, 0.0, 0.0, 1.0, 2.4494898, 4.2426405, 4.2426405, 5.656854]","[1.0, 2.0, 2.0, 3.0]","[0.0, 0.0, 1.7320508, 3.0]","[-4.0, -3.0, -2.5, -1.5]","[1.0, 2.0, 3.0]","[0.0, 1.7320508, 3.0]","[-3.0, -2.5, -1.5]","[5.5, 5.5, 6.5]","[4.2426405, 4.2426405, 6.3245554]","[1.5, 2.0, 4.0]","[5.5, 5.5, 6.5]","[4.2426405, 4.2426405, 6.3245554]","[1.5, 2.0, 4.0]",0,3,0,0,0.0,0.0,1
56768,7,3,3,"[0.0, 0.5, 0.5, 2.5, 3.0, 3.0, 4.0, 4.0, 4.0, 5.5]","[0.0, 0.0, 0.0, 0.0, 0.0, 2.236068, 2.6457512, 2.6457512, 3.8729835, 5.477226]","[2.0, 2.0, 2.5, 2.5, 3.0, 3.0, 4.5]","[0.0, 0.0, 1.7320508, 2.0, 2.236068, 3.0, 4.472136]","[-5.0, -4.0, -3.5, -2.5, -2.5, -2.5, -2.0]","[2.0, 3.0, 3.0]","[0.0, 2.236068, 3.0]","[-5.0, -2.5, -2.5]","[4.5, 5.0, 6.0]","[2.828427, 4.8989797, 5.196152]","[3.0, 3.5, 4.0]","[4.5, 5.0, 6.0]","[2.828427, 4.8989797, 5.196152]","[3.0, 3.5, 4.0]",0,3,0,0,0.0,0.0,0
988,2,2,1,"[0.0, 0.5, 1.0, 1.5, 2.0, 2.0, 3.5, 4.0, 4.0, 8.0]","[0.0, 0.0, 0.0, 0.0, 1.0, 1.4142135, 1.7320508, 2.4494898, 3.4641016, 7.937254]","[3.5, 6.0]","[3.1622777, 5.656854]","[-3.0, -2.5]","[3.5, 6.0]","[3.1622777, 5.656854]","[-3.0, -2.5]","[2.0, 6.5]","[2.0, 6.4807405]","[-3.0, 3.0]",[4.5],[3.7416575],[4.0],1,0,1,0,1.0,0.0,1
34076,5,2,2,"[0.5, 0.5, 1.5, 1.5, 2.0, 2.0, 3.5, 5.0, 5.5, 5.5]","[0.0, 0.0, 0.0, 0.0, 0.0, 0.0, 3.4641016, 4.8989797, 4.8989797, 4.8989797]","[1.5, 2.5, 2.5, 3.0, 3.5]","[0.0, 0.0, 2.4494898, 2.4494898, 2.828427]","[-4.5, -3.0, -3.0, -2.5, -2.5]","[1.5, 3.5]","[0.0, 2.4494898]","[-4.5, -2.5]","[3.0, 8.0]","[2.828427, 8.0]","[0.0, 3.5]","[3.0, 8.0]","[2.828427, 8.0]","[0.0, 3.5]",0,2,0,0,0.0,0.0,0
8,5,2,2,"[0.5, 0.5, 1.0, 1.0, 1.5, 2.0, 3.5, 4.0, 4.0, 4.5]","[0.0, 0.0, 0.0, 0.0, 0.0, 0.0, 1.0, 1.7320508, 3.1622777, 3.4641016]","[2.5, 3.0, 3.0, 3.5, 5.0]","[0.0, 2.236068, 2.4494898, 2.828427, 4.582576]","[-4.5, -3.5, -2.5, -2.0, -1.0]","[2.5, 5.0]","[0.0, 4.582576]","[-3.5, -2.0]","[1.0, 6.0]","[1.0, 5.91608]","[1.0, 5.0]","[1.0, 6.0]","[1.0, 5.91608]","[1.0, 5.0]",0,2,0,0,0.0,0.0,1
464,10,3,1,"[0.0, 0.5, 0.5, 0.5, 2.5, 3.0, 5.0, 6.5, 7.0, 7.0]","[0.0, 0.0, 0.0, 0.0, 2.4494898, 2.828427, 3.0, 6.3245554, 6.708204, 7.0]","[1.5, 1.5, 2.0, 2.0, 2.5, 3.0, 3.0, 4.0, 4.0, 4.0]","[0.0, 0.0, 0.0, 0.0, 1.4142135, 1.7320508, 2.0, 2.236068, 2.6457512, 4.0]","[-5.5, -5.0, -3.0, -2.5, -2.5, -2.5, -2.0, -2.0, -2.0, -1.0]","[1.5, 1.5, 2.0]","[0.0, 1.4142135, 1.7320508]","[-5.5, -5.0, -2.5]","[4.0, 5.5, 6.5]","[4.0, 5.477226, 6.3245554]","[-2.5, -1.5, 0.5]",[5.0],[3.0],[-2.5],2,0,1,0,2.0,0.0,1
35914,3,1,1,"[0.0, 0.0, 0.5, 1.5, 1.5, 2.0, 3.0, 3.5, 4.5, 6.0]","[0.0, 0.0, 0.0, 0.0, 1.4142135, 1.4142135, 2.0, 2.828427, 4.2426405, 5.196152]","[1.0, 2.5, 2.5]","[0.0, 1.0, 2.4494898]","[-5.5, -5.5, -2.5]",[2.5],[0.0],[-5.5],[2.5],[2.4494898],[1.0],[2.5],[2.4494898],[1.0],0,1,0,0,0.0,0.0,0
6,4,2,1,"[0.0, 0.0, 0.0, 0.5, 1.0, 1.5, 4.0, 6.0, 8.0, 8.0]","[0.0, 0.0, 0.0, 0.0, 0.0, 0.0, 1.4142135, 5.656854, 7.937254, 8.0]","[1.5, 2.0, 2.5, 3.5]","[0.0, 0.0, 0.0, 2.0]","[-5.5, -5.5, -5.0, -3.5]","[2.0, 3.5]","[0.0, 0.0]","[-5.5, -5.0]","[4.0, 7.5]","[4.0, 7.3484693]","[-0.5, 0.0]",[4.0],[3.4641016],[0.0],1,0,1,0,1.0,0.0,1
71572,5,3,1,"[0.5, 0.5, 1.0, 1.5, 2.0, 2.5, 4.0, 5.0, 6.0, 7.5]","[0.0, 0.0, 0.0, 0.0, 0.0, 2.0, 3.4641016, 4.582576, 5.196152, 7.3484693]","[1.0, 3.0, 4.5, 5.0, 5.5]","[0.0, 1.0, 4.472136, 4.582576, 5.477226]","[-3.5, -3.5, -3.0, -3.0, -1.5]","[1.0, 4.5, 5.0]","[1.0, 4.472136, 4.582576]","[-3.5, -3.0, -3.0]","[1.0, 5.0, 5.0]","[1.0, 4.582576, 4.8989797]","[-3.5, -3.0, 2.5]",[5.0],[4.8989797],[2.5],2,1,0,1,0.0,2.0,0
616,10,3,1,"[0.5, 0.5, 0.5, 1.0, 1.0, 2.5, 3.0, 5.0, 7.0, 8.5]","[0.0, 0.0, 0.0, 0.0, 1.0, 1.0, 2.236068, 4.0, 6.928203, 8.485281]","[1.5, 1.5, 2.0, 2.0, 2.5, 3.0, 3.5, 4.5, 4.5, 5.0]","[0.0, 0.0, 0.0, 1.7320508, 2.0, 2.236068, 2.4494898, 4.472136, 4.472136, 4.8989797]","[-5.5, -5.5, -5.5, -4.0, -3.5, -3.5, -2.0, -2.0, -1.5, -1.0]","[2.0, 2.0, 2.5]","[1.7320508, 2.0, 2.4494898]","[-5.5, -5.5, -1.5]","[4.5, 5.0, 7.0]","[4.472136, 4.8989797, 7.0]","[-3.5, 1.0, 3.0]",[8.0],[7.937254],[4.0],2,0,1,0,2.0,0.0,1
751,12,3,1,"[0.0, 0.0, 0.0, 0.5, 1.0, 4.0, 5.0, 6.0, 7.5, 7.5]","[0.0, 0.0, 0.0, 0.0, 0.0, 0.0, 3.0, 5.196152, 7.3484693, 7.3484693]","[1.5, 1.5, 2.0, 2.5, 2.5, 3.0, 3.5, 3.5, 4.5, 4.5, 5.0, 6.5]","[0.0, 0.0, 0.0, 0.0, 0.0, 1.4142135, 2.0, 2.4494898, 3.7416575, 4.2426405, 4.582576, 6.3245554]","[-5.5, -5.5, -5.0, -5.0, -4.5, -4.0, -4.0, -3.0, -2.5, -2.5, -2.0, -1.5]","[1.5, 4.5, 5.0]","[1.4142135, 4.2426405, 4.582576]","[-4.5, -4.0, -4.0]","[1.5, 5.0, 5.5]","[1.4142135, 4.582576, 4.8989797]","[-4.5, -4.0, 5.0]",[5.5],[4.8989797],[5.0],2,1,0,1,0.0,2.0,1
50430,2,1,1,"[0.0, 1.0, 1.0, 1.0, 1.5, 2.0, 3.0, 3.0, 3.5, 3.5]","[0.0, 0.0, 0.0, 0.0, 0.0, 1.0, 1.4142135, 1.7320508, 2.236068, 2.4494898]","[1.5, 2.0]","[0.0, 0.0]","[-4.0, -1.0]",[1.5],[0.0],[-4.0],[3.5],[3.1622777],[2.5],[3.5],[3.1622777],[2.5],0,1,0,0,0.0,0.0,0
558,6,3,0,"[0.5, 0.5, 0.5, 1.0, 2.0, 2.5, 3.0, 3.5, 7.0, 8.0]","[0.0, 0.0, 0.0, 0.0, 0.0, 0.0, 0.0, 2.236068, 6.708204, 8.0]","[1.0, 2.0, 3.0, 4.0, 6.0, 6.0]","[0.0, 1.0, 2.6457512, 3.0, 5.656854, 5.91608]","[-5.5, -4.5, -3.5, -1.5, -1.0, -1.0]","[1.0, 2.0, 4.0]","[0.0, 1.0, 2.6457512]","[-5.5, -4.5, -1.0]","[4.5, 5.5, 8.0]","[4.2426405, 5.2915025, 7.937254]","[-1.5, 0.0, 1.5]",[],[],[],3,0,0,1,0.0,3.0,1
120,2,2,2,"[0.0, 0.5, 1.0, 1.0, 2.0, 2.0, 2.5, 4.5, 5.0, 5.5]","[0.0, 0.0, 0.0, 0.0, 0.0, 1.0, 1.7320508, 4.472136, 4.8989797, 5.2915025]","[1.0, 2.5]","[0.0, 0.0]","[-3.5, -2.5]","[1.0, 2.5]","[0.0, 0.0]","[-3.5, -2.5]","[4.0, 6.0]","[0.0, 6.0]","[2.0, 3.5]","[4.0, 6.0]","[0.0, 6.0]","[2.0, 3.5]",0,2,0,0,0.0,0.0,1
60731,3,2,1,"[0.5, 0.5, 0.5, 1.5, 1.5, 2.0, 2.5, 4.5, 5.0, 6.5]","[0.0, 0.0, 0.0, 0.0, 1.4142135, 1.7320508, 2.4494898, 4.0, 4.2426405, 6.4807405]","[0.5, 1.0, 2.5]","[0.0, 0.0, 0.0]","[-6.5, -5.5, -1.5]","[0.5, 1.0]","[0.0, 0.0]","[-6.5, -5.5]","[4.5, 6.0]","[2.828427, 5.196152]","[-0.5, 2.0]",[5.5],[4.2426405],[3.0],1,0,1,0,1.0,0.0,0
480,2,1,1,"[0.0, 0.5, 1.0, 1.5, 1.5, 1.5, 2.5, 4.5, 5.0, 5.5]","[0.0, 0.0, 0.0, 0.0, 0.0, 1.4142135, 1.4142135, 3.7416575, 4.582576, 4.8989797]","[0.5, 3.5]","[0.0, 3.1622777]","[-4.5, -3.5]",[0.5],[0.0],[-4.5],[8.0],[7.937254],[7.0],[8.0],[7.937254],[7.0],0,1,0,0,0.0,0.0,1
16,3,2,2,"[0.5, 0.5, 0.5, 0.5, 1.5, 2.0, 2.5, 3.5, 3.5, 4.0]","[0.0, 0.0, 0.0, 0.0, 0.0, 1.4142135, 1.7320508, 2.0, 2.4494898, 3.1622777]","[2.0, 3.5, 3.5]","[0.0, 0.0, 3.4641016]","[-3.0, -1.5, -1.0]","[2.0, 3.5]","[0.0, 3.4641016]","[-3.0, -1.5]","[4.5, 5.0]","[3.7416575, 4.8989797]","[4.0, 4.0]","[4.5, 5.0]","[3.7416575, 4.8989797]","[4.0, 4.0]",0,2,0,0,0.0,0.0,1
66415,3,1,1,"[0.5, 0.5, 0.5, 1.0, 1.5, 2.5, 2.5, 3.0, 4.0, 5.0]","[0.0, 0.0, 0.0, 0.0, 0.0, 0.0, 1.4142135, 2.0, 2.828427, 4.0]","[3.0, 3.0, 4.0]","[2.236068, 2.828427, 3.4641016]","[-4.0, -3.0, -3.0]",[3.0],[2.236068],[-3.0],[4.5],[3.7416575],[3.5],[4.5],[3.7416575],[3.5],0,1,0,0,0.0,0.0,0
60977,4,3,2,"[0.5, 0.5, 1.0, 1.5, 1.5, 2.0, 3.0, 3.0, 4.5, 5.0]","[0.0, 0.0, 0.0, 0.0, 0.0, 1.4142135, 1.4142135, 2.236068, 4.0, 4.2426405]","[0.5, 2.0, 2.5, 4.5]","[0.0, 0.0, 0.0, 3.7416575]","[-2.0, -2.0, -1.5, -1.0]","[0.5, 2.0, 4.5]","[0.0, 0.0, 3.7416575]","[-2.0, -2.0, -1.5]","[2.0, 2.0, 6.0]","[0.0, 0.0, 5.91608]","[-1.5, 0.5, 5.0]","[2.0, 3.5]","[0.0, 3.4641016]","[0.5, 0.5]",1,1,1,0,1.0,0.0,0
30241,4,3,3,"[0.0, 0.0, 1.0, 1.0, 2.5, 2.5, 2.5, 3.5, 5.0, 5.5]","[0.0, 0.0, 0.0, 0.0, 0.0, 2.0, 2.4494898, 3.0, 3.4641016, 4.8989797]","[2.5, 2.5, 4.0, 5.0]","[2.0, 2.4494898, 2.6457512, 4.0]","[-3.5, -2.0, -2.0, -1.0]","[2.5, 2.5, 4.0]","[2.0, 2.4494898, 2.6457512]","[-3.5, -2.0, -2.0]","[3.0, 3.5, 4.5]","[0.0, 2.828427, 4.472136]","[0.5, 2.5, 3.0]","[3.0, 3.5, 4.5]","[0.0, 2.828427, 4.472136]","[0.5, 2.5, 3.0]",0,3,0,0,0.0,0.0,0
139,5,2,1,"[0.5, 1.0, 1.0, 1.5, 2.0, 3.0, 3.0, 5.0, 5.0, 8.5]","[0.0, 0.0, 0.0, 1.4142135, 1.7320508, 2.236068, 2.828427, 3.0, 4.582576, 8.485281]","[1.0, 2.0, 2.5, 3.0, 3.0]","[0.0, 0.0, 0.0, 1.0, 2.828427]","[-7.0, -6.0, -4.5, -4.0, -2.5]","[1.0, 2.0]","[0.0, 1.0]","[-7.0, -4.5]","[2.0, 3.5]","[0.0, 2.0]","[-3.0, -2.0]",[1.5],[0.0],[-0.5],1,0,1,0,1.0,0.0,1
408,3,2,1,"[0.0, 0.0, 1.0, 2.5, 2.5, 3.5, 4.0, 4.0, 5.0, 5.5]","[0.0, 0.0, 0.0, 0.0, 2.0, 3.4641016, 3.4641016, 3.4641016, 4.582576, 5.2915025]","[2.5, 2.5, 3.0]","[0.0, 2.0, 2.828427]","[-4.0, -3.0, -1.5]","[2.5, 3.0]","[2.0, 2.828427]","[-4.0, -1.5]","[4.0, 4.5]","[0.0, 4.2426405]","[0.0, 1.5]",[2.5],[0.0],[0.5],1,0,1,0,1.0,0.0,1
37764,4,2,2,"[0.0, 0.5, 0.5, 1.5, 2.0, 2.5, 3.5, 4.0, 6.0, 7.0]","[0.0, 0.0, 0.0, 0.0, 1.7320508, 2.4494898, 2.4494898, 3.8729835, 5.196152, 6.928203]","[2.0, 2.5, 3.5, 4.0]","[0.0, 2.4494898, 2.4494898, 3.8729835]","[-2.5, -2.5, -2.0, -1.5]","[3.5, 4.0]","[2.4494898, 3.8729835]","[-2.5, -2.5]","[2.5, 3.5]","[0.0, 3.1622777]","[-1.0, 0.0]","[2.5, 3.5]","[0.0, 3.1622777]","[-1.0, 0.0]",0,2,0,0,0.0,0.0,0
790,3,1,1,"[0.5, 1.0, 1.0, 2.0, 3.0, 3.0, 3.5, 4.0, 4.5, 4.5]","[0.0, 0.0, 0.0, 0.0, 1.0, 2.828427, 2.828427, 2.828427, 3.4641016, 3.4641016]","[2.0, 3.0, 5.5]","[2.0, 2.236068, 5.2915025]","[-4.0, -4.0, -1.5]",[2.0],[2.0],[-4.0],[5.5],[5.2915025],[4.5],[5.5],[5.2915025],[4.5],0,1,0,0,0.0,0.0,1
663,8,2,1,"[0.0, 0.0, 0.5, 2.0, 3.0, 3.5, 4.0, 4.5, 5.0, 6.0]","[0.0, 0.0, 0.0, 0.0, 0.0, 2.0, 2.828427, 3.4641016, 4.0, 5.91608]","[1.0, 2.0, 2.5, 4.0, 5.0, 5.5, 5.5, 5.5]","[0.0, 1.0, 1.7320508, 4.0, 4.8989797, 5.2915025, 5.477226, 5.477226]","[-4.5, -4.0, -3.0, -2.5, -2.5, -2.0, -2.0, -1.5]","[2.0, 2.5]","[0.0, 1.7320508]","[-4.5, -3.0]","[3.5, 5.5]","[0.0, 4.2426405]","[-0.5, 2.0]",[5.5],[5.2915025],[4.0],1,0,1,0,1.0,0.0,1
888,1,1,1,"[0.0, 0.0, 0.5, 0.5, 1.5, 2.0, 3.0, 3.5, 4.5, 5.5]","[0.0, 0.0, 0.0, 0.0, 0.0, 2.0, 2.236068, 3.4641016, 4.2426405, 5.2915025]",[2.5],[2.0],[-3.0],[2.5],[2.0],[-3.0],[4.0],[3.4641016],[2.0],[4.0],[3.4641016],[2.0],0,1,0,0,0.0,0.0,1
57695,7,2,2,"[0.5, 1.0, 1.5, 1.5, 2.0, 3.0, 4.0, 5.0, 5.5, 5.5]","[0.0, 0.0, 1.0, 1.4142135, 1.4142135, 2.236068, 2.6457512, 4.0, 4.8989797, 4.8989797]","[0.5, 1.0, 2.5, 3.0, 3.5, 4.5, 5.5]","[0.0, 1.0, 2.0, 2.4494898, 3.0, 4.2426405, 5.2915025]","[-5.0, -4.0, -4.0, -3.5, -3.5, -2.5, -2.5]","[0.5, 4.5]","[0.0, 4.2426405]","[-3.5, -2.5]","[4.0, 5.0]","[0.0, 4.8989797]","[2.0, 3.5]","[4.0, 5.0]","[0.0, 4.8989797]","[2.0, 3.5]",0,2,0,0,0.0,0.0,0
585,5,2,2,"[0.0, 1.0, 1.0, 1.5, 1.5, 1.5, 3.5, 4.5, 5.0, 5.0]","[0.0, 0.0, 0.0, 0.0, 0.0, 0.0, 1.4142135, 3.0, 3.4641016, 4.582576]","[2.0, 2.5, 3.5, 4.0, 5.0]","[0.0, 1.7320508, 2.0, 3.1622777, 5.0]","[-6.0, -4.0, -3.0, -2.0, -2.0]","[2.0, 2.5]","[1.7320508, 2.0]","[-6.0, -3.0]","[3.0, 4.5]","[2.828427, 4.2426405]","[1.5, 3.5]","[3.0, 4.5]","[2.828427, 4.2426405]","[1.5, 3.5]",0,2,0,0,0.0,0.0,1
35780,4,3,2,"[0.5, 1.0, 1.0, 2.0, 2.0, 2.5, 3.0, 3.5, 4.0, 6.5]","[0.0, 0.0, 1.0, 1.0, 1.7320508, 1.7320508, 2.0, 3.0, 3.1622777, 6.0]","[1.5, 1.5, 2.0, 3.5]","[0.0, 0.0, 1.4142135, 2.0]","[-6.5, -2.5, -1.5, -1.0]","[1.5, 1.5, 2.0]","[0.0, 1.4142135, 2.0]","[-6.5, -2.5, -1.5]","[3.0, 6.5, 8.5]","[2.236068, 6.4807405, 8.485281]","[1.0, 3.5, 4.5]","[3.0, 3.5]","[2.236068, 3.4641016]","[1.0, 3.0]",1,1,1,0,1.0,0.0,0
29586,3,2,1,"[0.5, 1.0, 1.5, 1.5, 2.0, 2.5, 2.5, 3.0, 3.0, 9.0]","[0.0, 0.0, 1.4142135, 1.4142135, 1.7320508, 2.0, 2.236068, 2.236068, 2.4494898, 9.0]","[3.0, 4.0, 4.0]","[0.0, 0.0, 2.6457512]","[-4.0, -2.5, -1.0]","[3.0, 4.0]","[0.0, 2.6457512]","[-4.0, -2.5]","[3.0, 5.5]","[3.0, 5.2915025]","[-2.0, 0.5]",[8.0],[8.0],[7.0],1,0,1,0,1.0,0.0,0
903,4,1,1,"[0.5, 0.5, 0.5, 0.5, 1.0, 1.5, 2.5, 3.5, 4.0, 5.0]","[0.0, 0.0, 0.0, 0.0, 0.0, 1.4142135, 2.0, 3.4641016, 3.4641016, 4.0]","[2.0, 2.5, 3.5, 3.5]","[0.0, 2.0, 3.1622777, 3.4641016]","[-5.0, -2.5, -2.5, -2.0]",[2.0],[2.0],[-5.0],[3.5],[2.4494898],[1.5],[3.5],[2.4494898],[1.5],0,1,0,0,0.0,0.0,1
656,2,1,1,"[0.0, 0.5, 0.5, 1.0, 2.0, 3.0, 3.0, 3.5, 4.0, 4.0]","[0.0, 0.0, 0.0, 0.0, 0.0, 0.0, 2.0, 2.828427, 4.0, 4.0]","[2.0, 3.0]","[2.0, 3.0]","[-3.5, -2.0]",[2.0],[2.0],[-3.5],[5.5],[4.2426405],[3.5],[5.5],[4.2426405],[3.5],0,1,0,0,0.0,0.0,1
214,7,2,1,"[0.0, 0.5, 1.0, 1.0, 1.5, 4.0, 4.5, 5.0, 6.5, 7.0]","[0.0, 0.0, 0.0, 0.0, 0.0, 1.0, 3.0, 4.2426405, 6.3245554, 6.928203]","[2.0, 2.0, 3.0, 3.5, 3.5, 4.5, 5.0]","[0.0, 0.0, 1.7320508, 3.1622777, 3.4641016, 4.0, 4.2426405]","[-5.0, -5.0, -5.0, -3.5, -3.5, -3.5, -2.5]","[2.0, 3.5]","[1.7320508, 3.1622777]","[-5.0, -5.0]","[4.0, 5.0]","[0.0, 3.0]","[0.0, 1.5]",[2.0],[2.0],[1.5],1,0,1,0,1.0,0.0,1
42874,2,1,1,"[0.0, 0.0, 0.0, 0.5, 1.0, 1.0, 1.0, 2.5, 4.5, 4.5]","[0.0, 0.0, 0.0, 0.0, 0.0, 0.0, 0.0, 0.0, 2.828427, 4.2426405]","[1.5, 2.5]","[0.0, 2.0]","[-3.5, -2.5]",[1.5],[0.0],[-3.5],[8.0],[8.0],[7.5],[8.0],[8.0],[7.5],0,1,0,0,0.0,0.0,0
1007,3,1,1,"[0.0, 0.5, 1.0, 3.0, 3.0, 3.0, 4.0, 4.0, 4.0, 4.5]","[0.0, 0.0, 0.0, 2.236068, 2.6457512, 2.6457512, 2.828427, 2.828427, 3.4641016, 3.7416575]","[2.0, 2.5, 4.5]","[0.0, 2.4494898, 4.2426405]","[-3.0, -2.0, -1.5]",[2.5],[2.4494898],[-3.0],[4.0],[2.6457512],[2.5],[4.0],[2.6457512],[2.5],0,1,0,0,0.0,0.0,1
41,2,1,1,"[1.0, 1.0, 1.5, 2.0, 2.0, 2.0, 2.5, 3.0, 3.0, 3.5]","[0.0, 0.0, 0.0, 0.0, 1.0, 1.4142135, 1.7320508, 2.0, 2.236068, 3.1622777]","[1.5, 2.5]","[1.4142135, 2.4494898]","[-3.0, -1.5]",[1.5],[1.4142135],[-3.0],[5.5],[4.8989797],[4.5],[5.5],[4.8989797],[4.5],0,1,0,0,0.0,0.0,1
44814,1,1,1,"[0.5, 1.0, 1.5, 1.5, 1.5, 1.5, 2.5, 2.5, 2.5, 6.5]","[0.0, 0.0, 0.0, 0.0, 0.0, 0.0, 0.0, 1.4142135, 1.4142135, 6.0]",[0.5],[0.0],[-1.5],[0.5],[0.0],[-1.5],[2.5],[0.0],[2.0],[2.5],[0.0],[2.0],0,1,0,0,0.0,0.0,0
475,11,4,3,"[0.0, 1.0, 1.5, 2.0, 3.5, 4.0, 4.0, 4.0, 6.0, 7.0]","[0.0, 0.0, 0.0, 0.0, 2.4494898, 2.6457512, 3.4641016, 3.4641016, 6.0, 6.928203]","[1.0, 2.0, 3.0, 3.0, 3.5, 3.5, 3.5, 3.5, 4.0, 4.5, 5.0]","[1.0, 2.0, 2.236068, 2.828427, 3.1622777, 3.1622777, 3.1622777, 3.1622777, 3.8729835, 4.472136, 4.8989797]","[-4.0, -3.5, -3.0, -3.0, -3.0, -2.5, -2.5, -2.0, -2.0, -2.0, -2.0]","[1.0, 2.0, 3.0, 3.5]","[1.0, 2.0, 2.236068, 3.1622777]","[-4.0, -3.0, -3.0, -2.0]","[1.0, 5.5, 5.5, 6.0]","[0.0, 5.2915025, 5.2915025, 5.656854]","[-3.5, 0.0, 1.5, 5.0]","[1.0, 4.5, 5.5]","[0.0, 2.828427, 5.2915025]","[-3.5, 0.5, 5.0]",1,2,1,0,1.0,0.0,1
96400,3,2,2,"[0.0, 0.0, 1.5, 1.5, 2.0, 2.5, 2.5, 3.0, 3.0, 3.5]","[0.0, 0.0, 0.0, 0.0, 1.4142135, 1.4142135, 2.0, 2.828427, 2.828427, 3.1622777]","[1.0, 1.0, 1.0]","[0.0, 1.0, 1.0]","[-4.0, -2.5, -1.0]","[1.0, 1.0]","[0.0, 1.0]","[-4.0, -1.0]","[2.5, 7.0]","[0.0, 6.708204]","[-0.5, 6.0]","[2.5, 7.0]","[0.0, 6.708204]","[-0.5, 6.0]",0,2,0,0,0.0,0.0,0
726,3,1,1,"[0.5, 0.5, 1.0, 1.0, 1.5, 1.5, 2.0, 3.5, 4.0, 5.0]","[0.0, 0.0, 0.0, 0.0, 0.0, 1.0, 1.4142135, 2.4494898, 3.0, 3.4641016]","[1.0, 2.5, 4.0]","[0.0, 2.4494898, 2.6457512]","[-4.5, -2.0, -2.0]",[1.0],[0.0],[-4.5],[6.5],[6.3245554],[3.0],[6.5],[6.3245554],[3.0],0,1,0,0,0.0,0.0,1
9026,7,3,2,"[0.0, 0.0, 1.0, 1.0, 1.0, 3.0, 3.0, 3.5, 6.0, 7.0]","[0.0, 0.0, 0.0, 0.0, 0.0, 1.0, 2.4494898, 3.0, 5.91608, 6.708204]","[0.5, 2.5, 2.5, 3.0, 3.0, 4.0, 5.0]","[0.0, 0.0, 2.0, 2.828427, 3.0, 3.4641016, 4.582576]","[-3.0, -3.0, -2.5, -2.5, -2.0, -2.0, -2.0]","[0.5, 2.5, 2.5]","[0.0, 0.0, 2.0]","[-3.0, -2.5, -2.0]","[1.5, 2.5, 4.0]","[0.0, 2.0, 2.6457512]","[-2.0, -1.5, 2.5]","[3.5, 4.0]","[2.6457512, 3.4641016]","[2.5, 3.0]",1,1,1,0,1.0,0.0,0
948,5,3,2,"[0.0, 0.0, 0.5, 1.5, 2.0, 2.5, 4.0, 5.0, 6.5, 7.0]","[0.0, 0.0, 0.0, 0.0, 0.0, 0.0, 1.4142135, 5.0, 6.3245554, 6.708204]","[2.5, 2.5, 2.5, 3.5, 6.0]","[0.0, 2.4494898, 2.4494898, 2.4494898, 6.0]","[-6.0, -4.0, -3.0, -2.5, -2.0]","[2.5, 2.5, 2.5]","[2.4494898, 2.4494898, 2.4494898]","[-6.0, -4.0, -2.5]","[3.5, 4.0, 4.5]","[2.4494898, 3.4641016, 4.2426405]","[-2.0, -1.5, 4.0]","[4.0, 5.0]","[3.4641016, 4.582576]","[0.0, 4.0]",1,1,1,0,1.0,0.0,1
1020,1,1,1,"[1.0, 1.5, 1.5, 1.5, 2.0, 2.5, 3.0, 3.0, 4.5, 6.5]","[0.0, 0.0, 0.0, 1.4142135, 1.4142135, 1.7320508, 2.236068, 3.0, 3.7416575, 6.0]",[3.5],[2.4494898],[-2.5],[3.5],[2.4494898],[-2.5],[3.5],[2.4494898],[0.0],[3.5],[2.4494898],[0.0],0,1,0,0,0.0,0.0,1
757,5,2,1,"[0.0, 0.0, 0.5, 1.0, 1.0, 2.5, 3.0, 4.0, 7.0, 8.5]","[0.0, 0.0, 0.0, 0.0, 1.0, 1.0, 2.236068, 3.8729835, 6.928203, 8.485281]","[2.0, 2.5, 2.5, 3.0, 4.0]","[0.0, 1.7320508, 2.4494898, 2.6457512, 2.828427]","[-6.0, -4.5, -4.5, -3.0, -2.0]","[2.0, 2.5]","[0.0, 1.7320508]","[-6.0, -4.5]","[2.5, 6.0]","[2.4494898, 5.656854]","[-4.5, 0.0]",[8.5],[8.485281],[4.0],1,0,1,0,1.0,0.0,1
822,3,2,2,"[0.0, 0.5, 0.5, 1.0, 1.5, 2.0, 3.0, 3.5, 3.5, 3.5]","[0.0, 0.0, 0.0, 0.0, 0.0, 1.4142135, 2.0, 2.236068, 3.1622777, 3.1622777]","[2.0, 3.0, 3.0]","[0.0, 1.7320508, 2.828427]","[-3.0, -2.5, -2.0]","[2.0, 3.0]","[1.7320508, 2.828427]","[-2.5, -2.0]","[4.5, 8.5]","[0.0, 8.485281]","[3.0, 8.5]","[4.5, 8.5]","[0.0, 8.485281]","[3.0, 8.5]",0,2,0,0,0.0,0.0,1
2828,5,3,2,"[0.5, 1.0, 1.5, 2.0, 2.0, 2.0, 2.0, 2.5, 5.0, 5.5]","[0.0, 0.0, 0.0, 1.4142135, 1.7320508, 1.7320508, 2.0, 2.0, 3.0, 4.8989797]","[1.5, 1.5, 2.5, 4.0, 5.5]","[0.0, 1.4142135, 1.4142135, 2.4494898, 5.2915025]","[-4.5, -3.0, -2.0, -1.0, -1.0]","[1.5, 1.5, 2.5]","[1.4142135, 1.4142135, 2.4494898]","[-4.5, -3.0, -1.0]","[1.5, 3.0, 8.0]","[0.0, 3.0, 7.937254]","[-3.5, 2.0, 6.0]","[3.0, 8.0]","[3.0, 8.0]","[2.0, 6.5]",1,1,1,0,1.0,0.0,0
88062,10,2,1,"[0.0, 0.5, 1.5, 1.5, 2.5, 3.0, 3.5, 5.0, 6.5, 7.0]","[0.0, 0.0, 0.0, 0.0, 1.4142135, 2.4494898, 2.828427, 4.582576, 6.0, 6.708204]","[0.5, 1.0, 2.5, 3.0, 3.0, 3.5, 4.0, 4.0, 4.5, 5.0]","[0.0, 0.0, 0.0, 0.0, 0.0, 2.4494898, 2.6457512, 2.828427, 4.472136, 5.0]","[-5.0, -4.0, -4.0, -4.0, -3.0, -3.0, -2.5, -2.5, -2.5, -2.0]","[0.5, 3.0]","[0.0, 2.828427]","[-5.0, -2.5]","[5.0, 7.0]","[4.582576, 7.0]","[0.0, 2.5]",[8.5],[8.485281],[6.0],1,0,1,0,1.0,0.0,0
115,3,2,1,"[0.0, 0.0, 0.5, 1.0, 1.5, 2.0, 2.0, 3.0, 5.0, 8.5]","[0.0, 0.0, 0.0, 0.0, 0.0, 1.4142135, 1.7320508, 1.7320508, 3.0, 8.485281]","[2.5, 3.0, 5.5]","[0.0, 0.0, 4.8989797]","[-6.5, -2.0, -2.0]","[2.5, 3.0]","[0.0, 0.0]","[-6.5, -2.0]","[4.0, 5.5]","[4.0, 5.477226]","[-0.5, 1.0]",[5.0],[4.0],[4.5],1,0,1,0,1.0,0.0,1
47646,3,3,1,"[0.0, 0.5, 1.0, 1.5, 1.5, 2.0, 2.5, 5.0, 5.0, 5.5]","[0.0, 0.0, 0.0, 0.0, 0.0, 1.4142135, 2.0, 4.2426405, 4.582576, 4.582576]","[1.0, 2.5, 4.0]","[0.0, 1.0, 3.8729835]","[-4.0, -2.5, -2.0]","[1.0, 2.5, 4.0]","[0.0, 1.0, 3.8729835]","[-4.0, -2.5, -2.0]","[4.0, 6.5, 7.5]","[3.8729835, 6.3245554, 7.483315]","[0.0, 1.5, 4.0]",[5.0],[3.0],[3.0],2,0,1,0,2.0,0.0,0
393,4,3,2,"[1.0, 1.0, 1.0, 1.0, 1.5, 1.5, 3.5, 4.0, 5.0, 6.5]","[0.0, 0.0, 0.0, 0.0, 0.0, 0.0, 1.0, 3.1622777, 4.8989797, 6.4807405]","[1.5, 3.0, 4.5, 5.0]","[0.0, 2.236068, 4.472136, 4.582576]","[-3.0, -2.5, -2.5, -1.0]","[1.5, 3.0, 4.5]","[0.0, 2.236068, 4.472136]","[-3.0, -2.5, -2.5]","[4.0, 6.0, 6.0]","[3.4641016, 5.196152, 6.0]","[0.5, 3.0, 3.0]","[5.5, 6.0]","[5.2915025, 6.0]","[3.0, 5.5]",1,1,1,0,1.0,0.0,1
153,4,3,1,"[0.0, 0.5, 0.5, 1.0, 1.0, 2.5, 3.5, 4.0, 5.0, 8.5]","[0.0, 0.0, 0.0, 0.0, 0.0, 1.0, 3.4641016, 3.4641016, 5.0, 8.485281]","[2.5, 3.5, 4.0, 4.0]","[0.0, 2.4494898, 3.4641016, 4.0]","[-4.0, -3.5, -1.0, -1.0]","[2.5, 4.0, 4.0]","[0.0, 2.4494898, 4.0]","[-4.0, -1.0, -1.0]","[1.5, 4.5, 7.5]","[0.0, 1.4142135, 7.3484693]","[-2.5, 0.5, 2.0]",[5.5],[4.2426405],[5.5],2,0,1,0,2.0,0.0,1
29771,9,4,2,"[0.0, 0.5, 1.0, 2.0, 3.0, 3.5, 3.5, 4.0, 6.0, 6.5]","[0.0, 0.0, 0.0, 0.0, 1.7320508, 2.236068, 2.4494898, 3.8729835, 5.656854, 6.3245554]","[0.5, 0.5, 2.0, 3.0, 3.5, 3.5, 3.5, 4.0, 4.5]","[0.0, 0.0, 1.7320508, 2.4494898, 2.6457512, 2.828427, 3.1622777, 3.4641016, 3.7416575]","[-3.0, -3.0, -2.5, -2.5, -2.0, -2.0, -2.0, -1.0, -1.0]","[0.5, 0.5, 3.0, 3.5]","[0.0, 0.0, 2.4494898, 2.828427]","[-3.0, -2.5, -2.0, -2.0]","[4.5, 5.5, 6.0, 7.5]","[4.2426405, 4.2426405, 5.196152, 7.3484693]","[0.5, 1.0, 5.0, 6.0]","[6.0, 8.5]","[5.196152, 8.485281]","[5.0, 8.5]",2,1,1,0,2.0,0.0,0
60144,3,2,1,"[0.0, 0.0, 0.5, 1.0, 1.5, 2.0, 2.0, 2.5, 3.5, 6.0]","[0.0, 0.0, 0.0, 0.0, 0.0, 0.0, 0.0, 2.4494898, 3.4641016, 5.91608]","[0.5, 1.0, 3.5]","[0.0, 0.0, 2.4494898]","[-3.5, -3.5, -1.5]","[0.5, 3.5]","[0.0, 2.4494898]","[-3.5, -1.5]","[2.0, 3.5]","[0.0, 1.7320508]","[-2.5, -1.0]",[7.0],[6.708204],[4.0],1,0,1,0,1.0,0.0,0
51316,4,1,1,"[0.0, 1.0, 1.5, 2.0, 2.0, 2.5, 2.5, 2.5, 3.5, 4.0]","[0.0, 0.0, 0.0, 0.0, 1.4142135, 1.7320508, 1.7320508, 2.0, 2.4494898, 2.6457512]","[0.5, 1.0, 2.5, 3.5]","[0.0, 0.0, 2.4494898, 2.4494898]","[-5.0, -4.0, -4.0, -1.5]",[0.5],[0.0],[-4.0],[8.5],[8.485281],[8.0],[8.5],[8.485281],[8.0],0,1,0,0,0.0,0.0,0
781,12,3,3,"[1.5, 1.5, 2.0, 2.5, 3.0, 4.0, 5.0, 5.0, 5.0, 5.5]","[0.0, 0.0, 1.4142135, 1.7320508, 2.0, 2.6457512, 3.0, 3.0, 4.0, 4.2426405]","[1.0, 1.5, 2.0, 2.5, 2.5, 3.0, 3.0, 3.5, 4.5, 5.0, 5.5, 6.5]","[0.0, 0.0, 0.0, 0.0, 0.0, 0.0, 2.236068, 2.4494898, 3.7416575, 4.8989797, 5.2915025, 6.3245554]","[-7.0, -5.0, -5.0, -4.0, -4.0, -4.0, -2.5, -2.5, -2.5, -2.5, -2.0, -1.5]","[1.0, 2.5, 3.5]","[0.0, 0.0, 2.4494898]","[-5.0, -4.0, -1.5]","[2.0, 4.5, 6.5]","[1.7320508, 4.2426405, 6.3245554]","[1.5, 1.5, 5.0]","[2.0, 4.5, 6.5]","[1.7320508, 4.2426405, 6.3245554]","[1.5, 1.5, 5.0]",0,3,0,0,0.0,0.0,1
133,12,4,3,"[0.0, 0.0, 0.5, 2.5, 4.0, 4.0, 4.0, 4.0, 4.5, 6.5]","[0.0, 0.0, 0.0, 0.0, 0.0, 2.6457512, 2.6457512, 3.8729835, 4.472136, 6.4807405]","[0.5, 1.0, 2.0, 2.5, 3.0, 3.0, 3.5, 3.5, 3.5, 4.0, 4.0, 5.5]","[0.0, 0.0, 0.0, 1.7320508, 2.0, 2.828427, 3.1622777, 3.1622777, 3.4641016, 3.8729835, 4.0, 5.477226]","[-5.5, -5.0, -4.5, -3.0, -2.5, -2.5, -2.0, -2.0, -2.0, -1.5, -1.5, -1.0]","[0.5, 1.0, 3.5, 3.5]","[0.0, 0.0, 3.1622777, 3.4641016]","[-5.5, -4.5, -2.5, -2.0]","[2.0, 3.0, 3.0, 3.5]","[1.7320508, 2.4494898, 2.828427, 3.0]","[-3.0, 0.0, 1.0, 2.5]","[3.0, 3.5, 4.5]","[2.4494898, 2.828427, 3.7416575]","[1.0, 1.0, 2.5]",1,2,1,0,1.0,0.0,1
99984,9,4,2,"[0.5, 1.0, 1.0, 1.5, 3.0, 4.0, 4.0, 4.5, 5.5, 7.5]","[0.0, 0.0, 0.0, 0.0, 1.4142135, 2.236068, 3.7416575, 4.0, 4.2426405, 7.3484693]","[1.5, 2.0, 2.0, 2.5, 2.5, 3.0, 3.0, 5.5, 6.0]","[0.0, 1.4142135, 1.7320508, 1.7320508, 2.236068, 2.4494898, 3.0, 5.2915025, 6.0]","[-6.5, -6.5, -5.0, -4.0, -4.0, -2.5, -1.5, -1.5, -1.0]","[1.5, 2.0, 2.5, 3.0]","[1.4142135, 1.7320508, 2.236068, 2.4494898]","[-6.5, -4.0, -4.0, -1.0]","[3.5, 6.5, 6.5, 8.5]","[2.4494898, 6.0, 6.4807405, 8.485281]","[0.5, 1.5, 3.5, 5.5]","[3.5, 4.0]","[3.4641016, 3.8729835]","[1.5, 3.5]",2,0,2,0,1.0,0.0,0
88128,4,2,1,"[0.0, 0.5, 0.5, 1.5, 2.0, 2.0, 2.5, 2.5, 4.0, 6.0]","[0.0, 0.0, 0.0, 0.0, 1.4142135, 1.7320508, 2.4494898, 2.4494898, 3.8729835, 5.656854]","[1.5, 2.0, 2.0, 2.5]","[1.4142135, 1.7320508, 2.0, 2.4494898]","[-4.5, -2.0, -1.5, -1.0]","[1.5, 2.0]","[1.4142135, 2.0]","[-2.0, -1.5]","[5.0, 7.5]","[4.8989797, 7.3484693]","[1.5, 5.0]",[4.5],[0.0],[2.5],1,0,1,0,1.0,0.0,0
24938,8,3,2,"[0.0, 0.5, 0.5, 1.5, 2.0, 3.0, 5.0, 5.0, 6.5, 7.5]","[0.0, 0.0, 0.0, 0.0, 1.7320508, 2.236068, 4.0, 4.582576, 6.3245554, 7.483315]","[0.5, 1.5, 1.5, 3.5, 3.5, 4.0, 4.5, 4.5]","[0.0, 0.0, 0.0, 2.4494898, 3.1622777, 3.4641016, 4.2426405, 4.472136]","[-4.5, -4.5, -4.0, -3.5, -3.5, -2.0, -2.0, -1.5]","[0.5, 1.5, 4.5]","[0.0, 0.0, 4.472136]","[-4.5, -3.5, -3.5]","[6.5, 6.5, 8.0]","[6.4807405, 6.4807405, 7.937254]","[2.0, 3.5, 5.0]","[3.5, 6.5]","[3.1622777, 6.4807405]","[2.0, 5.0]",1,1,1,0,1.0,0.0,0
927,3,1,1,"[0.5, 0.5, 0.5, 1.0, 1.5, 2.0, 2.5, 3.0, 3.0, 4.5]","[0.0, 0.0, 0.0, 0.0, 0.0, 1.0, 1.7320508, 2.0, 2.236068, 3.0]","[0.5, 3.5, 4.0]","[0.0, 0.0, 3.4641016]","[-4.5, -3.0, -1.5]",[0.5],[0.0],[-4.5],[2.5],[2.0],[2.0],[2.5],[2.0],[2.0],0,1,0,0,0.0,0.0,1
292,8,4,3,"[0.5, 1.5, 2.5, 2.5, 2.5, 3.0, 3.5, 4.5, 4.5, 5.5]","[0.0, 0.0, 0.0, 0.0, 0.0, 2.0, 2.0, 2.4494898, 2.828427, 5.477226]","[1.5, 1.5, 2.0, 2.5, 3.0, 3.5, 4.5, 4.5]","[0.0, 1.4142135, 1.4142135, 2.4494898, 2.828427, 2.828427, 3.4641016, 4.2426405]","[-5.0, -4.0, -4.0, -3.5, -3.0, -2.5, -2.5, -2.0]","[1.5, 1.5, 2.5, 3.0]","[1.4142135, 1.4142135, 2.4494898, 2.828427]","[-4.0, -4.0, -3.0, -2.5]","[2.5, 3.0, 4.5, 5.0]","[0.0, 0.0, 4.0, 4.2426405]","[1.0, 1.0, 2.0, 4.0]","[4.5, 5.0, 9.0]","[4.0, 4.2426405, 9.0]","[2.0, 4.0, 8.5]",1,2,1,0,1.0,0.0,1
28440,4,3,2,"[0.5, 1.0, 1.0, 1.0, 1.5, 2.0, 3.0, 3.5, 3.5, 5.0]","[0.0, 0.0, 0.0, 0.0, 1.4142135, 1.7320508, 3.0, 3.1622777, 3.4641016, 5.0]","[1.5, 1.5, 1.5, 2.5]","[0.0, 0.0, 1.4142135, 2.0]","[-2.5, -2.0, -2.0, -1.5]","[1.5, 1.5, 1.5]","[0.0, 0.0, 1.4142135]","[-2.5, -2.0, -2.0]","[1.0, 2.5, 4.0]","[1.0, 2.4494898, 3.4641016]","[-0.5, 0.0, 0.5]","[1.0, 7.5]","[1.0, 7.483315]","[0.0, 4.5]",1,1,1,0,1.0,0.0,0
472,6,1,1,"[0.5, 1.0, 1.0, 1.5, 1.5, 3.0, 3.0, 3.5, 4.0, 5.0]","[0.0, 0.0, 0.0, 0.0, 0.0, 0.0, 1.4142135, 2.828427, 3.0, 3.4641016]","[1.0, 1.5, 1.5, 2.0, 2.5, 3.0]","[1.0, 1.4142135, 1.4142135, 1.7320508, 2.0, 2.236068]","[-6.5, -5.0, -4.5, -4.5, -4.5, -2.5]",[1.0],[1.0],[-5.0],[6.5],[6.0],[5.5],[6.5],[6.0],[5.5],0,1,0,0,0.0,0.0,1
666,8,3,3,"[0.5, 1.0, 2.0, 3.0, 3.0, 3.0, 3.5, 4.5, 4.5, 8.0]","[0.0, 0.0, 0.0, 1.7320508, 2.236068, 2.4494898, 2.828427, 3.7416575, 3.7416575, 7.937254]","[0.5, 1.0, 1.0, 1.5, 2.0, 4.5, 4.5, 6.5]","[0.0, 0.0, 0.0, 0.0, 1.0, 3.7416575, 4.2426405, 6.3245554]","[-7.0, -5.5, -3.5, -3.5, -3.0, -3.0, -1.5, -1.0]","[0.5, 1.0, 1.5]","[0.0, 0.0, 1.0]","[-5.5, -3.5, -3.0]","[2.5, 6.0, 6.5]","[0.0, 5.656854, 6.4807405]","[-1.5, 2.5, 2.5]","[2.5, 6.0, 6.5]","[0.0, 5.656854, 6.4807405]","[-1.5, 2.5, 2.5]",0,3,0,0,0.0,0.0,1
74106,2,1,1,"[0.5, 0.5, 0.5, 1.0, 1.5, 1.5, 2.5, 2.5, 5.0, 5.5]","[0.0, 0.0, 0.0, 0.0, 1.0, 1.4142135, 2.0, 2.4494898, 5.0, 5.477226]","[1.5, 2.5]","[0.0, 2.0]","[-2.5, -2.0]",[1.5],[0.0],[-2.5],[7.5],[7.3484693],[3.5],[7.5],[7.3484693],[3.5],0,1,0,0,0.0,0.0,0
671,5,2,1,"[0.0, 0.5, 1.0, 1.5, 2.0, 3.0, 4.0, 5.0, 5.0, 5.5]","[0.0, 0.0, 0.0, 0.0, 0.0, 1.4142135, 2.0, 4.0, 4.0, 5.477226]","[1.5, 2.0, 3.0, 4.0, 4.0]","[0.0, 0.0, 2.828427, 3.8729835, 3.8729835]","[-5.0, -4.0, -3.0, -2.5, -2.0]","[2.0, 3.0]","[0.0, 2.828427]","[-5.0, -2.5]","[1.5, 8.5]","[0.0, 8.485281]","[-2.0, 5.5]",[3.0],[3.0],[2.0],1,0,1,0,1.0,0.0,1
176,9,4,3,"[0.0, 0.0, 1.0, 1.5, 2.0, 2.0, 4.0, 4.0, 7.5, 7.5]","[0.0, 0.0, 0.0, 0.0, 0.0, 1.7320508, 3.4641016, 3.8729835, 7.3484693, 7.483315]","[2.0, 2.0, 2.0, 2.5, 2.5, 2.5, 3.5, 3.5, 6.0]","[0.0, 0.0, 1.7320508, 1.7320508, 2.0, 2.4494898, 2.4494898, 3.1622777, 5.91608]","[-3.5, -3.0, -2.5, -2.5, -2.5, -2.5, -2.0, -1.5, -1.0]","[2.0, 2.0, 2.5, 2.5]","[1.7320508, 1.7320508, 2.0, 2.4494898]","[-3.5, -3.0, -2.5, -2.5]","[1.0, 1.5, 2.5, 3.5]","[0.0, 0.0, 1.4142135, 2.4494898]","[-2.5, -2.0, -2.0, 0.0]","[1.0, 2.5, 5.0]","[0.0, 2.4494898, 4.8989797]","[-2.5, 0.0, 3.5]",1,2,1,0,1.0,0.0,1
315,13,3,1,"[0.5, 1.0, 1.0, 1.0, 2.5, 3.0, 5.0, 7.5, 7.5, 8.0]","[0.0, 0.0, 0.0, 0.0, 1.0, 3.0, 4.0, 7.3484693, 7.3484693, 7.937254]","[2.0, 2.0, 2.5, 2.5, 3.0, 3.0, 3.0, 3.0, 3.5, 4.0, 4.0, 5.0, 5.5]","[0.0, 0.0, 0.0, 1.7320508, 2.4494898, 2.4494898, 2.828427, 2.828427, 2.828427, 3.4641016, 4.0, 5.0, 5.2915025]","[-5.0, -5.0, -5.0, -4.5, -4.5, -4.5, -4.0, -3.5, -3.0, -2.5, -2.5, -1.5, -1.5]","[2.0, 2.5, 3.0]","[0.0, 2.4494898, 2.828427]","[-5.0, -4.0, -1.5]","[2.5, 4.5, 5.5]","[2.0, 2.828427, 4.2426405]","[-3.5, -0.5, 0.0]",[1.5],[0.0],[-4.0],2,0,1,0,2.0,0.0,1
24425,15,5,3,"[1.0, 1.5, 2.5, 3.0, 4.0, 5.0, 5.0, 5.5, 5.5, 8.0]","[0.0, 0.0, 1.0, 1.4142135, 2.0, 4.0, 4.0, 5.2915025, 5.477226, 8.0]","[2.0, 2.0, 2.0, 2.5, 2.5, 3.0, 3.0, 3.0, 3.0, 3.0, 3.5, 3.5, 4.5, 5.0, 5.0]","[0.0, 0.0, 0.0, 1.7320508, 1.7320508, 2.0, 2.0, 2.236068, 2.236068, 2.4494898, 2.828427, 3.1622777, 3.7416575, 4.8989797, 5.0]","[-6.0, -4.5, -4.5, -4.0, -4.0, -3.5, -3.5, -3.5, -3.0, -3.0, -2.5, -2.5, -2.0, -1.5, -1.0]","[2.0, 2.0, 2.0, 2.5, 3.0]","[1.7320508, 1.7320508, 2.0, 2.236068, 2.4494898]","[-6.0, -4.5, -4.0, -4.0, -3.5]","[3.0, 4.0, 4.5, 5.0, 6.0]","[2.236068, 2.6457512, 4.2426405, 5.0, 6.0]","[-2.0, -0.5, 0.5, 2.0, 4.0]","[3.0, 3.0, 4.5]","[2.828427, 3.0, 4.2426405]","[1.5, 2.0, 2.0]",2,1,2,0,1.0,0.0,0
760,5,2,0,"[0.0, 0.5, 1.0, 1.0, 1.0, 2.5, 3.0, 5.0, 6.0, 6.0]","[0.0, 0.0, 0.0, 0.0, 0.0, 0.0, 0.0, 4.8989797, 5.656854, 5.656854]","[0.5, 1.5, 2.0, 2.5, 3.5]","[0.0, 1.4142135, 1.7320508, 2.4494898, 3.4641016]","[-5.5, -4.5, -3.5, -3.0, -2.5]","[0.5, 1.5]","[0.0, 1.4142135]","[-5.5, -3.5]","[0.5, 1.5]","[0.0, 1.4142135]","[-5.5, -3.5]",[],[],[],2,0,0,1,0.0,2.0,1
82182,1,1,1,"[0.0, 0.0, 1.0, 1.0, 1.5, 2.0, 2.0, 2.5, 3.5, 4.0]","[0.0, 0.0, 0.0, 0.0, 0.0, 0.0, 0.0, 0.0, 2.4494898, 4.0]",[2.0],[1.7320508],[-3.0],[2.0],[1.7320508],[-3.0],[4.0],[2.6457512],[3.0],[4.0],[2.6457512],[3.0],0,1,0,0,0.0,0.0,0
60252,4,2,1,"[0.0, 1.0, 1.0, 1.5, 1.5, 3.0, 3.0, 3.0, 4.0, 6.0]","[0.0, 0.0, 1.0, 1.0, 1.4142135, 2.236068, 2.6457512, 2.828427, 2.828427, 5.196152]","[1.5, 2.0, 2.5, 3.0]","[0.0, 1.7320508, 2.4494898, 2.828427]","[-5.0, -4.5, -3.5, -2.0]","[1.5, 2.0]","[0.0, 1.7320508]","[-4.5, -2.0]","[3.0, 7.5]","[2.236068, 7.483315]","[0.5, 2.0]",[3.0],[3.0],[1.0],1,0,1,0,1.0,0.0,0
733,3,2,1,"[0.0, 0.5, 0.5, 1.0, 2.5, 2.5, 2.5, 3.0, 4.5, 5.0]","[0.0, 0.0, 0.0, 0.0, 0.0, 2.4494898, 2.4494898, 3.0, 3.0, 4.472136]","[1.0, 1.5, 2.5]","[0.0, 1.4142135, 2.4494898]","[-6.0, -4.0, -1.0]","[1.0, 2.5]","[0.0, 2.4494898]","[-6.0, -1.0]","[3.0, 4.0]","[0.0, 2.6457512]","[-1.0, 1.5]",[6.0],[5.91608],[4.0],1,0,1,0,1.0,0.0,1
11356,6,2,2,"[0.5, 1.0, 1.0, 1.5, 2.0, 2.5, 2.5, 4.5, 4.5, 7.0]","[0.0, 0.0, 0.0, 0.0, 0.0, 0.0, 1.4142135, 2.0, 2.828427, 7.0]","[2.0, 2.5, 3.5, 4.0, 4.0, 4.5]","[1.7320508, 2.4494898, 2.6457512, 2.828427, 3.4641016, 3.8729835]","[-6.0, -4.0, -2.5, -2.5, -2.5, -1.0]","[2.0, 2.5]","[1.7320508, 2.4494898]","[-6.0, -2.5]","[4.0, 7.0]","[0.0, 6.928203]","[3.5, 3.5]","[4.0, 7.0]","[0.0, 6.928203]","[3.5, 3.5]",0,2,0,0,0.0,0.0,0
35351,3,2,1,"[0.0, 0.5, 1.5, 2.0, 2.0, 2.0, 2.5, 3.0, 5.0, 8.5]","[0.0, 0.0, 0.0, 0.0, 0.0, 1.4142135, 2.0, 2.828427, 4.8989797, 8.485281]","[3.0, 4.0, 4.0]","[2.236068, 2.6457512, 3.4641016]","[-2.5, -2.5, -2.0]","[3.0, 4.0]","[2.236068, 3.4641016]","[-2.5, -2.0]","[3.5, 4.5]","[3.4641016, 4.472136]","[-1.5, -0.5]",[5.5],[5.477226],[4.0],1,0,1,0,1.0,0.0,0
869,3,3,1,"[0.0, 0.0, 0.5, 1.0, 1.5, 2.5, 3.0, 3.5, 4.5, 6.0]","[0.0, 0.0, 0.0, 0.0, 0.0, 1.4142135, 2.236068, 2.4494898, 4.2426405, 5.91608]","[0.5, 2.5, 3.5]","[0.0, 0.0, 3.4641016]","[-4.5, -3.0, -2.0]","[0.5, 2.5, 3.5]","[0.0, 0.0, 3.4641016]","[-4.5, -3.0, -2.0]","[0.5, 3.5, 5.0]","[0.0, 3.4641016, 4.0]","[-4.5, -2.0, 4.0]",[5.0],[4.0],[4.0],2,1,0,1,0.0,2.0,1
62113,11,3,1,"[0.5, 0.5, 1.5, 2.0, 2.5, 2.5, 5.5, 6.5, 6.5, 7.5]","[0.0, 0.0, 0.0, 0.0, 2.0, 2.4494898, 5.477226, 6.3245554, 6.3245554, 7.3484693]","[1.0, 1.0, 1.0, 1.0, 2.5, 2.5, 3.0, 4.0, 4.5, 4.5, 5.0]","[0.0, 0.0, 1.0, 1.0, 2.0, 2.0, 3.0, 3.4641016, 3.7416575, 4.472136, 4.8989797]","[-6.0, -5.0, -5.0, -4.0, -3.5, -3.0, -2.5, -2.5, -2.0, -1.5, -1.0]","[1.0, 1.0, 5.0]","[1.0, 1.0, 4.8989797]","[-5.0, -4.0, -3.5]","[3.0, 3.5, 6.0]","[0.0, 3.0, 5.656854]","[-5.0, 0.5, 0.5]",[5.5],[5.2915025],[2.0],2,0,1,0,2.0,0.0,0
567,3,2,2,"[0.5, 0.5, 1.5, 1.5, 1.5, 2.5, 4.0, 4.5, 5.0, 6.0]","[0.0, 0.0, 0.0, 0.0, 1.4142135, 2.0, 2.828427, 4.0, 4.582576, 5.196152]","[2.5, 3.5, 4.5]","[2.4494898, 3.4641016, 3.7416575]","[-5.5, -2.5, -1.5]","[2.5, 3.5]","[2.4494898, 3.4641016]","[-5.5, -2.5]","[3.5, 6.5]","[2.4494898, 6.0]","[0.5, 5.5]","[3.5, 6.5]","[2.4494898, 6.0]","[0.5, 5.5]",0,2,0,0,0.0,0.0,1
15224,4,3,2,"[0.0, 0.5, 1.5, 1.5, 1.5, 2.0, 3.0, 3.0, 4.5, 6.5]","[0.0, 0.0, 0.0, 0.0, 1.4142135, 2.0, 2.236068, 2.236068, 2.828427, 6.3245554]","[1.0, 1.5, 1.5, 4.5]","[0.0, 1.4142135, 1.4142135, 4.472136]","[-6.5, -2.5, -2.5, -2.0]","[1.0, 1.5, 1.5]","[0.0, 1.4142135, 1.4142135]","[-6.5, -2.5, -2.5]","[5.5, 7.5, 8.0]","[5.2915025, 7.3484693, 7.937254]","[4.0, 4.0, 4.5]","[5.5, 7.0]","[5.2915025, 7.0]","[4.0, 6.5]",1,1,1,0,1.0,0.0,0
694,5,2,2,"[0.5, 0.5, 1.0, 1.0, 1.0, 1.5, 2.5, 5.5, 7.0, 7.5]","[0.0, 0.0, 0.0, 0.0, 0.0, 0.0, 2.0, 5.477226, 7.0, 7.3484693]","[0.5, 1.0, 2.0, 3.5, 5.5]","[0.0, 0.0, 0.0, 2.4494898, 4.8989797]","[-3.0, -3.0, -1.5, -1.5, -1.0]","[0.5, 1.0]","[0.0, 0.0]","[-3.0, -3.0]","[5.0, 5.0]","[4.8989797, 5.0]","[1.5, 2.0]","[5.0, 5.0]","[4.8989797, 5.0]","[1.5, 2.0]",0,2,0,0,0.0,0.0,1
43371,6,3,3,"[1.0, 1.0, 1.0, 1.5, 3.5, 4.5, 5.0, 5.0, 5.0, 5.5]","[0.0, 0.0, 0.0, 1.4142135, 3.0, 3.1622777, 4.0, 4.2426405, 4.2426405, 4.8989797]","[1.0, 2.5, 3.0, 3.5, 3.5, 5.0]","[1.0, 2.0, 2.828427, 3.1622777, 3.4641016, 4.8989797]","[-5.5, -5.0, -4.0, -3.5, -2.5, -2.0]","[1.0, 2.5, 3.5]","[1.0, 2.0, 3.4641016]","[-5.5, -5.0, -2.5]","[3.5, 5.0, 8.0]","[0.0, 4.0, 7.937254]","[1.5, 2.5, 6.5]","[3.5, 5.0, 8.0]","[0.0, 4.0, 7.937254]","[1.5, 2.5, 6.5]",0,3,0,0,0.0,0.0,0
530,4,2,2,"[0.0, 0.0, 0.0, 0.5, 0.5, 1.0, 3.5, 4.0, 5.0, 6.5]","[0.0, 0.0, 0.0, 0.0, 0.0, 1.0, 2.4494898, 3.4641016, 4.582576, 6.0]","[1.5, 2.0, 2.5, 5.5]","[0.0, 0.0, 1.4142135, 5.477226]","[-4.0, -3.5, -2.0, -2.0]","[1.5, 2.5]","[0.0, 1.4142135]","[-4.0, -3.5]","[3.0, 5.5]","[2.828427, 5.477226]","[-3.0, 4.0]","[3.0, 5.5]","[2.828427, 5.477226]","[-3.0, 4.0]",0,2,0,0,0.0,0.0,1
87135,7,2,1,"[0.5, 0.5, 1.0, 1.0, 1.0, 1.5, 2.5, 2.5, 6.0, 6.5]","[0.0, 0.0, 0.0, 0.0, 0.0, 1.0, 1.4142135, 2.0, 5.91608, 6.0]","[0.5, 2.0, 2.5, 2.5, 3.0, 3.5, 4.0]","[0.0, 0.0, 0.0, 0.0, 2.0, 2.828427, 3.4641016]","[-5.0, -3.5, -3.0, -2.0, -2.0, -1.5, -1.5]","[0.5, 2.0]","[0.0, 0.0]","[-5.0, -3.5]","[2.5, 3.0]","[2.0, 2.828427]","[-3.0, -1.5]",[6.5],[6.3245554],[2.5],1,0,1,0,1.0,0.0,0
13995,3,2,1,"[0.0, 0.5, 0.5, 1.5, 2.5, 3.0, 4.0, 4.5, 5.0, 6.0]","[0.0, 0.0, 0.0, 0.0, 2.4494898, 3.0, 3.0, 3.8729835, 4.2426405, 5.656854]","[3.0, 4.0, 4.5]","[0.0, 3.4641016, 3.7416575]","[-2.5, -2.5, -1.5]","[3.0, 4.0]","[0.0, 3.4641016]","[-2.5, -2.5]","[3.0, 8.5]","[0.0, 8.485281]","[-1.5, 4.0]",[7.5],[7.483315],[4.5],1,0,1,0,1.0,0.0,0
742,9,3,2,"[0.0, 1.0, 1.0, 1.5, 2.0, 3.0, 5.0, 5.5, 6.5, 7.5]","[0.0, 0.0, 0.0, 0.0, 1.4142135, 2.236068, 4.0, 5.477226, 6.3245554, 7.3484693]","[0.5, 1.5, 2.0, 2.0, 2.0, 2.5, 2.5, 4.0, 5.5]","[0.0, 0.0, 0.0, 1.7320508, 1.7320508, 2.0, 2.0, 3.4641016, 5.2915025]","[-6.0, -4.5, -4.5, -3.0, -3.0, -3.0, -2.0, -1.5, -1.0]","[0.5, 2.0, 2.5]","[0.0, 1.7320508, 2.0]","[-6.0, -4.5, -3.0]","[2.0, 6.0, 8.5]","[0.0, 5.91608, 8.485281]","[-1.0, 1.0, 1.0]","[3.5, 8.5]","[2.4494898, 8.485281]","[1.0, 2.0]",1,1,1,0,1.0,0.0,1
10945,8,3,2,"[0.0, 1.0, 1.0, 1.0, 1.5, 1.5, 4.0, 4.5, 5.0, 6.5]","[0.0, 0.0, 0.0, 0.0, 0.0, 1.0, 1.4142135, 3.0, 4.2426405, 6.3245554]","[1.0, 1.5, 1.5, 3.5, 3.5, 4.5, 5.0, 5.5]","[0.0, 0.0, 1.0, 1.4142135, 3.1622777, 4.472136, 4.582576, 5.2915025]","[-5.0, -5.0, -3.5, -2.5, -2.5, -2.0, -2.0, -1.5]","[1.0, 3.5, 5.5]","[0.0, 1.0, 5.2915025]","[-5.0, -2.0, -1.5]","[2.0, 5.0, 6.0]","[1.7320508, 4.582576, 5.656854]","[-1.5, 3.5, 3.5]","[2.0, 6.0]","[2.0, 5.656854]","[1.5, 3.5]",1,1,1,0,1.0,0.0,0
299,3,1,1,"[1.0, 1.0, 1.5, 1.5, 1.5, 1.5, 2.0, 2.5, 3.5, 5.5]","[0.0, 0.0, 0.0, 0.0, 1.0, 1.4142135, 1.4142135, 2.0, 2.4494898, 5.2915025]","[1.5, 2.0, 3.0]","[0.0, 1.4142135, 2.236068]","[-5.0, -2.0, -1.0]",[1.5],[1.4142135],[-5.0],[5.5],[5.477226],[3.0],[5.5],[5.477226],[3.0],0,1,0,0,0.0,0.0,1
13214,11,3,2,"[1.0, 1.0, 2.0, 2.0, 3.0, 4.5, 4.5, 5.5, 6.5, 7.5]","[0.0, 0.0, 1.7320508, 1.7320508, 2.236068, 2.828427, 3.7416575, 4.2426405, 6.4807405, 7.483315]","[1.5, 1.5, 2.0, 2.0, 2.5, 2.5, 3.0, 3.5, 4.0, 4.0, 4.5]","[0.0, 0.0, 0.0, 1.7320508, 2.0, 2.0, 2.6457512, 2.6457512, 2.828427, 3.4641016, 4.472136]","[-5.5, -5.0, -5.0, -4.0, -4.0, -4.0, -3.5, -3.0, -2.5, -1.5, -1.0]","[1.5, 1.5, 2.0]","[0.0, 0.0, 1.7320508]","[-5.5, -5.0, -4.0]","[2.5, 3.0, 5.5]","[0.0, 2.828427, 4.8989797]","[-4.0, 0.5, 1.5]","[2.0, 2.5]","[0.0, 1.7320508]","[-2.5, 1.5]",1,1,1,0,1.0,0.0,0
17454,11,4,2,"[0.5, 1.5, 1.5, 1.5, 2.5, 2.5, 3.0, 3.5, 4.5, 8.5]","[0.0, 0.0, 0.0, 0.0, 1.4142135, 2.0, 2.4494898, 3.1622777, 4.472136, 8.485281]","[1.0, 1.5, 1.5, 1.5, 2.0, 2.0, 2.5, 3.0, 3.0, 3.5, 4.5]","[0.0, 0.0, 1.0, 1.4142135, 1.4142135, 1.7320508, 2.0, 2.236068, 2.236068, 3.1622777, 3.7416575]","[-5.5, -4.5, -3.5, -3.0, -3.0, -2.5, -2.5, -2.0, -1.5, -1.5, -1.5]","[1.0, 1.5, 1.5, 2.5]","[0.0, 1.0, 1.4142135, 2.0]","[-5.5, -4.5, -2.0, -1.5]","[1.5, 3.5, 6.5, 7.0]","[0.0, 1.4142135, 6.4807405, 6.708204]","[-3.5, -1.0, 2.5, 4.0]","[4.5, 6.5]","[2.828427, 6.3245554]","[2.0, 5.5]",2,0,2,0,1.0,0.0,0
752,20,3,0,"[1.0, 1.0, 1.0, 2.5, 3.5, 3.5, 5.5, 7.5, 8.0, 9.0]","[0.0, 0.0, 0.0, 1.0, 1.0, 2.4494898, 5.477226, 7.483315, 7.937254, 9.0]","[1.0, 1.5, 2.0, 2.5, 2.5, 3.0, 3.0, 3.0, 3.5, 3.5, 3.5, 3.5, 3.5, 4.0, 4.0, 4.0, 5.0, 5.0, 6.5, 7.0]","[0.0, 0.0, 0.0, 0.0, 1.7320508, 2.0, 2.236068, 2.4494898, 2.6457512, 2.828427, 3.1622777, 3.1622777, 3.1622777, 3.4641016, 3.8729835, 4.0, 4.582576, 4.8989797, 6.4807405, 6.928203]","[-6.0, -5.5, -5.0, -5.0, -4.5, -4.0, -4.0, -3.5, -3.0, -3.0, -3.0, -3.0, -3.0, -2.5, -2.5, -2.5, -2.0, -2.0, -1.5, -1.0]","[1.0, 3.0, 4.0]","[0.0, 0.0, 2.6457512]","[-6.0, -5.5, -5.0]","[4.0, 7.0, 8.0]","[3.8729835, 6.928203, 8.0]","[-4.5, -1.0, 0.0]",[],[],[],3,0,0,1,0.0,3.0,1
16504,9,4,3,"[1.0, 1.0, 2.0, 2.0, 2.0, 2.0, 2.5, 4.5, 6.0, 8.5]","[0.0, 0.0, 0.0, 0.0, 1.7320508, 2.0, 2.4494898, 4.2426405, 5.196152, 8.485281]","[1.0, 2.0, 2.5, 2.5, 3.5, 4.0, 5.0, 5.0, 5.0]","[0.0, 0.0, 1.0, 1.7320508, 2.4494898, 3.8729835, 4.0, 4.0, 4.8989797]","[-4.0, -3.5, -3.5, -3.5, -2.5, -2.5, -2.0, -1.5, -1.5]","[1.0, 2.0, 2.5, 2.5]","[0.0, 1.0, 1.7320508, 2.4494898]","[-4.0, -3.5, -2.0, -1.5]","[0.5, 4.5, 6.0, 6.5]","[0.0, 4.2426405, 5.656854, 6.3245554]","[-1.0, 0.5, 0.5, 4.5]","[3.0, 4.5, 6.5]","[3.0, 4.2426405, 6.3245554]","[0.5, 2.0, 4.5]",1,2,1,0,1.0,0.0,0
484,5,3,2,"[1.0, 1.5, 2.0, 2.0, 2.5, 2.5, 3.5, 4.0, 4.5, 7.0]","[0.0, 0.0, 0.0, 1.0, 2.0, 2.4494898, 2.4494898, 3.4641016, 3.4641016, 6.708204]","[1.0, 1.5, 2.5, 3.0, 4.5]","[0.0, 1.0, 1.4142135, 2.0, 4.472136]","[-4.5, -4.5, -2.5, -2.0, -2.0]","[1.0, 1.5, 2.5]","[1.0, 1.4142135, 2.0]","[-4.5, -2.0, -2.0]","[2.0, 5.5, 6.0]","[1.7320508, 5.477226, 5.656854]","[1.0, 2.0, 4.5]","[2.0, 6.5]","[1.7320508, 6.0]","[1.0, 4.0]",1,1,1,0,1.0,0.0,1
267,6,2,1,"[0.0, 0.0, 1.0, 2.0, 3.0, 3.5, 3.5, 4.0, 4.5, 7.0]","[0.0, 0.0, 0.0, 0.0, 0.0, 2.4494898, 2.828427, 2.828427, 3.4641016, 6.928203]","[0.5, 1.5, 2.0, 3.0, 3.5, 4.5]","[0.0, 0.0, 0.0, 2.236068, 2.4494898, 3.7416575]","[-6.5, -3.5, -3.0, -1.5, -1.5, -1.5]","[0.5, 3.5]","[0.0, 2.4494898]","[-6.5, -1.5]","[2.0, 6.0]","[0.0, 5.196152]","[-1.5, 2.0]",[2.0],[0.0],[-1.5],1,0,1,0,1.0,0.0,1
27095,4,2,2,"[0.0, 0.5, 1.0, 1.0, 1.5, 1.5, 2.5, 4.5, 5.5, 7.0]","[0.0, 0.0, 1.0, 1.0, 1.4142135, 1.4142135, 2.4494898, 3.7416575, 4.2426405, 6.708204]","[1.5, 2.5, 4.5, 6.5]","[0.0, 0.0, 2.828427, 6.4807405]","[-3.5, -2.5, -2.5, -1.0]","[1.5, 2.5]","[0.0, 0.0]","[-3.5, -2.5]","[7.0, 8.5]","[6.708204, 8.485281]","[4.0, 7.0]","[7.0, 8.5]","[6.708204, 8.485281]","[4.0, 7.0]",0,2,0,0,0.0,0.0,0
47,10,4,1,"[1.0, 1.0, 2.0, 2.5, 2.5, 3.5, 3.5, 7.0, 7.0, 7.5]","[0.0, 0.0, 0.0, 1.7320508, 2.0, 2.4494898, 3.1622777, 6.928203, 7.0, 7.3484693]","[1.5, 2.0, 2.0, 2.5, 3.0, 3.0, 3.0, 4.0, 5.0, 5.0]","[0.0, 0.0, 0.0, 1.4142135, 2.236068, 2.4494898, 2.828427, 4.0, 4.582576, 5.0]","[-6.5, -4.0, -4.0, -3.5, -3.5, -2.5, -2.5, -1.5, -1.5, -1.0]","[1.5, 3.0, 3.0, 4.0]","[1.4142135, 2.236068, 2.828427, 4.0]","[-6.5, -4.0, -3.5, -1.5]","[2.5, 4.5, 5.0, 5.0]","[0.0, 2.4494898, 4.582576, 4.8989797]","[-4.0, -3.0, -2.5, 4.5]",[5.0],[4.8989797],[4.5],3,1,0,1,0.0,3.0,1
47725,6,4,2,"[0.0, 0.0, 1.5, 2.0, 2.5, 2.5, 3.0, 4.5, 4.5, 5.0]","[0.0, 0.0, 0.0, 1.7320508, 2.0, 2.236068, 2.4494898, 3.7416575, 4.2426405, 4.8989797]","[0.5, 1.5, 1.5, 2.0, 2.5, 3.0]","[0.0, 0.0, 0.0, 1.4142135, 2.0, 2.4494898]","[-4.5, -3.5, -3.0, -2.0, -2.0, -1.0]","[0.5, 1.5, 2.5, 3.0]","[0.0, 0.0, 0.0, 2.4494898]","[-4.5, -3.0, -2.0, -1.0]","[2.0, 6.0, 7.0, 8.5]","[2.0, 5.91608, 6.928203, 8.485281]","[-3.5, 4.5, 4.5, 7.0]","[4.5, 6.0]","[4.2426405, 5.91608]","[3.0, 4.5]",2,1,1,0,2.0,0.0,0
9214,9,5,2,"[0.0, 0.5, 1.5, 2.5, 2.5, 3.5, 4.0, 5.5, 6.5, 8.0]","[0.0, 0.0, 0.0, 0.0, 0.0, 0.0, 3.4641016, 5.2915025, 6.3245554, 7.937254]","[1.0, 1.0, 1.5, 2.0, 2.5, 3.5, 4.0, 4.5, 5.5]","[0.0, 0.0, 0.0, 0.0, 0.0, 0.0, 2.4494898, 4.2426405, 5.2915025]","[-6.0, -5.5, -4.0, -3.0, -2.5, -2.0, -2.0, -2.0, -1.0]","[1.0, 1.5, 2.5, 3.5, 5.5]","[0.0, 0.0, 0.0, 2.4494898, 5.2915025]","[-6.0, -3.0, -2.5, -2.0, -2.0]","[4.5, 4.5, 5.0, 5.5, 5.5]","[2.828427, 3.0, 4.2426405, 4.8989797, 4.8989797]","[-2.0, -1.5, 0.0, 3.0, 3.5]","[5.5, 6.0]","[4.8989797, 5.91608]","[3.5, 6.0]",3,1,1,0,3.0,0.0,0
21221,16,5,4,"[0.5, 1.0, 1.5, 2.5, 2.5, 5.0, 6.5, 7.0, 7.5, 7.5]","[0.0, 0.0, 0.0, 1.4142135, 2.0, 3.0, 6.3245554, 6.708204, 7.3484693, 7.483315]","[1.0, 1.5, 1.5, 2.0, 2.5, 2.5, 2.5, 3.0, 3.0, 3.5, 3.5, 4.0, 5.5, 6.0, 6.5, 7.0]","[0.0, 0.0, 0.0, 0.0, 0.0, 1.0, 2.0, 2.4494898, 2.828427, 2.828427, 3.4641016, 3.4641016, 5.477226, 5.656854, 6.4807405, 6.928203]","[-5.5, -5.5, -5.5, -5.0, -5.0, -4.5, -4.0, -3.0, -3.0, -2.5, -2.5, -2.0, -2.0, -1.5, -1.5, -1.0]","[1.0, 1.5, 2.0, 2.5, 3.5]","[0.0, 0.0, 0.0, 1.0, 2.4494898]","[-5.5, -5.0, -3.0, -2.5, -2.5]","[3.0, 3.5, 3.5, 4.0, 7.0]","[0.0, 2.4494898, 2.6457512, 3.0, 6.708204]","[-2.0, -1.0, 0.0, 2.5, 4.0]","[3.5, 4.0, 5.0, 7.0]","[0.0, 2.6457512, 4.0, 6.708204]","[-2.0, 2.5, 4.0, 5.0]",1,3,1,0,1.0,0.0,0
33102,5,2,2,"[0.5, 1.0, 1.5, 1.5, 3.0, 3.5, 4.0, 4.5, 5.0, 7.5]","[0.0, 0.0, 0.0, 0.0, 1.4142135, 1.4142135, 3.0, 3.0, 4.2426405, 7.3484693]","[3.5, 4.0, 5.0, 5.0, 6.5]","[0.0, 2.4494898, 4.8989797, 5.0, 6.4807405]","[-4.5, -4.0, -3.0, -1.5, -1.0]","[4.0, 5.0]","[0.0, 5.0]","[-4.5, -3.0]","[4.0, 6.5]","[3.8729835, 6.0]","[1.0, 6.0]","[4.0, 6.5]","[3.8729835, 6.0]","[1.0, 6.0]",0,2,0,0,0.0,0.0,0
1009,5,2,2,"[0.0, 0.5, 1.5, 1.5, 2.5, 3.5, 3.5, 4.5, 5.5, 7.0]","[0.0, 0.0, 0.0, 0.0, 1.4142135, 2.0, 3.1622777, 3.7416575, 4.2426405, 6.708204]","[0.5, 2.5, 3.5, 4.0, 4.5]","[0.0, 0.0, 2.0, 3.4641016, 4.2426405]","[-5.5, -5.0, -4.5, -2.5, -2.0]","[0.5, 2.5]","[0.0, 2.0]","[-5.5, -5.0]","[5.0, 6.5]","[3.0, 6.0]","[2.0, 2.5]","[5.0, 6.5]","[3.0, 6.0]","[2.0, 2.5]",0,2,0,0,0.0,0.0,1
69575,1,1,1,"[0.0, 0.0, 0.5, 1.0, 1.5, 1.5, 2.5, 2.5, 3.0, 3.5]","[0.0, 0.0, 0.0, 0.0, 0.0, 1.4142135, 1.4142135, 2.0, 2.4494898, 2.828427]",[1.5],[1.4142135],[-1.5],[1.5],[1.4142135],[-1.5],[8.5],[8.485281],[6.0],[8.5],[8.485281],[6.0],0,1,0,0,0.0,0.0,0
317,7,3,1,"[0.0, 0.5, 0.5, 1.0, 1.5, 3.0, 3.0, 4.0, 6.0, 7.0]","[0.0, 0.0, 0.0, 0.0, 0.0, 0.0, 1.4142135, 3.8729835, 5.656854, 6.928203]","[1.0, 1.5, 1.5, 2.0, 3.0, 3.0, 3.5]","[0.0, 0.0, 0.0, 0.0, 1.4142135, 2.828427, 3.0]","[-4.0, -4.0, -3.5, -3.5, -2.5, -2.5, -1.0]","[1.0, 1.5, 3.0]","[0.0, 1.4142135, 3.0]","[-4.0, -4.0, -3.5]","[3.5, 5.0, 7.0]","[2.4494898, 4.0, 6.928203]","[-0.5, -0.5, 3.5]",[4.5],[0.0],[1.5],2,0,1,0,2.0,0.0,1
84,4,3,2,"[0.0, 0.5, 1.0, 2.5, 2.5, 3.0, 3.0, 3.5, 5.0, 5.5]","[0.0, 0.0, 0.0, 0.0, 0.0, 0.0, 3.0, 3.4641016, 4.0, 5.477226]","[1.5, 2.0, 2.0, 3.0]","[1.4142135, 1.7320508, 1.7320508, 3.0]","[-3.5, -3.0, -2.0, -2.0]","[1.5, 2.0, 3.0]","[1.4142135, 1.7320508, 3.0]","[-3.0, -2.0, -2.0]","[3.5, 4.5, 7.0]","[0.0, 0.0, 6.708204]","[-0.5, 0.5, 4.0]","[3.5, 6.0]","[0.0, 5.91608]","[-0.5, 4.5]",1,1,1,0,1.0,0.0,1
438,8,3,2,"[0.5, 0.5, 0.5, 1.0, 1.5, 2.0, 4.0, 4.0, 5.5, 6.5]","[0.0, 0.0, 0.0, 0.0, 0.0, 0.0, 2.6457512, 3.8729835, 4.2426405, 6.4807405]","[1.5, 2.0, 2.5, 2.5, 3.0, 3.0, 3.0, 3.5]","[0.0, 0.0, 0.0, 2.0, 2.0, 2.236068, 2.828427, 3.1622777]","[-5.0, -4.5, -4.0, -4.0, -3.5, -3.0, -3.0, -1.0]","[1.5, 2.5, 3.5]","[0.0, 2.0, 3.1622777]","[-4.5, -4.0, -1.0]","[1.0, 5.5, 8.5]","[0.0, 5.2915025, 8.485281]","[-2.5, 2.5, 6.0]","[5.5, 8.5]","[5.2915025, 8.485281]","[5.5, 6.0]",1,1,1,0,1.0,0.0,1
75023,9,2,1,"[0.5, 0.5, 0.5, 1.5, 1.5, 2.5, 3.0, 5.5, 6.5, 8.0]","[0.0, 0.0, 0.0, 0.0, 0.0, 0.0, 2.0, 5.477226, 6.3245554, 8.0]","[0.5, 1.0, 1.0, 1.5, 1.5, 2.0, 2.5, 3.0, 3.5]","[0.0, 0.0, 0.0, 0.0, 0.0, 0.0, 2.236068, 2.4494898, 3.1622777]","[-6.0, -5.5, -5.0, -4.5, -4.5, -3.5, -3.5, -2.5, -2.5]","[0.5, 1.0]","[0.0, 0.0]","[-6.0, -2.5]","[2.0, 3.5]","[0.0, 2.4494898]","[-2.0, 1.0]",[8.0],[7.937254],[8.0],1,0,1,0,1.0,0.0,0
439,6,3,2,"[0.0, 0.0, 0.5, 0.5, 1.5, 3.0, 3.5, 4.0, 5.0, 5.0]","[0.0, 0.0, 0.0, 0.0, 0.0, 0.0, 2.4494898, 3.8729835, 4.0, 4.582576]","[0.5, 1.5, 2.0, 2.0, 2.5, 5.5]","[0.0, 0.0, 0.0, 2.0, 2.0, 5.2915025]","[-4.0, -4.0, -4.0, -2.0, -2.0, -1.5]","[0.5, 1.5, 2.0]","[0.0, 0.0, 0.0]","[-4.0, -4.0, -2.0]","[2.5, 3.0, 4.0]","[0.0, 2.828427, 3.4641016]","[1.0, 1.0, 1.5]","[2.5, 4.0]","[0.0, 0.0]","[1.0, 3.5]",1,1,1,0,1.0,0.0,1
18888,1,1,1,"[0.0, 0.5, 1.0, 1.5, 2.0, 2.0, 3.0, 3.5, 3.5, 6.0]","[0.0, 0.0, 0.0, 0.0, 0.0, 0.0, 1.0, 1.7320508, 3.4641016, 5.91608]",[2.5],[0.0],[-3.0],[2.5],[0.0],[-3.0],[5.5],[5.2915025],[3.0],[5.5],[5.2915025],[3.0],0,1,0,0,0.0,0.0,0
89266,4,2,2,"[0.5, 1.0, 1.0, 1.5, 2.0, 2.5, 3.0, 3.5, 3.5, 4.5]","[0.0, 0.0, 0.0, 0.0, 0.0, 0.0, 0.0, 0.0, 2.0, 2.4494898]","[1.0, 2.5, 3.5, 4.0]","[0.0, 1.0, 2.0, 3.4641016]","[-4.0, -3.5, -3.0, -3.0]","[1.0, 4.0]","[1.0, 3.4641016]","[-4.0, -3.0]","[2.0, 6.0]","[1.7320508, 5.196152]","[1.0, 6.0]","[2.0, 6.0]","[1.7320508, 5.196152]","[1.0, 6.0]",0,2,0,0,0.0,0.0,0
22393,6,2,1,"[0.5, 1.0, 1.5, 2.0, 2.5, 2.5, 4.5, 4.5, 5.5, 7.0]","[0.0, 0.0, 1.4142135, 1.7320508, 2.0, 2.0, 2.828427, 4.472136, 5.477226, 6.928203]","[0.5, 1.5, 2.5, 3.5, 4.5, 5.0]","[0.0, 0.0, 1.4142135, 3.4641016, 3.7416575, 4.582576]","[-6.5, -3.5, -3.5, -3.0, -2.5, -1.0]","[0.5, 2.5]","[0.0, 0.0]","[-6.5, -2.5]","[3.5, 8.0]","[3.4641016, 7.937254]","[-3.0, 2.5]",[4.0],[3.4641016],[-1.0],1,0,1,0,1.0,0.0,0
215,4,2,2,"[0.0, 1.0, 2.0, 2.0, 2.5, 2.5, 3.0, 4.0, 4.0, 5.5]","[0.0, 0.0, 0.0, 0.0, 1.0, 2.0, 2.236068, 2.4494898, 3.4641016, 4.8989797]","[1.0, 1.0, 2.0, 3.0]","[0.0, 0.0, 1.0, 2.236068]","[-5.5, -5.0, -3.5, -2.0]","[1.0, 2.0]","[0.0, 0.0]","[-3.5, -2.0]","[8.5, 8.5]","[8.485281, 8.485281]","[3.5, 7.0]","[8.5, 8.5]","[8.485281, 8.485281]","[3.5, 7.0]",0,2,0,0,0.0,0.0,1
256,4,2,1,"[0.0, 0.0, 0.5, 0.5, 1.0, 2.5, 3.0, 3.5, 4.5, 5.5]","[0.0, 0.0, 0.0, 0.0, 0.0, 0.0, 0.0, 2.828427, 3.1622777, 4.2426405]","[1.0, 4.0, 4.0, 4.0]","[1.0, 2.6457512, 3.8729835, 4.0]","[-4.5, -4.5, -3.0, -2.5]","[1.0, 4.0]","[1.0, 4.0]","[-4.5, -2.5]","[2.0, 6.0]","[1.7320508, 5.656854]","[-1.5, 4.5]",[4.0],[3.8729835],[2.5],1,0,1,0,1.0,0.0,1
348,6,3,2,"[0.0, 1.0, 2.0, 2.5, 2.5, 2.5, 3.0, 3.0, 6.0, 8.5]","[0.0, 0.0, 0.0, 1.0, 2.0, 2.0, 2.828427, 2.828427, 6.0, 8.485281]","[0.5, 2.0, 2.0, 3.0, 3.5, 4.0]","[0.0, 0.0, 0.0, 0.0, 1.7320508, 2.828427]","[-5.5, -3.5, -2.0, -1.5, -1.5, -1.5]","[0.5, 2.0, 3.5]","[0.0, 0.0, 0.0]","[-5.5, -1.5, -1.5]","[4.0, 4.0, 4.5]","[3.4641016, 3.8729835, 4.472136]","[-1.5, -1.5, 0.5]","[4.0, 4.5]","[0.0, 3.4641016]","[0.5, 1.5]",1,1,1,0,1.0,0.0,1
24950,5,3,3,"[1.0, 1.0, 1.5, 2.0, 2.0, 2.0, 4.0, 4.0, 4.5, 5.0]","[0.0, 0.0, 0.0, 0.0, 1.4142135, 1.7320508, 3.4641016, 3.4641016, 4.2426405, 4.582576]","[0.5, 2.0, 2.5, 3.0, 3.5]","[0.0, 0.0, 2.0, 2.236068, 3.1622777]","[-3.5, -3.0, -3.0, -1.0, -1.0]","[0.5, 2.0, 3.5]","[0.0, 2.0, 3.1622777]","[-3.5, -3.0, -3.0]","[4.0, 4.5, 6.0]","[0.0, 2.6457512, 5.656854]","[1.5, 3.0, 5.0]","[4.0, 4.5, 6.0]","[0.0, 2.6457512, 5.656854]","[1.5, 3.0, 5.0]",0,3,0,0,0.0,0.0,0
810,4,2,1,"[0.5, 1.0, 1.0, 1.5, 1.5, 3.0, 3.5, 4.5, 5.0, 6.5]","[0.0, 0.0, 0.0, 0.0, 0.0, 1.0, 3.1622777, 3.7416575, 4.8989797, 6.0]","[1.5, 2.0, 3.0, 4.0]","[0.0, 1.4142135, 2.236068, 3.4641016]","[-6.0, -3.5, -3.0, -1.5]","[1.5, 4.0]","[1.4142135, 3.4641016]","[-6.0, -1.5]","[2.0, 3.5]","[0.0, 3.1622777]","[-3.5, -0.5]",[8.0],[7.937254],[5.0],1,0,1,0,1.0,0.0,1
37484,1,1,1,"[0.0, 0.5, 1.5, 1.5, 1.5, 1.5, 2.0, 2.5, 2.5, 4.5]","[0.0, 0.0, 0.0, 0.0, 0.0, 1.4142135, 1.4142135, 1.4142135, 1.7320508, 3.7416575]",[2.5],[0.0],[-2.0],[2.5],[0.0],[-2.0],[6.0],[5.196152],[4.5],[6.0],[5.196152],[4.5],0,1,0,0,0.0,0.0,0
89109,3,2,2,"[0.0, 1.0, 1.0, 1.0, 1.5, 2.5, 2.5, 3.0, 3.5, 5.5]","[0.0, 0.0, 0.0, 0.0, 0.0, 0.0, 0.0, 0.0, 2.236068, 5.2915025]","[2.0, 2.0, 2.5]","[1.7320508, 1.7320508, 2.0]","[-4.0, -3.5, -1.0]","[2.0, 2.0]","[1.7320508, 1.7320508]","[-4.0, -1.0]","[2.5, 4.5]","[2.4494898, 3.7416575]","[-1.0, 4.0]","[2.5, 4.5]","[2.4494898, 3.7416575]","[-1.0, 4.0]",0,2,0,0,0.0,0.0,0
92,6,3,2,"[0.0, 0.5, 1.0, 1.0, 1.5, 2.5, 3.0, 3.0, 4.5, 8.5]","[0.0, 0.0, 0.0, 0.0, 1.0, 2.0, 2.236068, 2.828427, 3.7416575, 8.485281]","[0.5, 1.5, 2.5, 4.0, 4.0, 4.0]","[0.0, 0.0, 0.0, 2.0, 3.8729835, 3.8729835]","[-4.0, -4.0, -2.5, -2.0, -2.0, -1.0]","[0.5, 2.5, 4.0]","[0.0, 2.0, 3.8729835]","[-4.0, -4.0, -2.0]","[4.0, 7.5, 9.0]","[0.0, 7.3484693, 9.0]","[-1.0, 4.0, 6.5]","[2.5, 7.5]","[2.4494898, 7.3484693]","[1.0, 6.5]",1,1,1,0,1.0,0.0,1
639,12,4,2,"[1.0, 1.0, 2.0, 2.5, 2.5, 2.5, 4.5, 6.0, 6.5, 8.5]","[0.0, 0.0, 0.0, 1.7320508, 2.0, 2.4494898, 3.7416575, 5.196152, 6.3245554, 8.485281]","[0.5, 0.5, 1.5, 2.0, 2.0, 3.0, 3.0, 3.0, 3.5, 3.5, 5.0, 6.0]","[0.0, 0.0, 0.0, 0.0, 0.0, 2.0, 2.236068, 2.828427, 3.0, 3.1622777, 4.8989797, 6.0]","[-8.0, -7.0, -6.0, -3.5, -3.5, -3.0, -3.0, -2.5, -2.5, -2.0, -1.5, -1.5]","[0.5, 0.5, 3.0, 3.5]","[0.0, 0.0, 2.236068, 3.1622777]","[-8.0, -3.0, -2.5, -2.0]","[3.0, 6.0, 7.0, 7.5]","[2.828427, 6.0, 6.928203, 7.483315]","[-2.5, -1.5, 3.0, 6.0]","[4.0, 5.5]","[2.6457512, 5.2915025]","[1.0, 1.0]",2,0,2,0,1.0,0.0,1
685,5,2,0,"[0.0, 0.0, 0.0, 0.5, 1.0, 3.0, 3.5, 3.5, 4.0, 6.5]","[0.0, 0.0, 0.0, 0.0, 0.0, 0.0, 2.236068, 3.4641016, 4.0, 6.3245554]","[1.5, 2.0, 2.0, 2.5, 4.0]","[1.4142135, 1.7320508, 2.0, 2.4494898, 3.8729835]","[-2.5, -2.5, -2.0, -2.0, -2.0]","[1.5, 2.0]","[1.4142135, 2.0]","[-2.0, -2.0]","[1.5, 2.0]","[1.4142135, 2.0]","[-2.0, -2.0]",[],[],[],2,0,0,1,0.0,2.0,1
637,5,2,2,"[0.5, 1.0, 1.5, 1.5, 2.0, 2.0, 2.5, 2.5, 4.5, 6.0]","[0.0, 0.0, 0.0, 0.0, 0.0, 1.4142135, 1.7320508, 2.0, 2.0, 5.656854]","[1.0, 3.5, 4.0, 4.0, 4.5]","[0.0, 1.0, 3.1622777, 3.4641016, 4.2426405]","[-6.0, -2.5, -2.5, -2.0, -1.5]","[1.0, 3.5]","[1.0, 3.1622777]","[-6.0, -2.5]","[6.0, 7.0]","[5.196152, 6.928203]","[3.5, 7.0]","[6.0, 7.0]","[5.196152, 6.928203]","[3.5, 7.0]",0,2,0,0,0.0,0.0,1
72893,8,4,3,"[0.5, 0.5, 1.0, 1.5, 1.5, 1.5, 3.0, 6.0, 6.5, 8.5]","[0.0, 0.0, 0.0, 0.0, 1.4142135, 1.4142135, 2.236068, 5.656854, 6.4807405, 8.485281]","[1.5, 1.5, 2.5, 2.5, 2.5, 3.0, 3.5, 6.0]","[0.0, 0.0, 1.4142135, 1.4142135, 2.0, 2.4494898, 2.4494898, 5.656854]","[-5.5, -5.0, -4.5, -4.0, -3.0, -2.0, -1.0, -1.0]","[1.5, 1.5, 2.5, 3.5]","[0.0, 1.4142135, 1.4142135, 2.4494898]","[-4.5, -4.0, -3.0, -1.0]","[2.0, 3.0, 8.0, 8.5]","[2.0, 2.828427, 7.937254, 8.485281]","[-2.5, -2.5, 4.5, 6.5]","[7.5, 8.0, 8.5]","[7.3484693, 7.937254, 8.485281]","[4.5, 6.0, 6.5]",1,2,1,0,1.0,0.0,0
143,6,2,1,"[0.5, 0.5, 1.0, 1.5, 1.5, 2.0, 3.0, 3.5, 4.0, 7.0]","[0.0, 0.0, 0.0, 1.0, 1.4142135, 2.0, 2.828427, 3.4641016, 4.0, 6.708204]","[1.0, 1.5, 2.0, 2.5, 3.0, 4.0]","[0.0, 0.0, 0.0, 0.0, 0.0, 2.6457512]","[-5.5, -3.0, -2.0, -1.5, -1.5, -1.5]","[1.0, 1.5]","[0.0, 0.0]","[-5.5, -1.5]","[1.5, 6.0]","[1.4142135, 5.196152]","[-3.0, 1.5]",[2.5],[2.0],[0.5],1,0,1,0,1.0,0.0,1
937,2,2,1,"[0.0, 0.5, 1.0, 1.5, 1.5, 2.0, 3.5, 4.5, 4.5, 5.0]","[0.0, 0.0, 0.0, 0.0, 1.4142135, 1.7320508, 2.828427, 3.4641016, 3.7416575, 4.8989797]","[3.0, 3.0]","[2.236068, 2.828427]","[-3.0, -1.5]","[3.0, 3.0]","[2.236068, 2.828427]","[-3.0, -1.5]","[3.0, 7.5]","[0.0, 7.483315]","[-1.0, 4.0]",[4.0],[3.8729835],[1.5],1,0,1,0,1.0,0.0,1
47475,5,2,0,"[0.5, 0.5, 1.0, 1.5, 1.5, 2.0, 4.0, 4.0, 6.0, 6.0]","[0.0, 0.0, 0.0, 1.0, 1.4142135, 1.7320508, 3.8729835, 3.8729835, 5.656854, 5.91608]","[1.5, 2.0, 3.5, 3.5, 4.0]","[0.0, 0.0, 1.7320508, 3.1622777, 3.4641016]","[-5.0, -2.5, -2.0, -2.0, -2.0]","[1.5, 3.5]","[0.0, 3.1622777]","[-5.0, -2.0]","[1.5, 3.5]","[0.0, 3.1622777]","[-5.0, -2.0]",[],[],[],2,0,0,1,0.0,2.0,0
794,2,1,1,"[0.0, 0.5, 1.5, 1.5, 2.0, 2.0, 2.5, 3.5, 4.0, 7.0]","[0.0, 0.0, 0.0, 1.4142135, 1.7320508, 2.0, 2.4494898, 2.4494898, 2.6457512, 6.928203]","[1.0, 5.0]","[0.0, 5.0]","[-3.5, -1.5]",[1.0],[0.0],[-3.5],[6.0],[5.91608],[4.0],[6.0],[5.91608],[4.0],0,1,0,0,0.0,0.0,1
51629,1,1,1,"[0.5, 1.0, 1.5, 1.5, 2.5, 2.5, 3.0, 4.0, 4.0, 4.0]","[0.0, 0.0, 0.0, 1.4142135, 1.4142135, 2.236068, 2.4494898, 3.4641016, 3.8729835, 3.8729835]",[1.5],[0.0],[-2.0],[1.5],[0.0],[-2.0],[3.0],[2.236068],[-0.5],[3.0],[2.236068],[-0.5],0,1,0,0,0.0,0.0,0
27811,3,2,2,"[0.0, 0.0, 0.0, 0.5, 1.0, 1.5, 2.0, 2.0, 2.0, 4.0]","[0.0, 0.0, 0.0, 0.0, 0.0, 0.0, 1.0, 1.4142135, 1.7320508, 2.0]","[0.5, 1.5, 2.5]","[0.0, 0.0, 1.4142135]","[-4.5, -2.0, -1.0]","[0.5, 1.5]","[0.0, 1.4142135]","[-4.5, -1.0]","[4.5, 5.0]","[0.0, 4.0]","[3.0, 4.5]","[4.5, 5.0]","[0.0, 4.0]","[3.0, 4.5]",0,2,0,0,0.0,0.0,0
999,7,2,2,"[0.0, 0.5, 0.5, 1.5, 2.0, 2.0, 3.5, 4.0, 4.0, 4.5]","[0.0, 0.0, 0.0, 0.0, 0.0, 0.0, 1.7320508, 2.4494898, 2.6457512, 3.8729835]","[0.5, 1.5, 2.0, 2.5, 2.5, 3.0, 3.5]","[0.0, 0.0, 0.0, 0.0, 2.0, 2.236068, 2.4494898]","[-5.0, -4.0, -4.0, -3.5, -3.5, -2.5, -2.5]","[0.5, 2.0]","[0.0, 2.0]","[-5.0, -3.5]","[5.0, 5.5]","[5.0, 5.2915025]","[3.0, 4.0]","[5.0, 5.5]","[5.0, 5.2915025]","[3.0, 4.0]",0,2,0,0,0.0,0.0,1
93304,5,3,2,"[0.5, 1.0, 1.0, 1.0, 2.0, 3.5, 4.0, 4.0, 5.0, 6.0]","[0.0, 0.0, 0.0, 0.0, 0.0, 3.0, 3.4641016, 3.4641016, 3.8729835, 6.0]","[2.0, 2.5, 3.5, 3.5, 4.5]","[0.0, 1.7320508, 2.4494898, 3.4641016, 4.472136]","[-3.0, -2.5, -2.5, -2.0, -2.0]","[2.0, 2.5, 3.5]","[1.7320508, 2.4494898, 3.4641016]","[-2.5, -2.0, -2.0]","[4.0, 4.5, 7.0]","[3.4641016, 3.7416575, 6.708204]","[0.0, 1.5, 4.0]","[4.5, 7.0]","[4.2426405, 6.708204]","[3.5, 4.0]",1,1,1,0,1.0,0.0,0
14528,2,1,1,"[0.5, 0.5, 1.0, 1.0, 1.5, 2.0, 2.0, 2.0, 3.0, 5.0]","[0.0, 0.0, 0.0, 0.0, 0.0, 0.0, 0.0, 2.0, 2.236068, 3.0]","[3.0, 5.0]","[0.0, 4.582576]","[-2.5, -1.5]",[3.0],[0.0],[-2.5],[6.5],[6.4807405],[5.0],[6.5],[6.4807405],[5.0],0,1,0,0,0.0,0.0,0
430,1,1,1,"[0.5, 0.5, 1.0, 1.0, 1.5, 1.5, 1.5, 3.0, 3.5, 3.5]","[0.0, 0.0, 0.0, 0.0, 0.0, 0.0, 1.0, 1.4142135, 2.828427, 3.4641016]",[0.5],[0.0],[-3.0],[0.5],[0.0],[-3.0],[6.0],[6.0],[4.5],[6.0],[6.0],[4.5],0,1,0,0,0.0,0.0,1
381,5,3,1,"[0.5, 1.0, 1.0, 1.5, 1.5, 2.0, 2.5, 5.0, 6.5, 6.5]","[0.0, 0.0, 1.0, 1.4142135, 1.4142135, 2.0, 2.0, 4.8989797, 6.3245554, 6.4807405]","[2.0, 3.0, 4.0, 4.5, 5.0]","[0.0, 2.236068, 3.4641016, 4.472136, 5.0]","[-2.5, -1.5, -1.5, -1.0, -1.0]","[2.0, 4.5, 5.0]","[0.0, 4.472136, 5.0]","[-2.5, -1.5, -1.0]","[4.0, 6.5, 7.5]","[3.4641016, 6.0, 7.3484693]","[-1.5, 2.0, 2.0]",[1.5],[0.0],[-1.0],2,0,1,0,2.0,0.0,1
291,11,2,2,"[0.5, 1.0, 2.0, 3.0, 3.0, 3.0, 5.0, 5.0, 5.0, 6.0]","[0.0, 0.0, 1.0, 2.0, 2.236068, 2.236068, 3.0, 4.582576, 4.8989797, 5.196152]","[0.5, 1.0, 1.5, 1.5, 2.5, 3.0, 3.0, 3.5, 4.0, 4.0, 5.0]","[0.0, 0.0, 0.0, 0.0, 0.0, 0.0, 1.4142135, 2.236068, 2.4494898, 2.6457512, 4.0]","[-7.5, -4.5, -4.5, -3.5, -3.5, -3.5, -2.5, -2.5, -2.5, -2.0, -1.0]","[0.5, 1.0]","[0.0, 0.0]","[-4.5, -2.0]","[3.5, 6.0]","[2.4494898, 5.196152]","[-4.5, 5.5]","[3.5, 6.0]","[2.4494898, 5.196152]","[-4.5, 5.5]",0,2,0,0,0.0,0.0,1
14357,7,3,2,"[0.0, 0.0, 1.0, 1.0, 2.5, 3.0, 3.0, 3.0, 4.5, 7.5]","[0.0, 0.0, 0.0, 0.0, 2.0, 2.236068, 2.236068, 2.828427, 3.7416575, 7.3484693]","[0.5, 2.0, 2.5, 3.0, 3.5, 4.0, 4.5]","[0.0, 0.0, 1.7320508, 2.0, 2.4494898, 3.8729835, 4.472136]","[-5.5, -4.0, -3.5, -2.5, -2.5, -2.5, -1.5]","[0.5, 3.0, 4.0]","[0.0, 0.0, 3.8729835]","[-4.0, -2.5, -1.5]","[5.5, 6.5, 8.0]","[4.2426405, 6.4807405, 7.937254]","[1.5, 2.5, 6.5]","[3.5, 8.0]","[3.4641016, 7.937254]","[3.0, 6.5]",1,1,1,0,1.0,0.0,0
48625,6,2,2,"[0.0, 1.0, 1.5, 2.0, 2.5, 2.5, 2.5, 4.0, 5.5, 8.5]","[0.0, 0.0, 0.0, 0.0, 0.0, 0.0, 2.0, 2.4494898, 4.8989797, 8.485281]","[2.0, 2.0, 2.5, 3.5, 3.5, 4.5]","[0.0, 0.0, 1.7320508, 2.0, 2.4494898, 2.828427]","[-5.0, -4.0, -4.0, -3.0, -3.0, -3.0]","[2.0, 4.5]","[0.0, 2.828427]","[-4.0, -3.0]","[4.5, 6.0]","[0.0, 5.91608]","[1.5, 2.0]","[4.5, 6.0]","[0.0, 5.91608]","[1.5, 2.0]",0,2,0,0,0.0,0.0,0
739,3,2,2,"[0.0, 0.5, 0.5, 1.0, 1.5, 1.5, 2.0, 2.0, 3.0, 7.0]","[0.0, 0.0, 0.0, 0.0, 0.0, 0.0, 0.0, 1.0, 1.7320508, 6.928203]","[2.0, 2.5, 4.0]","[0.0, 0.0, 3.8729835]","[-3.0, -3.0, -2.0]","[2.0, 2.5]","[0.0, 0.0]","[-3.0, -2.0]","[3.5, 6.5]","[0.0, 6.0]","[0.5, 6.5]","[3.5, 6.5]","[0.0, 6.0]","[0.5, 6.5]",0,2,0,0,0.0,0.0,1
483,2,1,1,"[1.5, 1.5, 1.5, 2.0, 2.0, 2.0, 2.5, 2.5, 4.5, 5.5]","[0.0, 0.0, 0.0, 1.4142135, 1.4142135, 1.7320508, 2.0, 2.0, 2.4494898, 4.8989797]","[4.0, 5.5]","[0.0, 5.2915025]","[-3.0, -2.0]",[5.5],[5.2915025],[-3.0],[3.5],[2.4494898],[2.0],[3.5],[2.4494898],[2.0],0,1,0,0,0.0,0.0,1
52123,5,4,2,"[1.5, 2.0, 2.0, 2.5, 2.5, 3.0, 3.0, 3.5, 4.5, 5.0]","[0.0, 0.0, 1.4142135, 2.0, 2.0, 2.0, 2.828427, 3.1622777, 4.472136, 4.8989797]","[1.5, 1.5, 2.0, 2.0, 3.5]","[0.0, 1.4142135, 1.4142135, 2.0, 3.1622777]","[-3.5, -3.0, -2.5, -2.0, -1.5]","[1.5, 1.5, 2.0, 3.5]","[1.4142135, 1.4142135, 2.0, 3.1622777]","[-3.5, -2.5, -2.0, -1.5]","[2.0, 3.0, 4.0, 7.0]","[0.0, 2.6457512, 2.828427, 7.0]","[-1.5, 0.0, 0.0, 5.0]","[4.0, 6.5]","[3.4641016, 6.0]","[1.5, 6.0]",2,0,2,0,1.0,0.0,0
34842,11,6,2,"[0.0, 0.0, 0.5, 2.5, 3.0, 4.0, 4.0, 5.0, 6.5, 8.5]","[0.0, 0.0, 0.0, 2.0, 3.0, 3.4641016, 4.0, 4.8989797, 6.4807405, 8.485281]","[0.5, 1.5, 2.0, 2.0, 2.0, 2.0, 2.5, 3.0, 3.0, 3.5, 4.5]","[0.0, 0.0, 0.0, 0.0, 0.0, 1.7320508, 2.0, 2.0, 2.236068, 2.828427, 4.2426405]","[-5.5, -4.5, -4.0, -4.0, -3.0, -3.0, -2.5, -2.0, -2.0, -2.0, -1.0]","[0.5, 2.0, 2.0, 2.0, 2.5, 3.0]","[0.0, 0.0, 0.0, 1.7320508, 2.0, 2.828427]","[-5.5, -4.0, -3.0, -2.5, -2.0, -1.0]","[2.0, 3.5, 4.5, 5.0, 7.0, 7.0]","[0.0, 0.0, 2.828427, 4.582576, 6.708204, 6.928203]","[-3.0, -1.0, -1.0, 1.0, 1.0, 5.0]","[3.0, 7.0]","[2.236068, 6.928203]","[1.0, 5.0]",4,1,1,0,4.0,0.0,0
274,9,3,1,"[0.0, 0.5, 1.0, 1.5, 3.5, 4.0, 4.5, 4.5, 6.5, 8.5]","[0.0, 0.0, 0.0, 0.0, 3.1622777, 3.4641016, 3.7416575, 4.2426405, 6.0, 8.485281]","[0.5, 0.5, 2.5, 3.0, 3.5, 4.0, 4.5, 4.5, 5.0]","[0.0, 0.0, 0.0, 2.828427, 2.828427, 3.1622777, 3.4641016, 3.7416575, 4.8989797]","[-5.5, -4.5, -3.5, -3.5, -3.5, -3.0, -2.5, -2.0, -1.5]","[0.5, 0.5, 2.5]","[0.0, 0.0, 0.0]","[-5.5, -3.5, -3.0]","[4.5, 4.5, 5.0]","[3.7416575, 4.472136, 4.8989797]","[-4.5, -2.0, 3.5]",[0.5],[0.0],[-4.0],2,0,1,0,2.0,0.0,1
73,7,3,1,"[0.0, 0.5, 1.5, 2.0, 2.0, 3.0, 4.5, 6.0, 7.5, 7.5]","[0.0, 0.0, 0.0, 0.0, 0.0, 2.0, 3.7416575, 6.0, 7.3484693, 7.483315]","[1.5, 2.5, 3.5, 4.0, 4.5, 4.5, 4.5]","[0.0, 2.0, 2.828427, 3.4641016, 3.4641016, 4.472136, 4.472136]","[-5.0, -4.5, -4.0, -2.5, -1.5, -1.5, -1.5]","[1.5, 4.0, 4.5]","[0.0, 2.828427, 3.4641016]","[-4.5, -4.0, -2.5]","[3.0, 5.0, 7.5]","[2.236068, 3.0, 7.483315]","[-1.5, -1.5, 0.5]",[5.0],[4.0],[2.0],2,0,1,0,2.0,0.0,1
63256,5,3,1,"[0.0, 1.0, 1.0, 1.5, 2.0, 2.5, 3.5, 4.0, 4.5, 5.0]","[0.0, 0.0, 0.0, 0.0, 1.0, 1.4142135, 3.4641016, 3.8729835, 4.2426405, 5.0]","[1.0, 1.5, 2.0, 2.0, 4.0]","[0.0, 0.0, 1.4142135, 2.0, 4.0]","[-3.0, -2.5, -2.5, -1.5, -1.5]","[1.0, 1.5, 2.0]","[0.0, 0.0, 1.4142135]","[-3.0, -2.5, -2.5]","[4.0, 4.5, 5.5]","[0.0, 2.6457512, 4.8989797]","[-0.5, 1.5, 2.0]",[4.5],[4.2426405],[2.5],2,0,1,0,2.0,0.0,0
78590,8,4,3,"[0.5, 0.5, 1.5, 1.5, 2.5, 3.5, 4.0, 4.0, 5.0, 6.0]","[0.0, 0.0, 0.0, 0.0, 1.4142135, 1.4142135, 2.4494898, 3.1622777, 4.8989797, 5.196152]","[0.5, 1.5, 2.0, 3.0, 3.0, 3.5, 3.5, 4.0]","[0.0, 0.0, 0.0, 1.7320508, 2.4494898, 2.828427, 3.1622777, 4.0]","[-5.0, -4.5, -4.0, -3.0, -3.0, -2.5, -2.0, -1.0]","[0.5, 1.5, 3.5, 3.5]","[0.0, 0.0, 2.4494898, 3.1622777]","[-3.0, -3.0, -2.0, -1.0]","[2.5, 6.0, 7.5, 8.0]","[2.4494898, 5.656854, 7.3484693, 7.937254]","[-0.5, 4.0, 5.0, 7.5]","[5.5, 6.0, 7.5]","[5.2915025, 5.656854, 7.3484693]","[3.5, 5.0, 7.5]",1,2,1,0,1.0,0.0,0
22321,8,3,2,"[0.0, 0.5, 1.0, 1.5, 2.5, 3.0, 4.0, 4.0, 6.0, 9.0]","[0.0, 0.0, 0.0, 0.0, 1.0, 2.828427, 3.4641016, 3.8729835, 5.91608, 9.0]","[1.5, 2.0, 2.5, 2.5, 3.0, 4.0, 4.0, 4.5]","[0.0, 1.4142135, 1.7320508, 2.0, 2.0, 3.4641016, 4.0, 4.472136]","[-5.5, -4.0, -4.0, -3.5, -3.0, -2.0, -1.5, -1.0]","[2.0, 2.5, 3.0]","[0.0, 1.7320508, 2.0]","[-5.5, -4.0, -1.5]","[4.0, 4.5, 4.5]","[0.0, 4.0, 4.2426405]","[-4.0, -1.0, 2.0]","[2.5, 4.5]","[0.0, 2.0]","[-2.0, 2.0]",1,1,1,0,1.0,0.0,0
45604,18,4,2,"[0.5, 0.5, 1.0, 2.5, 5.5, 6.5, 7.0, 7.0, 8.0, 8.0]","[0.0, 0.0, 0.0, 2.0, 5.2915025, 6.4807405, 6.708204, 6.708204, 7.937254, 7.937254]","[1.5, 1.5, 2.0, 2.0, 2.0, 2.5, 2.5, 2.5, 3.0, 3.0, 3.0, 3.0, 4.0, 4.5, 5.0, 5.5, 7.0, 7.5]","[0.0, 1.4142135, 1.7320508, 1.7320508, 2.0, 2.0, 2.0, 2.0, 2.236068, 2.828427, 2.828427, 3.0, 3.4641016, 3.7416575, 4.0, 5.477226, 7.0, 7.483315]","[-6.0, -5.5, -5.5, -5.0, -5.0, -5.0, -4.5, -4.5, -4.0, -3.5, -3.5, -3.5, -3.0, -3.0, -2.0, -2.0, -1.5, -1.5]","[2.0, 2.5, 2.5, 3.0]","[1.7320508, 2.0, 2.0, 2.828427]","[-6.0, -5.5, -5.0, -3.5]","[1.5, 3.0, 5.0, 7.0]","[0.0, 3.0, 4.0, 7.0]","[-5.5, -2.0, -1.5, -1.5]","[2.0, 8.5]","[1.7320508, 8.485281]","[-4.5, 3.0]",2,0,2,0,1.0,0.0,0
65839,4,3,2,"[0.0, 1.5, 2.5, 2.5, 2.5, 2.5, 3.0, 3.5, 4.5, 7.5]","[0.0, 0.0, 0.0, 0.0, 2.0, 2.0, 2.236068, 2.4494898, 4.472136, 7.3484693]","[1.5, 2.0, 2.5, 2.5]","[0.0, 2.0, 2.0, 2.4494898]","[-4.5, -4.0, -2.5, -2.0]","[2.0, 2.5, 2.5]","[2.0, 2.0, 2.4494898]","[-4.5, -2.5, -2.0]","[4.0, 5.0, 7.0]","[4.0, 4.0, 6.928203]","[-0.5, 0.0, 6.5]","[7.0, 8.0]","[6.928203, 8.0]","[6.0, 6.5]",1,1,1,0,1.0,0.0,0
3432,1,1,1,"[1.0, 1.0, 1.5, 1.5, 2.0, 2.0, 2.0, 2.0, 3.5, 4.5]","[0.0, 0.0, 0.0, 0.0, 0.0, 1.4142135, 1.7320508, 1.7320508, 3.4641016, 4.2426405]",[2.5],[2.4494898],[-1.0],[2.5],[2.4494898],[-1.0],[2.5],[2.4494898],[1.0],[2.5],[2.4494898],[1.0],0,1,0,0,0.0,0.0,0
77627,9,3,3,"[1.0, 1.5, 1.5, 1.5, 1.5, 1.5, 2.5, 4.5, 4.5, 8.5]","[0.0, 0.0, 0.0, 0.0, 1.4142135, 1.4142135, 2.0, 2.828427, 4.2426405, 8.485281]","[0.5, 2.5, 2.5, 2.5, 2.5, 3.0, 3.5, 5.0, 5.0]","[0.0, 2.0, 2.0, 2.236068, 2.4494898, 2.4494898, 3.1622777, 4.582576, 4.8989797]","[-6.0, -3.0, -3.0, -2.5, -2.5, -2.0, -2.0, -1.0, -1.0]","[0.5, 2.5, 2.5]","[0.0, 2.0, 2.4494898]","[-3.0, -2.5, -2.0]","[3.5, 5.0, 5.5]","[3.4641016, 4.582576, 4.8989797]","[1.0, 1.5, 4.5]","[3.5, 5.0, 5.5]","[3.4641016, 4.582576, 4.8989797]","[1.0, 1.5, 4.5]",0,3,0,0,0.0,0.0,0
86468,4,2,1,"[0.0, 0.5, 0.5, 0.5, 0.5, 1.0, 1.5, 3.5, 6.0, 7.5]","[0.0, 0.0, 0.0, 0.0, 0.0, 0.0, 0.0, 3.4641016, 5.656854, 7.483315]","[0.5, 1.5, 3.0, 5.5]","[0.0, 0.0, 2.236068, 5.2915025]","[-5.0, -2.5, -2.5, -2.5]","[0.5, 1.5]","[0.0, 0.0]","[-5.0, -2.5]","[1.0, 1.5]","[0.0, 1.4142135]","[-3.0, -2.0]",[6.5],[6.4807405],[6.5],1,0,1,0,1.0,0.0,0
61712,10,3,2,"[0.0, 0.0, 0.5, 1.0, 2.0, 3.5, 4.5, 6.0, 7.0, 8.0]","[0.0, 0.0, 0.0, 0.0, 0.0, 3.4641016, 4.2426405, 5.91608, 6.708204, 7.937254]","[0.5, 1.5, 1.5, 2.0, 2.5, 3.0, 3.5, 3.5, 5.0, 5.5]","[0.0, 0.0, 0.0, 1.4142135, 2.0, 2.236068, 3.4641016, 3.4641016, 4.8989797, 4.8989797]","[-6.5, -5.5, -4.0, -3.5, -3.5, -2.5, -2.5, -1.5, -1.5, -1.5]","[0.5, 1.5, 2.0]","[0.0, 0.0, 1.4142135]","[-6.5, -4.0, -1.5]","[1.5, 3.5, 4.0]","[0.0, 2.6457512, 3.4641016]","[-3.5, -2.5, -0.5]","[4.0, 6.5]","[2.6457512, 6.3245554]","[-0.5, 1.5]",1,1,1,0,1.0,0.0,0
74340,6,2,1,"[0.5, 1.0, 1.0, 1.5, 2.5, 2.5, 3.0, 3.5, 4.5, 7.5]","[0.0, 0.0, 0.0, 0.0, 0.0, 0.0, 2.0, 2.4494898, 2.828427, 7.483315]","[1.5, 3.0, 3.5, 4.5, 4.5, 5.5]","[0.0, 0.0, 2.4494898, 2.828427, 4.2426405, 5.477226]","[-7.0, -3.5, -2.5, -1.5, -1.5, -1.0]","[1.5, 5.5]","[0.0, 5.477226]","[-7.0, -1.5]","[3.0, 3.0]","[2.236068, 3.0]","[-1.0, -0.5]",[5.5],[5.477226],[5.5],1,0,1,0,1.0,0.0,0
75320,8,3,2,"[0.0, 1.5, 1.5, 2.0, 2.0, 2.0, 3.0, 5.0, 6.5, 6.5]","[0.0, 0.0, 0.0, 0.0, 0.0, 1.7320508, 2.828427, 3.0, 6.3245554, 6.3245554]","[1.5, 1.5, 2.5, 2.5, 3.5, 4.5, 5.0, 6.0]","[0.0, 0.0, 2.4494898, 2.4494898, 3.4641016, 3.7416575, 4.8989797, 5.91608]","[-5.0, -5.0, -3.0, -2.0, -2.0, -1.5, -1.5, -1.5]","[1.5, 2.5, 6.0]","[0.0, 2.4494898, 5.91608]","[-5.0, -2.0, -1.5]","[3.5, 4.5, 5.5]","[3.4641016, 3.7416575, 5.477226]","[-0.5, 1.5, 3.0]","[3.5, 7.5]","[3.4641016, 7.3484693]","[3.0, 5.0]",1,1,1,0,1.0,0.0,0
72979,6,3,0,"[0.0, 0.0, 0.5, 1.5, 2.0, 2.5, 3.5, 4.5, 6.5, 7.5]","[0.0, 0.0, 0.0, 0.0, 0.0, 2.0, 3.4641016, 3.7416575, 6.4807405, 7.483315]","[0.5, 1.5, 3.0, 3.0, 4.5, 5.0]","[0.0, 0.0, 1.4142135, 2.236068, 4.472136, 4.582576]","[-5.5, -4.5, -3.0, -2.5, -2.5, -2.5]","[0.5, 3.0, 4.5]","[0.0, 0.0, 4.472136]","[-4.5, -2.5, -2.5]","[4.5, 4.5, 5.5]","[0.0, 2.828427, 4.2426405]","[-2.5, -0.5, 0.0]",[],[],[],3,0,0,1,0.0,3.0,0
400,1,1,1,"[0.0, 0.5, 1.0, 1.0, 1.0, 1.0, 1.5, 1.5, 2.5, 6.0]","[0.0, 0.0, 0.0, 0.0, 0.0, 0.0, 0.0, 1.4142135, 1.4142135, 5.91608]",[2.0],[0.0],[-2.5],[2.0],[0.0],[-2.5],[6.0],[5.196152],[3.5],[6.0],[5.196152],[3.5],0,1,0,0,0.0,0.0,1
37355,6,2,2,"[0.0, 0.5, 1.5, 1.5, 2.0, 2.5, 3.5, 3.5, 4.5, 5.0]","[0.0, 0.0, 0.0, 0.0, 0.0, 2.0, 2.4494898, 3.0, 3.1622777, 3.4641016]","[1.0, 2.5, 3.0, 3.0, 4.0, 4.5]","[0.0, 0.0, 0.0, 1.0, 2.828427, 4.2426405]","[-5.0, -4.5, -4.0, -3.0, -2.5, -2.5]","[1.0, 2.5]","[0.0, 1.0]","[-4.5, -4.0]","[4.0, 7.5]","[3.8729835, 7.483315]","[2.5, 6.0]","[4.0, 7.5]","[3.8729835, 7.483315]","[2.5, 6.0]",0,2,0,0,0.0,0.0,0
817,2,2,2,"[0.0, 0.0, 0.5, 1.5, 2.0, 3.5, 4.5, 4.5, 6.5, 8.5]","[0.0, 0.0, 0.0, 0.0, 0.0, 3.4641016, 4.472136, 4.472136, 6.0, 8.485281]","[4.0, 5.0]","[3.4641016, 4.0]","[-2.5, -2.0]","[4.0, 5.0]","[3.4641016, 4.0]","[-2.5, -2.0]","[4.5, 6.0]","[2.828427, 6.0]","[-2.0, 2.0]","[4.5, 6.0]","[2.828427, 6.0]","[-2.0, 2.0]",0,2,0,0,0.0,0.0,1
815,1,1,1,"[0.0, 0.5, 1.0, 1.5, 1.5, 2.5, 3.0, 3.5, 4.0, 6.0]","[0.0, 0.0, 0.0, 0.0, 0.0, 1.4142135, 2.236068, 3.1622777, 3.8729835, 5.91608]",[3.0],[0.0],[-1.0],[3.0],[0.0],[-1.0],[7.0],[6.928203],[3.5],[7.0],[6.928203],[3.5],0,1,0,0,0.0,0.0,1
485,5,2,2,"[0.5, 0.5, 1.0, 1.5, 1.5, 2.5, 3.5, 4.5, 7.0, 7.5]","[0.0, 0.0, 0.0, 0.0, 0.0, 1.0, 1.4142135, 3.1622777, 6.928203, 7.483315]","[0.5, 2.5, 3.0, 4.0, 4.5]","[0.0, 2.0, 3.0, 3.8729835, 4.2426405]","[-5.0, -4.0, -3.5, -3.5, -2.0]","[0.5, 2.5]","[0.0, 2.0]","[-5.0, -3.5]","[3.0, 4.0]","[2.828427, 3.4641016]","[-2.0, 0.0]","[3.0, 4.0]","[2.828427, 3.4641016]","[-2.0, 0.0]",0,2,0,0,0.0,0.0,1
260,15,4,2,"[0.0, 0.5, 1.5, 1.5, 2.5, 4.5, 4.5, 6.5, 8.0, 8.5]","[0.0, 0.0, 0.0, 0.0, 0.0, 2.4494898, 4.472136, 6.3245554, 7.937254, 8.485281]","[2.0, 2.0, 2.0, 2.5, 2.5, 3.0, 3.0, 3.5, 3.5, 4.0, 4.0, 4.5, 4.5, 6.0, 6.0]","[0.0, 0.0, 0.0, 1.7320508, 2.0, 2.4494898, 2.4494898, 2.6457512, 2.828427, 2.828427, 2.828427, 3.0, 3.4641016, 5.91608, 6.0]","[-7.0, -5.0, -4.5, -4.5, -4.5, -4.0, -4.0, -3.5, -3.0, -3.0, -2.5, -2.5, -2.5, -2.0, -1.5]","[2.5, 3.5, 3.5, 4.5]","[0.0, 2.4494898, 2.4494898, 2.828427]","[-4.5, -4.0, -2.5, -2.5]","[2.0, 3.0, 5.0, 9.0]","[0.0, 2.828427, 4.582576, 9.0]","[-7.0, -4.5, 3.0, 4.0]","[5.0, 6.0]","[4.582576, 5.91608]","[1.0, 3.0]",2,1,1,0,2.0,0.0,1
17656,10,5,3,"[0.5, 0.5, 1.0, 1.0, 3.0, 4.0, 4.0, 5.0, 5.5, 6.0]","[0.0, 0.0, 0.0, 0.0, 1.0, 3.0, 3.4641016, 4.0, 4.2426405, 5.91608]","[1.0, 1.5, 2.0, 2.0, 2.0, 3.0, 3.5, 4.0, 5.5, 5.5]","[0.0, 0.0, 0.0, 0.0, 1.4142135, 1.7320508, 2.236068, 3.8729835, 4.8989797, 5.2915025]","[-6.0, -4.5, -3.5, -3.5, -3.0, -2.5, -2.0, -2.0, -1.0, -1.0]","[1.0, 1.5, 2.0, 2.0, 3.0]","[0.0, 0.0, 1.4142135, 1.7320508, 2.236068]","[-6.0, -4.5, -3.5, -2.0, -1.0]","[1.0, 2.5, 6.0, 7.0, 7.0]","[0.0, 2.0, 5.91608, 6.708204, 6.928203]","[-2.0, 0.5, 3.5, 4.0, 5.0]","[5.0, 6.0, 8.0]","[4.582576, 5.91608, 7.937254]","[4.0, 4.5, 8.0]",2,1,2,0,1.0,0.0,0
99983,3,2,2,"[0.0, 1.0, 1.5, 1.5, 1.5, 1.5, 2.5, 4.5, 5.0, 7.5]","[0.0, 0.0, 0.0, 0.0, 1.0, 1.4142135, 2.0, 3.7416575, 4.582576, 7.3484693]","[1.0, 2.5, 2.5]","[0.0, 2.0, 2.0]","[-6.0, -5.5, -3.0]","[1.0, 2.5]","[0.0, 2.0]","[-6.0, -3.0]","[2.5, 6.0]","[2.0, 5.656854]","[0.0, 2.5]","[2.5, 6.0]","[2.0, 5.656854]","[0.0, 2.5]",0,2,0,0,0.0,0.0,0
68781,3,3,2,"[0.0, 0.0, 1.5, 1.5, 2.0, 3.0, 3.5, 3.5, 3.5, 8.0]","[0.0, 0.0, 0.0, 1.4142135, 1.7320508, 2.236068, 2.4494898, 2.4494898, 3.4641016, 7.937254]","[1.5, 2.5, 2.5]","[0.0, 2.0, 2.4494898]","[-3.5, -3.5, -2.0]","[1.5, 2.5, 2.5]","[0.0, 2.0, 2.4494898]","[-3.5, -3.5, -2.0]","[5.5, 5.5, 7.0]","[4.2426405, 4.8989797, 6.928203]","[-1.0, 0.5, 6.0]","[7.0, 8.0]","[6.928203, 8.0]","[4.5, 6.0]",1,1,1,0,1.0,0.0,0
803,6,3,2,"[0.0, 0.5, 1.0, 1.0, 1.0, 2.0, 2.5, 4.0, 6.0, 6.5]","[0.0, 0.0, 0.0, 0.0, 0.0, 0.0, 2.0, 3.4641016, 6.0, 6.0]","[1.0, 1.0, 1.0, 2.5, 3.0, 3.5]","[0.0, 0.0, 1.0, 2.4494898, 2.4494898, 3.0]","[-5.0, -4.5, -4.0, -4.0, -3.0, -2.5]","[1.0, 1.0, 2.5]","[0.0, 1.0, 2.4494898]","[-4.5, -4.0, -3.0]","[4.5, 6.5, 8.0]","[4.472136, 6.3245554, 7.937254]","[1.5, 2.5, 4.5]","[4.5, 6.5]","[4.472136, 6.3245554]","[1.5, 5.5]",1,1,1,0,1.0,0.0,1
805,11,5,2,"[0.5, 1.0, 1.5, 2.5, 3.0, 3.0, 3.5, 5.0, 5.5, 6.0]","[0.0, 0.0, 0.0, 0.0, 2.0, 2.828427, 2.828427, 4.0, 4.8989797, 5.656854]","[0.0, 0.5, 0.5, 1.0, 2.0, 2.0, 2.0, 2.0, 2.5, 3.5, 4.0]","[0.0, 0.0, 0.0, 0.0, 0.0, 1.7320508, 1.7320508, 2.0, 2.4494898, 3.1622777, 4.0]","[-5.5, -4.5, -4.5, -4.0, -4.0, -4.0, -4.0, -3.5, -2.0, -1.5, -1.0]","[0.0, 0.5, 0.5, 1.0, 3.5]","[0.0, 0.0, 0.0, 0.0, 3.1622777]","[-4.5, -4.5, -4.0, -4.0, -2.0]","[3.5, 4.0, 4.5, 4.5, 7.5]","[0.0, 0.0, 2.4494898, 3.8729835, 7.3484693]","[-1.5, 1.0, 1.0, 2.5, 6.0]","[3.0, 8.0]","[2.236068, 7.937254]","[1.0, 6.0]",3,0,2,0,1.5,0.0,1
34996,6,3,1,"[0.5, 1.5, 1.5, 2.0, 3.0, 3.5, 3.5, 3.5, 5.0, 7.0]","[0.0, 0.0, 0.0, 1.4142135, 2.4494898, 2.828427, 3.1622777, 3.1622777, 4.8989797, 6.928203]","[1.5, 1.5, 2.5, 2.5, 2.5, 3.5]","[0.0, 1.4142135, 2.0, 2.4494898, 2.4494898, 3.4641016]","[-3.5, -3.5, -3.0, -2.0, -2.0, -1.0]","[1.5, 2.5, 2.5]","[0.0, 2.4494898, 2.4494898]","[-3.5, -3.5, -3.0]","[2.5, 4.5, 9.0]","[0.0, 4.472136, 9.0]","[-0.5, 0.5, 2.0]",[3.0],[2.236068],[1.0],2,0,1,0,2.0,0.0,0
982,9,3,1,"[0.0, 0.5, 0.5, 1.5, 2.0, 2.0, 5.0, 6.0, 6.5, 7.0]","[0.0, 0.0, 0.0, 1.4142135, 1.7320508, 2.0, 4.0, 5.656854, 6.4807405, 6.928203]","[0.5, 1.0, 2.5, 2.5, 2.5, 3.0, 3.0, 4.0, 4.5]","[0.0, 0.0, 0.0, 1.0, 2.0, 2.236068, 2.4494898, 3.4641016, 4.2426405]","[-5.0, -5.0, -4.5, -4.0, -3.5, -3.0, -2.5, -2.0, -1.0]","[0.5, 2.5, 3.0]","[0.0, 0.0, 2.236068]","[-5.0, -3.5, -2.0]","[1.0, 6.0, 7.0]","[1.0, 5.91608, 6.708204]","[-1.0, 1.0, 1.0]",[5.0],[4.582576],[1.0],2,0,1,0,2.0,0.0,1
94743,8,3,1,"[0.0, 0.5, 1.0, 1.0, 2.0, 3.0, 3.5, 4.5, 7.5, 9.0]","[0.0, 0.0, 0.0, 0.0, 0.0, 0.0, 2.236068, 3.4641016, 7.483315, 9.0]","[1.0, 3.0, 3.0, 3.5, 3.5, 4.5, 4.5, 6.5]","[0.0, 1.0, 2.4494898, 2.828427, 3.0, 3.1622777, 3.7416575, 6.4807405]","[-5.5, -5.5, -5.5, -5.0, -2.5, -2.0, -1.5, -1.0]","[1.0, 3.0, 4.5]","[1.0, 3.0, 3.7416575]","[-5.5, -5.0, -1.5]","[6.0, 6.5, 6.5]","[5.196152, 6.3245554, 6.4807405]","[-2.0, 0.5, 2.5]",[1.0],[0.0],[-0.5],2,0,1,0,2.0,0.0,0
71896,10,3,1,"[0.0, 0.5, 1.0, 1.5, 2.0, 3.5, 3.5, 5.5, 6.5, 7.5]","[0.0, 0.0, 0.0, 0.0, 1.0, 3.1622777, 3.4641016, 5.477226, 6.3245554, 7.3484693]","[1.5, 1.5, 1.5, 2.0, 2.5, 2.5, 2.5, 3.5, 4.0, 6.5]","[0.0, 0.0, 1.4142135, 1.7320508, 2.0, 2.4494898, 2.4494898, 3.4641016, 3.8729835, 6.4807405]","[-5.5, -5.0, -4.5, -4.0, -3.5, -3.0, -2.5, -2.5, -2.0, -2.0]","[1.5, 1.5, 2.5]","[0.0, 1.4142135, 2.0]","[-5.5, -3.5, -3.0]","[1.5, 2.5, 8.0]","[1.4142135, 2.0, 7.937254]","[-5.5, -3.5, 5.5]",[8.0],[7.937254],[5.5],2,1,0,1,0.0,2.0,0
623,3,2,2,"[0.0, 0.5, 0.5, 0.5, 1.5, 2.0, 2.5, 3.0, 4.5, 5.5]","[0.0, 0.0, 0.0, 0.0, 0.0, 0.0, 2.236068, 2.4494898, 4.472136, 4.8989797]","[1.0, 1.0, 3.0]","[0.0, 1.0, 2.828427]","[-5.5, -2.5, -1.5]","[1.0, 1.0]","[0.0, 1.0]","[-5.5, -2.5]","[5.5, 6.0]","[5.477226, 5.656854]","[3.5, 5.0]","[5.5, 6.0]","[5.477226, 5.656854]","[3.5, 5.0]",0,2,0,0,0.0,0.0,1
584,1,1,1,"[0.5, 0.5, 0.5, 1.0, 1.5, 1.5, 2.0, 3.5, 4.0, 6.5]","[0.0, 0.0, 0.0, 0.0, 0.0, 0.0, 0.0, 1.4142135, 2.4494898, 6.3245554]",[4.5],[3.7416575],[-2.5],[4.5],[3.7416575],[-2.5],[5.5],[5.2915025],[2.5],[5.5],[5.2915025],[2.5],0,1,0,0,0.0,0.0,1
364,3,1,1,"[0.0, 0.0, 0.5, 0.5, 1.0, 1.5, 2.0, 3.0, 4.0, 7.0]","[0.0, 0.0, 0.0, 0.0, 0.0, 0.0, 1.0, 1.7320508, 3.4641016, 6.708204]","[1.5, 2.5, 4.0]","[0.0, 2.4494898, 3.8729835]","[-5.0, -3.5, -3.5]",[2.5],[2.4494898],[-5.0],[2.0],[1.7320508],[-0.5],[2.0],[1.7320508],[-0.5],0,1,0,0,0.0,0.0,1
19352,4,2,2,"[0.0, 0.0, 0.5, 0.5, 1.0, 1.0, 2.5, 3.0, 6.0, 6.0]","[0.0, 0.0, 0.0, 0.0, 0.0, 0.0, 2.0, 2.828427, 5.196152, 6.0]","[1.5, 1.5, 2.0, 4.0]","[0.0, 1.4142135, 1.4142135, 1.7320508]","[-6.0, -3.5, -1.5, -1.0]","[1.5, 1.5]","[1.4142135, 1.4142135]","[-6.0, -1.5]","[4.0, 9.0]","[4.0, 9.0]","[3.0, 4.5]","[4.0, 9.0]","[4.0, 9.0]","[3.0, 4.5]",0,2,0,0,0.0,0.0,0
445,7,3,2,"[0.0, 0.0, 0.0, 0.5, 0.5, 1.5, 5.0, 5.5, 6.0, 7.5]","[0.0, 0.0, 0.0, 0.0, 0.0, 0.0, 4.0, 4.8989797, 5.196152, 7.3484693]","[1.0, 1.5, 2.0, 2.5, 3.0, 4.5, 4.5]","[0.0, 0.0, 0.0, 2.0, 2.0, 4.472136, 4.472136]","[-6.5, -5.0, -4.5, -4.0, -4.0, -3.5, -2.5]","[1.5, 2.0, 4.5]","[0.0, 2.0, 4.472136]","[-4.0, -3.5, -2.5]","[2.5, 4.0, 5.0]","[0.0, 2.6457512, 4.0]","[-1.0, 1.0, 1.0]","[2.5, 6.0]","[0.0, 6.0]","[1.0, 4.5]",1,1,1,0,1.0,0.0,1
702,3,1,1,"[0.0, 0.0, 0.0, 0.0, 0.5, 1.5, 2.5, 4.0, 5.5, 6.5]","[0.0, 0.0, 0.0, 0.0, 0.0, 0.0, 2.4494898, 2.6457512, 4.2426405, 6.0]","[3.0, 3.5, 4.0]","[0.0, 2.4494898, 4.0]","[-5.0, -4.5, -3.0]",[3.5],[2.4494898],[-4.5],[4.5],[2.828427],[3.0],[4.5],[2.828427],[3.0],0,1,0,0,0.0,0.0,1
565,4,1,1,"[0.0, 0.5, 1.5, 1.5, 1.5, 3.0, 3.0, 3.0, 3.0, 8.5]","[0.0, 0.0, 0.0, 0.0, 0.0, 0.0, 0.0, 1.4142135, 1.4142135, 8.485281]","[1.0, 1.5, 1.5, 3.0]","[0.0, 0.0, 1.4142135, 2.236068]","[-6.0, -5.5, -4.0, -3.0]",[1.5],[1.4142135],[-5.5],[5.5],[5.2915025],[1.0],[5.5],[5.2915025],[1.0],0,1,0,0,0.0,0.0,1
171,2,1,1,"[0.0, 1.0, 1.0, 1.5, 2.0, 2.5, 2.5, 2.5, 3.0, 4.5]","[0.0, 0.0, 0.0, 0.0, 1.0, 1.4142135, 1.7320508, 2.0, 2.236068, 4.2426405]","[3.0, 3.0]","[2.828427, 3.0]","[-2.0, -1.0]",[3.0],[3.0],[-2.0],[7.5],[7.3484693],[7.0],[7.5],[7.3484693],[7.0],0,1,0,0,0.0,0.0,1
105,7,2,2,"[1.0, 1.0, 1.0, 1.0, 1.0, 1.5, 1.5, 4.0, 5.0, 7.0]","[0.0, 0.0, 0.0, 1.0, 1.0, 1.0, 1.0, 1.4142135, 4.582576, 7.0]","[1.0, 1.5, 2.0, 2.0, 3.5, 3.5, 5.5]","[0.0, 0.0, 0.0, 1.7320508, 2.4494898, 2.4494898, 5.477226]","[-4.0, -3.5, -3.0, -2.5, -2.5, -2.5, -2.0]","[1.0, 2.0]","[0.0, 0.0]","[-3.0, -2.5]","[6.5, 7.0]","[6.3245554, 6.928203]","[3.0, 5.5]","[6.5, 7.0]","[6.3245554, 6.928203]","[3.0, 5.5]",0,2,0,0,0.0,0.0,1
93494,1,1,1,"[0.0, 0.0, 0.0, 0.5, 1.5, 1.5, 2.5, 3.0, 3.0, 3.5]","[0.0, 0.0, 0.0, 0.0, 0.0, 0.0, 2.0, 2.828427, 2.828427, 3.1622777]",[3.0],[3.0],[-1.0],[3.0],[3.0],[-1.0],[7.0],[6.928203],[5.0],[7.0],[6.928203],[5.0],0,1,0,0,0.0,0.0,0
934,10,3,2,"[0.0, 0.0, 1.0, 1.0, 1.5, 2.0, 4.5, 6.5, 7.0, 9.0]","[0.0, 0.0, 0.0, 0.0, 0.0, 1.0, 3.7416575, 6.0, 6.708204, 9.0]","[0.5, 2.0, 2.5, 2.5, 3.0, 3.5, 3.5, 4.5, 5.0, 6.0]","[0.0, 0.0, 0.0, 0.0, 2.0, 2.4494898, 2.828427, 2.828427, 4.0, 5.91608]","[-6.5, -6.0, -4.5, -4.0, -3.5, -3.0, -3.0, -3.0, -2.0, -1.5]","[0.5, 2.5, 3.0]","[0.0, 2.0, 2.828427]","[-4.5, -4.0, -3.0]","[2.0, 2.0, 3.5]","[0.0, 0.0, 2.4494898]","[-6.0, -3.0, -3.0]","[2.5, 3.5]","[2.4494898, 2.4494898]","[-3.0, -1.5]",1,1,1,0,1.0,0.0,1
691,7,4,0,"[0.0, 0.5, 0.5, 1.5, 1.5, 2.0, 2.5, 3.0, 8.0, 8.0]","[0.0, 0.0, 0.0, 0.0, 0.0, 2.0, 2.4494898, 2.828427, 7.937254, 7.937254]","[1.0, 2.0, 2.5, 3.0, 4.0, 5.0, 6.5]","[0.0, 1.0, 1.7320508, 2.828427, 3.4641016, 4.8989797, 6.3245554]","[-4.5, -3.0, -2.5, -2.5, -2.0, -2.0, -1.0]","[1.0, 2.0, 3.0, 5.0]","[1.0, 1.7320508, 2.828427, 4.8989797]","[-4.5, -3.0, -2.0, -1.0]","[4.0, 5.0, 6.5, 9.0]","[2.6457512, 5.0, 6.3245554, 9.0]","[-2.5, -0.5, 0.5, 5.5]",[],[],[],4,0,0,1,0.0,4.0,1
809,5,2,2,"[0.5, 1.0, 1.0, 2.5, 2.5, 3.5, 3.5, 4.5, 6.0, 6.5]","[0.0, 0.0, 0.0, 0.0, 2.0, 2.4494898, 3.4641016, 4.472136, 6.0, 6.4807405]","[1.5, 2.0, 2.5, 4.0, 4.0]","[0.0, 1.4142135, 2.0, 3.4641016, 3.8729835]","[-4.0, -3.5, -2.5, -2.5, -1.5]","[1.5, 2.5]","[1.4142135, 2.0]","[-4.0, -2.5]","[4.5, 5.0]","[2.828427, 4.0]","[-1.5, 1.0]","[4.5, 5.0]","[2.828427, 4.0]","[-1.5, 1.0]",0,2,0,0,0.0,0.0,1
531,5,3,2,"[0.0, 1.0, 1.0, 1.0, 1.5, 3.0, 3.5, 5.5, 6.0, 6.0]","[0.0, 0.0, 0.0, 0.0, 0.0, 0.0, 1.0, 5.477226, 5.91608, 6.0]","[0.5, 1.5, 1.5, 3.5, 5.0]","[0.0, 0.0, 0.0, 3.4641016, 5.0]","[-5.0, -3.0, -2.5, -2.5, -1.5]","[0.5, 1.5, 5.0]","[0.0, 0.0, 5.0]","[-5.0, -3.0, -1.5]","[6.0, 6.5, 8.0]","[5.656854, 6.4807405, 8.0]","[2.5, 3.0, 3.5]","[3.0, 6.0]","[2.236068, 5.656854]","[0.5, 3.0]",1,1,1,0,1.0,0.0,1
13658,7,3,2,"[0.0, 0.5, 1.0, 1.0, 1.5, 1.5, 2.0, 3.5, 6.5, 8.0]","[0.0, 0.0, 0.0, 0.0, 0.0, 0.0, 1.0, 3.1622777, 6.3245554, 7.937254]","[2.0, 2.0, 2.5, 2.5, 3.0, 4.0, 4.0]","[0.0, 0.0, 1.7320508, 2.0, 2.236068, 4.0, 4.0]","[-4.5, -4.0, -3.5, -3.0, -2.5, -2.0, -2.0]","[2.0, 2.0, 4.0]","[1.7320508, 2.0, 4.0]","[-4.0, -2.5, -2.0]","[0.5, 3.0, 5.0]","[0.0, 2.236068, 4.582576]","[-3.0, -2.5, 1.0]","[5.0, 6.5]","[4.582576, 6.4807405]","[1.0, 5.5]",1,1,1,0,1.0,0.0,0
905,10,3,2,"[1.0, 1.0, 1.5, 1.5, 2.0, 2.5, 3.0, 4.5, 6.0, 8.0]","[0.0, 0.0, 0.0, 1.4142135, 1.7320508, 2.0, 2.236068, 4.472136, 5.91608, 7.937254]","[1.0, 1.5, 1.5, 1.5, 2.0, 2.0, 2.5, 4.0, 4.5, 5.0]","[0.0, 0.0, 0.0, 0.0, 0.0, 1.4142135, 1.7320508, 2.0, 4.472136, 4.582576]","[-5.0, -4.5, -3.5, -3.0, -3.0, -2.5, -2.5, -2.0, -1.5, -1.0]","[1.0, 1.5, 2.0]","[0.0, 1.4142135, 2.0]","[-5.0, -3.0, -3.0]","[1.5, 4.5, 8.0]","[0.0, 4.472136, 7.937254]","[-2.5, -2.5, 7.0]","[3.5, 8.0]","[0.0, 7.937254]","[-1.5, 7.0]",1,1,1,0,1.0,0.0,1
80893,3,2,2,"[0.0, 0.0, 1.0, 1.0, 2.0, 2.0, 2.0, 3.5, 3.5, 6.0]","[0.0, 0.0, 0.0, 0.0, 0.0, 0.0, 0.0, 0.0, 1.7320508, 6.0]","[3.0, 3.5, 4.0]","[0.0, 3.4641016, 3.8729835]","[-2.5, -2.0, -2.0]","[3.5, 4.0]","[3.4641016, 3.8729835]","[-2.5, -2.0]","[1.0, 6.0]","[0.0, 5.656854]","[-2.0, 6.0]","[1.0, 6.0]","[0.0, 5.656854]","[-2.0, 6.0]",0,2,0,0,0.0,0.0,0
87619,6,3,2,"[0.0, 1.5, 2.0, 2.0, 2.5, 2.5, 3.5, 4.0, 4.5, 4.5]","[0.0, 0.0, 0.0, 0.0, 0.0, 1.4142135, 1.7320508, 1.7320508, 3.4641016, 4.2426405]","[1.0, 1.5, 2.0, 2.0, 3.0, 4.0]","[0.0, 0.0, 0.0, 0.0, 2.236068, 3.4641016]","[-5.0, -4.5, -3.5, -3.5, -2.5, -1.0]","[1.0, 1.5, 2.0]","[0.0, 0.0, 0.0]","[-5.0, -3.5, -1.0]","[3.0, 7.0, 8.5]","[2.236068, 6.928203, 8.485281]","[-0.5, 5.5, 7.0]","[3.5, 7.0]","[3.4641016, 6.928203]","[2.0, 5.5]",1,1,1,0,1.0,0.0,0
70222,5,2,2,"[0.5, 1.5, 2.0, 2.0, 2.5, 2.5, 2.5, 3.5, 4.0, 5.0]","[0.0, 0.0, 0.0, 0.0, 0.0, 2.4494898, 2.4494898, 2.4494898, 3.8729835, 4.0]","[2.0, 2.0, 3.0, 3.0, 3.5]","[0.0, 1.7320508, 1.7320508, 2.828427, 3.4641016]","[-4.0, -3.0, -2.5, -2.0, -1.5]","[2.0, 2.0]","[1.7320508, 1.7320508]","[-4.0, -2.5]","[4.5, 7.0]","[0.0, 7.0]","[4.0, 6.0]","[4.5, 7.0]","[0.0, 7.0]","[4.0, 6.0]",0,2,0,0,0.0,0.0,0
9505,5,3,3,"[0.0, 0.0, 0.5, 1.0, 1.5, 2.0, 3.0, 3.5, 4.0, 6.5]","[0.0, 0.0, 0.0, 0.0, 0.0, 0.0, 1.4142135, 1.7320508, 2.236068, 6.4807405]","[0.5, 1.0, 2.5, 3.0, 4.5]","[0.0, 0.0, 2.0, 3.0, 4.472136]","[-3.5, -3.0, -3.0, -2.5, -2.5]","[0.5, 2.5, 3.0]","[0.0, 2.0, 3.0]","[-3.5, -3.0, -2.5]","[2.0, 3.5, 4.5]","[0.0, 2.0, 3.4641016]","[-1.5, 3.0, 4.0]","[2.0, 3.5, 4.5]","[0.0, 2.0, 3.4641016]","[-1.5, 3.0, 4.0]",0,3,0,0,0.0,0.0,0
554,10,4,2,"[0.5, 1.0, 1.0, 1.0, 1.5, 1.5, 3.5, 5.0, 7.5, 8.0]","[0.0, 0.0, 0.0, 0.0, 0.0, 0.0, 0.0, 5.0, 7.483315, 7.937254]","[1.5, 1.5, 1.5, 2.5, 2.5, 3.0, 3.5, 4.0, 5.0, 6.0]","[1.4142135, 1.4142135, 1.4142135, 2.0, 2.4494898, 2.828427, 3.4641016, 4.0, 4.582576, 6.0]","[-4.5, -4.5, -4.5, -4.0, -3.0, -2.5, -2.5, -2.5, -2.5, -1.5]","[1.5, 1.5, 3.0, 3.5]","[1.4142135, 1.4142135, 2.828427, 3.4641016]","[-4.0, -2.5, -2.5, -2.5]","[3.5, 4.5, 5.0, 7.0]","[0.0, 4.472136, 4.582576, 6.708204]","[-1.5, 1.0, 1.0, 3.5]","[5.0, 7.0]","[5.0, 6.708204]","[3.5, 5.0]",2,1,1,0,2.0,0.0,1
11517,6,2,1,"[0.5, 0.5, 0.5, 0.5, 2.0, 3.0, 3.5, 3.5, 4.0, 4.5]","[0.0, 0.0, 0.0, 0.0, 0.0, 0.0, 0.0, 1.7320508, 2.828427, 3.4641016]","[2.0, 2.5, 3.0, 3.0, 3.5, 3.5]","[0.0, 0.0, 0.0, 2.828427, 3.1622777, 3.4641016]","[-5.0, -4.0, -3.5, -3.0, -2.5, -1.0]","[2.0, 3.5]","[0.0, 3.4641016]","[-3.0, -2.5]","[8.5, 9.0]","[8.485281, 9.0]","[5.5, 8.0]",[2.0],[2.0],[2.0],1,0,1,0,1.0,0.0,0
621,4,2,2,"[0.0, 0.0, 0.5, 1.0, 1.5, 1.5, 2.0, 3.0, 5.5, 7.5]","[0.0, 0.0, 0.0, 0.0, 0.0, 1.4142135, 1.4142135, 2.828427, 5.2915025, 7.3484693]","[1.0, 2.0, 3.0, 4.0]","[0.0, 1.7320508, 3.0, 3.4641016]","[-4.5, -4.0, -3.5, -2.0]","[1.0, 2.0]","[0.0, 1.7320508]","[-4.5, -3.5]","[5.0, 5.5]","[4.582576, 5.477226]","[2.0, 3.5]","[5.0, 5.5]","[4.582576, 5.477226]","[2.0, 3.5]",0,2,0,0,0.0,0.0,1
269,8,3,2,"[0.0, 0.5, 1.5, 1.5, 2.0, 2.5, 4.0, 5.5, 6.0, 8.0]","[0.0, 0.0, 0.0, 0.0, 0.0, 2.0, 3.4641016, 5.196152, 5.477226, 7.937254]","[2.0, 2.5, 2.5, 3.0, 3.5, 4.0, 4.0, 4.5]","[0.0, 0.0, 2.0, 2.4494898, 2.6457512, 2.6457512, 3.4641016, 4.2426405]","[-5.0, -4.5, -3.5, -3.0, -2.5, -2.5, -2.5, -2.0]","[2.0, 2.5, 3.5]","[2.0, 2.4494898, 3.4641016]","[-5.0, -4.5, -2.5]","[3.5, 3.5, 8.0]","[0.0, 3.1622777, 7.937254]","[-2.5, -2.5, 7.0]","[6.0, 8.0]","[5.196152, 7.937254]","[2.0, 7.0]",1,1,1,0,1.0,0.0,1
11232,7,2,2,"[1.5, 1.5, 1.5, 1.5, 2.5, 2.5, 3.0, 4.0, 4.5, 5.0]","[0.0, 0.0, 0.0, 0.0, 0.0, 1.4142135, 2.236068, 2.828427, 3.8729835, 4.0]","[1.0, 1.5, 1.5, 1.5, 2.0, 2.5, 6.0]","[0.0, 0.0, 0.0, 1.4142135, 2.0, 2.0, 6.0]","[-4.0, -3.5, -3.5, -3.0, -2.5, -2.0, -1.5]","[1.5, 2.0]","[1.4142135, 2.0]","[-3.5, -2.5]","[2.0, 5.5]","[1.7320508, 4.2426405]","[2.0, 4.5]","[2.0, 5.5]","[1.7320508, 4.2426405]","[2.0, 4.5]",0,2,0,0,0.0,0.0,0
473,5,2,1,"[0.0, 0.5, 1.0, 1.0, 1.5, 3.5, 4.0, 4.0, 5.0, 5.5]","[0.0, 0.0, 0.0, 0.0, 0.0, 2.6457512, 3.4641016, 3.4641016, 4.8989797, 5.2915025]","[1.5, 2.0, 3.0, 3.0, 3.5]","[0.0, 0.0, 2.236068, 2.236068, 3.4641016]","[-5.0, -4.0, -2.0, -2.0, -1.5]","[3.0, 3.5]","[2.236068, 3.4641016]","[-4.0, -1.5]","[1.5, 5.5]","[1.4142135, 5.2915025]","[-1.0, 1.0]",[2.5],[2.0],[1.0],1,0,1,0,1.0,0.0,1
75,7,3,2,"[0.0, 1.0, 2.0, 2.5, 2.5, 3.5, 3.5, 4.0, 6.5, 7.0]","[0.0, 0.0, 2.0, 2.0, 2.4494898, 2.4494898, 3.4641016, 3.4641016, 6.4807405, 6.928203]","[1.0, 1.0, 1.5, 2.0, 2.5, 2.5, 3.5]","[0.0, 0.0, 0.0, 0.0, 1.0, 1.7320508, 2.0]","[-6.0, -5.5, -3.5, -2.5, -2.5, -2.5, -2.0]","[1.0, 1.5, 2.0]","[0.0, 0.0, 1.7320508]","[-6.0, -2.5, -2.5]","[4.0, 4.0, 4.5]","[0.0, 0.0, 3.4641016]","[-1.0, 0.0, 0.5]","[2.5, 4.5]","[0.0, 0.0]","[0.0, 1.0]",1,1,1,0,1.0,0.0,1
98085,3,1,1,"[0.0, 0.0, 0.5, 1.0, 1.0, 2.5, 2.5, 4.0, 7.0, 7.5]","[0.0, 0.0, 0.0, 0.0, 0.0, 1.0, 2.4494898, 2.4494898, 7.0, 7.483315]","[3.0, 3.0, 4.0]","[0.0, 2.236068, 3.8729835]","[-4.5, -4.5, -4.0]",[3.0],[0.0],[-4.5],[6.5],[6.0],[-0.5],[6.5],[6.0],[-0.5],0,1,0,0,0.0,0.0,0
25825,2,2,2,"[0.0, 0.5, 0.5, 1.0, 2.0, 3.0, 3.0, 3.5, 5.0, 5.5]","[0.0, 0.0, 0.0, 0.0, 0.0, 2.0, 2.828427, 3.0, 3.4641016, 4.2426405]","[2.0, 3.5]","[1.7320508, 3.1622777]","[-3.5, -1.5]","[2.0, 3.5]","[1.7320508, 3.1622777]","[-3.5, -1.5]","[3.5, 4.5]","[0.0, 4.472136]","[-0.5, 2.5]","[3.5, 4.5]","[0.0, 4.472136]","[-0.5, 2.5]",0,2,0,0,0.0,0.0,0
443,8,3,1,"[0.5, 1.0, 1.5, 2.0, 2.0, 2.5, 4.0, 4.0, 4.5, 5.5]","[0.0, 0.0, 0.0, 1.0, 1.7320508, 2.0, 2.4494898, 3.8729835, 4.472136, 4.8989797]","[1.0, 1.0, 1.0, 2.0, 2.0, 2.5, 2.5, 4.0]","[0.0, 0.0, 0.0, 1.0, 1.7320508, 2.0, 2.0, 2.6457512]","[-4.5, -4.5, -3.0, -3.0, -2.0, -2.0, -2.0, -1.5]","[1.0, 1.0, 2.0]","[0.0, 0.0, 2.0]","[-4.5, -3.0, -2.0]","[3.0, 6.5, 7.0]","[0.0, 6.4807405, 7.0]","[-1.0, 1.0, 5.0]",[6.0],[5.196152],[4.0],2,0,1,0,2.0,0.0,1
963,5,2,2,"[1.0, 1.0, 1.5, 2.0, 2.0, 2.5, 3.5, 4.5, 5.0, 6.0]","[0.0, 0.0, 0.0, 0.0, 0.0, 1.0, 1.7320508, 3.0, 4.2426405, 5.91608]","[1.5, 2.5, 3.5, 3.5, 6.0]","[0.0, 1.4142135, 2.4494898, 3.4641016, 5.656854]","[-4.0, -2.5, -2.5, -2.0, -1.5]","[3.5, 3.5]","[2.4494898, 3.4641016]","[-2.5, -1.5]","[3.5, 4.0]","[3.1622777, 3.8729835]","[1.0, 1.0]","[3.5, 4.0]","[3.1622777, 3.8729835]","[1.0, 1.0]",0,2,0,0,0.0,0.0,1
398,3,2,2,"[0.0, 0.5, 0.5, 0.5, 1.5, 1.5, 2.5, 4.0, 4.5, 9.0]","[0.0, 0.0, 0.0, 0.0, 1.4142135, 1.4142135, 2.4494898, 2.6457512, 2.828427, 9.0]","[1.5, 2.0, 5.0]","[0.0, 0.0, 4.582576]","[-6.5, -2.5, -2.5]","[1.5, 2.0]","[0.0, 0.0]","[-6.5, -2.5]","[3.5, 7.5]","[3.1622777, 7.483315]","[2.5, 3.0]","[3.5, 7.5]","[3.1622777, 7.483315]","[2.5, 3.0]",0,2,0,0,0.0,0.0,1
5012,2,2,2,"[1.0, 1.0, 1.5, 1.5, 2.0, 2.0, 2.0, 2.5, 3.0, 3.5]","[0.0, 1.0, 1.4142135, 1.4142135, 1.7320508, 2.0, 2.0, 2.4494898, 2.4494898, 3.0]","[1.5, 1.5]","[0.0, 1.4142135]","[-2.0, -1.0]","[1.5, 1.5]","[0.0, 1.4142135]","[-2.0, -1.0]","[5.5, 6.0]","[5.477226, 6.0]","[3.5, 4.5]","[5.5, 6.0]","[5.477226, 6.0]","[3.5, 4.5]",0,2,0,0,0.0,0.0,0
80944,4,2,2,"[0.0, 0.0, 1.0, 1.0, 1.0, 1.5, 2.5, 4.0, 5.0, 6.5]","[0.0, 0.0, 0.0, 0.0, 0.0, 1.0, 1.0, 2.0, 4.8989797, 6.4807405]","[1.5, 1.5, 2.5, 3.5]","[0.0, 1.4142135, 1.4142135, 3.1622777]","[-4.5, -4.5, -4.0, -3.0]","[1.5, 1.5]","[1.4142135, 1.4142135]","[-4.5, -4.5]","[2.5, 6.5]","[0.0, 6.4807405]","[-3.0, 6.0]","[2.5, 6.5]","[0.0, 6.4807405]","[-3.0, 6.0]",0,2,0,0,0.0,0.0,0
86224,2,1,1,"[0.0, 1.0, 1.0, 1.0, 1.5, 2.0, 2.0, 2.0, 3.0, 4.5]","[0.0, 0.0, 0.0, 0.0, 0.0, 1.0, 2.0, 2.0, 2.236068, 2.828427]","[2.5, 2.5]","[2.0, 2.4494898]","[-3.5, -2.5]",[2.5],[2.4494898],[-3.5],[9.0],[9.0],[8.5],[9.0],[9.0],[8.5],0,1,0,0,0.0,0.0,0
673,11,2,1,"[0.0, 0.5, 1.5, 2.0, 2.0, 3.5, 3.5, 4.5, 7.0, 7.5]","[0.0, 0.0, 0.0, 0.0, 0.0, 1.7320508, 2.828427, 3.1622777, 6.708204, 7.483315]","[2.5, 2.5, 3.0, 3.0, 3.0, 3.0, 3.5, 3.5, 4.0, 4.0, 5.5]","[0.0, 0.0, 0.0, 2.0, 2.236068, 2.4494898, 2.4494898, 2.828427, 3.1622777, 3.8729835, 5.2915025]","[-5.5, -5.5, -5.5, -5.0, -4.0, -3.0, -2.5, -2.0, -2.0, -1.0, -1.0]","[2.5, 3.0]","[2.0, 2.828427]","[-5.5, -5.0]","[3.5, 5.5]","[0.0, 5.2915025]","[-1.0, -0.5]",[4.0],[0.0],[1.0],1,0,1,0,1.0,0.0,1
830,4,2,2,"[0.0, 0.5, 1.0, 1.0, 1.0, 1.5, 2.5, 4.0, 4.0, 5.5]","[0.0, 0.0, 0.0, 0.0, 0.0, 0.0, 0.0, 2.0, 3.4641016, 4.2426405]","[1.5, 2.5, 2.5, 2.5]","[0.0, 0.0, 2.0, 2.4494898]","[-6.0, -5.0, -3.0, -2.5]","[1.5, 2.5]","[0.0, 2.4494898]","[-5.0, -3.0]","[1.5, 5.5]","[0.0, 5.2915025]","[-0.5, 5.5]","[1.5, 5.5]","[0.0, 5.2915025]","[-0.5, 5.5]",0,2,0,0,0.0,0.0,1
406,4,2,2,"[0.5, 0.5, 1.0, 1.0, 1.0, 1.5, 1.5, 3.5, 4.5, 5.0]","[0.0, 0.0, 0.0, 0.0, 0.0, 0.0, 1.0, 2.828427, 3.0, 3.1622777]","[2.5, 3.0, 3.0, 4.0]","[0.0, 2.4494898, 2.828427, 3.8729835]","[-4.5, -4.5, -2.5, -2.5]","[2.5, 3.0]","[2.4494898, 2.828427]","[-4.5, -2.5]","[2.5, 4.0]","[0.0, 2.6457512]","[1.0, 3.5]","[2.5, 4.0]","[0.0, 2.6457512]","[1.0, 3.5]",0,2,0,0,0.0,0.0,1
887,4,3,2,"[0.5, 1.0, 1.0, 1.5, 1.5, 2.0, 2.5, 5.0, 6.0, 7.0]","[0.0, 0.0, 0.0, 1.0, 1.4142135, 1.4142135, 2.4494898, 5.0, 5.196152, 6.928203]","[1.5, 2.5, 3.5, 5.0]","[0.0, 0.0, 2.0, 4.8989797]","[-4.0, -3.0, -2.5, -2.0]","[1.5, 2.5, 3.5]","[0.0, 0.0, 2.0]","[-4.0, -3.0, -2.0]","[4.0, 4.5, 5.0]","[0.0, 3.4641016, 4.582576]","[-2.0, 1.0, 2.0]","[4.0, 4.0]","[3.4641016, 3.4641016]","[0.5, 2.0]",1,1,1,0,1.0,0.0,1
30352,2,1,1,"[0.5, 1.0, 1.0, 1.0, 1.5, 1.5, 2.0, 3.0, 3.5, 4.5]","[0.0, 0.0, 0.0, 0.0, 0.0, 0.0, 0.0, 0.0, 2.236068, 3.7416575]","[1.5, 3.0]","[0.0, 2.828427]","[-3.0, -2.0]",[1.5],[0.0],[-3.0],[6.5],[6.4807405],[5.5],[6.5],[6.4807405],[5.5],0,1,0,0,0.0,0.0,0
67230,6,3,3,"[0.0, 1.5, 2.0, 2.0, 2.0, 2.5, 3.0, 4.5, 5.0, 6.0]","[0.0, 0.0, 0.0, 0.0, 1.7320508, 2.4494898, 2.828427, 3.7416575, 4.0, 5.196152]","[2.0, 2.5, 2.5, 2.5, 3.0, 4.5]","[0.0, 1.7320508, 2.0, 2.4494898, 2.4494898, 3.7416575]","[-5.0, -4.0, -3.5, -3.0, -3.0, -1.5]","[2.0, 2.5, 4.5]","[1.7320508, 2.4494898, 3.7416575]","[-4.0, -3.0, -1.5]","[3.0, 3.5, 5.0]","[0.0, 0.0, 5.0]","[0.5, 1.5, 4.0]","[3.0, 3.5, 5.0]","[0.0, 0.0, 5.0]","[0.5, 1.5, 4.0]",0,3,0,0,0.0,0.0,0
64730,6,3,2,"[0.0, 0.0, 0.0, 1.5, 1.5, 1.5, 2.0, 3.5, 5.5, 7.0]","[0.0, 0.0, 0.0, 0.0, 0.0, 0.0, 1.4142135, 1.4142135, 4.8989797, 6.708204]","[1.0, 2.0, 3.0, 3.0, 5.5, 6.0]","[0.0, 1.7320508, 2.236068, 2.828427, 5.2915025, 5.656854]","[-3.5, -3.0, -3.0, -2.5, -2.0, -1.5]","[1.0, 2.0, 6.0]","[0.0, 1.7320508, 5.656854]","[-3.5, -3.0, -2.5]","[2.5, 4.5, 6.5]","[2.4494898, 4.2426405, 6.4807405]","[0.5, 2.0, 2.5]","[2.5, 7.0]","[2.4494898, 6.708204]","[2.5, 5.5]",1,1,1,0,1.0,0.0,0
222,2,1,1,"[0.0, 0.5, 0.5, 0.5, 1.0, 2.0, 3.0, 3.5, 4.0, 7.0]","[0.0, 0.0, 0.0, 0.0, 1.0, 2.0, 2.6457512, 2.828427, 3.4641016, 6.708204]","[2.5, 3.0]","[0.0, 0.0]","[-5.0, -4.0]",[2.5],[0.0],[-4.0],[4.0],[2.6457512],[0.0],[4.0],[2.6457512],[0.0],0,1,0,0,0.0,0.0,1
71569,3,2,2,"[0.0, 0.5, 0.5, 1.5, 2.0, 2.0, 2.0, 3.5, 4.0, 4.5]","[0.0, 0.0, 0.0, 0.0, 0.0, 0.0, 0.0, 1.4142135, 3.4641016, 3.7416575]","[2.5, 2.5, 3.5]","[0.0, 0.0, 2.4494898]","[-4.0, -2.0, -1.5]","[2.5, 2.5]","[0.0, 0.0]","[-4.0, -1.5]","[6.0, 8.5]","[5.656854, 8.485281]","[5.0, 7.5]","[6.0, 8.5]","[5.656854, 8.485281]","[5.0, 7.5]",0,2,0,0,0.0,0.0,0
69114,2,2,1,"[0.5, 0.5, 0.5, 1.0, 1.5, 2.0, 2.0, 3.0, 3.5, 6.0]","[0.0, 0.0, 0.0, 0.0, 0.0, 1.0, 1.4142135, 1.7320508, 2.828427, 6.0]","[2.5, 2.5]","[0.0, 0.0]","[-4.0, -1.0]","[2.5, 2.5]","[0.0, 0.0]","[-4.0, -1.0]","[5.0, 5.5]","[4.0, 5.2915025]","[2.0, 2.5]",[2.5],[2.4494898],[2.5],1,0,1,0,1.0,0.0,0
28850,4,3,3,"[0.0, 1.0, 1.0, 1.5, 1.5, 2.5, 4.5, 4.5, 4.5, 6.0]","[0.0, 0.0, 0.0, 0.0, 1.0, 1.4142135, 3.7416575, 4.2426405, 4.2426405, 5.91608]","[2.0, 2.5, 3.5, 4.0]","[0.0, 1.7320508, 3.4641016, 3.4641016]","[-3.5, -2.5, -2.5, -1.5]","[2.0, 2.5, 4.0]","[0.0, 1.7320508, 3.4641016]","[-3.5, -2.5, -1.5]","[1.5, 4.0, 5.0]","[0.0, 2.6457512, 3.0]","[0.0, 0.0, 3.0]","[1.5, 4.0, 5.0]","[0.0, 2.6457512, 3.0]","[0.0, 0.0, 3.0]",0,3,0,0,0.0,0.0,0
628,1,1,1,"[0.0, 0.0, 0.5, 0.5, 1.0, 1.5, 2.0, 2.5, 3.0, 5.5]","[0.0, 0.0, 0.0, 0.0, 1.0, 1.4142135, 1.7320508, 2.0, 2.236068, 4.2426405]",[5.5],[4.8989797],[-1.5],[5.5],[4.8989797],[-1.5],[2.0],[0.0],[0.5],[2.0],[0.0],[0.5],0,1,0,0,0.0,0.0,1
28766,7,3,2,"[0.5, 0.5, 0.5, 3.0, 3.0, 3.5, 3.5, 5.0, 5.0, 5.5]","[0.0, 0.0, 0.0, 0.0, 0.0, 2.4494898, 3.4641016, 4.0, 4.8989797, 4.8989797]","[0.5, 1.5, 2.5, 2.5, 2.5, 3.0, 5.0]","[0.0, 0.0, 1.4142135, 2.0, 2.236068, 2.4494898, 4.8989797]","[-4.5, -3.5, -3.5, -3.0, -2.5, -2.0, -2.0]","[0.5, 2.5, 3.0]","[0.0, 2.0, 2.236068]","[-4.5, -3.5, -3.0]","[1.5, 3.5, 6.0]","[1.4142135, 3.4641016, 5.91608]","[0.5, 1.0, 1.5]","[1.5, 2.5]","[0.0, 1.4142135]","[0.5, 0.5]",1,1,1,0,1.0,0.0,0
29691,6,2,1,"[0.0, 0.0, 0.5, 1.0, 1.0, 1.5, 2.0, 5.0, 6.0, 8.0]","[0.0, 0.0, 0.0, 0.0, 0.0, 1.0, 1.4142135, 4.8989797, 5.91608, 7.937254]","[1.0, 2.0, 2.5, 3.0, 3.5, 5.0]","[0.0, 1.0, 1.7320508, 2.236068, 3.4641016, 4.582576]","[-4.5, -3.5, -3.5, -2.5, -2.5, -2.5]","[1.0, 2.5]","[0.0, 1.0]","[-4.5, -2.5]","[1.0, 5.0]","[0.0, 4.582576]","[-2.5, -2.5]",[4.0],[0.0],[1.0],1,0,1,0,1.0,0.0,0
13676,6,3,2,"[0.0, 1.0, 1.0, 1.5, 2.5, 2.5, 3.0, 4.5, 4.5, 7.0]","[0.0, 0.0, 0.0, 0.0, 0.0, 1.0, 2.0, 2.0, 3.7416575, 6.928203]","[1.5, 2.0, 2.0, 3.0, 4.0, 4.5]","[0.0, 0.0, 1.7320508, 2.828427, 3.4641016, 4.2426405]","[-5.5, -4.5, -3.0, -2.5, -2.5, -2.0]","[1.5, 2.0, 3.0]","[0.0, 0.0, 2.828427]","[-5.5, -4.5, -2.5]","[2.5, 3.5, 7.0]","[2.0, 3.1622777, 6.928203]","[-1.5, 0.0, 5.5]","[7.0, 7.0]","[6.928203, 7.0]","[5.5, 6.5]",1,1,1,0,1.0,0.0,0
68681,3,2,2,"[0.0, 0.0, 1.5, 1.5, 2.0, 2.5, 2.5, 3.5, 4.0, 4.0]","[0.0, 0.0, 0.0, 0.0, 0.0, 0.0, 0.0, 1.4142135, 2.0, 2.6457512]","[2.5, 2.5, 3.0]","[0.0, 0.0, 2.4494898]","[-4.5, -3.0, -2.5]","[2.5, 2.5]","[0.0, 2.4494898]","[-3.0, -2.5]","[5.5, 5.5]","[4.8989797, 5.2915025]","[5.0, 5.0]","[5.5, 5.5]","[4.8989797, 5.2915025]","[5.0, 5.0]",0,2,0,0,0.0,0.0,0
91024,5,3,1,"[0.5, 0.5, 0.5, 1.0, 1.5, 1.5, 3.0, 4.0, 4.5, 8.0]","[0.0, 0.0, 0.0, 0.0, 0.0, 0.0, 0.0, 3.0, 4.472136, 7.937254]","[1.5, 2.0, 2.5, 3.5, 7.5]","[0.0, 0.0, 2.4494898, 2.4494898, 7.483315]","[-4.5, -3.5, -3.0, -2.5, -1.0]","[1.5, 2.0, 2.5]","[0.0, 0.0, 2.4494898]","[-4.5, -3.5, -3.0]","[1.5, 2.0, 5.0]","[0.0, 0.0, 4.582576]","[-4.5, -3.0, 2.5]",[5.0],[4.582576],[2.5],2,1,0,1,0.0,2.0,0
52318,7,4,2,"[0.5, 0.5, 1.0, 1.0, 2.0, 3.0, 3.0, 4.0, 5.0, 7.5]","[0.0, 0.0, 0.0, 0.0, 0.0, 1.0, 2.828427, 3.0, 5.0, 7.3484693]","[0.5, 1.5, 2.0, 2.5, 3.0, 3.0, 5.0]","[0.0, 0.0, 0.0, 0.0, 0.0, 2.4494898, 5.0]","[-6.5, -3.0, -2.5, -2.5, -2.5, -2.0, -1.5]","[0.5, 1.5, 2.0, 2.5]","[0.0, 0.0, 0.0, 2.4494898]","[-6.5, -3.0, -2.5, -1.5]","[5.5, 5.5, 6.0, 8.0]","[5.196152, 5.2915025, 5.477226, 7.937254]","[0.0, 3.5, 3.5, 3.5]","[5.5, 6.5]","[5.477226, 6.3245554]","[3.5, 6.5]",2,1,1,0,2.0,0.0,0
63708,9,3,2,"[0.0, 0.5, 1.0, 1.5, 1.5, 2.0, 2.5, 4.0, 5.0, 7.5]","[0.0, 0.0, 0.0, 0.0, 0.0, 0.0, 1.4142135, 2.0, 4.8989797, 7.3484693]","[0.5, 1.5, 2.0, 2.5, 3.0, 3.5, 4.0, 4.0, 4.5]","[0.0, 0.0, 2.0, 2.0, 2.4494898, 2.6457512, 2.6457512, 3.0, 4.472136]","[-4.5, -4.0, -3.5, -3.5, -3.0, -2.5, -2.0, -2.0, -1.5]","[0.5, 1.5, 3.0]","[0.0, 0.0, 3.0]","[-3.5, -3.5, -2.0]","[1.5, 2.0, 8.0]","[1.4142135, 1.7320508, 8.0]","[-2.5, -0.5, 5.0]","[1.5, 6.0]","[1.4142135, 5.91608]","[-0.5, 6.0]",1,1,1,0,1.0,0.0,0
31518,5,4,2,"[0.0, 1.5, 1.5, 1.5, 2.5, 3.0, 3.5, 4.5, 5.5, 6.5]","[0.0, 0.0, 0.0, 0.0, 1.4142135, 1.4142135, 2.236068, 2.828427, 4.8989797, 6.3245554]","[1.0, 1.5, 2.5, 3.0, 4.0]","[0.0, 0.0, 1.4142135, 2.6457512, 3.0]","[-6.5, -5.0, -2.5, -2.0, -1.0]","[1.0, 1.5, 2.5, 4.0]","[0.0, 0.0, 1.4142135, 2.6457512]","[-6.5, -2.5, -2.0, -1.0]","[2.5, 3.0, 3.0, 5.5]","[0.0, 2.828427, 3.0, 5.2915025]","[-5.0, -1.0, 1.5, 3.0]","[2.5, 3.5]","[0.0, 3.4641016]","[1.0, 1.5]",2,1,1,0,2.0,0.0,0
78372,5,2,2,"[0.0, 0.0, 1.5, 2.0, 2.5, 2.5, 4.5, 5.5, 5.5, 6.0]","[0.0, 0.0, 0.0, 0.0, 2.0, 2.4494898, 2.828427, 4.8989797, 5.2915025, 5.91608]","[1.5, 2.0, 3.0, 3.0, 5.0]","[0.0, 0.0, 1.7320508, 2.828427, 5.0]","[-4.5, -4.5, -2.0, -2.0, -1.5]","[1.5, 2.0]","[0.0, 1.7320508]","[-4.5, -2.0]","[6.0, 6.0]","[5.656854, 5.91608]","[2.0, 5.5]","[6.0, 6.0]","[5.656854, 5.91608]","[2.0, 5.5]",0,2,0,0,0.0,0.0,0
46966,6,3,1,"[0.5, 1.0, 1.5, 1.5, 1.5, 2.5, 4.0, 4.0, 5.0, 7.5]","[0.0, 0.0, 0.0, 0.0, 1.0, 1.4142135, 2.0, 3.0, 3.4641016, 7.3484693]","[1.0, 2.0, 2.5, 3.5, 4.0, 5.0]","[0.0, 2.0, 2.0, 2.4494898, 4.0, 4.582576]","[-6.5, -4.0, -3.5, -3.5, -2.5, -2.0]","[1.0, 2.0, 2.5]","[0.0, 2.0, 2.0]","[-6.5, -4.0, -2.5]","[1.0, 2.5, 6.0]","[0.0, 2.0, 5.656854]","[-4.0, -2.5, 5.5]",[6.0],[5.656854],[5.5],2,1,0,1,0.0,2.0,0
563,4,2,2,"[0.5, 1.0, 1.0, 1.0, 2.5, 3.0, 5.5, 5.5, 6.5, 6.5]","[0.0, 0.0, 0.0, 0.0, 2.0, 2.828427, 4.8989797, 5.477226, 6.3245554, 6.4807405]","[3.0, 3.5, 3.5, 4.5]","[2.236068, 3.4641016, 3.4641016, 3.7416575]","[-3.0, -3.0, -2.0, -1.5]","[3.0, 3.5]","[2.236068, 3.4641016]","[-3.0, -2.0]","[4.5, 5.5]","[0.0, 5.2915025]","[0.0, 0.5]","[4.5, 5.5]","[0.0, 5.2915025]","[0.0, 0.5]",0,2,0,0,0.0,0.0,1
690,9,4,2,"[0.5, 0.5, 1.0, 1.5, 3.0, 3.0, 3.5, 3.5, 6.5, 7.0]","[0.0, 0.0, 0.0, 0.0, 0.0, 2.236068, 2.828427, 3.4641016, 6.4807405, 6.928203]","[1.0, 1.5, 1.5, 1.5, 2.0, 2.0, 3.0, 3.5, 4.5]","[0.0, 0.0, 0.0, 0.0, 1.0, 1.4142135, 2.828427, 3.1622777, 3.7416575]","[-4.5, -4.0, -4.0, -3.5, -2.0, -2.0, -2.0, -1.5, -1.0]","[1.0, 1.5, 1.5, 2.0]","[0.0, 0.0, 1.0, 1.4142135]","[-4.5, -4.0, -3.5, -2.0]","[2.0, 2.5, 4.0, 7.5]","[0.0, 2.4494898, 2.6457512, 7.3484693]","[-1.5, 0.0, 0.5, 2.0]","[2.5, 4.0]","[0.0, 2.4494898]","[-1.5, 3.0]",2,1,1,0,2.0,0.0,1
596,7,2,2,"[0.5, 1.0, 1.5, 2.0, 2.0, 2.5, 4.5, 5.0, 6.0, 7.0]","[0.0, 0.0, 0.0, 0.0, 1.4142135, 1.7320508, 2.828427, 3.0, 5.656854, 6.708204]","[1.0, 2.0, 3.0, 3.0, 3.0, 4.5, 6.0]","[0.0, 0.0, 2.0, 2.236068, 3.0, 4.2426405, 5.656854]","[-5.5, -5.5, -4.5, -4.5, -3.0, -2.0, -1.0]","[1.0, 2.0]","[0.0, 2.0]","[-4.5, -4.5]","[2.0, 2.5]","[0.0, 2.0]","[-2.5, -0.5]","[2.0, 2.5]","[0.0, 2.0]","[-2.5, -0.5]",0,2,0,0,0.0,0.0,1
617,2,2,1,"[0.0, 0.5, 2.0, 2.0, 2.5, 3.0, 4.0, 4.0, 5.0, 6.0]","[0.0, 0.0, 1.7320508, 1.7320508, 2.4494898, 2.6457512, 2.6457512, 2.828427, 5.0, 5.656854]","[1.5, 3.5]","[0.0, 2.4494898]","[-3.0, -1.0]","[1.5, 3.5]","[0.0, 2.4494898]","[-3.0, -1.0]","[4.0, 4.5]","[0.0, 0.0]","[-3.0, -0.5]",[6.0],[5.196152],[0.0],1,0,1,0,1.0,0.0,1
73763,7,3,2,"[0.5, 0.5, 1.0, 1.5, 2.0, 2.5, 4.0, 4.0, 5.5, 7.0]","[0.0, 0.0, 0.0, 0.0, 0.0, 0.0, 2.0, 3.4641016, 4.2426405, 6.928203]","[1.5, 1.5, 2.0, 2.0, 3.5, 4.5, 5.0]","[0.0, 0.0, 1.4142135, 2.0, 3.4641016, 4.472136, 4.582576]","[-7.0, -4.5, -3.5, -3.0, -2.5, -2.0, -1.5]","[1.5, 1.5, 2.0]","[0.0, 0.0, 1.4142135]","[-7.0, -2.5, -2.0]","[1.5, 3.0, 3.5]","[1.4142135, 2.236068, 3.1622777]","[-2.5, 0.5, 2.0]","[3.0, 4.5]","[2.236068, 3.7416575]","[2.0, 4.5]",1,1,1,0,1.0,0.0,0
84342,7,2,1,"[0.0, 0.0, 1.0, 1.0, 2.0, 2.5, 4.0, 5.5, 6.0, 8.5]","[0.0, 0.0, 0.0, 0.0, 1.0, 2.0, 3.4641016, 5.477226, 5.91608, 8.485281]","[1.5, 2.0, 2.0, 2.5, 3.0, 3.5, 4.0]","[0.0, 1.4142135, 1.7320508, 2.236068, 2.4494898, 3.4641016, 3.4641016]","[-5.5, -4.0, -3.0, -2.5, -2.5, -2.0, -1.5]","[2.5, 3.5]","[2.4494898, 3.4641016]","[-5.5, -2.0]","[4.0, 8.0]","[3.8729835, 7.937254]","[-0.5, 1.5]",[5.5],[5.2915025],[0.5],1,0,1,0,1.0,0.0,0
26302,4,3,2,"[0.0, 0.5, 1.0, 1.5, 1.5, 2.0, 2.5, 3.5, 5.0, 7.0]","[0.0, 0.0, 0.0, 0.0, 0.0, 1.0, 1.4142135, 3.1622777, 4.8989797, 7.0]","[1.5, 1.5, 2.5, 3.5]","[0.0, 0.0, 2.4494898, 3.4641016]","[-4.0, -2.5, -2.5, -2.0]","[1.5, 1.5, 2.5]","[0.0, 0.0, 2.4494898]","[-4.0, -2.5, -2.5]","[4.0, 5.0, 5.5]","[0.0, 3.0, 5.477226]","[-2.5, 1.5, 4.0]","[4.5, 5.0]","[0.0, 3.0]","[1.0, 4.0]",1,1,1,0,1.0,0.0,0
15550,6,4,1,"[0.0, 0.0, 1.0, 1.5, 1.5, 1.5, 3.0, 5.0, 7.0, 7.5]","[0.0, 0.0, 0.0, 0.0, 0.0, 1.4142135, 1.4142135, 3.0, 6.708204, 7.483315]","[1.5, 1.5, 2.0, 2.0, 3.0, 3.5]","[0.0, 0.0, 0.0, 0.0, 1.7320508, 3.0]","[-6.0, -4.5, -3.5, -2.0, -2.0, -1.5]","[1.5, 1.5, 2.0, 3.0]","[0.0, 0.0, 1.7320508, 3.0]","[-6.0, -4.5, -3.5, -2.0]","[0.5, 4.0, 5.5, 5.5]","[0.0, 3.8729835, 4.2426405, 5.477226]","[-3.0, -3.0, 1.0, 1.0]",[8.0],[7.937254],[8.0],3,0,1,0,3.0,0.0,0
30631,11,3,2,"[0.0, 0.5, 0.5, 1.5, 2.5, 4.0, 4.5, 6.0, 7.0, 8.0]","[0.0, 0.0, 0.0, 0.0, 2.4494898, 3.7416575, 4.0, 5.656854, 6.708204, 7.937254]","[1.0, 1.0, 2.0, 2.0, 2.5, 2.5, 2.5, 3.0, 3.5, 4.5, 7.5]","[0.0, 0.0, 1.0, 1.7320508, 1.7320508, 2.0, 2.4494898, 2.4494898, 2.828427, 4.472136, 7.483315]","[-6.5, -6.0, -5.5, -4.5, -4.0, -3.0, -3.0, -1.5, -1.5, -1.0, -1.0]","[1.0, 1.0, 2.5]","[0.0, 1.0, 2.0]","[-6.5, -5.5, -1.0]","[2.0, 5.0, 6.0]","[1.7320508, 4.0, 5.91608]","[-6.0, -1.5, 1.5]","[5.0, 7.5]","[4.0, 7.483315]","[-1.5, 2.0]",1,1,1,0,1.0,0.0,0
3,5,3,1,"[0.0, 0.0, 0.5, 1.0, 1.0, 3.5, 5.0, 5.5, 6.0, 8.0]","[0.0, 0.0, 0.0, 0.0, 1.0, 3.1622777, 4.582576, 5.2915025, 5.91608, 8.0]","[1.5, 2.0, 2.5, 4.0, 4.0]","[0.0, 1.7320508, 2.4494898, 3.4641016, 4.0]","[-5.5, -3.5, -3.5, -3.5, -2.0]","[1.5, 2.0, 2.5]","[0.0, 1.7320508, 2.4494898]","[-5.5, -3.5, -3.5]","[4.5, 5.5, 5.5]","[0.0, 4.2426405, 4.2426405]","[-2.0, -1.0, 0.5]",[4.5],[3.7416575],[0.5],2,0,1,0,2.0,0.0,1
63135,5,4,3,"[0.0, 0.5, 0.5, 1.5, 1.5, 2.5, 3.0, 4.0, 6.5, 7.0]","[0.0, 0.0, 0.0, 0.0, 0.0, 0.0, 1.4142135, 2.0, 6.4807405, 6.928203]","[0.5, 1.5, 2.5, 4.5, 4.5]","[0.0, 0.0, 2.4494898, 4.2426405, 4.472136]","[-3.5, -3.0, -2.5, -2.5, -2.0]","[0.5, 1.5, 2.5, 4.5]","[0.0, 0.0, 2.4494898, 4.472136]","[-3.5, -3.0, -2.5, -2.5]","[1.0, 2.5, 4.0, 6.5]","[1.0, 2.4494898, 3.8729835, 6.3245554]","[-1.5, -0.5, 1.0, 3.5]","[1.0, 2.5, 8.0]","[1.0, 2.4494898, 8.0]","[-1.5, 1.0, 7.5]",1,2,1,0,1.0,0.0,0
93049,4,1,1,"[0.5, 2.0, 2.0, 2.5, 3.0, 3.5, 3.5, 4.0, 4.5, 8.0]","[0.0, 0.0, 0.0, 0.0, 1.7320508, 1.7320508, 2.4494898, 2.4494898, 2.828427, 7.937254]","[3.0, 3.5, 4.0, 5.0]","[2.236068, 3.4641016, 3.4641016, 4.582576]","[-4.0, -3.0, -2.5, -2.0]",[3.5],[3.4641016],[-4.0],[3.0],[0.0],[-2.0],[3.0],[0.0],[-2.0],0,1,0,0,0.0,0.0,0
22,8,4,0,"[0.0, 0.0, 0.5, 1.0, 1.0, 1.5, 4.5, 5.0, 6.5, 7.5]","[0.0, 0.0, 0.0, 1.0, 1.0, 1.4142135, 2.828427, 4.8989797, 6.3245554, 7.3484693]","[0.5, 2.0, 2.5, 3.0, 4.0, 4.0, 4.0, 7.5]","[0.0, 0.0, 0.0, 2.0, 2.6457512, 3.4641016, 3.8729835, 7.483315]","[-4.5, -3.0, -3.0, -3.0, -2.5, -1.5, -1.5, -1.0]","[0.5, 2.5, 3.0, 4.0]","[0.0, 0.0, 2.0, 2.6457512]","[-4.5, -3.0, -3.0, -3.0]","[4.0, 6.0, 6.5, 7.5]","[3.8729835, 5.656854, 6.3245554, 7.483315]","[-1.5, -1.0, 0.0, 3.0]",[],[],[],4,0,0,1,0.0,4.0,1
782,2,1,1,"[0.5, 0.5, 0.5, 1.0, 1.5, 1.5, 2.5, 3.5, 4.0, 6.0]","[0.0, 0.0, 0.0, 0.0, 1.4142135, 1.4142135, 2.4494898, 3.4641016, 3.8729835, 5.656854]","[1.0, 5.5]","[0.0, 5.2915025]","[-4.5, -1.0]",[1.0],[0.0],[-4.5],[4.5],[3.7416575],[0.5],[4.5],[3.7416575],[0.5],0,1,0,0,0.0,0.0,1
511,10,4,1,"[0.0, 0.5, 1.5, 1.5, 2.5, 3.0, 3.5, 4.5, 8.0, 8.5]","[0.0, 0.0, 0.0, 0.0, 0.0, 2.236068, 2.4494898, 3.7416575, 7.937254, 8.485281]","[1.0, 1.5, 2.0, 3.0, 3.0, 3.5, 3.5, 3.5, 4.0, 4.5]","[0.0, 0.0, 1.4142135, 1.7320508, 2.4494898, 2.4494898, 2.6457512, 2.828427, 2.828427, 4.2426405]","[-6.5, -5.0, -4.0, -4.0, -4.0, -3.0, -2.5, -2.0, -1.5, -1.5]","[1.5, 2.0, 4.0, 4.5]","[1.4142135, 1.7320508, 2.6457512, 4.2426405]","[-6.5, -3.0, -2.5, -2.0]","[3.5, 4.0, 4.5, 5.0]","[0.0, 0.0, 2.6457512, 4.8989797]","[-3.5, -1.5, -1.0, 3.0]",[4.0],[2.6457512],[3.0],3,1,0,1,0.0,3.0,1
468,10,3,2,"[0.5, 1.5, 2.0, 3.0, 3.5, 3.5, 4.0, 4.5, 5.5, 8.0]","[0.0, 0.0, 0.0, 1.7320508, 2.4494898, 3.0, 3.8729835, 4.2426405, 4.8989797, 8.0]","[0.5, 0.5, 1.0, 1.5, 2.5, 3.0, 3.5, 4.0, 4.5, 4.5]","[0.0, 0.0, 0.0, 0.0, 1.4142135, 2.0, 2.828427, 3.4641016, 4.2426405, 4.2426405]","[-5.5, -4.5, -4.5, -4.0, -3.5, -3.0, -3.0, -2.0, -2.0, -1.5]","[0.5, 0.5, 3.0]","[0.0, 0.0, 2.828427]","[-4.5, -3.5, -1.5]","[2.5, 4.5, 5.5]","[2.0, 4.472136, 5.477226]","[-0.5, 1.5, 3.0]","[1.5, 2.5]","[1.4142135, 2.0]","[-0.5, 1.5]",1,1,1,0,1.0,0.0,1
446,7,4,2,"[1.0, 1.0, 1.0, 2.0, 2.0, 2.0, 2.0, 6.0, 6.0, 6.5]","[0.0, 0.0, 0.0, 1.0, 1.0, 1.7320508, 2.0, 5.196152, 5.196152, 6.4807405]","[1.0, 1.0, 1.5, 2.5, 3.5, 3.5, 4.5]","[0.0, 0.0, 0.0, 0.0, 2.4494898, 2.828427, 3.1622777]","[-5.0, -4.5, -4.0, -3.5, -2.5, -2.0, -1.0]","[1.0, 1.0, 1.5, 3.5]","[0.0, 0.0, 0.0, 2.4494898]","[-5.0, -3.5, -2.0, -1.0]","[4.0, 4.5, 5.5, 7.0]","[2.828427, 3.8729835, 5.2915025, 6.928203]","[-3.5, 0.5, 1.0, 5.5]","[1.5, 5.5]","[0.0, 5.2915025]","[1.0, 1.0]",2,0,2,0,1.0,0.0,1
83460,10,5,2,"[0.5, 0.5, 1.0, 1.5, 3.0, 3.0, 4.5, 4.5, 6.0, 7.5]","[0.0, 0.0, 0.0, 0.0, 0.0, 0.0, 3.7416575, 4.472136, 6.0, 7.3484693]","[1.5, 1.5, 2.5, 2.5, 2.5, 3.0, 3.0, 3.5, 4.0, 5.0]","[0.0, 1.4142135, 1.4142135, 2.236068, 2.236068, 2.4494898, 2.4494898, 3.4641016, 3.8729835, 4.8989797]","[-5.0, -4.5, -4.0, -3.5, -3.0, -3.0, -2.5, -2.5, -2.0, -2.0]","[1.5, 2.5, 2.5, 3.0, 3.0]","[0.0, 1.4142135, 2.236068, 2.236068, 2.4494898]","[-4.5, -3.5, -3.0, -3.0, -2.5]","[3.5, 5.0, 6.0, 7.0, 7.5]","[3.4641016, 4.582576, 5.91608, 7.0, 7.483315]","[0.5, 0.5, 2.0, 2.5, 4.5]","[6.0, 6.5]","[5.196152, 6.4807405]","[5.0, 6.5]",3,0,2,0,1.5,0.0,0
43478,3,2,2,"[0.0, 0.0, 0.5, 1.5, 2.0, 2.5, 3.5, 4.0, 4.5, 5.0]","[0.0, 0.0, 0.0, 0.0, 0.0, 2.4494898, 2.4494898, 2.6457512, 2.828427, 4.8989797]","[2.0, 2.5, 4.0]","[0.0, 1.7320508, 3.8729835]","[-3.5, -2.5, -1.5]","[2.0, 4.0]","[1.7320508, 3.8729835]","[-2.5, -1.5]","[6.5, 8.0]","[6.0, 7.937254]","[3.5, 7.0]","[6.5, 8.0]","[6.0, 7.937254]","[3.5, 7.0]",0,2,0,0,0.0,0.0,0
1025,8,3,3,"[0.0, 2.5, 2.5, 3.0, 3.0, 4.0, 4.5, 4.5, 5.0, 7.0]","[0.0, 0.0, 0.0, 0.0, 2.236068, 2.4494898, 2.828427, 4.472136, 4.582576, 6.708204]","[0.5, 2.0, 2.5, 3.0, 3.5, 4.0, 4.5, 5.5]","[0.0, 2.0, 2.236068, 2.4494898, 2.6457512, 3.4641016, 4.2426405, 4.8989797]","[-5.0, -5.0, -5.0, -3.5, -3.0, -3.0, -2.0, -1.0]","[0.5, 2.0, 3.5]","[0.0, 2.0, 3.4641016]","[-5.0, -5.0, -2.0]","[1.5, 5.5, 7.0]","[1.4142135, 5.477226, 7.0]","[-0.5, 1.5, 4.0]","[1.5, 5.5, 7.0]","[1.4142135, 5.477226, 7.0]","[-0.5, 1.5, 4.0]",0,3,0,0,0.0,0.0,1
42297,2,2,2,"[0.5, 0.5, 1.0, 1.0, 1.5, 2.5, 2.5, 3.0, 3.5, 5.5]","[0.0, 0.0, 0.0, 0.0, 0.0, 0.0, 1.0, 2.4494898, 2.4494898, 4.2426405]","[1.5, 2.0]","[1.4142135, 2.0]","[-6.0, -1.5]","[1.5, 2.0]","[1.4142135, 2.0]","[-6.0, -1.5]","[5.5, 7.5]","[5.2915025, 7.3484693]","[3.5, 6.5]","[5.5, 7.5]","[5.2915025, 7.3484693]","[3.5, 6.5]",0,2,0,0,0.0,0.0,0
848,4,2,2,"[0.5, 1.0, 1.0, 1.0, 1.5, 2.0, 2.5, 2.5, 3.0, 7.5]","[0.0, 0.0, 0.0, 0.0, 0.0, 0.0, 1.0, 2.4494898, 2.4494898, 7.483315]","[1.0, 2.5, 3.0, 3.5]","[0.0, 2.236068, 2.4494898, 2.4494898]","[-4.5, -3.0, -1.5, -1.5]","[1.0, 2.5]","[0.0, 2.4494898]","[-4.5, -1.5]","[4.0, 7.0]","[3.4641016, 6.928203]","[0.5, 6.5]","[4.0, 7.0]","[3.4641016, 6.928203]","[0.5, 6.5]",0,2,0,0,0.0,0.0,1
334,8,2,2,"[0.0, 0.5, 1.0, 1.0, 1.5, 1.5, 4.5, 4.5, 5.0, 9.0]","[0.0, 0.0, 0.0, 0.0, 0.0, 1.0, 2.828427, 3.0, 3.7416575, 9.0]","[1.0, 2.5, 2.5, 3.0, 3.5, 3.5, 4.0, 5.0]","[0.0, 0.0, 0.0, 0.0, 2.0, 2.0, 2.4494898, 4.8989797]","[-7.5, -5.5, -5.5, -4.0, -3.0, -2.0, -1.5, -1.0]","[2.5, 3.0]","[0.0, 2.0]","[-5.5, -5.5]","[6.0, 6.5]","[5.656854, 6.3245554]","[1.5, 4.5]","[6.0, 6.5]","[5.656854, 6.3245554]","[1.5, 4.5]",0,2,0,0,0.0,0.0,1
12612,10,4,1,"[0.0, 1.0, 1.5, 1.5, 3.0, 3.0, 4.0, 5.0, 5.5, 7.0]","[0.0, 0.0, 0.0, 1.4142135, 2.828427, 3.0, 3.8729835, 4.8989797, 4.8989797, 6.708204]","[1.0, 1.0, 1.0, 1.5, 2.5, 2.5, 2.5, 3.5, 3.5, 4.0]","[0.0, 0.0, 0.0, 0.0, 1.0, 1.0, 2.4494898, 2.4494898, 2.4494898, 3.4641016]","[-5.0, -4.0, -4.0, -3.5, -3.0, -3.0, -3.0, -2.0, -2.0, -1.0]","[1.0, 1.0, 1.0, 1.5]","[0.0, 0.0, 1.0, 1.0]","[-5.0, -4.0, -3.5, -1.0]","[1.5, 2.5, 5.0, 5.5]","[1.4142135, 2.4494898, 4.582576, 5.477226]","[-4.0, -0.5, 1.0, 2.0]",[5.0],[4.0],[1.0],3,0,1,0,3.0,0.0,0
1005,4,2,1,"[0.0, 0.5, 1.0, 1.0, 1.5, 3.5, 4.0, 5.0, 5.5, 7.0]","[0.0, 0.0, 0.0, 0.0, 0.0, 1.4142135, 3.1622777, 4.582576, 5.477226, 6.708204]","[1.5, 2.0, 2.5, 4.5]","[0.0, 1.4142135, 2.4494898, 3.7416575]","[-5.5, -4.0, -3.5, -2.0]","[1.5, 2.5]","[1.4142135, 2.4494898]","[-3.5, -2.0]","[4.0, 8.5]","[0.0, 8.485281]","[0.0, 2.5]",[5.5],[4.2426405],[1.0],1,0,1,0,1.0,0.0,1
455,18,4,1,"[0.0, 1.5, 1.5, 2.0, 2.5, 6.0, 6.0, 6.5, 7.5, 9.0]","[0.0, 0.0, 0.0, 1.4142135, 1.7320508, 5.656854, 5.91608, 6.4807405, 7.483315, 9.0]","[1.0, 1.5, 2.0, 2.5, 2.5, 2.5, 3.0, 3.0, 3.0, 3.5, 3.5, 3.5, 3.5, 3.5, 4.0, 4.5, 4.5, 6.0]","[0.0, 0.0, 1.4142135, 1.7320508, 2.0, 2.0, 2.4494898, 2.4494898, 2.4494898, 2.4494898, 2.828427, 3.0, 3.0, 3.0, 3.1622777, 4.0, 4.472136, 5.656854]","[-6.0, -5.5, -5.5, -5.0, -5.0, -4.5, -4.0, -4.0, -3.5, -3.5, -3.0, -3.0, -3.0, -2.5, -2.0, -2.0, -2.0, -1.5]","[1.0, 2.0, 3.0, 3.5]","[0.0, 1.7320508, 2.4494898, 3.0]","[-5.5, -5.0, -5.0, -4.5]","[3.5, 4.0, 4.5, 7.5]","[2.4494898, 4.0, 4.472136, 7.483315]","[-4.0, -3.0, -1.0, -0.5]",[3.5],[3.1622777],[-2.0],3,0,1,0,3.0,0.0,1
240,6,3,3,"[0.0, 2.0, 2.0, 2.0, 2.5, 2.5, 3.0, 4.0, 4.5, 6.5]","[0.0, 1.7320508, 2.0, 2.0, 2.0, 2.0, 2.6457512, 2.828427, 4.2426405, 6.4807405]","[1.0, 1.5, 2.0, 2.5, 3.0, 4.5]","[0.0, 0.0, 1.0, 2.4494898, 3.0, 4.472136]","[-4.5, -3.5, -3.0, -2.0, -2.0, -1.0]","[1.0, 1.5, 2.5]","[0.0, 1.0, 2.4494898]","[-3.5, -3.0, -1.0]","[3.5, 4.0, 6.0]","[2.4494898, 3.8729835, 6.0]","[0.5, 2.0, 3.0]","[3.5, 4.0, 6.0]","[2.4494898, 3.8729835, 6.0]","[0.5, 2.0, 3.0]",0,3,0,0,0.0,0.0,1
986,4,2,2,"[0.0, 0.5, 1.0, 1.5, 1.5, 2.5, 4.0, 5.0, 5.0, 6.5]","[0.0, 0.0, 0.0, 0.0, 1.4142135, 2.0, 3.0, 3.4641016, 4.8989797, 6.0]","[1.0, 2.0, 2.0, 4.0]","[0.0, 1.7320508, 1.7320508, 3.8729835]","[-5.0, -3.0, -2.5, -2.0]","[2.0, 4.0]","[1.7320508, 3.8729835]","[-5.0, -2.0]","[2.5, 3.0]","[0.0, 2.828427]","[-0.5, 0.0]","[2.5, 3.0]","[0.0, 2.828427]","[-0.5, 0.0]",0,2,0,0,0.0,0.0,1
65527,6,3,2,"[0.5, 1.0, 1.0, 1.0, 2.0, 2.0, 4.5, 5.0, 6.0, 7.0]","[0.0, 0.0, 1.0, 1.0, 1.7320508, 2.0, 4.2426405, 4.8989797, 5.656854, 7.0]","[1.0, 2.0, 2.0, 3.0, 3.0, 4.5]","[0.0, 0.0, 0.0, 1.7320508, 2.236068, 4.472136]","[-4.5, -2.5, -2.0, -2.0, -2.0, -1.0]","[1.0, 2.0, 2.0]","[0.0, 0.0, 1.7320508]","[-2.5, -2.0, -2.0]","[3.0, 5.5, 7.5]","[0.0, 5.477226, 7.3484693]","[-1.0, 1.0, 4.0]","[4.5, 7.5]","[4.2426405, 7.3484693]","[3.0, 4.0]",1,1,1,0,1.0,0.0,0
281,2,1,1,"[0.0, 0.0, 0.0, 0.5, 1.5, 3.0, 3.5, 4.5, 4.5, 5.0]","[0.0, 0.0, 0.0, 0.0, 0.0, 1.4142135, 2.4494898, 4.2426405, 4.472136, 5.0]","[1.5, 3.5]","[0.0, 3.4641016]","[-1.5, -1.0]",[1.5],[0.0],[-1.5],[2.5],[2.4494898],[-1.0],[2.5],[2.4494898],[-1.0],0,1,0,0,0.0,0.0,1
68370,7,4,2,"[0.5, 1.5, 2.0, 2.0, 3.0, 3.5, 4.0, 4.0, 7.0, 8.0]","[0.0, 0.0, 0.0, 0.0, 1.7320508, 2.4494898, 2.828427, 4.0, 6.708204, 7.937254]","[1.5, 2.0, 2.5, 3.0, 3.5, 4.0, 4.5]","[0.0, 0.0, 0.0, 0.0, 2.0, 2.0, 4.472136]","[-5.5, -4.0, -3.0, -2.0, -2.0, -1.5, -1.0]","[1.5, 2.0, 2.5, 4.5]","[0.0, 2.0, 2.0, 4.472136]","[-4.0, -3.0, -2.0, -1.0]","[2.0, 2.5, 3.5, 4.5]","[0.0, 0.0, 2.4494898, 2.828427]","[-2.0, -1.5, 0.0, 1.5]","[2.0, 5.5]","[0.0, 5.477226]","[-1.5, 1.5]",2,1,1,0,2.0,0.0,0
799,6,1,1,"[0.0, 0.5, 1.0, 1.5, 1.5, 2.5, 3.0, 3.0, 6.0, 6.5]","[0.0, 0.0, 0.0, 0.0, 0.0, 0.0, 0.0, 2.236068, 5.196152, 6.0]","[1.5, 1.5, 3.5, 3.5, 5.0, 5.5]","[1.4142135, 1.4142135, 3.1622777, 3.4641016, 4.8989797, 5.0]","[-5.5, -5.5, -4.0, -2.5, -2.5, -1.5]",[1.5],[1.4142135],[-5.5],[5.5],[4.8989797],[3.5],[5.5],[4.8989797],[3.5],0,1,0,0,0.0,0.0,1
96331,2,2,1,"[0.0, 0.0, 0.5, 1.0, 1.0, 1.5, 1.5, 2.5, 2.5, 5.0]","[0.0, 0.0, 0.0, 0.0, 0.0, 1.4142135, 1.4142135, 2.4494898, 2.4494898, 4.582576]","[1.0, 1.5]","[0.0, 0.0]","[-2.5, -1.5]","[1.0, 1.5]","[0.0, 0.0]","[-2.5, -1.5]","[2.5, 7.5]","[2.0, 7.3484693]","[0.0, 4.0]",[5.0],[5.0],[4.0],1,0,1,0,1.0,0.0,0
388,6,2,2,"[0.5, 1.0, 1.0, 1.5, 2.0, 2.5, 3.5, 4.0, 4.0, 4.5]","[0.0, 0.0, 0.0, 0.0, 0.0, 0.0, 1.0, 2.828427, 3.4641016, 3.4641016]","[0.5, 1.5, 2.0, 2.0, 5.0, 5.0]","[0.0, 0.0, 1.4142135, 1.7320508, 4.8989797, 5.0]","[-5.5, -3.5, -3.5, -3.0, -2.0, -2.0]","[0.5, 2.0]","[0.0, 1.7320508]","[-5.5, -3.5]","[4.5, 6.5]","[3.7416575, 6.3245554]","[3.5, 6.0]","[4.5, 6.5]","[3.7416575, 6.3245554]","[3.5, 6.0]",0,2,0,0,0.0,0.0,1
109,7,4,2,"[0.0, 0.5, 0.5, 1.5, 1.5, 2.5, 3.0, 3.0, 5.0, 8.5]","[0.0, 0.0, 0.0, 0.0, 0.0, 0.0, 1.4142135, 1.4142135, 5.0, 8.485281]","[0.5, 2.0, 2.0, 3.0, 4.0, 4.5, 4.5]","[0.0, 0.0, 0.0, 2.0, 2.828427, 3.7416575, 4.472136]","[-3.5, -3.5, -3.5, -3.0, -2.0, -1.0, -1.0]","[0.5, 3.0, 4.0, 4.5]","[0.0, 0.0, 2.828427, 4.472136]","[-3.5, -3.5, -3.0, -1.0]","[3.0, 4.5, 6.0, 6.5]","[2.828427, 3.7416575, 5.91608, 6.4807405]","[-2.0, -1.5, 3.5, 6.0]","[6.0, 6.5]","[6.0, 6.4807405]","[6.0, 6.0]",2,1,1,0,2.0,0.0,1
31061,6,3,2,"[0.0, 0.5, 1.0, 1.0, 1.5, 2.0, 2.5, 4.0, 5.0, 6.5]","[0.0, 0.0, 0.0, 0.0, 0.0, 1.0, 1.7320508, 2.4494898, 4.582576, 6.3245554]","[2.0, 2.0, 2.5, 3.5, 3.5, 4.0]","[0.0, 1.7320508, 2.0, 2.4494898, 2.6457512, 3.1622777]","[-4.0, -4.0, -3.5, -3.0, -2.0, -1.0]","[2.0, 2.5, 3.5]","[1.7320508, 2.0, 3.1622777]","[-4.0, -3.0, -1.0]","[2.0, 3.0, 5.0]","[0.0, 2.828427, 3.0]","[-2.0, -1.0, 3.5]","[5.0, 5.0]","[3.0, 5.0]","[3.5, 3.5]",1,1,1,0,1.0,0.0,0
70878,1,1,1,"[0.5, 0.5, 0.5, 1.0, 1.0, 1.5, 1.5, 3.0, 4.0, 6.0]","[0.0, 0.0, 0.0, 0.0, 1.0, 1.4142135, 1.4142135, 2.236068, 3.8729835, 5.196152]",[4.0],[0.0],[-1.0],[4.0],[0.0],[-1.0],[3.0],[0.0],[1.5],[3.0],[0.0],[1.5],0,1,0,0,0.0,0.0,0
918,7,2,2,"[0.5, 1.0, 1.5, 2.0, 3.0, 3.0, 4.5, 5.0, 5.0, 6.0]","[0.0, 0.0, 0.0, 0.0, 1.7320508, 2.236068, 3.0, 4.0, 4.2426405, 5.656854]","[1.5, 2.0, 2.5, 2.5, 2.5, 3.5, 4.5]","[0.0, 0.0, 0.0, 2.0, 2.4494898, 2.4494898, 3.7416575]","[-5.5, -5.0, -5.0, -3.0, -3.0, -2.5, -1.5]","[2.0, 2.5]","[0.0, 2.4494898]","[-3.0, -1.5]","[4.0, 7.0]","[2.6457512, 6.708204]","[0.5, 5.0]","[4.0, 7.0]","[2.6457512, 6.708204]","[0.5, 5.0]",0,2,0,0,0.0,0.0,1
65,6,2,2,"[0.0, 0.0, 0.5, 0.5, 2.5, 4.0, 4.0, 4.5, 5.5, 6.5]","[0.0, 0.0, 0.0, 0.0, 0.0, 0.0, 0.0, 3.7416575, 4.8989797, 6.0]","[1.0, 2.0, 3.5, 4.0, 5.5, 5.5]","[0.0, 1.7320508, 3.4641016, 3.4641016, 4.8989797, 5.2915025]","[-6.5, -5.5, -4.5, -3.0, -2.5, -2.0]","[1.0, 5.5]","[0.0, 5.2915025]","[-6.5, -3.0]","[1.5, 5.0]","[1.4142135, 4.8989797]","[-0.5, 4.0]","[1.5, 5.0]","[1.4142135, 4.8989797]","[-0.5, 4.0]",0,2,0,0,0.0,0.0,1
44914,6,2,2,"[0.5, 0.5, 0.5, 1.0, 2.0, 2.0, 2.5, 4.0, 5.0, 6.0]","[0.0, 0.0, 0.0, 0.0, 1.7320508, 1.7320508, 2.0, 2.6457512, 4.8989797, 5.196152]","[0.5, 1.5, 2.5, 3.0, 4.0, 4.0]","[0.0, 0.0, 0.0, 0.0, 2.4494898, 3.4641016]","[-5.0, -4.5, -4.5, -2.0, -2.0, -1.0]","[0.5, 2.5]","[0.0, 2.4494898]","[-5.0, -4.5]","[6.0, 6.0]","[5.196152, 5.91608]","[2.5, 5.0]","[6.0, 6.0]","[5.196152, 5.91608]","[2.5, 5.0]",0,2,0,0,0.0,0.0,0
753,7,3,1,"[0.5, 1.0, 1.5, 2.0, 2.0, 3.0, 3.0, 5.0, 7.0, 7.5]","[0.0, 0.0, 0.0, 0.0, 1.4142135, 1.7320508, 2.236068, 4.8989797, 6.928203, 7.3484693]","[1.5, 1.5, 2.0, 2.5, 2.5, 3.5, 4.5]","[0.0, 0.0, 1.4142135, 1.7320508, 2.4494898, 3.4641016, 4.472136]","[-6.0, -4.5, -4.0, -3.5, -3.5, -2.5, -1.0]","[1.5, 2.0, 3.5]","[1.4142135, 1.7320508, 3.4641016]","[-4.0, -3.5, -2.5]","[1.0, 6.5, 6.5]","[0.0, 6.4807405, 6.4807405]","[-2.0, -0.5, 0.0]",[5.0],[4.8989797],[0.5],2,0,1,0,2.0,0.0,1
76462,6,3,1,"[0.0, 0.5, 1.0, 1.5, 2.5, 2.5, 3.5, 3.5, 4.5, 8.5]","[0.0, 0.0, 0.0, 1.0, 2.0, 2.4494898, 3.1622777, 3.4641016, 3.7416575, 8.485281]","[2.0, 2.0, 2.5, 3.0, 4.0, 4.5]","[0.0, 1.7320508, 2.0, 2.236068, 2.828427, 3.4641016]","[-4.0, -3.0, -2.5, -2.0, -2.0, -1.0]","[2.0, 2.0, 2.5]","[0.0, 1.7320508, 2.0]","[-4.0, -2.5, -1.0]","[3.0, 5.0, 6.5]","[2.236068, 4.0, 6.0]","[-3.0, 2.0, 2.5]",[4.0],[0.0],[2.0],2,0,1,0,2.0,0.0,0
118,7,3,2,"[1.5, 1.5, 1.5, 1.5, 2.0, 2.0, 2.5, 3.5, 6.5, 7.0]","[0.0, 0.0, 1.4142135, 1.4142135, 1.7320508, 1.7320508, 2.0, 3.1622777, 6.4807405, 6.708204]","[0.5, 0.5, 1.0, 2.0, 2.0, 2.5, 3.0]","[0.0, 0.0, 0.0, 0.0, 0.0, 2.0, 3.0]","[-4.5, -3.5, -3.0, -3.0, -2.0, -2.0, -1.0]","[0.5, 0.5, 1.0]","[0.0, 0.0, 0.0]","[-4.5, -3.5, -3.0]","[2.0, 4.5, 6.0]","[0.0, 4.472136, 5.196152]","[-2.0, -1.0, 1.0]","[4.5, 6.0]","[4.472136, 6.0]","[-1.0, 3.5]",1,1,1,0,1.0,0.0,1
54484,4,2,2,"[0.5, 1.0, 1.0, 1.5, 2.0, 2.5, 3.0, 4.0, 4.5, 4.5]","[0.0, 0.0, 0.0, 0.0, 0.0, 0.0, 0.0, 1.4142135, 2.6457512, 4.2426405]","[2.0, 2.5, 3.5, 4.0]","[0.0, 0.0, 0.0, 3.1622777]","[-3.5, -3.0, -2.5, -2.5]","[2.0, 3.5]","[0.0, 3.1622777]","[-3.0, -2.5]","[4.0, 5.0]","[3.4641016, 4.0]","[3.5, 5.0]","[4.0, 5.0]","[3.4641016, 4.0]","[3.5, 5.0]",0,2,0,0,0.0,0.0,0
460,1,1,1,"[0.0, 0.0, 0.5, 0.5, 1.0, 1.5, 1.5, 2.0, 2.5, 4.5]","[0.0, 0.0, 0.0, 0.0, 0.0, 0.0, 0.0, 2.0, 2.4494898, 2.828427]",[3.0],[2.828427],[-2.5],[3.0],[2.828427],[-2.5],[4.5],[4.2426405],[4.0],[4.5],[4.2426405],[4.0],0,1,0,0,0.0,0.0,1
114,1,1,1,"[0.0, 0.0, 0.5, 1.5, 1.5, 1.5, 1.5, 2.0, 3.0, 4.5]","[0.0, 0.0, 0.0, 0.0, 0.0, 0.0, 0.0, 1.4142135, 2.0, 2.236068]",[3.5],[2.4494898],[-3.5],[3.5],[2.4494898],[-3.5],[4.5],[3.7416575],[4.0],[4.5],[3.7416575],[4.0],0,1,0,0,0.0,0.0,1
184,3,2,1,"[0.0, 0.0, 0.0, 0.0, 1.5, 2.5, 2.5, 3.0, 3.5, 7.5]","[0.0, 0.0, 0.0, 0.0, 0.0, 1.4142135, 2.4494898, 2.4494898, 2.4494898, 7.3484693]","[3.5, 4.0, 4.5]","[0.0, 3.1622777, 4.472136]","[-2.5, -1.5, -1.5]","[4.0, 4.5]","[0.0, 4.472136]","[-1.5, -1.5]","[5.5, 6.0]","[4.2426405, 5.656854]","[1.0, 1.0]",[4.5],[0.0],[2.5],1,0,1,0,1.0,0.0,1
44867,5,3,2,"[0.5, 1.0, 1.5, 1.5, 2.0, 2.0, 2.0, 3.0, 5.5, 8.5]","[0.0, 0.0, 0.0, 0.0, 0.0, 0.0, 0.0, 1.4142135, 4.2426405, 8.485281]","[1.5, 3.0, 3.0, 4.0, 5.0]","[0.0, 1.4142135, 2.6457512, 3.0, 4.0]","[-5.0, -3.0, -2.5, -2.5, -2.0]","[1.5, 3.0, 4.0]","[1.4142135, 2.6457512, 3.0]","[-5.0, -3.0, -2.5]","[0.5, 3.5, 6.5]","[0.0, 3.1622777, 6.4807405]","[-4.0, 2.5, 2.5]","[3.5, 4.0]","[3.1622777, 4.0]","[2.5, 4.0]",1,1,1,0,1.0,0.0,0
72543,8,4,3,"[0.5, 1.0, 1.0, 1.5, 3.0, 4.0, 4.0, 4.5, 5.0, 7.0]","[0.0, 0.0, 0.0, 0.0, 0.0, 2.236068, 2.6457512, 3.0, 4.472136, 6.928203]","[1.5, 2.0, 2.5, 3.0, 3.0, 3.5, 4.0, 6.0]","[0.0, 0.0, 0.0, 0.0, 2.0, 2.6457512, 2.828427, 5.91608]","[-7.0, -5.0, -3.0, -2.5, -2.5, -2.0, -1.5, -1.0]","[1.5, 2.0, 2.5, 3.0]","[0.0, 0.0, 2.0, 2.828427]","[-7.0, -5.0, -2.5, -1.5]","[2.5, 3.5, 4.5, 7.5]","[0.0, 2.0, 3.7416575, 7.483315]","[-1.0, 2.0, 2.5, 4.0]","[2.5, 4.5, 5.5]","[2.0, 3.7416575, 5.477226]","[2.0, 2.5, 4.5]",1,2,1,0,1.0,0.0,0
41817,5,2,1,"[0.5, 0.5, 1.0, 1.5, 2.0, 2.0, 2.0, 2.5, 5.5, 8.5]","[0.0, 0.0, 0.0, 0.0, 0.0, 0.0, 0.0, 1.7320508, 5.2915025, 8.485281]","[0.5, 1.0, 2.0, 2.0, 3.5]","[0.0, 0.0, 0.0, 1.7320508, 2.4494898]","[-6.0, -5.5, -4.0, -4.0, -1.0]","[0.5, 1.0]","[0.0, 0.0]","[-5.5, -4.0]","[4.0, 4.5]","[4.0, 4.2426405]","[0.0, 0.0]",[2.5],[2.4494898],[2.5],1,0,1,0,1.0,0.0,0
81668,4,2,2,"[0.0, 0.5, 1.0, 1.0, 1.0, 1.0, 2.0, 4.5, 5.5, 6.5]","[0.0, 0.0, 0.0, 0.0, 0.0, 1.0, 1.7320508, 3.7416575, 4.2426405, 6.3245554]","[1.0, 3.0, 3.0, 4.0]","[0.0, 1.0, 2.236068, 3.8729835]","[-4.5, -4.0, -2.0, -2.0]","[1.0, 3.0]","[0.0, 1.0]","[-4.5, -2.0]","[6.0, 7.5]","[5.196152, 7.3484693]","[1.5, 5.0]","[6.0, 7.5]","[5.196152, 7.3484693]","[1.5, 5.0]",0,2,0,0,0.0,0.0,0
206,1,1,1,"[0.5, 0.5, 1.5, 1.5, 2.0, 2.5, 2.5, 2.5, 2.5, 5.0]","[0.0, 0.0, 0.0, 0.0, 1.4142135, 1.7320508, 2.0, 2.0, 2.4494898, 4.582576]",[3.5],[2.4494898],[-1.0],[3.5],[2.4494898],[-1.0],[4.0],[4.0],[1.0],[4.0],[4.0],[1.0],0,1,0,0,0.0,0.0,1
350,1,1,1,"[0.0, 0.5, 0.5, 1.0, 1.5, 2.0, 2.5, 3.0, 5.5, 8.0]","[0.0, 0.0, 0.0, 0.0, 0.0, 0.0, 1.4142135, 2.4494898, 4.2426405, 7.937254]",[6.0],[6.0],[-3.0],[6.0],[6.0],[-3.0],[5.0],[4.8989797],[0.5],[5.0],[4.8989797],[0.5],0,1,0,0,0.0,0.0,1
98791,2,2,2,"[0.0, 0.0, 0.5, 1.5, 2.0, 2.0, 2.0, 2.0, 4.0, 4.5]","[0.0, 0.0, 0.0, 0.0, 0.0, 1.7320508, 1.7320508, 2.0, 2.6457512, 3.7416575]","[1.0, 1.5]","[0.0, 1.0]","[-3.5, -1.5]","[1.0, 1.5]","[0.0, 1.0]","[-3.5, -1.5]","[4.0, 5.0]","[3.8729835, 4.0]","[1.0, 3.0]","[4.0, 5.0]","[3.8729835, 4.0]","[1.0, 3.0]",0,2,0,0,0.0,0.0,0
33136,6,3,2,"[0.5, 0.5, 1.0, 1.0, 2.0, 2.5, 3.0, 4.0, 4.0, 8.0]","[0.0, 0.0, 0.0, 0.0, 2.0, 2.0, 2.236068, 3.8729835, 4.0, 7.937254]","[1.0, 1.5, 1.5, 2.0, 2.5, 4.0]","[0.0, 0.0, 1.0, 1.4142135, 1.7320508, 3.4641016]","[-3.5, -2.5, -2.5, -2.0, -1.5, -1.5]","[1.0, 1.5, 2.0]","[1.0, 1.4142135, 1.7320508]","[-3.5, -2.5, -2.0]","[3.5, 4.5, 5.0]","[2.4494898, 4.472136, 4.8989797]","[-2.0, 1.0, 3.0]","[3.0, 3.5]","[2.236068, 2.4494898]","[-1.5, 1.0]",1,1,1,0,1.0,0.0,0
47943,10,4,2,"[0.5, 0.5, 1.0, 2.0, 2.0, 2.5, 3.5, 4.0, 6.0, 7.5]","[0.0, 0.0, 0.0, 0.0, 0.0, 1.7320508, 2.0, 2.4494898, 5.91608, 7.3484693]","[0.5, 1.5, 1.5, 1.5, 2.5, 3.0, 3.0, 3.5, 4.5, 6.0]","[0.0, 0.0, 0.0, 1.4142135, 1.4142135, 2.0, 2.236068, 3.1622777, 3.7416575, 5.656854]","[-8.0, -4.5, -4.0, -4.0, -3.0, -2.0, -2.0, -1.5, -1.5, -1.0]","[0.5, 1.5, 1.5, 1.5]","[0.0, 0.0, 1.4142135, 1.4142135]","[-8.0, -4.0, -4.0, -3.0]","[4.0, 5.5, 6.0, 7.5]","[3.4641016, 5.2915025, 5.656854, 7.3484693]","[0.5, 1.5, 2.0, 4.5]","[6.5, 9.0]","[6.0, 9.0]","[6.0, 8.5]",2,0,2,0,1.0,0.0,0
440,3,2,2,"[0.5, 0.5, 0.5, 1.0, 1.5, 1.5, 1.5, 2.5, 5.0, 7.0]","[0.0, 0.0, 0.0, 0.0, 0.0, 0.0, 1.4142135, 2.4494898, 4.582576, 6.928203]","[1.5, 2.0, 4.5]","[1.4142135, 2.0, 3.7416575]","[-3.5, -1.5, -1.0]","[1.5, 2.0]","[1.4142135, 2.0]","[-3.5, -1.5]","[4.5, 5.0]","[0.0, 5.0]","[0.5, 5.0]","[4.5, 5.0]","[0.0, 5.0]","[0.5, 5.0]",0,2,0,0,0.0,0.0,1
202,4,3,3,"[0.0, 1.0, 1.5, 2.0, 2.5, 3.0, 3.0, 3.0, 5.5, 6.0]","[0.0, 0.0, 0.0, 0.0, 0.0, 0.0, 2.236068, 2.828427, 4.8989797, 5.91608]","[2.5, 3.0, 3.0, 4.0]","[2.236068, 2.236068, 2.4494898, 2.6457512]","[-4.0, -2.5, -1.5, -1.0]","[2.5, 3.0, 3.0]","[2.236068, 2.236068, 2.4494898]","[-4.0, -1.5, -1.0]","[2.0, 4.0, 4.5]","[2.0, 2.828427, 3.8729835]","[0.0, 0.5, 4.0]","[2.0, 4.0, 4.5]","[2.0, 2.828427, 3.8729835]","[0.0, 0.5, 4.0]",0,3,0,0,0.0,0.0,1
462,7,2,2,"[0.0, 0.5, 1.5, 1.5, 2.5, 3.0, 3.0, 4.0, 4.5, 5.5]","[0.0, 0.0, 0.0, 0.0, 2.236068, 2.4494898, 2.6457512, 2.828427, 4.2426405, 4.2426405]","[1.0, 2.0, 3.0, 3.0, 3.0, 3.5, 4.0]","[0.0, 0.0, 1.7320508, 2.236068, 2.828427, 3.1622777, 4.0]","[-4.0, -4.0, -3.5, -3.5, -2.5, -2.0, -1.5]","[1.0, 3.0]","[0.0, 2.828427]","[-4.0, -1.5]","[3.5, 7.5]","[3.1622777, 7.483315]","[2.0, 6.0]","[3.5, 7.5]","[3.1622777, 7.483315]","[2.0, 6.0]",0,2,0,0,0.0,0.0,1
716,2,1,1,"[0.0, 0.5, 0.5, 1.0, 1.0, 1.5, 2.0, 3.0, 5.5, 5.5]","[0.0, 0.0, 0.0, 0.0, 0.0, 1.0, 1.4142135, 2.236068, 4.2426405, 4.8989797]","[3.0, 6.0]","[2.828427, 5.91608]","[-4.0, -2.5]",[3.0],[2.828427],[-4.0],[5.5],[5.477226],[4.0],[5.5],[5.477226],[4.0],0,1,0,0,0.0,0.0,1
237,1,1,1,"[0.0, 0.0, 0.5, 0.5, 1.0, 1.0, 1.5, 2.5, 3.5, 4.5]","[0.0, 0.0, 0.0, 0.0, 0.0, 0.0, 1.4142135, 2.4494898, 3.1622777, 3.7416575]",[2.0],[0.0],[-1.5],[2.0],[0.0],[-1.5],[7.0],[6.708204],[2.5],[7.0],[6.708204],[2.5],0,1,0,0,0.0,0.0,1
67560,9,4,1,"[0.0, 0.5, 0.5, 1.5, 1.5, 3.0, 3.0, 6.0, 6.5, 9.0]","[0.0, 0.0, 0.0, 0.0, 0.0, 0.0, 2.236068, 5.656854, 6.3245554, 9.0]","[1.0, 1.0, 1.5, 3.5, 4.0, 4.5, 5.0, 5.5, 5.5]","[0.0, 0.0, 1.0, 1.0, 3.7416575, 3.8729835, 4.8989797, 4.8989797, 5.0]","[-6.5, -3.5, -3.5, -3.5, -3.0, -3.0, -3.0, -1.5, -1.0]","[1.0, 1.0, 3.5, 4.5]","[0.0, 1.0, 1.0, 3.7416575]","[-6.5, -3.5, -3.0, -3.0]","[3.5, 3.5, 4.5, 5.0]","[3.1622777, 3.1622777, 3.7416575, 5.0]","[-3.5, -1.0, -0.5, 0.0]",[4.5],[2.828427],[4.5],3,0,1,0,3.0,0.0,0
770,3,1,1,"[0.0, 0.0, 0.5, 1.0, 1.5, 2.0, 2.5, 3.0, 3.5, 4.5]","[0.0, 0.0, 0.0, 0.0, 0.0, 0.0, 0.0, 1.4142135, 2.4494898, 4.472136]","[1.5, 1.5, 4.0]","[0.0, 1.4142135, 3.8729835]","[-4.5, -2.0, -1.5]",[1.5],[1.4142135],[-4.5],[0.5],[0.0],[0.0],[0.5],[0.0],[0.0],0,1,0,0,0.0,0.0,1
983,13,2,1,"[0.5, 1.5, 2.0, 3.5, 3.5, 4.5, 5.0, 5.0, 5.0, 7.0]","[0.0, 0.0, 0.0, 1.7320508, 2.4494898, 3.0, 3.1622777, 4.582576, 4.8989797, 6.928203]","[1.0, 1.5, 2.0, 2.0, 2.0, 2.5, 2.5, 2.5, 3.0, 4.0, 4.5, 4.5, 5.5]","[0.0, 0.0, 0.0, 1.0, 1.7320508, 2.0, 2.0, 2.0, 2.236068, 4.0, 4.2426405, 4.2426405, 4.8989797]","[-6.0, -6.0, -6.0, -5.5, -5.0, -3.5, -3.5, -3.5, -3.0, -2.5, -2.0, -1.5, -1.0]","[1.0, 2.5]","[1.0, 2.0]","[-6.0, -5.5]","[4.0, 6.0]","[3.4641016, 5.91608]","[0.5, 0.5]",[4.5],[2.828427],[2.5],1,0,1,0,1.0,0.0,1
71112,5,3,2,"[0.0, 1.5, 1.5, 2.0, 2.5, 2.5, 2.5, 3.5, 4.5, 5.5]","[0.0, 0.0, 0.0, 0.0, 0.0, 2.0, 2.4494898, 3.1622777, 4.2426405, 4.8989797]","[0.5, 1.0, 1.5, 2.0, 3.5]","[0.0, 0.0, 0.0, 1.4142135, 2.0]","[-4.0, -4.0, -2.5, -1.5, -1.0]","[0.5, 1.5, 2.0]","[0.0, 1.4142135, 2.0]","[-4.0, -1.5, -1.0]","[2.5, 4.5, 8.0]","[0.0, 4.472136, 7.937254]","[-1.5, 1.5, 4.5]","[4.5, 5.0]","[3.0, 4.472136]","[1.5, 3.0]",1,1,1,0,1.0,0.0,0
553,7,3,1,"[0.5, 0.5, 1.0, 1.5, 3.0, 3.0, 4.0, 4.0, 4.5, 6.0]","[0.0, 0.0, 0.0, 1.0, 2.236068, 2.6457512, 2.828427, 3.7416575, 3.8729835, 5.91608]","[1.0, 2.0, 2.0, 3.0, 3.5, 3.5, 3.5]","[0.0, 1.7320508, 2.0, 2.236068, 2.4494898, 3.1622777, 3.4641016]","[-4.5, -4.0, -3.0, -2.5, -2.5, -1.5, -1.0]","[2.0, 2.0, 3.5]","[1.7320508, 2.0, 3.4641016]","[-4.0, -3.0, -1.5]","[2.0, 3.5, 4.0]","[0.0, 2.0, 3.4641016]","[-3.0, -1.5, 2.5]",[4.0],[0.0],[2.5],2,1,0,1,0.0,2.0,1
492,1,1,1,"[0.5, 0.5, 0.5, 0.5, 0.5, 1.0, 1.5, 3.0, 3.5, 4.0]","[0.0, 0.0, 0.0, 0.0, 0.0, 0.0, 1.4142135, 2.236068, 2.4494898, 2.6457512]",[1.0],[1.0],[-3.5],[1.0],[1.0],[-3.5],[5.5],[4.8989797],[5.0],[5.5],[4.8989797],[5.0],0,1,0,0,0.0,0.0,1
819,12,3,2,"[0.0, 1.0, 1.0, 2.5, 3.0, 3.0, 3.0, 4.5, 6.0, 7.0]","[0.0, 0.0, 0.0, 0.0, 0.0, 0.0, 2.828427, 3.0, 5.196152, 6.708204]","[0.5, 1.0, 1.0, 1.0, 1.5, 2.0, 2.5, 3.0, 3.5, 3.5, 4.0, 5.5]","[0.0, 0.0, 0.0, 0.0, 0.0, 1.4142135, 1.7320508, 2.0, 2.4494898, 3.1622777, 4.0, 5.2915025]","[-6.0, -6.0, -5.0, -4.5, -4.5, -4.0, -3.5, -3.0, -3.0, -3.0, -3.0, -2.0]","[0.5, 1.0, 1.0]","[0.0, 0.0, 0.0]","[-6.0, -4.5, -3.0]","[2.0, 4.0, 6.0]","[1.7320508, 2.6457512, 6.0]","[-2.5, 0.5, 1.5]","[3.5, 6.0]","[3.1622777, 6.0]","[0.5, 3.5]",1,1,1,0,1.0,0.0,1
91493,4,3,1,"[0.0, 0.5, 1.0, 1.5, 2.0, 2.0, 3.0, 3.5, 4.5, 7.0]","[0.0, 0.0, 0.0, 0.0, 0.0, 1.4142135, 1.7320508, 2.4494898, 4.472136, 6.928203]","[1.0, 2.0, 3.0, 3.5]","[0.0, 0.0, 2.236068, 2.4494898]","[-4.5, -3.5, -2.0, -1.5]","[1.0, 2.0, 3.0]","[0.0, 0.0, 2.236068]","[-4.5, -3.5, -2.0]","[5.0, 6.5, 7.5]","[4.0, 6.3245554, 7.3484693]","[1.5, 1.5, 4.0]",[6.5],[6.4807405],[6.0],2,0,1,0,2.0,0.0,0
19318,5,2,1,"[0.0, 0.0, 1.0, 1.5, 2.0, 2.5, 3.0, 3.0, 4.5, 5.5]","[0.0, 0.0, 0.0, 0.0, 0.0, 1.7320508, 2.4494898, 3.0, 3.7416575, 4.8989797]","[2.0, 2.0, 2.5, 2.5, 3.0]","[0.0, 1.7320508, 2.0, 2.4494898, 2.828427]","[-4.5, -3.0, -2.5, -2.5, -1.5]","[2.0, 2.0]","[1.7320508, 2.0]","[-3.0, -2.5]","[4.5, 5.5]","[4.2426405, 4.2426405]","[2.0, 4.0]",[7.5],[7.483315],[6.5],1,0,1,0,1.0,0.0,0
39008,10,3,1,"[0.0, 0.0, 1.5, 2.0, 2.0, 2.5, 4.5, 5.0, 6.0, 7.5]","[0.0, 0.0, 0.0, 0.0, 1.4142135, 2.4494898, 2.828427, 4.8989797, 5.91608, 7.3484693]","[1.5, 2.5, 2.5, 3.0, 3.0, 4.0, 4.0, 4.5, 5.0, 6.0]","[0.0, 1.4142135, 2.0, 2.4494898, 2.6457512, 3.0, 3.8729835, 4.2426405, 4.582576, 5.656854]","[-5.0, -4.0, -3.0, -3.0, -2.5, -2.0, -2.0, -1.5, -1.5, -1.0]","[1.5, 2.5, 2.5]","[1.4142135, 2.0, 2.4494898]","[-5.0, -4.0, -2.0]","[2.5, 2.5, 3.5]","[2.0, 2.4494898, 3.1622777]","[-4.0, -2.0, 0.5]",[3.5],[3.1622777],[0.5],2,1,0,1,0.0,2.0,0
81,3,1,1,"[0.0, 0.0, 0.5, 1.5, 1.5, 2.5, 2.5, 3.5, 6.0, 9.0]","[0.0, 0.0, 0.0, 0.0, 0.0, 0.0, 2.4494898, 2.4494898, 5.656854, 9.0]","[2.0, 2.5, 4.5]","[0.0, 0.0, 3.7416575]","[-5.0, -3.0, -2.0]",[2.0],[0.0],[-5.0],[4.5],[3.7416575],[2.0],[4.5],[3.7416575],[2.0],0,1,0,0,0.0,0.0,1
681,4,2,2,"[0.0, 0.0, 1.0, 1.5, 2.0, 3.0, 3.0, 4.5, 5.0, 5.5]","[0.0, 0.0, 0.0, 0.0, 0.0, 0.0, 0.0, 1.0, 4.0, 4.8989797]","[3.0, 3.5, 5.5, 7.0]","[2.828427, 3.1622777, 4.8989797, 7.0]","[-4.5, -4.5, -2.0, -1.5]","[3.0, 3.5]","[2.828427, 3.1622777]","[-4.5, -4.5]","[3.0, 4.5]","[0.0, 3.7416575]","[0.5, 4.5]","[3.0, 4.5]","[0.0, 3.7416575]","[0.5, 4.5]",0,2,0,0,0.0,0.0,1
826,7,4,1,"[0.0, 0.5, 1.5, 1.5, 1.5, 2.0, 2.5, 4.0, 5.5, 6.0]","[0.0, 0.0, 0.0, 0.0, 0.0, 1.7320508, 2.4494898, 4.0, 5.477226, 5.656854]","[1.0, 1.5, 2.0, 2.0, 2.5, 2.5, 3.0]","[0.0, 0.0, 1.4142135, 1.7320508, 2.236068, 2.4494898, 2.4494898]","[-5.0, -2.5, -2.0, -2.0, -2.0, -1.5, -1.0]","[1.0, 2.0, 2.0, 2.5]","[0.0, 0.0, 1.7320508, 2.4494898]","[-5.0, -2.5, -2.0, -1.5]","[5.0, 5.0, 7.0, 8.0]","[4.0, 4.582576, 6.928203, 8.0]","[0.0, 1.0, 3.5, 4.5]",[5.0],[4.0],[4.5],3,1,0,1,0.0,3.0,1
73575,5,3,2,"[0.0, 0.0, 0.5, 1.0, 1.5, 2.5, 3.0, 3.5, 4.5, 8.5]","[0.0, 0.0, 0.0, 0.0, 1.0, 1.4142135, 2.0, 3.4641016, 4.472136, 8.485281]","[1.5, 2.5, 3.5, 3.5, 6.0]","[0.0, 0.0, 1.4142135, 3.1622777, 5.656854]","[-4.0, -2.5, -2.0, -2.0, -1.0]","[1.5, 2.5, 3.5]","[0.0, 1.4142135, 3.1622777]","[-4.0, -2.5, -2.0]","[1.5, 3.5, 5.5]","[0.0, 1.4142135, 4.8989797]","[-2.5, -1.0, -0.5]","[3.5, 6.0]","[0.0, 5.196152]","[-0.5, 4.0]",1,1,1,0,1.0,0.0,0
1526,6,3,1,"[0.0, 0.0, 1.0, 1.5, 1.5, 1.5, 2.0, 3.5, 4.0, 6.5]","[0.0, 0.0, 0.0, 0.0, 1.4142135, 1.4142135, 1.4142135, 1.7320508, 3.4641016, 6.4807405]","[0.5, 1.5, 2.0, 2.0, 2.5, 2.5]","[0.0, 0.0, 0.0, 1.4142135, 2.0, 2.4494898]","[-4.0, -4.0, -3.5, -3.0, -2.5, -2.0]","[0.5, 2.0, 2.5]","[0.0, 0.0, 2.0]","[-4.0, -3.5, -2.5]","[4.0, 6.0, 9.0]","[2.6457512, 5.196152, 9.0]","[-0.5, 3.0, 5.5]",[2.0],[0.0],[1.5],2,0,1,0,2.0,0.0,0
995,25,6,2,"[3.0, 3.5, 3.5, 3.5, 5.0, 5.0, 5.0, 5.5, 7.0, 7.5]","[2.4494898, 3.0, 3.0, 3.1622777, 3.4641016, 4.2426405, 4.582576, 4.8989797, 6.708204, 7.483315]","[0.0, 1.0, 1.0, 1.0, 1.0, 1.5, 1.5, 1.5, 1.5, 2.0, 2.0, 2.0, 2.0, 2.0, 2.5, 2.5, 3.0, 3.0, 3.0, 3.5, 3.5, 3.5, 4.5, 4.5, 6.0]","[0.0, 0.0, 0.0, 0.0, 0.0, 0.0, 0.0, 0.0, 1.0, 1.0, 1.4142135, 1.4142135, 1.7320508, 1.7320508, 1.7320508, 2.0, 2.236068, 2.4494898, 2.4494898, 2.828427, 3.1622777, 3.4641016, 3.7416575, 4.472136, 6.0]","[-6.0, -5.5, -5.5, -5.5, -5.0, -5.0, -5.0, -4.5, -4.5, -4.5, -4.5, -4.0, -4.0, -3.5, -3.5, -3.5, -3.5, -3.0, -2.5, -2.5, -2.5, -2.0, -1.5, -1.5, -1.0]","[0.0, 1.0, 1.0, 1.0, 1.5, 3.0]","[0.0, 0.0, 0.0, 1.0, 1.4142135, 2.236068]","[-5.5, -5.0, -5.0, -5.0, -3.5, -3.5]","[4.0, 5.0, 7.0, 7.0, 8.0, 9.0]","[3.8729835, 4.582576, 6.928203, 7.0, 7.937254, 9.0]","[-1.5, 2.0, 2.5, 3.0, 4.0, 4.5]","[1.5, 5.0]","[1.4142135, 4.582576]","[-0.5, 2.5]",4,1,1,0,4.0,0.0,1
9730,6,2,2,"[0.0, 0.5, 0.5, 1.5, 1.5, 1.5, 3.0, 3.5, 6.0, 7.0]","[0.0, 0.0, 0.0, 0.0, 0.0, 0.0, 0.0, 2.4494898, 5.196152, 6.928203]","[1.5, 1.5, 2.0, 2.5, 2.5, 4.5]","[0.0, 0.0, 0.0, 1.4142135, 2.4494898, 4.472136]","[-5.0, -4.5, -4.5, -4.0, -4.0, -3.0]","[1.5, 1.5]","[0.0, 1.4142135]","[-4.5, -4.0]","[6.5, 7.5]","[6.3245554, 7.3484693]","[4.5, 5.0]","[6.5, 7.5]","[6.3245554, 7.3484693]","[4.5, 5.0]",0,2,0,0,0.0,0.0,0
409,6,2,1,"[0.0, 0.5, 1.0, 2.0, 2.5, 2.5, 4.0, 4.5, 5.0, 7.0]","[0.0, 0.0, 0.0, 0.0, 2.0, 2.0, 3.7416575, 3.8729835, 4.582576, 6.708204]","[1.5, 2.0, 2.5, 2.5, 3.0, 3.5]","[0.0, 0.0, 1.7320508, 2.0, 2.0, 2.4494898]","[-6.5, -5.0, -3.5, -3.0, -2.0, -1.5]","[1.5, 2.5]","[0.0, 2.0]","[-6.5, -3.5]","[3.0, 6.5]","[0.0, 6.0]","[-3.0, 3.0]",[6.5],[6.3245554],[4.0],1,0,1,0,1.0,0.0,1
43838,6,2,2,"[0.0, 0.5, 0.5, 1.0, 2.0, 3.0, 4.0, 4.0, 4.0, 7.0]","[0.0, 0.0, 0.0, 0.0, 1.0, 2.828427, 3.4641016, 3.4641016, 4.0, 7.0]","[1.5, 1.5, 2.0, 2.5, 3.0, 4.0]","[0.0, 1.4142135, 1.7320508, 2.4494898, 2.828427, 3.8729835]","[-4.0, -3.5, -3.0, -3.0, -2.5, -1.0]","[1.5, 3.0]","[1.4142135, 2.828427]","[-3.5, -2.5]","[3.5, 8.5]","[3.4641016, 8.485281]","[-1.0, 5.5]","[3.5, 8.5]","[3.4641016, 8.485281]","[-1.0, 5.5]",0,2,0,0,0.0,0.0,0
71530,10,2,1,"[0.0, 0.5, 1.5, 1.5, 2.0, 3.5, 4.0, 4.5, 5.0, 6.0]","[0.0, 0.0, 0.0, 0.0, 0.0, 1.4142135, 3.4641016, 3.7416575, 4.8989797, 5.656854]","[0.5, 1.5, 1.5, 1.5, 3.0, 3.0, 3.5, 3.5, 3.5, 4.5]","[0.0, 0.0, 0.0, 0.0, 0.0, 1.4142135, 2.4494898, 3.0, 3.1622777, 4.472136]","[-5.0, -5.0, -4.0, -3.5, -3.5, -3.0, -2.0, -1.5, -1.0, -1.0]","[0.5, 1.5]","[0.0, 0.0]","[-4.0, -1.0]","[1.5, 5.0]","[1.4142135, 4.582576]","[-3.5, 3.5]",[3.5],[0.0],[-1.5],1,0,1,0,1.0,0.0,0
45,3,1,1,"[0.0, 0.5, 0.5, 0.5, 2.0, 2.0, 2.0, 4.0, 5.5, 7.0]","[0.0, 0.0, 0.0, 0.0, 0.0, 2.0, 2.0, 2.6457512, 5.2915025, 6.928203]","[2.0, 2.5, 3.5]","[0.0, 1.7320508, 3.1622777]","[-3.0, -2.5, -1.5]",[3.5],[3.1622777],[-3.0],[6.0],[5.196152],[0.0],[6.0],[5.196152],[0.0],0,1,0,0,0.0,0.0,1
42846,4,3,1,"[0.0, 0.5, 1.0, 1.0, 1.5, 1.5, 2.5, 4.0, 6.0, 6.0]","[0.0, 0.0, 0.0, 0.0, 0.0, 0.0, 1.0, 1.4142135, 5.656854, 5.91608]","[1.5, 3.5, 5.0, 5.5]","[0.0, 2.4494898, 4.582576, 5.477226]","[-3.0, -3.0, -2.0, -1.5]","[1.5, 3.5, 5.5]","[0.0, 2.4494898, 5.477226]","[-3.0, -2.0, -1.5]","[3.0, 3.5, 4.5]","[0.0, 3.0, 3.4641016]","[-1.5, -1.0, 1.0]",[5.5],[4.2426405],[5.0],2,0,1,0,2.0,0.0,0
29494,10,5,3,"[0.0, 0.5, 1.5, 2.0, 2.5, 4.0, 4.0, 5.0, 6.5, 6.5]","[0.0, 0.0, 0.0, 1.4142135, 1.7320508, 2.0, 2.6457512, 3.0, 6.0, 6.0]","[0.5, 1.0, 1.0, 2.0, 2.0, 2.0, 3.0, 5.5, 6.0, 6.0]","[0.0, 0.0, 0.0, 0.0, 0.0, 1.7320508, 2.0, 5.2915025, 5.656854, 5.91608]","[-6.0, -5.0, -4.5, -4.0, -3.5, -3.5, -3.5, -3.0, -3.0, -2.5]","[0.5, 1.0, 2.0, 2.0, 3.0]","[0.0, 0.0, 0.0, 1.7320508, 2.0]","[-5.0, -4.5, -4.0, -3.5, -3.5]","[3.0, 6.0, 6.5, 7.0, 7.5]","[2.236068, 5.656854, 6.3245554, 6.708204, 7.483315]","[0.5, 1.5, 2.5, 4.0, 5.5]","[3.5, 4.5, 7.0]","[3.1622777, 4.2426405, 6.708204]","[2.5, 4.0, 5.5]",2,1,2,0,1.0,0.0,0
885,3,3,2,"[0.5, 0.5, 0.5, 1.0, 1.0, 2.0, 2.5, 3.5, 3.5, 5.5]","[0.0, 0.0, 0.0, 0.0, 0.0, 0.0, 0.0, 2.4494898, 3.1622777, 5.477226]","[1.0, 1.5, 3.0]","[0.0, 1.4142135, 2.236068]","[-3.5, -3.0, -1.0]","[1.0, 1.5, 3.0]","[0.0, 1.4142135, 2.236068]","[-3.5, -3.0, -1.0]","[0.5, 5.0, 7.0]","[0.0, 4.0, 6.928203]","[0.0, 2.0, 2.0]","[0.5, 0.5]","[0.0, 0.0]","[-2.0, 0.0]",1,1,1,0,1.0,0.0,1
843,8,3,2,"[0.5, 1.0, 1.5, 2.0, 2.0, 3.0, 4.0, 4.5, 4.5, 7.5]","[0.0, 0.0, 0.0, 0.0, 1.4142135, 1.7320508, 3.4641016, 4.2426405, 4.472136, 7.483315]","[1.5, 2.0, 2.0, 2.0, 2.5, 3.5, 3.5, 5.5]","[0.0, 0.0, 1.7320508, 2.0, 2.0, 2.4494898, 3.4641016, 5.2915025]","[-5.0, -3.5, -3.0, -2.5, -2.5, -2.0, -1.5, -1.0]","[1.5, 2.0, 2.0]","[0.0, 1.7320508, 2.0]","[-5.0, -3.5, -2.5]","[3.5, 4.0, 7.0]","[3.4641016, 3.4641016, 6.708204]","[0.0, 2.0, 2.5]","[3.0, 3.5]","[2.236068, 3.4641016]","[1.5, 2.5]",1,1,1,0,1.0,0.0,1
2958,5,2,2,"[0.0, 1.0, 1.5, 1.5, 2.0, 3.0, 3.5, 4.5, 5.0, 5.0]","[0.0, 0.0, 1.4142135, 1.4142135, 1.7320508, 2.828427, 2.828427, 3.0, 3.4641016, 4.0]","[2.5, 2.5, 3.0, 4.0, 4.0]","[0.0, 2.0, 2.4494898, 3.0, 3.8729835]","[-4.0, -3.0, -3.0, -2.5, -2.0]","[2.5, 3.0]","[2.4494898, 3.0]","[-4.0, -3.0]","[5.5, 7.0]","[5.2915025, 6.928203]","[3.5, 5.5]","[5.5, 7.0]","[5.2915025, 6.928203]","[3.5, 5.5]",0,2,0,0,0.0,0.0,0
482,5,3,3,"[0.0, 0.5, 0.5, 1.5, 2.0, 2.5, 3.0, 3.0, 4.5, 4.5]","[0.0, 0.0, 0.0, 0.0, 0.0, 0.0, 2.828427, 3.0, 3.7416575, 4.2426405]","[1.5, 1.5, 2.0, 2.0, 2.5]","[0.0, 0.0, 1.4142135, 1.7320508, 2.4494898]","[-3.0, -3.0, -2.5, -2.0, -1.5]","[1.5, 1.5, 2.5]","[0.0, 1.4142135, 2.4494898]","[-3.0, -2.5, -2.0]","[4.0, 5.0, 5.5]","[3.0, 3.4641016, 5.2915025]","[2.5, 2.5, 5.5]","[4.0, 5.0, 5.5]","[3.0, 3.4641016, 5.2915025]","[2.5, 2.5, 5.5]",0,3,0,0,0.0,0.0,1
20976,12,4,1,"[0.0, 0.0, 0.5, 1.0, 2.0, 2.5, 4.5, 6.0, 7.5, 9.0]","[0.0, 0.0, 0.0, 0.0, 0.0, 1.0, 4.2426405, 5.91608, 7.483315, 9.0]","[0.5, 0.5, 2.0, 2.0, 2.5, 3.5, 3.5, 3.5, 3.5, 3.5, 4.0, 4.5]","[0.0, 0.0, 0.0, 0.0, 0.0, 2.0, 2.4494898, 2.6457512, 3.1622777, 3.1622777, 3.4641016, 4.2426405]","[-7.5, -5.5, -5.0, -4.5, -3.5, -3.5, -3.0, -2.0, -1.5, -1.5, -1.5, -1.5]","[0.5, 0.5, 3.5, 3.5]","[0.0, 0.0, 0.0, 3.1622777]","[-7.5, -4.5, -2.0, -1.5]","[0.5, 3.5, 4.0, 6.0]","[0.0, 2.6457512, 3.4641016, 5.656854]","[-4.0, -3.5, -3.0, 1.0]",[3.0],[2.828427],[-1.0],3,0,1,0,3.0,0.0,0
73480,4,2,2,"[1.0, 1.0, 1.5, 1.5, 2.0, 2.0, 2.5, 3.0, 3.5, 6.0]","[0.0, 0.0, 0.0, 1.4142135, 1.4142135, 1.7320508, 2.4494898, 3.0, 3.1622777, 5.196152]","[1.5, 1.5, 3.5, 4.5]","[0.0, 1.4142135, 2.828427, 3.1622777]","[-4.0, -3.0, -1.5, -1.0]","[1.5, 1.5]","[0.0, 1.4142135]","[-4.0, -1.5]","[5.5, 6.5]","[5.477226, 6.3245554]","[2.5, 4.0]","[5.5, 6.5]","[5.477226, 6.3245554]","[2.5, 4.0]",0,2,0,0,0.0,0.0,0
2720,3,2,2,"[0.0, 0.0, 1.0, 1.0, 1.5, 1.5, 2.5, 4.0, 5.5, 5.5]","[0.0, 0.0, 0.0, 0.0, 0.0, 1.0, 1.4142135, 3.4641016, 4.2426405, 4.2426405]","[2.5, 3.5, 3.5]","[0.0, 2.0, 3.1622777]","[-5.0, -3.5, -1.5]","[2.5, 3.5]","[2.0, 3.1622777]","[-5.0, -3.5]","[6.0, 7.0]","[5.656854, 7.0]","[4.0, 6.0]","[6.0, 7.0]","[5.656854, 7.0]","[4.0, 6.0]",0,2,0,0,0.0,0.0,0
135,1,1,1,"[0.0, 0.0, 0.0, 0.5, 0.5, 0.5, 1.5, 2.5, 3.0, 7.0]","[0.0, 0.0, 0.0, 0.0, 0.0, 0.0, 0.0, 1.4142135, 2.828427, 6.928203]",[3.5],[0.0],[-3.0],[3.5],[0.0],[-3.0],[7.5],[7.483315],[4.5],[7.5],[7.483315],[4.5],0,1,0,0,0.0,0.0,1
94233,2,2,2,"[0.0, 0.0, 0.5, 1.0, 1.5, 2.0, 3.0, 4.0, 4.0, 4.5]","[0.0, 0.0, 0.0, 0.0, 1.4142135, 1.7320508, 2.236068, 2.6457512, 3.7416575, 4.0]","[2.0, 3.5]","[1.7320508, 2.4494898]","[-3.5, -2.5]","[2.0, 3.5]","[1.7320508, 2.4494898]","[-3.5, -2.5]","[4.5, 4.5]","[3.7416575, 4.2426405]","[1.5, 3.5]","[4.5, 4.5]","[3.7416575, 4.2426405]","[1.5, 3.5]",0,2,0,0,0.0,0.0,0
37866,4,2,2,"[0.5, 0.5, 1.0, 1.5, 1.5, 2.0, 3.0, 3.5, 3.5, 5.5]","[0.0, 0.0, 0.0, 0.0, 0.0, 1.0, 1.4142135, 2.236068, 3.1622777, 5.477226]","[1.5, 2.0, 2.5, 3.5]","[1.4142135, 1.7320508, 2.0, 3.4641016]","[-2.5, -2.5, -2.0, -1.0]","[1.5, 3.5]","[1.4142135, 3.4641016]","[-2.0, -1.0]","[2.5, 4.5]","[2.0, 4.2426405]","[1.0, 2.0]","[2.5, 4.5]","[2.0, 4.2426405]","[1.0, 2.0]",0,2,0,0,0.0,0.0,0
