trialIndex,numUnstable,numNM1,numNM2,matchingAM,matchingGM,unstableAM,unstableGM,unstableRAM,nm1AM,nm1GM,nm1RAM,nm2GenAM,nm2GenGM,nm2GenRAM,nm2AM,nm2GM,nm2RAM,numEdges,numSingletons,numChains,numCycles,avgChainLen,avgCycleLen,converges
301,2,2,2,"[0.5, 1.0, 1.0, 1.0, 1.0, 1.5, 2.5, 3.0, 5.0, 5.0]","[0.0, 0.0, 0.0, 0.0, 0.0, 0.0, 2.0, 2.236068, 4.8989797, 4.8989797]","[1.5, 4.0]","[1.4142135, 3.8729835]","[-2.5, -1.5]","[1.5, 4.0]","[1.4142135, 3.8729835]","[-2.5, -1.5]","[5.0, 6.5]","[3.0, 6.4807405]","[2.5, 4.5]","[5.0, 6.5]","[3.0, 6.4807405]","[2.5, 4.5]",0,2,0,0,0.0,0.0,1
19318,4,2,1,"[0.0, 0.0, 1.0, 1.5, 2.0, 2.0, 2.0, 2.5, 5.5, 7.5]","[0.0, 0.0, 0.0, 0.0, 1.7320508, 1.7320508, 2.0, 2.4494898, 4.8989797, 7.483315]","[2.0, 2.5, 3.0, 5.0]","[0.0, 0.0, 2.0, 4.8989797]","[-3.0, -3.0, -2.5, -2.0]","[2.0, 2.5]","[0.0, 2.0]","[-3.0, -2.5]","[2.0, 6.0]","[1.7320508, 5.91608]","[-1.5, 1.0]",[7.5],[7.483315],[6.5],1,0,1,0,1.0,0.0,0
11609,2,2,2,"[0.5, 1.0, 1.0, 1.0, 2.0, 2.0, 2.5, 3.5, 4.5, 5.5]","[0.0, 0.0, 0.0, 0.0, 0.0, 1.0, 1.0, 2.4494898, 3.1622777, 5.2915025]","[1.5, 5.0]","[1.4142135, 4.582576]","[-3.0, -2.5]","[1.5, 5.0]","[1.4142135, 4.582576]","[-3.0, -2.5]","[2.5, 8.5]","[0.0, 8.485281]","[0.5, 8.5]","[2.5, 8.5]","[0.0, 8.485281]","[0.5, 8.5]",0,2,0,0,0.0,0.0,0
45,22,5,2,"[0.0, 2.0, 3.0, 4.0, 4.0, 4.5, 5.0, 6.5, 7.0, 7.5]","[0.0, 2.0, 2.828427, 3.4641016, 3.7416575, 4.0, 4.8989797, 6.4807405, 6.928203, 7.3484693]","[0.5, 0.5, 0.5, 1.0, 1.5, 1.5, 2.0, 2.0, 2.0, 2.0, 2.0, 2.0, 2.0, 2.5, 2.5, 2.5, 3.0, 3.0, 3.5, 3.5, 4.0, 5.5]","[0.0, 0.0, 0.0, 0.0, 0.0, 0.0, 0.0, 0.0, 0.0, 1.7320508, 1.7320508, 1.7320508, 1.7320508, 2.0, 2.0, 2.0, 2.236068, 2.4494898, 2.4494898, 3.1622777, 4.0, 4.8989797]","[-5.5, -5.5, -5.5, -5.0, -4.5, -4.5, -4.5, -3.5, -3.5, -3.5, -3.0, -3.0, -2.5, -2.5, -2.0, -2.0, -2.0, -1.5, -1.5, -1.5, -1.5, -1.0]","[0.5, 0.5, 0.5, 2.0, 2.0]","[0.0, 0.0, 0.0, 0.0, 2.0]","[-5.5, -5.5, -5.0, -3.5, -1.5]","[4.0, 4.0, 5.5, 6.5, 8.5]","[2.6457512, 3.4641016, 5.2915025, 6.4807405, 8.485281]","[-1.0, 0.0, 2.0, 2.5, 3.5]","[4.0, 5.5]","[2.6457512, 5.2915025]","[-1.0, 2.5]",3,2,0,1,0.0,3.0,1
275,3,1,1,"[0.0, 0.5, 1.5, 2.0, 2.0, 2.5, 3.0, 4.0, 4.0, 6.5]","[0.0, 0.0, 0.0, 0.0, 0.0, 1.7320508, 1.7320508, 2.0, 2.6457512, 6.4807405]","[2.0, 3.5, 5.0]","[0.0, 1.7320508, 4.8989797]","[-5.5, -3.5, -2.0]",[2.0],[1.7320508],[-5.5],[4.0],[4.0],[3.5],[4.0],[4.0],[3.5],0,1,0,0,0.0,0.0,1
19352,2,2,1,"[0.0, 0.0, 0.5, 0.5, 1.0, 1.5, 1.5, 2.5, 4.0, 9.0]","[0.0, 0.0, 0.0, 0.0, 0.0, 1.4142135, 1.4142135, 2.0, 4.0, 9.0]","[3.0, 4.0]","[0.0, 2.828427]","[-3.5, -1.5]","[3.0, 4.0]","[0.0, 2.828427]","[-3.5, -1.5]","[0.5, 8.0]","[0.0, 7.937254]","[-4.0, 1.5]",[8.0],[8.0],[6.0],1,0,1,0,1.0,0.0,0
71896,4,2,1,"[0.0, 1.0, 1.5, 1.5, 1.5, 2.0, 2.5, 3.5, 3.5, 8.0]","[0.0, 0.0, 0.0, 0.0, 1.0, 1.4142135, 2.0, 3.1622777, 3.4641016, 7.937254]","[0.5, 1.0, 1.5, 4.0]","[0.0, 0.0, 0.0, 3.4641016]","[-5.0, -3.5, -3.0, -2.0]","[0.5, 1.5]","[0.0, 0.0]","[-5.0, -3.5]","[2.5, 4.5]","[2.4494898, 4.472136]","[-3.0, 0.5]",[5.5],[5.477226],[4.0],1,0,1,0,1.0,0.0,0
216,3,2,0,"[0.0, 0.5, 1.0, 1.0, 1.5, 2.0, 2.5, 3.5, 4.0, 6.5]","[0.0, 0.0, 0.0, 0.0, 0.0, 1.4142135, 2.0, 3.1622777, 3.8729835, 6.3245554]","[2.0, 2.5, 3.5]","[0.0, 0.0, 2.4494898]","[-3.0, -2.5, -1.5]","[2.0, 2.5]","[0.0, 2.4494898]","[-3.0, -2.5]","[2.0, 2.5]","[0.0, 2.4494898]","[-3.0, -2.5]",[],[],[],2,0,0,1,0.0,2.0,1
171,2,2,1,"[0.0, 1.0, 1.0, 1.5, 2.0, 2.5, 2.5, 3.0, 4.5, 7.5]","[0.0, 0.0, 0.0, 1.0, 1.4142135, 1.7320508, 2.0, 3.0, 4.2426405, 7.3484693]","[2.0, 2.5]","[1.7320508, 2.0]","[-4.5, -4.0]","[2.0, 2.5]","[1.7320508, 2.0]","[-4.5, -4.0]","[3.5, 4.0]","[3.4641016, 3.8729835]","[-2.0, 0.5]",[4.0],[3.4641016],[2.5],1,0,1,0,1.0,0.0,1
80241,4,1,1,"[0.0, 0.0, 1.5, 2.5, 2.5, 2.5, 2.5, 3.0, 4.5, 7.5]","[0.0, 0.0, 0.0, 1.4142135, 2.4494898, 2.4494898, 2.4494898, 2.4494898, 2.828427, 7.3484693]","[1.5, 2.0, 2.5, 3.0]","[0.0, 2.0, 2.0, 2.236068]","[-6.0, -4.0, -3.0, -2.5]",[1.5],[0.0],[-4.0],[5.0],[4.8989797],[3.5],[5.0],[4.8989797],[3.5],0,1,0,0,0.0,0.0,0
78,19,6,2,"[0.0, 1.5, 4.0, 4.0, 4.5, 5.0, 5.5, 7.0, 7.0, 8.0]","[0.0, 1.4142135, 2.828427, 3.4641016, 3.4641016, 4.0, 5.477226, 6.708204, 6.928203, 7.937254]","[0.0, 0.0, 0.5, 1.0, 1.0, 1.5, 2.0, 2.0, 2.0, 2.5, 3.5, 3.5, 4.0, 4.0, 4.5, 4.5, 4.5, 6.0, 6.5]","[0.0, 0.0, 0.0, 0.0, 0.0, 0.0, 0.0, 1.0, 1.7320508, 2.4494898, 2.4494898, 2.6457512, 2.828427, 3.4641016, 3.8729835, 4.2426405, 4.472136, 5.91608, 6.3245554]","[-8.0, -6.0, -6.0, -5.5, -5.0, -5.0, -4.5, -4.5, -4.5, -4.5, -4.0, -3.5, -3.0, -3.0, -3.0, -3.0, -2.5, -1.0, -1.0]","[0.0, 0.0, 0.5, 1.0, 1.0, 2.0]","[0.0, 0.0, 0.0, 0.0, 1.0, 1.7320508]","[-8.0, -6.0, -5.0, -4.5, -3.0, -3.0]","[3.0, 4.0, 6.0, 6.0, 7.0, 7.5]","[2.236068, 3.8729835, 5.196152, 5.656854, 6.708204, 7.483315]","[-2.5, -0.5, 0.5, 2.0, 2.0, 2.0]","[3.0, 4.5]","[2.236068, 4.2426405]","[-2.5, -1.0]",4,1,1,1,1.0,3.0,1
248,1,1,1,"[0.0, 0.0, 1.0, 1.0, 1.5, 2.0, 3.0, 4.0, 4.5, 4.5]","[0.0, 0.0, 0.0, 0.0, 0.0, 1.0, 1.4142135, 1.7320508, 2.828427, 4.2426405]",[2.0],[2.0],[-1.0],[2.0],[2.0],[-1.0],[6.0],[5.656854],[2.5],[6.0],[5.656854],[2.5],0,1,0,0,0.0,0.0,1
35734,5,2,1,"[1.0, 1.0, 1.5, 2.0, 2.0, 2.5, 3.5, 5.0, 5.0, 7.5]","[0.0, 0.0, 1.0, 1.7320508, 1.7320508, 2.0, 3.1622777, 4.0, 5.0, 7.3484693]","[2.5, 2.5, 3.0, 3.5, 4.5]","[0.0, 0.0, 2.0, 2.828427, 3.1622777]","[-4.0, -3.0, -3.0, -2.0, -1.0]","[2.5, 2.5]","[0.0, 2.0]","[-3.0, -3.0]","[4.0, 4.5]","[3.4641016, 3.7416575]","[-2.5, 1.0]",[4.0],[3.8729835],[1.5],1,0,1,0,1.0,0.0,0
60144,2,2,1,"[0.0, 0.0, 0.5, 0.5, 1.0, 1.5, 2.0, 2.0, 3.5, 7.0]","[0.0, 0.0, 0.0, 0.0, 0.0, 0.0, 0.0, 0.0, 2.4494898, 6.708204]","[2.0, 3.5]","[0.0, 1.7320508]","[-3.5, -1.5]","[2.0, 3.5]","[0.0, 1.7320508]","[-3.5, -1.5]","[2.5, 3.5]","[2.4494898, 3.4641016]","[-1.5, 0.0]",[6.0],[6.0],[5.5],1,0,1,0,1.0,0.0,0
64729,5,2,1,"[0.5, 1.0, 1.0, 1.5, 1.5, 1.5, 2.5, 5.0, 5.0, 6.5]","[0.0, 0.0, 0.0, 1.0, 1.0, 1.4142135, 2.0, 3.0, 4.582576, 6.3245554]","[0.5, 1.0, 2.5, 3.0, 3.5]","[0.0, 0.0, 0.0, 0.0, 2.4494898]","[-4.5, -2.5, -2.5, -1.5, -1.0]","[0.5, 3.0]","[0.0, 0.0]","[-2.5, -1.5]","[2.5, 7.5]","[2.4494898, 7.483315]","[-2.0, 5.0]",[6.0],[5.656854],[5.5],1,0,1,0,1.0,0.0,0
69995,5,3,2,"[0.0, 1.0, 1.5, 1.5, 2.0, 2.0, 2.5, 3.0, 4.5, 7.0]","[0.0, 0.0, 0.0, 1.0, 1.4142135, 1.7320508, 2.0, 2.236068, 4.2426405, 6.708204]","[0.5, 1.5, 2.0, 3.5, 4.0]","[0.0, 0.0, 0.0, 0.0, 3.4641016]","[-5.5, -3.0, -2.5, -1.5, -1.0]","[0.5, 1.5, 3.5]","[0.0, 0.0, 3.4641016]","[-5.5, -2.5, -1.5]","[2.0, 2.5, 3.0]","[0.0, 0.0, 2.4494898]","[-1.5, -0.5, -0.5]","[2.0, 7.5]","[0.0, 7.3484693]","[-0.5, 7.0]",1,1,1,0,1.0,0.0,0
47783,6,2,1,"[0.5, 0.5, 1.0, 1.5, 2.0, 2.0, 3.0, 4.0, 5.0, 7.0]","[0.0, 0.0, 1.0, 1.4142135, 1.7320508, 2.0, 3.0, 3.4641016, 4.0, 6.708204]","[1.0, 1.0, 2.5, 3.0, 3.0, 3.0]","[0.0, 0.0, 0.0, 2.0, 2.236068, 2.828427]","[-5.5, -4.5, -3.0, -3.0, -2.5, -2.0]","[1.0, 1.0]","[0.0, 0.0]","[-4.5, -3.0]","[1.5, 3.0]","[1.4142135, 2.236068]","[-3.0, -1.5]",[9.0],[9.0],[7.0],1,0,1,0,1.0,0.0,0
47725,2,1,1,"[0.0, 0.0, 0.5, 1.5, 2.0, 2.5, 2.5, 3.0, 4.5, 6.0]","[0.0, 0.0, 0.0, 0.0, 0.0, 1.7320508, 2.4494898, 2.4494898, 4.2426405, 5.91608]","[2.0, 3.0]","[0.0, 1.7320508]","[-3.5, -3.0]",[2.0],[1.7320508],[-3.0],[5.0],[4.8989797],[2.0],[5.0],[4.8989797],[2.0],0,1,0,0,0.0,0.0,0
48546,1,1,1,"[0.5, 0.5, 0.5, 0.5, 1.0, 1.5, 2.5, 2.5, 2.5, 4.0]","[0.0, 0.0, 0.0, 0.0, 0.0, 0.0, 0.0, 2.4494898, 2.4494898, 3.4641016]",[2.0],[0.0],[-1.0],[2.0],[0.0],[-1.0],[3.5],[2.4494898],[3.5],[3.5],[2.4494898],[3.5],0,1,0,0,0.0,0.0,0
715,1,1,1,"[0.0, 1.0, 1.0, 1.5, 1.5, 1.5, 1.5, 2.0, 4.5, 5.0]","[0.0, 0.0, 0.0, 1.0, 1.4142135, 1.4142135, 1.4142135, 1.4142135, 1.7320508, 4.0]",[3.5],[0.0],[-1.0],[3.5],[0.0],[-1.0],[4.0],[2.6457512],[1.5],[4.0],[2.6457512],[1.5],0,1,0,0,0.0,0.0,1
46562,2,1,1,"[0.5, 0.5, 1.0, 1.5, 1.5, 1.5, 2.0, 3.0, 4.5, 6.5]","[0.0, 0.0, 0.0, 0.0, 0.0, 0.0, 0.0, 1.4142135, 1.4142135, 6.4807405]","[4.5, 4.5]","[3.7416575, 4.2426405]","[-3.5, -3.0]",[4.5],[4.2426405],[-3.0],[3.5],[3.4641016],[3.5],[3.5],[3.4641016],[3.5],0,1,0,0,0.0,0.0,0
652,2,1,1,"[0.0, 0.5, 0.5, 1.0, 1.0, 2.0, 2.0, 2.5, 7.0, 7.5]","[0.0, 0.0, 0.0, 0.0, 0.0, 0.0, 1.0, 2.0, 6.928203, 7.3484693]","[4.5, 6.0]","[2.828427, 5.91608]","[-2.5, -2.5]",[6.0],[5.91608],[-2.5],[4.5],[3.7416575],[-1.5],[4.5],[3.7416575],[-1.5],0,1,0,0,0.0,0.0,1
650,9,3,2,"[0.0, 1.0, 1.0, 2.0, 2.5, 3.5, 4.0, 4.0, 4.5, 8.0]","[0.0, 0.0, 0.0, 1.0, 1.7320508, 2.0, 2.6457512, 3.1622777, 4.472136, 7.937254]","[1.0, 1.0, 1.0, 2.5, 2.5, 3.0, 4.5, 4.5, 6.5]","[0.0, 0.0, 0.0, 1.0, 2.0, 2.0, 3.7416575, 4.2426405, 6.4807405]","[-5.5, -4.5, -3.5, -3.0, -3.0, -3.0, -2.0, -1.5, -1.0]","[1.0, 1.0, 2.5]","[0.0, 1.0, 2.0]","[-5.5, -3.0, -2.0]","[1.5, 5.5, 7.5]","[0.0, 4.8989797, 7.3484693]","[-3.5, 3.5, 4.0]","[1.5, 4.5]","[0.0, 4.2426405]","[-3.5, 3.5]",1,1,1,0,1.0,0.0,1
31061,2,2,1,"[0.0, 0.5, 1.0, 1.5, 2.0, 2.0, 2.5, 3.5, 5.0, 5.0]","[0.0, 0.0, 0.0, 1.0, 1.7320508, 1.7320508, 2.0, 3.0, 3.1622777, 5.0]","[2.0, 3.0]","[0.0, 2.828427]","[-2.0, -1.5]","[2.0, 3.0]","[0.0, 2.828427]","[-2.0, -1.5]","[1.0, 2.5]","[0.0, 2.4494898]","[-2.0, -0.5]",[7.0],[6.708204],[6.0],1,0,1,0,1.0,0.0,0
660,3,2,2,"[0.0, 0.5, 1.0, 1.5, 1.5, 2.0, 2.5, 3.0, 4.0, 4.5]","[0.0, 0.0, 0.0, 0.0, 0.0, 1.4142135, 2.0, 2.236068, 3.4641016, 4.2426405]","[2.5, 2.5, 3.5]","[0.0, 2.4494898, 3.4641016]","[-2.5, -2.0, -1.5]","[2.5, 2.5]","[0.0, 2.4494898]","[-2.5, -2.0]","[3.0, 6.5]","[2.236068, 6.3245554]","[1.5, 5.0]","[3.0, 6.5]","[2.236068, 6.3245554]","[1.5, 5.0]",0,2,0,0,0.0,0.0,1
266,1,1,1,"[0.0, 0.5, 1.0, 1.0, 1.0, 2.0, 3.0, 3.0, 3.5, 6.5]","[0.0, 0.0, 0.0, 0.0, 0.0, 0.0, 2.236068, 2.828427, 3.4641016, 6.0]",[1.0],[0.0],[-2.5],[1.0],[0.0],[-2.5],[3.5],[3.4641016],[0.5],[3.5],[3.4641016],[0.5],0,1,0,0,0.0,0.0,1
85174,1,1,1,"[0.0, 0.5, 0.5, 1.0, 2.0, 2.5, 2.5, 4.5, 4.5, 5.5]","[0.0, 0.0, 0.0, 0.0, 0.0, 0.0, 1.7320508, 3.7416575, 4.2426405, 4.8989797]",[3.5],[2.4494898],[-2.0],[3.5],[2.4494898],[-2.0],[2.5],[2.4494898],[0.5],[2.5],[2.4494898],[0.5],0,1,0,0,0.0,0.0,0
200,2,2,2,"[0.5, 0.5, 1.0, 1.0, 2.0, 3.5, 3.5, 4.0, 5.0, 5.5]","[0.0, 0.0, 0.0, 0.0, 0.0, 1.7320508, 3.4641016, 3.4641016, 4.2426405, 4.8989797]","[2.0, 4.0]","[1.7320508, 3.8729835]","[-4.0, -1.0]","[2.0, 4.0]","[1.7320508, 3.8729835]","[-4.0, -1.0]","[3.5, 4.5]","[0.0, 2.4494898]","[0.5, 0.5]","[3.5, 4.5]","[0.0, 2.4494898]","[0.5, 0.5]",0,2,0,0,0.0,0.0,1
899,4,3,2,"[0.0, 0.5, 1.0, 1.0, 1.5, 3.0, 3.0, 4.5, 5.0, 6.5]","[0.0, 0.0, 0.0, 0.0, 0.0, 3.0, 3.0, 4.472136, 4.582576, 6.3245554]","[1.0, 2.0, 2.5, 5.0]","[1.0, 2.0, 2.0, 5.0]","[-4.5, -3.0, -2.5, -2.5]","[1.0, 2.0, 2.5]","[1.0, 2.0, 2.0]","[-4.5, -3.0, -2.5]","[3.5, 4.0, 7.0]","[0.0, 3.4641016, 6.928203]","[-2.0, 0.5, 4.5]","[1.0, 3.5]","[0.0, 1.0]","[-1.0, 0.5]",1,1,1,0,1.0,0.0,1
98085,2,2,1,"[0.0, 0.0, 0.5, 1.0, 1.0, 2.5, 2.5, 3.0, 4.0, 6.5]","[0.0, 0.0, 0.0, 0.0, 0.0, 0.0, 1.0, 2.4494898, 2.4494898, 6.0]","[3.0, 4.5]","[2.236068, 2.828427]","[-3.0, -1.0]","[3.0, 4.5]","[2.236068, 2.828427]","[-3.0, -1.0]","[3.0, 5.0]","[2.236068, 4.0]","[-1.5, 3.0]",[5.0],[3.0],[5.0],1,0,1,0,1.0,0.0,0
54943,1,1,1,"[0.0, 0.5, 0.5, 1.5, 1.5, 2.0, 3.0, 3.5, 3.5, 4.5]","[0.0, 0.0, 0.0, 0.0, 0.0, 0.0, 1.7320508, 2.236068, 2.4494898, 3.4641016]",[5.0],[4.0],[-1.0],[5.0],[4.0],[-1.0],[7.0],[6.928203],[6.5],[7.0],[6.928203],[6.5],0,1,0,0,0.0,0.0,0
22393,1,1,1,"[0.5, 0.5, 1.0, 1.5, 2.0, 2.5, 2.5, 2.5, 4.0, 4.5]","[0.0, 0.0, 0.0, 0.0, 1.4142135, 1.7320508, 2.0, 2.0, 2.828427, 3.4641016]",[5.0],[4.582576],[-1.0],[5.0],[4.582576],[-1.0],[2.5],[0.0],[1.5],[2.5],[0.0],[1.5],0,1,0,0,0.0,0.0,0
90766,2,1,1,"[0.0, 0.0, 0.5, 0.5, 0.5, 1.0, 1.5, 2.5, 3.5, 6.5]","[0.0, 0.0, 0.0, 0.0, 0.0, 0.0, 0.0, 2.4494898, 3.4641016, 6.0]","[2.0, 4.5]","[0.0, 3.7416575]","[-3.0, -1.5]",[2.0],[0.0],[-3.0],[7.5],[7.3484693],[5.5],[7.5],[7.3484693],[5.5],0,1,0,0,0.0,0.0,0
340,1,1,1,"[0.0, 0.0, 0.0, 0.0, 1.0, 1.0, 1.5, 2.5, 3.5, 4.5]","[0.0, 0.0, 0.0, 0.0, 0.0, 0.0, 0.0, 0.0, 2.0, 4.2426405]",[2.5],[2.0],[-2.5],[2.5],[2.0],[-2.5],[5.0],[4.0],[3.0],[5.0],[4.0],[3.0],0,1,0,0,0.0,0.0,1
461,1,1,1,"[0.0, 0.0, 0.0, 0.5, 1.0, 2.0, 3.0, 3.5, 4.0, 7.0]","[0.0, 0.0, 0.0, 0.0, 0.0, 1.7320508, 2.828427, 3.1622777, 3.4641016, 6.708204]",[5.0],[4.582576],[-2.5],[5.0],[4.582576],[-2.5],[6.5],[6.0],[3.0],[6.5],[6.0],[3.0],0,1,0,0,0.0,0.0,1
621,1,1,1,"[0.0, 0.0, 0.5, 1.0, 1.5, 1.5, 2.0, 3.0, 5.0, 5.5]","[0.0, 0.0, 0.0, 0.0, 1.4142135, 1.4142135, 1.7320508, 2.828427, 4.582576, 5.477226]",[1.5],[1.4142135],[-3.5],[1.5],[1.4142135],[-3.5],[4.0],[3.8729835],[0.5],[4.0],[3.8729835],[0.5],0,1,0,0,0.0,0.0,1
66064,4,2,1,"[0.5, 0.5, 0.5, 0.5, 1.5, 1.5, 2.0, 2.5, 3.0, 8.5]","[0.0, 0.0, 0.0, 0.0, 0.0, 0.0, 0.0, 0.0, 1.7320508, 8.485281]","[2.5, 3.5, 4.5, 5.0]","[0.0, 2.0, 3.7416575, 4.0]","[-5.0, -2.5, -1.0, -1.0]","[2.5, 3.5]","[0.0, 2.0]","[-5.0, -1.0]","[2.0, 4.5]","[1.7320508, 4.2426405]","[-2.0, 0.0]",[5.5],[5.477226],[5.5],1,0,1,0,1.0,0.0,0
164,6,3,1,"[0.5, 0.5, 1.0, 1.0, 1.5, 1.5, 4.0, 5.5, 6.5, 8.0]","[0.0, 0.0, 0.0, 1.0, 1.4142135, 1.4142135, 2.6457512, 5.2915025, 6.0, 7.937254]","[0.5, 2.0, 3.0, 3.5, 3.5, 4.0]","[0.0, 1.7320508, 2.4494898, 3.0, 3.4641016, 3.4641016]","[-6.0, -5.0, -3.5, -3.5, -2.5, -1.0]","[0.5, 3.5, 4.0]","[0.0, 2.4494898, 3.4641016]","[-6.0, -2.5, -1.0]","[3.0, 5.5, 7.0]","[3.0, 5.477226, 6.928203]","[-5.0, 1.5, 3.0]",[4.5],[0.0],[0.5],2,0,1,0,2.0,0.0,1
592,14,4,2,"[1.0, 1.5, 1.5, 2.5, 4.0, 4.5, 4.5, 5.0, 6.5, 8.5]","[0.0, 0.0, 0.0, 0.0, 2.828427, 2.828427, 4.0, 4.0, 6.3245554, 8.485281]","[0.0, 0.5, 0.5, 0.5, 1.5, 2.0, 2.5, 3.0, 3.5, 3.5, 4.5, 5.0, 5.0, 5.5]","[0.0, 0.0, 0.0, 0.0, 1.4142135, 2.0, 2.0, 3.0, 3.1622777, 3.4641016, 4.472136, 4.582576, 4.8989797, 5.477226]","[-7.0, -6.0, -5.5, -5.0, -5.0, -4.5, -4.5, -4.0, -3.0, -2.5, -2.0, -1.5, -1.5, -1.0]","[0.0, 0.5, 0.5, 3.0]","[0.0, 0.0, 0.0, 3.0]","[-5.0, -5.0, -4.0, -1.5]","[3.0, 3.5, 5.5, 6.5]","[0.0, 3.4641016, 5.2915025, 6.3245554]","[-4.5, -3.0, -0.5, 5.0]","[5.0, 7.5]","[4.582576, 7.3484693]","[-1.5, 3.5]",2,0,2,0,1.0,0.0,1
494,1,1,1,"[0.0, 0.0, 0.0, 0.5, 0.5, 0.5, 2.0, 3.0, 6.0, 9.0]","[0.0, 0.0, 0.0, 0.0, 0.0, 0.0, 0.0, 2.236068, 5.91608, 9.0]",[2.0],[1.7320508],[-6.0],[2.0],[1.7320508],[-6.0],[7.0],[7.0],[0.0],[7.0],[7.0],[0.0],0,1,0,0,0.0,0.0,1
13214,1,1,1,"[1.0, 1.0, 1.5, 1.5, 2.0, 2.0, 2.0, 2.5, 3.0, 5.5]","[0.0, 0.0, 0.0, 0.0, 0.0, 1.7320508, 1.7320508, 1.7320508, 2.236068, 4.2426405]",[2.5],[2.0],[-3.0],[2.5],[2.0],[-3.0],[3.5],[2.4494898],[2.5],[3.5],[2.4494898],[2.5],0,1,0,0,0.0,0.0,0
69741,5,3,2,"[1.0, 1.0, 1.0, 1.5, 2.0, 2.0, 3.5, 4.0, 6.5, 6.5]","[0.0, 0.0, 0.0, 0.0, 1.4142135, 1.7320508, 2.4494898, 3.8729835, 6.0, 6.0]","[1.5, 2.0, 2.0, 2.5, 3.5]","[0.0, 1.4142135, 1.7320508, 1.7320508, 2.4494898]","[-4.0, -3.0, -2.5, -2.5, -2.0]","[1.5, 2.0, 3.5]","[0.0, 1.4142135, 1.7320508]","[-3.0, -2.5, -2.5]","[4.0, 4.5, 5.5]","[2.828427, 3.8729835, 5.477226]","[-1.0, 0.0, 3.0]","[4.5, 4.5]","[2.828427, 4.472136]","[0.0, 3.5]",1,1,1,0,1.0,0.0,0
97559,1,1,1,"[0.5, 1.0, 1.5, 2.0, 2.0, 3.0, 3.0, 3.5, 4.0, 4.5]","[0.0, 0.0, 0.0, 0.0, 1.4142135, 1.7320508, 2.0, 2.828427, 3.4641016, 4.472136]",[5.5],[5.477226],[-1.0],[5.5],[5.477226],[-1.0],[4.0],[2.6457512],[3.0],[4.0],[2.6457512],[3.0],0,1,0,0,0.0,0.0,0
676,2,2,2,"[0.0, 0.0, 0.5, 0.5, 1.0, 2.0, 2.5, 3.0, 4.0, 6.5]","[0.0, 0.0, 0.0, 0.0, 0.0, 1.0, 2.4494898, 2.6457512, 2.828427, 6.0]","[1.5, 4.0]","[1.4142135, 2.6457512]","[-2.5, -2.0]","[1.5, 4.0]","[1.4142135, 2.6457512]","[-2.5, -2.0]","[2.5, 5.5]","[0.0, 4.8989797]","[0.5, 3.5]","[2.5, 5.5]","[0.0, 4.8989797]","[0.5, 3.5]",0,2,0,0,0.0,0.0,1
947,2,2,2,"[0.0, 0.0, 0.5, 1.0, 1.0, 1.5, 2.0, 2.0, 5.0, 5.5]","[0.0, 0.0, 0.0, 1.0, 1.0, 1.4142135, 1.7320508, 2.0, 4.2426405, 4.582576]","[1.0, 2.5]","[0.0, 0.0]","[-5.0, -1.5]","[1.0, 2.5]","[0.0, 0.0]","[-5.0, -1.5]","[4.5, 5.5]","[2.828427, 4.8989797]","[3.0, 3.0]","[4.5, 5.5]","[2.828427, 4.8989797]","[3.0, 3.0]",0,2,0,0,0.0,0.0,1
66098,3,2,1,"[0.0, 0.0, 0.5, 1.5, 1.5, 2.0, 2.0, 2.0, 3.0, 7.5]","[0.0, 0.0, 0.0, 0.0, 0.0, 0.0, 2.0, 2.0, 3.0, 7.483315]","[2.5, 3.5, 4.0]","[0.0, 2.0, 3.4641016]","[-2.0, -1.5, -1.0]","[2.5, 4.0]","[2.0, 3.4641016]","[-2.0, -1.5]","[1.0, 5.0]","[1.0, 4.0]","[-2.5, 0.0]",[6.5],[6.0],[5.5],1,0,1,0,1.0,0.0,0
229,1,1,1,"[0.0, 1.0, 1.5, 1.5, 1.5, 2.5, 4.0, 4.0, 4.5, 5.0]","[0.0, 0.0, 0.0, 1.4142135, 1.4142135, 2.4494898, 2.6457512, 2.6457512, 3.7416575, 4.0]",[3.5],[0.0],[-4.0],[3.5],[0.0],[-4.0],[2.5],[0.0],[1.0],[2.5],[0.0],[1.0],0,1,0,0,0.0,0.0,1
500,28,5,2,"[1.0, 3.5, 4.0, 4.5, 4.5, 5.5, 5.5, 6.5, 7.0, 7.5]","[0.0, 2.4494898, 3.7416575, 3.7416575, 3.8729835, 4.2426405, 4.8989797, 6.4807405, 6.708204, 7.3484693]","[0.0, 0.5, 0.5, 1.0, 1.0, 1.0, 1.5, 2.0, 2.0, 2.0, 2.5, 2.5, 3.0, 3.0, 3.0, 3.0, 3.0, 3.5, 3.5, 3.5, 4.0, 4.0, 4.5, 4.5, 4.5, 4.5, 5.0, 5.5]","[0.0, 0.0, 0.0, 0.0, 0.0, 0.0, 0.0, 0.0, 0.0, 0.0, 1.7320508, 1.7320508, 2.0, 2.236068, 2.236068, 2.4494898, 2.828427, 2.828427, 2.828427, 3.4641016, 3.8729835, 3.8729835, 4.0, 4.2426405, 4.2426405, 4.472136, 4.472136, 5.2915025]","[-6.5, -6.5, -6.0, -6.0, -6.0, -5.5, -5.0, -4.0, -4.0, -4.0, -3.5, -3.5, -3.5, -3.5, -3.5, -3.0, -3.0, -3.0, -3.0, -2.5, -2.5, -2.5, -2.5, -2.5, -1.5, -1.5, -1.5, -1.5]","[0.0, 0.5, 0.5, 1.0, 2.0]","[0.0, 0.0, 0.0, 0.0, 1.7320508]","[-6.5, -6.0, -5.5, -5.0, -4.0]","[0.5, 1.0, 2.5, 5.5, 6.5]","[0.0, 0.0, 2.0, 4.8989797, 6.0]","[-6.5, -4.0, 0.0, 0.0, 4.5]","[2.5, 6.5]","[2.0, 6.0]","[0.0, 3.0]",3,1,1,1,1.0,2.0,1
678,25,3,3,"[1.5, 3.0, 3.5, 4.0, 4.5, 5.0, 5.5, 5.5, 6.5, 8.5]","[0.0, 0.0, 0.0, 2.6457512, 4.2426405, 4.582576, 4.8989797, 5.477226, 6.0, 8.485281]","[0.0, 0.0, 0.5, 0.5, 0.5, 1.0, 1.5, 1.5, 1.5, 2.0, 2.0, 2.5, 2.5, 2.5, 3.0, 3.0, 3.5, 3.5, 3.5, 3.5, 5.0, 5.5, 5.5, 5.5, 5.5]","[0.0, 0.0, 0.0, 0.0, 0.0, 0.0, 0.0, 1.4142135, 1.4142135, 1.4142135, 1.7320508, 2.0, 2.0, 2.236068, 2.236068, 2.4494898, 2.4494898, 2.4494898, 3.1622777, 3.4641016, 4.582576, 4.8989797, 5.2915025, 5.477226, 5.477226]","[-8.0, -7.0, -7.0, -6.5, -6.0, -5.5, -5.5, -5.0, -4.5, -4.5, -4.5, -4.0, -4.0, -3.5, -3.5, -3.0, -2.5, -2.5, -2.5, -2.5, -2.5, -2.0, -2.0, -1.5, -1.0]","[0.0, 0.0, 0.5]","[0.0, 0.0, 0.0]","[-7.0, -7.0, -6.5]","[0.5, 3.0, 8.0]","[0.0, 0.0, 8.0]","[-1.5, -1.0, 3.0]","[0.5, 3.0, 8.0]","[0.0, 0.0, 8.0]","[-1.5, -1.0, 3.0]",0,3,0,0,0.0,0.0,1
28359,3,2,2,"[0.5, 1.0, 1.0, 1.5, 1.5, 1.5, 2.5, 3.0, 3.0, 4.5]","[0.0, 0.0, 0.0, 0.0, 0.0, 0.0, 0.0, 1.0, 1.4142135, 4.472136]","[2.0, 2.5, 2.5]","[0.0, 2.0, 2.4494898]","[-3.0, -2.5, -1.5]","[2.0, 2.5]","[0.0, 2.4494898]","[-2.5, -1.5]","[1.5, 8.0]","[1.4142135, 8.0]","[1.0, 6.0]","[1.5, 8.0]","[1.4142135, 8.0]","[1.0, 6.0]",0,2,0,0,0.0,0.0,0
427,1,1,1,"[0.0, 0.0, 1.0, 1.5, 2.0, 2.5, 3.0, 3.0, 3.0, 4.0]","[0.0, 0.0, 0.0, 0.0, 1.0, 1.7320508, 2.236068, 2.236068, 2.4494898, 3.0]",[2.0],[2.0],[-3.5],[2.0],[2.0],[-3.5],[1.5],[0.0],[0.5],[1.5],[0.0],[0.5],0,1,0,0,0.0,0.0,1
440,3,2,2,"[0.5, 0.5, 0.5, 1.0, 1.5, 1.5, 2.0, 4.5, 5.0, 5.0]","[0.0, 0.0, 0.0, 0.0, 0.0, 1.4142135, 1.4142135, 2.0, 4.582576, 5.0]","[1.5, 3.0, 3.5]","[0.0, 0.0, 2.4494898]","[-5.0, -3.5, -2.5]","[1.5, 3.5]","[0.0, 2.4494898]","[-3.5, -2.5]","[4.0, 9.0]","[3.8729835, 9.0]","[4.0, 5.0]","[4.0, 9.0]","[3.8729835, 9.0]","[4.0, 5.0]",0,2,0,0,0.0,0.0,1
34184,4,3,2,"[0.0, 0.0, 0.5, 1.0, 1.0, 2.0, 2.5, 5.0, 6.5, 6.5]","[0.0, 0.0, 0.0, 0.0, 0.0, 0.0, 0.0, 4.0, 6.0, 6.3245554]","[1.0, 2.5, 3.0, 4.5]","[0.0, 2.4494898, 2.828427, 4.472136]","[-5.5, -4.0, -2.0, -2.0]","[1.0, 2.5, 4.5]","[0.0, 2.4494898, 4.472136]","[-5.5, -2.0, -2.0]","[1.0, 3.5, 4.0]","[0.0, 0.0, 3.4641016]","[-3.5, -1.5, 2.0]","[3.5, 8.5]","[0.0, 8.485281]","[-1.5, 8.5]",1,1,1,0,1.0,0.0,0
12410,1,1,1,"[0.0, 0.5, 0.5, 2.0, 2.0, 3.0, 3.0, 3.0, 3.5, 5.0]","[0.0, 0.0, 0.0, 0.0, 0.0, 1.7320508, 2.236068, 2.828427, 3.1622777, 4.8989797]",[1.0],[1.0],[-3.5],[1.0],[1.0],[-3.5],[3.0],[2.828427],[0.5],[3.0],[2.828427],[0.5],0,1,0,0,0.0,0.0,0
348,3,2,2,"[0.0, 0.5, 2.0, 2.0, 2.5, 2.5, 3.0, 3.5, 4.0, 4.5]","[0.0, 0.0, 0.0, 0.0, 0.0, 0.0, 0.0, 2.0, 2.828427, 3.4641016]","[1.5, 2.0, 4.0]","[0.0, 1.4142135, 3.8729835]","[-4.0, -4.0, -3.5]","[1.5, 4.0]","[1.4142135, 3.8729835]","[-4.0, -4.0]","[2.5, 5.5]","[2.0, 5.2915025]","[2.5, 4.5]","[2.5, 5.5]","[2.0, 5.2915025]","[2.5, 4.5]",0,2,0,0,0.0,0.0,1
60428,2,1,1,"[1.0, 1.0, 1.5, 2.0, 2.0, 2.5, 2.5, 3.0, 3.0, 4.5]","[0.0, 0.0, 0.0, 0.0, 1.0, 1.7320508, 1.7320508, 2.236068, 2.828427, 3.0]","[3.0, 5.5]","[2.236068, 5.2915025]","[-2.5, -1.0]",[3.0],[2.236068],[-2.5],[6.5],[6.4807405],[5.5],[6.5],[6.4807405],[5.5],0,1,0,0,0.0,0.0,0
75949,3,2,1,"[0.5, 1.5, 2.0, 2.0, 2.0, 2.0, 2.5, 3.5, 5.0, 5.0]","[0.0, 0.0, 0.0, 0.0, 0.0, 2.0, 2.0, 2.4494898, 4.582576, 4.8989797]","[1.0, 2.5, 5.5]","[0.0, 2.4494898, 5.477226]","[-3.0, -1.5, -1.0]","[1.0, 2.5]","[0.0, 2.4494898]","[-3.0, -1.0]","[2.0, 6.0]","[1.7320508, 5.656854]","[-1.5, 4.5]",[3.5],[3.1622777],[3.5],1,0,1,0,1.0,0.0,0
287,2,1,1,"[0.0, 0.0, 0.5, 0.5, 0.5, 1.5, 2.0, 2.5, 5.0, 7.0]","[0.0, 0.0, 0.0, 0.0, 0.0, 0.0, 0.0, 2.0, 4.0, 6.708204]","[3.0, 4.5]","[2.828427, 3.7416575]","[-5.5, -1.5]",[3.0],[2.828427],[-5.5],[7.5],[7.483315],[4.0],[7.5],[7.483315],[4.0],0,1,0,0,0.0,0.0,1
41195,2,2,2,"[0.0, 0.5, 1.0, 1.5, 1.5, 2.5, 4.0, 4.0, 5.0, 5.5]","[0.0, 0.0, 0.0, 0.0, 0.0, 0.0, 0.0, 3.8729835, 4.582576, 5.2915025]","[1.5, 2.5]","[1.4142135, 2.0]","[-3.5, -2.5]","[1.5, 2.5]","[1.4142135, 2.0]","[-3.5, -2.5]","[4.5, 5.5]","[4.472136, 4.8989797]","[1.0, 3.0]","[4.5, 5.5]","[4.472136, 4.8989797]","[1.0, 3.0]",0,2,0,0,0.0,0.0,0
13893,6,3,2,"[0.5, 1.0, 1.5, 1.5, 1.5, 2.0, 2.5, 4.5, 5.0, 8.0]","[0.0, 1.0, 1.4142135, 1.4142135, 1.4142135, 2.0, 2.0, 4.0, 4.472136, 8.0]","[1.5, 2.0, 2.0, 2.5, 3.0, 4.0]","[0.0, 0.0, 2.0, 2.0, 2.6457512, 3.0]","[-5.0, -4.5, -3.0, -3.0, -2.5, -1.0]","[1.5, 2.0, 4.0]","[0.0, 2.0, 2.6457512]","[-4.5, -3.0, -1.0]","[2.5, 4.5, 7.0]","[0.0, 0.0, 6.708204]","[-2.0, 0.0, 4.0]","[3.0, 7.0]","[2.828427, 6.708204]","[2.0, 4.0]",1,1,1,0,1.0,0.0,0
21,2,1,1,"[0.0, 0.5, 1.0, 1.5, 1.5, 1.5, 3.0, 4.0, 4.5, 4.5]","[0.0, 0.0, 0.0, 0.0, 1.0, 1.4142135, 2.6457512, 2.828427, 3.7416575, 4.472136]","[0.5, 3.5]","[0.0, 3.4641016]","[-4.5, -2.5]",[0.5],[0.0],[-4.5],[3.0],[0.0],[2.5],[3.0],[0.0],[2.5],0,1,0,0,0.0,0.0,1
456,17,6,3,"[1.0, 1.5, 2.0, 3.0, 3.5, 3.5, 5.0, 5.0, 5.0, 7.5]","[0.0, 0.0, 1.4142135, 1.7320508, 3.4641016, 3.4641016, 4.8989797, 4.8989797, 4.8989797, 7.3484693]","[0.5, 0.5, 0.5, 1.0, 1.0, 1.0, 1.5, 1.5, 1.5, 2.0, 2.5, 2.5, 2.5, 2.5, 3.0, 3.0, 4.5]","[0.0, 0.0, 0.0, 0.0, 0.0, 0.0, 0.0, 0.0, 1.0, 1.0, 1.4142135, 1.4142135, 2.0, 2.4494898, 3.0, 3.0, 4.472136]","[-5.5, -4.5, -3.5, -3.5, -3.5, -3.5, -3.5, -3.0, -3.0, -3.0, -2.5, -2.5, -2.0, -2.0, -2.0, -2.0, -2.0]","[0.5, 0.5, 0.5, 1.5, 2.0, 3.0]","[0.0, 0.0, 0.0, 0.0, 0.0, 3.0]","[-5.5, -4.5, -3.5, -3.0, -2.0, -2.0]","[1.5, 2.5, 4.0, 4.5, 5.0, 5.5]","[1.4142135, 2.4494898, 3.4641016, 4.472136, 4.8989797, 5.477226]","[-3.5, -3.0, -1.0, 1.0, 2.0, 4.5]","[2.5, 3.5, 5.0]","[0.0, 2.4494898, 4.8989797]","[-1.5, 1.0, 4.5]",3,2,1,0,3.0,0.0,1
6739,1,1,1,"[1.0, 1.0, 1.0, 1.5, 1.5, 1.5, 2.0, 3.0, 3.5, 6.5]","[0.0, 0.0, 0.0, 1.0, 1.0, 1.4142135, 1.4142135, 2.236068, 2.4494898, 6.3245554]",[1.5],[1.4142135],[-3.5],[1.5],[1.4142135],[-3.5],[7.5],[7.3484693],[4.5],[7.5],[7.3484693],[4.5],0,1,0,0,0.0,0.0,0
62808,1,1,1,"[0.0, 0.5, 0.5, 1.0, 1.5, 2.0, 2.0, 2.5, 2.5, 4.5]","[0.0, 0.0, 0.0, 0.0, 0.0, 0.0, 0.0, 1.0, 2.0, 2.828427]",[1.0],[0.0],[-3.5],[1.0],[0.0],[-3.5],[3.5],[0.0],[2.5],[3.5],[0.0],[2.5],0,1,0,0,0.0,0.0,0
58,2,2,1,"[0.0, 0.0, 0.5, 0.5, 2.0, 2.5, 3.0, 4.5, 4.5, 5.5]","[0.0, 0.0, 0.0, 0.0, 0.0, 0.0, 2.828427, 4.472136, 4.472136, 5.2915025]","[2.5, 2.5]","[2.0, 2.4494898]","[-3.5, -2.0]","[2.5, 2.5]","[2.0, 2.4494898]","[-3.5, -2.0]","[1.5, 6.5]","[1.4142135, 6.4807405]","[-2.0, 2.5]",[2.0],[0.0],[0.0],1,0,1,0,1.0,0.0,1
65206,4,2,2,"[0.5, 0.5, 1.0, 1.0, 1.5, 3.5, 4.5, 4.5, 5.5, 6.5]","[0.0, 0.0, 0.0, 0.0, 1.4142135, 2.828427, 3.4641016, 4.2426405, 5.2915025, 6.4807405]","[1.5, 3.0, 4.0, 6.0]","[1.4142135, 2.236068, 3.4641016, 5.91608]","[-4.5, -2.5, -1.5, -1.0]","[1.5, 4.0]","[1.4142135, 3.4641016]","[-4.5, -2.5]","[5.0, 6.5]","[4.0, 6.4807405]","[1.0, 3.0]","[5.0, 6.5]","[4.0, 6.4807405]","[1.0, 3.0]",0,2,0,0,0.0,0.0,0
48533,6,2,1,"[1.0, 1.0, 1.5, 1.5, 1.5, 1.5, 2.5, 2.5, 3.5, 6.5]","[0.0, 0.0, 0.0, 0.0, 0.0, 0.0, 0.0, 0.0, 3.4641016, 6.4807405]","[2.0, 2.5, 2.5, 2.5, 3.0, 3.0]","[0.0, 0.0, 2.0, 2.4494898, 2.828427, 2.828427]","[-3.5, -2.5, -2.5, -2.0, -2.0, -2.0]","[2.0, 3.0]","[2.0, 2.828427]","[-3.5, -2.0]","[2.0, 7.5]","[1.7320508, 7.3484693]","[-1.0, 4.0]",[5.0],[3.0],[5.0],1,0,1,0,1.0,0.0,0
99983,2,2,2,"[0.0, 1.0, 1.0, 1.5, 1.5, 1.5, 2.5, 2.5, 2.5, 6.0]","[0.0, 0.0, 0.0, 0.0, 0.0, 1.0, 2.0, 2.0, 2.0, 5.656854]","[1.5, 3.5]","[0.0, 0.0]","[-2.0, -2.0]","[1.5, 3.5]","[0.0, 0.0]","[-2.0, -2.0]","[4.5, 4.5]","[0.0, 4.472136]","[2.5, 4.0]","[4.5, 4.5]","[0.0, 4.472136]","[2.5, 4.0]",0,2,0,0,0.0,0.0,0
293,4,1,1,"[0.0, 0.5, 1.5, 1.5, 2.0, 2.0, 2.5, 3.5, 4.0, 4.5]","[0.0, 0.0, 0.0, 0.0, 0.0, 1.4142135, 2.4494898, 2.4494898, 3.8729835, 4.472136]","[1.5, 1.5, 2.0, 3.5]","[0.0, 0.0, 1.4142135, 3.1622777]","[-3.0, -3.0, -2.0, -1.5]",[1.5],[0.0],[-3.0],[1.5],[0.0],[-0.5],[1.5],[0.0],[-0.5],0,1,0,0,0.0,0.0,1
57660,7,2,1,"[0.5, 0.5, 1.0, 1.5, 1.5, 2.0, 3.0, 4.5, 6.5, 7.5]","[0.0, 0.0, 0.0, 1.0, 1.4142135, 1.7320508, 2.828427, 3.0, 6.3245554, 7.483315]","[1.5, 1.5, 3.0, 3.5, 3.5, 3.5, 5.5]","[0.0, 0.0, 0.0, 1.4142135, 1.4142135, 3.1622777, 5.477226]","[-4.5, -4.0, -2.5, -2.0, -2.0, -2.0, -1.0]","[1.5, 3.5]","[1.4142135, 3.1622777]","[-4.5, -2.5]","[5.5, 7.5]","[5.477226, 7.3484693]","[2.0, 2.5]",[6.5],[6.4807405],[4.5],1,0,1,0,1.0,0.0,0
136,1,1,1,"[0.5, 0.5, 0.5, 1.0, 2.0, 2.0, 2.5, 2.5, 4.0, 4.0]","[0.0, 0.0, 0.0, 0.0, 0.0, 1.7320508, 2.0, 2.4494898, 2.6457512, 3.8729835]",[3.0],[3.0],[-3.0],[3.0],[3.0],[-3.0],[7.5],[7.483315],[7.0],[7.5],[7.483315],[7.0],0,1,0,0,0.0,0.0,1
209,4,3,2,"[0.0, 0.5, 0.5, 0.5, 1.0, 2.0, 2.0, 3.0, 4.5, 8.5]","[0.0, 0.0, 0.0, 0.0, 0.0, 0.0, 1.0, 1.7320508, 4.472136, 8.485281]","[0.5, 1.5, 3.0, 3.5]","[0.0, 1.4142135, 3.0, 3.1622777]","[-4.0, -4.0, -3.5, -2.0]","[0.5, 1.5, 3.5]","[0.0, 1.4142135, 3.1622777]","[-4.0, -4.0, -2.0]","[3.5, 5.0, 5.5]","[3.1622777, 4.2426405, 4.8989797]","[-1.5, 1.5, 2.0]","[2.0, 5.0]","[0.0, 4.8989797]","[1.5, 2.0]",1,1,1,0,1.0,0.0,1
601,1,1,1,"[0.5, 0.5, 0.5, 0.5, 1.0, 2.0, 3.0, 3.0, 3.5, 6.0]","[0.0, 0.0, 0.0, 0.0, 0.0, 0.0, 0.0, 2.0, 2.4494898, 5.91608]",[1.5],[0.0],[-3.0],[1.5],[0.0],[-3.0],[5.5],[4.2426405],[3.0],[5.5],[4.2426405],[3.0],0,1,0,0,0.0,0.0,1
45604,4,2,1,"[0.5, 0.5, 1.0, 2.0, 2.0, 2.5, 2.5, 2.5, 3.0, 8.5]","[0.0, 0.0, 0.0, 1.7320508, 1.7320508, 2.0, 2.0, 2.0, 2.828427, 8.485281]","[3.0, 4.0, 4.5, 5.0]","[0.0, 2.6457512, 3.7416575, 4.0]","[-2.0, -1.5, -1.5, -1.0]","[3.0, 4.5]","[0.0, 3.7416575]","[-2.0, -1.5]","[4.0, 6.0]","[3.8729835, 5.656854]","[-2.5, 1.0]",[5.5],[5.477226],[2.5],1,0,1,0,1.0,0.0,0
81867,4,2,1,"[0.0, 0.0, 2.0, 2.0, 2.5, 2.5, 3.0, 3.5, 4.0, 8.5]","[0.0, 0.0, 0.0, 1.7320508, 1.7320508, 2.4494898, 2.828427, 3.4641016, 3.8729835, 8.485281]","[2.0, 3.5, 4.5, 4.5]","[0.0, 0.0, 3.7416575, 4.2426405]","[-4.0, -3.0, -1.5, -1.5]","[2.0, 4.5]","[0.0, 4.2426405]","[-4.0, -1.5]","[3.5, 7.0]","[3.1622777, 6.708204]","[-2.5, 2.5]",[6.0],[5.656854],[4.0],1,0,1,0,1.0,0.0,0
98232,4,2,1,"[0.5, 0.5, 1.5, 1.5, 1.5, 2.0, 2.0, 2.5, 3.0, 6.0]","[0.0, 0.0, 0.0, 0.0, 1.4142135, 1.4142135, 1.7320508, 2.0, 2.236068, 6.0]","[1.0, 2.5, 2.5, 3.0]","[0.0, 0.0, 2.0, 2.236068]","[-3.5, -2.5, -1.5, -1.5]","[1.0, 2.5]","[0.0, 0.0]","[-3.5, -1.5]","[3.0, 3.0]","[2.828427, 3.0]","[-0.5, -0.5]",[8.5],[8.485281],[7.5],1,0,1,0,1.0,0.0,0
17559,2,2,1,"[0.0, 1.0, 1.0, 1.5, 2.0, 2.0, 2.0, 2.0, 3.0, 6.0]","[0.0, 0.0, 0.0, 0.0, 1.0, 1.7320508, 1.7320508, 1.7320508, 2.0, 5.656854]","[1.5, 5.0]","[0.0, 4.582576]","[-2.0, -1.5]","[1.5, 5.0]","[0.0, 4.582576]","[-2.0, -1.5]","[2.5, 6.5]","[2.4494898, 6.3245554]","[-1.5, 4.5]",[6.5],[6.0],[6.5],1,0,1,0,1.0,0.0,0
434,1,1,1,"[0.0, 0.5, 0.5, 1.5, 1.5, 1.5, 2.5, 2.5, 3.5, 5.5]","[0.0, 0.0, 0.0, 1.4142135, 1.4142135, 1.4142135, 2.0, 2.4494898, 2.4494898, 5.477226]",[3.5],[3.1622777],[-2.0],[3.5],[3.1622777],[-2.0],[8.5],[8.485281],[5.0],[8.5],[8.485281],[5.0],0,1,0,0,0.0,0.0,1
92783,7,3,2,"[1.5, 1.5, 1.5, 2.0, 2.5, 3.0, 3.0, 5.0, 6.0, 6.0]","[0.0, 0.0, 0.0, 1.4142135, 1.4142135, 1.7320508, 2.4494898, 3.0, 5.656854, 5.91608]","[1.5, 1.5, 3.0, 3.0, 3.0, 3.5, 5.0]","[0.0, 0.0, 1.4142135, 2.236068, 2.4494898, 2.828427, 4.0]","[-4.5, -4.0, -3.0, -2.0, -1.5, -1.0, -1.0]","[1.5, 3.0, 3.5]","[0.0, 0.0, 2.4494898]","[-3.0, -2.0, -1.0]","[3.5, 4.0, 4.5]","[2.4494898, 3.8729835, 4.472136]","[-0.5, 0.5, 3.5]","[4.0, 4.0]","[0.0, 3.8729835]","[2.0, 3.5]",1,1,1,0,1.0,0.0,0
431,5,2,2,"[0.0, 0.5, 0.5, 1.0, 1.5, 2.5, 3.0, 4.0, 4.0, 6.5]","[0.0, 0.0, 0.0, 0.0, 0.0, 0.0, 0.0, 2.0, 2.236068, 6.4807405]","[2.0, 3.0, 3.5, 4.0, 5.0]","[1.7320508, 2.236068, 2.4494898, 4.0, 4.582576]","[-4.5, -4.5, -3.5, -1.5, -1.0]","[2.0, 4.0]","[1.7320508, 4.0]","[-4.5, -3.5]","[3.5, 3.5]","[0.0, 0.0]","[0.5, 3.0]","[3.5, 3.5]","[0.0, 0.0]","[0.5, 3.0]",0,2,0,0,0.0,0.0,1
326,3,2,2,"[0.5, 0.5, 0.5, 0.5, 1.0, 2.5, 3.5, 4.5, 4.5, 5.0]","[0.0, 0.0, 0.0, 0.0, 0.0, 2.4494898, 3.1622777, 3.7416575, 4.472136, 5.0]","[1.0, 1.5, 2.0]","[0.0, 0.0, 1.7320508]","[-4.5, -3.0, -1.5]","[1.0, 2.0]","[0.0, 1.7320508]","[-3.0, -1.5]","[2.0, 7.0]","[0.0, 6.708204]","[1.0, 3.0]","[2.0, 7.0]","[0.0, 6.708204]","[1.0, 3.0]",0,2,0,0,0.0,0.0,1
64476,2,2,1,"[0.5, 0.5, 1.0, 1.5, 1.5, 1.5, 2.0, 3.0, 3.5, 4.5]","[0.0, 0.0, 0.0, 0.0, 0.0, 0.0, 1.0, 1.4142135, 3.4641016, 4.472136]","[1.0, 2.0]","[0.0, 1.7320508]","[-2.5, -2.5]","[1.0, 2.0]","[0.0, 1.7320508]","[-2.5, -2.5]","[1.0, 5.0]","[1.0, 4.582576]","[-1.0, 1.5]",[5.5],[5.477226],[3.5],1,0,1,0,1.0,0.0,0
925,4,3,1,"[0.0, 0.0, 1.0, 1.0, 1.0, 1.5, 2.5, 6.0, 6.5, 7.0]","[0.0, 0.0, 0.0, 0.0, 0.0, 1.0, 1.4142135, 5.91608, 6.3245554, 6.928203]","[2.5, 2.5, 3.5, 4.0]","[2.0, 2.4494898, 3.1622777, 3.8729835]","[-5.5, -2.5, -2.0, -1.0]","[2.5, 2.5, 3.5]","[2.0, 2.4494898, 3.1622777]","[-5.5, -2.0, -1.0]","[4.5, 5.0, 5.5]","[2.828427, 3.0, 4.2426405]","[-2.5, -1.0, 1.0]",[4.0],[3.4641016],[0.0],2,0,1,0,2.0,0.0,1
738,2,1,1,"[0.5, 1.0, 1.5, 1.5, 2.0, 2.5, 2.5, 3.0, 5.0, 7.5]","[0.0, 0.0, 0.0, 0.0, 1.0, 1.4142135, 1.4142135, 1.7320508, 5.0, 7.3484693]","[1.0, 2.0]","[0.0, 0.0]","[-2.5, -1.5]",[2.0],[0.0],[-2.5],[7.5],[7.483315],[2.5],[7.5],[7.483315],[2.5],0,1,0,0,0.0,0.0,1
31719,1,1,1,"[0.0, 0.5, 0.5, 1.0, 1.0, 1.5, 1.5, 2.0, 2.5, 6.0]","[0.0, 0.0, 0.0, 0.0, 0.0, 1.0, 1.4142135, 1.7320508, 2.0, 5.196152]",[4.0],[3.8729835],[-2.5],[4.0],[3.8729835],[-2.5],[8.0],[7.937254],[6.0],[8.0],[7.937254],[6.0],0,1,0,0,0.0,0.0,0
203,3,2,1,"[0.5, 0.5, 1.0, 1.0, 1.0, 2.5, 3.0, 4.0, 6.0, 6.5]","[0.0, 0.0, 0.0, 0.0, 0.0, 0.0, 2.0, 3.8729835, 5.91608, 6.0]","[2.0, 2.5, 3.5]","[0.0, 2.4494898, 3.4641016]","[-3.0, -2.0, -1.0]","[2.5, 3.5]","[2.4494898, 3.4641016]","[-3.0, -2.0]","[5.0, 7.5]","[4.582576, 7.3484693]","[-0.5, 2.5]",[7.0],[6.928203],[2.5],1,0,1,0,1.0,0.0,1
64968,2,2,2,"[0.0, 0.5, 0.5, 0.5, 2.0, 2.0, 2.5, 2.5, 3.0, 9.0]","[0.0, 0.0, 0.0, 0.0, 0.0, 0.0, 1.7320508, 2.0, 3.0, 9.0]","[1.5, 1.5]","[1.4142135, 1.4142135]","[-4.5, -2.0]","[1.5, 1.5]","[1.4142135, 1.4142135]","[-4.5, -2.0]","[3.0, 6.5]","[2.828427, 6.0]","[-3.0, 6.0]","[3.0, 6.5]","[2.828427, 6.0]","[-3.0, 6.0]",0,2,0,0,0.0,0.0,0
85904,1,1,1,"[0.0, 0.0, 0.5, 0.5, 2.0, 2.0, 2.0, 2.0, 4.5, 5.0]","[0.0, 0.0, 0.0, 0.0, 1.7320508, 1.7320508, 1.7320508, 2.0, 3.0, 4.472136]",[2.5],[2.4494898],[-1.0],[2.5],[2.4494898],[-1.0],[5.0],[4.0],[2.0],[5.0],[4.0],[2.0],0,1,0,0,0.0,0.0,0
76873,3,2,1,"[0.0, 0.0, 1.0, 1.0, 1.0, 1.5, 3.0, 3.0, 6.0, 7.5]","[0.0, 0.0, 0.0, 0.0, 0.0, 0.0, 1.4142135, 2.236068, 5.656854, 7.3484693]","[2.0, 2.5, 3.5]","[0.0, 1.7320508, 2.0]","[-3.5, -3.5, -3.0]","[2.0, 3.5]","[0.0, 1.7320508]","[-3.5, -3.5]","[5.5, 8.5]","[5.2915025, 8.485281]","[2.0, 2.5]",[4.0],[3.8729835],[2.0],1,0,1,0,1.0,0.0,0
52976,2,2,1,"[0.5, 0.5, 1.0, 1.0, 1.0, 1.0, 2.5, 3.0, 3.5, 4.5]","[0.0, 0.0, 0.0, 0.0, 0.0, 0.0, 2.0, 2.828427, 3.4641016, 4.472136]","[1.0, 1.5]","[0.0, 0.0]","[-1.5, -1.0]","[1.0, 1.5]","[0.0, 0.0]","[-1.5, -1.0]","[1.5, 2.0]","[1.4142135, 1.7320508]","[0.0, 0.0]",[5.5],[5.477226],[5.5],1,0,1,0,1.0,0.0,0
918,9,3,2,"[0.5, 1.0, 1.5, 2.0, 2.5, 3.0, 4.0, 5.0, 6.0, 7.0]","[0.0, 0.0, 0.0, 0.0, 0.0, 2.4494898, 2.6457512, 4.0, 5.656854, 6.708204]","[1.5, 1.5, 2.0, 2.0, 2.5, 2.5, 3.5, 3.5, 7.0]","[0.0, 0.0, 0.0, 1.4142135, 2.0, 2.0, 2.4494898, 3.4641016, 6.928203]","[-5.5, -4.5, -4.0, -4.0, -3.0, -2.0, -1.5, -1.5, -1.0]","[1.5, 1.5, 2.0]","[0.0, 1.4142135, 2.0]","[-4.5, -4.0, -4.0]","[4.5, 4.5, 5.0]","[3.7416575, 3.7416575, 5.0]","[-0.5, 0.0, 1.5]","[4.5, 5.0]","[4.2426405, 5.0]","[-0.5, 3.0]",1,1,1,0,1.0,0.0,1
74766,4,2,1,"[0.5, 1.0, 1.0, 1.5, 1.5, 2.5, 3.0, 3.5, 3.5, 8.5]","[0.0, 0.0, 0.0, 1.4142135, 1.4142135, 2.0, 2.236068, 3.1622777, 3.1622777, 8.485281]","[2.0, 3.0, 3.5, 4.5]","[1.7320508, 2.828427, 3.1622777, 4.2426405]","[-5.0, -3.5, -3.0, -2.0]","[2.0, 3.0]","[1.7320508, 2.828427]","[-5.0, -3.0]","[1.0, 1.5]","[0.0, 0.0]","[-4.0, -3.5]",[7.5],[7.483315],[6.0],1,0,1,0,1.0,0.0,0
95,6,2,2,"[1.0, 1.5, 2.0, 2.0, 3.0, 3.0, 3.5, 4.0, 4.5, 5.5]","[0.0, 0.0, 0.0, 0.0, 0.0, 1.4142135, 2.6457512, 2.828427, 3.4641016, 4.8989797]","[2.0, 2.5, 3.0, 3.5, 4.0, 4.0]","[0.0, 1.7320508, 2.236068, 2.4494898, 2.4494898, 3.8729835]","[-4.5, -4.5, -4.0, -3.0, -2.5, -1.5]","[2.0, 3.5]","[1.7320508, 2.4494898]","[-4.5, -4.0]","[4.0, 4.0]","[0.0, 3.8729835]","[2.0, 4.0]","[4.0, 4.0]","[0.0, 3.8729835]","[2.0, 4.0]",0,2,0,0,0.0,0.0,0
60731,1,1,1,"[0.5, 0.5, 0.5, 0.5, 1.0, 1.5, 1.5, 2.0, 2.5, 5.5]","[0.0, 0.0, 0.0, 0.0, 0.0, 0.0, 1.4142135, 1.7320508, 2.4494898, 4.2426405]",[5.0],[4.0],[-1.0],[5.0],[4.0],[-1.0],[7.0],[7.0],[5.0],[7.0],[7.0],[5.0],0,1,0,0,0.0,0.0,0
524,2,2,2,"[0.0, 0.5, 1.0, 1.0, 1.0, 1.5, 2.5, 2.5, 2.5, 6.5]","[0.0, 0.0, 0.0, 0.0, 0.0, 1.0, 2.0, 2.0, 2.4494898, 6.3245554]","[1.5, 3.0]","[1.4142135, 2.236068]","[-2.0, -1.5]","[1.5, 3.0]","[1.4142135, 2.236068]","[-2.0, -1.5]","[4.0, 4.5]","[0.0, 2.828427]","[1.5, 3.5]","[4.0, 4.5]","[0.0, 2.828427]","[1.5, 3.5]",0,2,0,0,0.0,0.0,1
38680,4,3,2,"[1.0, 1.0, 1.0, 1.0, 1.5, 2.0, 2.0, 2.5, 4.5, 9.0]","[0.0, 0.0, 0.0, 0.0, 0.0, 1.4142135, 2.0, 2.0, 4.472136, 9.0]","[2.0, 4.0, 4.0, 4.0]","[0.0, 1.7320508, 3.4641016, 3.8729835]","[-2.5, -2.5, -2.5, -1.5]","[2.0, 4.0, 4.0]","[0.0, 1.7320508, 3.8729835]","[-2.5, -2.5, -1.5]","[3.5, 4.0, 6.5]","[0.0, 2.4494898, 6.0]","[-1.0, 1.0, 1.5]","[4.0, 5.5]","[0.0, 4.8989797]","[1.0, 5.0]",1,1,1,0,1.0,0.0,0
86468,3,2,1,"[0.0, 0.5, 0.5, 0.5, 0.5, 1.0, 1.5, 3.5, 6.0, 6.5]","[0.0, 0.0, 0.0, 0.0, 0.0, 0.0, 0.0, 3.4641016, 5.656854, 6.4807405]","[1.0, 1.5, 3.5]","[0.0, 1.4142135, 3.1622777]","[-3.5, -3.0, -3.0]","[1.0, 1.5]","[0.0, 1.4142135]","[-3.0, -3.0]","[0.5, 1.5]","[0.0, 0.0]","[-3.0, -1.5]",[4.0],[4.0],[4.0],1,0,1,0,1.0,0.0,0
81,1,1,1,"[0.0, 0.0, 0.5, 1.5, 1.5, 2.0, 2.5, 2.5, 4.5, 9.0]","[0.0, 0.0, 0.0, 0.0, 0.0, 0.0, 0.0, 2.4494898, 3.7416575, 9.0]",[3.0],[0.0],[-3.0],[3.0],[0.0],[-3.0],[7.0],[7.0],[6.0],[7.0],[7.0],[6.0],0,1,0,0,0.0,0.0,1
1,5,2,1,"[0.5, 1.0, 1.5, 1.5, 1.5, 2.0, 3.0, 4.5, 5.0, 6.0]","[0.0, 0.0, 0.0, 1.4142135, 1.4142135, 1.7320508, 2.828427, 3.0, 4.472136, 5.656854]","[1.0, 2.5, 3.0, 3.5, 4.5]","[0.0, 1.0, 2.828427, 3.1622777, 3.7416575]","[-5.5, -3.5, -3.0, -2.5, -2.0]","[1.0, 3.0]","[1.0, 2.828427]","[-5.5, -3.0]","[6.5, 7.5]","[6.0, 7.3484693]","[3.0, 3.5]",[5.5],[4.8989797],[4.0],1,0,1,0,1.0,0.0,1
46424,2,2,2,"[0.0, 0.5, 1.0, 1.0, 1.5, 2.0, 2.5, 2.5, 5.0, 5.5]","[0.0, 0.0, 0.0, 0.0, 0.0, 1.0, 1.7320508, 2.4494898, 4.0, 5.2915025]","[2.5, 3.0]","[2.236068, 2.4494898]","[-3.0, -1.5]","[2.5, 3.0]","[2.236068, 2.4494898]","[-3.0, -1.5]","[2.0, 5.0]","[1.7320508, 4.0]","[1.0, 3.0]","[2.0, 5.0]","[1.7320508, 4.0]","[1.0, 3.0]",0,2,0,0,0.0,0.0,0
60547,2,1,1,"[0.0, 0.5, 0.5, 1.0, 1.5, 1.5, 3.0, 3.0, 3.0, 4.5]","[0.0, 0.0, 0.0, 0.0, 0.0, 0.0, 1.0, 1.4142135, 2.236068, 4.472136]","[3.0, 4.0]","[2.828427, 3.8729835]","[-2.0, -1.5]",[3.0],[2.828427],[-2.0],[5.5],[5.477226],[3.0],[5.5],[5.477226],[3.0],0,1,0,0,0.0,0.0,0
39012,5,3,2,"[0.5, 0.5, 0.5, 0.5, 2.5, 3.5, 4.0, 4.5, 6.5, 7.5]","[0.0, 0.0, 0.0, 0.0, 0.0, 0.0, 2.4494898, 3.8729835, 6.4807405, 7.3484693]","[1.5, 1.5, 3.0, 3.0, 3.5]","[0.0, 1.4142135, 1.4142135, 2.236068, 2.4494898]","[-5.0, -3.5, -3.5, -3.0, -2.0]","[1.5, 3.0, 3.5]","[0.0, 1.4142135, 2.4494898]","[-3.5, -3.0, -2.0]","[5.0, 6.0, 8.0]","[4.582576, 6.0, 7.937254]","[0.0, 2.0, 5.0]","[4.0, 5.0]","[4.0, 4.582576]","[1.5, 2.0]",1,1,1,0,1.0,0.0,0
65737,1,1,1,"[0.0, 0.5, 0.5, 1.0, 1.5, 2.0, 2.5, 3.0, 4.5, 6.5]","[0.0, 0.0, 0.0, 0.0, 0.0, 0.0, 1.4142135, 2.828427, 4.2426405, 6.3245554]",[3.5],[2.4494898],[-1.5],[3.5],[2.4494898],[-1.5],[6.0],[5.91608],[3.0],[6.0],[5.91608],[3.0],0,1,0,0,0.0,0.0,0
16504,5,3,2,"[1.0, 1.0, 2.0, 2.0, 2.5, 2.5, 2.5, 3.0, 4.5, 6.5]","[0.0, 0.0, 0.0, 1.0, 1.7320508, 2.4494898, 2.4494898, 3.0, 4.2426405, 6.3245554]","[0.5, 1.5, 1.5, 1.5, 1.5]","[0.0, 0.0, 1.4142135, 1.4142135, 1.4142135]","[-3.5, -3.5, -2.0, -1.5, -1.5]","[0.5, 1.5, 1.5]","[0.0, 1.4142135, 1.4142135]","[-3.5, -1.5, -1.5]","[2.0, 4.5, 6.0]","[0.0, 2.0, 5.91608]","[0.0, 0.5, 1.5]","[4.5, 6.5]","[0.0, 6.4807405]","[0.5, 3.0]",1,1,1,0,1.0,0.0,0
232,2,1,1,"[0.5, 0.5, 1.0, 1.0, 1.0, 1.5, 2.0, 2.5, 3.0, 5.0]","[0.0, 0.0, 0.0, 0.0, 1.0, 1.0, 1.7320508, 2.4494898, 2.828427, 4.582576]","[2.5, 4.5]","[0.0, 4.2426405]","[-1.5, -1.0]",[2.5],[0.0],[-1.5],[5.0],[4.8989797],[3.0],[5.0],[4.8989797],[3.0],0,1,0,0,0.0,0.0,0
692,3,3,2,"[0.5, 0.5, 1.0, 1.5, 1.5, 1.5, 2.5, 2.5, 2.5, 6.5]","[0.0, 0.0, 0.0, 0.0, 0.0, 0.0, 1.4142135, 2.4494898, 2.4494898, 6.4807405]","[2.0, 2.0, 2.5]","[0.0, 0.0, 2.0]","[-2.0, -2.0, -2.0]","[2.0, 2.0, 2.5]","[0.0, 0.0, 2.0]","[-2.0, -2.0, -2.0]","[3.0, 3.0, 6.0]","[0.0, 3.0, 5.196152]","[-1.5, 3.0, 3.0]","[2.0, 3.0]","[1.7320508, 3.0]","[1.0, 3.0]",1,1,1,0,1.0,0.0,1
20552,1,1,1,"[0.0, 0.0, 0.0, 1.5, 2.0, 3.0, 3.0, 3.5, 4.5, 4.5]","[0.0, 0.0, 0.0, 0.0, 0.0, 2.236068, 2.236068, 2.828427, 3.4641016, 4.2426405]",[3.0],[2.828427],[-1.5],[3.0],[2.828427],[-1.5],[6.0],[5.196152],[4.5],[6.0],[5.196152],[4.5],0,1,0,0,0.0,0.0,0
394,1,1,1,"[0.0, 0.0, 1.0, 1.5, 1.5, 2.0, 2.5, 3.0, 5.5, 6.0]","[0.0, 0.0, 0.0, 0.0, 0.0, 1.4142135, 1.4142135, 2.0, 4.8989797, 5.656854]",[3.5],[3.4641016],[-4.5],[3.5],[3.4641016],[-4.5],[2.5],[2.0],[-1.0],[2.5],[2.0],[-1.0],0,1,0,0,0.0,0.0,1
565,2,1,1,"[0.0, 0.5, 1.5, 1.5, 1.5, 1.5, 3.0, 3.0, 3.0, 5.5]","[0.0, 0.0, 0.0, 0.0, 0.0, 0.0, 1.4142135, 1.4142135, 1.4142135, 5.2915025]","[1.5, 3.0]","[0.0, 2.236068]","[-3.5, -2.0]",[3.0],[2.236068],[-2.0],[3.5],[3.1622777],[0.0],[3.5],[3.1622777],[0.0],0,1,0,0,0.0,0.0,1
27314,3,2,1,"[0.5, 0.5, 0.5, 1.0, 2.0, 2.0, 2.5, 2.5, 4.0, 6.0]","[0.0, 0.0, 0.0, 0.0, 1.7320508, 1.7320508, 2.4494898, 2.4494898, 3.4641016, 5.656854]","[1.5, 2.0, 3.0]","[1.4142135, 1.7320508, 2.828427]","[-3.0, -3.0, -2.5]","[1.5, 2.0]","[1.4142135, 1.7320508]","[-3.0, -3.0]","[3.5, 6.5]","[3.4641016, 6.3245554]","[1.5, 3.0]",[8.0],[8.0],[5.0],1,0,1,0,1.0,0.0,0
63135,5,2,1,"[0.0, 0.5, 0.5, 1.0, 1.5, 1.5, 2.5, 2.5, 4.5, 8.0]","[0.0, 0.0, 0.0, 0.0, 0.0, 1.0, 2.4494898, 2.4494898, 4.472136, 8.0]","[0.5, 2.5, 3.0, 3.5, 4.0]","[0.0, 0.0, 0.0, 2.4494898, 3.8729835]","[-4.0, -3.0, -2.5, -2.5, -1.5]","[0.5, 2.5]","[0.0, 2.4494898]","[-4.0, -3.0]","[3.5, 6.5]","[0.0, 6.4807405]","[-1.5, 2.5]",[8.0],[8.0],[7.0],1,0,1,0,1.0,0.0,0
542,1,1,1,"[0.0, 0.5, 0.5, 1.0, 1.0, 2.0, 2.5, 3.0, 4.5, 6.5]","[0.0, 0.0, 0.0, 0.0, 1.0, 1.7320508, 2.0, 2.236068, 4.2426405, 6.4807405]",[2.5],[0.0],[-1.0],[2.5],[0.0],[-1.0],[4.0],[3.8729835],[2.0],[4.0],[3.8729835],[2.0],0,1,0,0,0.0,0.0,1
51890,3,3,2,"[0.5, 0.5, 1.0, 1.5, 1.5, 2.0, 2.0, 3.0, 4.0, 4.5]","[0.0, 0.0, 0.0, 0.0, 0.0, 0.0, 1.7320508, 1.7320508, 2.236068, 4.472136]","[1.0, 2.0, 2.5]","[0.0, 0.0, 2.0]","[-3.0, -2.0, -1.5]","[1.0, 2.0, 2.5]","[0.0, 0.0, 2.0]","[-3.0, -2.0, -1.5]","[4.5, 5.5, 8.0]","[4.2426405, 5.477226, 7.937254]","[-0.5, 3.5, 8.0]","[4.0, 8.0]","[0.0, 7.937254]","[1.5, 8.0]",1,1,1,0,1.0,0.0,0
657,2,2,1,"[0.0, 0.0, 0.5, 1.0, 1.0, 2.5, 3.0, 3.0, 4.0, 7.0]","[0.0, 0.0, 0.0, 0.0, 0.0, 2.4494898, 2.6457512, 2.828427, 2.828427, 6.928203]","[0.5, 3.5]","[0.0, 2.4494898]","[-2.5, -1.5]","[0.5, 3.5]","[0.0, 2.4494898]","[-2.5, -1.5]","[2.5, 3.0]","[2.4494898, 2.828427]","[-1.0, 0.5]",[6.5],[6.0],[3.5],1,0,1,0,1.0,0.0,1
73173,1,1,1,"[0.5, 1.0, 1.0, 1.5, 1.5, 2.0, 2.0, 2.0, 4.0, 4.0]","[0.0, 0.0, 0.0, 0.0, 0.0, 0.0, 1.0, 1.4142135, 1.7320508, 3.8729835]",[4.0],[2.6457512],[-2.0],[4.0],[2.6457512],[-2.0],[6.5],[6.3245554],[6.5],[6.5],[6.3245554],[6.5],0,1,0,0,0.0,0.0,0
90539,2,2,2,"[0.0, 0.0, 1.0, 1.0, 1.0, 1.5, 1.5, 2.0, 5.0, 6.0]","[0.0, 0.0, 0.0, 0.0, 0.0, 0.0, 1.0, 1.7320508, 4.8989797, 5.91608]","[2.0, 3.5]","[0.0, 3.1622777]","[-1.0, -1.0]","[2.0, 3.5]","[0.0, 3.1622777]","[-1.0, -1.0]","[5.0, 7.5]","[4.8989797, 7.3484693]","[1.0, 5.5]","[5.0, 7.5]","[4.8989797, 7.3484693]","[1.0, 5.5]",0,2,0,0,0.0,0.0,0
30977,3,2,1,"[0.5, 0.5, 1.0, 1.0, 1.5, 2.0, 2.0, 2.0, 5.0, 6.0]","[0.0, 0.0, 0.0, 0.0, 0.0, 1.4142135, 1.7320508, 1.7320508, 4.8989797, 5.656854]","[2.0, 2.0, 2.5]","[0.0, 0.0, 1.7320508]","[-3.5, -3.0, -2.0]","[2.0, 2.0]","[0.0, 1.7320508]","[-3.0, -2.0]","[3.5, 5.0]","[0.0, 5.0]","[-3.5, 3.0]",[5.0],[3.0],[2.0],1,0,1,0,1.0,0.0,0
49038,3,2,1,"[0.0, 0.5, 0.5, 1.0, 1.0, 1.0, 3.5, 3.5, 3.5, 9.0]","[0.0, 0.0, 0.0, 0.0, 0.0, 1.0, 3.1622777, 3.4641016, 3.4641016, 9.0]","[3.0, 3.5, 3.5]","[0.0, 0.0, 3.1622777]","[-3.0, -2.0, -2.0]","[3.0, 3.5]","[0.0, 3.1622777]","[-3.0, -2.0]","[2.0, 5.0]","[1.7320508, 4.0]","[-3.0, -1.0]",[2.5],[0.0],[0.5],1,0,1,0,1.0,0.0,0
1009,3,1,1,"[0.0, 0.5, 0.5, 1.5, 1.5, 2.5, 2.5, 3.5, 5.0, 6.5]","[0.0, 0.0, 0.0, 0.0, 1.4142135, 2.0, 2.0, 3.0, 3.1622777, 6.0]","[2.0, 2.0, 4.0]","[0.0, 0.0, 1.7320508]","[-4.0, -3.0, -3.0]",[2.0],[1.7320508],[-4.0],[7.0],[6.708204],[6.5],[7.0],[6.708204],[6.5],0,1,0,0,0.0,0.0,1
13658,3,2,1,"[0.0, 0.5, 1.0, 1.0, 1.5, 2.0, 2.0, 4.0, 5.0, 6.5]","[0.0, 0.0, 0.0, 0.0, 1.0, 1.7320508, 2.0, 4.0, 4.582576, 6.4807405]","[0.5, 3.0, 5.0]","[0.0, 2.236068, 4.8989797]","[-4.5, -1.5, -1.5]","[0.5, 3.0]","[0.0, 2.236068]","[-4.5, -1.5]","[1.5, 3.5]","[0.0, 3.1622777]","[-2.5, -2.0]",[5.5],[5.2915025],[2.5],1,0,1,0,1.0,0.0,0
1000,1,1,1,"[0.0, 0.5, 0.5, 1.0, 1.5, 2.0, 2.5, 3.5, 4.5, 5.0]","[0.0, 0.0, 0.0, 1.0, 1.4142135, 1.7320508, 2.0, 3.0, 3.4641016, 4.472136]",[2.5],[0.0],[-3.0],[2.5],[0.0],[-3.0],[4.5],[0.0],[3.5],[4.5],[0.0],[3.5],0,1,0,0,0.0,0.0,1
191,5,3,2,"[0.0, 1.0, 1.0, 1.5, 1.5, 2.0, 2.5, 4.0, 4.0, 8.0]","[0.0, 0.0, 0.0, 1.0, 1.4142135, 1.7320508, 2.4494898, 3.4641016, 3.8729835, 7.937254]","[2.0, 2.0, 3.0, 3.5, 4.5]","[0.0, 1.7320508, 2.236068, 3.4641016, 3.7416575]","[-4.0, -3.5, -2.0, -1.5, -1.5]","[2.0, 3.0, 3.5]","[1.7320508, 2.236068, 3.4641016]","[-4.0, -2.0, -1.5]","[4.5, 5.0, 5.5]","[4.472136, 4.582576, 5.2915025]","[0.0, 0.0, 2.5]","[4.5, 5.5]","[3.7416575, 5.2915025]","[2.5, 3.0]",1,1,1,0,1.0,0.0,1
447,27,7,2,"[1.5, 3.5, 4.5, 4.5, 4.5, 4.5, 4.5, 5.5, 6.5, 9.0]","[0.0, 1.4142135, 2.828427, 2.828427, 3.1622777, 3.7416575, 4.2426405, 4.2426405, 6.3245554, 9.0]","[0.0, 0.0, 0.5, 0.5, 0.5, 0.5, 1.5, 1.5, 1.5, 1.5, 2.0, 2.0, 2.0, 2.5, 2.5, 3.0, 3.0, 3.0, 3.5, 3.5, 3.5, 3.5, 4.0, 5.0, 5.0, 5.5, 6.0]","[0.0, 0.0, 0.0, 0.0, 0.0, 0.0, 0.0, 0.0, 0.0, 0.0, 1.4142135, 1.4142135, 1.4142135, 2.236068, 2.236068, 2.4494898, 2.4494898, 2.4494898, 2.4494898, 2.4494898, 2.828427, 3.4641016, 3.4641016, 4.582576, 5.0, 5.477226, 5.91608]","[-8.5, -7.0, -6.5, -6.5, -6.0, -6.0, -5.5, -5.5, -5.0, -4.5, -4.5, -4.5, -4.5, -4.0, -4.0, -4.0, -4.0, -3.5, -3.0, -3.0, -3.0, -2.5, -2.5, -1.5, -1.5, -1.0, -1.0]","[0.0, 0.0, 0.5, 0.5, 0.5, 1.5, 2.0]","[0.0, 0.0, 0.0, 0.0, 0.0, 0.0, 1.4142135]","[-8.5, -7.0, -6.0, -6.0, -3.0, -1.5, -1.0]","[2.5, 3.5, 3.5, 4.0, 5.5, 6.0, 7.5]","[2.4494898, 2.4494898, 3.4641016, 3.4641016, 4.8989797, 5.656854, 7.483315]","[-3.0, -2.5, -1.0, 1.0, 2.0, 2.5, 2.5]","[3.5, 5.0]","[3.4641016, 5.0]","[0.5, 2.0]",5,1,1,1,2.0,3.0,1
54396,4,3,2,"[1.0, 1.5, 1.5, 2.0, 2.5, 2.5, 2.5, 3.0, 5.0, 7.0]","[0.0, 0.0, 0.0, 0.0, 1.4142135, 2.4494898, 2.4494898, 3.0, 4.8989797, 7.0]","[1.5, 2.0, 3.0, 3.5]","[0.0, 0.0, 1.4142135, 3.1622777]","[-4.0, -2.5, -1.5, -1.5]","[1.5, 2.0, 3.5]","[0.0, 1.4142135, 3.1622777]","[-4.0, -1.5, -1.5]","[1.5, 4.0, 7.0]","[0.0, 4.0, 6.708204]","[-2.0, 1.5, 3.5]","[4.0, 7.5]","[4.0, 7.3484693]","[1.5, 7.5]",1,1,1,0,1.0,0.0,0
18417,3,2,2,"[0.5, 1.0, 1.0, 1.0, 1.5, 2.0, 3.0, 5.0, 5.0, 5.5]","[0.0, 0.0, 0.0, 0.0, 0.0, 1.0, 2.828427, 4.8989797, 4.8989797, 4.8989797]","[2.5, 2.5, 4.0]","[2.0, 2.0, 3.8729835]","[-4.5, -2.5, -2.0]","[2.5, 4.0]","[2.0, 3.8729835]","[-2.5, -2.0]","[5.0, 8.5]","[4.582576, 8.485281]","[1.0, 5.0]","[5.0, 8.5]","[4.582576, 8.485281]","[1.0, 5.0]",0,2,0,0,0.0,0.0,0
15718,6,2,1,"[1.0, 1.5, 1.5, 2.0, 2.5, 3.0, 3.0, 5.0, 6.0, 7.5]","[0.0, 0.0, 1.0, 1.4142135, 1.7320508, 2.0, 2.236068, 4.582576, 5.196152, 7.483315]","[2.5, 3.0, 3.5, 4.0, 4.0, 4.5]","[0.0, 2.0, 2.236068, 3.4641016, 4.0, 4.2426405]","[-4.0, -3.0, -3.0, -3.0, -1.0, -1.0]","[2.5, 4.0]","[2.0, 3.4641016]","[-3.0, -1.0]","[1.5, 4.5]","[1.4142135, 4.2426405]","[-4.0, -2.0]",[7.5],[7.483315],[3.0],1,0,1,0,1.0,0.0,0
336,1,1,1,"[0.0, 0.5, 0.5, 1.0, 1.0, 1.5, 2.0, 2.0, 2.5, 5.0]","[0.0, 0.0, 0.0, 0.0, 0.0, 0.0, 1.0, 1.4142135, 1.7320508, 4.582576]",[2.0],[0.0],[-1.0],[2.0],[0.0],[-1.0],[7.0],[6.708204],[7.0],[7.0],[6.708204],[7.0],0,1,0,0,0.0,0.0,1
722,4,2,2,"[0.0, 0.5, 1.0, 1.0, 1.5, 2.0, 2.0, 3.0, 5.5, 7.0]","[0.0, 0.0, 0.0, 1.0, 1.4142135, 1.7320508, 1.7320508, 2.236068, 4.8989797, 7.0]","[1.0, 2.0, 3.5, 3.5]","[0.0, 0.0, 2.4494898, 3.1622777]","[-4.5, -3.0, -2.5, -1.0]","[1.0, 2.0]","[0.0, 0.0]","[-4.5, -3.0]","[3.0, 4.5]","[2.828427, 2.828427]","[1.0, 1.0]","[3.0, 4.5]","[2.828427, 2.828427]","[1.0, 1.0]",0,2,0,0,0.0,0.0,1
60587,4,2,1,"[0.5, 1.0, 2.0, 2.0, 2.0, 3.0, 3.5, 3.5, 4.0, 7.0]","[0.0, 0.0, 0.0, 1.7320508, 2.0, 2.236068, 2.4494898, 3.1622777, 3.8729835, 7.0]","[2.0, 2.0, 3.5, 4.5]","[0.0, 1.7320508, 2.4494898, 4.2426405]","[-4.5, -2.5, -2.5, -1.5]","[2.0, 3.5]","[1.7320508, 2.4494898]","[-2.5, -2.5]","[4.5, 4.5]","[2.828427, 2.828427]","[-0.5, 1.0]",[4.5],[3.7416575],[3.0],1,0,1,0,1.0,0.0,0
520,2,1,1,"[0.0, 0.5, 1.0, 1.5, 1.5, 1.5, 2.5, 3.0, 4.5, 7.0]","[0.0, 0.0, 0.0, 0.0, 0.0, 1.4142135, 1.4142135, 2.0, 2.828427, 6.928203]","[4.5, 6.0]","[4.2426405, 5.91608]","[-2.5, -1.5]",[4.5],[4.2426405],[-1.5],[6.0],[5.196152],[2.0],[6.0],[5.196152],[2.0],0,1,0,0,0.0,0.0,1
693,24,4,1,"[2.0, 2.0, 3.0, 4.0, 4.5, 5.0, 5.0, 6.0, 7.5, 7.5]","[1.7320508, 1.7320508, 2.828427, 3.4641016, 3.7416575, 4.8989797, 5.0, 5.91608, 7.3484693, 7.483315]","[0.0, 0.5, 0.5, 1.0, 1.0, 1.0, 1.0, 1.0, 1.5, 1.5, 2.0, 2.0, 2.5, 2.5, 2.5, 2.5, 2.5, 2.5, 3.0, 3.0, 3.0, 3.0, 3.5, 4.0]","[0.0, 0.0, 0.0, 0.0, 0.0, 0.0, 0.0, 0.0, 0.0, 0.0, 0.0, 0.0, 1.0, 1.0, 1.4142135, 1.7320508, 2.0, 2.0, 2.0, 2.4494898, 2.828427, 2.828427, 3.4641016, 3.4641016]","[-6.5, -6.0, -5.5, -5.0, -5.0, -5.0, -5.0, -4.5, -4.5, -4.0, -4.0, -4.0, -4.0, -3.5, -3.5, -3.5, -3.5, -3.0, -2.0, -2.0, -2.0, -1.5, -1.5, -1.0]","[0.0, 0.5, 1.0, 2.5]","[0.0, 0.0, 1.0, 2.0]","[-5.5, -5.0, -4.0, -2.0]","[3.0, 3.0, 3.5, 5.0]","[2.828427, 2.828427, 3.1622777, 4.582576]","[-3.5, -1.5, -1.0, 1.0]",[2.0],[0.0],[-1.0],3,0,1,0,3.0,0.0,1
155,1,1,1,"[0.0, 0.5, 0.5, 1.0, 1.5, 1.5, 1.5, 2.5, 3.0, 3.5]","[0.0, 0.0, 0.0, 0.0, 0.0, 0.0, 0.0, 1.0, 2.828427, 3.1622777]",[1.5],[0.0],[-1.5],[1.5],[0.0],[-1.5],[4.5],[0.0],[1.0],[4.5],[0.0],[1.0],0,1,0,0,0.0,0.0,1
98834,6,3,3,"[0.0, 1.0, 1.0, 1.5, 1.5, 2.0, 2.0, 2.5, 4.0, 8.0]","[0.0, 0.0, 0.0, 1.0, 1.0, 2.0, 2.0, 2.4494898, 2.6457512, 7.937254]","[0.5, 1.0, 1.0, 3.0, 3.0, 3.0]","[0.0, 0.0, 0.0, 0.0, 2.236068, 3.0]","[-4.0, -4.0, -3.0, -2.0, -2.0, -2.0]","[0.5, 1.0, 1.0]","[0.0, 0.0, 0.0]","[-4.0, -3.0, -2.0]","[3.0, 8.0, 9.0]","[2.828427, 8.0, 9.0]","[-1.0, 7.0, 8.0]","[3.0, 8.0, 9.0]","[2.828427, 8.0, 9.0]","[-1.0, 7.0, 8.0]",0,3,0,0,0.0,0.0,0
13360,2,1,1,"[0.0, 0.5, 0.5, 1.0, 1.5, 1.5, 1.5, 3.5, 4.0, 4.5]","[0.0, 0.0, 0.0, 0.0, 0.0, 0.0, 1.0, 1.4142135, 2.6457512, 2.828427]","[1.5, 3.5]","[0.0, 2.4494898]","[-4.0, -3.0]",[1.5],[0.0],[-3.0],[8.5],[8.485281],[7.5],[8.5],[8.485281],[7.5],0,1,0,0,0.0,0.0,0
45437,2,2,2,"[0.5, 0.5, 1.0, 1.0, 1.0, 2.0, 2.5, 3.0, 4.5, 5.0]","[0.0, 0.0, 0.0, 0.0, 0.0, 1.0, 1.0, 1.0, 2.4494898, 4.582576]","[1.5, 4.0]","[0.0, 1.4142135]","[-4.0, -1.0]","[1.5, 4.0]","[0.0, 1.4142135]","[-4.0, -1.0]","[5.0, 7.0]","[4.582576, 6.928203]","[3.5, 6.5]","[5.0, 7.0]","[4.582576, 6.928203]","[3.5, 6.5]",0,2,0,0,0.0,0.0,0
1004,4,2,1,"[0.0, 1.0, 1.0, 1.0, 1.0, 3.0, 3.5, 4.0, 5.5, 5.5]","[0.0, 0.0, 0.0, 0.0, 0.0, 1.0, 3.4641016, 3.8729835, 5.2915025, 5.477226]","[2.5, 3.0, 3.0, 3.5]","[2.0, 2.4494898, 2.828427, 3.0]","[-2.5, -2.0, -1.5, -1.5]","[2.5, 3.0]","[2.0, 2.828427]","[-2.5, -1.5]","[5.5, 8.0]","[4.8989797, 7.937254]","[-1.0, 3.5]",[4.5],[0.0],[-1.0],1,0,1,0,1.0,0.0,1
13410,2,2,2,"[0.0, 0.5, 1.0, 1.5, 1.5, 2.0, 2.5, 3.5, 4.5, 5.5]","[0.0, 0.0, 0.0, 0.0, 0.0, 1.0, 1.4142135, 1.7320508, 4.2426405, 4.472136]","[3.0, 3.0]","[2.828427, 2.828427]","[-4.0, -2.0]","[3.0, 3.0]","[2.828427, 2.828427]","[-4.0, -2.0]","[4.0, 8.0]","[3.4641016, 7.937254]","[3.0, 7.5]","[4.0, 8.0]","[3.4641016, 7.937254]","[3.0, 7.5]",0,2,0,0,0.0,0.0,0
563,28,5,2,"[2.0, 3.0, 3.5, 4.5, 5.0, 5.5, 5.5, 6.5, 7.0, 7.5]","[0.0, 0.0, 0.0, 4.2426405, 4.8989797, 4.8989797, 5.477226, 6.4807405, 6.708204, 7.483315]","[0.5, 1.0, 1.0, 1.0, 1.0, 1.5, 1.5, 2.0, 2.0, 2.0, 2.5, 2.5, 2.5, 2.5, 3.0, 3.0, 3.0, 3.0, 3.0, 3.0, 3.0, 3.0, 3.5, 4.0, 4.5, 4.5, 4.5, 6.0]","[0.0, 0.0, 0.0, 0.0, 0.0, 0.0, 0.0, 0.0, 1.4142135, 1.7320508, 2.0, 2.0, 2.236068, 2.236068, 2.236068, 2.4494898, 2.4494898, 2.828427, 2.828427, 2.828427, 2.828427, 3.0, 3.4641016, 3.7416575, 3.8729835, 4.2426405, 4.2426405, 5.656854]","[-6.5, -6.5, -6.0, -5.5, -4.5, -4.5, -4.5, -4.0, -4.0, -3.5, -3.5, -3.5, -3.5, -3.5, -3.5, -3.0, -3.0, -3.0, -3.0, -3.0, -2.5, -2.5, -2.5, -2.5, -2.0, -2.0, -2.0, -1.5]","[0.5, 1.0, 1.0, 1.0, 2.5]","[0.0, 0.0, 0.0, 0.0, 2.0]","[-6.5, -6.0, -4.0, -3.5, -2.5]","[4.0, 4.5, 5.0, 5.5, 6.0]","[3.0, 3.7416575, 3.8729835, 4.2426405, 5.196152]","[-1.5, -0.5, 0.5, 3.0, 3.0]","[3.0, 6.5]","[2.828427, 6.3245554]","[-1.0, 6.5]",3,0,2,0,1.5,0.0,1
80893,3,2,2,"[0.0, 0.0, 1.0, 1.0, 1.0, 2.0, 2.0, 3.5, 4.0, 6.0]","[0.0, 0.0, 0.0, 0.0, 0.0, 0.0, 1.7320508, 3.4641016, 3.8729835, 5.656854]","[1.0, 3.5, 4.5]","[1.0, 3.1622777, 4.2426405]","[-2.5, -2.0, -2.0]","[1.0, 3.5]","[1.0, 3.1622777]","[-2.5, -2.0]","[3.0, 4.0]","[2.828427, 3.4641016]","[1.0, 2.5]","[3.0, 4.0]","[2.828427, 3.4641016]","[1.0, 2.5]",0,2,0,0,0.0,0.0,0
528,27,6,1,"[1.5, 3.0, 3.0, 3.5, 4.5, 4.5, 6.0, 6.5, 6.5, 7.0]","[0.0, 0.0, 0.0, 3.0, 4.2426405, 4.472136, 5.196152, 6.3245554, 6.4807405, 6.708204]","[0.0, 0.0, 0.0, 0.5, 0.5, 1.0, 1.0, 1.5, 2.0, 2.0, 2.0, 2.0, 2.0, 2.5, 3.0, 3.0, 3.0, 3.0, 3.5, 3.5, 3.5, 3.5, 3.5, 3.5, 4.5, 4.5, 5.0]","[0.0, 0.0, 0.0, 0.0, 0.0, 0.0, 0.0, 0.0, 0.0, 0.0, 0.0, 1.0, 1.4142135, 1.7320508, 2.0, 2.236068, 2.4494898, 2.828427, 3.0, 3.1622777, 3.1622777, 3.4641016, 3.4641016, 3.4641016, 3.7416575, 4.0, 4.2426405]","[-7.5, -6.0, -5.5, -5.5, -5.0, -5.0, -4.5, -4.5, -4.0, -4.0, -4.0, -3.5, -3.5, -3.0, -3.0, -3.0, -2.5, -2.5, -2.5, -2.5, -2.5, -2.0, -2.0, -2.0, -1.5, -1.0, -1.0]","[0.0, 0.0, 0.0, 0.5, 1.0, 2.0]","[0.0, 0.0, 0.0, 0.0, 0.0, 0.0]","[-7.5, -5.5, -5.5, -4.5, -3.5, -2.0]","[0.5, 1.5, 4.5, 5.0, 6.0, 8.5]","[0.0, 1.4142135, 4.0, 4.472136, 5.196152, 8.485281]","[-6.0, -2.5, -1.0, 0.5, 3.0, 3.5]",[6.0],[5.196152],[3.0],5,1,0,1,0.0,5.0,1
66246,2,2,2,"[0.0, 0.0, 1.0, 1.5, 2.0, 2.5, 2.5, 3.5, 4.0, 4.5]","[0.0, 0.0, 0.0, 0.0, 0.0, 0.0, 2.0, 3.1622777, 3.7416575, 3.8729835]","[1.5, 2.0]","[1.4142135, 1.7320508]","[-2.5, -2.0]","[1.5, 2.0]","[1.4142135, 1.7320508]","[-2.5, -2.0]","[5.5, 6.5]","[4.8989797, 6.3245554]","[2.0, 6.0]","[5.5, 6.5]","[4.8989797, 6.3245554]","[2.0, 6.0]",0,2,0,0,0.0,0.0,0
17362,3,2,2,"[0.5, 1.0, 1.5, 1.5, 1.5, 2.0, 2.0, 2.0, 5.5, 6.0]","[0.0, 0.0, 0.0, 0.0, 0.0, 1.4142135, 1.4142135, 1.7320508, 5.196152, 5.2915025]","[3.0, 3.0, 4.5]","[0.0, 2.236068, 2.828427]","[-3.0, -2.0, -1.5]","[3.0, 3.0]","[0.0, 2.236068]","[-3.0, -1.5]","[6.0, 9.0]","[5.656854, 9.0]","[4.0, 7.0]","[6.0, 9.0]","[5.656854, 9.0]","[4.0, 7.0]",0,2,0,0,0.0,0.0,0
720,17,7,2,"[0.5, 1.0, 1.5, 2.5, 4.5, 4.5, 4.5, 6.5, 7.0, 7.0]","[0.0, 0.0, 0.0, 1.4142135, 2.828427, 3.7416575, 4.472136, 6.3245554, 6.708204, 6.928203]","[0.0, 0.5, 0.5, 1.0, 1.0, 1.5, 1.5, 1.5, 2.0, 2.0, 3.0, 3.5, 3.5, 3.5, 4.0, 4.0, 7.5]","[0.0, 0.0, 0.0, 0.0, 0.0, 0.0, 1.0, 1.4142135, 1.4142135, 2.0, 2.236068, 2.4494898, 3.1622777, 3.4641016, 3.8729835, 4.0, 7.483315]","[-6.5, -6.0, -5.0, -5.0, -5.0, -5.0, -4.5, -4.5, -4.0, -3.5, -2.5, -2.5, -2.0, -1.5, -1.5, -1.5, -1.0]","[0.0, 0.5, 0.5, 1.0, 2.0, 3.0, 3.5]","[0.0, 0.0, 0.0, 0.0, 0.0, 2.236068, 2.4494898]","[-6.0, -5.0, -5.0, -3.5, -1.5, -1.5, -1.5]","[2.0, 3.0, 4.0, 4.5, 5.0, 6.0, 6.5]","[0.0, 1.7320508, 2.828427, 2.828427, 4.8989797, 6.0, 6.0]","[-2.0, -1.5, -0.5, 0.0, 0.0, 1.5, 2.0]","[4.5, 5.5]","[4.2426405, 4.2426405]","[0.5, 5.0]",5,0,2,0,2.5,0.0,1
401,18,5,2,"[1.0, 1.5, 2.5, 3.0, 3.0, 3.5, 4.5, 5.0, 6.0, 7.0]","[0.0, 0.0, 1.4142135, 2.4494898, 2.4494898, 2.828427, 2.828427, 4.8989797, 5.196152, 6.928203]","[0.0, 0.0, 0.5, 0.5, 1.0, 1.0, 1.5, 2.0, 2.0, 2.5, 2.5, 2.5, 3.0, 3.0, 4.0, 4.5, 4.5, 7.0]","[0.0, 0.0, 0.0, 0.0, 0.0, 0.0, 0.0, 1.0, 1.4142135, 1.7320508, 2.0, 2.0, 2.6457512, 3.0, 3.0, 4.472136, 4.472136, 7.0]","[-6.0, -5.5, -5.0, -4.5, -4.0, -4.0, -4.0, -3.5, -3.0, -3.0, -2.5, -2.5, -2.5, -2.0, -1.5, -1.5, -1.0, -1.0]","[0.0, 0.0, 0.5, 0.5, 2.5]","[0.0, 0.0, 0.0, 0.0, 0.0]","[-6.0, -5.0, -4.0, -3.5, -2.5]","[3.0, 3.0, 4.5, 5.0, 7.5]","[0.0, 3.0, 3.7416575, 4.0, 7.483315]","[-4.5, -1.0, 0.0, 1.5, 5.5]","[2.5, 3.5]","[0.0, 0.0]","[-3.0, 2.5]",3,0,2,0,1.5,0.0,1
984,1,1,1,"[0.0, 0.0, 0.5, 1.5, 1.5, 1.5, 2.0, 2.0, 3.0, 3.5]","[0.0, 0.0, 0.0, 0.0, 0.0, 1.4142135, 1.7320508, 2.0, 2.828427, 3.1622777]",[0.5],[0.0],[-1.0],[0.5],[0.0],[-1.0],[3.5],[0.0],[-0.5],[3.5],[0.0],[-0.5],0,1,0,0,0.0,0.0,1
582,8,2,1,"[0.5, 1.5, 1.5, 1.5, 2.5, 2.5, 3.0, 4.0, 4.5, 6.5]","[0.0, 0.0, 0.0, 0.0, 1.4142135, 2.0, 2.0, 3.7416575, 3.8729835, 6.3245554]","[0.5, 0.5, 1.5, 2.5, 3.0, 3.0, 3.5, 3.5]","[0.0, 0.0, 1.4142135, 2.4494898, 2.4494898, 2.828427, 3.0, 3.1622777]","[-5.0, -4.5, -4.5, -3.0, -2.5, -1.5, -1.5, -1.0]","[0.5, 0.5]","[0.0, 0.0]","[-4.5, -3.0]","[3.0, 7.0]","[2.828427, 6.928203]","[-4.5, 6.0]",[2.5],[2.0],[-1.5],1,0,1,0,1.0,0.0,1
270,24,6,4,"[3.0, 3.0, 3.0, 4.0, 4.5, 4.5, 5.5, 5.5, 6.0, 6.5]","[0.0, 2.236068, 2.828427, 3.0, 3.4641016, 3.7416575, 4.8989797, 5.196152, 5.2915025, 6.0]","[0.0, 0.0, 0.5, 0.5, 0.5, 1.0, 1.0, 1.0, 1.5, 1.5, 1.5, 2.0, 2.0, 2.5, 2.5, 3.5, 3.5, 4.0, 4.5, 5.0, 5.0, 6.0, 6.0, 6.5]","[0.0, 0.0, 0.0, 0.0, 0.0, 0.0, 0.0, 0.0, 0.0, 1.0, 1.0, 1.4142135, 1.4142135, 1.7320508, 2.4494898, 2.4494898, 2.828427, 3.1622777, 3.8729835, 4.0, 4.8989797, 5.91608, 6.0, 6.4807405]","[-7.5, -7.5, -7.0, -6.0, -6.0, -5.0, -4.0, -3.5, -3.5, -3.0, -3.0, -3.0, -3.0, -3.0, -3.0, -2.5, -2.5, -2.5, -2.5, -2.0, -2.0, -1.5, -1.0, -1.0]","[0.0, 0.0, 0.5, 0.5, 1.0, 3.5]","[0.0, 0.0, 0.0, 0.0, 1.0, 3.1622777]","[-7.5, -6.0, -5.0, -3.0, -2.5, -2.5]","[2.0, 3.0, 3.5, 3.5, 5.0, 5.0]","[0.0, 0.0, 0.0, 2.828427, 3.0, 4.0]","[-3.0, -3.0, -1.0, 0.0, 0.5, 3.0]","[3.0, 5.0, 5.5, 6.5]","[2.828427, 3.0, 5.477226, 6.0]","[0.0, 1.5, 2.0, 3.0]",2,2,2,0,1.0,0.0,1
30917,2,2,2,"[0.0, 0.5, 0.5, 1.5, 1.5, 1.5, 3.0, 3.0, 3.5, 6.0]","[0.0, 0.0, 0.0, 0.0, 1.4142135, 1.4142135, 2.236068, 2.4494898, 2.828427, 5.656854]","[1.5, 4.0]","[1.4142135, 2.6457512]","[-4.0, -1.0]","[1.5, 4.0]","[1.4142135, 2.6457512]","[-4.0, -1.0]","[5.0, 8.5]","[4.0, 8.485281]","[4.0, 4.5]","[5.0, 8.5]","[4.0, 8.485281]","[4.0, 4.5]",0,2,0,0,0.0,0.0,0
910,2,2,2,"[0.5, 0.5, 1.0, 1.5, 1.5, 1.5, 2.5, 2.5, 4.0, 4.5]","[0.0, 0.0, 0.0, 0.0, 0.0, 0.0, 0.0, 0.0, 1.4142135, 1.4142135]","[2.0, 4.5]","[0.0, 4.2426405]","[-2.0, -1.0]","[2.0, 4.5]","[0.0, 4.2426405]","[-2.0, -1.0]","[3.0, 4.0]","[2.828427, 3.4641016]","[3.0, 4.0]","[3.0, 4.0]","[2.828427, 3.4641016]","[3.0, 4.0]",0,2,0,0,0.0,0.0,1
93304,4,3,2,"[0.5, 1.0, 1.0, 2.0, 2.0, 2.5, 3.5, 4.5, 5.0, 7.0]","[0.0, 0.0, 0.0, 0.0, 1.7320508, 2.4494898, 3.0, 3.4641016, 4.2426405, 6.708204]","[1.5, 2.0, 3.5, 3.5]","[0.0, 0.0, 0.0, 0.0]","[-3.5, -3.0, -3.0, -2.0]","[1.5, 3.5, 3.5]","[0.0, 0.0, 0.0]","[-3.5, -3.0, -3.0]","[2.0, 3.5, 8.5]","[0.0, 3.1622777, 8.485281]","[-2.0, -1.5, 6.0]","[5.0, 8.5]","[4.582576, 8.485281]","[3.0, 6.0]",1,1,1,0,1.0,0.0,0
702,2,1,1,"[0.0, 0.0, 0.0, 0.0, 0.5, 1.5, 2.5, 3.5, 4.5, 6.5]","[0.0, 0.0, 0.0, 0.0, 0.0, 0.0, 2.4494898, 2.4494898, 2.828427, 6.0]","[2.5, 6.5]","[2.0, 6.3245554]","[-3.0, -2.0]",[2.5],[2.0],[-3.0],[5.5],[5.477226],[5.0],[5.5],[5.477226],[5.0],0,1,0,0,0.0,0.0,1
982,2,1,1,"[0.0, 0.5, 0.5, 0.5, 1.5, 2.0, 2.5, 3.0, 5.0, 6.0]","[0.0, 0.0, 0.0, 0.0, 0.0, 1.4142135, 1.7320508, 2.236068, 4.582576, 5.656854]","[2.5, 4.0]","[2.4494898, 3.4641016]","[-5.0, -2.5]",[2.5],[2.4494898],[-5.0],[5.5],[5.477226],[2.0],[5.5],[5.477226],[2.0],0,1,0,0,0.0,0.0,1
50907,1,1,1,"[0.5, 1.0, 1.0, 1.5, 1.5, 2.0, 2.0, 2.5, 4.0, 5.0]","[0.0, 0.0, 0.0, 0.0, 1.4142135, 1.7320508, 1.7320508, 2.4494898, 2.6457512, 4.582576]",[3.0],[2.236068],[-2.0],[3.0],[2.236068],[-2.0],[7.0],[6.928203],[5.0],[7.0],[6.928203],[5.0],0,1,0,0,0.0,0.0,0
533,8,3,2,"[0.5, 1.0, 1.5, 2.0, 2.5, 2.5, 2.5, 3.5, 3.5, 6.0]","[0.0, 0.0, 0.0, 0.0, 1.0, 1.7320508, 2.4494898, 2.4494898, 3.4641016, 5.656854]","[1.5, 1.5, 2.0, 2.0, 2.5, 2.5, 3.5, 4.0]","[0.0, 0.0, 1.4142135, 1.7320508, 2.0, 2.4494898, 2.4494898, 3.8729835]","[-3.5, -3.5, -3.0, -3.0, -2.5, -2.5, -2.5, -2.0]","[1.5, 1.5, 2.0]","[0.0, 1.4142135, 1.7320508]","[-3.5, -3.5, -2.0]","[2.0, 5.0, 7.0]","[0.0, 5.0, 6.928203]","[-2.5, 3.0, 5.0]","[2.5, 5.0]","[2.4494898, 5.0]","[2.0, 3.0]",1,1,1,0,1.0,0.0,1
991,21,7,2,"[1.5, 1.5, 3.5, 4.0, 4.5, 5.5, 5.5, 6.0, 6.5, 6.5]","[0.0, 1.4142135, 2.4494898, 2.828427, 4.0, 4.2426405, 5.196152, 5.477226, 6.0, 6.4807405]","[0.0, 0.0, 0.0, 0.5, 0.5, 1.0, 1.5, 2.0, 2.0, 3.0, 3.0, 3.0, 3.0, 3.0, 3.5, 4.0, 4.5, 4.5, 5.0, 6.0, 7.0]","[0.0, 0.0, 0.0, 0.0, 0.0, 0.0, 0.0, 0.0, 1.0, 1.4142135, 1.7320508, 2.828427, 2.828427, 2.828427, 3.0, 3.7416575, 3.8729835, 4.472136, 4.582576, 5.656854, 6.928203]","[-6.0, -6.0, -6.0, -5.5, -4.5, -4.5, -4.5, -4.0, -4.0, -3.5, -3.0, -2.5, -2.5, -2.0, -2.0, -2.0, -2.0, -1.5, -1.5, -1.5, -1.5]","[0.0, 0.0, 0.0, 0.5, 3.0, 3.0, 3.0]","[0.0, 0.0, 0.0, 0.0, 2.828427, 2.828427, 3.0]","[-6.0, -6.0, -4.5, -4.0, -1.5, -1.5, -1.5]","[2.0, 2.0, 2.0, 4.0, 4.5, 6.0, 7.0]","[0.0, 0.0, 0.0, 1.7320508, 3.7416575, 5.656854, 6.928203]","[-6.0, -2.5, -1.5, -1.5, -1.0, 3.5, 4.0]","[1.5, 4.5]","[0.0, 4.472136]","[-2.0, -1.0]",5,0,2,0,2.5,0.0,1
511,22,5,3,"[1.0, 1.5, 2.0, 2.5, 5.0, 6.0, 6.5, 7.5, 8.0, 8.5]","[0.0, 0.0, 1.0, 2.4494898, 4.8989797, 6.0, 6.4807405, 7.3484693, 7.937254, 8.485281]","[0.0, 0.5, 1.0, 1.0, 1.5, 1.5, 2.0, 2.5, 3.0, 3.0, 3.0, 3.0, 3.5, 3.5, 3.5, 3.5, 3.5, 3.5, 4.0, 5.0, 6.0, 6.0]","[0.0, 0.0, 0.0, 0.0, 0.0, 0.0, 0.0, 0.0, 0.0, 1.7320508, 2.236068, 2.236068, 2.4494898, 2.4494898, 2.4494898, 2.6457512, 3.0, 3.1622777, 3.1622777, 5.0, 5.656854, 5.91608]","[-6.5, -6.5, -5.5, -5.0, -5.0, -5.0, -5.0, -4.5, -4.5, -4.5, -4.5, -3.5, -3.5, -3.5, -3.0, -2.5, -2.5, -2.5, -2.0, -2.0, -1.5, -1.5]","[0.0, 0.5, 1.5, 3.0, 3.5]","[0.0, 0.0, 0.0, 0.0, 2.236068]","[-6.5, -5.0, -4.5, -3.5, -2.5]","[3.0, 4.0, 4.5, 6.0, 6.0]","[2.6457512, 2.828427, 3.7416575, 5.196152, 5.91608]","[-3.5, -2.0, -1.5, -1.0, 1.0]","[4.5, 8.0, 8.5]","[3.7416575, 7.937254, 8.485281]","[1.0, 1.0, 5.0]",2,1,2,0,1.0,0.0,1
729,2,1,1,"[0.0, 0.5, 1.5, 2.5, 3.0, 3.0, 3.0, 3.5, 3.5, 4.0]","[0.0, 0.0, 0.0, 2.236068, 2.4494898, 2.6457512, 2.828427, 3.0, 3.1622777, 3.4641016]","[1.0, 1.5]","[0.0, 1.4142135]","[-4.0, -3.5]",[1.5],[1.4142135],[-3.5],[4.0],[2.6457512],[1.5],[4.0],[2.6457512],[1.5],0,1,0,0,0.0,0.0,1
400,28,7,2,"[1.0, 1.5, 2.5, 5.0, 5.0, 5.5, 6.0, 7.0, 8.0, 8.0]","[0.0, 1.4142135, 2.4494898, 4.0, 4.0, 5.196152, 5.2915025, 6.708204, 7.937254, 8.0]","[0.0, 0.5, 0.5, 1.0, 1.0, 1.0, 1.0, 1.0, 1.0, 1.5, 1.5, 2.0, 2.5, 2.5, 2.5, 3.0, 3.0, 3.5, 3.5, 3.5, 4.0, 4.0, 4.0, 4.0, 4.0, 4.5, 5.0, 6.5]","[0.0, 0.0, 0.0, 0.0, 0.0, 0.0, 0.0, 0.0, 0.0, 0.0, 0.0, 0.0, 0.0, 1.0, 1.4142135, 2.0, 2.236068, 2.4494898, 2.6457512, 2.6457512, 3.1622777, 3.4641016, 3.4641016, 3.8729835, 3.8729835, 4.2426405, 4.8989797, 6.4807405]","[-6.5, -6.5, -5.5, -5.5, -5.0, -5.0, -5.0, -5.0, -4.5, -4.5, -4.5, -4.5, -4.5, -4.5, -4.5, -4.0, -4.0, -3.5, -3.0, -3.0, -2.5, -2.5, -2.0, -2.0, -2.0, -2.0, -1.5, -1.0]","[0.0, 0.5, 1.0, 1.0, 1.0, 1.0, 2.5]","[0.0, 0.0, 0.0, 0.0, 0.0, 0.0, 0.0]","[-5.5, -5.0, -5.0, -4.5, -4.0, -2.5, -2.0]","[1.0, 2.0, 2.5, 3.0, 3.5, 4.0, 5.5]","[0.0, 1.0, 2.0, 2.236068, 3.4641016, 3.4641016, 4.8989797]","[-4.5, -4.5, -2.5, -2.0, -2.0, -2.0, -2.0]","[1.5, 6.0]","[1.4142135, 5.91608]","[-6.5, 1.5]",5,0,2,1,1.0,3.0,1
36688,2,1,1,"[0.5, 0.5, 1.0, 1.5, 2.0, 2.0, 2.5, 2.5, 3.0, 3.5]","[0.0, 0.0, 0.0, 1.0, 1.4142135, 1.7320508, 1.7320508, 2.0, 2.4494898, 2.828427]","[2.0, 2.5]","[0.0, 0.0]","[-1.5, -1.0]",[2.0],[0.0],[-1.5],[7.5],[7.483315],[5.5],[7.5],[7.483315],[5.5],0,1,0,0,0.0,0.0,0
460,25,5,1,"[0.5, 1.5, 1.5, 2.5, 5.0, 5.5, 6.5, 7.0, 7.0, 7.0]","[0.0, 0.0, 0.0, 2.4494898, 4.8989797, 5.477226, 6.4807405, 6.708204, 6.708204, 6.928203]","[0.0, 0.0, 0.5, 1.0, 1.5, 1.5, 1.5, 1.5, 1.5, 2.0, 2.0, 2.5, 2.5, 2.5, 2.5, 3.0, 3.0, 3.0, 3.0, 3.5, 4.5, 4.5, 4.5, 5.5, 6.5]","[0.0, 0.0, 0.0, 0.0, 0.0, 0.0, 0.0, 0.0, 0.0, 1.4142135, 2.0, 2.0, 2.0, 2.0, 2.236068, 2.4494898, 2.828427, 3.0, 3.0, 3.1622777, 4.2426405, 4.472136, 4.472136, 5.2915025, 6.4807405]","[-8.0, -7.0, -5.5, -5.0, -5.0, -5.0, -4.5, -4.5, -4.0, -4.0, -4.0, -3.5, -3.5, -3.5, -3.0, -3.0, -3.0, -2.5, -2.5, -2.0, -2.0, -2.0, -1.5, -1.5, -1.0]","[0.0, 0.0, 0.5, 1.0, 2.0]","[0.0, 0.0, 0.0, 0.0, 2.0]","[-8.0, -7.0, -5.5, -5.0, -4.5]","[1.5, 4.5, 6.5, 8.0, 8.5]","[0.0, 2.828427, 6.4807405, 8.0, 8.485281]","[-4.0, -2.0, 0.0, 0.5, 2.5]",[4.5],[2.828427],[0.0],4,1,0,1,0.0,4.0,1
73575,5,2,1,"[0.0, 0.0, 0.5, 1.0, 1.5, 1.5, 2.5, 3.5, 3.5, 6.0]","[0.0, 0.0, 0.0, 0.0, 0.0, 1.0, 1.4142135, 1.4142135, 3.1622777, 5.196152]","[1.5, 2.5, 3.5, 4.0, 4.5]","[0.0, 0.0, 1.4142135, 2.4494898, 4.2426405]","[-5.5, -2.5, -2.0, -1.5, -1.0]","[1.5, 2.5]","[0.0, 1.4142135]","[-5.5, -2.5]","[2.5, 5.5]","[2.0, 5.477226]","[1.0, 1.0]",[6.0],[5.196152],[6.0],1,0,1,0,1.0,0.0,0
857,2,2,2,"[0.0, 0.5, 1.0, 1.0, 2.0, 2.0, 3.5, 3.5, 4.0, 4.0]","[0.0, 0.0, 0.0, 1.0, 1.7320508, 2.0, 3.1622777, 3.4641016, 3.4641016, 3.8729835]","[2.5, 2.5]","[2.0, 2.0]","[-2.0, -1.5]","[2.5, 2.5]","[2.0, 2.0]","[-2.0, -1.5]","[3.5, 4.0]","[0.0, 3.1622777]","[0.0, 2.5]","[3.5, 4.0]","[0.0, 3.1622777]","[0.0, 2.5]",0,2,0,0,0.0,0.0,1
10,2,1,1,"[0.0, 0.0, 0.5, 1.0, 1.0, 1.0, 2.0, 2.0, 5.0, 5.5]","[0.0, 0.0, 0.0, 0.0, 0.0, 0.0, 1.0, 2.0, 4.8989797, 5.2915025]","[1.5, 2.5]","[0.0, 1.4142135]","[-3.0, -2.0]",[1.5],[1.4142135],[-3.0],[5.0],[5.0],[2.0],[5.0],[5.0],[2.0],0,1,0,0,0.0,0.0,1
40,26,4,1,"[0.5, 1.0, 5.0, 5.5, 5.5, 6.0, 7.0, 7.5, 7.5, 7.5]","[0.0, 1.0, 4.2426405, 4.582576, 5.2915025, 5.91608, 7.0, 7.3484693, 7.483315, 7.483315]","[0.5, 0.5, 0.5, 0.5, 1.0, 1.0, 1.5, 1.5, 2.0, 2.0, 2.5, 2.5, 2.5, 2.5, 2.5, 3.0, 3.5, 3.5, 3.5, 3.5, 4.0, 5.0, 5.0, 5.0, 5.0, 5.5]","[0.0, 0.0, 0.0, 0.0, 0.0, 0.0, 0.0, 0.0, 0.0, 0.0, 0.0, 1.0, 1.7320508, 2.0, 2.236068, 2.4494898, 2.4494898, 2.4494898, 3.1622777, 3.4641016, 4.0, 4.0, 4.582576, 4.8989797, 4.8989797, 4.8989797]","[-7.5, -6.5, -6.5, -6.5, -6.0, -5.5, -5.5, -5.5, -5.5, -4.5, -4.5, -4.0, -4.0, -3.5, -3.5, -3.5, -3.0, -3.0, -3.0, -2.5, -2.5, -2.5, -2.5, -2.5, -2.5, -2.5]","[0.5, 0.5, 2.5, 2.5]","[0.0, 0.0, 0.0, 0.0]","[-6.5, -6.5, -5.5, -3.0]","[0.5, 3.5, 4.0, 5.0]","[0.0, 0.0, 2.4494898, 4.582576]","[-7.5, -4.0, -2.5, 1.0]",[2.0],[2.0],[-3.5],3,0,1,0,3.0,0.0,1
251,2,1,1,"[0.5, 0.5, 1.5, 1.5, 2.0, 2.0, 3.0, 3.0, 4.5, 5.5]","[0.0, 0.0, 0.0, 0.0, 1.4142135, 1.7320508, 2.236068, 2.828427, 3.0, 5.2915025]","[1.0, 2.0]","[0.0, 0.0]","[-5.0, -4.5]",[1.0],[0.0],[-5.0],[3.0],[0.0],[2.5],[3.0],[0.0],[2.5],0,1,0,0,0.0,0.0,1
88176,4,2,2,"[0.0, 0.5, 1.0, 1.0, 2.0, 2.0, 2.5, 3.0, 4.0, 5.0]","[0.0, 0.0, 0.0, 0.0, 0.0, 0.0, 1.7320508, 2.0, 3.4641016, 4.582576]","[1.0, 2.0, 2.5, 3.0]","[0.0, 0.0, 0.0, 3.0]","[-4.0, -3.5, -2.5, -1.5]","[1.0, 3.0]","[0.0, 3.0]","[-3.5, -2.5]","[4.5, 4.5]","[0.0, 2.828427]","[3.0, 4.5]","[4.5, 4.5]","[0.0, 2.828427]","[3.0, 4.5]",0,2,0,0,0.0,0.0,0
9906,3,2,1,"[0.0, 0.5, 1.0, 1.0, 1.5, 2.0, 2.5, 2.5, 3.5, 5.0]","[0.0, 0.0, 0.0, 0.0, 0.0, 0.0, 0.0, 1.7320508, 2.4494898, 4.8989797]","[1.5, 1.5, 2.5]","[0.0, 0.0, 1.4142135]","[-3.0, -1.5, -1.0]","[1.5, 2.5]","[0.0, 1.4142135]","[-3.0, -1.5]","[2.0, 3.0]","[1.7320508, 2.236068]","[-1.0, 1.0]",[5.0],[4.0],[5.0],1,0,1,0,1.0,0.0,0
590,3,1,1,"[0.0, 0.0, 1.0, 1.5, 1.5, 2.0, 3.0, 3.0, 4.0, 8.0]","[0.0, 0.0, 0.0, 0.0, 0.0, 1.7320508, 2.236068, 3.0, 3.8729835, 8.0]","[2.5, 2.5, 4.0]","[0.0, 2.0, 2.6457512]","[-3.0, -2.0, -1.0]",[2.5],[2.0],[-3.0],[3.5],[2.4494898],[-2.0],[3.5],[2.4494898],[-2.0],0,1,0,0,0.0,0.0,1
697,1,1,1,"[0.0, 0.5, 1.0, 1.0, 1.5, 2.0, 2.5, 2.5, 5.0, 5.5]","[0.0, 0.0, 0.0, 0.0, 0.0, 1.4142135, 2.0, 2.0, 4.8989797, 5.477226]",[2.0],[2.0],[-3.5],[2.0],[2.0],[-3.5],[4.5],[3.7416575],[2.0],[4.5],[3.7416575],[2.0],0,1,0,0,0.0,0.0,1
85,3,2,1,"[0.0, 0.5, 0.5, 0.5, 1.5, 1.5, 3.0, 3.5, 4.0, 6.0]","[0.0, 0.0, 0.0, 0.0, 0.0, 0.0, 2.236068, 3.1622777, 3.4641016, 5.196152]","[1.5, 3.0, 4.0]","[0.0, 2.6457512, 2.828427]","[-4.5, -3.0, -1.0]","[1.5, 3.0]","[0.0, 2.828427]","[-4.5, -1.0]","[2.0, 7.0]","[2.0, 6.928203]","[-3.0, 5.5]",[0.5],[0.0],[0.0],1,0,1,0,1.0,0.0,1
718,2,2,2,"[0.0, 0.5, 0.5, 1.0, 1.0, 1.5, 2.0, 2.5, 4.5, 6.0]","[0.0, 0.0, 0.0, 0.0, 0.0, 1.0, 1.4142135, 2.4494898, 3.7416575, 5.91608]","[2.5, 3.0]","[2.0, 2.828427]","[-2.0, -2.0]","[2.5, 3.0]","[2.0, 2.828427]","[-2.0, -2.0]","[2.0, 7.0]","[0.0, 6.928203]","[1.0, 3.5]","[2.0, 7.0]","[0.0, 6.928203]","[1.0, 3.5]",0,2,0,0,0.0,0.0,1
306,2,1,1,"[0.0, 0.5, 0.5, 1.0, 1.0, 1.5, 2.5, 4.5, 5.5, 5.5]","[0.0, 0.0, 0.0, 0.0, 0.0, 0.0, 1.4142135, 4.2426405, 4.2426405, 4.8989797]","[2.0, 3.5]","[1.7320508, 3.1622777]","[-5.0, -2.5]",[2.0],[1.7320508],[-5.0],[6.5],[6.4807405],[5.5],[6.5],[6.4807405],[5.5],0,1,0,0,0.0,0.0,1
42668,3,1,1,"[0.0, 0.5, 1.0, 2.0, 2.5, 2.5, 2.5, 3.0, 3.5, 3.5]","[0.0, 0.0, 0.0, 0.0, 0.0, 0.0, 0.0, 2.0, 2.0, 2.4494898]","[2.5, 3.5, 4.0]","[2.4494898, 3.1622777, 3.4641016]","[-4.5, -2.0, -1.0]",[2.5],[2.4494898],[-4.5],[5.5],[4.8989797],[5.5],[5.5],[4.8989797],[5.5],0,1,0,0,0.0,0.0,0
11058,2,2,1,"[0.0, 0.5, 0.5, 1.0, 1.0, 1.5, 2.0, 3.0, 3.5, 6.5]","[0.0, 0.0, 0.0, 0.0, 0.0, 1.4142135, 1.7320508, 3.0, 3.4641016, 6.3245554]","[2.0, 3.0]","[0.0, 1.7320508]","[-2.0, -1.5]","[2.0, 3.0]","[0.0, 1.7320508]","[-2.0, -1.5]","[3.0, 4.0]","[2.828427, 4.0]","[-2.5, 1.5]",[2.5],[2.4494898],[1.0],1,0,1,0,1.0,0.0,0
67560,1,1,1,"[0.0, 0.5, 0.5, 1.0, 1.0, 1.5, 3.0, 3.5, 4.5, 4.5]","[0.0, 0.0, 0.0, 0.0, 0.0, 1.0, 1.0, 2.236068, 2.828427, 3.7416575]",[3.5],[3.1622777],[-4.0],[3.5],[3.1622777],[-4.0],[8.0],[8.0],[7.5],[8.0],[8.0],[7.5],0,1,0,0,0.0,0.0,0
33371,4,3,1,"[0.0, 0.0, 0.0, 0.5, 1.0, 1.0, 1.5, 3.0, 7.0, 9.0]","[0.0, 0.0, 0.0, 0.0, 0.0, 0.0, 0.0, 0.0, 7.0, 9.0]","[0.5, 2.5, 4.0, 5.5]","[0.0, 2.0, 4.0, 5.2915025]","[-5.0, -3.5, -2.5, -2.0]","[0.5, 2.5, 5.5]","[0.0, 2.0, 5.2915025]","[-5.0, -2.5, -2.0]","[3.0, 5.5, 8.5]","[2.236068, 4.2426405, 8.485281]","[-0.5, 0.5, 1.0]",[7.5],[7.483315],[7.5],2,0,1,0,2.0,0.0,0
58617,2,1,1,"[0.5, 0.5, 1.0, 1.0, 1.0, 1.5, 1.5, 1.5, 2.5, 5.0]","[0.0, 0.0, 0.0, 0.0, 0.0, 0.0, 0.0, 1.0, 2.0, 3.0]","[3.0, 3.5]","[0.0, 0.0]","[-3.0, -1.5]",[3.0],[0.0],[-3.0],[8.0],[8.0],[7.5],[8.0],[8.0],[7.5],0,1,0,0,0.0,0.0,0
59744,1,1,1,"[0.0, 0.0, 1.0, 1.0, 2.0, 2.5, 2.5, 2.5, 3.0, 4.5]","[0.0, 0.0, 0.0, 0.0, 1.0, 1.7320508, 2.0, 2.4494898, 2.828427, 3.0]",[1.0],[0.0],[-2.5],[1.0],[0.0],[-2.5],[3.5],[2.4494898],[1.5],[3.5],[2.4494898],[1.5],0,1,0,0,0.0,0.0,0
75880,5,3,2,"[0.0, 0.5, 0.5, 1.0, 1.0, 3.0, 3.0, 3.5, 5.0, 7.5]","[0.0, 0.0, 0.0, 0.0, 0.0, 0.0, 3.0, 3.1622777, 5.0, 7.483315]","[1.5, 2.0, 2.5, 3.5, 4.0]","[0.0, 0.0, 2.0, 3.1622777, 3.4641016]","[-4.0, -3.5, -3.0, -2.0, -1.5]","[1.5, 2.0, 2.5]","[0.0, 0.0, 2.0]","[-4.0, -3.5, -1.5]","[1.5, 6.0, 7.5]","[1.4142135, 5.91608, 7.483315]","[-2.0, 3.5, 3.5]","[5.5, 6.0]","[5.2915025, 5.91608]","[3.5, 5.5]",1,1,1,0,1.0,0.0,0
696,2,2,1,"[0.5, 0.5, 1.0, 1.0, 1.5, 2.0, 2.5, 3.0, 3.0, 5.5]","[0.0, 0.0, 0.0, 0.0, 0.0, 0.0, 0.0, 0.0, 2.0, 4.2426405]","[1.0, 4.0]","[1.0, 2.6457512]","[-3.5, -1.5]","[1.0, 4.0]","[1.0, 2.6457512]","[-3.5, -1.5]","[5.5, 8.0]","[5.2915025, 8.0]","[3.5, 4.5]",[5.5],[4.2426405],[5.5],1,0,1,0,1.0,0.0,1
132,3,1,1,"[0.0, 0.5, 0.5, 1.0, 1.0, 1.0, 1.5, 2.0, 3.0, 6.5]","[0.0, 0.0, 0.0, 0.0, 0.0, 1.0, 1.0, 1.4142135, 2.828427, 6.3245554]","[2.5, 2.5, 3.5]","[0.0, 0.0, 2.0]","[-2.5, -2.0, -1.5]",[2.5],[2.0],[-2.5],[4.0],[0.0],[1.0],[4.0],[0.0],[1.0],0,1,0,0,0.0,0.0,1
137,27,7,2,"[0.0, 3.0, 4.5, 4.5, 4.5, 5.0, 5.5, 5.5, 6.0, 8.0]","[0.0, 2.828427, 3.7416575, 3.7416575, 4.2426405, 4.472136, 4.582576, 5.477226, 5.656854, 7.937254]","[0.0, 0.0, 0.0, 0.5, 0.5, 0.5, 1.0, 1.5, 1.5, 2.0, 2.5, 2.5, 2.5, 2.5, 3.0, 3.0, 3.0, 3.0, 3.5, 4.0, 4.0, 4.0, 4.5, 4.5, 4.5, 4.5, 6.5]","[0.0, 0.0, 0.0, 0.0, 0.0, 0.0, 0.0, 0.0, 1.4142135, 1.4142135, 1.7320508, 2.0, 2.0, 2.236068, 2.4494898, 2.4494898, 2.828427, 2.828427, 2.828427, 3.0, 3.4641016, 3.4641016, 4.0, 4.2426405, 4.472136, 4.472136, 6.4807405]","[-8.0, -7.0, -6.5, -6.5, -5.0, -4.5, -4.5, -4.5, -4.5, -4.5, -3.5, -3.0, -3.0, -3.0, -2.5, -2.5, -2.5, -2.5, -2.5, -2.5, -2.5, -2.5, -2.5, -2.5, -2.0, -1.5, -1.5]","[0.0, 0.0, 0.0, 0.5, 0.5, 1.0, 2.5]","[0.0, 0.0, 0.0, 0.0, 0.0, 0.0, 0.0]","[-7.0, -6.5, -5.0, -4.5, -4.5, -3.5, -2.5]","[1.5, 2.5, 2.5, 3.0, 4.0, 5.0, 6.5]","[0.0, 0.0, 1.4142135, 2.0, 3.0, 4.0, 6.4807405]","[-4.5, -2.5, -2.5, -2.5, -0.5, -0.5, 2.5]","[2.5, 3.0]","[0.0, 3.0]","[-2.5, -0.5]",5,1,1,0,5.0,0.0,1
71572,1,1,1,"[0.5, 0.5, 1.0, 1.0, 1.5, 2.0, 2.5, 4.5, 5.0, 5.0]","[0.0, 0.0, 0.0, 0.0, 0.0, 1.0, 2.0, 4.472136, 4.582576, 4.8989797]",[3.0],[2.236068],[-2.0],[3.0],[2.236068],[-2.0],[4.5],[4.472136],[2.5],[4.5],[4.472136],[2.5],0,1,0,0,0.0,0.0,0
91493,3,2,1,"[0.0, 0.5, 1.0, 1.0, 1.5, 2.0, 2.0, 3.0, 3.5, 6.5]","[0.0, 0.0, 0.0, 0.0, 0.0, 0.0, 1.4142135, 2.236068, 2.4494898, 6.4807405]","[2.0, 2.5, 2.5]","[0.0, 2.0, 2.4494898]","[-3.0, -2.5, -2.0]","[2.5, 2.5]","[2.0, 2.4494898]","[-3.0, -2.5]","[2.0, 2.0]","[1.7320508, 1.7320508]","[-1.5, -1.0]",[6.5],[6.0],[6.5],1,0,1,0,1.0,0.0,0
80851,4,2,1,"[1.0, 1.5, 1.5, 1.5, 2.5, 3.0, 3.5, 3.5, 4.5, 6.0]","[0.0, 0.0, 0.0, 1.4142135, 2.236068, 2.4494898, 2.4494898, 3.4641016, 4.2426405, 5.196152]","[0.5, 1.0, 2.0, 6.0]","[0.0, 0.0, 1.7320508, 5.91608]","[-5.5, -2.5, -2.5, -1.5]","[0.5, 1.0]","[0.0, 0.0]","[-5.5, -2.5]","[2.0, 4.5]","[1.7320508, 3.7416575]","[-2.5, 0.5]",[8.0],[7.937254],[4.0],1,0,1,0,1.0,0.0,0
17656,9,5,3,"[0.5, 1.0, 1.0, 1.5, 2.0, 2.0, 3.0, 5.0, 6.0, 8.0]","[0.0, 0.0, 0.0, 1.0, 1.4142135, 1.7320508, 2.236068, 4.582576, 5.91608, 7.937254]","[1.0, 1.0, 1.5, 1.5, 2.0, 2.5, 4.0, 4.5, 6.0]","[0.0, 0.0, 1.0, 1.4142135, 1.7320508, 2.0, 3.4641016, 4.2426405, 5.91608]","[-5.0, -3.5, -3.5, -3.0, -3.0, -3.0, -2.5, -2.5, -2.0]","[1.0, 1.0, 1.5, 2.0, 2.5]","[0.0, 0.0, 1.0, 1.7320508, 2.0]","[-3.5, -3.0, -3.0, -2.5, -2.5]","[0.5, 1.0, 2.0, 4.5, 7.0]","[0.0, 0.0, 0.0, 4.472136, 6.708204]","[-3.0, -2.5, -1.0, 2.0, 2.5]","[2.0, 4.0, 5.5]","[0.0, 3.4641016, 5.2915025]","[-1.0, 3.5, 5.0]",2,1,2,0,1.0,0.0,0
18612,1,1,1,"[0.5, 0.5, 0.5, 1.0, 1.5, 1.5, 2.0, 4.0, 5.0, 6.0]","[0.0, 0.0, 0.0, 0.0, 0.0, 1.4142135, 1.7320508, 3.4641016, 4.582576, 5.91608]",[2.5],[0.0],[-1.5],[2.5],[0.0],[-1.5],[4.0],[3.4641016],[0.5],[4.0],[3.4641016],[0.5],0,1,0,0,0.0,0.0,0
31549,1,1,1,"[0.5, 0.5, 1.0, 2.0, 2.0, 2.0, 2.0, 3.5, 3.5, 4.0]","[0.0, 0.0, 0.0, 0.0, 1.7320508, 1.7320508, 1.7320508, 3.4641016, 3.4641016, 3.4641016]",[2.5],[2.4494898],[-1.0],[2.5],[2.4494898],[-1.0],[4.5],[3.7416575],[1.0],[4.5],[3.7416575],[1.0],0,1,0,0,0.0,0.0,0
32701,7,4,2,"[0.0, 1.0, 1.5, 1.5, 2.0, 2.0, 2.5, 3.5, 5.5, 6.0]","[0.0, 0.0, 0.0, 1.0, 1.4142135, 1.7320508, 2.0, 3.4641016, 5.2915025, 5.91608]","[0.5, 1.0, 1.0, 1.5, 2.5, 4.0, 5.0]","[0.0, 0.0, 0.0, 1.4142135, 2.0, 3.4641016, 4.8989797]","[-3.5, -2.5, -2.5, -2.5, -1.5, -1.5, -1.0]","[0.5, 1.0, 1.5, 2.5]","[0.0, 0.0, 1.4142135, 2.0]","[-3.5, -2.5, -2.5, -1.5]","[4.0, 6.5, 7.0, 7.5]","[3.4641016, 6.0, 6.708204, 7.483315]","[-1.5, 2.5, 4.0, 6.0]","[4.5, 6.5]","[2.828427, 6.0]","[-1.0, 6.0]",2,1,1,0,2.0,0.0,0
64,5,1,1,"[1.0, 1.0, 1.5, 2.0, 2.0, 2.0, 2.0, 4.0, 4.5, 7.0]","[0.0, 0.0, 0.0, 0.0, 0.0, 1.0, 1.7320508, 3.4641016, 4.472136, 6.928203]","[1.5, 1.5, 2.5, 4.0, 4.0]","[0.0, 1.4142135, 1.4142135, 2.6457512, 3.4641016]","[-4.5, -3.5, -3.5, -3.0, -2.0]",[1.5],[1.4142135],[-4.5],[5.5],[4.8989797],[2.5],[5.5],[4.8989797],[2.5],0,1,0,0,0.0,0.0,1
94750,7,2,2,"[1.0, 1.0, 1.0, 2.0, 2.0, 2.5, 3.0, 4.0, 4.5, 8.0]","[0.0, 0.0, 0.0, 0.0, 1.0, 1.0, 2.4494898, 2.6457512, 2.828427, 8.0]","[1.5, 2.5, 2.5, 2.5, 3.0, 3.0, 3.0]","[0.0, 0.0, 0.0, 0.0, 0.0, 2.0, 2.828427]","[-6.0, -4.0, -3.0, -2.0, -2.0, -2.0, -1.5]","[1.5, 3.0]","[0.0, 2.828427]","[-6.0, -3.0]","[4.5, 4.5]","[3.7416575, 4.472136]","[0.0, 4.0]","[4.5, 4.5]","[3.7416575, 4.472136]","[0.0, 4.0]",0,2,0,0,0.0,0.0,0
48625,3,2,1,"[0.0, 1.0, 1.5, 2.0, 2.0, 2.5, 2.5, 4.5, 4.5, 6.0]","[0.0, 0.0, 0.0, 0.0, 0.0, 0.0, 0.0, 2.0, 2.828427, 5.91608]","[1.5, 2.5, 5.5]","[0.0, 2.0, 5.477226]","[-3.5, -2.5, -2.0]","[1.5, 2.5]","[0.0, 2.0]","[-3.5, -2.0]","[1.5, 4.0]","[0.0, 3.4641016]","[-3.0, 1.5]",[8.0],[7.937254],[7.0],1,0,1,0,1.0,0.0,0
274,1,1,1,"[0.0, 0.5, 0.5, 0.5, 0.5, 1.5, 2.5, 3.5, 4.5, 4.5]","[0.0, 0.0, 0.0, 0.0, 0.0, 0.0, 0.0, 3.1622777, 3.7416575, 4.2426405]",[3.0],[2.828427],[-3.5],[3.0],[2.828427],[-3.5],[4.5],[3.7416575],[2.0],[4.5],[3.7416575],[2.0],0,1,0,0,0.0,0.0,1
626,1,1,1,"[0.5, 0.5, 1.0, 1.0, 1.5, 2.0, 2.0, 2.0, 3.5, 4.0]","[0.0, 0.0, 0.0, 0.0, 0.0, 1.4142135, 1.7320508, 1.7320508, 1.7320508, 3.1622777]",[2.0],[1.7320508],[-4.5],[2.0],[1.7320508],[-4.5],[3.5],[3.1622777],[2.5],[3.5],[3.1622777],[2.5],0,1,0,0,0.0,0.0,1
120,1,1,1,"[0.0, 0.5, 1.0, 1.0, 1.0, 2.0, 2.5, 4.0, 5.5, 6.0]","[0.0, 0.0, 0.0, 0.0, 0.0, 0.0, 1.0, 1.7320508, 5.2915025, 6.0]",[3.5],[0.0],[-1.0],[3.5],[0.0],[-1.0],[7.0],[6.928203],[6.5],[7.0],[6.928203],[6.5],0,1,0,0,0.0,0.0,1
134,1,1,1,"[0.0, 0.0, 0.0, 1.0, 1.5, 1.5, 3.0, 3.5, 3.5, 6.5]","[0.0, 0.0, 0.0, 1.0, 1.4142135, 1.4142135, 2.236068, 3.1622777, 3.4641016, 6.4807405]",[1.5],[0.0],[-4.0],[1.5],[0.0],[-4.0],[4.5],[3.7416575],[0.0],[4.5],[3.7416575],[0.0],0,1,0,0,0.0,0.0,1
609,6,2,2,"[1.0, 1.5, 1.5, 2.0, 2.0, 2.0, 2.5, 4.0, 4.5, 7.0]","[0.0, 0.0, 0.0, 0.0, 1.4142135, 1.7320508, 2.0, 2.0, 3.8729835, 6.708204]","[1.5, 2.0, 2.0, 2.5, 4.5, 6.0]","[0.0, 1.4142135, 1.7320508, 1.7320508, 3.7416575, 6.0]","[-4.5, -4.5, -4.0, -3.0, -2.0, -1.5]","[1.5, 2.0]","[1.4142135, 1.7320508]","[-4.5, -4.0]","[5.5, 6.0]","[4.8989797, 5.656854]","[3.0, 6.0]","[5.5, 6.0]","[4.8989797, 5.656854]","[3.0, 6.0]",0,2,0,0,0.0,0.0,1
368,2,1,1,"[0.0, 1.0, 1.0, 1.0, 1.0, 1.5, 2.0, 3.0, 4.0, 4.5]","[0.0, 0.0, 0.0, 0.0, 0.0, 0.0, 1.0, 1.4142135, 2.828427, 3.4641016]","[1.0, 2.5]","[1.0, 2.0]","[-6.0, -1.5]",[1.0],[1.0],[-6.0],[5.0],[4.582576],[4.5],[5.0],[4.582576],[4.5],0,1,0,0,0.0,0.0,1
55522,3,1,1,"[0.5, 0.5, 1.0, 1.5, 1.5, 3.0, 3.0, 4.5, 4.5, 6.0]","[0.0, 0.0, 0.0, 0.0, 0.0, 2.828427, 2.828427, 2.828427, 3.7416575, 5.91608]","[1.0, 2.0, 4.0]","[0.0, 0.0, 3.8729835]","[-4.0, -3.5, -2.5]",[1.0],[0.0],[-4.0],[3.5],[3.1622777],[1.0],[3.5],[3.1622777],[1.0],0,1,0,0,0.0,0.0,0
669,35,5,2,"[4.0, 4.0, 4.5, 4.5, 5.0, 5.5, 6.0, 6.5, 7.0, 9.0]","[0.0, 3.7416575, 3.8729835, 4.2426405, 4.2426405, 4.582576, 5.656854, 6.4807405, 7.0, 9.0]","[0.0, 0.0, 0.5, 0.5, 0.5, 1.0, 1.5, 1.5, 1.5, 2.0, 2.0, 2.0, 2.0, 2.5, 3.0, 3.0, 3.0, 3.5, 3.5, 3.5, 3.5, 3.5, 4.0, 4.0, 4.0, 4.0, 4.0, 4.0, 4.0, 4.0, 4.5, 4.5, 4.5, 5.0, 5.5]","[0.0, 0.0, 0.0, 0.0, 0.0, 0.0, 0.0, 0.0, 0.0, 0.0, 0.0, 1.4142135, 1.4142135, 1.4142135, 1.7320508, 2.0, 2.236068, 2.4494898, 2.4494898, 2.4494898, 2.6457512, 2.6457512, 2.828427, 2.828427, 2.828427, 3.1622777, 3.4641016, 3.4641016, 3.8729835, 3.8729835, 4.0, 4.2426405, 4.472136, 4.582576, 5.477226]","[-8.5, -7.0, -6.5, -6.0, -6.0, -5.0, -5.0, -5.0, -5.0, -4.5, -4.5, -4.5, -4.5, -4.5, -4.0, -4.0, -4.0, -4.0, -4.0, -4.0, -4.0, -4.0, -3.0, -3.0, -3.0, -2.5, -2.5, -2.5, -2.0, -2.0, -2.0, -2.0, -1.5, -1.5, -1.0]","[0.0, 0.0, 0.5, 1.5, 2.0]","[0.0, 0.0, 0.0, 0.0, 1.4142135]","[-8.5, -6.0, -5.0, -4.5, -3.0]","[4.5, 5.0, 5.5, 5.5, 7.0]","[3.0, 4.2426405, 4.2426405, 5.477226, 6.928203]","[-3.0, -3.0, -0.5, 1.0, 4.5]","[1.0, 2.5]","[0.0, 2.4494898]","[-4.0, 0.0]",3,0,2,0,1.5,0.0,1
75776,13,4,2,"[0.0, 0.5, 0.5, 2.0, 2.0, 5.0, 5.0, 5.5, 7.5, 8.5]","[0.0, 0.0, 0.0, 0.0, 2.0, 4.0, 4.8989797, 5.0, 7.3484693, 8.485281]","[1.5, 2.0, 2.0, 2.0, 2.5, 2.5, 3.5, 3.5, 3.5, 3.5, 3.5, 4.0, 5.5]","[0.0, 0.0, 0.0, 0.0, 1.7320508, 2.0, 2.0, 2.4494898, 2.4494898, 2.6457512, 3.4641016, 3.4641016, 5.2915025]","[-6.0, -5.0, -5.0, -5.0, -4.5, -3.5, -3.5, -3.0, -2.5, -2.5, -2.5, -2.0, -2.0]","[1.5, 2.0, 2.0, 3.5]","[0.0, 1.7320508, 2.0, 2.4494898]","[-6.0, -3.5, -2.0, -2.0]","[2.5, 2.5, 5.0, 5.5]","[2.0, 2.4494898, 4.8989797, 5.2915025]","[-2.5, -0.5, -0.5, 0.0]","[7.5, 9.0]","[7.483315, 9.0]","[3.5, 6.5]",2,0,2,0,1.0,0.0,0
213,3,1,1,"[0.0, 0.0, 0.0, 1.0, 2.5, 3.0, 3.5, 4.0, 4.5, 5.0]","[0.0, 0.0, 0.0, 0.0, 0.0, 0.0, 2.6457512, 2.828427, 4.2426405, 4.582576]","[2.5, 2.5, 3.0]","[0.0, 2.0, 3.0]","[-3.5, -2.5, -2.5]",[2.5],[2.0],[-2.5],[4.0],[3.4641016],[0.0],[4.0],[3.4641016],[0.0],0,1,0,0,0.0,0.0,1
86808,2,1,1,"[0.0, 0.0, 1.5, 2.5, 2.5, 2.5, 2.5, 3.0, 4.5, 5.0]","[0.0, 0.0, 0.0, 1.4142135, 2.0, 2.0, 2.0, 2.4494898, 3.7416575, 4.582576]","[2.5, 3.5]","[0.0, 2.4494898]","[-4.0, -3.5]",[2.5],[0.0],[-4.0],[7.5],[7.483315],[6.5],[7.5],[7.483315],[6.5],0,1,0,0,0.0,0.0,0
356,23,7,2,"[0.0, 2.5, 3.0, 3.5, 3.5, 4.5, 6.5, 6.5, 7.0, 7.0]","[0.0, 0.0, 2.4494898, 3.0, 3.1622777, 4.2426405, 6.3245554, 6.4807405, 6.928203, 7.0]","[0.0, 0.5, 0.5, 0.5, 1.0, 1.5, 1.5, 2.0, 2.0, 2.0, 2.0, 2.0, 2.5, 2.5, 3.0, 3.5, 3.5, 3.5, 4.0, 4.0, 4.0, 4.5, 6.0]","[0.0, 0.0, 0.0, 0.0, 0.0, 0.0, 1.0, 1.4142135, 1.4142135, 1.7320508, 1.7320508, 2.0, 2.0, 2.236068, 2.4494898, 2.4494898, 3.1622777, 3.4641016, 3.7416575, 3.8729835, 4.0, 4.0, 6.0]","[-7.0, -6.0, -5.5, -5.0, -5.0, -4.5, -4.5, -4.0, -4.0, -4.0, -3.0, -3.0, -3.0, -3.0, -2.5, -2.5, -2.5, -2.0, -2.0, -2.0, -2.0, -1.5, -1.0]","[0.0, 0.5, 0.5, 0.5, 1.5, 2.0, 2.5]","[0.0, 0.0, 0.0, 0.0, 0.0, 1.4142135, 1.7320508]","[-7.0, -6.0, -4.5, -4.5, -4.0, -2.5, -2.0]","[1.0, 3.5, 4.0, 4.5, 6.5, 6.5, 7.5]","[0.0, 1.0, 3.4641016, 3.7416575, 6.3245554, 6.4807405, 7.483315]","[-5.5, -3.0, -2.5, 1.5, 2.0, 3.5, 3.5]","[4.5, 6.5]","[3.7416575, 6.3245554]","[1.5, 3.5]",5,2,0,1,0.0,5.0,1
39,3,2,2,"[0.5, 1.0, 1.5, 1.5, 1.5, 2.0, 2.5, 3.5, 5.0, 8.5]","[0.0, 0.0, 0.0, 0.0, 0.0, 0.0, 1.4142135, 1.7320508, 3.0, 8.485281]","[2.5, 3.5, 6.5]","[0.0, 2.4494898, 6.3245554]","[-4.5, -2.5, -2.5]","[2.5, 3.5]","[0.0, 2.4494898]","[-4.5, -2.5]","[1.5, 7.0]","[0.0, 6.708204]","[0.5, 3.0]","[1.5, 7.0]","[0.0, 6.708204]","[0.5, 3.0]",0,2,0,0,0.0,0.0,1
60252,1,1,1,"[0.0, 1.0, 1.0, 1.5, 1.5, 1.5, 2.0, 3.0, 3.0, 4.0]","[0.0, 0.0, 0.0, 1.0, 1.0, 1.4142135, 1.7320508, 2.236068, 2.6457512, 3.0]",[2.5],[2.4494898],[-3.5],[2.5],[2.4494898],[-3.5],[5.0],[4.0],[4.0],[5.0],[4.0],[4.0],0,1,0,0,0.0,0.0,0
66,2,1,1,"[0.5, 1.5, 1.5, 1.5, 2.5, 3.0, 3.5, 4.5, 4.5, 7.5]","[0.0, 0.0, 1.4142135, 1.4142135, 2.236068, 2.4494898, 2.4494898, 4.472136, 4.472136, 7.3484693]","[1.5, 2.0]","[0.0, 0.0]","[-1.5, -1.5]",[1.5],[0.0],[-1.5],[5.5],[5.477226],[0.5],[5.5],[5.477226],[0.5],0,1,0,0,0.0,0.0,1
755,1,1,1,"[0.0, 0.0, 0.5, 1.5, 2.0, 2.5, 2.5, 2.5, 6.5, 7.0]","[0.0, 0.0, 0.0, 0.0, 0.0, 1.7320508, 2.4494898, 2.4494898, 6.0, 7.0]",[5.0],[4.582576],[-3.0],[5.0],[4.582576],[-3.0],[4.5],[4.472136],[-1.0],[4.5],[4.472136],[-1.0],0,1,0,0,0.0,0.0,1
817,2,1,1,"[0.0, 0.0, 0.5, 1.5, 2.0, 3.5, 4.0, 4.5, 5.0, 6.0]","[0.0, 0.0, 0.0, 0.0, 0.0, 2.828427, 3.4641016, 3.4641016, 4.0, 6.0]","[4.0, 4.5]","[3.7416575, 3.8729835]","[-2.5, -1.0]",[4.5],[3.7416575],[-2.5],[5.5],[4.2426405],[2.0],[5.5],[4.2426405],[2.0],0,1,0,0,0.0,0.0,1
745,8,3,1,"[0.0, 0.0, 1.5, 2.0, 3.0, 3.0, 4.0, 5.5, 5.5, 8.0]","[0.0, 0.0, 0.0, 1.7320508, 2.828427, 3.0, 3.4641016, 4.2426405, 5.2915025, 8.0]","[1.0, 1.5, 1.5, 2.5, 3.0, 3.0, 3.5, 4.5]","[0.0, 0.0, 0.0, 1.4142135, 1.4142135, 2.828427, 2.828427, 4.472136]","[-6.0, -5.0, -4.0, -4.0, -3.5, -2.5, -2.5, -1.5]","[1.0, 1.5, 3.0]","[0.0, 1.4142135, 2.828427]","[-5.0, -3.5, -1.5]","[5.0, 5.5, 8.5]","[4.582576, 5.477226, 8.485281]","[0.5, 2.5, 4.0]",[3.0],[0.0],[2.0],2,0,1,0,2.0,0.0,1
59578,3,2,1,"[0.0, 0.5, 1.0, 1.0, 1.5, 1.5, 2.0, 2.0, 2.5, 5.0]","[0.0, 0.0, 0.0, 0.0, 1.0, 1.4142135, 1.4142135, 1.7320508, 2.0, 5.0]","[1.0, 1.5, 2.5]","[0.0, 1.0, 2.0]","[-2.5, -2.0, -1.0]","[1.0, 1.5]","[0.0, 1.0]","[-2.5, -2.0]","[2.5, 6.5]","[2.4494898, 6.3245554]","[-1.0, 4.0]",[5.5],[5.2915025],[4.5],1,0,1,0,1.0,0.0,0
506,2,1,1,"[0.0, 0.0, 0.5, 1.0, 1.0, 2.0, 2.0, 3.0, 4.0, 6.5]","[0.0, 0.0, 0.0, 0.0, 0.0, 1.7320508, 2.0, 2.6457512, 3.0, 6.3245554]","[1.5, 4.5]","[1.4142135, 4.2426405]","[-3.5, -1.5]",[1.5],[1.4142135],[-3.5],[4.0],[3.4641016],[3.0],[4.0],[3.4641016],[3.0],0,1,0,0,0.0,0.0,1
75057,2,2,2,"[0.0, 0.5, 0.5, 1.0, 1.0, 1.5, 2.0, 2.5, 6.0, 6.5]","[0.0, 0.0, 0.0, 0.0, 0.0, 0.0, 0.0, 0.0, 5.91608, 6.4807405]","[2.5, 3.5]","[2.0, 3.1622777]","[-2.0, -1.5]","[2.5, 3.5]","[2.0, 3.1622777]","[-2.0, -1.5]","[5.5, 6.5]","[5.2915025, 6.3245554]","[3.0, 3.0]","[5.5, 6.5]","[5.2915025, 6.3245554]","[3.0, 3.0]",0,2,0,0,0.0,0.0,0
188,8,3,1,"[0.0, 1.0, 1.0, 1.0, 1.5, 1.5, 2.5, 2.5, 7.0, 9.0]","[0.0, 0.0, 0.0, 0.0, 1.0, 1.4142135, 1.4142135, 2.4494898, 6.708204, 9.0]","[1.0, 1.5, 1.5, 2.0, 3.5, 3.5, 4.0, 4.0]","[0.0, 0.0, 0.0, 0.0, 1.4142135, 1.7320508, 3.1622777, 3.4641016]","[-5.5, -5.0, -5.0, -4.5, -4.0, -3.5, -2.5, -1.0]","[1.5, 2.0, 3.5]","[0.0, 1.4142135, 1.7320508]","[-5.0, -4.0, -2.5]","[1.0, 4.0, 8.5]","[0.0, 3.4641016, 8.485281]","[-5.0, -4.5, 6.0]",[3.5],[3.4641016],[2.5],2,0,1,0,2.0,0.0,1
55689,6,3,2,"[0.0, 1.0, 1.5, 1.5, 2.0, 2.5, 3.0, 4.5, 6.0, 6.0]","[0.0, 0.0, 0.0, 0.0, 1.0, 1.4142135, 2.236068, 4.472136, 5.196152, 5.91608]","[2.0, 2.0, 2.5, 3.0, 4.0, 4.5]","[0.0, 1.7320508, 2.4494898, 2.6457512, 2.828427, 2.828427]","[-3.0, -3.0, -2.5, -2.5, -1.5, -1.5]","[2.0, 3.0, 4.0]","[1.7320508, 2.6457512, 2.828427]","[-3.0, -2.5, -2.5]","[7.0, 8.0, 8.0]","[6.928203, 7.937254, 8.0]","[2.0, 4.5, 6.5]","[3.0, 8.0]","[2.828427, 7.937254]","[0.5, 6.5]",1,1,1,0,1.0,0.0,0
50956,2,2,1,"[0.0, 0.0, 0.0, 0.5, 0.5, 2.0, 2.0, 3.5, 4.0, 5.5]","[0.0, 0.0, 0.0, 0.0, 0.0, 0.0, 1.7320508, 3.4641016, 3.4641016, 5.2915025]","[2.5, 3.5]","[2.0, 2.4494898]","[-2.5, -2.0]","[2.5, 3.5]","[2.0, 2.4494898]","[-2.5, -2.0]","[1.0, 3.0]","[0.0, 3.0]","[-1.5, -1.0]",[4.5],[4.472136],[3.5],1,0,1,0,1.0,0.0,0
48418,3,2,1,"[0.0, 1.0, 1.0, 1.0, 1.5, 1.5, 3.0, 3.0, 4.0, 7.5]","[0.0, 0.0, 0.0, 1.0, 1.0, 1.0, 1.4142135, 2.236068, 2.6457512, 7.3484693]","[2.5, 2.5, 5.0]","[0.0, 0.0, 4.8989797]","[-4.5, -1.5, -1.0]","[2.5, 5.0]","[0.0, 4.8989797]","[-4.5, -1.5]","[2.0, 3.0]","[2.0, 3.0]","[-3.0, -0.5]",[5.0],[4.8989797],[4.0],1,0,1,0,1.0,0.0,0
791,3,2,1,"[0.0, 0.0, 0.5, 1.0, 1.0, 2.5, 3.0, 4.5, 4.5, 7.0]","[0.0, 0.0, 0.0, 0.0, 0.0, 2.0, 2.828427, 3.0, 3.7416575, 7.0]","[1.5, 3.5, 4.0]","[0.0, 3.1622777, 3.4641016]","[-5.5, -1.5, -1.5]","[1.5, 3.5]","[0.0, 3.1622777]","[-5.5, -1.5]","[4.5, 4.5]","[2.828427, 4.472136]","[-0.5, 0.0]",[3.5],[0.0],[1.0],1,0,1,0,1.0,0.0,1
64280,1,1,1,"[0.5, 1.5, 1.5, 1.5, 1.5, 2.0, 2.0, 2.5, 2.5, 5.5]","[0.0, 0.0, 1.4142135, 1.4142135, 1.4142135, 1.4142135, 1.7320508, 2.0, 2.4494898, 4.8989797]",[3.0],[0.0],[-2.5],[3.0],[0.0],[-2.5],[9.0],[9.0],[7.0],[9.0],[9.0],[7.0],0,1,0,0,0.0,0.0,0
70237,3,2,2,"[0.0, 0.0, 1.0, 1.0, 1.5, 1.5, 3.0, 4.0, 5.0, 6.0]","[0.0, 0.0, 1.0, 1.0, 1.4142135, 1.4142135, 2.236068, 3.0, 3.4641016, 5.91608]","[3.5, 3.5, 6.0]","[0.0, 3.4641016, 5.656854]","[-2.0, -2.0, -1.5]","[3.5, 3.5]","[0.0, 3.4641016]","[-2.0, -1.5]","[2.5, 6.5]","[0.0, 6.0]","[1.0, 5.5]","[2.5, 6.5]","[0.0, 6.0]","[1.0, 5.5]",0,2,0,0,0.0,0.0,0
870,2,1,1,"[0.0, 1.0, 1.0, 1.5, 1.5, 3.0, 3.0, 3.5, 4.5, 5.5]","[0.0, 0.0, 0.0, 0.0, 1.0, 1.4142135, 1.4142135, 3.0, 4.472136, 4.8989797]","[3.0, 4.5]","[2.828427, 4.472136]","[-3.5, -3.0]",[3.0],[2.828427],[-3.5],[2.0],[2.0],[2.0],[2.0],[2.0],[2.0],0,1,0,0,0.0,0.0,1
37969,5,3,2,"[0.0, 0.5, 1.0, 1.0, 1.5, 2.0, 2.5, 2.5, 3.0, 7.5]","[0.0, 0.0, 0.0, 0.0, 0.0, 2.0, 2.0, 2.236068, 2.4494898, 7.483315]","[0.5, 1.5, 2.0, 2.5, 3.0]","[0.0, 0.0, 0.0, 0.0, 1.4142135]","[-4.0, -3.0, -2.5, -2.5, -1.5]","[0.5, 1.5, 2.5]","[0.0, 0.0, 1.4142135]","[-4.0, -3.0, -2.5]","[3.5, 4.0, 4.5]","[3.1622777, 3.8729835, 4.2426405]","[0.0, 0.0, 2.5]","[3.5, 7.5]","[3.1622777, 7.3484693]","[2.5, 6.5]",1,1,1,0,1.0,0.0,0
231,1,1,1,"[0.5, 0.5, 1.0, 1.0, 1.0, 1.5, 2.0, 3.0, 4.0, 6.5]","[0.0, 0.0, 0.0, 0.0, 0.0, 1.0, 2.0, 2.6457512, 3.0, 6.0]",[3.5],[2.4494898],[-2.5],[3.5],[2.4494898],[-2.5],[8.0],[8.0],[6.0],[8.0],[8.0],[6.0],0,1,0,0,0.0,0.0,1
681,4,2,2,"[0.0, 0.0, 1.0, 1.5, 2.0, 3.0, 3.0, 3.0, 3.5, 4.5]","[0.0, 0.0, 0.0, 0.0, 0.0, 0.0, 1.0, 2.828427, 3.1622777, 3.7416575]","[0.5, 2.5, 3.5, 4.0]","[0.0, 0.0, 2.4494898, 3.8729835]","[-3.5, -3.0, -2.5, -1.5]","[0.5, 2.5]","[0.0, 0.0]","[-3.5, -2.5]","[1.5, 8.0]","[0.0, 7.937254]","[0.0, 8.0]","[1.5, 8.0]","[0.0, 7.937254]","[0.0, 8.0]",0,2,0,0,0.0,0.0,1
79291,2,1,1,"[0.5, 0.5, 1.0, 1.0, 1.5, 2.0, 2.5, 3.5, 4.5, 5.0]","[0.0, 0.0, 0.0, 0.0, 0.0, 1.0, 1.4142135, 2.0, 4.0, 4.472136]","[1.5, 3.5]","[1.4142135, 3.4641016]","[-3.5, -2.5]",[1.5],[1.4142135],[-3.5],[3.5],[3.4641016],[2.5],[3.5],[3.4641016],[2.5],0,1,0,0,0.0,0.0,0
56404,1,1,1,"[0.5, 0.5, 1.0, 1.5, 1.5, 2.0, 2.5, 2.5, 3.0, 4.0]","[0.0, 0.0, 0.0, 0.0, 0.0, 0.0, 0.0, 1.0, 2.0, 2.0]",[4.5],[3.7416575],[-1.5],[4.5],[3.7416575],[-1.5],[3.0],[2.236068],[3.0],[3.0],[2.236068],[3.0],0,1,0,0,0.0,0.0,0
84363,1,1,1,"[1.0, 1.0, 1.0, 1.5, 1.5, 2.0, 2.5, 2.5, 3.0, 4.0]","[0.0, 0.0, 0.0, 0.0, 1.0, 1.4142135, 1.7320508, 2.0, 2.236068, 2.4494898]",[3.0],[0.0],[-2.5],[3.0],[0.0],[-2.5],[5.5],[4.2426405],[5.0],[5.5],[4.2426405],[5.0],0,1,0,0,0.0,0.0,0
98436,2,2,1,"[0.0, 1.0, 1.5, 1.5, 2.0, 2.0, 2.5, 3.5, 5.0, 5.5]","[0.0, 1.0, 1.4142135, 1.4142135, 1.7320508, 1.7320508, 2.0, 3.1622777, 4.0, 4.8989797]","[0.5, 3.5]","[0.0, 2.4494898]","[-3.0, -1.0]","[0.5, 3.5]","[0.0, 2.4494898]","[-3.0, -1.0]","[3.0, 7.0]","[0.0, 6.708204]","[-2.0, 5.0]",[6.0],[5.656854],[4.0],1,0,1,0,1.0,0.0,0
37041,6,2,1,"[0.0, 0.5, 0.5, 0.5, 1.5, 3.0, 3.0, 3.5, 4.0, 8.0]","[0.0, 0.0, 0.0, 0.0, 0.0, 0.0, 2.828427, 3.1622777, 3.8729835, 7.937254]","[1.5, 2.5, 2.5, 3.0, 4.0, 4.0]","[0.0, 0.0, 0.0, 0.0, 2.0, 2.6457512]","[-3.5, -3.0, -2.5, -2.0, -1.5, -1.0]","[1.5, 3.0]","[0.0, 0.0]","[-3.0, -2.5]","[5.5, 6.0]","[5.477226, 5.656854]","[0.0, 1.0]",[6.0],[5.656854],[3.5],1,0,1,0,1.0,0.0,0
47961,1,1,1,"[0.0, 0.5, 0.5, 0.5, 1.0, 1.5, 2.5, 2.5, 2.5, 3.5]","[0.0, 0.0, 0.0, 0.0, 0.0, 0.0, 1.4142135, 2.4494898, 2.4494898, 2.4494898]",[2.0],[0.0],[-2.0],[2.0],[0.0],[-2.0],[8.5],[8.485281],[6.5],[8.5],[8.485281],[6.5],0,1,0,0,0.0,0.0,0
12308,4,2,1,"[0.5, 1.0, 1.0, 1.5, 2.0, 2.0, 3.0, 4.0, 4.5, 6.5]","[0.0, 0.0, 0.0, 0.0, 0.0, 1.0, 1.7320508, 2.236068, 4.472136, 6.3245554]","[1.0, 2.0, 2.0, 4.5]","[0.0, 0.0, 1.0, 4.472136]","[-5.5, -4.5, -3.5, -2.0]","[1.0, 2.0]","[0.0, 1.0]","[-5.5, -3.5]","[4.5, 5.0]","[3.7416575, 4.0]","[1.0, 1.5]",[4.0],[3.8729835],[3.5],1,0,1,0,1.0,0.0,0
571,4,1,1,"[0.5, 0.5, 1.0, 1.0, 1.5, 2.0, 2.0, 2.5, 5.0, 8.0]","[0.0, 0.0, 0.0, 0.0, 1.4142135, 1.7320508, 2.0, 2.0, 5.0, 7.937254]","[0.5, 1.5, 2.5, 3.0]","[0.0, 1.4142135, 2.0, 2.236068]","[-5.0, -4.0, -2.5, -1.0]",[0.5],[0.0],[-5.0],[4.0],[0.0],[0.5],[4.0],[0.0],[0.5],0,1,0,0,0.0,0.0,1
55123,2,2,2,"[0.0, 0.0, 0.5, 1.0, 2.0, 2.0, 2.5, 3.5, 4.0, 5.0]","[0.0, 0.0, 0.0, 0.0, 0.0, 1.0, 1.7320508, 3.0, 3.1622777, 3.8729835]","[1.0, 3.5]","[0.0, 3.4641016]","[-4.0, -3.5]","[1.0, 3.5]","[0.0, 3.4641016]","[-4.0, -3.5]","[3.0, 6.0]","[0.0, 5.196152]","[0.5, 5.5]","[3.0, 6.0]","[0.0, 5.196152]","[0.5, 5.5]",0,2,0,0,0.0,0.0,0
544,2,1,1,"[0.0, 0.5, 0.5, 0.5, 1.0, 2.0, 2.5, 2.5, 3.0, 4.0]","[0.0, 0.0, 0.0, 0.0, 0.0, 0.0, 1.7320508, 2.4494898, 2.6457512, 2.828427]","[2.5, 3.5]","[2.4494898, 3.4641016]","[-3.0, -2.5]",[2.5],[2.4494898],[-3.0],[3.0],[2.828427],[1.5],[3.0],[2.828427],[1.5],0,1,0,0,0.0,0.0,1
249,5,2,2,"[0.0, 0.5, 0.5, 0.5, 1.5, 2.5, 3.5, 4.5, 6.0, 6.0]","[0.0, 0.0, 0.0, 0.0, 0.0, 0.0, 0.0, 4.472136, 5.196152, 5.656854]","[2.5, 2.5, 2.5, 3.5, 4.0]","[0.0, 2.4494898, 2.4494898, 2.6457512, 3.4641016]","[-5.5, -4.5, -4.0, -3.5, -2.5]","[2.5, 2.5]","[2.4494898, 2.4494898]","[-5.5, -4.0]","[6.0, 7.5]","[5.196152, 7.483315]","[4.5, 5.5]","[6.0, 7.5]","[5.196152, 7.483315]","[4.5, 5.5]",0,2,0,0,0.0,0.0,1
87135,1,1,1,"[0.5, 0.5, 0.5, 1.0, 1.0, 1.0, 1.5, 2.0, 2.5, 6.5]","[0.0, 0.0, 0.0, 0.0, 0.0, 0.0, 0.0, 1.0, 1.4142135, 6.3245554]",[3.5],[0.0],[-1.5],[3.5],[0.0],[-1.5],[5.5],[5.2915025],[3.0],[5.5],[5.2915025],[3.0],0,1,0,0,0.0,0.0,0
58758,5,2,2,"[0.0, 0.5, 0.5, 0.5, 1.5, 1.5, 2.0, 2.5, 6.0, 7.5]","[0.0, 0.0, 0.0, 0.0, 0.0, 1.4142135, 1.7320508, 2.4494898, 5.656854, 7.3484693]","[1.5, 2.5, 2.5, 2.5, 7.0]","[0.0, 0.0, 1.4142135, 2.4494898, 7.0]","[-3.5, -3.0, -2.0, -1.5, -1.5]","[1.5, 2.5]","[1.4142135, 2.4494898]","[-3.5, -2.0]","[2.5, 5.0]","[2.0, 4.8989797]","[0.0, 0.5]","[2.5, 5.0]","[2.0, 4.8989797]","[0.0, 0.5]",0,2,0,0,0.0,0.0,0
585,7,5,3,"[0.0, 1.5, 2.0, 2.0, 3.0, 3.5, 4.0, 4.5, 4.5, 6.0]","[0.0, 0.0, 0.0, 1.4142135, 1.7320508, 2.236068, 2.4494898, 3.8729835, 4.472136, 5.656854]","[1.0, 1.0, 1.5, 1.5, 1.5, 2.0, 4.0]","[0.0, 0.0, 0.0, 0.0, 0.0, 1.4142135, 4.0]","[-5.5, -3.5, -3.5, -3.0, -3.0, -2.5, -2.0]","[1.0, 1.0, 1.5, 1.5, 1.5]","[0.0, 0.0, 0.0, 0.0, 1.4142135]","[-3.5, -3.5, -3.0, -3.0, -2.0]","[4.0, 5.0, 5.0, 6.5, 6.5]","[0.0, 3.0, 4.582576, 6.4807405, 6.4807405]","[1.0, 1.0, 2.0, 3.5, 4.5]","[3.5, 5.0, 5.0]","[3.0, 3.4641016, 4.582576]","[2.0, 2.0, 4.5]",2,2,1,0,2.0,0.0,1
654,3,2,2,"[0.0, 0.5, 0.5, 2.0, 2.5, 2.5, 3.0, 4.0, 4.5, 6.5]","[0.0, 0.0, 0.0, 0.0, 0.0, 2.4494898, 2.6457512, 3.0, 3.7416575, 6.4807405]","[2.0, 2.0, 3.5]","[1.7320508, 2.0, 3.4641016]","[-3.0, -2.5, -2.5]","[2.0, 2.0]","[1.7320508, 2.0]","[-3.0, -2.5]","[4.5, 5.0]","[2.828427, 4.8989797]","[0.5, 2.5]","[4.5, 5.0]","[2.828427, 4.8989797]","[0.5, 2.5]",0,2,0,0,0.0,0.0,1
64127,4,3,2,"[0.5, 0.5, 1.0, 1.0, 1.0, 1.5, 2.5, 4.5, 5.0, 7.0]","[0.0, 0.0, 0.0, 0.0, 0.0, 1.0, 1.4142135, 4.2426405, 4.8989797, 6.708204]","[1.5, 1.5, 2.5, 2.5]","[0.0, 0.0, 1.4142135, 2.0]","[-4.0, -3.5, -3.0, -3.0]","[1.5, 1.5, 2.5]","[0.0, 1.4142135, 2.0]","[-4.0, -3.5, -3.0]","[4.0, 6.0, 6.5]","[2.6457512, 5.91608, 6.3245554]","[1.5, 2.0, 4.0]","[4.0, 7.5]","[2.6457512, 7.483315]","[1.5, 6.0]",1,1,1,0,1.0,0.0,0
2828,4,2,1,"[0.5, 1.0, 1.5, 1.5, 1.5, 2.0, 2.5, 2.5, 3.0, 8.0]","[0.0, 0.0, 0.0, 1.4142135, 1.4142135, 1.4142135, 2.0, 2.4494898, 3.0, 8.0]","[1.5, 1.5, 3.0, 4.0]","[0.0, 1.4142135, 2.828427, 3.4641016]","[-4.0, -3.5, -2.5, -2.5]","[1.5, 1.5]","[0.0, 1.4142135]","[-4.0, -3.5]","[2.0, 3.5]","[1.7320508, 3.4641016]","[-3.0, -1.5]",[5.0],[3.0],[3.0],1,0,1,0,1.0,0.0,0
902,3,3,2,"[0.0, 0.5, 0.5, 1.0, 2.5, 2.5, 2.5, 3.0, 5.5, 7.0]","[0.0, 0.0, 0.0, 0.0, 2.0, 2.0, 2.236068, 2.4494898, 5.477226, 6.928203]","[2.5, 3.5, 3.5]","[0.0, 0.0, 3.4641016]","[-2.0, -2.0, -1.0]","[2.5, 3.5, 3.5]","[0.0, 0.0, 3.4641016]","[-2.0, -2.0, -1.0]","[4.0, 5.0, 5.0]","[0.0, 3.0, 4.8989797]","[0.5, 0.5, 2.0]","[4.0, 4.5]","[0.0, 3.7416575]","[0.5, 4.0]",1,1,1,0,1.0,0.0,1
769,2,1,1,"[0.0, 0.0, 0.0, 1.5, 2.0, 2.0, 3.0, 3.0, 5.0, 6.5]","[0.0, 0.0, 0.0, 0.0, 0.0, 0.0, 0.0, 1.7320508, 4.582576, 6.3245554]","[1.5, 4.0]","[0.0, 3.8729835]","[-6.0, -2.5]",[1.5],[0.0],[-6.0],[5.0],[4.8989797],[1.0],[5.0],[4.8989797],[1.0],0,1,0,0,0.0,0.0,1
829,2,2,1,"[0.0, 0.5, 1.0, 1.5, 1.5, 2.0, 2.0, 3.0, 5.0, 6.0]","[0.0, 0.0, 0.0, 0.0, 0.0, 1.7320508, 2.0, 3.0, 4.8989797, 5.91608]","[2.5, 3.5]","[2.4494898, 3.1622777]","[-2.0, -1.5]","[2.5, 3.5]","[2.4494898, 3.1622777]","[-2.0, -1.5]","[5.0, 8.5]","[4.582576, 8.485281]","[2.0, 2.5]",[4.0],[3.8729835],[1.0],1,0,1,0,1.0,0.0,1
6818,2,2,1,"[0.0, 0.5, 1.0, 1.5, 2.5, 3.5, 3.5, 4.0, 4.0, 6.5]","[0.0, 0.0, 0.0, 0.0, 0.0, 2.4494898, 2.6457512, 2.6457512, 3.1622777, 6.0]","[1.0, 4.0]","[0.0, 0.0]","[-2.0, -1.0]","[1.0, 4.0]","[0.0, 0.0]","[-2.0, -1.0]","[0.5, 3.5]","[0.0, 3.1622777]","[-1.5, -1.0]",[5.5],[4.2426405],[5.5],1,0,1,0,1.0,0.0,0
492,1,1,1,"[0.5, 0.5, 0.5, 0.5, 0.5, 1.0, 1.5, 3.0, 3.5, 5.5]","[0.0, 0.0, 0.0, 0.0, 0.0, 1.0, 1.4142135, 2.236068, 2.4494898, 4.8989797]",[2.0],[2.0],[-2.0],[2.0],[2.0],[-2.0],[3.5],[3.1622777],[-1.0],[3.5],[3.1622777],[-1.0],0,1,0,0,0.0,0.0,1
92628,3,2,1,"[0.0, 0.5, 1.0, 1.0, 1.5, 1.5, 2.0, 2.5, 3.0, 9.0]","[0.0, 0.0, 0.0, 0.0, 0.0, 0.0, 1.0, 1.4142135, 2.0, 9.0]","[2.5, 5.0, 6.0]","[0.0, 4.582576, 5.656854]","[-3.0, -2.0, -1.5]","[2.5, 5.0]","[0.0, 4.582576]","[-3.0, -2.0]","[2.0, 4.5]","[0.0, 4.472136]","[-2.5, -1.0]",[7.5],[7.483315],[6.5],1,0,1,0,1.0,0.0,0
61008,2,2,1,"[0.0, 0.5, 0.5, 1.0, 2.0, 2.0, 2.0, 4.0, 4.5, 9.0]","[0.0, 0.0, 0.0, 1.0, 1.7320508, 2.0, 2.0, 3.4641016, 4.472136, 9.0]","[4.0, 4.0]","[0.0, 3.8729835]","[-2.5, -1.0]","[4.0, 4.0]","[0.0, 3.8729835]","[-2.5, -1.0]","[4.5, 5.5]","[2.828427, 5.477226]","[-1.5, 0.0]",[4.5],[4.2426405],[2.0],1,0,1,0,1.0,0.0,0
491,2,1,1,"[0.0, 0.0, 0.5, 0.5, 1.5, 2.0, 2.5, 3.5, 4.0, 5.0]","[0.0, 0.0, 0.0, 0.0, 0.0, 0.0, 1.4142135, 2.6457512, 3.4641016, 5.0]","[2.0, 2.0]","[1.7320508, 2.0]","[-4.0, -3.5]",[2.0],[2.0],[-3.5],[4.5],[0.0],[2.5],[4.5],[0.0],[2.5],0,1,0,0,0.0,0.0,1
84969,2,2,1,"[0.5, 0.5, 0.5, 1.0, 1.0, 1.5, 1.5, 3.5, 3.5, 9.0]","[0.0, 0.0, 0.0, 0.0, 0.0, 1.0, 1.4142135, 2.4494898, 3.4641016, 9.0]","[3.5, 3.5]","[0.0, 0.0]","[-4.0, -1.5]","[3.5, 3.5]","[0.0, 0.0]","[-4.0, -1.5]","[5.5, 6.5]","[5.477226, 6.3245554]","[0.5, 1.5]",[4.5],[4.2426405],[3.5],1,0,1,0,1.0,0.0,0
92991,7,3,2,"[0.0, 0.0, 1.0, 1.5, 2.0, 2.5, 2.5, 5.0, 7.5, 7.5]","[0.0, 0.0, 0.0, 0.0, 0.0, 1.4142135, 2.0, 4.582576, 7.3484693, 7.483315]","[2.0, 2.5, 3.0, 3.5, 4.5, 4.5, 6.5]","[1.7320508, 2.0, 2.236068, 2.4494898, 3.7416575, 4.472136, 6.4807405]","[-4.5, -4.0, -3.0, -2.5, -2.0, -2.0, -1.0]","[2.0, 3.5, 4.5]","[1.7320508, 2.4494898, 4.472136]","[-4.5, -2.0, -2.0]","[1.0, 4.0, 6.0]","[0.0, 2.6457512, 5.656854]","[-2.5, 0.0, 1.0]","[1.0, 4.5]","[0.0, 4.472136]","[-2.5, 3.0]",1,1,1,0,1.0,0.0,0
98622,3,3,1,"[1.0, 1.0, 1.5, 1.5, 1.5, 2.0, 2.5, 4.0, 4.5, 7.0]","[0.0, 0.0, 0.0, 1.4142135, 1.4142135, 1.4142135, 2.0, 3.8729835, 4.472136, 6.928203]","[1.0, 1.0, 4.0]","[0.0, 0.0, 3.8729835]","[-3.5, -2.5, -2.5]","[1.0, 1.0, 4.0]","[0.0, 0.0, 3.8729835]","[-3.5, -2.5, -2.5]","[4.5, 4.5, 8.0]","[0.0, 4.2426405, 8.0]","[-0.5, 0.5, 3.0]",[3.0],[2.236068],[0.5],2,0,1,0,2.0,0.0,0
67230,7,3,2,"[0.0, 1.5, 2.0, 2.0, 2.0, 2.5, 3.0, 3.5, 4.5, 5.0]","[0.0, 0.0, 0.0, 0.0, 0.0, 1.7320508, 1.7320508, 2.4494898, 3.7416575, 5.0]","[1.5, 1.5, 1.5, 2.5, 2.5, 3.0, 3.5]","[0.0, 1.4142135, 1.4142135, 2.0, 2.4494898, 2.4494898, 2.828427]","[-4.5, -4.0, -3.5, -2.5, -2.5, -1.5, -1.0]","[1.5, 2.5, 2.5]","[1.4142135, 2.0, 2.4494898]","[-3.5, -2.5, -2.5]","[5.5, 7.5, 8.0]","[5.477226, 7.483315, 8.0]","[2.0, 5.0, 8.0]","[3.0, 8.0]","[2.828427, 8.0]","[2.0, 8.0]",1,1,1,0,1.0,0.0,0
3180,4,2,1,"[0.5, 0.5, 1.5, 1.5, 2.0, 2.0, 2.5, 3.0, 4.0, 5.5]","[0.0, 0.0, 0.0, 0.0, 0.0, 0.0, 1.7320508, 2.0, 3.0, 5.2915025]","[1.0, 1.0, 3.5, 3.5]","[0.0, 0.0, 3.4641016, 3.4641016]","[-3.0, -2.5, -2.0, -1.5]","[1.0, 1.0]","[0.0, 0.0]","[-3.0, -1.5]","[1.0, 4.5]","[1.0, 4.472136]","[-2.5, 1.0]",[6.0],[5.91608],[4.5],1,0,1,0,1.0,0.0,0
24814,7,3,1,"[0.5, 1.5, 1.5, 2.0, 2.0, 2.5, 3.0, 3.0, 3.0, 9.0]","[0.0, 0.0, 0.0, 0.0, 0.0, 1.4142135, 1.7320508, 2.236068, 2.236068, 9.0]","[1.0, 2.0, 2.5, 2.5, 4.5, 4.5, 5.0]","[0.0, 1.0, 2.0, 2.4494898, 2.828427, 3.7416575, 5.0]","[-4.5, -3.0, -3.0, -2.5, -2.5, -2.0, -1.5]","[1.0, 2.0, 4.5]","[0.0, 1.0, 2.828427]","[-3.0, -3.0, -1.5]","[2.5, 3.0, 3.5]","[0.0, 2.0, 3.1622777]","[-4.5, -1.5, 2.5]",[9.0],[9.0],[8.5],2,0,1,0,2.0,0.0,0
37764,2,2,2,"[0.0, 0.5, 0.5, 1.5, 2.0, 2.5, 3.5, 3.5, 3.5, 4.0]","[0.0, 0.0, 0.0, 0.0, 0.0, 1.7320508, 2.4494898, 2.4494898, 3.1622777, 3.8729835]","[2.0, 3.0]","[0.0, 2.828427]","[-2.0, -1.5]","[2.0, 3.0]","[0.0, 2.828427]","[-2.0, -1.5]","[3.5, 4.0]","[0.0, 2.6457512]","[2.5, 3.5]","[3.5, 4.0]","[0.0, 2.6457512]","[2.5, 3.5]",0,2,0,0,0.0,0.0,0
46830,3,2,1,"[0.0, 1.0, 1.0, 1.5, 1.5, 2.0, 2.5, 2.5, 4.0, 7.5]","[0.0, 0.0, 0.0, 0.0, 0.0, 0.0, 1.0, 1.7320508, 2.6457512, 7.483315]","[1.5, 2.0, 2.5]","[0.0, 0.0, 2.4494898]","[-4.0, -2.5, -2.5]","[1.5, 2.5]","[0.0, 2.4494898]","[-4.0, -2.5]","[3.0, 6.0]","[2.828427, 5.91608]","[-0.5, 1.5]",[4.5],[0.0],[4.0],1,0,1,0,1.0,0.0,0
1001,33,5,3,"[3.0, 3.5, 4.0, 5.0, 5.5, 5.5, 6.0, 6.5, 6.5, 7.0]","[0.0, 3.4641016, 3.8729835, 4.2426405, 4.582576, 5.2915025, 5.91608, 6.0, 6.4807405, 7.0]","[0.0, 0.0, 0.5, 0.5, 0.5, 1.0, 1.0, 1.0, 1.5, 1.5, 1.5, 1.5, 1.5, 1.5, 2.0, 2.0, 2.0, 2.5, 2.5, 3.0, 3.0, 3.5, 3.5, 3.5, 3.5, 4.0, 4.5, 4.5, 4.5, 4.5, 4.5, 5.0, 7.0]","[0.0, 0.0, 0.0, 0.0, 0.0, 0.0, 0.0, 0.0, 0.0, 0.0, 0.0, 0.0, 1.4142135, 1.4142135, 1.4142135, 1.4142135, 1.7320508, 1.7320508, 2.236068, 2.4494898, 2.4494898, 2.828427, 3.1622777, 3.4641016, 3.4641016, 3.4641016, 3.7416575, 3.8729835, 4.2426405, 4.472136, 4.472136, 4.582576, 6.928203]","[-9.0, -6.5, -6.5, -6.0, -5.5, -5.0, -5.0, -5.0, -5.0, -4.5, -4.0, -4.0, -4.0, -4.0, -3.5, -3.5, -3.5, -3.5, -3.0, -3.0, -3.0, -3.0, -3.0, -2.5, -2.5, -2.5, -2.5, -2.5, -2.0, -1.5, -1.5, -1.5, -1.0]","[0.0, 0.0, 0.5, 1.5, 2.0]","[0.0, 0.0, 0.0, 0.0, 1.7320508]","[-9.0, -6.5, -4.0, -4.0, -3.5]","[1.5, 3.5, 3.5, 4.5, 7.5]","[1.4142135, 2.4494898, 3.4641016, 4.2426405, 7.3484693]","[-2.5, -2.5, -1.5, 0.0, 4.0]","[1.5, 3.5, 7.0]","[1.4142135, 2.4494898, 6.708204]","[-1.5, 0.0, 1.5]",2,2,1,0,2.0,0.0,1
32382,1,1,1,"[1.0, 1.5, 1.5, 1.5, 2.0, 2.5, 2.5, 3.0, 3.5, 5.5]","[0.0, 0.0, 0.0, 1.0, 1.4142135, 1.4142135, 2.0, 2.4494898, 3.1622777, 4.8989797]",[2.0],[1.7320508],[-2.0],[2.0],[1.7320508],[-2.0],[6.5],[6.0],[4.5],[6.5],[6.0],[4.5],0,1,0,0,0.0,0.0,0
708,18,6,4,"[1.5, 2.0, 3.5, 4.0, 4.5, 4.5, 4.5, 5.0, 5.5, 6.0]","[0.0, 0.0, 1.4142135, 3.0, 3.1622777, 3.7416575, 3.8729835, 4.2426405, 4.472136, 6.0]","[0.5, 0.5, 0.5, 1.0, 1.0, 1.0, 1.0, 1.5, 2.0, 2.0, 2.0, 2.5, 2.5, 3.5, 3.5, 5.0, 6.0, 6.5]","[0.0, 0.0, 0.0, 0.0, 0.0, 0.0, 0.0, 0.0, 1.0, 2.0, 2.0, 2.0, 2.4494898, 3.4641016, 3.4641016, 4.8989797, 5.91608, 6.3245554]","[-6.0, -6.0, -5.5, -5.5, -5.0, -5.0, -4.5, -4.5, -4.0, -4.0, -3.0, -3.0, -3.0, -2.0, -2.0, -1.5, -1.0, -1.0]","[0.5, 0.5, 0.5, 1.0, 2.0, 3.5]","[0.0, 0.0, 0.0, 0.0, 2.0, 3.4641016]","[-5.5, -5.0, -4.5, -4.0, -2.0, -1.5]","[1.0, 1.5, 3.5, 5.5, 7.0, 7.5]","[1.0, 1.4142135, 3.4641016, 5.2915025, 6.928203, 7.483315]","[-3.0, -3.0, 0.0, 1.5, 4.0, 5.5]","[1.5, 3.5, 7.0, 7.0]","[1.4142135, 3.4641016, 6.928203, 7.0]","[-3.0, 1.5, 4.0, 6.0]",2,3,1,0,2.0,0.0,1
54,1,1,1,"[0.5, 0.5, 1.0, 1.5, 2.0, 2.0, 2.5, 4.0, 4.0, 5.5]","[0.0, 0.0, 0.0, 0.0, 0.0, 1.0, 1.4142135, 1.7320508, 2.4494898, 4.2426405]",[0.5],[0.0],[-2.5],[0.5],[0.0],[-2.5],[4.5],[0.0],[3.0],[4.5],[0.0],[3.0],0,1,0,0,0.0,0.0,1
22616,3,1,1,"[0.5, 1.0, 1.5, 1.5, 2.0, 2.0, 2.5, 3.0, 5.5, 6.5]","[0.0, 0.0, 0.0, 1.4142135, 1.4142135, 1.7320508, 2.236068, 2.4494898, 4.8989797, 6.3245554]","[1.0, 3.5, 5.5]","[0.0, 0.0, 5.2915025]","[-3.5, -2.5, -1.0]",[1.0],[0.0],[-3.5],[6.5],[6.4807405],[5.0],[6.5],[6.4807405],[5.0],0,1,0,0,0.0,0.0,0
56817,1,1,1,"[0.5, 1.0, 1.5, 1.5, 1.5, 2.0, 2.5, 2.5, 4.0, 4.5]","[0.0, 0.0, 0.0, 0.0, 0.0, 0.0, 1.0, 2.4494898, 2.4494898, 2.828427]",[2.5],[0.0],[-2.0],[2.5],[0.0],[-2.0],[7.0],[6.708204],[6.0],[7.0],[6.708204],[6.0],0,1,0,0,0.0,0.0,0
57292,3,3,2,"[0.5, 0.5, 1.0, 1.5, 2.0, 2.5, 4.5, 4.5, 4.5, 8.0]","[0.0, 0.0, 0.0, 0.0, 0.0, 1.7320508, 2.828427, 4.472136, 4.472136, 8.0]","[2.0, 4.0, 6.5]","[1.7320508, 3.8729835, 6.4807405]","[-2.0, -2.0, -1.5]","[2.0, 4.0, 6.5]","[1.7320508, 3.8729835, 6.4807405]","[-2.0, -2.0, -1.5]","[4.5, 4.5, 6.0]","[0.0, 4.472136, 5.196152]","[-2.0, 1.5, 2.5]","[4.5, 5.0]","[4.0, 4.472136]","[2.0, 2.5]",1,1,1,0,1.0,0.0,0
25786,7,3,2,"[0.5, 1.0, 1.0, 1.0, 2.0, 2.5, 3.5, 5.0, 7.0, 7.5]","[0.0, 0.0, 0.0, 1.0, 1.0, 2.0, 3.0, 3.4641016, 7.0, 7.483315]","[1.5, 2.0, 2.5, 3.0, 3.0, 4.0, 5.5]","[0.0, 0.0, 0.0, 0.0, 2.236068, 3.4641016, 5.2915025]","[-3.5, -3.0, -2.5, -2.5, -2.0, -1.5, -1.5]","[1.5, 2.0, 3.0]","[0.0, 0.0, 2.236068]","[-2.5, -2.0, -1.5]","[4.5, 5.0, 6.0]","[4.2426405, 4.8989797, 5.91608]","[0.0, 1.0, 2.5]","[4.5, 7.0]","[4.2426405, 6.928203]","[0.0, 6.5]",1,1,1,0,1.0,0.0,0
797,1,1,1,"[0.0, 0.0, 0.0, 1.0, 2.0, 2.0, 2.5, 4.0, 4.0, 5.0]","[0.0, 0.0, 0.0, 0.0, 0.0, 1.7320508, 1.7320508, 3.0, 3.4641016, 3.8729835]",[4.0],[3.4641016],[-2.0],[4.0],[3.4641016],[-2.0],[7.5],[7.3484693],[6.5],[7.5],[7.3484693],[6.5],0,1,0,0,0.0,0.0,1
85007,2,1,1,"[0.0, 0.5, 0.5, 1.0, 1.5, 2.0, 2.0, 2.0, 4.0, 4.5]","[0.0, 0.0, 0.0, 0.0, 0.0, 1.4142135, 1.7320508, 2.0, 2.828427, 3.4641016]","[2.5, 3.0]","[0.0, 3.0]","[-4.0, -2.5]",[3.0],[3.0],[-4.0],[7.5],[7.3484693],[6.0],[7.5],[7.3484693],[6.0],0,1,0,0,0.0,0.0,0
100,1,1,1,"[0.0, 0.0, 1.0, 1.5, 1.5, 2.5, 2.5, 3.0, 4.5, 7.5]","[0.0, 0.0, 0.0, 0.0, 1.0, 1.4142135, 2.0, 2.4494898, 3.7416575, 7.3484693]",[2.5],[0.0],[-5.0],[2.5],[0.0],[-5.0],[3.5],[3.4641016],[0.5],[3.5],[3.4641016],[0.5],0,1,0,0,0.0,0.0,1
78590,10,3,2,"[0.5, 0.5, 1.5, 1.5, 3.5, 3.5, 5.5, 6.0, 6.0, 7.5]","[0.0, 0.0, 0.0, 1.4142135, 2.4494898, 3.1622777, 5.196152, 5.2915025, 5.656854, 7.3484693]","[1.0, 1.5, 1.5, 2.0, 2.0, 3.5, 4.0, 4.0, 6.0, 7.0]","[0.0, 0.0, 0.0, 0.0, 0.0, 3.1622777, 3.8729835, 3.8729835, 6.0, 6.928203]","[-6.0, -5.0, -4.5, -4.0, -3.5, -3.0, -2.5, -2.5, -2.0, -1.0]","[1.0, 1.5, 2.0]","[0.0, 0.0, 0.0]","[-6.0, -2.5, -2.0]","[3.0, 3.5, 4.0]","[2.236068, 3.1622777, 3.4641016]","[-4.0, 0.0, 0.0]","[4.0, 5.0]","[3.0, 3.4641016]","[0.0, 0.0]",1,1,1,0,1.0,0.0,0
54350,5,2,1,"[0.0, 0.5, 0.5, 1.5, 2.0, 2.0, 3.0, 4.0, 5.5, 6.5]","[0.0, 0.0, 0.0, 0.0, 0.0, 0.0, 0.0, 3.4641016, 5.2915025, 6.4807405]","[2.0, 2.5, 2.5, 3.0, 5.0]","[0.0, 0.0, 2.4494898, 2.4494898, 5.0]","[-4.0, -3.0, -3.0, -2.5, -1.5]","[2.5, 2.5]","[2.4494898, 2.4494898]","[-4.0, -3.0]","[7.5, 8.5]","[7.3484693, 8.485281]","[2.0, 5.5]",[7.5],[7.483315],[5.5],1,0,1,0,1.0,0.0,0
9046,2,1,1,"[0.0, 0.5, 0.5, 1.5, 1.5, 2.0, 2.5, 3.0, 3.0, 7.0]","[0.0, 0.0, 0.0, 1.4142135, 1.4142135, 1.7320508, 2.4494898, 2.828427, 2.828427, 6.708204]","[3.5, 5.5]","[0.0, 4.8989797]","[-2.0, -1.0]",[3.5],[0.0],[-2.0],[5.5],[4.8989797],[2.5],[5.5],[4.8989797],[2.5],0,1,0,0,0.0,0.0,0
54610,3,2,1,"[1.0, 1.5, 1.5, 1.5, 2.5, 2.5, 3.5, 3.5, 3.5, 5.5]","[0.0, 0.0, 0.0, 0.0, 1.4142135, 2.0, 2.4494898, 2.4494898, 3.1622777, 4.8989797]","[1.0, 2.0, 4.0]","[1.0, 1.7320508, 3.4641016]","[-3.5, -3.0, -2.5]","[1.0, 2.0]","[1.0, 1.7320508]","[-3.5, -3.0]","[1.5, 2.0]","[0.0, 0.0]","[-3.0, 0.0]",[4.0],[3.8729835],[3.0],1,0,1,0,1.0,0.0,0
9595,4,2,1,"[0.5, 1.5, 2.0, 2.0, 2.5, 3.0, 3.0, 3.0, 4.0, 5.5]","[0.0, 0.0, 0.0, 0.0, 0.0, 2.236068, 2.236068, 2.4494898, 4.0, 4.8989797]","[1.0, 1.0, 1.5, 2.5]","[0.0, 0.0, 0.0, 2.4494898]","[-3.5, -2.0, -1.5, -1.5]","[1.0, 1.0]","[0.0, 0.0]","[-1.5, -1.5]","[3.5, 4.0]","[0.0, 2.4494898]","[-1.0, 2.0]",[7.5],[7.483315],[5.0],1,0,1,0,1.0,0.0,0
1010,6,3,0,"[0.0, 1.0, 1.5, 1.5, 2.0, 3.5, 4.0, 4.5, 6.5, 7.5]","[0.0, 0.0, 0.0, 0.0, 1.4142135, 2.6457512, 2.828427, 3.4641016, 6.3245554, 7.483315]","[0.5, 1.0, 2.0, 2.5, 4.0, 5.5]","[0.0, 0.0, 0.0, 0.0, 3.4641016, 5.2915025]","[-6.0, -3.5, -3.5, -2.5, -2.5, -2.5]","[0.5, 1.0, 5.5]","[0.0, 0.0, 5.2915025]","[-6.0, -2.5, -2.5]","[3.5, 4.5, 7.5]","[0.0, 3.1622777, 7.483315]","[-1.5, -1.0, 0.0]",[],[],[],3,0,0,1,0.0,3.0,1
80718,8,4,2,"[1.0, 1.0, 1.0, 2.0, 2.0, 2.5, 3.0, 3.5, 6.5, 6.5]","[0.0, 0.0, 1.0, 1.0, 2.0, 2.4494898, 2.828427, 3.4641016, 6.0, 6.4807405]","[0.5, 1.5, 2.5, 2.5, 3.0, 3.5, 4.0, 4.0]","[0.0, 0.0, 0.0, 2.4494898, 2.4494898, 2.4494898, 2.6457512, 3.8729835]","[-3.5, -3.0, -2.5, -2.5, -1.5, -1.5, -1.5, -1.0]","[0.5, 2.5, 3.0, 4.0]","[0.0, 0.0, 2.4494898, 3.8729835]","[-2.5, -2.5, -1.5, -1.5]","[2.5, 4.5, 6.0, 6.5]","[2.0, 4.472136, 5.656854, 6.4807405]","[-0.5, -0.5, 3.0, 4.0]","[6.0, 7.0]","[5.656854, 6.708204]","[3.0, 6.5]",2,1,1,0,2.0,0.0,0
550,33,7,2,"[1.0, 5.0, 5.0, 5.5, 5.5, 6.0, 6.0, 6.5, 7.5, 8.0]","[1.0, 4.582576, 4.8989797, 5.0, 5.477226, 5.91608, 6.0, 6.3245554, 7.3484693, 7.937254]","[0.0, 0.0, 0.5, 0.5, 0.5, 1.0, 1.5, 1.5, 1.5, 1.5, 1.5, 1.5, 2.0, 2.0, 2.0, 2.0, 2.0, 2.0, 2.5, 2.5, 3.0, 3.0, 3.0, 3.5, 4.0, 4.5, 4.5, 4.5, 4.5, 4.5, 5.0, 5.0, 5.5]","[0.0, 0.0, 0.0, 0.0, 0.0, 0.0, 0.0, 0.0, 0.0, 0.0, 0.0, 0.0, 1.0, 1.4142135, 1.7320508, 1.7320508, 1.7320508, 2.0, 2.0, 2.0, 2.0, 2.828427, 2.828427, 2.828427, 3.7416575, 3.8729835, 4.2426405, 4.472136, 4.472136, 4.472136, 4.8989797, 4.8989797, 5.0]","[-6.5, -6.0, -6.0, -5.5, -5.5, -5.5, -5.5, -5.5, -5.0, -5.0, -5.0, -5.0, -4.5, -4.5, -4.5, -4.5, -4.0, -4.0, -3.5, -3.0, -3.0, -2.5, -2.0, -2.0, -2.0, -2.0, -2.0, -2.0, -2.0, -1.5, -1.5, -1.5, -1.0]","[0.0, 0.0, 0.5, 0.5, 0.5, 1.5, 1.5]","[0.0, 0.0, 0.0, 0.0, 0.0, 0.0, 0.0]","[-6.5, -6.0, -5.0, -5.0, -5.0, -4.0, -2.0]","[2.0, 3.0, 3.5, 5.5, 5.5, 6.0, 7.0]","[1.7320508, 2.4494898, 2.828427, 4.8989797, 5.477226, 5.91608, 6.928203]","[-5.5, -2.0, -1.5, -0.5, 0.0, 0.0, 2.5]","[4.0, 4.0]","[3.8729835, 3.8729835]","[-3.0, -1.0]",5,0,2,0,2.5,0.0,1
403,2,1,1,"[0.0, 0.0, 1.0, 1.5, 2.0, 2.5, 2.5, 3.0, 4.5, 7.0]","[0.0, 0.0, 0.0, 0.0, 1.0, 1.4142135, 2.0, 2.828427, 2.828427, 6.928203]","[0.5, 2.5]","[0.0, 2.0]","[-7.5, -4.0]",[0.5],[0.0],[-7.5],[4.5],[3.7416575],[1.0],[4.5],[3.7416575],[1.0],0,1,0,0,0.0,0.0,1
57905,2,2,1,"[0.0, 0.5, 0.5, 0.5, 1.5, 1.5, 2.5, 3.5, 3.5, 8.5]","[0.0, 0.0, 0.0, 0.0, 0.0, 1.4142135, 2.0, 2.4494898, 2.4494898, 8.485281]","[3.0, 5.0]","[2.828427, 5.0]","[-4.0, -2.5]","[3.0, 5.0]","[2.828427, 5.0]","[-4.0, -2.5]","[2.0, 3.0]","[0.0, 0.0]","[-2.5, -2.0]",[5.5],[5.477226],[4.5],1,0,1,0,1.0,0.0,0
359,4,2,1,"[0.0, 0.0, 0.5, 0.5, 1.5, 1.5, 2.5, 3.5, 6.0, 6.5]","[0.0, 0.0, 0.0, 0.0, 0.0, 1.4142135, 2.0, 2.4494898, 5.91608, 6.3245554]","[1.5, 2.5, 2.5, 2.5]","[0.0, 2.0, 2.4494898, 2.4494898]","[-3.5, -3.0, -2.0, -1.0]","[1.5, 2.5]","[0.0, 2.4494898]","[-3.5, -3.0]","[2.5, 4.5]","[0.0, 2.4494898]","[-2.0, 0.0]",[4.5],[2.828427],[2.0],1,0,1,0,1.0,0.0,1
253,26,5,3,"[2.5, 3.5, 4.0, 4.0, 4.5, 5.0, 5.5, 6.0, 6.5, 8.5]","[0.0, 2.4494898, 3.0, 3.1622777, 4.0, 4.2426405, 5.196152, 5.2915025, 6.0, 8.485281]","[0.0, 0.0, 0.0, 0.5, 1.0, 1.0, 1.0, 1.5, 1.5, 2.0, 2.0, 2.0, 2.0, 2.0, 2.5, 2.5, 3.5, 4.0, 4.5, 4.5, 4.5, 5.5, 5.5, 6.0, 6.5, 7.0]","[0.0, 0.0, 0.0, 0.0, 0.0, 0.0, 0.0, 0.0, 1.0, 1.4142135, 1.7320508, 1.7320508, 2.0, 2.0, 2.0, 2.4494898, 2.828427, 3.4641016, 3.4641016, 3.7416575, 4.2426405, 5.2915025, 5.477226, 5.656854, 6.3245554, 7.0]","[-6.0, -6.0, -6.0, -6.0, -5.5, -5.0, -5.0, -4.5, -4.5, -4.5, -4.0, -4.0, -4.0, -4.0, -3.0, -3.0, -3.0, -3.0, -3.0, -3.0, -2.5, -2.5, -2.5, -2.0, -1.5, -1.5]","[0.0, 0.0, 0.0, 0.5, 2.0]","[0.0, 0.0, 0.0, 0.0, 2.0]","[-6.0, -6.0, -5.5, -4.5, -3.0]","[1.0, 4.0, 5.0, 5.0, 7.5]","[1.0, 2.6457512, 3.0, 4.8989797, 7.3484693]","[-2.5, -1.0, 0.5, 2.5, 3.0]","[1.5, 2.0, 5.0]","[0.0, 0.0, 4.8989797]","[-4.5, -3.0, 3.0]",2,1,2,0,1.0,0.0,1
93384,5,2,1,"[0.0, 0.5, 0.5, 0.5, 0.5, 2.0, 2.5, 3.0, 3.5, 8.0]","[0.0, 0.0, 0.0, 0.0, 0.0, 0.0, 0.0, 2.828427, 3.1622777, 8.0]","[1.5, 2.0, 2.5, 3.0, 4.0]","[0.0, 1.4142135, 1.7320508, 2.0, 3.8729835]","[-4.5, -4.5, -2.5, -2.0, -1.5]","[1.5, 2.0]","[1.4142135, 1.7320508]","[-4.5, -4.5]","[2.5, 4.0]","[2.0, 2.6457512]","[-2.5, 0.0]",[9.0],[9.0],[8.0],1,0,1,0,1.0,0.0,0
89642,3,2,1,"[0.5, 1.0, 1.0, 1.0, 1.5, 1.5, 2.0, 4.0, 4.5, 5.0]","[0.0, 0.0, 0.0, 0.0, 0.0, 0.0, 0.0, 0.0, 3.8729835, 4.8989797]","[1.5, 2.0, 4.5]","[0.0, 0.0, 3.7416575]","[-5.0, -2.0, -1.5]","[1.5, 2.0]","[0.0, 0.0]","[-5.0, -2.0]","[4.0, 6.5]","[3.4641016, 6.3245554]","[2.0, 3.5]",[6.0],[5.196152],[6.0],1,0,1,0,1.0,0.0,0
428,20,5,3,"[2.5, 3.5, 3.5, 3.5, 4.0, 4.0, 4.5, 5.0, 5.0, 5.5]","[0.0, 2.4494898, 2.4494898, 2.6457512, 2.828427, 3.0, 3.4641016, 3.4641016, 4.582576, 5.477226]","[0.0, 0.0, 0.0, 0.5, 1.0, 1.0, 1.5, 1.5, 2.0, 2.5, 2.5, 3.0, 3.0, 3.0, 3.5, 3.5, 4.5, 4.5, 5.5, 6.5]","[0.0, 0.0, 0.0, 0.0, 0.0, 0.0, 0.0, 0.0, 1.0, 1.4142135, 1.4142135, 1.7320508, 2.236068, 3.0, 3.0, 3.4641016, 4.2426405, 4.2426405, 5.2915025, 6.3245554]","[-6.5, -5.5, -5.0, -5.0, -5.0, -5.0, -4.5, -4.5, -3.5, -3.5, -3.5, -3.0, -3.0, -3.0, -2.5, -2.5, -2.0, -1.5, -1.5, -1.0]","[0.0, 0.0, 0.0, 0.5, 2.0]","[0.0, 0.0, 0.0, 0.0, 1.7320508]","[-6.5, -5.0, -5.0, -3.5, -3.0]","[2.5, 3.0, 3.5, 6.0, 6.5]","[2.4494898, 2.828427, 3.4641016, 5.196152, 6.4807405]","[-3.0, 0.5, 2.0, 2.0, 4.5]","[6.0, 7.5, 7.5]","[5.196152, 7.3484693, 7.483315]","[3.0, 4.5, 6.5]",2,1,2,0,1.0,0.0,1
570,1,1,1,"[0.5, 0.5, 1.0, 1.0, 1.5, 2.5, 3.5, 4.5, 5.0, 5.0]","[0.0, 0.0, 0.0, 0.0, 1.0, 2.4494898, 2.4494898, 3.0, 4.472136, 4.8989797]",[2.5],[2.0],[-1.5],[2.5],[2.0],[-1.5],[7.0],[6.708204],[5.0],[7.0],[6.708204],[5.0],0,1,0,0,0.0,0.0,1
74687,7,3,2,"[1.0, 1.5, 1.5, 2.0, 2.0, 2.0, 2.5, 4.0, 7.5, 8.5]","[0.0, 0.0, 0.0, 1.4142135, 1.7320508, 2.0, 2.0, 2.6457512, 7.3484693, 8.485281]","[1.5, 3.0, 3.5, 3.5, 3.5, 3.5, 4.0]","[0.0, 0.0, 0.0, 0.0, 2.4494898, 3.1622777, 3.1622777]","[-6.5, -5.0, -2.5, -2.5, -2.0, -1.5, -1.0]","[1.5, 3.5, 3.5]","[0.0, 0.0, 3.1622777]","[-6.5, -2.5, -2.0]","[4.0, 8.0, 8.0]","[2.6457512, 7.937254, 7.937254]","[-0.5, 3.5, 4.5]","[6.0, 8.0]","[6.0, 7.937254]","[4.5, 5.5]",1,1,1,0,1.0,0.0,0
33035,3,3,1,"[0.5, 0.5, 1.0, 1.0, 2.0, 2.5, 2.5, 3.0, 3.0, 4.0]","[0.0, 0.0, 0.0, 0.0, 0.0, 1.7320508, 2.4494898, 2.4494898, 2.828427, 3.8729835]","[1.0, 1.5, 3.5]","[0.0, 1.4142135, 3.4641016]","[-2.5, -2.0, -1.0]","[1.0, 1.5, 3.5]","[0.0, 1.4142135, 3.4641016]","[-2.5, -2.0, -1.0]","[2.5, 2.5, 4.5]","[0.0, 2.0, 2.4494898]","[-1.0, 1.0, 1.5]",[8.0],[8.0],[7.0],2,0,1,0,2.0,0.0,0
73342,2,2,2,"[0.0, 0.5, 1.0, 1.5, 2.0, 2.0, 3.0, 3.5, 4.0, 5.5]","[0.0, 0.0, 0.0, 0.0, 1.0, 2.0, 2.236068, 2.4494898, 3.4641016, 5.2915025]","[2.5, 2.5]","[0.0, 2.4494898]","[-1.0, -1.0]","[2.5, 2.5]","[0.0, 2.4494898]","[-1.0, -1.0]","[4.5, 7.0]","[0.0, 6.928203]","[3.5, 3.5]","[4.5, 7.0]","[0.0, 6.928203]","[3.5, 3.5]",0,2,0,0,0.0,0.0,0
328,1,1,1,"[0.0, 0.0, 0.0, 1.0, 1.5, 1.5, 2.0, 2.0, 5.0, 6.0]","[0.0, 0.0, 0.0, 0.0, 0.0, 1.4142135, 1.7320508, 1.7320508, 4.8989797, 5.196152]",[5.0],[4.0],[-1.5],[5.0],[4.0],[-1.5],[6.5],[6.4807405],[2.0],[6.5],[6.4807405],[2.0],0,1,0,0,0.0,0.0,1
382,4,2,2,"[0.0, 0.0, 1.5, 1.5, 2.5, 3.0, 3.5, 3.5, 3.5, 8.0]","[0.0, 0.0, 0.0, 0.0, 1.4142135, 1.4142135, 2.236068, 2.4494898, 3.4641016, 7.937254]","[1.0, 3.0, 3.0, 4.5]","[0.0, 2.828427, 2.828427, 3.0]","[-5.0, -4.0, -3.0, -2.5]","[1.0, 3.0]","[0.0, 2.828427]","[-4.0, -3.0]","[5.0, 5.5]","[4.8989797, 5.477226]","[0.0, 3.5]","[5.0, 5.5]","[4.8989797, 5.477226]","[0.0, 3.5]",0,2,0,0,0.0,0.0,1
5277,2,2,2,"[0.5, 0.5, 1.5, 1.5, 2.0, 3.0, 3.5, 3.5, 4.0, 5.5]","[0.0, 0.0, 0.0, 0.0, 0.0, 1.4142135, 1.7320508, 3.1622777, 3.4641016, 5.2915025]","[1.0, 4.0]","[1.0, 3.4641016]","[-2.0, -1.5]","[1.0, 4.0]","[1.0, 3.4641016]","[-2.0, -1.5]","[4.5, 4.5]","[0.0, 2.828427]","[-1.5, 4.0]","[4.5, 4.5]","[0.0, 2.828427]","[-1.5, 4.0]",0,2,0,0,0.0,0.0,0
62932,2,2,1,"[0.5, 0.5, 1.5, 1.5, 2.5, 2.5, 3.0, 3.0, 4.0, 4.0]","[0.0, 0.0, 0.0, 1.4142135, 1.4142135, 2.236068, 2.4494898, 2.4494898, 2.6457512, 3.8729835]","[1.0, 3.0]","[0.0, 2.828427]","[-1.5, -1.0]","[1.0, 3.0]","[0.0, 2.828427]","[-1.5, -1.0]","[2.0, 3.0]","[0.0, 1.7320508]","[-1.0, -0.5]",[7.5],[7.483315],[5.0],1,0,1,0,1.0,0.0,0
746,4,2,1,"[0.0, 0.5, 1.0, 1.5, 1.5, 1.5, 2.5, 2.5, 4.5, 6.0]","[0.0, 0.0, 0.0, 0.0, 1.0, 1.4142135, 2.0, 2.0, 4.472136, 5.656854]","[1.5, 2.0, 2.0, 3.0]","[0.0, 0.0, 1.4142135, 1.7320508]","[-4.0, -2.5, -2.5, -2.5]","[1.5, 2.0]","[1.4142135, 1.7320508]","[-4.0, -2.5]","[3.5, 5.5]","[3.4641016, 4.2426405]","[-0.5, 1.5]",[1.0],[1.0],[-1.0],1,0,1,0,1.0,0.0,1
584,1,1,1,"[0.5, 0.5, 0.5, 1.0, 1.5, 1.5, 2.0, 4.0, 4.5, 5.5]","[0.0, 0.0, 0.0, 0.0, 0.0, 0.0, 0.0, 1.4142135, 3.7416575, 5.2915025]",[3.0],[0.0],[-4.5],[3.0],[0.0],[-4.5],[7.0],[6.928203],[5.0],[7.0],[6.928203],[5.0],0,1,0,0,0.0,0.0,1
3789,4,2,2,"[1.0, 1.5, 1.5, 1.5, 2.0, 2.0, 2.5, 3.0, 3.0, 7.5]","[0.0, 0.0, 0.0, 0.0, 0.0, 1.4142135, 1.7320508, 1.7320508, 2.236068, 7.3484693]","[1.5, 1.5, 2.0, 5.0]","[0.0, 0.0, 1.4142135, 4.0]","[-5.0, -4.0, -2.5, -1.0]","[1.5, 2.0]","[0.0, 1.4142135]","[-5.0, -4.0]","[5.0, 7.0]","[3.0, 6.928203]","[1.5, 7.0]","[5.0, 7.0]","[3.0, 6.928203]","[1.5, 7.0]",0,2,0,0,0.0,0.0,0
390,8,3,1,"[0.0, 0.5, 1.0, 2.0, 2.0, 2.0, 2.5, 4.5, 7.0, 9.0]","[0.0, 0.0, 0.0, 0.0, 0.0, 1.7320508, 2.4494898, 3.7416575, 7.0, 9.0]","[2.0, 2.5, 2.5, 3.0, 4.0, 4.0, 4.5, 5.0]","[0.0, 0.0, 1.7320508, 2.0, 2.4494898, 2.828427, 3.8729835, 4.8989797]","[-6.0, -3.0, -2.5, -2.0, -2.0, -1.5, -1.5, -1.0]","[2.0, 2.5, 3.0]","[0.0, 1.7320508, 2.4494898]","[-6.0, -2.5, -2.0]","[4.5, 5.5, 6.5]","[4.2426405, 4.472136, 6.3245554]","[-2.5, 0.5, 2.0]",[3.5],[3.4641016],[3.0],2,0,1,0,2.0,0.0,1
39074,1,1,1,"[0.0, 1.0, 1.0, 1.0, 1.0, 1.5, 1.5, 4.5, 4.5, 5.0]","[0.0, 0.0, 0.0, 0.0, 0.0, 0.0, 0.0, 2.828427, 3.7416575, 4.582576]",[3.0],[2.828427],[-4.0],[3.0],[2.828427],[-4.0],[4.0],[2.6457512],[1.5],[4.0],[2.6457512],[1.5],0,1,0,0,0.0,0.0,0
71460,6,2,2,"[0.0, 0.5, 0.5, 0.5, 2.5, 2.5, 3.0, 4.5, 5.0, 6.0]","[0.0, 0.0, 0.0, 0.0, 0.0, 0.0, 2.0, 3.7416575, 4.582576, 5.196152]","[1.5, 2.0, 3.0, 3.5, 4.0, 4.0]","[0.0, 0.0, 0.0, 3.1622777, 3.4641016, 3.8729835]","[-4.0, -3.5, -3.0, -2.5, -2.0, -1.5]","[1.5, 4.0]","[0.0, 3.8729835]","[-3.5, -2.5]","[4.0, 7.5]","[2.6457512, 7.483315]","[3.0, 6.0]","[4.0, 7.5]","[2.6457512, 7.483315]","[3.0, 6.0]",0,2,0,0,0.0,0.0,0
45799,2,2,2,"[0.5, 1.0, 1.5, 1.5, 2.5, 2.5, 2.5, 3.0, 3.5, 6.5]","[0.0, 0.0, 0.0, 0.0, 0.0, 0.0, 1.4142135, 2.0, 3.1622777, 6.0]","[1.5, 2.5]","[0.0, 2.4494898]","[-3.5, -2.5]","[1.5, 2.5]","[0.0, 2.4494898]","[-3.5, -2.5]","[2.5, 5.0]","[0.0, 4.582576]","[2.0, 4.0]","[2.5, 5.0]","[0.0, 4.582576]","[2.0, 4.0]",0,2,0,0,0.0,0.0,0
8055,2,2,2,"[0.5, 1.0, 1.0, 1.0, 1.5, 2.0, 2.0, 3.5, 4.0, 8.0]","[0.0, 0.0, 0.0, 1.0, 1.0, 1.4142135, 1.7320508, 1.7320508, 3.1622777, 8.0]","[2.0, 3.5]","[2.0, 2.4494898]","[-2.0, -1.5]","[2.0, 3.5]","[2.0, 2.4494898]","[-2.0, -1.5]","[5.0, 6.5]","[5.0, 6.0]","[1.0, 5.0]","[5.0, 6.5]","[5.0, 6.0]","[1.0, 5.0]",0,2,0,0,0.0,0.0,0
557,1,1,1,"[0.0, 1.0, 1.0, 1.5, 1.5, 1.5, 2.0, 3.0, 5.0, 6.5]","[0.0, 0.0, 0.0, 0.0, 0.0, 1.4142135, 2.0, 3.0, 4.582576, 6.4807405]",[3.0],[2.828427],[-2.0],[3.0],[2.828427],[-2.0],[4.5],[4.472136],[0.0],[4.5],[4.472136],[0.0],0,1,0,0,0.0,0.0,1
5351,1,1,1,"[0.0, 0.0, 0.5, 0.5, 1.5, 1.5, 2.5, 2.5, 3.0, 3.5]","[0.0, 0.0, 0.0, 0.0, 0.0, 0.0, 0.0, 0.0, 2.4494898, 2.4494898]",[2.5],[2.4494898],[-3.0],[2.5],[2.4494898],[-3.0],[6.0],[5.656854],[5.5],[6.0],[5.656854],[5.5],0,1,0,0,0.0,0.0,0
303,23,4,3,"[1.5, 3.0, 3.5, 4.0, 5.0, 5.0, 5.0, 6.0, 6.5, 7.5]","[0.0, 0.0, 2.4494898, 3.0, 3.8729835, 4.0, 5.0, 5.196152, 6.3245554, 7.3484693]","[0.0, 0.0, 0.5, 1.0, 1.5, 2.5, 3.0, 3.0, 3.0, 3.5, 3.5, 3.5, 3.5, 3.5, 3.5, 3.5, 4.0, 4.0, 4.0, 4.5, 4.5, 4.5, 7.0]","[0.0, 0.0, 0.0, 0.0, 0.0, 1.0, 1.4142135, 2.236068, 2.236068, 2.4494898, 2.4494898, 3.0, 3.1622777, 3.1622777, 3.4641016, 3.4641016, 3.4641016, 3.4641016, 3.7416575, 4.0, 4.2426405, 4.472136, 6.928203]","[-7.5, -6.5, -6.0, -5.5, -5.0, -5.0, -5.0, -4.5, -4.5, -4.5, -4.5, -4.0, -3.5, -3.5, -3.0, -3.0, -2.5, -2.5, -2.5, -2.5, -2.0, -2.0, -1.5]","[0.0, 0.0, 1.5, 4.0]","[0.0, 0.0, 1.4142135, 4.0]","[-7.5, -5.5, -4.5, -3.5]","[1.5, 3.0, 5.0, 5.5]","[0.0, 0.0, 4.8989797, 4.8989797]","[-1.0, -1.0, 0.5, 4.5]","[0.5, 1.5, 5.0]","[0.0, 0.0, 4.8989797]","[-2.0, -1.0, 4.5]",1,2,1,0,1.0,0.0,1
53836,3,2,2,"[0.0, 0.5, 1.5, 1.5, 2.0, 2.0, 2.5, 3.5, 5.5, 6.5]","[0.0, 0.0, 0.0, 0.0, 0.0, 1.4142135, 1.7320508, 2.4494898, 5.2915025, 6.4807405]","[1.5, 3.0, 3.5]","[1.4142135, 2.828427, 3.4641016]","[-3.0, -2.5, -1.5]","[1.5, 3.0]","[1.4142135, 2.828427]","[-3.0, -2.5]","[4.5, 5.5]","[4.472136, 5.477226]","[1.5, 2.0]","[4.5, 5.5]","[4.472136, 5.477226]","[1.5, 2.0]",0,2,0,0,0.0,0.0,0
8507,4,2,1,"[0.5, 1.0, 1.5, 1.5, 1.5, 1.5, 1.5, 2.5, 2.5, 7.0]","[0.0, 0.0, 0.0, 0.0, 0.0, 1.0, 1.4142135, 2.0, 2.4494898, 6.928203]","[1.5, 2.0, 2.5, 2.5]","[0.0, 0.0, 2.0, 2.4494898]","[-3.0, -3.0, -3.0, -2.0]","[1.5, 2.5]","[0.0, 2.4494898]","[-3.0, -2.0]","[3.0, 6.5]","[2.828427, 6.3245554]","[-2.0, 3.5]",[6.5],[6.4807405],[5.5],1,0,1,0,1.0,0.0,0
160,1,1,1,"[0.0, 0.5, 1.0, 2.0, 2.5, 3.0, 3.0, 3.0, 3.5, 4.5]","[0.0, 0.0, 0.0, 0.0, 0.0, 2.0, 2.4494898, 2.828427, 2.828427, 3.7416575]",[2.5],[0.0],[-4.0],[2.5],[0.0],[-4.0],[5.5],[5.477226],[4.0],[5.5],[5.477226],[4.0],0,1,0,0,0.0,0.0,1
91610,4,2,2,"[0.5, 0.5, 1.0, 1.5, 1.5, 1.5, 2.5, 4.5, 5.5, 6.5]","[0.0, 0.0, 0.0, 0.0, 0.0, 0.0, 1.0, 2.4494898, 4.8989797, 6.3245554]","[4.0, 4.5, 5.5, 5.5]","[2.6457512, 2.828427, 5.2915025, 5.477226]","[-3.0, -2.5, -2.5, -1.5]","[4.0, 5.5]","[2.6457512, 5.2915025]","[-3.0, -1.5]","[4.0, 4.0]","[3.4641016, 4.0]","[1.5, 2.5]","[4.0, 4.0]","[3.4641016, 4.0]","[1.5, 2.5]",0,2,0,0,0.0,0.0,0
1028,3,1,1,"[0.0, 0.5, 0.5, 2.0, 2.0, 2.0, 3.0, 3.5, 4.0, 4.5]","[0.0, 0.0, 0.0, 0.0, 0.0, 0.0, 1.7320508, 3.1622777, 3.4641016, 4.2426405]","[0.5, 1.5, 2.5]","[0.0, 1.4142135, 2.0]","[-3.5, -3.0, -2.5]",[0.5],[0.0],[-3.0],[3.5],[0.0],[1.0],[3.5],[0.0],[1.0],0,1,0,0,0.0,0.0,1
952,16,6,2,"[1.5, 2.5, 2.5, 3.0, 3.5, 3.5, 5.0, 5.5, 6.0, 6.5]","[1.4142135, 2.0, 2.0, 2.236068, 2.4494898, 3.1622777, 4.8989797, 5.2915025, 5.656854, 6.0]","[0.0, 0.0, 0.0, 0.0, 0.5, 1.0, 1.0, 1.5, 2.0, 2.0, 2.5, 2.5, 2.5, 3.0, 3.0, 3.5]","[0.0, 0.0, 0.0, 0.0, 0.0, 0.0, 0.0, 0.0, 0.0, 1.7320508, 2.0, 2.236068, 2.4494898, 2.4494898, 2.4494898, 2.828427]","[-6.0, -5.5, -5.0, -4.5, -4.5, -4.0, -4.0, -3.5, -3.0, -3.0, -2.5, -2.0, -2.0, -2.0, -1.5, -1.5]","[0.0, 0.0, 0.0, 0.0, 1.0, 3.0]","[0.0, 0.0, 0.0, 0.0, 0.0, 2.236068]","[-5.5, -4.5, -4.5, -4.0, -4.0, -3.5]","[3.0, 3.5, 3.5, 4.5, 6.0, 7.5]","[2.4494898, 2.4494898, 3.0, 4.2426405, 5.91608, 7.483315]","[-2.0, -1.0, -0.5, 1.0, 2.0, 2.5]","[5.5, 5.5]","[4.8989797, 5.2915025]","[2.5, 3.0]",4,0,2,0,2.0,0.0,1
86718,4,3,2,"[0.0, 1.5, 1.5, 1.5, 2.0, 2.5, 3.5, 4.5, 4.5, 5.5]","[0.0, 0.0, 1.4142135, 1.4142135, 1.4142135, 1.7320508, 2.0, 2.4494898, 3.7416575, 4.2426405]","[2.0, 2.5, 3.0, 3.5]","[0.0, 0.0, 0.0, 2.0]","[-3.0, -2.0, -2.0, -1.5]","[2.0, 2.5, 3.0]","[0.0, 0.0, 2.0]","[-3.0, -2.0, -2.0]","[2.0, 2.5, 3.0]","[0.0, 1.7320508, 2.828427]","[-2.5, 0.5, 1.0]","[2.0, 6.0]","[1.7320508, 5.91608]","[1.0, 4.0]",1,1,1,0,1.0,0.0,0
958,4,1,1,"[0.0, 1.0, 1.0, 1.0, 1.0, 2.0, 3.0, 3.0, 3.5, 5.5]","[0.0, 0.0, 0.0, 0.0, 1.0, 1.7320508, 2.236068, 2.828427, 3.4641016, 4.8989797]","[0.5, 3.0, 4.0, 4.5]","[0.0, 2.236068, 2.6457512, 4.2426405]","[-4.5, -3.0, -2.0, -1.5]",[0.5],[0.0],[-4.5],[5.0],[3.0],[3.5],[5.0],[3.0],[3.5],0,1,0,0,0.0,0.0,1
56,1,1,1,"[0.0, 0.0, 0.0, 1.0, 2.5, 2.5, 3.0, 3.0, 4.0, 4.5]","[0.0, 0.0, 0.0, 0.0, 0.0, 0.0, 2.0, 2.4494898, 2.828427, 3.7416575]",[1.5],[1.4142135],[-2.5],[1.5],[1.4142135],[-2.5],[6.0],[5.91608],[4.0],[6.0],[5.91608],[4.0],0,1,0,0,0.0,0.0,1
27975,5,2,2,"[0.0, 0.5, 1.0, 1.5, 2.5, 3.0, 3.5, 4.0, 6.5, 7.5]","[0.0, 0.0, 0.0, 0.0, 1.4142135, 2.236068, 2.6457512, 3.4641016, 6.4807405, 7.483315]","[2.0, 2.5, 3.0, 3.5, 5.0]","[0.0, 0.0, 2.0, 3.4641016, 4.8989797]","[-4.0, -3.5, -2.5, -2.0, -1.5]","[2.0, 3.0]","[0.0, 2.0]","[-3.5, -1.5]","[4.0, 7.0]","[0.0, 6.708204]","[0.0, 3.5]","[4.0, 7.0]","[0.0, 6.708204]","[0.0, 3.5]",0,2,0,0,0.0,0.0,0
49178,1,1,1,"[0.0, 0.5, 1.0, 1.0, 1.0, 2.0, 2.5, 3.0, 3.5, 3.5]","[0.0, 0.0, 0.0, 0.0, 0.0, 0.0, 2.0, 2.4494898, 2.828427, 3.4641016]",[2.5],[2.4494898],[-2.0],[2.5],[2.4494898],[-2.0],[4.5],[2.828427],[3.0],[4.5],[2.828427],[3.0],0,1,0,0,0.0,0.0,0
57258,4,2,1,"[0.0, 0.0, 0.5, 0.5, 1.5, 2.0, 3.5, 3.5, 4.0, 9.0]","[0.0, 0.0, 0.0, 0.0, 0.0, 1.4142135, 1.7320508, 3.1622777, 3.4641016, 9.0]","[2.5, 3.0, 4.0, 6.0]","[0.0, 0.0, 2.4494898, 5.656854]","[-4.5, -3.0, -2.5, -1.5]","[2.5, 4.0]","[0.0, 2.4494898]","[-4.5, -1.5]","[5.5, 6.0]","[5.2915025, 5.91608]","[0.0, 1.0]",[3.5],[0.0],[2.0],1,0,1,0,1.0,0.0,0
996,2,1,1,"[0.0, 0.0, 0.5, 1.0, 2.0, 2.5, 2.5, 3.0, 4.0, 8.0]","[0.0, 0.0, 0.0, 0.0, 2.0, 2.0, 2.236068, 2.4494898, 3.8729835, 7.937254]","[2.0, 4.0]","[0.0, 0.0]","[-5.0, -3.0]",[2.0],[0.0],[-5.0],[6.0],[5.196152],[2.0],[6.0],[5.196152],[2.0],0,1,0,0,0.0,0.0,1
21509,8,3,2,"[0.0, 0.5, 1.0, 1.5, 1.5, 2.0, 2.0, 4.0, 8.5, 8.5]","[0.0, 0.0, 0.0, 0.0, 0.0, 1.0, 1.4142135, 3.4641016, 8.485281, 8.485281]","[2.0, 2.0, 2.5, 3.0, 4.0, 4.0, 5.0, 6.0]","[0.0, 0.0, 0.0, 2.0, 2.4494898, 3.8729835, 5.0, 5.91608]","[-6.5, -4.0, -3.5, -2.5, -2.0, -2.0, -1.5, -1.0]","[2.0, 2.0, 2.5]","[0.0, 2.0, 2.4494898]","[-6.5, -4.0, -2.0]","[3.5, 5.0, 5.0]","[3.0, 3.4641016, 5.0]","[-3.5, 1.0, 2.0]","[3.5, 7.5]","[3.4641016, 7.3484693]","[2.0, 3.5]",1,1,1,0,1.0,0.0,0
53188,4,3,2,"[0.5, 0.5, 1.5, 1.5, 1.5, 2.0, 2.0, 4.0, 5.0, 5.5]","[0.0, 0.0, 0.0, 0.0, 0.0, 1.4142135, 2.0, 3.8729835, 4.0, 4.2426405]","[1.0, 1.0, 2.0, 4.0]","[0.0, 1.0, 1.0, 2.0]","[-4.5, -4.5, -2.5, -2.0]","[1.0, 1.0, 4.0]","[0.0, 1.0, 1.0]","[-4.5, -2.5, -2.0]","[0.5, 1.0, 6.5]","[0.0, 0.0, 6.0]","[-2.0, -1.0, 4.5]","[6.5, 6.5]","[6.0, 6.3245554]","[4.5, 6.0]",1,1,1,0,1.0,0.0,0
64016,2,2,1,"[0.0, 0.0, 1.0, 1.5, 1.5, 1.5, 2.0, 3.0, 3.5, 4.5]","[0.0, 0.0, 0.0, 0.0, 0.0, 0.0, 1.4142135, 3.0, 3.4641016, 3.7416575]","[1.0, 2.0]","[1.0, 1.7320508]","[-3.0, -1.5]","[1.0, 2.0]","[1.0, 1.7320508]","[-3.0, -1.5]","[4.5, 4.5]","[0.0, 4.472136]","[-0.5, 1.5]",[4.5],[2.828427],[1.0],1,0,1,0,1.0,0.0,0
98490,3,3,1,"[0.5, 0.5, 0.5, 1.0, 1.5, 1.5, 2.5, 3.0, 4.5, 8.0]","[0.0, 0.0, 0.0, 0.0, 0.0, 0.0, 0.0, 1.4142135, 4.472136, 8.0]","[1.0, 1.5, 2.0]","[0.0, 0.0, 1.7320508]","[-4.5, -3.0, -1.5]","[1.0, 1.5, 2.0]","[0.0, 0.0, 1.7320508]","[-4.5, -3.0, -1.5]","[2.0, 5.5, 8.0]","[0.0, 5.477226, 7.937254]","[-0.5, -0.5, 4.0]",[4.0],[3.8729835],[4.0],2,0,1,0,2.0,0.0,0
77545,6,2,1,"[0.5, 0.5, 0.5, 0.5, 1.5, 1.5, 2.5, 4.5, 5.0, 6.0]","[0.0, 0.0, 0.0, 0.0, 0.0, 1.4142135, 2.0, 4.472136, 4.582576, 5.656854]","[0.5, 1.0, 1.0, 3.0, 3.5, 4.5]","[0.0, 0.0, 0.0, 2.4494898, 2.828427, 4.2426405]","[-4.0, -3.0, -2.5, -2.0, -1.5, -1.5]","[0.5, 1.0]","[0.0, 0.0]","[-4.0, -1.5]","[1.5, 4.5]","[0.0, 4.2426405]","[-1.5, -1.0]",[3.5],[2.4494898],[-0.5],1,0,1,0,1.0,0.0,0
14099,4,2,1,"[0.5, 1.0, 1.0, 1.5, 1.5, 2.0, 2.0, 3.0, 4.0, 7.0]","[0.0, 0.0, 0.0, 0.0, 1.0, 1.4142135, 2.0, 2.6457512, 2.828427, 7.0]","[1.0, 2.5, 2.5, 4.5]","[0.0, 0.0, 2.4494898, 4.2426405]","[-4.0, -3.0, -2.0, -1.0]","[1.0, 4.5]","[0.0, 4.2426405]","[-4.0, -1.0]","[5.0, 5.5]","[4.8989797, 5.477226]","[1.5, 2.0]",[5.5],[4.8989797],[5.5],1,0,1,0,1.0,0.0,0
163,3,1,1,"[0.0, 0.5, 0.5, 0.5, 1.5, 3.0, 3.5, 5.5, 5.5, 7.5]","[0.0, 0.0, 0.0, 0.0, 0.0, 1.4142135, 2.236068, 5.477226, 5.477226, 7.3484693]","[2.5, 2.5, 3.5]","[2.0, 2.4494898, 2.4494898]","[-4.5, -3.5, -2.5]",[2.5],[2.4494898],[-4.5],[6.0],[5.91608],[0.0],[6.0],[5.91608],[0.0],0,1,0,0,0.0,0.0,1
99437,2,1,1,"[0.0, 0.5, 0.5, 1.5, 2.0, 2.0, 2.0, 2.5, 3.0, 6.0]","[0.0, 0.0, 0.0, 0.0, 0.0, 1.4142135, 1.7320508, 2.0, 2.236068, 5.196152]","[3.5, 5.5]","[0.0, 4.8989797]","[-2.5, -1.0]",[3.5],[0.0],[-2.5],[4.5],[3.7416575],[2.5],[4.5],[3.7416575],[2.5],0,1,0,0,0.0,0.0,0
0,2,1,1,"[0.0, 0.5, 1.0, 1.5, 2.5, 2.5, 2.5, 3.5, 4.0, 4.5]","[0.0, 0.0, 0.0, 0.0, 0.0, 1.0, 2.4494898, 2.4494898, 2.4494898, 2.828427]","[1.0, 1.5]","[0.0, 0.0]","[-4.0, -3.5]",[1.0],[0.0],[-3.5],[3.0],[2.828427],[2.5],[3.0],[2.828427],[2.5],0,1,0,0,0.0,0.0,1
776,5,3,2,"[0.0, 1.0, 2.0, 2.0, 2.0, 2.5, 3.5, 4.0, 5.5, 8.0]","[0.0, 0.0, 0.0, 0.0, 2.0, 2.0, 3.4641016, 3.8729835, 5.2915025, 7.937254]","[2.0, 2.0, 3.0, 3.5, 4.0]","[0.0, 1.7320508, 1.7320508, 2.236068, 2.4494898]","[-4.5, -3.0, -3.0, -2.5, -1.5]","[2.0, 2.0, 3.0]","[1.7320508, 1.7320508, 2.236068]","[-4.5, -3.0, -1.5]","[2.0, 3.5, 5.5]","[1.7320508, 3.4641016, 5.2915025]","[-2.0, -1.5, 0.5]","[3.5, 5.0]","[3.4641016, 4.582576]","[0.5, 2.0]",1,1,1,0,1.0,0.0,1
193,4,2,2,"[0.0, 0.5, 1.0, 1.0, 1.5, 3.5, 4.0, 4.0, 6.5, 6.5]","[0.0, 0.0, 0.0, 0.0, 1.0, 1.0, 2.6457512, 3.4641016, 6.0, 6.0]","[1.0, 1.5, 3.0, 3.5]","[0.0, 0.0, 1.4142135, 2.828427]","[-5.5, -3.5, -2.5, -2.5]","[1.0, 1.5]","[0.0, 1.4142135]","[-5.5, -3.5]","[3.5, 6.0]","[0.0, 5.656854]","[-3.0, 6.0]","[3.5, 6.0]","[0.0, 5.656854]","[-3.0, 6.0]",0,2,0,0,0.0,0.0,1
30241,3,3,2,"[0.0, 0.0, 1.0, 1.0, 2.5, 2.5, 3.0, 3.5, 4.0, 4.5]","[0.0, 0.0, 0.0, 0.0, 0.0, 2.0, 2.4494898, 2.6457512, 2.828427, 4.472136]","[2.0, 2.0, 3.5]","[1.7320508, 1.7320508, 3.4641016]","[-2.5, -1.0, -1.0]","[2.0, 2.0, 3.5]","[1.7320508, 1.7320508, 3.4641016]","[-2.5, -1.0, -1.0]","[5.5, 7.5, 8.5]","[4.2426405, 7.483315, 8.485281]","[3.0, 5.0, 7.5]","[7.5, 7.5]","[7.3484693, 7.483315]","[5.0, 7.0]",1,1,1,0,1.0,0.0,0
846,2,2,2,"[0.0, 0.0, 0.5, 0.5, 2.0, 2.5, 3.0, 3.5, 4.0, 7.5]","[0.0, 0.0, 0.0, 0.0, 0.0, 2.236068, 2.4494898, 3.4641016, 3.8729835, 7.3484693]","[1.0, 2.5]","[1.0, 2.4494898]","[-4.0, -1.0]","[1.0, 2.5]","[1.0, 2.4494898]","[-4.0, -1.0]","[4.0, 6.5]","[3.4641016, 6.3245554]","[0.5, 1.5]","[4.0, 6.5]","[3.4641016, 6.3245554]","[0.5, 1.5]",0,2,0,0,0.0,0.0,1
853,22,6,2,"[1.0, 2.0, 2.5, 3.0, 3.5, 5.0, 6.0, 6.0, 7.5, 7.5]","[0.0, 0.0, 0.0, 1.7320508, 2.236068, 3.0, 5.196152, 5.196152, 7.3484693, 7.483315]","[0.0, 0.5, 0.5, 0.5, 1.0, 1.0, 1.5, 2.0, 2.0, 2.0, 2.5, 2.5, 3.0, 3.0, 3.0, 3.5, 3.5, 4.0, 4.0, 4.5, 6.5, 6.5]","[0.0, 0.0, 0.0, 0.0, 0.0, 0.0, 0.0, 0.0, 0.0, 1.4142135, 1.7320508, 2.0, 2.236068, 2.4494898, 2.4494898, 2.4494898, 2.4494898, 2.828427, 3.0, 4.472136, 6.4807405, 6.4807405]","[-8.5, -7.0, -6.5, -4.5, -4.5, -4.5, -4.5, -4.5, -4.0, -4.0, -3.5, -3.5, -3.0, -2.5, -2.5, -2.5, -2.5, -2.5, -2.0, -2.0, -1.5, -1.0]","[0.0, 0.5, 0.5, 1.0, 1.5, 3.0]","[0.0, 0.0, 0.0, 0.0, 1.4142135, 2.828427]","[-8.5, -7.0, -4.5, -4.5, -4.5, -3.5]","[2.0, 2.5, 3.0, 5.5, 5.5, 6.5]","[0.0, 2.4494898, 2.828427, 4.2426405, 5.477226, 6.3245554]","[-6.5, -3.5, -0.5, 1.0, 2.5, 3.5]","[6.5, 6.5]","[6.0, 6.4807405]","[5.5, 6.0]",4,0,2,0,2.0,0.0,1
5357,2,2,2,"[0.0, 0.5, 1.0, 1.0, 1.0, 2.0, 2.0, 2.5, 4.5, 5.0]","[0.0, 0.0, 0.0, 0.0, 0.0, 1.0, 1.0, 1.7320508, 2.828427, 4.8989797]","[2.0, 3.0]","[0.0, 0.0]","[-3.0, -1.5]","[2.0, 3.0]","[0.0, 0.0]","[-3.0, -1.5]","[5.5, 7.5]","[4.8989797, 7.483315]","[3.0, 7.0]","[5.5, 7.5]","[4.8989797, 7.483315]","[3.0, 7.0]",0,2,0,0,0.0,0.0,0
49564,3,3,1,"[0.0, 1.0, 1.0, 1.5, 1.5, 2.5, 3.0, 3.0, 3.5, 3.5]","[0.0, 1.0, 1.0, 1.4142135, 1.4142135, 2.236068, 2.4494898, 2.828427, 3.4641016, 3.4641016]","[0.5, 0.5, 2.0]","[0.0, 0.0, 1.7320508]","[-3.0, -1.5, -1.0]","[0.5, 0.5, 2.0]","[0.0, 0.0, 1.7320508]","[-3.0, -1.5, -1.0]","[5.5, 6.5, 7.0]","[4.2426405, 6.3245554, 6.708204]","[3.0, 3.0, 5.0]",[5.0],[4.0],[4.0],2,0,1,0,2.0,0.0,0
97,3,2,1,"[0.5, 1.0, 1.0, 1.0, 1.5, 2.5, 2.5, 5.0, 6.5, 7.0]","[0.0, 0.0, 0.0, 0.0, 1.0, 1.4142135, 2.4494898, 5.0, 6.4807405, 6.928203]","[1.5, 1.5, 3.5]","[0.0, 1.4142135, 3.4641016]","[-5.0, -4.0, -2.0]","[1.5, 3.5]","[1.4142135, 3.4641016]","[-4.0, -2.0]","[6.5, 8.0]","[6.4807405, 7.937254]","[0.0, 4.0]",[5.5],[5.477226],[2.0],1,0,1,0,1.0,0.0,1
411,2,2,1,"[0.5, 0.5, 0.5, 0.5, 1.0, 1.5, 3.0, 3.0, 4.5, 8.0]","[0.0, 0.0, 0.0, 0.0, 0.0, 1.0, 1.4142135, 3.0, 4.472136, 8.0]","[2.0, 2.0]","[0.0, 2.0]","[-4.0, -1.5]","[2.0, 2.0]","[0.0, 2.0]","[-4.0, -1.5]","[4.5, 5.5]","[4.2426405, 4.472136]","[-1.0, 2.0]",[5.0],[4.8989797],[0.5],1,0,1,0,1.0,0.0,1
48,32,5,2,"[0.5, 2.0, 3.5, 3.5, 6.0, 6.5, 7.0, 7.0, 8.0, 8.0]","[0.0, 2.0, 2.4494898, 2.4494898, 5.91608, 6.4807405, 6.708204, 6.928203, 7.937254, 7.937254]","[0.0, 0.5, 0.5, 0.5, 1.0, 1.5, 1.5, 2.0, 2.0, 2.0, 2.0, 2.0, 2.0, 2.5, 2.5, 2.5, 2.5, 3.0, 3.0, 3.0, 3.5, 3.5, 3.5, 3.5, 3.5, 3.5, 4.0, 5.0, 5.5, 5.5, 6.0, 6.0]","[0.0, 0.0, 0.0, 0.0, 0.0, 0.0, 0.0, 0.0, 0.0, 0.0, 0.0, 0.0, 0.0, 0.0, 1.0, 1.7320508, 1.7320508, 2.0, 2.0, 2.236068, 2.4494898, 2.4494898, 2.4494898, 3.1622777, 3.4641016, 3.4641016, 3.4641016, 4.8989797, 5.0, 5.2915025, 5.656854, 6.0]","[-7.0, -7.0, -7.0, -6.0, -5.5, -5.5, -5.5, -5.5, -5.0, -5.0, -5.0, -5.0, -4.5, -4.5, -4.5, -4.5, -4.0, -4.0, -3.5, -3.5, -3.0, -3.0, -3.0, -2.5, -2.5, -2.5, -2.0, -2.0, -1.5, -1.5, -1.5, -1.0]","[0.0, 0.5, 0.5, 0.5, 1.5]","[0.0, 0.0, 0.0, 0.0, 0.0]","[-7.0, -7.0, -7.0, -5.5, -1.5]","[0.5, 0.5, 3.0, 3.5, 6.0]","[0.0, 0.0, 0.0, 3.4641016, 6.0]","[-7.0, -7.0, -4.5, -2.0, -2.0]","[2.0, 3.0]","[0.0, 1.7320508]","[-5.5, -4.5]",3,1,1,1,1.0,2.0,1
775,3,1,1,"[0.0, 0.5, 0.5, 1.0, 2.0, 2.0, 2.0, 2.5, 4.5, 5.5]","[0.0, 0.0, 0.0, 0.0, 0.0, 0.0, 0.0, 2.0, 2.0, 4.2426405]","[3.0, 3.5, 5.0]","[0.0, 2.4494898, 4.0]","[-6.0, -3.0, -1.5]",[3.0],[0.0],[-6.0],[5.0],[4.582576],[4.0],[5.0],[4.582576],[4.0],0,1,0,0,0.0,0.0,1
417,3,2,0,"[0.0, 1.0, 1.0, 1.0, 1.5, 2.5, 3.0, 3.5, 6.5, 7.0]","[0.0, 0.0, 0.0, 0.0, 0.0, 1.0, 1.4142135, 2.236068, 6.4807405, 6.928203]","[2.0, 4.5, 6.0]","[0.0, 4.472136, 6.0]","[-5.5, -1.5, -1.0]","[2.0, 4.5]","[0.0, 4.472136]","[-5.5, -1.5]","[2.0, 4.5]","[0.0, 4.472136]","[-5.5, -1.5]",[],[],[],2,0,0,1,0.0,2.0,1
83040,4,2,1,"[0.5, 0.5, 1.0, 1.0, 1.5, 2.0, 3.0, 3.5, 5.0, 8.0]","[0.0, 0.0, 0.0, 0.0, 0.0, 0.0, 1.0, 3.4641016, 4.8989797, 8.0]","[1.0, 2.0, 4.0, 5.0]","[1.0, 1.7320508, 2.6457512, 4.582576]","[-4.5, -4.0, -3.0, -2.0]","[1.0, 2.0]","[1.0, 1.7320508]","[-4.5, -4.0]","[1.0, 2.0]","[0.0, 0.0]","[-3.5, -3.0]",[7.0],[6.928203],[5.5],1,0,1,0,1.0,0.0,0
23261,4,3,2,"[0.0, 0.0, 1.0, 2.0, 2.5, 2.5, 3.0, 3.5, 4.5, 7.5]","[0.0, 0.0, 0.0, 0.0, 0.0, 1.7320508, 2.0, 2.828427, 3.1622777, 7.483315]","[2.0, 3.0, 4.0, 4.5]","[0.0, 0.0, 3.7416575, 3.8729835]","[-4.0, -3.0, -1.5, -1.5]","[2.0, 3.0, 4.5]","[0.0, 0.0, 3.7416575]","[-3.0, -1.5, -1.5]","[1.0, 2.5, 3.0]","[0.0, 2.0, 3.0]","[-3.0, -1.0, 1.0]","[2.5, 6.0]","[2.0, 5.196152]","[1.0, 5.5]",1,1,1,0,1.0,0.0,0
73699,2,1,1,"[0.0, 1.0, 1.0, 1.5, 1.5, 1.5, 2.0, 2.5, 3.0, 5.5]","[0.0, 0.0, 0.0, 0.0, 0.0, 1.4142135, 1.7320508, 2.4494898, 3.0, 5.2915025]","[2.5, 3.0]","[2.236068, 2.4494898]","[-2.5, -2.0]",[2.5],[2.4494898],[-2.5],[7.0],[6.708204],[3.5],[7.0],[6.708204],[3.5],0,1,0,0,0.0,0.0,0
7414,5,2,2,"[0.5, 1.5, 1.5, 1.5, 2.0, 2.0, 2.5, 3.5, 4.5, 4.5]","[0.0, 0.0, 0.0, 0.0, 1.4142135, 1.7320508, 2.0, 2.828427, 2.828427, 3.1622777]","[2.0, 3.0, 4.0, 4.0, 4.0]","[1.7320508, 2.236068, 2.6457512, 3.8729835, 4.0]","[-3.0, -3.0, -2.5, -2.5, -2.0]","[2.0, 4.0]","[1.7320508, 3.8729835]","[-3.0, -2.0]","[5.0, 6.0]","[4.8989797, 6.0]","[4.0, 5.0]","[5.0, 6.0]","[4.8989797, 6.0]","[4.0, 5.0]",0,2,0,0,0.0,0.0,0
953,2,2,2,"[0.0, 0.0, 0.5, 1.5, 1.5, 1.5, 2.5, 2.5, 3.0, 4.5]","[0.0, 0.0, 0.0, 0.0, 0.0, 1.4142135, 2.0, 2.236068, 2.4494898, 4.2426405]","[1.0, 3.0]","[0.0, 2.828427]","[-2.0, -1.0]","[1.0, 3.0]","[0.0, 2.828427]","[-2.0, -1.0]","[6.5, 8.5]","[6.3245554, 8.485281]","[4.5, 6.0]","[6.5, 8.5]","[6.3245554, 8.485281]","[4.5, 6.0]",0,2,0,0,0.0,0.0,1
50454,3,1,1,"[0.5, 1.5, 1.5, 2.0, 2.0, 2.5, 3.0, 4.5, 5.0, 5.5]","[0.0, 0.0, 1.4142135, 1.7320508, 1.7320508, 2.0, 2.236068, 2.828427, 4.0, 4.8989797]","[2.5, 3.0, 3.5]","[0.0, 0.0, 0.0]","[-5.0, -3.5, -3.0]",[2.5],[0.0],[-3.5],[5.0],[4.8989797],[3.0],[5.0],[4.8989797],[3.0],0,1,0,0,0.0,0.0,0
89998,5,1,1,"[0.0, 0.5, 1.0, 1.0, 1.5, 1.5, 2.0, 4.0, 4.0, 5.5]","[0.0, 0.0, 0.0, 0.0, 0.0, 1.0, 1.4142135, 1.7320508, 3.8729835, 5.2915025]","[1.5, 2.0, 3.5, 4.0, 4.5]","[0.0, 0.0, 2.4494898, 2.6457512, 4.472136]","[-5.5, -3.5, -2.0, -1.5, -1.5]",[1.5],[0.0],[-3.5],[4.5],[4.2426405],[4.0],[4.5],[4.2426405],[4.0],0,1,0,0,0.0,0.0,0
77629,2,2,1,"[0.5, 0.5, 0.5, 1.0, 1.0, 1.5, 2.5, 3.5, 4.0, 7.0]","[0.0, 0.0, 0.0, 0.0, 0.0, 0.0, 0.0, 2.0, 3.1622777, 6.928203]","[2.5, 3.5]","[0.0, 2.4494898]","[-2.5, -1.0]","[2.5, 3.5]","[0.0, 2.4494898]","[-2.5, -1.0]","[4.0, 6.0]","[4.0, 5.196152]","[0.5, 2.0]",[7.5],[7.483315],[7.0],1,0,1,0,1.0,0.0,0
752,3,1,1,"[1.0, 1.0, 1.0, 1.0, 2.5, 3.0, 3.5, 3.5, 4.0, 5.5]","[0.0, 0.0, 0.0, 0.0, 0.0, 1.0, 1.0, 2.4494898, 2.6457512, 5.477226]","[2.0, 2.5, 3.0]","[1.7320508, 2.0, 2.828427]","[-4.0, -3.0, -2.5]",[3.0],[2.828427],[-2.5],[5.0],[4.8989797],[2.0],[5.0],[4.8989797],[2.0],0,1,0,0,0.0,0.0,1
314,21,7,3,"[1.5, 3.0, 3.0, 4.0, 4.5, 5.0, 5.5, 5.5, 5.5, 6.0]","[0.0, 1.4142135, 2.828427, 3.7416575, 3.8729835, 4.2426405, 4.582576, 4.8989797, 4.8989797, 5.91608]","[0.5, 0.5, 0.5, 1.0, 1.0, 1.0, 1.5, 1.5, 2.0, 2.5, 2.5, 2.5, 2.5, 3.0, 3.0, 3.0, 3.0, 3.0, 4.0, 6.0, 6.5]","[0.0, 0.0, 0.0, 0.0, 0.0, 0.0, 0.0, 0.0, 0.0, 0.0, 0.0, 1.0, 1.4142135, 1.7320508, 2.236068, 2.236068, 2.4494898, 2.4494898, 3.8729835, 5.656854, 6.4807405]","[-6.0, -5.5, -5.5, -5.0, -4.5, -4.5, -4.5, -4.5, -4.0, -4.0, -3.0, -2.5, -2.5, -2.5, -2.5, -2.5, -2.0, -2.0, -1.5, -1.5, -1.0]","[0.5, 0.5, 0.5, 1.0, 1.5, 1.5, 2.5]","[0.0, 0.0, 0.0, 0.0, 0.0, 1.4142135, 2.4494898]","[-5.5, -4.5, -4.0, -4.0, -3.0, -2.5, -1.5]","[2.0, 2.5, 2.5, 3.5, 4.0, 4.0, 4.5]","[0.0, 0.0, 0.0, 1.7320508, 2.0, 2.4494898, 3.8729835]","[-3.5, -2.5, -2.0, 0.0, 0.0, 0.5, 2.5]","[4.0, 4.5, 7.5]","[0.0, 2.828427, 7.3484693]","[0.5, 2.5, 2.5]",4,1,2,0,2.0,0.0,1
9192,4,2,2,"[0.5, 0.5, 0.5, 1.0, 1.0, 2.0, 2.5, 3.0, 4.5, 5.0]","[0.0, 0.0, 0.0, 0.0, 0.0, 0.0, 0.0, 1.7320508, 2.828427, 3.0]","[3.0, 3.5, 4.0, 6.0]","[0.0, 0.0, 3.8729835, 5.656854]","[-4.0, -2.5, -1.5, -1.5]","[3.5, 4.0]","[0.0, 3.8729835]","[-2.5, -1.5]","[3.0, 6.0]","[2.828427, 5.656854]","[2.5, 5.5]","[3.0, 6.0]","[2.828427, 5.656854]","[2.5, 5.5]",0,2,0,0,0.0,0.0,0
614,1,1,1,"[0.0, 0.0, 0.0, 0.5, 2.0, 3.0, 4.0, 4.0, 6.5, 7.0]","[0.0, 0.0, 0.0, 0.0, 0.0, 2.828427, 3.4641016, 3.8729835, 6.4807405, 6.928203]",[3.5],[2.4494898],[-1.5],[3.5],[2.4494898],[-1.5],[4.0],[2.6457512],[-2.0],[4.0],[2.6457512],[-2.0],0,1,0,0,0.0,0.0,1
317,3,1,1,"[0.0, 0.5, 0.5, 1.0, 1.0, 1.5, 1.5, 3.0, 3.0, 4.5]","[0.0, 0.0, 0.0, 0.0, 0.0, 0.0, 0.0, 1.4142135, 1.4142135, 3.0]","[3.0, 3.5, 4.0]","[2.236068, 2.4494898, 3.8729835]","[-3.5, -2.5, -2.0]",[4.0],[3.8729835],[-3.5],[3.0],[2.236068],[3.0],[3.0],[2.236068],[3.0],0,1,0,0,0.0,0.0,1
670,1,1,1,"[0.0, 0.5, 1.5, 1.5, 2.0, 2.5, 3.0, 3.5, 3.5, 7.5]","[0.0, 0.0, 0.0, 0.0, 0.0, 1.4142135, 2.4494898, 3.0, 3.1622777, 7.483315]",[2.5],[2.4494898],[-1.5],[2.5],[2.4494898],[-1.5],[4.0],[4.0],[1.5],[4.0],[4.0],[1.5],0,1,0,0,0.0,0.0,1
325,1,1,1,"[0.0, 0.5, 0.5, 1.0, 1.0, 1.5, 2.5, 2.5, 2.5, 4.5]","[0.0, 0.0, 0.0, 0.0, 0.0, 0.0, 1.0, 2.0, 2.4494898, 3.7416575]",[3.5],[3.4641016],[-2.5],[3.5],[3.4641016],[-2.5],[5.0],[4.8989797],[4.0],[5.0],[4.8989797],[4.0],0,1,0,0,0.0,0.0,1
281,8,3,1,"[0.0, 0.0, 1.5, 3.0, 3.5, 4.5, 4.5, 4.5, 5.5, 6.0]","[0.0, 0.0, 0.0, 1.4142135, 2.4494898, 4.2426405, 4.2426405, 4.2426405, 4.472136, 5.656854]","[0.0, 0.5, 1.0, 1.0, 3.0, 3.5, 4.0, 5.5]","[0.0, 0.0, 0.0, 0.0, 0.0, 0.0, 1.0, 5.477226]","[-5.0, -5.0, -4.5, -4.0, -3.5, -3.0, -2.5, -1.5]","[0.0, 0.5, 3.0]","[0.0, 0.0, 0.0]","[-5.0, -4.5, -4.0]","[1.0, 4.0, 7.0]","[1.0, 3.8729835, 6.928203]","[-2.0, 0.0, 2.0]",[5.0],[5.0],[3.0],2,0,1,0,2.0,0.0,1
641,2,1,1,"[0.5, 0.5, 0.5, 1.0, 1.5, 3.0, 3.0, 4.0, 4.5, 8.0]","[0.0, 0.0, 0.0, 0.0, 0.0, 0.0, 1.0, 2.236068, 3.0, 8.0]","[2.0, 4.5]","[0.0, 4.472136]","[-3.5, -2.5]",[2.0],[0.0],[-2.5],[3.5],[3.4641016],[-0.5],[3.5],[3.4641016],[-0.5],0,1,0,0,0.0,0.0,1
804,3,2,0,"[0.0, 0.0, 0.5, 1.0, 1.0, 2.0, 3.5, 5.0, 5.5, 5.5]","[0.0, 0.0, 0.0, 0.0, 0.0, 0.0, 1.0, 4.8989797, 4.8989797, 5.477226]","[2.5, 3.0, 4.0]","[2.236068, 2.4494898, 4.0]","[-4.0, -3.0, -1.5]","[2.5, 4.0]","[2.4494898, 4.0]","[-3.0, -1.5]","[2.5, 4.0]","[2.4494898, 4.0]","[-3.0, -1.5]",[],[],[],2,0,0,1,0.0,2.0,1
159,6,2,1,"[0.5, 0.5, 0.5, 1.5, 1.5, 3.0, 4.0, 4.5, 5.5, 5.5]","[0.0, 0.0, 0.0, 0.0, 0.0, 0.0, 0.0, 3.4641016, 5.2915025, 5.477226]","[0.5, 1.5, 2.5, 3.0, 3.5, 3.5]","[0.0, 0.0, 0.0, 2.828427, 3.1622777, 3.4641016]","[-5.0, -4.5, -3.5, -2.5, -1.5, -1.0]","[0.5, 3.5]","[0.0, 3.1622777]","[-5.0, -1.5]","[3.0, 8.0]","[0.0, 8.0]","[-1.5, 5.0]",[2.0],[1.7320508],[-1.5],1,0,1,0,1.0,0.0,1
143,1,1,1,"[0.5, 1.0, 1.0, 1.5, 1.5, 1.5, 2.0, 2.5, 3.0, 3.5]","[0.0, 0.0, 0.0, 0.0, 1.0, 1.4142135, 2.0, 2.0, 2.828427, 3.4641016]",[1.5],[1.4142135],[-1.5],[1.5],[1.4142135],[-1.5],[4.0],[4.0],[3.5],[4.0],[4.0],[3.5],0,1,0,0,0.0,0.0,1
812,3,2,2,"[0.0, 0.0, 0.0, 0.5, 0.5, 1.0, 1.0, 3.5, 3.5, 5.5]","[0.0, 0.0, 0.0, 0.0, 0.0, 0.0, 1.0, 2.4494898, 3.1622777, 4.2426405]","[1.5, 2.0, 3.0]","[0.0, 0.0, 2.236068]","[-3.5, -1.5, -1.0]","[1.5, 3.0]","[0.0, 2.236068]","[-1.5, -1.0]","[3.0, 7.0]","[2.236068, 6.928203]","[2.0, 2.0]","[3.0, 7.0]","[2.236068, 6.928203]","[2.0, 2.0]",0,2,0,0,0.0,0.0,1
313,3,2,1,"[0.5, 1.0, 1.5, 1.5, 1.5, 1.5, 2.0, 2.5, 5.5, 7.0]","[0.0, 0.0, 1.4142135, 1.4142135, 1.4142135, 1.4142135, 2.0, 2.0, 4.2426405, 6.928203]","[2.0, 3.0, 5.5]","[0.0, 2.236068, 5.477226]","[-3.0, -1.5, -1.0]","[2.0, 5.5]","[0.0, 5.477226]","[-3.0, -1.5]","[3.0, 6.0]","[2.236068, 5.91608]","[-1.0, 2.0]",[5.5],[4.2426405],[4.5],1,0,1,0,1.0,0.0,1
586,19,5,3,"[2.0, 2.5, 2.5, 3.5, 4.0, 4.0, 6.0, 6.0, 6.5, 7.0]","[0.0, 1.7320508, 2.4494898, 3.4641016, 3.4641016, 3.4641016, 5.196152, 5.196152, 6.4807405, 6.928203]","[0.0, 0.5, 1.0, 1.0, 1.0, 1.0, 1.0, 1.5, 1.5, 2.0, 3.0, 3.0, 3.0, 3.0, 3.5, 3.5, 4.5, 5.0, 5.0]","[0.0, 0.0, 0.0, 0.0, 0.0, 0.0, 0.0, 1.0, 1.0, 1.0, 1.4142135, 2.236068, 2.236068, 2.828427, 3.1622777, 3.4641016, 4.0, 4.2426405, 5.0]","[-7.5, -6.0, -5.5, -4.0, -4.0, -3.5, -3.5, -3.5, -3.5, -3.0, -2.5, -2.5, -2.0, -2.0, -2.0, -1.5, -1.5, -1.5, -1.0]","[0.0, 0.5, 1.0, 1.0, 1.0]","[0.0, 0.0, 0.0, 1.0, 1.0]","[-7.5, -4.0, -3.5, -2.0, -1.5]","[1.5, 2.0, 4.0, 4.5, 5.0]","[0.0, 1.4142135, 1.7320508, 2.6457512, 4.0]","[-6.0, -0.5, -0.5, 0.0, 2.5]","[2.0, 2.0, 5.0]","[0.0, 1.7320508, 4.0]","[-5.5, -0.5, 2.5]",2,2,1,0,2.0,0.0,1
44413,1,1,1,"[0.5, 0.5, 0.5, 1.0, 1.5, 1.5, 2.5, 3.0, 3.0, 3.5]","[0.0, 0.0, 0.0, 0.0, 0.0, 1.0, 1.4142135, 2.0, 2.236068, 3.4641016]",[1.0],[0.0],[-1.5],[1.0],[0.0],[-1.5],[2.5],[0.0],[0.5],[2.5],[0.0],[0.5],0,1,0,0,0.0,0.0,0
69738,6,4,2,"[0.5, 0.5, 1.0, 1.5, 2.0, 2.0, 3.5, 5.0, 5.5, 7.0]","[0.0, 0.0, 0.0, 0.0, 1.4142135, 1.7320508, 3.4641016, 4.582576, 4.8989797, 6.928203]","[1.5, 2.0, 2.0, 2.5, 3.0, 3.5]","[0.0, 0.0, 0.0, 0.0, 0.0, 1.7320508]","[-4.5, -4.0, -3.5, -2.5, -2.0, -1.0]","[1.5, 2.0, 2.0, 2.5]","[0.0, 0.0, 0.0, 1.7320508]","[-4.0, -3.5, -2.5, -2.0]","[3.5, 4.5, 5.5, 6.5]","[0.0, 0.0, 4.2426405, 6.3245554]","[-4.5, 2.5, 2.5, 5.0]","[2.5, 4.5]","[0.0, 2.4494898]","[2.5, 2.5]",2,1,1,0,2.0,0.0,0
247,36,6,2,"[2.5, 2.5, 4.5, 5.0, 5.5, 6.5, 6.5, 7.0, 8.0, 8.5]","[2.0, 2.4494898, 4.2426405, 4.8989797, 5.2915025, 6.0, 6.4807405, 6.928203, 7.937254, 8.485281]","[0.0, 0.5, 0.5, 0.5, 0.5, 0.5, 1.0, 1.0, 1.0, 1.0, 1.0, 1.5, 1.5, 2.0, 2.0, 2.0, 2.0, 2.5, 3.0, 3.0, 3.0, 3.0, 3.0, 3.0, 3.5, 3.5, 3.5, 3.5, 3.5, 4.0, 4.5, 4.5, 5.5, 6.0, 6.5, 8.0]","[0.0, 0.0, 0.0, 0.0, 0.0, 0.0, 0.0, 0.0, 0.0, 0.0, 0.0, 0.0, 0.0, 0.0, 0.0, 0.0, 1.0, 1.0, 1.0, 1.4142135, 1.7320508, 2.0, 2.236068, 2.236068, 2.4494898, 2.828427, 2.828427, 3.1622777, 3.4641016, 4.0, 4.2426405, 4.472136, 4.8989797, 5.91608, 6.4807405, 8.0]","[-7.0, -7.0, -6.5, -6.5, -6.5, -6.5, -6.0, -6.0, -5.5, -5.5, -5.5, -4.5, -4.0, -4.0, -4.0, -4.0, -4.0, -3.5, -3.5, -3.5, -3.5, -3.5, -3.5, -3.0, -3.0, -3.0, -3.0, -3.0, -3.0, -2.5, -2.0, -2.0, -1.5, -1.5, -1.0, -1.0]","[0.0, 0.5, 0.5, 1.0, 1.0, 2.0]","[0.0, 0.0, 0.0, 0.0, 0.0, 1.7320508]","[-6.5, -6.5, -6.0, -5.5, -4.0, -3.0]","[0.5, 2.0, 3.0, 4.5, 5.5, 7.0]","[0.0, 0.0, 1.7320508, 4.472136, 4.8989797, 6.708204]","[-6.5, -6.0, -2.0, -1.0, 0.0, 0.5]","[0.5, 1.5]","[0.0, 0.0]","[-6.0, -4.5]",4,0,2,1,1.0,2.0,1
665,5,1,1,"[0.0, 0.5, 2.5, 2.5, 3.0, 3.0, 3.5, 4.0, 4.5, 4.5]","[0.0, 0.0, 0.0, 2.0, 2.0, 2.4494898, 2.828427, 2.828427, 3.0, 4.2426405]","[1.0, 2.0, 2.0, 4.0, 4.5]","[0.0, 1.0, 2.0, 2.6457512, 4.2426405]","[-4.0, -4.0, -2.5, -2.5, -1.5]",[2.0],[0.0],[-4.0],[3.5],[3.4641016],[2.5],[3.5],[3.4641016],[2.5],0,1,0,0,0.0,0.0,1
65028,2,2,1,"[0.0, 0.0, 0.5, 1.0, 1.0, 3.0, 3.0, 3.5, 4.5, 8.0]","[0.0, 0.0, 0.0, 0.0, 0.0, 0.0, 0.0, 2.828427, 4.472136, 7.937254]","[2.5, 3.5]","[2.0, 3.4641016]","[-4.5, -3.0]","[2.5, 3.5]","[2.0, 3.4641016]","[-4.5, -3.0]","[3.5, 7.0]","[2.4494898, 6.708204]","[-2.0, 2.5]",[6.0],[5.91608],[4.0],1,0,1,0,1.0,0.0,0
58497,1,1,1,"[0.5, 0.5, 0.5, 0.5, 1.0, 1.0, 1.0, 2.5, 5.0, 6.0]","[0.0, 0.0, 0.0, 0.0, 0.0, 0.0, 0.0, 1.0, 4.0, 5.656854]",[4.5],[4.472136],[-3.5],[4.5],[4.472136],[-3.5],[4.5],[2.828427],[1.5],[4.5],[2.828427],[1.5],0,1,0,0,0.0,0.0,0
52777,5,3,3,"[0.0, 0.5, 1.0, 1.0, 2.0, 2.5, 2.5, 4.5, 5.5, 5.5]","[0.0, 0.0, 0.0, 0.0, 1.0, 1.7320508, 2.0, 3.7416575, 4.2426405, 5.2915025]","[2.5, 3.5, 4.5, 4.5, 5.0]","[0.0, 2.4494898, 4.0, 4.2426405, 4.472136]","[-3.0, -3.0, -2.5, -2.0, -1.0]","[2.5, 4.5, 4.5]","[0.0, 4.2426405, 4.472136]","[-2.5, -2.0, -1.0]","[1.5, 2.5, 4.0]","[0.0, 0.0, 1.4142135]","[0.5, 0.5, 2.5]","[1.5, 2.5, 4.0]","[0.0, 0.0, 1.4142135]","[0.5, 0.5, 2.5]",0,3,0,0,0.0,0.0,0
121,1,1,1,"[1.0, 1.5, 1.5, 1.5, 1.5, 2.0, 2.0, 2.0, 3.0, 6.5]","[0.0, 0.0, 0.0, 0.0, 1.4142135, 1.4142135, 1.7320508, 1.7320508, 3.0, 6.0]",[2.0],[1.7320508],[-1.5],[2.0],[1.7320508],[-1.5],[2.0],[1.7320508],[-2.5],[2.0],[1.7320508],[-2.5],0,1,0,0,0.0,0.0,1
818,20,5,3,"[2.5, 3.0, 3.0, 3.5, 3.5, 4.0, 5.5, 5.5, 6.5, 7.0]","[0.0, 2.236068, 2.236068, 3.4641016, 3.4641016, 4.0, 5.2915025, 5.2915025, 6.3245554, 6.928203]","[0.5, 1.0, 1.5, 1.5, 1.5, 1.5, 2.0, 2.0, 2.0, 2.0, 2.5, 3.0, 3.0, 3.0, 3.5, 4.0, 4.0, 5.0, 5.0, 5.5]","[0.0, 0.0, 0.0, 0.0, 0.0, 0.0, 1.4142135, 1.4142135, 1.7320508, 2.0, 2.236068, 2.4494898, 2.4494898, 2.6457512, 2.828427, 3.0, 3.4641016, 4.582576, 4.8989797, 5.477226]","[-5.0, -5.0, -5.0, -4.5, -4.0, -4.0, -3.5, -3.5, -3.5, -3.0, -3.0, -3.0, -3.0, -2.5, -2.5, -2.0, -1.5, -1.5, -1.5, -1.0]","[0.5, 1.0, 1.5, 1.5, 2.0]","[0.0, 0.0, 0.0, 1.4142135, 1.4142135]","[-5.0, -5.0, -4.0, -3.5, -1.0]","[2.0, 2.0, 3.5, 5.0, 6.0]","[0.0, 1.7320508, 3.1622777, 4.8989797, 5.196152]","[-3.5, -1.5, -1.5, -0.5, 5.5]","[2.0, 3.5, 4.0]","[1.7320508, 2.4494898, 2.6457512]","[-1.5, -0.5, 0.0]",2,1,2,0,1.0,0.0,1
81995,3,1,1,"[0.5, 1.0, 1.5, 2.0, 2.0, 2.5, 3.0, 3.5, 4.0, 5.0]","[0.0, 0.0, 0.0, 1.0, 1.4142135, 1.7320508, 2.0, 2.4494898, 2.828427, 3.0]","[1.0, 4.0, 4.5]","[0.0, 3.7416575, 4.0]","[-4.5, -4.0, -2.0]",[1.0],[0.0],[-4.0],[6.0],[5.196152],[2.5],[6.0],[5.196152],[2.5],0,1,0,0,0.0,0.0,0
852,1,1,1,"[0.0, 0.0, 0.5, 1.0, 1.5, 1.5, 2.0, 5.0, 5.5, 6.5]","[0.0, 0.0, 0.0, 0.0, 0.0, 0.0, 1.4142135, 3.0, 4.8989797, 6.0]",[6.0],[5.91608],[-2.5],[6.0],[5.91608],[-2.5],[6.0],[5.91608],[2.5],[6.0],[5.91608],[2.5],0,1,0,0,0.0,0.0,1
463,18,5,1,"[1.0, 1.5, 2.0, 2.5, 3.0, 3.0, 4.0, 7.5, 8.0, 8.0]","[0.0, 1.0, 1.7320508, 2.0, 2.6457512, 3.0, 3.0, 7.3484693, 7.937254, 7.937254]","[0.0, 0.5, 0.5, 1.0, 1.0, 1.0, 1.5, 1.5, 2.0, 2.0, 2.0, 2.5, 2.5, 3.0, 3.5, 3.5, 3.5, 5.0]","[0.0, 0.0, 0.0, 0.0, 0.0, 0.0, 0.0, 0.0, 0.0, 0.0, 1.0, 1.0, 1.4142135, 2.4494898, 2.4494898, 3.1622777, 3.1622777, 4.582576]","[-7.5, -6.0, -5.5, -5.5, -5.5, -5.5, -5.0, -5.0, -4.5, -4.0, -4.0, -4.0, -3.5, -3.5, -3.0, -2.0, -2.0, -1.5]","[0.0, 0.5, 1.0, 1.5, 2.0]","[0.0, 0.0, 0.0, 0.0, 1.4142135]","[-7.5, -6.0, -5.0, -4.0, -3.5]","[2.0, 2.5, 5.5, 6.0, 6.5]","[0.0, 2.4494898, 4.8989797, 5.656854, 6.4807405]","[-5.5, -4.0, -2.0, -1.0, 5.5]",[6.5],[6.4807405],[4.5],4,0,1,0,4.0,0.0,1
219,7,2,0,"[0.0, 0.5, 1.5, 1.5, 2.0, 2.0, 3.0, 4.5, 6.5, 9.0]","[0.0, 0.0, 0.0, 1.4142135, 1.7320508, 2.0, 2.236068, 2.828427, 6.0, 9.0]","[2.5, 2.5, 3.0, 3.5, 3.5, 5.0, 6.5]","[0.0, 2.0, 2.4494898, 2.828427, 3.1622777, 4.582576, 6.3245554]","[-6.0, -5.0, -4.0, -3.0, -2.5, -2.0, -2.0]","[2.5, 6.5]","[2.4494898, 6.3245554]","[-4.0, -2.5]","[2.5, 6.5]","[2.4494898, 6.3245554]","[-4.0, -2.5]",[],[],[],2,0,0,1,0.0,2.0,1
62667,2,2,1,"[0.0, 0.0, 0.5, 1.0, 1.5, 2.0, 2.5, 3.0, 3.0, 6.0]","[0.0, 0.0, 0.0, 0.0, 0.0, 0.0, 2.4494898, 2.828427, 2.828427, 5.91608]","[0.5, 3.0]","[0.0, 0.0]","[-3.0, -2.5]","[0.5, 3.0]","[0.0, 0.0]","[-3.0, -2.5]","[2.5, 3.0]","[0.0, 3.0]","[-1.0, -0.5]",[7.0],[6.928203],[6.0],1,0,1,0,1.0,0.0,0
19555,1,1,1,"[0.0, 0.5, 1.5, 1.5, 2.5, 3.0, 3.5, 3.5, 4.0, 4.0]","[0.0, 0.0, 0.0, 0.0, 0.0, 2.4494898, 2.4494898, 2.6457512, 3.0, 3.8729835]",[3.0],[2.828427],[-2.0],[3.0],[2.828427],[-2.0],[5.0],[4.8989797],[4.5],[5.0],[4.8989797],[4.5],0,1,0,0,0.0,0.0,0
29687,3,2,2,"[0.0, 0.5, 1.5, 1.5, 2.0, 2.0, 2.5, 2.5, 2.5, 5.0]","[0.0, 0.0, 0.0, 0.0, 1.4142135, 1.7320508, 2.0, 2.0, 2.4494898, 3.0]","[1.0, 2.5, 4.0]","[0.0, 0.0, 0.0]","[-3.0, -2.5, -1.0]","[1.0, 2.5]","[0.0, 0.0]","[-2.5, -1.0]","[5.0, 5.0]","[4.0, 4.0]","[2.0, 3.5]","[5.0, 5.0]","[4.0, 4.0]","[2.0, 3.5]",0,2,0,0,0.0,0.0,0
196,2,1,1,"[0.5, 0.5, 1.5, 1.5, 1.5, 2.5, 3.0, 4.0, 4.0, 5.0]","[0.0, 0.0, 0.0, 0.0, 1.4142135, 1.4142135, 2.236068, 3.0, 3.4641016, 3.8729835]","[3.5, 4.0]","[0.0, 2.4494898]","[-2.0, -1.0]",[3.5],[2.4494898],[-2.0],[7.0],[7.0],[6.0],[7.0],[7.0],[6.0],0,1,0,0,0.0,0.0,1
35557,3,2,2,"[0.0, 0.0, 1.0, 1.5, 1.5, 1.5, 2.0, 3.0, 4.0, 6.0]","[0.0, 0.0, 0.0, 0.0, 0.0, 1.4142135, 1.4142135, 1.4142135, 2.236068, 5.656854]","[2.0, 3.0, 3.5]","[0.0, 2.828427, 3.4641016]","[-3.5, -3.0, -3.0]","[2.0, 3.5]","[0.0, 3.4641016]","[-3.0, -3.0]","[3.0, 8.0]","[2.828427, 7.937254]","[1.0, 7.5]","[3.0, 8.0]","[2.828427, 7.937254]","[1.0, 7.5]",0,2,0,0,0.0,0.0,0
1025,5,1,1,"[0.0, 0.5, 1.5, 2.0, 2.5, 2.5, 3.5, 4.0, 5.5, 7.0]","[0.0, 0.0, 0.0, 0.0, 1.4142135, 2.0, 2.4494898, 3.4641016, 5.477226, 7.0]","[2.5, 3.0, 3.5, 4.0, 4.5]","[0.0, 2.0, 2.6457512, 3.1622777, 4.2426405]","[-5.0, -3.5, -2.0, -1.5, -1.0]",[2.5],[2.0],[-5.0],[3.0],[2.828427],[-0.5],[3.0],[2.828427],[-0.5],0,1,0,0,0.0,0.0,1
766,4,1,1,"[0.0, 0.5, 1.0, 2.5, 2.5, 2.5, 3.5, 4.0, 4.0, 5.5]","[0.0, 0.0, 0.0, 0.0, 1.0, 2.4494898, 2.4494898, 3.4641016, 3.4641016, 5.477226]","[2.0, 2.0, 2.5, 2.5]","[0.0, 0.0, 1.7320508, 2.0]","[-4.0, -3.0, -3.0, -2.0]",[2.0],[1.7320508],[-2.0],[7.0],[6.928203],[6.0],[7.0],[6.928203],[6.0],0,1,0,0,0.0,0.0,1
397,2,1,1,"[0.5, 0.5, 1.0, 1.5, 1.5, 2.0, 3.0, 3.5, 3.5, 3.5]","[0.0, 0.0, 0.0, 1.0, 1.4142135, 2.0, 2.4494898, 2.4494898, 2.828427, 3.1622777]","[1.0, 1.5]","[0.0, 0.0]","[-2.5, -2.0]",[1.0],[0.0],[-2.5],[2.5],[2.4494898],[2.0],[2.5],[2.4494898],[2.0],0,1,0,0,0.0,0.0,1
17657,4,2,2,"[0.0, 0.5, 0.5, 0.5, 0.5, 2.0, 2.5, 3.5, 4.0, 4.5]","[0.0, 0.0, 0.0, 0.0, 0.0, 0.0, 2.0, 2.4494898, 3.8729835, 4.2426405]","[0.5, 1.0, 2.5, 3.0]","[0.0, 0.0, 2.236068, 2.4494898]","[-4.0, -3.0, -2.0, -1.0]","[0.5, 3.0]","[0.0, 2.236068]","[-3.0, -2.0]","[4.5, 8.5]","[3.7416575, 8.485281]","[2.5, 8.0]","[4.5, 8.5]","[3.7416575, 8.485281]","[2.5, 8.0]",0,2,0,0,0.0,0.0,0
327,3,1,1,"[0.5, 1.0, 1.0, 1.0, 1.5, 2.0, 3.5, 3.5, 5.0, 5.5]","[0.0, 0.0, 0.0, 0.0, 1.0, 1.0, 1.7320508, 3.1622777, 4.582576, 5.477226]","[3.0, 3.0, 3.5]","[2.236068, 2.4494898, 3.0]","[-3.5, -2.5, -2.0]",[3.0],[3.0],[-3.5],[6.0],[5.91608],[2.0],[6.0],[5.91608],[2.0],0,1,0,0,0.0,0.0,1
14796,3,2,2,"[0.0, 0.5, 0.5, 2.0, 2.0, 3.0, 4.0, 4.5, 5.0, 5.5]","[0.0, 0.0, 0.0, 0.0, 0.0, 0.0, 0.0, 2.0, 5.0, 5.2915025]","[3.0, 3.0, 3.0]","[2.828427, 2.828427, 2.828427]","[-4.5, -3.5, -3.5]","[3.0, 3.0]","[2.828427, 2.828427]","[-4.5, -3.5]","[3.5, 8.0]","[3.4641016, 8.0]","[1.5, 8.0]","[3.5, 8.0]","[3.4641016, 8.0]","[1.5, 8.0]",0,2,0,0,0.0,0.0,0
859,2,1,1,"[0.0, 0.5, 0.5, 1.0, 1.0, 3.0, 3.0, 4.5, 4.5, 5.5]","[0.0, 0.0, 0.0, 0.0, 0.0, 2.236068, 2.828427, 3.7416575, 4.2426405, 5.477226]","[1.5, 4.0]","[1.4142135, 4.0]","[-3.5, -1.5]",[1.5],[1.4142135],[-3.5],[8.0],[7.937254],[4.5],[8.0],[7.937254],[4.5],0,1,0,0,0.0,0.0,1
93,11,3,1,"[0.5, 1.0, 1.5, 2.0, 2.5, 3.5, 4.5, 4.5, 6.0, 6.0]","[0.0, 0.0, 0.0, 0.0, 0.0, 2.0, 2.4494898, 2.828427, 5.196152, 5.656854]","[1.0, 1.5, 1.5, 2.0, 2.5, 2.5, 3.0, 3.0, 3.5, 4.5, 7.0]","[0.0, 0.0, 0.0, 0.0, 1.4142135, 1.7320508, 2.0, 2.828427, 3.0, 3.4641016, 7.0]","[-7.0, -7.0, -4.5, -4.0, -3.0, -3.0, -2.5, -2.5, -1.5, -1.5, -1.0]","[1.0, 1.5, 1.5]","[0.0, 0.0, 1.4142135]","[-7.0, -7.0, -2.5]","[5.5, 5.5, 7.0]","[4.2426405, 5.477226, 6.928203]","[-3.0, 3.5, 5.0]",[4.5],[4.472136],[4.0],2,0,1,0,2.0,0.0,1
94831,3,1,1,"[0.5, 0.5, 1.5, 2.0, 2.0, 2.5, 2.5, 4.0, 4.5, 6.0]","[0.0, 0.0, 0.0, 0.0, 1.4142135, 2.0, 2.0, 2.828427, 3.8729835, 5.656854]","[0.5, 2.5, 6.0]","[0.0, 2.0, 5.91608]","[-6.0, -4.0, -2.0]",[0.5],[0.0],[-6.0],[6.0],[5.196152],[2.5],[6.0],[5.196152],[2.5],0,1,0,0,0.0,0.0,0
60917,2,2,1,"[0.0, 0.5, 0.5, 1.0, 1.0, 1.5, 1.5, 2.0, 3.0, 8.5]","[0.0, 0.0, 0.0, 0.0, 0.0, 0.0, 0.0, 1.7320508, 2.828427, 8.485281]","[4.0, 5.0]","[2.6457512, 4.0]","[-1.5, -1.5]","[4.0, 5.0]","[2.6457512, 4.0]","[-1.5, -1.5]","[4.0, 4.0]","[3.8729835, 3.8729835]","[-1.0, -0.5]",[4.5],[4.472136],[3.5],1,0,1,0,1.0,0.0,0
7,1,1,1,"[0.0, 1.0, 1.5, 1.5, 1.5, 1.5, 2.5, 2.5, 6.5, 7.0]","[0.0, 0.0, 0.0, 0.0, 0.0, 1.4142135, 1.4142135, 2.4494898, 6.0, 6.928203]",[3.0],[0.0],[-2.5],[3.0],[0.0],[-2.5],[4.0],[0.0],[0.5],[4.0],[0.0],[0.5],0,1,0,0,0.0,0.0,1
55974,8,2,1,"[0.0, 1.5, 2.0, 2.0, 2.5, 2.5, 3.0, 4.0, 6.5, 6.5]","[0.0, 0.0, 0.0, 1.4142135, 1.7320508, 2.236068, 2.4494898, 2.4494898, 6.0, 6.4807405]","[1.0, 1.0, 1.5, 2.5, 3.0, 4.0, 5.0, 6.0]","[0.0, 0.0, 0.0, 1.0, 3.0, 3.4641016, 4.582576, 5.656854]","[-6.0, -5.0, -4.5, -4.0, -3.0, -2.5, -1.5, -1.5]","[1.0, 1.0]","[0.0, 1.0]","[-5.0, -2.5]","[1.5, 3.0]","[0.0, 2.828427]","[-4.0, 0.5]",[6.5],[6.4807405],[5.0],1,0,1,0,1.0,0.0,0
21985,1,1,1,"[0.5, 0.5, 1.0, 1.5, 1.5, 2.0, 2.0, 3.0, 4.5, 7.5]","[0.0, 0.0, 0.0, 1.4142135, 1.4142135, 1.7320508, 1.7320508, 3.0, 4.2426405, 7.3484693]",[5.0],[4.0],[-1.0],[5.0],[4.0],[-1.0],[9.0],[9.0],[4.5],[9.0],[9.0],[4.5],0,1,0,0,0.0,0.0,0
474,5,3,2,"[0.0, 0.5, 1.0, 1.0, 3.0, 4.0, 4.0, 4.5, 5.0, 7.5]","[0.0, 0.0, 0.0, 1.0, 2.236068, 2.828427, 3.4641016, 3.8729835, 5.0, 7.483315]","[2.0, 3.0, 3.0, 3.0, 3.5]","[0.0, 0.0, 0.0, 2.236068, 2.4494898]","[-4.5, -4.5, -3.5, -3.0, -1.5]","[2.0, 3.0, 3.0]","[0.0, 0.0, 2.236068]","[-4.5, -3.5, -3.0]","[4.0, 4.5, 4.5]","[0.0, 3.7416575, 4.2426405]","[-2.0, -1.0, 3.5]","[3.5, 4.5]","[3.1622777, 3.7416575]","[-0.5, 3.5]",1,1,1,0,1.0,0.0,1
27811,2,2,2,"[0.0, 0.0, 0.0, 0.5, 0.5, 1.0, 1.5, 2.0, 4.5, 5.0]","[0.0, 0.0, 0.0, 0.0, 0.0, 0.0, 0.0, 1.0, 1.4142135, 4.0]","[2.0, 2.5]","[0.0, 0.0]","[-3.5, -3.0]","[2.0, 2.5]","[0.0, 0.0]","[-3.5, -3.0]","[4.5, 5.5]","[0.0, 5.477226]","[3.5, 5.0]","[4.5, 5.5]","[0.0, 5.477226]","[3.5, 5.0]",0,2,0,0,0.0,0.0,0
331,5,2,2,"[0.0, 0.5, 0.5, 2.0, 2.0, 3.5, 3.5, 5.5, 6.5, 7.0]","[0.0, 0.0, 0.0, 1.7320508, 1.7320508, 2.4494898, 3.1622777, 5.2915025, 6.3245554, 6.928203]","[1.0, 1.5, 3.5, 3.5, 4.5]","[0.0, 1.4142135, 2.4494898, 2.4494898, 4.472136]","[-6.5, -4.0, -3.0, -2.5, -2.0]","[1.0, 1.5]","[0.0, 1.4142135]","[-6.5, -4.0]","[4.5, 7.0]","[4.2426405, 6.708204]","[-1.0, 4.5]","[4.5, 7.0]","[4.2426405, 6.708204]","[-1.0, 4.5]",0,2,0,0,0.0,0.0,1
99147,2,2,1,"[0.0, 1.0, 1.0, 1.5, 1.5, 2.5, 2.5, 2.5, 5.5, 7.5]","[0.0, 0.0, 0.0, 1.0, 1.4142135, 2.0, 2.0, 2.0, 5.477226, 7.3484693]","[4.0, 4.5]","[3.7416575, 3.8729835]","[-2.0, -1.0]","[4.0, 4.5]","[3.7416575, 3.8729835]","[-2.0, -1.0]","[4.5, 5.5]","[4.472136, 5.2915025]","[0.5, 1.0]",[4.5],[0.0],[3.5],1,0,1,0,1.0,0.0,0
627,3,1,1,"[0.5, 0.5, 1.0, 1.5, 2.0, 2.0, 2.5, 3.5, 6.0, 6.5]","[0.0, 0.0, 0.0, 0.0, 1.4142135, 1.7320508, 2.4494898, 2.4494898, 5.196152, 6.0]","[2.0, 3.0, 4.0]","[0.0, 2.0, 2.828427]","[-4.5, -4.0, -2.0]",[2.0],[2.0],[-4.0],[5.5],[5.477226],[2.5],[5.5],[5.477226],[2.5],0,1,0,0,0.0,0.0,1
19563,3,2,2,"[1.0, 1.0, 1.5, 2.0, 2.0, 2.5, 2.5, 5.0, 5.5, 8.0]","[0.0, 0.0, 1.0, 1.4142135, 1.7320508, 2.0, 2.4494898, 4.2426405, 4.8989797, 8.0]","[2.0, 3.0, 3.5]","[0.0, 1.7320508, 3.4641016]","[-3.5, -3.5, -3.0]","[2.0, 3.5]","[1.7320508, 3.4641016]","[-3.5, -3.5]","[5.5, 6.0]","[5.2915025, 5.656854]","[-0.5, 5.0]","[5.5, 6.0]","[5.2915025, 5.656854]","[-0.5, 5.0]",0,2,0,0,0.0,0.0,0
1534,4,2,2,"[0.5, 0.5, 1.0, 1.5, 1.5, 2.5, 3.0, 3.0, 5.0, 6.0]","[0.0, 0.0, 0.0, 0.0, 0.0, 0.0, 1.4142135, 2.828427, 3.0, 5.91608]","[2.0, 2.5, 2.5, 3.5]","[0.0, 1.7320508, 2.0, 3.1622777]","[-5.5, -4.0, -3.5, -1.0]","[2.5, 2.5]","[0.0, 2.0]","[-5.5, -1.0]","[3.0, 7.5]","[2.828427, 7.483315]","[0.0, 7.5]","[3.0, 7.5]","[2.828427, 7.483315]","[0.0, 7.5]",0,2,0,0,0.0,0.0,0
135,2,1,1,"[0.0, 0.0, 0.0, 0.5, 0.5, 0.5, 1.5, 3.0, 3.5, 7.5]","[0.0, 0.0, 0.0, 0.0, 0.0, 0.0, 0.0, 1.4142135, 2.828427, 7.483315]","[0.5, 3.0]","[0.0, 2.236068]","[-3.5, -1.5]",[0.5],[0.0],[-3.5],[2.0],[1.7320508],[-2.0],[2.0],[1.7320508],[-2.0],0,1,0,0,0.0,0.0,1
53701,1,1,1,"[0.0, 0.5, 1.0, 1.0, 1.5, 1.5, 2.0, 2.0, 2.5, 2.5]","[0.0, 0.0, 0.0, 0.0, 1.0, 1.4142135, 1.4142135, 1.7320508, 1.7320508, 2.4494898]",[2.5],[2.0],[-1.0],[2.5],[2.0],[-1.0],[3.5],[3.1622777],[3.5],[3.5],[3.1622777],[3.5],0,1,0,0,0.0,0.0,0
88059,2,1,1,"[1.0, 1.5, 1.5, 2.0, 2.0, 2.5, 2.5, 3.0, 3.5, 4.0]","[0.0, 0.0, 0.0, 0.0, 1.0, 1.7320508, 1.7320508, 2.4494898, 2.4494898, 3.0]","[2.5, 2.5]","[0.0, 2.0]","[-4.0, -2.5]",[2.5],[2.0],[-2.5],[8.0],[7.937254],[6.5],[8.0],[7.937254],[6.5],0,1,0,0,0.0,0.0,0
20976,2,2,1,"[0.0, 0.0, 0.5, 0.5, 1.0, 2.0, 2.5, 3.0, 3.5, 3.5]","[0.0, 0.0, 0.0, 0.0, 0.0, 0.0, 0.0, 1.0, 2.828427, 3.1622777]","[0.5, 3.5]","[0.0, 3.1622777]","[-2.0, -1.0]","[0.5, 3.5]","[0.0, 3.1622777]","[-2.0, -1.0]","[0.5, 2.0]","[0.0, 0.0]","[-0.5, 0.0]",[4.0],[3.4641016],[4.0],1,0,1,0,1.0,0.0,0
214,2,1,1,"[0.0, 0.5, 1.0, 1.0, 1.5, 2.0, 2.0, 3.5, 4.5, 6.5]","[0.0, 0.0, 0.0, 0.0, 1.0, 1.7320508, 2.0, 3.1622777, 4.2426405, 6.3245554]","[3.0, 3.5]","[0.0, 3.4641016]","[-3.5, -2.5]",[3.5],[3.4641016],[-3.5],[8.0],[7.937254],[4.0],[8.0],[7.937254],[4.0],0,1,0,0,0.0,0.0,1
740,4,2,1,"[0.0, 0.5, 1.0, 1.0, 1.0, 2.0, 3.0, 3.0, 3.5, 3.5]","[0.0, 0.0, 0.0, 0.0, 0.0, 1.0, 1.0, 1.0, 1.7320508, 2.4494898]","[1.5, 1.5, 2.0, 5.5]","[0.0, 0.0, 0.0, 5.477226]","[-3.0, -2.0, -1.5, -1.0]","[1.5, 1.5]","[0.0, 0.0]","[-3.0, -2.0]","[2.5, 7.0]","[2.4494898, 6.708204]","[1.0, 6.0]",[5.5],[5.2915025],[5.0],1,0,1,0,1.0,0.0,1
548,4,2,1,"[0.0, 0.0, 0.5, 1.0, 1.5, 3.5, 3.5, 4.0, 4.5, 6.5]","[0.0, 0.0, 0.0, 0.0, 0.0, 1.0, 2.4494898, 3.1622777, 3.7416575, 6.0]","[1.5, 2.5, 3.0, 4.5]","[0.0, 0.0, 2.236068, 2.828427]","[-3.5, -3.5, -2.5, -1.0]","[2.5, 3.0]","[0.0, 2.236068]","[-3.5, -2.5]","[5.5, 8.0]","[4.2426405, 7.937254]","[0.0, 3.5]",[4.5],[4.472136],[1.0],1,0,1,0,1.0,0.0,1
61503,2,2,2,"[0.0, 0.5, 0.5, 1.5, 2.0, 2.0, 2.0, 2.5, 5.5, 6.5]","[0.0, 0.0, 0.0, 1.4142135, 1.7320508, 1.7320508, 2.0, 2.4494898, 5.2915025, 6.0]","[1.5, 2.0]","[0.0, 1.7320508]","[-2.5, -1.5]","[1.5, 2.0]","[0.0, 1.7320508]","[-2.5, -1.5]","[3.5, 5.5]","[3.1622777, 5.477226]","[-1.5, 3.5]","[3.5, 5.5]","[3.1622777, 5.477226]","[-1.5, 3.5]",0,2,0,0,0.0,0.0,0
237,2,1,1,"[0.0, 0.0, 0.5, 0.5, 1.0, 1.0, 1.5, 2.0, 2.5, 7.0]","[0.0, 0.0, 0.0, 0.0, 0.0, 0.0, 0.0, 1.4142135, 2.4494898, 6.708204]","[1.5, 4.0]","[0.0, 2.6457512]","[-4.0, -1.5]",[1.5],[0.0],[-4.0],[3.0],[2.828427],[0.5],[3.0],[2.828427],[0.5],0,1,0,0,0.0,0.0,1
62803,2,2,1,"[0.5, 0.5, 1.0, 1.0, 1.5, 1.5, 2.5, 2.5, 5.0, 8.5]","[0.0, 0.0, 0.0, 0.0, 0.0, 1.4142135, 2.0, 2.4494898, 4.8989797, 8.485281]","[0.5, 3.5]","[0.0, 2.4494898]","[-4.5, -2.5]","[0.5, 3.5]","[0.0, 2.4494898]","[-4.5, -2.5]","[1.5, 4.0]","[0.0, 2.6457512]","[-3.5, 0.0]",[3.0],[2.828427],[2.5],1,0,1,0,1.0,0.0,0
90344,2,2,2,"[0.0, 0.5, 0.5, 0.5, 0.5, 1.5, 1.5, 2.5, 4.0, 5.0]","[0.0, 0.0, 0.0, 0.0, 0.0, 0.0, 0.0, 2.0, 3.8729835, 4.0]","[1.5, 3.0]","[1.4142135, 2.828427]","[-4.0, -1.5]","[1.5, 3.0]","[1.4142135, 2.828427]","[-4.0, -1.5]","[2.5, 8.5]","[2.4494898, 8.485281]","[1.5, 6.5]","[2.5, 8.5]","[2.4494898, 8.485281]","[1.5, 6.5]",0,2,0,0,0.0,0.0,0
396,2,2,0,"[0.0, 0.0, 1.0, 1.0, 1.5, 1.5, 1.5, 3.5, 4.0, 8.5]","[0.0, 0.0, 0.0, 1.0, 1.0, 1.4142135, 1.4142135, 3.1622777, 3.4641016, 8.485281]","[2.5, 4.5]","[2.0, 4.472136]","[-3.0, -2.5]","[2.5, 4.5]","[2.0, 4.472136]","[-3.0, -2.5]","[2.5, 4.5]","[2.0, 4.472136]","[-3.0, -2.5]",[],[],[],2,0,0,1,0.0,2.0,1
31483,2,2,1,"[0.0, 1.0, 1.0, 1.0, 1.0, 1.5, 2.0, 3.0, 3.5, 6.0]","[0.0, 0.0, 0.0, 0.0, 0.0, 1.0, 1.0, 1.0, 2.4494898, 5.656854]","[1.0, 3.0]","[0.0, 0.0]","[-2.5, -1.5]","[1.0, 3.0]","[0.0, 0.0]","[-2.5, -1.5]","[4.0, 4.0]","[3.4641016, 3.8729835]","[1.5, 3.5]",[8.0],[8.0],[6.0],1,0,1,0,1.0,0.0,0
685,18,6,2,"[0.0, 2.5, 2.5, 3.0, 3.5, 4.0, 4.0, 6.0, 6.5, 8.5]","[0.0, 0.0, 2.236068, 2.4494898, 2.6457512, 3.4641016, 3.8729835, 5.91608, 6.3245554, 8.485281]","[0.0, 0.0, 0.5, 0.5, 1.0, 1.0, 1.5, 1.5, 2.0, 2.0, 2.5, 2.5, 3.0, 3.0, 3.5, 4.0, 4.5, 5.0]","[0.0, 0.0, 0.0, 0.0, 0.0, 0.0, 0.0, 1.0, 1.4142135, 1.4142135, 1.7320508, 2.0, 2.236068, 2.4494898, 2.828427, 3.4641016, 4.472136, 4.8989797]","[-5.5, -5.0, -5.0, -4.5, -4.0, -4.0, -3.5, -3.5, -3.0, -3.0, -2.5, -2.5, -2.0, -2.0, -2.0, -1.5, -1.5, -1.0]","[0.0, 0.0, 0.5, 1.0, 3.0, 3.5]","[0.0, 0.0, 0.0, 0.0, 0.0, 2.236068]","[-5.0, -5.0, -4.5, -3.5, -2.0, -1.5]","[1.5, 2.5, 4.0, 4.5, 6.5, 8.0]","[1.4142135, 2.0, 3.8729835, 4.2426405, 6.3245554, 7.937254]","[-5.5, -4.0, 0.0, 0.5, 1.5, 5.0]","[4.0, 6.5]","[4.0, 6.3245554]","[1.5, 1.5]",4,1,1,0,4.0,0.0,1
83892,2,2,2,"[0.5, 0.5, 1.0, 1.5, 1.5, 2.0, 3.0, 4.0, 4.0, 6.0]","[0.0, 0.0, 0.0, 0.0, 1.4142135, 1.7320508, 2.828427, 3.4641016, 3.8729835, 5.196152]","[1.0, 4.0]","[1.0, 2.6457512]","[-4.0, -1.5]","[1.0, 4.0]","[1.0, 2.6457512]","[-4.0, -1.5]","[5.0, 5.5]","[4.8989797, 5.2915025]","[3.0, 3.5]","[5.0, 5.5]","[4.8989797, 5.2915025]","[3.0, 3.5]",0,2,0,0,0.0,0.0,0
60317,1,1,1,"[1.0, 1.0, 1.0, 1.0, 1.5, 1.5, 2.0, 2.0, 2.5, 4.5]","[0.0, 0.0, 0.0, 0.0, 1.0, 1.0, 1.0, 1.0, 2.4494898, 4.472136]",[2.0],[0.0],[-1.0],[2.0],[0.0],[-1.0],[4.5],[0.0],[2.0],[4.5],[0.0],[2.0],0,1,0,0,0.0,0.0,0
11517,1,1,1,"[0.5, 0.5, 0.5, 0.5, 2.0, 2.0, 2.0, 3.0, 3.5, 4.5]","[0.0, 0.0, 0.0, 0.0, 0.0, 0.0, 1.7320508, 2.0, 2.828427, 3.4641016]",[3.0],[2.828427],[-4.0],[3.0],[2.828427],[-4.0],[6.5],[6.4807405],[6.0],[6.5],[6.4807405],[6.0],0,1,0,0,0.0,0.0,0
62113,2,2,1,"[0.5, 0.5, 1.0, 1.0, 1.5, 2.0, 2.5, 5.0, 5.5, 5.5]","[0.0, 0.0, 0.0, 0.0, 1.0, 1.0, 2.4494898, 4.8989797, 5.2915025, 5.477226]","[2.5, 4.5]","[2.0, 4.472136]","[-2.0, -1.0]","[2.5, 4.5]","[2.0, 4.472136]","[-2.0, -1.0]","[4.5, 7.0]","[3.7416575, 6.708204]","[0.0, 2.5]",[7.0],[7.0],[3.5],1,0,1,0,1.0,0.0,0
14284,6,2,0,"[0.5, 1.0, 2.0, 2.5, 2.5, 2.5, 2.5, 3.0, 4.0, 8.0]","[0.0, 0.0, 0.0, 0.0, 1.0, 2.0, 2.236068, 2.4494898, 2.4494898, 7.937254]","[1.0, 1.5, 2.5, 3.5, 3.5, 4.5]","[0.0, 0.0, 2.0, 2.4494898, 3.4641016, 4.2426405]","[-6.0, -5.0, -3.0, -2.5, -1.5, -1.5]","[1.0, 1.5]","[0.0, 0.0]","[-6.0, -2.5]","[1.0, 1.5]","[0.0, 0.0]","[-6.0, -2.5]",[],[],[],2,0,0,1,0.0,2.0,0
5149,1,1,1,"[0.5, 1.0, 1.5, 1.5, 2.0, 3.0, 3.5, 3.5, 4.0, 4.5]","[0.0, 0.0, 0.0, 1.0, 1.7320508, 2.4494898, 2.4494898, 3.0, 3.4641016, 4.2426405]",[2.0],[1.7320508],[-2.5],[2.0],[1.7320508],[-2.5],[4.0],[0.0],[0.0],[4.0],[0.0],[0.0],0,1,0,0,0.0,0.0,0
47,1,1,1,"[1.0, 1.0, 1.5, 2.0, 2.5, 3.0, 3.0, 3.5, 4.0, 5.0]","[0.0, 0.0, 1.4142135, 1.7320508, 2.0, 2.236068, 2.828427, 3.1622777, 4.0, 4.8989797]",[1.0],[1.0],[-2.0],[1.0],[1.0],[-2.0],[5.0],[4.8989797],[1.5],[5.0],[4.8989797],[1.5],0,1,0,0,0.0,0.0,1
782,12,4,2,"[0.5, 1.5, 1.5, 2.5, 2.5, 3.5, 4.0, 4.5, 5.0, 5.5]","[0.0, 0.0, 0.0, 1.4142135, 1.4142135, 2.4494898, 3.4641016, 4.0, 4.582576, 5.2915025]","[0.5, 0.5, 1.0, 1.0, 1.0, 1.5, 1.5, 2.0, 2.5, 3.0, 4.0, 4.0]","[0.0, 0.0, 0.0, 0.0, 0.0, 0.0, 0.0, 1.0, 1.4142135, 1.7320508, 3.4641016, 3.8729835]","[-5.5, -5.5, -5.0, -4.0, -4.0, -4.0, -3.0, -2.0, -1.5, -1.5, -1.0, -1.0]","[0.5, 0.5, 1.0, 4.0]","[0.0, 0.0, 0.0, 3.8729835]","[-5.5, -5.0, -4.0, -1.5]","[6.0, 7.0, 7.5, 8.0]","[5.656854, 6.708204, 7.3484693, 7.937254]","[3.0, 3.0, 4.5, 5.5]","[3.5, 6.0]","[3.4641016, 5.656854]","[3.0, 3.5]",2,1,1,0,2.0,0.0,1
311,24,8,2,"[3.0, 3.0, 3.5, 4.0, 4.0, 4.5, 4.5, 5.0, 7.5, 8.5]","[0.0, 2.236068, 2.828427, 3.1622777, 3.4641016, 3.8729835, 4.2426405, 5.0, 7.483315, 8.485281]","[0.0, 0.5, 1.0, 1.5, 1.5, 1.5, 1.5, 1.5, 2.0, 2.0, 2.0, 2.5, 2.5, 2.5, 3.0, 3.0, 3.5, 3.5, 3.5, 4.0, 4.0, 4.5, 5.0, 6.5]","[0.0, 0.0, 0.0, 0.0, 0.0, 0.0, 0.0, 0.0, 1.0, 1.4142135, 1.4142135, 1.4142135, 1.7320508, 1.7320508, 2.0, 2.4494898, 3.0, 3.4641016, 3.4641016, 3.4641016, 3.8729835, 4.472136, 4.8989797, 6.3245554]","[-7.0, -6.0, -5.0, -5.0, -4.5, -4.5, -4.5, -4.5, -4.0, -4.0, -3.5, -3.5, -3.0, -2.5, -2.5, -2.5, -2.0, -2.0, -2.0, -1.5, -1.5, -1.5, -1.5, -1.5]","[0.0, 0.5, 1.0, 1.5, 1.5, 1.5, 2.0, 2.5]","[0.0, 0.0, 0.0, 0.0, 1.0, 1.4142135, 1.4142135, 1.7320508]","[-6.0, -5.0, -4.5, -4.5, -4.5, -4.0, -3.0, -2.5]","[2.5, 4.5, 5.5, 6.0, 6.5, 7.0, 7.5, 8.5]","[2.4494898, 3.7416575, 4.2426405, 5.196152, 6.4807405, 7.0, 7.483315, 8.485281]","[-1.5, -1.0, -1.0, -0.5, 2.0, 2.0, 4.5, 7.0]","[3.0, 5.5]","[2.828427, 4.8989797]","[0.5, 5.0]",6,0,2,1,1.5,3.0,1
64669,6,1,1,"[1.0, 1.5, 2.0, 2.5, 2.5, 3.0, 3.0, 4.0, 4.5, 7.5]","[0.0, 0.0, 0.0, 1.0, 1.4142135, 2.236068, 2.4494898, 2.4494898, 3.4641016, 7.483315]","[2.5, 2.5, 3.5, 4.0, 4.0, 4.5]","[0.0, 2.0, 2.828427, 3.4641016, 3.4641016, 3.4641016]","[-5.0, -4.5, -3.5, -2.0, -2.0, -1.5]",[3.5],[3.4641016],[-4.5],[5.5],[5.2915025],[1.5],[5.5],[5.2915025],[1.5],0,1,0,0,0.0,0.0,0
653,1,1,1,"[0.0, 0.5, 1.0, 1.5, 1.5, 2.0, 2.5, 4.0, 4.5, 6.0]","[0.0, 0.0, 0.0, 0.0, 0.0, 0.0, 2.0, 4.0, 4.2426405, 5.91608]",[3.5],[3.4641016],[-2.0],[3.5],[3.4641016],[-2.0],[7.0],[6.708204],[2.0],[7.0],[6.708204],[2.0],0,1,0,0,0.0,0.0,1
965,1,1,1,"[0.0, 0.5, 0.5, 1.0, 1.0, 1.0, 1.5, 4.5, 6.0, 8.0]","[0.0, 0.0, 0.0, 0.0, 1.0, 1.0, 1.4142135, 3.7416575, 5.91608, 8.0]",[5.0],[4.8989797],[-1.5],[5.0],[4.8989797],[-1.5],[6.0],[5.656854],[-1.5],[6.0],[5.656854],[-1.5],0,1,0,0,0.0,0.0,1
578,1,1,1,"[0.0, 0.5, 1.0, 1.0, 1.0, 1.0, 2.0, 3.0, 3.0, 8.0]","[0.0, 0.0, 0.0, 0.0, 0.0, 0.0, 1.7320508, 2.236068, 2.828427, 7.937254]",[3.0],[2.828427],[-2.0],[3.0],[2.828427],[-2.0],[5.5],[4.8989797],[0.5],[5.5],[4.8989797],[0.5],0,1,0,0,0.0,0.0,1
91072,3,3,2,"[0.0, 0.0, 1.0, 1.0, 1.0, 1.5, 2.0, 3.0, 5.5, 6.0]","[0.0, 0.0, 0.0, 0.0, 1.0, 1.0, 2.0, 2.828427, 4.8989797, 5.91608]","[1.0, 3.0, 3.5]","[0.0, 2.4494898, 2.828427]","[-2.5, -2.5, -1.0]","[1.0, 3.0, 3.5]","[0.0, 2.4494898, 2.828427]","[-2.5, -2.5, -1.0]","[5.0, 5.0, 6.0]","[4.582576, 5.0, 6.0]","[0.0, 1.5, 4.5]","[5.0, 5.0]","[3.0, 4.582576]","[1.5, 4.0]",1,1,1,0,1.0,0.0,0
569,3,1,1,"[0.5, 0.5, 0.5, 0.5, 1.0, 1.5, 1.5, 2.0, 6.0, 7.0]","[0.0, 0.0, 0.0, 0.0, 0.0, 0.0, 1.4142135, 1.4142135, 5.91608, 6.708204]","[2.5, 3.5, 4.0]","[0.0, 2.6457512, 3.4641016]","[-4.5, -2.5, -1.5]",[3.5],[3.4641016],[-4.5],[4.5],[2.828427],[-0.5],[4.5],[2.828427],[-0.5],0,1,0,0,0.0,0.0,1
53143,2,2,1,"[0.0, 0.5, 1.0, 1.0, 1.5, 2.0, 2.0, 2.0, 2.5, 8.0]","[0.0, 0.0, 0.0, 0.0, 0.0, 0.0, 2.0, 2.0, 2.0, 7.937254]","[1.5, 3.0]","[0.0, 1.4142135]","[-5.0, -2.0]","[1.5, 3.0]","[0.0, 1.4142135]","[-5.0, -2.0]","[5.0, 6.0]","[3.0, 5.91608]","[1.5, 1.5]",[7.5],[7.3484693],[7.5],1,0,1,0,1.0,0.0,0
469,2,1,1,"[0.0, 0.5, 0.5, 1.0, 1.5, 2.0, 3.5, 4.5, 5.5, 6.0]","[0.0, 0.0, 0.0, 0.0, 1.4142135, 1.7320508, 3.1622777, 3.7416575, 5.2915025, 5.91608]","[2.0, 3.0]","[1.7320508, 2.236068]","[-2.5, -1.5]",[2.0],[1.7320508],[-2.5],[4.5],[0.0],[3.5],[4.5],[0.0],[3.5],0,1,0,0,0.0,0.0,1
222,15,6,3,"[1.0, 2.5, 3.0, 3.0, 4.0, 4.0, 4.0, 4.5, 6.0, 6.5]","[0.0, 2.0, 2.6457512, 2.6457512, 2.828427, 3.0, 3.0, 4.0, 5.91608, 6.0]","[0.0, 0.5, 0.5, 0.5, 1.0, 1.5, 2.0, 2.0, 2.5, 3.5, 3.5, 4.5, 4.5, 5.5, 6.0]","[0.0, 0.0, 0.0, 0.0, 0.0, 0.0, 1.0, 2.0, 2.4494898, 3.1622777, 3.1622777, 3.7416575, 4.2426405, 4.8989797, 5.91608]","[-6.0, -5.0, -4.5, -4.0, -4.0, -3.5, -3.5, -3.0, -3.0, -3.0, -2.5, -2.5, -2.0, -2.0, -1.5]","[0.0, 0.5, 0.5, 0.5, 1.0, 2.0]","[0.0, 0.0, 0.0, 0.0, 1.0, 2.0]","[-6.0, -4.5, -4.0, -4.0, -3.5, -3.0]","[3.0, 4.0, 4.5, 6.0, 7.0, 9.0]","[2.6457512, 2.828427, 3.7416575, 5.91608, 6.708204, 9.0]","[-0.5, 1.0, 2.5, 3.5, 4.0, 5.0]","[3.0, 3.5, 7.0]","[2.828427, 3.4641016, 6.708204]","[1.0, 2.5, 5.0]",3,2,1,0,3.0,0.0,1
30708,2,2,1,"[0.5, 0.5, 0.5, 1.5, 1.5, 1.5, 2.0, 2.5, 4.0, 6.5]","[0.0, 0.0, 0.0, 0.0, 0.0, 0.0, 1.4142135, 1.4142135, 2.4494898, 6.4807405]","[2.5, 3.5]","[0.0, 2.4494898]","[-2.0, -1.0]","[2.5, 3.5]","[0.0, 2.4494898]","[-2.0, -1.0]","[1.5, 2.0]","[1.4142135, 2.0]","[-2.0, -1.5]",[6.5],[6.4807405],[6.0],1,0,1,0,1.0,0.0,0
45850,10,2,1,"[0.5, 1.0, 1.5, 1.5, 3.0, 3.0, 4.5, 5.0, 7.0, 8.5]","[0.0, 0.0, 0.0, 0.0, 1.4142135, 1.4142135, 3.0, 3.7416575, 6.928203, 8.485281]","[2.0, 2.5, 3.5, 3.5, 4.0, 4.0, 4.5, 5.5, 6.0, 6.5]","[0.0, 0.0, 0.0, 2.4494898, 2.6457512, 4.0, 4.472136, 5.477226, 5.656854, 6.3245554]","[-5.0, -4.5, -3.5, -3.0, -3.0, -3.0, -2.5, -1.5, -1.5, -1.0]","[4.0, 4.5]","[4.0, 4.472136]","[-3.5, -3.0]","[3.5, 4.0]","[0.0, 3.8729835]","[-4.5, 0.0]",[7.5],[7.3484693],[2.5],1,0,1,0,1.0,0.0,0
929,2,1,1,"[0.5, 0.5, 1.0, 1.0, 1.0, 2.0, 3.0, 3.0, 5.0, 6.5]","[0.0, 0.0, 0.0, 0.0, 1.0, 1.7320508, 2.236068, 2.828427, 4.582576, 6.0]","[0.5, 3.5]","[0.0, 0.0]","[-5.0, -2.5]",[0.5],[0.0],[-5.0],[7.0],[7.0],[3.0],[7.0],[7.0],[3.0],0,1,0,0,0.0,0.0,1
1012,2,1,1,"[0.5, 0.5, 0.5, 1.0, 1.0, 2.0, 2.5, 2.5, 4.0, 8.5]","[0.0, 0.0, 0.0, 0.0, 0.0, 1.7320508, 2.4494898, 2.4494898, 2.6457512, 8.485281]","[1.5, 2.0]","[0.0, 1.4142135]","[-4.0, -3.0]",[1.5],[1.4142135],[-4.0],[1.5],[0.0],[-3.5],[1.5],[0.0],[-3.5],0,1,0,0,0.0,0.0,1
307,15,3,3,"[2.0, 2.5, 3.0, 3.0, 3.5, 3.5, 4.0, 4.0, 5.5, 6.0]","[0.0, 2.0, 2.236068, 2.6457512, 2.6457512, 2.828427, 3.4641016, 3.4641016, 4.8989797, 5.91608]","[0.0, 0.5, 0.5, 1.0, 1.0, 1.5, 1.5, 2.0, 2.0, 2.5, 3.0, 3.5, 3.5, 4.0, 4.5]","[0.0, 0.0, 0.0, 0.0, 0.0, 0.0, 0.0, 1.4142135, 1.4142135, 2.236068, 2.4494898, 3.4641016, 3.4641016, 3.7416575, 3.8729835]","[-5.5, -5.0, -4.5, -4.0, -3.5, -3.5, -3.5, -3.5, -3.5, -3.0, -2.0, -2.0, -1.5, -1.5, -1.0]","[0.0, 1.0, 1.5]","[0.0, 0.0, 1.4142135]","[-5.5, -4.5, -3.5]","[4.5, 5.5, 6.5]","[3.7416575, 5.477226, 6.3245554]","[-2.0, 3.5, 6.0]","[4.5, 5.5, 6.5]","[3.7416575, 5.477226, 6.3245554]","[-2.0, 3.5, 6.0]",0,3,0,0,0.0,0.0,1
7040,4,2,2,"[0.5, 0.5, 1.0, 2.0, 3.0, 3.0, 3.5, 4.0, 6.0, 7.5]","[0.0, 0.0, 0.0, 0.0, 0.0, 2.4494898, 3.0, 3.4641016, 5.196152, 7.483315]","[2.0, 2.5, 2.5, 3.0]","[2.0, 2.0, 2.0, 3.0]","[-3.0, -2.5, -2.5, -1.0]","[2.0, 2.5]","[2.0, 2.0]","[-2.5, -1.0]","[1.5, 7.0]","[0.0, 7.0]","[0.5, 1.0]","[1.5, 7.0]","[0.0, 7.0]","[0.5, 1.0]",0,2,0,0,0.0,0.0,0
172,2,2,1,"[0.5, 1.0, 1.0, 1.0, 1.5, 1.5, 2.0, 4.0, 5.5, 6.0]","[0.0, 0.0, 1.0, 1.0, 1.4142135, 1.4142135, 1.7320508, 3.8729835, 5.2915025, 5.656854]","[2.5, 4.5]","[2.4494898, 4.2426405]","[-4.0, -1.0]","[2.5, 4.5]","[2.4494898, 4.2426405]","[-4.0, -1.0]","[3.0, 4.0]","[0.0, 2.236068]","[-3.0, 0.5]",[6.5],[6.0],[3.0],1,0,1,0,1.0,0.0,1
743,23,4,2,"[1.0, 1.5, 2.5, 4.0, 4.0, 5.0, 5.0, 5.0, 7.0, 8.5]","[0.0, 0.0, 0.0, 2.6457512, 3.0, 3.0, 3.8729835, 4.0, 6.928203, 8.485281]","[0.5, 1.0, 1.5, 1.5, 1.5, 1.5, 2.0, 2.5, 2.5, 2.5, 2.5, 3.0, 3.0, 3.0, 3.0, 3.5, 3.5, 4.0, 4.0, 4.0, 4.5, 5.5, 5.5]","[0.0, 0.0, 0.0, 0.0, 0.0, 0.0, 0.0, 1.0, 1.4142135, 2.0, 2.0, 2.0, 2.236068, 2.236068, 2.4494898, 2.6457512, 2.6457512, 2.828427, 3.0, 3.4641016, 3.7416575, 5.2915025, 5.477226]","[-8.0, -6.0, -5.5, -5.5, -5.5, -5.0, -5.0, -4.5, -4.5, -4.5, -4.0, -4.0, -4.0, -4.0, -4.0, -4.0, -3.5, -3.0, -3.0, -2.5, -1.5, -1.5, -1.5]","[0.5, 1.5, 2.0, 4.0]","[0.0, 0.0, 0.0, 2.6457512]","[-5.0, -4.5, -4.5, -4.0]","[2.5, 3.0, 4.0, 4.0]","[0.0, 2.0, 2.236068, 3.4641016]","[-5.5, -4.0, -0.5, 0.5]","[4.0, 8.0]","[3.4641016, 7.937254]","[-0.5, 5.0]",2,1,1,0,2.0,0.0,1
54484,4,2,2,"[0.5, 1.0, 1.5, 2.0, 2.5, 3.0, 3.5, 4.0, 4.5, 5.0]","[0.0, 0.0, 0.0, 0.0, 0.0, 1.4142135, 3.1622777, 3.4641016, 4.0, 4.2426405]","[1.5, 2.5, 4.0, 5.5]","[1.4142135, 2.0, 3.4641016, 5.2915025]","[-3.5, -1.5, -1.5, -1.5]","[1.5, 2.5]","[1.4142135, 2.0]","[-3.5, -1.5]","[2.5, 7.0]","[0.0, 7.0]","[1.0, 6.0]","[2.5, 7.0]","[0.0, 7.0]","[1.0, 6.0]",0,2,0,0,0.0,0.0,0
66528,8,2,0,"[0.0, 0.5, 0.5, 1.0, 1.5, 1.5, 3.0, 4.5, 5.5, 7.0]","[0.0, 0.0, 0.0, 0.0, 0.0, 0.0, 2.828427, 3.0, 4.2426405, 6.928203]","[2.0, 2.5, 3.0, 3.0, 3.0, 3.5, 4.0, 4.5]","[0.0, 0.0, 0.0, 2.0, 2.236068, 2.6457512, 2.828427, 3.4641016]","[-5.0, -2.5, -2.0, -2.0, -1.5, -1.5, -1.5, -1.5]","[2.0, 3.5]","[0.0, 3.4641016]","[-5.0, -2.0]","[2.0, 3.5]","[0.0, 3.4641016]","[-5.0, -2.0]",[],[],[],2,0,0,1,0.0,2.0,0
7751,6,3,2,"[0.5, 0.5, 0.5, 1.0, 1.0, 1.5, 2.5, 5.0, 6.5, 8.5]","[0.0, 0.0, 0.0, 0.0, 0.0, 1.0, 2.4494898, 4.0, 6.0, 8.485281]","[0.5, 2.0, 2.5, 3.5, 4.0, 7.5]","[0.0, 0.0, 0.0, 0.0, 2.4494898, 7.483315]","[-4.5, -3.5, -2.5, -1.5, -1.5, -1.5]","[0.5, 2.0, 7.5]","[0.0, 0.0, 7.483315]","[-4.5, -2.5, -1.5]","[5.5, 8.0, 8.5]","[5.477226, 7.937254, 8.485281]","[1.0, 2.5, 5.5]","[2.0, 8.0]","[2.0, 7.937254]","[0.0, 5.5]",1,1,1,0,1.0,0.0,0
49,1,1,1,"[0.0, 0.5, 0.5, 1.0, 1.5, 2.5, 4.5, 4.5, 4.5, 5.5]","[0.0, 0.0, 0.0, 0.0, 0.0, 1.0, 2.0, 2.828427, 3.7416575, 4.2426405]",[3.5],[2.4494898],[-1.0],[3.5],[2.4494898],[-1.0],[5.0],[4.582576],[-0.5],[5.0],[4.582576],[-0.5],0,1,0,0,0.0,0.0,1
62436,8,3,2,"[0.5, 0.5, 0.5, 2.0, 2.0, 2.0, 3.0, 4.5, 5.5, 8.0]","[0.0, 0.0, 0.0, 1.7320508, 1.7320508, 1.7320508, 2.236068, 2.828427, 5.477226, 8.0]","[1.0, 2.5, 2.5, 2.5, 3.0, 3.0, 3.5, 4.0]","[0.0, 0.0, 0.0, 0.0, 0.0, 0.0, 2.4494898, 4.0]","[-4.0, -3.5, -3.0, -3.0, -2.5, -2.0, -1.5, -1.5]","[1.0, 2.5, 2.5]","[0.0, 0.0, 2.4494898]","[-4.0, -3.5, -3.0]","[5.0, 6.5, 7.5]","[4.0, 6.0, 7.3484693]","[-2.0, 3.5, 5.5]","[2.5, 7.5]","[2.0, 7.3484693]","[-2.0, 5.5]",1,1,1,0,1.0,0.0,0
530,1,1,1,"[0.0, 0.0, 0.0, 0.5, 0.5, 1.0, 1.5, 2.5, 3.0, 5.5]","[0.0, 0.0, 0.0, 0.0, 0.0, 0.0, 1.0, 1.4142135, 2.828427, 5.477226]",[2.5],[2.0],[-1.0],[2.5],[2.0],[-1.0],[4.5],[0.0],[1.0],[4.5],[0.0],[1.0],0,1,0,0,0.0,0.0,1
622,1,1,1,"[0.5, 0.5, 0.5, 1.0, 1.0, 1.5, 1.5, 3.5, 3.5, 5.0]","[0.0, 0.0, 0.0, 0.0, 0.0, 0.0, 1.4142135, 1.4142135, 3.1622777, 4.582576]",[1.0],[1.0],[-1.5],[1.0],[1.0],[-1.5],[3.5],[3.4641016],[-0.5],[3.5],[3.4641016],[-0.5],0,1,0,0,0.0,0.0,1
942,24,7,1,"[2.5, 3.0, 3.5, 4.0, 4.0, 5.5, 6.0, 6.0, 6.0, 7.5]","[2.236068, 2.4494898, 2.6457512, 3.1622777, 3.8729835, 5.477226, 5.656854, 5.656854, 5.91608, 7.483315]","[0.5, 0.5, 0.5, 1.0, 1.0, 1.0, 1.0, 1.5, 2.0, 2.0, 2.0, 2.0, 2.5, 2.5, 3.0, 3.0, 3.0, 3.0, 3.5, 3.5, 3.5, 3.5, 5.0, 5.5]","[0.0, 0.0, 0.0, 0.0, 0.0, 0.0, 0.0, 0.0, 0.0, 1.0, 1.0, 2.0, 2.0, 2.4494898, 2.4494898, 2.828427, 3.0, 3.0, 3.0, 3.4641016, 3.4641016, 3.4641016, 4.8989797, 5.477226]","[-7.0, -5.0, -5.0, -5.0, -4.5, -4.5, -4.5, -4.5, -4.0, -4.0, -3.5, -3.0, -3.0, -3.0, -3.0, -3.0, -3.0, -2.5, -2.5, -2.5, -1.5, -1.5, -1.5, -1.0]","[0.5, 1.0, 1.0, 1.0, 1.5, 2.5, 3.5]","[0.0, 0.0, 0.0, 0.0, 1.0, 2.4494898, 3.4641016]","[-5.0, -5.0, -4.5, -4.5, -3.5, -3.0, -1.0]","[1.0, 1.0, 4.5, 5.5, 5.5, 6.5, 8.0]","[0.0, 0.0, 4.2426405, 5.2915025, 5.477226, 6.4807405, 7.937254]","[-5.0, -5.0, 0.0, 1.0, 1.0, 1.5, 3.0]",[3.0],[2.828427],[-1.0],6,0,1,2,1.0,2.5,1
16621,3,2,1,"[0.0, 0.0, 0.5, 1.0, 2.0, 2.0, 2.5, 2.5, 2.5, 7.0]","[0.0, 0.0, 0.0, 0.0, 1.0, 1.7320508, 2.0, 2.0, 2.0, 6.928203]","[1.5, 2.0, 3.5]","[0.0, 0.0, 3.4641016]","[-3.0, -2.5, -1.5]","[1.5, 2.0]","[0.0, 0.0]","[-3.0, -2.5]","[2.0, 4.5]","[1.7320508, 3.7416575]","[-2.5, 1.5]",[2.0],[2.0],[1.5],1,0,1,0,1.0,0.0,0
38662,3,2,2,"[1.0, 1.0, 1.5, 1.5, 1.5, 2.5, 3.0, 3.0, 3.5, 7.0]","[0.0, 0.0, 1.0, 1.0, 1.4142135, 2.0, 2.236068, 2.4494898, 2.828427, 6.708204]","[1.5, 4.0, 4.0]","[0.0, 0.0, 4.0]","[-2.0, -2.0, -1.5]","[1.5, 4.0]","[0.0, 0.0]","[-2.0, -2.0]","[4.0, 4.5]","[0.0, 0.0]","[1.5, 3.5]","[4.0, 4.5]","[0.0, 0.0]","[1.5, 3.5]",0,2,0,0,0.0,0.0,0
521,4,2,1,"[0.0, 1.0, 1.0, 1.0, 1.5, 2.5, 5.0, 6.0, 6.5, 8.0]","[0.0, 0.0, 0.0, 0.0, 0.0, 0.0, 4.8989797, 5.656854, 6.3245554, 8.0]","[3.0, 3.0, 6.0, 6.0]","[0.0, 2.828427, 5.91608, 5.91608]","[-3.5, -3.0, -2.0, -2.0]","[3.0, 6.0]","[2.828427, 5.91608]","[-3.5, -2.0]","[5.5, 9.0]","[4.8989797, 9.0]","[-0.5, 5.0]",[2.0],[0.0],[0.0],1,0,1,0,1.0,0.0,1
5619,1,1,1,"[0.0, 0.5, 0.5, 1.5, 2.0, 2.0, 3.0, 3.0, 5.0, 5.5]","[0.0, 0.0, 0.0, 0.0, 1.4142135, 2.0, 2.828427, 2.828427, 4.8989797, 4.8989797]",[2.0],[1.7320508],[-2.0],[2.0],[1.7320508],[-2.0],[6.0],[5.196152],[5.0],[6.0],[5.196152],[5.0],0,1,0,0,0.0,0.0,0
46303,2,2,1,"[0.0, 1.0, 1.5, 1.5, 2.0, 3.0, 3.5, 4.0, 4.5, 6.0]","[0.0, 0.0, 0.0, 1.0, 1.4142135, 2.4494898, 2.6457512, 3.0, 4.472136, 6.0]","[1.5, 3.0]","[0.0, 0.0]","[-3.5, -2.0]","[1.5, 3.0]","[0.0, 0.0]","[-3.5, -2.0]","[4.0, 6.5]","[3.8729835, 6.0]","[0.0, 3.0]",[4.0],[0.0],[2.5],1,0,1,0,1.0,0.0,0
76882,3,2,2,"[0.5, 0.5, 1.5, 1.5, 2.0, 2.5, 3.0, 3.5, 4.0, 5.0]","[0.0, 0.0, 0.0, 0.0, 0.0, 0.0, 1.4142135, 2.236068, 4.0, 4.0]","[1.0, 3.5, 4.0]","[0.0, 2.4494898, 4.0]","[-3.5, -2.0, -1.5]","[1.0, 4.0]","[0.0, 4.0]","[-3.5, -2.0]","[3.5, 5.5]","[3.1622777, 5.2915025]","[3.5, 4.5]","[3.5, 5.5]","[3.1622777, 5.2915025]","[3.5, 4.5]",0,2,0,0,0.0,0.0,0
23847,4,2,1,"[0.5, 0.5, 0.5, 1.5, 2.0, 2.0, 3.0, 4.0, 4.5, 8.5]","[0.0, 0.0, 0.0, 0.0, 0.0, 0.0, 0.0, 2.6457512, 2.828427, 8.485281]","[0.5, 3.0, 4.0, 6.0]","[0.0, 2.828427, 3.8729835, 5.91608]","[-5.0, -4.5, -3.0, -1.5]","[0.5, 3.0]","[0.0, 2.828427]","[-5.0, -3.0]","[0.5, 3.5]","[0.0, 2.4494898]","[-4.0, -2.5]",[7.0],[7.0],[5.0],1,0,1,0,1.0,0.0,0
677,29,5,2,"[0.5, 3.5, 4.5, 5.0, 5.0, 6.0, 6.0, 6.0, 7.0, 7.0]","[0.0, 0.0, 3.0, 3.0, 4.2426405, 5.196152, 5.196152, 5.91608, 6.708204, 6.928203]","[0.5, 1.0, 1.0, 1.0, 1.5, 1.5, 1.5, 1.5, 1.5, 2.0, 2.5, 2.5, 2.5, 2.5, 3.0, 3.0, 3.0, 3.5, 3.5, 3.5, 4.0, 4.5, 4.5, 4.5, 4.5, 6.0, 6.5, 6.5, 7.5]","[0.0, 0.0, 0.0, 0.0, 0.0, 0.0, 0.0, 0.0, 0.0, 1.0, 1.4142135, 1.4142135, 1.7320508, 2.0, 2.0, 2.4494898, 2.828427, 2.828427, 3.1622777, 3.1622777, 3.4641016, 3.7416575, 4.472136, 4.472136, 4.472136, 6.0, 6.3245554, 6.4807405, 7.483315]","[-6.5, -6.0, -6.0, -6.0, -5.5, -5.5, -5.5, -5.5, -5.0, -4.5, -4.5, -4.0, -4.0, -4.0, -4.0, -3.0, -3.0, -3.0, -3.0, -3.0, -2.5, -2.5, -2.5, -2.5, -2.5, -2.0, -2.0, -1.5, -1.5]","[0.5, 1.0, 1.0, 2.0, 2.5]","[0.0, 0.0, 0.0, 1.0, 1.7320508]","[-6.0, -6.0, -4.0, -4.0, -2.5]","[1.5, 3.5, 4.5, 5.0, 7.5]","[0.0, 1.4142135, 4.0, 4.472136, 7.483315]","[-3.5, -3.0, -1.5, -1.0, 0.0]","[1.5, 1.5]","[0.0, 1.4142135]","[-6.0, -3.0]",3,1,1,0,3.0,0.0,1
97544,4,2,1,"[0.0, 0.5, 0.5, 1.5, 2.0, 2.0, 2.0, 2.5, 3.5, 9.0]","[0.0, 0.0, 0.0, 0.0, 1.4142135, 1.7320508, 1.7320508, 2.4494898, 2.4494898, 9.0]","[1.5, 2.5, 3.0, 4.0]","[0.0, 0.0, 2.6457512, 2.828427]","[-4.5, -3.5, -3.5, -1.5]","[3.0, 4.0]","[2.6457512, 2.828427]","[-4.5, -1.5]","[1.0, 4.5]","[0.0, 4.472136]","[-4.0, -0.5]",[8.0],[7.937254],[7.0],1,0,1,0,1.0,0.0,0
690,1,1,1,"[0.5, 0.5, 1.0, 1.0, 1.5, 1.5, 2.0, 2.5, 3.0, 4.0]","[0.0, 0.0, 0.0, 0.0, 0.0, 0.0, 1.0, 1.4142135, 2.236068, 2.4494898]",[2.0],[0.0],[-2.5],[2.0],[0.0],[-2.5],[4.0],[2.6457512],[3.5],[4.0],[2.6457512],[3.5],0,1,0,0,0.0,0.0,1
640,3,2,2,"[0.0, 0.0, 0.5, 1.5, 1.5, 3.0, 3.0, 4.0, 4.5, 5.0]","[0.0, 0.0, 0.0, 0.0, 0.0, 1.4142135, 2.6457512, 2.828427, 2.828427, 3.0]","[2.0, 2.5, 5.5]","[1.7320508, 2.0, 5.2915025]","[-4.5, -4.5, -3.0]","[2.0, 2.5]","[1.7320508, 2.0]","[-4.5, -4.5]","[4.0, 6.5]","[4.0, 6.0]","[2.5, 6.0]","[4.0, 6.5]","[4.0, 6.0]","[2.5, 6.0]",0,2,0,0,0.0,0.0,1
43757,1,1,1,"[0.0, 0.5, 0.5, 1.5, 1.5, 2.0, 2.5, 3.0, 3.0, 3.5]","[0.0, 0.0, 0.0, 0.0, 0.0, 0.0, 1.4142135, 1.4142135, 2.0, 3.0]",[3.0],[0.0],[-2.5],[3.0],[0.0],[-2.5],[6.0],[5.196152],[6.0],[6.0],[5.196152],[6.0],0,1,0,0,0.0,0.0,0
838,1,1,1,"[0.0, 0.0, 1.0, 1.0, 1.5, 2.0, 2.5, 3.0, 3.5, 4.0]","[0.0, 0.0, 0.0, 0.0, 0.0, 0.0, 0.0, 2.0, 2.4494898, 2.6457512]",[3.0],[2.236068],[-2.0],[3.0],[2.236068],[-2.0],[6.0],[5.656854],[5.0],[6.0],[5.656854],[5.0],0,1,0,0,0.0,0.0,1
464,18,3,3,"[0.5, 2.5, 2.5, 3.0, 3.0, 4.0, 5.5, 5.5, 6.5, 7.0]","[0.0, 2.0, 2.4494898, 2.828427, 2.828427, 3.8729835, 4.8989797, 5.477226, 6.0, 6.708204]","[0.0, 0.5, 0.5, 1.0, 1.5, 1.5, 1.5, 2.0, 2.0, 2.0, 2.0, 2.5, 2.5, 3.0, 4.0, 4.0, 4.0, 4.0]","[0.0, 0.0, 0.0, 0.0, 0.0, 0.0, 0.0, 1.4142135, 1.4142135, 1.7320508, 2.0, 2.0, 2.0, 2.6457512, 3.0, 3.4641016, 3.8729835, 4.0]","[-8.0, -7.5, -6.0, -4.5, -4.5, -4.5, -4.0, -3.0, -3.0, -3.0, -3.0, -2.5, -2.5, -2.5, -2.5, -2.0, -1.5, -1.5]","[0.0, 0.5, 0.5]","[0.0, 0.0, 0.0]","[-8.0, -4.5, -2.5]","[5.0, 6.5, 7.0]","[3.0, 6.3245554, 7.0]","[1.5, 2.0, 4.0]","[5.0, 6.5, 7.0]","[3.0, 6.3245554, 7.0]","[1.5, 2.0, 4.0]",0,3,0,0,0.0,0.0,1
779,4,2,0,"[0.0, 0.0, 0.5, 0.5, 1.0, 1.5, 3.0, 4.0, 4.5, 7.5]","[0.0, 0.0, 0.0, 0.0, 1.0, 1.4142135, 3.0, 3.4641016, 4.472136, 7.483315]","[2.0, 3.0, 3.5, 4.0]","[0.0, 2.0, 3.0, 3.8729835]","[-4.5, -4.0, -1.5, -1.0]","[2.0, 4.0]","[2.0, 3.8729835]","[-4.5, -1.5]","[2.0, 4.0]","[2.0, 3.8729835]","[-4.5, -1.5]",[],[],[],2,0,0,1,0.0,2.0,1
698,25,5,1,"[1.5, 3.5, 3.5, 4.0, 4.5, 4.5, 5.0, 6.0, 6.5, 8.0]","[0.0, 2.828427, 3.1622777, 3.4641016, 3.4641016, 3.7416575, 4.8989797, 6.0, 6.4807405, 7.937254]","[0.0, 0.0, 0.0, 0.5, 1.0, 1.0, 1.5, 1.5, 2.0, 2.0, 2.0, 2.0, 2.0, 2.0, 2.0, 2.5, 2.5, 3.0, 3.0, 3.0, 3.0, 3.5, 3.5, 4.5, 5.0]","[0.0, 0.0, 0.0, 0.0, 0.0, 0.0, 0.0, 0.0, 0.0, 1.0, 1.4142135, 1.4142135, 1.7320508, 2.0, 2.0, 2.0, 2.236068, 2.236068, 2.4494898, 3.0, 3.0, 3.1622777, 3.4641016, 4.2426405, 4.8989797]","[-6.5, -6.0, -6.0, -5.5, -5.5, -4.5, -4.5, -4.0, -3.5, -3.5, -3.0, -3.0, -3.0, -3.0, -3.0, -3.0, -2.5, -2.5, -2.5, -2.0, -1.5, -1.5, -1.5, -1.5, -1.5]","[0.0, 0.0, 0.0, 1.0, 2.0]","[0.0, 0.0, 0.0, 0.0, 0.0]","[-6.5, -6.0, -6.0, -4.5, -3.0]","[3.0, 4.5, 4.5, 4.5, 6.0]","[2.828427, 3.0, 3.7416575, 4.2426405, 5.656854]","[-3.0, -2.0, -0.5, 0.5, 0.5]",[4.0],[4.0],[1.5],4,0,1,0,4.0,0.0,1
77570,3,1,1,"[1.0, 2.0, 2.0, 2.0, 2.0, 2.5, 2.5, 3.0, 3.5, 5.0]","[0.0, 0.0, 0.0, 0.0, 0.0, 1.7320508, 2.0, 2.4494898, 3.0, 3.0]","[3.5, 4.0, 4.5]","[2.828427, 3.4641016, 3.4641016]","[-4.0, -2.0, -1.0]",[3.5],[3.4641016],[-4.0],[4.0],[0.0],[3.0],[4.0],[0.0],[3.0],0,1,0,0,0.0,0.0,0
389,5,2,2,"[0.5, 1.0, 1.0, 1.0, 2.0, 2.0, 2.0, 2.5, 4.0, 7.5]","[0.0, 0.0, 0.0, 0.0, 1.0, 1.7320508, 1.7320508, 1.7320508, 3.8729835, 7.483315]","[2.0, 2.5, 2.5, 4.0, 4.0]","[0.0, 1.7320508, 2.0, 2.6457512, 3.4641016]","[-4.0, -3.0, -2.0, -1.5, -1.0]","[2.0, 2.5]","[0.0, 1.7320508]","[-3.0, -1.5]","[3.5, 7.5]","[2.4494898, 7.3484693]","[2.0, 2.0]","[3.5, 7.5]","[2.4494898, 7.3484693]","[2.0, 2.0]",0,2,0,0,0.0,0.0,1
113,5,2,2,"[1.5, 2.5, 2.5, 2.5, 2.5, 2.5, 2.5, 3.5, 5.0, 6.0]","[0.0, 1.4142135, 2.0, 2.0, 2.4494898, 2.4494898, 2.4494898, 3.1622777, 5.0, 5.196152]","[1.5, 3.0, 3.0, 3.0, 4.5]","[0.0, 0.0, 2.236068, 2.828427, 3.7416575]","[-3.5, -3.0, -3.0, -2.5, -2.0]","[1.5, 3.0]","[0.0, 2.236068]","[-3.0, -3.0]","[3.5, 4.5]","[3.1622777, 4.2426405]","[2.0, 2.0]","[3.5, 4.5]","[3.1622777, 4.2426405]","[2.0, 2.0]",0,2,0,0,0.0,0.0,1
262,3,2,1,"[1.0, 1.5, 1.5, 2.0, 2.5, 3.0, 3.0, 3.5, 5.0, 7.0]","[0.0, 0.0, 0.0, 0.0, 1.7320508, 2.4494898, 3.0, 3.0, 4.0, 6.708204]","[1.5, 2.0, 5.5]","[0.0, 2.0, 4.8989797]","[-4.0, -2.5, -2.0]","[1.5, 2.0]","[0.0, 2.0]","[-4.0, -2.5]","[4.5, 5.0]","[0.0, 4.8989797]","[-1.0, 2.0]",[4.5],[2.828427],[3.0],1,0,1,0,1.0,0.0,1
655,4,3,1,"[0.5, 1.0, 1.0, 1.5, 1.5, 1.5, 2.5, 2.5, 4.0, 5.5]","[0.0, 0.0, 0.0, 1.0, 1.4142135, 1.4142135, 1.4142135, 2.0, 4.0, 5.2915025]","[1.5, 1.5, 1.5, 4.0]","[0.0, 0.0, 1.4142135, 3.8729835]","[-2.5, -2.5, -2.0, -1.0]","[1.5, 1.5, 4.0]","[0.0, 1.4142135, 3.8729835]","[-2.5, -2.5, -2.0]","[1.5, 4.0, 9.0]","[0.0, 3.8729835, 9.0]","[-1.0, 2.0, 3.5]",[5.0],[4.8989797],[4.5],2,0,1,0,2.0,0.0,1
93219,1,1,1,"[0.0, 0.5, 1.5, 1.5, 1.5, 2.0, 2.0, 3.0, 3.5, 5.0]","[0.0, 0.0, 0.0, 0.0, 0.0, 1.4142135, 1.4142135, 3.0, 3.0, 3.1622777]",[3.5],[0.0],[-3.0],[3.5],[0.0],[-3.0],[6.5],[6.0],[6.0],[6.5],[6.0],[6.0],0,1,0,0,0.0,0.0,0
687,5,2,2,"[0.5, 0.5, 1.0, 1.5, 1.5, 3.0, 4.0, 4.0, 4.5, 6.5]","[0.0, 0.0, 0.0, 0.0, 0.0, 1.0, 2.828427, 3.4641016, 4.472136, 6.3245554]","[1.0, 3.0, 3.0, 3.5, 4.5]","[0.0, 0.0, 2.828427, 3.0, 3.7416575]","[-4.0, -2.5, -2.5, -1.5, -1.0]","[1.0, 3.5]","[0.0, 0.0]","[-2.5, -1.5]","[4.5, 6.5]","[4.2426405, 6.4807405]","[3.5, 4.5]","[4.5, 6.5]","[4.2426405, 6.4807405]","[3.5, 4.5]",0,2,0,0,0.0,0.0,1
31230,5,3,2,"[0.0, 1.0, 1.5, 1.5, 2.0, 2.0, 3.5, 3.5, 4.5, 5.0]","[0.0, 0.0, 0.0, 1.4142135, 1.4142135, 1.7320508, 3.0, 3.1622777, 3.1622777, 3.7416575]","[2.0, 2.0, 3.5, 4.0, 6.0]","[0.0, 1.7320508, 2.6457512, 3.1622777, 5.656854]","[-4.5, -2.5, -1.5, -1.5, -1.0]","[2.0, 2.0, 3.5]","[0.0, 1.7320508, 3.1622777]","[-4.5, -2.5, -1.5]","[4.0, 4.5, 8.5]","[0.0, 3.7416575, 8.485281]","[-0.5, 3.0, 7.5]","[5.0, 8.5]","[4.8989797, 8.485281]","[3.5, 7.5]",1,1,1,0,1.0,0.0,0
607,1,1,1,"[0.0, 1.0, 1.0, 1.5, 1.5, 2.0, 2.5, 3.0, 3.5, 4.0]","[0.0, 0.0, 0.0, 1.0, 1.0, 1.4142135, 1.4142135, 2.0, 2.6457512, 2.828427]",[2.5],[2.0],[-3.0],[2.5],[2.0],[-3.0],[3.5],[3.1622777],[3.0],[3.5],[3.1622777],[3.0],0,1,0,0,0.0,0.0,1
398,1,1,1,"[0.0, 0.5, 0.5, 1.5, 1.5, 1.5, 2.0, 2.5, 3.5, 7.5]","[0.0, 0.0, 0.0, 0.0, 0.0, 1.4142135, 1.4142135, 2.4494898, 3.1622777, 7.483315]",[0.5],[0.0],[-3.0],[0.5],[0.0],[-3.0],[4.5],[3.7416575],[3.0],[4.5],[3.7416575],[3.0],0,1,0,0,0.0,0.0,1
72297,4,1,1,"[0.0, 1.0, 1.0, 1.0, 1.5, 1.5, 1.5, 5.0, 6.0, 8.0]","[0.0, 0.0, 0.0, 0.0, 0.0, 0.0, 0.0, 3.0, 5.656854, 7.937254]","[3.0, 4.5, 4.5, 6.0]","[0.0, 2.828427, 4.472136, 5.91608]","[-4.0, -3.5, -2.5, -2.5]",[4.5],[4.472136],[-4.0],[7.0],[6.928203],[4.5],[7.0],[6.928203],[4.5],0,1,0,0,0.0,0.0,0
96171,4,2,2,"[0.0, 0.5, 0.5, 1.0, 1.5, 2.5, 4.5, 5.0, 6.0, 7.5]","[0.0, 0.0, 0.0, 0.0, 0.0, 2.4494898, 3.7416575, 4.582576, 5.656854, 7.3484693]","[2.0, 2.5, 2.5, 3.5]","[0.0, 1.7320508, 2.0, 3.1622777]","[-6.0, -5.5, -3.5, -1.5]","[2.5, 3.5]","[2.0, 3.1622777]","[-6.0, -1.5]","[5.0, 5.5]","[4.582576, 5.2915025]","[0.0, 4.5]","[5.0, 5.5]","[4.582576, 5.2915025]","[0.0, 4.5]",0,2,0,0,0.0,0.0,0
52123,2,2,1,"[1.5, 1.5, 1.5, 2.0, 2.0, 2.0, 3.0, 3.5, 4.0, 6.5]","[1.4142135, 1.4142135, 1.4142135, 2.0, 2.0, 2.0, 2.828427, 3.1622777, 3.4641016, 6.0]","[1.5, 3.0]","[0.0, 1.4142135]","[-2.0, -1.5]","[1.5, 3.0]","[0.0, 1.4142135]","[-2.0, -1.5]","[6.0, 6.5]","[5.196152, 6.4807405]","[0.5, 3.5]",[4.5],[4.2426405],[2.5],1,0,1,0,1.0,0.0,0
63708,4,3,2,"[0.0, 0.5, 1.5, 1.5, 1.5, 1.5, 2.5, 3.0, 4.0, 6.0]","[0.0, 0.0, 0.0, 0.0, 0.0, 1.4142135, 1.4142135, 2.0, 3.0, 5.91608]","[2.0, 3.5, 3.5, 4.0]","[1.7320508, 2.4494898, 2.6457512, 3.1622777]","[-2.0, -2.0, -1.5, -1.5]","[2.0, 3.5, 3.5]","[1.7320508, 2.4494898, 3.1622777]","[-2.0, -1.5, -1.5]","[2.0, 2.0, 7.5]","[0.0, 0.0, 7.483315]","[-3.0, 1.5, 5.0]","[1.5, 2.0]","[0.0, 1.4142135]","[0.0, 1.5]",1,1,1,0,1.0,0.0,0
515,4,3,1,"[0.0, 0.5, 0.5, 1.0, 1.5, 2.5, 3.0, 4.5, 4.5, 6.5]","[0.0, 0.0, 0.0, 0.0, 0.0, 0.0, 2.0, 2.236068, 4.472136, 6.3245554]","[0.5, 3.0, 4.5, 6.5]","[0.0, 2.828427, 3.7416575, 6.4807405]","[-4.0, -2.5, -2.0, -1.5]","[0.5, 3.0, 4.5]","[0.0, 2.828427, 3.7416575]","[-4.0, -2.5, -1.5]","[1.5, 4.0, 8.0]","[0.0, 3.8729835, 8.0]","[-0.5, 0.0, 3.0]",[3.5],[2.4494898],[3.5],2,0,1,0,2.0,0.0,1
954,4,2,2,"[0.0, 0.0, 0.5, 1.0, 1.0, 1.5, 3.0, 3.5, 4.5, 6.5]","[0.0, 0.0, 0.0, 0.0, 0.0, 0.0, 0.0, 1.4142135, 2.828427, 6.3245554]","[1.5, 2.0, 3.5, 4.5]","[0.0, 1.4142135, 1.7320508, 4.472136]","[-5.5, -4.0, -4.0, -1.0]","[1.5, 2.0]","[1.4142135, 1.7320508]","[-5.5, -4.0]","[3.5, 4.0]","[3.4641016, 3.8729835]","[1.5, 1.5]","[3.5, 4.0]","[3.4641016, 3.8729835]","[1.5, 1.5]",0,2,0,0,0.0,0.0,1
41077,8,3,2,"[0.5, 1.0, 1.0, 1.5, 2.0, 2.0, 4.0, 5.0, 5.0, 7.5]","[0.0, 0.0, 0.0, 0.0, 1.0, 2.0, 2.6457512, 4.582576, 5.0, 7.3484693]","[1.5, 2.0, 2.0, 2.5, 2.5, 2.5, 4.0, 6.0]","[0.0, 0.0, 0.0, 1.4142135, 1.7320508, 2.0, 2.0, 6.0]","[-5.0, -4.5, -3.0, -2.0, -2.0, -1.5, -1.5, -1.0]","[1.5, 2.0, 2.0]","[1.4142135, 1.7320508, 2.0]","[-5.0, -4.5, -1.5]","[6.0, 6.0, 7.5]","[5.196152, 5.91608, 7.483315]","[1.0, 2.5, 4.5]","[6.0, 7.5]","[5.196152, 7.3484693]","[2.5, 7.0]",1,1,1,0,1.0,0.0,0
940,4,2,2,"[0.5, 0.5, 1.0, 1.0, 1.5, 2.0, 3.5, 3.5, 5.0, 6.0]","[0.0, 0.0, 0.0, 0.0, 1.4142135, 2.0, 3.0, 3.1622777, 3.4641016, 5.91608]","[1.5, 2.0, 3.5, 4.5]","[0.0, 1.7320508, 3.1622777, 4.2426405]","[-5.0, -5.0, -3.5, -1.0]","[2.0, 4.5]","[1.7320508, 4.2426405]","[-5.0, -1.0]","[7.0, 7.5]","[6.708204, 7.3484693]","[3.5, 5.5]","[7.0, 7.5]","[6.708204, 7.3484693]","[3.5, 5.5]",0,2,0,0,0.0,0.0,1
573,1,1,1,"[0.0, 0.5, 0.5, 1.0, 1.0, 1.5, 1.5, 2.5, 2.5, 5.0]","[0.0, 0.0, 0.0, 0.0, 0.0, 1.0, 1.0, 1.4142135, 2.4494898, 4.8989797]",[2.0],[1.7320508],[-1.0],[2.0],[1.7320508],[-1.0],[3.0],[2.236068],[-0.5],[3.0],[2.236068],[-0.5],0,1,0,0,0.0,0.0,1
205,4,2,1,"[0.0, 0.5, 1.5, 1.5, 1.5, 2.0, 3.0, 3.0, 4.5, 5.0]","[0.0, 0.0, 0.0, 0.0, 1.4142135, 2.0, 2.236068, 2.828427, 4.472136, 4.582576]","[1.5, 2.5, 2.5, 3.0]","[0.0, 0.0, 2.4494898, 2.828427]","[-3.0, -3.0, -3.0, -1.0]","[1.5, 2.5]","[0.0, 2.4494898]","[-3.0, -1.0]","[5.0, 6.5]","[4.0, 6.0]","[1.5, 5.5]",[7.5],[7.483315],[6.0],1,0,1,0,1.0,0.0,1
937,27,5,3,"[0.5, 2.5, 3.0, 4.0, 4.5, 5.0, 6.0, 7.5, 8.0, 8.5]","[0.0, 2.0, 3.0, 3.0, 3.7416575, 3.8729835, 5.91608, 7.483315, 7.937254, 8.485281]","[0.0, 0.5, 1.0, 1.5, 1.5, 1.5, 1.5, 2.0, 2.0, 2.5, 2.5, 3.0, 3.0, 3.0, 3.0, 3.5, 3.5, 3.5, 4.0, 4.0, 4.0, 4.5, 5.0, 5.0, 5.0, 5.5, 7.0]","[0.0, 0.0, 0.0, 0.0, 0.0, 0.0, 0.0, 1.4142135, 1.4142135, 1.7320508, 2.0, 2.0, 2.4494898, 2.4494898, 2.6457512, 2.828427, 2.828427, 2.828427, 3.1622777, 3.4641016, 3.8729835, 4.2426405, 4.582576, 4.8989797, 5.0, 5.477226, 7.0]","[-6.5, -6.5, -6.0, -6.0, -6.0, -5.5, -5.0, -5.0, -4.5, -4.5, -4.0, -4.0, -3.5, -3.5, -3.5, -3.5, -3.0, -3.0, -2.5, -2.5, -2.0, -2.0, -2.0, -1.5, -1.5, -1.5, -1.5]","[0.0, 1.0, 1.5, 1.5, 2.0]","[0.0, 0.0, 0.0, 1.4142135, 1.7320508]","[-6.0, -5.0, -5.0, -4.5, -3.5]","[3.0, 3.5, 3.5, 4.5, 5.5]","[2.828427, 2.828427, 3.4641016, 3.4641016, 4.2426405]","[-3.0, -2.5, -1.5, -0.5, 2.5]","[3.5, 4.5, 5.0]","[2.828427, 3.4641016, 4.8989797]","[-2.5, -1.5, 2.5]",2,2,1,0,2.0,0.0,1
1007,23,5,2,"[3.0, 3.0, 3.5, 4.0, 4.5, 4.5, 5.0, 5.0, 6.5, 6.5]","[0.0, 2.236068, 2.6457512, 2.828427, 3.4641016, 3.7416575, 4.582576, 5.0, 6.0, 6.4807405]","[0.0, 0.5, 1.0, 1.0, 1.0, 1.0, 1.5, 2.0, 2.5, 2.5, 2.5, 3.0, 3.0, 3.0, 3.5, 3.5, 3.5, 4.0, 4.0, 4.0, 4.5, 4.5, 5.0]","[0.0, 0.0, 0.0, 0.0, 0.0, 0.0, 0.0, 1.0, 1.0, 1.4142135, 2.4494898, 2.4494898, 2.6457512, 2.828427, 2.828427, 2.828427, 3.1622777, 3.1622777, 3.4641016, 3.4641016, 3.8729835, 4.2426405, 4.582576]","[-6.0, -5.5, -5.0, -4.5, -4.0, -4.0, -4.0, -4.0, -3.5, -3.5, -3.5, -3.5, -3.5, -3.0, -2.5, -2.5, -2.5, -2.5, -2.5, -1.5, -1.5, -1.0, -1.0]","[0.0, 0.5, 1.0, 4.0, 4.0]","[0.0, 0.0, 0.0, 2.6457512, 3.4641016]","[-5.5, -5.0, -4.0, -4.0, -2.5]","[3.5, 4.0, 4.0, 5.0, 6.0]","[2.6457512, 3.1622777, 3.8729835, 4.8989797, 5.196152]","[-3.5, -2.5, 1.0, 2.5, 2.5]","[3.0, 4.0]","[2.6457512, 2.828427]","[0.0, 2.5]",3,1,1,0,3.0,0.0,1
29771,11,3,1,"[0.0, 0.5, 0.5, 2.0, 3.0, 3.5, 3.5, 6.0, 6.5, 8.5]","[0.0, 0.0, 0.0, 0.0, 1.7320508, 2.4494898, 2.828427, 5.196152, 6.3245554, 8.485281]","[1.5, 1.5, 2.0, 2.0, 2.5, 3.5, 4.0, 4.0, 4.5, 5.5, 6.0]","[0.0, 0.0, 0.0, 1.4142135, 1.7320508, 2.4494898, 3.1622777, 3.4641016, 4.2426405, 5.2915025, 5.656854]","[-7.0, -5.5, -5.5, -4.5, -4.5, -4.0, -2.5, -2.0, -2.0, -1.5, -1.0]","[1.5, 1.5, 2.0]","[0.0, 1.4142135, 1.7320508]","[-7.0, -4.5, -1.5]","[4.0, 7.0, 9.0]","[3.8729835, 7.0, 9.0]","[-1.0, 1.5, 3.5]",[8.0],[8.0],[6.5],2,0,1,0,2.0,0.0,0
68245,6,2,2,"[0.0, 1.0, 1.5, 1.5, 1.5, 2.0, 3.5, 4.0, 4.5, 5.0]","[0.0, 0.0, 0.0, 0.0, 0.0, 0.0, 2.828427, 3.0, 3.4641016, 3.8729835]","[2.5, 2.5, 3.0, 4.0, 4.0, 4.5]","[2.236068, 2.4494898, 2.4494898, 3.4641016, 3.4641016, 3.7416575]","[-4.0, -3.0, -2.5, -2.0, -2.0, -1.0]","[2.5, 2.5]","[2.4494898, 2.4494898]","[-3.0, -1.0]","[1.5, 4.0]","[0.0, 3.4641016]","[0.0, 3.5]","[1.5, 4.0]","[0.0, 3.4641016]","[0.0, 3.5]",0,2,0,0,0.0,0.0,0
153,2,1,1,"[0.0, 0.5, 1.0, 1.0, 2.5, 3.5, 4.0, 4.0, 4.0, 5.5]","[0.0, 0.0, 0.0, 0.0, 1.0, 2.4494898, 3.4641016, 3.4641016, 4.0, 4.2426405]","[1.5, 4.5]","[1.4142135, 4.2426405]","[-4.5, -2.0]",[1.5],[1.4142135],[-4.5],[4.5],[0.0],[2.5],[4.5],[0.0],[2.5],0,1,0,0,0.0,0.0,1
682,1,1,1,"[0.0, 0.5, 1.0, 1.0, 1.0, 2.0, 2.5, 3.0, 4.5, 5.5]","[0.0, 0.0, 0.0, 0.0, 0.0, 0.0, 0.0, 1.7320508, 4.472136, 5.477226]",[1.5],[0.0],[-2.0],[1.5],[0.0],[-2.0],[6.5],[6.4807405],[3.5],[6.5],[6.4807405],[3.5],0,1,0,0,0.0,0.0,1
34652,2,1,1,"[0.0, 1.5, 1.5, 2.0, 2.0, 2.0, 2.0, 2.5, 3.5, 6.0]","[0.0, 0.0, 0.0, 0.0, 0.0, 1.4142135, 1.7320508, 2.4494898, 3.4641016, 5.91608]","[1.5, 2.0]","[0.0, 1.4142135]","[-3.5, -3.5]",[1.5],[1.4142135],[-3.5],[6.0],[5.196152],[1.5],[6.0],[5.196152],[1.5],0,1,0,0,0.0,0.0,0
175,2,1,1,"[0.0, 0.0, 0.5, 1.0, 1.5, 3.0, 3.5, 4.0, 4.0, 5.5]","[0.0, 0.0, 0.0, 0.0, 0.0, 0.0, 2.236068, 3.4641016, 4.0, 5.477226]","[0.5, 1.5]","[0.0, 0.0]","[-5.5, -5.0]",[0.5],[0.0],[-5.5],[8.0],[7.937254],[6.0],[8.0],[7.937254],[6.0],0,1,0,0,0.0,0.0,1
64679,5,1,1,"[0.5, 1.0, 1.0, 1.0, 2.0, 3.0, 3.5, 3.5, 4.5, 5.0]","[0.0, 0.0, 0.0, 0.0, 1.0, 2.0, 2.4494898, 3.0, 3.4641016, 4.2426405]","[2.0, 2.5, 3.5, 5.0, 6.0]","[0.0, 1.7320508, 3.1622777, 4.582576, 5.656854]","[-5.5, -3.0, -2.5, -2.0, -1.5]",[2.0],[1.7320508],[-5.5],[5.0],[4.582576],[4.0],[5.0],[4.582576],[4.0],0,1,0,0,0.0,0.0,0
34758,3,2,2,"[0.0, 0.5, 1.0, 1.5, 2.0, 2.0, 2.0, 3.5, 5.0, 6.0]","[0.0, 0.0, 0.0, 0.0, 1.7320508, 1.7320508, 2.0, 3.0, 3.1622777, 5.91608]","[1.0, 3.0, 4.5]","[0.0, 2.828427, 4.472136]","[-4.5, -2.5, -2.0]","[1.0, 3.0]","[0.0, 2.828427]","[-4.5, -2.0]","[4.5, 5.0]","[0.0, 4.8989797]","[0.0, 3.5]","[4.5, 5.0]","[0.0, 4.8989797]","[0.0, 3.5]",0,2,0,0,0.0,0.0,0
152,3,2,1,"[0.0, 0.0, 0.0, 0.5, 0.5, 1.5, 2.5, 3.5, 5.0, 7.0]","[0.0, 0.0, 0.0, 0.0, 0.0, 1.4142135, 2.4494898, 2.4494898, 4.582576, 6.928203]","[1.0, 3.5, 3.5]","[0.0, 3.1622777, 3.4641016]","[-4.0, -2.5, -1.0]","[1.0, 3.5]","[0.0, 3.4641016]","[-4.0, -2.5]","[3.5, 6.0]","[3.1622777, 6.0]","[-1.0, 2.0]",[4.0],[4.0],[2.5],1,0,1,0,1.0,0.0,1
974,2,1,1,"[0.0, 0.5, 0.5, 1.5, 1.5, 1.5, 1.5, 2.5, 4.0, 6.5]","[0.0, 0.0, 0.0, 0.0, 0.0, 0.0, 0.0, 0.0, 1.4142135, 6.4807405]","[3.0, 6.5]","[2.828427, 6.4807405]","[-3.5, -1.0]",[3.0],[2.828427],[-3.5],[6.0],[5.656854],[6.0],[6.0],[5.656854],[6.0],0,1,0,0,0.0,0.0,1
562,5,2,0,"[0.0, 0.5, 1.0, 1.0, 1.5, 2.5, 3.0, 4.0, 7.0, 7.0]","[0.0, 0.0, 0.0, 0.0, 0.0, 1.4142135, 2.0, 3.4641016, 6.708204, 7.0]","[2.0, 2.5, 3.5, 3.5, 4.5]","[0.0, 2.0, 2.4494898, 3.4641016, 4.2426405]","[-6.0, -2.0, -2.0, -1.5, -1.0]","[2.0, 4.5]","[2.0, 4.2426405]","[-6.0, -1.5]","[2.0, 4.5]","[2.0, 4.2426405]","[-6.0, -1.5]",[],[],[],2,0,0,1,0.0,2.0,1
352,3,2,1,"[0.0, 0.0, 0.0, 1.0, 1.0, 1.5, 3.0, 3.5, 6.0, 7.5]","[0.0, 0.0, 0.0, 0.0, 0.0, 0.0, 1.0, 1.0, 5.196152, 7.483315]","[1.0, 3.0, 5.0]","[1.0, 2.828427, 4.8989797]","[-3.5, -3.0, -2.0]","[1.0, 5.0]","[1.0, 4.8989797]","[-3.5, -3.0]","[3.5, 5.5]","[2.4494898, 5.477226]","[-2.0, 1.0]",[3.5],[3.1622777],[-0.5],1,0,1,0,1.0,0.0,1
52026,2,2,2,"[0.5, 0.5, 1.5, 1.5, 1.5, 2.0, 2.0, 2.5, 3.0, 7.0]","[0.0, 0.0, 0.0, 0.0, 1.4142135, 1.4142135, 1.7320508, 1.7320508, 2.236068, 6.928203]","[2.0, 3.0]","[0.0, 2.236068]","[-3.5, -1.0]","[2.0, 3.0]","[0.0, 2.236068]","[-3.5, -1.0]","[3.5, 7.5]","[2.4494898, 7.483315]","[3.0, 4.5]","[3.5, 7.5]","[2.4494898, 7.483315]","[3.0, 4.5]",0,2,0,0,0.0,0.0,0
81349,2,2,1,"[0.5, 1.5, 1.5, 2.5, 2.5, 3.0, 3.5, 3.5, 5.0, 5.5]","[0.0, 0.0, 0.0, 2.0, 2.236068, 2.4494898, 2.4494898, 3.4641016, 4.582576, 5.477226]","[2.0, 3.5]","[0.0, 3.4641016]","[-2.0, -1.0]","[2.0, 3.5]","[0.0, 3.4641016]","[-2.0, -1.0]","[4.0, 4.5]","[0.0, 4.2426405]","[-1.0, 1.5]",[4.5],[3.7416575],[2.0],1,0,1,0,1.0,0.0,0
98603,3,2,1,"[0.0, 0.0, 0.5, 1.0, 1.0, 1.0, 2.0, 5.0, 5.5, 7.5]","[0.0, 0.0, 0.0, 0.0, 0.0, 1.0, 1.7320508, 3.0, 4.8989797, 7.3484693]","[2.0, 4.0, 5.0]","[0.0, 1.7320508, 5.0]","[-5.0, -3.5, -2.0]","[2.0, 4.0]","[0.0, 1.7320508]","[-5.0, -2.0]","[2.5, 4.5]","[2.4494898, 4.472136]","[-2.0, 1.0]",[8.0],[8.0],[7.5],1,0,1,0,1.0,0.0,0
366,6,2,1,"[0.5, 0.5, 1.0, 1.0, 1.5, 3.0, 3.0, 5.0, 6.0, 8.0]","[0.0, 0.0, 0.0, 0.0, 0.0, 1.0, 2.236068, 3.0, 5.91608, 7.937254]","[0.5, 1.0, 1.0, 1.5, 3.0, 5.0]","[0.0, 0.0, 0.0, 0.0, 3.0, 4.8989797]","[-6.5, -5.5, -4.0, -3.0, -2.0, -1.5]","[0.5, 1.0]","[0.0, 0.0]","[-6.5, -5.5]","[3.0, 4.5]","[3.0, 4.2426405]","[-4.0, 0.0]",[5.5],[5.477226],[2.0],1,0,1,0,1.0,0.0,1
57663,5,2,1,"[0.5, 0.5, 1.5, 1.5, 2.0, 2.0, 3.0, 3.5, 4.5, 6.5]","[0.0, 0.0, 0.0, 0.0, 0.0, 1.4142135, 2.828427, 3.1622777, 3.7416575, 6.4807405]","[2.5, 3.0, 3.5, 4.0, 4.0]","[0.0, 2.4494898, 2.828427, 3.4641016, 3.8729835]","[-3.0, -2.5, -1.5, -1.5, -1.0]","[2.5, 4.0]","[0.0, 3.8729835]","[-3.0, -1.5]","[3.0, 5.5]","[2.828427, 5.2915025]","[-2.5, 1.5]",[7.5],[7.3484693],[4.5],1,0,1,0,1.0,0.0,0
42,1,1,1,"[0.0, 0.0, 0.0, 1.5, 1.5, 2.0, 2.5, 4.0, 5.0, 6.0]","[0.0, 0.0, 0.0, 0.0, 0.0, 1.4142135, 2.0, 3.8729835, 4.8989797, 5.196152]",[2.0],[2.0],[-4.5],[2.0],[2.0],[-4.5],[6.5],[6.0],[2.0],[6.5],[6.0],[2.0],0,1,0,0,0.0,0.0,1
79821,2,1,1,"[0.5, 1.0, 1.5, 1.5, 2.0, 2.0, 2.0, 2.5, 3.0, 4.0]","[0.0, 0.0, 0.0, 0.0, 0.0, 1.4142135, 1.7320508, 2.4494898, 2.6457512, 2.828427]","[1.5, 3.0]","[0.0, 2.236068]","[-3.5, -1.5]",[1.5],[0.0],[-3.5],[5.5],[5.477226],[4.5],[5.5],[5.477226],[4.5],0,1,0,0,0.0,0.0,0
235,2,2,1,"[0.0, 0.5, 0.5, 1.0, 1.0, 1.5, 1.5, 3.5, 4.0, 7.0]","[0.0, 0.0, 0.0, 0.0, 0.0, 0.0, 1.4142135, 3.4641016, 3.8729835, 7.0]","[2.5, 4.0]","[2.0, 3.4641016]","[-3.5, -1.0]","[2.5, 4.0]","[2.0, 3.4641016]","[-3.5, -1.0]","[6.0, 8.0]","[5.196152, 8.0]","[1.0, 4.5]",[4.5],[4.472136],[3.0],1,0,1,0,1.0,0.0,1
759,6,3,2,"[0.5, 0.5, 0.5, 1.0, 1.0, 2.0, 2.5, 3.0, 3.5, 8.0]","[0.0, 0.0, 0.0, 0.0, 0.0, 0.0, 0.0, 0.0, 2.236068, 8.0]","[0.5, 1.5, 2.5, 3.0, 3.5, 4.5]","[0.0, 0.0, 0.0, 2.0, 3.1622777, 4.2426405]","[-3.5, -3.5, -3.0, -3.0, -3.0, -1.5]","[0.5, 1.5, 4.5]","[0.0, 0.0, 4.2426405]","[-3.5, -3.0, -3.0]","[2.0, 2.5, 4.5]","[2.0, 2.4494898, 4.472136]","[-2.0, 0.5, 2.5]","[2.5, 4.0]","[2.4494898, 2.6457512]","[2.5, 4.0]",1,1,1,0,1.0,0.0,1
22611,5,2,2,"[0.5, 0.5, 1.0, 1.5, 2.0, 2.5, 3.5, 4.5, 4.5, 5.0]","[0.0, 0.0, 0.0, 1.4142135, 1.7320508, 2.0, 3.0, 3.1622777, 3.7416575, 3.7416575]","[1.0, 1.0, 2.0, 3.5, 4.0]","[0.0, 0.0, 0.0, 0.0, 0.0]","[-4.5, -4.0, -2.0, -2.0, -2.0]","[1.0, 1.0]","[0.0, 0.0]","[-4.0, -2.0]","[5.5, 7.0]","[5.477226, 6.708204]","[4.5, 6.5]","[5.5, 7.0]","[5.477226, 6.708204]","[4.5, 6.5]",0,2,0,0,0.0,0.0,0
93719,4,2,1,"[0.0, 1.0, 1.0, 1.0, 1.5, 2.0, 2.5, 2.5, 2.5, 8.5]","[0.0, 0.0, 0.0, 0.0, 0.0, 1.4142135, 1.7320508, 2.0, 2.4494898, 8.485281]","[2.5, 3.0, 3.5, 4.0]","[0.0, 0.0, 2.4494898, 4.0]","[-4.0, -3.0, -2.5, -1.5]","[2.5, 3.5]","[0.0, 2.4494898]","[-4.0, -1.5]","[2.0, 7.5]","[1.7320508, 7.3484693]","[-2.5, 3.0]",[5.5],[4.8989797],[5.0],1,0,1,0,1.0,0.0,0
29494,7,3,2,"[0.0, 0.5, 0.5, 1.0, 2.0, 2.0, 3.0, 3.5, 4.5, 7.0]","[0.0, 0.0, 0.0, 0.0, 0.0, 1.7320508, 2.0, 3.1622777, 4.2426405, 6.708204]","[1.0, 1.0, 2.0, 2.5, 3.0, 3.5, 3.5]","[0.0, 0.0, 0.0, 0.0, 2.4494898, 2.828427, 3.4641016]","[-5.0, -5.0, -2.5, -2.5, -2.0, -2.0, -2.0]","[1.0, 1.0, 3.5]","[0.0, 0.0, 3.4641016]","[-5.0, -2.5, -2.0]","[5.0, 5.0, 5.5]","[4.0, 4.0, 5.477226]","[1.0, 2.0, 3.5]","[5.0, 5.0]","[4.0, 4.582576]","[3.5, 4.5]",1,1,1,0,1.0,0.0,0
39176,3,2,2,"[1.0, 1.0, 1.0, 1.0, 1.5, 1.5, 2.0, 2.5, 3.5, 4.5]","[0.0, 0.0, 0.0, 0.0, 1.0, 1.4142135, 1.7320508, 2.4494898, 2.828427, 3.1622777]","[2.0, 3.5, 3.5]","[0.0, 0.0, 3.1622777]","[-2.0, -1.5, -1.0]","[2.0, 3.5]","[0.0, 3.1622777]","[-2.0, -1.0]","[7.0, 8.5]","[6.928203, 8.485281]","[5.5, 7.0]","[7.0, 8.5]","[6.928203, 8.485281]","[5.5, 7.0]",0,2,0,0,0.0,0.0,0
525,22,6,2,"[1.0, 2.5, 2.5, 3.5, 4.5, 4.5, 4.5, 6.5, 6.5, 6.5]","[0.0, 2.0, 2.4494898, 2.828427, 2.828427, 2.828427, 3.4641016, 6.0, 6.4807405, 6.4807405]","[0.0, 1.0, 1.0, 1.0, 1.5, 1.5, 2.0, 2.0, 2.0, 2.0, 2.0, 2.5, 3.0, 3.0, 3.0, 3.0, 3.5, 3.5, 3.5, 4.0, 5.5, 7.0]","[0.0, 0.0, 0.0, 0.0, 0.0, 0.0, 0.0, 0.0, 0.0, 1.0, 1.7320508, 1.7320508, 2.0, 2.0, 2.0, 2.828427, 3.0, 3.1622777, 3.4641016, 3.4641016, 5.477226, 7.0]","[-7.0, -5.5, -5.5, -5.0, -5.0, -4.5, -4.0, -4.0, -3.5, -3.5, -3.5, -3.5, -3.0, -3.0, -3.0, -2.5, -2.5, -2.5, -2.0, -1.5, -1.5, -1.0]","[0.0, 1.0, 1.0, 1.5, 2.0, 2.0]","[0.0, 0.0, 0.0, 0.0, 1.7320508, 2.0]","[-7.0, -5.0, -3.5, -3.0, -3.0, -2.5]","[2.0, 3.0, 4.0, 5.5, 6.5, 7.5]","[1.7320508, 2.236068, 3.8729835, 5.477226, 6.4807405, 7.3484693]","[-5.5, -2.0, -1.5, -1.0, 1.5, 7.0]","[7.0, 7.5]","[6.928203, 7.3484693]","[1.5, 7.0]",4,1,1,0,4.0,0.0,1
102,1,1,1,"[0.0, 0.5, 0.5, 1.5, 1.5, 2.0, 2.5, 2.5, 2.5, 6.5]","[0.0, 0.0, 0.0, 0.0, 1.4142135, 1.7320508, 2.0, 2.4494898, 2.4494898, 6.0]",[2.5],[2.4494898],[-1.0],[2.5],[2.4494898],[-1.0],[2.0],[0.0],[-3.5],[2.0],[0.0],[-3.5],0,1,0,0,0.0,0.0,1
34076,2,2,1,"[0.5, 0.5, 1.5, 1.5, 1.5, 2.0, 2.0, 3.0, 3.5, 8.0]","[0.0, 0.0, 0.0, 0.0, 0.0, 0.0, 0.0, 2.4494898, 2.828427, 8.0]","[3.5, 4.0]","[2.4494898, 2.6457512]","[-2.0, -2.0]","[3.5, 4.0]","[2.4494898, 2.6457512]","[-2.0, -2.0]","[2.5, 5.0]","[2.0, 3.0]","[-1.5, 1.0]",[5.5],[5.2915025],[5.5],1,0,1,0,1.0,0.0,0
881,4,1,1,"[0.0, 0.0, 1.0, 1.0, 2.0, 2.0, 2.5, 2.5, 3.0, 6.0]","[0.0, 0.0, 0.0, 0.0, 0.0, 0.0, 0.0, 0.0, 2.4494898, 5.196152]","[1.5, 1.5, 2.0, 3.0]","[0.0, 0.0, 1.4142135, 2.0]","[-5.0, -4.0, -3.5, -1.5]",[1.5],[1.4142135],[-5.0],[4.5],[2.828427],[3.0],[4.5],[2.828427],[3.0],0,1,0,0,0.0,0.0,1
27688,7,3,1,"[0.5, 1.0, 1.5, 1.5, 1.5, 2.0, 2.5, 5.0, 7.5, 8.0]","[0.0, 0.0, 0.0, 0.0, 1.4142135, 2.0, 2.4494898, 4.8989797, 7.3484693, 7.937254]","[1.0, 1.5, 2.0, 2.5, 2.5, 3.0, 4.0]","[0.0, 0.0, 1.0, 1.4142135, 1.7320508, 2.4494898, 3.0]","[-6.5, -4.0, -3.5, -2.5, -2.5, -2.0, -1.5]","[1.0, 1.5, 2.5]","[1.0, 1.4142135, 2.4494898]","[-6.5, -4.0, -2.5]","[4.0, 6.0, 8.0]","[0.0, 5.91608, 7.937254]","[-2.0, 1.5, 1.5]",[3.0],[2.236068],[1.5],2,0,1,0,2.0,0.0,0
923,19,6,3,"[1.5, 2.0, 3.5, 4.0, 4.0, 4.5, 4.5, 5.5, 6.0, 6.0]","[0.0, 1.7320508, 2.828427, 3.4641016, 3.4641016, 3.4641016, 3.7416575, 4.2426405, 5.91608, 5.91608]","[0.0, 0.5, 0.5, 1.0, 1.5, 1.5, 1.5, 2.0, 2.0, 2.5, 3.0, 3.0, 3.0, 3.0, 3.5, 3.5, 4.0, 4.0, 5.0]","[0.0, 0.0, 0.0, 0.0, 0.0, 0.0, 0.0, 1.4142135, 1.4142135, 1.7320508, 2.4494898, 2.4494898, 2.828427, 2.828427, 2.828427, 2.828427, 4.0, 4.0, 5.0]","[-7.0, -6.5, -5.5, -4.0, -4.0, -4.0, -4.0, -3.5, -3.5, -3.0, -3.0, -3.0, -2.5, -2.5, -2.0, -2.0, -2.0, -1.5, -1.5]","[0.0, 0.5, 0.5, 1.0, 2.0, 2.5]","[0.0, 0.0, 0.0, 0.0, 0.0, 2.4494898]","[-7.0, -6.5, -3.5, -3.0, -2.0, -1.5]","[0.5, 1.0, 3.5, 4.0, 5.0, 5.5]","[0.0, 0.0, 0.0, 0.0, 4.582576, 5.2915025]","[-7.0, -2.5, -2.0, -1.0, 3.5, 4.0]","[3.5, 5.0, 6.5]","[0.0, 4.582576, 6.4807405]","[-1.0, 2.5, 4.0]",3,2,1,1,1.0,2.0,1
45747,8,4,1,"[0.0, 0.0, 0.5, 2.0, 2.5, 2.5, 3.0, 6.0, 7.0, 8.0]","[0.0, 0.0, 0.0, 0.0, 0.0, 2.0, 2.0, 5.91608, 7.0, 7.937254]","[2.0, 2.5, 2.5, 2.5, 2.5, 3.5, 4.5, 5.5]","[0.0, 0.0, 2.0, 2.0, 2.4494898, 2.4494898, 4.2426405, 5.477226]","[-5.5, -4.5, -4.0, -3.5, -3.5, -3.0, -2.0, -1.5]","[2.0, 2.5, 2.5, 3.5]","[0.0, 2.0, 2.4494898, 2.4494898]","[-4.5, -3.5, -3.5, -3.0]","[1.5, 2.0, 2.5, 3.5]","[0.0, 1.7320508, 2.0, 2.4494898]","[-4.5, -3.5, -2.0, -2.0]",[7.5],[7.483315],[7.0],3,0,1,1,1.0,2.0,0
1018,19,5,4,"[3.0, 3.5, 3.5, 3.5, 4.0, 4.0, 4.5, 4.5, 6.0, 7.0]","[0.0, 0.0, 2.4494898, 2.828427, 3.4641016, 3.4641016, 3.4641016, 3.7416575, 6.0, 6.928203]","[0.0, 0.5, 0.5, 0.5, 0.5, 1.0, 1.0, 1.5, 1.5, 2.0, 2.0, 2.0, 2.0, 2.5, 2.5, 3.0, 4.5, 4.5, 5.5]","[0.0, 0.0, 0.0, 0.0, 0.0, 0.0, 0.0, 0.0, 1.0, 1.4142135, 1.7320508, 1.7320508, 1.7320508, 2.0, 2.4494898, 2.828427, 4.2426405, 4.472136, 5.477226]","[-6.5, -6.0, -6.0, -5.5, -5.5, -5.0, -4.5, -4.0, -4.0, -3.5, -3.0, -3.0, -2.5, -2.5, -2.5, -2.5, -2.0, -1.5, -1.5]","[0.0, 0.5, 0.5, 0.5, 1.5]","[0.0, 0.0, 0.0, 0.0, 1.4142135]","[-6.0, -6.0, -5.5, -4.5, -4.0]","[2.5, 5.5, 7.0, 7.0, 8.5]","[2.4494898, 5.477226, 7.0, 7.0, 8.485281]","[-3.5, 3.0, 4.0, 4.5, 7.5]","[7.0, 7.0, 7.5, 8.5]","[7.0, 7.0, 7.483315, 8.485281]","[3.0, 4.0, 4.5, 7.5]",1,3,1,0,1.0,0.0,1
472,3,1,1,"[0.5, 1.0, 1.0, 1.0, 1.5, 1.5, 3.0, 3.5, 5.0, 6.5]","[0.0, 0.0, 0.0, 0.0, 0.0, 1.0, 1.4142135, 3.0, 3.4641016, 6.0]","[1.5, 1.5, 5.5]","[0.0, 1.4142135, 4.8989797]","[-4.5, -4.5, -1.0]",[1.5],[0.0],[-4.5],[5.0],[4.0],[1.0],[5.0],[4.0],[1.0],0,1,0,0,0.0,0.0,1
59783,2,2,1,"[0.0, 0.0, 0.5, 1.5, 1.5, 2.0, 2.5, 2.5, 4.5, 6.0]","[0.0, 0.0, 0.0, 0.0, 0.0, 1.4142135, 1.4142135, 2.0, 4.472136, 6.0]","[2.5, 3.0]","[2.4494898, 3.0]","[-3.0, -2.0]","[2.5, 3.0]","[2.4494898, 3.0]","[-3.0, -2.0]","[1.5, 3.0]","[1.4142135, 2.236068]","[-1.5, 0.0]",[6.5],[6.4807405],[6.5],1,0,1,0,1.0,0.0,0
9214,4,2,2,"[0.0, 0.5, 1.0, 1.5, 2.5, 2.5, 3.5, 5.5, 5.5, 6.0]","[0.0, 0.0, 0.0, 0.0, 0.0, 0.0, 2.4494898, 4.8989797, 5.2915025, 5.91608]","[2.0, 3.0, 3.5, 4.0]","[0.0, 0.0, 0.0, 4.0]","[-4.5, -3.5, -1.0, -1.0]","[2.0, 3.0]","[0.0, 0.0]","[-4.5, -3.5]","[2.5, 4.0]","[0.0, 2.6457512]","[-0.5, 2.5]","[2.5, 4.0]","[0.0, 2.6457512]","[-0.5, 2.5]",0,2,0,0,0.0,0.0,0
106,1,1,1,"[0.0, 0.5, 0.5, 1.5, 1.5, 1.5, 2.5, 3.0, 4.5, 6.0]","[0.0, 0.0, 0.0, 0.0, 0.0, 0.0, 1.4142135, 2.0, 4.2426405, 5.656854]",[3.5],[2.4494898],[-2.0],[3.5],[2.4494898],[-2.0],[8.5],[8.485281],[3.5],[8.5],[8.485281],[3.5],0,1,0,0,0.0,0.0,1
84,14,4,3,"[0.5, 1.5, 1.5, 3.0, 5.0, 5.0, 5.5, 5.5, 5.5, 6.0]","[0.0, 1.4142135, 1.4142135, 3.0, 3.0, 4.0, 5.2915025, 5.2915025, 5.477226, 5.656854]","[0.0, 0.5, 1.0, 1.5, 2.0, 2.0, 3.0, 3.0, 3.0, 3.0, 3.5, 4.5, 5.0, 6.5]","[0.0, 0.0, 0.0, 0.0, 0.0, 0.0, 0.0, 1.7320508, 1.7320508, 2.236068, 2.236068, 4.472136, 4.8989797, 6.4807405]","[-5.5, -4.0, -4.0, -4.0, -3.5, -3.5, -3.0, -3.0, -3.0, -2.5, -2.5, -2.0, -1.5, -1.0]","[0.0, 0.5, 1.0, 3.0]","[0.0, 0.0, 0.0, 0.0]","[-5.5, -4.0, -3.5, -1.0]","[2.5, 3.5, 5.0, 6.0]","[0.0, 3.4641016, 5.0, 6.0]","[0.0, 1.0, 2.5, 5.0]","[2.5, 2.5, 3.5]","[0.0, 0.0, 3.4641016]","[0.0, 0.5, 1.0]",1,2,1,0,1.0,0.0,1
33095,4,2,2,"[0.0, 0.0, 0.5, 0.5, 1.0, 1.0, 1.5, 2.0, 5.0, 6.5]","[0.0, 0.0, 0.0, 0.0, 0.0, 0.0, 0.0, 1.4142135, 4.0, 6.0]","[3.0, 3.5, 3.5, 4.0]","[0.0, 0.0, 0.0, 2.4494898]","[-4.5, -2.0, -1.5, -1.5]","[3.0, 3.5]","[0.0, 2.4494898]","[-2.0, -1.5]","[5.5, 6.5]","[4.8989797, 6.3245554]","[4.5, 4.5]","[5.5, 6.5]","[4.8989797, 6.3245554]","[4.5, 4.5]",0,2,0,0,0.0,0.0,0
54184,1,1,1,"[0.0, 0.5, 0.5, 1.5, 2.0, 2.0, 2.5, 3.0, 3.5, 4.5]","[0.0, 0.0, 0.0, 0.0, 1.4142135, 1.7320508, 2.0, 2.236068, 2.4494898, 3.7416575]",[3.5],[3.4641016],[-3.0],[3.5],[3.4641016],[-3.0],[3.5],[0.0],[2.0],[3.5],[0.0],[2.0],0,1,0,0,0.0,0.0,0
482,3,2,2,"[0.0, 0.5, 1.5, 1.5, 1.5, 2.5, 3.0, 4.0, 5.0, 5.5]","[0.0, 0.0, 0.0, 0.0, 1.4142135, 2.4494898, 2.828427, 3.0, 3.4641016, 5.2915025]","[2.5, 3.0, 4.5]","[0.0, 2.236068, 3.7416575]","[-2.5, -1.5, -1.0]","[2.5, 3.0]","[0.0, 2.236068]","[-2.5, -1.0]","[4.0, 4.5]","[3.4641016, 4.472136]","[2.0, 3.5]","[4.0, 4.5]","[3.4641016, 4.472136]","[2.0, 3.5]",0,2,0,0,0.0,0.0,1
23,3,2,1,"[0.0, 0.5, 1.0, 1.5, 2.0, 2.5, 3.0, 4.0, 6.0, 7.5]","[0.0, 0.0, 0.0, 0.0, 0.0, 1.0, 1.4142135, 4.0, 5.91608, 7.3484693]","[2.0, 2.0, 2.5]","[0.0, 0.0, 1.7320508]","[-6.0, -2.5, -2.0]","[2.0, 2.0]","[0.0, 1.7320508]","[-6.0, -2.0]","[6.0, 6.5]","[5.91608, 6.0]","[1.0, 1.0]",[1.0],[0.0],[-2.0],1,0,1,0,1.0,0.0,1
547,1,1,1,"[0.5, 0.5, 1.0, 1.5, 1.5, 2.0, 2.0, 3.0, 3.5, 3.5]","[0.0, 0.0, 0.0, 0.0, 0.0, 0.0, 1.7320508, 2.236068, 3.1622777, 3.4641016]",[1.0],[0.0],[-2.5],[1.0],[0.0],[-2.5],[5.5],[4.8989797],[5.0],[5.5],[4.8989797],[5.0],0,1,0,0,0.0,0.0,1
10277,5,3,2,"[0.5, 1.0, 1.0, 1.5, 2.5, 3.5, 4.0, 4.0, 4.0, 4.5]","[0.0, 0.0, 0.0, 1.4142135, 2.0, 2.828427, 3.1622777, 3.4641016, 3.4641016, 3.4641016]","[0.5, 1.5, 1.5, 2.5, 3.0]","[0.0, 0.0, 0.0, 1.4142135, 2.0]","[-5.5, -4.0, -3.5, -2.5, -2.0]","[0.5, 1.5, 1.5]","[0.0, 0.0, 1.4142135]","[-5.5, -3.5, -2.5]","[5.0, 6.0, 7.5]","[5.0, 5.656854, 7.3484693]","[2.0, 3.5, 6.5]","[4.0, 5.0]","[3.8729835, 5.0]","[3.0, 3.5]",1,1,1,0,1.0,0.0,0
793,4,2,1,"[0.0, 0.5, 1.0, 1.0, 1.5, 2.0, 4.0, 5.0, 5.5, 5.5]","[0.0, 0.0, 0.0, 0.0, 1.4142135, 1.7320508, 3.4641016, 4.2426405, 4.582576, 5.477226]","[3.0, 3.0, 3.0, 4.0]","[0.0, 2.236068, 3.0, 4.0]","[-3.5, -3.0, -1.5, -1.5]","[3.0, 4.0]","[3.0, 4.0]","[-3.5, -3.0]","[4.0, 4.5]","[0.0, 3.4641016]","[0.0, 0.5]",[4.0],[0.0],[1.5],1,0,1,0,1.0,0.0,1
87619,4,2,1,"[0.0, 1.0, 1.5, 1.5, 2.0, 2.0, 2.5, 3.5, 4.0, 7.0]","[0.0, 0.0, 0.0, 0.0, 0.0, 0.0, 1.4142135, 1.7320508, 3.4641016, 6.928203]","[2.0, 3.0, 3.0, 4.5]","[0.0, 2.236068, 2.236068, 4.2426405]","[-4.0, -3.0, -2.5, -2.0]","[3.0, 4.5]","[2.236068, 4.2426405]","[-4.0, -2.0]","[1.5, 3.0]","[1.4142135, 3.0]","[-1.5, -1.0]",[3.5],[2.4494898],[3.5],1,0,1,0,1.0,0.0,0
643,2,1,1,"[0.5, 1.0, 1.0, 1.0, 2.0, 2.5, 2.5, 2.5, 3.5, 7.0]","[0.0, 0.0, 0.0, 0.0, 0.0, 0.0, 2.0, 2.0, 3.1622777, 6.928203]","[3.0, 3.5]","[2.828427, 3.1622777]","[-2.0, -2.0]",[3.0],[2.828427],[-2.0],[5.0],[4.0],[0.5],[5.0],[4.0],[0.5],0,1,0,0,0.0,0.0,1
38577,1,1,1,"[0.5, 0.5, 1.0, 1.0, 1.0, 1.0, 1.0, 3.0, 3.5, 7.0]","[0.0, 0.0, 0.0, 0.0, 0.0, 0.0, 0.0, 1.0, 2.828427, 6.708204]",[3.5],[2.4494898],[-4.5],[3.5],[2.4494898],[-4.5],[8.5],[8.485281],[6.0],[8.5],[8.485281],[6.0],0,1,0,0,0.0,0.0,0
450,2,1,1,"[0.5, 1.5, 1.5, 2.0, 2.0, 2.0, 2.5, 3.0, 3.0, 5.5]","[0.0, 0.0, 0.0, 1.7320508, 1.7320508, 1.7320508, 2.0, 2.828427, 2.828427, 5.477226]","[2.5, 3.5]","[2.4494898, 3.1622777]","[-2.0, -1.5]",[2.5],[2.4494898],[-2.0],[4.0],[0.0],[1.5],[4.0],[0.0],[1.5],0,1,0,0,0.0,0.0,1
517,4,2,1,"[0.0, 0.5, 0.5, 1.0, 1.5, 1.5, 4.0, 4.5, 4.5, 6.5]","[0.0, 0.0, 0.0, 0.0, 0.0, 0.0, 1.0, 3.8729835, 4.2426405, 6.4807405]","[2.5, 2.5, 3.0, 3.5]","[0.0, 2.0, 2.236068, 3.1622777]","[-3.5, -3.0, -1.0, -1.0]","[2.5, 3.0]","[2.0, 2.236068]","[-3.5, -3.0]","[2.0, 7.0]","[0.0, 6.708204]","[-3.0, 2.5]",[4.5],[0.0],[1.5],1,0,1,0,1.0,0.0,1
96,6,3,2,"[1.0, 1.5, 1.5, 2.5, 3.0, 3.0, 3.5, 4.0, 5.5, 6.0]","[0.0, 0.0, 0.0, 1.4142135, 1.4142135, 2.4494898, 2.828427, 3.8729835, 4.2426405, 5.656854]","[0.5, 1.5, 3.0, 4.5, 4.5, 6.0]","[0.0, 0.0, 1.4142135, 3.7416575, 4.472136, 5.91608]","[-5.5, -3.0, -2.5, -2.5, -2.0, -1.0]","[0.5, 1.5, 3.0]","[0.0, 0.0, 1.4142135]","[-5.5, -2.5, -2.5]","[2.5, 5.5, 7.5]","[2.0, 4.2426405, 7.3484693]","[1.0, 2.0, 3.5]","[2.5, 4.0]","[2.0, 3.4641016]","[1.0, 2.5]",1,1,1,0,1.0,0.0,1
162,4,2,2,"[0.5, 0.5, 0.5, 0.5, 1.5, 2.5, 3.0, 4.0, 5.0, 8.0]","[0.0, 0.0, 0.0, 0.0, 1.4142135, 2.0, 2.828427, 3.0, 3.8729835, 7.937254]","[0.5, 2.5, 4.5, 4.5]","[0.0, 2.4494898, 2.828427, 4.2426405]","[-5.0, -3.5, -3.5, -1.0]","[0.5, 2.5]","[0.0, 2.4494898]","[-5.0, -3.5]","[5.0, 7.0]","[4.582576, 6.928203]","[1.0, 2.5]","[5.0, 7.0]","[4.582576, 6.928203]","[1.0, 2.5]",0,2,0,0,0.0,0.0,1
211,27,6,3,"[1.5, 3.0, 4.0, 5.0, 5.5, 5.5, 5.5, 5.5, 6.0, 8.0]","[0.0, 0.0, 0.0, 3.0, 4.8989797, 5.2915025, 5.477226, 5.477226, 5.91608, 7.937254]","[0.5, 0.5, 0.5, 0.5, 1.0, 1.0, 1.0, 1.0, 1.5, 1.5, 1.5, 2.0, 2.5, 2.5, 2.5, 3.0, 3.0, 3.5, 3.5, 3.5, 3.5, 4.0, 4.5, 4.5, 4.5, 5.0, 5.0]","[0.0, 0.0, 0.0, 0.0, 0.0, 0.0, 0.0, 0.0, 0.0, 0.0, 0.0, 1.4142135, 1.4142135, 2.0, 2.0, 2.236068, 2.4494898, 2.6457512, 2.828427, 3.1622777, 3.4641016, 3.4641016, 4.2426405, 4.2426405, 4.472136, 4.8989797, 5.0]","[-7.5, -7.0, -5.5, -5.5, -5.5, -5.0, -5.0, -5.0, -5.0, -5.0, -4.5, -4.0, -4.0, -4.0, -3.5, -3.5, -3.5, -3.5, -3.0, -3.0, -3.0, -2.5, -2.5, -2.5, -2.5, -2.0, -1.5]","[0.5, 0.5, 0.5, 1.0, 1.0, 1.0]","[0.0, 0.0, 0.0, 0.0, 0.0, 0.0]","[-7.0, -5.5, -5.5, -5.0, -3.5, -1.5]","[3.0, 3.5, 5.0, 5.0, 6.0, 7.5]","[2.828427, 3.4641016, 4.8989797, 4.8989797, 5.656854, 7.3484693]","[-2.5, -2.5, -2.0, 0.5, 1.5, 4.5]","[3.0, 6.0, 6.5]","[2.236068, 5.656854, 6.3245554]","[-2.0, 3.0, 3.0]",3,1,2,0,1.5,0.0,1
27095,8,4,2,"[0.0, 0.5, 1.5, 1.5, 1.5, 2.5, 2.5, 4.5, 7.0, 8.5]","[0.0, 0.0, 0.0, 0.0, 1.4142135, 1.4142135, 2.4494898, 3.7416575, 6.708204, 8.485281]","[1.5, 2.5, 2.5, 3.5, 3.5, 4.0, 5.0, 5.5]","[0.0, 0.0, 1.4142135, 2.0, 2.4494898, 3.4641016, 4.582576, 4.8989797]","[-4.0, -3.5, -3.5, -3.5, -3.0, -2.5, -1.5, -1.5]","[1.5, 2.5, 3.5, 4.0]","[0.0, 1.4142135, 2.4494898, 3.4641016]","[-4.0, -3.5, -3.0, -2.5]","[1.0, 4.0, 5.5, 7.5]","[0.0, 0.0, 5.477226, 7.3484693]","[-3.5, -0.5, 2.0, 2.5]","[6.0, 8.0]","[5.91608, 7.937254]","[5.0, 7.0]",2,0,2,0,1.0,0.0,0
8222,2,1,1,"[0.0, 0.5, 0.5, 0.5, 0.5, 1.5, 2.0, 4.0, 4.0, 5.5]","[0.0, 0.0, 0.0, 0.0, 0.0, 0.0, 0.0, 1.4142135, 2.0, 4.2426405]","[3.0, 3.0]","[0.0, 2.236068]","[-5.5, -1.5]",[3.0],[2.236068],[-5.5],[4.5],[4.472136],[3.5],[4.5],[4.472136],[3.5],0,1,0,0,0.0,0.0,0
194,29,8,1,"[1.5, 3.5, 5.0, 5.5, 5.5, 5.5, 5.5, 7.0, 7.5, 8.0]","[0.0, 2.4494898, 3.0, 4.8989797, 4.8989797, 5.477226, 5.477226, 6.928203, 7.3484693, 7.937254]","[0.0, 0.0, 0.5, 1.0, 1.5, 1.5, 1.5, 1.5, 2.0, 2.0, 2.0, 2.5, 2.5, 2.5, 2.5, 2.5, 2.5, 2.5, 3.0, 3.5, 3.5, 4.0, 4.0, 4.5, 5.0, 5.0, 5.0, 5.5, 6.5]","[0.0, 0.0, 0.0, 0.0, 0.0, 0.0, 0.0, 0.0, 0.0, 0.0, 0.0, 1.4142135, 1.4142135, 1.4142135, 2.0, 2.0, 2.0, 2.0, 2.4494898, 2.828427, 3.1622777, 3.4641016, 3.7416575, 3.8729835, 4.8989797, 4.8989797, 4.8989797, 4.8989797, 6.4807405]","[-8.0, -7.0, -6.0, -6.0, -6.0, -6.0, -5.5, -5.0, -5.0, -4.5, -4.5, -4.0, -4.0, -4.0, -3.5, -3.5, -3.5, -3.5, -3.5, -3.5, -3.5, -2.5, -2.5, -2.5, -2.5, -2.0, -2.0, -1.0, -1.0]","[0.0, 0.0, 1.0, 1.5, 1.5, 2.0, 2.0, 2.5]","[0.0, 0.0, 0.0, 0.0, 0.0, 0.0, 1.4142135, 2.0]","[-8.0, -7.0, -6.0, -6.0, -4.5, -4.0, -3.5, -2.5]","[1.5, 2.5, 3.5, 3.5, 4.0, 5.0, 6.5, 8.5]","[0.0, 1.4142135, 2.0, 2.6457512, 3.0, 3.4641016, 6.0, 8.485281]","[-5.5, -4.0, -4.0, -3.0, -1.0, 0.0, 0.5, 6.5]",[6.0],[5.196152],[5.0],7,0,1,0,7.0,0.0,1
674,2,2,1,"[0.5, 1.0, 1.0, 1.0, 2.0, 2.0, 3.0, 3.0, 3.5, 5.0]","[0.0, 0.0, 0.0, 0.0, 1.7320508, 2.0, 2.236068, 2.236068, 2.4494898, 4.8989797]","[2.0, 3.5]","[1.7320508, 3.4641016]","[-2.5, -1.0]","[2.0, 3.5]","[1.7320508, 3.4641016]","[-2.5, -1.0]","[3.0, 6.5]","[3.0, 6.4807405]","[-1.0, 4.0]",[8.5],[8.485281],[7.0],1,0,1,0,1.0,0.0,1
787,29,6,2,"[1.5, 2.5, 2.5, 2.5, 4.0, 4.5, 6.5, 7.5, 8.5, 8.5]","[0.0, 0.0, 1.4142135, 2.0, 4.0, 4.472136, 6.0, 7.483315, 8.485281, 8.485281]","[0.0, 0.0, 0.5, 0.5, 1.0, 1.0, 1.0, 1.5, 1.5, 1.5, 1.5, 2.0, 2.0, 2.0, 2.5, 2.5, 3.0, 3.0, 3.0, 3.5, 3.5, 3.5, 4.0, 4.0, 4.0, 4.5, 5.0, 5.0, 6.0]","[0.0, 0.0, 0.0, 0.0, 0.0, 0.0, 0.0, 0.0, 0.0, 0.0, 0.0, 0.0, 0.0, 2.0, 2.0, 2.4494898, 2.4494898, 2.4494898, 2.6457512, 2.828427, 3.0, 3.0, 3.1622777, 3.4641016, 3.8729835, 4.472136, 4.582576, 4.8989797, 5.656854]","[-7.0, -6.5, -5.5, -5.5, -5.0, -5.0, -5.0, -4.5, -4.5, -4.5, -4.5, -4.5, -4.0, -4.0, -4.0, -4.0, -3.5, -3.5, -3.5, -3.0, -3.0, -3.0, -3.0, -3.0, -2.5, -2.5, -2.0, -2.0, -1.0]","[0.0, 0.0, 0.5, 1.0, 1.5, 1.5]","[0.0, 0.0, 0.0, 0.0, 0.0, 0.0]","[-4.5, -4.5, -4.5, -4.0, -4.0, -2.5]","[3.0, 4.5, 4.5, 5.5, 5.5, 7.5]","[2.828427, 2.828427, 4.2426405, 4.8989797, 5.477226, 7.483315]","[-3.0, -1.0, -0.5, 0.5, 2.5, 2.5]","[2.0, 3.0]","[2.0, 2.828427]","[-7.0, -3.0]",4,1,1,0,4.0,0.0,1
99863,3,3,2,"[0.0, 0.5, 1.0, 1.5, 1.5, 2.5, 3.0, 3.5, 5.0, 8.0]","[0.0, 0.0, 0.0, 0.0, 0.0, 1.4142135, 2.0, 2.4494898, 4.582576, 8.0]","[3.0, 3.0, 4.0]","[2.236068, 2.236068, 2.6457512]","[-4.0, -2.5, -1.0]","[3.0, 3.0, 4.0]","[2.236068, 2.236068, 2.6457512]","[-4.0, -2.5, -1.0]","[2.5, 3.5, 3.5]","[0.0, 2.4494898, 3.4641016]","[-1.5, -0.5, 1.5]","[3.5, 6.0]","[0.0, 5.656854]","[1.5, 6.0]",1,1,1,0,1.0,0.0,0
82265,5,2,2,"[0.0, 0.5, 0.5, 0.5, 1.5, 2.0, 2.5, 5.0, 6.0, 7.0]","[0.0, 0.0, 0.0, 0.0, 0.0, 1.7320508, 2.4494898, 4.582576, 5.196152, 7.0]","[0.5, 2.5, 3.0, 3.5, 5.0]","[0.0, 2.0, 2.236068, 2.4494898, 4.0]","[-6.5, -4.5, -3.5, -2.0, -1.0]","[0.5, 2.5]","[0.0, 2.0]","[-6.5, -3.5]","[5.5, 7.5]","[5.477226, 7.3484693]","[0.5, 5.5]","[5.5, 7.5]","[5.477226, 7.3484693]","[0.5, 5.5]",0,2,0,0,0.0,0.0,0
53,7,3,0,"[1.0, 1.0, 1.0, 1.0, 1.5, 2.5, 3.5, 4.0, 5.0, 6.0]","[0.0, 0.0, 0.0, 1.0, 1.0, 2.0, 2.4494898, 3.4641016, 4.8989797, 6.0]","[1.0, 1.5, 1.5, 1.5, 2.0, 3.0, 3.5]","[0.0, 0.0, 1.0, 1.4142135, 1.4142135, 2.236068, 3.4641016]","[-4.5, -3.5, -3.0, -3.0, -2.5, -1.5, -1.5]","[1.0, 1.5, 2.0]","[0.0, 1.0, 1.4142135]","[-4.5, -3.0, -1.5]","[3.0, 3.5, 6.5]","[0.0, 2.236068, 6.0]","[-3.0, -2.5, 5.0]",[],[],[],3,0,0,1,0.0,3.0,1
732,44,6,3,"[2.5, 4.5, 5.0, 5.5, 6.0, 7.0, 7.5, 7.5, 8.5, 8.5]","[2.4494898, 3.0, 4.2426405, 4.2426405, 5.91608, 6.708204, 7.483315, 7.483315, 8.485281, 8.485281]","[0.5, 0.5, 0.5, 1.0, 1.0, 1.0, 1.5, 1.5, 1.5, 1.5, 2.0, 2.0, 2.0, 2.5, 2.5, 3.0, 3.0, 3.0, 3.0, 3.0, 3.0, 3.0, 3.0, 3.0, 3.0, 3.5, 3.5, 3.5, 3.5, 3.5, 3.5, 3.5, 3.5, 3.5, 4.0, 4.5, 4.5, 4.5, 5.0, 5.0, 5.5, 6.0, 6.5, 7.0]","[0.0, 0.0, 0.0, 0.0, 0.0, 0.0, 0.0, 0.0, 0.0, 0.0, 0.0, 0.0, 0.0, 1.0, 1.4142135, 1.4142135, 1.4142135, 1.4142135, 2.0, 2.0, 2.236068, 2.236068, 2.4494898, 2.4494898, 2.4494898, 2.828427, 2.828427, 2.828427, 3.0, 3.0, 3.0, 3.1622777, 3.4641016, 3.4641016, 3.4641016, 3.4641016, 3.7416575, 4.0, 4.472136, 4.8989797, 4.8989797, 5.91608, 6.3245554, 6.928203]","[-8.0, -6.5, -6.5, -6.5, -6.0, -6.0, -6.0, -6.0, -6.0, -6.0, -5.5, -5.5, -5.5, -5.5, -5.5, -5.0, -5.0, -4.5, -4.5, -4.5, -4.5, -4.0, -4.0, -4.0, -4.0, -4.0, -3.5, -3.5, -3.5, -3.5, -3.5, -3.0, -3.0, -2.5, -2.5, -2.5, -2.0, -2.0, -2.0, -2.0, -1.5, -1.5, -1.5, -1.0]","[0.5, 0.5, 0.5, 2.0, 3.0, 3.0]","[0.0, 0.0, 0.0, 0.0, 2.0, 2.828427]","[-8.0, -6.0, -5.5, -5.0, -5.0, -2.5]","[3.5, 6.0, 6.5, 6.5, 7.0, 8.0]","[2.4494898, 5.91608, 6.3245554, 6.4807405, 6.708204, 7.937254]","[-4.0, -2.5, -0.5, 0.0, 2.5, 3.0]","[1.0, 3.5, 6.5]","[1.0, 3.4641016, 6.3245554]","[-6.5, -1.0, 2.5]",3,1,2,0,1.5,0.0,1
36952,3,2,1,"[0.5, 0.5, 1.0, 1.5, 2.0, 2.0, 3.0, 4.0, 5.5, 6.0]","[0.0, 0.0, 0.0, 0.0, 0.0, 1.7320508, 2.6457512, 2.828427, 5.196152, 5.477226]","[3.0, 4.5, 4.5]","[2.236068, 2.828427, 3.7416575]","[-2.5, -2.0, -1.5]","[3.0, 4.5]","[2.236068, 3.7416575]","[-2.5, -1.5]","[4.0, 5.5]","[3.4641016, 5.2915025]","[-0.5, 2.5]",[6.0],[5.91608],[4.0],1,0,1,0,1.0,0.0,0
786,1,1,1,"[0.0, 0.5, 1.0, 1.0, 1.5, 2.0, 2.5, 2.5, 3.0, 5.5]","[0.0, 0.0, 0.0, 0.0, 0.0, 0.0, 2.0, 2.4494898, 2.4494898, 5.2915025]",[2.0],[1.7320508],[-1.0],[2.0],[1.7320508],[-1.0],[8.0],[8.0],[4.5],[8.0],[8.0],[4.5],0,1,0,0,0.0,0.0,1
87921,3,2,1,"[0.0, 0.5, 1.0, 1.0, 1.5, 1.5, 2.5, 3.0, 4.0, 7.0]","[0.0, 0.0, 0.0, 0.0, 1.0, 1.4142135, 2.4494898, 2.828427, 3.4641016, 6.928203]","[3.0, 3.0, 3.0]","[0.0, 2.236068, 2.828427]","[-3.0, -2.5, -1.0]","[3.0, 3.0]","[2.236068, 2.828427]","[-2.5, -1.0]","[1.5, 4.5]","[0.0, 4.472136]","[-2.5, 0.5]",[5.0],[3.0],[4.0],1,0,1,0,1.0,0.0,0
35736,5,2,1,"[0.0, 0.0, 0.5, 1.5, 2.5, 2.5, 3.0, 4.5, 4.5, 7.0]","[0.0, 0.0, 0.0, 0.0, 1.4142135, 2.0, 2.0, 2.236068, 4.472136, 6.708204]","[1.5, 3.0, 3.0, 4.5, 4.5]","[0.0, 0.0, 2.828427, 2.828427, 3.7416575]","[-5.0, -4.0, -2.5, -2.0, -2.0]","[1.5, 3.0]","[0.0, 2.828427]","[-5.0, -4.0]","[3.0, 3.5]","[0.0, 2.236068]","[-1.5, -1.5]",[5.5],[4.8989797],[3.0],1,0,1,0,1.0,0.0,0
206,19,6,3,"[2.0, 2.5, 3.0, 4.5, 4.5, 5.0, 5.5, 5.5, 6.0, 6.5]","[2.0, 2.0, 2.828427, 2.828427, 3.7416575, 4.582576, 5.477226, 5.477226, 6.0, 6.0]","[0.5, 0.5, 0.5, 1.0, 1.5, 1.5, 2.0, 2.5, 2.5, 2.5, 3.0, 3.0, 3.0, 3.0, 3.0, 3.0, 4.0, 5.5, 6.0]","[0.0, 0.0, 0.0, 0.0, 0.0, 0.0, 0.0, 1.4142135, 1.4142135, 1.7320508, 2.0, 2.4494898, 2.828427, 2.828427, 3.0, 3.0, 3.8729835, 5.2915025, 5.656854]","[-6.0, -6.0, -5.0, -4.5, -4.5, -4.5, -4.0, -3.5, -3.5, -3.5, -3.0, -3.0, -3.0, -2.5, -2.5, -1.5, -1.5, -1.5, -1.5]","[0.5, 0.5, 1.5, 2.5, 2.5, 2.5]","[0.0, 0.0, 0.0, 1.4142135, 2.0, 2.4494898]","[-6.0, -5.0, -4.5, -3.5, -3.5, -3.0]","[1.5, 5.0, 7.0, 8.0, 8.0, 9.0]","[0.0, 4.582576, 6.928203, 8.0, 8.0, 9.0]","[-1.5, 1.5, 2.5, 2.5, 4.0, 5.5]","[1.5, 2.0, 5.0]","[0.0, 1.7320508, 4.582576]","[-1.5, 0.5, 2.5]",3,2,1,0,3.0,0.0,1
957,2,2,2,"[0.5, 0.5, 1.0, 1.0, 1.0, 1.5, 2.5, 4.5, 5.5, 7.0]","[0.0, 0.0, 0.0, 0.0, 0.0, 0.0, 0.0, 2.0, 4.8989797, 6.928203]","[0.5, 4.0]","[0.0, 3.4641016]","[-3.5, -1.5]","[0.5, 4.0]","[0.0, 3.4641016]","[-3.5, -1.5]","[5.5, 6.0]","[5.2915025, 6.0]","[2.0, 5.5]","[5.5, 6.0]","[5.2915025, 6.0]","[2.0, 5.5]",0,2,0,0,0.0,0.0,1
302,1,1,1,"[0.5, 0.5, 1.0, 1.0, 1.5, 1.5, 2.5, 2.5, 3.0, 5.0]","[0.0, 0.0, 0.0, 0.0, 0.0, 0.0, 0.0, 1.0, 2.236068, 4.0]",[3.5],[3.1622777],[-3.0],[3.5],[3.1622777],[-3.0],[8.0],[7.937254],[7.0],[8.0],[7.937254],[7.0],0,1,0,0,0.0,0.0,1
848,5,2,2,"[0.5, 1.0, 1.0, 1.0, 1.5, 2.5, 2.5, 2.5, 4.0, 7.0]","[0.0, 0.0, 0.0, 0.0, 0.0, 2.4494898, 2.4494898, 2.4494898, 3.4641016, 6.928203]","[1.0, 1.0, 2.5, 2.5, 4.0]","[0.0, 0.0, 1.0, 2.4494898, 2.6457512]","[-5.0, -3.0, -3.0, -2.0, -1.0]","[1.0, 2.5]","[1.0, 2.4494898]","[-3.0, -3.0]","[4.5, 8.0]","[2.828427, 8.0]","[3.5, 4.0]","[4.5, 8.0]","[2.828427, 8.0]","[3.5, 4.0]",0,2,0,0,0.0,0.0,1
9478,7,2,1,"[0.0, 1.5, 1.5, 1.5, 1.5, 2.0, 2.5, 3.0, 3.5, 7.5]","[0.0, 0.0, 0.0, 0.0, 0.0, 1.4142135, 2.0, 3.0, 3.1622777, 7.3484693]","[1.0, 1.0, 1.5, 1.5, 2.0, 2.5, 3.5]","[0.0, 0.0, 0.0, 1.0, 2.0, 2.4494898, 3.4641016]","[-4.0, -3.5, -3.5, -2.5, -2.0, -2.0, -1.0]","[1.0, 2.5]","[1.0, 2.4494898]","[-3.5, -3.5]","[1.0, 5.5]","[0.0, 5.477226]","[-2.0, -0.5]",[7.5],[7.483315],[6.0],1,0,1,0,1.0,0.0,0
198,2,1,1,"[0.5, 1.0, 1.0, 1.5, 2.5, 2.5, 3.0, 3.0, 4.0, 4.0]","[0.0, 0.0, 0.0, 0.0, 0.0, 0.0, 1.0, 1.4142135, 2.0, 2.6457512]","[3.0, 3.5]","[2.236068, 3.4641016]","[-3.5, -3.0]",[3.0],[2.236068],[-3.5],[6.0],[5.196152],[5.5],[6.0],[5.196152],[5.5],0,1,0,0,0.0,0.0,1
109,4,2,2,"[0.0, 0.5, 0.5, 0.5, 1.5, 3.0, 4.0, 4.5, 6.0, 6.5]","[0.0, 0.0, 0.0, 0.0, 0.0, 1.4142135, 2.828427, 4.472136, 6.0, 6.4807405]","[0.5, 2.0, 3.0, 3.5]","[0.0, 1.7320508, 2.828427, 3.1622777]","[-4.0, -3.0, -3.0, -2.5]","[0.5, 2.0]","[0.0, 1.7320508]","[-3.0, -3.0]","[7.5, 9.0]","[7.483315, 9.0]","[3.0, 4.5]","[7.5, 9.0]","[7.483315, 9.0]","[3.0, 4.5]",0,2,0,0,0.0,0.0,1
130,14,3,2,"[0.5, 0.5, 0.5, 3.5, 3.5, 3.5, 5.0, 5.0, 6.5, 8.0]","[0.0, 0.0, 0.0, 2.4494898, 3.0, 3.4641016, 3.4641016, 4.0, 6.4807405, 7.937254]","[0.5, 1.0, 1.5, 1.5, 2.0, 2.5, 3.0, 3.0, 3.0, 3.0, 3.5, 4.0, 6.5, 7.0]","[0.0, 0.0, 0.0, 0.0, 0.0, 0.0, 1.0, 1.4142135, 2.828427, 2.828427, 3.1622777, 3.8729835, 6.3245554, 7.0]","[-6.5, -5.0, -4.5, -4.5, -4.0, -4.0, -3.5, -3.0, -3.0, -2.5, -2.0, -2.0, -1.5, -1.0]","[0.5, 1.0, 1.5]","[0.0, 0.0, 1.0]","[-6.5, -5.0, -4.5]","[1.5, 3.0, 7.5]","[0.0, 1.4142135, 7.483315]","[-4.0, -3.0, 5.0]","[3.0, 7.5]","[2.236068, 7.483315]","[-2.0, 5.0]",1,1,1,0,1.0,0.0,1
19,1,1,1,"[0.5, 0.5, 1.0, 1.5, 2.0, 2.5, 2.5, 2.5, 3.0, 3.0]","[0.0, 0.0, 0.0, 1.0, 1.4142135, 1.7320508, 2.236068, 2.236068, 2.4494898, 2.4494898]",[2.5],[2.4494898],[-1.5],[2.5],[2.4494898],[-1.5],[5.0],[4.8989797],[3.5],[5.0],[4.8989797],[3.5],0,1,0,0,0.0,0.0,1
75023,5,2,1,"[0.5, 0.5, 0.5, 1.0, 1.5, 1.5, 2.5, 5.5, 8.0, 8.0]","[0.0, 0.0, 0.0, 0.0, 0.0, 0.0, 2.0, 5.477226, 7.937254, 8.0]","[1.5, 2.0, 2.5, 4.5, 5.0]","[0.0, 0.0, 2.4494898, 4.2426405, 4.8989797]","[-6.0, -4.5, -3.5, -3.0, -1.0]","[1.5, 2.5]","[0.0, 2.4494898]","[-6.0, -4.5]","[2.5, 4.5]","[2.0, 4.2426405]","[-3.0, -2.0]",[7.0],[6.928203],[3.0],1,0,1,0,1.0,0.0,0
412,5,2,1,"[0.0, 0.0, 1.0, 1.5, 2.0, 2.5, 2.5, 4.0, 5.5, 8.0]","[0.0, 0.0, 0.0, 0.0, 0.0, 2.0, 2.4494898, 4.0, 4.2426405, 7.937254]","[1.5, 2.5, 3.0, 3.5, 7.0]","[0.0, 0.0, 1.4142135, 3.1622777, 6.928203]","[-3.5, -3.0, -3.0, -2.0, -1.0]","[1.5, 3.5]","[1.4142135, 3.1622777]","[-3.5, -3.0]","[3.0, 6.0]","[0.0, 5.656854]","[-1.0, 1.5]",[3.0],[2.828427],[2.5],1,0,1,0,1.0,0.0,1
995,25,6,2,"[3.0, 3.5, 3.5, 3.5, 5.0, 5.0, 5.0, 5.5, 7.0, 7.5]","[2.4494898, 3.0, 3.0, 3.1622777, 3.4641016, 4.2426405, 4.582576, 4.8989797, 6.708204, 7.483315]","[0.0, 1.0, 1.0, 1.0, 1.0, 1.5, 1.5, 1.5, 1.5, 2.0, 2.0, 2.0, 2.0, 2.0, 2.5, 2.5, 3.0, 3.0, 3.0, 3.5, 3.5, 3.5, 4.5, 4.5, 6.0]","[0.0, 0.0, 0.0, 0.0, 0.0, 0.0, 0.0, 0.0, 1.0, 1.0, 1.4142135, 1.4142135, 1.7320508, 1.7320508, 1.7320508, 2.0, 2.236068, 2.4494898, 2.4494898, 2.828427, 3.1622777, 3.4641016, 3.7416575, 4.472136, 6.0]","[-6.0, -5.5, -5.5, -5.5, -5.0, -5.0, -5.0, -4.5, -4.5, -4.5, -4.5, -4.0, -4.0, -3.5, -3.5, -3.5, -3.5, -3.0, -2.5, -2.5, -2.5, -2.0, -1.5, -1.5, -1.0]","[0.0, 1.0, 1.0, 1.0, 1.5, 3.0]","[0.0, 0.0, 0.0, 1.0, 1.4142135, 2.236068]","[-5.5, -5.0, -5.0, -5.0, -3.5, -3.5]","[4.0, 5.0, 7.0, 7.0, 8.0, 9.0]","[3.8729835, 4.582576, 6.928203, 7.0, 7.937254, 9.0]","[-1.5, 2.0, 2.5, 3.0, 4.0, 4.5]","[1.5, 5.0]","[1.4142135, 4.582576]","[-0.5, 2.5]",4,1,1,0,4.0,0.0,1
18410,3,2,2,"[0.0, 0.5, 1.0, 1.5, 2.0, 2.5, 3.0, 3.0, 4.0, 4.0]","[0.0, 0.0, 0.0, 0.0, 0.0, 0.0, 0.0, 1.4142135, 3.0, 3.8729835]","[1.5, 2.5, 3.0]","[0.0, 0.0, 1.4142135]","[-4.5, -2.0, -1.5]","[1.5, 2.5]","[0.0, 1.4142135]","[-4.5, -2.0]","[7.0, 8.5]","[6.708204, 8.485281]","[5.5, 8.5]","[7.0, 8.5]","[6.708204, 8.485281]","[5.5, 8.5]",0,2,0,0,0.0,0.0,0
15538,2,2,1,"[0.0, 0.5, 0.5, 0.5, 1.0, 1.5, 1.5, 1.5, 3.0, 8.5]","[0.0, 0.0, 0.0, 0.0, 0.0, 0.0, 0.0, 0.0, 1.4142135, 8.485281]","[2.0, 3.0]","[0.0, 0.0]","[-2.5, -2.0]","[2.0, 3.0]","[0.0, 0.0]","[-2.5, -2.0]","[3.0, 5.0]","[2.236068, 4.8989797]","[-2.0, 0.5]",[8.0],[7.937254],[7.0],1,0,1,0,1.0,0.0,0
30636,2,2,1,"[0.0, 1.0, 1.0, 1.0, 1.5, 1.5, 3.0, 4.0, 5.5, 6.5]","[0.0, 0.0, 0.0, 1.0, 1.0, 1.4142135, 2.828427, 3.8729835, 5.2915025, 6.4807405]","[1.5, 2.5]","[0.0, 0.0]","[-3.0, -2.0]","[1.5, 2.5]","[0.0, 0.0]","[-3.0, -2.0]","[3.0, 4.5]","[2.828427, 3.0]","[-1.0, 0.5]",[4.5],[4.2426405],[3.0],1,0,1,0,1.0,0.0,0
798,5,3,3,"[0.5, 1.0, 1.5, 2.0, 2.0, 2.5, 3.0, 3.5, 3.5, 5.5]","[0.0, 0.0, 0.0, 0.0, 1.4142135, 2.0, 2.4494898, 2.828427, 3.1622777, 4.2426405]","[0.5, 1.5, 2.5, 4.0, 4.0]","[0.0, 1.4142135, 2.0, 2.6457512, 3.8729835]","[-3.5, -3.0, -2.0, -1.5, -1.0]","[0.5, 1.5, 4.0]","[0.0, 1.4142135, 2.6457512]","[-3.5, -3.0, -2.0]","[4.0, 5.0, 9.0]","[0.0, 4.582576, 9.0]","[2.0, 3.5, 7.0]","[4.0, 5.0, 9.0]","[0.0, 4.582576, 9.0]","[2.0, 3.5, 7.0]",0,3,0,0,0.0,0.0,1
667,2,2,1,"[0.0, 0.0, 0.0, 0.5, 1.0, 1.0, 1.5, 2.0, 5.0, 8.5]","[0.0, 0.0, 0.0, 0.0, 0.0, 1.0, 1.4142135, 1.7320508, 5.0, 8.485281]","[2.5, 4.0]","[0.0, 0.0]","[-4.0, -1.0]","[2.5, 4.0]","[0.0, 0.0]","[-4.0, -1.0]","[4.0, 6.0]","[0.0, 5.196152]","[-3.0, 1.0]",[2.5],[2.4494898],[-1.0],1,0,1,0,1.0,0.0,1
367,2,1,1,"[0.0, 0.5, 0.5, 0.5, 1.0, 1.5, 2.0, 3.0, 3.0, 6.5]","[0.0, 0.0, 0.0, 0.0, 0.0, 0.0, 0.0, 1.4142135, 3.0, 6.0]","[3.0, 5.0]","[0.0, 4.0]","[-2.5, -2.5]",[3.0],[0.0],[-2.5],[3.5],[0.0],[1.0],[3.5],[0.0],[1.0],0,1,0,0,0.0,0.0,1
712,2,1,1,"[0.0, 0.0, 0.5, 0.5, 1.5, 2.5, 2.5, 3.5, 4.5, 5.5]","[0.0, 0.0, 0.0, 0.0, 0.0, 0.0, 1.4142135, 3.4641016, 4.2426405, 4.472136]","[3.0, 4.5]","[0.0, 4.472136]","[-3.5, -2.5]",[4.5],[4.472136],[-2.5],[5.5],[5.2915025],[4.5],[5.5],[5.2915025],[4.5],0,1,0,0,0.0,0.0,1
99354,6,2,1,"[0.0, 0.5, 0.5, 1.0, 1.5, 2.0, 2.0, 2.5, 8.5, 8.5]","[0.0, 0.0, 0.0, 0.0, 0.0, 1.0, 1.4142135, 2.0, 8.485281, 8.485281]","[2.5, 2.5, 3.0, 4.5, 5.0, 5.5]","[0.0, 0.0, 2.0, 3.7416575, 4.582576, 5.477226]","[-5.5, -3.5, -3.0, -2.5, -1.5, -1.0]","[2.5, 2.5]","[0.0, 2.0]","[-3.5, -2.5]","[4.5, 5.0]","[0.0, 5.0]","[0.0, 0.0]",[1.5],[0.0],[0.5],1,0,1,0,1.0,0.0,0
309,3,1,1,"[0.0, 0.5, 1.0, 1.0, 1.5, 2.5, 3.0, 3.0, 3.0, 6.0]","[0.0, 0.0, 0.0, 0.0, 0.0, 1.0, 2.0, 2.236068, 3.0, 5.656854]","[2.0, 3.0, 3.5]","[0.0, 2.4494898, 2.828427]","[-4.0, -2.5, -2.0]",[3.0],[2.828427],[-4.0],[6.0],[5.91608],[4.0],[6.0],[5.91608],[4.0],0,1,0,0,0.0,0.0,1
68370,2,2,1,"[0.5, 1.5, 1.5, 2.0, 2.0, 2.0, 2.5, 3.5, 4.5, 5.5]","[0.0, 0.0, 0.0, 0.0, 0.0, 2.0, 2.0, 2.4494898, 4.472136, 5.477226]","[2.0, 2.5]","[1.7320508, 2.0]","[-3.0, -1.5]","[2.0, 2.5]","[1.7320508, 2.0]","[-3.0, -1.5]","[3.0, 5.0]","[2.236068, 4.582576]","[0.0, 2.5]",[3.0],[2.828427],[3.0],1,0,1,0,1.0,0.0,0
308,2,2,2,"[0.0, 0.5, 0.5, 1.0, 1.0, 1.5, 2.5, 3.0, 4.0, 5.0]","[0.0, 0.0, 0.0, 0.0, 0.0, 0.0, 1.0, 1.4142135, 2.828427, 4.0]","[2.0, 3.5]","[0.0, 2.4494898]","[-2.5, -2.5]","[2.0, 3.5]","[0.0, 2.4494898]","[-2.5, -2.5]","[4.5, 6.5]","[0.0, 6.4807405]","[3.5, 4.5]","[4.5, 6.5]","[0.0, 6.4807405]","[3.5, 4.5]",0,2,0,0,0.0,0.0,0
488,3,1,1,"[0.5, 0.5, 1.0, 1.5, 1.5, 2.0, 3.0, 4.0, 4.5, 5.5]","[0.0, 0.0, 0.0, 0.0, 0.0, 1.4142135, 2.0, 4.0, 4.2426405, 5.2915025]","[1.5, 2.0, 3.5]","[1.4142135, 1.7320508, 3.1622777]","[-4.0, -2.5, -1.5]",[1.5],[1.4142135],[-2.5],[6.0],[5.656854],[6.0],[6.0],[5.656854],[6.0],0,1,0,0,0.0,0.0,1
41,2,1,1,"[1.0, 1.0, 1.5, 1.5, 2.0, 2.0, 2.5, 3.0, 3.0, 5.5]","[0.0, 0.0, 0.0, 1.0, 1.4142135, 1.4142135, 1.7320508, 2.0, 2.236068, 4.8989797]","[2.0, 3.5]","[1.7320508, 2.4494898]","[-4.5, -1.5]",[2.0],[1.7320508],[-4.5],[6.0],[5.656854],[4.0],[6.0],[5.656854],[4.0],0,1,0,0,0.0,0.0,1
990,25,4,3,"[2.0, 3.0, 3.0, 3.5, 4.5, 6.0, 6.0, 6.5, 8.0, 8.0]","[0.0, 0.0, 2.0, 2.236068, 3.0, 5.91608, 5.91608, 6.3245554, 7.937254, 7.937254]","[0.0, 0.5, 1.5, 1.5, 1.5, 1.5, 2.0, 2.0, 2.5, 2.5, 3.5, 3.5, 3.5, 4.0, 4.0, 4.0, 4.0, 4.0, 4.0, 4.5, 4.5, 5.0, 5.0, 5.0, 5.0]","[0.0, 0.0, 0.0, 0.0, 0.0, 0.0, 1.4142135, 1.4142135, 1.4142135, 1.7320508, 2.0, 2.4494898, 2.828427, 3.1622777, 3.1622777, 3.4641016, 3.8729835, 3.8729835, 4.0, 4.0, 4.0, 4.2426405, 4.8989797, 4.8989797, 5.0]","[-8.0, -6.5, -5.5, -5.5, -5.5, -5.0, -5.0, -4.5, -4.5, -4.5, -4.5, -4.0, -3.5, -3.5, -3.0, -3.0, -2.5, -2.5, -2.0, -2.0, -2.0, -1.5, -1.5, -1.0, -1.0]","[0.0, 0.5, 1.5, 1.5]","[0.0, 0.0, 1.4142135, 1.4142135]","[-8.0, -5.5, -4.5, -4.5]","[2.0, 3.0, 4.5, 5.0]","[0.0, 1.7320508, 3.7416575, 4.8989797]","[-6.5, -1.0, 1.0, 1.5]","[3.0, 4.0, 4.5]","[0.0, 3.7416575, 4.0]","[-2.5, 1.0, 1.5]",1,2,1,0,1.0,0.0,1
89764,4,3,2,"[0.5, 0.5, 1.0, 1.0, 1.0, 2.0, 2.5, 3.5, 4.5, 6.5]","[0.0, 0.0, 0.0, 0.0, 0.0, 1.0, 2.4494898, 3.1622777, 3.7416575, 6.4807405]","[1.5, 2.0, 3.0, 4.0]","[0.0, 0.0, 1.4142135, 3.8729835]","[-2.5, -2.0, -1.5, -1.0]","[1.5, 3.0, 4.0]","[0.0, 1.4142135, 3.8729835]","[-2.5, -2.0, -1.0]","[4.0, 4.5, 5.5]","[2.6457512, 4.472136, 4.8989797]","[0.0, 2.5, 3.0]","[4.0, 7.5]","[2.6457512, 7.483315]","[3.0, 6.5]",1,1,1,0,1.0,0.0,0
1020,39,6,3,"[4.0, 4.5, 4.5, 5.5, 6.0, 6.0, 6.5, 6.5, 7.0, 7.5]","[0.0, 4.2426405, 4.2426405, 4.2426405, 5.91608, 5.91608, 6.0, 6.3245554, 7.0, 7.3484693]","[1.0, 1.0, 1.0, 1.0, 1.0, 1.5, 1.5, 1.5, 1.5, 1.5, 2.0, 2.0, 2.0, 2.0, 2.0, 2.5, 2.5, 3.0, 3.0, 3.0, 3.0, 3.5, 3.5, 3.5, 3.5, 3.5, 3.5, 3.5, 3.5, 3.5, 4.0, 4.5, 5.0, 5.0, 5.0, 5.5, 5.5, 6.0, 6.5]","[0.0, 0.0, 0.0, 0.0, 0.0, 0.0, 0.0, 0.0, 0.0, 0.0, 0.0, 1.0, 1.4142135, 1.4142135, 1.4142135, 1.7320508, 1.7320508, 2.0, 2.236068, 2.4494898, 2.4494898, 2.4494898, 2.828427, 2.828427, 2.828427, 3.1622777, 3.1622777, 3.4641016, 3.4641016, 3.4641016, 3.8729835, 4.2426405, 4.582576, 4.582576, 4.8989797, 5.0, 5.2915025, 6.0, 6.3245554]","[-7.5, -7.5, -6.5, -6.0, -6.0, -5.5, -5.5, -5.5, -5.0, -5.0, -5.0, -5.0, -4.5, -4.5, -4.5, -4.5, -4.5, -4.0, -4.0, -4.0, -3.5, -3.5, -3.5, -3.5, -3.5, -3.0, -3.0, -3.0, -2.5, -2.5, -2.5, -2.5, -2.5, -2.5, -2.0, -1.5, -1.5, -1.5, -1.5]","[1.0, 1.5, 1.5, 2.0, 2.5, 3.0]","[0.0, 0.0, 0.0, 1.4142135, 1.7320508, 2.236068]","[-7.5, -6.0, -5.0, -4.5, -4.5, -2.5]","[2.0, 3.5, 3.5, 4.0, 6.5, 8.5]","[0.0, 0.0, 3.1622777, 3.8729835, 6.0, 8.485281]","[-3.5, -3.0, -1.5, -0.5, 2.5, 3.5]","[1.5, 3.0, 4.5]","[1.4142135, 3.0, 3.7416575]","[-0.5, -0.5, 0.0]",3,0,3,0,1.0,0.0,1
15807,2,2,2,"[0.0, 0.0, 0.5, 1.0, 1.5, 2.5, 3.0, 4.5, 4.5, 6.0]","[0.0, 0.0, 0.0, 0.0, 0.0, 1.4142135, 2.0, 2.828427, 4.472136, 5.656854]","[2.0, 2.0]","[0.0, 0.0]","[-2.5, -2.5]","[2.0, 2.0]","[0.0, 0.0]","[-2.5, -2.5]","[7.0, 7.5]","[6.708204, 7.3484693]","[4.5, 4.5]","[7.0, 7.5]","[6.708204, 7.3484693]","[4.5, 4.5]",0,2,0,0,0.0,0.0,0
980,3,2,2,"[0.5, 1.0, 1.0, 1.0, 1.5, 2.0, 2.5, 4.0, 6.5, 7.0]","[0.0, 0.0, 0.0, 0.0, 0.0, 2.0, 2.0, 3.4641016, 6.3245554, 7.0]","[1.5, 2.0, 3.5]","[0.0, 0.0, 3.1622777]","[-5.5, -3.5, -1.5]","[1.5, 3.5]","[0.0, 3.1622777]","[-3.5, -1.5]","[1.5, 2.5]","[1.4142135, 2.0]","[-2.0, 0.0]","[1.5, 2.5]","[1.4142135, 2.0]","[-2.0, 0.0]",0,2,0,0,0.0,0.0,1
380,16,4,2,"[0.5, 2.0, 3.0, 3.0, 3.0, 3.5, 4.5, 5.0, 5.0, 6.5]","[0.0, 0.0, 1.7320508, 2.236068, 2.828427, 2.828427, 3.0, 3.1622777, 4.8989797, 6.4807405]","[0.0, 0.0, 0.5, 0.5, 1.0, 1.0, 1.5, 2.0, 2.0, 2.5, 3.5, 3.5, 3.5, 3.5, 3.5, 4.5]","[0.0, 0.0, 0.0, 0.0, 0.0, 0.0, 0.0, 0.0, 0.0, 1.4142135, 1.7320508, 2.4494898, 3.1622777, 3.4641016, 3.4641016, 4.472136]","[-6.5, -6.5, -5.5, -5.5, -5.0, -4.0, -3.5, -3.5, -3.5, -3.0, -3.0, -2.5, -1.5, -1.5, -1.5, -1.0]","[0.0, 0.0, 0.5, 0.5]","[0.0, 0.0, 0.0, 0.0]","[-6.5, -5.5, -5.0, -1.5]","[3.5, 5.5, 6.0, 6.5]","[0.0, 4.8989797, 5.91608, 6.3245554]","[-1.0, 1.0, 2.0, 3.5]","[3.5, 3.5]","[0.0, 3.1622777]","[-1.0, 2.0]",2,1,1,0,2.0,0.0,1
505,4,2,2,"[0.0, 0.5, 1.0, 1.5, 1.5, 1.5, 2.0, 3.5, 4.5, 5.0]","[0.0, 0.0, 0.0, 0.0, 0.0, 1.4142135, 1.4142135, 1.4142135, 3.7416575, 4.8989797]","[2.0, 2.0, 3.0, 3.5]","[0.0, 1.7320508, 2.236068, 2.4494898]","[-3.5, -3.5, -2.0, -1.0]","[2.0, 2.0]","[0.0, 1.7320508]","[-3.5, -2.0]","[5.5, 6.5]","[4.2426405, 6.4807405]","[3.0, 5.5]","[5.5, 6.5]","[4.2426405, 6.4807405]","[3.0, 5.5]",0,2,0,0,0.0,0.0,1
701,2,1,1,"[0.0, 0.5, 0.5, 1.0, 1.0, 1.5, 3.0, 3.5, 3.5, 6.5]","[0.0, 0.0, 0.0, 0.0, 0.0, 1.0, 1.4142135, 2.828427, 3.4641016, 6.0]","[1.5, 4.0]","[0.0, 2.6457512]","[-4.0, -3.5]",[4.0],[2.6457512],[-4.0],[5.5],[5.477226],[3.5],[5.5],[5.477226],[3.5],0,1,0,0,0.0,0.0,1
25662,10,3,2,"[0.5, 0.5, 0.5, 1.0, 2.5, 3.5, 4.0, 4.5, 8.0, 8.0]","[0.0, 0.0, 0.0, 0.0, 0.0, 0.0, 0.0, 2.4494898, 7.937254, 7.937254]","[2.5, 2.5, 3.0, 3.5, 4.0, 4.5, 4.5, 5.5, 5.5, 6.0]","[2.0, 2.0, 2.236068, 3.4641016, 3.4641016, 4.2426405, 4.472136, 5.477226, 5.477226, 5.91608]","[-6.0, -4.5, -4.5, -3.5, -3.5, -3.0, -3.0, -2.5, -2.0, -2.0]","[2.5, 3.0, 3.5]","[2.0, 2.236068, 3.4641016]","[-4.5, -4.5, -2.5]","[3.0, 5.0, 5.5]","[3.0, 4.0, 5.477226]","[-3.5, -0.5, 5.0]","[4.0, 5.0]","[2.6457512, 4.0]","[-0.5, 5.0]",1,1,1,0,1.0,0.0,0
849,3,2,0,"[0.0, 0.0, 1.0, 1.0, 1.0, 2.0, 2.5, 2.5, 5.5, 6.0]","[0.0, 0.0, 0.0, 0.0, 1.0, 1.0, 2.0, 2.0, 4.2426405, 5.196152]","[1.5, 3.0, 3.5]","[0.0, 2.236068, 3.4641016]","[-4.0, -3.0, -3.0]","[1.5, 3.0]","[0.0, 2.236068]","[-4.0, -3.0]","[1.5, 3.0]","[0.0, 2.236068]","[-4.0, -3.0]",[],[],[],2,0,0,1,0.0,2.0,1
294,35,6,3,"[3.0, 4.5, 4.5, 5.0, 6.0, 6.0, 6.5, 6.5, 7.0, 8.0]","[0.0, 2.828427, 2.828427, 5.0, 5.196152, 5.91608, 6.0, 6.0, 6.928203, 7.937254]","[1.0, 1.0, 1.0, 1.0, 1.0, 1.5, 1.5, 1.5, 2.0, 2.0, 2.0, 2.5, 2.5, 2.5, 3.0, 3.0, 3.5, 3.5, 3.5, 3.5, 3.5, 3.5, 4.0, 4.0, 4.0, 4.5, 4.5, 4.5, 4.5, 4.5, 5.0, 5.5, 5.5, 5.5, 5.5]","[0.0, 0.0, 0.0, 0.0, 0.0, 0.0, 0.0, 0.0, 0.0, 1.0, 1.0, 1.0, 1.4142135, 1.4142135, 2.0, 2.236068, 2.4494898, 2.4494898, 2.6457512, 2.828427, 3.1622777, 3.4641016, 3.4641016, 3.4641016, 3.4641016, 3.4641016, 3.7416575, 3.7416575, 4.2426405, 4.472136, 4.8989797, 4.8989797, 5.0, 5.2915025, 5.2915025]","[-7.0, -6.0, -6.0, -6.0, -5.5, -5.5, -5.0, -5.0, -5.0, -5.0, -4.5, -4.5, -4.5, -4.5, -4.5, -4.5, -4.0, -4.0, -4.0, -3.5, -3.5, -3.5, -3.5, -3.0, -3.0, -3.0, -3.0, -2.5, -2.0, -2.0, -2.0, -2.0, -1.5, -1.5, -1.0]","[1.0, 1.0, 1.0, 1.0, 1.5, 3.5]","[0.0, 0.0, 1.0, 1.0, 1.4142135, 2.4494898]","[-7.0, -5.5, -5.5, -5.0, -4.5, -4.0]","[1.5, 2.5, 4.5, 4.5, 6.0, 6.0]","[0.0, 0.0, 0.0, 4.472136, 5.91608, 6.0]","[-6.0, -4.5, -4.0, 0.0, 2.0, 5.5]","[1.0, 3.5, 6.0]","[0.0, 1.0, 5.91608]","[-6.0, 0.5, 5.5]",3,1,2,0,1.5,0.0,1
6763,3,2,2,"[0.5, 1.0, 1.0, 1.5, 1.5, 2.5, 3.0, 4.5, 5.0, 5.5]","[0.0, 0.0, 0.0, 0.0, 0.0, 0.0, 1.4142135, 4.0, 4.2426405, 5.477226]","[1.0, 1.5, 3.0]","[0.0, 0.0, 2.828427]","[-4.5, -3.0, -2.0]","[1.0, 1.5]","[0.0, 0.0]","[-4.5, -2.0]","[4.5, 5.5]","[0.0, 4.8989797]","[0.5, 2.0]","[4.5, 5.5]","[0.0, 4.8989797]","[0.5, 2.0]",0,2,0,0,0.0,0.0,0
108,3,2,1,"[0.5, 1.0, 1.0, 1.5, 1.5, 3.5, 3.5, 4.5, 7.0, 7.5]","[0.0, 0.0, 0.0, 1.0, 1.4142135, 2.828427, 3.1622777, 3.1622777, 7.0, 7.483315]","[3.0, 4.5, 6.0]","[0.0, 4.472136, 6.0]","[-3.5, -3.5, -1.0]","[4.5, 6.0]","[4.472136, 6.0]","[-3.5, -1.0]","[4.5, 6.0]","[2.828427, 5.196152]","[-1.5, 0.5]",[4.5],[4.472136],[0.5],1,0,1,0,1.0,0.0,1
771,6,3,1,"[0.0, 0.5, 1.5, 1.5, 1.5, 2.0, 2.5, 3.0, 4.0, 8.0]","[0.0, 0.0, 0.0, 1.4142135, 1.4142135, 1.4142135, 2.0, 2.4494898, 4.0, 7.937254]","[1.5, 2.5, 2.5, 3.0, 4.0, 4.5]","[0.0, 0.0, 0.0, 2.4494898, 2.6457512, 4.472136]","[-5.0, -3.0, -2.0, -1.5, -1.0, -1.0]","[1.5, 2.5, 2.5]","[0.0, 0.0, 2.4494898]","[-5.0, -2.0, -1.0]","[2.5, 4.5, 5.5]","[2.0, 2.828427, 5.477226]","[-1.0, -0.5, 0.5]",[7.0],[6.928203],[5.5],2,0,1,0,2.0,0.0,1
420,1,1,1,"[0.5, 0.5, 1.0, 1.0, 1.0, 1.5, 2.0, 2.5, 4.0, 7.5]","[0.0, 0.0, 0.0, 0.0, 0.0, 1.0, 1.4142135, 2.4494898, 3.4641016, 7.483315]",[3.5],[0.0],[-1.5],[3.5],[0.0],[-1.5],[4.0],[3.4641016],[0.5],[4.0],[3.4641016],[0.5],0,1,0,0,0.0,0.0,1
20662,1,1,1,"[0.0, 0.5, 0.5, 1.0, 1.5, 1.5, 1.5, 2.0, 4.0, 6.5]","[0.0, 0.0, 0.0, 0.0, 0.0, 0.0, 1.4142135, 1.7320508, 2.6457512, 6.0]",[1.0],[0.0],[-4.0],[1.0],[0.0],[-4.0],[5.0],[4.0],[3.0],[5.0],[4.0],[3.0],0,1,0,0,0.0,0.0,0
51624,4,2,1,"[0.0, 0.5, 0.5, 0.5, 1.5, 2.0, 3.5, 4.5, 6.0, 8.5]","[0.0, 0.0, 0.0, 0.0, 0.0, 2.0, 2.4494898, 4.2426405, 5.196152, 8.485281]","[2.0, 2.5, 3.5, 4.0]","[0.0, 0.0, 2.4494898, 2.4494898]","[-7.0, -4.5, -3.5, -2.5]","[2.0, 2.5]","[0.0, 2.4494898]","[-7.0, -4.5]","[5.0, 5.5]","[4.2426405, 4.582576]","[0.0, 0.0]",[5.5],[5.477226],[3.5],1,0,1,0,1.0,0.0,0
21221,10,4,3,"[1.0, 1.5, 2.0, 2.5, 2.5, 3.5, 3.5, 4.0, 5.0, 7.0]","[0.0, 0.0, 0.0, 0.0, 0.0, 1.0, 2.4494898, 2.6457512, 4.0, 6.708204]","[1.5, 2.0, 2.0, 2.5, 2.5, 3.5, 3.5, 4.0, 5.0, 6.0]","[0.0, 1.7320508, 1.7320508, 2.0, 2.4494898, 2.4494898, 2.6457512, 3.1622777, 4.582576, 6.0]","[-5.0, -4.0, -3.5, -3.5, -3.0, -3.0, -2.5, -2.5, -2.0, -2.0]","[1.5, 2.0, 3.5, 4.0]","[0.0, 1.7320508, 2.6457512, 3.1622777]","[-3.5, -3.0, -2.5, -2.5]","[2.0, 3.0, 3.0, 4.5]","[0.0, 2.0, 2.828427, 3.7416575]","[-2.5, -1.0, 2.0, 2.0]","[3.0, 3.0, 8.5]","[0.0, 2.828427, 8.485281]","[-1.0, 2.0, 8.5]",1,2,1,0,1.0,0.0,0
785,1,1,1,"[0.0, 0.5, 1.0, 1.5, 1.5, 1.5, 2.0, 2.5, 5.5, 6.5]","[0.0, 0.0, 0.0, 0.0, 1.0, 1.4142135, 1.4142135, 1.7320508, 4.8989797, 6.0]",[5.0],[4.0],[-2.0],[5.0],[4.0],[-2.0],[4.5],[4.472136],[2.5],[4.5],[4.472136],[2.5],0,1,0,0,0.0,0.0,1
21200,1,1,1,"[0.0, 0.5, 0.5, 1.5, 1.5, 2.0, 2.0, 2.5, 3.0, 6.5]","[0.0, 0.0, 0.0, 0.0, 0.0, 1.7320508, 2.0, 2.0, 2.828427, 6.0]",[4.0],[2.6457512],[-2.5],[4.0],[2.6457512],[-2.5],[3.5],[2.4494898],[0.5],[3.5],[2.4494898],[0.5],0,1,0,0,0.0,0.0,0
157,34,7,2,"[1.0, 2.0, 2.5, 3.5, 6.0, 7.5, 7.5, 7.5, 8.5, 9.0]","[0.0, 0.0, 2.0, 3.1622777, 5.91608, 7.3484693, 7.483315, 7.483315, 8.485281, 9.0]","[0.0, 0.5, 0.5, 1.0, 1.0, 1.0, 1.5, 1.5, 1.5, 2.0, 2.0, 2.0, 2.0, 2.5, 2.5, 2.5, 2.5, 2.5, 3.0, 3.0, 3.0, 3.5, 3.5, 4.0, 4.5, 4.5, 4.5, 4.5, 4.5, 4.5, 4.5, 5.0, 6.5, 7.5]","[0.0, 0.0, 0.0, 0.0, 0.0, 0.0, 0.0, 0.0, 0.0, 0.0, 1.0, 1.4142135, 1.4142135, 1.7320508, 2.0, 2.0, 2.0, 2.236068, 2.4494898, 2.4494898, 2.6457512, 2.828427, 2.828427, 2.828427, 3.4641016, 4.2426405, 4.2426405, 4.2426405, 4.2426405, 4.472136, 4.472136, 4.582576, 6.4807405, 7.483315]","[-8.0, -7.5, -7.0, -6.5, -6.0, -5.5, -5.0, -5.0, -5.0, -5.0, -5.0, -5.0, -4.5, -4.0, -4.0, -4.0, -4.0, -4.0, -3.5, -3.5, -3.5, -3.0, -3.0, -3.0, -3.0, -2.5, -2.5, -2.5, -2.5, -2.5, -2.0, -2.0, -2.0, -1.5]","[0.0, 0.5, 1.0, 1.0, 2.0, 2.0, 3.0]","[0.0, 0.0, 0.0, 0.0, 0.0, 1.0, 2.236068]","[-8.0, -6.0, -5.5, -5.0, -5.0, -3.5, -2.0]","[3.5, 4.5, 5.5, 5.5, 6.5, 7.5, 8.5]","[3.4641016, 4.2426405, 4.2426405, 4.8989797, 6.4807405, 7.483315, 8.485281]","[-5.0, -1.0, -1.0, 0.0, 1.0, 1.0, 5.0]","[3.5, 7.5]","[3.4641016, 7.3484693]","[-5.0, 7.5]",5,1,1,0,5.0,0.0,1
26395,5,3,2,"[0.5, 0.5, 0.5, 1.0, 2.0, 2.5, 3.0, 4.0, 4.0, 8.0]","[0.0, 0.0, 0.0, 0.0, 1.0, 2.0, 2.828427, 3.4641016, 3.8729835, 8.0]","[0.5, 1.5, 2.0, 3.0, 4.0]","[0.0, 0.0, 0.0, 0.0, 3.8729835]","[-4.5, -4.0, -3.0, -2.5, -1.5]","[0.5, 1.5, 2.0]","[0.0, 0.0, 0.0]","[-4.5, -4.0, -2.5]","[4.0, 6.0, 8.5]","[4.0, 5.196152, 8.485281]","[2.0, 2.0, 3.0]","[4.0, 4.0]","[3.4641016, 4.0]","[2.0, 2.5]",1,1,1,0,1.0,0.0,0
424,26,5,3,"[0.0, 1.5, 3.0, 5.0, 5.5, 5.5, 6.5, 7.5, 8.5, 8.5]","[0.0, 0.0, 1.4142135, 4.0, 4.8989797, 4.8989797, 6.4807405, 7.483315, 8.485281, 8.485281]","[0.0, 0.5, 1.0, 1.0, 1.0, 1.5, 1.5, 1.5, 2.0, 2.0, 2.0, 2.5, 2.5, 2.5, 3.0, 3.0, 3.5, 4.0, 4.0, 4.0, 4.0, 4.5, 5.0, 6.0, 6.0, 6.5]","[0.0, 0.0, 0.0, 0.0, 0.0, 0.0, 0.0, 1.4142135, 1.7320508, 1.7320508, 2.0, 2.0, 2.0, 2.236068, 2.4494898, 2.6457512, 2.6457512, 3.0, 3.1622777, 3.4641016, 3.4641016, 4.472136, 4.582576, 5.656854, 5.91608, 6.4807405]","[-7.0, -7.0, -6.5, -6.5, -6.0, -6.0, -6.0, -5.0, -5.0, -5.0, -4.5, -4.5, -4.5, -4.0, -4.0, -4.0, -3.5, -3.5, -3.5, -2.5, -2.5, -2.0, -2.0, -1.5, -1.5, -1.0]","[0.0, 1.0, 1.0, 2.0, 2.5]","[0.0, 0.0, 0.0, 1.7320508, 2.4494898]","[-7.0, -7.0, -6.5, -6.0, -3.5]","[1.0, 2.0, 2.5, 4.5, 5.5]","[0.0, 1.7320508, 2.4494898, 2.828427, 5.477226]","[-6.5, -6.0, -4.0, 0.0, 1.5]","[1.0, 4.5, 5.5]","[0.0, 2.828427, 5.477226]","[-4.0, 0.0, 1.5]",2,3,0,1,0.0,2.0,1
93458,4,3,1,"[0.0, 0.0, 0.5, 1.0, 2.0, 2.0, 2.5, 3.5, 5.5, 5.5]","[0.0, 0.0, 0.0, 0.0, 1.0, 2.0, 2.0, 3.1622777, 5.2915025, 5.477226]","[1.5, 2.5, 3.0, 4.0]","[0.0, 0.0, 0.0, 4.0]","[-3.5, -3.0, -2.5, -1.5]","[1.5, 2.5, 3.0]","[0.0, 0.0, 0.0]","[-3.5, -3.0, -2.5]","[2.0, 4.5, 5.5]","[0.0, 2.0, 5.477226]","[-0.5, 0.0, 0.5]",[6.5],[6.3245554],[5.5],2,0,1,0,2.0,0.0,0
69228,2,2,1,"[0.0, 0.0, 0.5, 1.0, 2.0, 2.5, 2.5, 4.0, 4.5, 8.5]","[0.0, 0.0, 0.0, 0.0, 0.0, 0.0, 2.0, 2.828427, 4.0, 8.485281]","[1.0, 2.5]","[0.0, 2.4494898]","[-5.5, -3.5]","[1.0, 2.5]","[0.0, 2.4494898]","[-5.5, -3.5]","[2.5, 4.0]","[0.0, 0.0]","[-4.0, 0.0]",[8.0],[7.937254],[6.0],1,0,1,0,1.0,0.0,0
65527,3,1,1,"[0.5, 1.0, 1.0, 1.0, 2.0, 2.0, 4.5, 5.0, 6.0, 7.5]","[0.0, 0.0, 0.0, 0.0, 1.0, 1.7320508, 4.2426405, 4.8989797, 5.656854, 7.3484693]","[3.0, 3.5, 4.5]","[0.0, 3.0, 4.472136]","[-4.0, -3.0, -2.0]",[3.0],[3.0],[-4.0],[8.0],[8.0],[4.5],[8.0],[8.0],[4.5],0,1,0,0,0.0,0.0,0
48947,1,1,1,"[0.5, 0.5, 1.0, 1.0, 1.5, 2.0, 2.0, 2.0, 2.5, 3.5]","[0.0, 0.0, 0.0, 0.0, 0.0, 0.0, 1.7320508, 1.7320508, 2.4494898, 3.1622777]",[1.0],[1.0],[-2.0],[1.0],[1.0],[-2.0],[7.0],[7.0],[6.5],[7.0],[7.0],[6.5],0,1,0,0,0.0,0.0,0
34091,5,3,3,"[0.5, 0.5, 0.5, 1.0, 1.5, 2.0, 2.0, 3.5, 4.5, 5.0]","[0.0, 0.0, 0.0, 0.0, 0.0, 1.4142135, 1.7320508, 3.4641016, 4.2426405, 5.0]","[0.5, 1.0, 1.0, 2.5, 3.0]","[0.0, 0.0, 0.0, 1.0, 3.0]","[-4.0, -3.0, -2.5, -2.0, -1.5]","[0.5, 1.0, 1.0]","[0.0, 0.0, 1.0]","[-4.0, -2.5, -1.5]","[5.0, 6.5, 7.0]","[4.0, 6.3245554, 6.708204]","[2.5, 5.0, 5.0]","[5.0, 6.5, 7.0]","[4.0, 6.3245554, 6.708204]","[2.5, 5.0, 5.0]",0,3,0,0,0.0,0.0,0
783,1,1,1,"[0.0, 0.0, 0.5, 0.5, 1.0, 1.5, 2.0, 2.0, 4.0, 4.5]","[0.0, 0.0, 0.0, 0.0, 0.0, 0.0, 1.4142135, 1.7320508, 4.0, 4.2426405]",[2.0],[0.0],[-2.5],[2.0],[0.0],[-2.5],[6.0],[5.91608],[4.0],[6.0],[5.91608],[4.0],0,1,0,0,0.0,0.0,1
22,21,5,3,"[1.0, 2.5, 3.0, 3.5, 4.0, 4.0, 4.5, 6.0, 7.5, 7.5]","[0.0, 1.0, 2.236068, 2.4494898, 3.4641016, 3.8729835, 4.2426405, 6.0, 7.3484693, 7.483315]","[0.0, 0.0, 0.5, 1.0, 1.0, 1.0, 1.5, 1.5, 1.5, 2.0, 2.5, 2.5, 2.5, 3.0, 3.5, 3.5, 4.0, 4.0, 4.0, 4.5, 4.5]","[0.0, 0.0, 0.0, 0.0, 0.0, 0.0, 1.0, 1.0, 1.4142135, 1.4142135, 2.0, 2.236068, 2.4494898, 2.4494898, 2.4494898, 2.6457512, 3.4641016, 3.4641016, 3.7416575, 3.8729835, 4.472136]","[-6.5, -6.0, -5.0, -5.0, -4.5, -4.5, -4.5, -4.0, -4.0, -3.5, -3.5, -3.0, -3.0, -2.5, -2.5, -2.0, -2.0, -2.0, -1.5, -1.5, -1.5]","[0.0, 0.0, 0.5, 1.0, 1.5]","[0.0, 0.0, 0.0, 1.0, 1.4142135]","[-6.5, -4.5, -3.5, -3.5, -3.0]","[5.0, 6.0, 6.5, 6.5, 7.0]","[5.0, 5.196152, 6.3245554, 6.3245554, 7.0]","[0.5, 1.0, 2.0, 3.5, 6.0]","[4.5, 5.0, 6.5]","[2.828427, 4.8989797, 6.3245554]","[0.5, 1.0, 3.5]",2,1,2,0,1.0,0.0,1
28425,4,3,3,"[0.0, 0.5, 1.0, 1.5, 2.0, 2.5, 2.5, 3.0, 3.5, 6.0]","[0.0, 0.0, 0.0, 0.0, 1.4142135, 2.236068, 2.4494898, 2.4494898, 2.4494898, 5.196152]","[0.5, 2.0, 4.0, 4.5]","[0.0, 1.7320508, 3.7416575, 3.8729835]","[-3.5, -2.5, -1.0, -1.0]","[0.5, 2.0, 4.0]","[0.0, 1.7320508, 3.8729835]","[-3.5, -1.0, -1.0]","[2.5, 4.0, 4.5]","[0.0, 3.4641016, 3.7416575]","[-1.5, 2.5, 4.0]","[2.5, 4.0, 4.5]","[0.0, 3.4641016, 3.7416575]","[-1.5, 2.5, 4.0]",0,3,0,0,0.0,0.0,0
663,4,2,1,"[0.0, 0.0, 0.5, 2.0, 2.0, 2.5, 3.0, 4.5, 5.0, 5.5]","[0.0, 0.0, 0.0, 0.0, 0.0, 1.7320508, 2.0, 2.828427, 4.0, 5.2915025]","[2.5, 3.0, 5.0, 5.5]","[0.0, 0.0, 4.8989797, 5.2915025]","[-3.5, -2.0, -1.5, -1.5]","[2.5, 5.0]","[0.0, 4.8989797]","[-2.0, -1.5]","[1.0, 4.0]","[1.0, 3.4641016]","[-2.0, 0.0]",[3.5],[3.4641016],[1.5],1,0,1,0,1.0,0.0,1
948,1,1,1,"[0.0, 0.0, 0.5, 1.5, 2.0, 2.5, 2.5, 2.5, 4.0, 5.0]","[0.0, 0.0, 0.0, 0.0, 1.4142135, 2.4494898, 2.4494898, 2.4494898, 3.4641016, 4.582576]",[3.5],[2.4494898],[-1.5],[3.5],[2.4494898],[-1.5],[5.0],[5.0],[2.5],[5.0],[5.0],[2.5],0,1,0,0,0.0,0.0,1
748,4,2,1,"[0.0, 0.0, 1.0, 1.0, 2.0, 2.5, 2.5, 5.5, 6.0, 7.5]","[0.0, 0.0, 0.0, 0.0, 0.0, 0.0, 1.7320508, 5.477226, 5.91608, 7.483315]","[2.5, 3.0, 3.0, 3.5]","[2.0, 2.828427, 2.828427, 3.1622777]","[-4.0, -3.0, -2.0, -1.0]","[2.5, 3.0]","[2.0, 2.828427]","[-4.0, -1.0]","[3.0, 4.0]","[0.0, 3.8729835]","[-3.5, 0.5]",[3.0],[2.236068],[-1.0],1,0,1,0,1.0,0.0,1
70222,6,3,2,"[0.5, 2.0, 2.0, 2.0, 2.5, 2.5, 2.5, 4.0, 4.5, 7.0]","[0.0, 0.0, 0.0, 0.0, 1.7320508, 1.7320508, 2.4494898, 2.4494898, 3.8729835, 7.0]","[2.0, 3.0, 3.0, 3.5, 4.0, 4.0]","[0.0, 1.7320508, 2.6457512, 3.0, 3.1622777, 4.0]","[-4.0, -4.0, -3.5, -3.5, -2.0, -2.0]","[2.0, 3.0, 3.0]","[0.0, 1.7320508, 3.0]","[-4.0, -3.5, -2.0]","[2.0, 7.0, 8.5]","[1.7320508, 6.928203, 8.485281]","[-1.5, 3.0, 8.5]","[4.0, 8.5]","[3.4641016, 8.485281]","[3.5, 8.5]",1,1,1,0,1.0,0.0,0
497,2,2,1,"[0.0, 0.0, 0.0, 1.5, 1.5, 2.0, 2.5, 3.5, 3.5, 8.5]","[0.0, 0.0, 0.0, 0.0, 1.4142135, 1.4142135, 2.0, 3.1622777, 3.4641016, 8.485281]","[4.0, 4.0]","[0.0, 3.8729835]","[-2.5, -2.0]","[4.0, 4.0]","[0.0, 3.8729835]","[-2.5, -2.0]","[5.0, 5.5]","[4.2426405, 4.582576]","[0.0, 1.5]",[5.5],[5.477226],[5.0],1,0,1,0,1.0,0.0,1
26860,5,2,1,"[1.0, 1.5, 1.5, 1.5, 1.5, 2.0, 3.0, 3.0, 4.5, 7.0]","[0.0, 0.0, 0.0, 1.4142135, 1.4142135, 1.4142135, 2.828427, 2.828427, 4.472136, 6.708204]","[1.0, 1.5, 2.0, 3.0, 4.5]","[0.0, 1.0, 1.4142135, 2.828427, 2.828427]","[-4.0, -2.5, -2.0, -2.0, -1.0]","[1.0, 3.0]","[1.0, 2.828427]","[-4.0, -2.5]","[3.0, 4.0]","[0.0, 3.8729835]","[-2.5, -1.5]",[7.0],[6.928203],[3.0],1,0,1,0,1.0,0.0,0
370,3,1,1,"[0.0, 0.0, 0.5, 0.5, 1.0, 3.5, 3.5, 3.5, 5.0, 8.0]","[0.0, 0.0, 0.0, 0.0, 0.0, 0.0, 0.0, 3.0, 3.1622777, 7.937254]","[2.0, 2.5, 3.0]","[1.7320508, 2.0, 2.828427]","[-7.0, -5.5, -5.0]",[3.0],[2.828427],[-5.0],[4.5],[3.7416575],[4.0],[4.5],[3.7416575],[4.0],0,1,0,0,0.0,0.0,1
821,21,4,2,"[0.0, 1.0, 4.0, 4.0, 4.5, 4.5, 5.5, 6.0, 7.5, 7.5]","[0.0, 0.0, 0.0, 0.0, 0.0, 3.8729835, 5.2915025, 5.91608, 7.483315, 7.483315]","[0.0, 1.0, 1.0, 1.5, 2.0, 2.0, 2.5, 2.5, 2.5, 3.0, 3.0, 3.5, 3.5, 3.5, 3.5, 3.5, 4.0, 4.0, 4.5, 5.5, 6.0]","[0.0, 0.0, 0.0, 0.0, 0.0, 0.0, 0.0, 0.0, 0.0, 2.0, 2.0, 2.4494898, 2.4494898, 2.6457512, 2.828427, 3.1622777, 3.4641016, 3.8729835, 4.472136, 5.2915025, 5.656854]","[-7.5, -6.5, -6.5, -5.5, -5.5, -5.5, -5.0, -5.0, -5.0, -5.0, -4.5, -4.0, -4.0, -4.0, -3.5, -3.5, -3.0, -3.0, -2.5, -2.5, -1.0]","[0.0, 1.0, 1.0, 2.0]","[0.0, 0.0, 0.0, 0.0]","[-7.5, -6.5, -5.5, -5.0]","[0.0, 1.0, 1.5, 4.0]","[0.0, 0.0, 1.4142135, 3.4641016]","[-5.5, -5.0, 0.5, 1.5]","[1.5, 4.0]","[1.4142135, 3.4641016]","[0.5, 1.5]",2,2,0,1,0.0,2.0,1
39345,2,2,2,"[0.0, 0.0, 0.5, 2.0, 2.0, 2.0, 2.5, 2.5, 3.5, 6.0]","[0.0, 0.0, 0.0, 0.0, 1.7320508, 1.7320508, 2.4494898, 2.4494898, 3.4641016, 5.656854]","[1.5, 4.5]","[1.4142135, 3.7416575]","[-1.5, -1.0]","[1.5, 4.5]","[1.4142135, 3.7416575]","[-1.5, -1.0]","[5.5, 7.0]","[5.477226, 6.708204]","[3.0, 4.0]","[5.5, 7.0]","[5.477226, 6.708204]","[3.0, 4.0]",0,2,0,0,0.0,0.0,0
11067,5,3,2,"[0.0, 1.0, 1.0, 1.5, 1.5, 2.5, 3.5, 4.0, 5.0, 6.0]","[0.0, 0.0, 0.0, 0.0, 0.0, 2.4494898, 3.1622777, 4.0, 4.582576, 5.91608]","[0.5, 1.5, 3.0, 4.0, 5.0]","[0.0, 0.0, 2.236068, 3.8729835, 4.8989797]","[-3.0, -3.0, -2.0, -2.0, -1.5]","[0.5, 1.5, 3.0]","[0.0, 0.0, 2.236068]","[-3.0, -3.0, -2.0]","[1.5, 4.5, 6.5]","[1.4142135, 4.2426405, 6.0]","[-2.0, 2.0, 5.0]","[6.0, 6.5]","[5.196152, 6.0]","[5.0, 6.0]",1,1,1,0,1.0,0.0,0
33136,1,1,1,"[0.5, 0.5, 1.0, 1.0, 1.5, 2.0, 2.0, 3.0, 3.0, 3.5]","[0.0, 0.0, 0.0, 1.0, 1.4142135, 1.7320508, 2.0, 2.236068, 2.236068, 2.4494898]",[1.0],[0.0],[-2.5],[1.0],[0.0],[-2.5],[4.0],[3.4641016],[2.5],[4.0],[3.4641016],[2.5],0,1,0,0,0.0,0.0,0
51629,1,1,1,"[0.5, 1.0, 1.5, 1.5, 1.5, 2.5, 2.5, 3.0, 4.0, 4.0]","[0.0, 0.0, 0.0, 0.0, 1.4142135, 1.4142135, 2.236068, 2.4494898, 3.8729835, 3.8729835]",[2.0],[0.0],[-1.5],[2.0],[0.0],[-1.5],[6.5],[6.0],[5.5],[6.5],[6.0],[5.5],0,1,0,0,0.0,0.0,0
282,17,6,3,"[1.0, 2.5, 3.0, 3.5, 4.0, 5.0, 5.0, 5.5, 7.0, 7.5]","[0.0, 1.0, 2.4494898, 3.4641016, 3.4641016, 4.582576, 4.8989797, 4.8989797, 6.708204, 7.483315]","[0.0, 0.5, 0.5, 0.5, 1.0, 1.5, 1.5, 2.0, 2.0, 2.5, 2.5, 3.0, 3.5, 3.5, 4.0, 4.0, 4.5]","[0.0, 0.0, 0.0, 0.0, 0.0, 0.0, 0.0, 0.0, 0.0, 1.4142135, 1.4142135, 2.0, 2.0, 2.0, 3.4641016, 3.8729835, 4.472136]","[-6.5, -5.5, -5.0, -5.0, -5.0, -4.0, -3.5, -3.5, -3.5, -3.5, -3.5, -3.0, -2.5, -2.5, -2.5, -1.5, -1.0]","[0.0, 0.5, 0.5, 1.0, 2.0, 2.0]","[0.0, 0.0, 0.0, 0.0, 2.0, 2.0]","[-5.5, -5.0, -3.5, -3.5, -3.5, -2.5]","[0.5, 0.5, 2.0, 5.0, 5.0, 5.5]","[0.0, 0.0, 2.0, 3.0, 4.0, 4.8989797]","[-6.5, -5.0, -3.5, -0.5, 1.5, 4.0]","[5.0, 5.5, 6.0]","[3.0, 4.8989797, 5.91608]","[-0.5, -0.5, 4.0]",3,2,1,1,1.0,2.0,1
63875,2,1,1,"[0.0, 0.5, 1.0, 1.5, 1.5, 2.0, 2.5, 3.0, 5.0, 6.0]","[0.0, 0.0, 0.0, 0.0, 1.0, 1.4142135, 1.7320508, 2.4494898, 4.582576, 5.196152]","[2.0, 4.0]","[0.0, 2.6457512]","[-6.0, -2.0]",[2.0],[0.0],[-6.0],[8.0],[8.0],[5.0],[8.0],[8.0],[5.0],0,1,0,0,0.0,0.0,0
50154,5,1,1,"[0.0, 0.5, 1.0, 2.0, 2.0, 2.5, 3.0, 3.5, 5.0, 6.5]","[0.0, 0.0, 0.0, 0.0, 1.0, 1.7320508, 2.0, 2.4494898, 4.582576, 6.4807405]","[1.0, 1.5, 1.5, 2.0, 2.5]","[0.0, 0.0, 0.0, 1.4142135, 2.0]","[-5.0, -4.0, -3.5, -3.0, -3.0]",[1.5],[1.4142135],[-3.0],[2.5],[2.4494898],[-1.0],[2.5],[2.4494898],[-1.0],0,1,0,0,0.0,0.0,0
3432,1,1,1,"[1.0, 1.0, 1.5, 2.0, 2.0, 2.0, 2.0, 2.5, 2.5, 4.5]","[0.0, 0.0, 0.0, 0.0, 1.4142135, 1.7320508, 1.7320508, 2.4494898, 2.4494898, 4.2426405]",[1.5],[1.4142135],[-1.5],[1.5],[1.4142135],[-1.5],[5.5],[5.2915025],[4.0],[5.5],[5.2915025],[4.0],0,1,0,0,0.0,0.0,0
256,1,1,1,"[0.0, 0.0, 0.5, 0.5, 1.0, 1.0, 2.5, 3.0, 4.0, 4.0]","[0.0, 0.0, 0.0, 0.0, 0.0, 0.0, 0.0, 1.0, 3.8729835, 4.0]",[2.0],[1.7320508],[-2.5],[2.0],[1.7320508],[-2.5],[4.5],[2.828427],[1.0],[4.5],[2.828427],[1.0],0,1,0,0,0.0,0.0,1
772,2,1,1,"[0.5, 0.5, 0.5, 0.5, 0.5, 1.0, 3.5, 4.5, 5.0, 5.0]","[0.0, 0.0, 0.0, 0.0, 0.0, 1.0, 2.4494898, 4.2426405, 4.582576, 4.8989797]","[1.0, 2.5]","[0.0, 2.0]","[-4.0, -4.0]",[1.0],[0.0],[-4.0],[3.0],[2.828427],[-0.5],[3.0],[2.828427],[-0.5],0,1,0,0,0.0,0.0,1
37866,4,2,2,"[0.5, 0.5, 1.0, 1.5, 1.5, 2.5, 3.5, 3.5, 3.5, 4.5]","[0.0, 0.0, 0.0, 0.0, 1.0, 1.4142135, 2.0, 3.1622777, 3.4641016, 4.2426405]","[1.5, 2.0, 2.5, 4.0]","[0.0, 0.0, 0.0, 3.8729835]","[-2.5, -2.5, -1.5, -1.5]","[1.5, 4.0]","[0.0, 3.8729835]","[-2.5, -1.5]","[2.5, 5.5]","[0.0, 5.2915025]","[1.0, 4.5]","[2.5, 5.5]","[0.0, 5.2915025]","[1.0, 4.5]",0,2,0,0,0.0,0.0,0
931,2,1,1,"[0.5, 0.5, 1.0, 1.5, 2.0, 2.0, 2.5, 2.5, 3.5, 5.0]","[0.0, 0.0, 0.0, 0.0, 0.0, 1.4142135, 2.0, 2.0, 2.0, 4.0]","[1.0, 3.5]","[0.0, 3.4641016]","[-3.5, -2.0]",[1.0],[0.0],[-3.5],[6.5],[6.4807405],[5.5],[6.5],[6.4807405],[5.5],0,1,0,0,0.0,0.0,1
706,2,2,1,"[0.5, 0.5, 0.5, 1.0, 1.0, 1.5, 4.5, 4.5, 5.0, 7.5]","[0.0, 0.0, 0.0, 0.0, 0.0, 0.0, 1.4142135, 4.0, 4.472136, 7.483315]","[1.5, 7.0]","[0.0, 6.928203]","[-3.0, -1.0]","[1.5, 7.0]","[0.0, 6.928203]","[-3.0, -1.0]","[2.5, 5.0]","[2.0, 4.582576]","[-1.0, 1.0]",[8.5],[8.485281],[8.5],1,0,1,0,1.0,0.0,1
721,24,6,3,"[0.5, 0.5, 3.0, 5.0, 5.5, 5.5, 6.0, 6.5, 6.5, 8.5]","[0.0, 0.0, 2.828427, 4.2426405, 4.8989797, 4.8989797, 5.91608, 6.3245554, 6.4807405, 8.485281]","[0.0, 0.5, 0.5, 1.0, 1.0, 1.0, 1.0, 1.5, 2.0, 2.0, 3.0, 3.0, 3.0, 3.0, 3.0, 4.0, 4.0, 4.5, 4.5, 4.5, 5.0, 5.0, 5.0, 6.0]","[0.0, 0.0, 0.0, 0.0, 0.0, 0.0, 0.0, 0.0, 0.0, 1.0, 1.0, 1.7320508, 1.7320508, 2.236068, 2.6457512, 2.828427, 2.828427, 3.7416575, 4.2426405, 4.472136, 4.8989797, 4.8989797, 5.0, 5.656854]","[-6.5, -6.5, -6.0, -5.5, -5.0, -5.0, -5.0, -5.0, -5.0, -4.5, -4.5, -4.0, -4.0, -3.5, -3.5, -3.5, -3.0, -2.5, -2.5, -2.5, -2.5, -2.0, -2.0, -1.5]","[0.0, 0.5, 0.5, 1.0, 1.0, 2.0]","[0.0, 0.0, 0.0, 0.0, 1.0, 1.7320508]","[-6.5, -6.0, -5.0, -4.5, -3.5, -1.5]","[3.0, 3.5, 5.0, 5.5, 5.5, 8.5]","[0.0, 3.1622777, 4.2426405, 4.8989797, 4.8989797, 8.485281]","[-3.5, -2.0, -0.5, 0.0, 0.5, 4.5]","[1.5, 5.0, 5.5]","[1.4142135, 4.0, 4.8989797]","[-2.0, -1.0, 0.0]",3,1,2,0,1.5,0.0,1
70839,1,1,1,"[0.5, 0.5, 1.0, 1.5, 1.5, 2.0, 2.0, 2.5, 3.0, 3.0]","[0.0, 0.0, 0.0, 0.0, 0.0, 1.0, 1.4142135, 1.7320508, 1.7320508, 2.236068]",[2.0],[0.0],[-2.5],[2.0],[0.0],[-2.5],[6.5],[6.3245554],[6.0],[6.5],[6.3245554],[6.0],0,1,0,0,0.0,0.0,0
11086,2,1,1,"[0.0, 0.0, 0.0, 0.5, 0.5, 1.0, 2.5, 3.5, 3.5, 4.0]","[0.0, 0.0, 0.0, 0.0, 0.0, 0.0, 0.0, 0.0, 2.0, 3.4641016]","[1.5, 5.0]","[0.0, 5.0]","[-3.0, -2.5]",[1.5],[0.0],[-3.0],[7.5],[7.3484693],[7.5],[7.5],[7.3484693],[7.5],0,1,0,0,0.0,0.0,0
40650,3,1,1,"[0.5, 1.0, 1.0, 1.0, 2.5, 2.5, 3.5, 3.5, 4.0, 4.0]","[0.0, 0.0, 0.0, 1.0, 1.0, 2.4494898, 2.4494898, 2.4494898, 3.8729835, 3.8729835]","[1.5, 2.5, 5.5]","[1.4142135, 2.4494898, 5.477226]","[-3.0, -2.0, -1.0]",[1.5],[1.4142135],[-3.0],[7.5],[7.483315],[4.5],[7.5],[7.483315],[4.5],0,1,0,0,0.0,0.0,0
503,2,1,1,"[0.0, 0.0, 1.0, 1.5, 1.5, 3.0, 3.0, 3.5, 4.5, 6.5]","[0.0, 0.0, 0.0, 0.0, 1.0, 1.4142135, 2.828427, 3.4641016, 4.472136, 6.3245554]","[1.5, 2.0]","[1.4142135, 2.0]","[-5.0, -4.5]",[1.5],[1.4142135],[-4.5],[3.0],[2.828427],[-0.5],[3.0],[2.828427],[-0.5],0,1,0,0,0.0,0.0,1
95939,2,2,1,"[0.0, 0.5, 1.0, 1.0, 1.5, 1.5, 1.5, 2.5, 3.5, 8.5]","[0.0, 0.0, 0.0, 0.0, 0.0, 1.0, 1.4142135, 2.4494898, 3.1622777, 8.485281]","[2.5, 4.0]","[0.0, 2.0]","[-2.5, -1.0]","[2.5, 4.0]","[0.0, 2.0]","[-2.5, -1.0]","[2.5, 3.0]","[2.0, 3.0]","[-3.5, -1.5]",[5.0],[5.0],[3.0],1,0,1,0,1.0,0.0,0
455,34,4,2,"[2.0, 3.5, 4.5, 5.0, 6.0, 6.0, 6.0, 6.5, 7.0, 7.5]","[1.7320508, 2.4494898, 4.2426405, 5.0, 5.656854, 5.656854, 5.91608, 6.0, 7.0, 7.483315]","[0.0, 1.0, 1.0, 1.0, 1.5, 1.5, 1.5, 2.0, 2.5, 2.5, 2.5, 2.5, 2.5, 2.5, 2.5, 2.5, 2.5, 3.0, 3.0, 3.0, 3.0, 3.0, 3.0, 3.0, 3.0, 3.5, 3.5, 3.5, 3.5, 4.0, 4.0, 4.5, 5.0, 5.0]","[0.0, 0.0, 0.0, 0.0, 0.0, 0.0, 0.0, 0.0, 1.0, 1.4142135, 1.4142135, 1.7320508, 2.0, 2.0, 2.0, 2.0, 2.0, 2.236068, 2.4494898, 2.4494898, 2.4494898, 2.4494898, 2.4494898, 2.828427, 2.828427, 3.0, 3.0, 3.0, 3.0, 3.1622777, 4.0, 4.472136, 4.582576, 5.0]","[-7.0, -7.0, -5.5, -5.5, -5.5, -5.0, -5.0, -5.0, -4.5, -4.5, -4.5, -4.0, -4.0, -4.0, -4.0, -3.5, -3.5, -3.5, -3.0, -3.0, -3.0, -3.0, -3.0, -3.0, -3.0, -2.5, -2.5, -2.5, -2.5, -2.5, -2.5, -2.0, -2.0, -1.0]","[0.0, 1.5, 1.5, 2.5]","[0.0, 0.0, 0.0, 1.4142135]","[-5.0, -4.5, -3.5, -2.5]","[0.0, 1.5, 6.5, 9.0]","[0.0, 0.0, 6.4807405, 9.0]","[-5.0, -3.5, 1.0, 3.0]","[6.5, 9.0]","[6.4807405, 9.0]","[1.0, 3.0]",2,2,0,1,0.0,2.0,1
73340,3,2,1,"[0.5, 0.5, 0.5, 1.0, 1.5, 2.0, 2.5, 2.5, 5.5, 6.0]","[0.0, 0.0, 0.0, 0.0, 1.0, 1.7320508, 2.0, 2.4494898, 5.196152, 5.477226]","[1.5, 3.5, 4.0]","[0.0, 1.4142135, 3.8729835]","[-3.5, -2.5, -1.5]","[1.5, 4.0]","[1.4142135, 3.8729835]","[-3.5, -2.5]","[3.5, 7.5]","[3.1622777, 7.3484693]","[-0.5, 3.5]",[5.0],[4.0],[2.5],1,0,1,0,1.0,0.0,0
602,4,2,1,"[0.0, 0.5, 0.5, 1.0, 1.0, 1.5, 2.0, 4.0, 4.5, 7.0]","[0.0, 0.0, 0.0, 0.0, 1.0, 1.4142135, 1.7320508, 4.0, 4.472136, 6.708204]","[1.5, 4.0, 5.0, 5.0]","[0.0, 4.0, 4.0, 4.582576]","[-3.5, -1.5, -1.5, -1.0]","[1.5, 4.0]","[0.0, 4.0]","[-3.5, -1.0]","[5.0, 8.5]","[4.0, 8.485281]","[-1.5, 5.5]",[2.5],[0.0],[0.0],1,0,1,0,1.0,0.0,1
28223,3,2,1,"[0.5, 0.5, 0.5, 0.5, 1.5, 1.5, 2.0, 3.0, 3.5, 6.0]","[0.0, 0.0, 0.0, 0.0, 0.0, 0.0, 0.0, 1.4142135, 2.828427, 5.91608]","[2.5, 2.5, 5.0]","[2.0, 2.4494898, 4.8989797]","[-2.0, -2.0, -1.5]","[2.5, 5.0]","[2.4494898, 4.8989797]","[-2.0, -2.0]","[0.5, 1.0]","[0.0, 1.0]","[-2.5, -2.0]",[5.5],[5.477226],[5.5],1,0,1,0,1.0,0.0,0
446,1,1,1,"[1.0, 1.0, 1.0, 1.0, 1.5, 1.5, 2.0, 2.0, 3.5, 5.5]","[0.0, 0.0, 0.0, 0.0, 0.0, 1.0, 1.7320508, 2.0, 2.4494898, 5.2915025]",[3.5],[2.4494898],[-1.0],[3.5],[2.4494898],[-1.0],[2.0],[2.0],[0.0],[2.0],[2.0],[0.0],0,1,0,0,0.0,0.0,1
839,4,2,0,"[0.0, 0.5, 1.0, 1.5, 1.5, 2.0, 2.0, 3.0, 4.0, 6.5]","[0.0, 0.0, 0.0, 0.0, 1.4142135, 1.7320508, 2.0, 2.236068, 3.8729835, 6.4807405]","[1.5, 2.0, 2.0, 3.0]","[0.0, 0.0, 1.7320508, 2.828427]","[-4.0, -3.0, -1.5, -1.0]","[1.5, 2.0]","[0.0, 1.7320508]","[-4.0, -3.0]","[1.5, 2.0]","[0.0, 1.7320508]","[-4.0, -3.0]",[],[],[],2,0,0,1,0.0,2.0,1
5634,3,2,1,"[0.5, 1.0, 1.0, 2.0, 2.5, 2.5, 3.0, 3.5, 5.0, 5.5]","[0.0, 0.0, 1.0, 1.7320508, 2.236068, 2.4494898, 2.4494898, 2.4494898, 4.0, 4.2426405]","[1.0, 3.0, 4.0]","[0.0, 2.236068, 2.6457512]","[-4.0, -3.5, -1.5]","[1.0, 4.0]","[0.0, 2.6457512]","[-3.5, -1.5]","[5.0, 5.5]","[4.582576, 4.8989797]","[3.0, 3.5]",[8.0],[7.937254],[6.5],1,0,1,0,1.0,0.0,0
98,4,3,1,"[0.5, 0.5, 0.5, 2.0, 2.0, 2.5, 2.5, 3.5, 6.5, 8.0]","[0.0, 0.0, 0.0, 0.0, 0.0, 2.0, 2.4494898, 3.4641016, 6.4807405, 8.0]","[3.0, 3.0, 4.5, 5.0]","[2.828427, 2.828427, 4.472136, 4.582576]","[-3.0, -2.5, -2.0, -1.0]","[3.0, 3.0, 4.5]","[2.828427, 2.828427, 4.472136]","[-3.0, -2.5, -2.0]","[4.0, 4.0, 7.0]","[0.0, 3.4641016, 7.0]","[-3.5, -0.5, 3.0]",[4.5],[2.828427],[3.0],2,0,1,0,2.0,0.0,1
32148,2,2,1,"[0.0, 1.0, 1.0, 1.5, 1.5, 2.0, 2.5, 4.0, 4.5, 7.0]","[0.0, 0.0, 0.0, 0.0, 0.0, 0.0, 2.4494898, 2.828427, 4.0, 6.928203]","[1.5, 2.0]","[1.4142135, 2.0]","[-4.0, -3.0]","[1.5, 2.0]","[1.4142135, 2.0]","[-4.0, -3.0]","[5.5, 6.5]","[4.8989797, 6.3245554]","[0.5, 1.5]",[5.0],[3.0],[2.0],1,0,1,0,1.0,0.0,0
284,4,2,2,"[0.5, 1.0, 1.0, 1.5, 1.5, 2.5, 3.0, 3.5, 4.0, 7.0]","[0.0, 0.0, 0.0, 0.0, 0.0, 1.4142135, 2.0, 2.6457512, 3.0, 7.0]","[0.5, 2.0, 2.5, 4.5]","[0.0, 0.0, 0.0, 4.2426405]","[-4.5, -4.0, -3.0, -2.5]","[0.5, 2.0]","[0.0, 0.0]","[-4.0, -3.0]","[5.0, 6.0]","[4.8989797, 5.196152]","[0.0, 6.0]","[5.0, 6.0]","[4.8989797, 5.196152]","[0.0, 6.0]",0,2,0,0,0.0,0.0,1
64187,2,1,1,"[0.0, 0.0, 1.0, 1.5, 3.0, 3.0, 3.5, 3.5, 5.5, 6.0]","[0.0, 0.0, 0.0, 0.0, 0.0, 1.0, 2.4494898, 2.828427, 5.477226, 5.656854]","[3.0, 4.0]","[0.0, 2.6457512]","[-2.5, -1.5]",[3.0],[0.0],[-1.5],[6.0],[5.656854],[3.5],[6.0],[5.656854],[3.5],0,1,0,0,0.0,0.0,0
536,2,2,1,"[0.5, 0.5, 2.0, 2.0, 2.0, 2.5, 3.0, 3.5, 3.5, 5.0]","[0.0, 0.0, 0.0, 0.0, 1.7320508, 2.236068, 2.4494898, 3.1622777, 3.4641016, 4.0]","[2.0, 4.5]","[1.7320508, 3.7416575]","[-1.0, -1.0]","[2.0, 4.5]","[1.7320508, 3.7416575]","[-1.0, -1.0]","[7.5, 9.0]","[7.3484693, 9.0]","[3.5, 7.5]",[6.0],[6.0],[5.5],1,0,1,0,1.0,0.0,1
470,3,2,2,"[1.0, 1.0, 1.5, 1.5, 2.0, 2.0, 3.5, 4.0, 4.5, 5.5]","[0.0, 0.0, 0.0, 1.4142135, 1.4142135, 1.7320508, 1.7320508, 2.828427, 3.4641016, 5.477226]","[1.5, 1.5, 3.0]","[0.0, 1.4142135, 2.236068]","[-2.0, -1.5, -1.0]","[1.5, 3.0]","[1.4142135, 2.236068]","[-2.0, -1.0]","[1.0, 5.0]","[0.0, 4.582576]","[-2.5, 4.0]","[1.0, 5.0]","[0.0, 4.582576]","[-2.5, 4.0]",0,2,0,0,0.0,0.0,1
649,30,6,3,"[1.0, 1.5, 5.0, 5.0, 5.5, 5.5, 6.0, 6.5, 7.0, 7.0]","[1.0, 1.4142135, 4.0, 4.2426405, 4.8989797, 4.8989797, 5.196152, 6.4807405, 6.928203, 7.0]","[0.0, 0.5, 0.5, 0.5, 0.5, 0.5, 1.0, 1.0, 1.5, 1.5, 1.5, 2.0, 2.0, 2.5, 2.5, 3.0, 3.0, 3.0, 3.0, 3.5, 3.5, 3.5, 4.0, 4.0, 4.5, 5.0, 5.0, 5.5, 6.0, 7.5]","[0.0, 0.0, 0.0, 0.0, 0.0, 0.0, 0.0, 0.0, 0.0, 0.0, 1.0, 1.4142135, 1.7320508, 2.0, 2.236068, 2.236068, 2.4494898, 2.828427, 2.828427, 3.1622777, 3.1622777, 3.1622777, 3.4641016, 3.7416575, 4.0, 4.582576, 4.8989797, 5.477226, 6.0, 7.483315]","[-8.5, -6.5, -6.5, -6.5, -6.0, -6.0, -6.0, -5.5, -4.5, -4.5, -4.5, -4.5, -4.0, -4.0, -4.0, -3.5, -3.5, -3.5, -3.5, -3.5, -3.5, -3.0, -3.0, -2.5, -2.5, -2.0, -2.0, -2.0, -1.5, -1.0]","[0.0, 0.5, 0.5, 0.5, 1.0, 1.5]","[0.0, 0.0, 0.0, 0.0, 0.0, 0.0]","[-8.5, -6.0, -6.0, -3.5, -3.5, -3.0]","[2.0, 3.5, 4.5, 5.0, 5.5, 6.0]","[0.0, 0.0, 1.7320508, 4.582576, 5.477226, 5.656854]","[-3.5, -2.0, -1.0, 0.0, 3.0, 3.5]","[2.5, 4.0, 4.5]","[0.0, 0.0, 2.0]","[-3.0, -2.0, 1.5]",3,1,2,0,1.5,0.0,1
98500,1,1,1,"[0.0, 1.5, 1.5, 1.5, 1.5, 2.0, 2.5, 3.5, 4.0, 6.5]","[0.0, 0.0, 0.0, 0.0, 1.4142135, 1.4142135, 1.4142135, 3.1622777, 3.8729835, 6.4807405]",[2.5],[0.0],[-3.0],[2.5],[0.0],[-3.0],[4.5],[4.2426405],[1.0],[4.5],[4.2426405],[1.0],0,1,0,0,0.0,0.0,0
71938,5,1,1,"[0.0, 0.5, 1.0, 1.0, 2.0, 3.0, 4.5, 4.5, 4.5, 5.5]","[0.0, 0.0, 0.0, 0.0, 0.0, 3.0, 4.2426405, 4.472136, 4.472136, 4.472136]","[2.5, 2.5, 3.5, 3.5, 5.5]","[0.0, 0.0, 2.0, 3.4641016, 4.8989797]","[-4.5, -3.0, -3.0, -2.5, -1.0]",[2.5],[2.0],[-4.5],[8.5],[8.485281],[5.5],[8.5],[8.485281],[5.5],0,1,0,0,0.0,0.0,0
405,1,1,1,"[0.0, 0.0, 0.0, 0.5, 1.0, 1.5, 2.0, 2.5, 7.0, 7.5]","[0.0, 0.0, 0.0, 0.0, 1.0, 1.4142135, 2.0, 2.4494898, 6.928203, 7.3484693]",[4.5],[4.472136],[-3.0],[4.5],[4.472136],[-3.0],[7.5],[7.483315],[0.5],[7.5],[7.483315],[0.5],0,1,0,0,0.0,0.0,1
13322,2,2,1,"[0.0, 0.0, 0.5, 1.0, 1.5, 1.5, 2.0, 2.5, 4.5, 7.5]","[0.0, 0.0, 0.0, 0.0, 0.0, 1.4142135, 1.7320508, 2.0, 3.7416575, 7.483315]","[3.5, 3.5]","[0.0, 3.4641016]","[-3.5, -1.5]","[3.5, 3.5]","[0.0, 3.4641016]","[-3.5, -1.5]","[4.0, 8.0]","[2.6457512, 7.937254]","[-1.0, 4.5]",[3.5],[2.4494898],[2.5],1,0,1,0,1.0,0.0,0
355,2,1,1,"[0.0, 0.0, 1.0, 1.5, 1.5, 2.0, 2.0, 2.0, 5.5, 8.0]","[0.0, 0.0, 0.0, 0.0, 0.0, 1.4142135, 1.7320508, 2.0, 4.8989797, 7.937254]","[3.0, 4.0]","[0.0, 2.6457512]","[-4.5, -2.0]",[3.0],[0.0],[-2.0],[5.5],[5.477226],[4.0],[5.5],[5.477226],[4.0],0,1,0,0,0.0,0.0,1
459,4,2,1,"[0.0, 0.5, 0.5, 1.5, 2.0, 2.5, 3.0, 5.5, 6.5, 6.5]","[0.0, 0.0, 0.0, 0.0, 0.0, 2.0, 3.0, 4.2426405, 6.0, 6.4807405]","[2.0, 2.5, 4.0, 5.5]","[0.0, 2.0, 3.8729835, 5.2915025]","[-5.0, -4.0, -3.5, -3.5]","[2.0, 2.5]","[0.0, 2.0]","[-5.0, -3.5]","[3.5, 4.0]","[0.0, 3.1622777]","[-1.5, 0.0]",[5.0],[5.0],[2.5],1,0,1,0,1.0,0.0,1
95929,1,1,1,"[0.0, 0.5, 0.5, 0.5, 1.5, 1.5, 2.5, 2.5, 4.0, 4.5]","[0.0, 0.0, 0.0, 0.0, 0.0, 0.0, 0.0, 1.4142135, 2.0, 4.2426405]",[2.0],[0.0],[-1.0],[2.0],[0.0],[-1.0],[6.5],[6.4807405],[5.5],[6.5],[6.4807405],[5.5],0,1,0,0,0.0,0.0,0
10748,3,2,1,"[0.5, 1.0, 1.0, 1.0, 1.5, 2.0, 2.5, 4.0, 4.5, 6.5]","[0.0, 0.0, 0.0, 0.0, 1.4142135, 1.7320508, 2.0, 2.828427, 3.8729835, 6.4807405]","[2.0, 2.5, 3.0]","[0.0, 1.7320508, 2.0]","[-3.0, -2.0, -2.0]","[2.0, 3.0]","[0.0, 1.7320508]","[-2.0, -2.0]","[2.5, 6.0]","[2.0, 5.196152]","[-3.0, 2.5]",[3.0],[2.828427],[0.5],1,0,1,0,1.0,0.0,0
47646,2,1,1,"[0.0, 0.5, 1.0, 1.0, 1.5, 1.5, 2.0, 2.5, 4.0, 5.0]","[0.0, 0.0, 0.0, 0.0, 0.0, 0.0, 1.0, 1.4142135, 3.0, 3.8729835]","[4.0, 5.5]","[3.8729835, 5.2915025]","[-3.0, -1.5]",[4.0],[3.8729835],[-3.0],[6.5],[6.3245554],[6.0],[6.5],[6.3245554],[6.0],0,1,0,0,0.0,0.0,0
99840,7,3,2,"[1.0, 1.0, 1.0, 1.5, 2.0, 2.5, 2.5, 3.5, 5.5, 8.0]","[0.0, 0.0, 0.0, 0.0, 1.0, 1.0, 2.4494898, 3.4641016, 4.8989797, 7.937254]","[1.0, 1.5, 2.5, 3.5, 4.5, 5.0, 5.0]","[0.0, 0.0, 0.0, 3.4641016, 3.7416575, 4.0, 4.8989797]","[-5.0, -3.0, -2.5, -2.5, -2.0, -2.0, -1.0]","[1.0, 1.5, 3.5]","[0.0, 0.0, 3.4641016]","[-5.0, -2.5, -2.5]","[2.5, 4.5, 5.5]","[0.0, 4.2426405, 4.2426405]","[-0.5, 1.0, 2.0]","[2.5, 7.0]","[0.0, 6.708204]","[1.0, 6.5]",1,1,1,0,1.0,0.0,0
675,3,3,2,"[1.0, 1.0, 1.5, 1.5, 2.0, 2.0, 3.0, 3.5, 4.0, 5.0]","[0.0, 0.0, 0.0, 0.0, 1.0, 1.4142135, 2.0, 3.1622777, 4.0, 4.582576]","[1.0, 1.5, 2.5]","[0.0, 0.0, 1.0]","[-3.0, -2.5, -1.5]","[1.0, 1.5, 2.5]","[0.0, 0.0, 1.0]","[-3.0, -2.5, -1.5]","[0.5, 3.5, 4.0]","[0.0, 2.6457512, 3.1622777]","[-1.0, -0.5, 1.0]","[3.5, 5.5]","[3.1622777, 5.477226]","[1.0, 4.5]",1,1,1,0,1.0,0.0,1
46825,4,2,2,"[0.0, 0.5, 0.5, 2.0, 2.0, 2.0, 3.0, 3.0, 6.5, 7.0]","[0.0, 0.0, 0.0, 0.0, 0.0, 1.7320508, 2.0, 2.0, 6.0, 7.0]","[1.5, 2.5, 5.0, 5.5]","[0.0, 1.4142135, 4.8989797, 5.2915025]","[-5.0, -2.5, -2.0, -1.5]","[1.5, 2.5]","[0.0, 1.4142135]","[-5.0, -2.5]","[2.5, 6.0]","[2.4494898, 5.91608]","[-1.0, 4.0]","[2.5, 6.0]","[2.4494898, 5.91608]","[-1.0, 4.0]",0,2,0,0,0.0,0.0,0
595,1,1,1,"[0.0, 0.0, 1.0, 1.0, 1.5, 1.5, 2.0, 2.5, 3.5, 6.0]","[0.0, 0.0, 0.0, 0.0, 0.0, 1.0, 1.4142135, 2.4494898, 3.1622777, 5.91608]",[1.5],[1.4142135],[-2.0],[1.5],[1.4142135],[-2.0],[4.5],[3.7416575],[2.0],[4.5],[3.7416575],[2.0],0,1,0,0,0.0,0.0,1
22960,8,3,1,"[0.0, 1.0, 1.5, 2.5, 2.5, 2.5, 3.0, 3.5, 7.0, 7.0]","[0.0, 0.0, 0.0, 0.0, 1.4142135, 2.4494898, 2.828427, 3.1622777, 6.708204, 7.0]","[0.5, 1.5, 2.5, 2.5, 3.0, 3.0, 4.5, 6.0]","[0.0, 1.4142135, 2.0, 2.236068, 2.236068, 2.4494898, 4.472136, 5.656854]","[-7.5, -3.0, -3.0, -3.0, -2.5, -2.5, -1.5, -1.0]","[0.5, 1.5, 2.5]","[0.0, 1.4142135, 2.4494898]","[-7.5, -3.0, -2.5]","[3.0, 4.5, 6.0]","[2.828427, 4.472136, 5.656854]","[-1.5, -1.5, 0.0]",[4.0],[0.0],[1.5],2,0,1,0,2.0,0.0,0
406,2,2,2,"[0.5, 0.5, 1.0, 1.0, 1.0, 1.5, 2.5, 2.5, 3.0, 4.0]","[0.0, 0.0, 0.0, 0.0, 0.0, 0.0, 1.0, 2.4494898, 2.6457512, 2.828427]","[1.0, 2.0]","[0.0, 0.0]","[-3.0, -2.5]","[1.0, 2.0]","[0.0, 0.0]","[-3.0, -2.5]","[5.0, 5.5]","[3.0, 5.2915025]","[4.0, 5.0]","[5.0, 5.5]","[3.0, 5.2915025]","[4.0, 5.0]",0,2,0,0,0.0,0.0,1
945,2,2,1,"[1.0, 1.0, 1.0, 1.0, 1.5, 2.0, 2.5, 2.5, 4.5, 8.5]","[0.0, 0.0, 0.0, 0.0, 0.0, 1.0, 2.0, 2.4494898, 4.2426405, 8.485281]","[2.0, 2.0]","[1.7320508, 2.0]","[-4.5, -4.0]","[2.0, 2.0]","[1.7320508, 2.0]","[-4.5, -4.0]","[5.0, 5.5]","[4.2426405, 4.582576]","[-1.5, 0.5]",[4.0],[3.8729835],[1.0],1,0,1,0,1.0,0.0,1
18062,2,2,2,"[0.5, 0.5, 1.0, 1.0, 2.0, 2.5, 2.5, 3.0, 4.0, 4.5]","[0.0, 0.0, 0.0, 1.0, 1.0, 1.7320508, 2.0, 2.6457512, 2.828427, 3.0]","[3.0, 3.5]","[0.0, 3.1622777]","[-1.5, -1.5]","[3.0, 3.5]","[0.0, 3.1622777]","[-1.5, -1.5]","[2.0, 5.5]","[1.7320508, 5.477226]","[1.5, 3.5]","[2.0, 5.5]","[1.7320508, 5.477226]","[1.5, 3.5]",0,2,0,0,0.0,0.0,0
71112,6,2,2,"[0.0, 0.5, 1.5, 2.0, 2.0, 2.5, 2.5, 3.5, 4.5, 5.0]","[0.0, 0.0, 0.0, 0.0, 1.4142135, 2.0, 2.4494898, 3.0, 3.1622777, 4.472136]","[1.0, 1.5, 2.0, 2.5, 3.0, 3.5]","[0.0, 0.0, 0.0, 1.0, 1.4142135, 2.0]","[-6.0, -5.0, -4.0, -2.5, -2.5, -2.0]","[1.0, 2.0]","[1.0, 2.0]","[-6.0, -2.0]","[3.0, 4.0]","[0.0, 2.236068]","[1.0, 1.5]","[3.0, 4.0]","[0.0, 2.236068]","[1.0, 1.5]",0,2,0,0,0.0,0.0,0
694,2,2,2,"[0.5, 0.5, 1.0, 1.0, 1.0, 1.5, 2.5, 5.0, 5.0, 7.5]","[0.0, 0.0, 0.0, 0.0, 0.0, 0.0, 2.0, 4.8989797, 5.0, 7.3484693]","[2.0, 4.0]","[2.0, 4.0]","[-3.0, -2.0]","[2.0, 4.0]","[2.0, 4.0]","[-3.0, -2.0]","[4.0, 8.5]","[3.8729835, 8.485281]","[0.5, 3.0]","[4.0, 8.5]","[3.8729835, 8.485281]","[0.5, 3.0]",0,2,0,0,0.0,0.0,1
49343,1,1,1,"[1.0, 1.5, 2.0, 2.5, 2.5, 2.5, 2.5, 3.0, 3.0, 3.5]","[0.0, 0.0, 1.0, 2.0, 2.0, 2.0, 2.0, 2.236068, 2.828427, 3.1622777]",[2.0],[0.0],[-3.0],[2.0],[0.0],[-3.0],[4.5],[4.472136],[3.0],[4.5],[4.472136],[3.0],0,1,0,0,0.0,0.0,0
94438,5,2,2,"[1.0, 1.0, 1.0, 1.5, 2.5, 2.5, 2.5, 4.5, 5.5, 7.0]","[0.0, 0.0, 0.0, 0.0, 0.0, 2.0, 2.4494898, 2.4494898, 5.477226, 6.708204]","[1.5, 2.0, 2.0, 4.0, 4.5]","[0.0, 2.0, 2.0, 2.828427, 3.8729835]","[-3.0, -2.5, -2.5, -1.0, -1.0]","[2.0, 4.0]","[2.0, 3.8729835]","[-3.0, -2.5]","[5.5, 5.5]","[4.2426405, 5.477226]","[-2.0, 5.0]","[5.5, 5.5]","[4.2426405, 5.477226]","[-2.0, 5.0]",0,2,0,0,0.0,0.0,0
69385,3,1,1,"[0.5, 0.5, 1.0, 1.5, 2.5, 2.5, 3.0, 3.5, 3.5, 3.5]","[0.0, 0.0, 0.0, 0.0, 0.0, 0.0, 2.4494898, 3.4641016, 3.4641016, 3.4641016]","[2.0, 2.0, 3.0]","[1.7320508, 2.0, 2.236068]","[-2.5, -2.5, -2.0]",[2.0],[2.0],[-2.5],[5.5],[4.8989797],[3.5],[5.5],[4.8989797],[3.5],0,1,0,0,0.0,0.0,0
379,5,2,1,"[0.5, 1.0, 1.0, 1.0, 2.5, 3.0, 3.0, 3.5, 5.0, 6.0]","[0.0, 0.0, 0.0, 1.0, 1.0, 2.4494898, 2.4494898, 2.828427, 4.0, 5.91608]","[1.0, 3.5, 4.0, 5.0, 6.0]","[1.0, 3.4641016, 3.8729835, 5.0, 6.0]","[-4.0, -3.5, -2.0, -1.5, -1.5]","[1.0, 4.0]","[1.0, 3.8729835]","[-4.0, -1.5]","[3.0, 6.5]","[2.236068, 6.4807405]","[0.0, 3.0]",[5.5],[4.8989797],[2.0],1,0,1,0,1.0,0.0,1
73704,2,2,1,"[0.0, 0.0, 1.0, 1.5, 2.0, 2.0, 2.0, 2.5, 4.0, 6.5]","[0.0, 0.0, 0.0, 0.0, 0.0, 0.0, 1.7320508, 1.7320508, 4.0, 6.0]","[3.0, 4.0]","[0.0, 3.0]","[-2.0, -1.0]","[3.0, 4.0]","[0.0, 3.0]","[-2.0, -1.0]","[2.0, 2.5]","[1.7320508, 2.0]","[-2.0, 0.0]",[7.0],[6.708204],[7.0],1,0,1,0,1.0,0.0,0
178,32,5,3,"[2.5, 3.0, 4.5, 4.5, 5.0, 5.5, 6.0, 6.5, 7.0, 7.0]","[2.236068, 2.4494898, 3.0, 3.7416575, 4.472136, 5.2915025, 5.656854, 6.3245554, 6.928203, 6.928203]","[0.0, 0.0, 0.0, 0.5, 1.0, 1.0, 1.5, 1.5, 1.5, 1.5, 1.5, 1.5, 1.5, 2.0, 2.0, 2.5, 2.5, 2.5, 3.0, 3.0, 3.0, 3.5, 3.5, 3.5, 3.5, 4.0, 4.0, 4.5, 5.0, 5.0, 5.5, 6.5]","[0.0, 0.0, 0.0, 0.0, 0.0, 0.0, 0.0, 0.0, 0.0, 0.0, 0.0, 0.0, 0.0, 1.4142135, 1.4142135, 1.4142135, 1.4142135, 1.7320508, 2.0, 2.0, 2.4494898, 2.6457512, 2.6457512, 2.828427, 3.0, 3.1622777, 3.1622777, 4.2426405, 4.582576, 4.8989797, 5.0, 6.4807405]","[-8.5, -7.5, -6.5, -6.0, -6.0, -5.5, -5.0, -5.0, -5.0, -5.0, -4.5, -4.0, -4.0, -4.0, -3.5, -3.5, -3.5, -3.5, -3.0, -3.0, -3.0, -3.0, -3.0, -2.5, -2.0, -2.0, -2.0, -2.0, -2.0, -1.5, -1.0, -1.0]","[0.0, 0.0, 0.0, 1.0, 4.0]","[0.0, 0.0, 0.0, 0.0, 2.6457512]","[-8.5, -7.5, -4.0, -3.5, -3.5]","[2.5, 3.0, 3.0, 4.0, 6.0]","[0.0, 2.0, 3.0, 3.4641016, 5.196152]","[-3.0, -3.0, -0.5, 0.5, 3.0]","[2.5, 4.0, 4.5]","[0.0, 2.0, 3.4641016]","[-3.0, 0.5, 2.5]",2,2,1,0,2.0,0.0,1
917,6,2,0,"[0.0, 0.5, 1.0, 2.0, 2.0, 2.5, 2.5, 4.0, 5.0, 7.5]","[0.0, 0.0, 0.0, 0.0, 1.0, 1.7320508, 2.0, 4.0, 4.0, 7.3484693]","[1.5, 2.0, 3.0, 4.0, 4.5, 4.5]","[1.4142135, 1.7320508, 2.6457512, 2.828427, 2.828427, 4.472136]","[-7.0, -3.5, -2.5, -2.5, -2.0, -2.0]","[1.5, 2.0]","[1.4142135, 1.7320508]","[-7.0, -2.0]","[1.5, 2.0]","[1.4142135, 1.7320508]","[-7.0, -2.0]",[],[],[],2,0,0,1,0.0,2.0,1
273,2,2,1,"[0.0, 0.5, 1.0, 1.0, 1.0, 2.0, 4.0, 4.5, 5.0, 5.0]","[0.0, 0.0, 0.0, 0.0, 1.0, 1.7320508, 3.7416575, 3.8729835, 4.8989797, 5.0]","[3.5, 4.5]","[3.1622777, 4.2426405]","[-1.0, -1.0]","[3.5, 4.5]","[3.1622777, 4.2426405]","[-1.0, -1.0]","[6.5, 7.5]","[6.3245554, 7.3484693]","[2.5, 3.0]",[5.5],[4.8989797],[2.0],1,0,1,0,1.0,0.0,1
986,1,1,1,"[0.0, 0.5, 1.0, 1.5, 1.5, 2.0, 2.5, 3.0, 4.0, 4.0]","[0.0, 0.0, 0.0, 0.0, 0.0, 1.4142135, 1.7320508, 2.828427, 3.4641016, 3.8729835]",[1.0],[0.0],[-3.0],[1.0],[0.0],[-3.0],[4.0],[3.4641016],[1.0],[4.0],[3.4641016],[1.0],0,1,0,0,0.0,0.0,1
69913,3,2,2,"[0.5, 1.0, 1.0, 2.0, 2.0, 3.0, 3.0, 3.5, 4.5, 6.0]","[0.0, 0.0, 0.0, 0.0, 0.0, 0.0, 1.0, 3.4641016, 3.7416575, 6.0]","[3.0, 3.5, 4.5]","[3.0, 3.1622777, 4.472136]","[-2.0, -2.0, -1.5]","[3.5, 4.5]","[3.1622777, 4.472136]","[-2.0, -1.5]","[6.0, 7.0]","[5.91608, 6.708204]","[4.0, 5.0]","[6.0, 7.0]","[5.91608, 6.708204]","[4.0, 5.0]",0,2,0,0,0.0,0.0,0
484,1,1,1,"[1.0, 1.0, 1.5, 2.0, 2.0, 2.5, 2.5, 3.5, 4.5, 6.5]","[0.0, 1.0, 1.0, 1.4142135, 1.7320508, 2.0, 2.0, 2.4494898, 3.4641016, 6.0]",[0.5],[0.0],[-2.5],[0.5],[0.0],[-2.5],[4.0],[3.8729835],[2.5],[4.0],[3.8729835],[2.5],0,1,0,0,0.0,0.0,1
114,21,5,2,"[1.5, 1.5, 2.0, 2.0, 3.5, 4.0, 5.0, 6.0, 6.0, 7.0]","[0.0, 0.0, 1.7320508, 2.0, 3.4641016, 3.8729835, 4.582576, 5.656854, 5.91608, 6.928203]","[0.0, 0.0, 0.5, 0.5, 1.0, 1.5, 1.5, 1.5, 1.5, 1.5, 2.0, 2.0, 2.5, 3.0, 3.0, 3.0, 3.0, 3.5, 3.5, 4.0, 5.0]","[0.0, 0.0, 0.0, 0.0, 0.0, 0.0, 0.0, 0.0, 0.0, 1.4142135, 1.4142135, 1.4142135, 1.4142135, 1.7320508, 2.236068, 2.4494898, 2.828427, 3.0, 3.4641016, 3.8729835, 5.0]","[-6.0, -5.0, -5.0, -4.5, -4.5, -4.5, -4.0, -4.0, -4.0, -3.5, -3.5, -3.0, -3.0, -3.0, -2.5, -2.5, -2.0, -2.0, -2.0, -1.5, -1.5]","[0.0, 0.0, 0.5, 1.5, 1.5]","[0.0, 0.0, 0.0, 0.0, 1.4142135]","[-6.0, -5.0, -5.0, -4.5, -3.0]","[0.5, 1.5, 4.5, 5.0, 6.5]","[0.0, 0.0, 1.4142135, 4.8989797, 6.4807405]","[-5.0, -5.0, 1.0, 1.0, 1.5]","[3.0, 4.5]","[0.0, 2.236068]","[0.0, 1.0]",3,1,1,1,1.0,2.0,1
969,1,1,1,"[0.5, 1.0, 1.5, 1.5, 2.0, 2.0, 3.0, 4.0, 4.5, 5.0]","[0.0, 0.0, 0.0, 0.0, 0.0, 1.4142135, 2.0, 2.236068, 2.828427, 4.582576]",[4.0],[3.8729835],[-3.5],[4.0],[3.8729835],[-3.5],[3.0],[2.236068],[1.5],[3.0],[2.236068],[1.5],0,1,0,0,0.0,0.0,1
12688,4,1,1,"[0.0, 1.0, 1.0, 1.5, 1.5, 2.0, 3.5, 3.5, 4.5, 6.5]","[0.0, 0.0, 0.0, 0.0, 0.0, 1.7320508, 2.4494898, 3.4641016, 3.7416575, 6.0]","[1.0, 2.0, 3.0, 4.0]","[0.0, 1.7320508, 2.236068, 4.0]","[-5.5, -2.5, -2.0, -1.5]",[4.0],[4.0],[-2.5],[4.5],[4.472136],[3.0],[4.5],[4.472136],[3.0],0,1,0,0,0.0,0.0,0
290,2,2,2,"[1.0, 1.0, 1.5, 1.5, 2.0, 2.5, 3.0, 3.0, 4.0, 6.0]","[0.0, 0.0, 0.0, 0.0, 1.0, 2.0, 2.236068, 3.0, 3.4641016, 5.656854]","[2.0, 2.5]","[0.0, 0.0]","[-3.5, -2.5]","[2.0, 2.5]","[0.0, 0.0]","[-3.5, -2.5]","[1.0, 2.5]","[0.0, 0.0]","[0.0, 0.0]","[1.0, 2.5]","[0.0, 0.0]","[0.0, 0.0]",0,2,0,0,0.0,0.0,1
81544,3,2,2,"[0.0, 0.0, 1.0, 1.5, 2.0, 2.5, 3.5, 4.0, 4.5, 7.0]","[0.0, 0.0, 0.0, 0.0, 0.0, 1.7320508, 2.0, 3.1622777, 3.7416575, 6.928203]","[3.0, 3.5, 4.0]","[2.4494898, 2.6457512, 2.828427]","[-4.5, -3.0, -1.0]","[3.0, 3.5]","[2.4494898, 2.828427]","[-4.5, -3.0]","[3.0, 4.5]","[2.236068, 3.7416575]","[1.0, 1.5]","[3.0, 4.5]","[2.236068, 3.7416575]","[1.0, 1.5]",0,2,0,0,0.0,0.0,0
127,1,1,1,"[0.0, 0.0, 0.0, 0.5, 1.0, 1.5, 2.0, 2.5, 3.0, 4.0]","[0.0, 0.0, 0.0, 0.0, 0.0, 1.4142135, 2.0, 2.0, 2.828427, 3.4641016]",[0.5],[0.0],[-2.5],[0.5],[0.0],[-2.5],[4.5],[4.472136],[4.0],[4.5],[4.472136],[4.0],0,1,0,0,0.0,0.0,1
485,2,1,1,"[0.5, 0.5, 0.5, 1.0, 1.5, 1.5, 2.5, 3.0, 4.0, 4.5]","[0.0, 0.0, 0.0, 0.0, 0.0, 1.0, 1.4142135, 2.0, 2.828427, 3.4641016]","[1.5, 1.5]","[1.4142135, 1.4142135]","[-6.0, -3.0]",[1.5],[1.4142135],[-3.0],[8.5],[8.485281],[7.5],[8.5],[8.485281],[7.5],0,1,0,0,0.0,0.0,1
385,4,2,1,"[0.0, 0.5, 1.0, 1.5, 2.0, 2.0, 2.5, 3.0, 3.5, 7.5]","[0.0, 0.0, 0.0, 1.4142135, 1.7320508, 1.7320508, 2.0, 2.236068, 3.4641016, 7.3484693]","[1.5, 1.5, 2.5, 3.5]","[0.0, 1.4142135, 2.4494898, 2.4494898]","[-4.5, -3.5, -2.5, -2.5]","[1.5, 2.5]","[1.4142135, 2.4494898]","[-4.5, -2.5]","[4.5, 4.5]","[0.0, 4.472136]","[-0.5, 1.0]",[6.5],[6.0],[5.5],1,0,1,0,1.0,0.0,1
361,5,3,2,"[0.0, 0.5, 0.5, 1.0, 1.0, 1.5, 2.5, 3.0, 5.0, 5.5]","[0.0, 0.0, 0.0, 0.0, 0.0, 0.0, 1.0, 1.4142135, 4.2426405, 4.582576]","[1.0, 1.5, 3.0, 4.5, 5.5]","[0.0, 1.4142135, 2.236068, 4.472136, 5.477226]","[-4.0, -2.5, -2.0, -1.5, -1.0]","[1.0, 1.5, 3.0]","[0.0, 1.4142135, 2.236068]","[-4.0, -1.5, -1.0]","[2.0, 2.5, 5.5]","[0.0, 2.4494898, 4.2426405]","[-1.5, 0.5, 4.0]","[5.0, 5.5]","[3.0, 4.2426405]","[4.0, 4.5]",1,1,1,0,1.0,0.0,1
5018,2,2,2,"[0.5, 1.0, 1.0, 1.0, 2.0, 2.0, 2.5, 3.0, 3.5, 5.0]","[0.0, 0.0, 0.0, 0.0, 0.0, 1.7320508, 2.0, 3.0, 3.1622777, 4.582576]","[1.0, 1.5]","[0.0, 1.4142135]","[-4.5, -1.5]","[1.0, 1.5]","[0.0, 1.4142135]","[-4.5, -1.5]","[5.5, 5.5]","[5.2915025, 5.2915025]","[3.5, 5.5]","[5.5, 5.5]","[5.2915025, 5.2915025]","[3.5, 5.5]",0,2,0,0,0.0,0.0,0
913,23,6,1,"[0.5, 2.0, 3.5, 3.5, 4.0, 6.0, 6.5, 6.5, 7.0, 7.0]","[0.0, 0.0, 0.0, 2.4494898, 3.4641016, 5.91608, 6.4807405, 6.4807405, 6.928203, 6.928203]","[0.0, 0.0, 0.0, 0.5, 0.5, 1.5, 2.0, 2.0, 2.5, 2.5, 2.5, 2.5, 3.0, 3.5, 3.5, 4.0, 4.0, 4.5, 4.5, 4.5, 5.0, 5.5, 6.0]","[0.0, 0.0, 0.0, 0.0, 0.0, 0.0, 1.4142135, 1.7320508, 1.7320508, 2.0, 2.0, 2.4494898, 2.4494898, 3.4641016, 3.4641016, 3.4641016, 3.7416575, 3.8729835, 4.2426405, 4.472136, 5.0, 5.477226, 5.91608]","[-7.5, -6.5, -6.0, -6.0, -5.5, -5.0, -4.5, -4.0, -3.5, -3.5, -3.5, -3.5, -2.5, -2.5, -2.0, -2.0, -2.0, -2.0, -2.0, -1.5, -1.5, -1.5, -1.0]","[0.0, 0.0, 0.0, 0.5, 0.5, 2.5]","[0.0, 0.0, 0.0, 0.0, 0.0, 2.0]","[-7.5, -6.5, -6.0, -6.0, -5.0, -1.5]","[3.5, 4.0, 5.0, 7.5, 7.5, 9.0]","[2.4494898, 3.8729835, 4.0, 7.3484693, 7.483315, 9.0]","[-3.5, -2.0, -1.5, 1.5, 2.0, 5.5]",[2.0],[0.0],[-2.0],5,0,1,0,5.0,0.0,1
35701,2,1,1,"[0.0, 0.0, 0.5, 1.0, 2.0, 2.0, 2.5, 3.0, 4.5, 4.5]","[0.0, 0.0, 0.0, 0.0, 1.0, 1.7320508, 2.0, 2.0, 2.828427, 3.7416575]","[1.0, 2.5]","[0.0, 2.4494898]","[-5.0, -4.0]",[1.0],[0.0],[-4.0],[9.0],[9.0],[7.5],[9.0],[9.0],[7.5],0,1,0,0,0.0,0.0,0
695,2,1,1,"[0.0, 1.0, 1.0, 1.5, 1.5, 2.5, 3.0, 3.5, 3.5, 4.0]","[0.0, 0.0, 0.0, 0.0, 0.0, 1.0, 1.4142135, 2.0, 2.236068, 3.1622777]","[0.5, 3.5]","[0.0, 0.0]","[-4.5, -1.5]",[0.5],[0.0],[-4.5],[2.0],[0.0],[1.5],[2.0],[0.0],[1.5],0,1,0,0,0.0,0.0,1
2332,3,2,2,"[0.0, 0.5, 1.0, 1.5, 1.5, 1.5, 2.5, 4.0, 5.5, 6.0]","[0.0, 0.0, 0.0, 0.0, 1.0, 1.4142135, 2.0, 4.0, 4.2426405, 5.196152]","[3.0, 4.0, 8.0]","[2.236068, 3.8729835, 8.0]","[-3.5, -2.5, -1.0]","[3.0, 4.0]","[2.236068, 3.8729835]","[-3.5, -2.5]","[4.0, 5.5]","[2.6457512, 5.477226]","[1.0, 3.5]","[4.0, 5.5]","[2.6457512, 5.477226]","[1.0, 3.5]",0,2,0,0,0.0,0.0,0
33786,1,1,1,"[0.0, 0.5, 0.5, 1.0, 1.5, 1.5, 2.0, 2.0, 2.5, 4.0]","[0.0, 0.0, 0.0, 0.0, 0.0, 0.0, 1.0, 2.0, 2.4494898, 2.6457512]",[3.5],[2.4494898],[-1.0],[3.5],[2.4494898],[-1.0],[7.0],[6.708204],[5.5],[7.0],[6.708204],[5.5],0,1,0,0,0.0,0.0,0
80944,2,2,1,"[0.0, 0.0, 1.0, 1.0, 1.0, 1.5, 1.5, 1.5, 2.5, 6.5]","[0.0, 0.0, 0.0, 0.0, 0.0, 1.0, 1.0, 1.4142135, 1.4142135, 6.4807405]","[3.0, 4.0]","[0.0, 4.0]","[-2.0, -1.5]","[3.0, 4.0]","[0.0, 4.0]","[-2.0, -1.5]","[4.5, 4.5]","[3.7416575, 4.472136]","[1.0, 1.5]",[4.5],[3.7416575],[4.5],1,0,1,0,1.0,0.0,0
28766,1,1,1,"[0.5, 0.5, 0.5, 0.5, 1.5, 2.5, 2.5, 3.0, 3.0, 5.5]","[0.0, 0.0, 0.0, 0.0, 0.0, 0.0, 1.4142135, 2.0, 2.236068, 4.8989797]",[2.5],[0.0],[-2.0],[2.5],[0.0],[-2.0],[6.5],[6.3245554],[4.0],[6.5],[6.3245554],[4.0],0,1,0,0,0.0,0.0,0
836,1,1,1,"[0.0, 0.5, 0.5, 1.0, 1.0, 1.5, 2.5, 3.0, 4.0, 5.0]","[0.0, 0.0, 0.0, 0.0, 0.0, 0.0, 0.0, 1.4142135, 2.236068, 4.8989797]",[3.5],[3.4641016],[-3.0],[3.5],[3.4641016],[-3.0],[5.0],[4.8989797],[4.5],[5.0],[4.8989797],[4.5],0,1,0,0,0.0,0.0,1
73348,5,2,2,"[1.0, 1.5, 2.0, 2.0, 2.0, 3.5, 3.5, 4.5, 5.0, 7.0]","[0.0, 0.0, 0.0, 0.0, 0.0, 1.4142135, 2.0, 2.828427, 4.8989797, 6.928203]","[2.0, 4.0, 4.0, 5.0, 5.0]","[0.0, 3.4641016, 3.8729835, 4.8989797, 5.0]","[-4.5, -4.0, -3.5, -1.5, -1.5]","[2.0, 4.0]","[0.0, 3.4641016]","[-4.5, -4.0]","[3.5, 7.5]","[3.4641016, 7.3484693]","[1.5, 4.0]","[3.5, 7.5]","[3.4641016, 7.3484693]","[1.5, 4.0]",0,2,0,0,0.0,0.0,0
208,4,2,2,"[0.0, 0.5, 1.0, 1.5, 1.5, 1.5, 2.5, 3.0, 3.5, 4.0]","[0.0, 0.0, 0.0, 0.0, 0.0, 1.4142135, 1.4142135, 2.0, 2.6457512, 2.828427]","[1.0, 2.0, 2.0, 3.0]","[0.0, 0.0, 0.0, 1.7320508]","[-3.0, -2.5, -2.5, -2.0]","[1.0, 2.0]","[0.0, 0.0]","[-3.0, -2.5]","[7.5, 8.0]","[7.483315, 7.937254]","[5.0, 8.0]","[7.5, 8.0]","[7.483315, 7.937254]","[5.0, 8.0]",0,2,0,0,0.0,0.0,1
58968,4,3,1,"[0.0, 0.5, 0.5, 1.0, 1.0, 2.5, 3.5, 4.0, 7.0, 7.5]","[0.0, 0.0, 0.0, 0.0, 0.0, 2.0, 3.4641016, 4.0, 6.928203, 7.3484693]","[2.0, 3.0, 3.5, 4.0]","[1.7320508, 2.236068, 3.4641016, 3.8729835]","[-3.5, -3.5, -2.5, -1.5]","[2.0, 3.5, 4.0]","[1.7320508, 3.4641016, 3.8729835]","[-3.5, -3.5, -1.5]","[3.5, 4.0, 7.0]","[3.4641016, 3.8729835, 6.708204]","[-3.5, -3.5, 3.0]",[7.0],[6.708204],[3.0],2,1,0,1,0.0,2.0,0
27717,5,3,2,"[0.0, 1.0, 1.0, 1.0, 1.0, 2.5, 3.0, 3.0, 5.0, 7.0]","[0.0, 0.0, 0.0, 0.0, 0.0, 0.0, 2.236068, 2.828427, 4.0, 6.928203]","[1.5, 1.5, 2.5, 3.0, 4.5]","[0.0, 1.4142135, 1.4142135, 3.0, 4.472136]","[-4.0, -3.5, -3.5, -2.5, -2.5]","[1.5, 1.5, 2.5]","[0.0, 1.4142135, 1.4142135]","[-4.0, -3.5, -2.5]","[3.5, 4.5, 7.5]","[2.4494898, 2.828427, 7.3484693]","[0.5, 3.0, 3.5]","[4.5, 6.5]","[2.828427, 6.4807405]","[3.0, 6.5]",1,1,1,0,1.0,0.0,0
5917,3,1,1,"[0.0, 0.5, 1.0, 1.0, 1.5, 1.5, 2.5, 4.0, 4.5, 6.0]","[0.0, 0.0, 0.0, 0.0, 0.0, 1.0, 1.4142135, 2.0, 2.6457512, 5.196152]","[3.0, 4.5, 6.0]","[2.236068, 4.2426405, 5.656854]","[-3.5, -3.0, -3.0]",[6.0],[5.656854],[-3.0],[5.5],[5.2915025],[4.0],[5.5],[5.2915025],[4.0],0,1,0,0,0.0,0.0,0
54586,3,1,1,"[0.5, 0.5, 0.5, 1.0, 1.5, 2.5, 3.0, 3.5, 5.5, 8.0]","[0.0, 0.0, 0.0, 0.0, 0.0, 1.0, 2.4494898, 3.0, 4.8989797, 8.0]","[3.0, 3.0, 4.0]","[0.0, 0.0, 4.0]","[-5.0, -3.0, -1.5]",[4.0],[4.0],[-3.0],[3.5],[0.0],[1.5],[3.5],[0.0],[1.5],0,1,0,0,0.0,0.0,0
9639,2,1,1,"[0.5, 0.5, 1.0, 1.0, 1.5, 2.0, 2.0, 2.5, 4.0, 4.5]","[0.0, 0.0, 0.0, 0.0, 0.0, 0.0, 0.0, 0.0, 2.6457512, 4.472136]","[2.5, 3.5]","[2.0, 3.1622777]","[-3.0, -2.0]",[2.5],[2.0],[-3.0],[5.0],[3.0],[4.5],[5.0],[3.0],[4.5],0,1,0,0,0.0,0.0,0
44339,1,1,1,"[0.0, 0.5, 1.0, 1.5, 1.5, 2.0, 2.0, 2.5, 4.5, 5.0]","[0.0, 0.0, 0.0, 0.0, 0.0, 0.0, 1.0, 1.7320508, 3.0, 4.472136]",[4.0],[2.6457512],[-2.0],[4.0],[2.6457512],[-2.0],[7.0],[6.928203],[6.5],[7.0],[6.928203],[6.5],0,1,0,0,0.0,0.0,0
92527,1,1,1,"[0.0, 0.0, 0.0, 0.5, 2.0, 2.5, 3.5, 4.0, 5.0, 6.0]","[0.0, 0.0, 0.0, 0.0, 0.0, 1.7320508, 2.0, 3.8729835, 4.582576, 5.91608]",[5.5],[5.477226],[-1.5],[5.5],[5.477226],[-1.5],[8.5],[8.485281],[4.5],[8.5],[8.485281],[4.5],0,1,0,0,0.0,0.0,0
86302,5,2,1,"[1.0, 1.5, 1.5, 2.0, 2.5, 3.0, 4.5, 4.5, 5.0, 8.5]","[0.0, 0.0, 1.4142135, 1.4142135, 2.4494898, 2.828427, 3.0, 3.7416575, 4.472136, 8.485281]","[3.0, 3.0, 3.5, 4.0, 4.5]","[0.0, 0.0, 2.6457512, 2.828427, 3.4641016]","[-4.5, -3.0, -2.5, -2.0, -1.5]","[3.0, 3.0]","[0.0, 0.0]","[-2.0, -1.5]","[4.5, 5.0]","[2.828427, 4.8989797]","[-4.5, 3.5]",[3.0],[0.0],[-2.5],1,0,1,0,1.0,0.0,0
116,2,1,1,"[0.0, 0.0, 0.0, 1.0, 2.5, 2.5, 3.0, 3.5, 3.5, 5.0]","[0.0, 0.0, 0.0, 0.0, 1.0, 2.0, 2.4494898, 2.828427, 3.4641016, 4.582576]","[1.5, 2.5]","[0.0, 2.0]","[-3.0, -2.5]",[1.5],[0.0],[-2.5],[5.5],[4.8989797],[3.5],[5.5],[4.8989797],[3.5],0,1,0,0,0.0,0.0,1
37746,3,2,2,"[0.0, 1.5, 1.5, 1.5, 2.0, 2.0, 2.5, 3.5, 4.0, 4.5]","[0.0, 0.0, 0.0, 1.4142135, 1.4142135, 1.4142135, 2.0, 3.4641016, 3.4641016, 3.7416575]","[2.0, 3.0, 3.0]","[0.0, 0.0, 2.828427]","[-2.5, -2.0, -1.5]","[2.0, 3.0]","[0.0, 2.828427]","[-2.5, -2.0]","[3.0, 4.5]","[3.0, 4.472136]","[1.5, 3.0]","[3.0, 4.5]","[3.0, 4.472136]","[1.5, 3.0]",0,2,0,0,0.0,0.0,0
10901,4,3,2,"[0.0, 0.5, 1.0, 1.0, 1.0, 1.5, 2.5, 2.5, 4.5, 8.5]","[0.0, 0.0, 0.0, 0.0, 1.0, 1.4142135, 2.0, 2.4494898, 4.2426405, 8.485281]","[1.0, 2.5, 3.0, 3.5]","[0.0, 1.0, 2.4494898, 2.828427]","[-3.5, -3.5, -2.0, -1.5]","[1.0, 2.5, 3.0]","[0.0, 1.0, 2.828427]","[-3.5, -2.0, -1.5]","[3.0, 3.5, 7.0]","[2.828427, 3.4641016, 7.0]","[-1.5, -1.5, 3.5]","[6.0, 7.0]","[6.0, 7.0]","[3.5, 5.0]",1,1,1,0,1.0,0.0,0
80653,3,2,1,"[0.0, 0.0, 0.5, 1.0, 2.0, 2.0, 2.5, 2.5, 3.5, 9.0]","[0.0, 0.0, 0.0, 0.0, 1.7320508, 1.7320508, 2.0, 2.0, 2.4494898, 9.0]","[2.0, 3.5, 4.0]","[1.7320508, 2.4494898, 2.6457512]","[-4.5, -4.0, -2.0]","[2.0, 4.0]","[1.7320508, 2.6457512]","[-4.5, -2.0]","[2.5, 4.0]","[2.4494898, 3.4641016]","[-2.5, -1.0]",[7.0],[6.708204],[6.0],1,0,1,0,1.0,0.0,0
55645,4,2,2,"[0.5, 1.0, 1.0, 1.0, 1.5, 2.0, 2.5, 3.0, 3.5, 4.0]","[0.0, 0.0, 0.0, 0.0, 0.0, 0.0, 1.0, 1.7320508, 2.236068, 2.6457512]","[2.0, 2.5, 3.0, 3.5]","[1.7320508, 2.0, 3.0, 3.1622777]","[-3.0, -2.5, -2.0, -1.5]","[3.0, 3.5]","[3.0, 3.1622777]","[-3.0, -2.5]","[4.5, 8.5]","[4.472136, 8.485281]","[4.5, 7.5]","[4.5, 8.5]","[4.472136, 8.485281]","[4.5, 7.5]",0,2,0,0,0.0,0.0,0
70664,5,2,2,"[0.5, 0.5, 1.5, 2.0, 2.0, 2.5, 4.0, 4.0, 4.0, 7.0]","[0.0, 0.0, 0.0, 0.0, 0.0, 1.7320508, 2.6457512, 3.4641016, 3.4641016, 7.0]","[1.5, 2.5, 3.0, 3.0, 4.0]","[0.0, 0.0, 2.0, 2.828427, 3.4641016]","[-4.0, -3.5, -3.0, -3.0, -3.0]","[1.5, 3.0]","[0.0, 0.0]","[-3.5, -3.0]","[3.5, 4.0]","[2.6457512, 3.4641016]","[-0.5, 3.5]","[3.5, 4.0]","[2.6457512, 3.4641016]","[-0.5, 3.5]",0,2,0,0,0.0,0.0,0
410,1,1,1,"[0.0, 0.5, 0.5, 1.0, 1.5, 1.5, 2.0, 2.5, 3.0, 3.5]","[0.0, 0.0, 0.0, 0.0, 1.0, 1.4142135, 1.7320508, 2.0, 2.236068, 3.1622777]",[1.5],[1.4142135],[-3.0],[1.5],[1.4142135],[-3.0],[4.0],[4.0],[2.5],[4.0],[4.0],[2.5],0,1,0,0,0.0,0.0,1
74097,1,1,1,"[0.5, 0.5, 0.5, 2.0, 2.0, 2.0, 3.0, 3.0, 3.5, 4.0]","[0.0, 0.0, 0.0, 0.0, 0.0, 0.0, 1.7320508, 2.4494898, 2.6457512, 2.828427]",[3.0],[0.0],[-1.0],[3.0],[0.0],[-1.0],[5.0],[4.582576],[4.5],[5.0],[4.582576],[4.5],0,1,0,0,0.0,0.0,0
74015,2,2,2,"[0.0, 0.5, 0.5, 1.0, 1.5, 1.5, 2.0, 3.0, 4.0, 4.5]","[0.0, 0.0, 0.0, 0.0, 0.0, 0.0, 1.4142135, 2.828427, 2.828427, 4.0]","[2.0, 3.0]","[2.0, 2.236068]","[-2.0, -1.5]","[2.0, 3.0]","[2.0, 2.236068]","[-2.0, -1.5]","[5.0, 6.0]","[3.0, 5.656854]","[3.0, 5.5]","[5.0, 6.0]","[3.0, 5.656854]","[3.0, 5.5]",0,2,0,0,0.0,0.0,0
820,4,2,2,"[0.0, 1.0, 1.0, 1.5, 1.5, 2.0, 2.5, 3.0, 3.5, 3.5]","[0.0, 0.0, 0.0, 1.0, 1.4142135, 1.4142135, 1.7320508, 2.4494898, 3.0, 3.1622777]","[1.0, 1.5, 2.0, 4.0]","[0.0, 0.0, 0.0, 3.8729835]","[-3.0, -1.5, -1.5, -1.5]","[1.0, 4.0]","[0.0, 3.8729835]","[-3.0, -1.5]","[3.0, 3.5]","[0.0, 2.828427]","[0.5, 3.0]","[3.0, 3.5]","[0.0, 2.828427]","[0.5, 3.0]",0,2,0,0,0.0,0.0,1
796,2,2,1,"[0.0, 0.0, 0.0, 1.0, 1.0, 1.0, 1.5, 1.5, 7.5, 8.0]","[0.0, 0.0, 0.0, 0.0, 0.0, 0.0, 0.0, 1.0, 7.3484693, 7.937254]","[3.0, 4.0]","[2.236068, 3.4641016]","[-5.0, -1.5]","[3.0, 4.0]","[2.236068, 3.4641016]","[-5.0, -1.5]","[6.5, 8.5]","[6.4807405, 8.485281]","[2.0, 2.0]",[3.0],[2.828427],[0.0],1,0,1,0,1.0,0.0,1
34839,2,2,1,"[0.5, 1.0, 1.5, 1.5, 1.5, 2.0, 2.0, 2.5, 3.0, 5.5]","[0.0, 0.0, 0.0, 0.0, 1.4142135, 1.4142135, 1.4142135, 1.7320508, 3.0, 5.2915025]","[0.5, 1.0]","[0.0, 0.0]","[-5.5, -2.5]","[0.5, 1.0]","[0.0, 0.0]","[-5.5, -2.5]","[5.0, 6.5]","[4.582576, 6.3245554]","[1.5, 3.0]",[8.0],[7.937254],[6.5],1,0,1,0,1.0,0.0,0
426,1,1,1,"[0.0, 1.0, 1.0, 1.0, 1.0, 2.0, 2.5, 2.5, 4.0, 4.5]","[0.0, 0.0, 0.0, 0.0, 0.0, 1.0, 2.0, 2.4494898, 3.8729835, 4.472136]",[0.5],[0.0],[-3.5],[0.5],[0.0],[-3.5],[3.0],[0.0],[-1.5],[3.0],[0.0],[-1.5],0,1,0,0,0.0,0.0,1
893,2,1,1,"[0.0, 0.0, 0.5, 1.0, 1.5, 1.5, 2.0, 3.5, 4.5, 6.5]","[0.0, 0.0, 0.0, 0.0, 0.0, 1.4142135, 1.4142135, 3.4641016, 4.2426405, 6.3245554]","[1.5, 5.0]","[0.0, 4.582576]","[-4.0, -1.0]",[1.5],[0.0],[-4.0],[6.0],[5.196152],[0.5],[6.0],[5.196152],[0.5],0,1,0,0,0.0,0.0,1
296,3,1,1,"[0.0, 0.0, 1.0, 1.5, 1.5, 1.5, 2.5, 4.0, 4.5, 6.0]","[0.0, 0.0, 0.0, 0.0, 0.0, 1.4142135, 1.4142135, 4.0, 4.472136, 5.196152]","[3.0, 3.0, 5.5]","[0.0, 2.236068, 4.8989797]","[-3.5, -2.5, -1.0]",[3.0],[2.236068],[-2.5],[6.5],[6.0],[4.5],[6.5],[6.0],[4.5],0,1,0,0,0.0,0.0,1
59060,3,2,1,"[0.0, 1.0, 1.5, 1.5, 1.5, 2.0, 2.0, 2.0, 4.0, 9.0]","[0.0, 0.0, 0.0, 0.0, 0.0, 1.0, 1.7320508, 2.0, 2.6457512, 9.0]","[3.5, 4.0, 5.0]","[2.4494898, 3.4641016, 4.0]","[-2.5, -2.5, -1.0]","[3.5, 4.0]","[2.4494898, 3.4641016]","[-2.5, -2.5]","[2.5, 4.0]","[2.4494898, 4.0]","[-2.0, -0.5]",[7.0],[7.0],[7.0],1,0,1,0,1.0,0.0,0
773,3,2,2,"[0.5, 1.0, 1.0, 1.5, 2.0, 2.0, 3.5, 3.5, 3.5, 4.5]","[0.0, 0.0, 0.0, 0.0, 0.0, 1.7320508, 2.0, 2.4494898, 3.4641016, 3.7416575]","[2.0, 4.0, 4.0]","[0.0, 3.4641016, 3.8729835]","[-4.5, -2.5, -1.5]","[2.0, 4.0]","[0.0, 3.8729835]","[-4.5, -1.5]","[1.5, 5.0]","[1.4142135, 4.582576]","[0.0, 3.5]","[1.5, 5.0]","[1.4142135, 4.582576]","[0.0, 3.5]",0,2,0,0,0.0,0.0,1
593,8,3,3,"[0.0, 0.5, 1.5, 3.0, 3.0, 3.0, 4.0, 4.0, 7.0, 7.0]","[0.0, 0.0, 0.0, 0.0, 0.0, 3.0, 3.8729835, 4.0, 6.708204, 6.708204]","[2.0, 2.0, 2.0, 2.5, 3.0, 4.0, 4.5, 5.0]","[0.0, 2.0, 2.0, 2.0, 2.6457512, 3.0, 4.472136, 4.8989797]","[-5.0, -4.0, -4.0, -3.0, -2.5, -2.5, -2.0, -2.0]","[2.0, 2.0, 3.0]","[0.0, 2.0, 3.0]","[-4.0, -2.5, -2.5]","[5.0, 8.0, 8.5]","[4.0, 8.0, 8.485281]","[1.0, 1.5, 7.0]","[5.0, 8.0, 8.5]","[4.0, 8.0, 8.485281]","[1.0, 1.5, 7.0]",0,3,0,0,0.0,0.0,1
90335,5,2,1,"[0.5, 1.0, 1.5, 1.5, 2.0, 2.0, 2.0, 2.5, 5.0, 9.0]","[0.0, 0.0, 0.0, 0.0, 1.0, 1.4142135, 1.7320508, 2.0, 3.0, 9.0]","[2.5, 3.0, 4.0, 5.5, 6.0]","[0.0, 2.236068, 2.4494898, 5.2915025, 5.91608]","[-4.5, -3.0, -2.5, -1.5, -1.5]","[2.5, 6.0]","[2.4494898, 5.91608]","[-4.5, -3.0]","[4.0, 4.0]","[0.0, 3.4641016]","[-1.0, -0.5]",[6.0],[5.656854],[5.5],1,0,1,0,1.0,0.0,0
60822,8,4,2,"[0.5, 1.0, 1.5, 2.5, 3.0, 3.0, 3.5, 4.0, 5.5, 6.5]","[0.0, 0.0, 0.0, 1.4142135, 2.0, 2.236068, 3.0, 3.1622777, 5.2915025, 6.0]","[1.0, 1.5, 2.0, 2.5, 3.0, 4.0, 5.5, 6.0]","[0.0, 0.0, 0.0, 0.0, 0.0, 2.828427, 5.2915025, 6.0]","[-3.5, -3.0, -2.0, -2.0, -1.5, -1.5, -1.0, -1.0]","[1.0, 2.0, 3.0, 5.5]","[0.0, 0.0, 2.828427, 5.2915025]","[-3.5, -3.0, -2.0, -1.5]","[1.5, 2.5, 4.0, 6.5]","[0.0, 0.0, 1.4142135, 6.4807405]","[-2.0, -2.0, 1.5, 3.5]","[7.0, 7.0]","[6.708204, 6.708204]","[6.0, 6.5]",2,0,2,0,1.0,0.0,0
34,4,2,1,"[0.0, 0.5, 1.0, 1.0, 1.5, 1.5, 2.5, 3.5, 4.0, 7.5]","[0.0, 0.0, 0.0, 0.0, 0.0, 0.0, 0.0, 0.0, 2.4494898, 7.3484693]","[2.5, 3.0, 3.5, 3.5]","[0.0, 0.0, 2.828427, 3.1622777]","[-4.5, -3.5, -3.0, -1.5]","[3.0, 3.5]","[2.828427, 3.1622777]","[-3.5, -3.0]","[1.0, 6.5]","[0.0, 6.0]","[-2.0, 1.5]",[5.5],[5.2915025],[5.0],1,0,1,0,1.0,0.0,1
118,1,1,1,"[0.5, 0.5, 1.0, 1.5, 1.5, 1.5, 2.0, 2.0, 4.5, 6.0]","[0.0, 0.0, 0.0, 0.0, 0.0, 1.4142135, 1.7320508, 1.7320508, 4.472136, 6.0]",[1.5],[0.0],[-4.0],[1.5],[0.0],[-4.0],[3.5],[3.1622777],[-1.5],[3.5],[3.1622777],[-1.5],0,1,0,0,0.0,0.0,1
88062,5,3,2,"[0.0, 0.5, 0.5, 1.5, 1.5, 2.5, 3.0, 5.0, 6.5, 8.5]","[0.0, 0.0, 0.0, 0.0, 0.0, 1.4142135, 2.828427, 4.582576, 6.0, 8.485281]","[3.0, 3.0, 4.0, 4.0, 5.5]","[0.0, 0.0, 0.0, 2.6457512, 5.477226]","[-4.5, -3.0, -2.5, -2.0, -2.0]","[3.0, 4.0, 5.5]","[0.0, 2.6457512, 5.477226]","[-3.0, -2.0, -2.0]","[5.0, 5.5, 7.5]","[3.0, 4.8989797, 7.483315]","[-0.5, 0.0, 5.5]","[5.0, 7.5]","[4.0, 7.483315]","[2.5, 5.5]",1,1,1,0,1.0,0.0,0
42303,6,2,1,"[0.0, 0.5, 1.0, 1.0, 1.0, 1.5, 2.0, 3.5, 5.5, 7.0]","[0.0, 0.0, 0.0, 0.0, 0.0, 1.0, 1.4142135, 3.4641016, 4.2426405, 7.0]","[1.5, 2.0, 2.5, 2.5, 3.5, 4.0]","[0.0, 0.0, 0.0, 2.4494898, 2.4494898, 3.8729835]","[-5.0, -4.5, -3.0, -3.0, -1.5, -1.5]","[2.5, 4.0]","[2.4494898, 3.8729835]","[-3.0, -1.5]","[2.0, 4.5]","[0.0, 2.828427]","[-3.0, 1.0]",[6.5],[6.0],[5.0],1,0,1,0,1.0,0.0,0
386,2,1,1,"[0.0, 0.0, 0.0, 1.0, 2.0, 2.5, 4.0, 4.0, 4.5, 5.5]","[0.0, 0.0, 0.0, 0.0, 0.0, 0.0, 1.0, 3.7416575, 4.0, 4.8989797]","[1.5, 2.5]","[1.4142135, 2.0]","[-4.0, -2.5]",[1.5],[1.4142135],[-4.0],[2.5],[2.0],[-1.5],[2.5],[2.0],[-1.5],0,1,0,0,0.0,0.0,1
983,6,2,2,"[0.5, 1.0, 1.5, 2.0, 2.5, 3.5, 3.5, 4.5, 4.5, 5.0]","[0.0, 0.0, 0.0, 1.0, 1.7320508, 2.0, 2.4494898, 2.828427, 3.1622777, 4.8989797]","[2.0, 2.0, 2.5, 2.5, 5.5, 6.5]","[0.0, 1.7320508, 2.0, 2.0, 4.8989797, 6.4807405]","[-5.0, -4.0, -3.5, -3.5, -2.0, -1.0]","[2.0, 2.0]","[1.7320508, 2.0]","[-5.0, -3.5]","[4.0, 6.0]","[3.8729835, 5.656854]","[3.0, 5.5]","[4.0, 6.0]","[3.8729835, 5.656854]","[3.0, 5.5]",0,2,0,0,0.0,0.0,1
25455,2,2,2,"[0.0, 0.0, 0.5, 1.5, 1.5, 2.5, 3.0, 3.5, 4.5, 5.0]","[0.0, 0.0, 0.0, 0.0, 0.0, 1.4142135, 2.236068, 2.4494898, 3.0, 3.1622777]","[3.5, 3.5]","[0.0, 3.4641016]","[-3.5, -2.0]","[3.5, 3.5]","[0.0, 3.4641016]","[-3.5, -2.0]","[6.0, 6.5]","[5.196152, 6.3245554]","[4.5, 5.0]","[6.0, 6.5]","[5.196152, 6.3245554]","[4.5, 5.0]",0,2,0,0,0.0,0.0,0
86224,4,2,1,"[0.0, 1.0, 1.0, 1.0, 1.5, 2.0, 2.0, 2.5, 3.0, 9.0]","[0.0, 0.0, 0.0, 0.0, 1.0, 2.0, 2.0, 2.236068, 2.4494898, 9.0]","[2.0, 2.0, 3.0, 4.0]","[0.0, 0.0, 0.0, 2.0]","[-4.0, -3.5, -2.5, -1.5]","[2.0, 2.0]","[0.0, 2.0]","[-4.0, -3.5]","[4.0, 4.0]","[0.0, 3.8729835]","[-1.5, -0.5]",[7.0],[6.928203],[6.0],1,0,1,0,1.0,0.0,0
756,2,2,0,"[0.0, 0.0, 0.5, 1.0, 2.0, 2.0, 3.0, 3.5, 4.0, 7.5]","[0.0, 0.0, 0.0, 1.0, 2.0, 2.0, 2.4494898, 2.828427, 4.0, 7.483315]","[2.0, 3.0]","[0.0, 1.7320508]","[-3.5, -2.0]","[2.0, 3.0]","[0.0, 1.7320508]","[-3.5, -2.0]","[2.0, 3.0]","[0.0, 1.7320508]","[-3.5, -2.0]",[],[],[],2,0,0,1,0.0,2.0,1
58706,5,1,1,"[0.0, 0.5, 1.0, 1.0, 2.0, 2.5, 3.0, 3.0, 5.0, 5.0]","[0.0, 0.0, 0.0, 0.0, 1.7320508, 2.236068, 2.4494898, 2.828427, 3.0, 4.8989797]","[0.5, 2.0, 2.5, 3.5, 5.5]","[0.0, 0.0, 0.0, 2.4494898, 4.8989797]","[-5.0, -3.5, -2.0, -1.5, -1.0]",[0.5],[0.0],[-3.5],[3.0],[2.236068],[-1.0],[3.0],[2.236068],[-1.0],0,1,0,0,0.0,0.0,0
726,2,1,1,"[0.5, 0.5, 1.0, 1.0, 1.0, 1.5, 1.5, 2.0, 3.5, 6.5]","[0.0, 0.0, 0.0, 0.0, 0.0, 0.0, 1.0, 1.4142135, 2.4494898, 6.3245554]","[2.5, 3.5]","[0.0, 2.4494898]","[-3.0, -1.0]",[2.5],[2.4494898],[-3.0],[3.5],[3.4641016],[1.0],[3.5],[3.4641016],[1.0],0,1,0,0,0.0,0.0,1
46889,6,2,1,"[0.0, 0.0, 1.0, 1.0, 1.0, 1.5, 2.5, 4.0, 5.0, 8.5]","[0.0, 0.0, 0.0, 0.0, 0.0, 0.0, 2.4494898, 3.4641016, 4.582576, 8.485281]","[1.0, 2.0, 3.0, 3.5, 4.0, 4.5]","[0.0, 1.7320508, 2.236068, 3.1622777, 3.4641016, 4.2426405]","[-4.5, -3.5, -3.5, -2.5, -2.0, -1.5]","[1.0, 2.0]","[0.0, 1.7320508]","[-4.5, -3.5]","[1.5, 6.0]","[1.4142135, 5.91608]","[-2.5, 1.5]",[7.5],[7.3484693],[7.5],1,0,1,0,1.0,0.0,0
300,1,1,1,"[1.0, 1.0, 1.0, 1.5, 1.5, 2.0, 2.0, 3.0, 3.0, 5.5]","[0.0, 0.0, 0.0, 1.0, 1.4142135, 1.7320508, 2.0, 2.828427, 3.0, 5.477226]",[1.5],[0.0],[-2.0],[1.5],[0.0],[-2.0],[4.0],[3.8729835],[1.0],[4.0],[3.8729835],[1.0],0,1,0,0,0.0,0.0,1
813,3,2,1,"[0.0, 0.0, 0.5, 1.0, 1.5, 1.5, 1.5, 3.0, 5.0, 7.0]","[0.0, 0.0, 0.0, 0.0, 0.0, 1.4142135, 1.4142135, 2.236068, 4.8989797, 6.928203]","[1.0, 2.5, 5.5]","[1.0, 2.0, 5.477226]","[-3.0, -2.5, -1.5]","[1.0, 5.5]","[1.0, 5.477226]","[-3.0, -1.5]","[2.5, 2.5]","[2.0, 2.0]","[-2.5, -1.5]",[8.5],[8.485281],[6.5],1,0,1,0,1.0,0.0,1
1013,1,1,1,"[0.5, 0.5, 1.0, 1.5, 1.5, 2.0, 2.0, 2.5, 3.0, 8.0]","[0.0, 0.0, 0.0, 0.0, 0.0, 1.4142135, 1.4142135, 1.7320508, 2.828427, 8.0]",[3.0],[3.0],[-3.5],[3.0],[3.0],[-3.5],[1.5],[0.0],[-2.5],[1.5],[0.0],[-2.5],0,1,0,0,0.0,0.0,1
15224,6,3,1,"[0.0, 0.5, 1.0, 1.5, 1.5, 1.5, 1.5, 3.0, 5.5, 7.0]","[0.0, 0.0, 0.0, 0.0, 1.4142135, 1.4142135, 1.4142135, 2.236068, 5.2915025, 7.0]","[1.5, 2.0, 2.5, 2.5, 4.0, 4.5]","[0.0, 0.0, 2.0, 2.4494898, 3.4641016, 4.472136]","[-3.0, -2.5, -2.5, -2.0, -2.0, -2.0]","[1.5, 2.0, 2.5]","[0.0, 0.0, 2.4494898]","[-3.0, -2.5, -2.0]","[4.5, 4.5, 4.5]","[0.0, 0.0, 4.472136]","[-2.5, 1.0, 1.5]",[6.0],[5.91608],[5.0],2,0,1,0,2.0,0.0,0
2146,1,1,1,"[0.0, 1.0, 1.0, 1.0, 1.5, 1.5, 1.5, 1.5, 2.5, 4.0]","[0.0, 0.0, 0.0, 0.0, 0.0, 0.0, 0.0, 0.0, 1.4142135, 1.4142135]",[2.0],[0.0],[-3.5],[2.0],[0.0],[-3.5],[8.5],[8.485281],[8.5],[8.5],[8.485281],[8.5],0,1,0,0,0.0,0.0,0
551,5,1,1,"[0.0, 0.0, 1.0, 1.0, 1.5, 2.0, 2.5, 3.5, 4.0, 6.0]","[0.0, 0.0, 0.0, 0.0, 1.0, 1.4142135, 1.7320508, 2.4494898, 2.6457512, 5.656854]","[1.5, 2.0, 3.0, 4.0, 6.0]","[1.4142135, 1.7320508, 2.236068, 3.4641016, 5.91608]","[-5.0, -5.0, -2.0, -1.5, -1.5]",[1.5],[1.4142135],[-5.0],[3.5],[0.0],[1.5],[3.5],[0.0],[1.5],0,1,0,0,0.0,0.0,1
688,3,2,2,"[0.5, 1.0, 1.0, 1.0, 1.5, 2.0, 2.0, 2.5, 4.0, 8.0]","[0.0, 0.0, 0.0, 0.0, 0.0, 1.0, 1.0, 1.7320508, 3.8729835, 7.937254]","[2.0, 2.0, 2.5]","[0.0, 1.7320508, 2.0]","[-3.0, -2.5, -1.5]","[2.0, 2.0]","[1.7320508, 2.0]","[-3.0, -2.5]","[3.0, 8.5]","[2.828427, 8.485281]","[-1.5, 7.0]","[3.0, 8.5]","[2.828427, 8.485281]","[-1.5, 7.0]",0,2,0,0,0.0,0.0,1
13676,4,3,1,"[0.0, 1.0, 1.0, 1.5, 1.5, 2.0, 3.0, 3.0, 7.0, 7.0]","[0.0, 0.0, 0.0, 0.0, 0.0, 0.0, 1.0, 2.828427, 6.928203, 7.0]","[2.0, 3.5, 4.0, 4.5]","[0.0, 2.4494898, 3.8729835, 4.2426405]","[-2.5, -2.5, -2.0, -1.5]","[3.5, 4.0, 4.5]","[2.4494898, 3.8729835, 4.2426405]","[-2.5, -2.0, -1.5]","[5.0, 7.5, 9.0]","[5.0, 7.3484693, 9.0]","[1.5, 2.0, 4.0]",[4.0],[3.8729835],[4.0],2,0,1,0,2.0,0.0,0
305,1,1,1,"[0.0, 0.5, 1.0, 1.0, 2.0, 2.5, 3.0, 3.0, 3.5, 6.0]","[0.0, 0.0, 0.0, 0.0, 0.0, 0.0, 0.0, 2.828427, 3.1622777, 5.196152]",[5.0],[4.0],[-1.5],[5.0],[4.0],[-1.5],[8.0],[7.937254],[6.5],[8.0],[7.937254],[6.5],0,1,0,0,0.0,0.0,1
930,3,3,1,"[0.0, 0.0, 0.5, 0.5, 1.0, 1.0, 2.0, 2.5, 5.5, 8.5]","[0.0, 0.0, 0.0, 0.0, 1.0, 1.0, 1.7320508, 2.0, 5.2915025, 8.485281]","[2.0, 3.5, 4.0]","[0.0, 2.6457512, 3.4641016]","[-3.0, -2.0, -2.0]","[2.0, 3.5, 4.0]","[0.0, 2.6457512, 3.4641016]","[-3.0, -2.0, -2.0]","[4.0, 6.5, 7.5]","[3.8729835, 6.0, 7.3484693]","[-1.0, -1.0, 5.0]",[6.0],[5.656854],[5.0],2,0,1,0,2.0,0.0,1
67529,6,2,2,"[0.0, 0.5, 0.5, 1.0, 4.0, 4.5, 4.5, 5.0, 5.5, 7.5]","[0.0, 0.0, 0.0, 0.0, 3.4641016, 4.0, 4.472136, 4.472136, 5.477226, 7.483315]","[1.5, 3.0, 3.5, 4.0, 4.5, 6.0]","[0.0, 2.4494898, 3.0, 4.0, 4.472136, 5.91608]","[-4.5, -3.5, -2.5, -2.0, -1.5, -1.5]","[1.5, 4.0]","[0.0, 4.0]","[-4.5, -2.5]","[3.5, 5.0]","[0.0, 4.8989797]","[-1.0, 0.5]","[3.5, 5.0]","[0.0, 4.8989797]","[-1.0, 0.5]",0,2,0,0,0.0,0.0,0
883,3,2,2,"[0.5, 1.0, 1.5, 2.0, 2.5, 2.5, 3.5, 4.0, 4.5, 4.5]","[0.0, 0.0, 0.0, 0.0, 0.0, 2.4494898, 3.1622777, 3.4641016, 4.2426405, 4.472136]","[1.5, 1.5, 2.5]","[0.0, 1.4142135, 2.4494898]","[-4.5, -4.0, -2.0]","[1.5, 2.5]","[1.4142135, 2.4494898]","[-4.0, -2.0]","[1.5, 5.0]","[1.4142135, 3.0]","[-0.5, 3.0]","[1.5, 5.0]","[1.4142135, 3.0]","[-0.5, 3.0]",0,2,0,0,0.0,0.0,1
103,1,1,1,"[0.5, 0.5, 0.5, 1.0, 2.0, 2.5, 2.5, 2.5, 3.5, 6.0]","[0.0, 0.0, 0.0, 0.0, 0.0, 0.0, 2.0, 2.0, 2.4494898, 6.0]",[3.0],[2.236068],[-1.0],[3.0],[2.236068],[-1.0],[5.5],[4.2426405],[1.0],[5.5],[4.2426405],[1.0],0,1,0,0,0.0,0.0,1
666,2,2,2,"[0.5, 0.5, 1.0, 1.0, 1.5, 2.0, 2.5, 3.0, 6.0, 6.5]","[0.0, 0.0, 0.0, 0.0, 0.0, 1.0, 1.7320508, 2.828427, 5.656854, 6.4807405]","[3.0, 3.0]","[2.236068, 2.828427]","[-3.5, -1.0]","[3.0, 3.0]","[2.236068, 2.828427]","[-3.5, -1.0]","[5.0, 7.5]","[4.0, 7.3484693]","[2.0, 3.0]","[5.0, 7.5]","[4.0, 7.3484693]","[2.0, 3.0]",0,2,0,0,0.0,0.0,1
733,1,1,1,"[0.0, 0.5, 0.5, 1.0, 1.0, 2.5, 2.5, 2.5, 2.5, 6.0]","[0.0, 0.0, 0.0, 0.0, 0.0, 0.0, 2.4494898, 2.4494898, 2.4494898, 5.91608]",[4.0],[3.4641016],[-1.0],[4.0],[3.4641016],[-1.0],[3.5],[2.4494898],[0.0],[3.5],[2.4494898],[0.0],0,1,0,0,0.0,0.0,1
33,3,1,1,"[0.0, 0.5, 1.0, 1.0, 1.0, 1.5, 2.5, 2.5, 4.0, 8.5]","[0.0, 0.0, 0.0, 0.0, 0.0, 0.0, 2.0, 2.4494898, 3.4641016, 8.485281]","[2.0, 3.0, 4.0]","[0.0, 0.0, 2.6457512]","[-4.0, -2.5, -1.0]",[2.0],[0.0],[-2.5],[1.5],[0.0],[-3.0],[1.5],[0.0],[-3.0],0,1,0,0,0.0,0.0,1
374,2,2,1,"[0.0, 1.0, 1.0, 1.5, 1.5, 2.0, 2.0, 2.5, 3.0, 6.0]","[0.0, 0.0, 0.0, 0.0, 0.0, 1.0, 1.7320508, 1.7320508, 2.4494898, 5.91608]","[2.0, 2.5]","[0.0, 2.4494898]","[-3.0, -2.0]","[2.0, 2.5]","[0.0, 2.4494898]","[-3.0, -2.0]","[2.5, 5.5]","[2.4494898, 5.2915025]","[-1.0, 1.5]",[5.0],[5.0],[3.5],1,0,1,0,1.0,0.0,1
71530,3,1,1,"[0.0, 0.5, 0.5, 1.5, 1.5, 2.0, 3.5, 3.5, 4.0, 5.0]","[0.0, 0.0, 0.0, 0.0, 0.0, 0.0, 0.0, 0.0, 3.4641016, 4.8989797]","[3.0, 3.5, 3.5]","[2.4494898, 3.0, 3.1622777]","[-4.5, -3.0, -1.5]",[3.0],[3.0],[-4.5],[5.0],[3.0],[5.0],[5.0],[3.0],[5.0],0,1,0,0,0.0,0.0,0
648,1,1,1,"[0.0, 0.0, 0.0, 0.5, 1.0, 1.0, 1.0, 1.0, 5.5, 6.5]","[0.0, 0.0, 0.0, 0.0, 0.0, 0.0, 1.0, 1.0, 5.477226, 6.3245554]",[3.5],[3.1622777],[-2.0],[3.5],[3.1622777],[-2.0],[6.0],[5.196152],[-0.5],[6.0],[5.196152],[-0.5],0,1,0,0,0.0,0.0,1
31853,1,1,1,"[0.0, 0.0, 0.0, 0.5, 0.5, 1.0, 1.5, 2.0, 2.0, 5.0]","[0.0, 0.0, 0.0, 0.0, 0.0, 0.0, 0.0, 0.0, 2.0, 3.0]",[2.5],[0.0],[-3.0],[2.5],[0.0],[-3.0],[6.5],[6.0],[5.0],[6.5],[6.0],[5.0],0,1,0,0,0.0,0.0,0
989,2,1,1,"[0.5, 0.5, 0.5, 0.5, 1.0, 2.0, 2.5, 2.5, 3.5, 3.5]","[0.0, 0.0, 0.0, 0.0, 0.0, 0.0, 1.7320508, 2.0, 2.4494898, 3.1622777]","[1.5, 2.0]","[1.4142135, 1.7320508]","[-3.0, -2.0]",[1.5],[1.4142135],[-2.0],[4.0],[2.6457512],[3.0],[4.0],[2.6457512],[3.0],0,1,0,0,0.0,0.0,1
35046,1,1,1,"[0.5, 0.5, 1.0, 2.0, 2.0, 2.0, 2.5, 2.5, 3.0, 4.0]","[0.0, 0.0, 0.0, 1.0, 1.7320508, 2.0, 2.0, 2.0, 2.6457512, 2.828427]",[1.5],[1.4142135],[-2.5],[1.5],[1.4142135],[-2.5],[4.0],[2.6457512],[3.0],[4.0],[2.6457512],[3.0],0,1,0,0,0.0,0.0,0
43838,4,2,1,"[0.0, 0.5, 0.5, 1.0, 1.5, 2.0, 3.0, 3.5, 4.0, 8.5]","[0.0, 0.0, 0.0, 0.0, 1.0, 1.4142135, 2.828427, 3.4641016, 3.4641016, 8.485281]","[1.5, 2.0, 2.5, 4.0]","[0.0, 0.0, 0.0, 3.4641016]","[-4.5, -3.5, -2.5, -2.0]","[1.5, 2.0]","[0.0, 0.0]","[-4.5, -3.5]","[3.5, 7.5]","[3.4641016, 7.483315]","[-2.5, 0.5]",[7.5],[7.3484693],[3.0],1,0,1,0,1.0,0.0,0
18757,1,1,1,"[0.0, 0.0, 0.5, 0.5, 1.5, 3.0, 3.0, 3.0, 3.5, 4.0]","[0.0, 0.0, 0.0, 0.0, 0.0, 0.0, 2.236068, 2.828427, 3.1622777, 3.8729835]",[1.5],[1.4142135],[-2.5],[1.5],[1.4142135],[-2.5],[6.0],[5.656854],[2.5],[6.0],[5.656854],[2.5],0,1,0,0,0.0,0.0,0
78887,2,1,1,"[0.0, 0.0, 0.5, 0.5, 1.0, 1.5, 2.0, 2.5, 2.5, 5.0]","[0.0, 0.0, 0.0, 0.0, 0.0, 0.0, 1.4142135, 1.7320508, 2.4494898, 4.0]","[3.0, 4.0]","[0.0, 2.6457512]","[-1.5, -1.0]",[3.0],[0.0],[-1.5],[6.0],[5.656854],[5.0],[6.0],[5.656854],[5.0],0,1,0,0,0.0,0.0,0
874,1,1,1,"[0.0, 0.0, 0.0, 0.5, 0.5, 1.5, 3.0, 3.0, 4.0, 6.5]","[0.0, 0.0, 0.0, 0.0, 0.0, 0.0, 1.4142135, 3.0, 3.4641016, 6.0]",[2.0],[2.0],[-3.0],[2.0],[2.0],[-3.0],[4.0],[3.4641016],[-0.5],[4.0],[3.4641016],[-0.5],0,1,0,0,0.0,0.0,1
795,13,5,1,"[1.0, 1.0, 1.5, 2.5, 3.5, 4.0, 4.5, 6.0, 6.5, 6.5]","[0.0, 0.0, 1.4142135, 2.0, 2.4494898, 3.8729835, 4.472136, 5.656854, 6.0, 6.0]","[0.0, 0.0, 0.0, 0.5, 1.0, 1.5, 2.5, 3.0, 3.5, 3.5, 3.5, 4.0, 5.0]","[0.0, 0.0, 0.0, 0.0, 0.0, 0.0, 1.0, 1.4142135, 2.828427, 3.1622777, 3.4641016, 4.0, 4.0]","[-8.5, -6.0, -5.0, -4.5, -4.0, -4.0, -3.5, -3.5, -3.5, -2.0, -2.0, -1.5, -1.0]","[0.0, 0.0, 0.0, 0.5, 1.0]","[0.0, 0.0, 0.0, 0.0, 1.0]","[-8.5, -6.0, -4.5, -4.0, -2.0]","[0.0, 0.0, 4.5, 5.0, 8.5]","[0.0, 0.0, 3.7416575, 5.0, 8.485281]","[-8.5, -4.0, -2.0, 1.5, 5.5]",[2.5],[0.0],[0.0],4,0,1,1,2.0,2.0,1
664,4,2,0,"[0.5, 0.5, 0.5, 0.5, 1.0, 2.0, 3.0, 4.0, 4.5, 5.5]","[0.0, 0.0, 0.0, 0.0, 0.0, 0.0, 1.7320508, 2.236068, 4.2426405, 5.2915025]","[1.5, 2.0, 2.0, 6.0]","[0.0, 1.7320508, 2.0, 5.91608]","[-4.0, -3.0, -3.0, -1.0]","[2.0, 2.0]","[1.7320508, 2.0]","[-3.0, -3.0]","[2.0, 2.0]","[1.7320508, 2.0]","[-3.0, -3.0]",[],[],[],2,0,0,1,0.0,2.0,1
78281,4,2,2,"[0.5, 1.0, 1.0, 1.5, 2.0, 2.5, 2.5, 3.0, 4.5, 5.5]","[0.0, 0.0, 0.0, 1.0, 1.0, 1.7320508, 2.4494898, 2.4494898, 3.7416575, 4.8989797]","[1.0, 1.5, 3.0, 4.5]","[1.0, 1.4142135, 2.828427, 3.7416575]","[-5.5, -4.0, -2.0, -1.0]","[1.0, 3.0]","[1.0, 2.828427]","[-4.0, -2.0]","[4.5, 5.5]","[4.2426405, 5.477226]","[2.5, 3.5]","[4.5, 5.5]","[4.2426405, 5.477226]","[2.5, 3.5]",0,2,0,0,0.0,0.0,0
73657,6,3,1,"[0.5, 1.0, 1.5, 1.5, 2.0, 2.5, 3.0, 3.5, 5.0, 5.5]","[0.0, 0.0, 0.0, 1.4142135, 1.7320508, 2.4494898, 2.4494898, 2.828427, 4.582576, 5.2915025]","[1.0, 1.0, 2.0, 2.5, 4.0, 4.0]","[0.0, 0.0, 0.0, 0.0, 3.4641016, 3.4641016]","[-3.5, -2.5, -2.5, -2.5, -2.0, -1.0]","[1.0, 1.0, 2.5]","[0.0, 0.0, 0.0]","[-3.5, -2.5, -2.0]","[1.0, 2.5, 7.0]","[0.0, 0.0, 6.708204]","[-2.5, -2.0, 3.5]",[7.0],[6.708204],[3.5],2,1,0,1,0.0,2.0,0
38,5,2,1,"[0.5, 0.5, 1.0, 1.0, 1.5, 1.5, 3.0, 4.5, 5.0, 5.5]","[0.0, 0.0, 0.0, 1.0, 1.4142135, 1.4142135, 2.828427, 3.7416575, 4.0, 4.2426405]","[1.0, 2.0, 2.0, 4.0, 5.5]","[0.0, 0.0, 1.7320508, 2.6457512, 4.8989797]","[-5.5, -3.5, -3.5, -1.5, -1.0]","[1.0, 4.0]","[0.0, 2.6457512]","[-3.5, -1.5]","[4.5, 7.0]","[4.2426405, 6.928203]","[0.0, 5.5]",[4.0],[0.0],[2.5],1,0,1,0,1.0,0.0,1
18765,3,2,1,"[0.0, 0.5, 0.5, 2.0, 2.5, 2.5, 2.5, 3.5, 4.5, 8.5]","[0.0, 0.0, 0.0, 0.0, 0.0, 2.4494898, 2.4494898, 2.828427, 3.4641016, 8.485281]","[2.5, 3.5, 5.5]","[0.0, 3.1622777, 5.2915025]","[-3.5, -3.0, -2.5]","[2.5, 3.5]","[0.0, 3.1622777]","[-3.5, -2.5]","[1.5, 5.0]","[0.0, 4.8989797]","[-3.0, 0.0]",[7.5],[7.483315],[6.5],1,0,1,0,1.0,0.0,0
735,6,2,1,"[1.0, 1.0, 1.0, 1.0, 1.5, 2.0, 2.5, 4.5, 5.5, 6.5]","[0.0, 0.0, 0.0, 1.0, 1.0, 2.0, 2.0, 3.7416575, 4.2426405, 6.0]","[2.0, 2.0, 2.0, 3.5, 4.5, 5.0]","[0.0, 0.0, 1.7320508, 2.0, 3.7416575, 4.0]","[-4.0, -3.5, -3.5, -2.0, -2.0, -1.0]","[2.0, 2.0]","[0.0, 2.0]","[-3.5, -2.0]","[2.0, 3.5]","[1.7320508, 3.1622777]","[-1.5, -1.0]",[4.0],[0.0],[2.5],1,0,1,0,1.0,0.0,1
146,3,2,1,"[0.0, 0.5, 0.5, 1.5, 1.5, 2.0, 2.0, 3.5, 4.5, 4.5]","[0.0, 0.0, 0.0, 0.0, 0.0, 1.4142135, 1.7320508, 3.4641016, 3.7416575, 4.2426405]","[1.0, 2.0, 4.0]","[1.0, 2.0, 3.4641016]","[-3.5, -1.5, -1.5]","[1.0, 2.0]","[1.0, 2.0]","[-3.5, -1.5]","[3.0, 4.0]","[2.828427, 3.4641016]","[-0.5, 1.5]",[4.5],[4.2426405],[3.0],1,0,1,0,1.0,0.0,1
3214,3,1,1,"[0.0, 0.5, 0.5, 0.5, 2.0, 2.5, 2.5, 3.5, 6.5, 6.5]","[0.0, 0.0, 0.0, 0.0, 0.0, 1.7320508, 2.0, 2.4494898, 6.0, 6.4807405]","[2.0, 3.5, 4.0]","[0.0, 3.1622777, 3.8729835]","[-4.0, -3.5, -3.0]",[4.0],[3.8729835],[-3.5],[3.5],[3.4641016],[1.0],[3.5],[3.4641016],[1.0],0,1,0,0,0.0,0.0,0
34842,3,1,1,"[0.0, 0.0, 0.5, 2.0, 2.0, 2.0, 2.5, 3.0, 3.0, 7.0]","[0.0, 0.0, 0.0, 0.0, 0.0, 1.7320508, 2.0, 2.236068, 2.828427, 6.928203]","[1.5, 2.5, 5.0]","[0.0, 2.0, 4.8989797]","[-3.0, -2.5, -1.5]",[1.5],[0.0],[-2.5],[2.0],[0.0],[1.0],[2.0],[0.0],[1.0],0,1,0,0,0.0,0.0,0
3324,3,2,2,"[0.5, 1.0, 1.0, 1.5, 2.0, 3.0, 3.0, 3.5, 4.0, 5.5]","[0.0, 0.0, 0.0, 0.0, 1.0, 2.828427, 3.0, 3.4641016, 3.4641016, 4.2426405]","[1.5, 2.5, 3.0]","[0.0, 1.4142135, 2.4494898]","[-4.5, -4.0, -1.5]","[1.5, 2.5]","[1.4142135, 2.4494898]","[-4.0, -1.5]","[3.0, 5.0]","[3.0, 4.0]","[1.0, 1.5]","[3.0, 5.0]","[3.0, 4.0]","[1.0, 1.5]",0,2,0,0,0.0,0.0,0
77855,2,2,2,"[0.0, 0.5, 0.5, 1.0, 2.0, 2.0, 2.5, 3.0, 3.5, 7.0]","[0.0, 0.0, 0.0, 0.0, 1.7320508, 2.0, 2.0, 2.4494898, 2.828427, 7.0]","[2.5, 4.0]","[2.0, 3.8729835]","[-2.5, -1.0]","[2.5, 4.0]","[2.0, 3.8729835]","[-2.5, -1.0]","[3.5, 4.5]","[3.4641016, 4.2426405]","[0.5, 2.5]","[3.5, 4.5]","[3.4641016, 4.2426405]","[0.5, 2.5]",0,2,0,0,0.0,0.0,0
85153,2,1,1,"[0.5, 0.5, 1.5, 1.5, 2.0, 2.0, 3.5, 3.5, 3.5, 6.0]","[0.0, 0.0, 0.0, 0.0, 0.0, 2.0, 2.4494898, 2.4494898, 3.1622777, 5.91608]","[1.5, 2.5]","[1.4142135, 2.4494898]","[-2.5, -2.5]",[1.5],[1.4142135],[-2.5],[4.0],[0.0],[1.0],[4.0],[0.0],[1.0],0,1,0,0,0.0,0.0,0
93655,3,2,2,"[0.0, 0.5, 1.5, 1.5, 2.0, 2.5, 3.0, 4.0, 4.0, 7.0]","[0.0, 0.0, 0.0, 0.0, 0.0, 1.4142135, 1.7320508, 2.4494898, 2.828427, 6.928203]","[1.5, 3.5, 3.5]","[1.4142135, 2.4494898, 3.1622777]","[-3.0, -2.5, -1.5]","[1.5, 3.5]","[1.4142135, 3.1622777]","[-3.0, -2.5]","[3.0, 4.5]","[2.236068, 4.472136]","[-2.0, 3.5]","[3.0, 4.5]","[2.236068, 4.472136]","[-2.0, 3.5]",0,2,0,0,0.0,0.0,0
78226,3,2,1,"[0.5, 1.0, 1.0, 1.0, 1.5, 2.0, 3.0, 3.0, 4.0, 8.0]","[0.0, 0.0, 0.0, 0.0, 1.0, 1.4142135, 2.0, 2.6457512, 2.828427, 7.937254]","[1.5, 3.0, 5.5]","[0.0, 2.236068, 5.477226]","[-4.5, -2.5, -1.5]","[1.5, 3.0]","[0.0, 2.236068]","[-4.5, -2.5]","[3.0, 5.5]","[2.828427, 4.2426405]","[-2.0, 2.0]",[4.5],[4.2426405],[4.0],1,0,1,0,1.0,0.0,0
723,20,8,1,"[2.5, 3.0, 4.0, 4.0, 4.0, 4.5, 5.0, 5.0, 5.5, 6.0]","[0.0, 0.0, 2.4494898, 2.6457512, 3.8729835, 4.0, 4.2426405, 4.582576, 4.8989797, 5.656854]","[0.5, 0.5, 0.5, 1.0, 1.0, 2.0, 2.5, 2.5, 2.5, 3.0, 3.0, 3.0, 3.5, 3.5, 3.5, 4.0, 4.0, 4.5, 5.0, 5.5]","[0.0, 0.0, 0.0, 0.0, 0.0, 0.0, 0.0, 0.0, 2.0, 2.236068, 2.4494898, 2.828427, 3.1622777, 3.4641016, 3.4641016, 3.4641016, 3.4641016, 4.2426405, 4.582576, 5.2915025]","[-6.0, -4.5, -4.5, -4.0, -3.5, -3.5, -3.5, -3.5, -3.0, -2.5, -2.5, -2.5, -2.5, -2.5, -2.5, -2.0, -2.0, -2.0, -1.5, -1.5]","[0.5, 0.5, 1.0, 1.0, 2.0, 2.5, 2.5, 3.5]","[0.0, 0.0, 0.0, 0.0, 0.0, 0.0, 2.4494898, 3.4641016]","[-6.0, -4.0, -3.5, -2.5, -2.5, -2.0, -2.0, -2.0]","[3.5, 3.5, 4.0, 4.5, 4.5, 5.0, 5.0, 5.5]","[2.4494898, 2.828427, 2.828427, 3.0, 3.4641016, 4.0, 5.0, 5.2915025]","[-3.5, -2.5, -1.0, -0.5, 0.0, 2.0, 2.0, 3.5]",[3.5],[2.4494898],[2.0],7,0,1,0,7.0,0.0,1
47250,2,1,1,"[0.5, 0.5, 0.5, 0.5, 1.0, 1.5, 3.5, 4.0, 4.5, 5.5]","[0.0, 0.0, 0.0, 0.0, 0.0, 0.0, 0.0, 3.1622777, 4.2426405, 4.2426405]","[3.0, 5.0]","[0.0, 5.0]","[-4.0, -2.5]",[3.0],[0.0],[-4.0],[8.5],[8.485281],[7.0],[8.5],[8.485281],[7.0],0,1,0,0,0.0,0.0,0
949,3,2,1,"[0.0, 0.5, 1.0, 1.5, 2.0, 2.0, 2.5, 4.0, 4.0, 6.0]","[0.0, 0.0, 0.0, 0.0, 0.0, 1.0, 2.0, 2.6457512, 2.6457512, 5.91608]","[1.5, 3.0, 3.0]","[0.0, 2.236068, 2.828427]","[-4.0, -2.5, -1.5]","[1.5, 3.0]","[0.0, 2.828427]","[-2.5, -1.5]","[3.0, 4.5]","[2.236068, 2.828427]","[-4.0, 2.0]",[7.0],[6.928203],[3.5],1,0,1,0,1.0,0.0,1
44914,2,1,1,"[0.5, 0.5, 0.5, 0.5, 1.0, 2.0, 2.5, 2.5, 6.0, 6.0]","[0.0, 0.0, 0.0, 0.0, 0.0, 1.7320508, 2.0, 2.4494898, 5.196152, 5.91608]","[3.0, 6.0]","[0.0, 5.91608]","[-2.0, -2.0]",[3.0],[0.0],[-2.0],[5.5],[4.2426405],[4.0],[5.5],[4.2426405],[4.0],0,1,0,0,0.0,0.0,0
2,5,2,1,"[0.0, 0.5, 1.5, 2.0, 2.0, 2.0, 3.0, 4.0, 7.5, 7.5]","[0.0, 0.0, 0.0, 0.0, 0.0, 1.7320508, 3.0, 3.4641016, 7.483315, 7.483315]","[2.0, 2.0, 3.5, 4.0, 6.0]","[0.0, 1.7320508, 3.4641016, 3.4641016, 5.91608]","[-5.5, -4.0, -4.0, -1.5, -1.0]","[2.0, 3.5]","[1.7320508, 3.4641016]","[-4.0, -4.0]","[2.0, 6.5]","[0.0, 6.0]","[-5.5, 3.0]",[2.0],[1.7320508],[-1.5],1,0,1,0,1.0,0.0,1
2130,4,2,1,"[0.0, 0.5, 1.0, 1.0, 1.5, 1.5, 2.5, 3.5, 5.5, 9.0]","[0.0, 0.0, 0.0, 0.0, 0.0, 1.4142135, 1.4142135, 2.0, 4.8989797, 9.0]","[3.0, 3.0, 3.5, 4.0]","[0.0, 2.236068, 2.4494898, 2.6457512]","[-4.5, -4.5, -2.5, -2.0]","[3.0, 3.0]","[0.0, 2.236068]","[-2.5, -2.0]","[1.0, 2.0]","[1.0, 1.7320508]","[-3.5, -3.5]",[5.0],[4.8989797],[4.0],1,0,1,0,1.0,0.0,0
11311,4,2,2,"[0.0, 0.5, 0.5, 2.0, 2.0, 3.0, 3.0, 4.0, 5.0, 5.5]","[0.0, 0.0, 0.0, 0.0, 0.0, 0.0, 1.7320508, 3.4641016, 4.8989797, 5.0]","[2.0, 2.5, 4.0, 4.5]","[0.0, 2.4494898, 3.8729835, 4.2426405]","[-4.5, -2.5, -2.5, -1.0]","[2.0, 2.5]","[0.0, 2.4494898]","[-4.5, -1.0]","[2.0, 4.0]","[0.0, 1.7320508]","[-0.5, 2.5]","[2.0, 4.0]","[0.0, 1.7320508]","[-0.5, 2.5]",0,2,0,0,0.0,0.0,0
7337,1,1,1,"[0.0, 1.0, 1.0, 1.5, 1.5, 2.0, 2.0, 2.5, 5.0, 7.0]","[0.0, 0.0, 0.0, 0.0, 1.0, 1.0, 1.4142135, 1.7320508, 4.0, 6.928203]",[6.5],[6.4807405],[-1.5],[6.5],[6.4807405],[-1.5],[4.5],[0.0],[0.5],[4.5],[0.0],[0.5],0,1,0,0,0.0,0.0,0
635,1,1,1,"[0.5, 1.0, 1.5, 2.0, 2.0, 2.5, 2.5, 3.0, 3.0, 6.0]","[0.0, 0.0, 1.4142135, 1.7320508, 1.7320508, 2.0, 2.236068, 2.4494898, 2.828427, 6.0]",[1.5],[1.4142135],[-3.0],[1.5],[1.4142135],[-3.0],[9.0],[9.0],[5.5],[9.0],[9.0],[5.5],0,1,0,0,0.0,0.0,1
76014,5,2,2,"[0.0, 0.0, 1.0, 1.5, 2.5, 2.5, 2.5, 3.0, 6.0, 7.0]","[0.0, 0.0, 0.0, 0.0, 0.0, 0.0, 0.0, 2.236068, 6.0, 6.708204]","[2.0, 2.5, 3.0, 3.0, 3.5]","[0.0, 1.7320508, 2.236068, 2.4494898, 3.4641016]","[-4.5, -4.5, -2.5, -2.0, -1.5]","[2.0, 3.0]","[1.7320508, 2.236068]","[-2.5, -2.0]","[4.5, 8.0]","[4.2426405, 7.937254]","[1.5, 3.5]","[4.5, 8.0]","[4.2426405, 7.937254]","[1.5, 3.5]",0,2,0,0,0.0,0.0,0
51273,2,2,1,"[0.5, 0.5, 0.5, 0.5, 1.0, 2.0, 3.5, 3.5, 4.0, 9.0]","[0.0, 0.0, 0.0, 0.0, 0.0, 1.0, 3.1622777, 3.4641016, 3.4641016, 9.0]","[3.5, 5.5]","[0.0, 5.2915025]","[-2.0, -1.5]","[3.5, 5.5]","[0.0, 5.2915025]","[-2.0, -1.5]","[1.0, 2.5]","[1.0, 2.4494898]","[-3.5, -3.0]",[3.5],[3.4641016],[2.5],1,0,1,0,1.0,0.0,0
483,1,1,1,"[1.5, 1.5, 1.5, 2.0, 2.0, 2.0, 2.5, 2.5, 3.5, 5.5]","[0.0, 0.0, 1.4142135, 1.4142135, 1.7320508, 2.0, 2.0, 2.4494898, 2.4494898, 5.2915025]",[1.5],[0.0],[-2.0],[1.5],[0.0],[-2.0],[4.0],[2.6457512],[2.0],[4.0],[2.6457512],[2.0],0,1,0,0,0.0,0.0,1
1460,2,2,1,"[0.0, 0.5, 1.0, 1.5, 1.5, 1.5, 2.5, 3.0, 3.0, 8.5]","[0.0, 0.0, 0.0, 0.0, 1.4142135, 1.4142135, 2.236068, 2.4494898, 2.828427, 8.485281]","[2.5, 4.0]","[0.0, 0.0]","[-3.5, -1.5]","[2.5, 4.0]","[0.0, 0.0]","[-3.5, -1.5]","[3.5, 5.0]","[3.4641016, 4.582576]","[-2.0, -0.5]",[6.5],[6.3245554],[4.0],1,0,1,0,1.0,0.0,0
29273,7,2,2,"[0.0, 1.5, 2.0, 2.0, 2.5, 2.5, 3.5, 3.5, 4.5, 8.0]","[0.0, 0.0, 0.0, 0.0, 0.0, 1.4142135, 1.7320508, 2.4494898, 4.2426405, 7.937254]","[1.5, 2.5, 3.0, 3.5, 4.0, 4.0, 4.5]","[0.0, 0.0, 1.4142135, 2.4494898, 2.4494898, 3.8729835, 4.2426405]","[-4.5, -4.0, -4.0, -3.5, -2.5, -1.5, -1.0]","[1.5, 4.0]","[1.4142135, 3.8729835]","[-4.0, -3.5]","[4.5, 6.5]","[4.472136, 6.0]","[1.0, 5.5]","[4.5, 6.5]","[4.472136, 6.0]","[1.0, 5.5]",0,2,0,0,0.0,0.0,0
604,3,1,1,"[0.0, 0.0, 1.0, 2.0, 2.0, 2.5, 3.5, 4.0, 4.0, 5.0]","[0.0, 0.0, 0.0, 0.0, 1.7320508, 2.0, 2.4494898, 2.6457512, 3.8729835, 5.0]","[1.0, 2.5, 4.0]","[0.0, 2.0, 3.8729835]","[-4.0, -1.5, -1.5]",[1.0],[0.0],[-4.0],[8.0],[7.937254],[7.0],[8.0],[7.937254],[7.0],0,1,0,0,0.0,0.0,1
320,4,3,2,"[0.0, 0.5, 1.0, 1.0, 2.0, 2.5, 3.5, 3.5, 5.0, 7.0]","[0.0, 0.0, 0.0, 0.0, 0.0, 1.7320508, 2.0, 3.4641016, 5.0, 6.708204]","[1.5, 1.5, 3.5, 4.0]","[0.0, 0.0, 1.4142135, 3.4641016]","[-4.5, -4.5, -2.0, -1.0]","[1.5, 1.5, 3.5]","[0.0, 1.4142135, 3.4641016]","[-4.5, -4.5, -1.0]","[4.0, 4.5, 5.0]","[0.0, 4.2426405, 4.8989797]","[-2.0, 2.0, 2.0]","[3.5, 4.5]","[3.1622777, 4.2426405]","[1.5, 2.0]",1,1,1,0,1.0,0.0,1
998,2,1,1,"[0.0, 0.0, 1.0, 1.5, 2.0, 2.5, 2.5, 3.0, 5.0, 7.5]","[0.0, 0.0, 0.0, 1.4142135, 1.7320508, 2.0, 2.0, 2.828427, 5.0, 7.3484693]","[2.5, 5.0]","[0.0, 4.0]","[-4.0, -1.0]",[2.5],[0.0],[-4.0],[4.5],[4.472136],[1.0],[4.5],[4.472136],[1.0],0,1,0,0,0.0,0.0,1
360,3,2,0,"[0.5, 0.5, 1.0, 1.0, 1.5, 2.0, 2.0, 4.0, 5.0, 7.0]","[0.0, 0.0, 0.0, 0.0, 0.0, 1.0, 1.7320508, 2.6457512, 4.0, 7.0]","[2.5, 2.5, 3.0]","[0.0, 0.0, 2.0]","[-5.0, -4.0, -2.0]","[2.5, 2.5]","[0.0, 2.0]","[-5.0, -2.0]","[2.5, 2.5]","[0.0, 2.0]","[-5.0, -2.0]",[],[],[],2,0,0,1,0.0,2.0,1
40992,10,4,3,"[0.5, 1.0, 1.0, 1.5, 2.0, 3.0, 5.0, 6.5, 7.0, 7.5]","[0.0, 0.0, 0.0, 0.0, 2.0, 3.0, 4.0, 6.3245554, 6.928203, 7.3484693]","[0.5, 2.0, 3.0, 3.0, 3.0, 3.5, 4.5, 5.0, 5.0, 5.0]","[0.0, 0.0, 0.0, 1.7320508, 2.828427, 3.4641016, 3.7416575, 4.0, 5.0, 5.0]","[-5.0, -4.5, -4.0, -3.5, -2.5, -2.0, -2.0, -1.5, -1.0, -1.0]","[0.5, 2.0, 3.0, 4.5]","[0.0, 0.0, 1.7320508, 3.7416575]","[-5.0, -4.0, -2.5, -1.0]","[2.0, 5.0, 5.0, 7.5]","[2.0, 4.0, 4.582576, 7.3484693]","[-2.0, -1.0, 2.5, 4.5]","[2.0, 2.5, 5.0]","[2.0, 2.4494898, 4.582576]","[-1.0, 0.0, 2.5]",1,2,1,0,1.0,0.0,0
50356,6,2,2,"[1.0, 1.0, 1.0, 2.0, 2.5, 2.5, 2.5, 3.0, 4.0, 4.5]","[0.0, 0.0, 0.0, 0.0, 1.7320508, 2.0, 2.236068, 2.4494898, 2.4494898, 3.7416575]","[1.0, 1.0, 1.0, 1.5, 2.5, 4.0]","[0.0, 0.0, 0.0, 1.0, 2.0, 3.4641016]","[-4.0, -4.0, -2.5, -2.5, -2.0, -1.5]","[1.0, 1.0]","[0.0, 1.0]","[-4.0, -2.0]","[3.5, 4.0]","[0.0, 3.1622777]","[2.5, 3.5]","[3.5, 4.0]","[0.0, 3.1622777]","[2.5, 3.5]",0,2,0,0,0.0,0.0,0
72893,11,3,1,"[0.5, 0.5, 1.0, 1.5, 1.5, 2.5, 3.5, 7.5, 8.0, 8.5]","[0.0, 0.0, 0.0, 0.0, 1.4142135, 1.4142135, 2.4494898, 7.3484693, 7.937254, 8.485281]","[1.5, 2.0, 2.5, 2.5, 2.5, 2.5, 3.0, 3.0, 3.5, 4.5, 5.5]","[0.0, 0.0, 0.0, 0.0, 2.0, 2.4494898, 2.4494898, 2.828427, 2.828427, 2.828427, 5.477226]","[-6.5, -6.0, -4.5, -4.5, -4.5, -4.5, -3.0, -3.0, -3.0, -2.5, -1.0]","[1.5, 2.0, 5.5]","[0.0, 2.0, 5.477226]","[-4.5, -4.5, -2.5]","[1.5, 4.5, 6.5]","[1.4142135, 2.828427, 6.0]","[-3.0, -1.0, 0.0]",[6.0],[5.196152],[5.0],2,0,1,0,2.0,0.0,0
579,22,7,3,"[1.0, 3.5, 4.0, 4.0, 4.5, 5.0, 5.5, 6.0, 6.0, 7.5]","[1.0, 3.1622777, 3.4641016, 3.7416575, 3.8729835, 4.2426405, 4.582576, 5.196152, 5.91608, 7.483315]","[0.0, 0.0, 0.0, 0.5, 1.0, 1.5, 1.5, 1.5, 1.5, 1.5, 2.0, 2.0, 2.5, 3.0, 3.0, 3.0, 3.5, 4.0, 4.5, 5.0, 5.0, 5.5]","[0.0, 0.0, 0.0, 0.0, 0.0, 0.0, 0.0, 0.0, 0.0, 0.0, 0.0, 1.4142135, 1.4142135, 2.236068, 2.4494898, 2.828427, 2.828427, 3.4641016, 3.8729835, 4.582576, 4.8989797, 5.477226]","[-6.5, -6.0, -5.0, -4.0, -4.0, -4.0, -4.0, -4.0, -4.0, -3.5, -3.5, -3.5, -3.0, -3.0, -3.0, -3.0, -3.0, -3.0, -2.0, -1.5, -1.5, -1.0]","[0.0, 0.0, 0.0, 0.5, 1.5, 1.5, 2.0]","[0.0, 0.0, 0.0, 0.0, 0.0, 0.0, 1.4142135]","[-5.0, -4.0, -4.0, -4.0, -4.0, -3.5, -3.0]","[2.0, 3.5, 4.0, 4.5, 6.5, 7.5, 8.5]","[1.7320508, 2.4494898, 3.8729835, 4.472136, 6.0, 7.3484693, 8.485281]","[-3.5, -2.0, -0.5, 0.5, 1.5, 3.5, 4.0]","[2.0, 5.0, 5.0]","[1.7320508, 4.582576, 4.8989797]","[-1.5, -1.0, 0.5]",4,1,2,0,2.0,0.0,1
319,5,2,2,"[0.0, 1.0, 1.0, 1.5, 1.5, 2.0, 3.0, 3.5, 5.5, 8.0]","[0.0, 0.0, 0.0, 0.0, 1.0, 1.4142135, 1.4142135, 2.0, 5.477226, 7.937254]","[2.0, 2.5, 3.5, 4.0, 4.5]","[0.0, 1.7320508, 3.1622777, 4.0, 4.2426405]","[-3.5, -2.5, -2.0, -1.5, -1.0]","[2.0, 3.5]","[1.7320508, 3.1622777]","[-2.5, -2.0]","[3.0, 7.0]","[2.828427, 7.0]","[0.0, 7.0]","[3.0, 7.0]","[2.828427, 7.0]","[0.0, 7.0]",0,2,0,0,0.0,0.0,1
57481,5,3,2,"[0.5, 1.0, 1.5, 2.0, 2.5, 3.0, 3.5, 3.5, 6.0, 6.0]","[0.0, 0.0, 0.0, 1.0, 2.0, 2.4494898, 3.0, 3.4641016, 5.656854, 6.0]","[2.0, 2.0, 2.0, 2.5, 5.0]","[0.0, 0.0, 1.7320508, 1.7320508, 4.582576]","[-3.0, -2.0, -2.0, -1.5, -1.5]","[2.0, 2.0, 5.0]","[1.7320508, 1.7320508, 4.582576]","[-3.0, -2.0, -1.5]","[4.5, 4.5, 5.0]","[0.0, 2.828427, 3.0]","[-1.0, 0.0, 2.5]","[4.5, 4.5]","[0.0, 3.7416575]","[0.0, 2.5]",1,1,1,0,1.0,0.0,0
295,4,2,2,"[0.0, 0.5, 0.5, 0.5, 2.0, 2.5, 2.5, 4.0, 4.0, 4.5]","[0.0, 0.0, 0.0, 0.0, 0.0, 0.0, 0.0, 2.0, 2.0, 4.472136]","[1.0, 2.0, 4.0, 4.5]","[0.0, 0.0, 3.4641016, 3.7416575]","[-5.0, -4.0, -2.5, -2.0]","[1.0, 2.0]","[0.0, 0.0]","[-5.0, -2.5]","[7.0, 7.0]","[6.708204, 6.708204]","[4.5, 7.0]","[7.0, 7.0]","[6.708204, 6.708204]","[4.5, 7.0]",0,2,0,0,0.0,0.0,1
956,1,1,1,"[0.0, 0.0, 0.5, 1.5, 2.5, 3.0, 3.0, 3.0, 3.5, 4.0]","[0.0, 0.0, 0.0, 1.4142135, 2.236068, 2.236068, 2.4494898, 2.4494898, 2.6457512, 3.0]",[2.0],[0.0],[-1.0],[2.0],[0.0],[-1.0],[1.0],[0.0],[-0.5],[1.0],[0.0],[-0.5],0,1,0,0,0.0,0.0,1
41817,1,1,1,"[0.5, 0.5, 1.0, 1.0, 1.5, 2.0, 2.0, 2.5, 2.5, 5.5]","[0.0, 0.0, 0.0, 0.0, 0.0, 0.0, 0.0, 1.7320508, 2.4494898, 5.2915025]",[3.5],[2.4494898],[-1.0],[3.5],[2.4494898],[-1.0],[4.5],[2.828427],[2.5],[4.5],[2.828427],[2.5],0,1,0,0,0.0,0.0,0
51664,4,2,1,"[1.0, 1.0, 1.5, 1.5, 2.0, 2.0, 2.0, 3.5, 4.0, 8.0]","[0.0, 0.0, 1.0, 1.4142135, 1.4142135, 1.7320508, 1.7320508, 2.4494898, 3.8729835, 7.937254]","[3.0, 3.0, 3.5, 4.5]","[0.0, 0.0, 2.828427, 3.0]","[-3.5, -2.0, -1.0, -1.0]","[3.0, 3.0]","[0.0, 3.0]","[-3.5, -1.0]","[5.0, 5.0]","[4.0, 4.0]","[-2.5, 1.5]",[6.5],[6.0],[3.5],1,0,1,0,1.0,0.0,0
661,5,3,2,"[0.0, 0.5, 1.0, 1.0, 2.0, 2.0, 2.5, 3.0, 6.0, 8.5]","[0.0, 0.0, 0.0, 0.0, 1.0, 1.7320508, 2.0, 2.236068, 5.656854, 8.485281]","[2.0, 3.5, 3.5, 4.5, 5.5]","[0.0, 0.0, 0.0, 4.2426405, 5.2915025]","[-4.0, -1.5, -1.5, -1.5, -1.0]","[2.0, 3.5, 4.5]","[0.0, 0.0, 4.2426405]","[-4.0, -1.5, -1.5]","[4.0, 5.0, 5.5]","[3.0, 3.8729835, 5.477226]","[-1.0, 1.0, 3.0]","[4.0, 6.5]","[3.8729835, 6.3245554]","[3.0, 4.5]",1,1,1,0,1.0,0.0,1
83460,8,3,2,"[0.5, 0.5, 1.0, 1.5, 2.5, 2.5, 3.0, 3.0, 6.0, 6.5]","[0.0, 0.0, 0.0, 0.0, 1.4142135, 2.236068, 2.236068, 2.4494898, 5.196152, 6.4807405]","[0.5, 1.0, 1.5, 2.0, 2.5, 2.5, 3.0, 4.5]","[0.0, 0.0, 0.0, 0.0, 1.4142135, 2.0, 2.236068, 2.828427]","[-6.0, -4.0, -3.5, -3.0, -2.5, -2.0, -2.0, -1.0]","[0.5, 1.5, 3.0]","[0.0, 1.4142135, 2.236068]","[-4.0, -3.5, -2.5]","[5.5, 6.0, 7.0]","[4.8989797, 5.656854, 7.0]","[2.0, 2.5, 5.0]","[3.5, 7.0]","[3.1622777, 7.0]","[3.0, 5.0]",1,1,1,0,1.0,0.0,0
44814,1,1,1,"[0.5, 0.5, 1.5, 1.5, 1.5, 2.5, 2.5, 2.5, 2.5, 6.5]","[0.0, 0.0, 0.0, 0.0, 0.0, 0.0, 0.0, 0.0, 1.4142135, 6.0]",[5.5],[5.2915025],[-1.5],[5.5],[5.2915025],[-1.5],[3.5],[0.0],[1.5],[3.5],[0.0],[1.5],0,1,0,0,0.0,0.0,0
758,3,2,0,"[0.5, 0.5, 0.5, 1.0, 1.5, 1.5, 2.0, 4.0, 4.5, 5.5]","[0.0, 0.0, 0.0, 0.0, 0.0, 1.4142135, 1.7320508, 2.6457512, 4.2426405, 5.2915025]","[1.0, 2.5, 2.5]","[0.0, 1.0, 2.4494898]","[-2.0, -1.5, -1.0]","[1.0, 2.5]","[0.0, 1.0]","[-2.0, -1.5]","[1.0, 2.5]","[0.0, 1.0]","[-2.0, -1.5]",[],[],[],2,0,0,1,0.0,2.0,1
51529,5,3,1,"[0.0, 0.0, 0.5, 2.0, 2.0, 2.5, 3.5, 5.0, 6.0, 8.5]","[0.0, 0.0, 0.0, 0.0, 1.7320508, 2.4494898, 3.1622777, 5.0, 5.656854, 8.485281]","[2.5, 2.5, 2.5, 3.5, 5.0]","[0.0, 2.0, 2.0, 2.4494898, 4.582576]","[-4.5, -4.0, -2.0, -2.0, -1.5]","[2.5, 2.5, 5.0]","[0.0, 2.0, 4.582576]","[-4.0, -2.0, -2.0]","[2.5, 5.0, 9.0]","[2.0, 4.582576, 9.0]","[-4.0, -2.0, 5.5]",[9.0],[9.0],[5.5],2,1,0,1,0.0,2.0,0
93484,7,3,2,"[0.0, 0.0, 1.5, 1.5, 2.5, 2.5, 2.5, 3.0, 8.5, 8.5]","[0.0, 0.0, 1.4142135, 1.4142135, 2.4494898, 2.4494898, 2.4494898, 3.0, 8.485281, 8.485281]","[1.5, 1.5, 2.0, 2.5, 3.0, 4.5, 6.5]","[0.0, 1.4142135, 1.4142135, 2.0, 2.236068, 2.828427, 6.4807405]","[-6.0, -4.5, -4.0, -2.5, -2.0, -1.5, -1.5]","[1.5, 2.0, 2.5]","[0.0, 1.4142135, 2.0]","[-6.0, -4.0, -1.5]","[4.0, 4.5, 6.5]","[0.0, 4.0, 6.4807405]","[-2.0, -0.5, 2.0]","[4.0, 5.0]","[3.0, 4.0]","[0.0, 2.0]",1,1,1,0,1.0,0.0,0
50627,5,2,1,"[0.5, 0.5, 1.0, 1.5, 1.5, 2.0, 2.5, 3.0, 4.5, 7.0]","[0.0, 0.0, 1.0, 1.4142135, 1.4142135, 1.7320508, 2.0, 2.828427, 4.2426405, 7.0]","[1.0, 1.5, 2.5, 2.5, 3.5]","[0.0, 0.0, 1.0, 2.4494898, 3.1622777]","[-3.5, -3.5, -3.0, -2.0, -1.5]","[1.0, 2.5]","[1.0, 2.4494898]","[-3.5, -3.0]","[4.5, 5.5]","[4.472136, 5.477226]","[0.5, 1.0]",[2.0],[0.0],[0.5],1,0,1,0,1.0,0.0,0
939,26,6,3,"[0.5, 1.0, 3.0, 4.0, 4.0, 4.5, 4.5, 7.5, 7.5, 7.5]","[0.0, 0.0, 1.0, 2.828427, 3.7416575, 4.0, 4.472136, 7.3484693, 7.3484693, 7.3484693]","[0.0, 0.0, 0.5, 0.5, 1.0, 1.0, 1.0, 1.5, 1.5, 2.0, 2.0, 2.0, 2.5, 3.0, 3.0, 3.0, 3.0, 3.5, 3.5, 3.5, 3.5, 3.5, 4.0, 4.0, 5.0, 6.5]","[0.0, 0.0, 0.0, 0.0, 0.0, 0.0, 0.0, 0.0, 0.0, 0.0, 1.0, 1.0, 1.7320508, 1.7320508, 2.236068, 2.236068, 2.4494898, 2.828427, 3.1622777, 3.1622777, 3.4641016, 3.4641016, 3.4641016, 3.8729835, 4.582576, 6.3245554]","[-7.0, -5.5, -5.5, -5.5, -5.5, -5.0, -5.0, -4.5, -4.5, -4.5, -4.0, -4.0, -3.5, -3.5, -3.0, -3.0, -2.5, -2.5, -2.5, -2.5, -2.0, -2.0, -1.5, -1.5, -1.5, -1.0]","[0.0, 0.0, 0.5, 1.0, 2.0, 3.0]","[0.0, 0.0, 0.0, 0.0, 0.0, 1.0]","[-7.0, -5.5, -4.5, -3.0, -2.5, -1.5]","[1.0, 2.5, 3.5, 4.0, 5.0, 7.0]","[1.0, 2.4494898, 2.6457512, 3.1622777, 4.582576, 6.708204]","[-5.5, -3.5, -2.5, 0.0, 2.0, 6.5]","[3.5, 4.0, 8.5]","[2.6457512, 3.1622777, 8.485281]","[-5.5, 2.0, 6.5]",3,2,1,0,3.0,0.0,1
93494,3,2,1,"[0.0, 0.0, 0.0, 0.5, 1.5, 1.5, 2.5, 3.0, 3.5, 7.0]","[0.0, 0.0, 0.0, 0.0, 0.0, 0.0, 2.0, 3.0, 3.1622777, 6.928203]","[2.0, 3.5, 3.5]","[0.0, 0.0, 3.1622777]","[-3.0, -3.0, -1.0]","[2.0, 3.5]","[0.0, 0.0]","[-3.0, -3.0]","[4.0, 4.5]","[2.828427, 3.8729835]","[-0.5, 0.5]",[7.5],[7.3484693],[6.0],1,0,1,0,1.0,0.0,0
140,3,1,1,"[0.0, 0.5, 0.5, 0.5, 2.0, 3.0, 3.5, 3.5, 5.0, 7.0]","[0.0, 0.0, 0.0, 0.0, 2.0, 2.236068, 3.4641016, 3.4641016, 4.0, 6.708204]","[2.0, 2.5, 4.0]","[0.0, 2.4494898, 2.6457512]","[-6.0, -4.5, -1.0]",[2.5],[2.4494898],[-6.0],[4.0],[3.4641016],[0.5],[4.0],[3.4641016],[0.5],0,1,0,0,0.0,0.0,1
339,3,1,1,"[0.0, 1.0, 1.0, 1.5, 2.0, 2.5, 3.0, 4.5, 5.0, 5.5]","[0.0, 0.0, 0.0, 0.0, 0.0, 0.0, 1.4142135, 2.828427, 4.0, 4.8989797]","[0.5, 2.5, 3.0]","[0.0, 0.0, 2.4494898]","[-6.5, -5.5, -3.0]",[0.5],[0.0],[-6.5],[8.0],[8.0],[6.5],[8.0],[8.0],[6.5],0,1,0,0,0.0,0.0,1
59479,2,1,1,"[1.0, 1.5, 1.5, 2.0, 2.0, 2.0, 2.5, 3.5, 4.5, 5.0]","[0.0, 0.0, 0.0, 0.0, 1.4142135, 1.4142135, 1.7320508, 3.1622777, 3.7416575, 4.0]","[2.0, 5.5]","[0.0, 5.477226]","[-2.5, -2.0]",[2.0],[0.0],[-2.5],[8.0],[8.0],[7.0],[8.0],[8.0],[7.0],0,1,0,0,0.0,0.0,0
6,30,5,2,"[1.5, 3.0, 4.0, 4.5, 4.5, 6.5, 6.5, 7.5, 7.5, 8.0]","[0.0, 1.4142135, 2.236068, 3.7416575, 4.2426405, 6.3245554, 6.4807405, 7.483315, 7.483315, 8.0]","[0.0, 0.0, 0.0, 0.5, 0.5, 1.0, 1.0, 1.5, 1.5, 1.5, 2.0, 2.0, 2.0, 2.5, 2.5, 2.5, 2.5, 3.0, 3.0, 3.0, 3.5, 3.5, 3.5, 3.5, 3.5, 3.5, 4.0, 4.5, 4.5, 5.5]","[0.0, 0.0, 0.0, 0.0, 0.0, 0.0, 0.0, 0.0, 0.0, 0.0, 0.0, 0.0, 1.4142135, 1.4142135, 1.7320508, 2.0, 2.0, 2.236068, 2.4494898, 2.4494898, 2.4494898, 2.4494898, 2.828427, 3.1622777, 3.1622777, 3.4641016, 3.8729835, 4.2426405, 4.472136, 5.2915025]","[-7.0, -6.0, -6.0, -6.0, -5.5, -5.5, -5.5, -5.5, -5.0, -5.0, -4.5, -4.5, -4.0, -4.0, -4.0, -4.0, -4.0, -4.0, -4.0, -4.0, -3.5, -3.5, -3.0, -3.0, -3.0, -2.5, -2.5, -2.5, -2.0, -1.5]","[0.0, 0.0, 0.0, 0.5, 1.0]","[0.0, 0.0, 0.0, 0.0, 0.0]","[-6.0, -6.0, -5.5, -5.0, -4.0]","[3.5, 5.0, 6.5, 7.0, 7.5]","[0.0, 4.582576, 6.4807405, 6.708204, 7.3484693]","[-4.5, 0.0, 1.0, 2.5, 3.5]","[6.0, 8.0]","[5.656854, 7.937254]","[1.0, 1.0]",3,0,2,0,1.5,0.0,1
372,5,2,2,"[0.0, 0.5, 1.0, 1.0, 3.0, 3.5, 3.5, 4.0, 4.5, 6.0]","[0.0, 0.0, 0.0, 0.0, 0.0, 0.0, 2.4494898, 3.4641016, 4.472136, 6.0]","[1.0, 1.5, 1.5, 3.0, 3.5]","[0.0, 0.0, 1.4142135, 2.828427, 3.1622777]","[-5.5, -5.5, -3.5, -3.0, -2.5]","[1.5, 3.0]","[1.4142135, 2.828427]","[-5.5, -2.5]","[3.5, 5.5]","[2.4494898, 4.2426405]","[3.0, 3.5]","[3.5, 5.5]","[2.4494898, 4.2426405]","[3.0, 3.5]",0,2,0,0,0.0,0.0,1
17493,2,2,1,"[0.0, 0.0, 0.5, 2.5, 2.5, 2.5, 3.0, 4.5, 5.0, 6.0]","[0.0, 0.0, 0.0, 0.0, 0.0, 2.4494898, 2.828427, 3.7416575, 4.8989797, 5.91608]","[1.0, 2.0]","[1.0, 1.7320508]","[-3.0, -1.5]","[1.0, 2.0]","[1.0, 1.7320508]","[-3.0, -1.5]","[3.0, 8.0]","[2.236068, 7.937254]","[-1.0, 6.0]",[2.5],[2.0],[-0.5],1,0,1,0,1.0,0.0,0
62884,4,1,1,"[0.5, 1.5, 1.5, 1.5, 1.5, 2.5, 2.5, 3.0, 3.0, 4.0]","[0.0, 0.0, 0.0, 0.0, 1.4142135, 1.4142135, 1.4142135, 2.236068, 2.4494898, 2.4494898]","[2.5, 3.5, 4.0, 4.0]","[0.0, 2.4494898, 3.4641016, 3.8729835]","[-3.0, -3.0, -1.5, -1.5]",[2.5],[2.4494898],[-3.0],[3.5],[2.4494898],[2.5],[3.5],[2.4494898],[2.5],0,1,0,0,0.0,0.0,0
519,2,2,1,"[0.5, 0.5, 1.0, 1.0, 1.0, 1.0, 1.5, 1.5, 4.5, 6.0]","[0.0, 0.0, 0.0, 0.0, 0.0, 0.0, 1.0, 1.4142135, 4.2426405, 6.0]","[2.0, 3.0]","[0.0, 2.828427]","[-4.0, -1.5]","[2.0, 3.0]","[0.0, 2.828427]","[-4.0, -1.5]","[4.5, 5.0]","[4.2426405, 4.582576]","[0.0, 2.0]",[4.5],[2.828427],[3.0],1,0,1,0,1.0,0.0,1
866,1,1,1,"[0.5, 1.0, 1.0, 1.0, 1.5, 1.5, 1.5, 3.0, 3.5, 4.0]","[0.0, 0.0, 0.0, 0.0, 0.0, 1.0, 1.4142135, 2.828427, 3.1622777, 4.0]",[2.0],[1.7320508],[-1.5],[2.0],[1.7320508],[-1.5],[2.5],[2.0],[1.5],[2.5],[2.0],[1.5],0,1,0,0,0.0,0.0,1
246,3,2,2,"[0.0, 0.5, 0.5, 1.0, 2.0, 2.0, 2.5, 2.5, 2.5, 4.5]","[0.0, 0.0, 0.0, 0.0, 0.0, 0.0, 1.0, 1.7320508, 2.0, 2.828427]","[1.0, 2.0, 4.5]","[0.0, 1.7320508, 4.2426405]","[-3.5, -2.5, -1.5]","[1.0, 2.0]","[0.0, 1.7320508]","[-3.5, -2.5]","[2.5, 3.5]","[2.4494898, 3.1622777]","[1.5, 3.0]","[2.5, 3.5]","[2.4494898, 3.1622777]","[1.5, 3.0]",0,2,0,0,0.0,0.0,1
51029,3,2,1,"[0.0, 0.0, 1.0, 1.5, 2.5, 2.5, 3.0, 3.0, 4.0, 7.0]","[0.0, 0.0, 0.0, 0.0, 0.0, 0.0, 0.0, 2.828427, 3.8729835, 7.0]","[1.5, 2.0, 3.5]","[0.0, 1.7320508, 3.4641016]","[-3.5, -2.5, -2.5]","[1.5, 2.0]","[0.0, 1.7320508]","[-3.5, -2.5]","[4.5, 5.5]","[4.2426405, 4.2426405]","[-0.5, 1.0]",[8.5],[8.485281],[6.0],1,0,1,0,1.0,0.0,0
22166,3,3,1,"[0.0, 0.5, 0.5, 0.5, 2.0, 2.0, 2.0, 4.0, 5.5, 6.0]","[0.0, 0.0, 0.0, 0.0, 0.0, 0.0, 0.0, 3.8729835, 4.8989797, 5.656854]","[1.5, 1.5, 4.0]","[0.0, 0.0, 4.0]","[-4.0, -2.5, -1.0]","[1.5, 1.5, 4.0]","[0.0, 0.0, 4.0]","[-4.0, -2.5, -1.0]","[4.5, 5.5, 8.0]","[0.0, 5.2915025, 7.937254]","[1.5, 1.5, 2.0]",[6.5],[6.0],[5.0],2,0,1,0,2.0,0.0,0
79187,3,2,2,"[0.0, 0.5, 1.0, 2.0, 2.0, 2.0, 2.5, 4.5, 6.5, 7.5]","[0.0, 0.0, 0.0, 0.0, 1.7320508, 1.7320508, 2.0, 2.828427, 6.4807405, 7.483315]","[2.0, 2.5, 3.0]","[0.0, 1.7320508, 2.236068]","[-5.0, -2.5, -1.0]","[2.0, 3.0]","[1.7320508, 2.236068]","[-5.0, -1.0]","[5.0, 6.0]","[4.8989797, 5.91608]","[1.0, 5.5]","[5.0, 6.0]","[4.8989797, 5.91608]","[1.0, 5.5]",0,2,0,0,0.0,0.0,0
691,25,6,2,"[2.0, 2.5, 3.0, 3.0, 3.0, 4.5, 5.5, 6.0, 7.0, 8.5]","[2.0, 2.4494898, 2.828427, 2.828427, 3.0, 4.2426405, 5.477226, 5.91608, 6.928203, 8.485281]","[0.0, 0.5, 0.5, 0.5, 1.0, 1.0, 1.5, 1.5, 1.5, 1.5, 1.5, 2.0, 2.0, 2.5, 2.5, 3.0, 3.0, 3.0, 3.5, 3.5, 3.5, 4.0, 4.5, 4.5, 5.0]","[0.0, 0.0, 0.0, 0.0, 0.0, 0.0, 0.0, 0.0, 0.0, 0.0, 0.0, 1.0, 1.0, 1.4142135, 2.0, 2.4494898, 2.4494898, 2.6457512, 2.828427, 2.828427, 2.828427, 3.1622777, 4.2426405, 4.472136, 4.582576]","[-6.0, -6.0, -5.0, -4.5, -4.5, -4.5, -4.0, -3.5, -3.5, -3.0, -3.0, -3.0, -3.0, -2.5, -2.5, -2.0, -2.0, -2.0, -2.0, -2.0, -1.5, -1.5, -1.5, -1.0, -1.0]","[0.0, 0.5, 0.5, 1.5, 1.5, 2.0]","[0.0, 0.0, 0.0, 0.0, 0.0, 2.0]","[-6.0, -5.0, -4.5, -4.5, -3.5, -3.0]","[1.5, 2.5, 3.5, 4.5, 5.0, 9.0]","[0.0, 1.4142135, 2.0, 3.0, 4.2426405, 9.0]","[-3.5, -3.0, -2.0, 0.0, 0.5, 3.0]","[8.0, 8.0]","[7.937254, 7.937254]","[3.0, 6.0]",4,0,2,0,2.0,0.0,1
344,1,1,1,"[0.0, 0.5, 0.5, 0.5, 1.0, 1.0, 1.5, 2.0, 3.0, 3.0]","[0.0, 0.0, 0.0, 0.0, 0.0, 1.0, 1.0, 1.4142135, 2.0, 2.828427]",[1.5],[1.4142135],[-1.5],[1.5],[1.4142135],[-1.5],[5.0],[4.8989797],[3.0],[5.0],[4.8989797],[3.0],0,1,0,0,0.0,0.0,1
69402,5,2,2,"[0.5, 1.5, 1.5, 2.0, 2.5, 2.5, 3.0, 3.0, 4.5, 6.5]","[0.0, 0.0, 1.4142135, 1.4142135, 2.0, 2.236068, 2.4494898, 2.828427, 4.472136, 6.0]","[2.0, 2.5, 2.5, 3.0, 4.0]","[0.0, 0.0, 0.0, 2.4494898, 3.0]","[-4.0, -3.5, -2.0, -1.5, -1.0]","[2.0, 2.5]","[0.0, 2.4494898]","[-2.0, -1.5]","[4.5, 5.5]","[2.828427, 5.477226]","[2.0, 3.5]","[4.5, 5.5]","[2.828427, 5.477226]","[2.0, 3.5]",0,2,0,0,0.0,0.0,0
57,23,6,2,"[1.0, 3.0, 3.0, 3.5, 4.0, 4.5, 4.5, 6.0, 7.0, 8.5]","[0.0, 0.0, 1.0, 2.236068, 2.236068, 3.4641016, 4.2426405, 6.0, 6.708204, 8.485281]","[0.0, 0.0, 0.0, 0.0, 0.0, 1.0, 1.0, 1.5, 2.0, 2.0, 2.0, 2.0, 2.5, 3.0, 3.0, 3.5, 3.5, 4.0, 4.0, 4.0, 5.0, 5.5, 5.5]","[0.0, 0.0, 0.0, 0.0, 0.0, 0.0, 0.0, 0.0, 0.0, 0.0, 1.4142135, 1.7320508, 2.0, 2.236068, 2.4494898, 2.4494898, 2.6457512, 3.4641016, 3.4641016, 3.8729835, 4.0, 4.8989797, 5.477226]","[-7.5, -7.0, -6.5, -6.5, -5.5, -5.5, -5.5, -5.0, -4.5, -4.0, -4.0, -4.0, -3.5, -3.5, -3.5, -3.0, -3.0, -2.5, -2.0, -2.0, -2.0, -1.5, -1.0]","[0.0, 0.0, 0.0, 0.0, 0.0, 1.0]","[0.0, 0.0, 0.0, 0.0, 0.0, 0.0]","[-7.5, -7.0, -6.5, -5.0, -4.5, -3.5]","[1.5, 2.0, 2.5, 4.0, 5.0, 7.5]","[0.0, 1.4142135, 2.0, 4.0, 5.0, 7.3484693]","[-4.0, -3.0, -0.5, 0.0, 0.5, 3.0]","[2.5, 4.5]","[2.4494898, 4.472136]","[1.5, 3.5]",4,0,2,0,2.0,0.0,1
938,19,5,2,"[0.0, 0.5, 2.0, 4.0, 4.5, 5.0, 5.0, 5.5, 5.5, 7.0]","[0.0, 0.0, 0.0, 0.0, 2.828427, 3.0, 4.0, 4.8989797, 5.477226, 6.928203]","[0.5, 0.5, 0.5, 0.5, 1.5, 1.5, 1.5, 1.5, 2.5, 2.5, 3.0, 3.5, 4.0, 4.5, 4.5, 4.5, 4.5, 6.0, 6.5]","[0.0, 0.0, 0.0, 0.0, 0.0, 0.0, 1.4142135, 1.4142135, 1.4142135, 2.4494898, 2.4494898, 3.4641016, 3.4641016, 4.2426405, 4.472136, 4.472136, 4.472136, 5.91608, 6.3245554]","[-6.5, -6.5, -6.5, -6.0, -6.0, -5.5, -4.5, -4.0, -4.0, -4.0, -4.0, -3.5, -3.5, -2.5, -2.5, -2.0, -2.0, -1.5, -1.5]","[0.5, 0.5, 0.5, 0.5, 1.5]","[0.0, 0.0, 0.0, 0.0, 1.4142135]","[-6.5, -6.5, -6.0, -4.5, -2.0]","[1.5, 2.0, 4.5, 6.5, 8.0]","[1.4142135, 2.0, 4.2426405, 6.4807405, 7.937254]","[-2.5, -1.0, 0.0, 2.5, 4.0]","[2.5, 4.5]","[2.0, 4.2426405]","[0.0, 2.5]",3,1,1,0,3.0,0.0,1
613,4,1,1,"[0.0, 0.5, 1.0, 1.0, 1.5, 2.0, 2.5, 4.5, 5.5, 7.0]","[0.0, 0.0, 0.0, 0.0, 0.0, 0.0, 2.4494898, 4.2426405, 4.2426405, 6.708204]","[1.5, 2.5, 3.5, 4.0]","[0.0, 0.0, 2.4494898, 4.0]","[-5.0, -4.5, -3.0, -2.5]",[1.5],[0.0],[-4.5],[4.5],[2.828427],[-1.0],[4.5],[2.828427],[-1.0],0,1,0,0,0.0,0.0,1
950,1,1,1,"[0.5, 1.0, 1.0, 1.0, 1.5, 2.0, 2.0, 2.5, 4.5, 5.0]","[0.0, 0.0, 0.0, 0.0, 0.0, 1.0, 1.0, 1.7320508, 4.472136, 5.0]",[1.5],[0.0],[-3.0],[1.5],[0.0],[-3.0],[7.0],[7.0],[2.0],[7.0],[7.0],[2.0],0,1,0,0,0.0,0.0,1
566,15,4,2,"[0.5, 1.0, 2.5, 3.0, 3.5, 4.0, 4.5, 5.0, 6.5, 7.0]","[0.0, 0.0, 0.0, 0.0, 2.828427, 3.4641016, 4.2426405, 5.0, 6.0, 6.928203]","[0.5, 1.0, 1.0, 1.5, 1.5, 2.0, 2.0, 2.0, 2.5, 3.0, 3.0, 3.5, 4.0, 4.0, 4.0]","[0.0, 0.0, 0.0, 0.0, 0.0, 1.4142135, 1.4142135, 1.7320508, 2.0, 2.0, 2.236068, 2.6457512, 2.828427, 3.4641016, 3.8729835]","[-6.0, -5.0, -4.5, -4.5, -4.0, -4.0, -3.5, -3.5, -3.5, -3.5, -3.0, -3.0, -2.5, -2.0, -1.0]","[0.5, 1.0, 1.0, 2.0]","[0.0, 0.0, 0.0, 0.0]","[-6.0, -4.0, -3.5, -3.0]","[2.5, 4.0, 6.0, 6.5]","[2.0, 2.6457512, 5.91608, 6.0]","[-3.5, 1.0, 1.0, 2.5]","[6.5, 6.5]","[6.0, 6.4807405]","[2.0, 2.5]",2,1,1,0,2.0,0.0,1
10945,2,1,1,"[0.0, 1.0, 1.0, 1.0, 1.0, 1.5, 2.0, 3.5, 5.5, 6.0]","[0.0, 0.0, 0.0, 0.0, 1.0, 1.0, 1.4142135, 2.0, 5.2915025, 5.656854]","[1.5, 4.0]","[0.0, 3.4641016]","[-3.5, -3.5]",[1.5],[0.0],[-3.5],[7.5],[7.483315],[5.5],[7.5],[7.483315],[5.5],0,1,0,0,0.0,0.0,0
66483,2,2,1,"[0.0, 0.5, 1.5, 1.5, 1.5, 3.0, 3.0, 3.5, 3.5, 4.0]","[0.0, 0.0, 0.0, 1.4142135, 1.4142135, 2.236068, 3.0, 3.1622777, 3.4641016, 3.4641016]","[1.0, 1.5]","[0.0, 1.0]","[-3.0, -2.5]","[1.0, 1.5]","[0.0, 1.0]","[-3.0, -2.5]","[3.5, 4.0]","[0.0, 2.6457512]","[1.0, 1.0]",[8.0],[7.937254],[5.5],1,0,1,0,1.0,0.0,0
142,1,1,1,"[0.5, 0.5, 0.5, 1.0, 1.5, 1.5, 2.0, 3.0, 4.5, 9.0]","[0.0, 0.0, 0.0, 0.0, 0.0, 0.0, 0.0, 0.0, 1.7320508, 9.0]",[2.5],[2.0],[-6.5],[2.5],[2.0],[-6.5],[6.0],[5.196152],[1.5],[6.0],[5.196152],[1.5],0,1,0,0,0.0,0.0,1
19532,4,2,1,"[0.0, 0.5, 0.5, 1.0, 1.5, 1.5, 2.0, 2.5, 5.0, 9.0]","[0.0, 0.0, 0.0, 0.0, 0.0, 1.0, 1.4142135, 1.7320508, 4.8989797, 9.0]","[2.0, 3.0, 4.5, 5.5]","[0.0, 0.0, 2.828427, 5.2915025]","[-3.0, -2.0, -1.5, -1.0]","[2.0, 4.5]","[0.0, 2.828427]","[-3.0, -1.0]","[0.5, 2.0]","[0.0, 0.0]","[-4.0, -3.0]",[8.0],[7.937254],[7.5],1,0,1,0,1.0,0.0,0
737,24,7,1,"[0.0, 1.0, 2.0, 4.0, 4.5, 5.5, 6.0, 6.5, 6.5, 8.5]","[0.0, 1.0, 1.7320508, 2.6457512, 4.472136, 5.2915025, 5.91608, 6.3245554, 6.4807405, 8.485281]","[0.5, 0.5, 1.0, 1.0, 1.0, 1.0, 1.5, 1.5, 2.0, 2.0, 2.0, 2.5, 2.5, 2.5, 3.0, 3.0, 3.0, 3.5, 3.5, 4.0, 4.0, 4.0, 4.5, 6.0]","[0.0, 0.0, 0.0, 0.0, 0.0, 0.0, 0.0, 0.0, 0.0, 0.0, 0.0, 0.0, 1.7320508, 2.0, 2.236068, 2.4494898, 2.828427, 2.828427, 3.4641016, 3.4641016, 3.7416575, 3.8729835, 4.0, 5.91608]","[-6.0, -5.5, -5.5, -5.0, -5.0, -4.5, -4.5, -4.0, -4.0, -4.0, -4.0, -3.5, -3.5, -3.5, -3.0, -3.0, -3.0, -2.0, -2.0, -2.0, -1.5, -1.5, -1.0, -1.0]","[0.5, 1.0, 1.0, 1.5, 2.5, 3.0, 3.5]","[0.0, 0.0, 0.0, 0.0, 0.0, 2.828427, 3.4641016]","[-5.5, -5.0, -4.5, -4.5, -4.0, -3.0, -3.0]","[1.0, 2.0, 2.5, 4.0, 5.0, 7.5, 7.5]","[0.0, 0.0, 0.0, 2.0, 3.0, 7.3484693, 7.483315]","[-5.5, -5.0, -2.5, -0.5, 0.0, 1.5, 3.0]",[4.0],[3.4641016],[3.0],6,0,1,0,6.0,0.0,1
5593,7,3,2,"[0.5, 0.5, 1.0, 1.0, 1.5, 3.0, 3.5, 4.0, 5.0, 7.0]","[0.0, 0.0, 0.0, 0.0, 0.0, 1.4142135, 2.6457512, 3.0, 4.8989797, 6.928203]","[1.0, 1.5, 1.5, 2.0, 3.5, 5.0, 5.0]","[0.0, 0.0, 0.0, 1.4142135, 2.4494898, 4.8989797, 5.0]","[-4.0, -3.0, -3.0, -3.0, -2.5, -2.0, -1.0]","[1.0, 1.5, 3.5]","[0.0, 1.4142135, 2.4494898]","[-4.0, -3.0, -1.0]","[0.5, 2.5, 8.5]","[0.0, 0.0, 8.485281]","[-2.5, -1.5, 6.5]","[5.0, 8.5]","[4.582576, 8.485281]","[5.0, 6.5]",1,1,1,0,1.0,0.0,0
623,3,1,1,"[0.0, 0.5, 0.5, 0.5, 1.0, 1.0, 1.5, 4.5, 5.5, 6.0]","[0.0, 0.0, 0.0, 0.0, 0.0, 0.0, 1.0, 4.472136, 5.477226, 5.656854]","[1.0, 3.5, 5.0]","[0.0, 3.1622777, 4.582576]","[-4.5, -1.0, -1.0]",[1.0],[0.0],[-4.5],[3.5],[0.0],[1.5],[3.5],[0.0],[1.5],0,1,0,0,0.0,0.0,1
13148,3,3,2,"[1.0, 1.0, 1.5, 2.0, 2.0, 2.5, 3.0, 3.0, 4.0, 4.0]","[0.0, 0.0, 0.0, 1.7320508, 2.0, 2.4494898, 2.6457512, 2.828427, 2.828427, 3.8729835]","[1.0, 3.0, 3.0]","[1.0, 2.828427, 2.828427]","[-2.5, -1.0, -1.0]","[1.0, 3.0, 3.0]","[1.0, 2.828427, 2.828427]","[-2.5, -1.0, -1.0]","[3.5, 3.5, 4.5]","[2.4494898, 3.1622777, 3.7416575]","[0.5, 1.0, 2.0]","[3.5, 4.0]","[2.4494898, 3.8729835]","[1.0, 1.5]",1,1,1,0,1.0,0.0,0
19723,6,3,1,"[0.5, 0.5, 1.0, 1.5, 1.5, 2.0, 2.5, 2.5, 7.0, 8.0]","[0.0, 0.0, 0.0, 0.0, 0.0, 1.4142135, 1.4142135, 1.7320508, 6.928203, 7.937254]","[2.0, 2.5, 3.0, 3.0, 4.0, 5.5]","[0.0, 0.0, 1.7320508, 2.0, 2.236068, 5.477226]","[-4.5, -3.0, -3.0, -2.0, -2.0, -1.5]","[2.0, 2.5, 3.0]","[1.7320508, 2.0, 2.236068]","[-4.5, -3.0, -2.0]","[5.5, 5.5, 8.0]","[5.2915025, 5.477226, 7.937254]","[-2.0, 2.5, 3.0]",[8.0],[8.0],[7.5],2,0,1,0,2.0,0.0,0
57728,1,1,1,"[0.0, 0.5, 1.0, 1.0, 1.5, 1.5, 1.5, 2.0, 4.0, 5.5]","[0.0, 0.0, 0.0, 0.0, 1.4142135, 1.4142135, 1.4142135, 2.0, 3.8729835, 4.8989797]",[3.5],[2.4494898],[-1.5],[3.5],[2.4494898],[-1.5],[7.5],[7.483315],[5.0],[7.5],[7.483315],[5.0],0,1,0,0,0.0,0.0,0
1008,4,2,1,"[0.5, 0.5, 0.5, 1.0, 1.0, 2.0, 2.5, 2.5, 5.5, 8.0]","[0.0, 0.0, 0.0, 0.0, 1.0, 1.7320508, 2.0, 2.4494898, 5.2915025, 7.937254]","[1.5, 2.0, 2.5, 4.0]","[0.0, 0.0, 1.7320508, 4.0]","[-4.0, -3.5, -2.5, -2.0]","[1.5, 2.0]","[0.0, 1.7320508]","[-3.5, -2.5]","[4.0, 9.0]","[4.0, 9.0]","[-4.0, 5.5]",[6.5],[6.4807405],[0.5],1,0,1,0,1.0,0.0,1
42712,7,3,2,"[0.0, 1.0, 1.0, 1.0, 1.5, 2.0, 2.0, 4.0, 6.0, 7.0]","[0.0, 0.0, 0.0, 0.0, 0.0, 1.7320508, 1.7320508, 2.6457512, 5.91608, 6.708204]","[2.0, 2.0, 2.0, 2.0, 2.0, 2.5, 3.5]","[0.0, 0.0, 0.0, 1.7320508, 1.7320508, 2.0, 3.4641016]","[-6.0, -4.0, -3.5, -3.0, -3.0, -2.0, -2.0]","[2.0, 2.0, 2.0]","[0.0, 1.7320508, 2.0]","[-6.0, -2.0, -2.0]","[8.0, 8.5, 9.0]","[8.0, 8.485281, 9.0]","[3.0, 5.0, 5.5]","[3.5, 9.0]","[0.0, 9.0]","[2.5, 5.0]",1,1,1,0,1.0,0.0,0
897,8,1,1,"[0.5, 1.0, 1.0, 1.0, 2.0, 2.5, 4.5, 5.5, 5.5, 6.0]","[0.0, 0.0, 0.0, 0.0, 0.0, 0.0, 2.4494898, 4.8989797, 5.196152, 5.477226]","[1.0, 2.0, 2.5, 3.5, 4.0, 4.5, 5.0, 5.0]","[0.0, 0.0, 0.0, 1.7320508, 2.4494898, 3.7416575, 4.582576, 4.8989797]","[-7.5, -5.0, -3.5, -2.5, -2.5, -2.5, -2.0, -1.5]",[1.0],[0.0],[-7.5],[3.0],[0.0],[0.0],[3.0],[0.0],[0.0],0,1,0,0,0.0,0.0,1
73029,4,2,2,"[0.0, 0.0, 0.5, 2.0, 2.0, 2.5, 2.5, 2.5, 3.0, 6.5]","[0.0, 0.0, 0.0, 0.0, 0.0, 0.0, 1.7320508, 2.0, 2.4494898, 6.0]","[1.0, 3.0, 3.5, 6.0]","[0.0, 0.0, 2.236068, 5.656854]","[-4.0, -3.0, -2.5, -1.5]","[1.0, 3.0]","[0.0, 2.236068]","[-4.0, -3.0]","[5.0, 6.5]","[3.0, 6.4807405]","[4.0, 4.5]","[5.0, 6.5]","[3.0, 6.4807405]","[4.0, 4.5]",0,2,0,0,0.0,0.0,0
777,1,1,1,"[0.0, 0.5, 1.0, 1.0, 1.5, 1.5, 2.0, 2.5, 3.5, 4.0]","[0.0, 0.0, 0.0, 0.0, 1.0, 1.0, 1.4142135, 1.7320508, 2.4494898, 2.6457512]",[5.0],[4.8989797],[-1.5],[5.0],[4.8989797],[-1.5],[2.5],[2.4494898],[1.5],[2.5],[2.4494898],[1.5],0,1,0,0,0.0,0.0,1
71136,2,2,2,"[0.0, 0.5, 0.5, 1.0, 1.0, 1.5, 1.5, 2.5, 3.0, 5.0]","[0.0, 0.0, 0.0, 0.0, 0.0, 0.0, 1.0, 1.4142135, 1.4142135, 3.0]","[2.0, 3.0]","[0.0, 0.0]","[-2.0, -2.0]","[2.0, 3.0]","[0.0, 0.0]","[-2.0, -2.0]","[5.0, 5.0]","[4.582576, 4.8989797]","[4.5, 4.5]","[5.0, 5.0]","[4.582576, 4.8989797]","[4.5, 4.5]",0,2,0,0,0.0,0.0,0
449,28,7,2,"[1.0, 2.5, 3.0, 3.5, 5.0, 5.5, 6.0, 6.5, 7.5, 8.5]","[0.0, 2.0, 2.4494898, 2.828427, 4.0, 5.477226, 5.656854, 6.4807405, 7.3484693, 8.485281]","[0.5, 0.5, 0.5, 1.0, 1.5, 1.5, 1.5, 2.0, 2.5, 2.5, 2.5, 2.5, 2.5, 2.5, 2.5, 3.0, 3.0, 3.0, 3.0, 3.0, 3.5, 3.5, 4.0, 4.0, 4.0, 4.5, 4.5, 5.5]","[0.0, 0.0, 0.0, 0.0, 0.0, 0.0, 0.0, 0.0, 0.0, 1.4142135, 2.0, 2.0, 2.0, 2.0, 2.236068, 2.236068, 2.4494898, 2.4494898, 2.4494898, 2.6457512, 2.6457512, 2.6457512, 2.828427, 3.0, 3.1622777, 4.2426405, 4.2426405, 5.477226]","[-7.5, -6.0, -6.0, -5.5, -5.0, -5.0, -5.0, -5.0, -5.0, -5.0, -4.0, -3.5, -3.5, -3.5, -3.5, -3.5, -3.5, -3.5, -3.5, -3.0, -2.5, -2.5, -2.5, -2.0, -2.0, -1.5, -1.0, -1.0]","[0.5, 0.5, 0.5, 1.0, 1.5, 1.5, 2.5]","[0.0, 0.0, 0.0, 0.0, 0.0, 1.4142135, 2.0]","[-6.0, -5.5, -5.0, -5.0, -5.0, -3.5, -3.5]","[2.0, 4.0, 4.5, 5.0, 5.5, 6.5, 7.5]","[0.0, 0.0, 4.2426405, 4.2426405, 5.0, 6.0, 7.3484693]","[-2.5, -2.0, -1.5, -0.5, 0.5, 1.0, 5.0]","[3.0, 8.0]","[2.236068, 7.937254]","[-2.5, 7.0]",5,0,2,0,2.5,0.0,1
2320,2,2,1,"[0.0, 1.0, 1.0, 1.5, 2.0, 2.5, 2.5, 3.0, 5.5, 6.0]","[0.0, 0.0, 0.0, 0.0, 1.4142135, 2.0, 2.236068, 2.4494898, 4.8989797, 5.196152]","[4.0, 4.5]","[2.6457512, 4.472136]","[-2.5, -1.5]","[4.0, 4.5]","[2.6457512, 4.472136]","[-2.5, -1.5]","[4.5, 5.5]","[3.7416575, 4.2426405]","[-1.5, 3.5]",[5.0],[4.8989797],[3.0],1,0,1,0,1.0,0.0,0
6122,1,1,1,"[0.5, 0.5, 0.5, 1.0, 1.5, 1.5, 2.5, 3.0, 3.0, 6.0]","[0.0, 0.0, 0.0, 0.0, 0.0, 0.0, 1.4142135, 2.236068, 2.828427, 5.91608]",[3.5],[2.4494898],[-1.0],[3.5],[2.4494898],[-1.0],[5.5],[4.2426405],[1.0],[5.5],[4.2426405],[1.0],0,1,0,0,0.0,0.0,0
825,1,1,1,"[0.0, 0.5, 0.5, 1.5, 1.5, 2.0, 2.0, 2.5, 4.5, 5.0]","[0.0, 0.0, 0.0, 0.0, 1.4142135, 1.4142135, 1.7320508, 2.0, 3.0, 3.7416575]",[2.5],[0.0],[-5.5],[2.5],[0.0],[-5.5],[2.5],[2.4494898],[1.0],[2.5],[2.4494898],[1.0],0,1,0,0,0.0,0.0,1
686,3,1,1,"[0.5, 0.5, 1.5, 1.5, 2.5, 2.5, 3.0, 3.0, 4.0, 5.5]","[0.0, 0.0, 0.0, 0.0, 1.4142135, 2.4494898, 2.6457512, 2.828427, 2.828427, 4.2426405]","[2.0, 3.5, 4.0]","[1.7320508, 3.4641016, 3.4641016]","[-4.5, -3.5, -3.0]",[2.0],[1.7320508],[-3.5],[5.0],[4.0],[2.5],[5.0],[4.0],[2.5],0,1,0,0,0.0,0.0,1
888,13,3,2,"[0.0, 0.5, 0.5, 2.0, 3.5, 3.5, 3.5, 4.5, 7.0, 7.5]","[0.0, 0.0, 0.0, 0.0, 2.0, 3.1622777, 3.4641016, 4.2426405, 6.708204, 7.483315]","[0.0, 0.5, 1.0, 1.0, 1.5, 1.5, 2.0, 2.0, 2.5, 2.5, 4.0, 4.5, 5.5]","[0.0, 0.0, 0.0, 0.0, 0.0, 1.0, 1.4142135, 1.7320508, 2.0, 2.0, 2.828427, 3.8729835, 5.477226]","[-6.5, -5.5, -4.5, -4.5, -4.0, -4.0, -4.0, -3.5, -3.0, -2.5, -2.0, -1.5, -1.5]","[0.0, 0.5, 1.5]","[0.0, 0.0, 0.0]","[-6.5, -4.5, -4.0]","[3.0, 4.5, 7.0]","[2.236068, 2.828427, 6.708204]","[-4.0, 3.0, 3.5]","[3.0, 5.5]","[2.236068, 5.2915025]","[0.5, 3.0]",1,1,1,0,1.0,0.0,1
96331,2,2,1,"[0.0, 0.0, 0.5, 1.0, 1.0, 1.5, 1.5, 2.5, 2.5, 5.0]","[0.0, 0.0, 0.0, 0.0, 0.0, 0.0, 1.4142135, 2.4494898, 2.4494898, 5.0]","[2.5, 2.5]","[2.0, 2.4494898]","[-1.5, -1.0]","[2.5, 2.5]","[2.0, 2.4494898]","[-1.5, -1.0]","[1.0, 1.5]","[0.0, 0.0]","[-2.0, -1.5]",[3.5],[3.4641016],[2.5],1,0,1,0,1.0,0.0,0
148,2,1,1,"[0.0, 0.5, 1.0, 1.0, 1.5, 1.5, 2.0, 3.0, 4.0, 4.5]","[0.0, 0.0, 0.0, 1.0, 1.4142135, 1.4142135, 1.7320508, 2.828427, 2.828427, 3.4641016]","[1.5, 2.0]","[0.0, 0.0]","[-2.5, -2.0]",[1.5],[0.0],[-2.0],[7.5],[7.3484693],[6.0],[7.5],[7.3484693],[6.0],0,1,0,0,0.0,0.0,1
903,1,1,1,"[0.5, 0.5, 0.5, 0.5, 1.0, 1.5, 2.0, 2.5, 3.5, 3.5]","[0.0, 0.0, 0.0, 0.0, 0.0, 1.4142135, 2.0, 2.0, 2.4494898, 3.4641016]",[4.0],[3.8729835],[-1.0],[4.0],[3.8729835],[-1.0],[2.0],[0.0],[0.0],[2.0],[0.0],[0.0],0,1,0,0,0.0,0.0,1
32525,5,2,0,"[0.5, 0.5, 0.5, 1.5, 2.5, 2.5, 3.5, 6.0, 6.5, 6.5]","[0.0, 0.0, 0.0, 0.0, 0.0, 1.4142135, 2.4494898, 6.0, 6.3245554, 6.4807405]","[2.5, 2.5, 3.0, 3.5, 5.0]","[2.0, 2.4494898, 2.828427, 3.1622777, 4.8989797]","[-4.5, -4.0, -2.5, -2.0, -1.0]","[2.5, 5.0]","[2.4494898, 4.8989797]","[-4.5, -1.0]","[2.5, 5.0]","[2.4494898, 4.8989797]","[-4.5, -1.0]",[],[],[],2,0,0,1,0.0,2.0,0
765,2,2,0,"[0.0, 0.5, 1.0, 1.5, 2.0, 2.5, 3.0, 4.5, 4.5, 6.0]","[0.0, 0.0, 0.0, 1.4142135, 1.7320508, 2.0, 2.828427, 4.472136, 4.472136, 5.91608]","[2.0, 4.0]","[1.7320508, 4.0]","[-3.5, -1.0]","[2.0, 4.0]","[1.7320508, 4.0]","[-3.5, -1.0]","[2.0, 4.0]","[1.7320508, 4.0]","[-3.5, -1.0]",[],[],[],2,0,0,1,0.0,2.0,1
1014,3,2,1,"[0.0, 0.0, 0.0, 1.0, 2.0, 2.5, 2.5, 5.0, 6.0, 6.5]","[0.0, 0.0, 0.0, 0.0, 1.0, 1.7320508, 2.0, 3.0, 5.91608, 6.4807405]","[2.5, 2.5, 3.0]","[0.0, 0.0, 2.4494898]","[-4.5, -3.5, -2.5]","[2.5, 3.0]","[0.0, 2.4494898]","[-4.5, -3.5]","[5.5, 8.0]","[4.2426405, 7.937254]","[-0.5, 4.0]",[5.0],[3.0],[1.0],1,0,1,0,1.0,0.0,1
154,1,1,1,"[0.0, 0.5, 0.5, 0.5, 1.0, 1.5, 2.0, 2.0, 2.5, 5.5]","[0.0, 0.0, 0.0, 0.0, 0.0, 0.0, 0.0, 1.7320508, 2.0, 5.477226]",[2.5],[2.0],[-2.0],[2.5],[2.0],[-2.0],[7.5],[7.3484693],[4.0],[7.5],[7.3484693],[4.0],0,1,0,0,0.0,0.0,1
970,3,3,1,"[0.0, 0.5, 1.0, 1.5, 1.5, 2.0, 2.0, 3.0, 5.5, 7.0]","[0.0, 0.0, 0.0, 0.0, 0.0, 0.0, 0.0, 2.236068, 4.2426405, 6.928203]","[1.5, 3.0, 3.5]","[1.4142135, 2.236068, 3.1622777]","[-4.0, -3.5, -1.5]","[1.5, 3.0, 3.5]","[1.4142135, 2.236068, 3.1622777]","[-4.0, -3.5, -1.5]","[2.5, 5.5, 9.0]","[2.0, 5.2915025, 9.0]","[-2.0, 0.5, 5.5]",[6.5],[6.4807405],[6.0],2,0,1,0,2.0,0.0,1
64200,4,3,2,"[0.0, 0.5, 0.5, 0.5, 2.0, 2.0, 3.5, 4.0, 6.0, 6.5]","[0.0, 0.0, 0.0, 0.0, 0.0, 1.7320508, 2.4494898, 2.6457512, 5.656854, 6.0]","[2.5, 3.0, 3.0, 4.0]","[0.0, 0.0, 2.236068, 2.4494898]","[-3.0, -2.0, -1.5, -1.0]","[3.0, 3.0, 4.0]","[0.0, 0.0, 2.236068]","[-2.0, -1.5, -1.0]","[3.5, 4.0, 4.5]","[3.4641016, 3.4641016, 4.472136]","[-0.5, 1.5, 2.0]","[3.5, 5.0]","[3.4641016, 4.582576]","[1.5, 4.5]",1,1,1,0,1.0,0.0,0
395,27,5,3,"[1.5, 4.5, 4.5, 5.0, 5.0, 5.0, 5.5, 5.5, 6.0, 7.0]","[0.0, 1.4142135, 2.828427, 4.0, 4.2426405, 4.582576, 5.0, 5.2915025, 5.656854, 6.708204]","[0.0, 0.5, 0.5, 1.0, 1.0, 1.5, 2.0, 2.0, 2.0, 2.0, 2.5, 2.5, 2.5, 3.0, 3.0, 3.0, 3.5, 3.5, 3.5, 3.5, 3.5, 4.0, 4.0, 4.0, 5.5, 6.0, 6.5]","[0.0, 0.0, 0.0, 0.0, 0.0, 0.0, 0.0, 0.0, 0.0, 0.0, 0.0, 0.0, 0.0, 0.0, 2.0, 2.0, 2.4494898, 2.4494898, 2.6457512, 2.828427, 3.1622777, 3.4641016, 3.4641016, 3.4641016, 5.2915025, 5.91608, 6.3245554]","[-8.0, -6.5, -6.5, -5.5, -5.0, -5.0, -5.0, -5.0, -5.0, -5.0, -5.0, -4.5, -4.5, -3.5, -3.5, -3.5, -3.0, -3.0, -3.0, -2.5, -2.5, -2.5, -2.0, -2.0, -2.0, -1.5, -1.0]","[0.0, 0.5, 0.5, 2.0, 2.5]","[0.0, 0.0, 0.0, 0.0, 0.0]","[-8.0, -5.0, -5.0, -3.5, -2.5]","[1.0, 4.5, 4.5, 4.5, 7.0]","[0.0, 2.828427, 2.828427, 2.828427, 7.0]","[-5.0, -1.5, -1.0, 0.5, 4.5]","[4.5, 4.5, 5.0]","[2.828427, 2.828427, 4.582576]","[-1.5, -1.0, 3.0]",2,2,1,0,2.0,0.0,1
63303,4,2,1,"[0.0, 0.5, 1.0, 1.5, 1.5, 3.0, 4.0, 4.5, 5.0, 7.5]","[0.0, 0.0, 0.0, 0.0, 1.0, 1.4142135, 2.6457512, 4.472136, 4.582576, 7.483315]","[0.5, 3.5, 4.5, 6.0]","[0.0, 2.4494898, 4.472136, 6.0]","[-6.5, -3.0, -2.0, -1.5]","[0.5, 3.5]","[0.0, 2.4494898]","[-6.5, -2.0]","[1.0, 6.5]","[0.0, 6.0]","[-2.5, 0.0]",[8.5],[8.485281],[6.0],1,0,1,0,1.0,0.0,0
11555,3,1,1,"[0.5, 1.0, 1.5, 1.5, 2.0, 2.0, 2.0, 4.5, 5.5, 6.0]","[0.0, 0.0, 1.0, 1.4142135, 1.7320508, 1.7320508, 2.0, 4.2426405, 4.8989797, 5.196152]","[2.0, 2.0, 4.0]","[0.0, 0.0, 0.0]","[-4.5, -3.5, -3.0]",[2.0],[0.0],[-3.0],[4.0],[0.0],[2.0],[4.0],[0.0],[2.0],0,1,0,0,0.0,0.0,0
29970,1,1,1,"[0.0, 0.5, 1.0, 1.5, 1.5, 1.5, 2.0, 3.5, 4.5, 5.5]","[0.0, 0.0, 0.0, 0.0, 1.0, 1.4142135, 1.4142135, 1.4142135, 4.472136, 4.8989797]",[3.5],[2.4494898],[-4.0],[3.5],[2.4494898],[-4.0],[6.0],[6.0],[4.5],[6.0],[6.0],[4.5],0,1,0,0,0.0,0.0,0
599,3,1,1,"[0.0, 0.5, 0.5, 1.0, 1.0, 1.5, 3.5, 4.0, 5.0, 7.0]","[0.0, 0.0, 0.0, 0.0, 0.0, 0.0, 3.4641016, 3.8729835, 4.582576, 6.928203]","[1.0, 3.0, 3.0]","[0.0, 2.236068, 3.0]","[-4.5, -4.5, -3.0]",[3.0],[2.236068],[-4.5],[5.0],[5.0],[0.5],[5.0],[5.0],[0.5],0,1,0,0,0.0,0.0,1
254,21,6,2,"[0.0, 2.0, 3.0, 4.0, 4.0, 4.0, 5.0, 5.5, 7.0, 7.5]","[0.0, 0.0, 0.0, 2.6457512, 3.4641016, 3.8729835, 4.0, 4.2426405, 6.708204, 7.3484693]","[0.5, 0.5, 0.5, 0.5, 1.5, 2.0, 2.0, 2.5, 2.5, 3.0, 3.5, 3.5, 3.5, 3.5, 3.5, 3.5, 4.5, 5.5, 5.5, 5.5, 7.0]","[0.0, 0.0, 0.0, 0.0, 0.0, 1.7320508, 1.7320508, 2.0, 2.0, 2.236068, 2.4494898, 3.1622777, 3.1622777, 3.4641016, 3.4641016, 3.4641016, 4.472136, 4.8989797, 5.2915025, 5.2915025, 6.928203]","[-6.5, -5.0, -4.5, -4.5, -4.0, -3.5, -3.5, -3.5, -3.5, -3.5, -3.5, -3.0, -3.0, -3.0, -3.0, -2.5, -2.0, -2.0, -1.5, -1.0, -1.0]","[0.5, 0.5, 0.5, 1.5, 2.0, 2.0]","[0.0, 0.0, 0.0, 0.0, 1.7320508, 1.7320508]","[-5.0, -4.5, -3.5, -3.0, -3.0, -2.0]","[3.5, 3.5, 3.5, 4.0, 6.5, 7.0]","[0.0, 0.0, 3.4641016, 3.4641016, 6.4807405, 6.928203]","[-3.0, -2.0, -2.0, -1.0, 0.5, 2.5]","[4.5, 7.0]","[4.472136, 6.928203]","[-3.0, 3.5]",4,0,2,0,2.0,0.0,1
27597,3,2,2,"[0.5, 1.0, 1.5, 1.5, 2.0, 2.0, 2.0, 2.5, 3.0, 4.0]","[0.0, 0.0, 0.0, 0.0, 0.0, 1.0, 1.4142135, 2.0, 2.6457512, 2.828427]","[1.0, 2.0, 2.5]","[0.0, 0.0, 0.0]","[-4.0, -3.0, -2.0]","[1.0, 2.0]","[0.0, 0.0]","[-4.0, -3.0]","[1.5, 7.0]","[1.4142135, 7.0]","[0.5, 6.5]","[1.5, 7.0]","[1.4142135, 7.0]","[0.5, 6.5]",0,2,0,0,0.0,0.0,0
523,3,2,1,"[0.0, 0.5, 0.5, 1.0, 1.0, 1.5, 2.0, 3.5, 5.0, 5.0]","[0.0, 0.0, 0.0, 0.0, 0.0, 1.4142135, 2.0, 3.1622777, 4.0, 4.582576]","[0.5, 2.5, 3.5]","[0.0, 0.0, 2.0]","[-3.0, -2.5, -1.5]","[0.5, 2.5]","[0.0, 2.0]","[-3.0, -2.5]","[4.5, 7.0]","[4.2426405, 6.928203]","[-0.5, 5.5]",[4.5],[4.2426405],[3.0],1,0,1,0,1.0,0.0,1
91361,2,1,1,"[0.0, 0.5, 1.0, 1.0, 2.0, 2.5, 2.5, 4.0, 4.0, 6.5]","[0.0, 0.0, 0.0, 0.0, 0.0, 0.0, 1.7320508, 2.6457512, 3.8729835, 6.0]","[4.5, 4.5]","[4.2426405, 4.472136]","[-2.5, -2.5]",[4.5],[4.472136],[-2.5],[8.0],[7.937254],[4.5],[8.0],[7.937254],[4.5],0,1,0,0,0.0,0.0,0
342,1,1,1,"[0.0, 0.0, 0.0, 0.5, 1.0, 1.5, 1.5, 3.0, 4.5, 5.5]","[0.0, 0.0, 0.0, 0.0, 0.0, 1.0, 1.4142135, 3.0, 4.472136, 4.8989797]",[3.0],[2.828427],[-1.0],[3.0],[2.828427],[-1.0],[9.0],[9.0],[3.0],[9.0],[9.0],[3.0],0,1,0,0,0.0,0.0,1
988,2,1,1,"[0.0, 0.5, 1.0, 1.5, 2.0, 2.0, 3.5, 4.0, 4.5, 6.0]","[0.0, 0.0, 0.0, 1.0, 1.4142135, 1.7320508, 3.1622777, 3.4641016, 3.7416575, 5.656854]","[1.5, 2.0]","[0.0, 2.0]","[-5.5, -2.5]",[2.0],[2.0],[-5.5],[4.0],[0.0],[1.0],[4.0],[0.0],[1.0],0,1,0,0,0.0,0.0,1
872,2,1,1,"[0.0, 0.0, 1.0, 1.5, 2.0, 2.0, 3.0, 3.5, 4.5, 5.0]","[0.0, 0.0, 0.0, 0.0, 1.4142135, 1.7320508, 1.7320508, 2.828427, 3.1622777, 4.582576]","[4.5, 6.5]","[4.2426405, 6.3245554]","[-1.5, -1.0]",[6.5],[6.3245554],[-1.5],[5.0],[4.0],[3.5],[5.0],[4.0],[3.5],0,1,0,0,0.0,0.0,1
66729,2,2,1,"[0.0, 0.5, 1.5, 1.5, 2.0, 2.0, 2.5, 3.5, 4.5, 5.5]","[0.0, 0.0, 0.0, 0.0, 1.7320508, 1.7320508, 2.4494898, 3.1622777, 4.472136, 5.477226]","[1.5, 2.5]","[0.0, 2.0]","[-3.0, -1.5]","[1.5, 2.5]","[0.0, 2.0]","[-3.0, -1.5]","[1.0, 5.5]","[0.0, 4.2426405]","[-2.0, 2.0]",[7.0],[6.928203],[6.0],1,0,1,0,1.0,0.0,0
780,22,6,3,"[0.0, 2.0, 3.5, 4.0, 4.0, 5.0, 5.5, 5.5, 6.0, 7.0]","[0.0, 1.7320508, 2.6457512, 3.1622777, 4.0, 4.2426405, 4.8989797, 5.477226, 5.656854, 7.0]","[0.5, 0.5, 0.5, 0.5, 1.0, 1.0, 1.0, 1.5, 2.0, 2.0, 2.5, 2.5, 2.5, 2.5, 3.0, 3.0, 3.0, 3.5, 3.5, 4.0, 4.5, 4.5]","[0.0, 0.0, 0.0, 0.0, 0.0, 0.0, 0.0, 0.0, 0.0, 1.0, 1.4142135, 1.7320508, 2.0, 2.0, 2.236068, 2.4494898, 3.0, 3.4641016, 3.4641016, 3.4641016, 4.2426405, 4.472136]","[-6.5, -5.0, -5.0, -4.5, -4.0, -3.5, -3.5, -3.5, -3.0, -3.0, -3.0, -3.0, -2.5, -2.5, -2.5, -2.0, -2.0, -2.0, -2.0, -2.0, -2.0, -1.5]","[0.5, 0.5, 0.5, 0.5, 1.0, 2.5]","[0.0, 0.0, 0.0, 0.0, 1.0, 2.0]","[-6.5, -4.0, -3.5, -3.5, -3.0, -2.0]","[1.0, 2.0, 3.0, 4.0, 4.0, 6.0]","[0.0, 0.0, 2.0, 2.6457512, 3.4641016, 5.656854]","[-5.0, -2.5, -2.0, -1.5, -1.0, 4.5]","[4.0, 5.0, 6.0]","[2.6457512, 4.0, 5.91608]","[-1.0, -0.5, 2.0]",3,1,2,0,1.5,0.0,1
46,2,1,1,"[0.5, 1.0, 1.0, 1.5, 1.5, 2.5, 2.5, 3.5, 4.0, 4.5]","[0.0, 0.0, 0.0, 0.0, 1.4142135, 1.4142135, 2.0, 2.0, 2.828427, 3.1622777]","[3.5, 4.5]","[0.0, 4.2426405]","[-3.5, -1.5]",[4.5],[4.2426405],[-3.5],[4.5],[0.0],[4.0],[4.5],[0.0],[4.0],0,1,0,0,0.0,0.0,1
71038,4,2,1,"[0.5, 1.0, 1.0, 1.0, 1.5, 2.0, 2.5, 4.0, 5.0, 7.5]","[0.0, 0.0, 1.0, 1.0, 1.0, 1.7320508, 2.4494898, 3.4641016, 4.8989797, 7.483315]","[2.0, 2.5, 3.0, 3.5]","[0.0, 2.0, 2.0, 3.1622777]","[-3.5, -3.5, -3.0, -3.0]","[2.0, 2.5]","[2.0, 2.0]","[-3.0, -3.0]","[1.0, 2.0]","[0.0, 1.7320508]","[-3.0, -2.0]",[4.5],[4.2426405],[4.0],1,0,1,0,1.0,0.0,0
2686,1,1,1,"[0.0, 0.5, 1.0, 1.5, 1.5, 1.5, 2.0, 2.0, 3.0, 6.5]","[0.0, 0.0, 0.0, 0.0, 1.0, 1.4142135, 1.4142135, 2.0, 2.0, 6.0]",[6.0],[5.91608],[-1.5],[6.0],[5.91608],[-1.5],[5.5],[4.8989797],[3.5],[5.5],[4.8989797],[3.5],0,1,0,0,0.0,0.0,0
5012,6,3,1,"[1.0, 1.0, 1.5, 1.5, 1.5, 2.0, 2.0, 3.0, 5.5, 6.0]","[0.0, 0.0, 1.0, 1.4142135, 1.4142135, 1.7320508, 2.0, 3.0, 5.477226, 6.0]","[1.0, 1.5, 2.0, 2.5, 3.0, 3.5]","[0.0, 0.0, 0.0, 0.0, 2.828427, 3.1622777]","[-5.0, -3.0, -1.5, -1.0, -1.0, -1.0]","[1.0, 3.0, 3.5]","[0.0, 2.828427, 3.1622777]","[-5.0, -1.0, -1.0]","[2.5, 4.0, 7.5]","[0.0, 0.0, 7.3484693]","[-1.5, -1.0, 3.0]",[2.5],[2.0],[0.5],2,0,1,0,2.0,0.0,0
911,13,4,1,"[0.0, 0.5, 2.0, 2.5, 3.0, 4.5, 5.0, 5.0, 7.0, 8.5]","[0.0, 0.0, 0.0, 2.236068, 2.4494898, 4.472136, 4.8989797, 5.0, 7.0, 8.485281]","[1.0, 1.0, 1.0, 2.0, 2.5, 3.0, 3.5, 3.5, 3.5, 4.0, 4.0, 4.5, 5.0]","[0.0, 0.0, 0.0, 1.7320508, 2.4494898, 2.6457512, 2.828427, 3.4641016, 3.4641016, 3.4641016, 3.8729835, 4.2426405, 4.582576]","[-5.0, -4.5, -4.0, -4.0, -4.0, -3.5, -3.0, -3.0, -2.5, -2.5, -2.0, -1.0, -1.0]","[1.0, 1.0, 2.0, 3.5]","[0.0, 0.0, 1.7320508, 3.4641016]","[-5.0, -4.5, -4.0, -1.0]","[1.0, 3.5, 6.0, 7.5]","[0.0, 3.4641016, 5.196152, 7.483315]","[-4.5, -1.0, 0.5, 1.0]",[5.0],[4.582576],[1.5],3,0,1,1,1.0,2.0,1
179,8,3,2,"[0.0, 0.5, 0.5, 1.0, 2.0, 2.0, 2.5, 3.5, 6.5, 8.5]","[0.0, 0.0, 0.0, 0.0, 0.0, 0.0, 0.0, 2.0, 6.3245554, 8.485281]","[1.0, 1.0, 2.0, 3.5, 3.5, 3.5, 4.0, 4.0]","[0.0, 0.0, 0.0, 0.0, 2.4494898, 2.6457512, 3.1622777, 3.4641016]","[-6.5, -4.5, -4.0, -3.0, -2.5, -2.0, -1.5, -1.0]","[1.0, 1.0, 3.5]","[0.0, 0.0, 3.1622777]","[-6.5, -4.0, -2.5]","[4.0, 4.0, 7.0]","[3.4641016, 3.4641016, 6.928203]","[-2.0, 1.5, 2.5]","[4.0, 8.5]","[3.4641016, 8.485281]","[1.5, 6.5]",1,1,1,0,1.0,0.0,1
444,1,1,1,"[0.5, 1.5, 1.5, 1.5, 1.5, 2.0, 3.5, 3.5, 5.0, 5.0]","[0.0, 0.0, 0.0, 0.0, 1.4142135, 1.4142135, 1.4142135, 3.0, 3.4641016, 4.8989797]",[1.5],[1.4142135],[-5.0],[1.5],[1.4142135],[-5.0],[8.5],[8.485281],[5.0],[8.5],[8.485281],[5.0],0,1,0,0,0.0,0.0,1
39008,2,1,1,"[0.0, 0.0, 1.5, 1.5, 2.0, 2.5, 2.5, 2.5, 3.5, 4.5]","[0.0, 0.0, 0.0, 1.4142135, 1.4142135, 2.0, 2.4494898, 2.4494898, 2.828427, 3.1622777]","[3.0, 4.0]","[0.0, 2.6457512]","[-2.5, -1.0]",[3.0],[0.0],[-2.5],[4.5],[2.828427],[3.0],[4.5],[2.828427],[3.0],0,1,0,0,0.0,0.0,0
56768,3,2,1,"[0.0, 0.5, 0.5, 2.0, 3.0, 3.0, 3.0, 4.5, 5.0, 6.0]","[0.0, 0.0, 0.0, 0.0, 2.236068, 2.236068, 2.828427, 3.0, 4.8989797, 5.196152]","[0.5, 1.0, 3.0]","[0.0, 0.0, 3.0]","[-4.5, -4.5, -3.5]","[0.5, 1.0]","[0.0, 0.0]","[-4.5, -4.5]","[7.0, 8.0]","[6.928203, 8.0]","[3.0, 5.5]",[4.5],[3.7416575],[4.0],1,0,1,0,1.0,0.0,0
37428,8,2,1,"[1.0, 1.0, 1.5, 1.5, 2.0, 2.5, 2.5, 3.5, 5.0, 9.0]","[0.0, 0.0, 0.0, 0.0, 0.0, 0.0, 0.0, 2.0, 4.8989797, 9.0]","[2.5, 2.5, 2.5, 3.0, 3.5, 4.0, 4.5, 4.5]","[0.0, 0.0, 2.236068, 2.4494898, 2.4494898, 3.7416575, 4.0, 4.2426405]","[-4.5, -4.0, -3.5, -3.5, -2.5, -2.0, -2.0, -1.5]","[2.5, 2.5]","[2.4494898, 2.4494898]","[-4.0, -3.5]","[0.5, 1.5]","[0.0, 1.4142135]","[-4.0, -3.0]",[3.0],[2.828427],[3.0],1,0,1,0,1.0,0.0,0
65,1,1,1,"[0.0, 0.0, 0.5, 0.5, 1.0, 1.5, 2.5, 5.0, 5.5, 5.5]","[0.0, 0.0, 0.0, 0.0, 0.0, 0.0, 1.4142135, 4.8989797, 4.8989797, 5.2915025]",[1.5],[0.0],[-3.0],[1.5],[0.0],[-3.0],[7.0],[6.708204],[1.0],[7.0],[6.708204],[1.0],0,1,0,0,0.0,0.0,1
679,6,4,2,"[0.0, 0.5, 1.5, 2.0, 2.5, 2.5, 3.0, 4.5, 5.0, 8.5]","[0.0, 0.0, 0.0, 0.0, 0.0, 2.4494898, 2.828427, 3.0, 4.472136, 8.485281]","[0.5, 2.0, 2.5, 3.5, 4.0, 4.5]","[0.0, 0.0, 0.0, 2.6457512, 2.828427, 3.1622777]","[-6.5, -3.0, -3.0, -2.5, -2.0, -1.5]","[0.5, 2.0, 2.5, 3.5]","[0.0, 0.0, 0.0, 3.1622777]","[-6.5, -3.0, -2.5, -2.0]","[5.0, 6.0, 7.0, 8.5]","[3.0, 5.656854, 7.0, 8.485281]","[1.5, 2.5, 2.5, 5.5]","[4.0, 4.5]","[2.828427, 3.4641016]","[1.5, 3.5]",2,0,2,0,1.0,0.0,1
13311,4,3,2,"[0.5, 0.5, 0.5, 1.5, 2.0, 3.0, 3.5, 3.5, 3.5, 7.5]","[0.0, 0.0, 0.0, 0.0, 1.4142135, 2.236068, 2.4494898, 3.4641016, 3.4641016, 7.3484693]","[1.5, 3.0, 3.0, 3.5]","[0.0, 1.4142135, 2.828427, 3.0]","[-4.0, -3.0, -2.0, -1.5]","[1.5, 3.0, 3.0]","[1.4142135, 2.828427, 3.0]","[-4.0, -3.0, -2.0]","[2.0, 4.5, 5.0]","[0.0, 1.7320508, 3.0]","[-2.5, 1.5, 2.0]","[4.5, 8.5]","[0.0, 8.485281]","[2.0, 8.0]",1,1,1,0,1.0,0.0,0
66049,6,2,2,"[0.0, 1.0, 1.5, 2.0, 2.5, 2.5, 3.5, 3.5, 3.5, 4.5]","[0.0, 0.0, 0.0, 0.0, 0.0, 0.0, 0.0, 0.0, 2.0, 2.828427]","[0.5, 2.5, 3.0, 3.0, 4.0, 5.5]","[0.0, 0.0, 2.4494898, 2.828427, 3.8729835, 5.477226]","[-6.5, -4.5, -3.5, -2.0, -2.0, -1.5]","[0.5, 3.0]","[0.0, 0.0]","[-6.5, -2.0]","[4.5, 7.0]","[3.7416575, 6.928203]","[3.0, 7.0]","[4.5, 7.0]","[3.7416575, 6.928203]","[3.0, 7.0]",0,2,0,0,0.0,0.0,0
739,2,1,1,"[0.0, 0.5, 1.0, 1.5, 1.5, 2.0, 2.0, 2.5, 3.5, 6.5]","[0.0, 0.0, 0.0, 0.0, 0.0, 0.0, 0.0, 1.0, 1.7320508, 6.0]","[3.5, 3.5]","[2.4494898, 3.4641016]","[-2.0, -1.5]",[3.5],[3.4641016],[-2.0],[2.5],[2.4494898],[-2.0],[2.5],[2.4494898],[-2.0],0,1,0,0,0.0,0.0,1
45081,7,2,2,"[0.0, 0.0, 1.0, 1.0, 1.5, 1.5, 1.5, 3.5, 6.0, 6.5]","[0.0, 0.0, 0.0, 0.0, 0.0, 1.0, 1.0, 1.4142135, 5.196152, 6.0]","[0.5, 2.0, 2.5, 3.5, 4.0, 4.0, 6.0]","[0.0, 0.0, 2.0, 2.4494898, 2.4494898, 2.6457512, 6.0]","[-6.0, -3.5, -2.5, -2.5, -2.0, -2.0, -2.0]","[0.5, 3.5]","[0.0, 2.4494898]","[-3.5, -2.0]","[5.0, 8.5]","[3.0, 8.485281]","[3.0, 8.0]","[5.0, 8.5]","[3.0, 8.485281]","[3.0, 8.0]",0,2,0,0,0.0,0.0,0
90875,6,3,2,"[0.5, 0.5, 1.0, 1.5, 1.5, 1.5, 2.5, 4.5, 5.0, 7.0]","[0.0, 0.0, 0.0, 1.0, 1.4142135, 1.4142135, 2.0, 2.828427, 3.0, 6.708204]","[0.5, 2.0, 2.0, 2.0, 2.5, 4.0]","[0.0, 0.0, 0.0, 0.0, 0.0, 1.7320508]","[-6.5, -4.5, -3.0, -2.5, -2.0, -1.0]","[0.5, 2.0, 4.0]","[0.0, 0.0, 0.0]","[-4.5, -2.0, -1.0]","[1.5, 7.0, 7.0]","[1.4142135, 6.708204, 7.0]","[-1.5, 2.5, 4.5]","[5.0, 7.0]","[5.0, 6.708204]","[4.5, 4.5]",1,1,1,0,1.0,0.0,0
83,3,2,1,"[0.0, 0.5, 1.0, 1.5, 1.5, 3.0, 3.0, 3.0, 3.5, 4.0]","[0.0, 0.0, 0.0, 0.0, 1.4142135, 2.236068, 2.236068, 2.828427, 3.1622777, 3.4641016]","[1.0, 1.5, 2.0]","[0.0, 0.0, 0.0]","[-2.5, -2.0, -1.0]","[1.0, 1.5]","[0.0, 0.0]","[-2.5, -1.0]","[3.0, 4.0]","[0.0, 2.236068]","[0.0, 0.5]",[5.0],[4.0],[1.5],1,0,1,0,1.0,0.0,1
71346,4,2,2,"[0.0, 0.0, 0.5, 0.5, 1.0, 3.0, 3.5, 4.5, 5.5, 5.5]","[0.0, 0.0, 0.0, 0.0, 0.0, 0.0, 0.0, 4.2426405, 4.472136, 5.477226]","[2.0, 2.5, 4.5, 5.0]","[1.7320508, 2.0, 2.828427, 5.0]","[-4.5, -3.0, -3.0, -2.5]","[2.0, 4.5]","[1.7320508, 2.828427]","[-4.5, -3.0]","[2.0, 6.5]","[1.7320508, 6.3245554]","[-0.5, 5.5]","[2.0, 6.5]","[1.7320508, 6.3245554]","[-0.5, 5.5]",0,2,0,0,0.0,0.0,0
618,1,1,1,"[0.0, 0.0, 0.5, 0.5, 1.0, 1.5, 2.0, 4.0, 4.5, 6.0]","[0.0, 0.0, 0.0, 0.0, 0.0, 1.4142135, 2.0, 3.7416575, 3.8729835, 5.656854]",[2.0],[1.7320508],[-3.0],[2.0],[1.7320508],[-3.0],[4.0],[3.4641016],[2.0],[4.0],[3.4641016],[2.0],0,1,0,0,0.0,0.0,1
37,8,4,3,"[1.0, 1.5, 1.5, 2.0, 3.5, 4.0, 4.0, 4.0, 4.0, 6.5]","[0.0, 0.0, 0.0, 1.0, 1.4142135, 1.7320508, 3.4641016, 3.4641016, 3.4641016, 6.0]","[0.5, 1.5, 1.5, 2.0, 2.0, 2.0, 3.0, 3.0]","[0.0, 0.0, 0.0, 0.0, 0.0, 0.0, 1.4142135, 2.828427]","[-4.5, -3.0, -2.5, -2.5, -2.0, -1.5, -1.0, -1.0]","[0.5, 2.0, 2.0, 2.0]","[0.0, 0.0, 0.0, 0.0]","[-4.5, -2.5, -2.5, -1.5]","[3.0, 3.5, 5.0, 6.0]","[2.4494898, 3.0, 4.8989797, 5.656854]","[-2.0, 1.5, 2.0, 4.5]","[3.0, 3.5, 6.0]","[2.4494898, 3.0, 5.656854]","[-1.0, 1.5, 4.5]",1,2,1,0,1.0,0.0,1
67057,6,3,2,"[1.0, 1.0, 1.0, 1.0, 2.0, 2.0, 2.0, 2.0, 4.0, 4.5]","[0.0, 0.0, 0.0, 0.0, 0.0, 0.0, 0.0, 1.0, 1.7320508, 4.472136]","[1.0, 1.5, 2.0, 2.0, 2.5, 5.0]","[0.0, 0.0, 0.0, 1.0, 1.7320508, 4.8989797]","[-4.0, -3.0, -3.0, -3.0, -2.0, -1.5]","[1.0, 1.5, 2.0]","[0.0, 1.0, 1.7320508]","[-4.0, -3.0, -3.0]","[2.5, 4.5, 6.5]","[2.4494898, 4.472136, 6.4807405]","[0.0, 2.5, 6.5]","[6.5, 6.5]","[6.3245554, 6.4807405]","[6.5, 6.5]",1,1,1,0,1.0,0.0,0
44108,2,2,1,"[0.5, 0.5, 1.0, 1.0, 1.5, 1.5, 3.0, 3.5, 4.0, 4.5]","[0.0, 0.0, 0.0, 0.0, 0.0, 0.0, 1.0, 2.828427, 3.7416575, 4.0]","[0.5, 3.5]","[0.0, 3.1622777]","[-2.0, -1.0]","[0.5, 3.5]","[0.0, 3.1622777]","[-2.0, -1.0]","[4.0, 5.5]","[4.0, 4.8989797]","[0.5, 3.5]",[4.0],[0.0],[3.0],1,0,1,0,1.0,0.0,0
250,4,2,0,"[1.0, 1.0, 2.0, 2.0, 2.5, 2.5, 2.5, 4.0, 5.5, 8.0]","[0.0, 1.0, 1.0, 1.7320508, 2.0, 2.0, 2.4494898, 4.0, 5.477226, 7.937254]","[2.0, 2.5, 3.5, 5.0]","[2.0, 2.0, 3.1622777, 4.8989797]","[-3.5, -3.0, -2.5, -2.0]","[2.5, 5.0]","[2.0, 4.8989797]","[-3.5, -2.5]","[2.5, 5.0]","[2.0, 4.8989797]","[-3.5, -2.5]",[],[],[],2,0,0,1,0.0,2.0,1
50744,4,2,1,"[0.0, 0.5, 1.0, 1.0, 1.5, 1.5, 2.5, 3.0, 5.0, 8.0]","[0.0, 0.0, 0.0, 0.0, 0.0, 0.0, 0.0, 2.4494898, 4.0, 8.0]","[0.5, 1.5, 2.5, 4.0]","[0.0, 0.0, 0.0, 4.0]","[-4.5, -4.0, -3.5, -3.0]","[0.5, 2.5]","[0.0, 0.0]","[-4.5, -3.0]","[0.5, 1.5]","[0.0, 1.4142135]","[-3.5, -2.5]",[3.5],[3.1622777],[3.5],1,0,1,0,1.0,0.0,0
864,6,2,2,"[0.0, 0.0, 0.5, 1.5, 2.5, 2.5, 5.0, 6.0, 6.0, 8.0]","[0.0, 0.0, 0.0, 0.0, 1.4142135, 2.0, 5.0, 5.656854, 5.91608, 7.937254]","[2.5, 2.5, 3.0, 3.5, 4.5, 5.5]","[2.0, 2.0, 3.0, 3.1622777, 4.2426405, 5.2915025]","[-5.5, -5.5, -4.0, -3.0, -1.5, -1.0]","[3.0, 4.5]","[3.0, 4.2426405]","[-5.5, -1.5]","[4.5, 5.0]","[2.828427, 4.8989797]","[-1.0, 0.0]","[4.5, 5.0]","[2.828427, 4.8989797]","[-1.0, 0.0]",0,2,0,0,0.0,0.0,1
62088,1,1,1,"[0.0, 0.5, 1.0, 1.5, 2.0, 2.0, 3.0, 3.5, 4.5, 4.5]","[0.0, 0.0, 0.0, 0.0, 0.0, 1.7320508, 2.0, 2.828427, 3.7416575, 4.2426405]",[2.5],[0.0],[-2.5],[2.5],[0.0],[-2.5],[4.5],[2.828427],[3.5],[4.5],[2.828427],[3.5],0,1,0,0,0.0,0.0,0
269,4,3,2,"[0.0, 0.5, 1.5, 2.0, 2.0, 2.5, 2.5, 3.5, 6.0, 8.0]","[0.0, 0.0, 0.0, 0.0, 2.0, 2.0, 2.4494898, 3.4641016, 5.196152, 7.937254]","[1.5, 3.5, 3.5, 6.5]","[0.0, 1.4142135, 3.1622777, 6.3245554]","[-3.5, -2.5, -2.5, -1.5]","[1.5, 3.5, 3.5]","[0.0, 1.4142135, 3.1622777]","[-3.5, -2.5, -2.5]","[5.5, 5.5, 6.0]","[4.8989797, 5.477226, 5.656854]","[0.0, 1.5, 3.0]","[5.5, 9.0]","[5.477226, 9.0]","[3.0, 7.0]",1,1,1,0,1.0,0.0,1
35392,1,1,1,"[0.5, 1.5, 1.5, 1.5, 1.5, 2.0, 2.0, 2.5, 4.0, 4.5]","[0.0, 0.0, 0.0, 0.0, 0.0, 1.4142135, 1.4142135, 1.7320508, 2.0, 3.8729835]",[1.5],[0.0],[-4.5],[1.5],[0.0],[-4.5],[8.5],[8.485281],[6.0],[8.5],[8.485281],[6.0],0,1,0,0,0.0,0.0,0
83814,2,2,1,"[1.0, 1.0, 1.5, 1.5, 1.5, 2.0, 2.5, 3.0, 4.5, 8.0]","[0.0, 0.0, 0.0, 0.0, 0.0, 1.4142135, 1.4142135, 3.0, 4.2426405, 8.0]","[4.5, 5.0]","[4.2426405, 4.8989797]","[-1.5, -1.5]","[4.5, 5.0]","[4.2426405, 4.8989797]","[-1.5, -1.5]","[5.0, 5.5]","[5.0, 5.2915025]","[1.0, 1.5]",[5.5],[4.8989797],[5.5],1,0,1,0,1.0,0.0,0
93382,3,2,2,"[0.0, 0.5, 1.5, 2.0, 2.0, 2.0, 2.0, 2.5, 2.5, 4.5]","[0.0, 0.0, 0.0, 0.0, 0.0, 0.0, 1.4142135, 1.7320508, 2.0, 2.828427]","[1.0, 2.0, 2.5]","[0.0, 1.0, 2.0]","[-4.0, -2.5, -2.5]","[1.0, 2.5]","[1.0, 2.0]","[-4.0, -2.5]","[6.5, 7.5]","[6.4807405, 7.3484693]","[6.0, 7.0]","[6.5, 7.5]","[6.4807405, 7.3484693]","[6.0, 7.0]",0,2,0,0,0.0,0.0,0
94685,2,2,2,"[0.0, 0.0, 0.5, 1.0, 2.0, 2.0, 3.0, 4.0, 5.0, 8.0]","[0.0, 0.0, 0.0, 0.0, 0.0, 2.0, 2.828427, 3.4641016, 4.582576, 7.937254]","[1.5, 4.0]","[0.0, 2.6457512]","[-2.5, -1.5]","[1.5, 4.0]","[0.0, 2.6457512]","[-2.5, -1.5]","[4.0, 5.0]","[2.6457512, 4.582576]","[0.5, 4.0]","[4.0, 5.0]","[2.6457512, 4.582576]","[0.5, 4.0]",0,2,0,0,0.0,0.0,0
27631,7,4,1,"[0.5, 1.0, 1.0, 1.0, 2.0, 2.0, 2.5, 3.5, 5.5, 7.0]","[0.0, 0.0, 0.0, 0.0, 1.7320508, 2.0, 2.0, 2.4494898, 5.2915025, 7.0]","[1.0, 1.5, 3.0, 3.0, 3.5, 5.0, 5.5]","[0.0, 0.0, 1.0, 2.828427, 3.4641016, 5.0, 5.477226]","[-3.5, -3.0, -2.5, -2.0, -2.0, -1.0, -1.0]","[1.0, 1.5, 3.0, 5.5]","[0.0, 1.0, 2.828427, 5.477226]","[-3.5, -2.0, -1.0, -1.0]","[1.5, 3.5, 4.0, 4.5]","[0.0, 1.4142135, 3.4641016, 3.8729835]","[-3.0, -0.5, 0.0, 0.5]",[5.5],[4.2426405],[5.0],3,0,1,0,3.0,0.0,0
117,1,1,1,"[0.0, 0.5, 1.0, 1.5, 1.5, 2.5, 2.5, 3.0, 4.5, 5.5]","[0.0, 0.0, 0.0, 0.0, 0.0, 1.0, 2.0, 2.4494898, 4.2426405, 4.2426405]",[5.0],[4.582576],[-2.5],[5.0],[4.582576],[-2.5],[6.0],[6.0],[5.0],[6.0],[6.0],[5.0],0,1,0,0,0.0,0.0,1
967,2,2,2,"[0.0, 0.0, 1.0, 1.0, 1.5, 2.0, 2.5, 3.0, 4.0, 5.0]","[0.0, 0.0, 0.0, 0.0, 0.0, 1.0, 1.7320508, 2.0, 3.0, 3.8729835]","[0.5, 3.0]","[0.0, 2.236068]","[-3.0, -1.5]","[0.5, 3.0]","[0.0, 2.236068]","[-3.0, -1.5]","[3.5, 4.5]","[3.1622777, 3.7416575]","[3.0, 4.0]","[3.5, 4.5]","[3.1622777, 3.7416575]","[3.0, 4.0]",0,2,0,0,0.0,0.0,1
684,3,1,1,"[0.0, 0.0, 0.5, 1.0, 1.5, 1.5, 3.0, 4.0, 4.5, 7.0]","[0.0, 0.0, 0.0, 0.0, 0.0, 0.0, 1.4142135, 2.236068, 4.0, 7.0]","[3.0, 3.5, 4.0]","[0.0, 2.828427, 3.8729835]","[-5.0, -2.5, -1.5]",[3.0],[2.828427],[-5.0],[7.5],[7.3484693],[4.0],[7.5],[7.3484693],[4.0],0,1,0,0,0.0,0.0,1
659,2,1,1,"[1.0, 1.5, 1.5, 1.5, 2.0, 2.0, 2.5, 3.0, 3.5, 7.5]","[0.0, 0.0, 0.0, 1.4142135, 1.4142135, 1.7320508, 2.0, 2.236068, 3.1622777, 7.483315]","[2.0, 5.0]","[1.7320508, 4.582576]","[-3.5, -1.0]",[2.0],[1.7320508],[-3.5],[4.0],[3.4641016],[0.0],[4.0],[3.4641016],[0.0],0,1,0,0,0.0,0.0,1
89266,3,2,1,"[0.5, 1.0, 1.0, 1.0, 1.5, 2.0, 2.5, 3.5, 4.0, 6.0]","[0.0, 0.0, 0.0, 0.0, 0.0, 1.0, 1.7320508, 2.4494898, 3.4641016, 5.196152]","[1.0, 3.0, 4.0]","[0.0, 0.0, 1.0]","[-4.5, -1.5, -1.0]","[1.0, 3.0]","[0.0, 1.0]","[-4.5, -1.5]","[3.0, 5.5]","[2.828427, 4.8989797]","[-1.5, 3.5]",[4.0],[2.6457512],[3.5],1,0,1,0,1.0,0.0,0
4238,5,2,1,"[0.0, 1.0, 1.0, 1.5, 1.5, 1.5, 2.5, 5.0, 6.0, 6.0]","[0.0, 0.0, 1.0, 1.0, 1.4142135, 1.4142135, 1.4142135, 4.582576, 5.196152, 6.0]","[0.5, 1.5, 2.0, 3.0, 4.5]","[0.0, 0.0, 1.4142135, 2.0, 4.472136]","[-6.0, -5.0, -2.5, -2.0, -1.5]","[0.5, 2.0]","[0.0, 2.0]","[-5.0, -2.5]","[1.5, 6.5]","[1.4142135, 6.0]","[-6.0, 3.5]",[5.5],[5.477226],[1.0],1,0,1,0,1.0,0.0,0
17373,4,2,2,"[0.0, 0.0, 1.0, 1.0, 2.0, 2.0, 4.0, 4.5, 6.0, 7.0]","[0.0, 0.0, 0.0, 0.0, 1.0, 1.0, 2.828427, 3.8729835, 5.656854, 6.708204]","[2.0, 2.0, 4.0, 4.0]","[0.0, 0.0, 0.0, 2.6457512]","[-3.0, -2.5, -2.5, -1.5]","[2.0, 2.0]","[0.0, 0.0]","[-3.0, -2.5]","[4.5, 5.0]","[0.0, 4.0]","[-2.0, 2.5]","[4.5, 5.0]","[0.0, 4.0]","[-2.0, 2.5]",0,2,0,0,0.0,0.0,0
263,4,2,1,"[0.0, 0.5, 0.5, 0.5, 0.5, 1.0, 2.0, 4.0, 6.5, 8.0]","[0.0, 0.0, 0.0, 0.0, 0.0, 0.0, 0.0, 1.7320508, 6.3245554, 7.937254]","[1.5, 3.5, 3.5, 4.0]","[0.0, 3.4641016, 3.4641016, 3.4641016]","[-5.0, -4.0, -4.0, -2.5]","[1.5, 3.5]","[0.0, 3.4641016]","[-5.0, -2.5]","[4.5, 6.5]","[2.828427, 6.4807405]","[0.0, 0.5]",[7.5],[7.3484693],[5.0],1,0,1,0,1.0,0.0,1
52988,4,2,1,"[0.0, 0.5, 1.0, 1.0, 1.5, 2.0, 2.5, 3.0, 4.0, 6.0]","[0.0, 0.0, 0.0, 0.0, 1.0, 1.0, 2.0, 2.6457512, 2.828427, 5.656854]","[1.0, 1.5, 2.0, 2.5]","[0.0, 0.0, 0.0, 1.4142135]","[-6.0, -4.0, -3.0, -1.5]","[1.0, 1.5]","[0.0, 1.4142135]","[-6.0, -1.5]","[3.5, 6.5]","[0.0, 6.4807405]","[1.0, 2.5]",[8.0],[7.937254],[7.5],1,0,1,0,1.0,0.0,0
321,16,4,1,"[0.5, 2.0, 2.5, 3.0, 4.0, 4.0, 4.0, 5.0, 6.0, 6.5]","[0.0, 0.0, 2.0, 2.6457512, 3.0, 3.8729835, 3.8729835, 4.0, 6.0, 6.3245554]","[0.0, 0.5, 1.0, 1.0, 1.0, 1.5, 1.5, 1.5, 1.5, 2.0, 2.0, 2.5, 3.0, 3.5, 4.0, 5.0]","[0.0, 0.0, 0.0, 0.0, 0.0, 0.0, 0.0, 1.0, 1.4142135, 1.4142135, 1.4142135, 2.4494898, 2.4494898, 2.828427, 3.4641016, 4.582576]","[-6.0, -5.5, -5.5, -4.5, -4.5, -4.0, -3.5, -3.0, -3.0, -3.0, -3.0, -2.5, -2.5, -2.5, -2.0, -1.0]","[0.0, 1.0, 1.5, 2.0]","[0.0, 0.0, 0.0, 1.4142135]","[-5.5, -5.5, -3.0, -1.0]","[1.0, 2.0, 2.5, 4.0]","[0.0, 0.0, 0.0, 2.0]","[-5.5, -3.0, -2.0, 0.5]",[5.0],[5.0],[1.0],3,0,1,1,1.0,2.0,1
304,1,1,1,"[0.0, 0.0, 0.5, 0.5, 1.0, 1.5, 2.5, 2.5, 3.5, 4.0]","[0.0, 0.0, 0.0, 0.0, 0.0, 1.0, 1.4142135, 2.4494898, 2.4494898, 3.1622777]",[2.5],[2.0],[-2.5],[2.5],[2.0],[-2.5],[2.5],[2.4494898],[2.0],[2.5],[2.4494898],[2.0],0,1,0,0,0.0,0.0,1
376,4,2,1,"[0.0, 1.0, 1.0, 2.0, 2.0, 2.0, 2.5, 3.0, 7.5, 7.5]","[0.0, 0.0, 0.0, 0.0, 0.0, 1.7320508, 2.0, 2.0, 7.3484693, 7.3484693]","[2.0, 4.0, 4.0, 5.0]","[0.0, 0.0, 1.7320508, 5.0]","[-5.5, -2.5, -1.5, -1.0]","[2.0, 4.0]","[0.0, 1.7320508]","[-5.5, -1.5]","[4.5, 6.0]","[0.0, 5.196152]","[-3.0, 3.0]",[3.5],[2.4494898],[0.5],1,0,1,0,1.0,0.0,1
73763,3,3,2,"[1.0, 1.5, 1.5, 1.5, 2.0, 2.0, 2.5, 3.0, 4.0, 4.5]","[0.0, 0.0, 0.0, 0.0, 0.0, 1.4142135, 2.0, 2.236068, 3.4641016, 3.7416575]","[1.5, 2.5, 3.5]","[1.4142135, 2.4494898, 3.1622777]","[-3.0, -1.5, -1.5]","[1.5, 2.5, 3.5]","[1.4142135, 2.4494898, 3.1622777]","[-3.0, -1.5, -1.5]","[0.5, 0.5, 4.5]","[0.0, 0.0, 4.2426405]","[-3.0, -0.5, 3.0]","[4.5, 7.0]","[4.2426405, 6.708204]","[3.0, 7.0]",1,1,1,0,1.0,0.0,0
346,18,7,1,"[1.0, 1.0, 2.5, 3.5, 4.5, 5.0, 5.0, 5.5, 6.0, 6.5]","[1.0, 1.0, 2.4494898, 3.1622777, 3.7416575, 4.0, 4.0, 5.2915025, 6.0, 6.3245554]","[0.0, 0.5, 0.5, 0.5, 0.5, 1.0, 1.0, 1.5, 1.5, 1.5, 2.0, 2.0, 3.0, 3.0, 3.5, 4.0, 4.5, 6.0]","[0.0, 0.0, 0.0, 0.0, 0.0, 0.0, 0.0, 0.0, 0.0, 1.0, 1.4142135, 2.0, 2.0, 2.236068, 2.6457512, 3.1622777, 4.472136, 5.91608]","[-6.5, -5.5, -5.5, -5.0, -4.5, -4.5, -4.0, -4.0, -3.5, -3.0, -3.0, -3.0, -3.0, -2.5, -2.5, -2.0, -1.5, -1.0]","[0.0, 0.5, 0.5, 0.5, 1.0, 1.5, 3.0]","[0.0, 0.0, 0.0, 0.0, 0.0, 0.0, 1.4142135]","[-5.5, -5.0, -4.5, -4.0, -3.5, -2.5, -1.0]","[0.0, 0.5, 3.0, 3.5, 4.0, 4.5, 5.5]","[0.0, 0.0, 0.0, 0.0, 0.0, 4.472136, 5.477226]","[-4.5, -3.0, -2.0, -1.0, -1.0, -0.5, 2.5]",[1.5],[0.0],[-2.5],6,0,1,2,1.0,2.5,1
384,7,2,2,"[0.0, 1.0, 1.0, 2.0, 2.5, 3.5, 3.5, 4.0, 4.5, 5.0]","[0.0, 0.0, 0.0, 0.0, 1.7320508, 2.4494898, 2.4494898, 3.0, 3.4641016, 4.472136]","[2.5, 2.5, 2.5, 3.0, 3.0, 3.5, 4.5]","[0.0, 0.0, 0.0, 2.0, 2.4494898, 2.828427, 2.828427]","[-4.5, -3.0, -3.0, -2.5, -2.5, -2.0, -1.5]","[2.5, 3.0]","[2.0, 2.828427]","[-4.5, -2.0]","[2.5, 7.0]","[2.4494898, 6.928203]","[1.5, 7.0]","[2.5, 7.0]","[2.4494898, 6.928203]","[1.5, 7.0]",0,2,0,0,0.0,0.0,0
199,2,2,1,"[0.0, 0.5, 1.0, 1.5, 1.5, 2.0, 3.0, 3.0, 5.0, 7.0]","[0.0, 0.0, 0.0, 0.0, 0.0, 0.0, 0.0, 1.4142135, 4.8989797, 7.0]","[2.0, 2.5]","[0.0, 0.0]","[-4.5, -2.0]","[2.0, 2.5]","[0.0, 0.0]","[-4.5, -2.0]","[6.0, 8.0]","[5.196152, 7.937254]","[2.0, 2.5]",[5.0],[4.0],[2.5],1,0,1,0,1.0,0.0,0
85275,5,3,2,"[0.0, 1.0, 1.0, 2.0, 2.0, 2.5, 3.5, 3.5, 4.5, 6.0]","[0.0, 0.0, 0.0, 0.0, 0.0, 1.0, 2.4494898, 3.4641016, 4.2426405, 5.91608]","[2.5, 3.0, 3.0, 3.5, 3.5]","[2.0, 2.4494898, 2.828427, 3.0, 3.1622777]","[-3.0, -2.5, -2.0, -1.5, -1.0]","[3.0, 3.5, 3.5]","[2.4494898, 2.828427, 3.1622777]","[-2.5, -2.0, -1.0]","[1.5, 3.0, 3.5]","[1.4142135, 2.4494898, 3.0]","[-2.0, -1.5, 1.0]","[3.5, 6.0]","[2.4494898, 5.196152]","[1.0, 4.0]",1,1,1,0,1.0,0.0,0
556,20,5,2,"[1.0, 1.5, 3.0, 3.0, 5.0, 5.0, 5.5, 5.5, 6.0, 6.5]","[0.0, 1.0, 2.828427, 3.0, 4.0, 4.8989797, 5.2915025, 5.477226, 5.656854, 6.3245554]","[0.5, 0.5, 0.5, 1.0, 1.0, 1.0, 1.0, 1.5, 2.0, 2.0, 2.0, 2.5, 2.5, 2.5, 3.0, 3.5, 4.0, 4.0, 5.0, 6.5]","[0.0, 0.0, 0.0, 0.0, 0.0, 0.0, 0.0, 0.0, 1.0, 1.4142135, 1.7320508, 2.0, 2.4494898, 2.4494898, 2.828427, 3.4641016, 3.4641016, 3.8729835, 4.582576, 6.4807405]","[-7.0, -6.0, -5.5, -5.0, -4.0, -4.0, -3.5, -3.5, -3.5, -3.0, -3.0, -3.0, -2.5, -2.5, -2.0, -2.0, -2.0, -1.5, -1.5, -1.0]","[0.5, 0.5, 0.5, 1.0, 1.0]","[0.0, 0.0, 0.0, 0.0, 1.0]","[-7.0, -5.5, -4.0, -3.0, -2.5]","[2.5, 3.0, 4.5, 6.0, 7.0]","[2.236068, 2.4494898, 2.828427, 5.91608, 6.708204]","[-4.0, -0.5, 0.5, 2.0, 3.0]","[2.0, 5.0]","[0.0, 4.582576]","[0.5, 0.5]",3,0,2,0,1.5,0.0,1
843,2,2,2,"[0.5, 1.5, 1.5, 2.0, 2.0, 2.0, 3.0, 3.0, 3.5, 4.5]","[0.0, 0.0, 0.0, 1.4142135, 1.7320508, 1.7320508, 2.0, 2.236068, 3.4641016, 4.472136]","[1.5, 2.5]","[1.4142135, 2.0]","[-2.0, -1.0]","[1.5, 2.5]","[1.4142135, 2.0]","[-2.0, -1.0]","[4.5, 6.0]","[2.828427, 5.196152]","[1.5, 3.5]","[4.5, 6.0]","[2.828427, 5.196152]","[1.5, 3.5]",0,2,0,0,0.0,0.0,1
18888,2,2,1,"[0.0, 0.5, 1.0, 1.5, 2.0, 2.5, 3.0, 3.5, 3.5, 5.5]","[0.0, 0.0, 0.0, 0.0, 0.0, 0.0, 1.0, 1.7320508, 3.4641016, 5.2915025]","[1.5, 3.0]","[0.0, 0.0]","[-2.5, -1.0]","[1.5, 3.0]","[0.0, 0.0]","[-2.5, -1.0]","[4.0, 6.5]","[0.0, 6.3245554]","[-1.0, 4.0]",[4.5],[3.7416575],[2.5],1,0,1,0,1.0,0.0,0
896,2,1,1,"[0.0, 0.5, 1.0, 1.5, 1.5, 2.0, 2.5, 2.5, 2.5, 3.5]","[0.0, 0.0, 0.0, 0.0, 0.0, 0.0, 1.4142135, 2.0, 2.4494898, 3.1622777]","[1.5, 2.0]","[0.0, 2.0]","[-2.0, -2.0]",[2.0],[2.0],[-2.0],[2.0],[1.7320508],[1.0],[2.0],[1.7320508],[1.0],0,1,0,0,0.0,0.0,1
99919,2,1,1,"[0.5, 0.5, 1.0, 1.0, 1.0, 1.5, 2.0, 2.0, 2.5, 4.5]","[0.0, 0.0, 0.0, 1.0, 1.0, 1.0, 1.4142135, 1.7320508, 1.7320508, 3.7416575]","[2.0, 4.0]","[0.0, 3.8729835]","[-2.0, -2.0]",[2.0],[0.0],[-2.0],[3.5],[3.4641016],[2.0],[3.5],[3.4641016],[2.0],0,1,0,0,0.0,0.0,0
1006,1,1,1,"[0.0, 0.0, 0.5, 1.5, 1.5, 1.5, 2.0, 2.5, 4.0, 6.0]","[0.0, 0.0, 0.0, 0.0, 0.0, 0.0, 1.7320508, 2.4494898, 2.6457512, 5.196152]",[3.0],[2.828427],[-2.0],[3.0],[2.828427],[-2.0],[2.5],[2.4494898],[-2.5],[2.5],[2.4494898],[-2.5],0,1,0,0,0.0,0.0,1
828,37,5,4,"[2.5, 4.5, 5.0, 5.0, 5.5, 5.5, 5.5, 5.5, 7.5, 8.0]","[0.0, 2.828427, 4.0, 4.2426405, 4.582576, 4.8989797, 4.8989797, 5.477226, 7.483315, 7.937254]","[0.0, 0.5, 0.5, 0.5, 1.5, 1.5, 2.0, 2.5, 2.5, 2.5, 2.5, 2.5, 2.5, 2.5, 3.0, 3.0, 3.0, 3.0, 3.5, 3.5, 3.5, 3.5, 3.5, 3.5, 4.0, 4.0, 4.0, 4.0, 4.0, 4.0, 4.0, 4.5, 4.5, 5.0, 5.0, 5.0, 6.5]","[0.0, 0.0, 0.0, 0.0, 0.0, 0.0, 0.0, 0.0, 0.0, 0.0, 1.4142135, 1.4142135, 2.0, 2.0, 2.0, 2.0, 2.236068, 2.4494898, 2.4494898, 2.4494898, 2.6457512, 2.6457512, 2.828427, 3.0, 3.1622777, 3.4641016, 3.4641016, 3.4641016, 3.7416575, 3.8729835, 3.8729835, 4.0, 4.0, 4.472136, 4.582576, 4.8989797, 6.4807405]","[-8.0, -7.5, -5.5, -5.5, -5.5, -5.0, -5.0, -4.5, -4.5, -4.5, -4.5, -4.5, -4.5, -4.0, -4.0, -4.0, -4.0, -4.0, -4.0, -4.0, -3.5, -3.5, -3.5, -3.5, -3.0, -3.0, -3.0, -3.0, -2.5, -2.5, -2.5, -2.5, -2.5, -2.0, -1.5, -1.0, -1.0]","[0.0, 0.5, 0.5, 2.5, 3.5]","[0.0, 0.0, 0.0, 0.0, 0.0]","[-8.0, -4.0, -3.5, -3.0, -2.5]","[1.5, 2.5, 2.5, 3.5, 6.5]","[1.4142135, 2.0, 2.4494898, 2.4494898, 6.4807405]","[-5.5, -5.0, -3.5, 1.0, 5.5]","[2.5, 2.5, 3.5, 5.0]","[2.0, 2.4494898, 2.4494898, 4.582576]","[-5.5, -3.5, 1.0, 2.5]",1,3,1,0,1.0,0.0,1
29,3,1,1,"[0.0, 0.5, 1.0, 1.5, 1.5, 2.0, 2.0, 2.5, 4.5, 5.0]","[0.0, 0.0, 0.0, 0.0, 0.0, 0.0, 1.7320508, 1.7320508, 2.4494898, 3.0]","[2.0, 3.0, 3.5]","[1.7320508, 2.828427, 3.1622777]","[-5.5, -4.0, -3.0]",[3.5],[3.1622777],[-5.5],[6.5],[6.4807405],[6.0],[6.5],[6.4807405],[6.0],0,1,0,0,0.0,0.0,1
83318,1,1,1,"[0.5, 1.0, 1.0, 1.0, 1.0, 1.0, 1.5, 3.0, 4.5, 5.0]","[0.0, 0.0, 0.0, 0.0, 0.0, 1.0, 1.0, 1.0, 1.4142135, 4.0]",[2.0],[0.0],[-2.5],[2.0],[0.0],[-2.5],[4.5],[4.2426405],[3.0],[4.5],[4.2426405],[3.0],0,1,0,0,0.0,0.0,0
334,3,2,0,"[0.0, 0.5, 1.0, 1.0, 1.5, 1.5, 2.5, 3.0, 6.0, 6.5]","[0.0, 0.0, 0.0, 0.0, 0.0, 0.0, 1.0, 2.0, 5.656854, 6.3245554]","[3.5, 4.0, 5.0]","[0.0, 4.0, 4.582576]","[-3.5, -2.5, -1.0]","[4.0, 5.0]","[4.0, 4.582576]","[-2.5, -1.0]","[4.0, 5.0]","[4.0, 4.582576]","[-2.5, -1.0]",[],[],[],2,0,0,1,0.0,2.0,1
920,1,1,1,"[0.0, 0.0, 0.5, 1.0, 1.5, 1.5, 2.0, 4.0, 4.5, 5.0]","[0.0, 0.0, 0.0, 0.0, 0.0, 0.0, 0.0, 1.4142135, 3.4641016, 4.8989797]",[4.0],[4.0],[-3.5],[4.0],[4.0],[-3.5],[6.0],[5.91608],[4.0],[6.0],[5.91608],[4.0],0,1,0,0,0.0,0.0,1
24,1,1,1,"[0.0, 0.0, 0.5, 0.5, 0.5, 1.5, 2.0, 3.5, 5.0, 6.0]","[0.0, 0.0, 0.0, 0.0, 0.0, 0.0, 0.0, 2.4494898, 5.0, 6.0]",[2.0],[0.0],[-1.0],[2.0],[0.0],[-1.0],[5.0],[4.582576],[2.5],[5.0],[4.582576],[2.5],0,1,0,0,0.0,0.0,1
539,2,2,2,"[0.0, 0.0, 0.0, 0.5, 1.5, 1.5, 3.5, 3.5, 4.0, 6.5]","[0.0, 0.0, 0.0, 0.0, 0.0, 0.0, 2.6457512, 3.4641016, 3.4641016, 6.3245554]","[1.5, 2.0]","[0.0, 1.7320508]","[-3.5, -2.5]","[1.5, 2.0]","[0.0, 1.7320508]","[-3.5, -2.5]","[4.0, 5.5]","[2.6457512, 4.2426405]","[1.5, 2.0]","[4.0, 5.5]","[2.6457512, 4.2426405]","[1.5, 2.0]",0,2,0,0,0.0,0.0,1
238,3,1,1,"[0.0, 0.5, 0.5, 1.0, 1.5, 1.5, 2.5, 4.5, 5.0, 5.0]","[0.0, 0.0, 0.0, 0.0, 1.4142135, 1.4142135, 2.0, 4.0, 4.2426405, 4.8989797]","[1.0, 3.0, 4.0]","[1.0, 3.0, 3.4641016]","[-6.0, -3.0, -2.0]",[1.0],[1.0],[-6.0],[7.0],[7.0],[4.0],[7.0],[7.0],[4.0],0,1,0,0,0.0,0.0,1
3,25,4,2,"[1.0, 1.5, 3.5, 4.5, 5.0, 5.0, 6.0, 7.0, 7.5, 7.5]","[0.0, 1.4142135, 3.1622777, 4.2426405, 4.582576, 4.582576, 5.91608, 6.708204, 7.3484693, 7.483315]","[0.0, 0.0, 0.5, 1.0, 1.0, 1.5, 1.5, 2.0, 2.5, 2.5, 2.5, 2.5, 3.0, 3.0, 3.5, 3.5, 3.5, 3.5, 4.0, 4.0, 4.0, 5.0, 5.0, 5.5, 6.0]","[0.0, 0.0, 0.0, 0.0, 0.0, 0.0, 0.0, 0.0, 1.0, 1.7320508, 2.0, 2.236068, 2.4494898, 2.4494898, 2.4494898, 2.4494898, 2.828427, 3.4641016, 3.4641016, 4.0, 4.0, 4.582576, 4.8989797, 5.477226, 5.91608]","[-7.5, -7.0, -6.5, -6.5, -6.0, -5.5, -4.0, -4.0, -4.0, -4.0, -3.5, -3.5, -3.5, -3.5, -3.5, -3.5, -3.0, -3.0, -2.5, -2.0, -2.0, -1.5, -1.5, -1.0, -1.0]","[0.0, 0.0, 0.5, 1.0]","[0.0, 0.0, 0.0, 1.0]","[-7.5, -6.5, -6.5, -1.5]","[2.5, 5.0, 5.5, 6.5]","[2.0, 4.8989797, 5.2915025, 6.4807405]","[-5.5, -3.5, 2.0, 2.5]","[5.5, 8.0]","[5.2915025, 8.0]","[2.0, 2.0]",2,1,1,0,2.0,0.0,1
86765,13,4,2,"[0.5, 1.5, 2.0, 2.0, 2.0, 2.5, 4.5, 5.0, 7.0, 7.5]","[0.0, 0.0, 0.0, 1.7320508, 2.0, 2.4494898, 3.7416575, 4.8989797, 6.708204, 7.483315]","[0.5, 1.0, 1.5, 2.0, 2.0, 2.0, 2.0, 2.5, 2.5, 3.0, 3.5, 3.5, 4.5]","[0.0, 0.0, 0.0, 0.0, 0.0, 1.0, 1.4142135, 2.0, 2.0, 2.236068, 2.4494898, 3.4641016, 4.472136]","[-5.5, -5.0, -4.0, -3.5, -3.5, -3.0, -3.0, -3.0, -2.5, -2.5, -2.5, -1.5, -1.0]","[0.5, 1.0, 1.5, 2.5]","[0.0, 0.0, 1.0, 1.4142135]","[-5.5, -5.0, -3.5, -2.5]","[0.5, 1.5, 3.0, 9.0]","[0.0, 1.4142135, 2.236068, 9.0]","[-5.0, -2.5, 0.0, 5.5]","[3.0, 9.0]","[2.236068, 9.0]","[0.0, 5.5]",2,2,0,1,0.0,2.0,0
588,2,2,1,"[0.5, 0.5, 0.5, 1.0, 1.0, 1.5, 2.0, 2.0, 5.0, 5.0]","[0.0, 0.0, 0.0, 0.0, 0.0, 0.0, 1.7320508, 2.0, 4.8989797, 5.0]","[0.5, 2.0]","[0.0, 2.0]","[-3.5, -2.0]","[0.5, 2.0]","[0.0, 2.0]","[-3.5, -2.0]","[2.5, 4.5]","[2.0, 2.828427]","[-2.0, 0.0]",[4.5],[0.0],[0.5],1,0,1,0,1.0,0.0,1
778,6,2,2,"[0.5, 0.5, 1.0, 1.0, 1.5, 2.0, 3.5, 3.5, 4.0, 6.0]","[0.0, 0.0, 0.0, 0.0, 0.0, 0.0, 1.4142135, 2.4494898, 2.6457512, 5.196152]","[2.5, 3.0, 3.0, 3.0, 3.5, 4.0]","[0.0, 0.0, 2.0, 2.236068, 3.1622777, 4.0]","[-4.0, -3.0, -2.5, -2.0, -1.5, -1.0]","[2.5, 3.5]","[2.0, 3.1622777]","[-3.0, -2.5]","[3.5, 7.0]","[0.0, 6.928203]","[-1.0, 6.0]","[3.5, 7.0]","[0.0, 6.928203]","[-1.0, 6.0]",0,2,0,0,0.0,0.0,1
14611,1,1,1,"[0.0, 0.5, 0.5, 1.5, 2.0, 3.0, 3.0, 3.5, 4.5, 5.0]","[0.0, 0.0, 0.0, 0.0, 0.0, 2.0, 3.0, 3.0, 3.0, 4.472136]",[5.0],[4.0],[-1.0],[5.0],[4.0],[-1.0],[2.5],[0.0],[0.5],[2.5],[0.0],[0.5],0,1,0,0,0.0,0.0,0
20355,1,1,1,"[0.0, 0.5, 0.5, 1.5, 1.5, 2.0, 2.5, 3.0, 3.5, 4.0]","[0.0, 0.0, 0.0, 0.0, 0.0, 0.0, 0.0, 2.236068, 2.4494898, 2.6457512]",[2.0],[0.0],[-1.0],[2.0],[0.0],[-1.0],[7.5],[7.483315],[7.0],[7.5],[7.483315],[7.0],0,1,0,0,0.0,0.0,0
801,19,5,2,"[2.0, 2.0, 4.5, 4.5, 4.5, 5.0, 5.5, 5.5, 5.5, 6.0]","[0.0, 0.0, 1.7320508, 3.0, 3.7416575, 4.2426405, 4.472136, 4.8989797, 5.2915025, 6.0]","[0.0, 0.0, 0.0, 0.5, 1.0, 1.0, 1.0, 1.5, 2.0, 2.0, 2.0, 2.5, 3.0, 3.5, 4.5, 4.5, 5.0, 5.0, 7.0]","[0.0, 0.0, 0.0, 0.0, 0.0, 0.0, 1.0, 1.0, 1.4142135, 1.7320508, 1.7320508, 2.0, 2.4494898, 2.828427, 4.2426405, 4.472136, 4.8989797, 5.0, 6.928203]","[-6.5, -6.5, -6.0, -5.5, -5.5, -4.0, -4.0, -3.5, -3.5, -3.5, -3.0, -3.0, -2.5, -2.5, -2.5, -1.5, -1.5, -1.0, -1.0]","[0.0, 0.0, 0.0, 1.0, 1.0]","[0.0, 0.0, 0.0, 0.0, 1.0]","[-6.5, -6.0, -5.5, -3.5, -2.5]","[2.0, 4.5, 4.5, 5.0, 7.0]","[1.7320508, 4.472136, 4.472136, 4.582576, 6.708204]","[-4.0, -2.5, 0.5, 1.5, 6.0]","[5.0, 7.0]","[4.582576, 7.0]","[1.5, 2.5]",3,1,1,0,3.0,0.0,1
973,34,4,2,"[3.0, 3.5, 4.0, 4.5, 4.5, 5.5, 5.5, 7.5, 8.0, 8.5]","[0.0, 2.828427, 3.4641016, 3.8729835, 4.2426405, 4.8989797, 5.2915025, 7.3484693, 7.937254, 8.485281]","[0.0, 0.5, 0.5, 0.5, 1.0, 1.5, 1.5, 1.5, 1.5, 2.0, 2.0, 2.0, 2.0, 2.5, 3.0, 3.0, 3.0, 3.5, 3.5, 3.5, 4.0, 4.0, 4.0, 4.0, 4.0, 4.0, 4.0, 4.5, 4.5, 4.5, 4.5, 4.5, 4.5, 6.0]","[0.0, 0.0, 0.0, 0.0, 0.0, 0.0, 0.0, 0.0, 0.0, 0.0, 1.4142135, 1.4142135, 1.7320508, 1.7320508, 2.236068, 2.236068, 2.4494898, 2.4494898, 2.4494898, 2.6457512, 2.828427, 3.4641016, 3.4641016, 3.7416575, 3.7416575, 3.8729835, 3.8729835, 3.8729835, 3.8729835, 4.2426405, 4.2426405, 4.472136, 4.472136, 5.656854]","[-8.5, -6.5, -6.0, -6.0, -5.0, -5.0, -5.0, -4.5, -4.5, -4.5, -4.5, -4.5, -4.5, -4.5, -4.0, -4.0, -4.0, -4.0, -4.0, -3.5, -3.5, -3.5, -3.5, -3.0, -3.0, -3.0, -2.5, -2.5, -2.5, -2.5, -2.0, -2.0, -1.0, -1.0]","[0.0, 0.5, 0.5, 1.0]","[0.0, 0.0, 0.0, 0.0]","[-8.5, -6.5, -4.5, -4.5]","[1.5, 2.0, 3.0, 4.0]","[0.0, 0.0, 2.828427, 3.8729835]","[-6.0, -3.0, -2.5, -1.5]","[3.5, 4.0]","[0.0, 3.4641016]","[-1.0, 1.0]",2,0,2,0,1.0,0.0,1
730,28,6,3,"[2.0, 3.0, 4.5, 4.5, 5.0, 6.0, 6.0, 6.5, 7.0, 7.0]","[1.7320508, 2.828427, 4.0, 4.2426405, 4.472136, 5.656854, 6.0, 6.3245554, 6.928203, 6.928203]","[0.0, 0.5, 0.5, 0.5, 1.0, 1.0, 1.0, 1.5, 1.5, 1.5, 2.0, 2.0, 2.0, 2.0, 2.0, 2.0, 2.0, 2.5, 2.5, 2.5, 3.0, 3.0, 3.5, 3.5, 4.0, 4.5, 4.5, 4.5]","[0.0, 0.0, 0.0, 0.0, 0.0, 0.0, 0.0, 0.0, 0.0, 0.0, 0.0, 0.0, 0.0, 1.0, 1.0, 1.7320508, 1.7320508, 1.7320508, 1.7320508, 2.0, 2.0, 2.236068, 3.4641016, 3.4641016, 3.4641016, 3.7416575, 3.7416575, 4.472136]","[-7.0, -6.5, -5.5, -5.5, -5.0, -5.0, -4.5, -4.5, -4.0, -4.0, -3.5, -3.5, -3.5, -3.5, -3.5, -3.5, -3.5, -2.5, -2.5, -2.5, -2.5, -2.5, -2.5, -2.0, -1.5, -1.5, -1.5, -1.0]","[0.0, 0.5, 0.5, 1.5, 2.0, 2.5]","[0.0, 0.0, 0.0, 0.0, 0.0, 1.7320508]","[-6.5, -5.5, -5.0, -3.5, -3.5, -2.5]","[2.0, 3.0, 3.5, 6.0, 7.0, 9.0]","[1.7320508, 2.236068, 3.4641016, 5.196152, 6.708204, 9.0]","[-4.0, -3.5, -2.5, 0.0, 3.0, 4.0]","[0.5, 2.0, 6.0]","[0.0, 0.0, 5.196152]","[-5.0, -3.5, 4.0]",3,1,2,0,1.5,0.0,1
24950,3,2,1,"[0.5, 1.0, 1.5, 2.0, 2.0, 2.0, 3.5, 4.0, 4.5, 6.0]","[0.0, 0.0, 0.0, 0.0, 1.4142135, 1.7320508, 2.0, 2.6457512, 3.1622777, 5.656854]","[1.5, 2.5, 4.0]","[0.0, 1.4142135, 3.4641016]","[-5.0, -2.5, -1.5]","[1.5, 2.5]","[0.0, 1.4142135]","[-5.0, -2.5]","[4.5, 6.0]","[3.7416575, 5.196152]","[0.5, 3.5]",[4.5],[2.828427],[4.0],1,0,1,0,1.0,0.0,0
81607,2,2,2,"[0.0, 0.0, 0.5, 1.5, 1.5, 1.5, 2.5, 2.5, 3.5, 4.0]","[0.0, 0.0, 0.0, 0.0, 0.0, 0.0, 0.0, 1.4142135, 1.4142135, 3.8729835]","[1.0, 1.5]","[0.0, 1.4142135]","[-5.0, -2.5]","[1.0, 1.5]","[0.0, 1.4142135]","[-5.0, -2.5]","[4.0, 6.0]","[2.6457512, 5.656854]","[2.5, 6.0]","[4.0, 6.0]","[2.6457512, 5.656854]","[2.5, 6.0]",0,2,0,0,0.0,0.0,0
227,1,1,1,"[0.0, 0.0, 1.0, 1.5, 1.5, 2.0, 2.0, 2.0, 2.0, 5.5]","[0.0, 0.0, 0.0, 0.0, 0.0, 0.0, 1.7320508, 1.7320508, 1.7320508, 5.2915025]",[3.5],[2.4494898],[-1.5],[3.5],[2.4494898],[-1.5],[4.0],[3.8729835],[1.5],[4.0],[3.8729835],[1.5],0,1,0,0,0.0,0.0,1
433,30,6,3,"[2.5, 3.0, 4.0, 5.0, 5.0, 5.5, 6.0, 7.0, 7.0, 9.0]","[0.0, 2.0, 3.4641016, 4.8989797, 5.0, 5.0, 5.91608, 6.708204, 6.708204, 9.0]","[0.0, 0.0, 0.5, 0.5, 0.5, 1.0, 1.5, 2.0, 2.0, 2.0, 2.0, 2.0, 2.5, 3.0, 3.0, 3.0, 3.0, 3.0, 3.5, 3.5, 3.5, 3.5, 3.5, 3.5, 4.0, 4.0, 5.0, 5.0, 5.5, 6.5]","[0.0, 0.0, 0.0, 0.0, 0.0, 0.0, 0.0, 0.0, 0.0, 0.0, 1.4142135, 1.7320508, 2.0, 2.236068, 2.4494898, 2.4494898, 2.4494898, 2.828427, 2.828427, 2.828427, 2.828427, 3.1622777, 3.4641016, 3.4641016, 3.4641016, 3.8729835, 4.582576, 4.582576, 5.2915025, 6.3245554]","[-6.5, -5.5, -5.5, -5.5, -5.5, -5.0, -5.0, -5.0, -5.0, -4.5, -4.5, -4.0, -4.0, -4.0, -3.5, -3.5, -3.0, -3.0, -2.5, -2.5, -2.5, -2.5, -2.5, -2.0, -2.0, -2.0, -2.0, -1.5, -1.5, -1.0]","[0.0, 0.0, 0.5, 0.5, 1.0, 2.0]","[0.0, 0.0, 0.0, 0.0, 0.0, 1.7320508]","[-5.5, -5.5, -5.0, -5.0, -4.5, -4.0]","[3.5, 4.0, 4.5, 6.0, 6.5, 7.0]","[2.828427, 3.4641016, 3.8729835, 5.196152, 6.3245554, 6.928203]","[-2.5, -1.0, 0.0, 1.0, 1.5, 1.5]","[4.0, 4.5, 8.0]","[2.828427, 3.4641016, 7.937254]","[-3.0, 1.0, 3.5]",3,0,3,0,1.0,0.0,1
71015,5,2,1,"[0.5, 1.0, 1.0, 1.5, 2.0, 2.0, 3.0, 3.5, 3.5, 4.5]","[0.0, 0.0, 0.0, 0.0, 0.0, 2.0, 2.236068, 2.4494898, 3.1622777, 3.7416575]","[1.5, 1.5, 3.0, 3.5, 3.5]","[1.4142135, 1.4142135, 2.4494898, 2.828427, 3.4641016]","[-4.0, -2.5, -2.0, -2.0, -1.0]","[1.5, 1.5]","[1.4142135, 1.4142135]","[-4.0, -2.5]","[1.0, 3.5]","[0.0, 0.0]","[-3.0, 2.5]",[8.5],[8.485281],[8.0],1,0,1,0,1.0,0.0,0
330,2,1,1,"[0.0, 0.0, 0.0, 0.5, 1.5, 3.0, 3.0, 5.5, 6.0, 7.0]","[0.0, 0.0, 0.0, 0.0, 0.0, 2.236068, 2.828427, 4.8989797, 5.656854, 6.708204]","[1.5, 2.0]","[0.0, 2.0]","[-4.5, -3.0]",[2.0],[2.0],[-4.5],[5.0],[4.8989797],[-1.0],[5.0],[4.8989797],[-1.0],0,1,0,0,0.0,0.0,1
8400,2,2,2,"[1.0, 1.5, 2.0, 2.0, 2.5, 2.5, 2.5, 2.5, 2.5, 3.5]","[0.0, 0.0, 0.0, 0.0, 0.0, 0.0, 1.0, 2.0, 2.4494898, 3.1622777]","[1.5, 1.5]","[0.0, 1.4142135]","[-3.0, -2.5]","[1.5, 1.5]","[0.0, 1.4142135]","[-3.0, -2.5]","[1.0, 4.5]","[0.0, 2.828427]","[-0.5, 4.5]","[1.0, 4.5]","[0.0, 2.828427]","[-0.5, 4.5]",0,2,0,0,0.0,0.0,0
717,2,2,2,"[0.0, 0.5, 1.0, 1.0, 1.5, 2.5, 3.5, 4.0, 4.0, 4.5]","[0.0, 0.0, 0.0, 0.0, 1.0, 1.0, 2.0, 2.6457512, 3.4641016, 4.472136]","[2.5, 4.0]","[0.0, 3.8729835]","[-1.5, -1.5]","[2.5, 4.0]","[0.0, 3.8729835]","[-1.5, -1.5]","[2.5, 5.5]","[0.0, 5.477226]","[-0.5, 5.0]","[2.5, 5.5]","[0.0, 5.477226]","[-0.5, 5.0]",0,2,0,0,0.0,0.0,1
72543,5,3,1,"[0.5, 1.0, 1.5, 1.5, 2.0, 2.5, 2.5, 3.0, 4.5, 5.5]","[0.0, 0.0, 0.0, 0.0, 0.0, 2.0, 2.0, 2.828427, 3.7416575, 5.477226]","[0.5, 2.5, 3.0, 3.0, 3.5]","[0.0, 0.0, 2.236068, 3.0, 3.4641016]","[-3.5, -2.5, -2.0, -1.5, -1.0]","[0.5, 3.0, 3.5]","[0.0, 3.0, 3.4641016]","[-3.5, -2.5, -1.0]","[3.0, 4.5, 9.0]","[2.828427, 4.2426405, 9.0]","[0.0, 0.5, 5.5]",[7.5],[7.483315],[7.0],2,0,1,0,2.0,0.0,0
616,1,1,1,"[0.5, 0.5, 0.5, 1.0, 1.0, 2.0, 2.0, 2.5, 3.0, 8.0]","[0.0, 0.0, 0.0, 1.0, 1.0, 1.7320508, 2.0, 2.236068, 2.4494898, 7.937254]",[5.0],[4.8989797],[-2.0],[5.0],[4.8989797],[-2.0],[6.0],[6.0],[2.0],[6.0],[6.0],[2.0],0,1,0,0,0.0,0.0,1
93730,2,2,2,"[0.5, 0.5, 1.5, 1.5, 2.0, 2.0, 2.0, 3.0, 4.5, 6.5]","[0.0, 0.0, 0.0, 1.4142135, 1.7320508, 2.0, 2.0, 2.828427, 3.0, 6.4807405]","[2.0, 3.5]","[0.0, 2.0]","[-3.0, -1.5]","[2.0, 3.5]","[0.0, 2.0]","[-3.0, -1.5]","[6.0, 7.0]","[5.656854, 6.708204]","[2.5, 4.5]","[6.0, 7.0]","[5.656854, 6.708204]","[2.5, 4.5]",0,2,0,0,0.0,0.0,0
72,1,1,1,"[0.0, 0.0, 0.0, 0.5, 2.0, 2.5, 3.5, 4.0, 4.0, 6.0]","[0.0, 0.0, 0.0, 0.0, 0.0, 2.0, 2.0, 3.4641016, 3.8729835, 5.656854]",[6.5],[6.4807405],[-1.5],[6.5],[6.4807405],[-1.5],[6.0],[5.91608],[4.0],[6.0],[5.91608],[4.0],0,1,0,0,0.0,0.0,1
87153,5,2,1,"[1.0, 1.5, 2.0, 2.0, 2.0, 2.0, 2.5, 2.5, 3.5, 5.5]","[0.0, 0.0, 0.0, 1.4142135, 1.7320508, 2.0, 2.0, 2.0, 2.4494898, 4.8989797]","[1.0, 1.5, 3.0, 3.5, 3.5]","[0.0, 0.0, 1.4142135, 2.236068, 2.4494898]","[-4.0, -1.5, -1.5, -1.0, -1.0]","[1.0, 3.0]","[0.0, 2.236068]","[-4.0, -1.5]","[1.5, 2.5]","[0.0, 2.0]","[-2.0, -0.5]",[9.0],[9.0],[8.0],1,0,1,0,1.0,0.0,0
716,1,1,1,"[0.0, 0.5, 0.5, 1.0, 1.0, 1.5, 2.0, 3.0, 5.5, 5.5]","[0.0, 0.0, 0.0, 0.0, 0.0, 1.0, 1.4142135, 2.828427, 4.8989797, 5.477226]",[4.0],[3.8729835],[-3.0],[4.0],[3.8729835],[-3.0],[4.5],[4.472136],[0.5],[4.5],[4.472136],[0.5],0,1,0,0,0.0,0.0,1
731,3,1,1,"[0.0, 1.0, 1.0, 1.0, 3.0, 3.0, 3.5, 3.5, 3.5, 5.5]","[0.0, 0.0, 1.0, 1.0, 2.236068, 2.4494898, 2.828427, 3.1622777, 3.4641016, 5.2915025]","[2.0, 2.5, 4.5]","[0.0, 0.0, 4.472136]","[-4.5, -1.5, -1.0]",[2.0],[0.0],[-4.5],[3.0],[0.0],[0.5],[3.0],[0.0],[0.5],0,1,0,0,0.0,0.0,1
74948,4,2,1,"[0.5, 0.5, 0.5, 1.0, 1.5, 1.5, 2.0, 2.5, 6.0, 8.0]","[0.0, 0.0, 0.0, 0.0, 0.0, 0.0, 1.4142135, 1.7320508, 5.196152, 7.937254]","[1.0, 2.0, 3.5, 8.0]","[0.0, 0.0, 3.1622777, 8.0]","[-5.0, -4.0, -2.5, -1.0]","[1.0, 2.0]","[0.0, 0.0]","[-5.0, -4.0]","[0.5, 3.5]","[0.0, 2.4494898]","[-3.0, -1.5]",[6.5],[6.0],[6.0],1,0,1,0,1.0,0.0,0
65413,3,2,1,"[0.5, 0.5, 1.0, 1.5, 1.5, 1.5, 2.0, 2.5, 3.0, 8.5]","[0.0, 0.0, 0.0, 0.0, 0.0, 1.0, 1.4142135, 1.4142135, 2.828427, 8.485281]","[1.5, 3.5, 5.0]","[0.0, 1.4142135, 4.582576]","[-4.0, -2.0, -1.5]","[1.5, 3.5]","[0.0, 1.4142135]","[-4.0, -2.0]","[5.5, 5.5]","[4.2426405, 5.2915025]","[1.0, 1.0]",[8.5],[8.485281],[8.0],1,0,1,0,1.0,0.0,0
79819,3,2,1,"[0.5, 1.0, 1.5, 2.5, 2.5, 2.5, 3.0, 3.0, 3.0, 5.5]","[0.0, 0.0, 0.0, 1.0, 1.4142135, 2.0, 2.0, 2.236068, 2.236068, 4.8989797]","[2.0, 2.0, 4.5]","[1.7320508, 2.0, 4.2426405]","[-2.5, -2.0, -2.0]","[2.0, 4.5]","[1.7320508, 4.2426405]","[-2.5, -2.0]","[5.0, 6.0]","[5.0, 5.196152]","[1.0, 4.0]",[6.5],[6.4807405],[6.0],1,0,1,0,1.0,0.0,0
74968,4,3,2,"[0.0, 0.5, 0.5, 0.5, 1.0, 1.0, 3.5, 4.5, 5.0, 6.5]","[0.0, 0.0, 0.0, 0.0, 0.0, 0.0, 0.0, 3.7416575, 4.8989797, 6.0]","[2.0, 3.0, 4.0, 6.5]","[0.0, 1.7320508, 4.0, 6.4807405]","[-3.0, -2.0, -1.5, -1.0]","[2.0, 3.0, 4.0]","[0.0, 1.7320508, 4.0]","[-3.0, -2.0, -1.0]","[4.0, 7.5, 8.5]","[4.0, 7.483315, 8.485281]","[-0.5, 6.5, 6.5]","[3.0, 7.5]","[3.0, 7.483315]","[3.0, 6.5]",1,1,1,0,1.0,0.0,0
338,3,2,2,"[0.0, 0.0, 1.5, 2.0, 2.0, 2.0, 2.5, 2.5, 4.0, 8.0]","[0.0, 0.0, 0.0, 0.0, 1.4142135, 1.7320508, 2.4494898, 2.4494898, 3.8729835, 8.0]","[0.5, 1.0, 4.0]","[0.0, 0.0, 3.8729835]","[-5.5, -2.0, -2.0]","[0.5, 1.0]","[0.0, 0.0]","[-5.5, -2.0]","[5.0, 6.0]","[3.0, 5.656854]","[1.5, 2.0]","[5.0, 6.0]","[3.0, 5.656854]","[1.5, 2.0]",0,2,0,0,0.0,0.0,1
25,27,7,1,"[3.0, 3.0, 3.0, 3.5, 4.5, 5.0, 5.0, 6.0, 7.0, 7.0]","[2.236068, 3.0, 3.0, 3.0, 3.4641016, 3.7416575, 4.582576, 5.91608, 6.928203, 6.928203]","[0.0, 0.5, 0.5, 1.0, 1.0, 1.5, 1.5, 2.0, 2.0, 2.0, 2.0, 2.5, 2.5, 2.5, 3.0, 3.0, 3.0, 3.5, 3.5, 3.5, 4.0, 4.0, 4.0, 4.0, 5.0, 5.0, 5.5]","[0.0, 0.0, 0.0, 0.0, 0.0, 0.0, 0.0, 0.0, 0.0, 0.0, 1.4142135, 2.0, 2.0, 2.0, 2.236068, 2.4494898, 2.4494898, 2.6457512, 2.6457512, 3.0, 3.4641016, 3.4641016, 3.4641016, 3.8729835, 4.8989797, 5.0, 5.477226]","[-8.0, -6.0, -5.5, -5.5, -5.0, -5.0, -4.5, -4.5, -4.5, -3.5, -3.5, -3.0, -3.0, -2.5, -2.5, -2.5, -2.5, -2.5, -2.0, -2.0, -2.0, -2.0, -2.0, -2.0, -1.5, -1.0, -1.0]","[0.0, 0.5, 0.5, 1.0, 1.0, 2.0, 2.0]","[0.0, 0.0, 0.0, 0.0, 0.0, 0.0, 2.0]","[-8.0, -4.5, -3.5, -3.0, -2.0, -2.0, -1.0]","[2.5, 2.5, 4.5, 5.5, 5.5, 8.0, 8.0]","[0.0, 2.0, 2.4494898, 4.8989797, 4.8989797, 7.937254, 7.937254]","[-5.0, -3.5, 0.0, 2.5, 2.5, 3.0, 3.0]",[3.0],[3.0],[-3.0],6,0,1,0,6.0,0.0,1
668,23,7,2,"[2.0, 2.5, 3.5, 4.0, 4.5, 4.5, 5.5, 6.0, 6.5, 8.0]","[0.0, 0.0, 2.0, 2.828427, 3.8729835, 4.2426405, 4.472136, 5.656854, 6.4807405, 8.0]","[0.0, 0.5, 1.0, 1.0, 1.5, 2.0, 2.0, 2.0, 2.5, 2.5, 2.5, 3.0, 3.0, 3.0, 3.5, 3.5, 4.0, 4.0, 4.0, 4.5, 5.0, 5.0, 5.5]","[0.0, 0.0, 0.0, 0.0, 0.0, 0.0, 0.0, 0.0, 0.0, 1.0, 2.0, 2.4494898, 2.4494898, 2.4494898, 2.828427, 2.828427, 3.4641016, 3.8729835, 4.0, 4.2426405, 4.582576, 4.582576, 5.477226]","[-7.0, -7.0, -5.5, -5.5, -5.0, -5.0, -4.5, -4.0, -4.0, -3.5, -3.5, -3.5, -3.0, -2.5, -2.5, -2.5, -2.5, -2.0, -2.0, -2.0, -1.0, -1.0, -1.0]","[0.0, 1.5, 2.0, 2.0, 2.0, 3.0, 4.0]","[0.0, 0.0, 0.0, 0.0, 0.0, 0.0, 2.0]","[-5.5, -5.0, -3.5, -3.5, -2.0, -1.0, -1.0]","[2.0, 2.5, 3.5, 4.0, 4.0, 4.5, 6.0]","[1.7320508, 2.0, 2.6457512, 2.828427, 3.1622777, 3.8729835, 5.91608]","[-2.0, -2.0, -1.5, -1.0, -1.0, 1.0, 1.5]","[6.5, 8.5]","[6.0, 8.485281]","[1.5, 6.0]",5,0,2,0,2.5,0.0,1
131,27,6,2,"[1.0, 3.5, 4.0, 4.5, 4.5, 5.0, 5.0, 6.0, 6.5, 7.5]","[0.0, 3.0, 3.0, 3.1622777, 4.0, 4.472136, 4.472136, 6.0, 6.4807405, 7.3484693]","[0.5, 0.5, 1.0, 1.0, 1.0, 1.5, 1.5, 2.0, 2.0, 2.0, 2.0, 2.0, 2.5, 2.5, 2.5, 2.5, 3.0, 3.0, 3.5, 3.5, 3.5, 4.0, 4.5, 5.0, 5.0, 6.0, 6.0]","[0.0, 0.0, 0.0, 0.0, 0.0, 0.0, 0.0, 0.0, 0.0, 0.0, 1.0, 1.7320508, 1.7320508, 2.0, 2.0, 2.0, 2.0, 2.828427, 3.1622777, 3.1622777, 3.4641016, 3.8729835, 4.0, 4.2426405, 4.582576, 5.656854, 5.91608]","[-6.0, -5.5, -5.0, -5.0, -5.0, -4.5, -4.5, -4.5, -4.0, -4.0, -3.5, -3.5, -3.0, -3.0, -3.0, -3.0, -3.0, -2.5, -2.5, -2.5, -2.5, -2.0, -2.0, -1.5, -1.5, -1.5, -1.0]","[0.5, 0.5, 1.0, 1.5, 2.0, 2.0]","[0.0, 0.0, 0.0, 0.0, 1.0, 1.7320508]","[-6.0, -5.5, -5.0, -3.0, -3.0, -2.5]","[2.5, 2.5, 3.0, 3.5, 6.0, 7.0]","[0.0, 0.0, 2.0, 3.1622777, 5.91608, 6.928203]","[-3.0, -2.5, -1.5, -1.5, 2.0, 2.0]","[1.5, 2.0]","[0.0, 2.0]","[-4.5, -1.0]",4,0,2,0,2.0,0.0,1
123,1,1,1,"[0.0, 0.5, 0.5, 2.0, 2.0, 2.5, 3.0, 3.0, 3.5, 3.5]","[0.0, 0.0, 0.0, 1.7320508, 2.0, 2.4494898, 2.828427, 2.828427, 3.4641016, 3.4641016]",[1.5],[0.0],[-1.0],[1.5],[0.0],[-1.0],[8.5],[8.485281],[7.5],[8.5],[8.485281],[7.5],0,1,0,0,0.0,0.0,1
42846,1,1,1,"[0.0, 0.5, 1.0, 1.0, 1.5, 1.5, 2.5, 3.5, 5.5, 5.5]","[0.0, 0.0, 0.0, 0.0, 0.0, 0.0, 1.0, 2.4494898, 4.2426405, 5.477226]",[4.0],[3.4641016],[-3.0],[4.0],[3.4641016],[-3.0],[8.5],[8.485281],[7.5],[8.5],[8.485281],[7.5],0,1,0,0,0.0,0.0,0
147,2,1,1,"[0.0, 1.0, 1.0, 1.0, 2.5, 2.5, 2.5, 2.5, 2.5, 3.0]","[0.0, 0.0, 0.0, 0.0, 0.0, 0.0, 0.0, 2.4494898, 2.4494898, 2.4494898]","[1.5, 2.5]","[0.0, 2.0]","[-3.0, -2.0]",[1.5],[0.0],[-2.0],[5.0],[5.0],[5.0],[5.0],[5.0],[5.0],0,1,0,0,0.0,0.0,1
448,2,1,1,"[0.0, 0.0, 0.5, 1.0, 1.0, 1.5, 1.5, 2.5, 5.0, 5.0]","[0.0, 0.0, 0.0, 0.0, 0.0, 0.0, 0.0, 0.0, 4.0, 4.582576]","[3.0, 3.5]","[0.0, 3.4641016]","[-2.5, -1.0]",[3.5],[3.4641016],[-2.5],[8.5],[8.485281],[7.0],[8.5],[8.485281],[7.0],0,1,0,0,0.0,0.0,1
39604,1,1,1,"[0.0, 0.0, 0.0, 0.5, 0.5, 1.0, 1.5, 1.5, 3.5, 4.0]","[0.0, 0.0, 0.0, 0.0, 0.0, 0.0, 1.4142135, 1.4142135, 2.4494898, 4.0]",[2.0],[1.7320508],[-2.0],[2.0],[1.7320508],[-2.0],[7.0],[6.708204],[6.5],[7.0],[6.708204],[6.5],0,1,0,0,0.0,0.0,0
52779,10,3,2,"[0.5, 1.0, 1.0, 1.0, 1.5, 3.0, 4.5, 7.0, 8.0, 9.0]","[0.0, 0.0, 0.0, 0.0, 1.4142135, 2.828427, 2.828427, 6.708204, 7.937254, 9.0]","[1.0, 2.0, 2.0, 3.0, 3.0, 3.5, 3.5, 4.0, 7.0, 7.5]","[0.0, 0.0, 0.0, 0.0, 2.0, 2.236068, 2.4494898, 3.0, 7.0, 7.483315]","[-7.0, -6.5, -5.5, -4.5, -3.5, -3.0, -2.0, -1.5, -1.5, -1.0]","[1.0, 2.0, 3.5]","[0.0, 2.0, 2.4494898]","[-6.5, -4.5, -2.0]","[3.5, 4.0, 6.5]","[3.1622777, 3.4641016, 6.4807405]","[-1.5, 0.5, 1.5]","[2.0, 4.0]","[0.0, 3.4641016]","[0.5, 1.0]",1,1,1,0,1.0,0.0,0
165,32,6,2,"[1.0, 1.5, 4.0, 5.0, 5.0, 5.0, 7.0, 7.5, 8.0, 8.5]","[0.0, 1.4142135, 2.6457512, 4.582576, 4.582576, 5.0, 6.708204, 7.3484693, 7.937254, 8.485281]","[0.0, 0.5, 1.0, 1.5, 1.5, 1.5, 2.0, 2.0, 2.0, 2.0, 2.0, 2.5, 2.5, 2.5, 2.5, 3.0, 3.0, 3.5, 3.5, 3.5, 3.5, 4.0, 4.0, 4.0, 4.0, 4.5, 4.5, 5.0, 5.0, 5.0, 5.5, 6.5]","[0.0, 0.0, 0.0, 0.0, 0.0, 0.0, 0.0, 0.0, 1.0, 1.4142135, 1.4142135, 1.7320508, 2.0, 2.0, 2.0, 2.4494898, 2.4494898, 2.6457512, 2.828427, 2.828427, 3.1622777, 3.1622777, 3.4641016, 3.4641016, 3.4641016, 4.0, 4.2426405, 4.582576, 5.0, 5.0, 5.477226, 6.4807405]","[-6.0, -5.5, -5.5, -5.5, -5.5, -5.5, -5.5, -5.5, -5.5, -5.0, -4.5, -4.5, -4.5, -4.5, -4.0, -4.0, -4.0, -4.0, -4.0, -4.0, -3.5, -3.5, -3.0, -3.0, -3.0, -2.5, -2.5, -2.5, -1.5, -1.5, -1.5, -1.0]","[0.0, 0.5, 1.0, 1.5, 2.0, 2.5]","[0.0, 0.0, 0.0, 0.0, 1.0, 2.0]","[-6.0, -5.5, -5.5, -5.0, -3.5, -2.5]","[4.0, 5.0, 5.0, 6.5, 6.5, 6.5]","[4.0, 4.582576, 5.0, 6.0, 6.3245554, 6.4807405]","[-2.5, -2.5, -1.5, -1.0, 1.5, 5.0]","[4.0, 7.0]","[4.0, 6.708204]","[-2.5, 2.5]",4,1,1,0,4.0,0.0,1
226,6,3,1,"[0.0, 0.5, 0.5, 2.5, 2.5, 2.5, 2.5, 3.0, 6.0, 8.5]","[0.0, 0.0, 0.0, 0.0, 2.0, 2.0, 2.236068, 2.4494898, 5.196152, 8.485281]","[2.0, 2.5, 4.0, 4.5, 5.5, 6.0]","[2.0, 2.4494898, 2.6457512, 2.828427, 4.8989797, 6.0]","[-4.0, -2.5, -2.5, -2.5, -1.0, -1.0]","[2.0, 2.5, 6.0]","[2.0, 2.4494898, 6.0]","[-4.0, -2.5, -1.0]","[3.5, 5.5, 8.0]","[2.4494898, 5.477226, 7.937254]","[-2.0, -0.5, 3.5]",[5.0],[5.0],[3.5],2,0,1,0,2.0,0.0,1
906,8,3,1,"[0.5, 1.0, 1.0, 1.0, 1.5, 3.0, 3.5, 4.0, 5.5, 8.0]","[0.0, 0.0, 0.0, 1.0, 1.0, 2.828427, 3.4641016, 4.0, 5.477226, 7.937254]","[1.5, 2.0, 2.0, 2.5, 3.0, 3.0, 3.5, 4.5]","[0.0, 0.0, 1.4142135, 1.7320508, 2.0, 2.828427, 2.828427, 3.1622777]","[-4.0, -4.0, -4.0, -3.0, -3.0, -2.5, -1.5, -1.5]","[1.5, 3.0, 3.5]","[1.4142135, 2.828427, 3.1622777]","[-4.0, -3.0, -2.5]","[3.0, 3.5, 7.0]","[2.828427, 3.1622777, 7.0]","[-4.0, -3.0, 4.5]",[7.0],[7.0],[4.5],2,1,0,1,0.0,2.0,1
128,2,2,1,"[0.0, 0.5, 1.0, 1.5, 1.5, 1.5, 3.0, 4.5, 6.0, 8.0]","[0.0, 0.0, 0.0, 0.0, 0.0, 0.0, 1.4142135, 3.0, 5.91608, 8.0]","[1.0, 2.5]","[0.0, 2.0]","[-5.0, -3.5]","[1.0, 2.5]","[0.0, 2.0]","[-5.0, -3.5]","[5.0, 5.5]","[3.0, 5.477226]","[-1.5, 0.5]",[4.5],[4.2426405],[1.0],1,0,1,0,1.0,0.0,1
860,2,1,1,"[0.5, 1.0, 1.0, 1.5, 2.0, 2.5, 2.5, 3.0, 4.5, 5.0]","[0.0, 0.0, 0.0, 1.4142135, 1.7320508, 2.0, 2.236068, 2.4494898, 3.0, 4.2426405]","[1.5, 3.0]","[1.4142135, 3.0]","[-6.0, -2.0]",[1.5],[1.4142135],[-6.0],[6.5],[6.3245554],[4.5],[6.5],[6.3245554],[4.5],0,1,0,0,0.0,0.0,1
71538,2,1,1,"[0.0, 1.0, 1.5, 1.5, 2.0, 2.0, 2.5, 3.5, 5.0, 5.0]","[0.0, 0.0, 1.0, 1.4142135, 1.7320508, 1.7320508, 2.0, 2.4494898, 4.0, 5.0]","[1.5, 1.5]","[0.0, 1.4142135]","[-4.0, -2.0]",[1.5],[1.4142135],[-4.0],[4.5],[3.7416575],[1.5],[4.5],[3.7416575],[1.5],0,1,0,0,0.0,0.0,0
224,2,2,1,"[0.5, 1.0, 1.0, 1.5, 1.5, 2.5, 3.5, 3.5, 4.0, 5.5]","[0.0, 0.0, 0.0, 0.0, 0.0, 2.0, 2.4494898, 3.1622777, 3.8729835, 5.477226]","[3.0, 4.5]","[2.236068, 4.472136]","[-1.5, -1.0]","[3.0, 4.5]","[2.236068, 4.472136]","[-1.5, -1.0]","[4.0, 7.5]","[2.6457512, 7.483315]","[1.5, 4.0]",[4.5],[4.472136],[4.0],1,0,1,0,1.0,0.0,1
259,3,3,2,"[0.0, 0.5, 1.5, 2.5, 2.5, 3.0, 3.0, 3.0, 6.0, 7.5]","[0.0, 0.0, 0.0, 1.4142135, 2.236068, 2.4494898, 2.828427, 2.828427, 5.656854, 7.483315]","[2.0, 2.0, 3.0]","[0.0, 1.7320508, 2.236068]","[-2.5, -1.5, -1.5]","[2.0, 2.0, 3.0]","[0.0, 1.7320508, 2.236068]","[-2.5, -1.5, -1.5]","[3.5, 4.0, 4.0]","[0.0, 3.4641016, 3.4641016]","[-1.5, 2.0, 2.0]","[4.0, 4.5]","[0.0, 4.472136]","[0.5, 2.0]",1,1,1,0,1.0,0.0,1
54911,5,3,1,"[0.0, 1.0, 2.0, 2.0, 2.0, 4.0, 4.0, 4.5, 5.5, 6.5]","[0.0, 0.0, 0.0, 2.0, 2.0, 3.7416575, 3.8729835, 3.8729835, 5.2915025, 6.3245554]","[1.0, 2.5, 2.5, 3.5, 4.0]","[0.0, 0.0, 2.4494898, 2.4494898, 2.6457512]","[-4.5, -3.5, -2.5, -2.5, -2.5]","[1.0, 2.5, 3.5]","[0.0, 2.4494898, 2.4494898]","[-4.5, -2.5, -2.5]","[1.0, 2.5, 5.5]","[0.0, 2.4494898, 4.8989797]","[-4.5, -2.5, 2.0]",[5.5],[4.8989797],[2.0],2,1,0,1,0.0,2.0,0
40744,2,2,1,"[1.0, 1.0, 1.0, 1.0, 2.0, 2.0, 2.5, 3.0, 5.0, 7.0]","[0.0, 0.0, 0.0, 1.0, 1.7320508, 2.0, 2.236068, 2.4494898, 5.0, 6.928203]","[3.5, 4.0]","[0.0, 3.8729835]","[-1.5, -1.0]","[3.5, 4.0]","[0.0, 3.8729835]","[-1.5, -1.0]","[5.0, 7.0]","[4.582576, 6.928203]","[-1.5, 2.5]",[4.5],[2.828427],[0.5],1,0,1,0,1.0,0.0,0
1027,23,5,2,"[1.5, 2.0, 3.0, 3.5, 3.5, 4.5, 6.0, 7.5, 7.5, 8.5]","[0.0, 0.0, 1.4142135, 2.828427, 3.1622777, 4.2426405, 5.656854, 7.3484693, 7.3484693, 8.485281]","[0.5, 1.0, 1.5, 1.5, 1.5, 2.0, 2.0, 2.0, 2.0, 2.5, 2.5, 3.0, 3.0, 3.0, 4.0, 4.0, 4.5, 4.5, 5.0, 5.0, 5.0, 5.5, 5.5]","[0.0, 0.0, 0.0, 0.0, 0.0, 0.0, 0.0, 1.4142135, 1.4142135, 1.7320508, 1.7320508, 2.0, 2.0, 2.4494898, 2.6457512, 2.828427, 4.0, 4.472136, 4.472136, 4.8989797, 4.8989797, 5.0, 5.477226]","[-7.0, -7.0, -6.5, -6.0, -5.5, -4.5, -4.5, -4.5, -4.0, -4.0, -4.0, -3.0, -3.0, -2.5, -2.0, -2.0, -2.0, -2.0, -2.0, -1.5, -1.5, -1.5, -1.5]","[0.5, 1.0, 2.0, 2.5, 3.0]","[0.0, 0.0, 0.0, 1.7320508, 2.4494898]","[-6.0, -4.5, -4.0, -4.0, -2.0]","[2.5, 4.0, 4.5, 5.0, 5.5]","[0.0, 2.0, 3.7416575, 5.0, 5.477226]","[-2.0, -2.0, -2.0, -1.5, 1.0]","[2.5, 4.0]","[0.0, 2.0]","[-2.0, -1.5]",3,2,0,1,0.0,3.0,1
89109,2,2,2,"[0.0, 1.0, 1.0, 1.5, 2.0, 2.0, 2.5, 2.5, 2.5, 4.5]","[0.0, 0.0, 0.0, 0.0, 0.0, 0.0, 1.7320508, 1.7320508, 2.4494898, 3.7416575]","[1.0, 2.5]","[0.0, 0.0]","[-2.5, -1.5]","[1.0, 2.5]","[0.0, 0.0]","[-2.5, -1.5]","[5.0, 5.5]","[4.582576, 4.8989797]","[3.5, 4.5]","[5.0, 5.5]","[4.582576, 4.8989797]","[3.5, 4.5]",0,2,0,0,0.0,0.0,0
711,2,1,1,"[0.5, 0.5, 1.5, 1.5, 1.5, 2.0, 2.5, 2.5, 5.0, 6.0]","[0.0, 0.0, 0.0, 1.4142135, 1.4142135, 1.4142135, 2.4494898, 2.4494898, 3.0, 5.656854]","[2.5, 2.5]","[0.0, 0.0]","[-6.0, -3.5]",[2.5],[0.0],[-6.0],[4.5],[2.828427],[2.0],[4.5],[2.828427],[2.0],0,1,0,0,0.0,0.0,1
583,3,1,1,"[0.0, 0.5, 1.0, 2.5, 2.5, 3.0, 3.0, 3.5, 4.5, 7.0]","[0.0, 0.0, 0.0, 0.0, 2.236068, 2.4494898, 2.4494898, 2.828427, 3.1622777, 6.928203]","[0.5, 1.0, 2.5]","[0.0, 0.0, 2.0]","[-6.0, -4.5, -3.0]",[0.5],[0.0],[-4.5],[9.0],[9.0],[6.0],[9.0],[9.0],[6.0],0,1,0,0,0.0,0.0,1
901,2,1,1,"[0.5, 1.0, 1.0, 2.0, 2.5, 2.5, 3.0, 3.0, 3.5, 6.5]","[0.0, 0.0, 0.0, 0.0, 0.0, 0.0, 2.0, 2.236068, 2.4494898, 6.3245554]","[3.5, 3.5]","[2.4494898, 3.4641016]","[-3.0, -2.5]",[3.5],[3.4641016],[-3.0],[7.0],[6.928203],[7.0],[7.0],[6.928203],[7.0],0,1,0,0,0.0,0.0,1
495,9,3,2,"[0.0, 0.0, 1.5, 1.5, 2.5, 3.5, 4.0, 4.5, 7.5, 8.0]","[0.0, 0.0, 0.0, 0.0, 0.0, 0.0, 1.4142135, 3.7416575, 7.483315, 7.937254]","[2.0, 2.5, 3.0, 3.0, 4.0, 4.0, 4.5, 5.5, 6.5]","[1.7320508, 2.0, 2.236068, 2.236068, 3.4641016, 3.4641016, 4.472136, 4.8989797, 6.4807405]","[-5.5, -4.0, -3.5, -3.5, -3.0, -3.0, -2.5, -2.0, -1.5]","[2.5, 4.0, 4.0]","[2.0, 3.4641016, 3.4641016]","[-3.5, -3.5, -3.0]","[3.0, 6.0, 7.5]","[2.236068, 6.0, 7.483315]","[-1.5, 2.0, 3.5]","[4.5, 6.0]","[2.828427, 6.0]","[2.0, 3.5]",1,1,1,0,1.0,0.0,0
67834,1,1,1,"[0.5, 1.0, 1.5, 1.5, 2.5, 2.5, 2.5, 2.5, 3.0, 4.5]","[0.0, 0.0, 0.0, 1.0, 2.0, 2.0, 2.0, 2.4494898, 2.828427, 4.472136]",[2.0],[1.7320508],[-2.0],[2.0],[1.7320508],[-2.0],[5.5],[4.2426405],[4.5],[5.5],[4.2426405],[4.5],0,1,0,0,0.0,0.0,0
59762,2,2,2,"[0.0, 0.5, 0.5, 1.5, 2.0, 2.5, 2.5, 3.5, 3.5, 5.0]","[0.0, 0.0, 0.0, 0.0, 0.0, 0.0, 0.0, 2.0, 3.4641016, 4.0]","[1.5, 3.5]","[1.4142135, 3.1622777]","[-4.5, -2.0]","[1.5, 3.5]","[1.4142135, 3.1622777]","[-4.5, -2.0]","[3.5, 8.0]","[2.4494898, 8.0]","[3.0, 7.0]","[3.5, 8.0]","[2.4494898, 8.0]","[3.0, 7.0]",0,2,0,0,0.0,0.0,0
13806,3,2,1,"[0.0, 0.5, 0.5, 1.5, 2.0, 2.0, 3.0, 3.5, 3.5, 5.5]","[0.0, 0.0, 0.0, 0.0, 0.0, 0.0, 1.4142135, 3.0, 3.4641016, 4.8989797]","[0.5, 3.5, 4.0]","[0.0, 2.4494898, 3.8729835]","[-2.0, -1.5, -1.5]","[0.5, 4.0]","[0.0, 3.8729835]","[-2.0, -1.5]","[3.5, 7.0]","[2.4494898, 7.0]","[-1.5, 5.5]",[2.5],[0.0],[1.5],1,0,1,0,1.0,0.0,0
167,18,5,3,"[0.5, 2.5, 2.5, 3.5, 4.0, 4.5, 4.5, 5.5, 6.0, 9.0]","[0.0, 0.0, 0.0, 2.0, 3.4641016, 4.2426405, 4.472136, 4.8989797, 5.656854, 9.0]","[0.5, 0.5, 1.0, 1.5, 1.5, 1.5, 2.5, 2.5, 2.5, 3.0, 3.5, 4.0, 4.0, 4.5, 4.5, 5.0, 5.0, 5.0]","[0.0, 0.0, 0.0, 0.0, 0.0, 0.0, 2.0, 2.236068, 2.4494898, 2.4494898, 2.4494898, 2.6457512, 3.7416575, 3.8729835, 4.0, 4.0, 4.472136, 4.8989797]","[-6.0, -5.5, -5.5, -5.5, -5.0, -5.0, -4.0, -3.5, -3.5, -3.5, -3.5, -3.0, -3.0, -3.0, -3.0, -2.5, -2.0, -1.5]","[0.5, 0.5, 1.5, 1.5, 2.5]","[0.0, 0.0, 0.0, 0.0, 2.4494898]","[-5.5, -5.5, -5.5, -5.0, -3.0]","[4.5, 5.0, 5.5, 5.5, 6.5]","[4.0, 4.2426405, 4.472136, 5.2915025, 6.0]","[-3.5, -0.5, 1.5, 2.5, 4.0]","[2.0, 5.5, 5.5]","[1.7320508, 4.2426405, 5.2915025]","[-1.0, 1.5, 4.0]",2,2,1,0,2.0,0.0,1
58976,5,3,2,"[0.5, 0.5, 1.0, 2.0, 2.0, 2.0, 3.0, 3.5, 5.0, 6.5]","[0.0, 0.0, 0.0, 1.0, 1.7320508, 2.0, 2.236068, 3.0, 3.4641016, 6.0]","[1.5, 2.0, 2.0, 2.5, 6.5]","[0.0, 0.0, 1.7320508, 2.0, 6.3245554]","[-3.5, -3.0, -3.0, -2.5, -2.0]","[1.5, 2.0, 2.0]","[0.0, 0.0, 1.7320508]","[-3.5, -3.0, -2.0]","[3.0, 3.0, 8.0]","[0.0, 2.236068, 7.937254]","[-3.0, 0.0, 5.5]","[3.0, 6.0]","[0.0, 5.656854]","[0.0, 4.0]",1,1,1,0,1.0,0.0,0
350,1,1,1,"[0.0, 0.5, 0.5, 1.0, 1.5, 2.0, 2.5, 3.0, 5.0, 6.0]","[0.0, 0.0, 0.0, 0.0, 0.0, 0.0, 1.4142135, 2.4494898, 4.8989797, 6.0]",[1.5],[0.0],[-4.5],[1.5],[0.0],[-4.5],[1.5],[0.0],[-0.5],[1.5],[0.0],[-0.5],0,1,0,0,0.0,0.0,1
89399,2,2,1,"[0.0, 0.5, 1.0, 1.5, 1.5, 2.0, 3.5, 3.5, 4.0, 7.0]","[0.0, 0.0, 0.0, 0.0, 0.0, 1.4142135, 1.4142135, 2.0, 3.4641016, 6.928203]","[2.0, 4.5]","[0.0, 4.472136]","[-2.5, -2.0]","[2.0, 4.5]","[0.0, 4.472136]","[-2.5, -2.0]","[2.5, 6.0]","[2.0, 5.91608]","[-1.5, 1.5]",[2.0],[0.0],[0.5],1,0,1,0,1.0,0.0,0
99968,1,1,1,"[0.5, 1.0, 1.0, 1.0, 1.5, 2.0, 2.5, 3.0, 4.0, 5.0]","[0.0, 0.0, 0.0, 0.0, 1.0, 1.0, 1.4142135, 2.828427, 3.4641016, 5.0]",[2.0],[0.0],[-2.5],[2.0],[0.0],[-2.5],[4.5],[0.0],[1.0],[4.5],[0.0],[1.0],0,1,0,0,0.0,0.0,0
96768,1,1,1,"[0.0, 0.5, 1.0, 1.0, 1.0, 1.5, 2.0, 3.0, 3.0, 3.0]","[0.0, 0.0, 0.0, 0.0, 0.0, 0.0, 1.0, 1.4142135, 2.236068, 3.0]",[2.0],[0.0],[-1.5],[2.0],[0.0],[-1.5],[7.0],[7.0],[6.0],[7.0],[7.0],[6.0],0,1,0,0,0.0,0.0,0
75,3,1,1,"[0.0, 1.0, 1.0, 1.5, 2.0, 2.5, 2.5, 3.5, 4.0, 4.5]","[0.0, 0.0, 0.0, 0.0, 0.0, 0.0, 1.7320508, 2.0, 3.4641016, 3.4641016]","[3.0, 4.0, 4.5]","[2.6457512, 2.828427, 3.0]","[-4.0, -3.5, -2.0]",[3.0],[3.0],[-4.0],[4.0],[2.6457512],[4.0],[4.0],[2.6457512],[4.0],0,1,0,0,0.0,0.0,1
30352,2,2,1,"[0.5, 1.0, 1.0, 1.5, 1.5, 1.5, 2.0, 3.0, 3.5, 6.5]","[0.0, 0.0, 0.0, 0.0, 0.0, 0.0, 0.0, 0.0, 2.236068, 6.4807405]","[1.0, 2.5]","[0.0, 0.0]","[-3.0, -1.5]","[1.0, 2.5]","[0.0, 0.0]","[-3.0, -1.5]","[2.5, 4.0]","[2.0, 3.8729835]","[-1.0, 1.0]",[5.5],[4.8989797],[5.5],1,0,1,0,1.0,0.0,0
27474,2,2,1,"[0.5, 1.5, 2.0, 2.0, 2.5, 2.5, 2.5, 3.5, 5.0, 7.0]","[0.0, 0.0, 1.7320508, 1.7320508, 2.0, 2.4494898, 2.4494898, 3.4641016, 4.8989797, 6.928203]","[2.5, 2.5]","[0.0, 0.0]","[-3.5, -2.0]","[2.5, 2.5]","[0.0, 0.0]","[-3.5, -2.0]","[4.0, 4.0]","[0.0, 3.8729835]","[-2.0, -0.5]",[4.0],[3.8729835],[0.5],1,0,1,0,1.0,0.0,0
39451,2,2,1,"[0.0, 0.0, 0.5, 0.5, 1.5, 1.5, 2.0, 2.0, 6.0, 6.5]","[0.0, 0.0, 0.0, 0.0, 0.0, 1.4142135, 1.7320508, 2.0, 5.656854, 6.0]","[1.5, 3.5]","[0.0, 1.4142135]","[-2.0, -1.5]","[1.5, 3.5]","[0.0, 1.4142135]","[-2.0, -1.5]","[3.5, 4.5]","[0.0, 3.4641016]","[-1.0, 1.5]",[4.0],[3.4641016],[2.5],1,0,1,0,1.0,0.0,0
46467,2,2,1,"[0.5, 0.5, 0.5, 1.0, 1.0, 1.5, 2.0, 3.0, 3.5, 6.0]","[0.0, 0.0, 0.0, 0.0, 0.0, 1.4142135, 1.7320508, 3.0, 3.4641016, 5.656854]","[2.5, 3.0]","[2.236068, 2.4494898]","[-2.0, -1.0]","[2.5, 3.0]","[2.236068, 2.4494898]","[-2.0, -1.0]","[1.0, 4.0]","[0.0, 3.4641016]","[-1.5, -0.5]",[8.5],[8.485281],[7.5],1,0,1,0,1.0,0.0,0
93615,7,4,3,"[1.0, 1.5, 1.5, 1.5, 2.0, 2.0, 3.0, 4.0, 6.0, 6.5]","[0.0, 0.0, 0.0, 1.4142135, 1.4142135, 1.7320508, 2.236068, 4.0, 5.656854, 6.3245554]","[1.0, 2.0, 2.0, 2.5, 2.5, 3.0, 4.0]","[0.0, 0.0, 0.0, 0.0, 1.7320508, 2.0, 2.6457512]","[-3.5, -3.5, -2.0, -2.0, -1.5, -1.0, -1.0]","[1.0, 2.0, 2.5, 2.5]","[0.0, 0.0, 1.7320508, 2.0]","[-3.5, -3.5, -2.0, -1.0]","[3.0, 4.5, 7.0, 8.5]","[0.0, 3.7416575, 6.708204, 8.485281]","[-0.5, 0.5, 3.0, 7.5]","[3.0, 4.5, 8.5]","[2.236068, 3.7416575, 8.485281]","[0.5, 2.0, 7.5]",1,2,1,0,1.0,0.0,0
64730,2,1,1,"[0.0, 0.0, 0.0, 1.0, 1.5, 1.5, 2.0, 2.5, 6.0, 7.0]","[0.0, 0.0, 0.0, 0.0, 1.4142135, 1.4142135, 1.7320508, 2.4494898, 5.656854, 6.708204]","[1.5, 6.5]","[1.4142135, 6.4807405]","[-4.5, -2.0]",[1.5],[1.4142135],[-4.5],[8.5],[8.485281],[5.5],[8.5],[8.485281],[5.5],0,1,0,0,0.0,0.0,0
37376,7,2,2,"[0.5, 0.5, 1.5, 2.5, 2.5, 2.5, 3.0, 3.0, 3.0, 7.5]","[0.0, 0.0, 0.0, 0.0, 1.4142135, 2.0, 2.0, 2.236068, 2.236068, 7.3484693]","[2.0, 2.0, 2.5, 2.5, 3.0, 3.0, 4.0]","[0.0, 0.0, 0.0, 2.236068, 2.4494898, 2.4494898, 3.0]","[-3.5, -3.5, -3.0, -2.5, -2.5, -2.0, -1.0]","[2.0, 2.5]","[0.0, 2.4494898]","[-3.5, -2.0]","[6.0, 7.5]","[5.656854, 7.483315]","[4.0, 5.5]","[6.0, 7.5]","[5.656854, 7.483315]","[4.0, 5.5]",0,2,0,0,0.0,0.0,0
90480,4,3,1,"[0.0, 0.0, 0.0, 1.0, 1.0, 2.0, 3.0, 3.5, 4.5, 6.5]","[0.0, 0.0, 0.0, 0.0, 1.0, 2.0, 2.236068, 2.4494898, 4.472136, 6.3245554]","[2.5, 3.0, 3.0, 3.5]","[0.0, 0.0, 2.4494898, 2.828427]","[-3.0, -2.0, -1.5, -1.0]","[2.5, 3.0, 3.0]","[0.0, 2.4494898, 2.828427]","[-3.0, -2.0, -1.5]","[4.0, 4.0, 5.0]","[2.6457512, 3.0, 3.4641016]","[-1.5, 0.5, 1.5]",[6.5],[6.4807405],[5.0],2,0,1,0,2.0,0.0,0
78939,3,2,1,"[0.0, 0.5, 1.0, 1.0, 1.5, 2.0, 2.0, 2.5, 4.0, 8.5]","[0.0, 0.0, 0.0, 0.0, 1.0, 1.4142135, 2.0, 2.0, 3.8729835, 8.485281]","[1.0, 3.0, 4.5]","[0.0, 0.0, 4.2426405]","[-4.5, -4.0, -1.5]","[1.0, 4.5]","[0.0, 4.2426405]","[-4.5, -1.5]","[0.5, 2.5]","[0.0, 2.4494898]","[-4.0, -2.5]",[5.5],[5.2915025],[4.5],1,0,1,0,1.0,0.0,0
24938,6,3,1,"[0.0, 0.5, 0.5, 0.5, 1.5, 3.0, 3.5, 4.5, 6.5, 6.5]","[0.0, 0.0, 0.0, 0.0, 0.0, 2.236068, 3.1622777, 4.472136, 6.3245554, 6.4807405]","[1.0, 2.0, 2.0, 3.5, 4.0, 4.0]","[0.0, 1.7320508, 1.7320508, 2.4494898, 3.8729835, 3.8729835]","[-4.5, -4.0, -3.5, -3.0, -2.0, -1.5]","[2.0, 2.0, 4.0]","[1.7320508, 1.7320508, 3.8729835]","[-4.5, -4.0, -1.5]","[3.0, 4.0, 4.0]","[0.0, 3.4641016, 3.8729835]","[-3.5, -1.0, -0.5]",[6.5],[6.4807405],[3.5],2,0,1,0,2.0,0.0,0
240,3,2,2,"[0.0, 1.0, 1.5, 2.0, 2.0, 2.5, 3.5, 4.0, 4.5, 6.0]","[0.0, 0.0, 1.0, 1.7320508, 2.0, 2.4494898, 2.4494898, 3.8729835, 4.2426405, 6.0]","[2.0, 2.5, 3.0]","[0.0, 1.7320508, 2.828427]","[-2.0, -1.5, -1.5]","[2.0, 2.5]","[0.0, 1.7320508]","[-2.0, -1.5]","[3.0, 5.0]","[0.0, 4.0]","[0.5, 1.5]","[3.0, 5.0]","[0.0, 4.0]","[0.5, 1.5]",0,2,0,0,0.0,0.0,1
8245,2,2,2,"[0.0, 0.0, 0.5, 0.5, 1.5, 2.0, 3.5, 4.5, 5.0, 7.0]","[0.0, 0.0, 0.0, 0.0, 0.0, 1.4142135, 2.0, 4.472136, 4.8989797, 6.928203]","[2.0, 6.5]","[1.7320508, 6.4807405]","[-1.0, -1.0]","[2.0, 6.5]","[1.7320508, 6.4807405]","[-1.0, -1.0]","[6.5, 6.5]","[6.3245554, 6.4807405]","[3.0, 3.5]","[6.5, 6.5]","[6.3245554, 6.4807405]","[3.0, 3.5]",0,2,0,0,0.0,0.0,0
299,1,1,1,"[1.0, 1.0, 1.5, 1.5, 1.5, 1.5, 1.5, 2.0, 2.5, 5.5]","[0.0, 0.0, 0.0, 0.0, 1.0, 1.4142135, 1.4142135, 1.4142135, 2.0, 5.477226]",[2.0],[0.0],[-2.0],[2.0],[0.0],[-2.0],[1.5],[0.0],[-1.0],[1.5],[0.0],[-1.0],0,1,0,0,0.0,0.0,1
75320,4,2,1,"[0.0, 1.5, 1.5, 2.0, 2.0, 2.5, 3.0, 3.5, 6.0, 7.5]","[0.0, 0.0, 0.0, 0.0, 1.7320508, 2.4494898, 2.828427, 3.4641016, 5.91608, 7.3484693]","[1.0, 1.5, 1.5, 5.5]","[0.0, 0.0, 1.0, 5.477226]","[-4.5, -3.5, -2.5, -2.5]","[1.5, 1.5]","[0.0, 0.0]","[-4.5, -3.5]","[5.5, 5.5]","[4.2426405, 4.8989797]","[0.0, 2.0]",[4.5],[0.0],[3.0],1,0,1,0,1.0,0.0,0
77,7,2,1,"[0.5, 1.0, 1.5, 1.5, 2.0, 3.5, 3.5, 5.5, 8.0, 9.0]","[0.0, 1.0, 1.4142135, 1.4142135, 1.7320508, 2.4494898, 2.4494898, 4.2426405, 7.937254, 9.0]","[2.5, 3.0, 3.0, 4.0, 5.5, 6.0, 7.0]","[2.0, 2.6457512, 3.0, 3.0, 4.8989797, 5.91608, 6.928203]","[-6.0, -6.0, -5.0, -2.0, -2.0, -2.0, -2.0]","[3.0, 3.0]","[3.0, 3.0]","[-6.0, -6.0]","[3.5, 6.0]","[2.4494898, 5.91608]","[-2.0, -2.0]",[4.5],[4.2426405],[0.0],1,0,1,0,1.0,0.0,1
78818,2,1,1,"[0.5, 1.0, 1.5, 1.5, 1.5, 2.0, 2.5, 3.0, 4.0, 4.5]","[0.0, 0.0, 0.0, 1.0, 1.4142135, 1.4142135, 1.7320508, 2.4494898, 2.828427, 3.4641016]","[1.0, 1.5]","[0.0, 0.0]","[-4.5, -3.0]",[1.0],[0.0],[-4.5],[5.5],[4.2426405],[4.5],[5.5],[4.2426405],[4.5],0,1,0,0,0.0,0.0,0
55,1,1,1,"[0.0, 0.0, 0.0, 0.5, 1.0, 1.0, 3.0, 3.0, 4.0, 6.5]","[0.0, 0.0, 0.0, 0.0, 0.0, 0.0, 0.0, 2.828427, 3.4641016, 6.3245554]",[2.5],[2.4494898],[-4.5],[2.5],[2.4494898],[-4.5],[5.5],[5.2915025],[3.0],[5.5],[5.2915025],[3.0],0,1,0,0,0.0,0.0,1
55504,4,2,1,"[1.0, 1.0, 1.5, 1.5, 2.0, 2.0, 2.5, 3.5, 3.5, 8.0]","[0.0, 0.0, 0.0, 0.0, 1.4142135, 1.4142135, 2.4494898, 2.4494898, 3.4641016, 7.937254]","[2.0, 3.0, 3.0, 4.5]","[0.0, 2.236068, 2.236068, 2.828427]","[-3.5, -3.5, -2.5, -1.0]","[2.0, 3.0]","[0.0, 2.236068]","[-3.5, -3.5]","[1.5, 2.0]","[0.0, 1.4142135]","[-3.0, -2.0]",[7.0],[6.928203],[6.5],1,0,1,0,1.0,0.0,0
288,2,1,1,"[0.5, 0.5, 1.0, 1.5, 2.0, 2.0, 2.5, 3.5, 3.5, 3.5]","[0.0, 0.0, 0.0, 0.0, 1.0, 1.4142135, 2.4494898, 2.4494898, 3.1622777, 3.1622777]","[1.5, 2.0]","[0.0, 0.0]","[-4.0, -1.5]",[1.5],[0.0],[-4.0],[5.5],[5.2915025],[4.0],[5.5],[5.2915025],[4.0],0,1,0,0,0.0,0.0,1
89088,1,1,1,"[0.5, 0.5, 1.0, 1.0, 1.5, 1.5, 2.0, 2.5, 2.5, 4.0]","[0.0, 0.0, 0.0, 0.0, 0.0, 0.0, 1.0, 1.4142135, 2.0, 3.4641016]",[0.5],[0.0],[-1.0],[0.5],[0.0],[-1.0],[5.0],[5.0],[2.0],[5.0],[5.0],[2.0],0,1,0,0,0.0,0.0,0
12453,2,2,1,"[0.0, 1.0, 1.0, 1.0, 1.5, 1.5, 3.5, 3.5, 3.5, 6.0]","[0.0, 0.0, 0.0, 0.0, 0.0, 0.0, 2.4494898, 2.4494898, 3.1622777, 5.196152]","[1.0, 5.5]","[0.0, 5.2915025]","[-1.5, -1.5]","[1.0, 5.5]","[0.0, 5.2915025]","[-1.5, -1.5]","[2.0, 3.5]","[1.7320508, 3.4641016]","[-1.0, -0.5]",[9.0],[9.0],[8.0],1,0,1,0,1.0,0.0,0
985,21,5,3,"[2.0, 3.0, 3.5, 3.5, 4.0, 4.0, 4.0, 5.5, 6.0, 6.5]","[0.0, 0.0, 1.7320508, 2.4494898, 3.0, 3.1622777, 3.8729835, 4.8989797, 5.656854, 6.3245554]","[0.5, 0.5, 0.5, 0.5, 1.0, 1.0, 1.5, 1.5, 1.5, 1.5, 1.5, 2.0, 2.0, 2.0, 3.0, 3.5, 3.5, 4.0, 4.0, 4.0, 5.0]","[0.0, 0.0, 0.0, 0.0, 0.0, 0.0, 0.0, 0.0, 0.0, 0.0, 1.4142135, 1.4142135, 1.7320508, 1.7320508, 1.7320508, 2.236068, 2.6457512, 3.1622777, 3.4641016, 3.4641016, 4.582576]","[-7.0, -6.5, -6.5, -5.5, -5.0, -5.0, -4.5, -4.5, -4.5, -4.5, -4.0, -4.0, -4.0, -4.0, -2.5, -2.5, -2.5, -2.0, -2.0, -1.5, -1.0]","[0.5, 0.5, 0.5, 1.5, 2.0]","[0.0, 0.0, 0.0, 0.0, 1.7320508]","[-5.5, -5.0, -4.5, -4.0, -2.0]","[1.5, 4.0, 4.5, 5.5, 6.5]","[0.0, 1.4142135, 4.2426405, 5.2915025, 6.0]","[-1.0, 0.5, 1.5, 1.5, 2.5]","[1.5, 4.5, 4.5]","[1.4142135, 4.2426405, 4.2426405]","[-1.0, 0.5, 3.5]",2,2,1,0,2.0,0.0,1
587,10,4,1,"[0.0, 1.5, 1.5, 2.0, 2.0, 3.5, 3.5, 4.5, 7.5, 8.5]","[0.0, 0.0, 0.0, 1.4142135, 1.7320508, 2.4494898, 2.4494898, 3.7416575, 7.3484693, 8.485281]","[2.0, 2.5, 2.5, 2.5, 3.0, 3.5, 4.0, 4.0, 5.0, 5.5]","[0.0, 0.0, 0.0, 2.0, 2.236068, 2.4494898, 3.1622777, 3.4641016, 4.582576, 5.477226]","[-5.0, -4.5, -4.0, -3.0, -2.5, -2.0, -2.0, -2.0, -2.0, -1.5]","[2.5, 2.5, 3.0, 3.5]","[0.0, 2.236068, 2.4494898, 3.1622777]","[-4.5, -4.0, -2.5, -2.0]","[1.5, 5.0, 5.5, 5.5]","[1.4142135, 4.582576, 5.2915025, 5.477226]","[-2.0, -2.0, 0.0, 0.5]",[5.5],[5.477226],[4.0],3,0,1,0,3.0,0.0,1
418,1,1,1,"[0.5, 1.0, 1.0, 1.5, 2.0, 2.0, 2.0, 3.0, 3.0, 5.0]","[0.0, 0.0, 0.0, 0.0, 0.0, 1.0, 1.7320508, 2.828427, 2.828427, 5.0]",[1.5],[1.4142135],[-3.0],[1.5],[1.4142135],[-3.0],[7.0],[6.708204],[3.5],[7.0],[6.708204],[3.5],0,1,0,0,0.0,0.0,1
15843,8,2,2,"[0.0, 0.5, 0.5, 1.5, 3.0, 3.5, 4.0, 5.0, 6.0, 6.5]","[0.0, 0.0, 0.0, 0.0, 1.4142135, 3.1622777, 4.0, 4.8989797, 5.196152, 6.0]","[1.0, 1.5, 2.5, 3.0, 4.0, 4.0, 4.5, 6.0]","[0.0, 0.0, 0.0, 1.0, 1.4142135, 2.828427, 4.0, 5.91608]","[-6.0, -3.0, -3.0, -3.0, -2.5, -2.0, -1.5, -1.0]","[1.0, 2.5]","[0.0, 1.0]","[-3.0, -2.5]","[6.5, 7.0]","[6.4807405, 7.0]","[4.5, 4.5]","[6.5, 7.0]","[6.4807405, 7.0]","[4.5, 4.5]",0,2,0,0,0.0,0.0,0
1011,2,2,1,"[0.5, 1.0, 1.5, 1.5, 2.0, 2.0, 3.0, 3.0, 3.5, 4.5]","[0.0, 0.0, 0.0, 1.0, 1.4142135, 1.4142135, 1.7320508, 2.828427, 3.4641016, 3.7416575]","[0.5, 2.0]","[0.0, 1.7320508]","[-2.0, -1.5]","[0.5, 2.0]","[0.0, 1.7320508]","[-2.0, -1.5]","[1.0, 1.5]","[0.0, 1.4142135]","[-1.0, -1.0]",[7.5],[7.483315],[6.5],1,0,1,0,1.0,0.0,0
12,1,1,1,"[0.5, 0.5, 1.0, 1.0, 1.5, 2.0, 4.0, 4.0, 4.0, 5.5]","[0.0, 0.0, 0.0, 0.0, 0.0, 1.4142135, 2.0, 3.8729835, 3.8729835, 5.477226]",[5.5],[5.477226],[-1.5],[5.5],[5.477226],[-1.5],[3.5],[3.4641016],[1.0],[3.5],[3.4641016],[1.0],0,1,0,0,0.0,0.0,1
620,1,1,1,"[0.0, 0.0, 0.0, 0.0, 0.5, 0.5, 1.0, 2.0, 4.0, 8.5]","[0.0, 0.0, 0.0, 0.0, 0.0, 0.0, 0.0, 2.0, 2.6457512, 8.485281]",[4.5],[4.2426405],[-3.5],[4.5],[4.2426405],[-3.5],[4.0],[3.4641016],[-0.5],[4.0],[3.4641016],[-0.5],0,1,0,0,0.0,0.0,1
84666,3,2,2,"[0.0, 0.5, 0.5, 1.0, 1.5, 2.0, 2.5, 3.5, 5.0, 7.5]","[0.0, 0.0, 0.0, 0.0, 0.0, 0.0, 2.0, 2.4494898, 4.8989797, 7.3484693]","[1.0, 1.0, 3.5]","[0.0, 0.0, 0.0]","[-4.5, -2.0, -2.0]","[1.0, 1.0]","[0.0, 0.0]","[-4.5, -2.0]","[3.5, 5.0]","[0.0, 4.0]","[-1.0, 2.0]","[3.5, 5.0]","[0.0, 4.0]","[-1.0, 2.0]",0,2,0,0,0.0,0.0,0
747,4,3,2,"[0.0, 0.0, 0.0, 0.0, 1.5, 2.0, 3.5, 4.0, 5.5, 5.5]","[0.0, 0.0, 0.0, 0.0, 0.0, 1.7320508, 2.4494898, 3.8729835, 4.8989797, 4.8989797]","[1.5, 2.5, 3.5, 4.5]","[1.4142135, 2.4494898, 3.4641016, 3.7416575]","[-4.0, -3.5, -1.5, -1.0]","[1.5, 2.5, 3.5]","[1.4142135, 2.4494898, 3.4641016]","[-4.0, -3.5, -1.5]","[1.5, 4.0, 7.0]","[0.0, 1.4142135, 6.928203]","[-2.5, 1.0, 5.0]","[4.5, 7.0]","[4.472136, 6.928203]","[3.0, 5.0]",1,1,1,0,1.0,0.0,1
75566,3,2,1,"[0.5, 0.5, 1.0, 1.5, 1.5, 3.0, 3.0, 3.0, 3.0, 7.5]","[0.0, 0.0, 0.0, 0.0, 0.0, 0.0, 1.4142135, 2.828427, 3.0, 7.3484693]","[2.0, 3.0, 3.5]","[1.7320508, 2.4494898, 3.0]","[-4.0, -3.0, -2.0]","[2.0, 3.0]","[1.7320508, 3.0]","[-4.0, -3.0]","[3.0, 3.5]","[0.0, 3.4641016]","[-1.5, -1.0]",[8.0],[8.0],[6.5],1,0,1,0,1.0,0.0,0
671,26,6,2,"[3.0, 3.5, 4.0, 4.0, 4.5, 5.0, 5.0, 6.0, 6.5, 8.5]","[0.0, 2.6457512, 2.828427, 3.8729835, 4.0, 4.0, 4.2426405, 5.91608, 6.0, 8.485281]","[0.0, 0.5, 1.0, 1.0, 1.0, 1.5, 1.5, 2.0, 2.0, 2.0, 2.0, 2.5, 2.5, 2.5, 3.0, 3.0, 3.0, 3.0, 3.5, 4.0, 4.0, 4.0, 4.0, 4.5, 5.0, 6.0]","[0.0, 0.0, 0.0, 0.0, 0.0, 0.0, 0.0, 0.0, 0.0, 1.0, 1.4142135, 1.7320508, 2.0, 2.0, 2.0, 2.4494898, 2.6457512, 2.828427, 2.828427, 3.0, 3.1622777, 3.7416575, 3.8729835, 4.0, 5.0, 6.0]","[-7.5, -6.5, -6.5, -6.0, -5.5, -5.5, -5.5, -5.0, -4.5, -4.5, -4.0, -4.0, -4.0, -3.5, -3.5, -3.5, -3.5, -3.0, -3.0, -3.0, -2.5, -2.5, -2.5, -2.5, -2.0, -1.5]","[0.0, 0.5, 1.0, 1.5, 2.0, 3.0]","[0.0, 0.0, 0.0, 0.0, 1.4142135, 2.0]","[-6.5, -5.5, -4.5, -3.5, -3.5, -2.5]","[2.0, 4.0, 4.0, 5.0, 6.5, 7.0]","[1.7320508, 3.0, 3.4641016, 3.8729835, 6.4807405, 6.708204]","[-3.0, -2.0, 0.0, 2.0, 2.5, 3.0]","[4.0, 5.5]","[0.0, 5.477226]","[1.5, 2.0]",4,0,2,0,2.0,0.0,1
630,2,2,1,"[0.0, 0.5, 0.5, 0.5, 1.0, 1.0, 2.0, 2.0, 4.5, 7.5]","[0.0, 0.0, 0.0, 0.0, 0.0, 0.0, 0.0, 1.7320508, 4.2426405, 7.483315]","[2.0, 3.5]","[0.0, 2.0]","[-4.5, -1.5]","[2.0, 3.5]","[0.0, 2.0]","[-4.5, -1.5]","[4.0, 6.5]","[3.8729835, 6.4807405]","[0.5, 1.0]",[1.0],[1.0],[-0.5],1,0,1,0,1.0,0.0,1
944,2,1,1,"[0.0, 0.5, 1.0, 1.5, 1.5, 3.0, 3.5, 3.5, 4.5, 4.5]","[0.0, 0.0, 0.0, 1.0, 1.4142135, 2.4494898, 2.828427, 2.828427, 3.1622777, 4.2426405]","[1.5, 5.0]","[1.4142135, 4.582576]","[-2.5, -2.0]",[1.5],[1.4142135],[-2.5],[5.0],[3.0],[3.0],[5.0],[3.0],[3.0],0,1,0,0,0.0,0.0,1
73480,2,2,2,"[1.0, 1.0, 1.5, 1.5, 1.5, 1.5, 2.0, 3.0, 5.5, 6.5]","[0.0, 0.0, 0.0, 0.0, 1.4142135, 1.4142135, 1.4142135, 3.0, 5.477226, 6.3245554]","[2.5, 4.0]","[2.0, 2.6457512]","[-1.5, -1.0]","[2.5, 4.0]","[2.0, 2.6457512]","[-1.5, -1.0]","[6.0, 7.0]","[5.656854, 6.928203]","[1.5, 4.0]","[6.0, 7.0]","[5.656854, 6.928203]","[1.5, 4.0]",0,2,0,0,0.0,0.0,0
63256,2,2,1,"[0.0, 1.0, 1.0, 1.0, 1.5, 1.5, 2.0, 2.5, 4.5, 4.5]","[0.0, 0.0, 0.0, 0.0, 0.0, 1.0, 1.4142135, 1.4142135, 4.2426405, 4.2426405]","[1.5, 3.0]","[1.4142135, 2.236068]","[-2.5, -2.0]","[1.5, 3.0]","[1.4142135, 2.236068]","[-2.5, -2.0]","[2.0, 6.5]","[0.0, 6.4807405]","[0.5, 3.5]",[7.0],[7.0],[7.0],1,0,1,0,1.0,0.0,0
43862,2,2,1,"[0.5, 0.5, 1.0, 1.5, 1.5, 1.5, 1.5, 2.0, 2.0, 7.5]","[0.0, 0.0, 0.0, 0.0, 1.0, 1.4142135, 1.4142135, 1.7320508, 2.0, 7.3484693]","[3.5, 4.0]","[0.0, 3.1622777]","[-1.0, -1.0]","[3.5, 4.0]","[0.0, 3.1622777]","[-1.0, -1.0]","[2.5, 3.5]","[0.0, 2.4494898]","[-1.0, -1.0]",[7.0],[6.928203],[6.5],1,0,1,0,1.0,0.0,0
1021,4,2,1,"[0.5, 0.5, 1.5, 1.5, 2.0, 2.0, 2.0, 3.0, 7.0, 8.5]","[0.0, 0.0, 0.0, 0.0, 0.0, 1.4142135, 1.7320508, 2.828427, 6.708204, 8.485281]","[3.0, 3.5, 4.5, 5.0]","[0.0, 3.0, 4.472136, 4.582576]","[-4.5, -3.0, -2.0, -1.5]","[3.0, 4.5]","[3.0, 4.472136]","[-4.5, -3.0]","[2.5, 5.0]","[2.4494898, 4.582576]","[-3.0, -1.5]",[4.5],[0.0],[1.0],1,0,1,0,1.0,0.0,1
27338,7,3,2,"[0.5, 0.5, 0.5, 1.0, 1.5, 3.0, 3.5, 3.5, 3.5, 5.0]","[0.0, 0.0, 0.0, 0.0, 0.0, 0.0, 1.4142135, 2.828427, 3.1622777, 4.0]","[1.0, 1.5, 1.5, 2.5, 3.0, 3.5, 6.0]","[0.0, 0.0, 0.0, 1.0, 2.828427, 3.4641016, 6.0]","[-4.0, -3.5, -3.5, -3.0, -3.0, -1.5, -1.5]","[1.0, 1.5, 1.5]","[0.0, 0.0, 1.0]","[-3.5, -3.0, -1.5]","[1.5, 4.5, 8.5]","[0.0, 4.472136, 8.485281]","[0.0, 3.5, 6.5]","[4.0, 4.5]","[3.4641016, 4.472136]","[3.5, 3.5]",1,1,1,0,1.0,0.0,0
490,27,8,2,"[1.5, 3.0, 4.5, 4.5, 5.0, 5.5, 5.5, 6.0, 7.0, 7.0]","[1.4142135, 2.828427, 2.828427, 4.0, 4.2426405, 4.8989797, 5.477226, 5.91608, 6.708204, 6.928203]","[0.0, 0.0, 0.0, 0.0, 0.0, 1.5, 1.5, 1.5, 1.5, 1.5, 2.0, 2.0, 2.0, 2.5, 3.0, 3.0, 3.0, 3.5, 3.5, 4.0, 4.0, 4.0, 4.5, 5.0, 5.5, 5.5, 6.0]","[0.0, 0.0, 0.0, 0.0, 0.0, 0.0, 0.0, 0.0, 1.4142135, 1.4142135, 1.7320508, 1.7320508, 2.0, 2.0, 2.6457512, 2.828427, 2.828427, 2.828427, 3.0, 3.1622777, 3.1622777, 3.8729835, 4.0, 4.8989797, 5.2915025, 5.477226, 5.91608]","[-7.5, -6.0, -6.0, -5.5, -5.5, -5.0, -5.0, -5.0, -4.5, -4.0, -3.5, -3.0, -3.0, -3.0, -3.0, -2.5, -2.5, -2.5, -2.5, -2.5, -2.0, -2.0, -1.5, -1.5, -1.5, -1.0, -1.0]","[0.0, 0.0, 0.0, 0.0, 0.0, 1.5, 3.5, 4.0]","[0.0, 0.0, 0.0, 0.0, 0.0, 1.4142135, 3.1622777, 3.8729835]","[-7.5, -5.0, -5.0, -4.5, -2.5, -2.5, -2.5, -2.0]","[3.0, 3.0, 3.0, 4.5, 5.0, 6.5, 7.5, 7.5]","[2.236068, 2.828427, 3.0, 4.2426405, 4.582576, 6.3245554, 7.483315, 7.483315]","[-3.0, -3.0, -2.0, -0.5, 0.0, 1.5, 3.5, 4.0]","[4.0, 7.5]","[3.4641016, 7.483315]","[-1.5, 4.0]",6,1,1,1,2.0,4.0,1
174,4,2,2,"[0.0, 0.0, 0.5, 0.5, 1.5, 2.0, 3.0, 4.0, 5.0, 6.0]","[0.0, 0.0, 0.0, 0.0, 0.0, 0.0, 1.4142135, 3.4641016, 4.0, 5.196152]","[1.5, 2.0, 3.5, 4.5]","[1.4142135, 2.0, 2.828427, 3.4641016]","[-4.5, -4.5, -4.0, -1.0]","[1.5, 2.0]","[1.4142135, 2.0]","[-4.5, -4.5]","[4.5, 6.0]","[2.828427, 6.0]","[3.5, 4.5]","[4.5, 6.0]","[2.828427, 6.0]","[3.5, 4.5]",0,2,0,0,0.0,0.0,1
92460,1,1,1,"[1.5, 2.0, 2.0, 2.0, 2.0, 2.5, 3.0, 3.5, 3.5, 4.5]","[0.0, 0.0, 0.0, 0.0, 0.0, 0.0, 1.7320508, 2.0, 2.0, 4.472136]",[4.0],[3.8729835],[-1.5],[4.0],[3.8729835],[-1.5],[3.5],[2.4494898],[3.5],[3.5],[2.4494898],[3.5],0,1,0,0,0.0,0.0,0
704,2,1,1,"[0.0, 0.0, 0.5, 0.5, 1.0, 2.0, 2.0, 4.0, 4.0, 5.5]","[0.0, 0.0, 0.0, 0.0, 0.0, 0.0, 2.0, 3.8729835, 4.0, 4.8989797]","[0.5, 2.5]","[0.0, 2.0]","[-4.5, -2.5]",[0.5],[0.0],[-4.5],[1.0],[0.0],[-0.5],[1.0],[0.0],[-0.5],0,1,0,0,0.0,0.0,1
9208,2,2,1,"[0.0, 0.5, 0.5, 1.0, 1.0, 2.0, 3.0, 4.5, 5.0, 8.0]","[0.0, 0.0, 0.0, 0.0, 0.0, 1.7320508, 2.828427, 4.0, 4.472136, 7.937254]","[2.5, 4.0]","[2.0, 2.6457512]","[-2.5, -1.5]","[2.5, 4.0]","[2.0, 2.6457512]","[-2.5, -1.5]","[6.0, 8.0]","[5.656854, 7.937254]","[1.0, 2.5]",[8.5],[8.485281],[6.0],1,0,1,0,1.0,0.0,0
24427,3,1,1,"[0.0, 1.0, 1.0, 1.5, 2.0, 2.5, 3.5, 5.0, 5.5, 6.0]","[0.0, 0.0, 0.0, 1.0, 1.0, 1.4142135, 2.0, 4.2426405, 4.8989797, 5.196152]","[1.0, 2.5, 4.0]","[1.0, 2.0, 3.8729835]","[-8.0, -5.5, -3.0]",[1.0],[1.0],[-8.0],[7.0],[6.928203],[4.5],[7.0],[6.928203],[4.5],0,1,0,0,0.0,0.0,0
15187,1,1,1,"[0.0, 0.5, 0.5, 1.5, 1.5, 2.0, 3.5, 3.5, 5.5, 7.0]","[0.0, 0.0, 0.0, 0.0, 0.0, 0.0, 1.4142135, 3.1622777, 5.2915025, 7.0]",[4.5],[4.2426405],[-1.0],[4.5],[4.2426405],[-1.0],[9.0],[9.0],[2.0],[9.0],[9.0],[2.0],0,1,0,0,0.0,0.0,0
453,1,1,1,"[0.5, 0.5, 1.0, 1.0, 1.5, 2.0, 2.5, 2.5, 3.0, 3.5]","[0.0, 0.0, 0.0, 0.0, 1.4142135, 1.7320508, 2.0, 2.0, 2.828427, 3.4641016]",[1.5],[1.4142135],[-1.5],[1.5],[1.4142135],[-1.5],[3.5],[3.1622777],[1.5],[3.5],[3.1622777],[1.5],0,1,0,0,0.0,0.0,1
71914,2,2,1,"[0.5, 1.0, 1.0, 1.0, 1.5, 1.5, 2.0, 2.0, 4.5, 8.5]","[0.0, 0.0, 0.0, 0.0, 0.0, 1.0, 1.4142135, 1.7320508, 4.2426405, 8.485281]","[1.5, 3.0]","[0.0, 2.236068]","[-4.0, -2.5]","[1.5, 3.0]","[0.0, 2.236068]","[-4.0, -2.5]","[4.0, 5.0]","[3.4641016, 4.8989797]","[-0.5, 0.5]",[4.5],[4.472136],[4.0],1,0,1,0,1.0,0.0,0
285,30,5,2,"[0.0, 2.5, 3.5, 4.5, 5.0, 5.0, 5.5, 7.0, 7.5, 8.5]","[0.0, 0.0, 2.0, 3.0, 3.0, 4.2426405, 4.472136, 6.708204, 7.483315, 8.485281]","[0.0, 0.0, 0.5, 1.0, 1.5, 1.5, 1.5, 1.5, 1.5, 2.0, 2.0, 2.5, 3.0, 3.0, 3.0, 3.5, 3.5, 4.0, 4.0, 4.0, 4.5, 4.5, 4.5, 4.5, 4.5, 4.5, 4.5, 5.0, 5.5, 6.5]","[0.0, 0.0, 0.0, 0.0, 0.0, 0.0, 0.0, 0.0, 0.0, 0.0, 1.4142135, 1.4142135, 1.4142135, 1.7320508, 2.0, 2.4494898, 2.6457512, 2.828427, 2.828427, 3.0, 3.7416575, 4.0, 4.2426405, 4.472136, 4.472136, 4.472136, 4.472136, 4.8989797, 5.2915025, 6.3245554]","[-8.0, -8.0, -7.0, -6.5, -6.5, -6.5, -6.0, -5.0, -5.0, -4.5, -4.5, -4.5, -4.5, -4.5, -4.5, -4.0, -4.0, -3.5, -3.5, -3.5, -3.5, -3.0, -2.5, -2.5, -2.5, -2.5, -2.5, -2.0, -1.5, -1.5]","[0.0, 0.0, 0.5, 1.5, 2.5]","[0.0, 0.0, 0.0, 0.0, 0.0]","[-8.0, -8.0, -6.5, -6.5, -6.5]","[4.0, 4.5, 5.0, 5.5, 6.0]","[2.6457512, 4.472136, 4.582576, 5.477226, 5.656854]","[-3.5, 0.0, 0.5, 0.5, 2.5]","[4.0, 8.0]","[2.6457512, 7.937254]","[2.5, 7.5]",3,0,2,0,1.5,0.0,1
74835,2,2,1,"[0.0, 0.5, 1.0, 1.0, 1.5, 2.0, 2.0, 3.0, 5.5, 7.0]","[0.0, 0.0, 0.0, 0.0, 1.0, 2.0, 2.0, 3.0, 5.2915025, 7.0]","[2.0, 2.5]","[0.0, 2.0]","[-2.0, -1.5]","[2.0, 2.5]","[0.0, 2.0]","[-2.0, -1.5]","[2.0, 4.0]","[0.0, 3.4641016]","[-1.0, 0.0]",[8.0],[7.937254],[6.5],1,0,1,0,1.0,0.0,0
714,3,2,1,"[0.5, 1.0, 1.0, 1.0, 1.5, 1.5, 3.0, 3.5, 4.5, 6.0]","[0.0, 0.0, 0.0, 0.0, 1.4142135, 1.4142135, 2.828427, 2.828427, 3.4641016, 5.91608]","[2.0, 2.5, 4.5]","[0.0, 0.0, 3.7416575]","[-5.0, -1.5, -1.0]","[2.0, 2.5]","[0.0, 0.0]","[-5.0, -1.5]","[4.0, 7.5]","[2.6457512, 7.3484693]","[1.0, 2.0]",[2.5],[0.0],[0.0],1,0,1,0,1.0,0.0,1
466,27,7,3,"[1.5, 2.0, 3.5, 4.5, 4.5, 4.5, 5.0, 6.0, 6.5, 8.5]","[0.0, 0.0, 2.828427, 2.828427, 3.1622777, 3.7416575, 4.582576, 5.656854, 6.3245554, 8.485281]","[0.5, 0.5, 1.0, 1.0, 1.0, 1.5, 1.5, 2.0, 2.0, 2.0, 2.0, 2.0, 2.0, 2.5, 2.5, 2.5, 3.0, 3.0, 3.0, 3.0, 3.0, 3.5, 3.5, 4.0, 5.0, 5.5, 5.5]","[0.0, 0.0, 0.0, 0.0, 0.0, 0.0, 0.0, 0.0, 0.0, 1.0, 1.4142135, 1.4142135, 1.7320508, 1.7320508, 2.0, 2.0, 2.0, 2.236068, 2.4494898, 2.828427, 3.0, 3.0, 3.4641016, 3.8729835, 4.8989797, 5.477226, 5.477226]","[-7.0, -6.5, -6.5, -6.0, -5.5, -4.5, -4.5, -4.5, -4.5, -4.0, -4.0, -4.0, -4.0, -4.0, -4.0, -3.5, -3.5, -3.0, -3.0, -3.0, -3.0, -2.5, -2.5, -2.5, -2.0, -2.0, -2.0]","[0.5, 0.5, 1.0, 1.0, 2.0, 2.0, 2.0]","[0.0, 0.0, 0.0, 0.0, 0.0, 2.0, 2.0]","[-7.0, -6.5, -4.5, -4.0, -4.0, -4.0, -3.0]","[1.0, 2.0, 5.0, 5.5, 6.0, 6.5, 9.0]","[0.0, 2.0, 4.2426405, 4.8989797, 5.91608, 6.0, 9.0]","[-6.5, -4.0, 0.5, 1.5, 3.5, 4.5, 5.0]","[4.5, 4.5, 5.0]","[0.0, 4.2426405, 4.8989797]","[1.0, 3.5, 5.0]",4,1,2,1,1.0,2.0,1
6605,5,2,1,"[1.0, 1.0, 1.0, 1.5, 2.0, 3.5, 3.5, 4.0, 4.0, 7.0]","[0.0, 0.0, 1.0, 1.0, 1.4142135, 3.1622777, 3.4641016, 3.8729835, 4.0, 6.928203]","[1.5, 2.5, 3.0, 4.5, 4.5]","[0.0, 2.4494898, 2.828427, 4.2426405, 4.472136]","[-2.5, -2.5, -2.0, -1.5, -1.0]","[2.5, 4.5]","[2.4494898, 4.2426405]","[-2.5, -1.5]","[4.5, 6.0]","[3.7416575, 5.196152]","[0.0, 0.0]",[7.0],[6.928203],[3.5],1,0,1,0,1.0,0.0,0
1019,12,5,2,"[1.5, 2.0, 2.0, 2.5, 3.0, 3.0, 3.5, 4.0, 4.5, 4.5]","[0.0, 0.0, 1.4142135, 1.7320508, 2.0, 2.0, 3.0, 3.7416575, 3.7416575, 4.0]","[0.0, 0.0, 0.5, 1.0, 1.0, 1.5, 2.0, 2.5, 3.0, 3.0, 3.5, 6.0]","[0.0, 0.0, 0.0, 0.0, 0.0, 0.0, 1.0, 1.7320508, 2.236068, 2.4494898, 3.1622777, 6.0]","[-4.5, -4.0, -4.0, -3.5, -2.5, -2.5, -2.0, -2.0, -1.5, -1.5, -1.5, -1.0]","[0.0, 0.0, 0.5, 1.0, 1.5]","[0.0, 0.0, 0.0, 0.0, 0.0]","[-4.0, -4.0, -3.5, -2.5, -2.0]","[3.5, 4.5, 4.5, 6.0, 7.0]","[0.0, 3.7416575, 4.472136, 5.91608, 6.708204]","[0.0, 0.5, 3.5, 4.0, 4.5]","[4.0, 4.5]","[3.7416575, 3.8729835]","[1.0, 3.5]",3,1,1,0,3.0,0.0,1
955,1,1,1,"[0.0, 0.0, 0.0, 1.0, 1.0, 1.0, 1.5, 2.5, 4.5, 5.5]","[0.0, 0.0, 0.0, 0.0, 0.0, 0.0, 1.4142135, 2.4494898, 4.472136, 4.8989797]",[1.5],[0.0],[-4.5],[1.5],[0.0],[-4.5],[4.5],[3.7416575],[0.5],[4.5],[3.7416575],[0.5],0,1,0,0,0.0,0.0,1
14662,8,3,2,"[1.0, 1.0, 2.0, 2.5, 3.0, 3.5, 4.0, 4.0, 6.0, 7.5]","[0.0, 0.0, 1.0, 1.7320508, 2.236068, 2.6457512, 3.4641016, 3.8729835, 5.656854, 7.483315]","[1.5, 2.0, 2.0, 2.5, 3.5, 3.5, 3.5, 3.5]","[0.0, 0.0, 0.0, 0.0, 1.4142135, 2.0, 2.4494898, 3.4641016]","[-5.0, -5.0, -3.5, -3.0, -3.0, -3.0, -2.0, -2.0]","[1.5, 2.0, 2.0]","[0.0, 1.4142135, 2.0]","[-5.0, -3.5, -2.0]","[3.0, 3.5, 7.5]","[0.0, 3.4641016, 7.3484693]","[-2.5, 1.5, 2.0]","[3.5, 3.5]","[0.0, 3.4641016]","[0.0, 1.5]",1,1,1,0,1.0,0.0,0
33486,2,1,1,"[0.5, 0.5, 0.5, 1.0, 1.5, 1.5, 2.0, 2.5, 4.0, 4.0]","[0.0, 0.0, 0.0, 0.0, 0.0, 0.0, 0.0, 1.4142135, 2.0, 3.8729835]","[1.0, 2.0]","[1.0, 1.7320508]","[-2.5, -2.0]",[1.0],[1.0],[-2.0],[4.5],[4.2426405],[4.0],[4.5],[4.2426405],[4.0],0,1,0,0,0.0,0.0,0
61586,6,3,2,"[0.0, 0.0, 1.5, 2.0, 2.0, 2.0, 2.5, 3.5, 4.0, 8.5]","[0.0, 0.0, 0.0, 0.0, 0.0, 1.4142135, 1.7320508, 2.0, 3.4641016, 8.485281]","[1.5, 2.0, 2.0, 3.0, 4.0, 4.5]","[0.0, 0.0, 1.7320508, 2.236068, 2.828427, 3.4641016]","[-4.5, -3.5, -3.0, -3.0, -1.5, -1.0]","[1.5, 2.0, 2.0]","[0.0, 0.0, 1.7320508]","[-4.5, -3.5, -3.0]","[2.5, 3.0, 3.5]","[2.0, 2.4494898, 3.0]","[-2.0, -2.0, 2.0]","[3.0, 6.5]","[3.0, 6.3245554]","[2.0, 5.0]",1,1,1,0,1.0,0.0,0
14291,3,2,1,"[0.0, 0.0, 0.5, 1.0, 1.0, 1.5, 2.5, 3.5, 4.0, 6.0]","[0.0, 0.0, 0.0, 1.0, 1.0, 1.4142135, 2.4494898, 2.4494898, 3.4641016, 5.196152]","[1.0, 3.0, 6.0]","[0.0, 0.0, 5.656854]","[-2.0, -1.5, -1.0]","[1.0, 3.0]","[0.0, 0.0]","[-2.0, -1.0]","[1.5, 2.5]","[1.4142135, 2.0]","[-2.5, -0.5]",[5.5],[5.2915025],[4.5],1,0,1,0,1.0,0.0,0
935,3,1,1,"[0.0, 0.5, 1.5, 1.5, 1.5, 2.0, 2.0, 2.5, 4.0, 5.5]","[0.0, 0.0, 1.4142135, 1.4142135, 1.4142135, 1.7320508, 2.0, 2.0, 3.8729835, 4.2426405]","[1.5, 2.0, 2.0]","[0.0, 0.0, 1.7320508]","[-5.0, -4.0, -1.5]",[1.5],[0.0],[-4.0],[6.0],[5.196152],[4.5],[6.0],[5.196152],[4.5],0,1,0,0,0.0,0.0,1
815,3,1,1,"[0.0, 0.5, 1.0, 1.5, 2.5, 3.0, 3.0, 3.5, 4.0, 7.0]","[0.0, 0.0, 0.0, 0.0, 0.0, 0.0, 2.236068, 3.1622777, 3.8729835, 6.928203]","[2.0, 4.5, 5.0]","[0.0, 3.7416575, 4.8989797]","[-3.5, -2.0, -1.5]",[2.0],[0.0],[-3.5],[2.0],[0.0],[-1.0],[2.0],[0.0],[-1.0],0,1,0,0,0.0,0.0,1
183,3,2,2,"[0.0, 0.0, 1.5, 1.5, 2.0, 2.0, 2.5, 4.5, 5.0, 7.0]","[0.0, 0.0, 0.0, 0.0, 0.0, 2.0, 2.0, 2.4494898, 4.8989797, 6.708204]","[1.5, 3.0, 4.5]","[0.0, 1.4142135, 4.2426405]","[-3.0, -3.0, -2.0]","[3.0, 4.5]","[0.0, 4.2426405]","[-3.0, -2.0]","[4.0, 8.0]","[3.8729835, 8.0]","[1.5, 5.0]","[4.0, 8.0]","[3.8729835, 8.0]","[1.5, 5.0]",0,2,0,0,0.0,0.0,1
51782,4,2,2,"[1.0, 1.0, 1.5, 1.5, 1.5, 2.0, 3.0, 3.0, 5.0, 6.5]","[0.0, 0.0, 0.0, 0.0, 0.0, 2.0, 2.236068, 2.828427, 3.0, 6.3245554]","[2.5, 3.0, 3.5, 5.0]","[2.0, 2.4494898, 2.828427, 4.0]","[-4.0, -3.0, -2.0, -1.0]","[2.5, 3.0]","[2.0, 2.828427]","[-4.0, -3.0]","[5.5, 8.0]","[4.2426405, 7.937254]","[3.0, 7.0]","[5.5, 8.0]","[4.2426405, 7.937254]","[3.0, 7.0]",0,2,0,0,0.0,0.0,0
76825,2,2,1,"[0.0, 0.5, 0.5, 1.0, 1.5, 2.0, 3.0, 3.0, 3.0, 8.5]","[0.0, 0.0, 0.0, 0.0, 0.0, 0.0, 1.0, 2.236068, 2.828427, 8.485281]","[2.5, 4.5]","[0.0, 4.472136]","[-3.5, -2.5]","[2.5, 4.5]","[0.0, 4.472136]","[-3.5, -2.5]","[2.5, 3.5]","[0.0, 3.4641016]","[-2.0, -1.0]",[5.0],[4.0],[4.5],1,0,1,0,1.0,0.0,0
298,7,2,2,"[0.0, 1.0, 1.5, 1.5, 2.5, 3.0, 3.5, 5.5, 7.0, 7.5]","[0.0, 0.0, 0.0, 0.0, 1.4142135, 2.0, 3.4641016, 4.8989797, 6.708204, 7.483315]","[3.0, 3.5, 3.5, 3.5, 4.5, 4.5, 5.5]","[2.4494898, 2.828427, 3.4641016, 3.4641016, 4.2426405, 4.472136, 5.477226]","[-5.5, -3.0, -2.5, -2.0, -2.0, -1.0, -1.0]","[3.0, 3.5]","[2.828427, 3.4641016]","[-5.5, -3.0]","[5.5, 6.0]","[4.8989797, 5.91608]","[1.5, 2.0]","[5.5, 6.0]","[4.8989797, 5.91608]","[1.5, 2.0]",0,2,0,0,0.0,0.0,1
64798,4,1,1,"[0.5, 1.5, 1.5, 1.5, 1.5, 2.0, 2.0, 3.5, 4.5, 6.0]","[0.0, 0.0, 0.0, 1.4142135, 1.4142135, 1.7320508, 2.0, 2.4494898, 2.828427, 5.656854]","[2.0, 2.5, 3.0, 4.5]","[0.0, 2.0, 2.0, 3.7416575]","[-6.0, -4.5, -1.5, -1.0]",[2.0],[2.0],[-6.0],[4.5],[3.7416575],[2.0],[4.5],[3.7416575],[2.0],0,1,0,0,0.0,0.0,0
25641,1,1,1,"[0.5, 1.0, 1.0, 1.5, 2.0, 2.0, 3.0, 3.0, 5.0, 5.5]","[0.0, 0.0, 0.0, 0.0, 0.0, 0.0, 2.236068, 2.236068, 3.0, 5.2915025]",[1.0],[0.0],[-2.0],[1.0],[0.0],[-2.0],[7.0],[6.708204],[6.5],[7.0],[6.708204],[6.5],0,1,0,0,0.0,0.0,0
44861,1,1,1,"[0.0, 0.0, 0.0, 0.5, 1.5, 2.0, 2.0, 2.0, 3.0, 6.0]","[0.0, 0.0, 0.0, 0.0, 0.0, 0.0, 1.7320508, 1.7320508, 2.236068, 5.196152]",[1.5],[0.0],[-3.5],[1.5],[0.0],[-3.5],[5.5],[4.8989797],[1.5],[5.5],[4.8989797],[1.5],0,1,0,0,0.0,0.0,0
25189,4,3,2,"[0.0, 0.5, 1.0, 1.5, 1.5, 2.0, 2.0, 3.5, 6.5, 7.0]","[0.0, 0.0, 0.0, 0.0, 0.0, 0.0, 1.4142135, 2.0, 6.4807405, 7.0]","[1.0, 2.0, 3.0, 4.5]","[0.0, 1.0, 2.236068, 4.2426405]","[-4.5, -2.5, -2.0, -1.0]","[1.0, 2.0, 4.5]","[0.0, 1.0, 4.2426405]","[-4.5, -2.5, -1.0]","[2.5, 5.0, 6.0]","[2.4494898, 5.0, 5.656854]","[-1.0, -0.5, 3.5]","[4.0, 5.0]","[3.4641016, 5.0]","[0.5, 3.5]",1,1,1,0,1.0,0.0,0
471,3,1,1,"[0.5, 0.5, 1.0, 2.0, 2.0, 2.5, 2.5, 3.0, 4.0, 5.0]","[0.0, 0.0, 0.0, 0.0, 0.0, 2.0, 2.4494898, 3.0, 3.0, 3.8729835]","[2.0, 3.5, 6.0]","[0.0, 2.4494898, 5.656854]","[-4.5, -3.0, -1.0]",[2.0],[0.0],[-4.5],[4.5],[2.828427],[4.0],[4.5],[2.828427],[4.0],0,1,0,0,0.0,0.0,1
512,5,2,1,"[0.0, 0.5, 0.5, 1.0, 1.5, 1.5, 3.0, 5.0, 6.0, 6.5]","[0.0, 0.0, 0.0, 0.0, 0.0, 1.4142135, 2.828427, 5.0, 5.91608, 6.3245554]","[0.5, 1.0, 2.5, 3.5, 3.5]","[0.0, 0.0, 0.0, 2.4494898, 3.4641016]","[-5.0, -4.0, -3.0, -1.5, -1.0]","[0.5, 1.0]","[0.0, 0.0]","[-5.0, -3.0]","[3.5, 6.5]","[3.4641016, 6.0]","[-1.5, 4.0]",[7.5],[7.3484693],[5.0],1,0,1,0,1.0,0.0,1
966,20,5,1,"[1.0, 2.0, 2.0, 2.5, 3.0, 3.5, 6.0, 7.0, 7.0, 8.0]","[0.0, 1.0, 1.7320508, 2.0, 2.236068, 3.1622777, 5.196152, 6.928203, 6.928203, 8.0]","[0.0, 0.5, 1.0, 1.0, 1.0, 1.5, 1.5, 2.0, 2.5, 2.5, 3.0, 3.0, 3.0, 3.5, 3.5, 3.5, 4.0, 4.5, 4.5, 5.0]","[0.0, 0.0, 0.0, 0.0, 0.0, 0.0, 0.0, 1.0, 1.0, 1.4142135, 1.7320508, 2.0, 2.4494898, 2.6457512, 2.828427, 3.1622777, 3.4641016, 4.2426405, 4.472136, 4.582576]","[-6.0, -5.0, -5.0, -4.5, -4.5, -4.5, -4.0, -4.0, -4.0, -4.0, -4.0, -3.5, -3.5, -3.5, -3.5, -3.0, -2.0, -2.0, -1.5, -1.5]","[0.0, 1.0, 1.0, 1.5, 2.5]","[0.0, 0.0, 1.0, 1.0, 2.0]","[-6.0, -5.0, -4.5, -4.0, -4.0]","[0.0, 2.5, 5.0, 5.5, 7.0]","[0.0, 2.0, 4.582576, 4.8989797, 6.708204]","[-4.0, -4.0, -3.5, -1.0, 2.0]",[5.5],[5.2915025],[0.5],4,0,1,1,2.0,2.0,1
244,22,5,1,"[1.0, 1.5, 2.0, 4.0, 4.5, 5.0, 5.5, 6.0, 6.5, 8.5]","[0.0, 0.0, 1.4142135, 2.828427, 3.8729835, 4.582576, 4.8989797, 5.656854, 6.3245554, 8.485281]","[0.5, 0.5, 1.0, 1.0, 1.0, 1.5, 1.5, 2.0, 2.0, 2.5, 2.5, 2.5, 3.0, 3.5, 3.5, 3.5, 4.5, 5.0, 5.0, 5.0, 6.0, 7.0]","[0.0, 0.0, 0.0, 0.0, 0.0, 0.0, 1.4142135, 1.4142135, 1.7320508, 2.0, 2.236068, 2.4494898, 2.4494898, 2.4494898, 3.1622777, 3.4641016, 3.7416575, 4.8989797, 4.8989797, 4.8989797, 5.91608, 6.928203]","[-7.5, -7.0, -6.5, -6.0, -5.5, -5.5, -5.0, -5.0, -5.0, -4.5, -4.5, -4.5, -3.0, -3.0, -2.5, -2.5, -2.0, -2.0, -1.5, -1.5, -1.5, -1.0]","[0.5, 0.5, 1.0, 1.5, 3.5]","[0.0, 0.0, 0.0, 1.4142135, 2.4494898]","[-7.5, -7.0, -5.5, -2.5, -2.0]","[1.0, 5.0, 5.0, 5.5, 7.0]","[0.0, 4.8989797, 4.8989797, 5.2915025, 6.928203]","[-6.5, -3.0, -2.0, 0.0, 4.5]",[2.5],[2.0],[-2.0],4,0,1,0,4.0,0.0,1
54324,4,2,1,"[0.0, 0.0, 1.0, 1.0, 1.5, 1.5, 2.0, 3.0, 5.5, 7.0]","[0.0, 0.0, 0.0, 0.0, 0.0, 0.0, 1.4142135, 2.0, 5.477226, 6.928203]","[3.0, 3.5, 3.5, 5.0]","[2.236068, 2.4494898, 3.4641016, 5.0]","[-2.5, -2.0, -1.5, -1.5]","[3.5, 5.0]","[3.4641016, 5.0]","[-2.5, -2.0]","[2.0, 8.5]","[1.7320508, 8.485281]","[-1.0, 2.0]",[4.0],[4.0],[1.5],1,0,1,0,1.0,0.0,0
271,1,1,1,"[0.0, 0.5, 0.5, 1.0, 2.0, 2.0, 2.0, 2.0, 2.5, 4.5]","[0.0, 0.0, 0.0, 0.0, 0.0, 1.0, 1.7320508, 2.0, 2.4494898, 2.828427]",[3.0],[0.0],[-1.5],[3.0],[0.0],[-1.5],[4.0],[3.8729835],[3.0],[4.0],[3.8729835],[3.0],0,1,0,0,0.0,0.0,1
662,2,1,1,"[1.0, 1.0, 1.5, 1.5, 2.0, 2.5, 2.5, 3.5, 4.5, 5.5]","[0.0, 0.0, 0.0, 0.0, 0.0, 1.4142135, 2.0, 2.828427, 3.4641016, 5.477226]","[4.0, 4.0]","[3.4641016, 3.8729835]","[-3.0, -1.0]",[4.0],[3.4641016],[-3.0],[7.0],[7.0],[4.0],[7.0],[7.0],[4.0],0,1,0,0,0.0,0.0,1
30415,5,3,3,"[0.0, 0.5, 1.0, 1.0, 1.0, 2.0, 3.0, 4.0, 4.5, 6.5]","[0.0, 0.0, 0.0, 0.0, 0.0, 1.7320508, 2.236068, 3.4641016, 4.2426405, 6.3245554]","[1.0, 1.5, 2.0, 3.5, 5.0]","[0.0, 1.4142135, 1.7320508, 3.1622777, 5.0]","[-4.0, -3.5, -3.0, -2.5, -2.0]","[1.0, 1.5, 2.0]","[0.0, 1.4142135, 1.7320508]","[-4.0, -3.5, -3.0]","[1.5, 4.0, 5.0]","[1.4142135, 2.6457512, 4.8989797]","[0.0, 1.0, 3.5]","[1.5, 4.0, 5.0]","[1.4142135, 2.6457512, 4.8989797]","[0.0, 1.0, 3.5]",0,3,0,0,0.0,0.0,0
69223,2,2,1,"[0.0, 0.5, 1.0, 1.0, 1.0, 1.5, 2.5, 3.0, 3.0, 6.5]","[0.0, 0.0, 0.0, 1.0, 1.0, 1.4142135, 2.0, 2.236068, 3.0, 6.4807405]","[3.5, 4.5]","[2.4494898, 4.472136]","[-1.0, -1.0]","[3.5, 4.5]","[2.4494898, 4.472136]","[-1.0, -1.0]","[2.5, 5.5]","[2.0, 5.2915025]","[-1.5, 2.0]",[7.5],[7.483315],[6.5],1,0,1,0,1.0,0.0,0
46352,1,1,1,"[0.0, 0.0, 0.5, 1.0, 1.0, 1.5, 2.0, 2.5, 3.0, 3.5]","[0.0, 0.0, 0.0, 0.0, 1.0, 1.4142135, 1.7320508, 2.0, 2.236068, 3.1622777]",[1.0],[0.0],[-2.0],[1.0],[0.0],[-2.0],[3.0],[0.0],[2.0],[3.0],[0.0],[2.0],0,1,0,0,0.0,0.0,0
912,5,2,1,"[0.5, 0.5, 1.0, 1.0, 1.0, 2.0, 2.5, 2.5, 2.5, 7.5]","[0.0, 0.0, 0.0, 0.0, 0.0, 0.0, 0.0, 1.0, 2.0, 7.3484693]","[1.5, 2.5, 3.0, 4.0, 4.0]","[0.0, 0.0, 1.4142135, 2.828427, 3.8729835]","[-4.0, -3.0, -2.5, -1.0, -1.0]","[1.5, 3.0]","[1.4142135, 2.828427]","[-4.0, -2.5]","[5.0, 5.5]","[4.582576, 5.477226]","[0.0, 2.0]",[3.0],[2.236068],[2.0],1,0,1,0,1.0,0.0,1
13564,4,3,2,"[0.0, 0.0, 1.5, 2.0, 2.0, 2.5, 2.5, 4.0, 4.5, 4.5]","[0.0, 0.0, 1.4142135, 1.7320508, 1.7320508, 2.4494898, 2.4494898, 2.6457512, 2.828427, 4.2426405]","[1.0, 1.0, 1.5, 2.5]","[0.0, 1.0, 1.4142135, 2.0]","[-5.5, -4.0, -3.0, -1.5]","[1.0, 1.0, 1.5]","[0.0, 1.0, 1.4142135]","[-5.5, -4.0, -1.5]","[2.5, 3.0, 8.5]","[0.0, 0.0, 8.485281]","[0.5, 2.0, 5.0]","[2.5, 3.0]","[0.0, 2.4494898]","[1.5, 2.0]",1,1,1,0,1.0,0.0,0
97024,5,3,3,"[1.5, 1.5, 1.5, 2.0, 2.0, 2.5, 3.0, 3.5, 4.5, 6.0]","[0.0, 0.0, 1.4142135, 1.4142135, 2.0, 2.4494898, 2.4494898, 2.828427, 3.7416575, 5.196152]","[0.5, 1.5, 2.0, 2.5, 3.0]","[0.0, 0.0, 2.0, 2.236068, 2.4494898]","[-5.0, -4.0, -3.5, -3.0, -1.5]","[0.5, 2.0, 2.5]","[0.0, 2.0, 2.4494898]","[-4.0, -3.0, -1.5]","[4.0, 4.5, 7.0]","[2.828427, 3.4641016, 6.708204]","[2.5, 3.5, 5.0]","[4.0, 4.5, 7.0]","[2.828427, 3.4641016, 6.708204]","[2.5, 3.5, 5.0]",0,3,0,0,0.0,0.0,0
672,2,1,1,"[0.0, 0.5, 1.0, 1.5, 2.0, 2.5, 3.0, 3.0, 3.0, 6.5]","[0.0, 0.0, 0.0, 0.0, 0.0, 1.4142135, 2.236068, 2.828427, 2.828427, 6.0]","[3.5, 3.5]","[0.0, 3.4641016]","[-3.0, -2.0]",[3.5],[3.4641016],[-3.0],[8.5],[8.485281],[6.5],[8.5],[8.485281],[6.5],0,1,0,0,0.0,0.0,1
413,1,1,1,"[0.5, 0.5, 1.0, 1.0, 1.5, 1.5, 2.0, 2.0, 4.0, 5.5]","[0.0, 0.0, 0.0, 0.0, 0.0, 1.0, 1.7320508, 1.7320508, 4.0, 4.8989797]",[4.0],[3.8729835],[-2.0],[4.0],[3.8729835],[-2.0],[9.0],[9.0],[5.5],[9.0],[9.0],[5.5],0,1,0,0,0.0,0.0,1
35,1,1,1,"[0.0, 0.0, 0.5, 0.5, 0.5, 1.5, 2.5, 2.5, 3.5, 4.5]","[0.0, 0.0, 0.0, 0.0, 0.0, 0.0, 1.4142135, 2.0, 2.4494898, 4.472136]",[3.5],[3.4641016],[-1.0],[3.5],[3.4641016],[-1.0],[2.5],[2.4494898],[2.0],[2.5],[2.4494898],[2.0],0,1,0,0,0.0,0.0,1
725,2,1,1,"[1.0, 1.0, 1.0, 1.5, 1.5, 2.5, 2.5, 3.0, 3.5, 4.0]","[0.0, 0.0, 0.0, 0.0, 0.0, 1.0, 1.4142135, 1.4142135, 2.236068, 2.4494898]","[3.0, 5.0]","[0.0, 4.582576]","[-2.5, -1.5]",[3.0],[0.0],[-1.5],[5.0],[3.0],[2.5],[5.0],[3.0],[2.5],0,1,0,0,0.0,0.0,1
1016,3,2,1,"[0.0, 0.0, 1.0, 1.0, 2.5, 2.5, 5.0, 5.5, 5.5, 6.5]","[0.0, 0.0, 0.0, 0.0, 2.0, 2.0, 4.0, 4.2426405, 4.2426405, 6.4807405]","[1.0, 2.5, 6.5]","[0.0, 0.0, 6.3245554]","[-3.5, -3.0, -1.0]","[1.0, 2.5]","[0.0, 0.0]","[-3.5, -3.0]","[5.0, 6.5]","[4.0, 6.3245554]","[-1.0, 0.0]",[5.5],[4.8989797],[-1.5],1,0,1,0,1.0,0.0,1
76524,2,2,2,"[0.0, 0.5, 1.0, 1.5, 1.5, 2.5, 2.5, 3.5, 3.5, 5.5]","[0.0, 0.0, 0.0, 0.0, 1.0, 2.4494898, 2.4494898, 2.4494898, 2.4494898, 5.477226]","[1.5, 2.5]","[0.0, 2.4494898]","[-2.0, -2.0]","[1.5, 2.5]","[0.0, 2.4494898]","[-2.0, -2.0]","[5.5, 5.5]","[4.8989797, 5.2915025]","[2.5, 4.0]","[5.5, 5.5]","[4.8989797, 5.2915025]","[2.5, 4.0]",0,2,0,0,0.0,0.0,0
89929,5,3,2,"[0.5, 1.0, 1.5, 1.5, 2.0, 2.0, 2.0, 4.0, 4.5, 7.0]","[0.0, 1.0, 1.4142135, 1.4142135, 1.7320508, 2.0, 2.0, 3.8729835, 4.472136, 7.0]","[1.5, 1.5, 2.0, 2.5, 3.5]","[0.0, 0.0, 1.4142135, 1.7320508, 2.4494898]","[-4.0, -3.5, -2.0, -1.0, -1.0]","[1.5, 1.5, 3.5]","[0.0, 1.4142135, 2.4494898]","[-3.5, -1.0, -1.0]","[2.5, 4.0, 6.5]","[0.0, 2.4494898, 6.4807405]","[-0.5, 0.0, 3.0]","[4.0, 5.0]","[0.0, 4.0]","[0.0, 2.5]",1,1,1,0,1.0,0.0,0
220,5,2,1,"[1.0, 1.5, 1.5, 1.5, 1.5, 2.0, 2.0, 5.5, 6.5, 6.5]","[0.0, 0.0, 0.0, 0.0, 1.4142135, 1.4142135, 1.4142135, 4.2426405, 6.3245554, 6.4807405]","[2.0, 2.0, 2.5, 3.0, 5.0]","[1.7320508, 2.0, 2.0, 2.236068, 4.582576]","[-5.5, -2.0, -2.0, -1.5, -1.5]","[2.0, 3.0]","[2.0, 2.236068]","[-5.5, -2.0]","[4.0, 7.0]","[3.8729835, 6.708204]","[-0.5, 0.0]",[3.5],[0.0],[-2.5],1,0,1,0,1.0,0.0,1
59932,3,2,2,"[0.0, 0.5, 0.5, 1.0, 1.0, 2.0, 2.5, 4.0, 5.0, 8.5]","[0.0, 0.0, 0.0, 0.0, 0.0, 0.0, 2.4494898, 3.0, 3.4641016, 8.485281]","[2.5, 5.5, 6.5]","[2.0, 5.477226, 6.4807405]","[-4.0, -2.5, -2.0]","[2.5, 5.5]","[2.0, 5.477226]","[-4.0, -2.0]","[6.0, 6.5]","[5.91608, 6.4807405]","[2.5, 4.5]","[6.0, 6.5]","[5.91608, 6.4807405]","[2.5, 4.5]",0,2,0,0,0.0,0.0,0
46877,2,2,1,"[1.0, 1.0, 1.5, 1.5, 2.0, 2.0, 2.0, 2.5, 4.0, 6.5]","[0.0, 0.0, 0.0, 0.0, 0.0, 0.0, 1.4142135, 1.7320508, 3.4641016, 6.3245554]","[2.5, 4.0]","[2.0, 3.4641016]","[-2.0, -1.5]","[2.5, 4.0]","[2.0, 3.4641016]","[-2.0, -1.5]","[5.5, 8.0]","[4.8989797, 7.937254]","[2.5, 4.0]",[5.5],[5.477226],[5.0],1,0,1,0,1.0,0.0,0
377,4,2,2,"[0.0, 0.5, 1.0, 1.5, 2.5, 2.5, 2.5, 3.0, 3.0, 8.0]","[0.0, 0.0, 0.0, 0.0, 1.4142135, 2.0, 2.0, 2.828427, 3.0, 7.937254]","[1.0, 1.5, 2.5, 3.0]","[1.0, 1.4142135, 2.236068, 2.4494898]","[-4.0, -3.0, -1.5, -1.5]","[1.0, 2.5]","[1.0, 2.4494898]","[-4.0, -1.5]","[5.0, 8.5]","[5.0, 8.485281]","[-1.0, 7.0]","[5.0, 8.5]","[5.0, 8.485281]","[-1.0, 7.0]",0,2,0,0,0.0,0.0,1
26,1,1,1,"[0.0, 0.5, 0.5, 0.5, 1.0, 1.0, 2.0, 3.5, 5.0, 8.5]","[0.0, 0.0, 0.0, 0.0, 0.0, 0.0, 1.0, 2.0, 4.8989797, 8.485281]",[2.0],[0.0],[-6.0],[2.0],[0.0],[-6.0],[7.0],[6.928203],[3.0],[7.0],[6.928203],[3.0],0,1,0,0,0.0,0.0,1
567,5,3,2,"[0.5, 0.5, 1.5, 1.5, 1.5, 2.5, 3.5, 3.5, 4.0, 6.5]","[0.0, 0.0, 0.0, 0.0, 1.4142135, 2.4494898, 2.4494898, 3.4641016, 4.0, 6.0]","[1.5, 2.5, 3.0, 4.0, 4.5]","[0.0, 0.0, 0.0, 2.828427, 3.7416575]","[-2.5, -2.0, -2.0, -1.5, -1.0]","[1.5, 3.0, 4.5]","[0.0, 2.828427, 3.7416575]","[-2.0, -1.5, -1.0]","[2.5, 5.5, 7.0]","[2.4494898, 5.2915025, 7.0]","[-0.5, 0.0, 4.5]","[7.0, 7.0]","[6.708204, 7.0]","[4.5, 5.0]",1,1,1,0,1.0,0.0,1
187,1,1,1,"[0.0, 0.5, 1.0, 1.0, 1.5, 2.0, 3.0, 3.5, 4.5, 4.5]","[0.0, 0.0, 0.0, 0.0, 1.0, 1.4142135, 3.0, 3.1622777, 3.7416575, 3.7416575]",[2.0],[0.0],[-2.0],[2.0],[0.0],[-2.0],[1.0],[1.0],[0.0],[1.0],[1.0],[0.0],0,1,0,0,0.0,0.0,1
88969,1,1,1,"[0.5, 0.5, 1.0, 1.5, 2.0, 2.0, 2.5, 3.0, 3.0, 3.5]","[0.0, 0.0, 0.0, 0.0, 0.0, 1.4142135, 1.7320508, 2.0, 2.236068, 2.4494898]",[3.0],[2.828427],[-2.5],[3.0],[2.828427],[-2.5],[6.5],[6.3245554],[5.5],[6.5],[6.3245554],[5.5],0,1,0,0,0.0,0.0,0
310,21,4,3,"[1.5, 1.5, 1.5, 2.5, 4.5, 5.0, 7.0, 7.5, 7.5, 8.0]","[0.0, 0.0, 0.0, 1.4142135, 4.0, 4.2426405, 6.928203, 7.3484693, 7.483315, 7.937254]","[0.0, 0.0, 1.0, 1.5, 2.5, 2.5, 2.5, 3.0, 3.0, 3.0, 3.0, 3.0, 3.0, 3.0, 3.5, 3.5, 3.5, 4.0, 5.0, 5.0, 6.5]","[0.0, 0.0, 0.0, 0.0, 1.0, 1.4142135, 2.0, 2.0, 2.236068, 2.236068, 2.4494898, 2.4494898, 2.828427, 2.828427, 2.828427, 3.0, 3.4641016, 3.8729835, 4.0, 5.0, 6.4807405]","[-6.0, -5.5, -5.0, -5.0, -5.0, -4.5, -4.5, -4.0, -3.5, -3.5, -3.5, -3.5, -3.5, -3.5, -3.5, -3.5, -3.0, -3.0, -2.5, -2.0, -1.0]","[0.0, 0.0, 1.5, 3.0]","[0.0, 0.0, 1.4142135, 3.0]","[-3.5, -3.5, -3.0, -2.5]","[2.5, 4.0, 6.5, 6.5]","[2.0, 4.0, 6.0, 6.3245554]","[-6.0, 0.0, 2.5, 5.5]","[2.5, 3.0, 6.5]","[2.0, 3.0, 6.0]","[-6.0, -0.5, 2.5]",1,2,1,0,1.0,0.0,1
33102,5,2,1,"[0.5, 1.0, 1.5, 1.5, 3.0, 4.0, 4.0, 4.5, 5.0, 6.5]","[0.0, 0.0, 0.0, 1.4142135, 1.4142135, 3.0, 3.8729835, 4.2426405, 5.0, 6.0]","[1.5, 3.5, 3.5, 4.0, 5.0]","[1.4142135, 2.6457512, 3.1622777, 3.4641016, 4.582576]","[-4.5, -3.5, -2.5, -1.5, -1.5]","[1.5, 5.0]","[1.4142135, 4.582576]","[-4.5, -1.5]","[5.0, 5.5]","[4.2426405, 4.582576]","[0.5, 4.0]",[4.0],[0.0],[2.0],1,0,1,0,1.0,0.0,0
9911,2,2,1,"[0.0, 0.5, 1.0, 2.5, 2.5, 3.0, 3.5, 4.0, 4.5, 6.0]","[0.0, 0.0, 0.0, 1.0, 2.4494898, 2.4494898, 3.1622777, 3.4641016, 4.2426405, 5.196152]","[2.0, 3.5]","[0.0, 1.7320508]","[-2.5, -2.0]","[2.0, 3.5]","[0.0, 1.7320508]","[-2.5, -2.0]","[6.5, 7.5]","[6.3245554, 7.483315]","[3.0, 3.5]",[4.5],[0.0],[3.0],1,0,1,0,1.0,0.0,0
845,5,2,2,"[0.0, 1.0, 1.0, 1.5, 2.0, 2.0, 3.5, 3.5, 5.0, 7.5]","[0.0, 0.0, 0.0, 0.0, 1.4142135, 1.7320508, 1.7320508, 3.4641016, 4.582576, 7.483315]","[0.5, 1.0, 3.0, 4.5, 5.0]","[0.0, 0.0, 2.236068, 4.2426405, 4.582576]","[-5.5, -4.5, -3.0, -2.5, -2.0]","[0.5, 3.0]","[0.0, 2.236068]","[-5.5, -2.0]","[4.0, 7.5]","[4.0, 7.483315]","[-1.0, 4.0]","[4.0, 7.5]","[4.0, 7.483315]","[-1.0, 4.0]",0,2,0,0,0.0,0.0,1
180,4,2,2,"[0.5, 0.5, 0.5, 1.0, 1.5, 2.0, 2.0, 3.0, 5.5, 7.0]","[0.0, 0.0, 0.0, 0.0, 0.0, 0.0, 1.7320508, 2.0, 4.2426405, 6.928203]","[2.5, 3.5, 4.5, 4.5]","[2.0, 3.1622777, 3.7416575, 4.472136]","[-3.0, -2.5, -2.0, -1.5]","[2.5, 4.5]","[2.0, 4.472136]","[-3.0, -2.0]","[6.5, 7.5]","[6.3245554, 7.483315]","[2.5, 6.5]","[6.5, 7.5]","[6.3245554, 7.483315]","[2.5, 6.5]",0,2,0,0,0.0,0.0,1
67030,3,2,1,"[1.0, 1.0, 1.5, 1.5, 1.5, 2.5, 2.5, 2.5, 3.5, 6.0]","[0.0, 0.0, 0.0, 1.0, 1.4142135, 1.4142135, 2.0, 2.4494898, 3.1622777, 5.196152]","[0.5, 2.0, 4.0]","[0.0, 0.0, 1.7320508]","[-4.0, -2.0, -1.0]","[0.5, 2.0]","[0.0, 1.7320508]","[-4.0, -2.0]","[2.0, 4.5]","[0.0, 3.7416575]","[-0.5, -0.5]",[3.0],[3.0],[1.5],1,0,1,0,1.0,0.0,0
8053,1,1,1,"[0.0, 0.0, 0.5, 0.5, 0.5, 1.0, 1.0, 2.0, 4.0, 5.0]","[0.0, 0.0, 0.0, 0.0, 0.0, 0.0, 0.0, 0.0, 4.0, 4.582576]",[3.0],[2.236068],[-1.5],[3.0],[2.236068],[-1.5],[8.5],[8.485281],[7.0],[8.5],[8.485281],[7.0],0,1,0,0,0.0,0.0,0
486,2,2,2,"[0.0, 0.5, 0.5, 0.5, 1.0, 1.0, 1.5, 4.0, 4.5, 5.5]","[0.0, 0.0, 0.0, 0.0, 0.0, 1.0, 1.4142135, 2.828427, 3.8729835, 5.477226]","[2.0, 3.0]","[0.0, 3.0]","[-2.5, -2.0]","[2.0, 3.0]","[0.0, 3.0]","[-2.5, -2.0]","[3.5, 5.0]","[3.4641016, 4.8989797]","[-1.0, 3.5]","[3.5, 5.0]","[3.4641016, 4.8989797]","[-1.0, 3.5]",0,2,0,0,0.0,0.0,1
173,1,1,1,"[0.0, 0.5, 0.5, 0.5, 1.0, 1.0, 2.0, 2.0, 4.0, 4.5]","[0.0, 0.0, 0.0, 0.0, 0.0, 0.0, 1.0, 1.7320508, 3.4641016, 4.472136]",[2.0],[0.0],[-2.5],[2.0],[0.0],[-2.5],[2.0],[0.0],[0.0],[2.0],[0.0],[0.0],0,1,0,0,0.0,0.0,1
35243,2,1,1,"[0.0, 0.5, 1.0, 1.0, 2.0, 2.0, 3.0, 3.0, 3.5, 5.0]","[0.0, 0.0, 0.0, 0.0, 0.0, 0.0, 1.0, 2.236068, 3.0, 3.1622777]","[3.5, 4.5]","[2.4494898, 4.472136]","[-4.0, -2.5]",[4.5],[4.472136],[-2.5],[5.0],[4.8989797],[4.0],[5.0],[4.8989797],[4.0],0,1,0,0,0.0,0.0,0
145,1,1,1,"[0.5, 0.5, 0.5, 1.0, 1.0, 1.5, 2.0, 2.5, 5.0, 7.5]","[0.0, 0.0, 0.0, 0.0, 0.0, 1.0, 1.0, 1.7320508, 5.0, 7.483315]",[3.5],[2.4494898],[-3.0],[3.5],[2.4494898],[-3.0],[4.0],[2.6457512],[0.5],[4.0],[2.6457512],[0.5],0,1,0,0,0.0,0.0,1
705,2,1,1,"[0.5, 1.0, 1.0, 1.0, 1.5, 1.5, 2.0, 2.5, 4.5, 5.0]","[0.0, 0.0, 0.0, 1.0, 1.0, 1.4142135, 2.0, 2.0, 2.828427, 4.0]","[3.0, 3.5]","[0.0, 3.0]","[-5.0, -1.5]",[3.0],[3.0],[-5.0],[8.0],[7.937254],[6.5],[8.0],[7.937254],[6.5],0,1,0,0,0.0,0.0,1
343,8,2,1,"[0.0, 1.0, 1.5, 1.5, 1.5, 2.0, 3.0, 3.0, 8.0, 8.5]","[0.0, 0.0, 0.0, 0.0, 1.4142135, 1.4142135, 2.828427, 2.828427, 7.937254, 8.485281]","[2.0, 2.5, 3.0, 3.0, 4.0, 4.0, 4.5, 5.0]","[0.0, 0.0, 2.0, 2.6457512, 2.828427, 2.828427, 3.4641016, 4.0]","[-5.0, -4.5, -4.5, -3.5, -2.5, -2.5, -1.5, -1.0]","[2.5, 3.0]","[2.0, 2.828427]","[-5.0, -2.5]","[4.0, 6.0]","[3.4641016, 5.656854]","[-4.5, 1.0]",[6.0],[5.196152],[1.0],1,0,1,0,1.0,0.0,1
60977,2,2,2,"[0.5, 0.5, 0.5, 1.0, 1.5, 2.0, 2.0, 2.0, 3.5, 4.5]","[0.0, 0.0, 0.0, 0.0, 0.0, 0.0, 0.0, 1.4142135, 3.4641016, 3.7416575]","[1.5, 2.0]","[0.0, 1.7320508]","[-3.5, -2.5]","[1.5, 2.0]","[0.0, 1.7320508]","[-3.5, -2.5]","[2.0, 6.0]","[2.0, 5.91608]","[2.0, 3.5]","[2.0, 6.0]","[2.0, 5.91608]","[2.0, 3.5]",0,2,0,0,0.0,0.0,0
532,2,1,1,"[0.0, 0.5, 0.5, 1.5, 1.5, 2.0, 2.5, 2.5, 3.0, 3.0]","[0.0, 0.0, 0.0, 0.0, 0.0, 1.4142135, 2.0, 2.0, 2.236068, 2.236068]","[1.5, 3.0]","[0.0, 2.828427]","[-3.0, -1.5]",[3.0],[2.828427],[-1.5],[4.0],[0.0],[3.0],[4.0],[0.0],[3.0],0,1,0,0,0.0,0.0,1
46841,1,1,1,"[0.0, 0.5, 0.5, 0.5, 2.0, 2.0, 2.0, 3.0, 3.0, 7.0]","[0.0, 0.0, 0.0, 0.0, 0.0, 1.7320508, 2.0, 2.828427, 2.828427, 7.0]",[2.5],[0.0],[-2.0],[2.5],[0.0],[-2.0],[6.5],[6.0],[2.0],[6.5],[6.0],[2.0],0,1,0,0,0.0,0.0,0
7815,2,2,1,"[0.5, 1.0, 1.5, 2.0, 2.0, 2.5, 3.0, 3.5, 4.0, 7.5]","[0.0, 0.0, 0.0, 1.4142135, 1.7320508, 1.7320508, 2.4494898, 3.4641016, 3.8729835, 7.483315]","[3.0, 3.5]","[0.0, 2.4494898]","[-3.0, -1.5]","[3.0, 3.5]","[0.0, 2.4494898]","[-3.0, -1.5]","[4.0, 4.5]","[2.6457512, 4.2426405]","[-1.0, 0.5]",[1.5],[0.0],[0.0],1,0,1,0,1.0,0.0,0
478,12,5,3,"[1.0, 1.0, 1.0, 1.5, 2.5, 3.5, 4.0, 4.0, 4.5, 8.0]","[0.0, 0.0, 0.0, 1.0, 1.0, 1.4142135, 2.4494898, 2.828427, 3.4641016, 7.937254]","[0.0, 0.0, 0.5, 1.0, 1.5, 2.0, 2.0, 2.5, 2.5, 2.5, 3.0, 3.5]","[0.0, 0.0, 0.0, 0.0, 0.0, 0.0, 0.0, 0.0, 0.0, 1.7320508, 2.0, 2.4494898]","[-7.0, -6.5, -5.5, -4.0, -3.5, -3.0, -2.5, -2.0, -1.5, -1.5, -1.0, -1.0]","[0.0, 0.0, 0.5, 1.0, 1.5]","[0.0, 0.0, 0.0, 0.0, 0.0]","[-7.0, -4.0, -3.5, -1.0, -1.0]","[3.5, 3.5, 4.0, 5.5, 6.5]","[2.4494898, 3.1622777, 3.4641016, 4.8989797, 6.0]","[-1.5, 1.5, 3.0, 3.0, 4.5]","[3.0, 3.5, 6.5]","[3.0, 3.1622777, 6.0]","[-1.5, 3.0, 4.5]",2,1,2,0,1.0,0.0,1
86500,3,2,1,"[0.0, 1.0, 1.0, 1.5, 1.5, 2.0, 2.0, 4.0, 4.5, 8.5]","[0.0, 0.0, 0.0, 0.0, 0.0, 1.0, 2.0, 3.4641016, 4.472136, 8.485281]","[3.5, 4.5, 6.0]","[0.0, 3.7416575, 5.656854]","[-2.5, -1.5, -1.0]","[3.5, 4.5]","[0.0, 3.7416575]","[-2.5, -1.5]","[4.0, 6.5]","[4.0, 6.0]","[-0.5, 1.0]",[7.5],[7.483315],[6.0],1,0,1,0,1.0,0.0,0
41149,2,2,1,"[0.0, 0.5, 1.0, 1.0, 1.5, 1.5, 2.0, 2.5, 3.0, 7.0]","[0.0, 0.0, 0.0, 0.0, 0.0, 1.0, 1.4142135, 1.7320508, 2.4494898, 6.928203]","[2.0, 3.5]","[0.0, 0.0]","[-2.0, -1.5]","[2.0, 3.5]","[0.0, 0.0]","[-2.0, -1.5]","[2.5, 2.5]","[0.0, 2.4494898]","[-2.0, -2.0]",[6.5],[6.4807405],[4.5],1,0,1,0,1.0,0.0,0
48433,7,4,3,"[0.5, 1.0, 1.0, 1.5, 2.5, 3.0, 3.5, 3.5, 4.5, 7.0]","[0.0, 0.0, 0.0, 0.0, 0.0, 0.0, 2.828427, 3.1622777, 3.1622777, 6.928203]","[1.0, 1.0, 1.5, 2.0, 2.5, 3.0, 3.0]","[0.0, 0.0, 0.0, 1.4142135, 1.7320508, 2.0, 2.236068]","[-5.0, -4.0, -4.0, -2.5, -2.5, -2.0, -1.0]","[1.0, 1.5, 2.0, 3.0]","[0.0, 0.0, 1.4142135, 1.7320508]","[-5.0, -2.5, -2.5, -1.0]","[3.0, 5.0, 6.5, 8.0]","[2.828427, 4.582576, 6.4807405, 8.0]","[0.5, 1.0, 5.0, 5.5]","[1.5, 3.0, 6.5]","[1.4142135, 2.828427, 6.4807405]","[0.5, 1.5, 5.5]",1,2,1,0,1.0,0.0,0
57695,4,2,2,"[0.5, 0.5, 1.0, 1.5, 3.0, 4.0, 4.0, 4.5, 5.0, 5.0]","[0.0, 0.0, 0.0, 1.0, 1.4142135, 2.236068, 2.6457512, 4.0, 4.2426405, 4.8989797]","[1.0, 2.0, 3.0, 3.0]","[0.0, 0.0, 2.236068, 3.0]","[-4.0, -3.5, -3.5, -2.5]","[1.0, 3.0]","[0.0, 3.0]","[-3.5, -3.5]","[2.5, 8.5]","[2.0, 8.485281]","[1.0, 8.0]","[2.5, 8.5]","[2.0, 8.485281]","[1.0, 8.0]",0,2,0,0,0.0,0.0,0
477,9,3,2,"[0.5, 1.5, 2.0, 2.0, 2.0, 3.5, 4.5, 4.5, 5.5, 5.5]","[0.0, 0.0, 0.0, 2.0, 2.0, 2.4494898, 2.828427, 4.472136, 4.8989797, 5.477226]","[1.0, 1.5, 1.5, 2.0, 2.5, 2.5, 3.0, 3.0, 3.5]","[0.0, 0.0, 0.0, 0.0, 1.7320508, 2.0, 2.4494898, 2.828427, 3.0]","[-5.5, -5.0, -4.5, -4.0, -3.5, -2.5, -2.5, -2.0, -1.5]","[1.0, 1.5, 2.5]","[0.0, 0.0, 2.4494898]","[-5.5, -4.5, -2.5]","[3.5, 4.0, 5.0]","[3.0, 3.4641016, 3.4641016]","[-1.5, 0.0, 2.5]","[1.5, 3.5]","[0.0, 3.4641016]","[-3.5, 2.5]",1,1,1,0,1.0,0.0,1
5985,5,2,1,"[0.0, 0.5, 1.0, 1.0, 2.0, 2.0, 3.0, 3.0, 3.5, 8.0]","[0.0, 0.0, 0.0, 0.0, 1.0, 1.7320508, 2.236068, 2.828427, 3.1622777, 8.0]","[1.5, 2.0, 2.5, 3.0, 4.5]","[0.0, 0.0, 1.4142135, 2.828427, 4.2426405]","[-4.0, -4.0, -3.0, -3.0, -2.0]","[1.5, 2.0]","[0.0, 1.4142135]","[-4.0, -3.0]","[4.0, 7.0]","[3.8729835, 6.928203]","[0.0, 2.5]",[5.5],[4.8989797],[5.0],1,0,1,0,1.0,0.0,0
378,16,5,1,"[0.0, 1.0, 4.0, 4.0, 5.0, 5.0, 5.5, 5.5, 5.5, 6.0]","[0.0, 1.0, 3.8729835, 4.0, 4.0, 4.2426405, 4.582576, 4.8989797, 5.477226, 5.656854]","[0.0, 0.5, 0.5, 1.0, 1.0, 1.5, 1.5, 2.0, 2.0, 2.5, 2.5, 3.0, 3.0, 3.5, 5.5, 6.5]","[0.0, 0.0, 0.0, 0.0, 0.0, 0.0, 0.0, 1.0, 1.7320508, 2.0, 2.0, 2.4494898, 2.828427, 2.828427, 5.2915025, 6.4807405]","[-7.5, -6.5, -5.5, -5.5, -5.0, -5.0, -4.5, -4.5, -4.5, -4.0, -3.0, -2.5, -2.5, -1.5, -1.0, -1.0]","[0.0, 0.5, 1.0, 1.0, 2.5]","[0.0, 0.0, 0.0, 1.0, 2.0]","[-5.5, -5.0, -4.5, -4.5, -4.0]","[3.0, 4.0, 4.5, 7.0, 8.0]","[2.6457512, 2.828427, 2.828427, 6.928203, 8.0]","[-0.5, 0.5, 0.5, 1.5, 1.5]",[2.5],[2.0],[0.0],4,0,1,0,4.0,0.0,1
1026,2,1,1,"[0.0, 0.0, 0.0, 1.5, 1.5, 2.5, 3.0, 3.5, 4.0, 4.5]","[0.0, 0.0, 0.0, 0.0, 0.0, 1.4142135, 1.4142135, 3.4641016, 3.8729835, 4.472136]","[1.5, 1.5]","[0.0, 1.4142135]","[-2.5, -1.5]",[1.5],[1.4142135],[-2.5],[5.0],[4.0],[1.0],[5.0],[4.0],[1.0],0,1,0,0,0.0,0.0,1
7849,3,1,1,"[0.0, 0.5, 1.0, 2.0, 2.5, 2.5, 3.0, 4.0, 4.0, 4.5]","[0.0, 0.0, 0.0, 0.0, 1.7320508, 2.0, 2.236068, 3.4641016, 3.4641016, 3.7416575]","[1.0, 1.0, 2.5]","[0.0, 1.0, 2.4494898]","[-5.0, -3.0, -2.5]",[1.0],[1.0],[-5.0],[4.5],[4.472136],[2.5],[4.5],[4.472136],[2.5],0,1,0,0,0.0,0.0,0
212,6,2,1,"[0.5, 0.5, 0.5, 1.0, 1.5, 2.0, 2.0, 3.0, 3.0, 7.5]","[0.0, 0.0, 0.0, 0.0, 0.0, 0.0, 1.4142135, 2.0, 2.236068, 7.3484693]","[1.0, 1.5, 2.0, 2.0, 2.5, 2.5]","[0.0, 0.0, 0.0, 0.0, 0.0, 1.7320508]","[-5.0, -4.0, -3.5, -2.0, -2.0, -1.0]","[1.0, 2.0]","[0.0, 1.7320508]","[-5.0, -3.5]","[2.5, 6.0]","[0.0, 5.656854]","[-1.0, 1.5]",[3.5],[3.1622777],[3.0],1,0,1,0,1.0,0.0,1
18252,6,3,2,"[0.5, 0.5, 1.0, 1.0, 1.5, 2.0, 3.0, 3.0, 4.5, 7.5]","[0.0, 0.0, 0.0, 0.0, 1.0, 1.0, 1.4142135, 2.828427, 2.828427, 7.3484693]","[1.0, 1.5, 1.5, 2.0, 3.0, 7.0]","[0.0, 0.0, 0.0, 0.0, 1.0, 7.0]","[-6.0, -4.0, -3.5, -2.5, -2.0, -1.5]","[1.0, 1.5, 3.0]","[0.0, 0.0, 1.0]","[-6.0, -2.5, -2.0]","[0.5, 3.5, 4.5]","[0.0, 2.828427, 3.1622777]","[-1.5, -0.5, 0.0]","[0.5, 8.0]","[0.0, 7.937254]","[0.0, 5.5]",1,1,1,0,1.0,0.0,0
404,2,1,1,"[0.0, 0.5, 2.0, 2.0, 2.5, 2.5, 3.0, 3.5, 5.5, 7.0]","[0.0, 0.0, 0.0, 1.7320508, 1.7320508, 2.0, 2.4494898, 2.828427, 5.2915025, 6.928203]","[0.5, 3.5]","[0.0, 3.1622777]","[-4.0, -2.0]",[0.5],[0.0],[-4.0],[6.0],[5.196152],[1.5],[6.0],[5.196152],[1.5],0,1,0,0,0.0,0.0,1
215,9,3,1,"[0.0, 1.0, 1.0, 2.0, 2.0, 2.0, 2.5, 4.0, 8.5, 8.5]","[0.0, 0.0, 0.0, 0.0, 0.0, 0.0, 1.0, 2.0, 8.485281, 8.485281]","[1.5, 1.5, 2.5, 3.0, 3.0, 3.5, 3.5, 4.0, 5.5]","[0.0, 0.0, 0.0, 0.0, 2.236068, 2.4494898, 3.0, 3.8729835, 5.2915025]","[-6.5, -5.5, -4.5, -3.5, -3.5, -3.0, -2.5, -2.5, -2.0]","[1.5, 1.5, 3.0]","[0.0, 0.0, 2.236068]","[-6.5, -5.5, -3.5]","[5.5, 6.5, 8.0]","[5.2915025, 6.0, 7.937254]","[-3.5, 2.0, 4.0]",[4.5],[3.7416575],[4.0],2,0,1,0,2.0,0.0,1
30396,2,2,1,"[0.5, 0.5, 0.5, 1.0, 1.5, 1.5, 2.5, 2.5, 4.0, 7.5]","[0.0, 0.0, 0.0, 0.0, 0.0, 0.0, 1.4142135, 2.4494898, 3.4641016, 7.483315]","[2.5, 3.0]","[0.0, 2.0]","[-3.5, -2.0]","[2.5, 3.0]","[0.0, 2.0]","[-3.5, -2.0]","[2.5, 3.5]","[0.0, 2.0]","[-1.0, -1.0]",[3.5],[3.1622777],[3.0],1,0,1,0,1.0,0.0,0
504,4,3,2,"[0.0, 0.5, 1.0, 2.5, 3.0, 3.0, 3.0, 4.0, 4.5, 5.0]","[0.0, 0.0, 0.0, 1.0, 2.0, 2.236068, 2.6457512, 2.828427, 3.7416575, 4.582576]","[0.0, 0.0, 1.0, 2.5]","[0.0, 0.0, 0.0, 2.0]","[-4.0, -4.0, -4.0, -2.0]","[0.0, 0.0, 1.0]","[0.0, 0.0, 0.0]","[-4.0, -4.0, -2.0]","[4.0, 5.5, 6.5]","[3.8729835, 4.8989797, 6.4807405]","[1.5, 3.5, 4.5]","[5.5, 7.0]","[4.8989797, 6.708204]","[4.0, 4.5]",1,1,1,0,1.0,0.0,1
47943,5,3,1,"[0.5, 0.5, 0.5, 1.0, 1.5, 1.5, 1.5, 2.5, 6.5, 9.0]","[0.0, 0.0, 0.0, 0.0, 0.0, 1.4142135, 1.4142135, 2.0, 6.0, 9.0]","[1.5, 2.5, 3.0, 3.5, 5.5]","[0.0, 0.0, 0.0, 0.0, 4.8989797]","[-3.5, -3.5, -3.0, -1.5, -1.0]","[2.5, 3.0, 3.5]","[0.0, 0.0, 0.0]","[-3.5, -3.0, -1.5]","[3.0, 5.0, 5.5]","[2.236068, 4.8989797, 5.0]","[-3.5, -1.5, 3.0]",[5.5],[5.477226],[5.5],2,0,1,0,2.0,0.0,0
439,1,1,1,"[0.0, 0.0, 0.5, 0.5, 1.5, 1.5, 2.0, 2.5, 4.0, 5.0]","[0.0, 0.0, 0.0, 0.0, 0.0, 0.0, 0.0, 0.0, 0.0, 4.0]",[2.5],[2.0],[-1.0],[2.5],[2.0],[-1.0],[4.5],[4.472136],[0.5],[4.5],[4.472136],[0.5],0,1,0,0,0.0,0.0,1
2958,3,2,1,"[0.0, 1.0, 1.5, 1.5, 2.0, 2.5, 3.0, 5.0, 5.5, 7.0]","[0.0, 0.0, 1.4142135, 1.4142135, 1.7320508, 2.4494898, 3.0, 4.0, 5.2915025, 6.928203]","[2.0, 3.5, 4.5]","[1.7320508, 2.4494898, 4.472136]","[-3.5, -2.5, -2.5]","[2.0, 4.5]","[1.7320508, 4.472136]","[-3.5, -2.5]","[3.5, 4.5]","[0.0, 4.472136]","[-1.0, -0.5]",[6.0],[5.656854],[3.5],1,0,1,0,1.0,0.0,0
564,2,2,1,"[1.0, 1.5, 1.5, 1.5, 2.0, 2.0, 2.0, 3.0, 5.0, 5.0]","[0.0, 0.0, 0.0, 0.0, 1.4142135, 1.7320508, 1.7320508, 3.0, 4.582576, 5.0]","[2.0, 2.0]","[0.0, 0.0]","[-2.0, -2.0]","[2.0, 2.0]","[0.0, 0.0]","[-2.0, -2.0]","[2.5, 6.0]","[2.0, 5.196152]","[-0.5, 3.5]",[5.0],[4.8989797],[4.5],1,0,1,0,1.0,0.0,1
501,7,2,2,"[0.0, 0.5, 1.0, 1.0, 2.5, 2.5, 3.0, 5.0, 6.5, 7.0]","[0.0, 0.0, 0.0, 0.0, 0.0, 2.0, 2.828427, 4.8989797, 6.3245554, 6.708204]","[2.0, 2.0, 2.5, 3.0, 3.0, 3.5, 5.0]","[0.0, 0.0, 0.0, 1.7320508, 2.4494898, 3.0, 4.8989797]","[-4.5, -3.5, -3.5, -3.5, -2.5, -2.0, -1.5]","[2.0, 2.5]","[1.7320508, 2.4494898]","[-3.5, -3.5]","[2.5, 8.0]","[2.0, 8.0]","[0.0, 2.5]","[2.5, 8.0]","[2.0, 8.0]","[0.0, 2.5]",0,2,0,0,0.0,0.0,1
72979,1,1,1,"[0.0, 0.0, 0.5, 0.5, 1.5, 2.0, 2.5, 3.0, 4.5, 4.5]","[0.0, 0.0, 0.0, 0.0, 0.0, 0.0, 0.0, 2.0, 3.7416575, 4.472136]",[3.0],[2.236068],[-3.0],[3.0],[2.236068],[-3.0],[7.5],[7.483315],[6.5],[7.5],[7.483315],[6.5],0,1,0,0,0.0,0.0,0
605,1,1,1,"[0.0, 0.0, 0.5, 1.0, 1.5, 1.5, 2.0, 3.5, 3.5, 5.0]","[0.0, 0.0, 0.0, 0.0, 0.0, 0.0, 1.7320508, 2.4494898, 3.4641016, 4.8989797]",[2.0],[1.7320508],[-1.5],[2.0],[1.7320508],[-1.5],[4.0],[0.0],[0.5],[4.0],[0.0],[0.5],0,1,0,0,0.0,0.0,1
9026,4,3,2,"[0.0, 0.0, 0.5, 1.0, 2.5, 2.5, 3.5, 3.5, 4.0, 6.0]","[0.0, 0.0, 0.0, 0.0, 0.0, 2.0, 2.4494898, 2.6457512, 3.4641016, 5.91608]","[1.5, 2.5, 3.5, 6.0]","[0.0, 2.0, 3.1622777, 6.0]","[-1.5, -1.5, -1.0, -1.0]","[1.5, 2.5, 6.0]","[0.0, 2.0, 6.0]","[-1.5, -1.0, -1.0]","[1.0, 1.0, 4.5]","[0.0, 1.0, 4.2426405]","[-1.0, -0.5, 1.5]","[4.5, 5.0]","[4.2426405, 4.8989797]","[1.5, 5.0]",1,1,1,0,1.0,0.0,0
680,1,1,1,"[0.0, 0.0, 0.5, 1.0, 1.0, 1.5, 2.0, 2.0, 3.0, 6.5]","[0.0, 0.0, 0.0, 0.0, 0.0, 0.0, 1.7320508, 2.0, 2.236068, 6.0]",[1.0],[0.0],[-2.5],[1.0],[0.0],[-2.5],[7.0],[7.0],[2.5],[7.0],[7.0],[2.5],0,1,0,0,0.0,0.0,1
5134,3,1,1,"[0.5, 0.5, 1.5, 2.0, 2.5, 3.0, 3.0, 3.0, 5.0, 5.0]","[0.0, 0.0, 0.0, 0.0, 1.7320508, 2.828427, 2.828427, 3.0, 3.0, 4.582576]","[3.0, 4.0, 5.0]","[2.236068, 2.6457512, 4.0]","[-2.5, -2.0, -2.0]",[3.0],[2.236068],[-2.5],[5.0],[4.0],[2.5],[5.0],[4.0],[2.5],0,1,0,0,0.0,0.0,0
9367,5,2,2,"[1.0, 1.0, 1.5, 2.5, 2.5, 2.5, 3.0, 4.5, 6.0, 7.5]","[0.0, 0.0, 1.0, 1.4142135, 2.0, 2.236068, 2.4494898, 2.828427, 5.656854, 7.483315]","[2.5, 2.5, 3.0, 3.0, 4.0]","[0.0, 0.0, 2.0, 2.4494898, 2.6457512]","[-4.0, -2.5, -2.5, -2.5, -2.0]","[2.5, 3.0]","[0.0, 2.0]","[-4.0, -2.5]","[5.5, 7.5]","[4.2426405, 7.3484693]","[-2.5, 6.5]","[5.5, 7.5]","[4.2426405, 7.3484693]","[-2.5, 6.5]",0,2,0,0,0.0,0.0,0
736,2,1,1,"[0.5, 1.0, 1.5, 1.5, 2.0, 2.5, 3.5, 3.5, 5.0, 5.5]","[0.0, 0.0, 0.0, 0.0, 0.0, 1.0, 1.7320508, 2.4494898, 4.582576, 5.2915025]","[4.0, 4.5]","[4.0, 4.472136]","[-3.0, -2.5]",[4.0],[4.0],[-3.0],[7.0],[6.928203],[3.5],[7.0],[6.928203],[3.5],0,1,0,0,0.0,0.0,1
201,4,2,2,"[0.5, 1.5, 2.0, 2.0, 2.5, 3.0, 3.0, 5.0, 5.5, 7.5]","[0.0, 0.0, 1.4142135, 1.7320508, 2.0, 2.236068, 3.0, 4.8989797, 5.2915025, 7.3484693]","[1.5, 2.5, 2.5, 5.5]","[0.0, 1.4142135, 2.4494898, 4.8989797]","[-5.0, -2.5, -2.5, -2.0]","[1.5, 2.5]","[0.0, 1.4142135]","[-5.0, -2.0]","[2.5, 7.5]","[2.4494898, 7.483315]","[-2.5, 3.5]","[2.5, 7.5]","[2.4494898, 7.483315]","[-2.5, 3.5]",0,2,0,0,0.0,0.0,1
1015,1,1,1,"[0.0, 0.5, 0.5, 1.0, 1.0, 1.5, 3.0, 3.0, 3.5, 5.5]","[0.0, 0.0, 0.0, 0.0, 1.0, 1.0, 2.828427, 2.828427, 3.1622777, 5.2915025]",[2.5],[2.4494898],[-2.5],[2.5],[2.4494898],[-2.5],[6.0],[5.91608],[4.0],[6.0],[5.91608],[4.0],0,1,0,0,0.0,0.0,1
72784,3,1,1,"[1.0, 1.5, 1.5, 1.5, 2.5, 2.5, 3.0, 3.5, 4.0, 6.0]","[0.0, 0.0, 0.0, 0.0, 0.0, 0.0, 1.4142135, 2.0, 2.236068, 5.656854]","[1.5, 2.5, 3.0]","[0.0, 1.4142135, 2.0]","[-5.0, -2.5, -2.0]",[1.5],[1.4142135],[-5.0],[6.0],[5.91608],[4.0],[6.0],[5.91608],[4.0],0,1,0,0,0.0,0.0,0
36220,7,3,2,"[0.0, 0.5, 1.5, 2.0, 2.5, 3.0, 4.5, 6.0, 7.0, 7.0]","[0.0, 0.0, 0.0, 0.0, 2.0, 2.236068, 3.7416575, 5.91608, 6.708204, 7.0]","[1.5, 2.5, 3.0, 3.0, 4.0, 5.0, 5.5]","[0.0, 1.4142135, 2.236068, 2.828427, 3.4641016, 4.8989797, 4.8989797]","[-5.5, -3.0, -2.5, -2.5, -2.0, -2.0, -1.5]","[1.5, 3.0, 4.0]","[1.4142135, 2.828427, 3.4641016]","[-5.5, -2.0, -1.5]","[1.0, 2.0, 5.5]","[1.0, 1.7320508, 4.8989797]","[-2.5, -1.0, 0.0]","[1.0, 7.5]","[1.0, 7.3484693]","[0.0, 3.5]",1,1,1,0,1.0,0.0,0
972,22,5,2,"[1.0, 1.0, 1.5, 2.5, 4.5, 4.5, 6.0, 7.0, 7.5, 8.5]","[0.0, 0.0, 0.0, 1.0, 2.0, 4.2426405, 6.0, 7.0, 7.483315, 8.485281]","[0.0, 0.5, 0.5, 0.5, 0.5, 1.0, 1.0, 1.0, 1.5, 3.0, 3.5, 4.0, 4.0, 4.0, 4.5, 4.5, 4.5, 4.5, 5.0, 5.0, 5.0, 6.0]","[0.0, 0.0, 0.0, 0.0, 0.0, 0.0, 0.0, 0.0, 0.0, 2.236068, 2.4494898, 2.828427, 3.4641016, 4.0, 4.0, 4.2426405, 4.2426405, 4.472136, 4.582576, 4.8989797, 5.0, 5.91608]","[-6.0, -6.0, -5.5, -5.0, -5.0, -4.5, -4.5, -4.0, -4.0, -4.0, -4.0, -3.5, -3.5, -3.0, -3.0, -3.0, -2.5, -2.0, -1.5, -1.5, -1.0, -1.0]","[0.0, 0.5, 0.5, 1.0, 5.0]","[0.0, 0.0, 0.0, 0.0, 4.8989797]","[-6.0, -5.0, -4.5, -4.0, -3.5]","[0.5, 3.5, 4.5, 5.0, 6.0]","[0.0, 0.0, 4.472136, 4.582576, 5.656854]","[-5.5, -2.0, 0.0, 1.0, 1.5]","[1.5, 4.0]","[1.4142135, 3.4641016]","[-1.5, 4.0]",3,0,2,0,1.5,0.0,1
49253,3,2,2,"[1.0, 1.5, 2.0, 2.0, 2.0, 2.0, 2.5, 3.5, 4.0, 5.0]","[0.0, 0.0, 0.0, 0.0, 1.0, 1.4142135, 1.7320508, 2.0, 3.4641016, 4.0]","[1.0, 2.0, 3.5]","[1.0, 1.7320508, 3.1622777]","[-5.5, -3.0, -2.5]","[1.0, 2.0]","[1.0, 1.7320508]","[-5.5, -3.0]","[3.5, 6.5]","[3.4641016, 6.3245554]","[2.5, 6.0]","[3.5, 6.5]","[3.4641016, 6.3245554]","[2.5, 6.0]",0,2,0,0,0.0,0.0,0
371,2,2,2,"[0.0, 0.0, 0.0, 0.5, 1.0, 3.5, 4.0, 4.0, 4.5, 7.0]","[0.0, 0.0, 0.0, 0.0, 0.0, 0.0, 0.0, 2.828427, 3.8729835, 6.708204]","[2.0, 6.0]","[1.7320508, 5.656854]","[-5.5, -2.5]","[2.0, 6.0]","[1.7320508, 5.656854]","[-5.5, -2.5]","[5.5, 7.0]","[5.2915025, 6.928203]","[2.5, 7.0]","[5.5, 7.0]","[5.2915025, 6.928203]","[2.5, 7.0]",0,2,0,0,0.0,0.0,1
2916,2,2,1,"[0.5, 0.5, 1.0, 1.0, 1.0, 1.5, 2.0, 2.5, 2.5, 5.5]","[0.0, 0.0, 0.0, 0.0, 0.0, 1.0, 1.0, 1.7320508, 2.0, 5.2915025]","[0.5, 2.5]","[0.0, 2.4494898]","[-3.0, -2.0]","[0.5, 2.5]","[0.0, 2.4494898]","[-3.0, -2.0]","[2.0, 6.5]","[0.0, 6.3245554]","[-0.5, 2.5]",[7.5],[7.483315],[6.5],1,0,1,0,1.0,0.0,0
909,1,1,1,"[0.5, 1.0, 1.0, 1.0, 1.0, 1.5, 2.5, 3.0, 3.0, 5.0]","[0.0, 0.0, 0.0, 0.0, 0.0, 1.0, 1.0, 1.4142135, 2.0, 4.582576]",[3.5],[3.1622777],[-3.0],[3.5],[3.1622777],[-3.0],[2.0],[0.0],[0.5],[2.0],[0.0],[0.5],0,1,0,0,0.0,0.0,1
239,22,6,3,"[0.0, 2.0, 3.5, 4.0, 4.5, 5.0, 5.0, 5.5, 7.0, 7.5]","[0.0, 0.0, 3.0, 3.1622777, 3.4641016, 4.2426405, 4.472136, 4.582576, 6.708204, 7.3484693]","[0.5, 0.5, 1.0, 1.0, 1.5, 1.5, 2.0, 2.0, 2.0, 2.5, 2.5, 2.5, 2.5, 2.5, 2.5, 3.0, 3.0, 3.0, 3.5, 3.5, 4.5, 5.0]","[0.0, 0.0, 0.0, 0.0, 0.0, 0.0, 0.0, 0.0, 0.0, 1.0, 1.0, 1.4142135, 2.0, 2.0, 2.236068, 2.4494898, 2.4494898, 2.4494898, 3.1622777, 3.4641016, 3.7416575, 4.8989797]","[-5.5, -5.0, -5.0, -4.5, -4.5, -4.0, -4.0, -4.0, -4.0, -3.5, -3.5, -3.0, -3.0, -3.0, -3.0, -2.5, -2.5, -2.5, -2.5, -2.5, -2.0, -2.0]","[0.5, 1.0, 1.5, 1.5, 2.0, 3.5]","[0.0, 0.0, 0.0, 1.0, 1.4142135, 3.1622777]","[-5.0, -4.5, -4.5, -3.0, -2.5, -2.0]","[2.5, 3.0, 3.5, 5.5, 6.5, 7.5]","[0.0, 0.0, 3.1622777, 5.2915025, 6.4807405, 7.483315]","[-3.0, -0.5, -0.5, -0.5, 0.5, 3.5]","[2.5, 3.5, 3.5]","[0.0, 2.4494898, 3.4641016]","[-3.0, -2.5, 2.5]",3,1,2,0,1.5,0.0,1
830,3,1,1,"[0.0, 1.0, 1.0, 1.0, 1.5, 1.5, 1.5, 2.5, 2.5, 5.5]","[0.0, 0.0, 0.0, 0.0, 0.0, 0.0, 0.0, 2.0, 2.4494898, 5.2915025]","[1.0, 1.5, 3.0]","[0.0, 0.0, 1.0]","[-3.5, -3.5, -1.5]",[1.0],[1.0],[-3.5],[5.5],[4.2426405],[3.5],[5.5],[4.2426405],[3.5],0,1,0,0,0.0,0.0,1
999,2,2,1,"[0.0, 0.5, 0.5, 0.5, 1.5, 2.0, 2.0, 3.5, 5.0, 5.5]","[0.0, 0.0, 0.0, 0.0, 0.0, 0.0, 2.0, 2.4494898, 5.0, 5.2915025]","[2.5, 2.5]","[2.0, 2.4494898]","[-2.0, -1.5]","[2.5, 2.5]","[2.0, 2.4494898]","[-2.0, -1.5]","[6.5, 7.5]","[6.3245554, 7.483315]","[1.5, 4.0]",[5.0],[3.0],[1.5],1,0,1,0,1.0,0.0,1
77115,1,1,1,"[0.5, 0.5, 0.5, 1.0, 1.5, 2.0, 2.0, 2.5, 4.0, 4.5]","[0.0, 0.0, 0.0, 0.0, 0.0, 0.0, 1.4142135, 2.0, 2.828427, 3.4641016]",[3.5],[3.1622777],[-3.0],[3.5],[3.1622777],[-3.0],[6.0],[5.656854],[5.5],[6.0],[5.656854],[5.5],0,1,0,0,0.0,0.0,0
822,3,1,1,"[0.0, 0.5, 0.5, 1.5, 2.0, 2.0, 3.0, 3.5, 4.5, 8.5]","[0.0, 0.0, 0.0, 0.0, 1.4142135, 1.7320508, 2.0, 2.828427, 3.1622777, 8.485281]","[3.0, 3.0, 3.5]","[0.0, 2.828427, 3.0]","[-5.5, -3.0, -1.5]",[3.0],[2.828427],[-5.5],[7.5],[7.483315],[3.0],[7.5],[7.483315],[3.0],0,1,0,0,0.0,0.0,1
541,2,1,1,"[0.0, 0.5, 0.5, 1.5, 1.5, 2.0, 3.5, 3.5, 4.5, 6.5]","[0.0, 0.0, 0.0, 0.0, 1.4142135, 2.0, 2.4494898, 3.1622777, 3.7416575, 6.3245554]","[1.5, 3.0]","[1.4142135, 2.236068]","[-5.0, -2.0]",[1.5],[1.4142135],[-5.0],[6.0],[5.91608],[4.5],[6.0],[5.91608],[4.5],0,1,0,0,0.0,0.0,1
445,3,2,2,"[0.0, 0.0, 0.0, 0.5, 1.5, 2.0, 2.5, 4.5, 5.0, 6.0]","[0.0, 0.0, 0.0, 0.0, 0.0, 0.0, 2.0, 4.0, 4.472136, 6.0]","[1.0, 2.0, 3.5]","[0.0, 1.7320508, 2.4494898]","[-4.0, -3.5, -2.5]","[1.0, 2.0]","[0.0, 1.7320508]","[-4.0, -2.5]","[4.5, 4.5]","[4.2426405, 4.2426405]","[2.0, 2.5]","[4.5, 4.5]","[4.2426405, 4.2426405]","[2.0, 2.5]",0,2,0,0,0.0,0.0,1
13066,6,4,1,"[0.0, 0.0, 0.5, 1.5, 2.0, 2.0, 2.0, 6.0, 7.5, 7.5]","[0.0, 0.0, 0.0, 1.4142135, 1.7320508, 1.7320508, 2.0, 5.91608, 7.3484693, 7.3484693]","[1.5, 2.0, 2.0, 2.0, 2.0, 6.0]","[0.0, 0.0, 0.0, 1.7320508, 1.7320508, 5.656854]","[-5.5, -4.5, -4.0, -3.5, -3.0, -3.0]","[1.5, 2.0, 2.0, 2.0]","[0.0, 0.0, 1.7320508, 1.7320508]","[-5.5, -4.0, -3.5, -3.0]","[2.0, 5.0, 6.0, 7.0]","[0.0, 4.8989797, 5.656854, 6.928203]","[-4.5, -3.0, 1.0, 4.0]",[5.5],[5.2915025],[4.0],3,0,1,0,3.0,0.0,0
93049,3,2,2,"[0.5, 2.0, 2.0, 2.5, 3.0, 3.0, 3.5, 3.5, 3.5, 4.0]","[0.0, 0.0, 0.0, 0.0, 0.0, 1.7320508, 1.7320508, 2.4494898, 2.4494898, 3.4641016]","[2.5, 3.0, 4.0]","[2.236068, 2.4494898, 4.0]","[-3.5, -3.0, -1.5]","[2.5, 3.0]","[2.236068, 2.4494898]","[-3.5, -3.0]","[1.5, 5.5]","[0.0, 5.2915025]","[0.5, 5.5]","[1.5, 5.5]","[0.0, 5.2915025]","[0.5, 5.5]",0,2,0,0,0.0,0.0,0
50144,5,2,1,"[0.5, 0.5, 1.0, 2.0, 2.0, 2.0, 2.5, 3.5, 5.0, 9.0]","[0.0, 0.0, 0.0, 0.0, 1.0, 2.0, 2.4494898, 3.1622777, 4.8989797, 9.0]","[1.0, 2.0, 3.5, 3.5, 4.0]","[0.0, 0.0, 1.0, 1.7320508, 3.4641016]","[-4.5, -3.5, -3.5, -3.0, -1.5]","[2.0, 4.0]","[0.0, 1.7320508]","[-3.5, -3.5]","[5.5, 8.5]","[5.2915025, 8.485281]","[-0.5, 2.0]",[6.0],[6.0],[2.5],1,0,1,0,1.0,0.0,0
71,4,2,2,"[0.5, 1.0, 1.5, 1.5, 2.0, 2.0, 3.0, 4.0, 4.0, 5.5]","[0.0, 0.0, 0.0, 0.0, 0.0, 1.0, 2.0, 3.8729835, 4.0, 4.8989797]","[0.5, 2.0, 2.5, 3.0]","[0.0, 2.0, 2.4494898, 2.828427]","[-3.0, -3.0, -2.0, -1.0]","[0.5, 2.0]","[0.0, 2.0]","[-3.0, -3.0]","[5.5, 6.5]","[4.8989797, 6.0]","[4.0, 5.5]","[5.5, 6.5]","[4.8989797, 6.0]","[4.0, 5.5]",0,2,0,0,0.0,0.0,1
77109,1,1,1,"[0.5, 0.5, 1.0, 1.0, 1.0, 1.0, 1.0, 2.0, 3.0, 3.0]","[0.0, 0.0, 0.0, 0.0, 0.0, 0.0, 0.0, 0.0, 1.0, 2.828427]",[2.5],[0.0],[-1.5],[2.5],[0.0],[-1.5],[6.5],[6.3245554],[6.5],[6.5],[6.3245554],[6.5],0,1,0,0,0.0,0.0,0
255,27,8,2,"[3.0, 3.0, 3.5, 3.5, 4.5, 4.5, 4.5, 5.0, 7.5, 7.5]","[0.0, 0.0, 2.236068, 2.4494898, 3.7416575, 3.7416575, 4.2426405, 4.582576, 7.3484693, 7.3484693]","[0.5, 0.5, 1.0, 1.0, 1.0, 1.5, 1.5, 1.5, 1.5, 1.5, 2.0, 2.0, 2.5, 3.0, 3.5, 3.5, 4.0, 4.0, 4.0, 4.0, 4.0, 4.0, 4.5, 4.5, 5.0, 6.0, 6.0]","[0.0, 0.0, 0.0, 0.0, 0.0, 0.0, 0.0, 0.0, 1.0, 1.4142135, 1.4142135, 1.4142135, 1.4142135, 3.0, 3.1622777, 3.4641016, 3.4641016, 3.4641016, 3.4641016, 3.8729835, 4.0, 4.0, 4.0, 4.2426405, 4.472136, 5.656854, 5.91608]","[-6.0, -5.0, -5.0, -5.0, -5.0, -5.0, -5.0, -4.0, -3.5, -3.5, -3.0, -3.0, -3.0, -3.0, -3.0, -2.5, -2.5, -2.5, -2.5, -2.0, -2.0, -2.0, -2.0, -1.5, -1.0, -1.0, -1.0]","[0.5, 0.5, 1.0, 1.0, 1.0, 1.5, 1.5, 1.5]","[0.0, 0.0, 0.0, 0.0, 1.0, 1.4142135, 1.4142135, 1.4142135]","[-6.0, -5.0, -5.0, -5.0, -3.5, -3.0, -3.0, -2.5]","[1.5, 2.5, 4.0, 5.0, 6.0, 6.0, 6.0, 6.5]","[0.0, 1.4142135, 3.0, 4.0, 5.196152, 5.656854, 5.91608, 6.4807405]","[-3.0, -1.5, -1.0, -0.5, 1.5, 1.5, 1.5, 4.5]","[3.5, 6.5]","[3.1622777, 6.4807405]","[-1.5, 6.5]",6,0,2,0,3.0,0.0,1
76133,2,2,1,"[0.0, 0.5, 0.5, 1.0, 1.5, 1.5, 2.5, 4.0, 5.0, 7.0]","[0.0, 0.0, 0.0, 0.0, 0.0, 0.0, 1.0, 3.4641016, 4.582576, 7.0]","[3.0, 3.5]","[2.828427, 3.1622777]","[-4.0, -3.0]","[3.0, 3.5]","[2.828427, 3.1622777]","[-4.0, -3.0]","[4.0, 6.5]","[0.0, 6.3245554]","[-0.5, 1.5]",[8.0],[7.937254],[5.5],1,0,1,0,1.0,0.0,0
27972,1,1,1,"[0.0, 1.0, 1.5, 2.0, 2.5, 2.5, 2.5, 3.0, 3.5, 4.5]","[0.0, 0.0, 0.0, 0.0, 1.4142135, 2.0, 2.4494898, 2.4494898, 2.4494898, 4.472136]",[1.5],[0.0],[-1.0],[1.5],[0.0],[-1.0],[6.5],[6.0],[3.0],[6.5],[6.0],[3.0],0,1,0,0,0.0,0.0,0
1022,26,5,3,"[1.5, 2.5, 3.5, 4.5, 4.5, 4.5, 6.0, 6.5, 7.0, 7.0]","[1.4142135, 2.0, 2.4494898, 3.7416575, 4.2426405, 4.472136, 5.196152, 6.4807405, 6.928203, 6.928203]","[0.5, 0.5, 0.5, 1.0, 1.0, 1.0, 1.0, 1.0, 1.0, 1.5, 1.5, 2.0, 2.0, 2.5, 2.5, 2.5, 3.0, 3.0, 3.5, 3.5, 4.0, 4.0, 4.0, 4.5, 5.0, 5.0]","[0.0, 0.0, 0.0, 0.0, 0.0, 0.0, 0.0, 0.0, 0.0, 0.0, 0.0, 1.0, 1.0, 1.4142135, 1.7320508, 2.4494898, 2.4494898, 2.6457512, 2.828427, 2.828427, 3.1622777, 3.7416575, 3.8729835, 3.8729835, 4.582576, 4.8989797]","[-6.0, -6.0, -6.0, -6.0, -6.0, -5.5, -5.0, -4.0, -4.0, -3.5, -3.5, -3.5, -3.5, -3.5, -3.5, -3.5, -3.5, -3.0, -2.5, -2.0, -2.0, -2.0, -1.5, -1.0, -1.0, -1.0]","[0.5, 1.0, 1.0, 1.0, 2.0]","[0.0, 0.0, 0.0, 0.0, 1.7320508]","[-6.0, -6.0, -5.5, -1.5, -1.0]","[1.0, 1.0, 2.5, 5.0, 7.0]","[0.0, 0.0, 2.4494898, 4.8989797, 6.928203]","[-6.0, -6.0, -4.0, 0.0, 4.5]","[2.5, 5.0, 7.0]","[2.4494898, 4.8989797, 6.928203]","[-4.0, 0.0, 4.5]",2,3,0,1,0.0,2.0,1
885,22,6,2,"[0.5, 1.5, 3.5, 3.5, 4.0, 5.0, 5.0, 6.0, 7.0, 8.0]","[0.0, 0.0, 0.0, 3.0, 3.1622777, 3.4641016, 4.8989797, 5.656854, 6.928203, 8.0]","[0.5, 0.5, 0.5, 0.5, 1.0, 1.0, 1.5, 2.0, 2.0, 2.5, 3.0, 3.0, 3.0, 3.0, 3.5, 3.5, 3.5, 4.0, 4.0, 4.5, 4.5, 5.0]","[0.0, 0.0, 0.0, 0.0, 0.0, 0.0, 0.0, 0.0, 0.0, 0.0, 1.7320508, 2.236068, 2.236068, 2.828427, 2.828427, 3.0, 3.1622777, 3.4641016, 3.4641016, 3.7416575, 4.0, 4.582576]","[-6.5, -6.0, -5.5, -5.0, -5.0, -5.0, -5.0, -4.5, -4.0, -4.0, -4.0, -3.5, -3.5, -3.5, -3.0, -3.0, -2.0, -2.0, -2.0, -1.5, -1.0, -1.0]","[0.5, 0.5, 1.0, 1.0, 2.0, 2.5]","[0.0, 0.0, 0.0, 0.0, 0.0, 0.0]","[-5.5, -5.0, -5.0, -5.0, -4.0, -3.5]","[2.0, 2.5, 3.5, 4.5, 5.0, 6.0]","[1.7320508, 2.4494898, 2.4494898, 4.0, 4.472136, 5.91608]","[-6.0, -2.0, -0.5, 0.0, 2.5, 2.5]","[3.5, 5.5]","[2.4494898, 5.477226]","[-0.5, 5.0]",4,0,2,0,2.0,0.0,1
177,3,2,1,"[0.0, 0.5, 0.5, 1.0, 1.5, 1.5, 1.5, 3.0, 4.0, 6.0]","[0.0, 0.0, 0.0, 0.0, 0.0, 0.0, 0.0, 0.0, 3.8729835, 5.656854]","[1.5, 3.0, 3.5]","[0.0, 0.0, 3.4641016]","[-3.5, -2.5, -2.0]","[1.5, 3.5]","[0.0, 3.4641016]","[-3.5, -2.0]","[5.0, 6.5]","[3.0, 6.3245554]","[1.0, 4.5]",[7.0],[6.928203],[7.0],1,0,1,0,1.0,0.0,1
61330,6,3,2,"[0.0, 1.0, 1.0, 1.0, 1.5, 3.0, 3.5, 3.5, 4.5, 9.0]","[0.0, 0.0, 0.0, 1.0, 1.4142135, 2.236068, 2.4494898, 3.4641016, 4.472136, 9.0]","[1.0, 1.5, 2.0, 2.0, 2.5, 4.0]","[0.0, 0.0, 0.0, 1.7320508, 2.0, 4.0]","[-5.5, -3.5, -3.5, -3.0, -3.0, -2.5]","[1.0, 1.5, 4.0]","[0.0, 0.0, 4.0]","[-3.5, -3.0, -2.5]","[3.0, 4.5, 7.0]","[0.0, 2.828427, 6.928203]","[-0.5, 0.0, 0.5]","[1.5, 3.0]","[0.0, 1.4142135]","[-1.0, 0.0]",1,1,1,0,1.0,0.0,0
17454,2,2,1,"[0.5, 1.0, 1.5, 1.5, 1.5, 1.5, 2.5, 2.5, 4.5, 6.5]","[0.0, 0.0, 0.0, 0.0, 1.0, 1.4142135, 2.0, 2.0, 2.828427, 6.3245554]","[2.0, 4.0]","[0.0, 3.4641016]","[-4.5, -1.5]","[2.0, 4.0]","[0.0, 3.4641016]","[-4.5, -1.5]","[3.0, 6.5]","[3.0, 6.0]","[-1.5, 4.0]",[6.5],[6.0],[6.0],1,0,1,0,1.0,0.0,0
94190,2,1,1,"[0.0, 0.5, 1.0, 1.0, 1.5, 2.5, 3.0, 3.5, 6.0, 6.5]","[0.0, 0.0, 0.0, 1.0, 1.0, 2.236068, 2.4494898, 2.4494898, 5.196152, 6.4807405]","[3.0, 3.5]","[0.0, 3.1622777]","[-4.5, -2.0]",[3.5],[3.1622777],[-4.5],[5.5],[4.2426405],[1.0],[5.5],[4.2426405],[1.0],0,1,0,0,0.0,0.0,0
27596,2,2,1,"[0.0, 1.0, 1.0, 1.5, 2.0, 2.0, 2.0, 3.5, 4.0, 6.5]","[0.0, 0.0, 0.0, 0.0, 1.0, 1.7320508, 1.7320508, 2.0, 3.4641016, 6.4807405]","[3.0, 5.0]","[2.236068, 4.8989797]","[-3.0, -2.0]","[3.0, 5.0]","[2.236068, 4.8989797]","[-3.0, -2.0]","[2.0, 5.0]","[1.7320508, 4.0]","[-2.5, 2.0]",[5.0],[5.0],[4.0],1,0,1,0,1.0,0.0,0
606,4,2,2,"[0.0, 0.0, 0.5, 0.5, 1.0, 1.0, 2.5, 4.5, 5.5, 8.0]","[0.0, 0.0, 0.0, 0.0, 0.0, 0.0, 0.0, 4.2426405, 5.477226, 8.0]","[1.5, 2.5, 2.5, 3.0]","[1.4142135, 2.0, 2.4494898, 2.828427]","[-4.0, -3.5, -3.5, -1.5]","[1.5, 3.0]","[1.4142135, 2.828427]","[-4.0, -3.5]","[5.0, 7.0]","[5.0, 6.708204]","[0.0, 3.5]","[5.0, 7.0]","[5.0, 6.708204]","[0.0, 3.5]",0,2,0,0,0.0,0.0,1
60373,3,2,2,"[0.5, 1.0, 1.5, 2.5, 2.5, 2.5, 2.5, 3.0, 3.5, 9.0]","[0.0, 0.0, 0.0, 1.0, 1.4142135, 2.0, 2.0, 2.4494898, 2.828427, 9.0]","[2.0, 3.5, 5.0]","[0.0, 0.0, 4.0]","[-3.5, -3.0, -2.5]","[2.0, 3.5]","[0.0, 0.0]","[-3.5, -3.0]","[3.0, 7.5]","[2.236068, 7.483315]","[-2.0, 7.0]","[3.0, 7.5]","[2.236068, 7.483315]","[-2.0, 7.0]",0,2,0,0,0.0,0.0,0
39379,2,2,1,"[0.5, 0.5, 1.0, 1.0, 1.5, 1.5, 2.0, 2.0, 3.5, 5.5]","[0.0, 0.0, 0.0, 0.0, 0.0, 1.4142135, 1.4142135, 1.7320508, 3.4641016, 5.477226]","[2.5, 4.0]","[2.0, 3.8729835]","[-1.0, -1.0]","[2.5, 4.0]","[2.0, 3.8729835]","[-1.0, -1.0]","[4.5, 5.0]","[4.0, 4.2426405]","[1.5, 2.5]",[6.5],[6.0],[6.5],1,0,1,0,1.0,0.0,0
467,1,1,1,"[0.5, 0.5, 1.0, 1.0, 1.0, 1.5, 1.5, 2.0, 6.0, 7.5]","[0.0, 0.0, 0.0, 0.0, 0.0, 0.0, 1.0, 2.0, 5.656854, 7.483315]",[4.0],[3.4641016],[-1.5],[4.0],[3.4641016],[-1.5],[4.5],[3.7416575],[1.0],[4.5],[3.7416575],[1.0],0,1,0,0,0.0,0.0,1
529,3,1,1,"[0.0, 1.0, 1.0, 1.0, 2.0, 2.0, 2.0, 3.0, 4.0, 5.0]","[0.0, 0.0, 0.0, 0.0, 1.0, 1.7320508, 2.0, 2.828427, 3.4641016, 4.0]","[2.5, 4.0, 5.0]","[0.0, 2.6457512, 4.8989797]","[-2.5, -2.0, -1.0]",[2.5],[0.0],[-2.5],[7.0],[6.928203],[5.0],[7.0],[6.928203],[5.0],0,1,0,0,0.0,0.0,1
22321,1,1,1,"[0.0, 0.5, 1.0, 1.5, 2.0, 2.5, 2.5, 3.0, 3.0, 4.5]","[0.0, 0.0, 0.0, 0.0, 0.0, 1.0, 1.7320508, 2.0, 2.0, 2.828427]",[1.5],[0.0],[-3.5],[1.5],[0.0],[-3.5],[4.5],[3.7416575],[3.0],[4.5],[3.7416575],[3.0],0,1,0,0,0.0,0.0,0
63631,4,2,1,"[0.0, 0.0, 0.5, 2.5, 3.0, 3.0, 3.5, 3.5, 3.5, 8.5]","[0.0, 0.0, 0.0, 0.0, 0.0, 0.0, 2.0, 3.1622777, 3.4641016, 8.485281]","[2.0, 3.5, 3.5, 4.0]","[0.0, 3.4641016, 3.4641016, 3.4641016]","[-4.0, -4.0, -3.5, -2.0]","[3.5, 4.0]","[3.4641016, 3.4641016]","[-4.0, -3.5]","[4.5, 7.5]","[3.7416575, 7.483315]","[0.0, 3.5]",[3.5],[2.4494898],[3.5],1,0,1,0,1.0,0.0,0
32290,1,1,1,"[0.5, 0.5, 1.0, 1.5, 1.5, 1.5, 2.0, 2.5, 2.5, 6.0]","[0.0, 0.0, 0.0, 0.0, 0.0, 1.0, 1.4142135, 1.4142135, 1.7320508, 5.196152]",[4.0],[0.0],[-1.0],[4.0],[0.0],[-1.0],[7.0],[6.708204],[5.5],[7.0],[6.708204],[5.5],0,1,0,0,0.0,0.0,0
764,1,1,1,"[0.5, 0.5, 0.5, 1.0, 1.0, 1.5, 1.5, 4.5, 4.5, 5.0]","[0.0, 0.0, 0.0, 0.0, 0.0, 0.0, 1.4142135, 3.7416575, 3.7416575, 4.582576]",[2.5],[2.0],[-2.0],[2.5],[2.0],[-2.0],[5.0],[3.0],[0.0],[5.0],[3.0],[0.0],0,1,0,0,0.0,0.0,1
13176,2,2,1,"[1.0, 1.0, 1.5, 1.5, 1.5, 2.0, 2.0, 2.5, 2.5, 6.0]","[0.0, 0.0, 0.0, 0.0, 0.0, 1.0, 1.4142135, 1.7320508, 2.0, 6.0]","[1.5, 2.0]","[0.0, 0.0]","[-2.5, -2.0]","[1.5, 2.0]","[0.0, 0.0]","[-2.5, -2.0]","[0.5, 5.5]","[0.0, 4.8989797]","[-2.5, 2.0]",[7.0],[6.708204],[6.5],1,0,1,0,1.0,0.0,0
514,2,2,1,"[0.0, 0.5, 0.5, 0.5, 0.5, 1.0, 2.0, 2.5, 4.5, 8.0]","[0.0, 0.0, 0.0, 0.0, 0.0, 0.0, 1.0, 1.7320508, 4.472136, 8.0]","[2.5, 4.5]","[2.0, 4.472136]","[-4.0, -2.0]","[2.5, 4.5]","[2.0, 4.472136]","[-4.0, -2.0]","[6.0, 7.0]","[5.196152, 7.0]","[0.0, 3.0]",[5.0],[4.8989797],[3.0],1,0,1,0,1.0,0.0,1
74106,1,1,1,"[0.5, 0.5, 0.5, 1.0, 1.5, 1.5, 1.5, 2.5, 5.0, 7.5]","[0.0, 0.0, 0.0, 0.0, 0.0, 1.0, 1.4142135, 2.0, 5.0, 7.3484693]",[3.5],[2.4494898],[-3.0],[3.5],[2.4494898],[-3.0],[4.0],[0.0],[0.5],[4.0],[0.0],[0.5],0,1,0,0,0.0,0.0,0
95843,3,2,2,"[0.0, 0.5, 1.0, 1.0, 1.5, 2.5, 2.5, 3.0, 5.0, 6.0]","[0.0, 0.0, 0.0, 1.0, 1.0, 1.4142135, 2.4494898, 2.4494898, 4.0, 5.656854]","[0.5, 2.5, 5.5]","[0.0, 0.0, 5.2915025]","[-2.5, -2.0, -1.5]","[0.5, 2.5]","[0.0, 0.0]","[-2.5, -2.0]","[2.0, 6.0]","[0.0, 5.91608]","[0.5, 1.5]","[2.0, 6.0]","[0.0, 5.91608]","[0.5, 1.5]",0,2,0,0,0.0,0.0,0
9033,4,3,1,"[0.0, 0.0, 1.0, 1.0, 1.5, 1.5, 1.5, 2.0, 5.5, 6.0]","[0.0, 0.0, 0.0, 0.0, 0.0, 1.0, 1.4142135, 1.7320508, 5.477226, 5.91608]","[1.5, 2.0, 3.0, 3.5]","[1.4142135, 1.7320508, 2.236068, 3.4641016]","[-3.0, -3.0, -3.0, -2.0]","[1.5, 2.0, 3.0]","[1.4142135, 1.7320508, 2.236068]","[-3.0, -3.0, -2.0]","[3.5, 4.0, 8.0]","[0.0, 3.4641016, 7.937254]","[-3.0, 1.0, 5.5]",[8.5],[8.485281],[8.0],2,0,1,0,2.0,0.0,0
13257,3,2,2,"[0.5, 1.5, 1.5, 2.0, 2.0, 2.5, 3.0, 3.5, 4.5, 5.5]","[0.0, 0.0, 0.0, 0.0, 0.0, 0.0, 1.4142135, 2.236068, 2.828427, 5.2915025]","[2.5, 3.0, 4.0]","[0.0, 2.4494898, 3.4641016]","[-3.5, -2.5, -1.0]","[2.5, 3.0]","[0.0, 2.4494898]","[-3.5, -1.0]","[5.0, 7.0]","[4.8989797, 6.928203]","[4.5, 5.0]","[5.0, 7.0]","[4.8989797, 6.928203]","[4.5, 5.0]",0,2,0,0,0.0,0.0,0
16005,2,2,2,"[0.5, 0.5, 0.5, 1.0, 1.0, 1.5, 2.0, 3.5, 3.5, 4.0]","[0.0, 0.0, 0.0, 0.0, 0.0, 1.0, 1.4142135, 2.0, 2.4494898, 2.6457512]","[3.0, 3.5]","[2.236068, 2.4494898]","[-1.5, -1.0]","[3.0, 3.5]","[2.236068, 2.4494898]","[-1.5, -1.0]","[2.5, 4.0]","[2.4494898, 3.4641016]","[2.0, 3.0]","[2.5, 4.0]","[2.4494898, 3.4641016]","[2.0, 3.0]",0,2,0,0,0.0,0.0,0
31736,4,2,1,"[0.5, 1.5, 2.0, 2.5, 2.5, 2.5, 3.0, 4.0, 5.0, 7.0]","[0.0, 0.0, 0.0, 1.4142135, 2.0, 2.0, 2.4494898, 2.6457512, 4.582576, 6.928203]","[2.0, 2.5, 5.0, 6.0]","[0.0, 2.4494898, 5.0, 6.0]","[-4.0, -1.5, -1.5, -1.0]","[2.5, 6.0]","[2.4494898, 6.0]","[-4.0, -1.5]","[2.0, 4.5]","[0.0, 1.7320508]","[-2.5, 0.0]",[6.5],[6.0],[4.5],1,0,1,0,1.0,0.0,0
83588,4,2,1,"[0.0, 0.5, 0.5, 0.5, 1.5, 1.5, 2.5, 2.5, 3.5, 9.0]","[0.0, 0.0, 0.0, 0.0, 0.0, 0.0, 0.0, 0.0, 3.1622777, 9.0]","[1.0, 2.5, 3.5, 3.5]","[0.0, 0.0, 2.0, 2.4494898]","[-5.0, -4.5, -3.5, -3.5]","[1.0, 2.5]","[0.0, 2.0]","[-5.0, -4.5]","[4.0, 6.5]","[0.0, 6.3245554]","[-1.5, 2.0]",[3.5],[3.4641016],[2.5],1,0,1,0,1.0,0.0,0
85295,5,3,1,"[1.0, 2.0, 2.0, 3.0, 3.0, 3.0, 3.0, 3.5, 5.5, 6.5]","[0.0, 0.0, 0.0, 1.7320508, 2.4494898, 2.828427, 2.828427, 2.828427, 5.2915025, 6.4807405]","[2.5, 2.5, 3.0, 3.0, 3.5]","[2.0, 2.236068, 2.4494898, 3.0, 3.4641016]","[-3.5, -3.0, -3.0, -2.5, -1.5]","[2.5, 2.5, 3.0]","[2.0, 2.4494898, 3.0]","[-3.0, -2.5, -1.5]","[2.5, 2.5, 5.0]","[2.0, 2.4494898, 4.582576]","[-3.0, -1.5, 2.0]",[5.0],[4.582576],[2.0],2,1,0,1,0.0,2.0,0
383,2,2,1,"[0.0, 0.5, 1.0, 1.0, 1.5, 2.5, 2.5, 3.5, 3.5, 7.5]","[0.0, 0.0, 0.0, 0.0, 0.0, 0.0, 2.0, 2.4494898, 3.4641016, 7.483315]","[2.5, 4.0]","[2.0, 3.4641016]","[-2.5, -1.5]","[2.5, 4.0]","[2.0, 3.4641016]","[-2.5, -1.5]","[4.0, 5.0]","[2.6457512, 4.0]","[-2.0, 1.5]",[4.5],[0.0],[2.5],1,0,1,0,1.0,0.0,1
67093,2,2,1,"[0.5, 0.5, 1.0, 1.5, 2.5, 2.5, 3.0, 3.0, 5.5, 7.0]","[0.0, 0.0, 0.0, 0.0, 0.0, 0.0, 2.0, 2.4494898, 5.477226, 6.928203]","[2.5, 2.5]","[0.0, 0.0]","[-2.5, -1.0]","[2.5, 2.5]","[0.0, 0.0]","[-2.5, -1.0]","[2.5, 4.0]","[2.4494898, 4.0]","[-1.5, 1.0]",[8.0],[7.937254],[8.0],1,0,1,0,1.0,0.0,0
51,3,1,1,"[0.5, 0.5, 1.0, 1.5, 2.5, 2.5, 2.5, 3.0, 4.0, 5.0]","[0.0, 0.0, 0.0, 0.0, 0.0, 0.0, 1.0, 2.0, 2.236068, 4.0]","[3.5, 4.0, 4.5]","[0.0, 3.4641016, 4.2426405]","[-2.5, -2.0, -1.0]",[4.0],[3.4641016],[-2.5],[6.0],[5.91608],[6.0],[6.0],[5.91608],[6.0],0,1,0,0,0.0,0.0,1
115,3,2,1,"[0.0, 0.0, 0.5, 1.5, 2.0, 2.0, 2.5, 3.0, 3.0, 5.0]","[0.0, 0.0, 0.0, 0.0, 0.0, 0.0, 1.4142135, 1.7320508, 1.7320508, 4.0]","[1.0, 2.0, 4.0]","[1.0, 2.0, 4.0]","[-5.0, -3.0, -1.5]","[1.0, 2.0]","[1.0, 2.0]","[-5.0, -1.5]","[6.0, 7.5]","[5.196152, 7.3484693]","[3.0, 5.0]",[6.0],[5.91608],[5.5],1,0,1,0,1.0,0.0,1
42704,2,2,2,"[0.0, 0.5, 0.5, 0.5, 1.0, 1.5, 2.0, 4.0, 4.5, 6.0]","[0.0, 0.0, 0.0, 0.0, 0.0, 1.0, 1.7320508, 2.828427, 4.0, 5.196152]","[2.5, 3.5]","[0.0, 2.0]","[-3.0, -1.5]","[2.5, 3.5]","[0.0, 2.0]","[-3.0, -1.5]","[4.5, 8.0]","[0.0, 7.937254]","[1.5, 7.5]","[4.5, 8.0]","[0.0, 7.937254]","[1.5, 7.5]",0,2,0,0,0.0,0.0,0
60326,1,1,1,"[0.0, 0.5, 1.0, 1.5, 2.0, 2.0, 3.5, 4.0, 5.5, 5.5]","[0.0, 0.0, 0.0, 0.0, 0.0, 1.4142135, 2.6457512, 3.1622777, 4.8989797, 5.477226]",[3.0],[0.0],[-3.5],[3.0],[0.0],[-3.5],[9.0],[9.0],[4.5],[9.0],[9.0],[4.5],0,1,0,0,0.0,0.0,0
892,1,1,1,"[0.5, 1.0, 1.5, 1.5, 2.0, 2.5, 3.0, 3.0, 4.0, 5.0]","[0.0, 0.0, 0.0, 0.0, 1.0, 1.7320508, 2.236068, 2.828427, 3.8729835, 4.8989797]",[3.0],[2.236068],[-2.5],[3.0],[2.236068],[-2.5],[5.0],[4.8989797],[3.0],[5.0],[4.8989797],[3.0],0,1,0,0,0.0,0.0,1
62982,2,2,2,"[0.5, 0.5, 1.0, 1.0, 1.5, 1.5, 2.5, 3.5, 5.0, 5.5]","[0.0, 0.0, 0.0, 0.0, 0.0, 1.4142135, 1.4142135, 2.4494898, 4.0, 5.477226]","[1.0, 3.5]","[0.0, 3.4641016]","[-4.0, -2.5]","[1.0, 3.5]","[0.0, 3.4641016]","[-4.0, -2.5]","[6.5, 6.5]","[6.0, 6.4807405]","[3.5, 5.0]","[6.5, 6.5]","[6.0, 6.4807405]","[3.5, 5.0]",0,2,0,0,0.0,0.0,0
749,2,2,2,"[0.0, 0.5, 1.0, 1.0, 2.0, 2.0, 2.0, 2.5, 3.5, 4.5]","[0.0, 0.0, 0.0, 0.0, 0.0, 1.7320508, 1.7320508, 2.4494898, 2.828427, 3.1622777]","[0.5, 4.0]","[0.0, 3.4641016]","[-3.0, -1.5]","[0.5, 4.0]","[0.0, 3.4641016]","[-3.0, -1.5]","[8.0, 8.5]","[7.937254, 8.485281]","[6.5, 7.5]","[8.0, 8.5]","[7.937254, 8.485281]","[6.5, 7.5]",0,2,0,0,0.0,0.0,1
35780,1,1,1,"[0.5, 1.0, 1.0, 1.5, 1.5, 2.0, 2.0, 3.0, 3.5, 3.5]","[0.0, 0.0, 1.0, 1.0, 1.4142135, 1.7320508, 2.0, 2.236068, 3.1622777, 3.4641016]",[3.0],[2.828427],[-2.0],[3.0],[2.828427],[-2.0],[6.5],[6.0],[5.0],[6.5],[6.0],[5.0],0,1,0,0,0.0,0.0,0
89510,4,2,2,"[0.0, 0.0, 1.0, 2.0, 2.0, 2.5, 2.5, 2.5, 4.0, 5.5]","[0.0, 0.0, 0.0, 0.0, 0.0, 1.0, 1.7320508, 2.0, 2.6457512, 4.8989797]","[1.0, 2.5, 3.0, 4.5]","[0.0, 2.0, 2.236068, 4.2426405]","[-3.0, -2.5, -2.5, -2.0]","[1.0, 3.0]","[0.0, 2.236068]","[-2.5, -2.0]","[2.0, 3.5]","[1.7320508, 3.4641016]","[0.0, 3.0]","[2.0, 3.5]","[1.7320508, 3.4641016]","[0.0, 3.0]",0,2,0,0,0.0,0.0,0
39504,9,2,1,"[0.0, 2.0, 2.5, 2.5, 2.5, 3.0, 3.0, 3.5, 7.0, 7.5]","[0.0, 0.0, 0.0, 0.0, 1.7320508, 2.236068, 2.4494898, 3.1622777, 6.708204, 7.3484693]","[1.5, 2.0, 2.0, 2.5, 3.0, 3.0, 4.5, 4.5, 5.0]","[0.0, 0.0, 0.0, 1.4142135, 2.4494898, 2.828427, 3.0, 3.7416575, 4.0]","[-6.0, -5.0, -4.5, -4.0, -3.5, -3.0, -2.5, -2.0, -1.5]","[1.5, 2.0]","[0.0, 1.4142135]","[-5.0, -4.0]","[3.0, 4.0]","[0.0, 3.4641016]","[-6.0, 1.0]",[6.5],[6.0],[1.5],1,0,1,0,1.0,0.0,0
29254,4,3,1,"[0.5, 1.0, 1.0, 1.5, 1.5, 1.5, 2.0, 4.0, 6.0, 7.5]","[0.0, 0.0, 0.0, 0.0, 0.0, 1.4142135, 1.4142135, 3.4641016, 5.656854, 7.3484693]","[1.0, 2.0, 2.5, 4.0]","[0.0, 0.0, 1.7320508, 2.4494898]","[-5.0, -4.0, -1.5, -1.0]","[1.0, 2.0, 2.5]","[0.0, 1.7320508, 2.4494898]","[-5.0, -4.0, -1.5]","[4.5, 5.5, 6.5]","[4.472136, 5.2915025, 6.3245554]","[-1.0, 0.5, 2.5]",[7.5],[7.483315],[6.5],2,0,1,0,2.0,0.0,0
617,18,4,3,"[1.5, 2.0, 2.5, 4.0, 4.0, 5.0, 5.5, 6.5, 7.0, 7.5]","[0.0, 1.7320508, 2.4494898, 2.6457512, 3.4641016, 4.0, 4.8989797, 6.4807405, 6.708204, 7.483315]","[0.0, 0.5, 1.0, 1.5, 1.5, 1.5, 1.5, 2.0, 2.0, 2.0, 2.0, 2.5, 3.0, 3.5, 4.0, 4.0, 4.5, 5.0]","[0.0, 0.0, 0.0, 0.0, 0.0, 0.0, 1.0, 1.4142135, 1.4142135, 1.4142135, 1.4142135, 1.7320508, 2.0, 2.828427, 3.8729835, 4.0, 4.2426405, 5.0]","[-6.0, -5.0, -5.0, -5.0, -4.5, -4.0, -4.0, -4.0, -3.5, -3.0, -3.0, -2.5, -2.5, -2.0, -1.5, -1.5, -1.0, -1.0]","[0.0, 0.5, 2.0, 3.0]","[0.0, 0.0, 1.7320508, 2.828427]","[-6.0, -5.0, -4.0, -3.0]","[4.0, 4.5, 5.0, 6.0]","[2.6457512, 4.0, 4.2426405, 5.656854]","[-0.5, -0.5, 0.5, 1.0]","[4.0, 5.0, 6.0]","[2.6457512, 5.0, 5.656854]","[-0.5, 0.5, 1.5]",1,2,1,0,1.0,0.0,1
104,20,5,2,"[2.0, 3.0, 3.0, 3.5, 4.5, 4.5, 4.5, 5.0, 6.5, 7.0]","[0.0, 0.0, 2.0, 2.828427, 3.7416575, 4.2426405, 4.472136, 4.8989797, 6.0, 6.928203]","[0.0, 1.0, 1.0, 1.5, 1.5, 1.5, 1.5, 1.5, 2.0, 3.0, 3.0, 3.0, 3.0, 3.0, 3.0, 3.5, 4.0, 4.0, 4.5, 6.0]","[0.0, 0.0, 0.0, 0.0, 0.0, 0.0, 0.0, 1.4142135, 1.4142135, 1.4142135, 1.7320508, 2.236068, 2.828427, 2.828427, 2.828427, 3.0, 3.1622777, 3.8729835, 3.8729835, 6.0]","[-6.5, -4.5, -4.0, -4.0, -3.5, -3.5, -3.5, -3.5, -3.0, -3.0, -3.0, -3.0, -2.5, -2.5, -2.0, -2.0, -1.5, -1.5, -1.0, -1.0]","[0.0, 1.0, 1.5, 1.5, 3.0]","[0.0, 0.0, 1.4142135, 1.4142135, 2.828427]","[-6.5, -3.5, -3.5, -3.0, -3.0]","[1.5, 1.5, 1.5, 4.0, 4.5]","[1.4142135, 1.4142135, 1.4142135, 2.6457512, 4.472136]","[-3.5, -3.0, -2.5, -1.5, 2.5]","[1.5, 2.0]","[1.4142135, 1.7320508]","[-2.5, 1.0]",3,1,1,1,1.0,2.0,1
95830,8,2,1,"[0.5, 2.0, 2.0, 2.5, 2.5, 3.0, 4.0, 4.5, 5.0, 8.0]","[0.0, 0.0, 1.7320508, 1.7320508, 2.0, 3.0, 3.0, 3.8729835, 4.472136, 8.0]","[1.0, 2.0, 2.5, 2.5, 3.0, 3.5, 4.0, 4.5]","[0.0, 0.0, 2.0, 2.0, 2.6457512, 2.828427, 3.1622777, 4.2426405]","[-6.0, -4.0, -4.0, -3.5, -2.5, -2.5, -2.0, -1.5]","[1.0, 2.5]","[0.0, 2.0]","[-4.0, -3.5]","[3.5, 4.5]","[3.1622777, 3.7416575]","[-2.5, -1.0]",[5.5],[4.2426405],[2.0],1,0,1,0,1.0,0.0,0
13575,4,3,1,"[0.0, 0.5, 1.5, 1.5, 1.5, 2.0, 2.0, 3.5, 5.5, 5.5]","[0.0, 0.0, 0.0, 1.4142135, 1.4142135, 1.7320508, 1.7320508, 3.1622777, 4.8989797, 5.477226]","[1.5, 2.5, 3.5, 4.5]","[0.0, 1.4142135, 3.4641016, 3.7416575]","[-3.0, -2.0, -1.5, -1.0]","[1.5, 2.5, 3.5]","[0.0, 1.4142135, 3.4641016]","[-3.0, -2.0, -1.5]","[4.5, 6.5, 7.5]","[4.472136, 6.0, 7.483315]","[0.0, 2.0, 5.0]",[7.0],[6.928203],[6.5],2,0,1,0,2.0,0.0,0
568,24,6,1,"[1.0, 3.0, 3.0, 3.0, 3.5, 5.0, 5.5, 6.5, 7.5, 8.0]","[0.0, 1.0, 2.236068, 3.0, 3.1622777, 5.0, 5.477226, 6.4807405, 7.3484693, 7.937254]","[0.0, 0.0, 0.5, 1.0, 1.0, 1.0, 1.5, 1.5, 1.5, 2.0, 2.0, 2.0, 2.5, 2.5, 3.0, 3.0, 3.0, 3.5, 3.5, 3.5, 3.5, 3.5, 5.0, 5.0]","[0.0, 0.0, 0.0, 0.0, 0.0, 0.0, 0.0, 0.0, 0.0, 0.0, 0.0, 1.4142135, 1.4142135, 1.7320508, 2.0, 2.0, 2.236068, 2.236068, 2.4494898, 3.1622777, 3.1622777, 3.4641016, 4.0, 4.582576]","[-7.5, -7.0, -6.0, -6.0, -5.0, -5.0, -4.0, -4.0, -4.0, -3.5, -3.5, -3.5, -3.0, -3.0, -2.5, -2.5, -2.5, -2.5, -2.5, -1.5, -1.5, -1.5, -1.0, -1.0]","[0.0, 0.0, 0.5, 1.0, 1.0, 1.5]","[0.0, 0.0, 0.0, 0.0, 0.0, 0.0]","[-7.5, -7.0, -6.0, -3.5, -3.0, -2.5]","[0.0, 1.0, 4.5, 5.0, 6.0, 7.0]","[0.0, 0.0, 2.828427, 4.0, 5.196152, 6.928203]","[-3.0, -2.5, -2.5, -1.0, -1.0, -0.5]",[4.5],[2.828427],[-1.0],5,1,0,2,0.0,2.5,1
50430,1,1,1,"[0.0, 1.0, 1.0, 1.0, 1.5, 1.5, 2.0, 3.0, 3.5, 3.5]","[0.0, 0.0, 0.0, 0.0, 0.0, 0.0, 1.0, 1.4142135, 1.7320508, 3.1622777]",[2.0],[1.7320508],[-2.0],[2.0],[1.7320508],[-2.0],[3.0],[0.0],[1.5],[3.0],[0.0],[1.5],0,1,0,0,0.0,0.0,0
243,1,1,1,"[0.0, 0.5, 1.0, 2.0, 2.5, 3.0, 3.5, 4.0, 4.0, 4.5]","[0.0, 0.0, 1.0, 1.7320508, 2.4494898, 2.828427, 3.4641016, 3.8729835, 3.8729835, 4.472136]",[3.0],[3.0],[-1.5],[3.0],[3.0],[-1.5],[3.5],[3.4641016],[0.5],[3.5],[3.4641016],[0.5],0,1,0,0,0.0,0.0,1
221,3,2,1,"[0.0, 1.0, 1.5, 1.5, 1.5, 2.0, 2.0, 2.5, 3.0, 6.0]","[0.0, 0.0, 0.0, 0.0, 0.0, 1.4142135, 1.7320508, 2.0, 3.0, 5.196152]","[1.0, 2.0, 2.5]","[0.0, 0.0, 2.4494898]","[-3.5, -3.0, -2.0]","[1.0, 2.5]","[0.0, 2.4494898]","[-3.5, -2.0]","[3.5, 6.5]","[2.4494898, 6.0]","[1.5, 3.5]",[4.0],[0.0],[2.0],1,0,1,0,1.0,0.0,1
345,3,1,1,"[0.5, 1.0, 1.0, 1.0, 1.5, 1.5, 2.0, 3.5, 6.0, 8.5]","[0.0, 0.0, 0.0, 0.0, 0.0, 0.0, 1.0, 3.4641016, 5.656854, 8.485281]","[1.5, 2.0, 3.0]","[0.0, 0.0, 2.236068]","[-5.5, -5.0, -3.0]",[3.0],[2.236068],[-5.5],[4.0],[0.0],[-2.0],[4.0],[0.0],[-2.0],0,1,0,0,0.0,0.0,1
46966,2,2,1,"[0.5, 1.0, 1.0, 1.5, 1.5, 1.5, 2.0, 2.5, 4.0, 6.0]","[0.0, 0.0, 0.0, 0.0, 1.0, 1.4142135, 2.0, 2.0, 3.4641016, 5.656854]","[1.5, 2.0]","[0.0, 0.0]","[-3.0, -1.0]","[1.5, 2.0]","[0.0, 0.0]","[-3.0, -1.0]","[1.5, 5.5]","[0.0, 5.477226]","[-0.5, 0.5]",[4.5],[3.7416575],[3.5],1,0,1,0,1.0,0.0,0
119,1,1,1,"[0.0, 0.5, 1.0, 1.0, 1.5, 2.0, 3.0, 4.5, 5.0, 5.5]","[0.0, 0.0, 0.0, 0.0, 1.0, 1.4142135, 1.7320508, 2.236068, 4.8989797, 5.2915025]",[4.0],[2.6457512],[-1.5],[4.0],[2.6457512],[-1.5],[2.5],[0.0],[2.0],[2.5],[0.0],[2.0],0,1,0,0,0.0,0.0,1
61712,2,2,1,"[0.0, 0.0, 0.5, 0.5, 1.5, 2.0, 2.0, 4.0, 4.5, 6.5]","[0.0, 0.0, 0.0, 0.0, 0.0, 0.0, 1.4142135, 2.6457512, 4.2426405, 6.3245554]","[2.5, 5.0]","[2.0, 4.8989797]","[-3.5, -2.0]","[2.5, 5.0]","[2.0, 4.8989797]","[-3.5, -2.0]","[3.5, 5.5]","[0.0, 4.2426405]","[-1.0, 1.5]",[9.0],[9.0],[7.0],1,0,1,0,1.0,0.0,0
358,7,3,3,"[0.5, 1.0, 2.0, 3.0, 3.5, 3.5, 3.5, 4.5, 5.0, 5.0]","[0.0, 0.0, 1.7320508, 2.828427, 3.0, 3.0, 3.1622777, 3.1622777, 3.4641016, 4.8989797]","[1.5, 2.5, 2.5, 2.5, 4.0, 4.5, 4.5]","[0.0, 0.0, 0.0, 2.0, 2.4494898, 3.7416575, 4.2426405]","[-4.5, -4.0, -3.0, -3.0, -2.5, -2.0, -1.0]","[1.5, 2.5, 4.5]","[0.0, 2.4494898, 3.7416575]","[-4.0, -2.5, -2.0]","[4.0, 4.5, 4.5]","[0.0, 0.0, 4.2426405]","[1.0, 1.0, 3.0]","[4.0, 4.5, 4.5]","[0.0, 0.0, 4.2426405]","[1.0, 1.0, 3.0]",0,3,0,0,0.0,0.0,1
724,1,1,1,"[0.5, 0.5, 0.5, 1.0, 1.5, 2.0, 2.0, 2.5, 3.5, 4.0]","[0.0, 0.0, 0.0, 0.0, 0.0, 1.0, 2.0, 2.4494898, 2.6457512, 3.4641016]",[1.5],[1.4142135],[-3.5],[1.5],[1.4142135],[-3.5],[1.5],[1.4142135],[1.0],[1.5],[1.4142135],[1.0],0,1,0,0,0.0,0.0,1
94233,2,1,1,"[0.0, 0.0, 0.5, 1.0, 1.5, 2.0, 2.0, 3.5, 4.5, 4.5]","[0.0, 0.0, 0.0, 0.0, 1.4142135, 1.7320508, 1.7320508, 2.4494898, 3.7416575, 4.2426405]","[2.5, 3.5]","[2.0, 2.4494898]","[-3.0, -2.5]",[2.5],[2.0],[-2.5],[7.5],[7.3484693],[6.0],[7.5],[7.3484693],[6.0],0,1,0,0,0.0,0.0,0
97226,5,2,2,"[0.5, 1.0, 1.5, 1.5, 1.5, 2.0, 2.5, 5.5, 6.0, 7.0]","[0.0, 0.0, 0.0, 0.0, 1.4142135, 1.7320508, 2.0, 4.2426405, 5.196152, 7.0]","[1.5, 3.5, 3.5, 4.0, 6.5]","[1.4142135, 2.4494898, 2.4494898, 3.4641016, 6.3245554]","[-4.5, -4.0, -4.0, -2.5, -2.0]","[1.5, 3.5]","[1.4142135, 2.4494898]","[-4.5, -4.0]","[5.5, 7.5]","[5.477226, 7.3484693]","[0.5, 6.5]","[5.5, 7.5]","[5.477226, 7.3484693]","[0.5, 6.5]",0,2,0,0,0.0,0.0,0
408,1,1,1,"[0.0, 0.0, 1.0, 2.5, 2.5, 2.5, 2.5, 3.0, 3.5, 5.5]","[0.0, 0.0, 0.0, 0.0, 0.0, 2.0, 2.0, 2.828427, 3.4641016, 5.2915025]",[2.5],[2.0],[-2.0],[2.5],[2.0],[-2.0],[6.0],[6.0],[5.5],[6.0],[6.0],[5.5],0,1,0,0,0.0,0.0,1
26302,2,1,1,"[0.0, 0.5, 1.5, 1.5, 1.5, 1.5, 2.0, 2.5, 4.5, 5.0]","[0.0, 0.0, 0.0, 0.0, 0.0, 0.0, 0.0, 1.4142135, 2.4494898, 3.0]","[4.0, 5.0]","[0.0, 4.582576]","[-4.0, -2.0]",[5.0],[4.582576],[-4.0],[4.5],[4.2426405],[4.0],[4.5],[4.2426405],[4.0],0,1,0,0,0.0,0.0,0
753,2,1,1,"[0.5, 1.0, 1.5, 1.5, 2.0, 2.0, 3.0, 3.0, 3.5, 5.0]","[0.0, 0.0, 0.0, 1.4142135, 1.4142135, 1.7320508, 1.7320508, 2.236068, 3.4641016, 4.8989797]","[1.0, 4.0]","[0.0, 4.0]","[-2.5, -2.0]",[1.0],[0.0],[-2.5],[6.5],[6.4807405],[3.5],[6.5],[6.4807405],[3.5],0,1,0,0,0.0,0.0,1
7725,3,2,1,"[0.0, 0.5, 1.0, 1.0, 1.0, 1.0, 1.5, 2.5, 3.0, 6.0]","[0.0, 0.0, 0.0, 0.0, 0.0, 0.0, 1.0, 1.4142135, 2.0, 5.91608]","[0.5, 3.0, 4.5]","[0.0, 2.236068, 4.472136]","[-3.5, -1.5, -1.0]","[0.5, 4.5]","[0.0, 4.472136]","[-3.5, -1.0]","[0.5, 2.0]","[0.0, 1.7320508]","[-3.0, -1.5]",[7.5],[7.3484693],[6.5],1,0,1,0,1.0,0.0,0
645,27,6,3,"[2.5, 3.0, 4.0, 4.5, 5.0, 5.0, 5.0, 6.0, 6.0, 6.5]","[2.4494898, 2.828427, 3.8729835, 4.0, 4.0, 4.2426405, 5.0, 5.196152, 5.656854, 6.0]","[0.0, 0.0, 0.0, 0.0, 0.5, 0.5, 0.5, 1.0, 1.0, 1.0, 1.0, 1.5, 1.5, 1.5, 1.5, 2.0, 2.0, 2.5, 3.0, 3.0, 3.0, 3.0, 3.5, 4.5, 4.5, 5.0, 5.5]","[0.0, 0.0, 0.0, 0.0, 0.0, 0.0, 0.0, 0.0, 0.0, 0.0, 0.0, 0.0, 1.0, 1.4142135, 1.4142135, 1.4142135, 1.7320508, 1.7320508, 2.0, 2.236068, 2.828427, 2.828427, 3.4641016, 3.7416575, 4.0, 4.472136, 5.2915025]","[-7.0, -6.0, -6.0, -6.0, -5.0, -4.5, -4.5, -4.5, -4.5, -4.5, -4.0, -3.5, -3.5, -3.5, -3.0, -3.0, -3.0, -3.0, -3.0, -2.5, -2.0, -2.0, -2.0, -1.5, -1.5, -1.5, -1.0]","[0.0, 0.0, 0.0, 0.0, 1.5, 3.0]","[0.0, 0.0, 0.0, 0.0, 1.4142135, 2.236068]","[-6.0, -6.0, -4.5, -4.0, -2.0, -1.0]","[2.5, 4.0, 5.5, 6.0, 6.5, 9.0]","[2.4494898, 4.0, 4.2426405, 5.91608, 6.4807405, 9.0]","[-3.0, -1.5, 1.0, 1.5, 3.5, 4.5]","[2.5, 4.0, 5.5]","[0.0, 4.0, 4.2426405]","[-1.5, -1.5, 1.5]",3,2,1,0,3.0,0.0,1
84794,3,2,1,"[0.5, 1.0, 1.5, 1.5, 1.5, 2.0, 2.5, 3.0, 3.0, 5.5]","[0.0, 0.0, 0.0, 0.0, 0.0, 1.4142135, 2.0, 2.236068, 2.4494898, 5.477226]","[2.0, 2.0, 4.5]","[0.0, 0.0, 4.472136]","[-2.5, -1.0, -1.0]","[2.0, 2.0]","[0.0, 0.0]","[-2.5, -1.0]","[0.5, 4.5]","[0.0, 0.0]","[-2.0, 0.5]",[8.5],[8.485281],[7.5],1,0,1,0,1.0,0.0,0
111,3,2,2,"[0.5, 0.5, 1.0, 1.5, 1.5, 2.0, 2.0, 2.5, 3.0, 7.0]","[0.0, 0.0, 0.0, 0.0, 0.0, 0.0, 1.4142135, 1.7320508, 2.0, 6.708204]","[2.5, 3.5, 4.0]","[0.0, 2.0, 3.8729835]","[-3.0, -1.5, -1.0]","[2.5, 4.0]","[2.0, 3.8729835]","[-3.0, -1.0]","[2.5, 3.0]","[2.4494898, 2.828427]","[0.5, 2.0]","[2.5, 3.0]","[2.4494898, 2.828427]","[0.5, 2.0]",0,2,0,0,0.0,0.0,1
823,1,1,1,"[0.0, 0.0, 0.5, 1.0, 2.0, 2.0, 2.0, 3.5, 4.0, 5.0]","[0.0, 0.0, 0.0, 0.0, 0.0, 0.0, 2.0, 2.4494898, 2.6457512, 4.582576]",[4.5],[4.472136],[-2.5],[4.5],[4.472136],[-2.5],[4.5],[2.828427],[2.5],[4.5],[2.828427],[2.5],0,1,0,0,0.0,0.0,1
85534,6,2,1,"[0.0, 0.0, 1.0, 1.0, 2.0, 3.5, 4.0, 4.5, 5.0, 6.0]","[0.0, 0.0, 0.0, 0.0, 2.0, 2.6457512, 3.4641016, 3.7416575, 4.582576, 5.91608]","[1.5, 2.5, 2.5, 2.5, 3.5, 3.5]","[0.0, 0.0, 2.4494898, 2.4494898, 3.1622777, 3.1622777]","[-4.5, -4.5, -3.5, -3.5, -3.0, -1.5]","[2.5, 2.5]","[0.0, 2.4494898]","[-4.5, -3.5]","[5.0, 6.5]","[4.8989797, 6.4807405]","[1.0, 2.5]",[5.5],[5.477226],[3.5],1,0,1,0,1.0,0.0,0
14710,3,2,2,"[0.0, 0.5, 0.5, 1.0, 1.5, 2.0, 3.5, 4.0, 5.5, 5.5]","[0.0, 0.0, 0.0, 0.0, 0.0, 0.0, 1.7320508, 3.4641016, 5.2915025, 5.477226]","[2.5, 2.5, 3.0]","[0.0, 2.0, 2.828427]","[-3.5, -2.5, -1.0]","[2.5, 3.0]","[2.0, 2.828427]","[-2.5, -1.0]","[5.0, 6.0]","[4.582576, 5.656854]","[3.0, 5.0]","[5.0, 6.0]","[4.582576, 5.656854]","[3.0, 5.0]",0,2,0,0,0.0,0.0,0
53266,1,1,1,"[0.0, 0.5, 1.0, 1.5, 1.5, 2.0, 2.0, 2.5, 2.5, 4.0]","[0.0, 0.0, 0.0, 0.0, 0.0, 0.0, 1.0, 1.7320508, 2.0, 2.0]",[1.5],[0.0],[-2.0],[1.5],[0.0],[-2.0],[4.5],[0.0],[4.0],[4.5],[0.0],[4.0],0,1,0,0,0.0,0.0,0
509,1,1,1,"[0.0, 0.0, 0.5, 0.5, 1.0, 1.0, 1.0, 2.0, 3.0, 3.0]","[0.0, 0.0, 0.0, 0.0, 0.0, 0.0, 0.0, 1.0, 2.828427, 2.828427]",[0.5],[0.0],[-1.0],[0.5],[0.0],[-1.0],[4.5],[0.0],[2.0],[4.5],[0.0],[2.0],0,1,0,0,0.0,0.0,1
92301,4,1,1,"[0.0, 0.5, 0.5, 1.0, 1.5, 1.5, 2.0, 3.0, 4.5, 6.0]","[0.0, 0.0, 0.0, 0.0, 0.0, 1.0, 1.4142135, 2.828427, 4.2426405, 5.91608]","[1.5, 2.5, 3.0, 3.0]","[0.0, 0.0, 0.0, 3.0]","[-4.0, -2.5, -2.0, -1.0]",[3.0],[3.0],[-2.5],[4.5],[3.7416575],[2.0],[4.5],[3.7416575],[2.0],0,1,0,0,0.0,0.0,0
78741,3,2,1,"[0.5, 0.5, 0.5, 1.0, 1.5, 2.0, 3.0, 3.0, 3.5, 6.5]","[0.0, 0.0, 0.0, 0.0, 0.0, 0.0, 1.4142135, 2.0, 3.4641016, 6.3245554]","[2.0, 2.5, 3.5]","[1.7320508, 2.0, 3.1622777]","[-3.5, -2.5, -2.0]","[2.0, 2.5]","[1.7320508, 2.0]","[-3.5, -2.5]","[3.5, 8.0]","[0.0, 7.937254]","[0.0, 4.0]",[6.0],[5.91608],[5.0],1,0,1,0,1.0,0.0,0
79678,4,1,1,"[0.0, 0.5, 0.5, 1.5, 2.5, 2.5, 3.0, 3.5, 3.5, 4.0]","[0.0, 0.0, 0.0, 0.0, 0.0, 0.0, 1.4142135, 3.1622777, 3.4641016, 3.8729835]","[2.0, 2.0, 3.5, 4.0]","[1.7320508, 2.0, 3.4641016, 4.0]","[-3.0, -3.0, -2.0, -1.5]",[2.0],[2.0],[-3.0],[6.5],[6.3245554],[5.0],[6.5],[6.3245554],[5.0],0,1,0,0,0.0,0.0,0
827,3,2,1,"[0.0, 0.0, 0.0, 0.5, 1.5, 3.5, 3.5, 4.0, 4.5, 6.5]","[0.0, 0.0, 0.0, 0.0, 0.0, 1.4142135, 2.4494898, 3.4641016, 3.4641016, 6.0]","[1.5, 2.0, 3.5]","[0.0, 2.0, 3.1622777]","[-3.5, -3.0, -1.5]","[1.5, 2.0]","[0.0, 2.0]","[-3.5, -1.5]","[3.5, 5.5]","[3.1622777, 4.8989797]","[-3.0, 0.5]",[6.5],[6.3245554],[1.5],1,0,1,0,1.0,0.0,1
399,2,2,0,"[0.0, 0.0, 0.5, 0.5, 0.5, 1.0, 1.0, 2.5, 7.0, 8.0]","[0.0, 0.0, 0.0, 0.0, 0.0, 0.0, 1.0, 1.0, 6.708204, 7.937254]","[3.5, 4.0]","[2.4494898, 4.0]","[-4.0, -3.5]","[3.5, 4.0]","[2.4494898, 4.0]","[-4.0, -3.5]","[3.5, 4.0]","[2.4494898, 4.0]","[-4.0, -3.5]",[],[],[],2,0,0,1,0.0,2.0,1
53652,6,4,3,"[0.5, 1.0, 1.0, 1.5, 2.0, 2.5, 4.0, 4.0, 6.5, 7.5]","[0.0, 0.0, 0.0, 0.0, 0.0, 2.0, 2.6457512, 3.4641016, 6.4807405, 7.3484693]","[2.0, 2.5, 3.0, 3.0, 3.5, 5.0]","[0.0, 0.0, 2.0, 2.4494898, 2.828427, 4.582576]","[-3.5, -3.0, -3.0, -2.5, -2.5, -1.0]","[2.0, 2.5, 3.0, 3.5]","[0.0, 2.0, 2.4494898, 2.828427]","[-3.0, -3.0, -2.5, -1.0]","[0.5, 2.5, 5.0, 6.5]","[0.0, 2.4494898, 3.0, 6.3245554]","[-3.0, 0.5, 1.5, 2.0]","[1.5, 2.5, 5.0]","[0.0, 2.4494898, 3.0]","[-1.5, 1.5, 2.0]",1,2,1,0,1.0,0.0,0
865,9,3,1,"[0.0, 0.5, 1.0, 1.5, 2.0, 2.0, 2.5, 4.5, 7.5, 8.5]","[0.0, 0.0, 0.0, 0.0, 0.0, 1.0, 1.7320508, 2.0, 7.3484693, 8.485281]","[0.5, 1.5, 2.0, 2.0, 4.5, 4.5, 4.5, 4.5, 6.5]","[0.0, 0.0, 0.0, 1.4142135, 2.828427, 2.828427, 4.2426405, 4.472136, 6.4807405]","[-8.0, -4.0, -4.0, -3.0, -3.0, -2.5, -2.5, -2.0, -1.0]","[0.5, 2.0, 4.5]","[0.0, 0.0, 2.828427]","[-8.0, -4.0, -3.0]","[4.0, 4.5, 6.5]","[0.0, 3.4641016, 6.4807405]","[-2.0, -0.5, 1.0]",[6.5],[6.0],[6.0],2,0,1,0,2.0,0.0,1
898,33,6,3,"[2.0, 2.0, 3.0, 5.5, 6.0, 6.5, 7.0, 7.5, 7.5, 8.0]","[0.0, 0.0, 0.0, 4.2426405, 5.656854, 6.3245554, 6.928203, 7.3484693, 7.483315, 7.937254]","[0.0, 0.5, 0.5, 1.0, 1.0, 1.0, 1.5, 1.5, 1.5, 2.0, 2.5, 2.5, 3.0, 3.0, 3.0, 3.0, 3.0, 3.5, 3.5, 4.0, 4.0, 4.0, 4.0, 4.0, 4.0, 4.5, 4.5, 4.5, 4.5, 4.5, 5.0, 6.0, 6.5]","[0.0, 0.0, 0.0, 0.0, 0.0, 0.0, 0.0, 0.0, 0.0, 1.0, 1.0, 1.4142135, 2.0, 2.236068, 2.4494898, 2.6457512, 2.6457512, 2.6457512, 2.828427, 3.0, 3.1622777, 3.4641016, 3.4641016, 3.7416575, 3.7416575, 3.8729835, 4.0, 4.2426405, 4.2426405, 4.2426405, 4.8989797, 5.656854, 6.3245554]","[-7.0, -7.0, -6.5, -6.5, -6.0, -5.0, -5.0, -5.0, -5.0, -5.0, -4.5, -4.5, -4.5, -4.5, -4.5, -4.0, -4.0, -4.0, -4.0, -3.5, -3.5, -3.5, -3.0, -3.0, -3.0, -3.0, -3.0, -2.5, -2.5, -2.5, -2.0, -1.5, -1.5]","[0.0, 0.5, 1.5, 2.0, 3.0, 3.5]","[0.0, 0.0, 0.0, 0.0, 2.0, 3.4641016]","[-7.0, -7.0, -4.5, -4.5, -4.5, -3.0]","[3.5, 4.0, 4.0, 4.5, 5.0, 6.5]","[0.0, 0.0, 3.1622777, 3.8729835, 4.8989797, 6.3245554]","[-5.0, -3.5, -3.0, -1.0, 0.0, 6.5]","[3.5, 5.0, 6.5]","[3.1622777, 4.8989797, 6.3245554]","[-3.5, 0.0, 6.5]",3,3,0,1,0.0,3.0,1
88867,3,2,1,"[0.0, 1.0, 1.0, 1.0, 1.0, 1.5, 3.0, 3.0, 6.0, 7.0]","[0.0, 0.0, 0.0, 0.0, 0.0, 0.0, 1.0, 2.828427, 5.656854, 6.708204]","[1.0, 2.0, 3.5]","[0.0, 1.0, 2.0]","[-2.5, -2.5, -2.0]","[1.0, 3.5]","[0.0, 1.0]","[-2.5, -2.0]","[4.0, 5.5]","[3.4641016, 5.2915025]","[-0.5, 3.0]",[7.5],[7.3484693],[7.5],1,0,1,0,1.0,0.0,0
574,8,3,2,"[0.0, 1.0, 1.0, 2.0, 2.5, 3.5, 5.0, 5.5, 6.5, 8.0]","[0.0, 0.0, 1.0, 1.7320508, 2.4494898, 2.4494898, 3.0, 5.2915025, 6.0, 7.937254]","[1.5, 1.5, 1.5, 2.0, 3.0, 4.0, 6.0, 6.5]","[0.0, 1.4142135, 1.4142135, 1.7320508, 2.6457512, 3.0, 5.656854, 6.4807405]","[-7.5, -6.0, -4.0, -4.0, -2.5, -2.5, -2.0, -1.5]","[1.5, 1.5, 2.0]","[1.4142135, 1.4142135, 1.7320508]","[-7.5, -6.0, -2.0]","[2.0, 3.0, 3.0]","[2.0, 3.0, 3.0]","[-2.5, -2.0, -2.0]","[2.0, 7.0]","[2.0, 6.708204]","[-2.0, 4.5]",1,1,1,0,1.0,0.0,1
628,1,1,1,"[0.0, 0.0, 0.5, 0.5, 1.0, 1.5, 2.0, 2.0, 2.5, 5.5]","[0.0, 0.0, 0.0, 0.0, 0.0, 1.0, 1.4142135, 1.7320508, 2.0, 4.8989797]",[1.5],[0.0],[-1.0],[1.5],[0.0],[-1.0],[4.5],[2.828427],[4.0],[4.5],[2.828427],[4.0],0,1,0,0,0.0,0.0,1
1023,17,4,1,"[0.5, 2.0, 2.5, 3.5, 4.5, 5.0, 5.5, 6.0, 6.5, 6.5]","[0.0, 0.0, 2.0, 2.0, 3.0, 3.1622777, 4.2426405, 5.196152, 6.0, 6.4807405]","[0.5, 0.5, 1.0, 1.5, 1.5, 1.5, 2.0, 2.0, 2.5, 2.5, 3.0, 3.5, 4.0, 5.0, 5.0, 5.0, 5.5]","[0.0, 0.0, 0.0, 0.0, 0.0, 0.0, 0.0, 1.4142135, 1.4142135, 1.7320508, 1.7320508, 2.828427, 3.4641016, 4.582576, 4.582576, 4.8989797, 4.8989797]","[-7.5, -7.0, -6.5, -5.5, -5.0, -4.5, -4.5, -4.5, -4.0, -4.0, -4.0, -4.0, -3.5, -3.5, -2.5, -2.0, -2.0]","[0.5, 1.5, 1.5, 1.5]","[0.0, 0.0, 1.4142135, 1.4142135]","[-7.5, -7.0, -4.0, -2.0]","[4.5, 5.0, 5.0, 6.0]","[2.828427, 4.0, 5.0, 5.91608]","[-2.5, -1.0, 2.0, 2.5]",[0.5],[0.0],[-0.5],3,0,1,0,3.0,0.0,1
27,3,1,1,"[0.0, 0.0, 1.0, 1.0, 1.0, 2.0, 2.0, 2.5, 3.0, 4.0]","[0.0, 0.0, 0.0, 0.0, 0.0, 0.0, 1.0, 1.0, 2.236068, 2.4494898]","[0.5, 1.0, 3.5]","[0.0, 0.0, 0.0]","[-5.5, -5.0, -1.0]",[0.5],[0.0],[-5.5],[3.0],[2.236068],[3.0],[3.0],[2.236068],[3.0],0,1,0,0,0.0,0.0,1
5611,4,2,2,"[0.5, 0.5, 1.0, 1.5, 2.0, 2.5, 3.0, 3.0, 7.0, 8.5]","[0.0, 0.0, 0.0, 0.0, 0.0, 0.0, 0.0, 2.0, 6.708204, 8.485281]","[1.0, 3.5, 3.5, 3.5]","[0.0, 1.0, 3.1622777, 3.4641016]","[-3.5, -3.0, -2.0, -1.5]","[1.0, 3.5]","[0.0, 1.0]","[-3.0, -1.5]","[3.0, 4.5]","[2.828427, 4.472136]","[-1.0, 0.0]","[3.0, 4.5]","[2.828427, 4.472136]","[-1.0, 0.0]",0,2,0,0,0.0,0.0,0
6869,3,2,2,"[0.0, 0.0, 0.5, 1.0, 1.5, 2.0, 3.0, 4.0, 4.0, 8.0]","[0.0, 0.0, 0.0, 0.0, 0.0, 1.4142135, 1.7320508, 2.236068, 3.8729835, 7.937254]","[0.5, 2.5, 5.0]","[0.0, 0.0, 4.582576]","[-3.5, -2.5, -1.5]","[0.5, 2.5]","[0.0, 0.0]","[-3.5, -2.5]","[4.0, 6.5]","[4.0, 6.0]","[2.0, 2.0]","[4.0, 6.5]","[4.0, 6.0]","[2.0, 2.0]",0,2,0,0,0.0,0.0,0
52,2,1,1,"[0.0, 0.5, 0.5, 1.5, 2.0, 2.5, 3.5, 3.5, 4.0, 5.5]","[0.0, 0.0, 0.0, 0.0, 0.0, 0.0, 0.0, 2.4494898, 2.6457512, 4.8989797]","[1.5, 4.0]","[0.0, 3.4641016]","[-2.0, -1.5]",[4.0],[3.4641016],[-1.5],[5.5],[5.477226],[5.5],[5.5],[5.477226],[5.5],0,1,0,0,0.0,0.0,1
236,8,3,1,"[0.5, 1.0, 1.0, 1.0, 1.5, 2.0, 3.5, 3.5, 7.0, 9.0]","[0.0, 0.0, 0.0, 0.0, 0.0, 0.0, 1.0, 3.4641016, 6.928203, 9.0]","[1.5, 2.0, 2.5, 2.5, 3.0, 4.0, 5.0, 6.5]","[0.0, 0.0, 2.0, 2.236068, 2.4494898, 3.4641016, 4.0, 6.4807405]","[-5.0, -5.0, -4.0, -4.0, -4.0, -2.5, -2.0, -1.0]","[2.5, 2.5, 3.0]","[2.0, 2.236068, 2.4494898]","[-5.0, -4.0, -2.5]","[5.5, 6.5, 8.5]","[5.2915025, 6.4807405, 8.485281]","[-2.0, 1.0, 5.5]",[5.5],[4.8989797],[5.5],2,0,1,0,2.0,0.0,1
971,24,4,3,"[0.5, 3.0, 3.0, 3.5, 4.5, 5.0, 6.5, 6.5, 6.5, 7.0]","[0.0, 0.0, 2.828427, 2.828427, 3.0, 3.0, 6.0, 6.4807405, 6.4807405, 6.708204]","[0.0, 0.5, 1.0, 1.0, 1.5, 1.5, 1.5, 1.5, 1.5, 2.0, 2.0, 2.0, 2.5, 2.5, 3.0, 3.0, 3.0, 3.5, 3.5, 3.5, 4.5, 4.5, 5.0, 5.0]","[0.0, 0.0, 0.0, 0.0, 0.0, 0.0, 0.0, 0.0, 1.4142135, 1.7320508, 1.7320508, 2.0, 2.0, 2.0, 2.236068, 2.828427, 2.828427, 2.828427, 3.1622777, 3.1622777, 3.4641016, 4.472136, 4.582576, 5.0]","[-8.0, -6.5, -6.0, -6.0, -5.5, -5.0, -5.0, -5.0, -5.0, -4.5, -4.5, -4.5, -4.5, -4.0, -4.0, -3.0, -3.0, -3.0, -3.0, -2.5, -2.0, -2.0, -1.5, -1.0]","[0.0, 0.5, 1.0, 1.0]","[0.0, 0.0, 0.0, 0.0]","[-8.0, -6.5, -5.0, -4.5]","[1.5, 2.5, 2.5, 4.5]","[0.0, 0.0, 0.0, 2.828427]","[-3.0, -1.0, -0.5, 0.0]","[1.5, 2.5, 3.0]","[0.0, 0.0, 0.0]","[-1.5, -0.5, 0.0]",1,2,1,0,1.0,0.0,1
884,17,5,2,"[1.0, 1.0, 2.5, 2.5, 4.0, 4.0, 4.5, 6.0, 6.5, 9.0]","[0.0, 0.0, 1.0, 2.0, 3.8729835, 3.8729835, 4.2426405, 6.0, 6.3245554, 9.0]","[0.5, 1.0, 1.5, 1.5, 1.5, 2.0, 2.0, 2.0, 2.0, 2.0, 2.5, 2.5, 2.5, 3.0, 3.0, 3.5, 5.5]","[0.0, 0.0, 0.0, 0.0, 0.0, 0.0, 0.0, 0.0, 1.4142135, 1.4142135, 1.4142135, 1.7320508, 2.0, 2.236068, 2.4494898, 3.4641016, 4.8989797]","[-6.5, -6.0, -6.0, -5.0, -4.5, -4.5, -4.0, -3.5, -3.0, -2.5, -2.5, -2.0, -2.0, -1.5, -1.0, -1.0, -1.0]","[0.5, 1.0, 1.5, 2.0, 2.0]","[0.0, 0.0, 0.0, 0.0, 1.4142135]","[-6.5, -6.0, -4.5, -2.5, -1.0]","[2.5, 3.5, 3.5, 7.0, 7.5]","[0.0, 0.0, 3.4641016, 7.0, 7.3484693]","[-6.0, -2.0, 0.5, 1.0, 3.5]","[3.5, 6.0]","[3.4641016, 5.656854]","[-2.0, 4.0]",3,1,1,0,3.0,0.0,1
351,1,1,1,"[0.5, 0.5, 1.0, 1.0, 1.0, 1.5, 2.0, 2.5, 5.0, 6.0]","[0.0, 0.0, 0.0, 0.0, 1.0, 1.0, 2.0, 2.0, 4.582576, 5.656854]",[2.5],[0.0],[-2.0],[2.5],[0.0],[-2.0],[5.0],[4.582576],[2.5],[5.0],[4.582576],[2.5],0,1,0,0,0.0,0.0,1
934,17,6,4,"[0.5, 1.0, 3.5, 3.5, 4.0, 4.5, 5.0, 6.5, 7.0, 7.0]","[0.0, 0.0, 2.4494898, 2.6457512, 2.828427, 3.4641016, 4.8989797, 6.4807405, 6.928203, 6.928203]","[0.0, 0.0, 0.5, 1.0, 1.0, 1.5, 2.0, 2.0, 2.0, 2.0, 2.5, 3.0, 3.0, 3.0, 3.5, 4.0, 5.5]","[0.0, 0.0, 0.0, 0.0, 0.0, 0.0, 0.0, 0.0, 0.0, 1.0, 1.7320508, 2.0, 2.828427, 2.828427, 3.0, 3.8729835, 5.477226]","[-7.0, -6.0, -5.0, -5.0, -5.0, -4.5, -4.5, -4.0, -3.5, -3.5, -3.0, -2.5, -2.5, -2.0, -2.0, -2.0, -1.0]","[0.0, 0.0, 1.0, 1.0, 1.5, 2.0]","[0.0, 0.0, 0.0, 0.0, 0.0, 1.0]","[-7.0, -6.0, -5.0, -4.0, -2.5, -2.0]","[2.5, 3.0, 4.0, 4.5, 7.5, 9.0]","[2.4494898, 2.828427, 3.4641016, 3.7416575, 7.483315, 9.0]","[-3.0, -1.5, 2.0, 2.0, 4.0, 5.0]","[4.5, 6.5, 7.0, 9.0]","[3.7416575, 6.0, 6.708204, 9.0]","[2.0, 3.5, 5.0, 6.0]",2,2,2,0,1.0,0.0,1
170,1,1,1,"[0.0, 0.5, 1.0, 1.5, 2.5, 2.5, 3.0, 3.0, 3.0, 3.0]","[0.0, 0.0, 0.0, 0.0, 0.0, 0.0, 1.4142135, 2.236068, 2.4494898, 3.0]",[2.5],[2.0],[-1.5],[2.5],[2.0],[-1.5],[3.0],[2.828427],[3.0],[3.0],[2.828427],[3.0],0,1,0,0,0.0,0.0,1
54130,3,2,2,"[0.5, 1.0, 2.5, 2.5, 2.5, 2.5, 3.0, 3.5, 5.0, 5.0]","[0.0, 0.0, 0.0, 1.0, 2.0, 2.0, 2.236068, 2.4494898, 4.0, 4.8989797]","[2.5, 3.0, 3.5]","[0.0, 0.0, 0.0]","[-4.0, -3.0, -2.5]","[2.5, 3.5]","[0.0, 0.0]","[-4.0, -2.5]","[5.0, 7.5]","[3.0, 7.483315]","[3.0, 6.0]","[5.0, 7.5]","[3.0, 7.483315]","[3.0, 6.0]",0,2,0,0,0.0,0.0,0
43,19,3,2,"[2.0, 2.0, 2.5, 3.0, 4.0, 4.5, 5.5, 5.5, 6.5, 7.5]","[0.0, 0.0, 0.0, 1.7320508, 2.236068, 4.2426405, 4.2426405, 4.472136, 6.3245554, 7.3484693]","[1.0, 1.0, 1.5, 1.5, 2.0, 2.5, 2.5, 3.0, 3.0, 3.0, 3.5, 3.5, 4.0, 4.0, 4.0, 4.0, 4.0, 4.5, 6.5]","[0.0, 0.0, 0.0, 0.0, 0.0, 0.0, 0.0, 0.0, 1.0, 1.7320508, 2.0, 2.236068, 2.828427, 3.4641016, 3.4641016, 3.4641016, 3.7416575, 3.8729835, 6.4807405]","[-6.0, -5.5, -5.5, -4.5, -4.5, -4.0, -4.0, -3.5, -3.0, -3.0, -3.0, -3.0, -3.0, -3.0, -2.5, -2.0, -2.0, -1.5, -1.5]","[1.5, 3.5, 4.0]","[0.0, 3.4641016, 3.4641016]","[-5.5, -4.0, -3.0]","[2.0, 3.0, 7.0]","[1.7320508, 2.828427, 6.708204]","[-4.0, -2.0, 6.5]","[7.0, 7.0]","[6.708204, 7.0]","[3.5, 6.5]",1,1,1,0,1.0,0.0,1
44438,4,3,2,"[0.0, 0.5, 1.0, 1.0, 1.5, 1.5, 2.0, 3.5, 5.5, 6.5]","[0.0, 0.0, 0.0, 0.0, 0.0, 1.0, 1.4142135, 2.0, 4.2426405, 6.0]","[1.0, 3.0, 3.5, 5.0]","[0.0, 1.0, 2.236068, 4.0]","[-3.0, -2.5, -2.0, -1.5]","[1.0, 3.0, 3.5]","[0.0, 1.0, 2.236068]","[-2.5, -2.0, -1.5]","[2.5, 3.0, 3.5]","[2.0, 2.4494898, 3.0]","[-2.0, 1.0, 1.5]","[3.0, 8.5]","[3.0, 8.485281]","[1.0, 7.5]",1,1,1,0,1.0,0.0,0
30,3,2,2,"[0.0, 0.0, 0.5, 1.0, 1.5, 1.5, 2.5, 3.0, 4.0, 6.5]","[0.0, 0.0, 0.0, 0.0, 0.0, 1.0, 1.4142135, 1.4142135, 3.4641016, 6.4807405]","[2.5, 4.0, 4.5]","[0.0, 4.0, 4.2426405]","[-3.0, -2.0, -2.0]","[2.5, 4.5]","[0.0, 4.2426405]","[-3.0, -2.0]","[5.0, 7.5]","[5.0, 7.3484693]","[2.0, 6.5]","[5.0, 7.5]","[5.0, 7.3484693]","[2.0, 6.5]",0,2,0,0,0.0,0.0,1
91327,4,2,1,"[1.0, 1.0, 1.5, 1.5, 1.5, 2.5, 2.5, 3.0, 3.5, 6.0]","[0.0, 0.0, 1.4142135, 1.4142135, 1.4142135, 2.4494898, 2.4494898, 2.828427, 3.4641016, 5.196152]","[1.5, 2.0, 2.5, 3.0]","[0.0, 0.0, 1.4142135, 2.0]","[-5.0, -3.5, -3.0, -1.0]","[1.5, 2.0]","[1.4142135, 2.0]","[-5.0, -1.0]","[2.0, 2.5]","[0.0, 0.0]","[-3.0, -1.0]",[5.0],[4.0],[2.5],1,0,1,0,1.0,0.0,0
77939,2,1,1,"[0.0, 0.5, 1.0, 1.5, 1.5, 1.5, 2.0, 2.5, 4.0, 5.5]","[0.0, 0.0, 0.0, 0.0, 0.0, 0.0, 1.4142135, 2.0, 2.6457512, 5.2915025]","[2.5, 3.0]","[2.0, 2.236068]","[-2.5, -2.0]",[2.5],[2.0],[-2.5],[6.5],[6.4807405],[4.5],[6.5],[6.4807405],[4.5],0,1,0,0,0.0,0.0,0
28005,1,1,1,"[0.0, 1.0, 1.0, 1.5, 1.5, 2.0, 2.0, 2.5, 2.5, 2.5]","[0.0, 0.0, 0.0, 0.0, 0.0, 0.0, 1.4142135, 1.7320508, 1.7320508, 2.4494898]",[2.0],[0.0],[-1.0],[2.0],[0.0],[-1.0],[7.5],[7.3484693],[6.5],[7.5],[7.3484693],[6.5],0,1,0,0,0.0,0.0,0
611,4,2,2,"[0.0, 0.5, 1.5, 1.5, 1.5, 2.5, 3.0, 4.0, 5.0, 6.0]","[0.0, 0.0, 0.0, 0.0, 0.0, 1.4142135, 2.828427, 3.8729835, 4.582576, 5.656854]","[2.0, 2.0, 3.0, 3.5]","[0.0, 1.7320508, 2.0, 2.828427]","[-3.0, -2.5, -2.5, -2.0]","[2.0, 3.5]","[0.0, 2.0]","[-3.0, -2.5]","[4.5, 7.0]","[4.2426405, 7.0]","[1.5, 3.0]","[4.5, 7.0]","[4.2426405, 7.0]","[1.5, 3.0]",0,2,0,0,0.0,0.0,1
32,1,1,1,"[0.0, 0.0, 1.0, 1.5, 1.5, 1.5, 2.0, 2.0, 2.0, 5.0]","[0.0, 0.0, 0.0, 0.0, 0.0, 0.0, 0.0, 0.0, 1.4142135, 4.0]",[5.0],[4.582576],[-1.0],[5.0],[4.582576],[-1.0],[7.0],[6.708204],[6.0],[7.0],[6.708204],[6.0],0,1,0,0,0.0,0.0,1
443,4,2,1,"[0.5, 1.0, 1.0, 1.0, 2.0, 2.0, 2.0, 2.5, 4.0, 6.0]","[0.0, 0.0, 0.0, 0.0, 1.0, 1.7320508, 2.0, 2.0, 2.4494898, 5.196152]","[1.0, 3.0, 4.0, 4.0]","[0.0, 0.0, 2.236068, 2.6457512]","[-4.5, -2.5, -1.5, -1.0]","[1.0, 4.0]","[0.0, 2.6457512]","[-4.5, -1.0]","[3.0, 6.5]","[3.0, 6.4807405]","[-2.0, 5.0]",[6.0],[5.91608],[5.5],1,0,1,0,1.0,0.0,1
9174,7,2,1,"[0.0, 0.5, 1.0, 2.5, 2.5, 2.5, 3.0, 4.5, 7.5, 8.5]","[0.0, 0.0, 0.0, 0.0, 0.0, 2.4494898, 2.828427, 2.828427, 7.483315, 8.485281]","[0.5, 1.5, 2.5, 3.0, 3.5, 4.5, 5.0]","[0.0, 0.0, 2.0, 2.4494898, 2.828427, 3.0, 4.582576]","[-7.0, -4.5, -4.5, -3.5, -2.5, -2.0, -1.0]","[0.5, 2.5]","[0.0, 2.0]","[-4.5, -3.5]","[3.0, 6.0]","[3.0, 5.91608]","[-2.5, 2.0]",[4.0],[3.4641016],[2.0],1,0,1,0,1.0,0.0,0
805,11,5,2,"[0.5, 1.0, 1.5, 2.5, 3.0, 3.0, 3.5, 5.0, 5.5, 6.0]","[0.0, 0.0, 0.0, 0.0, 2.0, 2.828427, 2.828427, 4.0, 4.8989797, 5.656854]","[0.0, 0.5, 0.5, 1.0, 2.0, 2.0, 2.0, 2.0, 2.5, 3.5, 4.0]","[0.0, 0.0, 0.0, 0.0, 0.0, 1.7320508, 1.7320508, 2.0, 2.4494898, 3.1622777, 4.0]","[-5.5, -4.5, -4.5, -4.0, -4.0, -4.0, -4.0, -3.5, -2.0, -1.5, -1.0]","[0.0, 0.5, 0.5, 1.0, 3.5]","[0.0, 0.0, 0.0, 0.0, 3.1622777]","[-4.5, -4.5, -4.0, -4.0, -2.0]","[3.5, 4.0, 4.5, 4.5, 7.5]","[0.0, 0.0, 2.4494898, 3.8729835, 7.3484693]","[-1.5, 1.0, 1.0, 2.5, 6.0]","[3.0, 8.0]","[2.236068, 7.937254]","[1.0, 6.0]",3,0,2,0,1.5,0.0,1
144,4,1,1,"[0.5, 0.5, 1.0, 1.5, 2.5, 2.5, 2.5, 4.0, 5.5, 8.0]","[0.0, 0.0, 0.0, 1.4142135, 2.0, 2.0, 2.0, 3.4641016, 4.8989797, 7.937254]","[2.5, 2.5, 3.0, 3.0]","[0.0, 2.0, 2.0, 3.0]","[-4.5, -4.0, -2.5, -2.0]",[3.0],[0.0],[-4.5],[6.5],[6.4807405],[0.5],[6.5],[6.4807405],[0.5],0,1,0,0,0.0,0.0,1
69114,2,2,1,"[0.5, 0.5, 1.0, 1.5, 2.0, 2.0, 2.5, 2.5, 2.5, 3.0]","[0.0, 0.0, 0.0, 0.0, 0.0, 1.0, 1.4142135, 1.7320508, 2.4494898, 2.828427]","[0.5, 1.0]","[0.0, 1.0]","[-2.0, -1.5]","[0.5, 1.0]","[0.0, 1.0]","[-2.0, -1.5]","[3.0, 3.0]","[0.0, 2.236068]","[0.5, 2.0]",[7.0],[6.708204],[6.0],1,0,1,0,1.0,0.0,0
79,1,1,1,"[0.0, 0.5, 0.5, 1.0, 1.0, 2.0, 2.5, 3.5, 4.5, 5.0]","[0.0, 0.0, 0.0, 0.0, 1.0, 1.0, 1.7320508, 2.0, 4.2426405, 4.8989797]",[1.5],[0.0],[-2.0],[1.5],[0.0],[-2.0],[3.5],[0.0],[1.0],[3.5],[0.0],[1.0],0,1,0,0,0.0,0.0,1
770,30,7,2,"[2.0, 3.0, 3.5, 4.0, 4.0, 4.5, 5.5, 7.5, 7.5, 8.0]","[0.0, 1.7320508, 3.0, 3.8729835, 4.0, 4.472136, 5.477226, 7.483315, 7.483315, 8.0]","[0.0, 0.0, 0.5, 0.5, 0.5, 1.0, 1.5, 1.5, 1.5, 1.5, 1.5, 2.0, 2.0, 2.0, 2.0, 2.0, 2.5, 2.5, 2.5, 2.5, 2.5, 3.0, 3.0, 3.5, 3.5, 4.0, 4.0, 4.0, 5.0, 5.5]","[0.0, 0.0, 0.0, 0.0, 0.0, 0.0, 0.0, 0.0, 0.0, 0.0, 0.0, 0.0, 0.0, 0.0, 0.0, 1.4142135, 1.4142135, 1.7320508, 1.7320508, 2.0, 2.0, 2.4494898, 2.4494898, 2.828427, 3.4641016, 3.4641016, 3.8729835, 3.8729835, 4.8989797, 5.2915025]","[-6.5, -6.0, -6.0, -5.5, -5.5, -5.5, -5.0, -5.0, -5.0, -4.5, -4.5, -4.0, -4.0, -3.5, -3.5, -3.5, -3.5, -3.5, -3.0, -3.0, -3.0, -3.0, -2.5, -2.5, -2.5, -2.0, -1.5, -1.5, -1.5, -1.0]","[0.0, 0.0, 0.5, 1.0, 2.0, 2.5, 3.0]","[0.0, 0.0, 0.0, 0.0, 0.0, 0.0, 0.0]","[-6.5, -6.0, -4.5, -3.5, -3.5, -3.0, -2.5]","[4.0, 4.0, 5.0, 5.5, 5.5, 8.0, 8.5]","[2.6457512, 3.8729835, 4.2426405, 4.8989797, 5.477226, 7.937254, 8.485281]","[-3.5, -2.5, 0.0, 0.0, 3.0, 3.5, 6.5]","[1.5, 3.5]","[1.4142135, 2.4494898]","[-1.5, 0.0]",5,0,2,0,2.5,0.0,1
50,5,2,0,"[0.0, 0.5, 1.0, 1.0, 2.5, 3.0, 4.0, 4.5, 4.5, 5.5]","[0.0, 0.0, 0.0, 0.0, 0.0, 2.236068, 2.828427, 3.4641016, 4.2426405, 4.8989797]","[1.0, 1.5, 2.0, 2.5, 4.0]","[0.0, 0.0, 1.0, 2.0, 4.0]","[-5.5, -4.5, -2.5, -2.5, -2.5]","[1.0, 2.0]","[1.0, 2.0]","[-4.5, -2.5]","[1.0, 2.0]","[1.0, 2.0]","[-4.5, -2.5]",[],[],[],2,0,0,1,0.0,2.0,1
26195,3,2,1,"[0.0, 1.0, 1.0, 1.0, 2.0, 2.0, 3.0, 3.5, 3.5, 7.5]","[0.0, 0.0, 0.0, 1.0, 1.0, 1.7320508, 3.0, 3.1622777, 3.4641016, 7.3484693]","[2.0, 2.5, 4.0]","[2.0, 2.4494898, 3.8729835]","[-4.0, -3.0, -2.5]","[2.0, 2.5]","[2.0, 2.4494898]","[-4.0, -3.0]","[5.0, 7.5]","[4.0, 7.483315]","[0.5, 2.0]",[3.5],[0.0],[1.0],1,0,1,0,1.0,0.0,0
921,17,5,2,"[1.0, 3.0, 3.5, 3.5, 4.0, 4.0, 4.0, 4.5, 5.0, 7.5]","[0.0, 1.0, 2.6457512, 2.828427, 3.1622777, 3.4641016, 3.4641016, 4.0, 5.0, 7.483315]","[0.0, 0.0, 0.5, 0.5, 1.0, 1.0, 1.5, 1.5, 2.0, 2.0, 2.5, 2.5, 2.5, 3.0, 3.5, 4.0, 4.0]","[0.0, 0.0, 0.0, 0.0, 0.0, 0.0, 0.0, 0.0, 0.0, 1.0, 1.4142135, 1.4142135, 1.7320508, 2.4494898, 3.4641016, 3.8729835, 3.8729835]","[-6.0, -5.5, -5.5, -5.0, -4.5, -4.0, -4.0, -4.0, -3.0, -3.0, -3.0, -3.0, -3.0, -2.0, -2.0, -2.0, -1.5]","[0.0, 0.0, 0.5, 2.0, 3.5]","[0.0, 0.0, 0.0, 0.0, 3.4641016]","[-6.0, -5.5, -4.0, -3.0, -2.0]","[1.0, 5.5, 6.5, 6.5, 8.5]","[0.0, 4.2426405, 6.3245554, 6.4807405, 8.485281]","[-0.5, 0.0, 1.5, 3.0, 4.0]","[1.0, 1.5]","[0.0, 1.4142135]","[-2.0, -0.5]",3,1,1,0,3.0,0.0,1
462,7,3,1,"[0.0, 0.5, 1.0, 1.5, 1.5, 3.0, 3.5, 4.5, 5.5, 7.5]","[0.0, 0.0, 0.0, 0.0, 0.0, 2.828427, 3.1622777, 4.2426405, 4.2426405, 7.483315]","[2.5, 3.5, 3.5, 3.5, 4.0, 5.0, 6.0]","[0.0, 2.4494898, 3.1622777, 3.4641016, 4.0, 4.8989797, 5.91608]","[-3.5, -3.0, -2.5, -2.5, -2.5, -1.0, -1.0]","[2.5, 3.5, 4.0]","[0.0, 3.4641016, 4.0]","[-3.5, -2.5, -2.5]","[4.0, 5.0, 7.0]","[2.6457512, 4.8989797, 6.708204]","[-3.0, -1.0, 4.5]",[6.0],[5.91608],[3.5],2,0,1,0,2.0,0.0,1
760,12,4,2,"[0.5, 0.5, 2.0, 2.5, 3.0, 3.0, 3.5, 6.0, 6.5, 7.0]","[0.0, 0.0, 0.0, 0.0, 1.7320508, 2.4494898, 2.828427, 5.656854, 6.3245554, 6.928203]","[0.0, 0.5, 1.0, 1.0, 1.0, 1.5, 2.0, 2.5, 2.5, 4.0, 4.5, 4.5]","[0.0, 0.0, 0.0, 0.0, 0.0, 0.0, 1.7320508, 2.4494898, 2.4494898, 3.7416575, 4.0, 4.472136]","[-5.5, -5.5, -5.5, -4.5, -4.5, -4.0, -4.0, -3.5, -2.5, -2.5, -1.5, -1.0]","[0.0, 1.0, 1.0, 1.0]","[0.0, 0.0, 0.0, 0.0]","[-5.5, -4.5, -4.0, -1.0]","[1.5, 6.0, 6.5, 6.5]","[0.0, 5.656854, 6.0, 6.0]","[-5.5, 3.5, 4.5, 5.0]","[5.0, 6.0]","[4.8989797, 5.656854]","[2.0, 4.5]",2,1,1,0,2.0,0.0,1
34751,6,2,2,"[1.0, 2.0, 2.0, 2.0, 2.5, 3.0, 3.0, 4.0, 4.5, 6.5]","[0.0, 0.0, 0.0, 1.7320508, 2.0, 2.236068, 2.6457512, 3.0, 3.7416575, 6.0]","[2.5, 3.0, 3.0, 3.5, 3.5, 4.5]","[2.0, 2.828427, 2.828427, 3.1622777, 3.4641016, 4.2426405]","[-4.5, -4.5, -3.5, -3.5, -2.0, -1.0]","[2.5, 3.5]","[2.0, 3.4641016]","[-4.5, -3.5]","[2.5, 7.5]","[0.0, 7.483315]","[0.0, 6.0]","[2.5, 7.5]","[0.0, 7.483315]","[0.0, 6.0]",0,2,0,0,0.0,0.0,0
58707,4,2,1,"[0.0, 0.5, 1.5, 1.5, 1.5, 2.0, 2.0, 3.0, 4.5, 7.5]","[0.0, 0.0, 0.0, 0.0, 0.0, 1.4142135, 1.7320508, 1.7320508, 4.472136, 7.3484693]","[3.0, 3.5, 5.0, 5.5]","[0.0, 2.828427, 4.0, 5.477226]","[-2.5, -2.0, -1.5, -1.5]","[3.0, 5.5]","[2.828427, 5.477226]","[-2.0, -1.5]","[2.0, 3.5]","[0.0, 0.0]","[-3.0, 0.5]",[6.5],[6.4807405],[6.0],1,0,1,0,1.0,0.0,0
962,18,6,3,"[1.0, 3.0, 3.0, 3.5, 5.0, 5.0, 5.5, 6.0, 6.0, 7.0]","[0.0, 0.0, 2.236068, 2.4494898, 3.0, 4.2426405, 4.582576, 5.196152, 5.196152, 7.0]","[0.0, 0.5, 1.0, 1.5, 1.5, 2.0, 2.0, 2.0, 2.5, 2.5, 3.0, 3.0, 3.5, 4.0, 5.0, 5.0, 5.5, 7.5]","[0.0, 0.0, 0.0, 0.0, 0.0, 0.0, 1.4142135, 1.4142135, 2.0, 2.236068, 2.4494898, 3.0, 3.1622777, 3.8729835, 4.582576, 5.0, 5.2915025, 7.483315]","[-8.0, -6.5, -6.0, -5.5, -5.0, -4.5, -4.0, -3.5, -3.5, -3.5, -3.0, -3.0, -3.0, -2.5, -2.5, -2.5, -2.5, -1.5]","[0.0, 0.5, 1.0, 1.5, 2.5, 3.0]","[0.0, 0.0, 0.0, 1.4142135, 2.0, 2.236068]","[-8.0, -5.0, -3.5, -3.5, -2.5, -2.5]","[1.0, 1.5, 5.5, 5.5, 6.0, 6.5]","[0.0, 1.4142135, 4.2426405, 4.2426405, 5.656854, 6.4807405]","[-2.5, -2.5, 0.0, 0.0, 1.0, 2.0]","[1.0, 1.5, 5.5]","[0.0, 1.4142135, 5.2915025]","[-3.5, 0.0, 1.0]",3,2,1,0,3.0,0.0,1
44294,2,2,1,"[0.0, 0.0, 0.5, 1.0, 1.0, 2.0, 2.0, 3.0, 3.5, 4.0]","[0.0, 0.0, 0.0, 0.0, 0.0, 0.0, 2.0, 2.828427, 3.4641016, 3.8729835]","[1.5, 2.5]","[1.4142135, 2.0]","[-2.0, -2.0]","[1.5, 2.5]","[1.4142135, 2.0]","[-2.0, -2.0]","[3.0, 5.0]","[3.0, 3.0]","[-0.5, 2.0]",[8.5],[8.485281],[6.0],1,0,1,0,1.0,0.0,0
2720,4,2,1,"[0.0, 0.0, 1.0, 1.0, 1.5, 1.5, 2.5, 3.5, 6.0, 7.0]","[0.0, 0.0, 0.0, 0.0, 1.0, 1.4142135, 2.0, 3.1622777, 5.656854, 7.0]","[1.5, 1.5, 3.5, 4.0]","[0.0, 0.0, 2.4494898, 4.0]","[-4.0, -4.0, -2.5, -2.5]","[1.5, 1.5]","[0.0, 0.0]","[-4.0, -2.5]","[3.5, 7.5]","[2.4494898, 7.3484693]","[-4.0, 2.0]",[5.5],[4.2426405],[-0.5],1,0,1,0,1.0,0.0,0
11338,5,2,2,"[0.0, 0.5, 1.0, 1.0, 1.0, 2.0, 3.5, 4.5, 5.5, 5.5]","[0.0, 0.0, 0.0, 0.0, 0.0, 0.0, 1.0, 1.7320508, 4.8989797, 5.477226]","[2.0, 2.0, 3.0, 3.0, 3.5]","[0.0, 0.0, 2.0, 2.828427, 3.4641016]","[-5.0, -4.0, -3.5, -1.5, -1.5]","[2.0, 2.0]","[0.0, 2.0]","[-3.5, -1.5]","[4.0, 5.0]","[2.6457512, 5.0]","[1.0, 3.0]","[4.0, 5.0]","[2.6457512, 5.0]","[1.0, 3.0]",0,2,0,0,0.0,0.0,0
855,5,1,1,"[0.0, 1.0, 1.0, 1.0, 1.0, 2.0, 3.0, 3.0, 3.5, 7.0]","[0.0, 0.0, 0.0, 0.0, 0.0, 0.0, 0.0, 1.0, 2.236068, 6.928203]","[1.0, 4.0, 4.0, 4.5, 4.5]","[0.0, 2.6457512, 4.0, 4.2426405, 4.472136]","[-5.5, -3.5, -2.5, -1.5, -1.0]",[1.0],[0.0],[-5.5],[2.0],[2.0],[-1.5],[2.0],[2.0],[-1.5],0,1,0,0,0.0,0.0,1
98684,5,3,2,"[0.5, 1.0, 1.0, 2.0, 2.0, 2.5, 2.5, 3.0, 3.5, 4.5]","[0.0, 0.0, 0.0, 0.0, 0.0, 0.0, 1.0, 1.7320508, 1.7320508, 4.2426405]","[0.5, 1.0, 1.5, 3.0, 4.5]","[0.0, 0.0, 0.0, 0.0, 4.472136]","[-3.5, -3.5, -2.0, -1.5, -1.0]","[0.5, 1.0, 3.0]","[0.0, 0.0, 0.0]","[-3.5, -3.5, -1.0]","[3.0, 4.0, 7.0]","[0.0, 4.0, 6.708204]","[1.0, 4.0, 4.0]","[4.0, 5.5]","[4.0, 4.8989797]","[4.0, 5.0]",1,1,1,0,1.0,0.0,0
936,1,1,1,"[0.0, 0.0, 1.0, 1.5, 1.5, 3.0, 3.0, 3.0, 4.5, 7.5]","[0.0, 0.0, 1.0, 1.4142135, 1.4142135, 3.0, 3.0, 3.0, 4.2426405, 7.3484693]",[1.5],[1.4142135],[-4.5],[1.5],[1.4142135],[-4.5],[5.0],[3.0],[0.5],[5.0],[3.0],[0.5],0,1,0,0,0.0,0.0,1
751,1,1,1,"[0.0, 0.0, 0.0, 0.5, 1.0, 1.5, 4.5, 5.0, 5.5, 6.0]","[0.0, 0.0, 0.0, 0.0, 0.0, 1.4142135, 4.2426405, 4.582576, 4.8989797, 5.196152]",[2.5],[0.0],[-3.0],[2.5],[0.0],[-3.0],[6.0],[5.656854],[0.0],[6.0],[5.656854],[0.0],0,1,0,0,0.0,0.0,1
789,1,1,1,"[0.0, 0.5, 1.5, 1.5, 1.5, 1.5, 2.0, 2.0, 3.0, 4.0]","[0.0, 0.0, 0.0, 0.0, 0.0, 0.0, 0.0, 1.4142135, 2.828427, 3.4641016]",[2.5],[0.0],[-2.0],[2.5],[0.0],[-2.0],[5.0],[4.582576],[4.0],[5.0],[4.582576],[4.0],0,1,0,0,0.0,0.0,1
245,1,1,1,"[0.5, 1.0, 1.0, 1.0, 1.5, 1.5, 1.5, 3.0, 4.0, 4.0]","[0.0, 0.0, 0.0, 0.0, 0.0, 0.0, 0.0, 1.4142135, 2.828427, 4.0]",[2.0],[1.7320508],[-1.0],[2.0],[1.7320508],[-1.0],[5.5],[4.2426405],[1.5],[5.5],[4.2426405],[1.5],0,1,0,0,0.0,0.0,1
34996,2,2,2,"[0.5, 1.5, 1.5, 1.5, 2.0, 2.5, 2.5, 3.0, 3.5, 3.5]","[0.0, 0.0, 0.0, 0.0, 1.4142135, 2.236068, 2.4494898, 2.4494898, 2.4494898, 3.1622777]","[1.5, 1.5]","[0.0, 1.4142135]","[-3.0, -1.0]","[1.5, 1.5]","[0.0, 1.4142135]","[-3.0, -1.0]","[4.0, 5.5]","[4.0, 5.2915025]","[3.5, 5.0]","[4.0, 5.5]","[4.0, 5.2915025]","[3.5, 5.0]",0,2,0,0,0.0,0.0,0
561,4,2,1,"[0.0, 0.0, 1.5, 2.0, 2.5, 2.5, 3.0, 4.0, 4.5, 7.5]","[0.0, 0.0, 1.4142135, 2.0, 2.0, 2.4494898, 3.0, 3.4641016, 4.2426405, 7.3484693]","[1.5, 3.0, 3.0, 4.5]","[0.0, 1.4142135, 2.236068, 2.828427]","[-4.5, -3.0, -3.0, -1.0]","[1.5, 3.0]","[1.4142135, 2.236068]","[-4.5, -1.0]","[3.0, 4.5]","[0.0, 0.0]","[-3.0, 0.0]",[3.0],[2.236068],[0.0],1,0,1,0,1.0,0.0,1
20103,8,3,2,"[0.0, 0.5, 0.5, 1.0, 1.0, 3.0, 3.5, 7.5, 7.5, 7.5]","[0.0, 0.0, 0.0, 0.0, 0.0, 2.828427, 3.4641016, 7.3484693, 7.3484693, 7.483315]","[1.0, 1.5, 1.5, 1.5, 2.5, 2.5, 3.5, 4.0]","[0.0, 0.0, 0.0, 0.0, 0.0, 1.4142135, 2.0, 2.4494898]","[-7.5, -5.5, -5.0, -4.5, -4.0, -3.5, -1.5, -1.0]","[1.0, 1.5, 3.5]","[0.0, 0.0, 2.4494898]","[-5.0, -4.0, -3.5]","[6.5, 6.5, 7.0]","[6.3245554, 6.4807405, 7.0]","[0.0, 0.5, 3.5]","[4.0, 6.5]","[0.0, 6.3245554]","[-1.5, 3.5]",1,1,1,0,1.0,0.0,0
268,4,2,1,"[0.0, 0.5, 0.5, 0.5, 1.5, 2.5, 3.0, 3.5, 4.0, 6.5]","[0.0, 0.0, 0.0, 0.0, 0.0, 1.4142135, 2.4494898, 2.828427, 3.1622777, 6.3245554]","[1.5, 2.5, 3.0, 5.5]","[0.0, 0.0, 2.4494898, 5.2915025]","[-4.0, -2.0, -1.5, -1.0]","[1.5, 2.5]","[0.0, 2.4494898]","[-4.0, -2.0]","[2.0, 6.0]","[0.0, 5.196152]","[-1.5, 1.0]",[5.5],[4.8989797],[3.5],1,0,1,0,1.0,0.0,1
51464,1,1,1,"[1.0, 1.0, 1.0, 1.5, 2.0, 2.5, 3.0, 3.0, 4.5, 6.0]","[0.0, 0.0, 0.0, 1.0, 1.7320508, 2.0, 2.828427, 3.0, 3.7416575, 5.196152]",[3.0],[2.236068],[-3.0],[3.0],[2.236068],[-3.0],[6.5],[6.3245554],[4.5],[6.5],[6.3245554],[4.5],0,1,0,0,0.0,0.0,0
12895,1,1,1,"[0.5, 0.5, 0.5, 1.0, 1.5, 2.0, 2.5, 2.5, 3.0, 4.0]","[0.0, 0.0, 0.0, 0.0, 1.0, 1.4142135, 1.7320508, 2.4494898, 2.828427, 4.0]",[1.5],[0.0],[-1.0],[1.5],[0.0],[-1.0],[5.0],[4.8989797],[3.0],[5.0],[4.8989797],[3.0],0,1,0,0,0.0,0.0,0
11356,5,2,1,"[0.5, 1.0, 1.5, 2.0, 2.0, 2.5, 2.5, 2.5, 4.0, 7.0]","[0.0, 0.0, 0.0, 0.0, 0.0, 1.4142135, 1.7320508, 2.0, 2.4494898, 6.928203]","[1.0, 3.0, 3.5, 3.5, 5.5]","[1.0, 2.4494898, 3.0, 3.4641016, 5.2915025]","[-7.0, -3.0, -2.5, -2.0, -1.0]","[1.0, 3.5]","[1.0, 3.4641016]","[-7.0, -2.0]","[5.5, 5.5]","[4.2426405, 5.477226]","[1.5, 2.5]",[8.0],[7.937254],[8.0],1,0,1,0,1.0,0.0,0
27378,2,1,1,"[0.5, 0.5, 1.0, 1.0, 1.0, 1.5, 2.0, 2.0, 5.5, 7.0]","[0.0, 0.0, 0.0, 0.0, 0.0, 0.0, 0.0, 1.0, 5.2915025, 6.708204]","[1.5, 4.5]","[1.4142135, 2.828427]","[-5.0, -1.0]",[1.5],[1.4142135],[-5.0],[5.5],[4.8989797],[3.0],[5.5],[4.8989797],[3.0],0,1,0,0,0.0,0.0,0
1002,6,2,1,"[0.5, 1.0, 1.0, 1.0, 1.5, 1.5, 3.0, 3.5, 6.0, 8.5]","[0.0, 0.0, 0.0, 0.0, 0.0, 0.0, 0.0, 1.4142135, 5.196152, 8.485281]","[3.5, 3.5, 3.5, 4.0, 4.5, 5.0]","[0.0, 2.4494898, 2.4494898, 3.4641016, 4.2426405, 4.582576]","[-4.0, -3.5, -3.5, -2.0, -1.5, -1.5]","[3.5, 4.5]","[2.4494898, 4.2426405]","[-3.5, -1.5]","[6.5, 7.0]","[6.0, 6.708204]","[2.0, 3.0]",[3.0],[2.236068],[3.0],1,0,1,0,1.0,0.0,1
72272,4,3,3,"[0.0, 1.0, 1.0, 2.5, 2.5, 2.5, 3.0, 4.0, 4.5, 5.5]","[0.0, 0.0, 0.0, 1.0, 2.4494898, 2.4494898, 3.0, 3.7416575, 3.8729835, 4.2426405]","[2.0, 2.5, 3.5, 3.5]","[0.0, 2.0, 2.4494898, 3.1622777]","[-2.5, -2.0, -1.5, -1.0]","[2.0, 2.5, 3.5]","[0.0, 2.0, 3.1622777]","[-2.5, -2.0, -1.0]","[5.5, 6.5, 6.5]","[5.477226, 6.4807405, 6.4807405]","[2.5, 4.5, 4.5]","[5.5, 6.5, 6.5]","[5.477226, 6.4807405, 6.4807405]","[2.5, 4.5, 4.5]",0,3,0,0,0.0,0.0,0
37043,5,2,2,"[0.5, 0.5, 1.0, 1.0, 2.0, 3.0, 3.5, 4.0, 4.5, 4.5]","[0.0, 0.0, 0.0, 1.0, 1.0, 1.7320508, 3.4641016, 3.7416575, 3.8729835, 4.2426405]","[0.5, 1.5, 2.0, 2.0, 2.0]","[0.0, 0.0, 1.4142135, 1.7320508, 1.7320508]","[-4.5, -3.5, -3.0, -2.5, -1.5]","[0.5, 1.5]","[0.0, 1.4142135]","[-4.5, -3.0]","[5.5, 5.5]","[5.2915025, 5.2915025]","[3.5, 4.0]","[5.5, 5.5]","[5.2915025, 5.2915025]","[3.5, 4.0]",0,2,0,0,0.0,0.0,0
432,23,7,2,"[1.0, 2.0, 2.0, 3.0, 3.0, 5.0, 5.5, 6.5, 7.0, 8.5]","[0.0, 0.0, 2.0, 2.0, 2.236068, 4.8989797, 4.8989797, 6.0, 7.0, 8.485281]","[0.0, 0.0, 0.5, 0.5, 1.0, 2.0, 2.0, 2.0, 2.5, 2.5, 2.5, 2.5, 2.5, 3.0, 3.0, 3.5, 3.5, 3.5, 4.0, 4.5, 5.0, 5.5, 6.5]","[0.0, 0.0, 0.0, 0.0, 0.0, 0.0, 0.0, 0.0, 0.0, 1.7320508, 1.7320508, 2.0, 2.0, 2.0, 2.4494898, 2.4494898, 2.828427, 3.1622777, 3.8729835, 4.2426405, 4.582576, 5.2915025, 6.3245554]","[-6.0, -5.5, -5.0, -5.0, -5.0, -5.0, -4.5, -4.5, -4.5, -4.0, -4.0, -4.0, -3.0, -2.5, -2.0, -2.0, -2.0, -1.5, -1.5, -1.5, -1.5, -1.5, -1.0]","[0.0, 0.0, 0.5, 0.5, 1.0, 2.5, 3.0]","[0.0, 0.0, 0.0, 0.0, 0.0, 2.4494898, 2.828427]","[-6.0, -5.5, -5.0, -5.0, -4.5, -4.0, -1.5]","[3.0, 4.5, 5.0, 5.0, 6.0, 7.0, 7.0]","[2.236068, 3.0, 4.2426405, 4.582576, 5.196152, 6.708204, 7.0]","[-3.0, -2.5, -1.5, 1.0, 3.0, 4.0, 5.0]","[3.0, 6.5]","[2.236068, 6.4807405]","[0.5, 5.5]",5,0,2,0,2.5,0.0,1
499,2,2,2,"[1.0, 1.0, 1.0, 1.5, 2.0, 2.0, 2.5, 3.0, 5.0, 6.0]","[0.0, 0.0, 0.0, 1.0, 1.0, 1.0, 2.0, 2.828427, 5.0, 6.0]","[1.0, 4.0]","[0.0, 4.0]","[-2.0, -1.5]","[1.0, 4.0]","[0.0, 4.0]","[-2.0, -1.5]","[5.5, 8.0]","[4.8989797, 8.0]","[2.5, 5.0]","[5.5, 8.0]","[4.8989797, 8.0]","[2.5, 5.0]",0,2,0,0,0.0,0.0,1
707,1,1,1,"[0.0, 0.5, 0.5, 1.0, 2.0, 2.0, 2.0, 3.0, 3.5, 4.0]","[0.0, 0.0, 0.0, 0.0, 0.0, 0.0, 0.0, 2.0, 2.6457512, 3.1622777]",[5.0],[4.8989797],[-1.0],[5.0],[4.8989797],[-1.0],[3.0],[0.0],[1.5],[3.0],[0.0],[1.5],0,1,0,0,0.0,0.0,0
510,2,1,1,"[0.0, 0.5, 0.5, 0.5, 0.5, 1.0, 1.0, 1.5, 3.0, 4.5]","[0.0, 0.0, 0.0, 0.0, 0.0, 0.0, 0.0, 1.0, 2.828427, 3.0]","[3.5, 3.5]","[0.0, 2.4494898]","[-2.0, -1.5]",[3.5],[2.4494898],[-2.0],[8.0],[8.0],[6.0],[8.0],[8.0],[6.0],0,1,0,0,0.0,0.0,1
34077,4,2,2,"[0.0, 0.5, 0.5, 1.5, 2.0, 2.5, 2.5, 3.0, 4.0, 5.0]","[0.0, 0.0, 0.0, 0.0, 1.7320508, 2.4494898, 2.4494898, 2.828427, 3.4641016, 4.0]","[3.5, 3.5, 3.5, 4.0]","[2.4494898, 2.6457512, 3.1622777, 3.4641016]","[-2.0, -1.5, -1.5, -1.0]","[3.5, 3.5]","[2.4494898, 3.4641016]","[-2.0, -1.5]","[2.5, 3.5]","[2.0, 2.4494898]","[0.5, 2.5]","[2.5, 3.5]","[2.0, 2.4494898]","[0.5, 2.5]",0,2,0,0,0.0,0.0,0
76,3,2,2,"[0.0, 1.0, 1.0, 1.0, 2.0, 2.0, 2.0, 2.5, 2.5, 6.5]","[0.0, 0.0, 0.0, 0.0, 0.0, 0.0, 1.0, 1.0, 2.4494898, 6.4807405]","[1.5, 3.5, 3.5]","[0.0, 3.1622777, 3.4641016]","[-1.5, -1.5, -1.5]","[1.5, 3.5]","[0.0, 3.4641016]","[-1.5, -1.5]","[2.5, 8.0]","[2.4494898, 7.937254]","[-1.0, 7.5]","[2.5, 8.0]","[2.4494898, 7.937254]","[-1.0, 7.5]",0,2,0,0,0.0,0.0,1
473,1,1,1,"[0.0, 0.5, 1.0, 1.0, 1.5, 2.5, 3.0, 3.5, 3.5, 5.0]","[0.0, 0.0, 0.0, 0.0, 0.0, 2.0, 2.236068, 3.4641016, 3.4641016, 4.8989797]",[1.5],[1.4142135],[-2.0],[1.5],[1.4142135],[-2.0],[4.0],[3.4641016],[1.5],[4.0],[3.4641016],[1.5],0,1,0,0,0.0,0.0,1
487,3,1,1,"[0.0, 0.5, 0.5, 1.5, 2.0, 2.0, 4.0, 4.0, 4.5, 5.0]","[0.0, 0.0, 0.0, 0.0, 0.0, 0.0, 3.0, 3.4641016, 3.7416575, 3.8729835]","[0.5, 2.0, 4.5]","[0.0, 1.7320508, 4.2426405]","[-5.5, -4.5, -1.0]",[0.5],[0.0],[-5.5],[6.5],[6.4807405],[3.5],[6.5],[6.4807405],[3.5],0,1,0,0,0.0,0.0,1
141,4,2,1,"[0.0, 0.5, 0.5, 0.5, 1.0, 2.0, 2.0, 4.0, 5.0, 6.5]","[0.0, 0.0, 0.0, 0.0, 1.0, 2.0, 2.0, 2.6457512, 3.0, 6.3245554]","[2.0, 2.5, 4.0, 4.5]","[0.0, 0.0, 0.0, 4.2426405]","[-2.5, -2.5, -2.5, -1.0]","[2.0, 2.5]","[0.0, 0.0]","[-2.5, -2.5]","[4.5, 5.0]","[4.2426405, 4.8989797]","[-2.5, 4.5]",[4.5],[0.0],[2.0],1,0,1,0,1.0,0.0,1
190,13,5,2,"[1.5, 2.0, 2.0, 3.0, 3.0, 3.5, 4.5, 4.5, 5.0, 5.5]","[0.0, 1.4142135, 1.7320508, 1.7320508, 2.4494898, 2.828427, 4.2426405, 4.472136, 4.8989797, 4.8989797]","[0.0, 0.0, 0.5, 0.5, 1.0, 1.5, 1.5, 2.0, 2.0, 2.0, 3.0, 3.0, 5.0]","[0.0, 0.0, 0.0, 0.0, 0.0, 1.0, 1.4142135, 1.7320508, 1.7320508, 2.0, 2.828427, 3.0, 4.8989797]","[-5.0, -5.0, -4.5, -4.5, -4.0, -4.0, -4.0, -3.5, -3.0, -2.5, -2.0, -2.0, -1.5]","[0.0, 0.0, 0.5, 1.5, 2.0]","[0.0, 0.0, 0.0, 0.0, 1.7320508]","[-4.5, -4.5, -4.0, -4.0, -2.5]","[0.0, 0.0, 3.5, 5.0, 7.0]","[0.0, 0.0, 3.1622777, 4.8989797, 7.0]","[-4.5, -4.5, -1.5, 3.5, 3.5]","[7.0, 7.5]","[7.0, 7.483315]","[3.5, 5.5]",3,1,1,1,1.0,2.0,1
45567,1,1,1,"[0.5, 0.5, 1.0, 1.5, 1.5, 2.0, 2.0, 2.5, 3.0, 5.0]","[0.0, 0.0, 0.0, 1.4142135, 1.4142135, 1.7320508, 1.7320508, 2.0, 3.0, 3.0]",[4.0],[0.0],[-2.0],[4.0],[0.0],[-2.0],[5.0],[3.0],[3.0],[5.0],[3.0],[3.0],0,1,0,0,0.0,0.0,0
48882,3,1,1,"[0.5, 0.5, 1.0, 1.0, 2.5, 2.5, 3.0, 3.5, 3.5, 6.0]","[0.0, 0.0, 0.0, 0.0, 0.0, 2.0, 2.4494898, 2.4494898, 3.0, 5.91608]","[0.5, 3.5, 3.5]","[0.0, 2.4494898, 3.1622777]","[-6.5, -2.0, -1.5]",[0.5],[0.0],[-6.5],[8.5],[8.485281],[6.0],[8.5],[8.485281],[6.0],0,1,0,0,0.0,0.0,0
904,4,1,1,"[0.5, 0.5, 1.0, 1.5, 2.0, 2.0, 2.0, 3.0, 4.0, 6.0]","[0.0, 0.0, 0.0, 0.0, 0.0, 0.0, 0.0, 1.7320508, 3.0, 5.196152]","[2.5, 3.0, 3.5, 4.5]","[0.0, 0.0, 0.0, 3.7416575]","[-5.5, -2.0, -2.0, -2.0]",[2.5],[0.0],[-2.0],[4.0],[2.6457512],[4.0],[4.0],[2.6457512],[4.0],0,1,0,0,0.0,0.0,1
537,2,1,1,"[0.5, 1.0, 1.5, 1.5, 2.0, 2.0, 2.5, 3.5, 3.5, 5.5]","[0.0, 0.0, 0.0, 1.4142135, 1.7320508, 1.7320508, 2.0, 2.4494898, 2.4494898, 4.2426405]","[2.5, 2.5]","[0.0, 2.4494898]","[-4.0, -2.5]",[2.5],[0.0],[-4.0],[8.5],[8.485281],[7.0],[8.5],[8.485281],[7.0],0,1,0,0,0.0,0.0,1
28206,5,2,1,"[0.0, 0.5, 0.5, 0.5, 1.0, 1.5, 3.5, 4.5, 5.5, 7.0]","[0.0, 0.0, 0.0, 0.0, 0.0, 1.0, 1.4142135, 4.2426405, 4.472136, 6.708204]","[0.5, 2.0, 3.0, 3.0, 4.5]","[0.0, 0.0, 0.0, 2.236068, 4.2426405]","[-4.5, -4.0, -3.5, -1.0, -1.0]","[0.5, 4.5]","[0.0, 4.2426405]","[-4.5, -1.0]","[6.0, 8.0]","[5.196152, 8.0]","[-0.5, 5.5]",[4.0],[3.4641016],[-0.5],1,0,1,0,1.0,0.0,0
66008,2,2,1,"[0.5, 0.5, 1.0, 1.5, 2.0, 2.5, 2.5, 3.0, 3.0, 6.5]","[0.0, 0.0, 0.0, 0.0, 0.0, 1.4142135, 1.7320508, 2.236068, 2.4494898, 6.0]","[2.0, 4.5]","[1.7320508, 2.828427]","[-3.0, -2.5]","[2.0, 4.5]","[1.7320508, 2.828427]","[-3.0, -2.5]","[4.5, 5.5]","[3.7416575, 4.8989797]","[-0.5, 3.5]",[6.5],[6.4807405],[6.0],1,0,1,0,1.0,0.0,0
286,3,1,1,"[0.0, 0.0, 0.5, 1.0, 1.5, 2.0, 2.5, 2.5, 3.0, 6.0]","[0.0, 0.0, 0.0, 0.0, 0.0, 0.0, 1.0, 1.4142135, 1.7320508, 5.656854]","[2.5, 3.0, 3.5]","[2.236068, 2.4494898, 2.4494898]","[-4.5, -3.0, -2.0]",[2.5],[2.4494898],[-4.5],[1.5],[0.0],[-0.5],[1.5],[0.0],[-0.5],0,1,0,0,0.0,0.0,1
50649,2,2,1,"[0.0, 0.0, 0.0, 1.0, 1.5, 2.5, 3.0, 3.5, 4.0, 5.5]","[0.0, 0.0, 0.0, 0.0, 0.0, 0.0, 0.0, 2.6457512, 2.828427, 5.477226]","[4.0, 4.5]","[3.8729835, 4.472136]","[-1.5, -1.5]","[4.0, 4.5]","[3.8729835, 4.472136]","[-1.5, -1.5]","[4.0, 7.5]","[0.0, 7.483315]","[1.5, 4.5]",[8.0],[7.937254],[8.0],1,0,1,0,1.0,0.0,0
589,19,6,2,"[0.0, 2.0, 2.5, 4.0, 4.5, 5.0, 5.0, 5.0, 6.5, 7.0]","[0.0, 2.0, 2.0, 3.0, 3.0, 3.4641016, 3.7416575, 4.0, 6.0, 6.928203]","[0.0, 0.0, 0.0, 1.5, 1.5, 1.5, 2.0, 2.0, 2.0, 2.5, 2.5, 3.0, 3.5, 3.5, 3.5, 4.0, 4.5, 4.5, 6.5]","[0.0, 0.0, 0.0, 0.0, 0.0, 0.0, 1.4142135, 1.4142135, 1.7320508, 1.7320508, 2.0, 2.236068, 2.4494898, 2.4494898, 2.6457512, 3.1622777, 3.7416575, 3.7416575, 6.3245554]","[-7.0, -6.5, -6.5, -6.0, -6.0, -5.5, -5.0, -4.0, -4.0, -3.5, -3.0, -3.0, -2.5, -2.5, -2.0, -2.0, -2.0, -1.5, -1.0]","[0.0, 0.0, 0.0, 1.5, 1.5, 2.0]","[0.0, 0.0, 0.0, 1.4142135, 1.4142135, 1.7320508]","[-6.5, -6.0, -4.0, -3.5, -2.5, -1.5]","[2.5, 3.5, 5.0, 5.5, 6.5, 7.0]","[0.0, 3.4641016, 4.582576, 4.8989797, 6.0, 6.708204]","[-3.0, -1.0, 0.5, 1.0, 2.0, 2.0]","[2.5, 5.5]","[0.0, 5.477226]","[-3.0, 3.5]",4,1,1,0,4.0,0.0,1
465,1,1,1,"[0.5, 1.0, 1.0, 1.0, 1.0, 1.0, 2.0, 2.5, 4.0, 8.0]","[0.0, 0.0, 0.0, 0.0, 0.0, 0.0, 1.0, 1.7320508, 4.0, 7.937254]",[1.0],[1.0],[-2.0],[1.0],[1.0],[-2.0],[6.0],[6.0],[4.0],[6.0],[6.0],[4.0],0,1,0,0,0.0,0.0,1
5045,5,3,1,"[0.5, 1.0, 1.0, 1.0, 1.5, 1.5, 2.0, 2.5, 5.5, 9.0]","[0.0, 0.0, 0.0, 0.0, 0.0, 0.0, 0.0, 2.4494898, 5.477226, 9.0]","[1.5, 2.0, 2.5, 3.5, 5.0]","[0.0, 1.4142135, 1.7320508, 3.4641016, 4.582576]","[-4.5, -4.0, -3.5, -2.0, -2.0]","[1.5, 2.0, 5.0]","[1.4142135, 1.7320508, 4.582576]","[-4.5, -2.0, -2.0]","[3.0, 3.5, 3.5]","[2.4494898, 3.0, 3.4641016]","[-4.0, -1.5, 1.0]",[9.0],[9.0],[9.0],2,0,1,0,2.0,0.0,0
496,30,6,2,"[0.0, 2.5, 3.0, 5.0, 5.5, 6.0, 6.5, 7.0, 7.5, 8.5]","[0.0, 2.0, 2.828427, 4.2426405, 5.0, 5.196152, 6.3245554, 7.0, 7.3484693, 8.485281]","[0.0, 0.0, 0.5, 0.5, 0.5, 1.0, 1.0, 1.0, 1.5, 1.5, 2.0, 2.5, 2.5, 2.5, 2.5, 3.0, 3.0, 3.0, 3.0, 3.5, 3.5, 4.0, 4.0, 4.5, 4.5, 4.5, 4.5, 5.0, 6.5, 6.5]","[0.0, 0.0, 0.0, 0.0, 0.0, 0.0, 0.0, 0.0, 0.0, 0.0, 0.0, 0.0, 1.0, 1.0, 1.4142135, 1.4142135, 1.7320508, 2.0, 2.828427, 2.828427, 3.0, 3.1622777, 3.4641016, 3.4641016, 3.7416575, 4.2426405, 4.2426405, 4.582576, 6.3245554, 6.4807405]","[-8.5, -8.0, -6.0, -6.0, -5.5, -5.5, -5.5, -5.0, -4.5, -4.5, -4.5, -4.5, -4.0, -3.5, -3.5, -3.5, -3.5, -3.5, -3.5, -3.5, -3.0, -3.0, -2.5, -2.5, -2.5, -2.5, -2.5, -2.0, -1.5, -1.0]","[0.0, 0.0, 0.5, 2.5, 2.5, 3.0]","[0.0, 0.0, 0.0, 0.0, 0.0, 0.0]","[-6.0, -6.0, -5.5, -4.5, -3.5, -3.5]","[1.5, 2.0, 2.5, 3.0, 4.0, 6.0]","[0.0, 0.0, 1.4142135, 1.7320508, 3.4641016, 5.196152]","[-5.5, -4.5, -3.5, -2.5, -0.5, 2.5]","[5.0, 6.0]","[4.582576, 5.196152]","[0.0, 2.5]",4,1,1,1,2.0,2.0,1
498,16,5,2,"[0.5, 1.0, 1.5, 2.5, 3.0, 4.5, 4.5, 6.5, 7.5, 7.5]","[0.0, 0.0, 0.0, 0.0, 0.0, 2.236068, 4.472136, 6.0, 7.3484693, 7.483315]","[0.0, 0.0, 0.0, 1.0, 1.5, 2.0, 2.5, 2.5, 2.5, 2.5, 3.0, 3.5, 3.5, 3.5, 5.0, 6.0]","[0.0, 0.0, 0.0, 0.0, 0.0, 0.0, 1.4142135, 2.0, 2.4494898, 2.4494898, 2.4494898, 3.0, 3.1622777, 3.4641016, 4.582576, 6.0]","[-6.5, -5.5, -5.0, -5.0, -5.0, -4.5, -4.5, -3.5, -3.0, -3.0, -2.5, -2.5, -2.5, -2.0, -2.0, -1.0]","[0.0, 0.0, 0.0, 1.0, 2.5]","[0.0, 0.0, 0.0, 0.0, 2.4494898]","[-6.5, -5.0, -4.5, -4.5, -2.5]","[1.5, 3.0, 3.5, 3.5, 5.0]","[1.4142135, 2.4494898, 3.0, 3.4641016, 4.0]","[-2.0, -1.5, -1.0, -0.5, 3.5]","[0.5, 3.5]","[0.0, 2.4494898]","[-2.5, 3.5]",3,1,1,0,3.0,0.0,1
8230,4,3,1,"[0.0, 1.0, 1.0, 1.0, 1.5, 2.0, 2.0, 4.5, 6.5, 7.0]","[0.0, 0.0, 0.0, 0.0, 1.0, 1.4142135, 1.7320508, 4.472136, 6.4807405, 6.708204]","[2.0, 3.0, 3.5, 4.5]","[1.7320508, 3.0, 3.1622777, 4.2426405]","[-3.5, -3.0, -2.5, -1.0]","[2.0, 3.0, 3.5]","[1.7320508, 3.0, 3.1622777]","[-3.5, -3.0, -2.5]","[4.5, 7.0, 8.0]","[4.2426405, 6.708204, 7.937254]","[-1.0, 0.5, 4.0]",[7.5],[7.3484693],[5.0],2,0,1,0,2.0,0.0,0
73,3,1,1,"[0.0, 0.5, 1.5, 1.5, 2.0, 2.0, 4.0, 4.5, 4.5, 5.0]","[0.0, 0.0, 0.0, 0.0, 0.0, 2.0, 2.828427, 3.4641016, 3.7416575, 4.0]","[3.0, 4.0, 4.5]","[2.236068, 3.7416575, 4.0]","[-5.0, -3.0, -3.0]",[4.0],[4.0],[-3.0],[6.0],[6.0],[4.0],[6.0],[6.0],[4.0],0,1,0,0,0.0,0.0,1
727,1,1,1,"[0.0, 0.5, 0.5, 1.5, 2.0, 2.5, 2.5, 2.5, 2.5, 3.0]","[0.0, 0.0, 0.0, 0.0, 0.0, 1.7320508, 2.0, 2.0, 2.4494898, 2.828427]",[1.5],[0.0],[-1.5],[1.5],[0.0],[-1.5],[5.0],[3.0],[3.0],[5.0],[3.0],[3.0],0,1,0,0,0.0,0.0,1
7851,3,2,2,"[0.0, 0.5, 1.5, 2.0, 2.0, 2.0, 2.0, 2.5, 5.0, 7.0]","[0.0, 0.0, 0.0, 0.0, 0.0, 1.7320508, 2.0, 2.4494898, 4.0, 6.708204]","[1.5, 3.5, 3.5]","[0.0, 1.4142135, 3.4641016]","[-2.5, -1.0, -1.0]","[1.5, 3.5]","[0.0, 1.4142135]","[-2.5, -1.0]","[5.5, 5.5]","[4.2426405, 4.8989797]","[0.0, 3.0]","[5.5, 5.5]","[4.2426405, 4.8989797]","[0.0, 3.0]",0,2,0,0,0.0,0.0,0
10292,2,2,1,"[0.0, 0.5, 0.5, 1.0, 1.0, 2.0, 2.0, 2.0, 5.0, 5.5]","[0.0, 0.0, 0.0, 0.0, 1.0, 1.0, 1.7320508, 1.7320508, 4.0, 4.2426405]","[2.0, 3.0]","[0.0, 0.0]","[-3.0, -2.5]","[2.0, 3.0]","[0.0, 0.0]","[-3.0, -2.5]","[3.5, 7.0]","[3.4641016, 6.708204]","[2.0, 4.5]",[3.0],[2.236068],[1.0],1,0,1,0,1.0,0.0,0
63507,2,2,2,"[0.0, 0.5, 1.0, 1.5, 2.0, 2.0, 2.5, 3.0, 4.5, 7.0]","[0.0, 0.0, 0.0, 0.0, 0.0, 1.4142135, 2.0, 3.0, 4.2426405, 6.928203]","[2.5, 3.0]","[2.0, 3.0]","[-2.0, -1.5]","[2.5, 3.0]","[2.0, 3.0]","[-2.0, -1.5]","[5.5, 7.5]","[4.2426405, 7.483315]","[3.0, 3.5]","[5.5, 7.5]","[4.2426405, 7.483315]","[3.0, 3.5]",0,2,0,0,0.0,0.0,0
632,14,5,2,"[0.5, 1.5, 1.5, 2.5, 4.0, 4.5, 4.5, 5.0, 5.5, 9.0]","[0.0, 0.0, 0.0, 1.4142135, 2.0, 4.0, 4.2426405, 4.2426405, 5.477226, 9.0]","[0.0, 0.5, 1.0, 1.0, 1.5, 1.5, 2.0, 3.0, 3.0, 3.0, 3.0, 3.0, 4.0, 6.0]","[0.0, 0.0, 0.0, 0.0, 0.0, 0.0, 1.4142135, 1.4142135, 2.236068, 2.236068, 2.236068, 2.828427, 3.4641016, 5.656854]","[-7.0, -5.5, -4.5, -4.5, -4.5, -4.0, -3.0, -3.0, -2.5, -2.0, -2.0, -2.0, -2.0, -1.5]","[0.0, 1.0, 1.5, 1.5, 3.0]","[0.0, 0.0, 0.0, 1.4142135, 1.4142135]","[-7.0, -5.5, -4.5, -4.0, -3.0]","[2.0, 3.0, 3.5, 4.0, 4.5]","[1.7320508, 2.828427, 3.1622777, 3.4641016, 4.2426405]","[-4.5, -1.5, -1.5, -1.0, 3.0]","[4.5, 5.0]","[4.0, 4.2426405]","[3.0, 3.5]",3,1,1,0,3.0,0.0,1
32370,2,1,1,"[0.0, 0.0, 0.5, 0.5, 2.0, 3.0, 3.0, 3.5, 4.5, 4.5]","[0.0, 0.0, 0.0, 0.0, 0.0, 2.236068, 2.4494898, 2.828427, 2.828427, 4.2426405]","[1.5, 3.5]","[1.4142135, 3.1622777]","[-3.5, -2.5]",[1.5],[1.4142135],[-3.5],[1.5],[0.0],[1.0],[1.5],[0.0],[1.0],0,1,0,0,0.0,0.0,0
608,1,1,1,"[0.0, 0.0, 0.5, 1.0, 1.0, 1.0, 2.0, 3.0, 4.0, 4.5]","[0.0, 0.0, 0.0, 0.0, 0.0, 0.0, 0.0, 1.0, 1.0, 4.472136]",[2.0],[2.0],[-3.0],[2.0],[2.0],[-3.0],[0.5],[0.0],[-2.0],[0.5],[0.0],[-2.0],0,1,0,0,0.0,0.0,1
819,14,5,3,"[0.5, 3.0, 3.0, 3.0, 3.5, 4.0, 4.5, 5.5, 5.5, 7.5]","[0.0, 0.0, 0.0, 0.0, 2.236068, 3.0, 3.1622777, 4.8989797, 5.2915025, 7.483315]","[0.0, 1.0, 1.0, 2.5, 3.0, 3.0, 3.5, 3.5, 3.5, 4.5, 4.5, 4.5, 5.0, 5.5]","[0.0, 0.0, 0.0, 0.0, 2.4494898, 2.828427, 2.828427, 3.1622777, 3.4641016, 3.7416575, 3.7416575, 3.7416575, 5.0, 5.477226]","[-8.5, -5.5, -4.0, -4.0, -3.5, -3.5, -3.5, -3.0, -3.0, -3.0, -2.5, -2.5, -2.0, -1.0]","[0.0, 1.0, 1.0, 2.5, 3.0]","[0.0, 0.0, 0.0, 0.0, 2.828427]","[-8.5, -5.5, -3.5, -3.0, -3.0]","[2.5, 5.0, 5.0, 7.0, 8.0]","[2.0, 3.0, 3.0, 6.708204, 7.937254]","[0.0, 0.0, 0.5, 4.0, 7.0]","[4.5, 6.0, 7.0]","[0.0, 5.196152, 6.708204]","[3.0, 4.5, 7.0]",2,1,2,0,1.0,0.0,1
60963,3,3,2,"[0.0, 0.5, 1.0, 1.5, 1.5, 2.0, 2.0, 3.5, 6.5, 8.0]","[0.0, 0.0, 0.0, 0.0, 1.0, 1.4142135, 1.7320508, 1.7320508, 6.0, 8.0]","[3.0, 3.0, 6.0]","[0.0, 0.0, 5.656854]","[-2.5, -2.0, -1.5]","[3.0, 3.0, 6.0]","[0.0, 0.0, 5.656854]","[-2.5, -2.0, -1.5]","[2.0, 3.5, 4.0]","[2.0, 3.4641016, 3.8729835]","[-2.5, -0.5, 2.0]","[4.0, 6.0]","[3.8729835, 6.0]","[2.0, 5.5]",1,1,1,0,1.0,0.0,0
46173,4,2,2,"[0.0, 1.0, 1.0, 1.0, 2.0, 2.0, 2.5, 3.0, 3.5, 3.5]","[0.0, 0.0, 0.0, 0.0, 0.0, 1.0, 1.7320508, 1.7320508, 2.4494898, 3.1622777]","[1.5, 2.0, 2.5, 5.0]","[0.0, 2.0, 2.4494898, 5.0]","[-3.0, -2.5, -2.0, -1.0]","[2.0, 2.5]","[2.0, 2.4494898]","[-3.0, -2.5]","[5.5, 7.0]","[4.2426405, 6.708204]","[5.0, 6.5]","[5.5, 7.0]","[4.2426405, 6.708204]","[5.0, 6.5]",0,2,0,0,0.0,0.0,0
414,18,4,2,"[1.5, 2.0, 3.0, 3.5, 4.0, 4.0, 4.5, 5.0, 7.5, 7.5]","[0.0, 0.0, 1.4142135, 2.0, 2.4494898, 3.8729835, 4.472136, 4.582576, 7.3484693, 7.483315]","[0.5, 0.5, 0.5, 0.5, 0.5, 1.0, 1.0, 2.0, 3.0, 3.0, 3.0, 3.0, 3.5, 3.5, 3.5, 4.0, 4.5, 5.0]","[0.0, 0.0, 0.0, 0.0, 0.0, 0.0, 0.0, 1.7320508, 2.236068, 2.236068, 2.4494898, 2.828427, 2.828427, 3.1622777, 3.4641016, 3.4641016, 3.7416575, 4.582576]","[-6.0, -6.0, -5.0, -5.0, -5.0, -4.5, -3.5, -3.5, -3.5, -3.0, -3.0, -3.0, -2.5, -2.0, -2.0, -2.0, -1.0, -1.0]","[0.5, 0.5, 0.5, 0.5]","[0.0, 0.0, 0.0, 0.0]","[-6.0, -6.0, -5.0, -5.0]","[0.5, 6.0, 6.5, 8.0]","[0.0, 5.196152, 6.0, 7.937254]","[-3.0, -1.0, -0.5, 4.5]","[4.0, 6.5]","[3.8729835, 6.0]","[0.0, 4.5]",2,1,1,0,2.0,0.0,1
422,27,7,2,"[1.5, 2.0, 3.5, 4.0, 4.0, 4.0, 5.0, 5.0, 5.5, 8.0]","[0.0, 1.4142135, 1.7320508, 2.4494898, 3.4641016, 4.0, 4.0, 4.8989797, 5.0, 7.937254]","[0.0, 0.0, 0.0, 0.5, 0.5, 0.5, 0.5, 0.5, 1.0, 1.5, 1.5, 1.5, 2.0, 2.0, 2.0, 2.5, 2.5, 3.0, 3.0, 3.0, 3.5, 3.5, 4.0, 4.0, 4.5, 4.5, 5.5]","[0.0, 0.0, 0.0, 0.0, 0.0, 0.0, 0.0, 0.0, 0.0, 0.0, 0.0, 0.0, 0.0, 1.4142135, 1.4142135, 1.7320508, 2.0, 2.236068, 2.4494898, 2.6457512, 3.0, 3.4641016, 3.4641016, 3.4641016, 4.2426405, 4.472136, 5.2915025]","[-7.0, -5.5, -5.0, -5.0, -5.0, -4.5, -4.5, -4.5, -4.0, -4.0, -4.0, -3.5, -3.5, -3.5, -3.5, -3.5, -3.0, -3.0, -3.0, -3.0, -2.5, -2.5, -2.0, -2.0, -2.0, -1.5, -1.5]","[0.0, 0.0, 0.0, 0.5, 1.5, 2.0, 2.5]","[0.0, 0.0, 0.0, 0.0, 0.0, 0.0, 0.0]","[-5.0, -3.5, -3.5, -3.0, -2.5, -2.5, -2.0]","[1.0, 1.5, 4.5, 5.0, 5.5, 6.5, 6.5]","[0.0, 1.4142135, 4.2426405, 4.2426405, 5.0, 6.0, 6.4807405]","[-3.0, -2.0, -1.5, 1.0, 2.5, 3.5, 3.5]","[5.0, 8.0]","[3.0, 8.0]","[-0.5, 3.5]",5,0,2,0,2.5,0.0,1
24719,5,3,2,"[0.5, 1.0, 1.0, 1.0, 1.5, 2.5, 2.5, 4.5, 8.0, 8.0]","[0.0, 0.0, 0.0, 0.0, 0.0, 1.4142135, 2.0, 2.0, 7.937254, 8.0]","[1.5, 3.5, 4.0, 4.0, 4.5]","[0.0, 2.6457512, 3.4641016, 3.8729835, 4.2426405]","[-5.0, -3.5, -3.0, -1.5, -1.0]","[1.5, 4.0, 4.0]","[0.0, 2.6457512, 3.8729835]","[-3.0, -1.5, -1.0]","[5.0, 7.0, 7.5]","[3.0, 6.928203, 7.3484693]","[1.0, 1.5, 2.0]","[5.0, 7.0]","[4.0, 6.928203]","[2.0, 3.0]",1,1,1,0,1.0,0.0,0
264,4,2,1,"[0.0, 0.0, 0.5, 0.5, 1.0, 1.0, 1.5, 4.0, 7.0, 7.5]","[0.0, 0.0, 0.0, 0.0, 0.0, 0.0, 0.0, 3.4641016, 6.928203, 7.483315]","[2.0, 3.0, 4.0, 4.5]","[0.0, 2.236068, 4.0, 4.2426405]","[-3.0, -2.5, -2.5, -1.5]","[4.0, 4.5]","[4.0, 4.2426405]","[-2.5, -2.5]","[2.5, 5.5]","[0.0, 4.2426405]","[-2.5, -2.0]",[3.5],[3.4641016],[-1.5],1,0,1,0,1.0,0.0,1
53294,1,1,1,"[0.0, 0.5, 1.5, 2.0, 2.0, 2.0, 2.5, 2.5, 3.0, 6.0]","[0.0, 0.0, 0.0, 0.0, 0.0, 0.0, 1.7320508, 2.0, 2.0, 5.91608]",[2.5],[0.0],[-1.5],[2.5],[0.0],[-1.5],[5.0],[4.8989797],[1.0],[5.0],[4.8989797],[1.0],0,1,0,0,0.0,0.0,0
70561,4,2,2,"[0.5, 0.5, 1.0, 1.0, 1.5, 1.5, 2.5, 4.5, 6.5, 7.0]","[0.0, 0.0, 0.0, 0.0, 1.4142135, 1.4142135, 2.0, 4.472136, 6.4807405, 6.708204]","[1.5, 2.0, 4.0, 4.0]","[0.0, 0.0, 0.0, 3.4641016]","[-3.5, -2.0, -1.5, -1.0]","[4.0, 4.0]","[0.0, 3.4641016]","[-2.0, -1.0]","[4.5, 8.0]","[3.7416575, 7.937254]","[-0.5, 3.5]","[4.5, 8.0]","[3.7416575, 7.937254]","[-0.5, 3.5]",0,2,0,0,0.0,0.0,0
23767,4,2,2,"[1.0, 1.0, 1.5, 2.0, 2.0, 2.5, 2.5, 3.5, 4.0, 6.5]","[0.0, 0.0, 0.0, 0.0, 1.7320508, 2.0, 2.0, 2.0, 3.8729835, 6.3245554]","[2.0, 2.0, 3.0, 4.0]","[0.0, 1.7320508, 2.236068, 4.0]","[-3.0, -2.0, -1.5, -1.5]","[2.0, 3.0]","[0.0, 2.236068]","[-3.0, -1.5]","[4.0, 8.5]","[0.0, 8.485281]","[1.5, 5.5]","[4.0, 8.5]","[0.0, 8.485281]","[1.5, 5.5]",0,2,0,0,0.0,0.0,0
919,6,3,2,"[0.5, 1.0, 1.0, 1.5, 1.5, 1.5, 2.0, 3.5, 5.5, 5.5]","[0.0, 0.0, 0.0, 0.0, 0.0, 0.0, 1.4142135, 2.4494898, 4.8989797, 4.8989797]","[1.0, 1.5, 2.0, 2.5, 3.5, 4.0]","[0.0, 0.0, 2.0, 2.0, 2.4494898, 3.8729835]","[-5.0, -4.5, -3.0, -3.0, -2.0, -2.0]","[1.0, 2.0, 4.0]","[0.0, 2.0, 3.8729835]","[-5.0, -2.0, -2.0]","[0.5, 3.5, 7.5]","[0.0, 3.4641016, 7.3484693]","[-3.5, 1.5, 6.0]","[6.0, 7.5]","[5.656854, 7.3484693]","[5.5, 6.0]",1,1,1,0,1.0,0.0,1
28567,4,2,1,"[0.0, 0.0, 0.5, 0.5, 1.0, 1.5, 2.0, 3.0, 4.0, 7.5]","[0.0, 0.0, 0.0, 0.0, 0.0, 0.0, 0.0, 2.236068, 3.8729835, 7.483315]","[1.5, 1.5, 2.5, 5.5]","[0.0, 0.0, 1.4142135, 5.2915025]","[-4.5, -3.5, -2.5, -1.0]","[1.5, 1.5]","[0.0, 1.4142135]","[-4.5, -2.5]","[1.5, 7.5]","[1.4142135, 7.3484693]","[-2.5, 4.0]",[5.0],[4.0],[5.0],1,0,1,0,1.0,0.0,0
761,3,2,2,"[0.5, 1.0, 1.0, 1.5, 2.0, 2.5, 3.0, 3.0, 3.5, 3.5]","[0.0, 0.0, 0.0, 0.0, 0.0, 1.4142135, 2.236068, 2.236068, 2.4494898, 3.4641016]","[1.0, 2.0, 2.5]","[0.0, 0.0, 2.0]","[-3.0, -2.5, -2.5]","[1.0, 2.0]","[0.0, 0.0]","[-3.0, -2.5]","[4.0, 4.5]","[3.4641016, 3.7416575]","[3.0, 3.0]","[4.0, 4.5]","[3.4641016, 3.7416575]","[3.0, 3.0]",0,2,0,0,0.0,0.0,1
292,8,2,1,"[0.5, 1.5, 1.5, 1.5, 2.5, 2.5, 3.0, 4.5, 5.0, 9.0]","[0.0, 0.0, 0.0, 1.4142135, 1.4142135, 2.4494898, 2.828427, 4.0, 4.2426405, 9.0]","[1.0, 1.0, 1.5, 2.0, 2.5, 3.0, 3.0, 3.5]","[0.0, 0.0, 0.0, 0.0, 0.0, 1.0, 1.7320508, 3.4641016]","[-7.5, -5.0, -4.5, -4.0, -3.5, -2.5, -2.5, -2.0]","[1.0, 3.5]","[0.0, 3.4641016]","[-7.5, -3.5]","[3.5, 5.0]","[3.4641016, 5.0]","[-2.0, 0.5]",[3.0],[0.0],[2.0],1,0,1,0,1.0,0.0,1
71115,1,1,1,"[0.0, 0.5, 0.5, 0.5, 1.5, 1.5, 2.5, 2.5, 3.5, 4.0]","[0.0, 0.0, 0.0, 0.0, 0.0, 0.0, 0.0, 0.0, 2.4494898, 3.1622777]",[3.5],[0.0],[-1.5],[3.5],[0.0],[-1.5],[8.0],[7.937254],[6.5],[8.0],[7.937254],[6.5],0,1,0,0,0.0,0.0,0
16720,11,3,1,"[0.0, 1.0, 1.5, 1.5, 2.0, 3.0, 3.5, 5.0, 6.5, 6.5]","[0.0, 0.0, 0.0, 0.0, 0.0, 1.0, 2.236068, 5.0, 6.0, 6.4807405]","[1.0, 1.5, 2.0, 2.0, 2.0, 3.0, 3.0, 4.0, 4.0, 4.5, 6.0]","[0.0, 0.0, 0.0, 0.0, 1.4142135, 1.7320508, 3.0, 3.4641016, 3.8729835, 4.472136, 5.656854]","[-5.5, -3.5, -3.0, -3.0, -3.0, -2.5, -2.0, -2.0, -2.0, -2.0, -1.5]","[1.5, 2.0, 3.0]","[1.4142135, 1.7320508, 3.0]","[-5.5, -3.0, -1.5]","[3.5, 3.5, 7.5]","[0.0, 2.4494898, 7.483315]","[-1.0, 1.0, 3.0]",[6.0],[5.656854],[6.0],2,0,1,0,2.0,0.0,0
402,1,1,1,"[0.0, 0.0, 0.5, 0.5, 1.5, 2.0, 2.5, 2.5, 4.0, 8.0]","[0.0, 0.0, 0.0, 0.0, 0.0, 0.0, 2.0, 2.4494898, 2.6457512, 7.937254]",[4.5],[4.2426405],[-1.0],[4.5],[4.2426405],[-1.0],[4.5],[4.472136],[4.0],[4.5],[4.472136],[4.0],0,1,0,0,0.0,0.0,1
837,11,4,2,"[0.0, 0.5, 1.5, 2.0, 2.5, 3.0, 5.5, 6.5, 8.0, 8.0]","[0.0, 0.0, 0.0, 0.0, 0.0, 2.828427, 4.2426405, 6.4807405, 7.937254, 8.0]","[2.5, 2.5, 2.5, 3.0, 3.5, 3.5, 4.0, 4.5, 5.0, 5.5, 6.5]","[0.0, 2.0, 2.0, 2.4494898, 3.0, 3.4641016, 3.4641016, 3.7416575, 4.8989797, 5.0, 6.4807405]","[-5.0, -4.5, -3.5, -3.5, -3.0, -3.0, -3.0, -2.5, -2.0, -1.5, -1.0]","[2.5, 3.5, 4.0, 5.0]","[2.0, 2.4494898, 3.4641016, 5.0]","[-4.5, -3.5, -3.0, -2.5]","[5.0, 5.0, 5.5, 6.0]","[3.0, 4.582576, 5.196152, 5.477226]","[-2.0, -1.5, 1.0, 3.0]","[3.5, 5.0]","[2.4494898, 3.0]","[0.5, 3.0]",2,1,1,0,2.0,0.0,1
59,2,2,2,"[0.0, 0.5, 1.0, 1.0, 2.0, 2.5, 2.5, 3.5, 3.5, 6.5]","[0.0, 0.0, 0.0, 0.0, 0.0, 1.7320508, 2.0, 2.0, 3.1622777, 6.0]","[3.0, 3.5]","[2.4494898, 2.828427]","[-4.5, -1.5]","[3.0, 3.5]","[2.4494898, 2.828427]","[-4.5, -1.5]","[7.5, 8.0]","[7.483315, 7.937254]","[6.0, 6.0]","[7.5, 8.0]","[7.483315, 7.937254]","[6.0, 6.0]",0,2,0,0,0.0,0.0,1
197,6,2,1,"[0.0, 0.0, 0.5, 0.5, 1.5, 2.5, 4.5, 5.0, 6.0, 8.5]","[0.0, 0.0, 0.0, 0.0, 0.0, 2.0, 3.7416575, 4.582576, 5.196152, 8.485281]","[1.0, 1.0, 2.0, 4.5, 4.5, 6.0]","[0.0, 0.0, 1.0, 4.2426405, 4.472136, 5.91608]","[-6.0, -5.0, -3.0, -3.0, -2.0, -2.0]","[2.0, 4.5]","[0.0, 4.472136]","[-6.0, -3.0]","[1.0, 6.0]","[1.0, 5.91608]","[-5.0, 1.0]",[7.0],[6.708204],[4.5],1,0,1,0,1.0,0.0,1
96458,2,2,1,"[0.0, 0.0, 0.0, 0.5, 1.5, 2.0, 2.5, 4.0, 4.5, 7.0]","[0.0, 0.0, 0.0, 0.0, 0.0, 1.4142135, 2.4494898, 3.7416575, 3.8729835, 7.0]","[2.5, 3.0]","[0.0, 0.0]","[-2.0, -1.5]","[2.5, 3.0]","[0.0, 0.0]","[-2.0, -1.5]","[3.5, 4.0]","[0.0, 4.0]","[-1.5, 0.0]",[6.5],[6.4807405],[4.5],1,0,1,0,1.0,0.0,0
42874,2,2,1,"[0.0, 0.0, 0.0, 0.5, 1.0, 1.0, 1.5, 2.5, 4.5, 8.0]","[0.0, 0.0, 0.0, 0.0, 0.0, 0.0, 0.0, 0.0, 4.2426405, 8.0]","[3.5, 4.0]","[2.4494898, 2.6457512]","[-3.5, -1.0]","[3.5, 4.0]","[2.4494898, 2.6457512]","[-3.5, -1.0]","[4.0, 7.0]","[3.4641016, 7.0]","[-1.5, 3.0]",[6.5],[6.3245554],[5.0],1,0,1,0,1.0,0.0,0
64367,4,2,2,"[0.0, 0.0, 0.0, 1.0, 2.0, 4.5, 5.0, 5.0, 6.5, 7.0]","[0.0, 0.0, 0.0, 0.0, 1.0, 3.7416575, 4.582576, 5.0, 6.0, 7.0]","[2.0, 2.5, 3.0, 3.5]","[1.7320508, 2.236068, 2.4494898, 2.4494898]","[-5.0, -3.5, -3.5, -1.0]","[2.5, 3.5]","[2.4494898, 2.4494898]","[-3.5, -1.0]","[6.5, 7.0]","[6.4807405, 6.708204]","[0.0, 1.0]","[6.5, 7.0]","[6.4807405, 6.708204]","[0.0, 1.0]",0,2,0,0,0.0,0.0,0
233,35,6,2,"[1.5, 3.0, 4.5, 5.5, 5.5, 6.0, 6.0, 6.0, 7.0, 7.5]","[0.0, 0.0, 3.7416575, 4.2426405, 5.196152, 5.196152, 5.477226, 5.91608, 7.0, 7.483315]","[0.0, 0.0, 0.0, 0.0, 0.5, 1.0, 1.0, 1.5, 1.5, 1.5, 2.0, 2.0, 2.0, 2.5, 2.5, 2.5, 2.5, 2.5, 2.5, 3.0, 3.5, 3.5, 3.5, 4.0, 4.0, 4.0, 4.0, 4.0, 4.0, 4.0, 4.5, 4.5, 4.5, 4.5, 5.0]","[0.0, 0.0, 0.0, 0.0, 0.0, 0.0, 0.0, 0.0, 1.0, 1.0, 1.4142135, 1.4142135, 1.7320508, 1.7320508, 2.0, 2.0, 2.0, 2.0, 2.236068, 2.4494898, 2.6457512, 2.6457512, 2.828427, 3.1622777, 3.4641016, 3.4641016, 3.4641016, 3.7416575, 3.8729835, 3.8729835, 3.8729835, 4.0, 4.2426405, 4.2426405, 4.8989797]","[-8.0, -6.5, -6.0, -6.0, -6.0, -5.5, -5.5, -5.5, -5.0, -5.0, -5.0, -5.0, -4.5, -4.5, -4.5, -4.5, -4.0, -4.0, -4.0, -4.0, -3.5, -3.5, -3.5, -3.0, -3.0, -3.0, -2.5, -2.5, -2.5, -2.0, -2.0, -2.0, -1.5, -1.0, -1.0]","[0.0, 0.0, 0.0, 0.0, 0.5, 1.5]","[0.0, 0.0, 0.0, 0.0, 0.0, 0.0]","[-6.5, -6.0, -6.0, -5.5, -5.5, -3.5]","[2.5, 4.0, 4.5, 5.5, 7.0, 8.5]","[0.0, 2.6457512, 3.7416575, 5.2915025, 7.0, 8.485281]","[-4.5, -4.0, -2.5, 1.5, 3.0, 3.5]","[2.5, 4.0]","[0.0, 3.8729835]","[-4.5, -2.0]",4,1,1,0,4.0,0.0,1
354,1,1,1,"[0.5, 0.5, 1.0, 1.5, 2.0, 2.5, 3.0, 3.5, 3.5, 7.0]","[0.0, 0.0, 0.0, 0.0, 0.0, 1.4142135, 1.7320508, 2.4494898, 3.1622777, 6.928203]",[2.5],[0.0],[-1.0],[2.5],[0.0],[-1.0],[1.5],[1.4142135],[-2.5],[1.5],[1.4142135],[-2.5],0,1,0,0,0.0,0.0,1
877,2,2,1,"[0.5, 1.0, 1.0, 1.5, 2.0, 2.0, 3.5, 3.5, 6.0, 6.5]","[0.0, 0.0, 0.0, 0.0, 1.0, 1.7320508, 2.4494898, 3.1622777, 5.91608, 6.4807405]","[2.0, 3.0]","[0.0, 0.0]","[-4.0, -2.5]","[2.0, 3.0]","[0.0, 0.0]","[-4.0, -2.5]","[1.0, 4.5]","[0.0, 0.0]","[-2.5, -1.0]",[3.0],[2.236068],[0.5],1,0,1,0,1.0,0.0,1
6193,4,3,2,"[0.5, 1.0, 1.0, 1.0, 1.5, 2.0, 2.0, 2.0, 5.0, 6.5]","[0.0, 0.0, 0.0, 0.0, 0.0, 0.0, 1.4142135, 1.7320508, 3.0, 6.3245554]","[2.0, 3.0, 3.0, 3.5]","[0.0, 0.0, 1.7320508, 2.236068]","[-2.5, -2.5, -2.5, -1.5]","[2.0, 3.0, 3.0]","[0.0, 1.7320508, 2.236068]","[-2.5, -2.5, -2.5]","[2.5, 5.5, 6.5]","[2.4494898, 4.8989797, 6.3245554]","[-0.5, 1.5, 5.5]","[6.5, 7.0]","[6.3245554, 6.928203]","[5.5, 6.5]",1,1,1,0,1.0,0.0,0
28984,2,1,1,"[0.0, 0.5, 0.5, 1.0, 1.5, 1.5, 2.0, 2.5, 3.5, 5.5]","[0.0, 0.0, 0.0, 0.0, 0.0, 0.0, 0.0, 1.4142135, 1.4142135, 4.2426405]","[3.0, 6.5]","[0.0, 6.3245554]","[-2.5, -1.5]",[3.0],[0.0],[-2.5],[6.5],[6.4807405],[5.0],[6.5],[6.4807405],[5.0],0,1,0,0,0.0,0.0,0
18865,3,2,1,"[0.5, 0.5, 1.5, 2.0, 2.5, 3.0, 3.0, 3.5, 5.0, 7.5]","[0.0, 0.0, 0.0, 0.0, 0.0, 1.7320508, 2.236068, 2.4494898, 5.0, 7.3484693]","[3.0, 3.5, 4.5]","[2.828427, 3.4641016, 4.2426405]","[-4.0, -2.5, -2.5]","[3.0, 3.5]","[2.828427, 3.4641016]","[-4.0, -2.5]","[4.5, 6.5]","[4.2426405, 6.0]","[-2.5, 3.5]",[8.0],[7.937254],[5.5],1,0,1,0,1.0,0.0,0
689,5,3,2,"[0.0, 1.0, 1.0, 1.0, 1.5, 2.5, 3.5, 3.5, 5.0, 7.5]","[0.0, 0.0, 0.0, 0.0, 0.0, 0.0, 2.4494898, 3.4641016, 4.0, 7.3484693]","[1.0, 2.0, 2.5, 3.5, 3.5]","[0.0, 0.0, 0.0, 0.0, 3.1622777]","[-6.5, -6.0, -2.5, -2.0, -2.0]","[1.0, 2.0, 3.5]","[0.0, 0.0, 0.0]","[-6.5, -2.5, -2.0]","[2.5, 3.0, 5.0]","[0.0, 0.0, 4.582576]","[-4.0, -0.5, 4.0]","[5.0, 7.5]","[4.582576, 7.3484693]","[4.0, 5.0]",1,1,1,0,1.0,0.0,1
68303,1,1,1,"[0.0, 0.0, 0.5, 1.0, 1.0, 1.5, 2.0, 4.0, 4.0, 4.5]","[0.0, 0.0, 0.0, 0.0, 0.0, 1.0, 1.7320508, 2.6457512, 2.828427, 4.0]",[4.0],[3.4641016],[-1.5],[4.0],[3.4641016],[-1.5],[4.5],[0.0],[3.5],[4.5],[0.0],[3.5],0,1,0,0,0.0,0.0,0
435,2,2,2,"[0.5, 0.5, 1.0, 1.0, 1.5, 2.0, 2.5, 3.0, 6.0, 6.0]","[0.0, 0.0, 0.0, 0.0, 0.0, 1.0, 2.236068, 2.4494898, 5.196152, 5.91608]","[2.0, 4.0]","[0.0, 2.0]","[-4.0, -2.5]","[2.0, 4.0]","[0.0, 2.0]","[-4.0, -2.5]","[4.0, 5.5]","[3.8729835, 5.477226]","[0.0, 5.0]","[4.0, 5.5]","[3.8729835, 5.477226]","[0.0, 5.0]",0,2,0,0,0.0,0.0,1
168,3,2,1,"[0.0, 0.5, 0.5, 1.0, 2.0, 2.0, 2.5, 4.0, 6.5, 7.5]","[0.0, 0.0, 0.0, 0.0, 1.0, 1.7320508, 2.4494898, 3.4641016, 6.4807405, 7.483315]","[2.0, 4.5, 5.5]","[0.0, 4.472136, 5.2915025]","[-4.5, -2.5, -2.0]","[2.0, 4.5]","[0.0, 4.472136]","[-4.5, -2.5]","[5.5, 5.5]","[4.2426405, 5.2915025]","[-2.0, 1.0]",[4.0],[2.6457512],[-0.5],1,0,1,0,1.0,0.0,1
976,4,2,0,"[0.0, 0.0, 0.5, 0.5, 2.5, 2.5, 3.0, 6.0, 6.5, 7.0]","[0.0, 0.0, 0.0, 0.0, 2.0, 2.4494898, 2.828427, 5.91608, 6.0, 6.708204]","[1.5, 2.5, 4.5, 5.0]","[0.0, 1.4142135, 3.7416575, 4.0]","[-6.5, -3.0, -2.5, -1.5]","[1.5, 2.5]","[0.0, 1.4142135]","[-6.5, -3.0]","[1.5, 2.5]","[0.0, 1.4142135]","[-6.5, -3.0]",[],[],[],2,0,0,1,0.0,2.0,1
762,2,2,2,"[0.5, 0.5, 0.5, 0.5, 0.5, 2.5, 3.0, 4.0, 4.5, 5.0]","[0.0, 0.0, 0.0, 0.0, 0.0, 2.236068, 2.4494898, 2.6457512, 2.828427, 4.8989797]","[2.5, 5.5]","[0.0, 5.477226]","[-2.0, -1.0]","[2.5, 5.5]","[0.0, 5.477226]","[-2.0, -1.0]","[3.5, 4.5]","[0.0, 4.2426405]","[2.5, 2.5]","[3.5, 4.5]","[0.0, 4.2426405]","[2.5, 2.5]",0,2,0,0,0.0,0.0,1
799,2,1,1,"[0.0, 0.5, 1.0, 1.5, 1.5, 1.5, 2.5, 3.0, 5.5, 6.5]","[0.0, 0.0, 0.0, 0.0, 0.0, 0.0, 0.0, 1.4142135, 4.8989797, 6.0]","[4.0, 5.0]","[4.0, 5.0]","[-4.5, -2.5]",[4.0],[4.0],[-4.5],[4.5],[0.0],[1.0],[4.5],[0.0],[1.0],0,1,0,0,0.0,0.0,1
806,4,2,2,"[0.5, 0.5, 1.5, 2.0, 2.5, 2.5, 2.5, 4.0, 5.0, 7.5]","[0.0, 0.0, 0.0, 0.0, 1.7320508, 2.4494898, 2.4494898, 3.0, 3.4641016, 7.483315]","[1.0, 2.0, 2.5, 3.0]","[0.0, 0.0, 0.0, 2.0]","[-5.0, -5.0, -3.5, -3.5]","[1.0, 3.0]","[0.0, 0.0]","[-3.5, -3.5]","[0.5, 5.5]","[0.0, 5.477226]","[-0.5, 2.0]","[0.5, 5.5]","[0.0, 5.477226]","[-0.5, 2.0]",0,2,0,0,0.0,0.0,1
29683,2,2,1,"[0.5, 0.5, 0.5, 1.5, 2.0, 2.0, 2.0, 3.5, 4.5, 6.5]","[0.0, 0.0, 0.0, 0.0, 0.0, 0.0, 2.0, 2.4494898, 2.828427, 6.3245554]","[2.0, 3.0]","[0.0, 1.7320508]","[-1.5, -1.5]","[2.0, 3.0]","[0.0, 1.7320508]","[-1.5, -1.5]","[2.5, 2.5]","[2.4494898, 2.4494898]","[-2.5, 0.0]",[7.5],[7.3484693],[6.5],1,0,1,0,1.0,0.0,0
369,3,2,2,"[0.0, 1.0, 1.0, 2.0, 2.5, 2.5, 3.5, 3.5, 5.0, 6.0]","[0.0, 0.0, 0.0, 0.0, 2.0, 2.4494898, 3.4641016, 3.4641016, 4.8989797, 5.656854]","[1.5, 2.5, 5.0]","[1.4142135, 2.4494898, 4.582576]","[-3.5, -3.0, -2.0]","[1.5, 2.5]","[1.4142135, 2.4494898]","[-3.5, -3.0]","[5.0, 7.0]","[5.0, 6.928203]","[1.0, 3.5]","[5.0, 7.0]","[5.0, 6.928203]","[1.0, 3.5]",0,2,0,0,0.0,0.0,1
88128,3,1,1,"[0.0, 0.5, 0.5, 1.5, 1.5, 2.0, 2.0, 2.0, 4.5, 6.0]","[0.0, 0.0, 0.0, 0.0, 0.0, 1.4142135, 1.4142135, 1.7320508, 2.0, 5.656854]","[2.5, 3.0, 3.5]","[0.0, 2.4494898, 2.828427]","[-5.5, -3.5, -2.0]",[2.5],[2.4494898],[-3.5],[5.5],[5.2915025],[5.0],[5.5],[5.2915025],[5.0],0,1,0,0,0.0,0.0,0
19061,5,4,1,"[0.0, 1.0, 1.0, 1.5, 2.0, 2.0, 3.0, 3.0, 3.5, 7.0]","[0.0, 1.0, 1.0, 1.4142135, 1.7320508, 2.0, 2.236068, 2.828427, 3.1622777, 6.928203]","[0.5, 1.5, 1.5, 2.0, 2.5]","[0.0, 0.0, 0.0, 0.0, 2.0]","[-3.0, -3.0, -2.0, -1.5, -1.0]","[0.5, 1.5, 1.5, 2.5]","[0.0, 0.0, 0.0, 2.0]","[-3.0, -2.0, -1.5, -1.0]","[1.5, 2.5, 4.0, 6.0]","[0.0, 2.0, 4.0, 5.91608]","[-3.0, -2.0, 2.5, 5.0]",[8.5],[8.485281],[7.0],3,0,1,1,1.0,2.0,0
387,22,6,2,"[1.5, 3.0, 3.0, 4.0, 5.0, 5.0, 5.5, 6.0, 7.0, 7.5]","[1.4142135, 2.236068, 2.828427, 3.0, 3.8729835, 4.582576, 5.477226, 5.91608, 6.708204, 7.3484693]","[0.0, 0.0, 0.5, 1.0, 1.0, 1.0, 1.0, 1.5, 2.0, 2.0, 2.0, 2.5, 2.5, 2.5, 3.0, 3.5, 4.0, 4.0, 4.0, 5.0, 5.5, 7.5]","[0.0, 0.0, 0.0, 0.0, 0.0, 0.0, 0.0, 1.0, 1.0, 1.0, 1.7320508, 1.7320508, 2.0, 2.0, 2.236068, 2.4494898, 2.4494898, 3.4641016, 3.8729835, 4.8989797, 5.2915025, 7.483315]","[-7.5, -7.0, -6.0, -6.0, -5.5, -5.0, -4.5, -3.5, -3.5, -3.0, -3.0, -3.0, -3.0, -2.5, -2.5, -2.5, -2.5, -2.0, -1.5, -1.5, -1.5, -1.0]","[0.0, 0.0, 0.5, 2.0, 2.5, 4.0]","[0.0, 0.0, 0.0, 0.0, 1.7320508, 2.0]","[-7.5, -5.5, -3.5, -3.0, -3.0, -1.5]","[1.0, 2.5, 2.5, 5.5, 6.0, 8.5]","[0.0, 0.0, 2.4494898, 5.196152, 5.2915025, 8.485281]","[-6.0, -2.5, 0.5, 1.0, 2.0, 3.0]","[2.5, 5.0]","[0.0, 4.0]","[-2.0, 0.5]",4,1,1,0,4.0,0.0,1
734,5,1,1,"[0.5, 0.5, 0.5, 0.5, 1.0, 2.5, 2.5, 3.0, 4.0, 6.5]","[0.0, 0.0, 0.0, 0.0, 0.0, 1.0, 2.0, 2.828427, 3.8729835, 6.4807405]","[1.5, 2.0, 2.0, 2.0, 3.0]","[0.0, 0.0, 1.7320508, 2.0, 2.828427]","[-3.5, -3.0, -2.5, -1.5, -1.5]",[2.0],[2.0],[-3.5],[6.5],[6.3245554],[3.0],[6.5],[6.3245554],[3.0],0,1,0,0,0.0,0.0,1
362,2,1,1,"[0.0, 0.5, 1.0, 1.5, 2.0, 2.5, 3.0, 3.5, 3.5, 5.0]","[0.0, 0.0, 0.0, 0.0, 0.0, 1.0, 1.4142135, 2.0, 3.1622777, 4.582576]","[1.5, 1.5]","[0.0, 1.4142135]","[-4.5, -2.5]",[1.5],[1.4142135],[-2.5],[7.0],[6.708204],[2.5],[7.0],[6.708204],[2.5],0,1,0,0,0.0,0.0,1
572,1,1,1,"[1.0, 1.0, 1.0, 1.5, 1.5, 1.5, 2.5, 3.0, 3.5, 6.0]","[0.0, 0.0, 0.0, 0.0, 0.0, 0.0, 1.4142135, 2.828427, 3.1622777, 5.91608]",[1.5],[1.4142135],[-3.0],[1.5],[1.4142135],[-3.0],[8.0],[7.937254],[5.5],[8.0],[7.937254],[5.5],0,1,0,0,0.0,0.0,1
138,2,1,1,"[0.5, 0.5, 1.0, 2.0, 2.5, 2.5, 2.5, 3.0, 3.0, 4.0]","[0.0, 0.0, 0.0, 0.0, 0.0, 0.0, 2.0, 2.236068, 2.4494898, 2.828427]","[3.5, 4.0]","[3.1622777, 3.4641016]","[-3.0, -2.5]",[3.5],[3.1622777],[-3.0],[3.5],[3.4641016],[3.0],[3.5],[3.4641016],[3.0],0,1,0,0,0.0,0.0,1
900,3,2,1,"[0.0, 1.0, 1.0, 1.5, 1.5, 2.0, 2.5, 2.5, 3.5, 5.5]","[0.0, 0.0, 0.0, 0.0, 1.4142135, 1.4142135, 2.0, 2.0, 3.4641016, 4.8989797]","[0.5, 1.5, 3.0]","[0.0, 0.0, 2.236068]","[-3.0, -2.5, -2.0]","[0.5, 1.5]","[0.0, 0.0]","[-3.0, -2.0]","[3.5, 6.0]","[0.0, 5.91608]","[1.0, 2.0]",[3.5],[3.4641016],[2.5],1,0,1,0,1.0,0.0,1
22676,2,2,2,"[0.0, 1.0, 1.0, 1.0, 1.5, 1.5, 2.0, 3.5, 4.0, 4.5]","[0.0, 0.0, 0.0, 0.0, 1.0, 1.0, 1.4142135, 1.7320508, 3.1622777, 3.7416575]","[3.0, 3.0]","[2.236068, 3.0]","[-3.0, -2.5]","[3.0, 3.0]","[2.236068, 3.0]","[-3.0, -2.5]","[5.5, 8.5]","[4.8989797, 8.485281]","[5.5, 6.5]","[5.5, 8.5]","[4.8989797, 8.485281]","[5.5, 6.5]",0,2,0,0,0.0,0.0,0
28,3,2,2,"[0.5, 0.5, 1.5, 2.0, 2.5, 3.0, 3.5, 3.5, 3.5, 5.0]","[0.0, 0.0, 0.0, 0.0, 0.0, 1.7320508, 2.828427, 3.4641016, 3.4641016, 4.8989797]","[1.5, 1.5, 3.0]","[0.0, 1.4142135, 2.236068]","[-3.5, -3.5, -2.5]","[1.5, 1.5]","[0.0, 1.4142135]","[-3.5, -2.5]","[2.5, 6.5]","[2.0, 6.0]","[2.5, 4.0]","[2.5, 6.5]","[2.0, 6.0]","[2.5, 4.0]",0,2,0,0,0.0,0.0,1
17570,4,2,1,"[0.0, 0.0, 0.5, 1.5, 2.0, 2.5, 3.0, 4.0, 4.0, 5.5]","[0.0, 0.0, 0.0, 0.0, 0.0, 0.0, 0.0, 3.8729835, 4.0, 5.477226]","[2.5, 3.0, 3.0, 4.0]","[2.4494898, 2.828427, 3.0, 3.8729835]","[-2.5, -2.5, -1.5, -1.0]","[2.5, 3.0]","[2.4494898, 2.828427]","[-2.5, -1.5]","[4.0, 8.0]","[3.8729835, 7.937254]","[-1.0, 5.5]",[6.0],[5.656854],[4.0],1,0,1,0,1.0,0.0,0
29691,2,2,2,"[0.0, 0.0, 1.0, 1.0, 1.0, 1.5, 2.0, 2.5, 4.0, 6.0]","[0.0, 0.0, 0.0, 0.0, 0.0, 0.0, 1.0, 1.0, 1.4142135, 5.91608]","[1.0, 3.5]","[0.0, 3.4641016]","[-3.5, -1.5]","[1.0, 3.5]","[0.0, 3.4641016]","[-3.5, -1.5]","[5.0, 5.5]","[4.8989797, 4.8989797]","[2.0, 4.5]","[5.0, 5.5]","[4.8989797, 4.8989797]","[2.0, 4.5]",0,2,0,0,0.0,0.0,0
25899,6,3,2,"[0.0, 1.0, 1.5, 1.5, 2.5, 2.5, 3.0, 4.0, 5.5, 6.5]","[0.0, 0.0, 0.0, 0.0, 1.4142135, 2.0, 2.828427, 3.8729835, 5.2915025, 6.4807405]","[1.0, 1.0, 1.5, 3.0, 4.0, 5.0]","[0.0, 0.0, 1.0, 2.828427, 3.8729835, 4.8989797]","[-3.5, -3.5, -3.0, -3.0, -2.0, -1.0]","[1.0, 1.5, 3.0]","[0.0, 1.0, 2.828427]","[-3.5, -3.0, -3.0]","[2.5, 6.5, 7.0]","[2.4494898, 6.4807405, 7.0]","[-1.0, 4.0, 4.0]","[2.5, 6.5]","[2.0, 6.4807405]","[2.5, 4.0]",1,1,1,0,1.0,0.0,0
70878,1,1,1,"[0.5, 0.5, 1.0, 1.0, 1.5, 1.5, 3.0, 3.0, 4.0, 4.0]","[0.0, 0.0, 0.0, 0.0, 0.0, 1.0, 1.4142135, 1.4142135, 2.236068, 3.8729835]",[1.5],[0.0],[-4.0],[1.5],[0.0],[-4.0],[4.0],[0.0],[3.5],[4.0],[0.0],[3.5],0,1,0,0,0.0,0.0,0
68362,1,1,1,"[0.0, 0.0, 0.5, 0.5, 1.0, 1.5, 3.5, 4.0, 5.0, 5.5]","[0.0, 0.0, 0.0, 0.0, 0.0, 0.0, 2.6457512, 3.1622777, 4.0, 5.2915025]",[2.5],[0.0],[-2.0],[2.5],[0.0],[-2.0],[4.5],[4.2426405],[2.5],[4.5],[4.2426405],[2.5],0,1,0,0,0.0,0.0,0
63271,2,2,1,"[0.5, 1.5, 1.5, 3.0, 3.0, 3.0, 3.0, 3.0, 3.0, 6.0]","[0.0, 0.0, 0.0, 0.0, 2.236068, 2.236068, 2.236068, 3.0, 3.0, 5.656854]","[1.0, 4.5]","[0.0, 3.7416575]","[-3.5, -1.0]","[1.0, 4.5]","[0.0, 3.7416575]","[-3.5, -1.0]","[1.5, 2.5]","[0.0, 1.4142135]","[-3.0, -1.0]",[9.0],[9.0],[7.0],1,0,1,0,1.0,0.0,0
615,4,2,1,"[0.0, 0.5, 1.5, 1.5, 2.0, 2.0, 2.5, 2.5, 3.5, 6.5]","[0.0, 0.0, 0.0, 0.0, 0.0, 1.4142135, 2.0, 2.0, 3.4641016, 6.3245554]","[1.5, 1.5, 3.5, 4.5]","[0.0, 0.0, 1.4142135, 4.2426405]","[-2.5, -2.0, -1.5, -1.0]","[1.5, 4.5]","[1.4142135, 4.2426405]","[-2.5, -2.0]","[2.5, 7.0]","[2.4494898, 6.708204]","[0.0, 1.0]",[4.5],[2.828427],[2.5],1,0,1,0,1.0,0.0,1
598,1,1,1,"[0.0, 0.0, 0.5, 0.5, 0.5, 1.5, 2.0, 2.5, 3.0, 3.5]","[0.0, 0.0, 0.0, 0.0, 0.0, 0.0, 0.0, 0.0, 1.4142135, 1.7320508]",[3.0],[2.236068],[-3.5],[3.0],[2.236068],[-3.5],[4.0],[2.6457512],[4.0],[4.0],[2.6457512],[4.0],0,1,0,0,0.0,0.0,1
847,1,1,1,"[0.0, 0.5, 0.5, 0.5, 1.0, 1.5, 1.5, 2.0, 5.5, 6.5]","[0.0, 0.0, 0.0, 0.0, 0.0, 0.0, 1.4142135, 1.7320508, 4.8989797, 6.0]",[4.0],[0.0],[-2.0],[4.0],[0.0],[-2.0],[5.5],[4.2426405],[3.0],[5.5],[4.2426405],[3.0],0,1,0,0,0.0,0.0,1
5722,4,2,1,"[0.0, 0.5, 1.0, 1.5, 1.5, 2.0, 2.0, 2.0, 2.5, 7.5]","[0.0, 0.0, 0.0, 0.0, 0.0, 0.0, 1.4142135, 1.7320508, 2.4494898, 7.483315]","[1.0, 1.5, 2.0, 3.5]","[0.0, 0.0, 1.4142135, 1.7320508]","[-4.0, -3.5, -3.0, -1.5]","[1.0, 1.5]","[0.0, 1.4142135]","[-4.0, -3.0]","[3.5, 7.0]","[2.4494898, 6.928203]","[-0.5, 3.5]",[3.0],[2.828427],[3.0],1,0,1,0,1.0,0.0,0
82752,2,2,2,"[0.5, 1.0, 1.5, 1.5, 2.5, 2.5, 3.0, 4.0, 5.0, 6.0]","[0.0, 0.0, 0.0, 0.0, 0.0, 1.4142135, 2.0, 2.6457512, 4.0, 5.91608]","[2.5, 3.0]","[0.0, 2.828427]","[-4.0, -2.5]","[2.5, 3.0]","[0.0, 2.828427]","[-4.0, -2.5]","[2.5, 5.0]","[0.0, 3.0]","[-1.0, 4.0]","[2.5, 5.0]","[0.0, 3.0]","[-1.0, 4.0]",0,2,0,0,0.0,0.0,0
59163,4,2,2,"[0.5, 0.5, 2.0, 2.0, 2.5, 3.0, 3.0, 3.0, 4.5, 7.5]","[0.0, 0.0, 0.0, 2.0, 2.236068, 2.4494898, 2.828427, 2.828427, 3.7416575, 7.3484693]","[2.5, 2.5, 3.5, 6.0]","[2.0, 2.0, 3.1622777, 6.0]","[-3.5, -3.0, -3.0, -2.0]","[2.5, 2.5]","[2.0, 2.0]","[-3.0, -3.0]","[5.5, 6.5]","[5.2915025, 6.4807405]","[1.5, 4.5]","[5.5, 6.5]","[5.2915025, 6.4807405]","[1.5, 4.5]",0,2,0,0,0.0,0.0,0
17688,2,2,2,"[0.0, 0.0, 1.0, 1.0, 1.5, 2.0, 2.0, 2.5, 3.5, 4.5]","[0.0, 0.0, 0.0, 0.0, 0.0, 0.0, 1.4142135, 2.0, 3.4641016, 4.2426405]","[1.0, 1.5]","[0.0, 1.4142135]","[-3.5, -1.5]","[1.0, 1.5]","[0.0, 1.4142135]","[-3.5, -1.5]","[6.0, 7.0]","[5.196152, 6.928203]","[4.0, 5.0]","[6.0, 7.0]","[5.196152, 6.928203]","[4.0, 5.0]",0,2,0,0,0.0,0.0,0
34004,1,1,1,"[0.0, 0.5, 0.5, 1.0, 1.0, 1.5, 2.5, 3.0, 3.5, 5.0]","[0.0, 0.0, 0.0, 1.0, 1.0, 1.4142135, 2.0, 2.4494898, 2.828427, 3.0]",[3.5],[0.0],[-1.5],[3.5],[0.0],[-1.5],[6.0],[6.0],[5.5],[6.0],[6.0],[5.5],0,1,0,0,0.0,0.0,0
811,13,4,2,"[0.0, 0.5, 1.5, 2.5, 4.5, 4.5, 4.5, 5.0, 5.5, 6.5]","[0.0, 0.0, 0.0, 1.4142135, 2.0, 3.7416575, 4.0, 4.472136, 5.477226, 6.3245554]","[0.5, 0.5, 1.0, 3.0, 3.0, 3.0, 3.0, 3.0, 3.5, 4.5, 4.5, 4.5, 4.5]","[0.0, 0.0, 0.0, 0.0, 1.0, 2.236068, 2.236068, 2.236068, 2.828427, 3.4641016, 3.7416575, 3.7416575, 4.472136]","[-5.5, -5.0, -4.5, -4.0, -3.5, -3.0, -2.5, -2.0, -2.0, -1.5, -1.5, -1.0, -1.0]","[0.5, 1.0, 3.0, 3.5]","[0.0, 1.0, 2.236068, 3.4641016]","[-5.5, -4.0, -3.5, -2.5]","[4.5, 4.5, 5.0, 5.5]","[3.0, 3.7416575, 4.2426405, 5.2915025]","[0.0, 0.5, 1.5, 2.0]","[2.5, 4.5]","[2.0, 4.2426405]","[0.0, 2.0]",2,1,1,0,2.0,0.0,1
20,28,6,2,"[2.0, 3.5, 3.5, 4.0, 5.0, 5.0, 5.5, 6.5, 6.5, 8.0]","[0.0, 1.7320508, 3.4641016, 4.0, 4.2426405, 4.582576, 4.8989797, 6.0, 6.4807405, 7.937254]","[0.0, 0.0, 0.5, 0.5, 1.0, 1.0, 1.5, 1.5, 1.5, 1.5, 2.0, 2.0, 2.0, 2.0, 2.5, 2.5, 3.0, 3.0, 3.0, 3.5, 3.5, 4.0, 4.5, 4.5, 5.0, 5.0, 5.5, 6.0]","[0.0, 0.0, 0.0, 0.0, 0.0, 0.0, 0.0, 0.0, 0.0, 0.0, 0.0, 0.0, 1.0, 1.0, 1.4142135, 1.7320508, 1.7320508, 2.0, 2.4494898, 2.828427, 2.828427, 3.4641016, 3.7416575, 4.0, 4.472136, 4.8989797, 5.477226, 6.0]","[-7.0, -6.0, -6.0, -6.0, -5.5, -4.5, -4.5, -4.5, -4.5, -4.0, -4.0, -3.5, -3.5, -3.5, -3.5, -3.0, -3.0, -3.0, -3.0, -2.5, -2.5, -2.5, -2.5, -2.5, -2.0, -1.0, -1.0, -1.0]","[0.0, 0.0, 0.5, 1.0, 1.5, 2.5]","[0.0, 0.0, 0.0, 0.0, 0.0, 1.0]","[-7.0, -6.0, -5.5, -3.5, -3.0, -2.5]","[1.0, 4.5, 6.0, 6.5, 7.0, 8.0]","[1.0, 4.2426405, 5.656854, 6.3245554, 6.708204, 8.0]","[-2.5, -2.0, 1.0, 2.0, 2.0, 4.0]","[3.0, 7.0]","[2.828427, 6.708204]","[-2.5, 3.0]",4,0,2,0,2.0,0.0,1
74825,2,2,1,"[0.0, 0.0, 0.0, 0.0, 1.0, 1.5, 2.0, 2.5, 3.5, 8.0]","[0.0, 0.0, 0.0, 0.0, 0.0, 0.0, 0.0, 2.0, 3.1622777, 7.937254]","[2.5, 5.0]","[0.0, 4.8989797]","[-3.5, -2.0]","[2.5, 5.0]","[0.0, 4.8989797]","[-3.5, -2.0]","[0.5, 4.0]","[0.0, 3.8729835]","[-3.0, -1.5]",[5.0],[4.8989797],[4.0],1,0,1,0,1.0,0.0,0
978,4,2,1,"[0.5, 0.5, 1.0, 1.0, 1.5, 2.5, 3.5, 4.0, 5.5, 6.5]","[0.0, 0.0, 0.0, 0.0, 0.0, 2.4494898, 3.4641016, 3.8729835, 5.2915025, 6.4807405]","[1.0, 1.5, 2.0, 2.5]","[0.0, 0.0, 1.7320508, 2.4494898]","[-4.0, -3.5, -2.5, -1.5]","[1.0, 2.0]","[0.0, 1.7320508]","[-4.0, -3.5]","[5.5, 6.0]","[4.2426405, 5.656854]","[-0.5, 2.5]",[3.5],[3.4641016],[-0.5],1,0,1,0,1.0,0.0,1
68844,1,1,1,"[0.0, 0.5, 1.0, 1.5, 2.0, 2.5, 2.5, 3.0, 3.5, 6.0]","[0.0, 0.0, 0.0, 0.0, 0.0, 1.0, 1.4142135, 2.4494898, 2.4494898, 6.0]",[3.5],[3.4641016],[-2.0],[3.5],[3.4641016],[-2.0],[6.0],[5.196152],[3.0],[6.0],[5.196152],[3.0],0,1,0,0,0.0,0.0,0
591,4,2,2,"[0.0, 0.0, 1.0, 1.5, 2.0, 2.0, 3.0, 4.0, 4.5, 4.5]","[0.0, 0.0, 0.0, 1.4142135, 1.7320508, 2.0, 2.236068, 2.6457512, 2.828427, 2.828427]","[2.0, 2.5, 2.5, 6.5]","[0.0, 0.0, 2.0, 6.4807405]","[-2.5, -2.5, -2.5, -1.0]","[2.0, 2.5]","[0.0, 2.0]","[-2.5, -2.5]","[7.5, 8.0]","[7.3484693, 7.937254]","[6.5, 6.5]","[7.5, 8.0]","[7.3484693, 7.937254]","[6.5, 6.5]",0,2,0,0,0.0,0.0,1
475,1,1,1,"[0.0, 1.0, 1.0, 1.0, 1.5, 2.0, 3.0, 3.5, 4.5, 5.5]","[0.0, 0.0, 0.0, 0.0, 1.0, 2.0, 2.236068, 2.828427, 3.1622777, 5.2915025]",[3.0],[0.0],[-3.5],[3.0],[0.0],[-3.5],[8.0],[7.937254],[6.5],[8.0],[7.937254],[6.5],0,1,0,0,0.0,0.0,1
47151,6,2,2,"[0.5, 1.5, 2.0, 2.0, 2.0, 2.5, 3.5, 4.5, 4.5, 5.5]","[0.0, 0.0, 0.0, 1.4142135, 1.7320508, 1.7320508, 2.4494898, 3.1622777, 4.472136, 4.8989797]","[2.0, 2.5, 2.5, 2.5, 3.5, 4.5]","[0.0, 0.0, 2.0, 2.0, 2.4494898, 2.828427]","[-5.0, -4.0, -3.5, -3.0, -2.5, -1.0]","[2.0, 2.5]","[2.0, 2.4494898]","[-5.0, -4.0]","[4.0, 8.0]","[2.6457512, 7.937254]","[3.0, 4.5]","[4.0, 8.0]","[2.6457512, 7.937254]","[3.0, 4.5]",0,2,0,0,0.0,0.0,0
63504,3,2,1,"[0.0, 0.0, 0.0, 0.5, 1.5, 1.5, 2.0, 3.0, 4.0, 8.0]","[0.0, 0.0, 0.0, 0.0, 0.0, 1.4142135, 1.4142135, 1.7320508, 3.8729835, 8.0]","[1.5, 4.0, 4.5]","[0.0, 3.7416575, 3.8729835]","[-5.5, -2.5, -1.0]","[1.5, 4.0]","[0.0, 3.8729835]","[-5.5, -2.5]","[2.0, 3.5]","[1.7320508, 3.1622777]","[-2.0, -2.0]",[9.0],[9.0],[7.5],1,0,1,0,1.0,0.0,0
421,3,3,2,"[0.5, 0.5, 1.5, 2.0, 2.5, 2.5, 2.5, 3.5, 4.5, 7.0]","[0.0, 0.0, 0.0, 0.0, 0.0, 1.4142135, 2.4494898, 3.4641016, 3.7416575, 6.928203]","[2.5, 3.5, 3.5]","[0.0, 2.0, 3.4641016]","[-2.5, -2.0, -1.5]","[2.5, 3.5, 3.5]","[0.0, 2.0, 3.4641016]","[-2.5, -2.0, -1.5]","[3.0, 4.5, 8.5]","[0.0, 2.236068, 8.485281]","[-1.0, 0.5, 8.5]","[3.5, 8.5]","[2.4494898, 8.485281]","[2.5, 8.5]",1,1,1,0,1.0,0.0,1
381,1,1,1,"[0.5, 1.0, 1.5, 1.5, 1.5, 2.0, 2.0, 2.5, 4.5, 5.0]","[0.0, 0.0, 0.0, 0.0, 1.4142135, 1.4142135, 2.0, 2.0, 4.472136, 5.0]",[2.0],[2.0],[-1.5],[2.0],[2.0],[-1.5],[5.0],[4.8989797],[2.5],[5.0],[4.8989797],[2.5],0,1,0,0,0.0,0.0,1
43906,3,2,2,"[0.0, 0.5, 0.5, 1.5, 2.0, 2.0, 2.5, 3.0, 5.0, 7.0]","[0.0, 0.0, 0.0, 0.0, 0.0, 1.7320508, 1.7320508, 2.236068, 4.582576, 6.708204]","[2.5, 3.0, 5.0]","[2.0, 2.828427, 4.0]","[-3.5, -3.0, -2.0]","[2.5, 3.0]","[2.0, 2.828427]","[-3.5, -3.0]","[3.0, 5.0]","[2.236068, 4.582576]","[1.5, 2.0]","[3.0, 5.0]","[2.236068, 4.582576]","[1.5, 2.0]",0,2,0,0,0.0,0.0,0
364,20,7,2,"[1.5, 2.5, 3.5, 4.0, 4.0, 4.0, 5.0, 5.5, 6.0, 6.5]","[1.4142135, 2.4494898, 2.4494898, 3.4641016, 3.4641016, 4.0, 4.2426405, 4.8989797, 5.656854, 6.4807405]","[0.0, 0.0, 0.5, 0.5, 1.0, 1.0, 1.5, 1.5, 1.5, 2.0, 2.5, 3.0, 3.0, 3.0, 3.0, 3.0, 3.5, 4.0, 5.0, 5.5]","[0.0, 0.0, 0.0, 0.0, 0.0, 0.0, 0.0, 0.0, 0.0, 1.0, 1.4142135, 1.4142135, 2.0, 2.236068, 2.4494898, 2.6457512, 3.0, 3.0, 5.0, 5.477226]","[-6.5, -6.0, -5.0, -5.0, -4.5, -4.5, -4.0, -4.0, -4.0, -3.5, -3.0, -2.5, -2.5, -2.5, -2.5, -2.0, -2.0, -2.0, -1.5, -1.0]","[0.0, 0.0, 0.5, 0.5, 1.0, 1.5, 3.0]","[0.0, 0.0, 0.0, 0.0, 0.0, 0.0, 1.0]","[-6.5, -5.0, -4.5, -4.0, -3.5, -2.5, -2.5]","[1.0, 3.0, 4.0, 6.5, 7.0, 7.0, 7.5]","[0.0, 0.0, 2.236068, 6.0, 6.708204, 6.708204, 7.3484693]","[-4.0, -2.5, 1.0, 2.5, 3.5, 3.5, 5.5]","[2.0, 7.0]","[1.7320508, 6.708204]","[0.0, 5.5]",5,1,1,0,5.0,0.0,1
31,1,1,1,"[0.0, 0.0, 0.5, 1.0, 1.5, 2.0, 2.0, 2.5, 2.5, 4.0]","[0.0, 0.0, 0.0, 0.0, 0.0, 0.0, 0.0, 1.4142135, 2.0, 3.8729835]",[1.5],[0.0],[-2.5],[1.5],[0.0],[-2.5],[6.0],[5.91608],[5.5],[6.0],[5.91608],[5.5],0,1,0,0,0.0,0.0,1
915,1,1,1,"[0.0, 0.5, 0.5, 1.0, 1.0, 1.5, 2.0, 2.5, 3.0, 7.0]","[0.0, 0.0, 0.0, 0.0, 0.0, 1.0, 1.4142135, 2.0, 2.0, 6.928203]",[2.0],[0.0],[-3.0],[2.0],[0.0],[-3.0],[3.0],[2.828427],[-1.0],[3.0],[2.828427],[-1.0],0,1,0,0,0.0,0.0,1
975,3,2,2,"[0.0, 0.5, 1.0, 1.5, 1.5, 1.5, 2.0, 4.0, 4.0, 5.5]","[0.0, 0.0, 0.0, 0.0, 0.0, 0.0, 1.0, 1.4142135, 3.8729835, 5.477226]","[3.0, 4.5, 4.5]","[2.236068, 4.2426405, 4.472136]","[-2.0, -2.0, -1.0]","[3.0, 4.5]","[2.236068, 4.472136]","[-2.0, -1.0]","[5.0, 5.0]","[4.582576, 4.8989797]","[1.0, 4.5]","[5.0, 5.0]","[4.582576, 4.8989797]","[1.0, 4.5]",0,2,0,0,0.0,0.0,1
992,3,1,1,"[0.5, 1.0, 1.0, 1.5, 2.0, 2.5, 3.5, 4.0, 4.0, 5.5]","[0.0, 0.0, 0.0, 1.4142135, 1.7320508, 2.0, 2.6457512, 3.4641016, 3.4641016, 4.2426405]","[2.5, 3.0, 4.0]","[2.4494898, 2.828427, 3.8729835]","[-5.0, -2.5, -1.5]",[2.5],[2.4494898],[-5.0],[6.0],[6.0],[4.0],[6.0],[6.0],[4.0],0,1,0,0,0.0,0.0,1
6941,3,2,1,"[0.0, 1.0, 1.0, 1.0, 1.0, 1.5, 1.5, 2.0, 3.5, 9.0]","[0.0, 0.0, 0.0, 0.0, 1.0, 1.0, 1.4142135, 1.7320508, 3.4641016, 9.0]","[3.0, 4.0, 5.5]","[0.0, 2.6457512, 4.8989797]","[-2.0, -2.0, -1.0]","[3.0, 4.0]","[0.0, 2.6457512]","[-2.0, -2.0]","[5.5, 6.0]","[5.2915025, 5.91608]","[0.5, 1.0]",[4.5],[0.0],[3.5],1,0,1,0,1.0,0.0,0
6199,3,2,1,"[1.0, 2.0, 2.5, 2.5, 2.5, 3.0, 3.5, 4.0, 4.0, 5.0]","[0.0, 0.0, 2.0, 2.236068, 2.4494898, 2.4494898, 2.6457512, 3.0, 3.1622777, 3.8729835]","[1.0, 1.0, 3.5]","[0.0, 1.0, 3.4641016]","[-4.0, -1.5, -1.5]","[1.0, 3.5]","[1.0, 3.4641016]","[-1.5, -1.5]","[2.0, 2.0]","[0.0, 2.0]","[-0.5, -0.5]",[7.0],[6.928203],[6.0],1,0,1,0,1.0,0.0,0
234,6,2,2,"[0.0, 1.0, 1.0, 2.0, 2.0, 3.0, 4.0, 5.5, 5.5, 6.5]","[0.0, 0.0, 0.0, 0.0, 1.0, 1.7320508, 3.0, 4.2426405, 4.2426405, 6.3245554]","[1.0, 2.0, 3.0, 3.0, 4.0, 6.5]","[0.0, 1.7320508, 2.236068, 2.828427, 3.8729835, 6.4807405]","[-5.5, -4.5, -4.0, -3.0, -3.0, -2.0]","[2.0, 3.0]","[1.7320508, 2.828427]","[-4.5, -3.0]","[4.0, 6.5]","[4.0, 6.4807405]","[3.0, 4.0]","[4.0, 6.5]","[4.0, 6.4807405]","[3.0, 4.0]",0,2,0,0,0.0,0.0,1
74340,4,2,1,"[0.5, 1.0, 1.0, 1.5, 1.5, 2.5, 2.5, 3.0, 5.5, 5.5]","[0.0, 0.0, 0.0, 0.0, 0.0, 2.0, 2.4494898, 2.828427, 5.477226, 5.477226]","[1.5, 3.0, 3.0, 3.0]","[1.4142135, 2.236068, 2.828427, 3.0]","[-3.0, -2.5, -1.5, -1.0]","[1.5, 3.0]","[1.4142135, 3.0]","[-3.0, -2.5]","[3.5, 5.0]","[0.0, 4.582576]","[-1.5, 2.0]",[4.0],[2.6457512],[1.5],1,0,1,0,1.0,0.0,0
261,6,1,1,"[1.0, 1.0, 1.0, 1.0, 1.5, 1.5, 2.0, 2.5, 4.0, 4.5]","[0.0, 0.0, 0.0, 1.0, 1.0, 1.0, 1.4142135, 1.7320508, 2.0, 2.828427]","[1.5, 2.5, 2.5, 3.0, 3.5, 3.5]","[0.0, 0.0, 0.0, 1.4142135, 2.4494898, 3.4641016]","[-4.5, -3.0, -2.5, -2.5, -2.0, -2.0]",[1.5],[1.4142135],[-4.5],[7.5],[7.3484693],[6.5],[7.5],[7.3484693],[6.5],0,1,0,0,0.0,0.0,1
59982,4,4,2,"[0.5, 1.5, 2.0, 2.5, 3.0, 3.0, 3.0, 3.5, 6.5, 8.0]","[0.0, 0.0, 0.0, 0.0, 1.7320508, 2.0, 2.4494898, 3.0, 6.3245554, 7.937254]","[1.0, 4.5, 4.5, 4.5]","[1.0, 3.7416575, 3.7416575, 4.472136]","[-3.0, -2.5, -2.0, -1.5]","[1.0, 4.5, 4.5, 4.5]","[1.0, 3.7416575, 3.7416575, 4.472136]","[-3.0, -2.5, -2.0, -1.5]","[3.0, 3.0, 4.5, 6.5]","[0.0, 0.0, 3.0, 6.4807405]","[-1.0, -1.0, 1.5, 2.0]","[4.5, 4.5]","[3.7416575, 4.472136]","[4.0, 4.0]",2,0,2,0,1.0,0.0,0
9125,5,3,2,"[0.0, 0.5, 0.5, 1.5, 1.5, 1.5, 3.0, 3.5, 4.0, 8.5]","[0.0, 0.0, 0.0, 0.0, 0.0, 1.4142135, 1.4142135, 2.828427, 3.4641016, 8.485281]","[1.0, 1.5, 3.0, 4.0, 4.5]","[0.0, 0.0, 1.4142135, 2.828427, 3.4641016]","[-7.0, -2.0, -2.0, -1.5, -1.0]","[1.0, 1.5, 3.0]","[0.0, 0.0, 1.4142135]","[-7.0, -2.0, -1.5]","[3.0, 3.5, 5.5]","[2.236068, 3.4641016, 5.2915025]","[-1.0, 1.0, 1.5]","[3.0, 6.0]","[2.236068, 6.0]","[1.0, 6.0]",1,1,1,0,1.0,0.0,0
80369,4,3,1,"[0.0, 0.5, 0.5, 1.0, 1.0, 1.0, 3.0, 4.0, 5.5, 7.0]","[0.0, 0.0, 0.0, 0.0, 0.0, 0.0, 2.6457512, 3.0, 4.8989797, 7.0]","[1.5, 3.0, 3.0, 6.0]","[0.0, 1.4142135, 2.828427, 6.0]","[-3.5, -2.0, -1.5, -1.5]","[1.5, 3.0, 3.0]","[0.0, 1.4142135, 2.828427]","[-3.5, -2.0, -1.5]","[1.5, 3.0, 4.5]","[0.0, 1.4142135, 2.828427]","[-3.5, -2.0, 4.0]",[4.5],[0.0],[4.0],2,1,0,1,0.0,2.0,0
558,42,8,1,"[3.0, 4.5, 5.0, 5.5, 6.5, 7.0, 7.5, 8.0, 8.0, 8.0]","[2.236068, 3.7416575, 4.0, 5.2915025, 6.0, 6.928203, 7.483315, 7.937254, 8.0, 8.0]","[0.5, 0.5, 0.5, 1.0, 1.0, 1.0, 1.5, 1.5, 1.5, 1.5, 2.0, 2.0, 2.0, 2.5, 2.5, 2.5, 2.5, 3.0, 3.0, 3.0, 3.0, 3.0, 3.5, 3.5, 3.5, 3.5, 3.5, 3.5, 3.5, 3.5, 3.5, 4.0, 4.0, 4.5, 4.5, 4.5, 5.0, 5.0, 5.5, 5.5, 6.0, 6.0]","[0.0, 0.0, 0.0, 0.0, 0.0, 0.0, 0.0, 0.0, 0.0, 0.0, 0.0, 1.0, 1.4142135, 1.4142135, 2.0, 2.0, 2.0, 2.236068, 2.236068, 2.236068, 2.4494898, 2.4494898, 2.4494898, 2.4494898, 3.0, 3.0, 3.1622777, 3.1622777, 3.4641016, 3.4641016, 3.4641016, 3.4641016, 3.4641016, 3.7416575, 3.7416575, 4.0, 4.2426405, 4.8989797, 5.2915025, 5.477226, 5.91608, 5.91608]","[-7.5, -7.0, -7.0, -6.5, -6.0, -5.5, -5.5, -5.5, -5.0, -5.0, -5.0, -5.0, -5.0, -5.0, -5.0, -5.0, -5.0, -4.5, -4.5, -4.5, -4.5, -4.5, -4.5, -4.0, -4.0, -4.0, -4.0, -3.5, -3.5, -3.5, -3.0, -3.0, -3.0, -2.5, -2.5, -2.5, -2.5, -2.5, -2.0, -2.0, -2.0, -1.5]","[0.5, 0.5, 0.5, 1.0, 2.0, 2.5, 3.0, 3.5]","[0.0, 0.0, 0.0, 0.0, 0.0, 0.0, 0.0, 2.236068]","[-7.0, -6.0, -5.0, -5.0, -5.0, -4.5, -3.0, -2.5]","[2.0, 2.5, 3.5, 3.5, 3.5, 4.0, 5.5, 6.0]","[0.0, 2.4494898, 2.4494898, 3.1622777, 3.4641016, 3.8729835, 5.477226, 5.656854]","[-5.0, -5.0, -3.5, -2.0, -2.0, -1.0, 0.0, 0.5]",[7.0],[6.708204],[3.5],7,0,1,0,7.0,0.0,1
217,24,5,3,"[1.0, 3.0, 3.0, 4.0, 5.0, 5.5, 5.5, 6.0, 6.0, 6.5]","[0.0, 2.236068, 2.236068, 2.6457512, 3.0, 4.2426405, 4.2426405, 5.91608, 5.91608, 6.3245554]","[0.5, 0.5, 0.5, 1.0, 1.0, 1.0, 1.0, 1.5, 2.0, 2.0, 2.5, 3.0, 3.0, 3.5, 3.5, 3.5, 4.0, 4.0, 5.0, 5.5, 5.5, 5.5, 5.5, 6.0]","[0.0, 0.0, 0.0, 0.0, 0.0, 0.0, 0.0, 0.0, 0.0, 0.0, 0.0, 1.0, 2.4494898, 3.0, 3.1622777, 3.1622777, 3.4641016, 4.0, 4.8989797, 5.0, 5.2915025, 5.2915025, 5.477226, 5.656854]","[-6.0, -5.5, -5.5, -5.0, -5.0, -5.0, -5.0, -5.0, -4.0, -4.0, -4.0, -4.0, -4.0, -3.5, -3.5, -3.5, -3.0, -2.5, -2.5, -2.0, -1.5, -1.5, -1.0, -1.0]","[0.5, 0.5, 1.0, 1.0, 1.0]","[0.0, 0.0, 0.0, 0.0, 1.0]","[-5.0, -5.0, -4.0, -4.0, -4.0]","[1.5, 2.0, 4.5, 5.5, 6.0]","[0.0, 1.4142135, 4.2426405, 4.8989797, 5.656854]","[-3.5, -2.5, -1.5, 2.0, 4.0]","[1.5, 1.5, 1.5]","[1.4142135, 1.4142135, 1.4142135]","[-3.5, -2.5, 0.5]",2,1,2,0,1.0,0.0,1
750,21,7,3,"[1.0, 1.5, 2.0, 3.0, 4.0, 4.5, 5.0, 5.5, 6.5, 8.0]","[0.0, 1.0, 1.4142135, 1.7320508, 2.6457512, 3.0, 4.2426405, 5.0, 6.4807405, 8.0]","[0.0, 0.5, 1.0, 1.0, 1.0, 1.0, 1.5, 1.5, 2.0, 2.0, 2.5, 2.5, 3.0, 3.5, 3.5, 3.5, 4.0, 4.0, 4.5, 6.5, 8.0]","[0.0, 0.0, 0.0, 0.0, 0.0, 0.0, 0.0, 0.0, 1.4142135, 1.4142135, 1.7320508, 1.7320508, 2.0, 2.236068, 2.4494898, 2.6457512, 3.4641016, 3.4641016, 4.472136, 6.4807405, 8.0]","[-7.5, -7.5, -5.5, -5.0, -5.0, -5.0, -4.0, -4.0, -3.5, -3.0, -3.0, -3.0, -3.0, -2.5, -2.5, -2.0, -1.5, -1.5, -1.0, -1.0, -1.0]","[0.0, 0.5, 1.0, 1.0, 1.0, 2.0, 2.5]","[0.0, 0.0, 0.0, 0.0, 0.0, 0.0, 1.7320508]","[-7.5, -7.5, -4.0, -3.0, -2.5, -1.5, -1.0]","[3.0, 3.5, 4.5, 4.5, 4.5, 5.0, 5.5]","[2.828427, 2.828427, 3.4641016, 3.7416575, 4.2426405, 4.2426405, 4.8989797]","[-4.0, -1.5, -0.5, 0.0, 2.0, 3.0, 3.5]","[2.0, 5.5, 6.0]","[1.7320508, 4.2426405, 5.91608]","[-0.5, 3.5, 4.5]",4,1,2,0,2.0,0.0,1
861,2,1,1,"[0.0, 0.5, 0.5, 1.0, 1.5, 2.5, 3.0, 5.0, 5.5, 6.5]","[0.0, 0.0, 0.0, 0.0, 0.0, 2.0, 3.0, 4.0, 4.8989797, 6.3245554]","[4.5, 5.5]","[4.2426405, 5.477226]","[-3.5, -2.5]",[4.5],[4.2426405],[-3.5],[8.0],[7.937254],[5.5],[8.0],[7.937254],[5.5],0,1,0,0,0.0,0.0,1
318,1,1,1,"[0.0, 0.5, 0.5, 1.0, 1.0, 1.5, 1.5, 2.0, 3.0, 3.5]","[0.0, 0.0, 0.0, 0.0, 0.0, 0.0, 1.4142135, 1.7320508, 2.828427, 3.1622777]",[2.5],[2.0],[-2.0],[2.5],[2.0],[-2.0],[7.5],[7.483315],[5.5],[7.5],[7.483315],[5.5],0,1,0,0,0.0,0.0,1
580,22,5,2,"[0.5, 2.0, 2.0, 3.0, 4.0, 4.5, 5.5, 6.0, 8.5, 8.5]","[0.0, 0.0, 1.7320508, 2.828427, 3.0, 3.4641016, 5.2915025, 5.91608, 8.485281, 8.485281]","[0.5, 0.5, 1.0, 1.0, 2.0, 2.0, 3.0, 3.0, 3.0, 3.0, 3.5, 3.5, 3.5, 3.5, 4.0, 4.0, 4.0, 4.0, 5.0, 5.0, 5.5, 5.5]","[0.0, 0.0, 0.0, 0.0, 0.0, 0.0, 0.0, 1.0, 1.7320508, 2.236068, 2.4494898, 2.4494898, 2.6457512, 3.4641016, 3.4641016, 3.4641016, 3.4641016, 3.8729835, 4.582576, 4.8989797, 5.0, 5.2915025]","[-6.5, -5.5, -5.0, -5.0, -5.0, -4.5, -4.5, -4.5, -4.5, -4.5, -4.0, -3.5, -3.5, -3.5, -2.5, -2.5, -2.0, -2.0, -1.5, -1.5, -1.0, -1.0]","[0.5, 1.0, 2.0, 3.0, 3.0]","[0.0, 0.0, 0.0, 0.0, 1.7320508]","[-6.5, -5.5, -4.5, -3.5, -2.0]","[3.0, 3.5, 3.5, 5.5, 5.5]","[0.0, 2.4494898, 2.4494898, 4.2426405, 4.8989797]","[-4.5, -1.5, -1.0, -1.0, 2.5]","[4.0, 5.5]","[4.0, 4.2426405]","[-1.5, 2.5]",3,1,1,0,3.0,0.0,1
880,3,1,1,"[0.0, 0.5, 1.5, 2.0, 2.0, 2.5, 3.0, 3.5, 3.5, 4.5]","[0.0, 0.0, 0.0, 0.0, 0.0, 0.0, 2.0, 2.0, 2.828427, 3.4641016]","[3.0, 3.5, 4.0]","[2.4494898, 2.828427, 3.8729835]","[-4.5, -2.5, -1.0]",[4.0],[3.8729835],[-2.5],[3.5],[2.4494898],[3.5],[3.5],[2.4494898],[3.5],0,1,0,0,0.0,0.0,1
82182,1,1,1,"[0.0, 0.0, 1.0, 1.0, 1.5, 2.0, 2.0, 2.0, 4.0, 4.0]","[0.0, 0.0, 0.0, 0.0, 0.0, 0.0, 0.0, 1.7320508, 2.6457512, 4.0]",[2.5],[2.0],[-3.0],[2.5],[2.0],[-3.0],[7.0],[6.708204],[4.5],[7.0],[6.708204],[4.5],0,1,0,0,0.0,0.0,0
23345,1,1,1,"[0.0, 0.0, 1.0, 1.0, 1.5, 1.5, 2.0, 3.5, 5.0, 5.5]","[0.0, 0.0, 0.0, 0.0, 0.0, 1.4142135, 1.4142135, 3.1622777, 4.0, 5.2915025]",[6.5],[6.4807405],[-1.0],[6.5],[6.4807405],[-1.0],[7.5],[7.3484693],[4.5],[7.5],[7.3484693],[4.5],0,1,0,0,0.0,0.0,0
468,21,5,2,"[2.0, 2.5, 3.0, 3.5, 3.5, 4.0, 5.5, 7.5, 8.0, 8.5]","[0.0, 0.0, 0.0, 0.0, 3.0, 3.8729835, 5.2915025, 7.483315, 8.0, 8.485281]","[0.5, 1.0, 1.5, 1.5, 2.0, 2.0, 2.0, 2.5, 3.0, 3.0, 3.0, 3.5, 3.5, 3.5, 3.5, 4.0, 4.0, 4.5, 4.5, 5.5, 6.5]","[0.0, 0.0, 0.0, 0.0, 0.0, 0.0, 1.4142135, 1.7320508, 1.7320508, 2.0, 2.236068, 2.236068, 2.4494898, 2.6457512, 3.1622777, 3.4641016, 3.8729835, 4.2426405, 4.2426405, 5.2915025, 6.4807405]","[-6.5, -5.0, -5.0, -4.5, -4.5, -4.5, -4.0, -4.0, -4.0, -3.5, -3.5, -3.5, -3.0, -3.0, -2.5, -2.0, -2.0, -2.0, -1.5, -1.5, -1.5]","[0.5, 1.5, 2.0, 3.5, 4.5]","[0.0, 0.0, 1.7320508, 2.4494898, 4.2426405]","[-4.5, -4.0, -4.0, -3.5, -1.5]","[0.5, 3.5, 3.5, 3.5, 4.0]","[0.0, 0.0, 0.0, 2.4494898, 3.8729835]","[-4.0, -1.5, -1.0, -0.5, 0.0]","[4.0, 5.5]","[3.8729835, 4.8989797]","[0.0, 5.5]",3,1,1,1,1.0,2.0,1
549,27,6,2,"[1.0, 3.0, 4.5, 5.0, 6.0, 6.0, 6.5, 6.5, 7.5, 7.5]","[1.0, 2.828427, 2.828427, 4.8989797, 5.656854, 5.91608, 6.0, 6.4807405, 7.3484693, 7.483315]","[0.0, 0.5, 0.5, 1.0, 1.0, 1.5, 1.5, 2.0, 2.5, 2.5, 2.5, 3.0, 3.0, 3.0, 3.0, 3.0, 3.0, 3.5, 3.5, 3.5, 3.5, 3.5, 3.5, 4.0, 4.5, 5.5, 6.0]","[0.0, 0.0, 0.0, 0.0, 0.0, 0.0, 0.0, 0.0, 0.0, 1.4142135, 2.0, 2.0, 2.236068, 2.4494898, 2.4494898, 2.4494898, 2.828427, 2.828427, 3.0, 3.0, 3.4641016, 3.4641016, 3.4641016, 3.7416575, 4.0, 5.477226, 5.91608]","[-7.5, -7.5, -7.0, -6.5, -5.5, -5.5, -5.0, -5.0, -5.0, -5.0, -4.5, -4.0, -4.0, -4.0, -4.0, -3.5, -3.0, -2.5, -2.5, -2.5, -2.5, -2.5, -2.0, -2.0, -1.5, -1.5, -1.5]","[0.0, 0.5, 1.0, 1.5, 3.0, 3.5]","[0.0, 0.0, 0.0, 0.0, 2.236068, 2.4494898]","[-7.5, -5.5, -4.5, -4.0, -2.5, -2.5]","[0.5, 1.5, 3.5, 3.5, 5.5, 8.5]","[0.0, 0.0, 2.4494898, 3.4641016, 5.477226, 8.485281]","[-7.5, -3.0, -2.0, -1.5, -1.5, 0.5]","[3.5, 5.5]","[2.4494898, 5.2915025]","[-3.0, 0.5]",4,1,1,0,4.0,0.0,1
28440,3,2,1,"[0.5, 1.0, 1.0, 1.0, 1.5, 1.5, 1.5, 1.5, 3.0, 7.5]","[0.0, 0.0, 0.0, 0.0, 0.0, 1.0, 1.4142135, 1.4142135, 3.0, 7.483315]","[1.0, 3.5, 4.0]","[0.0, 2.4494898, 3.4641016]","[-3.5, -1.5, -1.0]","[1.0, 4.0]","[0.0, 3.4641016]","[-3.5, -1.0]","[2.0, 5.0]","[1.7320508, 4.8989797]","[-2.0, 1.5]",[8.0],[7.937254],[8.0],1,0,1,0,1.0,0.0,0
452,4,2,1,"[0.0, 0.5, 1.0, 1.5, 1.5, 2.0, 3.0, 4.5, 5.0, 8.5]","[0.0, 0.0, 0.0, 0.0, 1.0, 1.4142135, 2.0, 3.0, 4.8989797, 8.485281]","[2.0, 2.5, 3.0, 3.0]","[0.0, 0.0, 2.236068, 2.4494898]","[-6.5, -4.0, -3.0, -1.5]","[2.5, 3.0]","[0.0, 2.4494898]","[-6.5, -1.5]","[1.0, 3.0]","[0.0, 0.0]","[-4.0, -1.0]",[7.5],[7.483315],[7.0],1,0,1,0,1.0,0.0,1
700,1,1,1,"[0.5, 1.0, 1.0, 1.0, 1.5, 1.5, 2.0, 2.0, 2.0, 4.0]","[0.0, 0.0, 0.0, 0.0, 0.0, 0.0, 1.0, 1.7320508, 1.7320508, 2.6457512]",[0.5],[0.0],[-4.5],[0.5],[0.0],[-4.5],[3.5],[3.4641016],[2.5],[3.5],[3.4641016],[2.5],0,1,0,0,0.0,0.0,1
47507,4,2,1,"[0.0, 1.5, 1.5, 1.5, 1.5, 2.5, 2.5, 4.0, 4.5, 5.0]","[0.0, 0.0, 0.0, 1.4142135, 1.4142135, 2.0, 2.4494898, 2.828427, 3.8729835, 4.8989797]","[1.5, 2.0, 3.0, 3.5]","[0.0, 1.7320508, 2.236068, 3.4641016]","[-3.5, -2.5, -2.0, -1.5]","[1.5, 2.0]","[0.0, 1.7320508]","[-2.5, -2.0]","[4.5, 5.0]","[3.0, 3.7416575]","[1.0, 2.5]",[8.0],[8.0],[7.0],1,0,1,0,1.0,0.0,0
69,3,2,2,"[0.0, 1.0, 1.0, 1.5, 3.0, 3.0, 3.0, 3.5, 3.5, 4.0]","[0.0, 0.0, 0.0, 0.0, 1.0, 2.4494898, 2.828427, 2.828427, 3.1622777, 3.8729835]","[1.5, 1.5, 2.0]","[0.0, 0.0, 0.0]","[-4.0, -4.0, -3.0]","[1.5, 1.5]","[0.0, 0.0]","[-4.0, -4.0]","[2.5, 7.5]","[0.0, 7.483315]","[1.0, 6.0]","[2.5, 7.5]","[0.0, 7.483315]","[1.0, 6.0]",0,2,0,0,0.0,0.0,1
18512,7,3,1,"[0.0, 0.0, 0.0, 1.0, 2.0, 2.0, 3.0, 5.5, 7.0, 8.0]","[0.0, 0.0, 0.0, 1.0, 2.0, 2.0, 2.236068, 5.2915025, 6.928203, 7.937254]","[1.5, 3.0, 3.0, 3.0, 3.0, 3.5, 4.5]","[0.0, 0.0, 1.4142135, 2.236068, 2.828427, 3.4641016, 4.2426405]","[-6.0, -4.5, -4.0, -3.0, -2.5, -2.0, -1.0]","[1.5, 3.0, 3.5]","[1.4142135, 2.236068, 3.4641016]","[-6.0, -4.0, -1.0]","[3.0, 6.5, 7.0]","[2.828427, 6.0, 6.928203]","[-4.5, 0.5, 2.5]",[7.5],[7.483315],[3.0],2,0,1,0,2.0,0.0,0
29772,4,2,1,"[0.5, 0.5, 0.5, 0.5, 1.0, 1.5, 3.0, 3.5, 5.5, 7.0]","[0.0, 0.0, 0.0, 0.0, 0.0, 0.0, 2.236068, 2.4494898, 4.8989797, 6.928203]","[2.5, 2.5, 2.5, 6.0]","[0.0, 2.4494898, 2.4494898, 5.91608]","[-3.0, -2.0, -2.0, -1.0]","[2.5, 2.5]","[0.0, 2.4494898]","[-3.0, -2.0]","[1.5, 4.5]","[0.0, 4.472136]","[-3.0, 1.5]",[4.5],[3.7416575],[4.0],1,0,1,0,1.0,0.0,0
951,2,1,1,"[0.5, 0.5, 0.5, 0.5, 1.0, 1.0, 2.0, 2.5, 2.5, 6.5]","[0.0, 0.0, 0.0, 0.0, 0.0, 0.0, 1.0, 2.0, 2.4494898, 6.0]","[2.5, 4.0]","[0.0, 0.0]","[-3.5, -1.0]",[2.5],[0.0],[-3.5],[5.0],[5.0],[2.0],[5.0],[5.0],[2.0],0,1,0,0,0.0,0.0,1
88257,6,3,1,"[0.5, 1.5, 2.0, 2.0, 2.0, 2.5, 2.5, 4.5, 5.5, 8.0]","[0.0, 0.0, 0.0, 0.0, 1.7320508, 1.7320508, 2.0, 4.2426405, 5.477226, 7.937254]","[1.0, 2.5, 3.0, 4.0, 4.5, 5.0]","[0.0, 0.0, 2.0, 2.828427, 3.7416575, 4.8989797]","[-3.0, -2.5, -2.5, -2.5, -1.5, -1.5]","[1.0, 3.0, 4.5]","[0.0, 2.828427, 3.7416575]","[-3.0, -2.5, -1.5]","[1.0, 3.0, 4.5]","[0.0, 2.828427, 3.7416575]","[-3.0, -1.5, 1.5]",[3.0],[2.828427],[1.5],2,1,0,1,0.0,2.0,0
946,3,2,2,"[0.0, 0.0, 0.5, 2.0, 2.0, 3.0, 3.0, 4.5, 5.5, 6.0]","[0.0, 0.0, 0.0, 0.0, 1.7320508, 1.7320508, 2.236068, 3.0, 4.8989797, 5.91608]","[1.5, 3.0, 3.5]","[0.0, 1.4142135, 3.1622777]","[-5.0, -3.5, -1.5]","[1.5, 3.5]","[1.4142135, 3.1622777]","[-5.0, -3.5]","[3.0, 6.5]","[2.828427, 6.0]","[1.5, 2.5]","[3.0, 6.5]","[2.828427, 6.0]","[1.5, 2.5]",0,2,0,0,0.0,0.0,1
42886,4,2,1,"[0.5, 0.5, 1.0, 1.0, 2.0, 3.0, 3.5, 3.5, 5.5, 6.5]","[0.0, 0.0, 0.0, 0.0, 2.0, 3.0, 3.4641016, 3.4641016, 4.8989797, 6.4807405]","[1.5, 2.5, 3.0, 4.0]","[0.0, 1.4142135, 2.828427, 3.8729835]","[-3.0, -2.0, -1.5, -1.5]","[1.5, 3.0]","[1.4142135, 2.828427]","[-3.0, -1.5]","[1.5, 2.0]","[0.0, 1.4142135]","[-3.0, -1.5]",[4.0],[3.4641016],[2.5],1,0,1,0,1.0,0.0,0
554,7,3,1,"[0.5, 1.0, 1.0, 1.5, 1.5, 3.0, 3.5, 3.5, 5.0, 7.0]","[0.0, 0.0, 0.0, 0.0, 1.4142135, 1.4142135, 2.828427, 3.4641016, 5.0, 6.708204]","[1.5, 2.5, 2.5, 3.0, 3.0, 4.0, 4.5]","[1.4142135, 2.0, 2.236068, 2.4494898, 2.828427, 3.0, 3.4641016]","[-4.5, -3.5, -3.0, -2.5, -2.5, -2.0, -1.0]","[1.5, 2.5, 3.0]","[1.4142135, 2.4494898, 3.0]","[-4.5, -3.0, -2.0]","[1.5, 2.5, 4.0]","[1.4142135, 2.4494898, 3.4641016]","[-4.5, -2.0, 1.5]",[4.0],[3.4641016],[1.5],2,1,0,1,0.0,2.0,1
283,1,1,1,"[0.5, 0.5, 0.5, 1.5, 2.0, 2.0, 2.0, 2.5, 3.5, 5.0]","[0.0, 0.0, 0.0, 0.0, 0.0, 0.0, 0.0, 0.0, 2.4494898, 4.582576]",[2.0],[1.7320508],[-1.5],[2.0],[1.7320508],[-1.5],[2.0],[1.7320508],[2.0],[2.0],[1.7320508],[2.0],0,1,0,0,0.0,0.0,1
312,3,1,1,"[0.0, 0.0, 0.5, 1.0, 1.5, 1.5, 2.5, 3.0, 4.5, 7.0]","[0.0, 0.0, 0.0, 0.0, 0.0, 1.4142135, 1.4142135, 2.0, 2.828427, 6.708204]","[1.0, 1.5, 2.5]","[0.0, 0.0, 2.0]","[-2.0, -1.5, -1.0]",[1.0],[0.0],[-2.0],[3.5],[3.1622777],[-1.0],[3.5],[3.1622777],[-1.0],0,1,0,0,0.0,0.0,1
81668,4,2,2,"[0.0, 0.5, 1.0, 1.0, 1.0, 1.0, 2.0, 3.0, 6.0, 7.5]","[0.0, 0.0, 0.0, 0.0, 0.0, 1.0, 1.0, 1.7320508, 5.196152, 7.3484693]","[1.5, 2.5, 4.5, 4.5]","[0.0, 0.0, 2.828427, 4.472136]","[-4.5, -4.0, -3.5, -3.0]","[1.5, 2.5]","[0.0, 0.0]","[-4.0, -3.5]","[4.0, 5.5]","[0.0, 4.2426405]","[0.5, 4.0]","[4.0, 5.5]","[0.0, 4.2426405]","[0.5, 4.0]",0,2,0,0,0.0,0.0,0
58182,5,3,1,"[0.0, 0.5, 0.5, 1.0, 1.5, 3.5, 3.5, 4.0, 6.5, 9.0]","[0.0, 0.0, 0.0, 0.0, 1.4142135, 2.4494898, 3.1622777, 3.4641016, 6.3245554, 9.0]","[1.0, 1.5, 3.0, 4.0, 7.0]","[0.0, 0.0, 1.4142135, 3.4641016, 7.0]","[-5.5, -4.5, -3.5, -2.0, -1.5]","[1.5, 3.0, 4.0]","[0.0, 1.4142135, 3.4641016]","[-5.5, -3.5, -2.0]","[1.0, 6.0, 7.0]","[0.0, 5.656854, 7.0]","[-4.5, -1.5, 3.5]",[7.0],[7.0],[6.0],2,0,1,0,2.0,0.0,0
596,1,1,1,"[0.5, 1.0, 1.0, 1.5, 2.0, 2.0, 2.0, 2.5, 2.5, 5.0]","[0.0, 0.0, 0.0, 0.0, 0.0, 0.0, 1.4142135, 2.0, 2.0, 3.0]",[2.0],[1.7320508],[-5.0],[2.0],[1.7320508],[-5.0],[4.5],[4.472136],[4.0],[4.5],[4.472136],[4.0],0,1,0,0,0.0,0.0,1
204,10,4,3,"[0.5, 1.0, 1.5, 2.5, 3.0, 3.0, 3.5, 5.0, 7.0, 8.0]","[0.0, 0.0, 1.4142135, 2.0, 3.0, 3.0, 3.1622777, 4.0, 6.708204, 7.937254]","[0.0, 0.0, 1.0, 1.5, 1.5, 1.5, 1.5, 2.5, 3.0, 6.5]","[0.0, 0.0, 0.0, 0.0, 1.0, 1.4142135, 1.4142135, 2.0, 3.0, 6.4807405]","[-7.0, -6.5, -6.0, -4.5, -3.5, -2.5, -2.0, -2.0, -1.5, -1.5]","[0.0, 0.0, 1.0, 1.5]","[0.0, 0.0, 0.0, 1.0]","[-6.5, -4.5, -2.0, -1.5]","[1.5, 5.0, 5.0, 5.5]","[1.4142135, 4.8989797, 5.0, 5.2915025]","[-2.5, 0.5, 1.0, 2.0]","[5.0, 5.5, 8.5]","[5.0, 5.2915025, 8.485281]","[0.5, 1.0, 4.5]",1,2,1,0,1.0,0.0,1
22186,2,2,1,"[0.5, 0.5, 0.5, 2.0, 2.0, 2.0, 2.0, 2.5, 3.0, 7.0]","[0.0, 0.0, 0.0, 0.0, 0.0, 1.7320508, 2.0, 2.0, 2.236068, 6.708204]","[2.5, 4.5]","[2.0, 3.7416575]","[-2.0, -2.0]","[2.5, 4.5]","[2.0, 3.7416575]","[-2.0, -2.0]","[3.5, 6.0]","[3.4641016, 5.196152]","[-1.5, 3.5]",[4.5],[4.2426405],[4.0],1,0,1,0,1.0,0.0,0
92248,3,2,1,"[0.0, 0.5, 0.5, 1.5, 1.5, 2.0, 2.5, 3.0, 5.5, 5.5]","[0.0, 0.0, 0.0, 0.0, 1.4142135, 1.4142135, 1.7320508, 2.0, 5.2915025, 5.2915025]","[0.5, 1.0, 3.5]","[0.0, 0.0, 2.4494898]","[-2.0, -2.0, -1.0]","[0.5, 3.5]","[0.0, 2.4494898]","[-2.0, -1.0]","[1.0, 3.0]","[0.0, 2.236068]","[-1.5, -0.5]",[9.0],[9.0],[8.5],1,0,1,0,1.0,0.0,0
869,2,1,1,"[0.0, 0.0, 0.5, 0.5, 1.0, 1.5, 2.5, 2.5, 3.5, 5.0]","[0.0, 0.0, 0.0, 0.0, 0.0, 0.0, 0.0, 1.4142135, 3.4641016, 4.0]","[2.0, 3.0]","[2.0, 2.236068]","[-3.5, -2.0]",[2.0],[2.0],[-3.5],[4.0],[3.8729835],[1.0],[4.0],[3.8729835],[1.0],0,1,0,0,0.0,0.0,1
70,2,2,2,"[0.5, 0.5, 0.5, 0.5, 1.0, 1.5, 2.5, 3.0, 4.5, 4.5]","[0.0, 0.0, 0.0, 0.0, 1.0, 1.4142135, 2.0, 2.236068, 2.828427, 4.2426405]","[1.0, 4.0]","[0.0, 3.4641016]","[-3.0, -2.0]","[1.0, 4.0]","[0.0, 3.4641016]","[-3.0, -2.0]","[5.0, 6.5]","[4.0, 6.4807405]","[4.5, 4.5]","[5.0, 6.5]","[4.0, 6.4807405]","[4.5, 4.5]",0,2,0,0,0.0,0.0,1
442,6,3,1,"[0.5, 2.0, 2.0, 2.5, 2.5, 2.5, 3.0, 3.5, 4.0, 6.5]","[0.0, 0.0, 1.7320508, 2.0, 2.0, 2.4494898, 2.4494898, 2.828427, 4.0, 6.4807405]","[1.0, 1.0, 2.5, 2.5, 3.0, 3.5]","[0.0, 0.0, 1.0, 2.0, 2.236068, 2.4494898]","[-4.0, -3.5, -3.0, -2.0, -1.5, -1.0]","[1.0, 1.0, 2.5]","[0.0, 1.0, 2.0]","[-4.0, -3.0, -2.0]","[1.0, 1.0, 4.5]","[0.0, 1.0, 3.7416575]","[-4.0, -3.0, 3.0]",[4.5],[3.7416575],[3.0],2,1,0,1,0.0,2.0,1
5663,5,2,1,"[0.5, 1.0, 1.0, 1.5, 2.5, 3.0, 3.5, 3.5, 4.0, 8.0]","[0.0, 0.0, 0.0, 0.0, 1.0, 2.0, 2.6457512, 3.1622777, 3.4641016, 7.937254]","[3.0, 3.5, 4.0, 4.0, 4.0]","[0.0, 2.828427, 3.1622777, 3.4641016, 3.4641016]","[-3.5, -3.0, -2.0, -1.5, -1.5]","[4.0, 4.0]","[3.4641016, 3.4641016]","[-3.5, -1.5]","[3.5, 4.5]","[3.4641016, 4.472136]","[-1.5, 1.0]",[4.0],[3.8729835],[3.5],1,0,1,0,1.0,0.0,0
619,27,6,2,"[0.0, 2.0, 3.5, 4.0, 5.5, 6.0, 6.0, 6.0, 8.5, 9.0]","[0.0, 0.0, 0.0, 3.8729835, 5.196152, 5.196152, 5.2915025, 5.656854, 8.485281, 9.0]","[0.5, 1.0, 1.0, 1.0, 1.0, 1.0, 1.5, 2.0, 2.5, 2.5, 2.5, 3.0, 3.0, 3.0, 3.0, 3.5, 3.5, 4.0, 4.0, 4.0, 4.0, 4.0, 4.5, 4.5, 5.0, 5.5, 5.5]","[0.0, 0.0, 0.0, 0.0, 0.0, 0.0, 0.0, 0.0, 0.0, 0.0, 1.0, 1.4142135, 2.0, 2.0, 2.236068, 2.4494898, 2.4494898, 2.6457512, 2.6457512, 3.0, 3.4641016, 3.7416575, 3.8729835, 4.472136, 4.582576, 4.8989797, 5.477226]","[-7.5, -7.0, -6.5, -6.0, -6.0, -6.0, -5.5, -5.5, -5.0, -5.0, -5.0, -5.0, -5.0, -5.0, -4.5, -4.5, -4.5, -4.5, -4.5, -4.0, -3.5, -3.0, -2.5, -2.0, -2.0, -2.0, -1.0]","[1.0, 1.0, 1.0, 2.5, 3.0, 3.0]","[0.0, 0.0, 0.0, 0.0, 0.0, 2.236068]","[-7.0, -6.0, -6.0, -5.0, -3.5, -2.0]","[3.0, 3.5, 4.0, 5.0, 5.0, 5.0]","[0.0, 0.0, 3.0, 3.4641016, 4.8989797, 4.8989797]","[-5.0, -4.0, -1.5, 0.5, 1.5, 2.5]","[5.5, 7.0]","[4.8989797, 6.928203]","[1.0, 4.0]",4,0,2,0,2.0,0.0,1
18622,3,2,2,"[0.5, 0.5, 0.5, 1.0, 1.0, 2.5, 2.5, 3.5, 4.0, 5.5]","[0.0, 0.0, 0.0, 0.0, 0.0, 0.0, 0.0, 2.0, 3.8729835, 4.8989797]","[2.0, 2.0, 3.5]","[0.0, 0.0, 1.7320508]","[-3.0, -2.5, -1.0]","[2.0, 2.0]","[0.0, 1.7320508]","[-2.5, -1.0]","[4.5, 4.5]","[4.2426405, 4.472136]","[3.0, 4.0]","[4.5, 4.5]","[4.2426405, 4.472136]","[3.0, 4.0]",0,2,0,0,0.0,0.0,0
6790,8,2,2,"[0.5, 1.0, 2.0, 2.5, 3.0, 3.0, 4.0, 4.0, 6.0, 7.5]","[0.0, 0.0, 2.0, 2.0, 2.236068, 2.6457512, 2.828427, 3.8729835, 5.196152, 7.483315]","[2.0, 2.0, 2.5, 3.0, 3.5, 4.0, 4.5, 4.5]","[0.0, 0.0, 1.7320508, 2.4494898, 2.4494898, 2.828427, 3.4641016, 3.7416575]","[-6.0, -4.0, -4.0, -3.0, -2.5, -2.5, -2.5, -2.0]","[2.5, 3.5]","[2.4494898, 2.4494898]","[-4.0, -2.5]","[2.5, 3.5]","[0.0, 3.1622777]","[-1.0, 0.0]","[2.5, 3.5]","[0.0, 3.1622777]","[-1.0, 0.0]",0,2,0,0,0.0,0.0,0
924,36,6,4,"[1.5, 4.0, 4.5, 4.5, 6.0, 6.5, 7.0, 7.5, 8.0, 8.0]","[0.0, 2.6457512, 4.2426405, 4.472136, 5.91608, 6.4807405, 7.0, 7.483315, 7.937254, 8.0]","[0.5, 1.0, 1.0, 1.0, 1.5, 1.5, 1.5, 1.5, 2.0, 2.0, 2.0, 2.0, 2.5, 2.5, 2.5, 2.5, 3.0, 3.0, 3.0, 3.0, 3.0, 3.5, 3.5, 3.5, 4.0, 4.0, 4.0, 4.0, 4.0, 4.5, 4.5, 5.0, 5.0, 5.0, 5.0, 7.5]","[0.0, 0.0, 0.0, 0.0, 0.0, 0.0, 0.0, 0.0, 1.0, 1.4142135, 1.4142135, 1.4142135, 1.7320508, 2.0, 2.0, 2.0, 2.0, 2.236068, 2.828427, 2.828427, 2.828427, 3.0, 3.4641016, 3.4641016, 3.4641016, 3.8729835, 3.8729835, 4.0, 4.0, 4.2426405, 4.2426405, 4.8989797, 4.8989797, 4.8989797, 5.0, 7.483315]","[-7.0, -6.5, -6.0, -6.0, -6.0, -5.5, -5.0, -5.0, -5.0, -5.0, -5.0, -5.0, -5.0, -4.5, -4.0, -4.0, -4.0, -4.0, -4.0, -3.5, -3.5, -3.5, -3.5, -3.0, -3.0, -2.5, -2.5, -2.5, -2.0, -2.0, -2.0, -2.0, -2.0, -1.5, -1.0, -1.0]","[0.5, 1.0, 1.0, 1.5, 2.0, 3.0]","[0.0, 0.0, 1.0, 1.4142135, 2.0, 2.828427]","[-6.5, -6.0, -5.0, -4.5, -4.0, -3.5]","[1.0, 2.0, 3.0, 4.0, 5.0, 6.0]","[0.0, 1.0, 2.0, 2.236068, 4.582576, 5.196152]","[-6.0, -5.0, -3.0, -2.0, 1.0, 3.0]","[3.0, 4.0, 5.0, 6.0]","[0.0, 2.236068, 4.582576, 5.196152]","[-3.0, -2.0, 1.0, 3.0]",2,4,0,1,0.0,2.0,1
429,3,1,1,"[1.0, 1.0, 1.0, 2.0, 2.0, 2.5, 3.0, 3.5, 4.0, 7.0]","[0.0, 0.0, 0.0, 1.0, 1.7320508, 2.4494898, 2.4494898, 2.828427, 3.4641016, 6.708204]","[2.5, 3.0, 5.0]","[0.0, 3.0, 4.0]","[-5.0, -4.5, -1.0]",[2.5],[0.0],[-5.0],[2.0],[2.0],[-1.0],[2.0],[2.0],[-1.0],0,1,0,0,0.0,0.0,1
63,2,1,1,"[0.5, 0.5, 0.5, 1.0, 1.5, 2.0, 3.0, 3.0, 3.5, 7.5]","[0.0, 0.0, 0.0, 0.0, 0.0, 1.4142135, 1.7320508, 2.4494898, 2.828427, 7.483315]","[2.5, 5.0]","[2.4494898, 4.582576]","[-2.5, -2.0]",[2.5],[2.4494898],[-2.5],[4.0],[0.0],[2.5],[4.0],[0.0],[2.5],0,1,0,0,0.0,0.0,1
40896,2,2,2,"[0.0, 0.0, 1.0, 1.0, 1.0, 1.5, 3.0, 3.5, 4.5, 5.5]","[0.0, 0.0, 0.0, 0.0, 1.0, 1.0, 1.4142135, 2.4494898, 2.828427, 4.8989797]","[3.5, 4.5]","[3.4641016, 3.7416575]","[-3.0, -2.5]","[3.5, 4.5]","[3.4641016, 3.7416575]","[-3.0, -2.5]","[3.5, 7.0]","[0.0, 6.928203]","[1.5, 6.0]","[3.5, 7.0]","[0.0, 6.928203]","[1.5, 6.0]",0,2,0,0,0.0,0.0,0
24956,3,1,1,"[0.5, 0.5, 0.5, 1.5, 1.5, 2.0, 2.5, 3.5, 5.0, 6.5]","[0.0, 0.0, 0.0, 1.4142135, 1.4142135, 1.7320508, 2.4494898, 2.4494898, 5.0, 6.0]","[3.0, 4.0, 6.0]","[0.0, 2.236068, 5.91608]","[-2.5, -1.5, -1.5]",[3.0],[2.236068],[-2.5],[5.5],[4.8989797],[3.0],[5.5],[4.8989797],[3.0],0,1,0,0,0.0,0.0,0
34978,2,1,1,"[0.0, 0.0, 0.5, 0.5, 1.0, 1.5, 2.0, 4.5, 5.0, 6.0]","[0.0, 0.0, 0.0, 0.0, 0.0, 0.0, 0.0, 3.7416575, 4.582576, 6.0]","[1.5, 3.0]","[0.0, 0.0]","[-3.5, -3.0]",[1.5],[0.0],[-3.0],[3.0],[2.236068],[2.0],[3.0],[2.236068],[2.0],0,1,0,0,0.0,0.0,0
844,1,1,1,"[0.0, 0.5, 0.5, 1.5, 2.0, 2.5, 3.0, 3.5, 4.5, 5.0]","[0.0, 0.0, 0.0, 0.0, 0.0, 0.0, 2.236068, 2.4494898, 4.2426405, 4.8989797]",[3.0],[2.236068],[-2.0],[3.0],[2.236068],[-2.0],[3.0],[2.828427],[3.0],[3.0],[2.828427],[3.0],0,1,0,0,0.0,0.0,1
37834,2,2,1,"[0.0, 0.5, 0.5, 1.0, 1.0, 1.5, 1.5, 2.5, 3.5, 6.5]","[0.0, 0.0, 0.0, 0.0, 0.0, 0.0, 1.0, 2.0, 2.4494898, 6.4807405]","[2.0, 2.5]","[0.0, 0.0]","[-2.0, -1.0]","[2.0, 2.5]","[0.0, 0.0]","[-2.0, -1.0]","[2.5, 6.0]","[2.4494898, 5.196152]","[-1.0, 2.5]",[5.0],[5.0],[4.5],1,0,1,0,1.0,0.0,0
807,3,2,2,"[0.0, 0.0, 2.0, 2.0, 2.5, 3.5, 3.5, 4.0, 4.5, 5.5]","[0.0, 0.0, 0.0, 0.0, 2.0, 2.0, 2.4494898, 3.7416575, 4.0, 4.8989797]","[1.0, 1.5, 3.0]","[0.0, 0.0, 2.236068]","[-2.0, -2.0, -1.0]","[1.0, 3.0]","[0.0, 2.236068]","[-2.0, -2.0]","[3.5, 4.0]","[2.4494898, 3.8729835]","[-1.5, -0.5]","[3.5, 4.0]","[2.4494898, 3.8729835]","[-1.5, -0.5]",0,2,0,0,0.0,0.0,1
90615,2,2,1,"[0.5, 0.5, 1.0, 1.0, 1.5, 1.5, 2.0, 3.0, 3.5, 6.0]","[0.0, 0.0, 0.0, 0.0, 0.0, 1.0, 1.0, 1.4142135, 2.236068, 5.91608]","[2.5, 4.0]","[2.0, 3.8729835]","[-3.0, -2.0]","[2.5, 4.0]","[2.0, 3.8729835]","[-3.0, -2.0]","[2.5, 5.0]","[2.0, 4.8989797]","[0.0, 1.5]",[8.0],[8.0],[8.0],1,0,1,0,1.0,0.0,0
895,6,2,1,"[0.0, 1.0, 1.0, 1.5, 3.0, 4.0, 4.0, 5.0, 5.5, 6.5]","[0.0, 0.0, 0.0, 0.0, 1.0, 3.0, 3.8729835, 4.582576, 4.8989797, 6.0]","[0.5, 1.0, 1.5, 3.5, 4.0, 6.0]","[0.0, 0.0, 1.4142135, 2.4494898, 2.6457512, 6.0]","[-7.5, -3.5, -3.5, -2.5, -2.5, -2.0]","[0.5, 1.5]","[0.0, 1.4142135]","[-7.5, -2.5]","[3.5, 7.0]","[2.4494898, 6.708204]","[-2.0, 5.5]",[5.5],[4.2426405],[4.0],1,0,1,0,1.0,0.0,1
349,24,6,2,"[1.5, 2.5, 3.0, 3.5, 4.0, 5.0, 5.5, 5.5, 7.0, 8.0]","[1.4142135, 2.0, 2.4494898, 2.6457512, 2.828427, 3.0, 4.2426405, 5.2915025, 7.0, 7.937254]","[0.0, 0.0, 0.5, 1.5, 1.5, 1.5, 1.5, 1.5, 2.0, 2.0, 2.5, 3.0, 3.0, 3.0, 3.0, 3.0, 3.5, 3.5, 4.0, 4.0, 4.5, 5.0, 5.5, 6.0]","[0.0, 0.0, 0.0, 0.0, 0.0, 0.0, 0.0, 0.0, 0.0, 0.0, 0.0, 1.4142135, 1.7320508, 1.7320508, 2.236068, 2.236068, 2.236068, 3.0, 3.1622777, 3.4641016, 3.7416575, 4.582576, 5.477226, 6.0]","[-8.0, -6.5, -5.0, -5.0, -5.0, -5.0, -4.0, -4.0, -4.0, -4.0, -4.0, -3.5, -3.5, -3.0, -3.0, -3.0, -2.5, -2.5, -2.0, -2.0, -2.0, -1.5, -1.5, -1.0]","[0.0, 0.0, 0.5, 1.5, 2.0, 2.0]","[0.0, 0.0, 0.0, 0.0, 1.7320508, 1.7320508]","[-8.0, -5.0, -5.0, -3.0, -2.5, -2.0]","[3.0, 4.0, 5.5, 6.5, 7.5, 8.5]","[2.236068, 2.6457512, 4.2426405, 6.0, 7.483315, 8.485281]","[-5.0, 0.0, 0.5, 1.0, 2.0, 4.5]","[4.0, 7.0]","[2.6457512, 6.928203]","[0.5, 0.5]",4,1,1,0,4.0,0.0,1
633,5,3,3,"[0.5, 1.0, 1.5, 1.5, 2.0, 2.5, 4.0, 4.0, 4.5, 7.0]","[0.0, 0.0, 0.0, 1.0, 1.4142135, 1.4142135, 1.7320508, 2.828427, 4.0, 6.928203]","[1.0, 1.5, 2.0, 3.0, 4.0]","[0.0, 0.0, 0.0, 1.7320508, 2.6457512]","[-6.0, -4.0, -4.0, -1.5, -1.0]","[1.5, 3.0, 4.0]","[0.0, 0.0, 2.6457512]","[-4.0, -1.5, -1.0]","[3.0, 3.5, 5.0]","[0.0, 2.4494898, 4.8989797]","[-0.5, 0.5, 4.5]","[3.0, 3.5, 5.0]","[0.0, 2.4494898, 4.8989797]","[-0.5, 0.5, 4.5]",0,3,0,0,0.0,0.0,0
10404,3,1,1,"[0.0, 0.0, 2.0, 2.0, 2.0, 2.5, 3.0, 3.5, 3.5, 4.5]","[0.0, 0.0, 0.0, 0.0, 1.7320508, 1.7320508, 2.828427, 3.0, 3.1622777, 3.4641016]","[1.0, 1.0, 2.5]","[0.0, 1.0, 2.4494898]","[-5.0, -4.5, -4.0]",[1.0],[1.0],[-4.5],[3.5],[3.1622777],[1.5],[3.5],[3.1622777],[1.5],0,1,0,0,0.0,0.0,0
9730,3,2,2,"[0.0, 0.5, 0.5, 1.5, 1.5, 1.5, 3.0, 3.5, 6.5, 7.5]","[0.0, 0.0, 0.0, 0.0, 0.0, 0.0, 1.4142135, 2.4494898, 6.3245554, 7.3484693]","[1.5, 2.5, 7.0]","[0.0, 2.4494898, 6.928203]","[-3.0, -2.0, -1.5]","[1.5, 2.5]","[0.0, 2.4494898]","[-3.0, -2.0]","[1.0, 3.0]","[0.0, 2.828427]","[-1.5, -1.5]","[1.0, 3.0]","[0.0, 2.828427]","[-1.5, -1.5]",0,2,0,0,0.0,0.0,0
908,6,1,1,"[0.0, 1.0, 1.0, 2.0, 3.0, 3.0, 3.5, 4.5, 5.5, 6.5]","[0.0, 0.0, 0.0, 1.0, 2.0, 2.236068, 2.828427, 3.7416575, 5.477226, 6.4807405]","[2.0, 2.0, 2.5, 4.5, 4.5, 6.0]","[0.0, 0.0, 2.0, 4.2426405, 4.472136, 6.0]","[-4.5, -4.0, -2.5, -2.0, -1.5, -1.0]",[2.0],[0.0],[-4.5],[3.5],[0.0],[0.0],[3.5],[0.0],[0.0],0,1,0,0,0.0,0.0,1
133,2,2,2,"[0.0, 0.0, 0.5, 0.5, 1.0, 3.0, 3.5, 3.5, 3.5, 4.5]","[0.0, 0.0, 0.0, 0.0, 0.0, 2.4494898, 2.828427, 3.1622777, 3.4641016, 3.7416575]","[2.5, 4.5]","[2.4494898, 4.472136]","[-2.0, -2.0]","[2.5, 4.5]","[2.4494898, 4.472136]","[-2.0, -2.0]","[6.0, 7.0]","[5.91608, 7.0]","[4.0, 5.5]","[6.0, 7.0]","[5.91608, 7.0]","[4.0, 5.5]",0,2,0,0,0.0,0.0,1
3291,3,3,1,"[1.0, 1.0, 1.5, 1.5, 1.5, 2.0, 2.5, 3.5, 6.0, 6.0]","[0.0, 0.0, 0.0, 0.0, 1.4142135, 1.4142135, 1.4142135, 3.4641016, 5.656854, 6.0]","[2.0, 2.0, 2.5]","[1.7320508, 1.7320508, 2.0]","[-4.5, -3.0, -1.0]","[2.0, 2.0, 2.5]","[1.7320508, 1.7320508, 2.0]","[-4.5, -3.0, -1.0]","[2.0, 2.5, 6.5]","[1.7320508, 2.0, 6.3245554]","[-4.5, -3.0, 6.0]",[6.5],[6.3245554],[6.0],2,1,0,1,0.0,2.0,0
907,2,1,1,"[0.0, 0.0, 0.0, 0.5, 1.0, 2.5, 3.0, 4.0, 4.5, 5.0]","[0.0, 0.0, 0.0, 0.0, 0.0, 1.0, 2.0, 3.0, 3.4641016, 4.582576]","[3.5, 4.0]","[0.0, 2.4494898]","[-4.0, -3.0]",[3.5],[2.4494898],[-3.0],[4.0],[3.4641016],[3.5],[4.0],[3.4641016],[3.5],0,1,0,0,0.0,0.0,1
45205,5,2,2,"[0.5, 0.5, 1.5, 2.0, 2.5, 2.5, 3.0, 4.0, 4.5, 5.0]","[0.0, 0.0, 0.0, 0.0, 0.0, 0.0, 2.0, 3.0, 4.0, 4.472136]","[0.5, 1.0, 2.0, 2.5, 3.5]","[0.0, 0.0, 0.0, 1.7320508, 2.4494898]","[-4.0, -4.0, -3.5, -3.0, -2.0]","[0.5, 2.5]","[0.0, 2.4494898]","[-4.0, -3.0]","[3.5, 8.0]","[2.4494898, 7.937254]","[3.5, 5.5]","[3.5, 8.0]","[2.4494898, 7.937254]","[3.5, 5.5]",0,2,0,0,0.0,0.0,0
41298,8,3,1,"[0.5, 1.0, 1.5, 1.5, 2.0, 3.0, 3.0, 3.5, 5.5, 6.5]","[0.0, 0.0, 0.0, 0.0, 0.0, 0.0, 2.0, 2.828427, 5.2915025, 6.3245554]","[1.0, 1.5, 1.5, 2.0, 2.0, 3.5, 3.5, 3.5]","[0.0, 0.0, 1.0, 1.4142135, 1.7320508, 2.0, 3.1622777, 3.1622777]","[-3.5, -3.5, -3.5, -2.5, -2.5, -2.0, -2.0, -1.5]","[1.0, 1.5, 3.5]","[1.0, 1.4142135, 3.1622777]","[-3.5, -2.5, -2.0]","[4.5, 5.0, 7.0]","[3.0, 4.472136, 6.708204]","[0.0, 0.0, 4.0]",[7.0],[6.928203],[4.0],2,0,1,0,2.0,0.0,0
76462,2,1,1,"[0.0, 0.5, 1.0, 2.0, 2.0, 2.5, 2.5, 3.5, 4.0, 4.5]","[0.0, 0.0, 0.0, 0.0, 1.0, 1.7320508, 2.0, 2.0, 3.1622777, 3.7416575]","[1.5, 2.5]","[0.0, 0.0]","[-5.0, -2.0]",[1.5],[0.0],[-5.0],[6.5],[6.4807405],[5.5],[6.5],[6.4807405],[5.5],0,1,0,0,0.0,0.0,0
70407,3,1,1,"[0.5, 1.0, 1.0, 1.5, 2.0, 2.0, 2.5, 3.5, 4.0, 5.0]","[0.0, 0.0, 0.0, 0.0, 0.0, 1.0, 1.4142135, 1.7320508, 2.6457512, 3.0]","[2.5, 3.0, 3.0]","[0.0, 0.0, 2.4494898]","[-4.5, -3.0, -2.0]",[3.0],[0.0],[-3.0],[7.0],[6.708204],[6.5],[7.0],[6.708204],[6.5],0,1,0,0,0.0,0.0,0
41893,2,2,1,"[0.0, 0.5, 0.5, 1.5, 1.5, 1.5, 2.0, 2.0, 4.0, 7.0]","[0.0, 0.0, 0.0, 0.0, 0.0, 0.0, 1.4142135, 1.7320508, 3.8729835, 7.0]","[3.0, 3.0]","[0.0, 0.0]","[-1.0, -1.0]","[3.0, 3.0]","[0.0, 0.0]","[-1.0, -1.0]","[5.0, 6.0]","[4.8989797, 5.656854]","[0.0, 2.5]",[6.5],[6.0],[5.0],1,0,1,0,1.0,0.0,0
90307,5,2,2,"[0.5, 0.5, 0.5, 1.5, 2.0, 2.5, 2.5, 3.0, 3.5, 7.0]","[0.0, 0.0, 0.0, 0.0, 0.0, 0.0, 1.4142135, 2.828427, 3.1622777, 6.708204]","[1.5, 1.5, 2.0, 2.0, 2.5]","[0.0, 0.0, 0.0, 1.4142135, 1.7320508]","[-5.0, -4.0, -3.0, -3.0, -3.0]","[1.5, 2.0]","[1.4142135, 1.7320508]","[-5.0, -3.0]","[4.5, 5.0]","[3.0, 3.7416575]","[2.0, 5.0]","[4.5, 5.0]","[3.0, 3.7416575]","[2.0, 5.0]",0,2,0,0,0.0,0.0,0
92953,5,1,1,"[0.5, 1.0, 1.0, 1.5, 1.5, 1.5, 2.5, 4.5, 6.0, 6.0]","[0.0, 0.0, 0.0, 0.0, 0.0, 0.0, 1.0, 2.0, 5.196152, 5.656854]","[2.0, 2.0, 3.0, 3.5, 3.5]","[0.0, 1.7320508, 2.236068, 2.4494898, 2.4494898]","[-7.0, -5.5, -4.5, -2.5, -2.0]",[3.0],[2.236068],[-5.5],[5.0],[5.0],[1.5],[5.0],[5.0],[1.5],0,1,0,0,0.0,0.0,0
43371,7,3,2,"[1.0, 1.0, 1.0, 1.5, 2.5, 3.5, 3.5, 3.5, 5.0, 8.0]","[0.0, 0.0, 0.0, 1.0, 1.4142135, 2.0, 3.1622777, 3.4641016, 4.0, 7.937254]","[2.5, 2.5, 2.5, 3.0, 3.0, 3.0, 3.5]","[0.0, 0.0, 2.0, 2.0, 2.236068, 2.4494898, 2.4494898]","[-5.5, -4.5, -3.0, -3.0, -2.0, -2.0, -1.5]","[2.5, 2.5, 3.0]","[0.0, 2.0, 2.4494898]","[-4.5, -2.0, -2.0]","[2.5, 4.0, 4.0]","[0.0, 2.6457512, 2.6457512]","[-2.0, 0.5, 4.0]","[4.0, 5.5]","[2.6457512, 5.2915025]","[1.0, 4.0]",1,1,1,0,1.0,0.0,0
416,1,1,1,"[0.5, 0.5, 0.5, 1.0, 1.0, 1.5, 2.5, 2.5, 3.5, 4.0]","[0.0, 0.0, 0.0, 0.0, 1.0, 1.4142135, 2.0, 2.4494898, 2.4494898, 4.0]",[1.5],[0.0],[-1.0],[1.5],[0.0],[-1.0],[4.0],[3.4641016],[0.0],[4.0],[3.4641016],[0.0],0,1,0,0,0.0,0.0,1
522,3,2,2,"[0.0, 0.0, 1.0, 2.0, 2.0, 3.5, 3.5, 4.0, 4.5, 5.5]","[0.0, 0.0, 0.0, 0.0, 0.0, 0.0, 0.0, 3.1622777, 3.4641016, 5.477226]","[1.5, 1.5, 2.5]","[0.0, 1.4142135, 1.4142135]","[-5.5, -3.5, -2.0]","[1.5, 2.5]","[0.0, 1.4142135]","[-5.5, -3.5]","[2.5, 4.5]","[2.4494898, 4.472136]","[-0.5, 4.5]","[2.5, 4.5]","[2.4494898, 4.472136]","[-0.5, 4.5]",0,2,0,0,0.0,0.0,1
87493,4,3,2,"[0.0, 1.0, 1.5, 1.5, 1.5, 2.0, 2.0, 2.5, 3.5, 5.0]","[0.0, 0.0, 0.0, 0.0, 0.0, 1.4142135, 1.7320508, 2.0, 2.4494898, 5.0]","[1.0, 2.5, 2.5, 3.0]","[0.0, 2.0, 2.0, 2.828427]","[-3.0, -2.0, -1.5, -1.0]","[1.0, 2.5, 3.0]","[0.0, 2.0, 2.828427]","[-3.0, -2.0, -1.0]","[4.5, 7.0, 7.5]","[2.828427, 6.708204, 7.3484693]","[1.0, 5.0, 7.0]","[2.5, 7.0]","[0.0, 6.708204]","[1.5, 7.0]",1,1,1,0,1.0,0.0,0
61703,3,2,2,"[0.0, 0.5, 1.0, 2.0, 2.0, 2.5, 3.0, 4.0, 4.0, 4.0]","[0.0, 0.0, 0.0, 0.0, 0.0, 1.0, 1.7320508, 2.828427, 3.8729835, 4.0]","[1.0, 4.5, 5.0]","[0.0, 3.7416575, 4.8989797]","[-3.0, -1.5, -1.5]","[1.0, 4.5]","[0.0, 3.7416575]","[-3.0, -1.5]","[2.5, 7.5]","[2.0, 7.483315]","[0.5, 7.0]","[2.5, 7.5]","[2.0, 7.483315]","[0.5, 7.0]",0,2,0,0,0.0,0.0,0
66415,5,3,1,"[0.5, 0.5, 0.5, 1.0, 1.5, 2.5, 2.5, 3.0, 4.5, 5.0]","[0.0, 0.0, 0.0, 0.0, 0.0, 1.4142135, 2.0, 2.236068, 3.7416575, 4.0]","[0.5, 1.5, 3.0, 3.0, 6.0]","[0.0, 0.0, 0.0, 2.828427, 5.91608]","[-3.0, -2.5, -1.5, -1.5, -1.0]","[0.5, 1.5, 3.0]","[0.0, 0.0, 2.828427]","[-3.0, -2.5, -1.5]","[3.0, 6.0, 6.5]","[3.0, 5.91608, 6.0]","[-1.5, 1.5, 5.5]",[5.5],[5.2915025],[5.0],2,0,1,0,2.0,0.0,0
54751,2,1,1,"[0.5, 1.0, 1.0, 1.5, 2.5, 2.5, 3.0, 4.0, 4.5, 4.5]","[0.0, 0.0, 0.0, 0.0, 0.0, 1.0, 2.0, 2.4494898, 2.6457512, 4.2426405]","[2.0, 2.0]","[0.0, 1.7320508]","[-3.5, -2.0]",[2.0],[1.7320508],[-3.5],[7.0],[6.928203],[6.0],[7.0],[6.928203],[6.0],0,1,0,0,0.0,0.0,0
854,17,5,2,"[0.0, 0.5, 2.0, 3.5, 4.5, 5.0, 5.5, 5.5, 7.0, 7.5]","[0.0, 0.0, 0.0, 2.0, 3.1622777, 4.0, 4.2426405, 4.8989797, 6.708204, 7.3484693]","[0.0, 0.5, 0.5, 2.0, 2.0, 2.0, 2.5, 2.5, 2.5, 4.0, 4.0, 4.5, 4.5, 5.0, 6.5, 6.5, 7.0]","[0.0, 0.0, 0.0, 0.0, 0.0, 1.7320508, 2.0, 2.0, 2.0, 2.6457512, 3.4641016, 3.7416575, 3.7416575, 4.582576, 6.3245554, 6.4807405, 6.928203]","[-8.0, -6.5, -5.0, -4.5, -4.5, -4.0, -4.0, -3.5, -3.5, -3.0, -2.5, -2.5, -2.0, -2.0, -2.0, -1.5, -1.5]","[0.0, 0.5, 0.5, 2.0, 2.0]","[0.0, 0.0, 0.0, 0.0, 1.7320508]","[-8.0, -6.5, -5.0, -4.0, -3.5]","[2.5, 3.0, 3.0, 4.5, 7.0]","[2.236068, 2.4494898, 3.0, 3.7416575, 6.928203]","[-4.0, -2.5, -1.5, -0.5, 4.5]","[2.5, 4.0]","[0.0, 0.0]","[0.5, 2.0]",3,0,2,0,1.5,0.0,1
4285,1,1,1,"[0.5, 0.5, 0.5, 1.5, 1.5, 2.0, 2.0, 2.5, 3.5, 4.0]","[0.0, 0.0, 0.0, 0.0, 1.4142135, 1.4142135, 1.7320508, 1.7320508, 2.4494898, 3.4641016]",[1.0],[0.0],[-1.5],[1.0],[0.0],[-1.5],[5.5],[5.477226],[4.5],[5.5],[5.477226],[4.5],0,1,0,0,0.0,0.0,0
941,2,2,1,"[0.5, 0.5, 1.0, 1.0, 2.0, 2.5, 3.0, 3.5, 4.5, 5.0]","[0.0, 0.0, 0.0, 0.0, 0.0, 1.0, 1.7320508, 2.0, 3.0, 4.8989797]","[1.5, 2.0]","[0.0, 2.0]","[-3.0, -1.5]","[1.5, 2.0]","[0.0, 2.0]","[-3.0, -1.5]","[1.5, 4.0]","[0.0, 1.4142135]","[-1.0, -0.5]",[5.0],[4.0],[3.0],1,0,1,0,1.0,0.0,1
87032,4,2,1,"[0.5, 1.0, 1.5, 2.0, 2.0, 2.5, 3.0, 3.0, 4.0, 8.5]","[0.0, 0.0, 0.0, 0.0, 0.0, 0.0, 1.7320508, 3.0, 3.4641016, 8.485281]","[1.0, 1.5, 3.0, 4.5]","[0.0, 1.0, 2.828427, 2.828427]","[-6.0, -5.0, -4.0, -1.0]","[1.0, 4.5]","[1.0, 2.828427]","[-6.0, -1.0]","[0.5, 7.0]","[0.0, 6.708204]","[-4.0, 3.0]",[4.5],[4.472136],[4.5],1,0,1,0,1.0,0.0,0
49002,4,2,1,"[0.0, 0.5, 0.5, 1.0, 1.5, 1.5, 2.0, 2.5, 6.5, 7.5]","[0.0, 0.0, 0.0, 0.0, 1.0, 1.4142135, 1.7320508, 2.4494898, 6.0, 7.483315]","[2.0, 3.5, 3.5, 4.0]","[0.0, 0.0, 3.1622777, 3.4641016]","[-6.0, -2.5, -2.0, -2.0]","[2.0, 3.5]","[0.0, 3.1622777]","[-6.0, -2.0]","[3.5, 4.0]","[0.0, 3.4641016]","[-2.5, 0.5]",[9.0],[9.0],[7.0],1,0,1,0,1.0,0.0,0
86402,4,2,1,"[0.5, 1.0, 1.0, 1.5, 2.5, 2.5, 3.0, 3.0, 4.0, 8.5]","[0.0, 0.0, 1.0, 1.4142135, 2.0, 2.0, 2.236068, 2.828427, 3.8729835, 8.485281]","[0.5, 3.5, 3.5, 4.5]","[0.0, 0.0, 2.4494898, 2.828427]","[-4.5, -2.5, -1.5, -1.0]","[0.5, 3.5]","[0.0, 2.4494898]","[-4.5, -2.5]","[3.5, 6.0]","[3.1622777, 6.0]","[-1.0, 1.0]",[6.0],[5.196152],[5.0],1,0,1,0,1.0,0.0,0
84492,6,2,1,"[0.0, 0.0, 1.0, 1.0, 2.0, 2.0, 2.5, 3.0, 6.5, 9.0]","[0.0, 0.0, 0.0, 0.0, 0.0, 0.0, 1.0, 2.4494898, 6.0, 9.0]","[1.0, 2.0, 3.5, 3.5, 3.5, 5.5]","[0.0, 1.7320508, 2.4494898, 3.4641016, 3.4641016, 4.8989797]","[-5.5, -5.5, -5.5, -4.0, -3.0, -1.0]","[3.5, 3.5]","[2.4494898, 3.4641016]","[-5.5, -4.0]","[3.5, 5.5]","[3.4641016, 5.2915025]","[-3.0, 1.0]",[9.0],[9.0],[7.0],1,0,1,0,1.0,0.0,0
560,27,5,2,"[2.0, 3.5, 4.0, 4.0, 5.0, 5.5, 6.0, 6.5, 6.5, 7.5]","[0.0, 1.7320508, 3.0, 3.4641016, 3.4641016, 5.196152, 5.2915025, 6.3245554, 6.4807405, 7.483315]","[0.0, 0.5, 1.0, 1.0, 1.5, 1.5, 1.5, 2.0, 2.5, 2.5, 2.5, 3.0, 3.5, 3.5, 3.5, 4.0, 4.0, 4.0, 4.0, 4.5, 4.5, 5.0, 5.0, 5.5, 5.5, 6.5, 6.5]","[0.0, 0.0, 0.0, 0.0, 0.0, 0.0, 1.4142135, 1.4142135, 1.7320508, 2.4494898, 2.4494898, 2.4494898, 2.4494898, 2.6457512, 2.828427, 3.1622777, 3.7416575, 3.8729835, 3.8729835, 4.0, 4.2426405, 4.8989797, 4.8989797, 5.2915025, 5.477226, 6.3245554, 6.4807405]","[-6.5, -6.0, -5.5, -5.5, -4.5, -4.5, -4.5, -4.5, -4.5, -4.0, -3.5, -3.0, -3.0, -3.0, -3.0, -2.5, -2.5, -2.0, -2.0, -2.0, -2.0, -1.5, -1.5, -1.5, -1.0, -1.0, -1.0]","[0.0, 1.0, 1.0, 3.5, 4.0]","[0.0, 0.0, 0.0, 3.1622777, 3.8729835]","[-5.5, -4.5, -3.0, -2.5, -2.5]","[1.5, 1.5, 2.5, 3.0, 5.0]","[0.0, 0.0, 1.4142135, 2.4494898, 4.0]","[-6.5, -2.5, -2.0, -0.5, 0.0]","[4.5, 6.0]","[4.472136, 5.91608]","[0.5, 1.0]",3,0,2,0,1.5,0.0,1
800,1,1,1,"[0.0, 1.0, 1.0, 1.5, 1.5, 1.5, 2.0, 2.5, 3.5, 5.0]","[0.0, 0.0, 1.0, 1.4142135, 1.4142135, 1.4142135, 1.7320508, 2.0, 3.1622777, 4.0]",[2.0],[1.7320508],[-3.0],[2.0],[1.7320508],[-3.0],[5.5],[5.2915025],[2.0],[5.5],[5.2915025],[2.0],0,1,0,0,0.0,0.0,1
30760,5,3,1,"[0.5, 1.5, 1.5, 1.5, 1.5, 2.0, 3.0, 3.5, 4.0, 9.0]","[0.0, 0.0, 0.0, 1.4142135, 1.4142135, 1.7320508, 3.0, 3.1622777, 4.0, 9.0]","[1.5, 2.0, 2.5, 3.5, 3.5]","[0.0, 1.4142135, 1.7320508, 2.4494898, 2.4494898]","[-5.0, -4.0, -2.5, -1.5, -1.0]","[1.5, 2.5, 3.5]","[0.0, 1.4142135, 2.4494898]","[-5.0, -1.5, -1.0]","[4.5, 6.0, 7.5]","[2.828427, 5.656854, 7.3484693]","[-2.0, 0.5, 5.5]",[6.0],[5.91608],[5.0],2,0,1,0,2.0,0.0,0
928,3,1,1,"[0.5, 0.5, 0.5, 1.0, 1.0, 1.5, 3.0, 3.0, 4.0, 6.5]","[0.0, 0.0, 0.0, 0.0, 0.0, 0.0, 0.0, 1.4142135, 3.4641016, 6.3245554]","[1.5, 3.0, 3.5]","[0.0, 1.4142135, 2.236068]","[-4.0, -3.5, -1.5]",[1.5],[1.4142135],[-3.5],[5.5],[4.8989797],[3.0],[5.5],[4.8989797],[3.0],0,1,0,0,0.0,0.0,1
673,2,2,2,"[0.0, 0.5, 1.5, 2.0, 2.0, 2.5, 3.0, 3.5, 3.5, 4.0]","[0.0, 0.0, 0.0, 0.0, 0.0, 0.0, 1.7320508, 2.0, 2.828427, 3.1622777]","[3.0, 3.5]","[0.0, 0.0]","[-2.5, -2.0]","[3.0, 3.5]","[0.0, 0.0]","[-2.5, -2.0]","[4.0, 7.0]","[2.6457512, 6.708204]","[4.0, 6.5]","[4.0, 7.0]","[2.6457512, 6.708204]","[4.0, 6.5]",0,2,0,0,0.0,0.0,1
85766,3,2,1,"[0.5, 1.0, 1.5, 2.0, 2.0, 2.0, 2.5, 2.5, 4.0, 9.0]","[0.0, 0.0, 0.0, 0.0, 0.0, 1.4142135, 1.7320508, 2.4494898, 3.8729835, 9.0]","[1.0, 3.0, 3.5]","[1.0, 2.828427, 3.1622777]","[-5.5, -4.0, -3.0]","[1.0, 3.5]","[1.0, 3.1622777]","[-5.5, -3.0]","[4.0, 7.5]","[2.6457512, 7.3484693]","[-0.5, 3.0]",[6.0],[5.196152],[6.0],1,0,1,0,1.0,0.0,0
610,1,1,1,"[0.0, 0.5, 1.0, 1.5, 2.0, 2.0, 2.0, 3.0, 3.5, 4.0]","[0.0, 0.0, 0.0, 0.0, 0.0, 0.0, 2.0, 2.236068, 3.4641016, 3.8729835]",[2.5],[2.4494898],[-1.5],[2.5],[2.4494898],[-1.5],[2.5],[2.0],[1.0],[2.5],[2.0],[1.0],0,1,0,0,0.0,0.0,1
30631,5,2,2,"[0.0, 0.5, 0.5, 1.0, 1.0, 1.5, 2.5, 2.5, 5.0, 7.5]","[0.0, 0.0, 0.0, 0.0, 0.0, 1.0, 2.0, 2.4494898, 4.0, 7.483315]","[2.0, 2.5, 2.5, 3.5, 5.0]","[0.0, 0.0, 1.7320508, 2.4494898, 4.582576]","[-3.5, -2.5, -2.0, -2.0, -1.0]","[2.0, 2.5]","[0.0, 1.7320508]","[-3.5, -2.5]","[4.5, 7.0]","[4.472136, 6.928203]","[2.5, 3.5]","[4.5, 7.0]","[4.472136, 6.928203]","[2.5, 3.5]",0,2,0,0,0.0,0.0,0
99235,6,3,1,"[0.5, 1.0, 1.0, 1.5, 2.0, 4.0, 4.5, 4.5, 4.5, 6.0]","[0.0, 0.0, 0.0, 1.0, 1.4142135, 2.0, 4.0, 4.2426405, 4.2426405, 5.656854]","[1.5, 1.5, 1.5, 3.0, 4.0, 6.5]","[0.0, 0.0, 1.4142135, 2.828427, 3.4641016, 6.3245554]","[-7.0, -2.0, -2.0, -1.0, -1.0, -1.0]","[1.5, 1.5, 3.0]","[0.0, 1.4142135, 2.828427]","[-7.0, -2.0, -1.0]","[3.0, 4.5, 7.5]","[2.828427, 4.472136, 7.483315]","[-1.0, -1.0, 5.5]",[4.5],[4.472136],[3.5],2,0,1,0,2.0,0.0,0
9505,2,1,1,"[0.0, 0.0, 0.5, 0.5, 2.0, 2.0, 2.5, 3.0, 3.5, 4.5]","[0.0, 0.0, 0.0, 0.0, 0.0, 1.7320508, 2.0, 2.0, 3.0, 3.4641016]","[2.0, 4.5]","[1.7320508, 3.7416575]","[-3.5, -1.5]",[2.0],[1.7320508],[-3.5],[4.0],[2.6457512],[3.0],[4.0],[2.6457512],[3.0],0,1,0,0,0.0,0.0,0
788,2,1,1,"[0.5, 1.0, 1.0, 1.5, 1.5, 1.5, 2.0, 2.0, 5.0, 6.5]","[0.0, 1.0, 1.0, 1.4142135, 1.4142135, 1.4142135, 2.0, 2.0, 4.0, 6.3245554]","[2.0, 3.5]","[0.0, 2.4494898]","[-2.5, -1.5]",[2.0],[0.0],[-2.5],[1.5],[0.0],[-2.0],[1.5],[0.0],[-2.0],0,1,0,0,0.0,0.0,1
882,2,1,1,"[0.5, 1.0, 1.0, 1.5, 1.5, 2.0, 2.0, 4.5, 4.5, 5.5]","[0.0, 0.0, 0.0, 0.0, 1.4142135, 1.7320508, 2.0, 3.7416575, 4.2426405, 4.2426405]","[1.0, 3.0]","[0.0, 3.0]","[-4.5, -4.0]",[1.0],[0.0],[-4.0],[3.5],[0.0],[1.5],[3.5],[0.0],[1.5],0,1,0,0,0.0,0.0,1
508,5,3,2,"[0.5, 0.5, 0.5, 1.5, 2.5, 3.0, 3.5, 4.0, 5.5, 9.0]","[0.0, 0.0, 0.0, 0.0, 2.0, 2.236068, 2.4494898, 4.0, 5.477226, 9.0]","[1.0, 1.0, 3.0, 4.5, 5.5]","[0.0, 1.0, 2.828427, 3.7416575, 5.2915025]","[-5.5, -2.0, -2.0, -2.0, -1.5]","[1.0, 1.0, 4.5]","[0.0, 1.0, 3.7416575]","[-5.5, -2.0, -2.0]","[4.0, 4.5, 5.5]","[3.8729835, 4.472136, 4.8989797]","[-1.0, -1.0, 4.0]","[1.0, 4.5]","[0.0, 4.472136]","[-1.5, 4.0]",1,1,1,0,1.0,0.0,1
713,17,5,2,"[2.0, 2.0, 2.5, 3.0, 3.5, 4.0, 4.0, 5.5, 5.5, 7.0]","[0.0, 1.7320508, 1.7320508, 2.4494898, 2.828427, 3.4641016, 3.8729835, 4.2426405, 4.8989797, 6.708204]","[0.5, 1.0, 1.0, 1.0, 1.0, 1.5, 2.5, 2.5, 3.0, 3.0, 3.0, 3.5, 4.0, 4.0, 4.5, 4.5, 5.5]","[0.0, 0.0, 0.0, 0.0, 1.0, 1.0, 1.4142135, 2.0, 2.4494898, 2.6457512, 2.828427, 2.828427, 2.828427, 3.1622777, 3.7416575, 4.0, 5.477226]","[-5.0, -5.0, -5.0, -4.5, -4.5, -3.5, -3.5, -3.0, -3.0, -3.0, -2.5, -2.0, -2.0, -1.5, -1.5, -1.0, -1.0]","[0.5, 1.0, 1.0, 1.5, 3.5]","[0.0, 0.0, 1.0, 1.4142135, 3.1622777]","[-5.0, -4.5, -4.5, -3.5, -2.0]","[3.0, 4.5, 6.5, 7.0, 8.0]","[2.828427, 3.7416575, 6.4807405, 6.928203, 8.0]","[-3.0, -1.0, 3.0, 3.5, 5.5]","[0.5, 6.5]","[0.0, 6.4807405]","[-1.0, 3.5]",3,1,1,0,3.0,0.0,1
14357,7,4,2,"[0.0, 0.0, 0.5, 1.0, 2.5, 3.0, 3.5, 4.0, 4.5, 8.0]","[0.0, 0.0, 0.0, 0.0, 0.0, 2.0, 3.4641016, 3.7416575, 3.8729835, 7.937254]","[0.5, 2.0, 2.5, 3.5, 4.0, 5.5, 6.0]","[0.0, 1.7320508, 2.0, 2.4494898, 3.4641016, 5.477226, 5.656854]","[-4.0, -4.0, -2.0, -2.0, -1.5, -1.5, -1.5]","[0.5, 2.0, 2.5, 4.0]","[0.0, 1.7320508, 2.0, 3.4641016]","[-4.0, -4.0, -2.0, -2.0]","[2.0, 4.0, 5.0, 9.0]","[1.7320508, 3.0, 3.4641016, 9.0]","[-4.0, -2.0, 4.0, 7.5]","[5.0, 9.0]","[3.0, 9.0]","[4.0, 7.5]",2,2,0,1,0.0,2.0,0
639,3,2,1,"[0.5, 0.5, 1.0, 1.0, 2.0, 2.5, 3.0, 3.5, 4.0, 5.5]","[0.0, 0.0, 0.0, 0.0, 0.0, 1.7320508, 2.236068, 2.6457512, 3.1622777, 5.2915025]","[1.5, 2.0, 3.0]","[0.0, 0.0, 3.0]","[-2.5, -2.0, -1.5]","[1.5, 3.0]","[0.0, 3.0]","[-2.5, -1.5]","[4.5, 6.0]","[0.0, 5.196152]","[-1.0, 2.5]",[4.5],[4.472136],[1.0],1,0,1,0,1.0,0.0,1
6111,7,4,2,"[0.5, 0.5, 1.0, 1.5, 3.0, 3.0, 3.0, 4.0, 4.0, 5.5]","[0.0, 0.0, 0.0, 0.0, 1.4142135, 2.236068, 2.828427, 3.8729835, 4.0, 5.477226]","[1.0, 1.0, 1.5, 2.0, 3.0, 3.5, 4.0]","[0.0, 0.0, 0.0, 1.4142135, 2.828427, 3.1622777, 3.8729835]","[-3.5, -3.0, -2.0, -1.5, -1.5, -1.5, -1.0]","[1.0, 1.0, 3.5, 4.0]","[0.0, 0.0, 3.1622777, 3.8729835]","[-3.5, -2.0, -1.5, -1.0]","[4.5, 4.5, 5.0, 7.5]","[0.0, 4.0, 4.2426405, 7.483315]","[-0.5, 1.5, 2.5, 6.0]","[5.0, 5.5]","[4.0, 4.2426405]","[2.5, 5.5]",2,1,1,0,2.0,0.0,0
29288,8,4,1,"[0.0, 0.5, 1.5, 1.5, 2.0, 2.0, 3.0, 4.5, 8.5, 9.0]","[0.0, 0.0, 0.0, 0.0, 1.4142135, 2.0, 2.828427, 2.828427, 8.485281, 9.0]","[0.5, 1.0, 1.5, 2.5, 2.5, 2.5, 3.5, 4.5]","[0.0, 0.0, 0.0, 0.0, 1.4142135, 2.0, 3.4641016, 3.7416575]","[-7.5, -5.5, -5.0, -4.0, -4.0, -3.0, -2.5, -2.5]","[0.5, 1.0, 1.5, 2.5]","[0.0, 0.0, 0.0, 1.4142135]","[-7.5, -5.0, -4.0, -2.5]","[4.5, 4.5, 7.5, 8.0]","[3.7416575, 4.2426405, 7.483315, 7.937254]","[-4.0, 0.0, 2.5, 4.0]",[7.0],[7.0],[7.0],3,0,1,0,3.0,0.0,0
37389,3,1,1,"[0.5, 1.0, 1.0, 1.5, 2.0, 2.0, 2.5, 3.0, 3.0, 7.0]","[0.0, 0.0, 0.0, 0.0, 0.0, 0.0, 0.0, 0.0, 0.0, 6.708204]","[3.0, 4.0, 6.5]","[2.6457512, 2.828427, 6.3245554]","[-4.5, -3.0, -1.0]",[3.0],[2.828427],[-4.5],[4.0],[2.6457512],[1.5],[4.0],[2.6457512],[1.5],0,1,0,0,0.0,0.0,0
826,29,5,3,"[3.0, 4.0, 4.5, 4.5, 5.0, 5.0, 5.5, 6.0, 7.0, 7.5]","[2.236068, 2.828427, 3.7416575, 4.0, 4.8989797, 5.0, 5.477226, 5.91608, 6.928203, 7.3484693]","[0.0, 0.5, 0.5, 1.0, 1.5, 1.5, 1.5, 1.5, 2.0, 2.0, 2.0, 2.0, 2.5, 2.5, 2.5, 2.5, 2.5, 2.5, 3.0, 3.5, 3.5, 4.0, 4.0, 4.0, 4.5, 4.5, 5.0, 5.0, 5.0]","[0.0, 0.0, 0.0, 0.0, 0.0, 0.0, 0.0, 0.0, 0.0, 0.0, 1.4142135, 1.7320508, 1.7320508, 1.7320508, 2.236068, 2.4494898, 2.4494898, 2.4494898, 2.4494898, 2.4494898, 2.4494898, 2.6457512, 3.4641016, 4.0, 4.0, 4.472136, 4.472136, 4.8989797, 4.8989797]","[-7.5, -5.5, -5.5, -5.0, -5.0, -5.0, -4.5, -4.0, -4.0, -4.0, -4.0, -4.0, -4.0, -3.5, -3.0, -3.0, -3.0, -3.0, -3.0, -3.0, -2.5, -2.5, -2.5, -2.5, -2.5, -2.5, -1.5, -1.5, -1.0]","[0.0, 0.5, 1.5, 1.5, 2.5]","[0.0, 0.0, 0.0, 0.0, 2.4494898]","[-7.5, -5.5, -4.5, -4.0, -3.0]","[2.0, 6.0, 6.5, 7.0, 8.0]","[1.7320508, 5.656854, 6.4807405, 6.708204, 7.937254]","[-5.5, 2.0, 3.0, 3.5, 4.5]","[1.5, 2.0, 6.0]","[0.0, 1.7320508, 5.656854]","[-5.5, -1.5, 4.5]",2,2,1,0,2.0,0.0,1
1003,1,1,1,"[0.0, 0.0, 0.5, 0.5, 1.0, 1.0, 1.0, 1.5, 4.5, 7.0]","[0.0, 0.0, 0.0, 0.0, 0.0, 0.0, 0.0, 0.0, 0.0, 6.928203]",[3.0],[2.236068],[-2.0],[3.0],[2.236068],[-2.0],[4.5],[2.828427],[1.5],[4.5],[2.828427],[1.5],0,1,0,0,0.0,0.0,1
335,4,2,2,"[0.0, 0.5, 1.0, 1.5, 3.0, 3.0, 3.5, 4.0, 4.5, 7.0]","[0.0, 0.0, 1.0, 1.4142135, 2.236068, 2.236068, 2.6457512, 3.1622777, 4.472136, 6.928203]","[1.5, 2.0, 3.5, 3.5]","[0.0, 1.4142135, 1.7320508, 3.1622777]","[-3.5, -3.5, -3.0, -1.5]","[1.5, 2.0]","[1.4142135, 1.7320508]","[-3.5, -3.5]","[4.0, 5.5]","[0.0, 5.477226]","[1.0, 2.5]","[4.0, 5.5]","[0.0, 5.477226]","[1.0, 2.5]",0,2,0,0,0.0,0.0,1
278,18,5,2,"[0.0, 2.0, 2.5, 3.5, 3.5, 4.5, 4.5, 5.5, 7.0, 7.0]","[0.0, 0.0, 0.0, 0.0, 3.4641016, 3.7416575, 4.2426405, 4.472136, 6.708204, 6.708204]","[0.0, 0.0, 0.5, 0.5, 1.0, 1.0, 1.5, 1.5, 1.5, 2.5, 3.0, 3.5, 4.5, 4.5, 5.0, 5.0, 6.0, 6.5]","[0.0, 0.0, 0.0, 0.0, 0.0, 0.0, 0.0, 1.0, 1.4142135, 1.4142135, 2.4494898, 2.828427, 2.828427, 4.472136, 4.582576, 4.8989797, 5.91608, 6.3245554]","[-6.5, -6.5, -6.5, -5.5, -5.5, -4.0, -4.0, -3.5, -3.5, -3.0, -3.0, -2.5, -2.5, -2.5, -2.0, -2.0, -1.5, -1.5]","[0.0, 0.0, 0.5, 1.0, 1.5]","[0.0, 0.0, 0.0, 0.0, 1.0]","[-6.5, -6.5, -6.5, -3.5, -1.5]","[0.0, 1.5, 2.0, 5.5, 6.5]","[0.0, 0.0, 2.0, 4.8989797, 6.4807405]","[-6.5, -3.5, -0.5, 0.0, 4.5]","[2.0, 4.5]","[2.0, 3.7416575]","[-0.5, 2.5]",3,1,1,1,1.0,2.0,1
79459,3,3,1,"[0.0, 0.5, 0.5, 1.0, 1.5, 2.0, 3.0, 3.0, 3.0, 8.5]","[0.0, 0.0, 0.0, 0.0, 0.0, 0.0, 0.0, 2.236068, 2.236068, 8.485281]","[1.5, 2.0, 6.0]","[0.0, 0.0, 5.656854]","[-2.5, -1.5, -1.0]","[1.5, 2.0, 6.0]","[0.0, 0.0, 5.656854]","[-2.5, -1.5, -1.0]","[3.0, 3.0, 6.0]","[2.828427, 3.0, 5.656854]","[-1.5, -1.0, 2.5]",[6.0],[5.196152],[5.5],2,0,1,0,2.0,0.0,0
559,2,1,1,"[0.0, 0.5, 0.5, 2.0, 2.0, 2.0, 2.0, 2.5, 3.5, 5.5]","[0.0, 0.0, 0.0, 1.7320508, 1.7320508, 1.7320508, 2.0, 2.4494898, 3.1622777, 4.2426405]","[2.5, 4.0]","[2.0, 3.4641016]","[-3.0, -2.0]",[2.5],[2.0],[-3.0],[4.5],[2.828427],[1.0],[4.5],[2.828427],[1.0],0,1,0,0,0.0,0.0,1
91,6,2,2,"[0.0, 0.0, 0.5, 1.5, 1.5, 2.5, 3.0, 4.5, 5.0, 8.5]","[0.0, 0.0, 0.0, 0.0, 1.4142135, 1.4142135, 2.236068, 4.0, 4.472136, 8.485281]","[2.0, 2.0, 2.5, 4.0, 4.5, 5.5]","[0.0, 0.0, 2.4494898, 3.4641016, 4.2426405, 5.2915025]","[-4.5, -4.0, -2.5, -2.5, -2.0, -1.0]","[2.0, 2.5]","[0.0, 2.4494898]","[-4.5, -4.0]","[5.5, 6.0]","[4.8989797, 5.91608]","[1.0, 4.5]","[5.5, 6.0]","[4.8989797, 5.91608]","[1.0, 4.5]",0,2,0,0,0.0,0.0,1
99,1,1,1,"[0.0, 0.0, 1.0, 1.0, 1.5, 1.5, 1.5, 2.5, 2.5, 3.5]","[0.0, 0.0, 0.0, 0.0, 0.0, 1.4142135, 1.4142135, 2.0, 2.4494898, 3.1622777]",[1.0],[0.0],[-3.0],[1.0],[0.0],[-3.0],[5.5],[5.477226],[3.5],[5.5],[5.477226],[3.5],0,1,0,0,0.0,0.0,1
480,3,2,1,"[0.0, 0.5, 0.5, 1.0, 1.5, 1.5, 2.5, 5.0, 5.5, 8.0]","[0.0, 0.0, 0.0, 0.0, 0.0, 1.4142135, 1.4142135, 4.582576, 4.8989797, 7.937254]","[3.5, 3.5, 4.0]","[0.0, 3.4641016, 3.4641016]","[-3.5, -3.5, -2.5]","[3.5, 4.0]","[0.0, 3.4641016]","[-3.5, -2.5]","[3.5, 8.0]","[3.4641016, 8.0]","[-3.5, 2.0]",[7.5],[7.3484693],[2.5],1,0,1,0,1.0,0.0,1
69575,2,2,1,"[0.0, 0.0, 0.5, 1.0, 1.5, 1.5, 1.5, 2.5, 3.5, 8.5]","[0.0, 0.0, 0.0, 0.0, 0.0, 1.4142135, 1.4142135, 1.4142135, 2.4494898, 8.485281]","[2.5, 5.0]","[0.0, 4.8989797]","[-2.5, -1.5]","[2.5, 5.0]","[0.0, 4.8989797]","[-2.5, -1.5]","[3.0, 5.0]","[2.828427, 4.582576]","[-1.5, 1.0]",[7.5],[7.483315],[7.5],1,0,1,0,1.0,0.0,0
18578,4,2,2,"[0.0, 0.5, 1.0, 2.5, 3.5, 4.0, 4.0, 4.5, 4.5, 5.5]","[0.0, 0.0, 0.0, 0.0, 2.4494898, 3.1622777, 3.7416575, 3.8729835, 4.2426405, 5.477226]","[1.0, 2.0, 2.5, 3.0]","[1.0, 1.7320508, 2.0, 2.828427]","[-4.5, -4.0, -3.5, -3.0]","[1.0, 2.0]","[1.0, 1.7320508]","[-4.0, -3.0]","[6.0, 7.5]","[5.91608, 7.3484693]","[3.5, 4.5]","[6.0, 7.5]","[5.91608, 7.3484693]","[3.5, 4.5]",0,2,0,0,0.0,0.0,0
993,1,1,1,"[0.0, 0.5, 1.0, 1.0, 1.5, 1.5, 1.5, 2.5, 3.5, 6.0]","[0.0, 0.0, 0.0, 0.0, 0.0, 1.0, 1.4142135, 2.0, 2.4494898, 5.91608]",[2.5],[2.4494898],[-2.5],[2.5],[2.4494898],[-2.5],[4.0],[2.6457512],[1.5],[4.0],[2.6457512],[1.5],0,1,0,0,0.0,0.0,1
41826,1,1,1,"[0.0, 1.0, 1.0, 1.5, 1.5, 1.5, 2.5, 4.5, 5.0, 6.0]","[0.0, 0.0, 0.0, 1.0, 1.4142135, 1.4142135, 2.0, 3.0, 4.2426405, 5.196152]",[2.0],[1.7320508],[-4.0],[2.0],[1.7320508],[-4.0],[4.0],[0.0],[-0.5],[4.0],[0.0],[-0.5],0,1,0,0,0.0,0.0,0
905,6,3,2,"[1.0, 1.0, 1.0, 1.5, 1.5, 1.5, 2.0, 3.5, 4.5, 8.0]","[0.0, 0.0, 0.0, 0.0, 0.0, 1.4142135, 1.4142135, 2.0, 4.472136, 7.937254]","[1.0, 2.0, 2.0, 3.0, 4.0, 6.0]","[0.0, 1.7320508, 1.7320508, 2.236068, 4.0, 5.656854]","[-4.5, -3.0, -2.5, -2.5, -2.0, -2.0]","[1.0, 2.0, 2.0]","[0.0, 1.7320508, 1.7320508]","[-4.5, -2.5, -2.0]","[1.0, 1.5, 4.5]","[0.0, 1.0, 4.2426405]","[-2.0, -1.0, -0.5]","[1.0, 3.5]","[1.0, 3.1622777]","[-1.0, 3.0]",1,1,1,0,1.0,0.0,1
997,3,2,2,"[0.5, 1.0, 1.0, 2.0, 4.0, 4.0, 4.0, 4.5, 5.0, 5.5]","[0.0, 0.0, 0.0, 0.0, 2.6457512, 2.6457512, 3.7416575, 3.8729835, 4.2426405, 5.0]","[3.0, 4.0, 6.0]","[2.828427, 3.8729835, 5.656854]","[-4.0, -3.0, -1.0]","[3.0, 4.0]","[2.828427, 3.8729835]","[-4.0, -3.0]","[3.5, 4.5]","[0.0, 4.2426405]","[1.5, 1.5]","[3.5, 4.5]","[0.0, 4.2426405]","[1.5, 1.5]",0,2,0,0,0.0,0.0,1
790,1,1,1,"[0.5, 1.0, 1.0, 2.0, 2.0, 3.0, 3.5, 4.5, 4.5, 5.5]","[0.0, 0.0, 0.0, 1.0, 2.0, 2.828427, 2.828427, 2.828427, 3.4641016, 5.2915025]",[3.0],[3.0],[-3.0],[3.0],[3.0],[-3.0],[5.0],[4.0],[1.0],[5.0],[4.0],[1.0],0,1,0,0,0.0,0.0,1
43478,4,3,2,"[0.0, 0.0, 0.5, 2.0, 2.0, 2.5, 4.0, 4.5, 6.5, 8.0]","[0.0, 0.0, 0.0, 0.0, 1.7320508, 2.4494898, 2.828427, 3.8729835, 6.0, 7.937254]","[1.0, 1.5, 3.5, 6.5]","[0.0, 0.0, 1.0, 6.4807405]","[-4.0, -3.5, -1.5, -1.5]","[1.0, 1.5, 3.5]","[0.0, 0.0, 1.0]","[-4.0, -3.5, -1.5]","[0.5, 2.5, 3.5]","[0.0, 0.0, 2.4494898]","[-3.5, -3.0, -1.0]","[2.5, 3.5]","[0.0, 3.1622777]","[-3.5, 3.5]",1,1,1,0,1.0,0.0,0
29382,1,1,1,"[0.5, 0.5, 1.0, 1.0, 1.0, 1.5, 2.0, 2.5, 3.0, 4.0]","[0.0, 0.0, 0.0, 0.0, 0.0, 0.0, 1.4142135, 2.0, 2.4494898, 2.828427]",[3.5],[0.0],[-2.5],[3.5],[0.0],[-2.5],[4.0],[0.0],[3.0],[4.0],[0.0],[3.0],0,1,0,0,0.0,0.0,0
64601,2,2,1,"[0.5, 0.5, 0.5, 0.5, 2.0, 2.0, 2.0, 2.5, 3.0, 7.5]","[0.0, 0.0, 0.0, 0.0, 0.0, 0.0, 0.0, 0.0, 1.7320508, 7.483315]","[1.5, 5.0]","[1.4142135, 5.0]","[-4.0, -2.0]","[1.5, 5.0]","[1.4142135, 5.0]","[-4.0, -2.0]","[2.0, 8.0]","[2.0, 7.937254]","[-1.5, 4.0]",[3.5],[2.4494898],[3.5],1,0,1,0,1.0,0.0,0
88663,4,3,2,"[0.0, 1.0, 1.5, 2.0, 2.0, 2.0, 3.0, 3.0, 5.5, 6.5]","[0.0, 0.0, 0.0, 1.4142135, 2.0, 2.0, 2.236068, 2.236068, 5.477226, 6.0]","[1.5, 2.5, 2.5, 3.5]","[0.0, 0.0, 0.0, 0.0]","[-3.0, -2.5, -1.5, -1.5]","[1.5, 2.5, 2.5]","[0.0, 0.0, 0.0]","[-3.0, -2.5, -1.5]","[2.5, 3.5, 4.0]","[2.4494898, 2.4494898, 3.8729835]","[-0.5, -0.5, 1.0]","[3.0, 4.0]","[2.236068, 3.8729835]","[-0.5, 3.0]",1,1,1,0,1.0,0.0,0
638,2,1,1,"[0.0, 0.5, 1.5, 2.0, 2.5, 2.5, 3.0, 3.0, 3.5, 4.0]","[0.0, 0.0, 0.0, 0.0, 0.0, 0.0, 1.4142135, 1.7320508, 2.0, 2.6457512]","[2.0, 2.5]","[0.0, 2.4494898]","[-2.5, -1.5]",[2.5],[2.4494898],[-2.5],[6.0],[5.656854],[5.5],[6.0],[5.656854],[5.5],0,1,0,0,0.0,0.0,1
441,6,2,1,"[0.0, 1.0, 1.5, 1.5, 1.5, 2.5, 2.5, 4.5, 6.0, 7.5]","[0.0, 0.0, 0.0, 0.0, 0.0, 0.0, 1.4142135, 4.472136, 5.196152, 7.3484693]","[2.0, 2.0, 2.0, 3.0, 3.5, 4.0]","[0.0, 0.0, 1.7320508, 1.7320508, 1.7320508, 4.0]","[-5.0, -4.0, -4.0, -3.5, -2.0, -2.0]","[2.0, 2.0]","[1.7320508, 1.7320508]","[-4.0, -3.5]","[0.5, 1.5]","[0.0, 1.4142135]","[-3.0, -2.5]",[7.5],[7.483315],[7.5],1,0,1,0,1.0,0.0,1
23459,3,1,1,"[1.0, 1.0, 1.5, 2.0, 2.0, 2.5, 2.5, 3.0, 3.5, 6.5]","[0.0, 1.0, 1.0, 1.4142135, 2.0, 2.0, 2.4494898, 2.828427, 3.1622777, 6.0]","[3.0, 3.0, 3.5]","[0.0, 2.236068, 3.0]","[-4.0, -3.5, -3.5]",[3.0],[3.0],[-3.5],[7.5],[7.483315],[4.5],[7.5],[7.483315],[4.5],0,1,0,0,0.0,0.0,0
841,6,2,2,"[0.0, 0.5, 0.5, 1.0, 1.5, 2.5, 4.5, 5.5, 6.5, 8.0]","[0.0, 0.0, 0.0, 1.0, 1.4142135, 2.4494898, 2.828427, 4.8989797, 6.4807405, 8.0]","[2.0, 2.0, 2.5, 3.0, 4.0, 5.5]","[0.0, 0.0, 0.0, 0.0, 3.4641016, 5.477226]","[-5.5, -5.0, -5.0, -3.5, -2.0, -1.5]","[2.0, 2.0]","[0.0, 0.0]","[-5.0, -3.5]","[5.0, 5.5]","[4.0, 5.477226]","[-2.0, 3.5]","[5.0, 5.5]","[4.0, 5.477226]","[-2.0, 3.5]",0,2,0,0,0.0,0.0,1
24425,1,1,1,"[1.0, 1.5, 2.0, 2.0, 2.0, 2.5, 3.0, 3.0, 3.0, 4.5]","[1.0, 1.4142135, 1.7320508, 1.7320508, 2.0, 2.236068, 2.4494898, 2.828427, 3.0, 4.2426405]",[2.5],[2.4494898],[-2.0],[2.5],[2.4494898],[-2.0],[6.0],[5.656854],[3.0],[6.0],[5.656854],[3.0],0,1,0,0,0.0,0.0,0
926,4,2,1,"[0.5, 1.0, 1.0, 1.0, 1.5, 2.0, 2.0, 2.0, 2.0, 5.0]","[0.0, 0.0, 0.0, 0.0, 0.0, 1.0, 1.4142135, 1.7320508, 1.7320508, 4.582576]","[1.0, 1.0, 3.0, 3.0]","[0.0, 0.0, 1.0, 2.828427]","[-3.0, -2.5, -2.0, -1.0]","[1.0, 1.0]","[0.0, 1.0]","[-3.0, -2.5]","[1.0, 2.5]","[0.0, 0.0]","[-2.5, 0.0]",[4.0],[2.6457512],[3.0],1,0,1,0,1.0,0.0,1
242,2,2,1,"[1.0, 1.0, 1.5, 2.0, 2.5, 3.0, 3.5, 3.5, 3.5, 4.0]","[0.0, 0.0, 0.0, 1.0, 1.4142135, 2.0, 2.4494898, 3.1622777, 3.4641016, 4.0]","[2.5, 3.5]","[2.4494898, 3.1622777]","[-1.5, -1.5]","[2.5, 3.5]","[2.4494898, 3.1622777]","[-1.5, -1.5]","[2.5, 5.5]","[0.0, 4.2426405]","[0.5, 3.5]",[6.5],[6.3245554],[6.5],1,0,1,0,1.0,0.0,1
276,2,2,1,"[0.5, 0.5, 0.5, 0.5, 1.0, 2.0, 2.0, 3.5, 5.0, 7.5]","[0.0, 0.0, 0.0, 0.0, 0.0, 1.0, 2.0, 3.1622777, 4.8989797, 7.483315]","[1.0, 3.0]","[0.0, 0.0]","[-5.0, -1.5]","[1.0, 3.0]","[0.0, 0.0]","[-5.0, -1.5]","[4.5, 8.0]","[4.472136, 8.0]","[-0.5, 4.5]",[3.5],[2.4494898],[2.5],1,0,1,0,1.0,0.0,1
994,1,1,1,"[0.5, 0.5, 1.0, 1.0, 1.5, 2.0, 2.5, 3.5, 4.0, 4.0]","[0.0, 0.0, 0.0, 0.0, 0.0, 1.0, 1.0, 1.4142135, 2.0, 3.8729835]",[2.0],[1.7320508],[-1.5],[2.0],[1.7320508],[-1.5],[3.5],[2.4494898],[1.0],[3.5],[2.4494898],[1.0],0,1,0,0,0.0,0.0,1
69295,3,2,2,"[0.5, 0.5, 1.0, 2.0, 2.0, 2.0, 2.5, 2.5, 4.5, 5.0]","[0.0, 0.0, 0.0, 0.0, 1.7320508, 1.7320508, 2.0, 2.4494898, 4.472136, 4.8989797]","[1.0, 1.5, 2.5]","[0.0, 1.4142135, 2.0]","[-3.0, -2.0, -2.0]","[1.0, 1.5]","[0.0, 1.4142135]","[-3.0, -2.0]","[5.0, 9.0]","[4.0, 9.0]","[2.5, 7.0]","[5.0, 9.0]","[4.0, 9.0]","[2.5, 7.0]",0,2,0,0,0.0,0.0,0
149,12,2,1,"[0.5, 1.0, 1.5, 1.5, 1.5, 3.0, 3.0, 5.5, 7.5, 8.5]","[0.0, 0.0, 0.0, 1.4142135, 1.4142135, 1.4142135, 2.828427, 5.477226, 7.483315, 8.485281]","[1.5, 2.0, 2.0, 2.5, 2.5, 3.0, 3.0, 3.5, 3.5, 3.5, 4.0, 5.0]","[0.0, 0.0, 0.0, 1.7320508, 2.0, 2.4494898, 2.4494898, 2.6457512, 2.828427, 3.4641016, 3.4641016, 5.0]","[-5.5, -5.0, -5.0, -3.0, -3.0, -2.5, -2.5, -2.5, -2.0, -2.0, -2.0, -1.0]","[2.0, 2.5]","[2.0, 2.4494898]","[-5.0, -5.0]","[3.0, 3.5]","[2.828427, 3.4641016]","[-5.5, -2.5]",[4.0],[2.6457512],[-3.0],1,0,1,0,1.0,0.0,1
12853,3,2,1,"[0.5, 0.5, 0.5, 1.0, 1.0, 2.0, 2.0, 3.0, 3.5, 7.5]","[0.0, 0.0, 0.0, 0.0, 0.0, 0.0, 0.0, 0.0, 3.0, 7.3484693]","[2.5, 3.0, 4.5]","[2.0, 2.236068, 4.2426405]","[-2.0, -1.5, -1.5]","[2.5, 4.5]","[2.0, 4.2426405]","[-2.0, -1.5]","[2.0, 2.0]","[1.7320508, 1.7320508]","[-2.5, -1.0]",[2.0],[2.0],[2.0],1,0,1,0,1.0,0.0,0
9663,1,1,1,"[0.5, 0.5, 1.5, 2.0, 2.5, 2.5, 2.5, 2.5, 3.0, 7.5]","[0.0, 0.0, 0.0, 0.0, 0.0, 2.0, 2.0, 2.0, 2.4494898, 7.3484693]",[2.0],[0.0],[-2.0],[2.0],[0.0],[-2.0],[8.5],[8.485281],[7.0],[8.5],[8.485281],[7.0],0,1,0,0,0.0,0.0,0
337,1,1,1,"[0.0, 0.5, 0.5, 1.0, 1.0, 2.0, 2.5, 2.5, 2.5, 3.0]","[0.0, 0.0, 0.0, 0.0, 0.0, 0.0, 0.0, 0.0, 2.0, 2.828427]",[3.0],[2.828427],[-2.0],[3.0],[2.828427],[-2.0],[7.0],[6.928203],[7.0],[7.0],[6.928203],[7.0],0,1,0,0,0.0,0.0,1
36,3,1,1,"[0.0, 0.0, 0.5, 1.5, 1.5, 3.0, 3.5, 3.5, 5.0, 8.5]","[0.0, 0.0, 0.0, 0.0, 1.4142135, 2.236068, 2.4494898, 2.4494898, 3.0, 8.485281]","[2.5, 4.5, 5.0]","[2.0, 3.7416575, 4.0]","[-5.0, -4.5, -2.0]",[2.5],[2.0],[-5.0],[7.5],[7.483315],[3.0],[7.5],[7.483315],[3.0],0,1,0,0,0.0,0.0,1
5049,2,1,1,"[0.0, 0.5, 1.0, 1.5, 2.5, 3.0, 4.0, 4.0, 5.0, 5.5]","[0.0, 0.0, 0.0, 1.4142135, 2.0, 3.0, 3.4641016, 4.0, 4.582576, 5.2915025]","[2.5, 3.0]","[0.0, 2.828427]","[-4.5, -2.0]",[3.0],[2.828427],[-2.0],[6.0],[5.91608],[3.0],[6.0],[5.91608],[3.0],0,1,0,0,0.0,0.0,0
981,1,1,1,"[0.0, 0.5, 1.0, 2.0, 2.0, 2.0, 2.0, 3.0, 4.0, 4.5]","[0.0, 0.0, 0.0, 0.0, 0.0, 0.0, 1.7320508, 2.0, 4.0, 4.472136]",[4.0],[3.8729835],[-1.0],[4.0],[3.8729835],[-1.0],[5.0],[4.0],[3.0],[5.0],[4.0],[3.0],0,1,0,0,0.0,0.0,1
65110,2,2,2,"[0.5, 1.0, 1.0, 1.5, 2.0, 2.0, 3.0, 3.5, 3.5, 5.0]","[0.0, 0.0, 0.0, 0.0, 0.0, 0.0, 3.0, 3.1622777, 3.4641016, 4.0]","[0.5, 2.5]","[0.0, 2.4494898]","[-3.5, -1.5]","[0.5, 2.5]","[0.0, 2.4494898]","[-3.5, -1.5]","[1.0, 9.0]","[1.0, 9.0]","[-0.5, 6.5]","[1.0, 9.0]","[1.0, 9.0]","[-0.5, 6.5]",0,2,0,0,0.0,0.0,0
15,5,2,2,"[0.5, 1.0, 1.5, 1.5, 2.0, 3.0, 3.0, 3.5, 4.0, 7.5]","[0.0, 0.0, 0.0, 0.0, 0.0, 1.7320508, 2.236068, 2.4494898, 3.4641016, 7.3484693]","[2.5, 3.0, 3.0, 5.0, 6.0]","[2.0, 2.236068, 3.0, 4.0, 5.91608]","[-4.0, -1.5, -1.5, -1.5, -1.0]","[2.5, 3.0]","[2.0, 3.0]","[-4.0, -1.5]","[6.0, 6.5]","[6.0, 6.3245554]","[3.0, 6.0]","[6.0, 6.5]","[6.0, 6.3245554]","[3.0, 6.0]",0,2,0,0,0.0,0.0,1
88966,3,2,1,"[0.5, 0.5, 1.0, 1.0, 1.0, 2.0, 2.0, 2.5, 2.5, 7.5]","[0.0, 0.0, 0.0, 0.0, 0.0, 1.7320508, 2.0, 2.0, 2.4494898, 7.483315]","[3.0, 3.5, 4.0]","[2.236068, 2.4494898, 2.6457512]","[-2.0, -1.0, -1.0]","[3.0, 4.0]","[2.236068, 2.6457512]","[-2.0, -1.0]","[2.5, 3.0]","[0.0, 2.828427]","[-1.5, -1.0]",[7.5],[7.3484693],[7.0],1,0,1,0,1.0,0.0,0
181,6,3,2,"[0.0, 0.0, 1.0, 2.0, 2.0, 2.5, 3.0, 3.0, 3.5, 8.5]","[0.0, 0.0, 0.0, 0.0, 0.0, 0.0, 0.0, 1.7320508, 2.4494898, 8.485281]","[1.5, 1.5, 2.5, 3.0, 3.0, 6.0]","[0.0, 0.0, 0.0, 0.0, 3.0, 5.656854]","[-6.0, -4.5, -3.5, -3.0, -2.0, -1.5]","[1.5, 1.5, 2.5]","[0.0, 0.0, 0.0]","[-6.0, -4.5, -2.0]","[2.5, 3.0, 4.0]","[0.0, 2.236068, 4.0]","[-2.0, -1.5, 4.0]","[4.0, 8.0]","[4.0, 7.937254]","[4.0, 7.5]",1,1,1,0,1.0,0.0,1
85838,4,4,2,"[0.5, 0.5, 1.0, 2.0, 2.0, 2.5, 2.5, 3.0, 5.0, 7.0]","[0.0, 0.0, 0.0, 1.7320508, 1.7320508, 2.0, 2.0, 2.828427, 4.582576, 6.928203]","[0.5, 1.0, 4.0, 4.5]","[0.0, 0.0, 3.4641016, 4.2426405]","[-4.0, -1.5, -1.5, -1.0]","[0.5, 1.0, 4.0, 4.5]","[0.0, 0.0, 3.4641016, 4.2426405]","[-4.0, -1.5, -1.5, -1.0]","[3.0, 6.5, 6.5, 7.0]","[2.236068, 6.0, 6.0, 6.708204]","[-0.5, 2.0, 3.5, 4.5]","[2.0, 6.0]","[0.0, 5.91608]","[1.5, 5.0]",2,0,2,0,1.0,0.0,0
70424,6,2,1,"[0.0, 0.5, 1.0, 1.5, 1.5, 2.0, 3.0, 5.0, 6.0, 6.5]","[0.0, 0.0, 0.0, 0.0, 0.0, 0.0, 1.4142135, 4.8989797, 5.91608, 6.0]","[1.5, 2.0, 2.0, 3.0, 4.0, 5.0]","[0.0, 0.0, 0.0, 2.0, 2.236068, 4.8989797]","[-4.5, -4.5, -3.5, -3.0, -2.5, -1.5]","[1.5, 3.0]","[0.0, 2.236068]","[-4.5, -3.0]","[2.0, 6.0]","[2.0, 5.91608]","[-4.5, 2.0]",[7.0],[6.928203],[1.5],1,0,1,0,1.0,0.0,0
32957,4,2,1,"[0.0, 1.0, 1.5, 2.0, 2.0, 2.5, 3.0, 3.0, 4.5, 8.0]","[0.0, 0.0, 1.0, 1.7320508, 2.0, 2.236068, 2.4494898, 2.828427, 4.472136, 7.937254]","[1.0, 1.5, 2.0, 4.5]","[0.0, 0.0, 0.0, 2.828427]","[-4.0, -3.0, -3.0, -1.0]","[1.0, 2.0]","[0.0, 0.0]","[-4.0, -3.0]","[1.5, 1.5]","[1.4142135, 1.4142135]","[-3.5, -2.5]",[3.5],[3.4641016],[2.5],1,0,1,0,1.0,0.0,0
538,1,1,1,"[0.5, 0.5, 0.5, 1.0, 1.5, 1.5, 2.5, 3.0, 3.5, 4.0]","[0.0, 0.0, 0.0, 0.0, 0.0, 1.4142135, 2.0, 2.4494898, 2.828427, 3.8729835]",[1.0],[0.0],[-2.0],[1.0],[0.0],[-2.0],[7.0],[6.708204],[3.5],[7.0],[6.708204],[3.5],0,1,0,0,0.0,0.0,1
280,15,5,2,"[1.0, 1.0, 2.0, 3.0, 4.5, 5.0, 5.5, 5.5, 6.0, 6.5]","[0.0, 0.0, 1.0, 2.236068, 4.2426405, 4.8989797, 4.8989797, 5.477226, 5.91608, 6.4807405]","[0.0, 1.0, 1.5, 1.5, 1.5, 1.5, 2.0, 2.0, 2.0, 2.5, 2.5, 2.5, 3.0, 4.5, 5.5]","[0.0, 0.0, 0.0, 0.0, 0.0, 0.0, 0.0, 1.0, 1.4142135, 1.7320508, 2.0, 2.0, 2.4494898, 4.2426405, 5.2915025]","[-5.5, -5.5, -4.0, -3.5, -3.5, -3.5, -3.5, -3.5, -3.0, -3.0, -2.5, -2.0, -1.5, -1.5, -1.0]","[0.0, 1.0, 1.5, 1.5, 2.0]","[0.0, 0.0, 0.0, 1.0, 1.4142135]","[-5.5, -5.5, -3.5, -3.5, -1.5]","[4.5, 4.5, 5.5, 5.5, 5.5]","[2.828427, 2.828427, 4.8989797, 5.2915025, 5.2915025]","[-1.5, -1.5, 0.5, 1.0, 1.5]","[3.0, 5.5]","[0.0, 5.2915025]","[-2.5, 0.5]",3,1,1,0,3.0,0.0,1
21014,6,3,2,"[0.5, 0.5, 1.0, 1.0, 1.0, 1.5, 2.0, 2.5, 3.5, 8.0]","[0.0, 0.0, 0.0, 0.0, 0.0, 0.0, 0.0, 1.0, 2.4494898, 7.937254]","[1.0, 1.5, 1.5, 2.0, 3.0, 3.5]","[0.0, 0.0, 0.0, 0.0, 2.0, 2.4494898]","[-4.5, -3.0, -2.5, -2.0, -1.0, -1.0]","[1.0, 1.5, 3.0]","[0.0, 0.0, 0.0]","[-4.5, -1.0, -1.0]","[2.5, 4.5, 5.0]","[2.4494898, 4.472136, 5.0]","[-1.0, -0.5, 4.0]","[4.5, 5.0]","[4.2426405, 5.0]","[4.0, 4.0]",1,1,1,0,1.0,0.0,0
78372,9,3,1,"[0.0, 0.0, 1.5, 2.0, 2.0, 2.5, 5.5, 5.5, 6.0, 6.0]","[0.0, 0.0, 0.0, 0.0, 1.7320508, 2.4494898, 4.8989797, 5.2915025, 5.656854, 5.91608]","[1.5, 1.5, 2.0, 2.5, 2.5, 3.0, 3.0, 4.5, 5.0]","[0.0, 0.0, 0.0, 2.0, 2.236068, 2.4494898, 2.4494898, 4.2426405, 5.0]","[-5.5, -4.5, -4.0, -3.5, -2.5, -2.5, -1.5, -1.0, -1.0]","[1.5, 2.0, 2.5]","[0.0, 2.0, 2.4494898]","[-5.5, -3.5, -2.5]","[3.0, 3.5, 6.5]","[0.0, 0.0, 6.0]","[-2.0, -1.5, 2.5]",[5.5],[5.477226],[3.5],2,0,1,0,2.0,0.0,0
75173,6,2,1,"[0.0, 0.5, 1.0, 1.5, 2.0, 2.5, 3.0, 4.0, 6.0, 9.0]","[0.0, 0.0, 0.0, 1.0, 1.4142135, 2.0, 2.6457512, 2.828427, 5.656854, 9.0]","[2.0, 2.0, 3.0, 3.0, 3.5, 4.0]","[0.0, 0.0, 0.0, 1.7320508, 2.236068, 2.828427]","[-5.0, -5.0, -3.5, -3.0, -3.0, -1.5]","[2.0, 3.5]","[0.0, 1.7320508]","[-5.0, -3.5]","[2.5, 5.5]","[0.0, 5.477226]","[-4.0, 0.0]",[7.5],[7.3484693],[4.5],1,0,1,0,1.0,0.0,0
21667,3,2,1,"[0.5, 0.5, 1.5, 2.0, 2.5, 2.5, 3.5, 3.5, 4.0, 7.5]","[0.0, 0.0, 0.0, 1.4142135, 2.0, 2.4494898, 2.4494898, 2.4494898, 3.8729835, 7.3484693]","[2.5, 2.5, 5.0]","[0.0, 2.0, 4.582576]","[-1.5, -1.5, -1.0]","[2.5, 5.0]","[2.0, 4.582576]","[-1.5, -1.5]","[2.5, 3.0]","[2.4494898, 3.0]","[-2.5, 0.0]",[6.5],[6.3245554],[6.0],1,0,1,0,1.0,0.0,0
4303,1,1,1,"[1.0, 1.0, 1.0, 1.5, 1.5, 2.0, 2.0, 3.0, 5.0, 7.0]","[0.0, 0.0, 1.0, 1.0, 1.4142135, 1.4142135, 1.7320508, 2.828427, 4.582576, 6.708204]",[4.5],[4.472136],[-3.5],[4.5],[4.472136],[-3.5],[8.0],[7.937254],[4.0],[8.0],[7.937254],[4.0],0,1,0,0,0.0,0.0,0
80,2,1,1,"[0.0, 1.0, 1.5, 1.5, 1.5, 2.0, 2.0, 2.5, 2.5, 7.0]","[0.0, 0.0, 0.0, 0.0, 0.0, 1.4142135, 1.4142135, 2.0, 2.0, 7.0]","[2.0, 4.0]","[2.0, 3.4641016]","[-3.5, -1.0]",[2.0],[2.0],[-3.5],[6.5],[6.4807405],[2.5],[6.5],[6.4807405],[2.5],0,1,0,0,0.0,0.0,1
195,3,1,1,"[0.5, 1.0, 1.0, 1.5, 1.5, 2.5, 3.5, 5.0, 5.5, 6.5]","[0.0, 0.0, 0.0, 0.0, 1.0, 2.4494898, 3.4641016, 4.8989797, 4.8989797, 6.4807405]","[2.5, 5.0, 5.5]","[0.0, 4.582576, 5.477226]","[-2.5, -1.5, -1.0]",[2.5],[0.0],[-2.5],[3.5],[3.4641016],[2.0],[3.5],[3.4641016],[2.0],0,1,0,0,0.0,0.0,1
60,4,2,2,"[0.5, 0.5, 0.5, 1.5, 2.5, 3.0, 4.5, 4.5, 5.0, 5.5]","[0.0, 0.0, 0.0, 0.0, 0.0, 0.0, 2.828427, 2.828427, 4.8989797, 4.8989797]","[3.0, 4.0, 5.5, 6.0]","[0.0, 3.8729835, 5.2915025, 5.91608]","[-3.0, -2.5, -2.0, -1.0]","[4.0, 6.0]","[3.8729835, 5.91608]","[-2.5, -1.0]","[3.5, 5.5]","[0.0, 4.2426405]","[0.0, 4.5]","[3.5, 5.5]","[0.0, 4.2426405]","[0.0, 4.5]",0,2,0,0,0.0,0.0,1
39575,2,2,2,"[0.0, 1.0, 1.5, 1.5, 1.5, 2.0, 2.5, 3.0, 3.5, 4.0]","[0.0, 0.0, 0.0, 1.0, 1.4142135, 1.4142135, 2.0, 3.0, 3.4641016, 3.4641016]","[1.0, 1.5]","[0.0, 0.0]","[-2.0, -1.0]","[1.0, 1.5]","[0.0, 0.0]","[-2.0, -1.0]","[2.5, 4.5]","[2.0, 4.2426405]","[0.0, 3.5]","[2.5, 4.5]","[2.0, 4.2426405]","[0.0, 3.5]",0,2,0,0,0.0,0.0,0
74128,3,2,2,"[0.0, 0.5, 0.5, 0.5, 1.0, 1.5, 1.5, 2.5, 5.0, 8.0]","[0.0, 0.0, 0.0, 0.0, 0.0, 0.0, 0.0, 2.0, 3.0, 8.0]","[2.0, 3.5, 7.0]","[0.0, 0.0, 6.928203]","[-4.0, -1.5, -1.0]","[2.0, 3.5]","[0.0, 0.0]","[-4.0, -1.0]","[4.0, 6.0]","[0.0, 5.91608]","[0.0, 3.5]","[4.0, 6.0]","[0.0, 5.91608]","[0.0, 3.5]",0,2,0,0,0.0,0.0,0
82,21,6,2,"[1.0, 1.0, 4.0, 4.0, 4.5, 4.5, 5.5, 6.5, 6.5, 7.5]","[0.0, 0.0, 0.0, 3.8729835, 4.2426405, 4.472136, 4.8989797, 6.3245554, 6.3245554, 7.483315]","[0.0, 0.0, 0.0, 0.5, 1.0, 1.0, 1.5, 2.0, 2.0, 2.0, 2.0, 2.5, 2.5, 2.5, 3.0, 3.5, 4.0, 4.5, 4.5, 4.5, 5.5]","[0.0, 0.0, 0.0, 0.0, 0.0, 0.0, 0.0, 0.0, 1.4142135, 1.7320508, 1.7320508, 1.7320508, 2.0, 2.4494898, 2.4494898, 2.6457512, 2.828427, 4.2426405, 4.472136, 4.472136, 5.2915025]","[-6.5, -6.0, -5.5, -5.5, -5.0, -5.0, -4.5, -4.0, -4.0, -4.0, -3.5, -3.5, -3.0, -3.0, -2.5, -2.5, -2.0, -2.0, -1.5, -1.0, -1.0]","[0.0, 0.0, 0.0, 0.5, 1.0, 4.0]","[0.0, 0.0, 0.0, 0.0, 0.0, 2.6457512]","[-6.5, -5.5, -5.0, -5.0, -4.0, -1.0]","[4.0, 4.5, 5.0, 6.0, 6.0, 7.5]","[2.6457512, 4.2426405, 5.0, 5.196152, 5.196152, 7.483315]","[-2.0, -1.0, 0.0, 2.0, 2.5, 3.5]","[4.0, 6.0]","[3.4641016, 5.196152]","[0.0, 2.5]",4,1,1,0,4.0,0.0,1
139,17,6,2,"[1.5, 3.0, 3.0, 3.5, 4.0, 4.5, 5.0, 5.0, 6.0, 7.5]","[0.0, 2.236068, 2.236068, 3.0, 3.0, 3.1622777, 3.7416575, 3.8729835, 5.196152, 7.3484693]","[0.5, 1.0, 1.0, 1.5, 2.0, 2.0, 2.0, 3.0, 3.0, 3.5, 3.5, 3.5, 4.5, 6.0, 6.0, 6.5, 7.0]","[0.0, 0.0, 0.0, 0.0, 1.4142135, 1.7320508, 2.0, 2.236068, 2.828427, 3.1622777, 3.4641016, 3.4641016, 4.472136, 5.656854, 5.91608, 6.4807405, 6.928203]","[-6.0, -5.5, -4.5, -4.5, -4.0, -3.0, -3.0, -2.5, -2.5, -2.0, -2.0, -2.0, -2.0, -1.5, -1.5, -1.0, -1.0]","[0.5, 1.0, 1.0, 1.5, 2.0, 3.0]","[0.0, 0.0, 0.0, 1.4142135, 1.7320508, 2.828427]","[-6.0, -4.5, -4.5, -4.0, -2.0, -2.0]","[4.5, 4.5, 5.0, 5.0, 6.5, 6.5]","[3.7416575, 4.472136, 4.582576, 4.582576, 6.0, 6.3245554]","[-0.5, 1.0, 1.0, 1.5, 2.5, 3.5]","[5.0, 8.5]","[4.582576, 8.485281]","[3.5, 7.0]",4,1,1,0,4.0,0.0,1
518,2,1,1,"[0.5, 0.5, 1.0, 1.0, 1.5, 1.5, 1.5, 2.0, 4.0, 4.0]","[0.0, 0.0, 0.0, 0.0, 0.0, 0.0, 1.4142135, 1.4142135, 3.4641016, 3.8729835]","[1.5, 2.0]","[0.0, 2.0]","[-3.5, -2.0]",[2.0],[2.0],[-3.5],[4.0],[2.6457512],[1.5],[4.0],[2.6457512],[1.5],0,1,0,0,0.0,0.0,1
112,20,6,3,"[1.0, 3.0, 3.5, 4.0, 4.0, 4.5, 5.0, 5.5, 7.0, 7.5]","[0.0, 0.0, 2.236068, 3.4641016, 3.7416575, 3.8729835, 4.2426405, 4.8989797, 6.928203, 7.483315]","[0.5, 0.5, 0.5, 0.5, 1.0, 1.0, 1.5, 1.5, 2.0, 2.0, 3.0, 3.0, 3.0, 3.5, 4.0, 4.5, 4.5, 5.0, 5.0, 5.0]","[0.0, 0.0, 0.0, 0.0, 0.0, 0.0, 0.0, 0.0, 0.0, 1.7320508, 2.236068, 2.4494898, 2.828427, 3.0, 3.4641016, 4.472136, 4.472136, 4.582576, 4.582576, 4.8989797]","[-6.0, -5.5, -4.5, -4.5, -4.5, -4.0, -3.5, -3.5, -3.5, -3.5, -3.5, -3.0, -3.0, -2.5, -2.5, -2.5, -2.0, -1.5, -1.5, -1.5]","[0.5, 0.5, 0.5, 1.0, 1.5, 1.5]","[0.0, 0.0, 0.0, 0.0, 0.0, 0.0]","[-5.5, -4.5, -4.5, -4.5, -3.5, -3.5]","[0.5, 1.0, 3.5, 4.0, 5.0, 8.5]","[0.0, 0.0, 2.4494898, 2.6457512, 4.0, 8.485281]","[-5.5, -3.5, -2.0, 2.0, 2.0, 2.5]","[1.5, 4.0, 8.5]","[0.0, 2.6457512, 8.485281]","[0.0, 2.0, 2.5]",3,2,1,1,1.0,2.0,1
45771,5,2,1,"[0.5, 0.5, 0.5, 1.5, 1.5, 1.5, 3.0, 3.0, 6.5, 6.5]","[0.0, 0.0, 0.0, 0.0, 0.0, 1.4142135, 1.4142135, 3.0, 6.0, 6.3245554]","[1.0, 1.0, 3.0, 3.5, 4.0]","[0.0, 0.0, 2.236068, 2.4494898, 3.8729835]","[-5.0, -3.0, -2.0, -1.5, -1.0]","[1.0, 3.0]","[0.0, 2.236068]","[-5.0, -3.0]","[1.0, 4.0]","[0.0, 2.6457512]","[-3.0, -1.0]",[6.0],[5.656854],[3.5],1,0,1,0,1.0,0.0,0
3849,3,1,1,"[0.5, 0.5, 1.5, 2.0, 2.0, 2.5, 2.5, 3.0, 4.0, 5.0]","[0.0, 0.0, 1.4142135, 1.7320508, 1.7320508, 2.236068, 2.4494898, 2.4494898, 3.0, 3.4641016]","[3.5, 3.5, 4.0]","[0.0, 0.0, 3.4641016]","[-3.5, -2.5, -1.5]",[3.5],[3.4641016],[-3.5],[5.5],[4.8989797],[4.5],[5.5],[4.8989797],[4.5],0,1,0,0,0.0,0.0,0
63455,7,4,3,"[0.5, 0.5, 1.0, 1.0, 1.5, 2.0, 3.0, 3.0, 6.0, 7.5]","[0.0, 0.0, 0.0, 0.0, 0.0, 1.4142135, 3.0, 3.0, 6.0, 7.3484693]","[1.0, 1.0, 2.0, 3.0, 3.0, 3.5, 4.0]","[0.0, 0.0, 1.0, 2.236068, 2.4494898, 2.6457512, 2.828427]","[-3.5, -2.5, -2.0, -2.0, -1.5, -1.5, -1.5]","[1.0, 2.0, 3.0, 3.0]","[0.0, 1.0, 2.236068, 2.828427]","[-2.5, -1.5, -1.5, -1.5]","[2.5, 4.0, 5.0, 5.5]","[2.4494898, 3.8729835, 4.2426405, 4.8989797]","[-0.5, -0.5, 0.5, 3.5]","[4.0, 5.0, 5.5]","[2.6457512, 4.2426405, 4.8989797]","[0.5, 3.5, 4.0]",1,2,1,0,1.0,0.0,0
79546,3,2,1,"[0.5, 1.0, 1.0, 1.5, 1.5, 2.0, 2.5, 3.0, 3.0, 6.5]","[0.0, 0.0, 0.0, 0.0, 0.0, 0.0, 0.0, 2.236068, 2.4494898, 6.3245554]","[2.0, 3.0, 4.5]","[2.0, 2.828427, 4.472136]","[-4.5, -2.5, -1.0]","[2.0, 3.0]","[2.0, 2.828427]","[-4.5, -2.5]","[4.5, 5.5]","[0.0, 5.2915025]","[0.5, 2.5]",[6.5],[6.3245554],[6.0],1,0,1,0,1.0,0.0,0
1005,3,1,1,"[0.0, 0.5, 1.0, 1.0, 1.5, 1.5, 2.5, 4.0, 5.5, 7.0]","[0.0, 0.0, 0.0, 0.0, 0.0, 1.4142135, 1.4142135, 2.4494898, 4.2426405, 6.708204]","[4.5, 4.5, 5.5]","[3.7416575, 4.2426405, 5.2915025]","[-4.0, -3.0, -2.5]",[4.5],[3.7416575],[-4.0],[5.5],[5.477226],[3.0],[5.5],[5.477226],[3.0],0,1,0,0,0.0,0.0,1
43209,8,2,1,"[0.0, 0.5, 1.0, 2.0, 2.0, 2.5, 5.0, 5.5, 6.0, 6.5]","[0.0, 0.0, 0.0, 1.7320508, 1.7320508, 2.0, 4.0, 4.2426405, 5.196152, 6.0]","[1.0, 2.5, 3.5, 3.5, 3.5, 3.5, 5.0, 5.0]","[0.0, 0.0, 0.0, 2.4494898, 2.4494898, 2.4494898, 4.0, 5.0]","[-6.0, -5.5, -4.0, -3.5, -2.5, -2.5, -2.0, -1.5]","[1.0, 5.0]","[0.0, 5.0]","[-4.0, -2.5]","[3.5, 6.0]","[0.0, 5.91608]","[-5.5, 3.0]",[5.0],[4.582576],[-0.5],1,0,1,0,1.0,0.0,0
47477,3,2,2,"[1.0, 1.5, 1.5, 1.5, 2.0, 2.5, 3.0, 3.0, 3.5, 4.5]","[0.0, 0.0, 0.0, 0.0, 0.0, 1.4142135, 1.4142135, 2.0, 2.828427, 3.1622777]","[2.0, 4.0, 4.0]","[0.0, 2.6457512, 3.4641016]","[-2.5, -1.5, -1.5]","[2.0, 4.0]","[0.0, 3.4641016]","[-2.5, -1.5]","[3.0, 5.5]","[2.828427, 5.2915025]","[2.0, 5.5]","[3.0, 5.5]","[2.828427, 5.2915025]","[2.0, 5.5]",0,2,0,0,0.0,0.0,0
3926,4,3,1,"[0.0, 1.0, 1.0, 2.5, 2.5, 3.0, 3.5, 4.0, 4.0, 5.5]","[0.0, 0.0, 0.0, 0.0, 1.0, 2.0, 3.4641016, 3.4641016, 4.0, 5.2915025]","[1.0, 1.5, 2.5, 4.5]","[0.0, 1.4142135, 2.0, 4.472136]","[-3.0, -2.0, -2.0, -1.5]","[1.0, 2.5, 4.5]","[0.0, 2.0, 4.472136]","[-3.0, -2.0, -2.0]","[1.5, 5.5, 8.0]","[1.4142135, 4.2426405, 7.937254]","[-1.5, 0.0, 6.0]",[6.0],[5.196152],[5.0],2,0,1,0,2.0,0.0,0
10521,6,3,2,"[0.0, 0.0, 1.0, 1.5, 2.0, 2.5, 2.5, 3.0, 5.0, 5.0]","[0.0, 0.0, 0.0, 0.0, 0.0, 1.4142135, 2.4494898, 2.828427, 4.0, 5.0]","[0.5, 1.5, 1.5, 2.0, 2.5, 3.5]","[0.0, 0.0, 0.0, 1.4142135, 2.0, 2.4494898]","[-4.0, -3.0, -2.0, -2.0, -1.5, -1.5]","[0.5, 1.5, 3.5]","[0.0, 0.0, 2.4494898]","[-3.0, -1.5, -1.5]","[2.0, 4.5, 6.5]","[0.0, 3.7416575, 6.3245554]","[-2.0, 3.0, 3.5]","[4.5, 6.0]","[3.7416575, 5.91608]","[3.5, 3.5]",1,1,1,0,1.0,0.0,0
77473,3,1,1,"[0.5, 0.5, 0.5, 1.5, 2.0, 2.5, 3.0, 4.5, 4.5, 5.5]","[0.0, 0.0, 0.0, 1.4142135, 1.7320508, 2.0, 2.828427, 4.2426405, 4.2426405, 5.2915025]","[1.5, 2.0, 3.0]","[0.0, 0.0, 2.236068]","[-4.5, -3.5, -1.5]",[1.5],[0.0],[-3.5],[8.0],[8.0],[5.5],[8.0],[8.0],[5.5],0,1,0,0,0.0,0.0,0
13095,7,2,2,"[0.5, 0.5, 1.0, 1.0, 1.5, 2.5, 2.5, 3.0, 6.5, 8.5]","[0.0, 0.0, 0.0, 0.0, 1.0, 1.4142135, 2.0, 2.0, 6.0, 8.485281]","[0.5, 2.5, 2.5, 3.0, 3.0, 3.5, 4.0]","[0.0, 0.0, 2.0, 2.4494898, 2.828427, 3.0, 3.4641016]","[-4.5, -4.5, -4.5, -3.5, -3.0, -3.0, -2.5]","[0.5, 2.5]","[0.0, 2.0]","[-4.5, -3.0]","[4.5, 5.5]","[3.7416575, 4.8989797]","[1.5, 2.0]","[4.5, 5.5]","[3.7416575, 4.8989797]","[1.5, 2.0]",0,2,0,0,0.0,0.0,0
781,6,4,3,"[1.0, 1.5, 2.0, 2.0, 2.5, 3.5, 4.0, 4.5, 5.0, 6.5]","[0.0, 0.0, 0.0, 1.7320508, 1.7320508, 2.4494898, 2.6457512, 3.0, 4.2426405, 6.3245554]","[1.5, 2.0, 3.0, 3.0, 3.0, 5.5]","[0.0, 1.4142135, 1.7320508, 2.236068, 2.828427, 5.2915025]","[-4.0, -2.0, -1.5, -1.5, -1.5, -1.5]","[1.5, 2.0, 3.0, 3.0]","[1.4142135, 1.7320508, 2.236068, 2.828427]","[-4.0, -1.5, -1.5, -1.5]","[3.5, 4.0, 5.5, 6.5]","[0.0, 3.4641016, 4.2426405, 6.3245554]","[-2.0, 2.0, 2.0, 6.0]","[3.5, 5.5, 6.5]","[3.4641016, 4.2426405, 6.3245554]","[-2.0, 4.5, 6.0]",1,2,1,0,1.0,0.0,1
851,4,2,1,"[0.0, 0.0, 0.5, 1.0, 1.5, 2.0, 3.0, 3.0, 4.5, 6.0]","[0.0, 0.0, 0.0, 0.0, 0.0, 0.0, 1.4142135, 2.0, 3.0, 5.196152]","[1.5, 2.5, 3.5, 4.0]","[0.0, 0.0, 0.0, 1.4142135]","[-5.5, -3.0, -2.5, -2.0]","[1.5, 2.5]","[0.0, 1.4142135]","[-3.0, -2.5]","[3.0, 3.5]","[0.0, 3.4641016]","[-1.0, 0.5]",[3.0],[2.236068],[2.0],1,0,1,0,1.0,0.0,1
30550,3,2,1,"[0.0, 0.5, 0.5, 0.5, 1.0, 2.0, 2.5, 3.0, 4.0, 5.0]","[0.0, 0.0, 0.0, 0.0, 0.0, 0.0, 0.0, 2.6457512, 3.0, 5.0]","[2.5, 3.0, 3.0]","[2.0, 2.828427, 2.828427]","[-3.0, -2.5, -1.0]","[2.5, 3.0]","[2.0, 2.828427]","[-2.5, -1.0]","[2.0, 2.0]","[0.0, 1.7320508]","[-2.0, -0.5]",[7.0],[6.928203],[5.5],1,0,1,0,1.0,0.0,0
543,28,7,3,"[3.0, 3.0, 3.0, 5.0, 5.0, 5.0, 5.5, 6.0, 7.5, 7.5]","[2.828427, 2.828427, 2.828427, 3.0, 3.0, 4.0, 5.477226, 5.656854, 7.3484693, 7.3484693]","[0.0, 0.5, 0.5, 1.0, 1.0, 1.0, 1.0, 1.0, 1.5, 1.5, 1.5, 2.0, 2.0, 2.0, 2.5, 2.5, 2.5, 2.5, 3.0, 3.0, 3.0, 3.0, 3.5, 4.0, 4.0, 5.0, 5.0, 5.5]","[0.0, 0.0, 0.0, 0.0, 0.0, 0.0, 0.0, 0.0, 1.0, 1.4142135, 1.4142135, 1.7320508, 1.7320508, 2.0, 2.0, 2.0, 2.0, 2.236068, 2.236068, 2.4494898, 2.4494898, 3.0, 3.0, 3.4641016, 4.0, 4.0, 4.0, 5.477226]","[-7.0, -6.5, -6.5, -6.5, -6.0, -5.5, -5.5, -5.0, -5.0, -5.0, -4.5, -4.5, -4.5, -4.5, -4.5, -4.5, -4.0, -3.5, -3.5, -3.0, -3.0, -2.5, -2.5, -2.5, -2.5, -2.5, -2.0, -2.0]","[0.0, 0.5, 1.0, 1.0, 1.5, 2.0, 3.0]","[0.0, 0.0, 0.0, 0.0, 1.0, 2.0, 2.236068]","[-6.5, -6.5, -6.0, -5.0, -4.5, -2.5, -2.5]","[1.0, 1.5, 4.5, 5.0, 5.0, 6.0, 8.0]","[0.0, 0.0, 1.0, 4.582576, 5.0, 6.0, 7.937254]","[-6.0, -4.5, -2.5, 1.0, 2.0, 3.5, 5.5]","[5.0, 5.0, 7.5]","[4.582576, 5.0, 7.483315]","[2.0, 3.5, 4.0]",4,2,1,1,2.0,2.0,1
784,4,3,2,"[0.0, 0.0, 0.5, 1.0, 1.5, 1.5, 2.5, 3.0, 4.0, 5.5]","[0.0, 0.0, 0.0, 0.0, 1.0, 1.4142135, 1.4142135, 2.236068, 3.8729835, 4.8989797]","[0.5, 1.0, 2.5, 3.0]","[0.0, 0.0, 2.4494898, 2.828427]","[-3.5, -2.5, -2.5, -1.0]","[0.5, 1.0, 2.5]","[0.0, 0.0, 2.4494898]","[-2.5, -2.5, -1.0]","[5.0, 6.5, 6.5]","[4.582576, 6.0, 6.3245554]","[3.0, 3.5, 5.0]","[6.5, 7.0]","[6.3245554, 6.708204]","[5.0, 6.0]",1,1,1,0,1.0,0.0,1
968,2,1,1,"[0.0, 0.5, 1.0, 1.0, 2.0, 2.5, 3.0, 4.0, 4.0, 5.0]","[0.0, 0.0, 0.0, 1.0, 1.0, 2.4494898, 2.6457512, 3.0, 3.0, 3.4641016]","[3.0, 3.5]","[0.0, 0.0]","[-4.5, -2.5]",[3.0],[0.0],[-4.5],[3.0],[2.236068],[1.5],[3.0],[2.236068],[1.5],0,1,0,0,0.0,0.0,1
85743,3,3,1,"[0.0, 0.0, 0.5, 1.0, 1.5, 1.5, 1.5, 3.0, 4.5, 6.0]","[0.0, 0.0, 0.0, 0.0, 0.0, 0.0, 1.4142135, 2.828427, 4.2426405, 5.91608]","[1.0, 2.0, 3.0]","[0.0, 1.0, 2.828427]","[-2.0, -1.5, -1.5]","[1.0, 2.0, 3.0]","[0.0, 1.0, 2.828427]","[-2.0, -1.5, -1.5]","[4.0, 5.0, 7.0]","[3.8729835, 4.582576, 6.708204]","[-0.5, 1.5, 6.5]",[5.0],[4.8989797],[4.0],2,0,1,0,2.0,0.0,0
546,1,1,1,"[0.0, 0.5, 0.5, 1.0, 1.0, 2.0, 2.5, 3.5, 4.5, 5.0]","[0.0, 0.0, 0.0, 0.0, 0.0, 0.0, 1.0, 2.0, 2.4494898, 4.8989797]",[2.0],[1.7320508],[-2.0],[2.0],[1.7320508],[-2.0],[4.0],[2.6457512],[2.0],[4.0],[2.6457512],[2.0],0,1,0,0,0.0,0.0,1
322,20,6,2,"[2.0, 2.5, 3.0, 3.5, 3.5, 3.5, 4.5, 5.5, 7.0, 8.0]","[0.0, 0.0, 0.0, 2.4494898, 2.828427, 3.4641016, 3.4641016, 5.2915025, 7.0, 7.937254]","[0.5, 0.5, 1.0, 1.0, 1.0, 1.5, 2.0, 2.0, 2.0, 2.0, 2.0, 2.5, 2.5, 3.0, 3.0, 3.5, 4.0, 4.0, 4.0, 5.0]","[0.0, 0.0, 0.0, 0.0, 0.0, 0.0, 1.4142135, 1.7320508, 1.7320508, 2.0, 2.0, 2.0, 2.236068, 2.4494898, 3.0, 3.4641016, 3.8729835, 4.0, 4.0, 5.0]","[-7.5, -4.5, -4.5, -4.0, -4.0, -4.0, -4.0, -4.0, -3.5, -3.5, -3.5, -3.0, -3.0, -3.0, -3.0, -3.0, -3.0, -3.0, -2.5, -1.5]","[0.5, 0.5, 1.0, 1.0, 1.5, 2.5]","[0.0, 0.0, 0.0, 0.0, 1.4142135, 2.0]","[-7.5, -4.0, -4.0, -3.5, -3.0, -3.0]","[5.0, 5.0, 5.5, 6.5, 7.0, 8.0]","[4.8989797, 4.8989797, 4.8989797, 6.3245554, 6.928203, 7.937254]","[1.0, 1.0, 2.0, 2.0, 3.5, 4.0]","[2.0, 8.5]","[1.7320508, 8.485281]","[0.0, 8.5]",4,0,2,0,2.0,0.0,1
728,1,1,1,"[0.5, 1.0, 1.0, 2.0, 2.5, 2.5, 3.0, 3.0, 3.5, 5.5]","[0.0, 0.0, 0.0, 0.0, 0.0, 0.0, 0.0, 2.0, 2.236068, 4.8989797]",[3.0],[2.828427],[-3.5],[3.0],[2.828427],[-3.5],[7.0],[7.0],[5.5],[7.0],[7.0],[5.5],0,1,0,0,0.0,0.0,1
207,1,1,1,"[0.0, 0.0, 0.0, 0.5, 0.5, 0.5, 2.0, 2.5, 3.0, 6.5]","[0.0, 0.0, 0.0, 0.0, 0.0, 0.0, 0.0, 1.7320508, 2.4494898, 6.0]",[6.0],[5.656854],[-1.5],[6.0],[5.656854],[-1.5],[8.5],[8.485281],[6.5],[8.5],[8.485281],[6.5],0,1,0,0,0.0,0.0,1
933,3,1,1,"[0.0, 0.5, 1.0, 1.5, 1.5, 3.0, 3.5, 3.5, 4.5, 5.0]","[0.0, 0.0, 0.0, 1.0, 1.4142135, 2.4494898, 2.828427, 3.4641016, 4.0, 4.2426405]","[1.0, 2.5, 4.0]","[0.0, 2.0, 2.6457512]","[-4.5, -3.5, -2.0]",[1.0],[0.0],[-3.5],[5.5],[5.2915025],[4.5],[5.5],[5.2915025],[4.5],0,1,0,0,0.0,0.0,1
507,6,2,2,"[0.5, 0.5, 1.0, 1.0, 1.5, 1.5, 2.0, 4.0, 4.5, 6.5]","[0.0, 0.0, 0.0, 0.0, 1.0, 1.4142135, 1.4142135, 2.828427, 4.0, 6.0]","[1.0, 1.5, 2.0, 3.5, 4.0, 4.0]","[0.0, 0.0, 0.0, 0.0, 2.4494898, 2.6457512]","[-5.0, -4.5, -3.5, -1.5, -1.5, -1.0]","[1.0, 1.5]","[0.0, 0.0]","[-3.5, -1.5]","[4.5, 6.5]","[4.472136, 6.0]","[2.0, 5.5]","[4.5, 6.5]","[4.472136, 6.0]","[2.0, 5.5]",0,2,0,0,0.0,0.0,1
516,22,5,2,"[2.5, 3.0, 3.5, 4.0, 4.5, 5.0, 5.0, 5.5, 6.0, 6.0]","[0.0, 2.4494898, 2.828427, 2.828427, 3.4641016, 4.0, 4.0, 5.196152, 5.2915025, 5.91608]","[0.5, 0.5, 1.0, 1.0, 1.5, 1.5, 2.0, 2.0, 2.0, 2.5, 2.5, 2.5, 3.0, 3.0, 3.0, 3.0, 3.5, 3.5, 4.0, 4.5, 6.5, 7.0]","[0.0, 0.0, 0.0, 0.0, 0.0, 0.0, 0.0, 0.0, 1.4142135, 1.4142135, 2.0, 2.0, 2.236068, 2.236068, 2.4494898, 2.4494898, 3.0, 3.1622777, 4.0, 4.2426405, 6.4807405, 7.0]","[-5.5, -5.0, -5.0, -5.0, -4.5, -4.5, -4.5, -4.0, -4.0, -3.5, -3.5, -2.5, -2.5, -2.5, -2.5, -2.0, -2.0, -1.5, -1.5, -1.5, -1.5, -1.0]","[0.5, 0.5, 1.0, 1.0, 2.0]","[0.0, 0.0, 0.0, 0.0, 0.0]","[-5.0, -5.0, -4.5, -2.0, -2.0]","[3.5, 4.5, 5.5, 6.5, 6.5]","[0.0, 0.0, 4.2426405, 6.0, 6.0]","[-3.5, -1.0, 0.0, 3.5, 4.0]","[3.5, 5.0]","[3.1622777, 4.0]","[-0.5, 0.5]",3,0,2,0,1.5,0.0,1
894,2,2,2,"[0.0, 0.5, 1.0, 1.5, 1.5, 2.5, 2.5, 2.5, 3.5, 4.5]","[0.0, 0.0, 0.0, 0.0, 0.0, 0.0, 1.0, 2.0, 2.4494898, 3.4641016]","[1.0, 4.0]","[0.0, 0.0]","[-2.5, -1.0]","[1.0, 4.0]","[0.0, 0.0]","[-2.5, -1.0]","[5.0, 5.5]","[4.8989797, 4.8989797]","[3.5, 5.5]","[5.0, 5.5]","[4.8989797, 4.8989797]","[3.5, 5.5]",0,2,0,0,0.0,0.0,1
553,3,1,1,"[0.5, 0.5, 1.0, 1.5, 2.0, 2.0, 3.0, 3.5, 4.0, 4.0]","[0.0, 0.0, 0.0, 0.0, 1.0, 1.7320508, 2.0, 2.6457512, 2.828427, 3.4641016]","[1.5, 2.0, 3.5]","[0.0, 0.0, 2.4494898]","[-5.5, -3.5, -2.0]",[1.5],[0.0],[-3.5],[3.5],[2.4494898],[2.5],[3.5],[2.4494898],[2.5],0,1,0,0,0.0,0.0,1
14,1,1,1,"[0.0, 0.0, 1.0, 1.0, 1.0, 1.5, 1.5, 2.5, 5.5, 6.5]","[0.0, 0.0, 0.0, 0.0, 1.0, 1.4142135, 1.4142135, 2.0, 5.477226, 6.3245554]",[3.5],[3.4641016],[-1.0],[3.5],[3.4641016],[-1.0],[3.5],[0.0],[0.0],[3.5],[0.0],[0.0],0,1,0,0,0.0,0.0,1
886,3,2,1,"[1.0, 1.0, 1.0, 1.5, 2.5, 3.0, 3.5, 4.0, 4.5, 6.0]","[0.0, 0.0, 0.0, 1.0, 2.236068, 2.4494898, 3.4641016, 3.4641016, 4.472136, 5.656854]","[2.0, 4.0, 4.5]","[0.0, 2.6457512, 4.472136]","[-3.0, -1.0, -1.0]","[2.0, 4.5]","[0.0, 4.472136]","[-3.0, -1.0]","[2.5, 5.0]","[2.0, 4.582576]","[0.0, 1.0]",[7.0],[6.928203],[4.5],1,0,1,0,1.0,0.0,1
631,22,5,1,"[1.0, 1.0, 2.5, 3.0, 5.0, 5.0, 6.0, 6.0, 6.5, 7.5]","[0.0, 0.0, 0.0, 0.0, 4.582576, 4.8989797, 5.656854, 5.91608, 6.3245554, 7.483315]","[0.5, 0.5, 1.0, 1.0, 1.0, 1.0, 2.0, 2.0, 2.0, 2.5, 3.0, 3.0, 3.0, 3.5, 3.5, 3.5, 3.5, 4.0, 4.0, 4.0, 4.0, 5.5]","[0.0, 0.0, 0.0, 0.0, 0.0, 0.0, 0.0, 1.7320508, 1.7320508, 2.0, 2.0, 2.236068, 2.828427, 2.828427, 3.1622777, 3.4641016, 3.4641016, 3.4641016, 3.4641016, 3.8729835, 4.0, 5.477226]","[-6.5, -5.5, -5.0, -4.5, -4.5, -4.5, -4.0, -3.5, -3.5, -3.0, -3.0, -3.0, -3.0, -3.0, -2.5, -2.5, -2.0, -2.0, -1.5, -1.5, -1.5, -1.5]","[0.5, 1.0, 1.0, 1.0, 2.0]","[0.0, 0.0, 0.0, 0.0, 1.7320508]","[-6.5, -5.5, -4.5, -4.5, -4.0]","[1.0, 2.0, 2.0, 4.0, 6.0]","[0.0, 1.7320508, 2.0, 3.4641016, 5.91608]","[-5.5, -4.0, -3.0, -1.5, 2.0]",[3.5],[3.4641016],[0.0],4,0,1,1,2.0,2.0,1
122,2,2,0,"[0.5, 0.5, 0.5, 1.0, 1.0, 1.5, 2.0, 3.0, 3.5, 8.0]","[0.0, 0.0, 0.0, 0.0, 0.0, 0.0, 1.0, 1.4142135, 2.828427, 7.937254]","[3.0, 4.0]","[2.236068, 3.4641016]","[-2.5, -1.5]","[3.0, 4.0]","[2.236068, 3.4641016]","[-2.5, -1.5]","[3.0, 4.0]","[2.236068, 3.4641016]","[-2.5, -1.5]",[],[],[],2,0,0,1,0.0,2.0,1
52485,6,2,1,"[0.5, 1.5, 1.5, 1.5, 1.5, 2.5, 2.5, 5.5, 5.5, 7.5]","[0.0, 0.0, 0.0, 1.4142135, 1.4142135, 2.4494898, 2.4494898, 4.8989797, 4.8989797, 7.3484693]","[1.5, 2.0, 2.5, 3.0, 3.5, 5.5]","[0.0, 0.0, 0.0, 0.0, 3.1622777, 5.477226]","[-5.0, -3.5, -3.5, -3.0, -3.0, -3.0]","[2.0, 3.5]","[0.0, 3.1622777]","[-3.5, -3.5]","[3.5, 5.5]","[2.4494898, 5.2915025]","[-2.5, 1.0]",[5.0],[3.0],[2.0],1,0,1,0,1.0,0.0,0
25107,3,2,1,"[0.0, 0.0, 1.0, 1.0, 1.0, 1.0, 2.0, 2.5, 3.0, 7.5]","[0.0, 0.0, 0.0, 0.0, 0.0, 1.0, 1.0, 2.0, 3.0, 7.3484693]","[2.5, 3.0, 3.5]","[2.0, 2.236068, 3.4641016]","[-3.5, -3.0, -1.5]","[2.5, 3.5]","[2.0, 3.4641016]","[-3.5, -1.5]","[2.0, 3.5]","[2.0, 3.1622777]","[-2.5, 0.5]",[7.5],[7.483315],[7.5],1,0,1,0,1.0,0.0,0
438,8,3,1,"[0.5, 0.5, 0.5, 1.0, 1.5, 2.5, 3.5, 4.0, 5.5, 8.5]","[0.0, 0.0, 0.0, 0.0, 0.0, 2.0, 2.6457512, 3.1622777, 5.2915025, 8.485281]","[0.5, 1.0, 1.0, 1.5, 2.5, 2.5, 3.5, 5.0]","[0.0, 0.0, 0.0, 0.0, 2.0, 2.4494898, 3.4641016, 4.0]","[-7.0, -4.0, -4.0, -3.5, -3.0, -2.5, -1.0, -1.0]","[0.5, 1.0, 2.5]","[0.0, 0.0, 2.4494898]","[-7.0, -4.0, -3.5]","[4.5, 6.0, 6.0]","[4.472136, 5.91608, 5.91608]","[-1.0, 0.0, 2.0]",[3.0],[0.0],[1.5],2,0,1,0,2.0,0.0,1
9649,3,3,2,"[0.5, 1.0, 1.0, 1.5, 1.5, 3.0, 3.5, 3.5, 6.5, 7.0]","[0.0, 0.0, 0.0, 0.0, 0.0, 1.0, 1.4142135, 2.828427, 6.4807405, 6.928203]","[3.0, 3.0, 5.0]","[2.236068, 3.0, 4.582576]","[-3.5, -3.5, -1.0]","[3.0, 3.0, 5.0]","[2.236068, 3.0, 4.582576]","[-3.5, -3.5, -1.0]","[4.0, 5.0, 6.0]","[3.0, 3.4641016, 5.196152]","[0.0, 1.0, 2.5]","[6.0, 6.0]","[5.196152, 5.196152]","[2.5, 5.0]",1,1,1,0,1.0,0.0,0
832,2,1,1,"[0.0, 0.5, 0.5, 1.0, 1.0, 1.5, 2.0, 2.5, 4.0, 4.0]","[0.0, 0.0, 0.0, 0.0, 0.0, 1.4142135, 1.7320508, 2.0, 2.6457512, 3.8729835]","[1.5, 1.5]","[0.0, 0.0]","[-4.5, -1.5]",[1.5],[0.0],[-4.5],[9.0],[9.0],[7.0],[9.0],[9.0],[7.0],0,1,0,0,0.0,0.0,1
185,4,2,1,"[0.0, 0.5, 0.5, 2.0, 2.0, 3.5, 4.0, 6.0, 7.0, 7.0]","[0.0, 0.0, 0.0, 1.7320508, 2.0, 2.4494898, 3.4641016, 6.0, 6.928203, 7.0]","[1.5, 2.0, 2.0, 3.5]","[0.0, 0.0, 1.7320508, 2.4494898]","[-5.0, -4.5, -3.0, -2.5]","[1.5, 2.0]","[0.0, 1.7320508]","[-5.0, -2.5]","[2.0, 3.0]","[0.0, 3.0]","[-4.5, -0.5]",[4.5],[2.828427],[0.5],1,0,1,0,1.0,0.0,1
225,2,1,1,"[0.0, 0.5, 0.5, 1.0, 2.0, 2.0, 2.0, 3.0, 4.0, 6.0]","[0.0, 0.0, 0.0, 0.0, 0.0, 0.0, 0.0, 1.7320508, 3.0, 5.656854]","[2.0, 2.0]","[0.0, 2.0]","[-6.0, -4.0]",[2.0],[2.0],[-4.0],[7.5],[7.3484693],[5.5],[7.5],[7.3484693],[5.5],0,1,0,0,0.0,0.0,1
25489,6,3,2,"[1.0, 1.0, 2.5, 2.5, 3.0, 3.0, 3.5, 5.0, 5.5, 6.0]","[0.0, 1.0, 2.0, 2.236068, 2.4494898, 3.0, 3.4641016, 4.0, 5.477226, 5.91608]","[1.5, 2.0, 2.0, 2.0, 3.0, 3.5]","[0.0, 0.0, 1.7320508, 2.0, 2.236068, 3.4641016]","[-3.0, -3.0, -2.5, -2.0, -2.0, -1.5]","[1.5, 2.0, 3.5]","[0.0, 1.7320508, 3.4641016]","[-3.0, -3.0, -2.0]","[3.0, 6.0, 7.0]","[2.236068, 5.196152, 6.928203]","[-2.0, 2.0, 2.5]","[6.0, 6.5]","[5.196152, 6.4807405]","[2.5, 2.5]",1,1,1,0,1.0,0.0,0
29436,3,2,1,"[0.5, 1.0, 1.0, 1.5, 1.5, 2.0, 2.0, 4.0, 4.5, 7.5]","[0.0, 0.0, 0.0, 0.0, 1.0, 1.4142135, 1.7320508, 3.4641016, 4.2426405, 7.483315]","[1.0, 3.0, 3.5]","[0.0, 1.0, 3.1622777]","[-3.5, -2.5, -2.0]","[1.0, 3.5]","[1.0, 3.1622777]","[-3.5, -2.5]","[1.0, 4.0]","[0.0, 2.6457512]","[-2.5, 0.0]",[3.5],[2.4494898],[3.5],1,0,1,0,1.0,0.0,0
6090,2,1,1,"[0.0, 0.5, 1.0, 1.0, 1.0, 1.5, 1.5, 3.0, 3.0, 5.0]","[0.0, 0.0, 0.0, 0.0, 0.0, 0.0, 1.0, 1.4142135, 2.828427, 4.582576]","[2.0, 2.5]","[0.0, 2.4494898]","[-4.0, -2.0]",[2.5],[2.4494898],[-4.0],[7.5],[7.3484693],[6.0],[7.5],[7.3484693],[6.0],0,1,0,0,0.0,0.0,0
76685,1,1,1,"[0.0, 0.5, 0.5, 0.5, 1.0, 2.0, 2.5, 2.5, 5.0, 5.5]","[0.0, 0.0, 0.0, 0.0, 0.0, 0.0, 1.7320508, 2.4494898, 5.0, 5.2915025]",[4.0],[3.4641016],[-2.0],[4.0],[3.4641016],[-2.0],[6.0],[5.196152],[1.5],[6.0],[5.196152],[1.5],0,1,0,0,0.0,0.0,0
55867,1,1,1,"[0.0, 0.5, 1.0, 1.5, 2.0, 2.5, 2.5, 3.0, 3.0, 3.5]","[0.0, 0.0, 0.0, 0.0, 1.4142135, 1.7320508, 2.0, 2.4494898, 2.828427, 3.4641016]",[4.0],[3.8729835],[-1.0],[4.0],[3.8729835],[-1.0],[5.0],[4.0],[4.0],[5.0],[4.0],[4.0],0,1,0,0,0.0,0.0,0
889,3,2,1,"[1.0, 1.0, 1.5, 1.5, 2.0, 2.0, 2.5, 2.5, 3.0, 8.0]","[0.0, 0.0, 1.4142135, 1.4142135, 1.7320508, 1.7320508, 2.0, 2.0, 2.236068, 8.0]","[2.0, 3.0, 3.5]","[0.0, 0.0, 0.0]","[-4.0, -2.0, -1.0]","[2.0, 3.0]","[0.0, 0.0]","[-4.0, -2.0]","[5.0, 6.5]","[4.0, 6.0]","[0.5, 2.0]",[3.5],[3.4641016],[2.5],1,0,1,0,1.0,0.0,1
272,10,5,3,"[0.5, 0.5, 1.0, 2.0, 3.5, 3.5, 4.0, 5.0, 5.5, 5.5]","[0.0, 0.0, 1.0, 1.7320508, 2.6457512, 3.1622777, 3.4641016, 4.0, 4.8989797, 5.2915025]","[0.0, 0.5, 1.0, 1.0, 2.0, 3.0, 3.0, 3.5, 4.0, 5.5]","[0.0, 0.0, 0.0, 0.0, 0.0, 1.7320508, 2.236068, 2.6457512, 3.4641016, 5.2915025]","[-5.0, -4.5, -4.0, -3.5, -3.5, -2.5, -2.0, -2.0, -1.0, -1.0]","[0.0, 0.5, 1.0, 3.0, 3.5]","[0.0, 0.0, 0.0, 2.236068, 3.4641016]","[-5.0, -4.0, -2.5, -2.0, -1.0]","[2.0, 5.5, 6.0, 7.5, 8.5]","[1.7320508, 4.2426405, 5.656854, 7.483315, 8.485281]","[-1.0, 3.5, 4.0, 4.5, 6.0]","[4.0, 6.0, 9.0]","[3.8729835, 5.656854, 9.0]","[2.5, 4.0, 5.5]",2,1,2,0,1.0,0.0,1
31717,1,1,1,"[0.0, 0.0, 1.0, 2.0, 2.0, 2.0, 2.5, 2.5, 3.0, 4.0]","[0.0, 0.0, 0.0, 0.0, 0.0, 0.0, 1.7320508, 2.4494898, 2.4494898, 3.8729835]",[4.5],[4.472136],[-1.0],[4.5],[4.472136],[-1.0],[6.5],[6.4807405],[5.0],[6.5],[6.4807405],[5.0],0,1,0,0,0.0,0.0,0
90,4,2,1,"[0.0, 0.5, 0.5, 1.0, 1.5, 1.5, 1.5, 3.5, 4.5, 8.0]","[0.0, 0.0, 0.0, 0.0, 0.0, 1.0, 1.4142135, 1.4142135, 3.4641016, 8.0]","[1.5, 1.5, 3.5, 6.0]","[0.0, 0.0, 1.4142135, 5.91608]","[-4.0, -3.0, -2.5, -2.5]","[1.5, 1.5]","[0.0, 1.4142135]","[-4.0, -3.0]","[2.5, 5.5]","[2.4494898, 4.2426405]","[-1.5, 1.5]",[2.5],[2.0],[2.5],1,0,1,0,1.0,0.0,1
110,3,2,2,"[1.0, 1.0, 1.0, 1.5, 1.5, 2.5, 3.0, 3.5, 4.0, 5.5]","[0.0, 0.0, 0.0, 0.0, 1.0, 1.4142135, 2.236068, 2.4494898, 3.4641016, 4.2426405]","[3.5, 3.5, 5.5]","[0.0, 3.1622777, 4.8989797]","[-2.0, -2.0, -1.0]","[3.5, 3.5]","[0.0, 3.1622777]","[-2.0, -1.0]","[1.0, 4.5]","[0.0, 1.0]","[0.0, 2.0]","[1.0, 4.5]","[0.0, 1.0]","[0.0, 2.0]",0,2,0,0,0.0,0.0,1
741,18,7,2,"[0.5, 2.0, 2.5, 3.5, 4.0, 4.0, 4.0, 5.5, 6.5, 7.0]","[0.0, 1.7320508, 2.0, 3.4641016, 3.4641016, 3.4641016, 3.8729835, 4.8989797, 6.4807405, 6.708204]","[0.0, 0.5, 0.5, 1.0, 1.5, 1.5, 1.5, 2.0, 2.0, 2.0, 2.0, 2.5, 2.5, 3.0, 4.0, 4.0, 5.0, 5.5]","[0.0, 0.0, 0.0, 0.0, 0.0, 0.0, 0.0, 0.0, 0.0, 0.0, 1.4142135, 1.4142135, 1.7320508, 2.0, 2.236068, 3.8729835, 4.582576, 5.477226]","[-5.5, -4.5, -4.0, -4.0, -3.5, -3.5, -3.5, -3.5, -3.0, -2.5, -2.5, -2.0, -1.5, -1.5, -1.5, -1.0, -1.0, -1.0]","[0.0, 0.5, 1.0, 1.5, 1.5, 1.5, 2.0]","[0.0, 0.0, 0.0, 0.0, 0.0, 1.4142135, 1.4142135]","[-5.5, -4.5, -4.0, -3.5, -3.0, -1.5, -1.5]","[2.5, 2.5, 3.0, 4.0, 5.0, 5.5, 6.0]","[0.0, 2.0, 2.236068, 2.4494898, 4.582576, 5.477226, 5.656854]","[-3.5, -2.5, -1.5, -0.5, 0.5, 1.5, 3.0]","[4.0, 6.5]","[0.0, 6.0]","[0.0, 3.0]",5,0,2,0,2.5,0.0,1
391,5,3,0,"[0.0, 0.0, 1.5, 1.5, 1.5, 2.0, 2.5, 3.5, 5.5, 7.0]","[0.0, 0.0, 0.0, 0.0, 0.0, 1.7320508, 2.0, 3.4641016, 5.2915025, 6.708204]","[1.0, 2.0, 2.0, 2.0, 5.5]","[0.0, 0.0, 1.7320508, 2.0, 5.477226]","[-2.5, -2.5, -2.0, -2.0, -2.0]","[2.0, 2.0, 5.5]","[0.0, 2.0, 5.477226]","[-2.5, -2.0, -2.0]","[3.5, 4.0, 6.5]","[3.1622777, 3.4641016, 6.3245554]","[-3.0, -0.5, 1.5]",[],[],[],3,0,0,1,0.0,3.0,1
48582,5,2,2,"[0.0, 0.5, 1.5, 1.5, 2.0, 2.0, 2.5, 3.5, 5.0, 6.5]","[0.0, 0.0, 0.0, 0.0, 0.0, 1.7320508, 2.0, 3.4641016, 4.582576, 6.3245554]","[2.0, 2.0, 3.0, 3.5, 3.5]","[1.7320508, 2.0, 2.4494898, 2.828427, 3.4641016]","[-2.5, -2.5, -2.0, -2.0, -1.0]","[2.0, 3.5]","[1.7320508, 2.4494898]","[-2.5, -2.0]","[5.0, 5.0]","[4.8989797, 5.0]","[-0.5, 3.5]","[5.0, 5.0]","[4.8989797, 5.0]","[-0.5, 3.5]",0,2,0,0,0.0,0.0,0
38783,6,2,2,"[0.0, 0.5, 0.5, 1.0, 1.5, 1.5, 1.5, 3.0, 6.5, 8.0]","[0.0, 0.0, 0.0, 0.0, 0.0, 1.0, 1.4142135, 2.828427, 6.4807405, 7.937254]","[1.0, 1.5, 3.0, 3.5, 4.0, 4.0]","[0.0, 0.0, 0.0, 0.0, 1.4142135, 4.0]","[-5.5, -4.5, -4.0, -1.5, -1.5, -1.0]","[1.5, 3.0]","[0.0, 1.4142135]","[-4.5, -1.0]","[2.0, 6.5]","[2.0, 6.4807405]","[-1.5, 3.5]","[2.0, 6.5]","[2.0, 6.4807405]","[-1.5, 3.5]",0,2,0,0,0.0,0.0,0
451,3,2,0,"[0.5, 1.5, 1.5, 2.0, 2.0, 2.0, 2.0, 2.5, 3.5, 6.5]","[0.0, 0.0, 0.0, 0.0, 0.0, 1.4142135, 2.0, 2.4494898, 3.1622777, 6.0]","[1.0, 1.5, 3.5]","[0.0, 0.0, 1.0]","[-4.0, -2.5, -2.0]","[1.0, 1.5]","[0.0, 1.0]","[-4.0, -2.5]","[1.0, 1.5]","[0.0, 1.0]","[-4.0, -2.5]",[],[],[],2,0,0,1,0.0,2.0,1
876,19,7,3,"[2.0, 2.5, 3.0, 3.5, 4.5, 5.0, 5.5, 6.0, 6.5, 8.0]","[0.0, 0.0, 0.0, 2.0, 2.236068, 4.8989797, 5.0, 5.196152, 6.4807405, 8.0]","[0.0, 0.0, 1.0, 1.0, 1.5, 2.0, 2.5, 2.5, 3.0, 3.5, 4.0, 4.5, 4.5, 4.5, 5.0, 5.0, 6.0, 6.0, 7.0]","[0.0, 0.0, 0.0, 0.0, 0.0, 1.4142135, 2.0, 2.236068, 2.4494898, 2.828427, 3.1622777, 3.4641016, 3.7416575, 4.472136, 4.8989797, 5.0, 5.656854, 5.91608, 7.0]","[-5.0, -5.0, -4.5, -4.5, -4.5, -4.5, -4.0, -3.5, -3.5, -3.5, -3.0, -3.0, -3.0, -2.5, -2.0, -1.5, -1.5, -1.0, -1.0]","[0.0, 0.0, 1.0, 1.5, 2.0, 4.5, 6.0]","[0.0, 0.0, 0.0, 0.0, 1.4142135, 2.828427, 5.656854]","[-5.0, -4.5, -4.5, -4.0, -3.5, -3.0, -1.0]","[2.5, 3.0, 4.5, 5.0, 5.5, 6.5, 8.0]","[0.0, 2.0, 3.0, 4.0, 4.8989797, 6.0, 8.0]","[-4.5, -1.5, -0.5, 1.5, 1.5, 5.0, 7.5]","[2.5, 5.0, 6.5]","[2.4494898, 4.0, 6.0]","[-1.5, 4.5, 5.0]",4,1,2,0,2.0,0.0,1
36756,2,1,1,"[0.0, 0.5, 0.5, 0.5, 1.0, 1.5, 2.0, 2.5, 3.0, 4.0]","[0.0, 0.0, 0.0, 0.0, 0.0, 0.0, 0.0, 0.0, 2.0, 3.8729835]","[2.0, 2.5]","[0.0, 0.0]","[-3.0, -1.5]",[2.0],[0.0],[-1.5],[5.0],[4.0],[5.0],[5.0],[4.0],[5.0],0,1,0,0,0.0,0.0,0
58582,2,1,1,"[0.0, 1.0, 1.0, 1.0, 2.0, 2.0, 2.5, 3.0, 4.0, 4.5]","[0.0, 0.0, 0.0, 0.0, 0.0, 1.0, 1.7320508, 2.236068, 2.4494898, 3.8729835]","[3.5, 4.0]","[0.0, 2.4494898]","[-2.0, -1.0]",[3.5],[2.4494898],[-2.0],[8.0],[8.0],[6.5],[8.0],[8.0],[6.5],0,1,0,0,0.0,0.0,0
56488,3,1,1,"[0.5, 1.0, 1.0, 1.0, 1.5, 3.0, 3.0, 3.5, 4.0, 4.0]","[0.0, 0.0, 0.0, 0.0, 1.0, 1.4142135, 2.236068, 2.6457512, 3.4641016, 3.8729835]","[1.5, 2.0, 2.0]","[0.0, 1.4142135, 1.7320508]","[-3.0, -2.5, -2.0]",[1.5],[1.4142135],[-3.0],[7.0],[6.708204],[6.5],[7.0],[6.708204],[6.5],0,1,0,0,0.0,0.0,0
1283,3,1,1,"[0.5, 0.5, 0.5, 1.0, 1.0, 1.5, 2.0, 3.0, 5.5, 6.0]","[0.0, 0.0, 0.0, 0.0, 0.0, 0.0, 1.4142135, 2.0, 4.2426405, 5.91608]","[4.0, 4.0, 5.0]","[0.0, 3.8729835, 4.8989797]","[-3.0, -2.5, -1.5]",[4.0],[3.8729835],[-2.5],[7.0],[6.708204],[4.5],[7.0],[6.708204],[4.5],0,1,0,0,0.0,0.0,0
2197,4,1,1,"[0.5, 0.5, 0.5, 1.0, 1.0, 2.5, 2.5, 2.5, 3.0, 4.0]","[0.0, 0.0, 0.0, 0.0, 0.0, 0.0, 1.0, 2.0, 2.236068, 2.6457512]","[2.0, 2.5, 3.0, 3.5]","[0.0, 2.4494898, 3.0, 3.4641016]","[-3.5, -2.0, -2.0, -1.0]",[2.5],[2.4494898],[-3.5],[3.0],[3.0],[2.5],[3.0],[3.0],[2.5],0,1,0,0,0.0,0.0,0
17020,4,3,3,"[0.0, 0.0, 1.0, 1.0, 1.5, 3.0, 4.0, 4.5, 5.0, 6.5]","[0.0, 0.0, 0.0, 0.0, 0.0, 0.0, 2.828427, 2.828427, 4.8989797, 6.3245554]","[0.5, 3.0, 4.0, 6.5]","[0.0, 2.236068, 4.0, 6.4807405]","[-4.0, -4.0, -2.0, -1.5]","[0.5, 3.0, 4.0]","[0.0, 2.236068, 4.0]","[-4.0, -4.0, -2.0]","[5.0, 6.5, 8.5]","[4.0, 6.4807405, 8.485281]","[2.5, 6.0, 6.5]","[5.0, 6.5, 8.5]","[4.0, 6.4807405, 8.485281]","[2.5, 6.0, 6.5]",0,3,0,0,0.0,0.0,0
60238,3,2,1,"[0.0, 0.5, 0.5, 1.5, 2.0, 2.0, 2.0, 3.5, 6.5, 8.5]","[0.0, 0.0, 0.0, 1.4142135, 1.7320508, 1.7320508, 1.7320508, 2.4494898, 6.4807405, 8.485281]","[3.5, 4.5, 5.0]","[0.0, 4.0, 4.472136]","[-3.0, -2.5, -2.5]","[3.5, 4.5]","[0.0, 4.472136]","[-2.5, -2.5]","[4.0, 5.0]","[3.4641016, 4.0]","[-3.0, -0.5]",[4.5],[0.0],[0.5],1,0,1,0,1.0,0.0,0
169,1,1,1,"[0.5, 0.5, 1.0, 1.5, 1.5, 1.5, 2.0, 3.0, 4.5, 7.5]","[0.0, 0.0, 0.0, 0.0, 1.0, 1.4142135, 2.0, 2.236068, 3.7416575, 7.3484693]",[3.5],[3.4641016],[-2.5],[3.5],[3.4641016],[-2.5],[3.0],[3.0],[1.5],[3.0],[3.0],[1.5],0,1,0,0,0.0,0.0,1
10782,2,1,1,"[0.5, 1.0, 1.0, 1.5, 2.0, 2.5, 3.0, 3.5, 4.5, 6.0]","[0.0, 0.0, 0.0, 0.0, 1.4142135, 2.0, 3.0, 3.4641016, 3.7416575, 5.91608]","[1.5, 3.0]","[0.0, 0.0]","[-3.0, -2.5]",[1.5],[0.0],[-3.0],[4.0],[0.0],[1.0],[4.0],[0.0],[1.0],0,1,0,0,0.0,0.0,0
42182,1,1,1,"[0.0, 0.5, 1.0, 1.0, 1.5, 1.5, 3.5, 4.0, 4.5, 5.5]","[0.0, 0.0, 0.0, 1.0, 1.4142135, 1.4142135, 3.4641016, 3.4641016, 4.2426405, 4.2426405]",[2.0],[1.7320508],[-4.0],[2.0],[1.7320508],[-4.0],[6.0],[5.656854],[2.0],[6.0],[5.656854],[2.0],0,1,0,0,0.0,0.0,0
40145,6,2,2,"[0.0, 0.5, 1.0, 1.0, 2.0, 2.5, 4.5, 5.0, 6.0, 6.5]","[0.0, 0.0, 0.0, 0.0, 1.0, 1.7320508, 2.828427, 4.8989797, 5.656854, 6.4807405]","[1.0, 3.0, 3.5, 4.0, 4.0, 4.5]","[0.0, 0.0, 3.4641016, 3.8729835, 4.0, 4.472136]","[-4.0, -4.0, -3.5, -3.5, -2.5, -2.0]","[1.0, 4.5]","[0.0, 4.472136]","[-3.5, -2.5]","[4.0, 4.5]","[3.7416575, 3.8729835]","[1.5, 2.0]","[4.0, 4.5]","[3.7416575, 3.8729835]","[1.5, 2.0]",0,2,0,0,0.0,0.0,0
72760,4,3,2,"[0.5, 1.0, 1.0, 1.0, 1.0, 1.5, 1.5, 2.0, 5.5, 5.5]","[0.0, 0.0, 0.0, 0.0, 0.0, 1.0, 1.0, 2.0, 4.2426405, 4.8989797]","[1.0, 2.0, 2.5, 3.5]","[0.0, 0.0, 1.7320508, 2.4494898]","[-3.0, -2.5, -2.0, -1.5]","[1.0, 2.0, 2.5]","[0.0, 0.0, 1.7320508]","[-3.0, -2.5, -1.5]","[1.0, 2.0, 5.0]","[0.0, 1.7320508, 3.0]","[-3.0, -0.5, 4.0]","[5.0, 6.5]","[3.0, 6.3245554]","[4.0, 5.5]",1,1,1,0,1.0,0.0,0
916,3,1,1,"[0.0, 1.0, 1.5, 1.5, 2.0, 2.5, 2.5, 3.0, 4.5, 8.5]","[0.0, 0.0, 0.0, 1.0, 1.4142135, 2.0, 2.4494898, 3.0, 4.2426405, 8.485281]","[1.5, 2.5, 4.5]","[1.4142135, 2.4494898, 2.828427]","[-4.5, -4.0, -2.0]",[1.5],[1.4142135],[-4.5],[5.5],[4.2426405],[0.0],[5.5],[4.2426405],[0.0],0,1,0,0,0.0,0.0,1
67,3,1,1,"[0.5, 0.5, 0.5, 0.5, 1.5, 3.5, 4.0, 4.0, 4.5, 5.0]","[0.0, 0.0, 0.0, 0.0, 1.4142135, 2.4494898, 3.8729835, 4.0, 4.0, 4.472136]","[2.5, 2.5, 2.5]","[0.0, 2.0, 2.4494898]","[-4.5, -4.0, -3.5]",[2.5],[2.4494898],[-4.5],[6.5],[6.4807405],[5.0],[6.5],[6.4807405],[5.0],0,1,0,0,0.0,0.0,1
927,1,1,1,"[0.5, 0.5, 0.5, 0.5, 1.5, 2.0, 2.5, 2.5, 3.0, 3.0]","[0.0, 0.0, 0.0, 0.0, 0.0, 1.7320508, 2.0, 2.0, 2.236068, 3.0]",[1.0],[0.0],[-1.5],[1.0],[0.0],[-1.5],[4.0],[2.6457512],[2.0],[4.0],[2.6457512],[2.0],0,1,0,0,0.0,0.0,1
68781,6,2,1,"[0.0, 0.0, 1.5, 1.5, 1.5, 2.5, 2.5, 3.5, 7.0, 8.0]","[0.0, 0.0, 0.0, 0.0, 1.4142135, 2.0, 2.4494898, 3.4641016, 6.928203, 8.0]","[2.0, 2.5, 2.5, 3.5, 3.5, 4.5]","[0.0, 0.0, 2.0, 2.0, 3.1622777, 4.2426405]","[-5.5, -3.5, -3.5, -3.0, -2.5, -1.5]","[2.0, 2.5]","[2.0, 2.0]","[-5.5, -3.5]","[3.5, 3.5]","[0.0, 3.1622777]","[-3.5, -2.5]",[4.5],[4.2426405],[-0.5],1,0,1,0,1.0,0.0,0
703,3,2,1,"[0.0, 0.5, 1.0, 1.0, 2.5, 2.5, 3.5, 4.0, 4.5, 7.5]","[0.0, 0.0, 0.0, 0.0, 0.0, 1.0, 2.4494898, 3.4641016, 4.472136, 7.483315]","[3.0, 4.5, 5.0]","[3.0, 4.2426405, 5.0]","[-3.5, -1.5, -1.5]","[3.0, 4.5]","[3.0, 4.2426405]","[-3.5, -1.5]","[4.5, 5.5]","[4.2426405, 4.2426405]","[-0.5, -0.5]",[2.5],[2.0],[-1.0],1,0,1,0,1.0,0.0,1
742,1,1,1,"[0.0, 0.5, 1.0, 1.0, 1.5, 2.0, 2.0, 2.5, 3.5, 8.5]","[0.0, 0.0, 0.0, 0.0, 0.0, 1.4142135, 1.7320508, 2.0, 2.4494898, 8.485281]",[2.0],[1.7320508],[-3.5],[2.0],[1.7320508],[-3.5],[3.0],[2.828427],[-1.0],[3.0],[2.828427],[-1.0],0,1,0,0,0.0,0.0,1
74746,5,2,1,"[0.0, 0.5, 0.5, 1.0, 1.0, 2.5, 3.0, 3.0, 3.5, 7.0]","[0.0, 0.0, 0.0, 0.0, 1.0, 1.0, 2.4494898, 2.828427, 3.1622777, 7.0]","[1.5, 2.0, 2.0, 2.5, 3.5]","[0.0, 0.0, 0.0, 0.0, 2.4494898]","[-4.5, -2.5, -2.0, -1.5, -1.0]","[1.5, 2.0]","[0.0, 0.0]","[-4.5, -2.5]","[7.0, 9.0]","[6.928203, 9.0]","[3.5, 5.5]",[6.5],[6.4807405],[6.5],1,0,1,0,1.0,0.0,0
49955,3,2,1,"[0.0, 0.0, 1.0, 1.0, 2.5, 2.5, 3.0, 3.0, 4.0, 7.0]","[0.0, 0.0, 0.0, 0.0, 1.0, 2.0, 2.0, 2.6457512, 2.828427, 6.708204]","[2.5, 3.0, 4.0]","[0.0, 2.236068, 2.4494898]","[-4.0, -2.5, -2.0]","[2.5, 3.0]","[2.236068, 2.4494898]","[-2.5, -2.0]","[3.0, 4.5]","[3.0, 4.472136]","[-2.0, 2.0]",[3.5],[3.1622777],[3.0],1,0,1,0,1.0,0.0,0
5524,1,1,1,"[0.0, 0.5, 1.0, 1.0, 1.5, 1.5, 2.5, 3.5, 3.5, 4.5]","[0.0, 0.0, 0.0, 0.0, 0.0, 1.0, 1.4142135, 2.4494898, 3.1622777, 3.4641016]",[1.5],[1.4142135],[-4.5],[1.5],[1.4142135],[-4.5],[6.0],[5.196152],[4.0],[6.0],[5.196152],[4.0],0,1,0,0,0.0,0.0,0
13626,1,1,1,"[0.5, 1.0, 1.5, 1.5, 1.5, 2.0, 2.0, 2.0, 4.5, 5.0]","[0.0, 0.0, 0.0, 0.0, 0.0, 0.0, 1.4142135, 2.0, 3.0, 3.7416575]",[4.0],[0.0],[-2.5],[4.0],[0.0],[-2.5],[5.5],[4.2426405],[5.0],[5.5],[4.2426405],[5.0],0,1,0,0,0.0,0.0,0
646,1,1,1,"[0.0, 0.5, 0.5, 1.0, 1.0, 2.0, 3.5, 4.0, 4.0, 9.0]","[0.0, 0.0, 0.0, 0.0, 0.0, 1.0, 1.7320508, 3.4641016, 3.8729835, 9.0]",[3.5],[3.4641016],[-1.0],[3.5],[3.4641016],[-1.0],[2.5],[2.0],[-0.5],[2.5],[2.0],[-0.5],0,1,0,0,0.0,0.0,1
656,2,1,1,"[0.0, 0.5, 0.5, 1.0, 2.0, 2.0, 3.0, 3.0, 4.0, 5.5]","[0.0, 0.0, 0.0, 0.0, 0.0, 2.0, 2.0, 2.828427, 4.0, 4.2426405]","[3.0, 4.5]","[2.828427, 4.2426405]","[-3.5, -2.0]",[3.0],[2.828427],[-3.5],[3.5],[2.4494898],[1.5],[3.5],[2.4494898],[1.5],0,1,0,0,0.0,0.0,1
476,3,1,1,"[0.5, 0.5, 1.5, 1.5, 1.5, 1.5, 2.0, 3.0, 4.0, 5.0]","[0.0, 0.0, 0.0, 0.0, 0.0, 1.4142135, 1.7320508, 2.236068, 2.6457512, 4.582576]","[2.0, 2.5, 3.5]","[0.0, 2.4494898, 2.4494898]","[-4.5, -3.0, -1.5]",[2.5],[2.4494898],[-4.5],[4.0],[2.6457512],[2.0],[4.0],[2.6457512],[2.0],0,1,0,0,0.0,0.0,1
84342,3,2,2,"[0.0, 0.0, 1.0, 1.0, 2.0, 2.5, 2.5, 3.5, 5.5, 5.5]","[0.0, 0.0, 0.0, 0.0, 1.0, 2.0, 2.4494898, 3.4641016, 5.2915025, 5.477226]","[1.5, 2.0, 2.0]","[0.0, 1.4142135, 1.7320508]","[-3.0, -2.5, -2.0]","[1.5, 2.0]","[0.0, 1.4142135]","[-3.0, -2.0]","[5.0, 5.5]","[4.8989797, 5.0]","[2.0, 2.5]","[5.0, 5.5]","[4.8989797, 5.0]","[2.0, 2.5]",0,2,0,0,0.0,0.0,0
637,6,2,1,"[0.5, 1.0, 1.0, 1.5, 1.5, 2.0, 2.0, 3.5, 6.0, 7.0]","[0.0, 0.0, 0.0, 1.0, 1.4142135, 1.7320508, 2.0, 3.1622777, 5.196152, 6.928203]","[1.5, 2.0, 3.0, 3.5, 3.5, 4.0]","[0.0, 0.0, 0.0, 2.0, 2.236068, 3.8729835]","[-4.5, -3.5, -2.5, -2.5, -2.0, -1.5]","[2.0, 4.0]","[2.0, 3.8729835]","[-4.5, -3.5]","[3.0, 5.5]","[2.236068, 5.477226]","[-2.0, 1.0]",[2.5],[2.0],[0.0],1,0,1,0,1.0,0.0,1
105,4,3,2,"[1.0, 1.0, 1.0, 1.0, 1.0, 1.5, 2.0, 5.0, 6.5, 7.0]","[0.0, 0.0, 0.0, 0.0, 1.0, 1.0, 1.0, 4.582576, 6.3245554, 6.928203]","[1.0, 1.5, 3.0, 3.5]","[0.0, 0.0, 2.236068, 2.4494898]","[-4.0, -2.5, -2.5, -2.5]","[1.0, 1.5, 3.0]","[0.0, 0.0, 2.236068]","[-2.5, -2.5, -2.5]","[4.0, 5.5, 6.5]","[0.0, 4.2426405, 6.0]","[0.5, 1.0, 2.0]","[2.0, 5.5]","[0.0, 4.2426405]","[-1.0, 1.0]",1,1,1,0,1.0,0.0,1
17866,3,2,2,"[1.0, 1.0, 1.0, 1.5, 2.0, 2.5, 3.0, 3.5, 4.0, 4.5]","[0.0, 0.0, 0.0, 0.0, 1.0, 1.4142135, 1.7320508, 2.4494898, 2.828427, 4.2426405]","[2.5, 2.5, 4.0]","[2.4494898, 2.4494898, 3.8729835]","[-3.0, -2.5, -2.5]","[2.5, 2.5]","[2.4494898, 2.4494898]","[-3.0, -2.5]","[3.0, 4.5]","[2.236068, 2.828427]","[0.5, 4.0]","[3.0, 4.5]","[2.236068, 2.828427]","[0.5, 4.0]",0,2,0,0,0.0,0.0,0
576,4,3,2,"[1.0, 2.0, 2.0, 2.0, 2.5, 3.5, 3.5, 4.0, 4.5, 7.5]","[0.0, 0.0, 0.0, 0.0, 0.0, 1.0, 2.0, 3.4641016, 3.4641016, 7.483315]","[1.5, 2.0, 2.5, 5.5]","[0.0, 0.0, 1.4142135, 5.477226]","[-5.0, -2.5, -2.0, -1.5]","[1.5, 2.0, 2.5]","[0.0, 0.0, 1.4142135]","[-5.0, -2.5, -1.5]","[3.5, 5.5, 6.0]","[3.1622777, 4.2426405, 5.656854]","[1.0, 3.0, 4.5]","[4.0, 6.0]","[0.0, 5.656854]","[0.0, 4.5]",1,1,1,0,1.0,0.0,1
914,1,1,1,"[0.5, 1.0, 1.0, 1.0, 2.0, 2.0, 2.5, 4.0, 6.0, 7.5]","[0.0, 0.0, 0.0, 0.0, 1.0, 2.0, 2.4494898, 2.6457512, 6.0, 7.483315]",[2.5],[2.0],[-2.0],[2.5],[2.0],[-2.0],[6.5],[6.3245554],[2.5],[6.5],[6.3245554],[2.5],0,1,0,0,0.0,0.0,1
32848,2,2,1,"[0.0, 0.5, 0.5, 1.5, 1.5, 2.0, 2.5, 3.0, 3.5, 8.0]","[0.0, 0.0, 0.0, 0.0, 0.0, 0.0, 1.4142135, 2.0, 2.236068, 7.937254]","[4.0, 4.0]","[0.0, 3.4641016]","[-1.0, -1.0]","[4.0, 4.0]","[0.0, 3.4641016]","[-1.0, -1.0]","[2.5, 2.5]","[0.0, 2.4494898]","[-2.0, -1.0]",[6.5],[6.0],[6.5],1,0,1,0,1.0,0.0,0
46349,2,1,1,"[0.5, 1.0, 1.0, 1.5, 1.5, 2.5, 2.5, 3.5, 4.5, 5.0]","[0.0, 0.0, 0.0, 0.0, 0.0, 1.4142135, 2.4494898, 3.1622777, 4.472136, 5.0]","[2.0, 3.5]","[0.0, 3.4641016]","[-1.5, -1.0]",[3.5],[3.4641016],[-1.5],[4.0],[4.0],[0.5],[4.0],[4.0],[0.5],0,1,0,0,0.0,0.0,0
33844,3,2,2,"[0.5, 0.5, 0.5, 1.5, 2.0, 2.0, 3.0, 3.5, 5.5, 6.5]","[0.0, 0.0, 0.0, 0.0, 0.0, 0.0, 0.0, 1.7320508, 5.477226, 6.0]","[1.5, 4.0, 5.5]","[0.0, 0.0, 5.477226]","[-3.5, -3.0, -2.5]","[1.5, 5.5]","[0.0, 5.477226]","[-3.5, -2.5]","[1.5, 5.5]","[1.4142135, 5.2915025]","[-0.5, 5.5]","[1.5, 5.5]","[1.4142135, 5.2915025]","[-0.5, 5.5]",0,2,0,0,0.0,0.0,0
74343,3,2,2,"[0.0, 0.5, 0.5, 0.5, 1.5, 1.5, 1.5, 3.5, 4.5, 4.5]","[0.0, 0.0, 0.0, 0.0, 0.0, 0.0, 0.0, 0.0, 0.0, 2.4494898]","[1.5, 3.0, 4.5]","[0.0, 0.0, 4.472136]","[-4.5, -3.0, -2.0]","[1.5, 4.5]","[0.0, 4.472136]","[-4.5, -3.0]","[4.0, 6.5]","[0.0, 6.0]","[3.5, 6.5]","[4.0, 6.5]","[0.0, 6.0]","[3.5, 6.5]",0,2,0,0,0.0,0.0,0
754,1,1,1,"[0.0, 0.0, 0.5, 1.0, 1.0, 1.5, 1.5, 2.0, 4.0, 7.5]","[0.0, 0.0, 0.0, 0.0, 0.0, 0.0, 1.0, 2.0, 3.8729835, 7.483315]",[3.5],[2.4494898],[-1.0],[3.5],[2.4494898],[-1.0],[1.5],[0.0],[-3.5],[1.5],[0.0],[-3.5],0,1,0,0,0.0,0.0,1
17974,1,1,1,"[0.0, 0.0, 0.5, 1.0, 1.0, 1.5, 1.5, 3.5, 4.5, 6.5]","[0.0, 0.0, 0.0, 0.0, 0.0, 0.0, 1.0, 3.4641016, 4.2426405, 6.0]",[4.0],[0.0],[-1.0],[4.0],[0.0],[-1.0],[7.0],[7.0],[4.5],[7.0],[7.0],[4.5],0,1,0,0,0.0,0.0,0
552,19,4,2,"[0.5, 2.0, 2.0, 2.5, 3.0, 3.5, 4.5, 6.5, 6.5, 7.0]","[0.0, 1.7320508, 1.7320508, 2.0, 2.236068, 3.1622777, 4.472136, 6.3245554, 6.3245554, 6.928203]","[0.0, 0.5, 0.5, 0.5, 1.0, 1.0, 2.0, 2.0, 2.0, 2.0, 2.5, 2.5, 3.0, 3.0, 3.0, 3.0, 3.0, 3.5, 4.0]","[0.0, 0.0, 0.0, 0.0, 0.0, 0.0, 0.0, 0.0, 1.7320508, 1.7320508, 1.7320508, 2.0, 2.236068, 2.4494898, 2.6457512, 2.828427, 3.0, 3.0, 3.4641016]","[-7.0, -6.0, -4.5, -4.5, -4.0, -4.0, -4.0, -3.5, -3.5, -3.0, -3.0, -3.0, -2.5, -2.5, -2.0, -1.5, -1.5, -1.5, -1.5]","[0.0, 0.5, 0.5, 1.0]","[0.0, 0.0, 0.0, 0.0]","[-7.0, -4.0, -4.0, -3.0]","[2.0, 3.0, 4.0, 7.0]","[0.0, 1.7320508, 2.6457512, 6.928203]","[-4.5, -2.5, 0.5, 2.5]","[3.0, 7.5]","[0.0, 7.3484693]","[-1.5, 3.0]",2,0,2,0,1.0,0.0,1
50559,5,2,2,"[0.0, 0.5, 1.0, 1.5, 1.5, 2.0, 3.0, 4.5, 6.5, 7.0]","[0.0, 0.0, 0.0, 0.0, 0.0, 0.0, 1.7320508, 4.2426405, 6.4807405, 6.708204]","[0.5, 1.5, 1.5, 2.0, 3.5]","[0.0, 0.0, 1.4142135, 1.4142135, 3.4641016]","[-6.0, -4.5, -3.0, -2.5, -1.5]","[0.5, 1.5]","[0.0, 1.4142135]","[-4.5, -3.0]","[4.5, 5.5]","[4.2426405, 5.477226]","[3.0, 4.5]","[4.5, 5.5]","[4.2426405, 5.477226]","[3.0, 4.5]",0,2,0,0,0.0,0.0,0
17322,3,2,2,"[0.5, 1.0, 1.5, 1.5, 1.5, 2.0, 2.5, 3.0, 3.5, 6.5]","[0.0, 0.0, 0.0, 0.0, 0.0, 0.0, 1.4142135, 2.0, 2.236068, 6.0]","[2.0, 3.0, 6.0]","[0.0, 0.0, 5.656854]","[-4.0, -1.0, -1.0]","[2.0, 3.0]","[0.0, 0.0]","[-4.0, -1.0]","[5.5, 8.0]","[4.8989797, 8.0]","[3.5, 8.0]","[5.5, 8.0]","[4.8989797, 8.0]","[3.5, 8.0]",0,2,0,0,0.0,0.0,0
15550,4,2,1,"[0.0, 0.0, 1.0, 1.5, 1.5, 1.5, 1.5, 2.0, 3.0, 8.0]","[0.0, 0.0, 0.0, 0.0, 0.0, 1.4142135, 1.4142135, 1.7320508, 3.0, 7.937254]","[0.5, 1.5, 2.5, 5.0]","[0.0, 0.0, 0.0, 4.0]","[-4.5, -3.0, -2.0, -1.0]","[0.5, 5.0]","[0.0, 4.0]","[-4.5, -1.0]","[1.5, 2.5]","[0.0, 2.4494898]","[-2.5, -2.0]",[4.5],[4.472136],[4.0],1,0,1,0,1.0,0.0,0
62065,5,2,1,"[0.5, 0.5, 1.5, 1.5, 1.5, 2.5, 2.5, 4.0, 5.5, 6.5]","[0.0, 0.0, 1.4142135, 1.4142135, 1.4142135, 2.0, 2.0, 3.4641016, 4.8989797, 6.0]","[1.5, 2.5, 3.5, 4.0, 4.5]","[0.0, 1.4142135, 2.4494898, 2.6457512, 2.828427]","[-5.0, -3.5, -2.5, -1.5, -1.0]","[1.5, 3.5]","[1.4142135, 2.4494898]","[-5.0, -3.5]","[4.0, 4.5]","[2.828427, 3.8729835]","[-1.0, 0.5]",[9.0],[9.0],[6.5],1,0,1,0,1.0,0.0,0
267,1,1,1,"[0.0, 0.0, 0.5, 1.0, 2.0, 2.0, 3.0, 3.5, 3.5, 3.5]","[0.0, 0.0, 0.0, 0.0, 0.0, 0.0, 0.0, 2.4494898, 2.4494898, 2.828427]",[1.5],[1.4142135],[-4.0],[1.5],[1.4142135],[-4.0],[5.0],[4.0],[5.0],[5.0],[4.0],[5.0],0,1,0,0,0.0,0.0,1
393,4,2,2,"[1.0, 1.0, 1.0, 1.5, 1.5, 1.5, 3.0, 4.5, 5.5, 6.0]","[0.0, 0.0, 0.0, 0.0, 0.0, 1.0, 2.236068, 4.472136, 5.2915025, 6.0]","[1.5, 2.0, 3.0, 3.5]","[0.0, 1.7320508, 2.4494898, 2.828427]","[-2.5, -2.0, -2.0, -1.0]","[1.5, 2.0]","[0.0, 1.7320508]","[-2.5, -2.0]","[1.5, 5.0]","[0.0, 4.582576]","[-2.0, 3.0]","[1.5, 5.0]","[0.0, 4.582576]","[-2.0, 3.0]",0,2,0,0,0.0,0.0,1
26865,4,3,2,"[1.0, 1.0, 1.0, 1.0, 2.0, 2.0, 2.0, 2.0, 5.0, 9.0]","[0.0, 0.0, 0.0, 0.0, 0.0, 0.0, 1.0, 2.0, 5.0, 9.0]","[2.0, 2.5, 2.5, 5.0]","[0.0, 2.0, 2.4494898, 4.582576]","[-4.0, -4.0, -2.5, -2.0]","[2.0, 2.5, 2.5]","[0.0, 2.0, 2.4494898]","[-4.0, -4.0, -2.5]","[3.5, 3.5, 6.0]","[3.1622777, 3.4641016, 5.91608]","[-1.0, -1.0, 3.5]","[3.5, 6.0]","[3.1622777, 5.91608]","[3.5, 3.5]",1,1,1,0,1.0,0.0,0
88,2,1,1,"[0.0, 0.5, 1.5, 1.5, 2.0, 2.0, 3.0, 3.5, 4.0, 5.5]","[0.0, 0.0, 0.0, 0.0, 0.0, 0.0, 1.4142135, 1.7320508, 3.0, 5.477226]","[0.5, 1.5]","[0.0, 0.0]","[-6.0, -4.0]",[0.5],[0.0],[-6.0],[6.5],[6.0],[3.5],[6.5],[6.0],[3.5],0,1,0,0,0.0,0.0,1
1217,2,2,1,"[0.0, 1.0, 1.0, 1.0, 1.5, 2.5, 2.5, 2.5, 4.5, 7.0]","[0.0, 0.0, 0.0, 0.0, 1.0, 2.0, 2.0, 2.4494898, 4.472136, 6.928203]","[1.0, 1.5]","[0.0, 0.0]","[-4.5, -4.0]","[1.0, 1.5]","[0.0, 0.0]","[-4.5, -4.0]","[3.0, 6.0]","[0.0, 6.0]","[-2.5, 1.5]",[4.0],[2.6457512],[1.0],1,0,1,0,1.0,0.0,0
94743,2,1,1,"[0.0, 0.5, 1.0, 1.0, 1.0, 1.0, 3.0, 3.0, 4.5, 4.5]","[0.0, 0.0, 0.0, 0.0, 0.0, 0.0, 1.0, 2.236068, 3.0, 3.7416575]","[3.0, 4.5]","[0.0, 2.828427]","[-5.0, -1.0]",[3.0],[0.0],[-5.0],[4.5],[4.2426405],[3.5],[4.5],[4.2426405],[3.5],0,1,0,0,0.0,0.0,0
150,2,2,2,"[0.0, 0.5, 1.0, 1.0, 1.5, 3.0, 3.5, 4.5, 4.5, 6.0]","[0.0, 0.0, 0.0, 0.0, 1.0, 2.828427, 3.0, 3.1622777, 3.7416575, 5.196152]","[3.0, 3.5]","[0.0, 0.0]","[-3.5, -1.5]","[3.0, 3.5]","[0.0, 0.0]","[-3.5, -1.5]","[2.5, 5.0]","[0.0, 4.582576]","[1.0, 3.0]","[2.5, 5.0]","[0.0, 4.582576]","[1.0, 3.0]",0,2,0,0,0.0,0.0,1
129,18,7,3,"[1.5, 2.0, 2.5, 3.5, 3.5, 4.0, 4.5, 5.5, 6.0, 6.5]","[1.4142135, 2.0, 2.0, 2.4494898, 2.6457512, 3.1622777, 4.2426405, 4.8989797, 6.0, 6.3245554]","[0.0, 0.0, 0.5, 0.5, 0.5, 1.0, 1.0, 1.5, 1.5, 2.0, 2.0, 2.0, 2.5, 2.5, 3.0, 3.0, 4.5, 5.5]","[0.0, 0.0, 0.0, 0.0, 0.0, 0.0, 0.0, 0.0, 0.0, 0.0, 1.0, 1.7320508, 2.0, 2.4494898, 2.828427, 3.0, 4.472136, 5.477226]","[-5.5, -4.5, -4.5, -4.0, -4.0, -3.5, -3.0, -2.5, -2.5, -2.0, -2.0, -2.0, -1.5, -1.5, -1.5, -1.5, -1.0, -1.0]","[0.0, 0.0, 0.5, 1.0, 1.5, 2.0, 2.5]","[0.0, 0.0, 0.0, 0.0, 0.0, 0.0, 2.4494898]","[-4.5, -4.5, -3.0, -2.0, -1.5, -1.5, -1.0]","[3.0, 3.5, 6.0, 6.0, 6.0, 8.0, 8.0]","[0.0, 2.828427, 5.656854, 5.656854, 6.0, 7.937254, 7.937254]","[-2.0, -1.5, 0.5, 2.0, 3.0, 4.0, 4.0]","[3.0, 5.5, 5.5]","[2.828427, 4.2426405, 5.2915025]","[-2.0, 0.5, 1.5]",4,1,2,0,2.0,0.0,1
48699,2,2,1,"[0.0, 1.0, 2.0, 2.0, 2.0, 2.0, 2.0, 3.0, 3.5, 8.0]","[0.0, 0.0, 1.0, 1.7320508, 2.0, 2.0, 2.0, 2.4494898, 2.828427, 8.0]","[4.0, 4.5]","[3.8729835, 4.2426405]","[-3.0, -1.5]","[4.0, 4.5]","[3.8729835, 4.2426405]","[-3.0, -1.5]","[3.5, 5.5]","[3.4641016, 4.2426405]","[-1.0, 1.5]",[9.0],[9.0],[8.5],1,0,1,0,1.0,0.0,0
37355,2,2,1,"[0.0, 0.5, 1.0, 1.5, 1.5, 2.5, 2.5, 3.5, 4.0, 7.5]","[0.0, 0.0, 0.0, 0.0, 0.0, 1.0, 2.4494898, 3.1622777, 3.8729835, 7.483315]","[1.5, 3.5]","[0.0, 3.4641016]","[-3.5, -3.0]","[1.5, 3.5]","[0.0, 3.4641016]","[-3.5, -3.0]","[3.5, 5.0]","[0.0, 4.8989797]","[-0.5, 1.5]",[6.5],[6.3245554],[6.5],1,0,1,0,1.0,0.0,0
44778,4,2,1,"[0.5, 1.0, 1.5, 1.5, 1.5, 2.0, 2.5, 3.5, 7.0, 7.0]","[0.0, 0.0, 0.0, 0.0, 1.4142135, 1.4142135, 1.7320508, 2.4494898, 6.928203, 7.0]","[1.0, 2.5, 3.5, 5.5]","[1.0, 2.4494898, 2.4494898, 5.477226]","[-4.0, -2.5, -2.0, -1.0]","[1.0, 2.5]","[1.0, 2.4494898]","[-4.0, -2.5]","[4.0, 5.0]","[3.0, 3.8729835]","[0.5, 1.0]",[3.5],[0.0],[3.0],1,0,1,0,1.0,0.0,0
323,2,1,1,"[0.0, 0.5, 0.5, 0.5, 1.5, 1.5, 2.5, 3.0, 4.0, 4.5]","[0.0, 0.0, 0.0, 0.0, 0.0, 0.0, 0.0, 2.828427, 4.0, 4.2426405]","[1.0, 1.0]","[0.0, 1.0]","[-3.0, -2.5]",[1.0],[1.0],[-2.5],[6.5],[6.3245554],[4.5],[6.5],[6.3245554],[4.5],0,1,0,0,0.0,0.0,1
347,20,6,1,"[0.5, 3.0, 3.0, 3.5, 4.0, 4.0, 4.0, 5.5, 6.0, 6.0]","[0.0, 2.4494898, 2.828427, 2.828427, 3.4641016, 3.8729835, 3.8729835, 5.196152, 5.477226, 5.656854]","[0.5, 0.5, 1.0, 1.0, 1.0, 1.0, 1.5, 1.5, 1.5, 1.5, 1.5, 2.0, 2.0, 2.0, 2.0, 2.5, 2.5, 3.5, 3.5, 4.0]","[0.0, 0.0, 0.0, 0.0, 0.0, 0.0, 0.0, 0.0, 1.0, 1.4142135, 1.4142135, 1.4142135, 1.7320508, 1.7320508, 2.0, 2.0, 2.0, 2.4494898, 3.4641016, 4.0]","[-6.0, -5.5, -5.0, -4.5, -4.5, -4.5, -4.0, -3.5, -3.5, -3.0, -3.0, -2.5, -2.0, -2.0, -2.0, -2.0, -1.5, -1.5, -1.5, -1.0]","[0.5, 1.0, 1.0, 1.0, 1.5, 2.0]","[0.0, 0.0, 0.0, 0.0, 1.0, 1.7320508]","[-5.5, -4.5, -4.5, -3.0, -2.5, -2.0]","[2.5, 3.0, 4.0, 5.0, 8.5, 8.5]","[0.0, 0.0, 2.0, 5.0, 8.485281, 8.485281]","[-3.0, -3.0, 0.0, 3.0, 3.5, 5.0]",[8.0],[8.0],[5.0],5,0,1,1,1.0,4.0,1
265,2,1,1,"[0.0, 0.5, 0.5, 0.5, 1.0, 2.0, 3.0, 3.5, 5.0, 6.0]","[0.0, 0.0, 0.0, 0.0, 0.0, 0.0, 2.0, 3.1622777, 4.582576, 5.91608]","[4.5, 4.5]","[4.2426405, 4.472136]","[-2.5, -1.5]",[4.5],[4.472136],[-2.5],[7.5],[7.3484693],[3.5],[7.5],[7.3484693],[3.5],0,1,0,0,0.0,0.0,1
315,1,1,1,"[0.5, 1.0, 1.0, 1.0, 1.5, 2.0, 2.5, 2.5, 3.0, 7.5]","[0.0, 0.0, 0.0, 0.0, 0.0, 0.0, 1.0, 2.4494898, 2.828427, 7.3484693]",[2.5],[0.0],[-4.5],[2.5],[0.0],[-4.5],[5.5],[4.8989797],[2.5],[5.5],[4.8989797],[2.5],0,1,0,0,0.0,0.0,1
14274,2,2,1,"[0.0, 0.5, 0.5, 1.0, 1.0, 1.5, 1.5, 3.0, 4.0, 9.0]","[0.0, 0.0, 0.0, 0.0, 0.0, 0.0, 0.0, 1.4142135, 3.8729835, 9.0]","[2.5, 4.0]","[0.0, 2.6457512]","[-3.5, -1.5]","[2.5, 4.0]","[0.0, 2.6457512]","[-3.5, -1.5]","[5.0, 6.0]","[4.0, 5.91608]","[-1.0, 0.0]",[9.0],[9.0],[6.0],1,0,1,0,1.0,0.0,0
502,1,1,1,"[0.0, 0.0, 0.5, 1.5, 1.5, 2.0, 2.5, 2.5, 3.5, 7.0]","[0.0, 0.0, 0.0, 0.0, 0.0, 0.0, 1.7320508, 2.4494898, 2.4494898, 6.928203]",[1.0],[1.0],[-3.5],[1.0],[1.0],[-3.5],[1.5],[0.0],[-3.5],[1.5],[0.0],[-3.5],0,1,0,0,0.0,0.0,1
19750,3,2,2,"[0.5, 1.0, 1.0, 1.0, 1.5, 1.5, 2.5, 2.5, 4.5, 7.0]","[0.0, 0.0, 0.0, 0.0, 0.0, 0.0, 1.0, 2.0, 4.472136, 7.0]","[1.5, 1.5, 3.5]","[1.4142135, 1.4142135, 3.4641016]","[-4.5, -3.0, -1.5]","[1.5, 1.5]","[1.4142135, 1.4142135]","[-4.5, -3.0]","[4.0, 8.0]","[3.8729835, 8.0]","[1.5, 4.5]","[4.0, 8.0]","[3.8729835, 8.0]","[1.5, 4.5]",0,2,0,0,0.0,0.0,0
357,10,3,1,"[0.5, 1.5, 1.5, 2.0, 2.5, 3.5, 3.5, 3.5, 5.5, 7.0]","[0.0, 0.0, 0.0, 0.0, 0.0, 1.7320508, 3.4641016, 3.4641016, 5.477226, 6.708204]","[1.0, 1.0, 1.5, 2.5, 2.5, 2.5, 3.0, 4.5, 5.5, 6.0]","[0.0, 0.0, 0.0, 1.0, 2.236068, 2.4494898, 2.4494898, 4.472136, 5.2915025, 5.656854]","[-4.5, -3.0, -3.0, -2.0, -2.0, -2.0, -2.0, -2.0, -2.0, -1.5]","[1.0, 2.5, 6.0]","[1.0, 2.4494898, 5.656854]","[-4.5, -2.0, -2.0]","[2.5, 5.5, 6.5]","[2.4494898, 5.2915025, 6.3245554]","[-2.0, -1.5, 4.0]",[7.5],[7.483315],[6.0],2,0,1,0,2.0,0.0,1
719,2,1,1,"[0.0, 1.0, 1.5, 2.0, 2.0, 2.0, 2.0, 2.0, 2.5, 8.0]","[0.0, 0.0, 0.0, 0.0, 1.4142135, 1.7320508, 2.0, 2.0, 2.4494898, 7.937254]","[1.5, 3.0]","[0.0, 2.236068]","[-3.0, -2.5]",[1.5],[0.0],[-3.0],[5.0],[4.0],[0.0],[5.0],[4.0],[0.0],0,1,0,0,0.0,0.0,1
89,3,1,1,"[0.0, 0.0, 1.0, 2.0, 2.0, 2.5, 3.0, 4.0, 4.5, 6.5]","[0.0, 0.0, 0.0, 0.0, 0.0, 0.0, 1.7320508, 2.236068, 3.8729835, 6.4807405]","[2.0, 3.5, 5.0]","[0.0, 2.4494898, 4.582576]","[-5.0, -4.5, -2.0]",[2.0],[0.0],[-5.0],[4.0],[4.0],[3.5],[4.0],[4.0],[3.5],0,1,0,0,0.0,0.0,1
535,2,1,1,"[0.0, 0.0, 0.0, 0.5, 1.0, 1.5, 3.0, 3.0, 4.0, 6.5]","[0.0, 0.0, 0.0, 0.0, 0.0, 0.0, 2.236068, 2.236068, 2.6457512, 6.4807405]","[2.0, 3.5]","[0.0, 3.1622777]","[-3.5, -3.0]",[3.5],[3.1622777],[-3.0],[3.0],[2.828427],[-1.0],[3.0],[2.828427],[-1.0],0,1,0,0,0.0,0.0,1
68897,3,1,1,"[0.5, 0.5, 1.5, 1.5, 1.5, 2.0, 2.5, 3.5, 3.5, 5.0]","[0.0, 0.0, 0.0, 0.0, 0.0, 0.0, 0.0, 1.4142135, 3.4641016, 4.8989797]","[0.5, 1.5, 2.5]","[0.0, 0.0, 0.0]","[-3.5, -3.0, -1.0]",[0.5],[0.0],[-3.5],[8.0],[7.937254],[5.5],[8.0],[7.937254],[5.5],0,1,0,0,0.0,0.0,0
11,15,7,2,"[2.0, 2.0, 2.5, 3.0, 3.0, 3.5, 5.0, 5.0, 5.0, 6.5]","[0.0, 0.0, 2.0, 2.236068, 2.4494898, 2.828427, 3.0, 4.582576, 4.8989797, 6.4807405]","[1.0, 1.0, 1.0, 1.5, 1.5, 1.5, 2.0, 2.0, 2.0, 2.0, 2.5, 4.0, 4.0, 4.5, 5.0]","[0.0, 0.0, 0.0, 0.0, 0.0, 1.0, 1.0, 1.7320508, 1.7320508, 2.0, 2.4494898, 3.4641016, 3.4641016, 3.7416575, 4.8989797]","[-5.0, -4.0, -4.0, -3.5, -3.5, -3.5, -3.0, -2.5, -2.5, -2.5, -2.0, -2.0, -1.5, -1.0, -1.0]","[1.0, 1.0, 1.0, 1.5, 1.5, 2.0, 2.0]","[0.0, 0.0, 0.0, 1.0, 1.0, 1.7320508, 1.7320508]","[-5.0, -3.5, -3.5, -2.5, -2.0, -2.0, -1.0]","[1.5, 2.0, 4.5, 5.5, 5.5, 7.0, 9.0]","[0.0, 1.7320508, 3.7416575, 4.8989797, 5.2915025, 6.708204, 9.0]","[-3.5, -3.0, -2.0, 2.0, 2.5, 4.0, 6.5]","[2.5, 4.5]","[0.0, 2.828427]","[-2.5, 3.5]",5,0,2,1,1.5,2.0,1
332,6,3,2,"[0.5, 0.5, 1.0, 1.5, 3.5, 3.5, 5.0, 5.5, 5.5, 6.5]","[0.0, 0.0, 0.0, 1.0, 3.0, 3.1622777, 3.4641016, 5.2915025, 5.477226, 6.3245554]","[0.5, 1.0, 1.5, 1.5, 2.0, 5.0]","[0.0, 0.0, 0.0, 0.0, 0.0, 4.0]","[-4.5, -4.5, -3.0, -2.0, -1.0, -1.0]","[0.5, 1.5, 2.0]","[0.0, 0.0, 0.0]","[-4.5, -2.0, -1.0]","[4.5, 5.0, 9.0]","[0.0, 4.0, 9.0]","[1.0, 1.0, 5.5]","[4.5, 9.0]","[2.828427, 9.0]","[2.5, 5.5]",1,1,1,0,1.0,0.0,1
6965,5,2,1,"[0.5, 0.5, 1.5, 2.0, 2.5, 2.5, 3.5, 4.0, 4.0, 7.5]","[0.0, 0.0, 0.0, 1.4142135, 2.0, 2.0, 2.4494898, 3.4641016, 3.8729835, 7.3484693]","[1.5, 2.5, 3.5, 4.5, 4.5]","[0.0, 0.0, 2.4494898, 3.7416575, 4.472136]","[-3.5, -3.0, -2.5, -2.0, -1.0]","[1.5, 2.5]","[0.0, 0.0]","[-3.5, -1.0]","[2.0, 3.5]","[1.7320508, 2.4494898]","[-2.0, -1.0]",[7.5],[7.483315],[6.5],1,0,1,0,1.0,0.0,0
52318,3,2,1,"[0.5, 0.5, 1.0, 1.0, 1.5, 2.0, 2.5, 3.0, 5.5, 6.5]","[0.0, 0.0, 0.0, 0.0, 0.0, 1.0, 2.4494898, 3.0, 5.477226, 6.3245554]","[1.5, 2.0, 3.5]","[0.0, 1.4142135, 1.7320508]","[-3.5, -2.0, -2.0]","[1.5, 2.0]","[1.4142135, 1.7320508]","[-3.5, -2.0]","[0.5, 3.5]","[0.0, 2.4494898]","[-2.0, -0.5]",[8.0],[7.937254],[8.0],1,0,1,0,1.0,0.0,0
79512,2,2,2,"[1.5, 1.5, 1.5, 1.5, 2.0, 2.5, 2.5, 3.0, 4.0, 4.0]","[0.0, 0.0, 0.0, 0.0, 1.4142135, 1.7320508, 2.236068, 2.4494898, 3.4641016, 4.0]","[2.0, 2.5]","[0.0, 1.7320508]","[-2.0, -2.0]","[2.0, 2.5]","[0.0, 1.7320508]","[-2.0, -2.0]","[4.0, 5.0]","[0.0, 4.582576]","[2.0, 5.0]","[4.0, 5.0]","[0.0, 4.582576]","[2.0, 5.0]",0,2,0,0,0.0,0.0,0
260,3,3,2,"[0.0, 0.5, 1.5, 1.5, 2.5, 3.5, 3.5, 4.5, 5.0, 6.0]","[0.0, 0.0, 0.0, 0.0, 0.0, 2.4494898, 2.4494898, 2.828427, 4.582576, 5.91608]","[2.5, 2.5, 3.0]","[2.0, 2.4494898, 2.828427]","[-4.5, -2.5, -2.5]","[2.5, 2.5, 3.0]","[2.0, 2.4494898, 2.828427]","[-4.5, -2.5, -2.5]","[3.5, 7.0, 9.0]","[2.4494898, 7.0, 9.0]","[2.0, 4.5, 5.0]","[3.5, 3.5]","[2.4494898, 3.1622777]","[2.0, 3.0]",1,1,1,0,1.0,0.0,1
35914,1,1,1,"[0.0, 0.0, 0.5, 1.5, 1.5, 2.0, 2.5, 2.5, 3.0, 4.5]","[0.0, 0.0, 0.0, 0.0, 1.4142135, 1.4142135, 2.0, 2.4494898, 2.828427, 4.2426405]",[2.5],[2.4494898],[-2.5],[2.5],[2.4494898],[-2.5],[5.0],[3.0],[2.5],[5.0],[3.0],[2.5],0,1,0,0,0.0,0.0,0
57808,4,3,1,"[0.0, 0.5, 0.5, 1.0, 2.0, 2.5, 4.0, 4.5, 5.5, 7.0]","[0.0, 0.0, 0.0, 0.0, 0.0, 0.0, 1.0, 3.7416575, 5.2915025, 6.928203]","[2.0, 2.5, 3.0, 5.0]","[0.0, 0.0, 2.0, 5.0]","[-4.0, -3.5, -3.0, -2.5]","[2.0, 2.5, 5.0]","[0.0, 2.0, 5.0]","[-4.0, -3.0, -2.5]","[5.5, 7.0, 7.0]","[4.8989797, 6.708204, 6.708204]","[0.5, 1.0, 4.5]",[6.5],[6.4807405],[4.5],2,0,1,0,2.0,0.0,0
922,4,1,1,"[0.0, 0.5, 0.5, 1.0, 1.0, 3.0, 3.5, 4.5, 5.5, 7.5]","[0.0, 0.0, 0.0, 0.0, 0.0, 0.0, 1.0, 2.828427, 5.2915025, 7.3484693]","[3.5, 3.5, 3.5, 4.0]","[0.0, 2.4494898, 3.4641016, 3.8729835]","[-4.0, -3.0, -2.5, -2.0]",[3.5],[3.4641016],[-3.0],[6.5],[6.3245554],[3.0],[6.5],[6.3245554],[3.0],0,1,0,0,0.0,0.0,1
89061,2,2,2,"[0.5, 1.0, 1.0, 1.5, 1.5, 1.5, 2.0, 2.5, 4.5, 7.0]","[0.0, 0.0, 0.0, 0.0, 0.0, 0.0, 1.0, 1.4142135, 4.472136, 6.928203]","[2.5, 2.5]","[0.0, 2.0]","[-2.0, -1.0]","[2.5, 2.5]","[0.0, 2.0]","[-2.0, -1.0]","[4.5, 7.0]","[4.472136, 6.928203]","[0.5, 5.0]","[4.5, 7.0]","[4.472136, 6.928203]","[0.5, 5.0]",0,2,0,0,0.0,0.0,0
2410,5,2,1,"[0.0, 0.0, 1.0, 1.5, 1.5, 2.5, 3.5, 3.5, 6.0, 7.0]","[0.0, 0.0, 0.0, 0.0, 0.0, 0.0, 2.0, 2.4494898, 5.196152, 6.708204]","[2.5, 2.5, 3.0, 3.5, 5.5]","[2.236068, 2.4494898, 2.4494898, 3.1622777, 4.8989797]","[-3.5, -3.0, -2.5, -1.5, -1.0]","[3.0, 3.5]","[2.236068, 3.1622777]","[-3.0, -2.5]","[3.0, 7.0]","[0.0, 6.928203]","[-1.5, 4.5]",[5.0],[3.0],[5.0],1,0,1,0,1.0,0.0,0
96400,2,1,1,"[0.0, 0.0, 1.0, 1.0, 1.5, 1.5, 2.5, 2.5, 3.0, 7.0]","[0.0, 0.0, 0.0, 0.0, 0.0, 1.0, 1.4142135, 1.4142135, 2.828427, 6.708204]","[3.0, 4.0]","[0.0, 2.6457512]","[-2.5, -2.5]",[3.0],[0.0],[-2.5],[4.0],[0.0],[1.0],[4.0],[0.0],[1.0],0,1,0,0,0.0,0.0,0
19283,6,2,1,"[0.5, 1.0, 1.5, 1.5, 2.0, 2.0, 3.0, 3.5, 5.0, 6.5]","[0.0, 0.0, 0.0, 1.4142135, 1.7320508, 2.0, 2.828427, 3.1622777, 4.0, 6.4807405]","[1.0, 1.5, 2.5, 3.0, 3.0, 3.5]","[0.0, 1.4142135, 2.0, 2.236068, 3.0, 3.4641016]","[-5.0, -4.0, -3.0, -3.0, -2.5, -1.5]","[1.0, 2.5]","[0.0, 2.0]","[-5.0, -4.0]","[1.5, 6.5]","[1.4142135, 6.3245554]","[-3.0, 2.5]",[8.0],[7.937254],[6.0],1,0,1,0,1.0,0.0,0
77518,3,2,1,"[1.0, 1.0, 1.5, 2.0, 2.0, 2.0, 2.5, 2.5, 3.0, 7.5]","[0.0, 0.0, 0.0, 0.0, 1.0, 1.4142135, 2.0, 2.0, 2.828427, 7.483315]","[3.0, 4.0, 5.0]","[2.236068, 3.8729835, 4.8989797]","[-2.0, -1.5, -1.0]","[3.0, 4.0]","[2.236068, 3.8729835]","[-2.0, -1.5]","[2.5, 3.0]","[2.236068, 2.4494898]","[-2.5, -0.5]",[7.5],[7.483315],[6.5],1,0,1,0,1.0,0.0,0
581,1,1,1,"[0.0, 0.0, 0.5, 1.5, 2.5, 2.5, 3.0, 3.5, 6.0, 6.5]","[0.0, 0.0, 0.0, 1.4142135, 2.0, 2.236068, 2.4494898, 3.4641016, 5.656854, 6.4807405]",[4.0],[3.4641016],[-1.5],[4.0],[3.4641016],[-1.5],[3.5],[0.0],[-3.5],[3.5],[0.0],[-3.5],0,1,0,0,0.0,0.0,1
8909,1,1,1,"[0.0, 1.0, 1.0, 1.5, 1.5, 3.0, 3.0, 3.5, 4.5, 5.5]","[0.0, 0.0, 0.0, 0.0, 0.0, 1.4142135, 2.828427, 3.4641016, 3.7416575, 5.2915025]",[4.0],[3.4641016],[-1.5],[4.0],[3.4641016],[-1.5],[9.0],[9.0],[6.5],[9.0],[9.0],[6.5],0,1,0,0,0.0,0.0,0
43150,2,1,1,"[0.0, 0.5, 1.0, 1.5, 2.0, 2.0, 2.5, 2.5, 3.0, 3.5]","[0.0, 0.0, 0.0, 0.0, 0.0, 0.0, 1.4142135, 2.0, 2.236068, 2.4494898]","[2.0, 2.5]","[1.7320508, 2.0]","[-3.0, -2.5]",[2.0],[1.7320508],[-2.5],[9.0],[9.0],[8.5],[9.0],[9.0],[8.5],0,1,0,0,0.0,0.0,0
97433,4,2,1,"[0.0, 1.0, 1.0, 1.5, 2.5, 2.5, 2.5, 2.5, 3.0, 6.5]","[0.0, 0.0, 0.0, 0.0, 0.0, 0.0, 1.4142135, 2.0, 2.828427, 6.4807405]","[2.0, 3.0, 3.5, 4.5]","[1.7320508, 2.236068, 3.4641016, 4.2426405]","[-4.0, -1.5, -1.0, -1.0]","[2.0, 3.5]","[1.7320508, 3.4641016]","[-4.0, -1.5]","[3.5, 4.0]","[3.4641016, 4.0]","[-0.5, 0.5]",[5.0],[4.582576],[4.0],1,0,1,0,1.0,0.0,0
850,2,1,1,"[0.5, 0.5, 1.0, 1.5, 1.5, 2.0, 3.5, 3.5, 4.0, 5.0]","[0.0, 0.0, 0.0, 0.0, 0.0, 0.0, 0.0, 1.4142135, 2.4494898, 3.0]","[3.5, 5.5]","[0.0, 5.477226]","[-2.5, -1.5]",[5.5],[5.477226],[-2.5],[4.0],[3.8729835],[3.5],[4.0],[3.8729835],[3.5],0,1,0,0,0.0,0.0,1
959,5,2,1,"[0.0, 1.0, 1.0, 1.0, 2.0, 2.5, 3.0, 3.5, 4.5, 5.5]","[0.0, 0.0, 0.0, 0.0, 0.0, 0.0, 1.7320508, 2.0, 4.2426405, 4.2426405]","[1.5, 2.0, 3.0, 3.0, 5.5]","[1.4142135, 2.0, 2.236068, 2.236068, 5.2915025]","[-4.5, -4.5, -3.5, -3.0, -2.0]","[1.5, 2.0]","[1.4142135, 2.0]","[-4.5, -3.0]","[4.5, 7.0]","[2.828427, 6.708204]","[3.0, 4.0]",[4.5],[2.828427],[4.5],1,0,1,0,1.0,0.0,1
78191,8,4,2,"[0.5, 1.5, 2.0, 2.5, 2.5, 2.5, 3.0, 4.0, 5.0, 7.0]","[0.0, 0.0, 1.4142135, 2.0, 2.0, 2.4494898, 2.6457512, 2.828427, 4.8989797, 6.708204]","[1.0, 2.0, 2.0, 2.0, 3.0, 3.0, 4.0, 4.0]","[0.0, 1.0, 1.7320508, 1.7320508, 2.0, 2.236068, 2.828427, 4.0]","[-5.0, -3.5, -3.5, -3.0, -3.0, -2.5, -1.5, -1.0]","[1.0, 2.0, 2.0, 3.0]","[1.0, 1.7320508, 1.7320508, 2.828427]","[-5.0, -3.0, -2.5, -1.0]","[3.0, 3.0, 4.0, 5.0]","[0.0, 0.0, 3.0, 4.8989797]","[-2.0, 0.0, 0.0, 2.5]","[3.0, 5.0]","[0.0, 4.8989797]","[1.5, 4.0]",2,0,2,0,1.0,0.0,0
13995,2,2,1,"[0.0, 0.5, 0.5, 1.5, 2.5, 3.0, 3.0, 4.0, 4.5, 7.5]","[0.0, 0.0, 0.0, 0.0, 0.0, 2.4494898, 3.0, 3.4641016, 4.2426405, 7.483315]","[3.0, 3.5]","[0.0, 2.4494898]","[-3.5, -2.0]","[3.0, 3.5]","[0.0, 2.4494898]","[-3.5, -2.0]","[4.0, 6.0]","[3.8729835, 5.196152]","[0.0, 1.5]",[3.0],[2.236068],[2.0],1,0,1,0,1.0,0.0,0
74,1,1,1,"[0.5, 0.5, 1.0, 1.5, 1.5, 1.5, 2.0, 2.5, 3.0, 4.0]","[0.0, 0.0, 0.0, 0.0, 0.0, 0.0, 0.0, 2.0, 2.236068, 4.0]",[1.0],[1.0],[-2.5],[1.0],[1.0],[-2.5],[6.0],[5.91608],[6.0],[6.0],[5.91608],[6.0],0,1,0,0,0.0,0.0,1
710,5,2,2,"[0.0, 0.0, 0.0, 1.5, 2.0, 3.0, 3.5, 4.5, 4.5, 5.0]","[0.0, 0.0, 0.0, 0.0, 0.0, 2.0, 2.828427, 3.0, 3.4641016, 4.2426405]","[1.5, 2.0, 3.5, 4.0, 4.5]","[0.0, 0.0, 1.4142135, 3.8729835, 4.472136]","[-5.5, -5.0, -3.5, -2.5, -1.5]","[1.5, 4.5]","[1.4142135, 4.472136]","[-5.0, -2.5]","[4.5, 5.5]","[4.2426405, 4.2426405]","[2.5, 3.5]","[4.5, 5.5]","[4.2426405, 4.2426405]","[2.5, 3.5]",0,2,0,0,0.0,0.0,1
57159,2,2,1,"[0.0, 0.5, 1.0, 1.0, 1.5, 1.5, 2.0, 3.0, 3.5, 4.5]","[0.0, 0.0, 0.0, 0.0, 0.0, 1.0, 1.4142135, 2.236068, 2.4494898, 4.472136]","[1.5, 2.5]","[0.0, 2.0]","[-2.0, -1.0]","[1.5, 2.5]","[0.0, 2.0]","[-2.0, -1.0]","[2.0, 4.5]","[2.0, 2.828427]","[-0.5, 2.5]",[7.5],[7.3484693],[7.5],1,0,1,0,1.0,0.0,0
60698,3,1,1,"[0.0, 0.5, 0.5, 1.0, 3.0, 3.0, 3.5, 4.0, 4.5, 6.0]","[0.0, 0.0, 0.0, 0.0, 2.236068, 2.4494898, 2.6457512, 2.828427, 3.0, 5.196152]","[2.5, 4.0, 4.0]","[0.0, 0.0, 3.4641016]","[-2.5, -2.0, -1.0]",[2.5],[0.0],[-2.5],[9.0],[9.0],[4.0],[9.0],[9.0],[4.0],0,1,0,0,0.0,0.0,0
27777,2,2,1,"[0.0, 0.5, 1.5, 1.5, 2.0, 2.0, 2.0, 2.0, 3.5, 7.5]","[0.0, 0.0, 0.0, 0.0, 0.0, 1.7320508, 1.7320508, 2.0, 3.4641016, 7.483315]","[2.5, 2.5]","[0.0, 0.0]","[-3.0, -2.5]","[2.5, 2.5]","[0.0, 0.0]","[-3.0, -2.5]","[1.5, 3.0]","[0.0, 2.828427]","[-2.5, -1.0]",[7.0],[6.708204],[6.5],1,0,1,0,1.0,0.0,0
99993,2,2,2,"[0.0, 0.5, 0.5, 1.5, 1.5, 2.0, 2.0, 2.5, 4.0, 4.0]","[0.0, 0.0, 0.0, 0.0, 0.0, 1.4142135, 1.4142135, 1.7320508, 2.4494898, 2.6457512]","[2.5, 2.5]","[0.0, 0.0]","[-2.0, -1.5]","[2.5, 2.5]","[0.0, 0.0]","[-2.0, -1.5]","[2.5, 3.5]","[0.0, 2.0]","[2.0, 2.5]","[2.5, 3.5]","[0.0, 2.0]","[2.0, 2.5]",0,2,0,0,0.0,0.0,0
867,3,2,2,"[0.0, 0.5, 1.5, 2.0, 2.5, 2.5, 3.0, 4.0, 4.5, 8.0]","[0.0, 0.0, 0.0, 0.0, 0.0, 1.4142135, 2.0, 2.0, 2.6457512, 7.937254]","[1.5, 3.0, 4.0]","[0.0, 0.0, 2.828427]","[-3.0, -2.5, -1.0]","[1.5, 4.0]","[0.0, 0.0]","[-3.0, -1.0]","[3.5, 6.0]","[2.4494898, 5.196152]","[1.5, 2.0]","[3.5, 6.0]","[2.4494898, 5.196152]","[1.5, 2.0]",0,2,0,0,0.0,0.0,1
33332,4,2,1,"[0.0, 0.0, 0.5, 1.0, 1.0, 1.5, 3.0, 3.0, 4.0, 9.0]","[0.0, 0.0, 0.0, 0.0, 0.0, 1.4142135, 2.236068, 3.0, 3.4641016, 9.0]","[2.0, 2.5, 4.0, 5.5]","[0.0, 1.7320508, 2.6457512, 4.8989797]","[-3.5, -2.0, -1.5, -1.5]","[2.0, 4.0]","[1.7320508, 2.6457512]","[-3.5, -1.5]","[5.5, 7.0]","[4.8989797, 6.708204]","[-2.0, 2.5]",[3.5],[2.4494898],[0.5],1,0,1,0,1.0,0.0,0
90216,3,2,1,"[0.5, 0.5, 1.0, 1.0, 1.0, 1.5, 2.0, 2.5, 3.0, 6.5]","[0.0, 0.0, 0.0, 0.0, 0.0, 0.0, 1.0, 1.7320508, 3.0, 6.4807405]","[1.5, 1.5, 4.5]","[0.0, 0.0, 4.2426405]","[-2.5, -2.5, -1.5]","[1.5, 1.5]","[0.0, 0.0]","[-2.5, -2.5]","[5.0, 6.5]","[4.0, 6.3245554]","[2.0, 3.0]",[3.5],[3.1622777],[3.5],1,0,1,0,1.0,0.0,0
1017,3,1,1,"[0.0, 0.5, 0.5, 1.0, 1.0, 1.5, 3.0, 4.0, 6.5, 7.0]","[0.0, 0.0, 0.0, 0.0, 1.0, 1.4142135, 2.828427, 4.0, 6.0, 6.708204]","[2.5, 3.0, 5.0]","[0.0, 3.0, 4.582576]","[-3.5, -2.5, -1.5]",[3.0],[3.0],[-3.5],[5.0],[4.0],[-2.0],[5.0],[4.0],[-2.0],0,1,0,0,0.0,0.0,1
856,22,7,2,"[0.5, 3.0, 4.0, 4.5, 4.5, 5.0, 5.0, 5.5, 5.5, 5.5]","[0.0, 0.0, 0.0, 2.828427, 3.8729835, 4.0, 4.2426405, 4.8989797, 4.8989797, 5.477226]","[0.0, 0.0, 0.5, 0.5, 1.5, 2.0, 2.0, 2.0, 2.5, 2.5, 2.5, 2.5, 3.0, 3.0, 3.0, 3.0, 3.0, 3.5, 4.0, 5.0, 5.5, 6.0]","[0.0, 0.0, 0.0, 0.0, 0.0, 0.0, 0.0, 0.0, 0.0, 1.7320508, 2.0, 2.0, 2.0, 2.236068, 2.828427, 2.828427, 2.828427, 3.0, 3.4641016, 4.582576, 4.8989797, 5.91608]","[-7.5, -6.0, -5.5, -5.0, -4.5, -4.5, -4.0, -3.5, -3.5, -3.5, -3.5, -3.0, -3.0, -3.0, -3.0, -2.5, -2.0, -2.0, -2.0, -2.0, -1.5, -1.0]","[0.0, 0.0, 0.5, 0.5, 2.0, 2.5, 5.0]","[0.0, 0.0, 0.0, 0.0, 1.7320508, 2.0, 4.582576]","[-7.5, -6.0, -5.0, -3.5, -3.5, -3.0, -2.0]","[3.0, 4.0, 4.5, 4.5, 5.5, 6.0, 6.5]","[3.0, 3.4641016, 4.2426405, 4.472136, 5.2915025, 5.91608, 6.3245554]","[-3.5, -0.5, 0.0, 0.5, 1.5, 4.5, 5.0]","[2.5, 5.5]","[2.0, 5.2915025]","[1.5, 5.0]",5,1,1,0,5.0,0.0,1
863,16,6,1,"[1.0, 2.0, 2.5, 3.0, 4.0, 4.0, 4.0, 4.5, 4.5, 5.0]","[0.0, 0.0, 0.0, 0.0, 2.236068, 2.6457512, 3.7416575, 3.8729835, 4.472136, 4.8989797]","[0.0, 0.5, 1.0, 1.5, 1.5, 2.0, 2.0, 2.0, 2.0, 2.0, 2.5, 2.5, 2.5, 2.5, 3.5, 4.0]","[0.0, 0.0, 0.0, 0.0, 0.0, 1.0, 1.4142135, 1.7320508, 1.7320508, 1.7320508, 2.0, 2.0, 2.0, 2.4494898, 3.4641016, 3.8729835]","[-5.5, -4.5, -3.5, -3.5, -3.0, -3.0, -2.5, -2.5, -2.5, -2.5, -2.0, -2.0, -1.5, -1.0, -1.0, -1.0]","[0.0, 0.5, 1.0, 1.5, 2.0, 2.5]","[0.0, 0.0, 0.0, 0.0, 1.0, 2.0]","[-5.5, -4.5, -3.0, -2.5, -1.0, -1.0]","[0.5, 1.0, 4.0, 4.5, 4.5, 8.0]","[0.0, 0.0, 1.0, 3.7416575, 3.8729835, 7.937254]","[-4.5, -2.5, -0.5, 0.0, 1.0, 6.0]",[5.0],[4.8989797],[2.5],5,0,1,1,3.0,2.0,1
1290,6,3,3,"[0.5, 0.5, 1.0, 2.0, 2.0, 2.5, 3.5, 4.5, 5.0, 6.0]","[0.0, 0.0, 0.0, 0.0, 0.0, 0.0, 3.4641016, 3.7416575, 4.8989797, 5.656854]","[2.0, 2.0, 2.5, 2.5, 3.5, 4.0]","[0.0, 0.0, 2.0, 2.0, 3.4641016, 3.8729835]","[-3.5, -3.0, -3.0, -2.5, -1.5, -1.0]","[2.0, 2.0, 3.5]","[0.0, 2.0, 3.4641016]","[-3.5, -3.0, -2.5]","[7.0, 7.0, 8.5]","[6.708204, 7.0, 8.485281]","[3.5, 6.0, 6.5]","[7.0, 7.0, 8.5]","[6.708204, 7.0, 8.485281]","[3.5, 6.0, 6.5]",0,3,0,0,0.0,0.0,0
13621,7,3,2,"[0.0, 0.5, 1.0, 2.0, 2.5, 2.5, 3.5, 3.5, 5.0, 6.5]","[0.0, 0.0, 0.0, 0.0, 0.0, 1.7320508, 2.0, 3.1622777, 4.8989797, 6.4807405]","[0.5, 1.0, 2.0, 2.0, 2.5, 2.5, 4.0]","[0.0, 0.0, 1.7320508, 2.0, 2.0, 2.4494898, 3.8729835]","[-5.5, -4.0, -3.5, -3.0, -2.5, -2.5, -1.5]","[0.5, 1.0, 2.5]","[0.0, 0.0, 2.4494898]","[-5.5, -3.0, -2.5]","[4.0, 4.0, 7.0]","[0.0, 0.0, 6.708204]","[0.0, 0.0, 5.0]","[5.0, 7.0]","[3.0, 6.708204]","[3.5, 5.0]",1,1,1,0,1.0,0.0,0
29994,2,2,1,"[0.0, 0.5, 0.5, 1.0, 1.5, 2.0, 2.5, 3.0, 4.0, 4.0]","[0.0, 0.0, 0.0, 0.0, 1.4142135, 1.7320508, 2.0, 3.0, 3.4641016, 4.0]","[0.5, 3.0]","[0.0, 2.828427]","[-2.0, -2.0]","[0.5, 3.0]","[0.0, 2.828427]","[-2.0, -2.0]","[2.5, 7.5]","[0.0, 7.483315]","[-0.5, 4.0]",[6.5],[6.4807405],[4.0],1,0,1,0,1.0,0.0,0
67727,4,2,1,"[0.5, 1.0, 1.0, 1.5, 2.0, 2.5, 2.5, 4.0, 5.0, 8.0]","[0.0, 0.0, 0.0, 0.0, 0.0, 2.0, 2.4494898, 3.8729835, 4.0, 8.0]","[0.5, 3.0, 3.5, 3.5]","[0.0, 0.0, 2.236068, 2.4494898]","[-5.0, -3.5, -2.0, -2.0]","[0.5, 3.5]","[0.0, 2.4494898]","[-5.0, -2.0]","[3.0, 3.5]","[2.236068, 2.4494898]","[-3.5, -1.5]",[8.5],[8.485281],[5.0],1,0,1,0,1.0,0.0,0
291,3,2,2,"[0.5, 1.0, 1.0, 2.0, 3.0, 3.0, 3.0, 3.5, 5.0, 6.0]","[0.0, 0.0, 0.0, 1.0, 2.0, 2.236068, 2.236068, 2.4494898, 4.8989797, 5.196152]","[2.5, 4.0, 5.0]","[0.0, 0.0, 4.8989797]","[-3.0, -2.0, -1.0]","[2.5, 5.0]","[0.0, 4.8989797]","[-2.0, -1.0]","[5.0, 6.0]","[4.582576, 5.656854]","[4.0, 4.0]","[5.0, 6.0]","[4.582576, 5.656854]","[4.0, 4.0]",0,2,0,0,0.0,0.0,1
575,1,1,1,"[0.0, 0.5, 1.5, 1.5, 1.5, 2.0, 2.0, 2.5, 2.5, 8.5]","[0.0, 0.0, 0.0, 0.0, 0.0, 1.4142135, 2.0, 2.0, 2.0, 8.485281]",[4.0],[2.6457512],[-1.0],[4.0],[2.6457512],[-1.0],[6.5],[6.3245554],[1.0],[6.5],[6.3245554],[1.0],0,1,0,0,0.0,0.0,1
16666,3,2,1,"[0.0, 1.0, 1.0, 1.5, 1.5, 2.0, 2.5, 3.0, 4.5, 7.5]","[0.0, 0.0, 0.0, 1.0, 1.4142135, 1.7320508, 2.4494898, 2.828427, 4.2426405, 7.3484693]","[2.5, 4.0, 4.5]","[0.0, 0.0, 3.7416575]","[-3.0, -2.0, -1.0]","[2.5, 4.5]","[0.0, 3.7416575]","[-3.0, -2.0]","[2.5, 4.0]","[2.0, 3.8729835]","[-2.0, -0.5]",[7.0],[6.708204],[5.5],1,0,1,0,1.0,0.0,0
363,28,5,2,"[3.5, 3.5, 3.5, 4.0, 4.5, 5.0, 5.0, 6.5, 7.5, 8.0]","[0.0, 3.1622777, 3.4641016, 3.4641016, 3.7416575, 4.0, 4.582576, 6.4807405, 7.3484693, 7.937254]","[0.5, 0.5, 1.0, 1.0, 1.0, 1.0, 1.0, 1.5, 1.5, 1.5, 1.5, 2.0, 2.0, 2.5, 3.0, 3.0, 3.0, 3.5, 3.5, 3.5, 4.0, 4.0, 4.0, 5.0, 5.0, 5.0, 5.5, 6.0]","[0.0, 0.0, 0.0, 0.0, 0.0, 0.0, 0.0, 0.0, 0.0, 0.0, 0.0, 1.0, 1.4142135, 1.4142135, 2.0, 2.236068, 2.236068, 2.6457512, 3.1622777, 3.4641016, 3.4641016, 3.4641016, 3.8729835, 4.0, 4.582576, 4.8989797, 5.477226, 5.91608]","[-7.5, -7.0, -6.5, -5.0, -4.5, -4.5, -4.5, -4.5, -4.5, -4.0, -4.0, -4.0, -3.5, -3.5, -3.5, -3.5, -3.5, -3.0, -3.0, -2.5, -2.5, -2.0, -2.0, -2.0, -1.5, -1.5, -1.5, -1.5]","[0.5, 1.0, 1.0, 1.0, 4.0]","[0.0, 0.0, 0.0, 0.0, 2.6457512]","[-7.0, -4.5, -4.5, -3.5, -2.5]","[0.5, 1.0, 6.5, 7.0, 7.5]","[0.0, 0.0, 6.4807405, 6.928203, 7.483315]","[-4.5, -2.5, 1.0, 2.5, 3.0]","[3.0, 6.5]","[2.236068, 6.4807405]","[1.0, 2.0]",3,1,1,1,1.0,2.0,1
22291,1,1,1,"[0.0, 0.5, 1.0, 1.0, 1.0, 1.0, 2.0, 2.0, 3.5, 6.5]","[0.0, 0.0, 0.0, 0.0, 0.0, 0.0, 1.0, 1.7320508, 3.4641016, 6.0]",[2.5],[2.0],[-3.0],[2.5],[2.0],[-3.0],[7.0],[6.928203],[5.0],[7.0],[6.928203],[5.0],0,1,0,0,0.0,0.0,0
78614,3,3,3,"[0.5, 0.5, 1.0, 1.5, 1.5, 3.0, 3.0, 3.5, 6.5, 7.5]","[0.0, 0.0, 0.0, 0.0, 1.0, 1.4142135, 2.236068, 3.4641016, 6.0, 7.483315]","[2.5, 2.5, 3.5]","[0.0, 2.4494898, 2.4494898]","[-3.5, -2.0, -1.0]","[2.5, 2.5, 3.5]","[0.0, 2.4494898, 2.4494898]","[-3.5, -2.0, -1.0]","[2.5, 4.5, 5.0]","[2.4494898, 3.7416575, 4.582576]","[0.0, 0.0, 2.0]","[2.5, 4.5, 5.0]","[2.4494898, 3.7416575, 4.582576]","[0.0, 0.0, 2.0]",0,3,0,0,0.0,0.0,0
41661,6,3,1,"[0.5, 0.5, 1.0, 1.0, 1.5, 2.0, 5.0, 6.0, 7.5, 8.5]","[0.0, 0.0, 0.0, 1.0, 1.4142135, 2.0, 4.0, 5.656854, 7.3484693, 8.485281]","[2.5, 3.0, 3.0, 3.5, 3.5, 3.5]","[0.0, 0.0, 0.0, 2.828427, 3.0, 3.4641016]","[-6.0, -5.5, -5.0, -4.0, -2.5, -1.0]","[3.0, 3.5, 3.5]","[0.0, 2.828427, 3.4641016]","[-5.5, -5.0, -2.5]","[2.5, 3.0, 4.0]","[0.0, 0.0, 2.6457512]","[-6.0, -3.0, 0.0]",[8.5],[8.485281],[4.5],2,0,1,0,2.0,0.0,0
873,5,1,1,"[0.0, 0.5, 1.0, 1.0, 1.5, 2.0, 3.5, 4.0, 5.0, 6.5]","[0.0, 0.0, 0.0, 0.0, 1.0, 1.4142135, 2.4494898, 2.6457512, 4.0, 6.0]","[2.0, 2.0, 2.0, 3.5, 5.5]","[0.0, 0.0, 0.0, 1.7320508, 5.477226]","[-6.5, -5.5, -3.0, -1.5, -1.5]",[2.0],[1.7320508],[-6.5],[8.0],[7.937254],[5.0],[8.0],[7.937254],[5.0],0,1,0,0,0.0,0.0,1
868,1,1,1,"[0.5, 0.5, 0.5, 1.0, 1.0, 1.5, 1.5, 3.5, 3.5, 4.0]","[0.0, 0.0, 0.0, 0.0, 0.0, 1.4142135, 1.4142135, 3.1622777, 3.4641016, 4.0]",[2.0],[1.7320508],[-1.0],[2.0],[1.7320508],[-1.0],[2.0],[0.0],[0.0],[2.0],[0.0],[0.0],0,1,0,0,0.0,0.0,1
13891,5,3,2,"[0.0, 1.0, 1.0, 2.0, 2.0, 4.0, 4.5, 4.5, 5.5, 5.5]","[0.0, 0.0, 0.0, 0.0, 2.0, 3.4641016, 4.2426405, 4.2426405, 4.472136, 5.2915025]","[1.0, 2.5, 2.5, 3.0, 3.0]","[0.0, 1.0, 2.236068, 2.236068, 2.4494898]","[-5.0, -4.5, -2.5, -2.0, -2.0]","[1.0, 2.5, 2.5]","[0.0, 1.0, 2.4494898]","[-5.0, -4.5, -2.0]","[3.0, 4.0, 4.5]","[2.236068, 2.6457512, 4.472136]","[-2.0, 1.0, 2.0]","[4.0, 4.5]","[3.4641016, 4.472136]","[0.0, 2.0]",1,1,1,0,1.0,0.0,0
824,4,2,2,"[0.0, 0.0, 0.0, 1.0, 1.5, 2.0, 3.5, 6.0, 6.5, 7.5]","[0.0, 0.0, 0.0, 0.0, 0.0, 0.0, 3.1622777, 5.656854, 6.3245554, 7.483315]","[2.5, 2.5, 4.5, 4.5]","[0.0, 2.0, 3.7416575, 4.472136]","[-5.5, -3.5, -2.0, -1.0]","[2.5, 4.5]","[2.0, 4.472136]","[-3.5, -2.0]","[2.0, 3.5]","[0.0, 0.0]","[-3.0, -2.5]","[2.0, 3.5]","[0.0, 0.0]","[-3.0, -2.5]",0,2,0,0,0.0,0.0,1
11232,4,3,2,"[1.5, 1.5, 1.5, 2.0, 2.0, 2.5, 3.0, 4.0, 4.5, 5.5]","[0.0, 0.0, 1.4142135, 1.4142135, 1.7320508, 2.0, 2.236068, 2.828427, 3.8729835, 4.2426405]","[1.0, 1.5, 2.5, 4.5]","[0.0, 1.0, 2.0, 2.828427]","[-4.0, -3.5, -3.0, -1.0]","[1.0, 1.5, 2.5]","[0.0, 1.0, 2.0]","[-4.0, -3.5, -3.0]","[4.5, 5.0, 5.0]","[2.828427, 4.0, 5.0]","[-0.5, 3.5, 3.5]","[4.0, 5.0]","[3.4641016, 4.0]","[3.0, 3.5]",1,1,1,0,1.0,0.0,0
48967,1,1,1,"[0.0, 0.0, 0.0, 0.5, 0.5, 2.0, 2.5, 3.5, 3.5, 3.5]","[0.0, 0.0, 0.0, 0.0, 0.0, 0.0, 2.0, 2.0, 2.4494898, 3.4641016]",[5.0],[5.0],[-1.5],[5.0],[5.0],[-1.5],[6.5],[6.3245554],[6.0],[6.5],[6.3245554],[6.0],0,1,0,0,0.0,0.0,0
9,2,2,1,"[0.0, 0.0, 0.5, 1.5, 2.0, 2.0, 2.5, 3.0, 5.0, 6.5]","[0.0, 0.0, 0.0, 1.4142135, 1.7320508, 2.0, 2.0, 2.828427, 4.0, 6.3245554]","[1.5, 3.0]","[0.0, 0.0]","[-3.0, -2.0]","[1.5, 3.0]","[0.0, 0.0]","[-3.0, -2.0]","[6.5, 6.5]","[6.0, 6.4807405]","[2.0, 3.0]",[5.0],[3.0],[3.5],1,0,1,0,1.0,0.0,1
258,21,7,1,"[1.0, 2.0, 3.0, 3.0, 4.0, 5.0, 5.0, 5.5, 7.5, 8.5]","[0.0, 0.0, 2.236068, 2.236068, 2.6457512, 3.0, 4.582576, 4.8989797, 7.483315, 8.485281]","[0.0, 1.0, 1.0, 1.0, 1.5, 2.0, 2.0, 2.0, 2.0, 2.5, 2.5, 2.5, 3.5, 3.5, 3.5, 4.0, 4.5, 4.5, 5.5, 6.5, 6.5]","[0.0, 0.0, 0.0, 0.0, 0.0, 0.0, 1.0, 1.7320508, 1.7320508, 1.7320508, 2.4494898, 2.4494898, 2.6457512, 3.1622777, 3.1622777, 3.4641016, 3.7416575, 4.2426405, 4.8989797, 6.3245554, 6.4807405]","[-8.0, -6.0, -5.0, -5.0, -4.5, -4.0, -4.0, -3.5, -3.0, -3.0, -3.0, -3.0, -3.0, -2.5, -2.5, -2.0, -2.0, -1.5, -1.5, -1.5, -1.5]","[0.0, 1.0, 1.5, 2.0, 2.5, 2.5, 3.5]","[0.0, 0.0, 0.0, 0.0, 1.0, 2.4494898, 3.1622777]","[-8.0, -5.0, -5.0, -3.0, -1.5, -1.5, -1.5]","[2.0, 3.5, 4.0, 6.5, 6.5, 7.0, 7.5]","[0.0, 2.6457512, 3.4641016, 6.0, 6.4807405, 7.0, 7.3484693]","[-3.5, -1.5, -1.0, -0.5, 1.0, 1.5, 2.5]",[2.0],[0.0],[-1.0],6,1,0,1,0.0,6.0,1
13,3,2,2,"[0.0, 0.0, 1.0, 1.5, 1.5, 2.0, 2.5, 4.0, 5.0, 8.0]","[0.0, 0.0, 0.0, 0.0, 0.0, 0.0, 1.7320508, 4.0, 5.0, 8.0]","[2.0, 2.0, 4.5]","[0.0, 0.0, 3.7416575]","[-4.0, -3.0, -1.0]","[2.0, 2.0]","[0.0, 0.0]","[-4.0, -3.0]","[3.0, 5.0]","[2.828427, 3.0]","[-1.0, 0.5]","[3.0, 5.0]","[2.828427, 3.0]","[-1.0, 0.5]",0,2,0,0,0.0,0.0,1
603,2,1,1,"[0.0, 0.5, 0.5, 1.0, 2.0, 2.0, 2.5, 3.5, 4.0, 6.5]","[0.0, 0.0, 0.0, 0.0, 0.0, 2.0, 2.0, 2.4494898, 4.0, 6.3245554]","[2.5, 5.0]","[2.4494898, 4.582576]","[-4.5, -1.0]",[2.5],[2.4494898],[-4.5],[5.0],[3.0],[2.0],[5.0],[3.0],[2.0],0,1,0,0,0.0,0.0,1
365,1,1,1,"[0.5, 0.5, 0.5, 1.5, 2.0, 2.5, 3.0, 3.0, 5.0, 5.5]","[0.0, 0.0, 0.0, 0.0, 0.0, 0.0, 0.0, 2.236068, 4.8989797, 5.477226]",[2.5],[2.4494898],[-1.0],[2.5],[2.4494898],[-1.0],[2.0],[1.7320508],[-1.0],[2.0],[1.7320508],[-1.0],0,1,0,0,0.0,0.0,1
85192,10,2,1,"[0.5, 0.5, 1.0, 2.0, 2.5, 3.5, 4.0, 4.5, 5.5, 7.5]","[0.0, 0.0, 0.0, 2.0, 2.4494898, 2.4494898, 2.6457512, 3.7416575, 4.8989797, 7.3484693]","[2.0, 2.0, 2.5, 2.5, 3.0, 3.0, 3.0, 3.0, 3.5, 4.5]","[0.0, 0.0, 0.0, 1.7320508, 2.236068, 2.236068, 2.4494898, 2.4494898, 3.0, 4.472136]","[-5.0, -4.5, -4.0, -4.0, -3.5, -3.0, -2.5, -2.5, -2.0, -2.0]","[2.5, 3.0]","[2.4494898, 3.0]","[-5.0, -4.0]","[3.5, 8.5]","[2.4494898, 8.485281]","[-2.5, 5.0]",[7.0],[7.0],[5.0],1,0,1,0,1.0,0.0,0
156,5,2,2,"[0.0, 0.5, 0.5, 2.0, 2.0, 2.5, 3.0, 3.5, 4.0, 6.0]","[0.0, 0.0, 0.0, 0.0, 1.7320508, 1.7320508, 2.4494898, 2.6457512, 3.1622777, 5.656854]","[2.0, 2.5, 2.5, 4.0, 4.0]","[0.0, 1.7320508, 2.4494898, 2.6457512, 4.0]","[-5.0, -2.5, -2.5, -2.5, -1.5]","[2.0, 2.5]","[1.7320508, 2.4494898]","[-5.0, -2.5]","[4.0, 5.0]","[4.0, 4.0]","[2.5, 3.0]","[4.0, 5.0]","[4.0, 4.0]","[2.5, 3.0]",0,2,0,0,0.0,0.0,1
1024,1,1,1,"[0.0, 0.0, 0.0, 0.5, 0.5, 0.5, 2.0, 3.0, 4.0, 5.5]","[0.0, 0.0, 0.0, 0.0, 0.0, 0.0, 2.0, 2.828427, 3.8729835, 4.2426405]",[4.5],[4.2426405],[-2.0],[4.5],[4.2426405],[-2.0],[4.5],[4.472136],[2.5],[4.5],[4.472136],[2.5],0,1,0,0,0.0,0.0,1
72369,2,2,1,"[0.0, 0.0, 0.5, 0.5, 1.0, 1.5, 2.0, 2.0, 3.5, 8.0]","[0.0, 0.0, 0.0, 0.0, 0.0, 0.0, 0.0, 1.4142135, 2.4494898, 8.0]","[3.5, 4.0]","[2.4494898, 3.4641016]","[-2.0, -1.5]","[3.5, 4.0]","[2.4494898, 3.4641016]","[-2.0, -1.5]","[3.0, 6.5]","[3.0, 6.4807405]","[-1.0, 2.0]",[3.0],[2.828427],[2.5],1,0,1,0,1.0,0.0,0
73430,5,4,1,"[0.5, 0.5, 1.0, 1.0, 1.5, 2.5, 4.0, 4.0, 6.0, 7.0]","[0.0, 0.0, 0.0, 0.0, 1.4142135, 2.4494898, 3.4641016, 4.0, 5.196152, 6.928203]","[2.0, 2.5, 2.5, 3.0, 4.0]","[0.0, 1.7320508, 2.4494898, 3.0, 3.8729835]","[-5.5, -3.0, -3.0, -2.0, -1.0]","[2.0, 2.5, 2.5, 3.0]","[0.0, 1.7320508, 2.4494898, 3.0]","[-5.5, -3.0, -2.0, -1.0]","[4.0, 6.0, 6.5, 7.5]","[0.0, 5.91608, 6.0, 7.3484693]","[-1.0, 0.0, 2.5, 3.5]",[5.0],[3.0],[3.0],3,0,1,0,3.0,0.0,0
65116,2,2,1,"[0.5, 0.5, 1.0, 1.0, 2.0, 2.5, 2.5, 3.0, 3.5, 7.5]","[0.0, 0.0, 0.0, 0.0, 0.0, 0.0, 1.7320508, 2.0, 3.4641016, 7.3484693]","[3.0, 3.5]","[2.236068, 3.1622777]","[-4.0, -1.0]","[3.0, 3.5]","[2.236068, 3.1622777]","[-4.0, -1.0]","[1.5, 4.5]","[1.4142135, 3.7416575]","[-2.0, -1.5]",[7.0],[6.928203],[5.0],1,0,1,0,1.0,0.0,0
540,5,2,0,"[0.0, 0.5, 0.5, 1.5, 1.5, 2.0, 3.0, 5.5, 6.5, 6.5]","[0.0, 0.0, 0.0, 0.0, 0.0, 1.7320508, 2.828427, 5.2915025, 6.3245554, 6.4807405]","[1.0, 1.5, 2.0, 4.0, 5.5]","[0.0, 0.0, 1.4142135, 3.4641016, 5.477226]","[-5.5, -4.0, -3.5, -2.0, -1.5]","[1.0, 1.5]","[0.0, 1.4142135]","[-5.5, -4.0]","[1.0, 1.5]","[0.0, 1.4142135]","[-5.5, -4.0]",[],[],[],2,0,0,1,0.0,2.0,1
60809,7,4,2,"[0.0, 0.5, 1.0, 1.5, 1.5, 3.0, 3.0, 4.5, 6.5, 8.0]","[0.0, 0.0, 0.0, 1.4142135, 1.4142135, 2.236068, 3.0, 3.7416575, 6.0, 7.937254]","[1.5, 2.0, 2.5, 2.5, 2.5, 2.5, 2.5]","[0.0, 0.0, 1.4142135, 1.7320508, 2.0, 2.0, 2.4494898]","[-5.5, -4.5, -3.5, -3.0, -3.0, -2.5, -1.0]","[1.5, 2.0, 2.5, 2.5]","[1.4142135, 1.7320508, 2.0, 2.4494898]","[-4.5, -3.0, -3.0, -1.0]","[3.5, 4.5, 5.0, 8.5]","[3.0, 3.1622777, 4.2426405, 8.485281]","[-3.0, 0.0, 1.0, 4.5]","[7.0, 7.0]","[6.928203, 6.928203]","[3.0, 6.5]",2,0,2,0,1.0,0.0,0
161,7,3,1,"[0.5, 1.0, 1.5, 1.5, 2.5, 3.0, 3.0, 3.5, 7.0, 7.5]","[0.0, 0.0, 0.0, 1.0, 2.236068, 2.4494898, 2.828427, 3.1622777, 6.928203, 7.483315]","[2.0, 2.5, 2.5, 2.5, 3.0, 3.5, 4.0]","[0.0, 0.0, 0.0, 2.0, 2.4494898, 2.4494898, 3.8729835]","[-4.0, -3.0, -3.0, -2.5, -2.5, -2.5, -1.5]","[2.5, 3.5, 4.0]","[2.4494898, 2.4494898, 3.8729835]","[-4.0, -2.5, -1.5]","[2.0, 5.0, 6.0]","[0.0, 4.0, 5.196152]","[-2.5, -2.0, 1.0]",[4.0],[0.0],[2.0],2,0,1,0,2.0,0.0,1
803,3,1,1,"[0.0, 0.5, 1.0, 1.0, 1.0, 1.0, 2.0, 2.5, 4.5, 6.5]","[0.0, 0.0, 0.0, 0.0, 0.0, 1.0, 2.0, 2.4494898, 4.472136, 6.3245554]","[0.5, 2.0, 3.5]","[0.0, 0.0, 3.4641016]","[-4.5, -3.0, -3.0]",[0.5],[0.0],[-4.5],[5.0],[4.582576],[1.5],[5.0],[4.582576],[1.5],0,1,0,0,0.0,0.0,1
82421,5,3,2,"[1.0, 1.0, 1.5, 2.0, 2.0, 2.5, 2.5, 5.5, 5.5, 6.0]","[0.0, 0.0, 0.0, 0.0, 0.0, 1.7320508, 2.0, 5.196152, 5.477226, 5.477226]","[1.5, 2.5, 2.5, 3.5, 4.0]","[0.0, 1.4142135, 2.4494898, 2.6457512, 3.4641016]","[-2.5, -2.5, -2.5, -2.0, -1.5]","[1.5, 3.5, 4.0]","[1.4142135, 2.6457512, 3.4641016]","[-2.5, -2.5, -2.0]","[3.0, 3.5, 5.0]","[0.0, 0.0, 4.0]","[-0.5, 0.0, 1.0]","[3.0, 7.5]","[0.0, 7.483315]","[1.0, 4.0]",1,1,1,0,1.0,0.0,0
44328,4,2,2,"[0.0, 1.0, 1.5, 1.5, 2.0, 3.0, 3.0, 3.0, 4.5, 9.0]","[0.0, 0.0, 0.0, 0.0, 1.4142135, 1.7320508, 2.828427, 2.828427, 3.0, 9.0]","[2.0, 2.5, 4.5, 5.5]","[2.0, 2.4494898, 4.2426405, 5.2915025]","[-3.5, -3.0, -3.0, -1.5]","[2.0, 2.5]","[2.0, 2.4494898]","[-3.5, -1.5]","[4.0, 6.0]","[2.6457512, 5.656854]","[-0.5, 4.5]","[4.0, 6.0]","[2.6457512, 5.656854]","[-0.5, 4.5]",0,2,0,0,0.0,0.0,0
29715,3,2,1,"[0.0, 0.5, 0.5, 1.0, 1.5, 1.5, 2.0, 2.5, 5.5, 7.5]","[0.0, 0.0, 0.0, 0.0, 0.0, 0.0, 0.0, 2.4494898, 4.8989797, 7.483315]","[1.5, 2.0, 3.0]","[0.0, 1.4142135, 1.7320508]","[-3.5, -3.0, -1.5]","[1.5, 3.0]","[0.0, 1.4142135]","[-3.5, -1.5]","[2.0, 2.5]","[0.0, 2.4494898]","[-1.5, -1.5]",[6.0],[6.0],[6.0],1,0,1,0,1.0,0.0,0
176,2,1,1,"[0.0, 0.0, 1.0, 1.5, 2.0, 2.0, 2.5, 2.5, 2.5, 5.0]","[0.0, 0.0, 0.0, 0.0, 1.7320508, 1.7320508, 2.0, 2.4494898, 2.4494898, 4.8989797]","[1.5, 2.5]","[0.0, 1.4142135]","[-3.0, -1.0]",[1.5],[1.4142135],[-3.0],[4.0],[3.8729835],[1.0],[4.0],[3.8729835],[1.0],0,1,0,0,0.0,0.0,1
41495,2,2,1,"[1.0, 1.0, 1.5, 1.5, 1.5, 2.0, 2.5, 2.5, 4.5, 6.5]","[0.0, 0.0, 0.0, 1.0, 1.0, 1.7320508, 2.0, 2.4494898, 2.828427, 6.4807405]","[3.0, 3.0]","[2.236068, 2.236068]","[-2.0, -1.5]","[3.0, 3.0]","[2.236068, 2.236068]","[-2.0, -1.5]","[1.0, 4.0]","[0.0, 3.8729835]","[-3.0, -0.5]",[8.0],[7.937254],[6.0],1,0,1,0,1.0,0.0,0
858,4,2,1,"[0.0, 0.0, 0.5, 0.5, 0.5, 1.5, 4.5, 4.5, 6.5, 7.0]","[0.0, 0.0, 0.0, 0.0, 0.0, 0.0, 0.0, 3.7416575, 6.0, 6.708204]","[1.5, 2.0, 4.5, 6.5]","[0.0, 0.0, 4.472136, 6.4807405]","[-7.5, -3.5, -3.5, -2.5]","[1.5, 2.0]","[0.0, 0.0]","[-7.5, -3.5]","[5.0, 5.0]","[3.0, 5.0]","[-0.5, 3.0]",[6.0],[6.0],[5.0],1,0,1,0,1.0,0.0,1
526,29,5,1,"[1.5, 3.0, 3.5, 3.5, 4.5, 5.0, 5.0, 6.0, 7.0, 8.5]","[0.0, 2.236068, 2.4494898, 2.4494898, 4.0, 4.472136, 4.8989797, 5.656854, 6.708204, 8.485281]","[0.0, 0.0, 0.0, 0.5, 0.5, 1.0, 1.5, 1.5, 1.5, 2.0, 2.0, 2.0, 2.5, 2.5, 3.0, 3.0, 3.0, 3.0, 3.5, 3.5, 4.0, 4.0, 4.0, 4.5, 4.5, 5.0, 5.0, 5.5, 6.0]","[0.0, 0.0, 0.0, 0.0, 0.0, 0.0, 0.0, 0.0, 0.0, 0.0, 1.4142135, 1.7320508, 2.0, 2.0, 2.0, 2.236068, 2.828427, 2.828427, 3.0, 3.4641016, 3.4641016, 3.7416575, 3.8729835, 3.8729835, 4.0, 4.472136, 4.8989797, 5.477226, 5.656854]","[-8.5, -6.0, -6.0, -5.5, -5.0, -4.5, -4.5, -4.5, -4.5, -4.0, -4.0, -3.5, -3.5, -3.5, -3.5, -3.0, -3.0, -3.0, -2.5, -2.5, -2.5, -2.0, -2.0, -2.0, -1.5, -1.5, -1.5, -1.5, -1.0]","[0.0, 0.0, 0.0, 0.5, 1.5]","[0.0, 0.0, 0.0, 0.0, 0.0]","[-8.5, -5.0, -4.5, -3.5, -3.0]","[3.0, 3.5, 4.0, 5.0, 6.0]","[0.0, 2.4494898, 4.0, 4.0, 5.656854]","[-3.0, -1.5, -1.0, -0.5, 0.0]",[3.5],[2.4494898],[-1.0],4,1,0,1,0.0,4.0,1
62343,1,1,1,"[0.0, 0.0, 0.5, 0.5, 1.5, 2.0, 3.0, 3.0, 4.0, 4.5]","[0.0, 0.0, 0.0, 0.0, 0.0, 0.0, 0.0, 1.4142135, 2.6457512, 2.828427]",[5.5],[5.477226],[-2.0],[5.5],[5.477226],[-2.0],[7.0],[6.928203],[6.0],[7.0],[6.928203],[6.0],0,1,0,0,0.0,0.0,0
38612,4,1,1,"[0.5, 1.0, 1.0, 1.5, 1.5, 1.5, 2.0, 2.5, 4.0, 4.0]","[0.0, 0.0, 0.0, 0.0, 0.0, 0.0, 0.0, 1.0, 2.4494898, 3.4641016]","[3.0, 3.0, 3.5, 3.5]","[0.0, 2.236068, 2.4494898, 3.0]","[-4.0, -2.5, -1.5, -1.5]",[3.0],[3.0],[-4.0],[5.0],[3.0],[4.0],[5.0],[3.0],[4.0],0,1,0,0,0.0,0.0,0
62055,2,2,1,"[0.5, 0.5, 1.0, 1.0, 1.5, 2.0, 3.5, 4.0, 4.0, 8.5]","[0.0, 0.0, 0.0, 0.0, 1.0, 2.0, 2.6457512, 3.4641016, 3.4641016, 8.485281]","[3.0, 5.5]","[0.0, 5.477226]","[-2.5, -1.5]","[3.0, 5.5]","[0.0, 5.477226]","[-2.5, -1.5]","[6.0, 7.5]","[5.91608, 7.3484693]","[1.5, 3.0]",[5.0],[4.0],[4.5],1,0,1,0,1.0,0.0,0
68192,2,2,1,"[0.0, 0.0, 1.0, 1.0, 1.5, 2.0, 3.5, 4.0, 4.0, 9.0]","[0.0, 0.0, 0.0, 1.0, 1.4142135, 1.7320508, 2.4494898, 2.6457512, 3.4641016, 9.0]","[3.0, 3.5]","[0.0, 0.0]","[-4.0, -2.0]","[3.0, 3.5]","[0.0, 0.0]","[-4.0, -2.0]","[5.5, 8.5]","[5.477226, 8.485281]","[-0.5, 3.0]",[6.0],[6.0],[3.5],1,0,1,0,1.0,0.0,0
341,1,1,1,"[0.5, 1.0, 1.0, 1.5, 1.5, 2.0, 3.0, 3.5, 3.5, 6.0]","[0.0, 0.0, 0.0, 1.0, 1.4142135, 1.7320508, 2.4494898, 3.0, 3.4641016, 5.656854]",[1.5],[0.0],[-3.0],[1.5],[0.0],[-3.0],[5.5],[5.477226],[3.5],[5.5],[5.477226],[3.5],0,1,0,0,0.0,0.0,1
15628,2,2,2,"[0.0, 0.5, 0.5, 0.5, 1.0, 2.0, 2.0, 3.0, 4.0, 4.5]","[0.0, 0.0, 0.0, 0.0, 0.0, 0.0, 1.0, 2.236068, 2.828427, 3.4641016]","[2.0, 2.0]","[0.0, 0.0]","[-4.0, -1.0]","[2.0, 2.0]","[0.0, 0.0]","[-4.0, -1.0]","[5.5, 8.0]","[4.2426405, 7.937254]","[4.5, 7.5]","[5.5, 8.0]","[4.2426405, 7.937254]","[4.5, 7.5]",0,2,0,0,0.0,0.0,0
13752,1,1,1,"[0.0, 0.5, 1.5, 1.5, 2.0, 2.0, 2.5, 3.0, 3.0, 4.5]","[0.0, 0.0, 1.4142135, 1.4142135, 1.7320508, 2.0, 2.4494898, 2.828427, 2.828427, 4.2426405]",[2.0],[1.7320508],[-1.0],[2.0],[1.7320508],[-1.0],[4.0],[2.6457512],[2.0],[4.0],[2.6457512],[2.0],0,1,0,0,0.0,0.0,0
97105,1,1,1,"[0.0, 0.5, 1.0, 1.0, 1.5, 2.5, 2.5, 3.0, 3.0, 3.5]","[0.0, 0.0, 0.0, 0.0, 0.0, 0.0, 1.4142135, 2.236068, 2.4494898, 2.4494898]",[4.0],[3.4641016],[-2.5],[4.0],[3.4641016],[-2.5],[8.0],[7.937254],[8.0],[8.0],[7.937254],[8.0],0,1,0,0,0.0,0.0,0
809,1,1,1,"[0.5, 1.0, 1.0, 1.5, 2.5, 2.5, 2.5, 3.5, 4.5, 5.0]","[0.0, 0.0, 0.0, 0.0, 1.4142135, 2.0, 2.0, 2.4494898, 2.828427, 4.0]",[4.0],[3.4641016],[-3.5],[4.0],[3.4641016],[-3.5],[1.5],[1.4142135],[1.0],[1.5],[1.4142135],[1.0],0,1,0,0,0.0,0.0,1
12612,1,1,1,"[0.0, 1.0, 1.0, 1.0, 1.0, 1.5, 1.5, 3.0, 4.0, 5.0]","[0.0, 0.0, 0.0, 0.0, 0.0, 1.0, 1.0, 2.828427, 3.8729835, 4.0]",[4.0],[3.4641016],[-2.0],[4.0],[3.4641016],[-2.0],[4.5],[0.0],[2.5],[4.5],[0.0],[2.5],0,1,0,0,0.0,0.0,0
55390,9,3,2,"[0.5, 0.5, 1.0, 1.5, 1.5, 2.0, 3.5, 3.5, 7.0, 7.0]","[0.0, 0.0, 1.0, 1.4142135, 1.4142135, 1.7320508, 2.4494898, 3.4641016, 6.708204, 6.928203]","[2.0, 2.5, 2.5, 3.0, 4.0, 4.0, 4.0, 4.5, 5.0]","[0.0, 2.0, 2.0, 2.236068, 2.4494898, 2.6457512, 3.4641016, 4.472136, 4.8989797]","[-5.0, -4.5, -3.0, -3.0, -2.0, -2.0, -1.5, -1.5, -1.0]","[2.5, 2.5, 3.0]","[2.0, 2.236068, 2.4494898]","[-5.0, -3.0, -1.5]","[3.5, 7.5, 8.0]","[0.0, 7.483315, 7.937254]","[-1.0, 3.0, 5.0]","[1.5, 8.0]","[1.4142135, 7.937254]","[-0.5, 5.0]",1,1,1,0,1.0,0.0,0
71162,3,2,2,"[0.0, 0.5, 2.0, 2.0, 3.0, 4.0, 4.0, 4.5, 4.5, 5.0]","[0.0, 0.0, 0.0, 2.0, 2.828427, 3.4641016, 4.0, 4.0, 4.472136, 4.472136]","[0.5, 3.0, 3.0]","[0.0, 2.236068, 2.828427]","[-5.5, -4.0, -1.5]","[0.5, 3.0]","[0.0, 2.828427]","[-5.5, -1.5]","[2.5, 2.5]","[0.0, 2.0]","[-0.5, 0.5]","[2.5, 2.5]","[0.0, 2.0]","[-0.5, 0.5]",0,2,0,0,0.0,0.0,0
31518,2,1,1,"[0.0, 1.0, 1.5, 1.5, 1.5, 2.5, 2.5, 2.5, 3.5, 4.0]","[0.0, 0.0, 0.0, 0.0, 0.0, 0.0, 1.4142135, 1.4142135, 2.6457512, 3.4641016]","[1.0, 1.5]","[0.0, 0.0]","[-2.5, -1.5]",[1.0],[0.0],[-2.5],[8.0],[8.0],[8.0],[8.0],[8.0],[8.0],0,1,0,0,0.0,0.0,0
48218,2,2,1,"[0.5, 0.5, 1.0, 1.5, 1.5, 2.0, 2.5, 3.5, 4.0, 7.0]","[0.0, 0.0, 0.0, 0.0, 1.4142135, 1.4142135, 2.4494898, 3.4641016, 4.0, 7.0]","[2.0, 3.0]","[0.0, 2.0]","[-3.5, -2.5]","[2.0, 3.0]","[0.0, 2.0]","[-3.5, -2.5]","[4.0, 5.5]","[3.4641016, 5.477226]","[-1.5, 2.0]",[8.0],[8.0],[6.0],1,0,1,0,1.0,0.0,0
802,2,1,1,"[0.0, 0.0, 0.0, 1.0, 1.5, 1.5, 2.0, 2.5, 4.5, 4.5]","[0.0, 0.0, 0.0, 0.0, 0.0, 0.0, 1.7320508, 2.4494898, 2.828427, 4.2426405]","[1.5, 3.5]","[1.4142135, 2.4494898]","[-4.0, -2.0]",[1.5],[1.4142135],[-4.0],[4.0],[3.4641016],[2.5],[4.0],[3.4641016],[2.5],0,1,0,0,0.0,0.0,1
493,2,1,1,"[0.0, 0.0, 0.5, 0.5, 1.0, 1.0, 1.5, 2.5, 4.5, 4.5]","[0.0, 0.0, 0.0, 0.0, 0.0, 0.0, 1.0, 1.0, 3.7416575, 3.7416575]","[4.0, 5.0]","[4.0, 4.8989797]","[-3.0, -1.0]",[4.0],[4.0],[-3.0],[4.0],[4.0],[2.0],[4.0],[4.0],[2.0],0,1,0,0,0.0,0.0,1
101,5,4,1,"[0.0, 1.0, 1.0, 1.5, 2.0, 2.5, 3.0, 3.0, 6.0, 7.0]","[0.0, 0.0, 1.0, 1.0, 1.7320508, 2.4494898, 2.828427, 3.0, 5.196152, 6.708204]","[0.5, 1.0, 2.5, 4.0, 4.5]","[0.0, 1.0, 2.0, 2.6457512, 3.7416575]","[-5.5, -2.0, -2.0, -1.5, -1.0]","[0.5, 1.0, 2.5, 4.0]","[0.0, 1.0, 2.0, 2.6457512]","[-5.5, -2.0, -1.5, -1.0]","[0.5, 2.5, 3.0, 6.5]","[0.0, 0.0, 2.0, 6.3245554]","[-5.5, -3.5, -1.0, 4.5]",[4.0],[0.0],[1.5],3,0,1,1,1.0,2.0,1
624,3,1,1,"[0.5, 0.5, 1.0, 1.0, 1.0, 1.0, 1.5, 2.5, 4.0, 6.0]","[0.0, 0.0, 0.0, 0.0, 0.0, 0.0, 0.0, 0.0, 0.0, 5.91608]","[1.5, 4.0, 4.5]","[0.0, 4.0, 4.472136]","[-3.5, -3.0, -2.0]",[1.5],[0.0],[-3.5],[5.5],[4.2426405],[3.0],[5.5],[4.2426405],[3.0],0,1,0,0,0.0,0.0,1
90720,2,2,2,"[0.5, 0.5, 1.0, 1.0, 1.5, 2.0, 3.0, 3.5, 4.0, 4.0]","[0.0, 0.0, 0.0, 0.0, 0.0, 1.4142135, 2.4494898, 2.828427, 3.4641016, 3.4641016]","[1.0, 2.0]","[1.0, 1.7320508]","[-3.0, -2.0]","[1.0, 2.0]","[1.0, 1.7320508]","[-3.0, -2.0]","[5.5, 7.5]","[4.8989797, 7.483315]","[1.5, 7.0]","[5.5, 7.5]","[4.8989797, 7.483315]","[1.5, 7.0]",0,2,0,0,0.0,0.0,0
375,34,6,2,"[0.5, 3.5, 5.0, 5.0, 6.0, 6.5, 7.0, 7.5, 8.0, 8.0]","[0.0, 3.4641016, 4.8989797, 5.0, 5.91608, 6.0, 6.928203, 7.483315, 7.937254, 8.0]","[0.0, 0.5, 0.5, 0.5, 1.0, 1.5, 1.5, 1.5, 1.5, 2.0, 2.0, 2.0, 2.0, 2.5, 2.5, 2.5, 3.0, 3.0, 3.0, 3.5, 3.5, 3.5, 3.5, 4.0, 4.0, 4.0, 4.0, 4.5, 4.5, 4.5, 4.5, 5.0, 5.5, 6.0]","[0.0, 0.0, 0.0, 0.0, 0.0, 0.0, 0.0, 0.0, 0.0, 1.0, 1.4142135, 1.4142135, 1.4142135, 1.7320508, 1.7320508, 2.0, 2.0, 2.236068, 2.4494898, 2.6457512, 2.828427, 2.828427, 2.828427, 3.4641016, 3.4641016, 3.4641016, 3.7416575, 3.8729835, 3.8729835, 4.2426405, 4.2426405, 4.8989797, 5.477226, 6.0]","[-7.0, -6.5, -6.0, -6.0, -5.0, -5.0, -5.0, -5.0, -5.0, -5.0, -4.5, -4.5, -4.5, -4.5, -4.5, -4.0, -4.0, -4.0, -4.0, -3.5, -3.5, -3.5, -3.5, -3.5, -3.0, -3.0, -2.5, -2.5, -2.5, -2.0, -2.0, -2.0, -1.5, -1.5]","[0.0, 0.5, 0.5, 0.5, 1.0, 2.0]","[0.0, 0.0, 0.0, 0.0, 1.0, 1.7320508]","[-7.0, -6.5, -6.0, -4.5, -4.5, -4.5]","[3.0, 4.5, 5.0, 5.5, 7.5, 8.0]","[2.828427, 2.828427, 3.0, 5.477226, 7.3484693, 8.0]","[-3.5, -3.0, -0.5, 0.0, 2.0, 3.5]","[1.5, 3.0]","[1.4142135, 2.828427]","[-4.0, 0.5]",4,0,2,0,2.0,0.0,1
91024,1,1,1,"[0.5, 0.5, 0.5, 1.0, 1.5, 1.5, 1.5, 2.0, 2.5, 5.0]","[0.0, 0.0, 0.0, 0.0, 0.0, 0.0, 0.0, 0.0, 2.4494898, 4.582576]",[2.0],[0.0],[-3.0],[2.0],[0.0],[-3.0],[8.0],[7.937254],[6.5],[8.0],[7.937254],[6.5],0,1,0,0,0.0,0.0,0
67732,2,2,2,"[0.5, 0.5, 1.0, 1.5, 2.5, 3.0, 4.0, 4.5, 4.5, 5.0]","[0.0, 0.0, 0.0, 0.0, 1.4142135, 2.4494898, 2.828427, 3.4641016, 3.7416575, 4.8989797]","[2.5, 5.5]","[0.0, 5.477226]","[-1.0, -1.0]","[2.5, 5.5]","[0.0, 5.477226]","[-1.0, -1.0]","[3.0, 6.5]","[0.0, 6.0]","[2.0, 5.5]","[3.0, 6.5]","[0.0, 6.0]","[2.0, 5.5]",0,2,0,0,0.0,0.0,0
21724,4,2,2,"[0.0, 0.5, 1.0, 1.5, 1.5, 2.0, 2.0, 3.0, 4.0, 8.5]","[0.0, 0.0, 0.0, 0.0, 0.0, 0.0, 0.0, 2.0, 3.0, 8.485281]","[2.0, 3.0, 3.5, 4.0]","[0.0, 1.7320508, 2.6457512, 2.828427]","[-4.5, -3.5, -3.0, -1.5]","[2.0, 3.5]","[0.0, 1.7320508]","[-3.0, -1.5]","[5.0, 8.0]","[4.582576, 7.937254]","[2.5, 5.0]","[5.0, 8.0]","[4.582576, 7.937254]","[2.5, 5.0]",0,2,0,0,0.0,0.0,0
54325,4,2,1,"[0.0, 0.5, 0.5, 0.5, 1.5, 1.5, 3.0, 5.0, 6.5, 6.5]","[0.0, 0.0, 0.0, 0.0, 0.0, 1.4142135, 2.236068, 4.582576, 6.0, 6.3245554]","[2.5, 3.0, 4.5, 5.5]","[0.0, 2.4494898, 3.7416575, 5.477226]","[-3.0, -2.5, -2.5, -1.5]","[2.5, 3.0]","[0.0, 2.4494898]","[-2.5, -1.5]","[3.5, 3.5]","[2.4494898, 3.4641016]","[-1.0, 1.0]",[5.5],[5.477226],[5.0],1,0,1,0,1.0,0.0,0
19546,1,1,1,"[0.0, 0.0, 0.5, 0.5, 1.0, 1.0, 2.5, 4.5, 4.5, 5.5]","[0.0, 0.0, 0.0, 0.0, 1.0, 1.0, 2.0, 3.7416575, 4.2426405, 5.477226]",[2.0],[1.7320508],[-4.5],[2.0],[1.7320508],[-4.5],[8.5],[8.485281],[6.0],[8.5],[8.485281],[6.0],0,1,0,0,0.0,0.0,0
392,2,1,1,"[0.0, 0.0, 0.0, 0.0, 0.5, 1.5, 2.5, 5.0, 6.0, 6.5]","[0.0, 0.0, 0.0, 0.0, 0.0, 0.0, 2.4494898, 4.0, 5.656854, 6.3245554]","[3.5, 4.0]","[3.1622777, 4.0]","[-4.5, -4.0]",[4.0],[4.0],[-4.0],[8.0],[7.937254],[4.5],[8.0],[7.937254],[4.5],0,1,0,0,0.0,0.0,1
29006,1,1,1,"[0.0, 1.5, 1.5, 2.0, 2.0, 2.5, 2.5, 3.0, 4.5, 5.0]","[0.0, 0.0, 0.0, 0.0, 1.4142135, 1.4142135, 1.7320508, 3.0, 4.2426405, 5.0]",[1.5],[1.4142135],[-2.5],[1.5],[1.4142135],[-2.5],[3.0],[2.236068],[2.5],[3.0],[2.236068],[2.5],0,1,0,0,0.0,0.0,0
423,2,1,1,"[0.5, 0.5, 1.0, 1.0, 1.5, 1.5, 2.0, 3.5, 3.5, 4.0]","[0.0, 0.0, 0.0, 0.0, 1.0, 1.0, 1.4142135, 2.0, 2.4494898, 2.6457512]","[1.5, 2.0]","[1.4142135, 2.0]","[-5.0, -2.5]",[1.5],[1.4142135],[-5.0],[4.5],[4.472136],[4.0],[4.5],[4.472136],[4.0],0,1,0,0,0.0,0.0,1
91210,4,2,1,"[0.5, 0.5, 1.0, 1.0, 1.5, 2.0, 2.5, 4.5, 7.0, 8.0]","[0.0, 0.0, 0.0, 0.0, 1.0, 1.0, 1.7320508, 2.4494898, 7.0, 7.937254]","[2.5, 2.5, 4.0, 4.0]","[2.0, 2.4494898, 2.6457512, 4.0]","[-4.5, -4.0, -4.0, -2.5]","[2.5, 2.5]","[2.0, 2.4494898]","[-4.5, -2.5]","[4.5, 6.5]","[2.828427, 6.4807405]","[-3.5, 2.0]",[2.5],[2.4494898],[-3.0],1,0,1,0,1.0,0.0,0
186,6,3,1,"[0.0, 0.5, 0.5, 1.5, 1.5, 3.0, 4.0, 4.0, 5.5, 8.0]","[0.0, 0.0, 0.0, 1.4142135, 1.4142135, 2.236068, 3.4641016, 4.0, 5.477226, 8.0]","[1.5, 2.0, 2.5, 3.0, 3.5, 3.5]","[0.0, 1.4142135, 1.7320508, 2.0, 3.4641016, 3.4641016]","[-5.5, -3.5, -3.5, -3.5, -2.5, -1.0]","[1.5, 2.0, 3.5]","[1.4142135, 1.7320508, 3.4641016]","[-5.5, -3.5, -1.0]","[3.5, 6.5, 6.5]","[2.4494898, 6.0, 6.3245554]","[-1.5, 0.0, 1.5]",[8.0],[7.937254],[3.5],2,0,1,0,2.0,0.0,1
8,9,5,2,"[0.5, 1.5, 2.0, 2.5, 2.5, 2.5, 4.0, 4.0, 5.0, 8.0]","[0.0, 1.4142135, 1.7320508, 2.0, 2.4494898, 2.4494898, 3.4641016, 3.4641016, 4.8989797, 7.937254]","[0.5, 1.0, 1.0, 1.0, 1.0, 1.5, 2.5, 3.0, 3.5]","[0.0, 0.0, 0.0, 0.0, 1.0, 1.0, 2.0, 2.236068, 3.1622777]","[-6.0, -5.0, -4.5, -3.0, -3.0, -1.5, -1.5, -1.5, -1.0]","[0.5, 1.0, 1.0, 1.5, 3.5]","[0.0, 0.0, 0.0, 1.0, 3.1622777]","[-6.0, -3.0, -3.0, -1.5, -1.0]","[4.5, 4.5, 4.5, 5.5, 8.5]","[0.0, 0.0, 4.2426405, 4.8989797, 8.485281]","[-1.0, 0.0, 1.0, 3.0, 5.0]","[4.0, 4.5]","[0.0, 0.0]","[1.5, 3.0]",3,1,1,0,3.0,0.0,1
647,2,2,1,"[0.0, 0.5, 0.5, 2.0, 2.0, 2.0, 2.0, 2.5, 3.5, 7.5]","[0.0, 0.0, 0.0, 0.0, 0.0, 0.0, 1.7320508, 1.7320508, 2.0, 7.483315]","[0.5, 3.0]","[0.0, 0.0]","[-5.5, -2.5]","[0.5, 3.0]","[0.0, 0.0]","[-5.5, -2.5]","[2.0, 3.5]","[0.0, 3.1622777]","[-2.0, 0.0]",[7.5],[7.483315],[7.5],1,0,1,0,1.0,0.0,0
555,3,1,1,"[0.5, 0.5, 0.5, 0.5, 1.5, 1.5, 3.0, 3.5, 6.5, 7.0]","[0.0, 0.0, 0.0, 0.0, 0.0, 0.0, 2.828427, 3.4641016, 6.4807405, 7.0]","[2.5, 3.5, 4.5]","[0.0, 3.4641016, 4.2426405]","[-2.5, -2.0, -1.5]",[3.5],[3.4641016],[-2.0],[7.5],[7.483315],[3.5],[7.5],[7.483315],[3.5],0,1,0,0,0.0,0.0,1
1526,3,1,1,"[0.0, 0.0, 0.5, 1.0, 1.5, 1.5, 2.0, 2.0, 2.0, 2.5]","[0.0, 0.0, 0.0, 0.0, 0.0, 0.0, 1.4142135, 1.4142135, 1.7320508, 2.0]","[0.5, 1.0, 1.5]","[0.0, 0.0, 0.0]","[-3.0, -2.5, -2.0]",[0.5],[0.0],[-2.5],[3.5],[3.1622777],[3.0],[3.5],[3.1622777],[3.0],0,1,0,0,0.0,0.0,0
37484,2,2,1,"[0.0, 0.5, 1.5, 1.5, 1.5, 2.0, 2.5, 2.5, 2.5, 6.0]","[0.0, 0.0, 0.0, 0.0, 0.0, 0.0, 1.4142135, 1.4142135, 1.7320508, 5.196152]","[2.5, 3.5]","[0.0, 2.4494898]","[-2.0, -1.5]","[2.5, 3.5]","[0.0, 2.4494898]","[-2.0, -1.5]","[1.0, 4.5]","[0.0, 1.0]","[-3.5, 2.5]",[6.0],[5.656854],[5.5],1,0,1,0,1.0,0.0,0
88634,6,2,1,"[0.5, 1.0, 1.5, 1.5, 1.5, 2.0, 3.0, 3.5, 7.5, 7.5]","[0.0, 0.0, 0.0, 1.0, 1.4142135, 1.7320508, 2.828427, 3.4641016, 7.3484693, 7.483315]","[1.5, 1.5, 2.5, 3.0, 3.0, 4.5]","[0.0, 0.0, 0.0, 1.4142135, 2.236068, 3.7416575]","[-5.5, -5.0, -3.0, -3.0, -1.5, -1.5]","[1.5, 2.5]","[0.0, 0.0]","[-5.5, -1.5]","[3.0, 3.5]","[0.0, 2.4494898]","[-5.0, -2.0]",[6.0],[5.656854],[0.0],1,0,1,0,1.0,0.0,0
15063,2,2,2,"[0.5, 1.0, 1.0, 1.5, 1.5, 2.0, 2.0, 2.0, 2.5, 7.0]","[0.0, 0.0, 0.0, 0.0, 0.0, 0.0, 1.4142135, 1.4142135, 2.4494898, 6.708204]","[1.5, 1.5]","[0.0, 0.0]","[-2.0, -1.0]","[1.5, 1.5]","[0.0, 0.0]","[-2.0, -1.0]","[3.5, 6.0]","[3.4641016, 5.91608]","[-1.0, 5.0]","[3.5, 6.0]","[3.4641016, 5.91608]","[-1.0, 5.0]",0,2,0,0,0.0,0.0,0
18,35,6,3,"[3.0, 3.5, 5.0, 5.0, 5.5, 6.0, 6.0, 6.5, 7.0, 9.0]","[0.0, 2.236068, 3.0, 4.0, 5.477226, 5.91608, 5.91608, 6.0, 6.708204, 9.0]","[0.0, 0.0, 1.0, 1.0, 1.0, 1.0, 1.0, 1.5, 1.5, 2.0, 2.0, 2.0, 2.0, 2.5, 2.5, 2.5, 3.0, 3.5, 3.5, 3.5, 3.5, 4.0, 4.5, 4.5, 4.5, 4.5, 4.5, 4.5, 5.0, 5.0, 5.0, 5.5, 6.0, 7.0, 7.0]","[0.0, 0.0, 0.0, 0.0, 0.0, 0.0, 0.0, 0.0, 0.0, 1.0, 1.4142135, 1.7320508, 1.7320508, 1.7320508, 2.0, 2.0, 2.4494898, 2.4494898, 2.4494898, 2.828427, 2.828427, 3.4641016, 3.4641016, 3.7416575, 3.8729835, 4.2426405, 4.2426405, 4.472136, 4.582576, 4.582576, 4.8989797, 5.477226, 5.91608, 6.928203, 6.928203]","[-8.0, -7.0, -7.0, -6.0, -6.0, -6.0, -5.5, -5.0, -5.0, -5.0, -5.0, -4.5, -4.5, -4.5, -4.0, -4.0, -4.0, -3.5, -3.5, -3.5, -3.0, -3.0, -3.0, -3.0, -3.0, -2.5, -2.5, -2.5, -2.5, -2.0, -2.0, -2.0, -2.0, -2.0, -1.0]","[0.0, 0.0, 1.0, 1.5, 3.0, 4.5]","[0.0, 0.0, 0.0, 0.0, 0.0, 2.828427]","[-7.0, -7.0, -5.0, -4.0, -3.0, -2.5]","[1.5, 2.0, 4.5, 5.0, 5.5, 7.0]","[1.4142135, 2.0, 3.7416575, 4.0, 4.2426405, 6.928203]","[-5.0, -4.5, -2.0, -2.0, -0.5, 3.0]","[3.5, 7.0, 8.5]","[2.4494898, 6.928203, 8.485281]","[-2.0, 0.0, 6.0]",3,1,2,0,1.5,0.0,1
92,4,2,1,"[0.0, 0.5, 0.5, 1.0, 1.5, 2.5, 2.5, 3.0, 4.0, 7.5]","[0.0, 0.0, 0.0, 0.0, 0.0, 2.0, 2.4494898, 2.828427, 3.8729835, 7.3484693]","[3.0, 3.0, 3.5, 3.5]","[2.236068, 2.4494898, 3.0, 3.4641016]","[-3.0, -3.0, -2.5, -2.0]","[3.0, 3.5]","[3.0, 3.4641016]","[-3.0, -2.5]","[4.5, 6.0]","[4.472136, 5.656854]","[0.0, 0.5]",[1.5],[0.0],[-1.0],1,0,1,0,1.0,0.0,1
600,1,1,1,"[0.0, 0.0, 0.5, 0.5, 1.0, 1.5, 2.5, 3.0, 4.5, 7.0]","[0.0, 0.0, 0.0, 0.0, 0.0, 0.0, 1.4142135, 2.236068, 3.7416575, 6.928203]",[3.5],[3.1622777],[-2.0],[3.5],[3.1622777],[-2.0],[4.5],[3.7416575],[0.0],[4.5],[3.7416575],[0.0],0,1,0,0,0.0,0.0,1
774,4,1,1,"[0.0, 0.0, 1.5, 1.5, 2.0, 2.5, 3.0, 4.0, 5.0, 7.0]","[0.0, 0.0, 0.0, 0.0, 0.0, 1.4142135, 3.0, 3.8729835, 5.0, 6.708204]","[2.5, 2.5, 3.5, 3.5]","[0.0, 2.0, 2.4494898, 3.1622777]","[-4.5, -3.5, -3.5, -2.5]",[2.5],[2.0],[-2.5],[3.0],[2.236068],[-1.0],[3.0],[2.236068],[-1.0],0,1,0,0,0.0,0.0,1
22324,1,1,1,"[0.0, 0.5, 1.5, 1.5, 1.5, 2.0, 2.5, 2.5, 4.0, 5.0]","[0.0, 0.0, 0.0, 0.0, 0.0, 1.4142135, 2.0, 2.0, 3.8729835, 5.0]",[3.0],[2.828427],[-1.5],[3.0],[2.828427],[-1.5],[7.5],[7.3484693],[6.0],[7.5],[7.3484693],[6.0],0,1,0,0,0.0,0.0,0
71569,3,2,2,"[0.0, 0.5, 1.5, 2.0, 2.0, 2.0, 2.5, 2.5, 6.0, 8.5]","[0.0, 0.0, 0.0, 0.0, 0.0, 0.0, 0.0, 1.4142135, 5.656854, 8.485281]","[2.5, 3.0, 5.0]","[2.236068, 2.4494898, 4.8989797]","[-4.5, -3.5, -3.0]","[2.5, 3.0]","[2.236068, 2.4494898]","[-4.5, -3.0]","[4.5, 7.5]","[4.472136, 7.483315]","[2.5, 3.5]","[4.5, 7.5]","[4.472136, 7.483315]","[2.5, 3.5]",0,2,0,0,0.0,0.0,0
75888,6,2,1,"[0.5, 0.5, 1.0, 1.5, 1.5, 2.0, 2.0, 2.5, 3.5, 9.0]","[0.0, 0.0, 0.0, 0.0, 0.0, 0.0, 1.4142135, 1.7320508, 3.1622777, 9.0]","[0.5, 2.5, 2.5, 3.0, 3.5, 3.5]","[0.0, 0.0, 0.0, 2.4494898, 2.828427, 3.1622777]","[-6.0, -3.5, -3.5, -3.5, -3.0, -2.5]","[0.5, 2.5]","[0.0, 2.4494898]","[-6.0, -3.5]","[3.5, 4.5]","[3.4641016, 4.2426405]","[-1.0, 0.0]",[6.0],[5.91608],[6.0],1,0,1,0,1.0,0.0,0
5,6,2,1,"[0.0, 1.0, 1.0, 1.0, 1.5, 1.5, 3.5, 4.0, 5.5, 8.0]","[0.0, 0.0, 0.0, 0.0, 0.0, 1.4142135, 1.4142135, 3.4641016, 4.8989797, 7.937254]","[0.5, 3.0, 3.5, 4.0, 4.5, 5.5]","[0.0, 0.0, 0.0, 3.8729835, 4.2426405, 5.477226]","[-4.0, -3.5, -3.5, -3.0, -2.5, -2.0]","[0.5, 5.5]","[0.0, 5.477226]","[-4.0, -3.0]","[2.0, 8.5]","[2.0, 8.485281]","[-2.5, 3.5]",[7.0],[6.708204],[5.5],1,0,1,0,1.0,0.0,1
47475,1,1,1,"[0.5, 0.5, 1.0, 1.5, 1.5, 1.5, 2.0, 3.5, 4.0, 4.0]","[0.0, 0.0, 0.0, 0.0, 1.0, 1.4142135, 1.7320508, 3.1622777, 3.8729835, 3.8729835]",[2.0],[1.7320508],[-2.0],[2.0],[1.7320508],[-2.0],[6.0],[6.0],[4.5],[6.0],[6.0],[4.5],0,1,0,0,0.0,0.0,0
768,2,1,1,"[0.0, 0.0, 0.5, 1.0, 2.0, 2.0, 2.0, 2.5, 2.5, 3.0]","[0.0, 0.0, 0.0, 0.0, 0.0, 0.0, 0.0, 1.7320508, 2.0, 2.236068]","[1.0, 3.0]","[0.0, 3.0]","[-3.0, -1.5]",[1.0],[0.0],[-3.0],[5.5],[5.2915025],[4.5],[5.5],[5.2915025],[4.5],0,1,0,0,0.0,0.0,1
28345,2,2,1,"[0.0, 0.0, 0.5, 1.5, 1.5, 2.0, 2.0, 2.5, 3.5, 6.0]","[0.0, 0.0, 0.0, 0.0, 0.0, 1.4142135, 1.7320508, 1.7320508, 3.1622777, 5.91608]","[1.5, 2.0]","[1.4142135, 2.0]","[-3.5, -2.0]","[1.5, 2.0]","[1.4142135, 2.0]","[-3.5, -2.0]","[1.0, 4.5]","[0.0, 4.2426405]","[-3.0, 2.0]",[4.0],[0.0],[3.5],1,0,1,0,1.0,0.0,0
223,6,1,1,"[0.0, 0.0, 0.5, 1.0, 2.5, 2.5, 3.0, 4.0, 4.5, 8.5]","[0.0, 0.0, 0.0, 0.0, 0.0, 1.0, 2.4494898, 3.4641016, 4.472136, 8.485281]","[2.0, 2.5, 2.5, 3.5, 4.0, 5.0]","[0.0, 1.7320508, 2.4494898, 3.1622777, 4.0, 4.582576]","[-4.5, -3.5, -2.0, -2.0, -2.0, -2.0]",[2.5],[2.4494898],[-3.5],[4.0],[3.4641016],[-3.0],[4.0],[3.4641016],[-3.0],0,1,0,0,0.0,0.0,1
65839,8,4,1,"[0.0, 2.0, 2.5, 2.5, 2.5, 2.5, 3.0, 3.5, 7.0, 8.0]","[0.0, 0.0, 2.0, 2.0, 2.0, 2.236068, 2.4494898, 2.4494898, 6.928203, 8.0]","[1.5, 2.0, 2.5, 3.5, 3.5, 4.0, 4.0, 5.0]","[0.0, 1.4142135, 1.7320508, 2.4494898, 2.6457512, 3.1622777, 3.8729835, 4.582576]","[-4.0, -4.0, -3.5, -3.0, -2.5, -2.5, -2.0, -2.0]","[1.5, 2.5, 3.5, 4.0]","[0.0, 1.4142135, 2.6457512, 3.1622777]","[-4.0, -3.5, -2.5, -2.0]","[1.5, 2.5, 2.5, 3.0]","[0.0, 0.0, 1.4142135, 2.0]","[-4.0, -2.0, -1.5, -1.5]",[7.0],[7.0],[6.5],3,0,1,1,1.0,2.0,0
184,2,1,1,"[0.0, 0.0, 0.0, 0.0, 1.5, 2.5, 3.0, 4.0, 4.5, 4.5]","[0.0, 0.0, 0.0, 0.0, 0.0, 0.0, 0.0, 1.4142135, 2.4494898, 4.472136]","[2.5, 6.0]","[2.0, 5.656854]","[-3.0, -2.5]",[2.5],[2.0],[-3.0],[4.5],[4.2426405],[4.0],[4.5],[4.2426405],[4.0],0,1,0,0,0.0,0.0,1
94,4,3,2,"[0.0, 0.5, 1.0, 1.5, 2.5, 3.0, 3.5, 3.5, 4.5, 5.5]","[0.0, 0.0, 0.0, 0.0, 0.0, 2.4494898, 2.828427, 3.1622777, 3.7416575, 5.2915025]","[1.0, 2.5, 3.0, 3.5]","[1.0, 2.0, 2.4494898, 3.0]","[-3.5, -2.5, -2.0, -2.0]","[1.0, 2.5, 3.0]","[1.0, 2.0, 3.0]","[-2.5, -2.0, -2.0]","[3.0, 5.0, 6.5]","[2.828427, 4.8989797, 6.0]","[-1.0, -0.5, 3.5]","[3.0, 5.5]","[2.828427, 4.2426405]","[-0.5, 2.0]",1,1,1,0,1.0,0.0,1
158,33,6,1,"[1.5, 3.0, 4.0, 5.0, 5.5, 6.5, 7.0, 7.5, 7.5, 8.0]","[1.4142135, 2.236068, 3.4641016, 4.8989797, 4.8989797, 6.3245554, 6.708204, 7.483315, 7.483315, 7.937254]","[0.0, 0.5, 0.5, 0.5, 0.5, 1.0, 1.0, 1.0, 1.0, 1.0, 1.5, 1.5, 2.5, 2.5, 2.5, 3.0, 3.0, 3.0, 3.0, 3.0, 3.0, 3.0, 3.0, 3.5, 4.5, 4.5, 4.5, 5.0, 5.5, 5.5, 6.0, 6.0, 6.5]","[0.0, 0.0, 0.0, 0.0, 0.0, 0.0, 0.0, 0.0, 0.0, 0.0, 0.0, 1.0, 1.4142135, 1.4142135, 2.0, 2.236068, 2.4494898, 2.828427, 2.828427, 2.828427, 3.0, 3.0, 3.0, 3.4641016, 3.7416575, 4.2426405, 4.472136, 4.8989797, 5.2915025, 5.477226, 5.91608, 5.91608, 6.3245554]","[-6.5, -6.5, -6.5, -6.0, -6.0, -5.5, -5.5, -5.0, -5.0, -5.0, -5.0, -5.0, -4.0, -4.0, -4.0, -3.5, -3.5, -3.5, -3.5, -3.0, -3.0, -3.0, -3.0, -3.0, -3.0, -2.5, -2.5, -2.5, -2.5, -2.0, -1.5, -1.5, -1.5]","[0.0, 0.5, 0.5, 0.5, 0.5, 1.0]","[0.0, 0.0, 0.0, 0.0, 0.0, 0.0]","[-6.0, -6.0, -5.0, -3.0, -2.5, -2.5]","[0.5, 1.0, 1.0, 3.0, 3.5, 6.0]","[0.0, 0.0, 0.0, 2.236068, 3.4641016, 5.656854]","[-6.0, -4.0, -3.0, -2.5, -1.5, 0.0]",[3.0],[2.828427],[-5.0],5,0,1,1,3.0,2.0,1
709,5,2,2,"[0.5, 0.5, 0.5, 1.0, 1.0, 2.0, 3.5, 5.0, 6.5, 8.0]","[0.0, 0.0, 0.0, 1.0, 1.0, 1.7320508, 2.4494898, 3.0, 6.0, 7.937254]","[1.0, 2.5, 3.5, 3.5, 6.5]","[0.0, 2.0, 2.4494898, 2.4494898, 6.3245554]","[-5.5, -4.0, -3.5, -3.0, -2.5]","[2.5, 3.5]","[2.0, 2.4494898]","[-5.5, -3.5]","[3.0, 5.5]","[2.828427, 5.477226]","[0.0, 2.0]","[3.0, 5.5]","[2.828427, 5.477226]","[0.0, 2.0]",0,2,0,0,0.0,0.0,1
531,4,2,0,"[0.0, 0.5, 1.0, 1.0, 1.5, 1.5, 3.0, 3.0, 5.0, 6.0]","[0.0, 0.0, 0.0, 0.0, 0.0, 0.0, 1.0, 2.236068, 5.0, 5.656854]","[0.5, 1.5, 2.5, 3.5]","[0.0, 0.0, 1.4142135, 2.4494898]","[-5.0, -3.0, -2.0, -2.0]","[0.5, 1.5]","[0.0, 1.4142135]","[-5.0, -2.0]","[0.5, 1.5]","[0.0, 1.4142135]","[-5.0, -2.0]",[],[],[],2,0,0,1,0.0,2.0,1
77627,3,3,2,"[0.5, 1.0, 1.5, 1.5, 2.5, 2.5, 3.5, 4.5, 5.0, 5.5]","[0.0, 0.0, 0.0, 1.4142135, 2.0, 2.4494898, 2.828427, 3.4641016, 4.582576, 4.8989797]","[0.5, 2.0, 2.5]","[0.0, 0.0, 2.0]","[-4.5, -3.0, -2.5]","[0.5, 2.0, 2.5]","[0.0, 0.0, 2.0]","[-4.5, -3.0, -2.5]","[3.5, 4.0, 5.0]","[0.0, 3.8729835, 4.8989797]","[-0.5, 1.5, 2.0]","[3.5, 7.5]","[0.0, 7.3484693]","[1.5, 5.5]",1,1,1,0,1.0,0.0,0
513,5,2,2,"[0.0, 0.5, 1.0, 1.5, 2.0, 2.0, 2.5, 3.0, 4.5, 4.5]","[0.0, 0.0, 0.0, 0.0, 1.4142135, 1.7320508, 1.7320508, 2.0, 3.0, 3.7416575]","[1.0, 1.5, 2.0, 3.0, 3.5]","[0.0, 0.0, 0.0, 0.0, 0.0]","[-4.5, -3.0, -3.0, -3.0, -2.5]","[1.0, 1.5]","[0.0, 0.0]","[-4.5, -3.0]","[4.5, 7.5]","[2.828427, 7.3484693]","[2.0, 7.0]","[4.5, 7.5]","[2.828427, 7.3484693]","[2.0, 7.0]",0,2,0,0,0.0,0.0,1
28850,3,2,2,"[0.0, 1.0, 1.0, 1.5, 1.5, 2.0, 2.5, 4.0, 4.0, 5.0]","[0.0, 0.0, 0.0, 0.0, 0.0, 1.0, 1.7320508, 2.6457512, 3.0, 3.4641016]","[3.5, 4.0, 6.5]","[3.4641016, 3.8729835, 6.3245554]","[-4.0, -2.5, -1.0]","[3.5, 6.5]","[3.4641016, 6.3245554]","[-2.5, -1.0]","[4.5, 6.5]","[4.2426405, 6.4807405]","[4.0, 5.0]","[4.5, 6.5]","[4.2426405, 6.4807405]","[4.0, 5.0]",0,2,0,0,0.0,0.0,0
23381,3,3,2,"[0.0, 0.5, 1.5, 2.5, 3.0, 3.5, 3.5, 4.0, 4.0, 6.0]","[0.0, 0.0, 0.0, 0.0, 0.0, 1.4142135, 2.4494898, 2.6457512, 3.8729835, 5.196152]","[1.0, 1.5, 3.5]","[0.0, 1.4142135, 3.1622777]","[-4.0, -4.0, -1.5]","[1.0, 1.5, 3.5]","[0.0, 1.4142135, 3.1622777]","[-4.0, -4.0, -1.5]","[5.5, 6.5, 7.5]","[5.477226, 6.3245554, 7.3484693]","[1.0, 4.5, 4.5]","[7.5, 7.5]","[7.3484693, 7.483315]","[4.5, 7.0]",1,1,1,0,1.0,0.0,0
29080,5,1,1,"[0.0, 0.0, 0.0, 1.0, 1.5, 2.0, 2.5, 2.5, 3.5, 8.0]","[0.0, 0.0, 0.0, 0.0, 0.0, 0.0, 2.0, 2.4494898, 3.4641016, 7.937254]","[1.5, 2.0, 2.0, 2.5, 3.0]","[0.0, 1.7320508, 2.0, 2.0, 2.236068]","[-4.5, -3.5, -3.5, -3.0, -2.5]",[1.5],[0.0],[-2.5],[7.0],[6.708204],[5.0],[7.0],[6.708204],[5.0],0,1,0,0,0.0,0.0,0
29586,7,2,1,"[0.5, 1.0, 1.5, 1.5, 2.0, 2.5, 3.0, 3.0, 4.0, 8.0]","[0.0, 0.0, 0.0, 1.4142135, 1.4142135, 1.7320508, 2.236068, 2.4494898, 2.6457512, 8.0]","[1.0, 2.0, 2.0, 2.5, 3.0, 3.5, 5.5]","[0.0, 0.0, 0.0, 1.7320508, 2.4494898, 3.0, 5.2915025]","[-4.5, -4.0, -3.0, -3.0, -3.0, -2.5, -2.0]","[1.0, 3.0]","[0.0, 3.0]","[-4.5, -4.0]","[3.0, 4.0]","[2.236068, 3.4641016]","[-1.0, -0.5]",[5.5],[5.477226],[5.0],1,0,1,0,1.0,0.0,0
879,2,2,2,"[0.0, 0.5, 0.5, 0.5, 2.0, 2.5, 2.5, 3.0, 5.0, 6.5]","[0.0, 0.0, 0.0, 0.0, 0.0, 2.0, 2.0, 3.0, 4.8989797, 6.0]","[1.5, 2.5]","[0.0, 2.4494898]","[-3.5, -2.5]","[1.5, 2.5]","[0.0, 2.4494898]","[-3.5, -2.5]","[4.5, 4.5]","[3.7416575, 3.7416575]","[2.0, 2.5]","[4.5, 4.5]","[3.7416575, 3.7416575]","[2.0, 2.5]",0,2,0,0,0.0,0.0,1
99321,2,2,2,"[0.5, 1.5, 1.5, 1.5, 2.0, 2.0, 3.0, 3.0, 5.0, 5.0]","[0.0, 0.0, 0.0, 0.0, 0.0, 0.0, 1.4142135, 1.4142135, 4.582576, 4.8989797]","[2.0, 4.0]","[1.7320508, 3.4641016]","[-3.0, -1.0]","[2.0, 4.0]","[1.7320508, 3.4641016]","[-3.0, -1.0]","[6.5, 8.0]","[6.4807405, 7.937254]","[6.5, 6.5]","[6.5, 8.0]","[6.4807405, 7.937254]","[6.5, 6.5]",0,2,0,0,0.0,0.0,0
18118,2,2,1,"[0.0, 1.0, 1.0, 1.5, 1.5, 2.0, 2.0, 2.0, 4.0, 6.5]","[0.0, 0.0, 0.0, 0.0, 1.0, 1.0, 1.7320508, 1.7320508, 2.0, 6.0]","[1.0, 2.5]","[0.0, 0.0]","[-3.5, -1.5]","[1.0, 2.5]","[0.0, 0.0]","[-3.5, -1.5]","[3.5, 6.5]","[0.0, 6.3245554]","[-1.5, 4.5]",[7.5],[7.3484693],[7.0],1,0,1,0,1.0,0.0,0
961,14,4,3,"[0.0, 1.5, 3.5, 3.5, 4.0, 4.0, 5.0, 6.0, 6.5, 8.5]","[0.0, 1.4142135, 2.4494898, 2.6457512, 3.4641016, 3.4641016, 4.8989797, 5.196152, 6.4807405, 8.485281]","[0.0, 1.0, 1.5, 1.5, 2.0, 2.0, 2.0, 2.5, 3.0, 3.0, 4.0, 4.0, 4.5, 5.0]","[0.0, 0.0, 0.0, 0.0, 1.0, 1.7320508, 2.0, 2.236068, 2.236068, 2.4494898, 3.4641016, 4.0, 4.472136, 5.0]","[-7.0, -5.5, -5.0, -5.0, -4.5, -3.5, -3.0, -3.0, -3.0, -3.0, -2.5, -2.5, -2.5, -1.5]","[0.0, 1.0, 1.5, 1.5]","[0.0, 0.0, 0.0, 1.0]","[-7.0, -5.5, -5.0, -2.5]","[4.5, 5.0, 5.0, 5.5]","[2.828427, 4.0, 4.8989797, 5.0]","[0.0, 0.0, 0.5, 3.0]","[3.5, 4.5, 5.5]","[0.0, 2.828427, 4.8989797]","[-2.5, 0.0, 3.0]",1,2,1,0,1.0,0.0,1
757,2,1,1,"[0.0, 0.0, 0.5, 1.0, 1.0, 2.0, 2.5, 2.5, 3.0, 8.5]","[0.0, 0.0, 0.0, 0.0, 0.0, 1.0, 1.0, 1.7320508, 2.236068, 8.485281]","[3.5, 6.0]","[0.0, 5.656854]","[-3.5, -1.0]",[3.5],[0.0],[-3.5],[6.0],[6.0],[1.5],[6.0],[6.0],[1.5],0,1,0,0,0.0,0.0,1
636,4,3,1,"[0.0, 0.0, 1.0, 1.5, 1.5, 2.0, 2.5, 2.5, 4.5, 6.5]","[0.0, 0.0, 0.0, 0.0, 1.0, 1.4142135, 1.4142135, 2.0, 4.2426405, 6.0]","[1.0, 2.0, 2.0, 3.0]","[0.0, 0.0, 1.7320508, 1.7320508]","[-3.5, -3.0, -2.0, -1.5]","[1.0, 2.0, 2.0]","[0.0, 1.7320508, 1.7320508]","[-3.5, -3.0, -1.5]","[3.5, 3.5, 7.0]","[0.0, 3.1622777, 6.928203]","[-0.5, 1.0, 1.0]",[6.0],[5.656854],[4.5],2,0,1,0,2.0,0.0,1
831,31,5,1,"[1.0, 2.5, 4.0, 4.5, 5.5, 5.5, 6.0, 6.5, 7.5, 7.5]","[0.0, 0.0, 2.0, 2.6457512, 4.8989797, 5.2915025, 6.0, 6.0, 7.483315, 7.483315]","[0.0, 0.5, 1.0, 1.0, 1.0, 1.5, 2.0, 2.0, 2.0, 2.0, 2.0, 2.0, 2.5, 2.5, 2.5, 3.0, 3.0, 3.0, 3.0, 3.5, 3.5, 3.5, 4.0, 4.0, 4.0, 4.5, 4.5, 5.0, 5.0, 5.5, 5.5]","[0.0, 0.0, 0.0, 0.0, 0.0, 0.0, 0.0, 0.0, 0.0, 1.0, 1.4142135, 1.7320508, 1.7320508, 1.7320508, 1.7320508, 2.236068, 2.236068, 2.4494898, 2.4494898, 2.4494898, 2.6457512, 2.828427, 3.0, 3.1622777, 3.4641016, 4.2426405, 4.2426405, 4.8989797, 4.8989797, 5.2915025, 5.477226]","[-6.5, -6.0, -6.0, -6.0, -5.5, -5.5, -5.0, -5.0, -5.0, -5.0, -5.0, -4.5, -4.5, -4.0, -4.0, -4.0, -4.0, -4.0, -3.5, -3.5, -3.0, -3.0, -2.0, -2.0, -2.0, -2.0, -1.5, -1.5, -1.5, -1.5, -1.0]","[0.0, 0.5, 1.0, 1.5, 2.0]","[0.0, 0.0, 1.0, 1.4142135, 1.7320508]","[-6.5, -6.0, -5.5, -5.0, -4.0]","[0.0, 1.5, 4.0, 5.0, 6.5]","[0.0, 1.4142135, 2.6457512, 4.0, 6.0]","[-6.0, -5.5, -1.5, -1.5, 0.0]",[5.0],[4.8989797],[-1.5],4,0,1,1,2.0,2.0,1
61377,2,2,2,"[0.0, 0.0, 0.5, 0.5, 1.0, 1.5, 1.5, 3.5, 4.0, 7.0]","[0.0, 0.0, 0.0, 0.0, 0.0, 0.0, 0.0, 1.4142135, 3.1622777, 7.0]","[1.5, 3.0]","[0.0, 0.0]","[-3.0, -3.0]","[1.5, 3.0]","[0.0, 0.0]","[-3.0, -3.0]","[5.0, 6.5]","[4.8989797, 6.0]","[0.5, 6.5]","[5.0, 6.5]","[4.8989797, 6.0]","[0.5, 6.5]",0,2,0,0,0.0,0.0,0
479,1,1,1,"[0.0, 1.0, 1.0, 1.0, 1.0, 2.0, 2.5, 3.0, 3.5, 8.5]","[0.0, 0.0, 0.0, 0.0, 1.0, 1.0, 2.0, 2.0, 2.828427, 8.485281]",[4.0],[3.4641016],[-3.5],[4.0],[3.4641016],[-3.5],[1.5],[0.0],[-3.0],[1.5],[0.0],[-3.0],0,1,0,0,0.0,0.0,1
279,2,1,1,"[1.0, 1.5, 2.0, 2.5, 3.0, 3.5, 3.5, 3.5, 3.5, 3.5]","[0.0, 1.0, 1.4142135, 1.7320508, 2.4494898, 2.4494898, 2.828427, 3.1622777, 3.1622777, 3.1622777]","[5.0, 5.0]","[4.8989797, 5.0]","[-1.5, -1.0]",[5.0],[5.0],[-1.5],[5.5],[4.2426405],[5.0],[5.5],[4.2426405],[5.0],0,1,0,0,0.0,0.0,1
44365,2,1,1,"[0.0, 0.5, 0.5, 1.0, 1.0, 2.0, 3.0, 4.0, 4.5, 5.0]","[0.0, 0.0, 0.0, 0.0, 0.0, 0.0, 0.0, 2.6457512, 3.0, 3.0]","[1.5, 3.0]","[1.4142135, 2.828427]","[-6.0, -4.0]",[1.5],[1.4142135],[-4.0],[4.5],[4.472136],[4.5],[4.5],[4.472136],[4.5],0,1,0,0,0.0,0.0,0
77402,2,2,2,"[0.0, 0.0, 0.5, 0.5, 1.0, 2.0, 2.5, 2.5, 4.5, 6.5]","[0.0, 0.0, 0.0, 0.0, 0.0, 0.0, 1.0, 2.0, 4.472136, 6.4807405]","[2.0, 4.5]","[2.0, 4.472136]","[-2.0, -1.5]","[2.0, 4.5]","[2.0, 4.472136]","[-2.0, -1.5]","[5.0, 6.5]","[4.8989797, 6.3245554]","[3.5, 4.5]","[5.0, 6.5]","[4.8989797, 6.3245554]","[3.5, 4.5]",0,2,0,0,0.0,0.0,0
98691,2,2,2,"[0.0, 0.5, 0.5, 1.5, 1.5, 2.5, 2.5, 3.0, 3.5, 5.0]","[0.0, 0.0, 0.0, 0.0, 0.0, 1.4142135, 2.4494898, 2.828427, 3.4641016, 4.582576]","[2.0, 2.0]","[2.0, 2.0]","[-2.5, -1.5]","[2.0, 2.0]","[2.0, 2.0]","[-2.5, -1.5]","[4.5, 5.5]","[4.2426405, 4.8989797]","[3.0, 3.5]","[4.5, 5.5]","[4.2426405, 4.8989797]","[3.0, 3.5]",0,2,0,0,0.0,0.0,0
30931,1,1,1,"[0.0, 0.5, 0.5, 1.0, 1.0, 1.5, 1.5, 1.5, 3.5, 5.5]","[0.0, 0.0, 0.0, 0.0, 0.0, 1.0, 1.4142135, 1.4142135, 2.4494898, 4.8989797]",[2.5],[0.0],[-1.0],[2.5],[0.0],[-1.0],[3.5],[3.1622777],[2.0],[3.5],[3.1622777],[2.0],0,1,0,0,0.0,0.0,0
12375,3,2,2,"[0.0, 1.0, 1.0, 1.5, 2.0, 2.0, 2.0, 3.0, 4.5, 6.5]","[0.0, 0.0, 0.0, 0.0, 1.4142135, 1.7320508, 1.7320508, 1.7320508, 2.828427, 6.3245554]","[2.0, 3.5, 3.5]","[0.0, 0.0, 3.1622777]","[-3.5, -2.5, -2.0]","[2.0, 3.5]","[0.0, 3.1622777]","[-2.5, -2.0]","[4.0, 6.5]","[3.4641016, 6.0]","[0.5, 5.5]","[4.0, 6.5]","[3.4641016, 6.0]","[0.5, 5.5]",0,2,0,0,0.0,0.0,0
644,22,6,2,"[1.5, 2.0, 3.5, 4.5, 4.5, 5.0, 5.0, 6.5, 6.5, 7.5]","[0.0, 0.0, 2.828427, 3.1622777, 4.472136, 4.582576, 4.582576, 6.0, 6.3245554, 7.483315]","[0.0, 0.5, 0.5, 0.5, 1.0, 1.0, 1.0, 1.0, 1.0, 1.5, 1.5, 2.0, 2.0, 2.5, 2.5, 3.0, 3.5, 3.5, 4.0, 5.5, 5.5, 6.5]","[0.0, 0.0, 0.0, 0.0, 0.0, 0.0, 0.0, 0.0, 0.0, 0.0, 0.0, 1.0, 1.0, 1.4142135, 2.0, 2.0, 2.4494898, 3.4641016, 4.0, 5.2915025, 5.477226, 6.4807405]","[-6.0, -6.0, -6.0, -5.5, -5.0, -5.0, -4.5, -4.5, -4.5, -4.5, -4.0, -3.5, -3.0, -3.0, -3.0, -3.0, -2.5, -2.5, -2.0, -2.0, -2.0, -2.0]","[0.0, 0.5, 0.5, 1.0, 2.0, 3.0]","[0.0, 0.0, 0.0, 0.0, 0.0, 0.0]","[-6.0, -5.0, -5.0, -4.5, -4.5, -3.0]","[3.5, 4.5, 4.5, 5.5, 6.0, 6.5]","[0.0, 3.7416575, 4.2426405, 5.196152, 5.477226, 6.3245554]","[-1.5, -0.5, 0.0, 0.0, 2.0, 4.0]","[1.5, 6.5]","[1.4142135, 6.0]","[1.0, 4.0]",4,0,2,0,2.0,0.0,1
44532,4,2,2,"[0.0, 0.5, 2.0, 2.0, 2.5, 2.5, 3.0, 4.0, 6.5, 8.0]","[0.0, 0.0, 0.0, 1.7320508, 1.7320508, 2.236068, 2.4494898, 4.0, 6.0, 7.937254]","[2.5, 3.5, 3.5, 6.0]","[0.0, 0.0, 3.4641016, 5.656854]","[-4.5, -3.0, -2.0, -1.0]","[3.5, 3.5]","[0.0, 3.4641016]","[-3.0, -2.0]","[3.0, 5.0]","[0.0, 4.0]","[-2.0, 1.0]","[3.0, 5.0]","[0.0, 4.0]","[-2.0, 1.0]",0,2,0,0,0.0,0.0,0
29875,2,2,2,"[0.0, 0.0, 1.0, 2.0, 2.5, 2.5, 2.5, 3.0, 3.0, 6.5]","[0.0, 0.0, 0.0, 0.0, 1.7320508, 2.0, 2.236068, 2.236068, 2.4494898, 6.3245554]","[1.5, 2.0]","[1.4142135, 1.7320508]","[-4.5, -1.5]","[1.5, 2.0]","[1.4142135, 1.7320508]","[-4.5, -1.5]","[6.5, 7.0]","[6.0, 6.708204]","[3.5, 5.0]","[6.5, 7.0]","[6.0, 6.708204]","[3.5, 5.0]",0,2,0,0,0.0,0.0,0
658,1,1,1,"[0.0, 0.5, 1.5, 2.0, 2.5, 2.5, 2.5, 3.0, 4.0, 6.5]","[0.0, 0.0, 0.0, 1.4142135, 2.0, 2.0, 2.0, 2.6457512, 2.828427, 6.3245554]",[2.0],[0.0],[-5.5],[2.0],[0.0],[-5.5],[7.0],[6.928203],[4.0],[7.0],[6.928203],[4.0],0,1,0,0,0.0,0.0,1
437,18,5,2,"[0.5, 3.0, 3.5, 4.0, 4.5, 4.5, 5.0, 6.0, 6.5, 6.5]","[0.0, 0.0, 2.6457512, 2.828427, 3.1622777, 3.7416575, 4.0, 6.0, 6.3245554, 6.4807405]","[1.0, 1.0, 1.5, 1.5, 1.5, 1.5, 1.5, 1.5, 2.0, 2.0, 2.0, 2.0, 2.5, 3.0, 3.5, 3.5, 4.0, 5.5]","[0.0, 0.0, 0.0, 0.0, 0.0, 0.0, 0.0, 0.0, 0.0, 0.0, 1.0, 1.4142135, 1.7320508, 2.4494898, 3.1622777, 3.4641016, 3.8729835, 5.2915025]","[-6.0, -5.5, -5.5, -5.5, -5.5, -5.0, -5.0, -5.0, -4.5, -4.0, -3.5, -3.0, -3.0, -2.5, -2.0, -1.5, -1.0, -1.0]","[1.5, 1.5, 1.5, 1.5, 2.0]","[0.0, 0.0, 0.0, 0.0, 1.7320508]","[-6.0, -5.5, -5.0, -5.0, -3.5]","[1.5, 3.0, 5.5, 7.5, 8.5]","[0.0, 2.828427, 5.2915025, 7.3484693, 8.485281]","[-4.5, -0.5, 0.0, 2.0, 7.0]","[3.5, 8.5]","[3.1622777, 8.485281]","[2.0, 7.0]",3,1,1,0,3.0,0.0,1
594,5,3,2,"[0.5, 1.0, 1.0, 1.0, 1.5, 1.5, 3.0, 3.0, 4.5, 8.0]","[0.0, 0.0, 0.0, 0.0, 1.0, 1.4142135, 2.828427, 3.0, 3.7416575, 7.937254]","[0.5, 1.0, 2.0, 2.5, 5.5]","[0.0, 0.0, 2.0, 2.4494898, 5.2915025]","[-4.0, -3.0, -3.0, -3.0, -2.5]","[0.5, 1.0, 2.0]","[0.0, 0.0, 2.0]","[-4.0, -3.0, -3.0]","[4.0, 8.0, 9.0]","[2.6457512, 7.937254, 9.0]","[-2.0, 6.5, 7.0]","[2.5, 8.0]","[0.0, 7.937254]","[-3.0, 7.0]",1,1,1,0,1.0,0.0,1
31651,3,1,1,"[0.0, 0.5, 1.0, 1.5, 2.0, 2.5, 3.5, 4.0, 4.0, 6.5]","[0.0, 0.0, 0.0, 0.0, 1.0, 1.4142135, 2.4494898, 3.4641016, 3.4641016, 6.3245554]","[2.5, 3.0, 3.5]","[0.0, 0.0, 0.0]","[-4.5, -2.0, -1.0]",[2.5],[0.0],[-4.5],[8.0],[7.937254],[5.0],[8.0],[7.937254],[5.0],0,1,0,0,0.0,0.0,0
27528,2,2,2,"[0.0, 0.0, 0.5, 1.0, 1.0, 1.0, 1.0, 1.5, 2.5, 5.5]","[0.0, 0.0, 0.0, 0.0, 0.0, 0.0, 1.0, 1.4142135, 2.0, 5.477226]","[1.0, 1.5]","[0.0, 1.0]","[-3.0, -1.5]","[1.0, 1.5]","[0.0, 1.0]","[-3.0, -1.5]","[3.0, 5.0]","[2.828427, 4.582576]","[2.5, 2.5]","[3.0, 5.0]","[2.828427, 4.582576]","[2.5, 2.5]",0,2,0,0,0.0,0.0,0
54727,4,2,2,"[0.0, 0.5, 0.5, 0.5, 1.5, 2.0, 4.0, 4.0, 4.5, 5.0]","[0.0, 0.0, 0.0, 0.0, 0.0, 1.4142135, 2.6457512, 3.4641016, 4.2426405, 4.8989797]","[1.0, 2.5, 3.5, 4.0]","[0.0, 2.4494898, 3.4641016, 3.8729835]","[-4.0, -2.5, -2.5, -1.5]","[1.0, 2.5]","[0.0, 2.4494898]","[-4.0, -2.5]","[1.5, 8.0]","[1.4142135, 7.937254]","[-1.0, 6.5]","[1.5, 8.0]","[1.4142135, 7.937254]","[-1.0, 6.5]",0,2,0,0,0.0,0.0,0
56188,4,3,2,"[0.5, 1.0, 1.5, 2.5, 2.5, 3.0, 3.0, 3.5, 3.5, 4.0]","[0.0, 0.0, 0.0, 1.0, 2.4494898, 2.828427, 3.0, 3.1622777, 3.4641016, 3.4641016]","[1.5, 2.0, 2.0, 2.5]","[0.0, 0.0, 1.7320508, 2.0]","[-3.0, -2.0, -2.0, -1.5]","[1.5, 2.0, 2.0]","[0.0, 0.0, 1.7320508]","[-3.0, -2.0, -1.5]","[3.0, 6.0, 8.0]","[0.0, 5.196152, 7.937254]","[0.0, 3.5, 6.0]","[2.5, 6.0]","[2.0, 5.196152]","[0.5, 3.5]",1,1,1,0,1.0,0.0,0
324,21,4,2,"[0.5, 1.0, 1.5, 3.5, 4.0, 4.0, 4.5, 5.0, 7.5, 8.0]","[0.0, 0.0, 0.0, 1.4142135, 2.6457512, 3.8729835, 4.472136, 4.582576, 7.483315, 7.937254]","[0.0, 0.5, 1.0, 1.0, 1.0, 1.0, 1.5, 1.5, 2.0, 2.0, 2.5, 3.0, 4.0, 4.0, 4.0, 4.0, 4.5, 4.5, 4.5, 4.5, 5.0]","[0.0, 0.0, 0.0, 0.0, 0.0, 0.0, 0.0, 1.0, 1.0, 1.4142135, 2.4494898, 3.0, 3.4641016, 3.4641016, 3.7416575, 3.8729835, 4.0, 4.472136, 4.472136, 4.472136, 4.8989797]","[-6.5, -6.0, -6.0, -6.0, -5.5, -5.0, -4.0, -4.0, -4.0, -3.5, -3.0, -3.0, -3.0, -3.0, -2.5, -2.0, -2.0, -1.5, -1.5, -1.5, -1.5]","[0.0, 1.0, 1.0, 1.0]","[0.0, 0.0, 0.0, 1.0]","[-6.0, -6.0, -6.0, -5.0]","[1.0, 3.5, 4.5, 6.0]","[1.0, 3.1622777, 3.7416575, 6.0]","[-4.0, -0.5, 0.0, 1.5]","[3.5, 4.5]","[3.1622777, 4.2426405]","[0.5, 1.5]",2,1,1,0,2.0,0.0,1
33758,1,1,1,"[0.0, 0.0, 0.5, 0.5, 1.0, 2.0, 2.0, 3.0, 3.0, 7.5]","[0.0, 0.0, 0.0, 0.0, 0.0, 0.0, 0.0, 2.0, 2.828427, 7.3484693]",[5.0],[4.0],[-1.5],[5.0],[4.0],[-1.5],[7.5],[7.483315],[3.5],[7.5],[7.483315],[3.5],0,1,0,0,0.0,0.0,0
4098,3,2,1,"[0.0, 0.0, 1.0, 1.0, 2.0, 3.0, 3.0, 3.5, 4.5, 7.5]","[0.0, 0.0, 0.0, 0.0, 1.0, 1.0, 1.7320508, 2.4494898, 3.7416575, 7.483315]","[2.0, 2.5, 3.0]","[0.0, 0.0, 3.0]","[-3.5, -3.0, -2.0]","[2.5, 3.0]","[0.0, 3.0]","[-3.5, -3.0]","[1.0, 2.5]","[0.0, 2.4494898]","[-3.0, -2.0]",[3.5],[3.4641016],[2.5],1,0,1,0,1.0,0.0,0
241,1,1,1,"[0.0, 0.5, 1.0, 1.0, 2.0, 2.0, 2.5, 3.0, 3.5, 5.0]","[0.0, 0.0, 0.0, 0.0, 0.0, 1.0, 2.0, 2.828427, 3.4641016, 4.8989797]",[2.0],[1.7320508],[-2.0],[2.0],[1.7320508],[-2.0],[4.0],[0.0],[2.0],[4.0],[0.0],[2.0],0,1,0,0,0.0,0.0,1
54996,1,1,1,"[0.5, 0.5, 1.0, 1.5, 1.5, 1.5, 2.5, 2.5, 3.5, 4.0]","[0.0, 0.0, 0.0, 0.0, 0.0, 0.0, 1.4142135, 1.4142135, 2.6457512, 3.4641016]",[2.5],[2.4494898],[-1.5],[2.5],[2.4494898],[-1.5],[4.5],[0.0],[2.5],[4.5],[0.0],[2.5],0,1,0,0,0.0,0.0,0
55155,2,1,1,"[0.0, 0.0, 1.0, 1.5, 1.5, 1.5, 2.0, 3.0, 4.0, 4.5]","[0.0, 0.0, 0.0, 0.0, 0.0, 0.0, 1.4142135, 1.7320508, 3.7416575, 4.0]","[3.5, 5.0]","[2.4494898, 5.0]","[-1.5, -1.0]",[5.0],[5.0],[-1.5],[5.5],[4.2426405],[4.5],[5.5],[4.2426405],[4.5],0,1,0,0,0.0,0.0,0
25027,4,2,1,"[0.0, 1.0, 1.5, 1.5, 2.0, 2.0, 3.0, 4.0, 4.5, 4.5]","[0.0, 1.0, 1.4142135, 1.4142135, 1.7320508, 2.0, 2.6457512, 2.828427, 4.472136, 4.472136]","[0.5, 2.0, 2.0, 3.0]","[0.0, 0.0, 1.7320508, 3.0]","[-3.0, -2.5, -2.5, -1.5]","[0.5, 3.0]","[0.0, 3.0]","[-3.0, -2.5]","[3.0, 3.5]","[0.0, 2.4494898]","[0.0, 1.0]",[7.0],[6.708204],[6.0],1,0,1,0,1.0,0.0,0
91939,2,2,1,"[0.5, 1.0, 1.0, 1.5, 1.5, 2.0, 3.0, 3.5, 3.5, 5.0]","[0.0, 0.0, 0.0, 0.0, 0.0, 0.0, 1.4142135, 2.4494898, 3.4641016, 4.582576]","[1.0, 3.5]","[0.0, 2.4494898]","[-2.5, -1.0]","[1.0, 3.5]","[0.0, 2.4494898]","[-2.5, -1.0]","[1.0, 4.5]","[1.0, 4.472136]","[-0.5, -0.5]",[7.0],[7.0],[5.5],1,0,1,0,1.0,0.0,0
47718,4,3,2,"[0.5, 1.0, 1.0, 1.0, 1.5, 1.5, 2.5, 2.5, 3.5, 6.0]","[0.0, 0.0, 1.0, 1.0, 1.0, 1.4142135, 1.4142135, 2.0, 3.1622777, 5.91608]","[1.0, 1.5, 2.0, 2.0]","[0.0, 0.0, 0.0, 0.0]","[-3.0, -2.5, -2.0, -1.0]","[1.0, 1.5, 2.0]","[0.0, 0.0, 0.0]","[-2.5, -2.0, -1.0]","[3.0, 4.5, 9.0]","[2.236068, 4.2426405, 9.0]","[-0.5, 1.5, 8.0]","[7.5, 9.0]","[7.483315, 9.0]","[7.0, 8.0]",1,1,1,0,1.0,0.0,0
99984,1,1,1,"[0.5, 1.0, 1.0, 1.5, 2.0, 2.5, 3.0, 3.0, 3.5, 4.0]","[0.0, 0.0, 0.0, 1.4142135, 1.7320508, 2.236068, 2.236068, 2.4494898, 3.4641016, 3.8729835]",[1.5],[0.0],[-2.0],[1.5],[0.0],[-2.0],[5.5],[5.2915025],[4.0],[5.5],[5.2915025],[4.0],0,1,0,0,0.0,0.0,0
871,10,5,2,"[0.5, 0.5, 2.0, 2.5, 2.5, 3.0, 3.0, 4.5, 6.5, 6.5]","[0.0, 0.0, 0.0, 1.7320508, 2.0, 2.4494898, 3.0, 3.7416575, 6.3245554, 6.4807405]","[0.0, 1.0, 1.5, 1.5, 1.5, 2.5, 3.0, 3.0, 3.0, 5.5]","[0.0, 0.0, 0.0, 1.4142135, 1.4142135, 2.4494898, 2.828427, 2.828427, 3.0, 5.477226]","[-4.5, -4.0, -3.5, -3.0, -3.0, -2.5, -2.5, -2.5, -2.0, -1.5]","[0.0, 1.5, 1.5, 1.5, 2.5]","[0.0, 0.0, 1.4142135, 1.4142135, 2.4494898]","[-4.5, -4.0, -3.5, -3.0, -2.5]","[2.0, 2.5, 3.0, 6.0, 6.5]","[0.0, 0.0, 2.828427, 5.656854, 6.4807405]","[-3.0, 0.0, 0.5, 1.0, 2.0]","[2.0, 7.0]","[0.0, 7.0]","[0.5, 5.0]",3,1,1,0,3.0,0.0,1
80958,2,2,1,"[0.0, 0.5, 1.0, 1.0, 1.5, 2.5, 3.0, 3.5, 3.5, 9.0]","[0.0, 0.0, 0.0, 0.0, 0.0, 1.0, 1.4142135, 2.4494898, 2.4494898, 9.0]","[2.0, 2.5]","[0.0, 2.4494898]","[-4.5, -3.5]","[2.0, 2.5]","[0.0, 2.4494898]","[-4.5, -3.5]","[2.5, 5.5]","[2.4494898, 4.2426405]","[-2.0, 1.0]",[5.5],[5.477226],[5.5],1,0,1,0,1.0,0.0,0
57355,6,2,2,"[0.0, 0.5, 0.5, 1.0, 1.5, 2.0, 3.0, 3.5, 4.5, 5.0]","[0.0, 0.0, 0.0, 0.0, 0.0, 0.0, 3.0, 3.0, 3.4641016, 3.7416575]","[1.0, 1.5, 1.5, 2.0, 2.0, 6.5]","[0.0, 0.0, 1.0, 1.4142135, 2.0, 6.3245554]","[-4.5, -4.5, -4.0, -4.0, -3.5, -1.5]","[1.0, 1.5]","[1.0, 1.4142135]","[-4.5, -4.0]","[4.0, 6.0]","[2.6457512, 5.656854]","[3.0, 5.5]","[4.0, 6.0]","[2.6457512, 5.656854]","[3.0, 5.5]",0,2,0,0,0.0,0.0,0
230,1,1,1,"[0.5, 0.5, 1.0, 1.5, 1.5, 1.5, 3.5, 3.5, 5.5, 6.5]","[0.0, 0.0, 0.0, 1.4142135, 1.4142135, 1.4142135, 2.4494898, 2.4494898, 4.2426405, 6.4807405]",[4.0],[3.8729835],[-2.0],[4.0],[3.8729835],[-2.0],[7.5],[7.3484693],[6.5],[7.5],[7.3484693],[6.5],0,1,0,0,0.0,0.0,1
97694,4,2,1,"[0.0, 0.5, 1.0, 1.0, 1.0, 1.0, 1.5, 1.5, 1.5, 7.5]","[0.0, 0.0, 0.0, 0.0, 0.0, 0.0, 0.0, 0.0, 0.0, 7.3484693]","[1.0, 1.5, 2.5, 3.5]","[0.0, 0.0, 0.0, 0.0]","[-3.5, -2.5, -2.0, -2.0]","[1.0, 3.5]","[0.0, 0.0]","[-3.5, -2.0]","[2.5, 3.0]","[0.0, 0.0]","[-1.5, -0.5]",[7.0],[6.928203],[7.0],1,0,1,0,1.0,0.0,0
57273,3,2,2,"[1.0, 1.0, 2.0, 2.0, 2.5, 2.5, 2.5, 3.0, 3.0, 5.0]","[0.0, 0.0, 0.0, 0.0, 0.0, 1.7320508, 2.0, 2.236068, 2.4494898, 4.0]","[2.0, 2.5, 3.5]","[1.7320508, 2.4494898, 3.4641016]","[-4.0, -3.0, -2.5]","[2.0, 2.5]","[1.7320508, 2.4494898]","[-4.0, -2.5]","[1.0, 5.5]","[1.0, 4.2426405]","[0.0, 5.0]","[1.0, 5.5]","[1.0, 4.2426405]","[0.0, 5.0]",0,2,0,0,0.0,0.0,0
527,3,2,1,"[0.0, 0.5, 0.5, 1.0, 1.0, 1.5, 1.5, 3.0, 4.0, 7.5]","[0.0, 0.0, 0.0, 0.0, 0.0, 0.0, 0.0, 2.236068, 3.4641016, 7.3484693]","[2.0, 2.5, 4.0]","[0.0, 1.7320508, 4.0]","[-3.0, -2.0, -2.0]","[2.0, 4.0]","[1.7320508, 4.0]","[-3.0, -2.0]","[4.5, 4.5]","[2.828427, 2.828427]","[0.0, 1.0]",[5.5],[5.477226],[5.0],1,0,1,0,1.0,0.0,1
48660,2,2,1,"[0.0, 0.0, 0.5, 0.5, 1.0, 1.5, 1.5, 2.0, 4.0, 6.5]","[0.0, 0.0, 0.0, 0.0, 0.0, 0.0, 0.0, 0.0, 3.4641016, 6.4807405]","[3.0, 3.5]","[2.236068, 3.1622777]","[-1.5, -1.0]","[3.0, 3.5]","[2.236068, 3.1622777]","[-1.5, -1.0]","[3.0, 4.5]","[2.828427, 3.7416575]","[-2.0, 0.0]",[7.0],[6.708204],[4.0],1,0,1,0,1.0,0.0,0
964,1,1,1,"[0.5, 0.5, 0.5, 1.0, 1.0, 1.5, 1.5, 2.0, 2.5, 4.5]","[0.0, 0.0, 0.0, 0.0, 0.0, 0.0, 0.0, 1.0, 1.7320508, 2.0]",[2.5],[0.0],[-2.5],[2.5],[0.0],[-2.5],[3.5],[3.1622777],[3.0],[3.5],[3.1622777],[3.0],0,1,0,0,0.0,0.0,1
182,4,2,2,"[0.5, 0.5, 0.5, 1.5, 2.0, 2.5, 2.5, 3.0, 3.5, 9.0]","[0.0, 0.0, 0.0, 0.0, 0.0, 1.7320508, 2.0, 2.0, 2.236068, 9.0]","[2.0, 2.5, 3.0, 4.5]","[0.0, 2.236068, 2.4494898, 2.828427]","[-5.0, -4.0, -2.0, -1.5]","[2.0, 2.5]","[0.0, 2.4494898]","[-4.0, -2.0]","[4.5, 6.0]","[4.2426405, 5.656854]","[1.5, 3.5]","[4.5, 6.0]","[4.2426405, 5.656854]","[1.5, 3.5]",0,2,0,0,0.0,0.0,1
33465,8,2,2,"[0.5, 1.5, 1.5, 2.0, 2.0, 2.5, 3.0, 4.5, 4.5, 5.0]","[0.0, 1.4142135, 1.4142135, 1.7320508, 2.0, 2.0, 2.236068, 2.828427, 3.0, 4.472136]","[2.0, 2.0, 2.0, 2.5, 3.0, 3.0, 3.5, 4.5]","[0.0, 0.0, 1.7320508, 1.7320508, 2.236068, 2.4494898, 2.828427, 4.472136]","[-6.0, -3.5, -3.5, -3.0, -2.5, -2.0, -1.5, -1.5]","[2.0, 2.5]","[1.7320508, 2.4494898]","[-6.0, -3.0]","[3.0, 4.5]","[0.0, 2.828427]","[0.5, 3.5]","[3.0, 4.5]","[0.0, 2.828427]","[0.5, 3.5]",0,2,0,0,0.0,0.0,0
17,6,2,0,"[0.0, 0.5, 0.5, 1.0, 1.0, 3.0, 4.0, 4.0, 5.0, 8.0]","[0.0, 0.0, 0.0, 0.0, 0.0, 0.0, 0.0, 1.0, 3.0, 7.937254]","[2.0, 2.0, 3.5, 4.0, 7.0, 7.0]","[0.0, 0.0, 3.1622777, 3.8729835, 6.928203, 7.0]","[-7.0, -5.0, -3.0, -2.0, -1.5, -1.0]","[2.0, 2.0]","[0.0, 0.0]","[-7.0, -2.0]","[2.0, 2.0]","[0.0, 0.0]","[-7.0, -2.0]",[],[],[],2,0,0,1,0.0,2.0,1
333,3,3,1,"[1.0, 1.0, 2.0, 2.0, 2.0, 2.5, 3.0, 3.0, 6.5, 7.0]","[0.0, 0.0, 1.0, 1.0, 2.0, 2.236068, 2.4494898, 2.828427, 6.3245554, 6.928203]","[1.5, 3.5, 3.5]","[1.4142135, 2.4494898, 2.4494898]","[-4.0, -2.5, -2.0]","[1.5, 3.5, 3.5]","[1.4142135, 2.4494898, 2.4494898]","[-4.0, -2.5, -2.0]","[4.0, 5.0, 7.0]","[2.6457512, 3.0, 6.708204]","[-3.0, 0.5, 4.0]",[4.0],[0.0],[3.0],2,0,1,0,2.0,0.0,1
62115,1,1,1,"[0.0, 0.5, 0.5, 1.0, 1.5, 1.5, 1.5, 2.0, 2.0, 2.5]","[0.0, 0.0, 0.0, 0.0, 0.0, 0.0, 1.0, 1.4142135, 1.7320508, 1.7320508]",[1.0],[1.0],[-2.0],[1.0],[1.0],[-2.0],[8.5],[8.485281],[8.0],[8.5],[8.485281],[8.0],0,1,0,0,0.0,0.0,0
887,1,1,1,"[0.5, 1.0, 1.0, 1.5, 1.5, 2.0, 2.5, 3.5, 4.0, 4.0]","[0.0, 0.0, 0.0, 0.0, 0.0, 1.0, 1.4142135, 2.0, 3.4641016, 3.4641016]",[3.5],[3.4641016],[-3.0],[3.5],[3.4641016],[-3.0],[4.0],[3.4641016],[3.0],[4.0],[3.4641016],[3.0],0,1,0,0,0.0,0.0,1
9724,3,2,1,"[0.0, 0.5, 1.0, 1.0, 1.0, 1.5, 2.0, 2.5, 2.5, 7.5]","[0.0, 0.0, 0.0, 0.0, 0.0, 0.0, 1.0, 2.0, 2.0, 7.483315]","[2.0, 3.0, 4.0]","[0.0, 0.0, 3.4641016]","[-2.0, -2.0, -1.5]","[2.0, 3.0]","[0.0, 0.0]","[-2.0, -2.0]","[4.0, 4.0]","[3.4641016, 4.0]","[0.0, 0.5]",[5.5],[5.2915025],[5.5],1,0,1,0,1.0,0.0,0
49964,4,2,1,"[0.0, 1.5, 1.5, 2.0, 2.0, 2.5, 3.5, 3.5, 3.5, 5.0]","[0.0, 0.0, 0.0, 0.0, 0.0, 1.4142135, 2.0, 2.4494898, 2.4494898, 4.8989797]","[1.0, 2.5, 3.5, 4.5]","[0.0, 0.0, 3.1622777, 4.2426405]","[-3.0, -2.5, -1.5, -1.0]","[1.0, 2.5]","[0.0, 0.0]","[-3.0, -2.5]","[2.0, 6.0]","[1.7320508, 5.656854]","[-1.0, 2.5]",[4.5],[4.2426405],[3.0],1,0,1,0,1.0,0.0,0
126,2,1,1,"[0.0, 0.5, 1.5, 1.5, 2.0, 2.0, 3.0, 3.0, 3.0, 4.0]","[0.0, 0.0, 0.0, 0.0, 0.0, 0.0, 1.7320508, 2.236068, 2.236068, 3.8729835]","[1.5, 2.5]","[1.4142135, 2.0]","[-3.5, -2.5]",[2.5],[2.0],[-2.5],[8.0],[7.937254],[6.0],[8.0],[7.937254],[6.0],0,1,0,0,0.0,0.0,1
70544,2,2,2,"[0.0, 0.5, 0.5, 0.5, 1.5, 2.0, 3.0, 3.5, 4.0, 5.0]","[0.0, 0.0, 0.0, 0.0, 0.0, 0.0, 1.7320508, 2.828427, 3.1622777, 5.0]","[2.5, 3.5]","[0.0, 2.0]","[-3.0, -1.5]","[2.5, 3.5]","[0.0, 2.0]","[-3.0, -1.5]","[3.5, 6.5]","[3.4641016, 6.4807405]","[2.5, 4.0]","[3.5, 6.5]","[3.4641016, 6.4807405]","[2.5, 4.0]",0,2,0,0,0.0,0.0,0
878,2,1,1,"[0.5, 0.5, 0.5, 0.5, 1.5, 1.5, 2.5, 3.0, 3.0, 5.0]","[0.0, 0.0, 0.0, 0.0, 0.0, 1.4142135, 2.236068, 2.236068, 2.4494898, 3.0]","[3.0, 3.5]","[0.0, 3.4641016]","[-3.5, -2.5]",[3.5],[3.4641016],[-3.5],[6.0],[5.91608],[5.0],[6.0],[5.91608],[5.0],0,1,0,0,0.0,0.0,1
98791,1,1,1,"[0.0, 0.0, 0.5, 1.0, 1.5, 1.5, 2.0, 2.0, 4.0, 5.0]","[0.0, 0.0, 0.0, 0.0, 0.0, 0.0, 1.0, 2.0, 3.8729835, 4.0]",[2.0],[0.0],[-1.5],[2.0],[0.0],[-1.5],[4.5],[2.828427],[2.0],[4.5],[2.828427],[2.0],0,1,0,0,0.0,0.0,0
66575,3,2,2,"[0.0, 0.5, 1.0, 1.0, 1.5, 2.0, 2.5, 3.5, 6.0, 7.0]","[0.0, 0.0, 0.0, 0.0, 0.0, 1.0, 2.0, 2.4494898, 5.656854, 7.0]","[2.0, 2.0, 3.5]","[1.7320508, 1.7320508, 2.4494898]","[-3.5, -3.0, -2.0]","[2.0, 3.5]","[1.7320508, 2.4494898]","[-3.0, -2.0]","[4.0, 6.0]","[2.6457512, 5.656854]","[2.0, 3.5]","[4.0, 6.0]","[2.6457512, 5.656854]","[2.0, 3.5]",0,2,0,0,0.0,0.0,0
166,2,1,1,"[0.0, 0.5, 0.5, 1.5, 1.5, 1.5, 2.0, 2.5, 2.5, 6.5]","[0.0, 0.0, 0.0, 0.0, 0.0, 1.4142135, 1.4142135, 2.0, 2.0, 6.3245554]","[1.5, 4.0]","[0.0, 3.4641016]","[-4.0, -2.0]",[1.5],[0.0],[-4.0],[3.0],[2.236068],[0.5],[3.0],[2.236068],[0.5],0,1,0,0,0.0,0.0,1
89343,4,1,1,"[0.5, 1.0, 1.0, 1.5, 1.5, 2.0, 3.0, 3.5, 5.5, 7.0]","[0.0, 0.0, 0.0, 0.0, 1.4142135, 1.4142135, 1.7320508, 3.1622777, 4.8989797, 6.928203]","[2.0, 2.0, 2.5, 5.0]","[0.0, 0.0, 1.7320508, 4.8989797]","[-5.5, -3.5, -2.5, -1.5]",[2.0],[0.0],[-2.5],[3.5],[0.0],[-0.5],[3.5],[0.0],[-0.5],0,1,0,0,0.0,0.0,0
29539,5,2,1,"[0.0, 1.0, 1.0, 1.5, 2.0, 2.0, 3.0, 3.0, 4.0, 8.0]","[0.0, 0.0, 0.0, 0.0, 1.0, 1.7320508, 2.0, 2.828427, 3.0, 7.937254]","[2.0, 2.5, 3.0, 4.5, 4.5]","[0.0, 0.0, 0.0, 3.7416575, 4.2426405]","[-4.5, -4.0, -2.0, -2.0, -1.5]","[2.5, 4.5]","[0.0, 4.2426405]","[-4.0, -2.0]","[1.5, 3.5]","[0.0, 3.1622777]","[-2.0, -2.0]",[8.0],[7.937254],[7.0],1,0,1,0,1.0,0.0,0
70350,4,2,2,"[0.0, 0.5, 1.0, 1.5, 1.5, 3.5, 4.5, 4.5, 4.5, 5.5]","[0.0, 0.0, 0.0, 1.0, 1.4142135, 1.4142135, 2.828427, 3.1622777, 4.2426405, 5.477226]","[1.5, 3.5, 3.5, 7.0]","[0.0, 3.4641016, 3.4641016, 7.0]","[-3.5, -2.5, -2.5, -1.5]","[1.5, 3.5]","[0.0, 3.4641016]","[-3.5, -2.5]","[3.5, 5.5]","[2.4494898, 4.2426405]","[2.5, 2.5]","[3.5, 5.5]","[2.4494898, 4.2426405]","[2.5, 2.5]",0,2,0,0,0.0,0.0,0
56137,4,2,2,"[0.0, 1.0, 1.0, 1.5, 2.0, 2.5, 2.5, 3.0, 5.5, 8.0]","[0.0, 0.0, 0.0, 0.0, 0.0, 1.0, 1.7320508, 2.4494898, 4.2426405, 7.937254]","[1.5, 2.0, 3.5, 5.5]","[0.0, 0.0, 3.1622777, 5.2915025]","[-4.0, -3.5, -3.5, -2.5]","[1.5, 2.0]","[0.0, 0.0]","[-4.0, -3.5]","[5.5, 6.0]","[5.2915025, 5.91608]","[1.5, 5.0]","[5.5, 6.0]","[5.2915025, 5.91608]","[1.5, 5.0]",0,2,0,0,0.0,0.0,0
16076,3,2,1,"[0.0, 0.5, 0.5, 1.5, 1.5, 1.5, 3.0, 3.0, 3.0, 8.0]","[0.0, 0.0, 0.0, 0.0, 0.0, 1.4142135, 1.4142135, 2.236068, 3.0, 7.937254]","[2.0, 4.5, 5.5]","[0.0, 2.828427, 5.2915025]","[-2.0, -2.0, -1.0]","[2.0, 5.5]","[0.0, 5.2915025]","[-2.0, -2.0]","[5.5, 8.5]","[5.477226, 8.485281]","[1.0, 5.0]",[8.5],[8.485281],[8.5],1,0,1,0,1.0,0.0,0
252,1,1,1,"[0.0, 0.5, 1.5, 1.5, 2.0, 2.5, 2.5, 3.5, 3.5, 5.0]","[0.0, 0.0, 0.0, 0.0, 0.0, 1.4142135, 1.7320508, 2.0, 3.4641016, 4.0]",[3.0],[0.0],[-2.5],[3.0],[0.0],[-2.5],[3.5],[0.0],[2.0],[3.5],[0.0],[2.0],0,1,0,0,0.0,0.0,1
192,1,1,1,"[0.5, 0.5, 0.5, 1.0, 2.5, 2.5, 3.0, 3.5, 3.5, 7.0]","[0.0, 0.0, 0.0, 1.0, 2.236068, 2.4494898, 2.4494898, 3.1622777, 3.4641016, 6.928203]",[3.5],[3.1622777],[-2.0],[3.5],[3.1622777],[-2.0],[3.5],[3.1622777],[-1.0],[3.5],[3.1622777],[-1.0],0,1,0,0,0.0,0.0,1
92119,3,2,1,"[0.0, 1.0, 1.0, 1.0, 1.0, 2.0, 2.5, 4.5, 5.0, 5.5]","[0.0, 0.0, 0.0, 0.0, 0.0, 2.0, 2.4494898, 3.7416575, 4.8989797, 5.2915025]","[2.0, 2.5, 3.5]","[1.7320508, 2.0, 2.4494898]","[-4.5, -1.5, -1.0]","[2.0, 2.5]","[1.7320508, 2.0]","[-4.5, -1.0]","[3.0, 3.5]","[0.0, 2.4494898]","[-1.5, 0.0]",[6.0],[5.91608],[3.5],1,0,1,0,1.0,0.0,0
810,2,2,1,"[0.5, 1.0, 1.0, 1.5, 1.5, 1.5, 3.0, 3.5, 4.0, 8.0]","[0.0, 0.0, 0.0, 0.0, 0.0, 1.0, 1.4142135, 3.1622777, 3.4641016, 7.937254]","[3.0, 5.5]","[0.0, 5.477226]","[-2.5, -1.0]","[3.0, 5.5]","[0.0, 5.477226]","[-2.5, -1.0]","[3.5, 7.0]","[0.0, 6.708204]","[-1.0, 1.0]",[4.0],[3.4641016],[1.5],1,0,1,0,1.0,0.0,1
42297,5,4,1,"[0.5, 0.5, 1.0, 1.0, 1.5, 1.5, 2.0, 3.0, 5.5, 7.5]","[0.0, 0.0, 0.0, 0.0, 0.0, 1.0, 1.4142135, 2.0, 5.2915025, 7.3484693]","[1.5, 1.5, 1.5, 2.5, 6.0]","[0.0, 0.0, 0.0, 0.0, 5.656854]","[-5.0, -3.5, -2.0, -1.5, -1.0]","[1.5, 1.5, 1.5, 2.5]","[0.0, 0.0, 0.0, 0.0]","[-5.0, -3.5, -1.5, -1.0]","[1.5, 2.5, 4.0, 7.0]","[0.0, 0.0, 2.6457512, 6.708204]","[-3.5, -1.5, 0.0, 5.0]",[7.0],[6.708204],[6.5],3,0,1,1,1.0,2.0,0
13037,2,2,1,"[0.0, 0.0, 0.5, 1.5, 2.0, 2.5, 2.5, 3.5, 4.5, 7.0]","[0.0, 0.0, 0.0, 1.4142135, 1.7320508, 2.0, 2.0, 3.1622777, 3.7416575, 6.708204]","[2.5, 4.0]","[0.0, 2.4494898]","[-1.5, -1.0]","[2.5, 4.0]","[0.0, 2.4494898]","[-1.5, -1.0]","[3.0, 7.5]","[2.828427, 7.3484693]","[0.5, 2.5]",[6.0],[5.656854],[5.5],1,0,1,0,1.0,0.0,0
25825,1,1,1,"[0.0, 0.5, 0.5, 1.0, 2.0, 2.0, 3.5, 3.5, 3.5, 4.5]","[0.0, 0.0, 0.0, 0.0, 0.0, 1.7320508, 2.0, 3.1622777, 3.4641016, 4.472136]",[2.5],[0.0],[-2.0],[2.5],[0.0],[-2.0],[3.0],[0.0],[2.0],[3.0],[0.0],[2.0],0,1,0,0,0.0,0.0,0
545,8,4,1,"[0.5, 0.5, 1.0, 1.0, 1.5, 4.0, 4.5, 4.5, 7.0, 8.0]","[0.0, 0.0, 0.0, 0.0, 1.4142135, 3.7416575, 3.8729835, 4.2426405, 6.928203, 8.0]","[1.0, 3.0, 3.5, 3.5, 4.0, 4.5, 4.5, 5.0]","[0.0, 1.0, 2.4494898, 2.6457512, 3.0, 3.7416575, 4.472136, 4.8989797]","[-5.5, -4.0, -3.5, -2.0, -2.0, -2.0, -1.5, -1.5]","[1.0, 3.5, 4.0, 5.0]","[0.0, 1.0, 2.6457512, 4.8989797]","[-5.5, -2.0, -2.0, -1.5]","[3.5, 3.5, 5.0, 5.5]","[0.0, 3.4641016, 4.2426405, 4.8989797]","[-2.0, -2.0, -1.5, 0.0]",[1.5],[0.0],[-2.0],3,0,1,1,1.0,2.0,1
202,1,1,1,"[0.0, 1.5, 2.0, 2.0, 2.5, 3.0, 3.0, 3.0, 4.0, 4.5]","[0.0, 0.0, 0.0, 2.0, 2.236068, 2.236068, 2.236068, 2.4494898, 2.828427, 3.8729835]",[0.5],[0.0],[-3.0],[0.5],[0.0],[-3.0],[5.5],[5.477226],[4.0],[5.5],[5.477226],[4.0],0,1,0,0,0.0,0.0,1
436,1,1,1,"[0.0, 0.0, 0.5, 1.0, 1.0, 1.0, 2.0, 3.0, 3.5, 5.5]","[0.0, 0.0, 0.0, 0.0, 0.0, 0.0, 1.7320508, 3.0, 3.1622777, 5.2915025]",[3.0],[2.828427],[-2.0],[3.0],[2.828427],[-2.0],[1.5],[1.4142135],[-1.0],[1.5],[1.4142135],[-1.0],0,1,0,0,0.0,0.0,1
86942,10,3,2,"[1.0, 1.5, 2.0, 2.0, 2.5, 2.5, 3.5, 4.0, 5.5, 8.0]","[0.0, 0.0, 0.0, 1.4142135, 1.7320508, 1.7320508, 2.4494898, 3.4641016, 5.2915025, 8.0]","[1.5, 2.0, 2.5, 2.5, 3.0, 3.0, 3.5, 3.5, 3.5, 5.5]","[0.0, 0.0, 1.4142135, 1.7320508, 2.236068, 2.4494898, 2.4494898, 2.4494898, 2.4494898, 5.2915025]","[-5.0, -4.0, -4.0, -3.5, -2.5, -2.5, -1.5, -1.5, -1.0, -1.0]","[1.5, 3.0, 3.5]","[0.0, 1.4142135, 2.4494898]","[-5.0, -1.5, -1.0]","[2.5, 4.5, 6.0]","[2.4494898, 3.7416575, 5.656854]","[-1.0, 0.5, 1.5]","[2.5, 3.0]","[2.236068, 2.4494898]","[-1.0, 2.5]",1,1,1,0,1.0,0.0,0
625,2,1,1,"[0.5, 1.0, 1.0, 1.0, 1.5, 1.5, 2.0, 3.0, 3.0, 5.0]","[0.0, 0.0, 0.0, 0.0, 0.0, 0.0, 0.0, 1.0, 2.828427, 4.582576]","[2.0, 3.5]","[0.0, 2.4494898]","[-3.5, -1.5]",[2.0],[0.0],[-3.5],[3.0],[2.828427],[1.5],[3.0],[2.828427],[1.5],0,1,0,0,0.0,0.0,1
151,1,1,1,"[0.0, 0.0, 0.5, 0.5, 0.5, 1.0, 2.0, 3.5, 4.0, 7.0]","[0.0, 0.0, 0.0, 0.0, 0.0, 0.0, 0.0, 0.0, 1.0, 6.708204]",[3.0],[2.236068],[-3.5],[3.0],[2.236068],[-3.5],[4.5],[4.2426405],[0.0],[4.5],[4.2426405],[0.0],0,1,0,0,0.0,0.0,1
329,3,2,2,"[0.5, 1.0, 1.5, 2.0, 2.5, 3.0, 4.0, 4.0, 4.0, 4.5]","[0.0, 0.0, 0.0, 0.0, 0.0, 1.4142135, 1.7320508, 3.4641016, 3.7416575, 3.8729835]","[1.5, 3.5, 5.0]","[0.0, 2.4494898, 4.582576]","[-5.0, -4.0, -1.5]","[1.5, 5.0]","[0.0, 4.582576]","[-5.0, -1.5]","[4.0, 5.5]","[3.4641016, 4.8989797]","[2.5, 3.5]","[4.0, 5.5]","[3.4641016, 4.8989797]","[2.5, 3.5]",0,2,0,0,0.0,0.0,1
612,22,6,2,"[1.5, 3.0, 3.5, 3.5, 3.5, 4.5, 4.5, 5.5, 7.5, 7.5]","[1.4142135, 2.4494898, 3.0, 3.4641016, 3.4641016, 3.7416575, 3.7416575, 5.2915025, 7.3484693, 7.483315]","[0.0, 0.5, 0.5, 0.5, 1.0, 1.5, 1.5, 1.5, 1.5, 2.0, 2.0, 2.5, 2.5, 3.0, 3.0, 3.5, 3.5, 3.5, 3.5, 3.5, 4.0, 4.5]","[0.0, 0.0, 0.0, 0.0, 0.0, 0.0, 0.0, 0.0, 0.0, 0.0, 0.0, 1.4142135, 1.4142135, 1.7320508, 2.4494898, 2.4494898, 2.828427, 3.1622777, 3.4641016, 3.4641016, 3.8729835, 4.2426405]","[-4.5, -4.5, -4.5, -4.5, -4.0, -4.0, -4.0, -4.0, -4.0, -3.5, -3.5, -3.5, -3.0, -2.5, -2.5, -2.5, -2.0, -2.0, -2.0, -1.5, -1.0, -1.0]","[0.0, 0.5, 1.5, 1.5, 2.0, 3.0]","[0.0, 0.0, 0.0, 0.0, 0.0, 0.0]","[-4.5, -4.5, -4.5, -4.0, -3.0, -1.0]","[1.5, 3.0, 3.0, 4.5, 6.0, 6.5]","[0.0, 0.0, 2.828427, 3.7416575, 6.0, 6.0]","[-4.5, -3.0, -0.5, 0.0, 1.0, 3.0]","[4.5, 8.5]","[3.7416575, 8.485281]","[-0.5, 6.0]",4,0,2,1,1.0,2.0,1
218,1,1,1,"[0.0, 0.0, 1.5, 1.5, 1.5, 2.0, 3.0, 3.5, 3.5, 7.0]","[0.0, 0.0, 0.0, 0.0, 1.4142135, 1.7320508, 2.236068, 2.4494898, 3.1622777, 6.708204]",[4.0],[4.0],[-3.5],[4.0],[4.0],[-3.5],[8.0],[7.937254],[5.0],[8.0],[7.937254],[5.0],0,1,0,0,0.0,0.0,1
683,5,3,1,"[0.5, 0.5, 0.5, 1.0, 2.0, 2.5, 3.0, 5.0, 6.0, 6.5]","[0.0, 0.0, 0.0, 0.0, 1.7320508, 2.4494898, 2.828427, 4.582576, 5.656854, 6.0]","[1.5, 2.0, 2.5, 2.5, 4.0]","[0.0, 0.0, 1.7320508, 2.4494898, 3.8729835]","[-4.5, -4.0, -3.5, -3.0, -2.0]","[1.5, 2.5, 4.0]","[0.0, 2.4494898, 3.8729835]","[-4.5, -3.0, -2.0]","[2.5, 5.5, 5.5]","[0.0, 4.8989797, 5.2915025]","[-4.0, 0.0, 2.5]",[7.5],[7.483315],[5.0],2,0,1,0,2.0,0.0,1
88551,3,2,2,"[0.5, 1.0, 1.0, 1.5, 2.5, 2.5, 2.5, 2.5, 4.0, 4.5]","[0.0, 0.0, 0.0, 0.0, 0.0, 2.0, 2.4494898, 2.4494898, 2.6457512, 4.472136]","[1.5, 2.0, 2.5]","[0.0, 1.4142135, 1.7320508]","[-2.0, -2.0, -1.0]","[1.5, 2.5]","[0.0, 1.4142135]","[-2.0, -2.0]","[3.0, 9.0]","[3.0, 9.0]","[0.5, 7.0]","[3.0, 9.0]","[3.0, 9.0]","[0.5, 7.0]",0,2,0,0,0.0,0.0,0
963,3,2,2,"[1.0, 1.0, 1.5, 2.0, 2.0, 3.5, 3.5, 3.5, 4.0, 5.0]","[0.0, 0.0, 0.0, 1.0, 1.7320508, 2.4494898, 3.0, 3.1622777, 3.4641016, 3.8729835]","[0.5, 2.0, 5.0]","[0.0, 1.7320508, 4.582576]","[-3.5, -2.0, -1.5]","[0.5, 2.0]","[0.0, 1.7320508]","[-3.5, -1.5]","[1.5, 3.5]","[1.4142135, 3.4641016]","[0.0, 0.5]","[1.5, 3.5]","[1.4142135, 3.4641016]","[0.0, 0.5]",0,2,0,0,0.0,0.0,1
458,1,1,1,"[0.0, 0.5, 0.5, 1.5, 2.0, 3.0, 3.0, 4.0, 5.5, 6.0]","[0.0, 0.0, 0.0, 0.0, 1.4142135, 1.7320508, 2.236068, 3.4641016, 4.2426405, 5.656854]",[2.5],[2.4494898],[-6.0],[2.5],[2.4494898],[-6.0],[4.5],[3.7416575],[1.5],[4.5],[3.7416575],[1.5],0,1,0,0,0.0,0.0,1
57334,5,2,2,"[0.0, 1.0, 1.5, 1.5, 2.0, 3.5, 3.5, 3.5, 4.0, 5.5]","[0.0, 0.0, 0.0, 0.0, 0.0, 0.0, 1.7320508, 3.4641016, 3.4641016, 5.477226]","[2.5, 2.5, 3.0, 3.5, 3.5]","[0.0, 2.0, 2.236068, 3.1622777, 3.4641016]","[-3.5, -3.0, -2.0, -2.0, -1.0]","[2.5, 3.5]","[2.0, 3.1622777]","[-3.0, -2.0]","[3.0, 4.5]","[0.0, 2.828427]","[2.0, 2.0]","[3.0, 4.5]","[0.0, 2.828427]","[2.0, 2.0]",0,2,0,0,0.0,0.0,0
82574,2,2,2,"[0.0, 0.0, 1.0, 1.0, 1.5, 1.5, 2.5, 4.0, 4.5, 5.0]","[0.0, 0.0, 0.0, 0.0, 0.0, 1.0, 2.4494898, 2.6457512, 4.0, 4.2426405]","[1.5, 3.5]","[0.0, 2.4494898]","[-2.5, -1.0]","[1.5, 3.5]","[0.0, 2.4494898]","[-2.5, -1.0]","[5.0, 7.0]","[4.8989797, 6.708204]","[-0.5, 6.5]","[5.0, 7.0]","[4.8989797, 6.708204]","[-0.5, 6.5]",0,2,0,0,0.0,0.0,0
19765,4,2,1,"[1.0, 1.0, 1.0, 1.0, 1.0, 1.5, 2.0, 3.0, 7.0, 7.5]","[0.0, 0.0, 0.0, 0.0, 0.0, 0.0, 1.4142135, 1.7320508, 7.0, 7.3484693]","[0.5, 3.5, 4.5, 6.0]","[0.0, 2.4494898, 2.828427, 5.91608]","[-6.0, -2.0, -1.5, -1.0]","[0.5, 3.5]","[0.0, 2.4494898]","[-6.0, -2.0]","[4.5, 5.5]","[2.828427, 4.8989797]","[-2.5, 1.5]",[5.5],[5.477226],[2.0],1,0,1,0,1.0,0.0,0
24356,1,1,1,"[0.0, 1.0, 1.0, 1.5, 2.0, 2.0, 3.0, 3.5, 5.0, 5.5]","[0.0, 0.0, 0.0, 0.0, 0.0, 1.0, 3.0, 3.4641016, 4.2426405, 4.8989797]",[2.0],[0.0],[-3.5],[2.0],[0.0],[-3.5],[3.5],[3.4641016],[2.5],[3.5],[3.4641016],[2.5],0,1,0,0,0.0,0.0,0
932,1,1,1,"[0.0, 0.0, 0.5, 1.0, 1.0, 1.5, 2.5, 2.5, 4.5, 4.5]","[0.0, 0.0, 0.0, 0.0, 0.0, 0.0, 1.4142135, 2.0, 4.2426405, 4.472136]",[2.5],[2.4494898],[-2.0],[2.5],[2.4494898],[-2.0],[3.5],[2.4494898],[1.0],[3.5],[2.4494898],[1.0],0,1,0,0,0.0,0.0,1
629,6,3,2,"[0.5, 0.5, 0.5, 1.5, 2.0, 2.5, 4.5, 4.5, 4.5, 7.0]","[0.0, 0.0, 0.0, 0.0, 1.4142135, 1.7320508, 4.2426405, 4.472136, 4.472136, 6.928203]","[2.0, 2.0, 2.0, 2.5, 3.0, 3.5]","[0.0, 1.7320508, 1.7320508, 2.4494898, 2.828427, 3.4641016]","[-3.5, -3.0, -2.5, -2.0, -1.5, -1.5]","[2.0, 2.0, 2.5]","[1.7320508, 1.7320508, 2.4494898]","[-3.5, -2.0, -1.5]","[2.5, 4.5, 5.5]","[2.0, 3.7416575, 5.2915025]","[-1.0, 0.0, 0.5]","[3.5, 4.5]","[2.4494898, 3.7416575]","[-0.5, 0.0]",1,1,1,0,1.0,0.0,1
257,21,6,3,"[1.0, 2.5, 3.5, 4.0, 4.5, 4.5, 6.0, 6.0, 6.5, 6.5]","[0.0, 0.0, 0.0, 2.6457512, 4.2426405, 4.2426405, 5.656854, 5.656854, 6.0, 6.3245554]","[0.0, 0.5, 1.5, 1.5, 1.5, 2.0, 2.0, 2.0, 2.5, 2.5, 2.5, 2.5, 3.0, 3.0, 3.5, 4.0, 4.0, 4.0, 4.5, 4.5, 7.5]","[0.0, 0.0, 0.0, 0.0, 1.4142135, 1.4142135, 1.7320508, 1.7320508, 2.0, 2.0, 2.236068, 2.4494898, 2.4494898, 2.4494898, 2.828427, 3.4641016, 3.7416575, 3.8729835, 4.0, 4.2426405, 7.483315]","[-7.0, -6.0, -6.0, -5.0, -4.5, -4.5, -3.5, -3.0, -3.0, -3.0, -3.0, -2.5, -2.5, -2.5, -2.5, -2.5, -2.5, -2.0, -2.0, -2.0, -1.0]","[0.0, 0.5, 1.5, 2.0, 2.5, 4.0]","[0.0, 0.0, 0.0, 1.4142135, 2.0, 3.8729835]","[-6.0, -6.0, -4.5, -3.0, -2.5, -2.0]","[0.0, 0.5, 2.0, 3.0, 3.5, 4.5]","[0.0, 0.0, 0.0, 1.7320508, 2.828427, 4.2426405]","[-6.0, -4.5, -2.0, 0.0, 2.0, 2.5]","[3.0, 3.5, 5.0]","[0.0, 2.828427, 4.8989797]","[2.0, 2.5, 2.5]",3,2,1,1,1.0,2.0,1
37269,1,1,1,"[0.5, 0.5, 1.0, 1.5, 2.5, 3.0, 3.5, 3.5, 3.5, 5.0]","[0.0, 0.0, 0.0, 0.0, 1.4142135, 2.0, 2.828427, 3.1622777, 3.4641016, 4.582576]",[3.0],[0.0],[-1.5],[3.0],[0.0],[-1.5],[3.5],[0.0],[1.5],[3.5],[0.0],[1.5],0,1,0,0,0.0,0.0,0
58153,5,3,1,"[0.0, 1.0, 1.0, 2.0, 2.5, 3.0, 3.5, 4.5, 5.0, 8.0]","[0.0, 0.0, 0.0, 1.0, 1.7320508, 2.4494898, 2.828427, 4.2426405, 4.8989797, 7.937254]","[1.5, 1.5, 1.5, 2.5, 4.0]","[0.0, 0.0, 0.0, 1.4142135, 2.4494898]","[-4.0, -3.5, -3.5, -3.0, -3.0]","[1.5, 1.5, 4.0]","[0.0, 0.0, 0.0]","[-4.0, -3.5, -3.5]","[1.5, 2.5, 4.0]","[0.0, 1.4142135, 2.4494898]","[-3.0, -3.0, -1.5]",[4.5],[0.0],[2.0],2,0,1,0,2.0,0.0,0
51275,2,2,2,"[0.0, 0.5, 0.5, 0.5, 2.5, 3.5, 3.5, 3.5, 4.5, 6.0]","[0.0, 0.0, 0.0, 0.0, 0.0, 2.0, 3.1622777, 3.1622777, 4.472136, 5.656854]","[3.0, 5.0]","[2.236068, 4.582576]","[-1.5, -1.0]","[3.0, 5.0]","[2.236068, 4.582576]","[-1.5, -1.0]","[7.0, 7.0]","[6.928203, 6.928203]","[4.5, 4.5]","[7.0, 7.0]","[6.928203, 6.928203]","[4.5, 4.5]",0,2,0,0,0.0,0.0,0
415,22,5,1,"[2.5, 3.0, 3.0, 3.5, 4.0, 5.0, 5.5, 5.5, 7.0, 7.5]","[2.0, 2.236068, 2.828427, 3.0, 3.4641016, 3.8729835, 4.2426405, 5.477226, 6.708204, 7.3484693]","[0.0, 0.0, 0.5, 0.5, 1.0, 1.5, 2.0, 2.0, 2.0, 2.0, 2.0, 2.0, 2.5, 2.5, 2.5, 3.5, 3.5, 4.0, 4.5, 5.0, 5.5, 6.0]","[0.0, 0.0, 0.0, 0.0, 0.0, 0.0, 0.0, 0.0, 1.0, 1.7320508, 1.7320508, 2.0, 2.0, 2.0, 2.4494898, 2.4494898, 3.4641016, 3.8729835, 4.472136, 4.582576, 5.2915025, 6.0]","[-7.5, -7.0, -5.5, -5.5, -5.0, -5.0, -4.5, -4.5, -4.0, -4.0, -4.0, -3.5, -3.5, -3.5, -3.5, -3.0, -3.0, -2.5, -2.5, -2.5, -1.5, -1.5]","[0.0, 0.0, 0.5, 2.0, 2.0]","[0.0, 0.0, 0.0, 0.0, 1.7320508]","[-7.0, -5.5, -5.5, -4.0, -2.5]","[2.5, 3.5, 4.5, 5.0, 7.0]","[0.0, 2.4494898, 3.7416575, 4.8989797, 7.0]","[-3.5, -2.0, -0.5, 1.0, 4.0]",[2.5],[0.0],[1.0],4,1,0,1,0.0,4.0,1
862,3,2,2,"[0.5, 0.5, 0.5, 0.5, 1.0, 1.0, 2.0, 5.0, 5.5, 6.5]","[0.0, 0.0, 0.0, 0.0, 0.0, 0.0, 1.0, 4.2426405, 4.582576, 6.4807405]","[1.5, 3.5, 5.5]","[0.0, 3.1622777, 4.8989797]","[-3.5, -2.0, -1.5]","[1.5, 3.5]","[0.0, 3.1622777]","[-3.5, -1.5]","[1.5, 4.5]","[0.0, 0.0]","[-2.0, 0.5]","[1.5, 4.5]","[0.0, 0.0]","[-2.0, 0.5]",0,2,0,0,0.0,0.0,1
46839,3,2,1,"[0.0, 0.0, 0.5, 1.0, 1.0, 2.5, 2.5, 3.0, 3.5, 7.5]","[0.0, 0.0, 0.0, 0.0, 0.0, 2.0, 2.4494898, 2.828427, 3.1622777, 7.483315]","[1.0, 2.0, 2.5]","[0.0, 0.0, 1.7320508]","[-5.0, -4.5, -2.0]","[1.0, 2.5]","[0.0, 0.0]","[-5.0, -2.0]","[6.5, 7.5]","[6.0, 7.483315]","[2.5, 3.5]",[8.5],[8.485281],[8.0],1,0,1,0,1.0,0.0,0
454,3,2,1,"[0.5, 0.5, 1.5, 1.5, 2.0, 2.5, 3.0, 3.0, 5.0, 6.5]","[0.0, 0.0, 0.0, 0.0, 2.0, 2.4494898, 2.828427, 2.828427, 4.8989797, 6.3245554]","[1.5, 3.0, 5.0]","[0.0, 2.236068, 4.582576]","[-2.5, -2.0, -2.0]","[1.5, 5.0]","[0.0, 4.582576]","[-2.5, -2.0]","[6.0, 7.5]","[5.196152, 7.483315]","[1.5, 3.5]",[4.5],[0.0],[1.0],1,0,1,0,1.0,0.0,1
189,1,1,1,"[0.0, 1.0, 1.5, 1.5, 2.0, 2.0, 2.5, 2.5, 3.5, 4.5]","[0.0, 0.0, 0.0, 1.0, 1.4142135, 1.7320508, 2.0, 2.0, 3.4641016, 4.472136]",[1.5],[0.0],[-1.5],[1.5],[0.0],[-1.5],[6.0],[5.91608],[2.5],[6.0],[5.91608],[2.5],0,1,0,0,0.0,0.0,1
388,5,3,2,"[0.5, 0.5, 1.0, 1.0, 1.5, 2.0, 3.5, 4.0, 4.5, 6.5]","[0.0, 0.0, 0.0, 0.0, 0.0, 1.0, 1.7320508, 3.4641016, 3.7416575, 6.3245554]","[1.0, 2.5, 3.5, 4.0, 4.5]","[0.0, 2.0, 2.4494898, 2.6457512, 4.2426405]","[-4.0, -3.5, -1.5, -1.5, -1.0]","[1.0, 2.5, 4.5]","[0.0, 2.0, 4.2426405]","[-4.0, -3.5, -1.5]","[2.5, 5.5, 8.0]","[2.0, 5.477226, 8.0]","[-0.5, 1.5, 6.0]","[7.0, 8.0]","[7.0, 8.0]","[6.0, 6.5]",1,1,1,0,1.0,0.0,1
10328,3,1,1,"[0.0, 0.5, 1.0, 1.5, 2.5, 2.5, 2.5, 5.0, 5.0, 6.0]","[0.0, 0.0, 0.0, 1.4142135, 2.0, 2.4494898, 2.4494898, 3.0, 4.0, 5.656854]","[3.5, 4.0, 6.0]","[3.1622777, 3.4641016, 5.656854]","[-5.0, -2.5, -2.0]",[3.5],[3.1622777],[-5.0],[4.5],[0.0],[3.0],[4.5],[0.0],[3.0],0,1,0,0,0.0,0.0,0
61,15,5,2,"[1.0, 1.5, 2.0, 2.5, 2.5, 3.5, 4.0, 5.0, 6.5, 7.0]","[0.0, 1.0, 1.7320508, 2.0, 2.4494898, 3.4641016, 3.4641016, 4.0, 6.4807405, 6.928203]","[0.0, 0.5, 1.0, 1.0, 1.0, 1.5, 1.5, 1.5, 2.0, 2.0, 2.5, 2.5, 4.5, 5.0, 6.5]","[0.0, 0.0, 0.0, 0.0, 0.0, 0.0, 0.0, 1.0, 1.4142135, 1.4142135, 1.7320508, 1.7320508, 4.472136, 4.8989797, 6.4807405]","[-5.5, -5.0, -5.0, -4.5, -4.0, -4.0, -3.5, -3.5, -3.0, -2.0, -1.5, -1.5, -1.5, -1.5, -1.5]","[0.0, 0.5, 1.0, 1.5, 2.0]","[0.0, 0.0, 0.0, 1.0, 1.7320508]","[-4.5, -3.5, -3.0, -2.0, -1.5]","[1.0, 2.5, 4.5, 4.5, 8.0]","[0.0, 0.0, 2.4494898, 4.2426405, 7.937254]","[-4.0, -0.5, 0.0, 0.0, 4.0]","[2.5, 4.5]","[2.0, 4.2426405]","[0.0, 0.0]",3,1,1,0,3.0,0.0,1
51316,2,2,1,"[0.0, 0.5, 1.5, 2.0, 2.0, 2.5, 2.5, 2.5, 3.5, 8.5]","[0.0, 0.0, 0.0, 0.0, 1.4142135, 1.7320508, 1.7320508, 2.0, 2.4494898, 8.485281]","[2.0, 4.0]","[0.0, 3.4641016]","[-4.0, -1.5]","[2.0, 4.0]","[0.0, 3.4641016]","[-4.0, -1.5]","[2.0, 3.0]","[1.7320508, 2.828427]","[-2.5, -2.0]",[5.5],[5.477226],[4.5],1,0,1,0,1.0,0.0,0
88085,1,1,1,"[0.0, 0.5, 0.5, 1.0, 1.0, 2.0, 2.0, 2.5, 3.5, 3.5]","[0.0, 0.0, 0.0, 0.0, 0.0, 0.0, 0.0, 1.0, 3.4641016, 3.4641016]",[1.0],[0.0],[-1.5],[1.0],[0.0],[-1.5],[6.0],[5.196152],[4.5],[6.0],[5.196152],[4.5],0,1,0,0,0.0,0.0,0
27123,3,2,2,"[0.5, 0.5, 1.5, 2.0, 2.5, 2.5, 2.5, 3.0, 4.0, 4.5]","[0.0, 0.0, 0.0, 0.0, 0.0, 1.7320508, 2.0, 2.236068, 2.4494898, 3.4641016]","[1.0, 2.5, 5.0]","[1.0, 2.0, 4.582576]","[-3.5, -2.5, -2.5]","[1.0, 2.5]","[1.0, 2.0]","[-3.5, -2.5]","[5.5, 8.0]","[5.2915025, 8.0]","[5.0, 6.0]","[5.5, 8.0]","[5.2915025, 8.0]","[5.0, 6.0]",0,2,0,0,0.0,0.0,0
58229,3,2,1,"[0.0, 0.0, 0.5, 0.5, 0.5, 1.5, 2.0, 4.0, 4.0, 8.5]","[0.0, 0.0, 0.0, 0.0, 0.0, 0.0, 0.0, 2.6457512, 3.8729835, 8.485281]","[2.0, 2.5, 3.5]","[1.7320508, 2.4494898, 2.4494898]","[-4.5, -4.5, -3.5]","[2.0, 3.5]","[1.7320508, 2.4494898]","[-4.5, -4.5]","[1.0, 3.5]","[0.0, 3.4641016]","[-3.5, -2.5]",[6.0],[5.656854],[4.0],1,0,1,0,1.0,0.0,0
107,4,3,1,"[1.0, 1.0, 1.0, 1.5, 1.5, 1.5, 2.5, 3.5, 4.0, 9.0]","[0.0, 0.0, 1.0, 1.0, 1.4142135, 1.4142135, 1.4142135, 3.1622777, 3.8729835, 9.0]","[1.5, 2.0, 2.5, 3.5]","[0.0, 1.4142135, 1.7320508, 2.0]","[-5.5, -2.5, -2.5, -1.5]","[1.5, 2.0, 3.5]","[0.0, 1.4142135, 1.7320508]","[-5.5, -2.5, -1.5]","[4.5, 5.5, 8.5]","[2.828427, 5.2915025, 8.485281]","[-2.5, 1.0, 6.5]",[3.5],[2.4494898],[3.0],2,0,1,0,2.0,0.0,1
62,2,2,2,"[0.5, 0.5, 0.5, 0.5, 1.0, 1.0, 1.5, 1.5, 4.0, 6.0]","[0.0, 0.0, 0.0, 0.0, 0.0, 0.0, 0.0, 0.0, 1.4142135, 5.656854]","[2.5, 3.5]","[0.0, 0.0]","[-2.0, -1.5]","[2.5, 3.5]","[0.0, 0.0]","[-2.0, -1.5]","[3.5, 4.0]","[3.1622777, 3.4641016]","[1.5, 3.5]","[3.5, 4.0]","[3.1622777, 3.4641016]","[1.5, 3.5]",0,2,0,0,0.0,0.0,1
277,1,1,1,"[0.0, 1.0, 1.0, 1.5, 1.5, 2.0, 3.0, 3.5, 4.5, 5.0]","[0.0, 0.0, 0.0, 0.0, 1.0, 1.4142135, 2.828427, 3.1622777, 4.0, 4.2426405]",[2.0],[1.7320508],[-3.0],[2.0],[1.7320508],[-3.0],[7.0],[6.928203],[4.0],[7.0],[6.928203],[4.0],0,1,0,0,0.0,0.0,1
5637,2,2,1,"[0.5, 0.5, 0.5, 1.0, 1.0, 2.0, 2.5, 2.5, 4.5, 5.0]","[0.0, 0.0, 0.0, 0.0, 0.0, 2.0, 2.4494898, 2.4494898, 4.472136, 4.8989797]","[1.5, 3.0]","[1.4142135, 2.236068]","[-1.5, -1.0]","[1.5, 3.0]","[1.4142135, 2.236068]","[-1.5, -1.0]","[2.5, 5.5]","[2.0, 5.2915025]","[-0.5, 2.5]",[6.0],[6.0],[5.0],1,0,1,0,1.0,0.0,0
68,5,2,1,"[0.5, 0.5, 1.5, 1.5, 1.5, 2.0, 3.0, 4.0, 5.5, 6.5]","[0.0, 0.0, 0.0, 1.4142135, 1.4142135, 1.4142135, 2.0, 3.4641016, 4.8989797, 6.4807405]","[1.5, 3.0, 3.5, 4.0, 4.5]","[0.0, 2.236068, 2.6457512, 3.4641016, 4.472136]","[-6.0, -3.5, -2.0, -1.5, -1.0]","[1.5, 4.5]","[0.0, 4.472136]","[-6.0, -1.5]","[3.5, 5.0]","[0.0, 4.0]","[-1.0, 0.5]",[3.5],[2.4494898],[1.0],1,0,1,0,1.0,0.0,1
44262,6,3,2,"[0.5, 1.0, 1.5, 2.0, 2.0, 2.5, 3.0, 4.5, 6.5, 9.0]","[0.0, 0.0, 0.0, 0.0, 1.4142135, 1.7320508, 2.236068, 4.472136, 6.3245554, 9.0]","[1.5, 1.5, 3.0, 4.0, 4.0, 6.0]","[0.0, 0.0, 0.0, 2.828427, 3.4641016, 5.91608]","[-4.0, -3.0, -2.5, -2.5, -1.0, -1.0]","[1.5, 3.0, 4.0]","[0.0, 2.828427, 3.4641016]","[-4.0, -3.0, -1.0]","[4.5, 5.0, 6.0]","[3.7416575, 4.582576, 5.91608]","[-2.5, -0.5, 2.5]","[2.5, 5.0]","[0.0, 4.582576]","[-2.0, 2.5]",1,1,1,0,1.0,0.0,0
875,3,2,1,"[0.5, 0.5, 0.5, 1.0, 1.0, 2.5, 2.5, 3.0, 6.5, 8.5]","[0.0, 0.0, 0.0, 0.0, 1.0, 2.236068, 2.4494898, 2.4494898, 6.3245554, 8.485281]","[2.5, 3.5, 5.0]","[2.4494898, 3.1622777, 4.0]","[-4.0, -3.5, -2.5]","[2.5, 3.5]","[2.4494898, 3.1622777]","[-4.0, -2.5]","[2.5, 2.5]","[0.0, 0.0]","[-2.5, -2.5]",[7.5],[7.483315],[6.0],1,0,1,0,1.0,0.0,1
891,4,2,2,"[0.0, 0.0, 0.5, 1.0, 1.0, 2.0, 2.5, 4.0, 5.5, 6.5]","[0.0, 0.0, 0.0, 0.0, 0.0, 0.0, 1.7320508, 2.4494898, 4.8989797, 6.4807405]","[2.0, 3.5, 5.0, 5.5]","[1.7320508, 2.4494898, 4.582576, 5.477226]","[-2.5, -2.5, -2.0, -1.5]","[2.0, 5.5]","[1.7320508, 5.477226]","[-2.5, -2.0]","[3.5, 7.0]","[2.4494898, 6.708204]","[-1.5, 5.5]","[3.5, 7.0]","[2.4494898, 6.708204]","[-1.5, 5.5]",0,2,0,0,0.0,0.0,1
67127,2,1,1,"[0.5, 0.5, 0.5, 2.0, 2.0, 2.0, 2.5, 3.0, 3.5, 4.5]","[0.0, 0.0, 0.0, 0.0, 0.0, 0.0, 1.7320508, 1.7320508, 2.828427, 3.4641016]","[2.0, 3.0]","[2.0, 2.828427]","[-3.5, -2.5]",[2.0],[2.0],[-3.5],[4.5],[0.0],[2.0],[4.5],[0.0],[2.0],0,1,0,0,0.0,0.0,0
840,2,2,1,"[0.5, 0.5, 1.0, 1.5, 1.5, 1.5, 2.5, 2.5, 5.0, 5.5]","[0.0, 0.0, 0.0, 0.0, 0.0, 0.0, 1.4142135, 1.4142135, 4.2426405, 4.582576]","[2.0, 3.0]","[1.7320508, 2.828427]","[-2.5, -1.0]","[2.0, 3.0]","[1.7320508, 2.828427]","[-2.5, -1.0]","[1.0, 3.5]","[0.0, 1.0]","[-0.5, 0.0]",[4.5],[4.2426405],[4.5],1,0,1,0,1.0,0.0,1
373,6,4,2,"[0.5, 0.5, 1.0, 1.0, 1.5, 2.5, 3.0, 5.5, 7.5, 7.5]","[0.0, 0.0, 0.0, 1.0, 1.4142135, 2.0, 2.828427, 5.2915025, 7.483315, 7.483315]","[1.5, 2.0, 2.0, 2.0, 2.0, 3.0]","[0.0, 0.0, 0.0, 1.7320508, 1.7320508, 2.236068]","[-5.0, -5.0, -4.0, -3.5, -2.0, -1.0]","[1.5, 2.0, 2.0, 2.0]","[0.0, 0.0, 1.7320508, 1.7320508]","[-5.0, -4.0, -3.5, -1.0]","[2.5, 3.0, 5.0, 7.0]","[0.0, 2.236068, 4.8989797, 6.928203]","[-5.0, -1.0, 1.0, 4.0]","[4.5, 6.0]","[4.472136, 5.196152]","[1.5, 3.5]",2,0,2,0,1.0,0.0,1
39802,3,2,2,"[0.0, 0.5, 1.0, 1.0, 1.5, 2.0, 2.5, 3.0, 4.0, 4.5]","[0.0, 0.0, 0.0, 0.0, 0.0, 0.0, 2.236068, 2.4494898, 3.7416575, 3.8729835]","[2.5, 2.5, 5.0]","[0.0, 2.4494898, 4.8989797]","[-3.5, -2.0, -1.0]","[2.5, 2.5]","[0.0, 2.4494898]","[-3.5, -2.0]","[5.5, 6.0]","[4.2426405, 5.656854]","[4.0, 4.5]","[5.5, 6.0]","[4.2426405, 5.656854]","[4.0, 4.5]",0,2,0,0,0.0,0.0,0
425,1,1,1,"[0.0, 0.0, 0.5, 1.0, 1.0, 1.0, 2.0, 2.0, 2.0, 4.0]","[0.0, 0.0, 0.0, 0.0, 0.0, 0.0, 1.0, 1.7320508, 1.7320508, 3.4641016]",[2.0],[1.7320508],[-2.0],[2.0],[1.7320508],[-2.0],[4.0],[3.4641016],[3.0],[4.0],[3.4641016],[3.0],0,1,0,0,0.0,0.0,1
26577,2,2,2,"[0.0, 0.5, 0.5, 1.0, 1.5, 1.5, 2.0, 2.0, 5.5, 6.5]","[0.0, 0.0, 0.0, 0.0, 0.0, 1.0, 1.4142135, 1.7320508, 4.2426405, 6.4807405]","[2.0, 3.0]","[1.7320508, 2.828427]","[-3.0, -2.0]","[2.0, 3.0]","[1.7320508, 2.828427]","[-3.0, -2.0]","[6.0, 7.0]","[5.656854, 6.708204]","[3.0, 4.5]","[6.0, 7.0]","[5.656854, 6.708204]","[3.0, 4.5]",0,2,0,0,0.0,0.0,0
808,3,1,1,"[0.0, 0.5, 1.0, 1.0, 2.5, 3.0, 3.0, 3.5, 4.0, 4.5]","[0.0, 0.0, 0.0, 1.0, 2.236068, 2.4494898, 2.4494898, 2.828427, 4.0, 4.2426405]","[0.5, 1.0, 2.5]","[0.0, 0.0, 0.0]","[-3.0, -3.0, -1.5]",[0.5],[0.0],[-3.0],[6.0],[5.656854],[2.0],[6.0],[5.656854],[2.0],0,1,0,0,0.0,0.0,1
69562,3,2,1,"[0.0, 0.0, 0.5, 1.5, 1.5, 1.5, 2.0, 2.0, 2.5, 9.0]","[0.0, 0.0, 0.0, 0.0, 1.4142135, 1.4142135, 1.7320508, 2.0, 2.0, 9.0]","[3.0, 3.0, 5.0]","[0.0, 2.236068, 4.0]","[-2.5, -2.5, -1.0]","[3.0, 3.0]","[0.0, 2.236068]","[-2.5, -2.5]","[3.5, 4.0]","[3.4641016, 3.8729835]","[-2.0, -1.0]",[6.5],[6.3245554],[5.0],1,0,1,0,1.0,0.0,0
316,1,1,1,"[0.0, 0.0, 1.0, 1.0, 1.5, 1.5, 2.0, 4.0, 5.0, 8.0]","[0.0, 0.0, 0.0, 0.0, 0.0, 0.0, 1.0, 1.7320508, 4.8989797, 7.937254]",[3.5],[2.4494898],[-3.0],[3.5],[2.4494898],[-3.0],[5.5],[4.2426405],[-1.0],[5.5],[4.2426405],[-1.0],0,1,0,0,0.0,0.0,1
91054,5,2,2,"[0.5, 1.0, 1.0, 2.5, 3.0, 3.0, 3.0, 4.0, 4.0, 4.5]","[0.0, 0.0, 0.0, 0.0, 0.0, 2.236068, 2.236068, 2.6457512, 3.7416575, 3.8729835]","[1.0, 2.0, 2.0, 2.5, 2.5]","[0.0, 0.0, 0.0, 1.0, 2.4494898]","[-5.0, -4.0, -2.5, -2.5, -1.5]","[2.0, 2.0]","[0.0, 0.0]","[-4.0, -2.5]","[6.0, 6.0]","[5.196152, 5.196152]","[4.0, 5.0]","[6.0, 6.0]","[5.196152, 5.196152]","[4.0, 5.0]",0,2,0,0,0.0,0.0,0
75886,3,2,2,"[0.0, 0.5, 1.0, 1.5, 2.0, 2.0, 2.5, 4.5, 6.0, 6.5]","[0.0, 0.0, 0.0, 1.4142135, 1.7320508, 1.7320508, 2.4494898, 3.7416575, 5.91608, 6.3245554]","[1.0, 3.0, 4.5]","[0.0, 2.236068, 4.472136]","[-4.5, -3.0, -1.5]","[1.0, 3.0]","[0.0, 2.236068]","[-4.5, -1.5]","[4.0, 6.5]","[3.4641016, 6.0]","[0.5, 0.5]","[4.0, 6.5]","[3.4641016, 6.0]","[0.5, 0.5]",0,2,0,0,0.0,0.0,0
979,1,1,1,"[0.0, 1.0, 1.0, 1.0, 1.0, 1.5, 1.5, 3.0, 3.0, 5.0]","[0.0, 0.0, 0.0, 0.0, 0.0, 1.0, 1.4142135, 2.828427, 3.0, 4.8989797]",[1.0],[0.0],[-1.5],[1.0],[0.0],[-1.5],[5.5],[4.2426405],[2.0],[5.5],[4.2426405],[2.0],0,1,0,0,0.0,0.0,1
481,37,6,2,"[1.5, 4.5, 5.0, 5.5, 6.0, 6.0, 6.5, 6.5, 7.5, 8.5]","[0.0, 3.7416575, 4.8989797, 5.196152, 5.2915025, 5.91608, 6.3245554, 6.4807405, 7.3484693, 8.485281]","[0.0, 0.5, 0.5, 0.5, 0.5, 1.0, 1.0, 1.0, 1.5, 1.5, 1.5, 2.0, 2.0, 2.5, 2.5, 2.5, 2.5, 2.5, 3.0, 3.0, 3.0, 3.0, 3.0, 3.0, 3.5, 4.0, 4.0, 4.0, 4.5, 4.5, 5.0, 5.0, 5.5, 5.5, 5.5, 5.5, 5.5]","[0.0, 0.0, 0.0, 0.0, 0.0, 0.0, 0.0, 0.0, 0.0, 0.0, 0.0, 0.0, 0.0, 1.4142135, 1.7320508, 2.0, 2.0, 2.236068, 2.236068, 2.236068, 2.4494898, 2.4494898, 2.6457512, 2.828427, 2.828427, 3.4641016, 3.4641016, 3.4641016, 3.7416575, 4.0, 4.472136, 4.8989797, 4.8989797, 5.2915025, 5.2915025, 5.477226, 5.477226]","[-7.0, -6.0, -5.5, -5.5, -5.5, -5.5, -5.5, -5.0, -5.0, -5.0, -5.0, -5.0, -4.5, -4.5, -4.5, -4.0, -4.0, -4.0, -4.0, -3.5, -3.5, -3.5, -3.0, -3.0, -3.0, -3.0, -2.5, -2.5, -2.5, -2.5, -2.5, -2.5, -2.5, -2.0, -2.0, -2.0, -2.0]","[0.0, 0.5, 0.5, 0.5, 1.5, 2.0]","[0.0, 0.0, 0.0, 0.0, 0.0, 0.0]","[-7.0, -5.5, -5.5, -5.0, -5.0, -2.5]","[2.5, 4.5, 4.5, 6.0, 6.0, 7.5]","[2.0, 2.828427, 2.828427, 5.196152, 5.196152, 7.3484693]","[-3.5, -2.0, -0.5, 1.5, 3.0, 3.0]","[3.5, 7.5]","[3.4641016, 7.3484693]","[2.0, 3.0]",4,1,1,1,1.0,3.0,1
35351,3,2,1,"[0.0, 0.5, 2.0, 2.0, 2.0, 2.5, 3.0, 4.0, 5.0, 5.5]","[0.0, 0.0, 0.0, 0.0, 0.0, 2.0, 2.236068, 3.4641016, 4.8989797, 5.477226]","[3.5, 4.0, 4.5]","[3.4641016, 3.8729835, 4.472136]","[-1.5, -1.5, -1.0]","[3.5, 4.5]","[3.4641016, 4.472136]","[-1.5, -1.5]","[1.5, 3.0]","[1.4142135, 2.828427]","[-2.0, -0.5]",[6.5],[6.4807405],[5.0],1,0,1,0,1.0,0.0,0
70474,3,2,1,"[0.5, 0.5, 0.5, 0.5, 1.5, 2.0, 2.5, 4.0, 4.0, 7.0]","[0.0, 0.0, 0.0, 0.0, 1.4142135, 1.7320508, 2.0, 3.4641016, 4.0, 6.928203]","[1.5, 3.0, 3.5]","[0.0, 2.236068, 3.1622777]","[-4.5, -3.0, -1.5]","[1.5, 3.0]","[0.0, 2.236068]","[-4.5, -3.0]","[3.5, 3.5]","[0.0, 3.1622777]","[-1.5, -1.5]",[9.0],[9.0],[6.0],1,0,1,0,1.0,0.0,0
91525,7,2,1,"[0.0, 1.0, 1.0, 1.0, 2.0, 2.5, 4.0, 4.0, 4.5, 9.0]","[0.0, 0.0, 1.0, 1.0, 1.7320508, 2.4494898, 2.6457512, 3.4641016, 3.7416575, 9.0]","[1.5, 2.0, 2.5, 4.0, 5.0, 5.0, 5.0]","[0.0, 0.0, 0.0, 2.0, 4.0, 4.8989797, 5.0]","[-3.5, -3.5, -3.0, -3.0, -2.0, -1.5, -1.5]","[4.0, 5.0]","[0.0, 4.0]","[-3.5, -3.0]","[4.5, 5.0]","[0.0, 4.582576]","[-1.0, -0.5]",[3.0],[2.236068],[1.0],1,0,1,0,1.0,0.0,0
42101,1,1,1,"[0.0, 0.5, 0.5, 1.0, 1.0, 1.5, 2.0, 2.0, 4.0, 4.5]","[0.0, 0.0, 0.0, 0.0, 0.0, 0.0, 1.7320508, 2.0, 3.4641016, 3.7416575]",[3.5],[2.4494898],[-3.0],[3.5],[2.4494898],[-3.0],[8.0],[7.937254],[6.0],[8.0],[7.937254],[6.0],0,1,0,0,0.0,0.0,0
890,20,6,2,"[1.0, 3.0, 3.0, 4.0, 4.5, 4.5, 5.0, 5.0, 5.0, 5.0]","[0.0, 2.236068, 2.236068, 2.828427, 3.0, 3.7416575, 4.0, 4.582576, 4.582576, 4.8989797]","[0.0, 0.0, 0.5, 1.0, 1.0, 1.0, 1.5, 2.0, 2.0, 2.0, 2.5, 2.5, 3.0, 3.5, 3.5, 4.5, 4.5, 5.0, 5.0, 5.5]","[0.0, 0.0, 0.0, 0.0, 0.0, 0.0, 0.0, 0.0, 1.0, 1.7320508, 2.0, 2.4494898, 2.4494898, 2.828427, 3.1622777, 3.4641016, 4.472136, 4.582576, 5.0, 5.2915025]","[-7.0, -5.0, -4.5, -4.0, -3.5, -3.5, -3.5, -3.0, -3.0, -3.0, -3.0, -3.0, -3.0, -3.0, -2.5, -2.5, -2.5, -2.0, -2.0, -1.5]","[0.0, 0.0, 0.5, 1.0, 2.0, 2.0]","[0.0, 0.0, 0.0, 0.0, 0.0, 2.0]","[-7.0, -5.0, -4.5, -4.0, -3.0, -2.0]","[3.0, 3.5, 4.0, 6.5, 6.5, 8.5]","[0.0, 2.236068, 3.4641016, 6.0, 6.4807405, 8.485281]","[-3.5, -2.0, -1.0, 5.0, 5.0, 6.0]","[3.0, 3.5]","[2.828427, 3.4641016]","[0.5, 3.0]",4,0,2,0,2.0,0.0,1
124,3,2,1,"[0.0, 0.5, 0.5, 1.0, 1.5, 2.0, 2.5, 3.5, 6.5, 7.5]","[0.0, 0.0, 0.0, 0.0, 0.0, 1.7320508, 2.0, 2.4494898, 6.4807405, 7.483315]","[1.0, 2.5, 5.0]","[1.0, 2.4494898, 4.582576]","[-4.5, -4.0, -2.5]","[1.0, 2.5]","[1.0, 2.4494898]","[-4.5, -4.0]","[5.0, 8.5]","[4.582576, 8.485281]","[-2.5, 5.0]",[4.5],[2.828427],[1.0],1,0,1,0,1.0,0.0,1
16241,4,2,2,"[0.5, 0.5, 1.0, 1.0, 1.5, 1.5, 2.0, 2.5, 6.5, 7.5]","[0.0, 0.0, 0.0, 0.0, 0.0, 1.0, 1.0, 1.7320508, 6.3245554, 7.3484693]","[1.0, 4.0, 5.0, 5.5]","[0.0, 0.0, 4.582576, 5.477226]","[-4.5, -3.0, -2.0, -1.5]","[1.0, 4.0]","[0.0, 0.0]","[-4.5, -2.0]","[2.5, 5.5]","[2.0, 4.8989797]","[-1.0, 3.0]","[2.5, 5.5]","[2.0, 4.8989797]","[-1.0, 3.0]",0,2,0,0,0.0,0.0,0
419,1,1,1,"[0.0, 0.0, 0.0, 0.5, 1.0, 1.5, 2.0, 2.0, 3.0, 3.5]","[0.0, 0.0, 0.0, 0.0, 0.0, 1.4142135, 1.7320508, 2.0, 3.0, 3.1622777]",[2.0],[2.0],[-2.0],[2.0],[2.0],[-2.0],[3.5],[0.0],[2.0],[3.5],[0.0],[2.0],0,1,0,0,0.0,0.0,1
842,8,2,1,"[0.0, 1.0, 1.0, 1.0, 1.5, 2.5, 3.5, 4.5, 7.5, 9.0]","[0.0, 0.0, 0.0, 0.0, 0.0, 1.0, 2.4494898, 3.1622777, 7.483315, 9.0]","[2.5, 3.5, 3.5, 4.0, 4.0, 4.5, 5.0, 6.5]","[0.0, 0.0, 2.4494898, 2.6457512, 4.0, 4.0, 4.2426405, 6.3245554]","[-4.0, -3.5, -3.5, -2.5, -2.0, -1.5, -1.5, -1.0]","[4.0, 4.0]","[2.6457512, 4.0]","[-4.0, -1.0]","[1.5, 5.0]","[1.4142135, 4.582576]","[-2.5, 0.0]",[0.5],[0.0],[-1.0],1,0,1,0,1.0,0.0,1
43473,3,3,1,"[0.0, 0.0, 1.0, 1.0, 1.5, 2.0, 2.5, 3.5, 5.0, 6.0]","[0.0, 0.0, 0.0, 0.0, 0.0, 0.0, 1.7320508, 2.4494898, 4.582576, 5.656854]","[1.5, 2.5, 2.5]","[0.0, 0.0, 2.4494898]","[-3.5, -3.0, -1.5]","[1.5, 2.5, 2.5]","[0.0, 0.0, 2.4494898]","[-3.5, -3.0, -1.5]","[3.0, 7.0, 7.5]","[2.236068, 6.928203, 7.483315]","[-1.0, 2.0, 5.5]",[5.5],[5.477226],[5.5],2,0,1,0,2.0,0.0,0
78269,11,3,2,"[0.0, 0.5, 1.0, 1.5, 2.5, 3.0, 3.5, 4.0, 6.5, 8.5]","[0.0, 0.0, 0.0, 0.0, 1.4142135, 2.828427, 3.4641016, 3.8729835, 6.3245554, 8.485281]","[1.0, 1.0, 1.5, 2.0, 2.0, 2.0, 2.5, 3.0, 3.0, 3.5, 4.0]","[0.0, 0.0, 0.0, 1.0, 1.7320508, 2.0, 2.4494898, 2.6457512, 2.828427, 3.0, 3.1622777]","[-5.0, -5.0, -4.5, -4.0, -4.0, -3.5, -3.0, -2.5, -2.5, -2.5, -2.0]","[1.0, 1.0, 2.0]","[0.0, 1.0, 1.7320508]","[-5.0, -4.5, -2.5]","[2.5, 3.5, 7.5]","[2.4494898, 3.1622777, 7.483315]","[-3.5, -2.5, 3.5]","[3.5, 4.5]","[2.828427, 3.1622777]","[-2.5, 1.0]",1,1,1,0,1.0,0.0,0
353,1,1,1,"[0.0, 0.0, 0.5, 1.0, 1.5, 2.0, 2.5, 2.5, 5.0, 6.0]","[0.0, 0.0, 0.0, 0.0, 1.0, 1.7320508, 2.4494898, 2.4494898, 4.0, 5.91608]",[4.0],[3.8729835],[-3.5],[4.0],[3.8729835],[-3.5],[7.5],[7.3484693],[4.0],[7.5],[7.3484693],[4.0],0,1,0,0,0.0,0.0,1
86,3,2,1,"[0.0, 0.5, 1.0, 1.5, 1.5, 2.5, 2.5, 5.0, 6.0, 7.5]","[0.0, 0.0, 0.0, 0.0, 0.0, 1.0, 2.0, 4.582576, 6.0, 7.3484693]","[2.5, 3.0, 4.5]","[2.4494898, 3.0, 3.7416575]","[-4.0, -3.0, -2.0]","[2.5, 4.5]","[2.4494898, 3.7416575]","[-4.0, -3.0]","[4.5, 5.0]","[4.0, 4.472136]","[-1.5, -1.0]",[4.0],[2.6457512],[-0.5],1,0,1,0,1.0,0.0,1
763,5,1,1,"[0.0, 0.0, 0.5, 0.5, 1.5, 1.5, 2.0, 2.5, 3.5, 4.5]","[0.0, 0.0, 0.0, 0.0, 0.0, 0.0, 0.0, 1.4142135, 2.0, 4.2426405]","[1.0, 1.5, 2.5, 3.5, 4.0]","[0.0, 1.0, 2.0, 2.4494898, 3.8729835]","[-5.5, -2.5, -2.0, -2.0, -1.0]",[1.0],[1.0],[-5.5],[4.5],[3.7416575],[3.0],[4.5],[3.7416575],[3.0],0,1,0,0,0.0,0.0,1
634,5,1,1,"[0.5, 0.5, 1.0, 1.5, 1.5, 1.5, 4.5, 4.5, 4.5, 5.0]","[0.0, 0.0, 0.0, 0.0, 0.0, 1.4142135, 2.828427, 3.0, 3.7416575, 3.7416575]","[1.5, 3.5, 3.5, 3.5, 4.5]","[0.0, 1.4142135, 2.4494898, 2.828427, 3.1622777]","[-4.0, -2.5, -2.0, -1.5, -1.0]",[3.5],[0.0],[-2.5],[4.0],[0.0],[3.5],[4.0],[0.0],[3.5],0,1,0,0,0.0,0.0,1
51053,2,1,1,"[0.0, 0.5, 0.5, 1.5, 2.0, 2.5, 3.0, 3.5, 4.0, 6.5]","[0.0, 0.0, 0.0, 0.0, 0.0, 0.0, 1.7320508, 2.4494898, 3.8729835, 6.0]","[4.0, 4.0]","[0.0, 2.6457512]","[-2.0, -1.0]",[4.0],[2.6457512],[-2.0],[5.5],[4.8989797],[3.0],[5.5],[4.8989797],[3.0],0,1,0,0,0.0,0.0,0
94862,4,2,1,"[0.0, 0.5, 0.5, 0.5, 1.5, 1.5, 2.0, 3.0, 4.5, 7.5]","[0.0, 0.0, 0.0, 0.0, 0.0, 0.0, 0.0, 1.7320508, 3.7416575, 7.3484693]","[2.0, 2.0, 3.5, 4.0]","[0.0, 0.0, 1.7320508, 3.4641016]","[-4.5, -4.0, -2.0, -2.0]","[2.0, 4.0]","[1.7320508, 3.4641016]","[-4.0, -2.0]","[3.5, 3.5]","[3.1622777, 3.4641016]","[-1.0, 0.5]",[3.0],[2.828427],[3.0],1,0,1,0,1.0,0.0,0
794,2,2,0,"[0.0, 0.5, 1.0, 1.5, 1.5, 2.0, 2.0, 3.5, 6.0, 7.0]","[0.0, 0.0, 0.0, 0.0, 1.4142135, 1.7320508, 2.0, 2.4494898, 5.91608, 6.928203]","[3.0, 4.5]","[2.828427, 4.472136]","[-3.5, -2.0]","[3.0, 4.5]","[2.828427, 4.472136]","[-3.5, -2.0]","[3.0, 4.5]","[2.828427, 4.472136]","[-3.5, -2.0]",[],[],[],2,0,0,1,0.0,2.0,1
23783,1,1,1,"[0.0, 0.5, 1.5, 1.5, 2.0, 2.5, 2.5, 2.5, 4.5, 5.5]","[0.0, 0.0, 0.0, 1.4142135, 1.4142135, 2.0, 2.0, 2.4494898, 4.2426405, 4.2426405]",[4.0],[0.0],[-1.0],[4.0],[0.0],[-1.0],[4.5],[2.828427],[2.5],[4.5],[2.828427],[2.5],0,1,0,0,0.0,0.0,0
85621,2,2,2,"[0.0, 0.5, 1.5, 1.5, 1.5, 1.5, 2.5, 3.0, 6.5, 7.0]","[0.0, 0.0, 0.0, 1.4142135, 1.4142135, 1.4142135, 1.4142135, 2.828427, 6.0, 7.0]","[2.0, 3.0]","[0.0, 0.0]","[-4.5, -1.5]","[2.0, 3.0]","[0.0, 0.0]","[-4.5, -1.5]","[4.0, 5.5]","[2.6457512, 4.8989797]","[1.0, 1.5]","[4.0, 5.5]","[2.6457512, 4.8989797]","[1.0, 1.5]",0,2,0,0,0.0,0.0,0
597,1,1,1,"[0.0, 0.0, 0.5, 1.0, 1.5, 2.0, 2.0, 2.5, 3.0, 6.0]","[0.0, 0.0, 0.0, 0.0, 1.0, 1.7320508, 1.7320508, 2.0, 3.0, 5.656854]",[1.5],[1.4142135],[-2.5],[1.5],[1.4142135],[-2.5],[1.5],[1.4142135],[-3.0],[1.5],[1.4142135],[-3.0],0,1,0,0,0.0,0.0,1
6533,1,1,1,"[0.0, 1.0, 1.0, 1.5, 1.5, 2.0, 2.0, 3.0, 3.5, 4.0]","[0.0, 0.0, 0.0, 0.0, 1.0, 1.4142135, 1.7320508, 2.0, 2.6457512, 3.1622777]",[3.0],[2.236068],[-3.5],[3.0],[2.236068],[-3.5],[6.0],[5.656854],[5.5],[6.0],[5.656854],[5.5],0,1,0,0,0.0,0.0,0
14528,3,2,1,"[0.5, 0.5, 1.0, 1.0, 1.5, 2.0, 2.0, 3.0, 3.0, 6.5]","[0.0, 0.0, 0.0, 0.0, 0.0, 0.0, 0.0, 0.0, 2.236068, 6.4807405]","[3.0, 3.0, 3.5]","[0.0, 2.828427, 3.4641016]","[-2.5, -2.0, -1.0]","[3.0, 3.5]","[2.828427, 3.4641016]","[-2.5, -2.0]","[2.5, 3.0]","[0.0, 0.0]","[-1.0, -0.5]",[5.5],[4.8989797],[5.0],1,0,1,0,1.0,0.0,0
41904,4,1,1,"[0.0, 0.5, 1.0, 1.0, 3.0, 3.0, 3.0, 3.0, 3.0, 5.0]","[0.0, 0.0, 0.0, 0.0, 0.0, 0.0, 1.0, 2.236068, 2.236068, 4.582576]","[2.0, 3.0, 3.0, 5.0]","[1.7320508, 2.236068, 2.828427, 4.8989797]","[-3.5, -3.0, -2.5, -1.5]",[3.0],[2.236068],[-3.5],[4.0],[2.6457512],[2.5],[4.0],[2.6457512],[2.5],0,1,0,0,0.0,0.0,0
42489,5,3,1,"[0.0, 0.0, 0.5, 1.0, 1.5, 1.5, 2.0, 2.0, 5.0, 8.0]","[0.0, 0.0, 0.0, 0.0, 1.0, 1.4142135, 1.7320508, 1.7320508, 4.0, 7.937254]","[1.5, 2.0, 3.0, 3.0, 7.0]","[0.0, 0.0, 0.0, 2.0, 6.928203]","[-3.5, -3.0, -2.0, -1.5, -1.0]","[1.5, 2.0, 3.0]","[0.0, 0.0, 2.0]","[-3.5, -3.0, -2.0]","[5.0, 7.0, 8.0]","[4.8989797, 6.928203, 7.937254]","[-1.5, 4.0, 4.0]",[7.0],[6.928203],[6.5],2,0,1,0,2.0,0.0,0
699,7,3,2,"[0.0, 0.0, 1.0, 1.5, 1.5, 2.0, 2.0, 3.0, 6.5, 7.5]","[0.0, 0.0, 0.0, 1.0, 1.4142135, 1.4142135, 1.7320508, 3.0, 6.0, 7.3484693]","[1.5, 1.5, 1.5, 2.0, 2.5, 4.0, 4.5]","[0.0, 0.0, 0.0, 1.4142135, 1.7320508, 2.4494898, 3.7416575]","[-5.0, -4.5, -3.5, -2.0, -1.5, -1.0, -1.0]","[1.5, 1.5, 4.0]","[0.0, 0.0, 1.4142135]","[-4.5, -3.5, -1.0]","[5.0, 5.5, 7.0]","[4.582576, 4.8989797, 6.708204]","[1.0, 2.0, 3.5]","[5.0, 6.5]","[4.582576, 6.0]","[2.0, 6.0]",1,1,1,0,1.0,0.0,1
125,15,3,3,"[0.5, 2.5, 3.0, 3.0, 3.0, 3.5, 4.5, 5.5, 5.5, 7.5]","[0.0, 0.0, 0.0, 2.0, 2.828427, 3.1622777, 4.2426405, 4.2426405, 4.8989797, 7.3484693]","[1.5, 1.5, 2.0, 2.0, 2.5, 2.5, 2.5, 3.0, 3.0, 3.5, 3.5, 3.5, 3.5, 4.0, 5.5]","[0.0, 0.0, 1.4142135, 1.4142135, 1.7320508, 2.4494898, 2.4494898, 2.4494898, 2.828427, 2.828427, 3.1622777, 3.1622777, 3.4641016, 3.8729835, 5.2915025]","[-7.0, -4.5, -4.0, -4.0, -3.5, -3.5, -3.0, -3.0, -2.5, -2.5, -2.5, -2.0, -1.5, -1.0, -1.0]","[1.5, 1.5, 2.5]","[1.4142135, 1.4142135, 2.4494898]","[-7.0, -3.5, -2.5]","[5.0, 5.0, 5.5]","[4.0, 4.8989797, 4.8989797]","[1.0, 2.5, 5.5]","[5.0, 5.0, 5.5]","[4.0, 4.8989797, 4.8989797]","[1.0, 2.5, 5.5]",0,3,0,0,0.0,0.0,1
835,6,2,2,"[0.0, 1.0, 1.0, 2.0, 2.0, 2.5, 3.5, 3.5, 6.0, 9.0]","[0.0, 0.0, 0.0, 0.0, 0.0, 2.0, 2.0, 3.1622777, 5.196152, 9.0]","[1.0, 2.5, 3.0, 3.5, 4.0, 4.5]","[0.0, 0.0, 0.0, 2.4494898, 3.0, 4.472136]","[-4.5, -4.0, -4.0, -4.0, -2.5, -2.0]","[1.0, 4.5]","[0.0, 4.472136]","[-4.5, -2.5]","[5.5, 6.5]","[4.2426405, 6.3245554]","[-0.5, 4.5]","[5.5, 6.5]","[4.2426405, 6.3245554]","[-0.5, 4.5]",0,2,0,0,0.0,0.0,1
744,5,2,0,"[0.5, 0.5, 1.0, 1.0, 1.5, 2.5, 3.0, 4.0, 6.0, 7.5]","[0.0, 0.0, 0.0, 0.0, 0.0, 2.0, 2.236068, 3.8729835, 5.656854, 7.3484693]","[2.5, 2.5, 3.5, 3.5, 5.5]","[0.0, 0.0, 2.0, 3.4641016, 4.8989797]","[-5.0, -3.5, -2.0, -1.5, -1.5]","[3.5, 3.5]","[0.0, 3.4641016]","[-5.0, -1.5]","[3.5, 3.5]","[0.0, 3.4641016]","[-5.0, -1.5]",[],[],[],2,0,0,1,0.0,2.0,1
70597,1,1,1,"[1.0, 1.0, 1.0, 1.5, 2.0, 2.5, 2.5, 3.0, 4.0, 4.5]","[0.0, 0.0, 0.0, 0.0, 0.0, 0.0, 1.4142135, 2.236068, 4.0, 4.472136]",[1.0],[0.0],[-4.0],[1.0],[0.0],[-4.0],[5.5],[4.8989797],[5.5],[5.5],[4.8989797],[5.5],0,1,0,0,0.0,0.0,0
46397,2,2,2,"[0.0, 0.5, 0.5, 1.0, 2.0, 3.0, 3.0, 3.0, 3.5, 4.5]","[0.0, 0.0, 0.0, 0.0, 0.0, 0.0, 3.0, 3.0, 3.0, 4.472136]","[1.0, 4.5]","[1.0, 4.2426405]","[-2.5, -1.0]","[1.0, 4.5]","[1.0, 4.2426405]","[-2.5, -1.0]","[4.0, 9.0]","[0.0, 9.0]","[0.0, 9.0]","[4.0, 9.0]","[0.0, 9.0]","[0.0, 9.0]",0,2,0,0,0.0,0.0,0
430,2,1,1,"[0.5, 0.5, 0.5, 1.0, 1.0, 1.5, 1.5, 3.0, 3.5, 6.0]","[0.0, 0.0, 0.0, 0.0, 0.0, 0.0, 1.0, 1.4142135, 2.828427, 6.0]","[0.5, 3.0]","[0.0, 2.828427]","[-3.5, -3.5]",[0.5],[0.0],[-3.5],[7.5],[7.3484693],[4.5],[7.5],[7.3484693],[4.5],0,1,0,0,0.0,0.0,1
15325,3,2,2,"[0.5, 0.5, 1.0, 1.0, 1.5, 2.0, 2.5, 3.0, 4.0, 5.0]","[0.0, 0.0, 0.0, 0.0, 0.0, 0.0, 0.0, 1.4142135, 2.6457512, 4.8989797]","[3.5, 5.0, 5.0]","[3.1622777, 4.8989797, 5.0]","[-1.5, -1.5, -1.0]","[3.5, 5.0]","[3.1622777, 5.0]","[-1.5, -1.5]","[5.5, 8.0]","[5.477226, 7.937254]","[5.0, 6.0]","[5.5, 8.0]","[5.477226, 7.937254]","[5.0, 6.0]",0,2,0,0,0.0,0.0,0
577,7,3,1,"[0.5, 0.5, 1.0, 2.0, 2.5, 2.5, 3.0, 3.5, 5.5, 8.5]","[0.0, 0.0, 0.0, 0.0, 1.0, 2.0, 2.0, 3.0, 5.2915025, 8.485281]","[1.0, 2.5, 3.0, 3.0, 4.0, 4.5, 4.5]","[1.0, 2.236068, 2.4494898, 2.828427, 3.8729835, 4.2426405, 4.2426405]","[-5.0, -4.0, -3.5, -3.0, -2.5, -2.0, -1.5]","[1.0, 4.0, 4.5]","[1.0, 3.8729835, 4.2426405]","[-4.0, -2.5, -1.5]","[4.0, 4.5, 5.5]","[3.8729835, 4.2426405, 4.8989797]","[-4.0, -1.5, 4.0]",[5.5],[4.8989797],[4.0],2,1,0,1,0.0,2.0,1
16,1,1,1,"[0.5, 0.5, 0.5, 1.5, 2.0, 2.0, 2.5, 3.5, 4.5, 5.0]","[0.0, 0.0, 0.0, 0.0, 1.4142135, 1.7320508, 2.0, 3.4641016, 3.7416575, 4.8989797]",[2.0],[0.0],[-4.5],[2.0],[0.0],[-4.5],[3.5],[0.0],[0.5],[3.5],[0.0],[0.5],0,1,0,0,0.0,0.0,1
943,1,1,1,"[0.0, 0.5, 0.5, 1.5, 1.5, 2.0, 2.5, 4.0, 5.5, 7.5]","[0.0, 0.0, 0.0, 0.0, 1.4142135, 1.4142135, 2.0, 3.8729835, 4.8989797, 7.483315]",[3.5],[3.1622777],[-4.5],[3.5],[3.1622777],[-4.5],[5.5],[5.2915025],[0.5],[5.5],[5.2915025],[0.5],0,1,0,0,0.0,0.0,1
210,2,1,1,"[0.5, 0.5, 1.0, 2.0, 2.5, 3.0, 3.5, 4.0, 5.0, 7.0]","[0.0, 0.0, 0.0, 2.0, 2.236068, 2.4494898, 3.4641016, 3.4641016, 4.0, 6.928203]","[4.5, 4.5]","[3.7416575, 4.2426405]","[-3.5, -2.5]",[4.5],[4.2426405],[-3.5],[2.0],[0.0],[-2.0],[2.0],[0.0],[-2.0],0,1,0,0,0.0,0.0,1
816,2,1,1,"[0.5, 0.5, 0.5, 1.0, 1.5, 2.0, 2.5, 2.5, 4.0, 6.5]","[0.0, 0.0, 0.0, 0.0, 0.0, 0.0, 0.0, 1.7320508, 2.0, 6.3245554]","[2.5, 5.0]","[0.0, 4.8989797]","[-2.0, -1.5]",[2.5],[0.0],[-2.0],[1.0],[0.0],[-1.5],[1.0],[0.0],[-1.5],0,1,0,0,0.0,0.0,1
977,1,1,1,"[0.0, 0.5, 0.5, 1.0, 1.0, 1.5, 1.5, 2.5, 8.0, 8.0]","[0.0, 0.0, 0.0, 0.0, 0.0, 1.0, 1.4142135, 2.4494898, 7.937254, 7.937254]",[4.0],[3.4641016],[-5.0],[4.0],[3.4641016],[-5.0],[7.5],[7.3484693],[0.5],[7.5],[7.3484693],[0.5],0,1,0,0,0.0,0.0,1
67510,6,3,1,"[0.0, 0.5, 0.5, 1.5, 1.5, 2.0, 2.0, 3.0, 6.0, 6.5]","[0.0, 0.0, 0.0, 0.0, 0.0, 1.4142135, 1.7320508, 2.828427, 6.0, 6.4807405]","[1.0, 1.5, 1.5, 2.0, 2.5, 3.5]","[0.0, 0.0, 0.0, 0.0, 2.0, 3.1622777]","[-5.5, -4.5, -3.0, -3.0, -1.0, -1.0]","[1.0, 1.5, 1.5]","[0.0, 0.0, 0.0]","[-5.5, -4.5, -1.0]","[1.0, 1.5, 6.5]","[0.0, 0.0, 6.4807405]","[-5.5, -4.5, 4.5]",[6.5],[6.4807405],[4.5],2,1,0,1,0.0,2.0,0
68681,5,3,2,"[0.0, 0.0, 1.5, 2.0, 2.5, 2.5, 2.5, 4.0, 5.5, 5.5]","[0.0, 0.0, 0.0, 0.0, 0.0, 0.0, 1.4142135, 2.4494898, 4.8989797, 5.2915025]","[2.0, 2.0, 2.5, 2.5, 4.5]","[0.0, 0.0, 2.4494898, 2.4494898, 4.2426405]","[-3.5, -3.5, -3.0, -2.5, -1.5]","[2.0, 2.5, 4.5]","[0.0, 2.4494898, 4.2426405]","[-3.5, -3.0, -1.5]","[3.0, 3.5, 8.0]","[0.0, 3.1622777, 8.0]","[0.5, 1.5, 4.5]","[3.0, 5.5]","[0.0, 5.477226]","[0.5, 5.5]",1,1,1,0,1.0,0.0,0
41940,3,2,1,"[0.5, 0.5, 1.0, 1.5, 1.5, 2.5, 3.0, 3.5, 5.5, 7.5]","[0.0, 0.0, 0.0, 0.0, 0.0, 2.0, 2.236068, 3.1622777, 4.2426405, 7.3484693]","[2.0, 2.5, 4.0]","[0.0, 0.0, 4.0]","[-5.0, -3.5, -2.5]","[2.0, 4.0]","[0.0, 4.0]","[-5.0, -3.5]","[2.5, 4.5]","[2.4494898, 4.2426405]","[-3.0, 0.5]",[7.5],[7.3484693],[5.5],1,0,1,0,1.0,0.0,0
68174,2,2,1,"[0.0, 0.5, 1.0, 1.5, 2.0, 3.0, 3.0, 3.5, 4.5, 6.5]","[0.0, 0.0, 0.0, 0.0, 1.0, 1.4142135, 2.828427, 2.828427, 4.2426405, 6.0]","[2.5, 6.5]","[2.4494898, 6.4807405]","[-1.5, -1.5]","[2.5, 6.5]","[2.4494898, 6.4807405]","[-1.5, -1.5]","[1.0, 5.0]","[0.0, 3.0]","[-1.0, -0.5]",[4.5],[2.828427],[3.5],1,0,1,0,1.0,0.0,0
11381,7,3,1,"[1.0, 1.0, 1.0, 1.0, 1.5, 1.5, 1.5, 6.5, 7.0, 8.0]","[0.0, 0.0, 0.0, 0.0, 1.0, 1.0, 1.4142135, 6.0, 6.708204, 7.937254]","[0.5, 1.5, 2.0, 3.0, 3.0, 3.0, 5.5]","[0.0, 0.0, 0.0, 0.0, 2.236068, 2.828427, 5.477226]","[-6.5, -6.5, -6.0, -3.5, -3.0, -2.5, -2.5]","[0.5, 1.5, 3.0]","[0.0, 0.0, 2.236068]","[-6.5, -6.5, -2.5]","[0.5, 1.5, 5.5]","[0.0, 0.0, 4.2426405]","[-6.5, -6.5, 3.5]",[5.5],[4.2426405],[3.5],2,1,0,1,0.0,2.0,0
987,3,1,1,"[0.5, 1.0, 1.0, 1.5, 2.0, 2.5, 2.5, 3.0, 5.0, 6.0]","[0.0, 0.0, 0.0, 0.0, 0.0, 0.0, 2.0, 2.0, 3.0, 5.656854]","[4.5, 5.0, 5.0]","[3.7416575, 4.0, 5.0]","[-3.5, -3.0, -2.0]",[5.0],[5.0],[-3.5],[4.5],[4.2426405],[2.0],[4.5],[4.2426405],[2.0],0,1,0,0,0.0,0.0,1
44867,2,2,1,"[0.5, 1.0, 1.5, 1.5, 1.5, 3.0, 3.0, 3.5, 4.0, 4.0]","[0.0, 0.0, 0.0, 0.0, 1.4142135, 1.4142135, 2.6457512, 3.0, 3.1622777, 4.0]","[0.5, 1.5]","[0.0, 0.0]","[-5.0, -3.5]","[0.5, 1.5]","[0.0, 0.0]","[-5.0, -3.5]","[2.0, 6.0]","[0.0, 5.91608]","[-0.5, 4.0]",[4.0],[0.0],[3.5],1,0,1,0,1.0,0.0,0
792,10,3,2,"[0.0, 0.5, 0.5, 0.5, 1.0, 2.0, 4.0, 4.5, 6.0, 6.5]","[0.0, 0.0, 0.0, 0.0, 0.0, 0.0, 3.8729835, 4.2426405, 5.196152, 6.0]","[1.0, 2.0, 2.5, 2.5, 2.5, 3.0, 3.5, 5.5, 6.0, 7.5]","[0.0, 0.0, 0.0, 1.0, 2.4494898, 3.0, 3.4641016, 5.477226, 5.656854, 7.483315]","[-4.0, -3.5, -3.5, -3.0, -3.0, -2.5, -2.0, -1.5, -1.5, -1.0]","[1.0, 2.0, 2.5]","[0.0, 1.0, 2.4494898]","[-3.5, -3.0, -3.0]","[2.0, 5.5, 7.0]","[1.7320508, 5.2915025, 6.708204]","[0.5, 2.0, 4.0]","[1.5, 2.0]","[0.0, 1.7320508]","[-0.5, 0.5]",1,1,1,0,1.0,0.0,1
77582,3,1,1,"[0.5, 1.0, 1.5, 1.5, 2.0, 2.5, 2.5, 3.0, 3.5, 5.5]","[0.0, 0.0, 0.0, 1.4142135, 2.0, 2.0, 2.0, 2.236068, 2.4494898, 4.2426405]","[1.0, 3.0, 5.0]","[1.0, 3.0, 4.582576]","[-4.5, -4.0, -1.5]",[1.0],[1.0],[-4.5],[7.5],[7.483315],[6.0],[7.5],[7.483315],[6.0],0,1,0,0,0.0,0.0,0
834,3,3,2,"[0.0, 0.5, 0.5, 2.0, 2.0, 2.5, 3.0, 3.5, 6.0, 8.0]","[0.0, 0.0, 0.0, 0.0, 2.0, 2.4494898, 3.0, 3.1622777, 5.91608, 8.0]","[2.0, 2.5, 4.0]","[0.0, 2.0, 3.4641016]","[-3.0, -2.5, -2.5]","[2.0, 2.5, 4.0]","[0.0, 2.0, 3.4641016]","[-3.0, -2.5, -2.5]","[2.5, 3.5, 5.0]","[0.0, 2.4494898, 5.0]","[-2.5, -0.5, 0.0]","[3.5, 4.0]","[2.4494898, 3.4641016]","[0.0, 1.5]",1,1,1,0,1.0,0.0,1
767,32,5,3,"[2.0, 2.0, 3.5, 4.0, 5.0, 5.5, 5.5, 7.0, 7.0, 8.5]","[0.0, 0.0, 2.0, 3.4641016, 4.2426405, 4.582576, 4.8989797, 6.708204, 6.928203, 8.485281]","[0.0, 0.0, 0.5, 0.5, 1.0, 1.5, 1.5, 1.5, 2.0, 2.0, 2.0, 2.0, 2.5, 2.5, 3.0, 3.0, 3.0, 3.0, 3.0, 3.5, 3.5, 3.5, 4.0, 4.0, 4.0, 4.5, 4.5, 5.0, 5.0, 5.5, 6.5, 7.0]","[0.0, 0.0, 0.0, 0.0, 0.0, 0.0, 0.0, 0.0, 1.4142135, 1.7320508, 1.7320508, 1.7320508, 2.0, 2.0, 2.236068, 2.236068, 2.236068, 2.4494898, 2.828427, 2.828427, 2.828427, 3.4641016, 3.4641016, 3.4641016, 3.8729835, 4.0, 4.0, 4.472136, 4.582576, 5.477226, 6.3245554, 7.0]","[-8.0, -8.0, -7.0, -5.5, -5.5, -5.0, -4.5, -4.5, -4.5, -4.5, -4.5, -4.0, -4.0, -4.0, -4.0, -3.5, -3.5, -3.5, -3.5, -3.5, -3.0, -3.0, -3.0, -3.0, -3.0, -2.5, -2.5, -2.0, -2.0, -1.5, -1.5, -1.5]","[0.0, 0.0, 0.5, 1.5, 2.0]","[0.0, 0.0, 0.0, 0.0, 1.7320508]","[-8.0, -7.0, -4.5, -4.5, -3.5]","[2.0, 3.0, 3.0, 3.5, 6.5]","[0.0, 0.0, 0.0, 2.236068, 6.4807405]","[-4.5, -3.5, -2.0, -1.5, 2.5]","[3.0, 4.5, 6.5]","[0.0, 4.472136, 6.4807405]","[-1.5, -1.5, 2.5]",2,2,1,0,2.0,0.0,1
97406,2,1,1,"[0.0, 0.0, 1.0, 1.5, 1.5, 2.0, 2.5, 3.0, 3.5, 4.5]","[0.0, 0.0, 0.0, 1.0, 1.4142135, 2.0, 2.236068, 2.4494898, 3.1622777, 3.7416575]","[2.0, 4.5]","[0.0, 4.2426405]","[-2.0, -1.5]",[2.0],[0.0],[-2.0],[7.5],[7.483315],[6.0],[7.5],[7.483315],[6.0],0,1,0,0,0.0,0.0,0
41393,2,2,1,"[0.5, 0.5, 0.5, 1.0, 1.5, 1.5, 2.0, 3.0, 5.0, 6.0]","[0.0, 0.0, 0.0, 0.0, 0.0, 1.4142135, 1.7320508, 3.0, 4.8989797, 6.0]","[1.5, 3.0]","[1.4142135, 2.236068]","[-1.5, -1.5]","[1.5, 3.0]","[1.4142135, 2.236068]","[-1.5, -1.5]","[2.5, 3.0]","[2.0, 2.828427]","[-1.0, -0.5]",[6.0],[6.0],[4.0],1,0,1,0,1.0,0.0,0
814,35,7,3,"[1.5, 3.5, 4.0, 5.5, 6.0, 6.0, 6.5, 7.0, 7.0, 8.0]","[0.0, 3.4641016, 3.8729835, 4.8989797, 5.91608, 6.0, 6.0, 6.708204, 6.928203, 7.937254]","[0.0, 0.0, 0.5, 1.0, 1.0, 1.0, 1.5, 1.5, 1.5, 1.5, 2.0, 2.5, 2.5, 2.5, 2.5, 2.5, 3.0, 3.0, 3.0, 3.0, 3.0, 3.5, 3.5, 3.5, 3.5, 3.5, 3.5, 4.0, 4.0, 4.0, 4.0, 4.0, 4.0, 4.0, 5.0]","[0.0, 0.0, 0.0, 0.0, 0.0, 0.0, 0.0, 0.0, 0.0, 0.0, 1.0, 1.0, 1.4142135, 1.4142135, 1.4142135, 2.0, 2.0, 2.236068, 2.236068, 2.4494898, 2.4494898, 2.6457512, 2.828427, 2.828427, 3.0, 3.1622777, 3.1622777, 3.1622777, 3.4641016, 3.4641016, 3.4641016, 3.4641016, 3.8729835, 4.0, 4.8989797]","[-7.5, -7.0, -6.0, -6.0, -6.0, -6.0, -5.5, -5.0, -5.0, -5.0, -5.0, -4.5, -4.5, -4.0, -4.0, -4.0, -4.0, -3.5, -3.5, -3.5, -3.0, -3.0, -3.0, -3.0, -2.5, -2.5, -2.5, -2.5, -2.5, -2.0, -2.0, -2.0, -2.0, -2.0, -1.0]","[0.0, 0.0, 1.0, 1.5, 1.5, 2.0, 2.5]","[0.0, 0.0, 0.0, 0.0, 0.0, 1.0, 1.4142135]","[-7.0, -6.0, -6.0, -5.0, -4.0, -3.0, -2.5]","[2.5, 4.0, 4.5, 4.5, 4.5, 5.0, 5.5]","[0.0, 2.0, 2.6457512, 4.2426405, 4.2426405, 4.8989797, 5.2915025]","[-6.0, -2.0, -2.0, -1.0, 0.0, 0.5, 2.0]","[2.5, 4.5, 4.5]","[2.4494898, 4.2426405, 4.2426405]","[-2.5, -1.0, 2.0]",4,1,2,0,2.0,0.0,1
21651,4,2,2,"[0.5, 1.0, 1.5, 1.5, 1.5, 2.0, 2.0, 2.5, 4.5, 8.0]","[0.0, 0.0, 0.0, 1.4142135, 1.4142135, 1.4142135, 1.7320508, 2.0, 2.828427, 8.0]","[3.0, 3.5, 3.5, 3.5]","[0.0, 0.0, 2.4494898, 3.1622777]","[-2.5, -2.0, -1.5, -1.5]","[3.5, 3.5]","[2.4494898, 3.1622777]","[-2.5, -2.0]","[4.5, 5.5]","[4.2426405, 4.472136]","[0.5, 4.5]","[4.5, 5.5]","[4.2426405, 4.472136]","[0.5, 4.5]",0,2,0,0,0.0,0.0,0
44,3,2,1,"[0.5, 0.5, 1.0, 2.0, 2.5, 2.5, 3.0, 3.0, 4.0, 7.5]","[0.0, 0.0, 0.0, 0.0, 0.0, 2.236068, 2.4494898, 2.4494898, 3.4641016, 7.483315]","[1.0, 4.0, 4.0]","[0.0, 2.6457512, 3.8729835]","[-3.5, -2.5, -1.5]","[1.0, 4.0]","[0.0, 3.8729835]","[-3.5, -2.5]","[6.0, 6.5]","[5.91608, 6.3245554]","[1.5, 2.5]",[1.5],[1.4142135],[0.5],1,0,1,0,1.0,0.0,1
74618,2,2,2,"[0.5, 0.5, 0.5, 1.0, 1.5, 2.5, 2.5, 4.0, 4.5, 5.5]","[0.0, 0.0, 0.0, 0.0, 0.0, 0.0, 2.4494898, 2.828427, 3.8729835, 5.2915025]","[3.0, 3.0]","[2.828427, 2.828427]","[-1.5, -1.0]","[3.0, 3.0]","[2.828427, 2.828427]","[-1.5, -1.0]","[4.5, 5.5]","[0.0, 5.477226]","[2.0, 3.0]","[4.5, 5.5]","[0.0, 5.477226]","[2.0, 3.0]",0,2,0,0,0.0,0.0,0
79775,5,2,2,"[0.0, 0.5, 1.0, 1.5, 2.5, 3.0, 4.0, 4.0, 4.5, 5.0]","[0.0, 0.0, 1.0, 1.4142135, 2.0, 2.236068, 3.0, 3.4641016, 3.4641016, 3.7416575]","[1.0, 2.5, 2.5, 4.0, 4.5]","[0.0, 0.0, 2.0, 3.8729835, 4.2426405]","[-3.5, -3.5, -2.5, -2.5, -2.0]","[1.0, 2.5]","[0.0, 0.0]","[-3.5, -2.5]","[4.0, 6.0]","[0.0, 5.91608]","[3.5, 4.5]","[4.0, 6.0]","[0.0, 5.91608]","[3.5, 4.5]",0,2,0,0,0.0,0.0,0
489,1,1,1,"[0.0, 0.5, 1.0, 2.0, 2.5, 2.5, 3.0, 4.0, 5.5, 8.0]","[0.0, 0.0, 0.0, 0.0, 0.0, 1.7320508, 2.0, 2.236068, 4.2426405, 8.0]",[1.5],[1.4142135],[-6.5],[1.5],[1.4142135],[-6.5],[6.5],[6.4807405],[2.5],[6.5],[6.4807405],[2.5],0,1,0,0,0.0,0.0,1
407,36,5,3,"[2.0, 3.5, 4.5, 4.5, 5.5, 6.0, 7.0, 7.0, 7.5, 7.5]","[0.0, 0.0, 0.0, 4.2426405, 5.477226, 5.91608, 6.708204, 6.928203, 7.3484693, 7.483315]","[0.0, 0.5, 0.5, 0.5, 0.5, 1.5, 1.5, 1.5, 2.0, 2.0, 2.0, 2.5, 2.5, 2.5, 2.5, 2.5, 3.0, 3.0, 3.0, 3.5, 3.5, 3.5, 3.5, 4.0, 4.0, 4.0, 4.0, 4.0, 4.0, 4.5, 5.0, 5.0, 5.0, 5.5, 5.5, 5.5]","[0.0, 0.0, 0.0, 0.0, 0.0, 0.0, 0.0, 0.0, 0.0, 0.0, 0.0, 1.4142135, 1.4142135, 1.7320508, 2.0, 2.0, 2.0, 2.4494898, 2.4494898, 2.4494898, 2.828427, 3.0, 3.1622777, 3.4641016, 3.4641016, 3.4641016, 3.4641016, 3.7416575, 3.8729835, 4.0, 4.582576, 4.8989797, 5.0, 5.2915025, 5.2915025, 5.477226]","[-8.5, -8.0, -6.0, -6.0, -6.0, -6.0, -5.5, -5.5, -5.5, -5.0, -5.0, -4.5, -4.5, -4.5, -4.5, -4.5, -4.0, -4.0, -3.5, -3.5, -3.5, -3.5, -3.5, -3.0, -3.0, -2.5, -2.5, -2.5, -2.5, -2.5, -2.5, -2.0, -2.0, -2.0, -1.5, -1.0]","[0.0, 0.5, 0.5, 0.5, 2.5]","[0.0, 0.0, 0.0, 0.0, 2.0]","[-8.5, -8.0, -6.0, -6.0, -4.0]","[0.5, 4.0, 4.0, 5.5, 9.0]","[0.0, 2.6457512, 3.8729835, 4.2426405, 9.0]","[-6.0, -1.5, -1.0, 2.5, 6.0]","[4.0, 5.5, 9.0]","[3.8729835, 4.2426405, 9.0]","[-0.5, 2.5, 6.0]",2,2,1,0,2.0,0.0,1
53045,2,2,2,"[0.0, 0.5, 1.0, 1.0, 1.0, 2.5, 2.5, 3.0, 4.0, 6.5]","[0.0, 0.0, 0.0, 0.0, 0.0, 1.0, 2.4494898, 2.828427, 4.0, 6.0]","[1.0, 4.0]","[0.0, 3.4641016]","[-2.5, -2.5]","[1.0, 4.0]","[0.0, 3.4641016]","[-2.5, -2.5]","[5.0, 7.0]","[4.582576, 6.708204]","[1.0, 5.0]","[5.0, 7.0]","[4.582576, 6.708204]","[1.0, 5.0]",0,2,0,0,0.0,0.0,0
833,6,2,2,"[0.5, 0.5, 1.0, 1.0, 1.5, 1.5, 2.0, 3.0, 4.0, 7.0]","[0.0, 0.0, 0.0, 0.0, 0.0, 1.0, 1.4142135, 1.7320508, 3.4641016, 6.928203]","[0.5, 1.5, 1.5, 2.5, 3.5, 3.5]","[0.0, 0.0, 0.0, 0.0, 1.4142135, 2.4494898]","[-4.0, -2.5, -2.0, -2.0, -2.0, -1.0]","[0.5, 1.5]","[0.0, 1.4142135]","[-4.0, -2.5]","[2.5, 5.0]","[0.0, 4.0]","[1.5, 2.0]","[2.5, 5.0]","[0.0, 4.0]","[1.5, 2.0]",0,2,0,0,0.0,0.0,1
642,4,3,2,"[0.0, 0.5, 1.0, 2.0, 2.0, 2.5, 3.0, 3.0, 3.5, 4.5]","[0.0, 0.0, 0.0, 0.0, 1.0, 2.0, 2.236068, 2.828427, 3.4641016, 4.472136]","[1.0, 1.0, 2.0, 2.5]","[0.0, 1.0, 1.7320508, 2.4494898]","[-2.0, -2.0, -1.5, -1.5]","[1.0, 1.0, 2.5]","[0.0, 1.0, 2.4494898]","[-2.0, -2.0, -1.5]","[6.0, 7.0, 8.0]","[5.91608, 6.708204, 7.937254]","[3.5, 5.0, 5.5]","[7.0, 7.5]","[6.708204, 7.483315]","[3.5, 7.0]",1,1,1,0,1.0,0.0,1
651,1,1,1,"[0.0, 0.5, 1.0, 1.0, 1.5, 2.5, 2.5, 4.5, 5.0, 6.5]","[0.0, 0.0, 0.0, 0.0, 0.0, 2.0, 2.4494898, 3.0, 3.7416575, 6.3245554]",[4.0],[0.0],[-4.5],[4.0],[0.0],[-4.5],[5.5],[5.2915025],[2.5],[5.5],[5.2915025],[2.5],0,1,0,0,0.0,0.0,1
35789,3,2,2,"[0.0, 0.0, 0.5, 1.0, 1.0, 2.0, 2.5, 3.5, 4.0, 6.0]","[0.0, 0.0, 0.0, 0.0, 0.0, 0.0, 1.0, 1.7320508, 3.8729835, 5.91608]","[2.5, 3.0, 3.5]","[2.4494898, 2.828427, 3.1622777]","[-4.0, -3.5, -1.5]","[2.5, 3.5]","[2.4494898, 3.1622777]","[-3.5, -1.5]","[3.5, 7.0]","[3.4641016, 6.928203]","[1.0, 4.5]","[3.5, 7.0]","[3.4641016, 6.928203]","[1.0, 4.5]",0,2,0,0,0.0,0.0,0
87,2,1,1,"[0.5, 0.5, 1.0, 1.5, 2.0, 2.0, 2.5, 4.0, 6.0, 7.5]","[0.0, 0.0, 0.0, 0.0, 0.0, 1.7320508, 2.0, 3.8729835, 5.91608, 7.483315]","[3.5, 5.5]","[2.4494898, 5.2915025]","[-2.5, -1.0]",[3.5],[2.4494898],[-2.5],[4.0],[3.8729835],[0.5],[4.0],[3.8729835],[0.5],0,1,0,0,0.0,0.0,1
534,4,2,2,"[0.5, 0.5, 1.0, 2.0, 2.0, 3.0, 3.0, 4.5, 4.5, 6.0]","[0.0, 0.0, 0.0, 0.0, 1.7320508, 2.828427, 3.0, 3.0, 3.7416575, 5.91608]","[2.0, 2.5, 3.5, 5.0]","[2.0, 2.0, 3.1622777, 5.0]","[-4.5, -3.0, -2.5, -1.5]","[2.0, 5.0]","[2.0, 5.0]","[-3.0, -2.5]","[2.5, 6.5]","[0.0, 6.0]","[-1.5, 5.0]","[2.5, 6.5]","[0.0, 6.0]","[-1.5, 5.0]",0,2,0,0,0.0,0.0,1
4,3,2,2,"[1.0, 1.0, 1.5, 2.0, 2.5, 3.0, 3.0, 3.0, 4.0, 4.5]","[0.0, 0.0, 0.0, 0.0, 1.0, 1.4142135, 2.236068, 2.236068, 2.6457512, 3.7416575]","[2.0, 2.5, 4.0]","[0.0, 2.0, 3.8729835]","[-4.0, -2.5, -1.5]","[2.0, 2.5]","[0.0, 2.0]","[-4.0, -2.5]","[3.5, 5.5]","[0.0, 5.2915025]","[2.0, 5.0]","[3.5, 5.5]","[0.0, 5.2915025]","[2.0, 5.0]",0,2,0,0,0.0,0.0,1
28470,3,3,1,"[0.0, 0.5, 1.0, 1.0, 1.5, 1.5, 2.0, 2.5, 5.5, 6.5]","[0.0, 0.0, 0.0, 0.0, 0.0, 0.0, 0.0, 2.0, 4.8989797, 6.3245554]","[3.0, 4.0, 4.5]","[2.828427, 3.4641016, 3.7416575]","[-1.5, -1.0, -1.0]","[3.0, 4.0, 4.5]","[2.828427, 3.4641016, 3.7416575]","[-1.5, -1.0, -1.0]","[2.5, 4.0, 7.5]","[2.0, 2.6457512, 7.3484693]","[-1.5, 1.0, 2.5]",[9.0],[9.0],[9.0],2,0,1,0,2.0,0.0,0
457,3,2,1,"[0.5, 0.5, 1.0, 1.0, 1.5, 2.0, 2.0, 2.0, 3.0, 7.5]","[0.0, 0.0, 0.0, 0.0, 0.0, 0.0, 0.0, 0.0, 2.828427, 7.483315]","[2.5, 2.5, 4.0]","[0.0, 2.4494898, 2.6457512]","[-3.5, -1.5, -1.0]","[2.5, 2.5]","[0.0, 2.4494898]","[-3.5, -1.5]","[4.5, 6.0]","[3.7416575, 5.196152]","[0.5, 2.5]",[3.0],[2.236068],[3.0],1,0,1,0,1.0,0.0,1
409,1,1,1,"[0.0, 0.5, 1.0, 1.5, 2.0, 2.5, 2.5, 2.5, 4.0, 6.5]","[0.0, 0.0, 0.0, 0.0, 0.0, 2.0, 2.0, 2.0, 3.8729835, 6.3245554]",[3.5],[0.0],[-2.0],[3.5],[0.0],[-2.0],[4.5],[0.0],[-0.5],[4.5],[0.0],[-0.5],0,1,0,0,0.0,0.0,1
228,1,1,1,"[0.0, 0.0, 0.5, 0.5, 1.0, 1.5, 1.5, 3.5, 3.5, 5.5]","[0.0, 0.0, 0.0, 0.0, 0.0, 0.0, 0.0, 3.1622777, 3.1622777, 4.8989797]",[3.0],[0.0],[-3.5],[3.0],[0.0],[-3.5],[3.0],[2.236068],[0.5],[3.0],[2.236068],[0.5],0,1,0,0,0.0,0.0,1
289,4,2,1,"[0.5, 0.5, 1.0, 1.5, 2.5, 3.0, 3.5, 5.0, 5.5, 6.0]","[0.0, 0.0, 0.0, 0.0, 1.0, 1.4142135, 2.828427, 4.8989797, 4.8989797, 5.91608]","[2.5, 2.5, 3.5, 4.0]","[2.4494898, 2.4494898, 2.4494898, 4.0]","[-5.0, -4.0, -3.5, -3.0]","[2.5, 4.0]","[2.4494898, 4.0]","[-4.0, -3.0]","[1.0, 3.5]","[0.0, 2.4494898]","[-1.5, -1.5]",[3.0],[2.236068],[1.5],1,0,1,0,1.0,0.0,1
297,7,2,2,"[1.0, 1.0, 1.5, 1.5, 2.0, 2.5, 2.5, 3.5, 5.0, 7.0]","[0.0, 1.0, 1.4142135, 1.4142135, 2.0, 2.4494898, 2.4494898, 2.4494898, 5.0, 6.708204]","[0.0, 0.5, 0.5, 1.5, 3.0, 3.0, 4.5]","[0.0, 0.0, 0.0, 0.0, 2.828427, 2.828427, 3.7416575]","[-4.5, -4.0, -1.5, -1.5, -1.5, -1.5, -1.0]","[0.0, 1.5]","[0.0, 0.0]","[-4.0, -1.5]","[2.0, 5.5]","[2.0, 5.2915025]","[1.0, 2.5]","[2.0, 5.5]","[2.0, 5.2915025]","[1.0, 2.5]",0,2,0,0,0.0,0.0,1
30968,5,3,3,"[0.0, 0.5, 0.5, 1.0, 2.0, 2.0, 2.5, 4.5, 6.0, 8.0]","[0.0, 0.0, 0.0, 0.0, 0.0, 1.7320508, 2.0, 2.828427, 5.656854, 7.937254]","[1.5, 1.5, 1.5, 2.5, 4.0]","[0.0, 0.0, 1.4142135, 2.0, 3.4641016]","[-5.0, -4.5, -4.5, -3.0, -2.0]","[1.5, 1.5, 4.0]","[0.0, 1.4142135, 3.4641016]","[-4.5, -4.5, -2.0]","[3.5, 4.5, 6.0]","[0.0, 2.828427, 5.196152]","[-0.5, 2.5, 5.0]","[3.5, 4.5, 6.0]","[0.0, 2.828427, 5.196152]","[-0.5, 2.5, 5.0]",0,3,0,0,0.0,0.0,0
960,4,3,3,"[0.0, 0.5, 1.0, 1.0, 1.5, 2.0, 2.5, 4.0, 4.0, 6.0]","[0.0, 0.0, 0.0, 0.0, 1.0, 2.0, 2.4494898, 2.6457512, 4.0, 5.196152]","[2.0, 2.0, 3.0, 4.5]","[0.0, 0.0, 1.7320508, 3.7416575]","[-3.0, -2.0, -2.0, -1.0]","[2.0, 2.0, 3.0]","[0.0, 0.0, 1.7320508]","[-3.0, -2.0, -1.0]","[4.5, 6.0, 8.0]","[4.472136, 5.656854, 7.937254]","[3.5, 4.5, 5.0]","[4.5, 6.0, 8.0]","[4.472136, 5.656854, 7.937254]","[3.5, 4.5, 5.0]",0,3,0,0,0.0,0.0,1
