learning_rate,train_loss,test_loss,train_accuracy,test_accuracy
0.001,0.69321716,0.6931405,0.5005933,0.5018
0.001,0.69318867,0.6931577,0.5009,0.49796
0.001,0.69312966,0.6931146,0.50322,0.50282
0.001,0.6930991,0.69322145,0.50464,0.49884
0.001,0.6827333,0.6803374,0.55703336,0.57048
0.001,0.67764705,0.67871135,0.57037336,0.56876
0.001,0.67599165,0.67328835,0.57498,0.58268
0.001,0.6736285,0.67204046,0.58003336,0.58334
0.001,0.6723468,0.67097336,0.5824,0.58492
0.001,0.67103976,0.67084855,0.58585334,0.58888
0.001,0.670225,0.66980845,0.58657336,0.58754
0.001,0.66922843,0.671032,0.58845335,0.58686
0.001,0.6688555,0.6692094,0.58932,0.59132
0.001,0.6681992,0.67011,0.58893335,0.58806
0.001,0.6678151,0.6687649,0.5905,0.58994
0.001,0.66707575,0.66810215,0.59153336,0.59188
0.001,0.66694945,0.6689434,0.59248,0.58708
0.001,0.6660098,0.66794735,0.59359336,0.59306
0.001,0.6658709,0.66749823,0.59442,0.59228
0.001,0.6650932,0.67203647,0.5950933,0.58444
0.001,0.6648419,0.6675333,0.59576,0.5941
0.001,0.6645467,0.66763353,0.59529334,0.59232
0.001,0.663624,0.66786647,0.5973,0.5912
0.001,0.6632109,0.66919154,0.5987933,0.5905
0.001,0.6627096,0.66804713,0.59906,0.59318
0.001,0.6621301,0.6686785,0.60010666,0.59164
0.001,0.66176474,0.66792005,0.59978664,0.5911
0.001,0.6612822,0.6682286,0.60043335,0.5915
0.001,0.6603454,0.6687793,0.6010867,0.58972
0.001,0.6602566,0.66871375,0.60305333,0.59234
0.0005,0.65735185,0.67066526,0.60534,0.58956
0.0005,0.65686274,0.66957915,0.60756665,0.5892
0.0005,0.6562685,0.6691837,0.60767335,0.58914
0.0005,0.6558235,0.67033505,0.60916,0.59012
0.0005,0.65542233,0.6704903,0.60869336,0.59042
0.0005,0.65486443,0.6699074,0.60892665,0.5884
0.0005,0.6544874,0.67269254,0.60921335,0.5866
0.0005,0.65417194,0.67076355,0.61054665,0.5888
0.0005,0.6538852,0.6715868,0.61009336,0.58778
0.0005,0.65316176,0.67620856,0.61113334,0.58858
0.0005,0.652886,0.67180264,0.6111,0.58664
0.00025,0.65130067,0.6743083,0.61286664,0.58618
0.00025,0.6504342,0.6727734,0.61381334,0.5878
0.00025,0.64999616,0.674352,0.6144867,0.58708
0.00025,0.64991844,0.6736489,0.61534,0.58782
0.00025,0.6497834,0.6744419,0.61553335,0.58558
0.00025,0.649392,0.6747372,0.61458,0.58768
0.00025,0.6492547,0.67488,0.6157867,0.58658
0.00025,0.64870894,0.6757276,0.6159533,0.5867
0.00025,0.64858246,0.6733948,0.61658,0.58582
0.00025,0.64836633,0.6754443,0.6161867,0.58572
0.00025,0.6480642,0.6753729,0.61728,0.58468
0.000125,0.6469313,0.6766982,0.61734,0.58636
0.000125,0.6466674,0.677144,0.6182333,0.58566
0.000125,0.6463999,0.67652726,0.61792666,0.5859
0.000125,0.64680076,0.6762599,0.61659336,0.5863
0.000125,0.645848,0.6769387,0.6191,0.5863
0.000125,0.6463553,0.6774503,0.61821336,0.5852
0.000125,0.64598954,0.6766723,0.619,0.58444
0.000125,0.64562845,0.6779308,0.6183067,0.58458
0.000125,0.6456107,0.67742854,0.61811334,0.58582
0.000125,0.6453545,0.6771125,0.61931336,0.58464
0.000125,0.64541346,0.6768064,0.6187867,0.58612
6.25e-05,0.64478785,0.6778011,0.61968666,0.58476
6.25e-05,0.64453244,0.6787877,0.61947334,0.5849
6.25e-05,0.6444466,0.67813325,0.6197067,0.58436
6.25e-05,0.64429533,0.67883736,0.62,0.58504
6.25e-05,0.6445425,0.6776914,0.61906,0.58454
6.25e-05,0.6440074,0.67894113,0.62008667,0.5845
6.25e-05,0.6439315,0.67920655,0.62126666,0.58496
6.25e-05,0.64419436,0.6789182,0.6205533,0.58514
6.25e-05,0.6435231,0.6795429,0.6194467,0.58402
6.25e-05,0.643899,0.67936355,0.61975336,0.58528
6.25e-05,0.64353925,0.6789736,0.62066,0.5862
3.125e-05,0.6430873,0.6793034,0.62114,0.5857
3.125e-05,0.6436069,0.6798138,0.6204733,0.58494
3.125e-05,0.64299643,0.67974037,0.62053335,0.58586
3.125e-05,0.643023,0.679907,0.6207467,0.58532
3.125e-05,0.64281535,0.6807028,0.62109333,0.58528
3.125e-05,0.64272517,0.67944795,0.6217,0.58418
3.125e-05,0.642939,0.68003297,0.6212,0.58494
3.125e-05,0.6429842,0.6797799,0.62084,0.58634
3.125e-05,0.64245105,0.6794919,0.62182,0.58412
3.125e-05,0.642997,0.6797725,0.6211067,0.58482
3.125e-05,0.64269394,0.6798459,0.62042665,0.58438
1.5625e-05,0.6426751,0.6802027,0.62178665,0.5845
1.5625e-05,0.64286757,0.68030936,0.6218467,0.58526
1.5625e-05,0.6423861,0.6801158,0.62152666,0.58468
1.5625e-05,0.6427552,0.68008757,0.62045336,0.58462
1.5625e-05,0.6425948,0.680201,0.62185335,0.58458
1.5625e-05,0.6426235,0.67986685,0.62156,0.58444
1.5625e-05,0.64259887,0.6802663,0.62094665,0.58476
1.5625e-05,0.64253944,0.6803816,0.62149334,0.58476
1.5625e-05,0.6426036,0.6801645,0.62109333,0.58506
1.5625e-05,0.6424998,0.67993534,0.62100667,0.58426
1.5625e-05,0.6425271,0.6801927,0.62144667,0.5841
1e-05,0.64217293,0.6806266,0.6213267,0.58472
1e-05,0.64228266,0.6806838,0.62214,0.585
1e-05,0.6424108,0.68054867,0.62082,0.58434
1e-05,0.64235157,0.68027437,0.62194,0.58452
1e-05,0.6423846,0.68040067,0.62168,0.58466
1e-05,0.64212936,0.6806667,0.6217333,0.58438
1e-05,0.64214396,0.68094164,0.62188,0.58468
1e-05,0.64203763,0.68043566,0.62201333,0.5839
1e-05,0.6420675,0.68046033,0.62111336,0.58392
1e-05,0.64201397,0.68065304,0.62240666,0.58434
1e-05,0.64222157,0.68037385,0.6217333,0.5839
1e-05,0.64203525,0.6806566,0.62133336,0.58432
1e-05,0.64198554,0.680506,0.62168664,0.58468
1e-05,0.64191926,0.6807949,0.62185335,0.5846
1e-05,0.64224863,0.68067354,0.62096,0.58468
1e-05,0.64236337,0.6803843,0.6214333,0.58438
1e-05,0.6421783,0.6805987,0.6217333,0.5843
1e-05,0.6420134,0.6811043,0.6213667,0.58434
1e-05,0.64209837,0.680687,0.62186664,0.58452
1e-05,0.64193887,0.6806188,0.6215,0.58406
1e-05,0.64171636,0.68098396,0.62142664,0.58408
1e-05,0.64198554,0.6808635,0.6222067,0.58396
1e-05,0.6420728,0.6808295,0.62186,0.58406
1e-05,0.641924,0.6808081,0.6215867,0.5843
1e-05,0.6419969,0.680889,0.62212664,0.58434
1e-05,0.6419166,0.6811119,0.6222467,0.58478
1e-05,0.6416911,0.68112576,0.62246,0.58544
1e-05,0.6419381,0.68136525,0.6211333,0.58428
1e-05,0.6418766,0.68119425,0.6222,0.58432
1e-05,0.64180166,0.68108577,0.62223333,0.58422
1e-05,0.64165324,0.68093723,0.62142,0.5844
1e-05,0.64174575,0.68092716,0.6216133,0.58424
1e-05,0.6419614,0.68104273,0.62086666,0.58382
1e-05,0.6417485,0.6810346,0.62214,0.58386
1e-05,0.6419393,0.6807574,0.6213933,0.58392
1e-05,0.64191127,0.680967,0.62122,0.58408
1e-05,0.6420631,0.68111724,0.62182665,0.58398
1e-05,0.6421153,0.6807702,0.62122667,0.58414
1e-05,0.64142716,0.6811432,0.62184,0.58406
1e-05,0.6416195,0.6810919,0.6216533,0.58388
1e-05,0.6416315,0.680952,0.6216133,0.584
1e-05,0.641709,0.68128747,0.62201333,0.58394
1e-05,0.6417683,0.68118155,0.6213667,0.58384
1e-05,0.6419538,0.6814253,0.6218,0.58408
1e-05,0.64139277,0.68119895,0.62266,0.5845
1e-05,0.6418579,0.68101096,0.6219867,0.58432
1e-05,0.6415553,0.68110865,0.62244666,0.58432
1e-05,0.6417717,0.6812907,0.62202,0.5839
1e-05,0.6415491,0.6813208,0.62269336,0.58428
1e-05,0.6418473,0.68126667,0.62134665,0.5843
1e-05,0.64135,0.6811886,0.6218333,0.58416
1e-05,0.6414456,0.68152434,0.62172,0.58438
1e-05,0.6415908,0.6813599,0.62196,0.58424
1e-05,0.6415176,0.6813444,0.6226133,0.5843
1e-05,0.6418477,0.6811867,0.6218467,0.58438
1e-05,0.6415382,0.68149674,0.6222467,0.58402
1e-05,0.6417512,0.6813712,0.6219467,0.58438
1e-05,0.6415795,0.681599,0.62172,0.58416
1e-05,0.6413143,0.68173826,0.62244,0.58428
1e-05,0.64119625,0.6813438,0.62208664,0.58404
1e-05,0.64156574,0.6813255,0.62218,0.5841
1e-05,0.64136565,0.6815828,0.6221067,0.58486
1e-05,0.6416994,0.68110406,0.62149334,0.58454
1e-05,0.6413544,0.68117523,0.62193334,0.58382
1e-05,0.64125687,0.68147796,0.6224267,0.58432
1e-05,0.64161116,0.681354,0.62197334,0.58404
1e-05,0.64154714,0.68171686,0.6227133,0.58426
1e-05,0.64132047,0.6815379,0.62212,0.58398
1e-05,0.6412464,0.68183815,0.62295336,0.58434
1e-05,0.64111084,0.68171966,0.62176,0.5844
1e-05,0.64136934,0.6815289,0.6215,0.58406
1e-05,0.6414511,0.6816716,0.6225,0.58442
1e-05,0.64122504,0.6813447,0.62233335,0.58356
1e-05,0.64112914,0.68146586,0.62225336,0.58378
1e-05,0.64126164,0.68171704,0.6219867,0.58412
1e-05,0.6411069,0.68165874,0.62175333,0.58354
1e-05,0.64094007,0.68190706,0.62354666,0.58388
1e-05,0.6412045,0.68187106,0.62292665,0.58412
1e-05,0.6409686,0.682011,0.62272,0.58394
1e-05,0.6408248,0.6818541,0.62306,0.58424
1e-05,0.64112824,0.6819237,0.6223267,0.58388
1e-05,0.6410438,0.6820387,0.62280667,0.58394
1e-05,0.6411092,0.6817887,0.62277335,0.58406
1e-05,0.6413474,0.6817953,0.62222,0.58386
1e-05,0.640982,0.6820371,0.62288666,0.5838
1e-05,0.6409841,0.681934,0.62248665,0.58446
1e-05,0.6412633,0.6820174,0.62245333,0.58432
1e-05,0.6411487,0.68200004,0.62225336,0.58386
1e-05,0.64088607,0.6821527,0.62244666,0.58376
1e-05,0.6410784,0.6820982,0.62230664,0.58388
1e-05,0.64086515,0.6822292,0.6216533,0.58398
1e-05,0.6411287,0.68215364,0.62233335,0.5839
1e-05,0.6414096,0.68182594,0.62168,0.58364
1e-05,0.6409089,0.6818355,0.6229,0.58346
1e-05,0.64136297,0.68229765,0.62174,0.5842
1e-05,0.6405601,0.68206584,0.62259334,0.5839
1e-05,0.6409633,0.681898,0.6217,0.5841
1e-05,0.64105767,0.68203634,0.6225067,0.58424
1e-05,0.6409789,0.6819683,0.62324,0.58408
1e-05,0.64089924,0.6818512,0.62247336,0.58376
1e-05,0.6408704,0.6822463,0.6226067,0.58376
1e-05,0.64090437,0.6823988,0.62224,0.584
1e-05,0.6411268,0.6822652,0.62172,0.5836
1e-05,0.64080614,0.6822343,0.6239733,0.58404
1e-05,0.64091796,0.68211466,0.62237334,0.58342
1e-05,0.64067537,0.682132,0.62346,0.58372
1e-05,0.6408782,0.6823784,0.62207335,0.58366
1e-05,0.64074606,0.68214566,0.62340665,0.58366
1e-05,0.6405879,0.6821277,0.6218467,0.58402
1e-05,0.6407909,0.68241596,0.6223867,0.5837
1e-05,0.64053226,0.68255043,0.62264,0.5837
1e-05,0.640711,0.6823418,0.6225333,0.5837
1e-05,0.6410239,0.68190074,0.62308,0.58336
1e-05,0.6406044,0.6823599,0.62299335,0.58386
1e-05,0.6405277,0.68238574,0.6229333,0.58396
1e-05,0.6408295,0.6821574,0.6219,0.5837
1e-05,0.6408759,0.682186,0.62278664,0.5838
1e-05,0.64065886,0.6821919,0.6225467,0.58388
1e-05,0.64054394,0.6825771,0.62329334,0.58332
1e-05,0.6405189,0.68227905,0.6230867,0.58388
1e-05,0.6403553,0.6827348,0.62212664,0.58412
1e-05,0.640591,0.6825651,0.62268,0.58346
1e-05,0.64043015,0.6828789,0.6234667,0.58336
1e-05,0.6404817,0.6825913,0.6227933,0.58346
1e-05,0.6408614,0.6822631,0.62365335,0.58432
1e-05,0.64046186,0.6825978,0.62336,0.58364
1e-05,0.6406941,0.6827162,0.6227667,0.58362
1e-05,0.64038265,0.6825633,0.6232333,0.58436
1e-05,0.6407468,0.68260366,0.62226,0.5835
1e-05,0.6406529,0.682621,0.62304,0.58382
1e-05,0.64053917,0.6826249,0.62223333,0.58368
1e-05,0.640436,0.6826076,0.6221,0.58388
1e-05,0.64074916,0.6827415,0.62314,0.58362
1e-05,0.6407236,0.68248105,0.62308,0.58358
1e-05,0.64038724,0.6828282,0.62346,0.58378
1e-05,0.64060074,0.6826113,0.62212,0.58342
1e-05,0.6403671,0.68274504,0.62322,0.5834
1e-05,0.64052325,0.68281466,0.62244666,0.5837
1e-05,0.64057374,0.6829057,0.62332,0.58326
1e-05,0.6402953,0.6828726,0.62286,0.58352
1e-05,0.64033455,0.68311876,0.6224267,0.58352
1e-05,0.6402144,0.6827218,0.6234667,0.58324
1e-05,0.6399869,0.6828508,0.62343335,0.58326
1e-05,0.6405361,0.68297595,0.62292665,0.58362
1e-05,0.6405387,0.6830433,0.6222867,0.58346
1e-05,0.6402694,0.6831246,0.6224667,0.5835
1e-05,0.6401658,0.6830445,0.62306666,0.58364
1e-05,0.6402021,0.6832207,0.62248,0.58392
1e-05,0.6399086,0.68339074,0.6240733,0.58392
1e-05,0.64030325,0.68255085,0.6235267,0.58338
1e-05,0.64013445,0.682781,0.6230867,0.58386
1e-05,0.6402453,0.6830072,0.62362665,0.58388
1e-05,0.6399959,0.68305016,0.62376,0.5838
1e-05,0.64019406,0.6831386,0.62285334,0.5838
1e-05,0.6404071,0.6829919,0.62288666,0.58382
1e-05,0.64006656,0.6827057,0.62321335,0.58376
1e-05,0.6401499,0.6830263,0.6222733,0.5835
1e-05,0.64002,0.68329304,0.62365335,0.58394
1e-05,0.63989156,0.68321264,0.62456,0.58404
1e-05,0.64007986,0.68309,0.6235333,0.5838
1e-05,0.63973314,0.68335134,0.62384,0.58374
1e-05,0.6400409,0.6833781,0.6223133,0.58366
1e-05,0.6399407,0.6830058,0.62299335,0.58374
1e-05,0.6401364,0.683276,0.62308,0.5835
1e-05,0.64024484,0.68325865,0.62288666,0.5835
1e-05,0.6399675,0.68330765,0.6233133,0.58362
1e-05,0.640264,0.68278795,0.62352,0.58322
1e-05,0.64002466,0.6832497,0.62355334,0.58326
1e-05,0.6401247,0.68296516,0.6229867,0.58328
1e-05,0.64037466,0.6831508,0.62306666,0.58354
1e-05,0.64000285,0.68342185,0.62324667,0.584
1e-05,0.63958967,0.6835862,0.6235,0.58352
1e-05,0.6399921,0.68305606,0.6228333,0.58374
1e-05,0.64010626,0.68338615,0.6236067,0.58398
1e-05,0.63988227,0.6833674,0.62362665,0.58354
1e-05,0.63987285,0.6832125,0.6230533,0.58358
1e-05,0.6397729,0.6832498,0.62312,0.58372
1e-05,0.639684,0.68362767,0.62333333,0.58358
1e-05,0.63977593,0.68363166,0.6230133,0.58396
1e-05,0.63967025,0.68353975,0.62361336,0.58384
1e-05,0.63985395,0.68390113,0.62424,0.58414
1e-05,0.6398739,0.683457,0.6232333,0.58374
1e-05,0.6396136,0.6838205,0.6237533,0.58376
1e-05,0.63988495,0.68346876,0.62358,0.5838
1e-05,0.63976854,0.68362665,0.6230533,0.58366
1e-05,0.63965076,0.6837885,0.62398666,0.5839
1e-05,0.6395574,0.68378866,0.62362,0.58392
1e-05,0.6394481,0.68353635,0.6239733,0.5836
1e-05,0.6392518,0.6839738,0.62378,0.5839
1e-05,0.6397261,0.6840298,0.6231267,0.58378
1e-05,0.6395608,0.6838121,0.62324667,0.58384
1e-05,0.6399323,0.683532,0.6229467,0.58384
1e-05,0.6392824,0.68360865,0.6236467,0.58362
1e-05,0.6394946,0.68384427,0.62376666,0.58358
1e-05,0.63952005,0.68365014,0.62324,0.58358
1e-05,0.63943535,0.6838651,0.62318665,0.58378
1e-05,0.63962007,0.6841585,0.62324667,0.58404
1e-05,0.6393013,0.6835923,0.6240867,0.58396
1e-05,0.6394896,0.6840007,0.6236333,0.58388
1e-05,0.639698,0.6837956,0.62344664,0.5836
1e-05,0.63959783,0.68382156,0.62402,0.58404
1e-05,0.63933533,0.68343264,0.6237133,0.58338
1e-05,0.6393826,0.6839341,0.6234667,0.58316
1e-05,0.6391265,0.6838107,0.62406,0.5837
1e-05,0.6394096,0.6840668,0.62286,0.58426
1e-05,0.6390957,0.6838684,0.6241267,0.5836
1e-05,0.6395204,0.6840221,0.6240467,0.5839
1e-05,0.6395517,0.68405116,0.6234267,0.58396
1e-05,0.6394531,0.68396807,0.62384,0.58366
1e-05,0.63957304,0.68412805,0.62362,0.58366
1e-05,0.6393042,0.6840642,0.62405336,0.5839
1e-05,0.6393172,0.68437654,0.6244867,0.58416
1e-05,0.6393828,0.68399507,0.62487334,0.58396
1e-05,0.63916963,0.6841613,0.62372667,0.58372
1e-05,0.639315,0.68395996,0.6241,0.5837
1e-05,0.6394197,0.68425727,0.6234933,0.5836
1e-05,0.63938457,0.6841904,0.62364,0.58354
1e-05,0.6392196,0.6842029,0.6243333,0.58332
1e-05,0.63940674,0.6844086,0.62436,0.5839
1e-05,0.639168,0.68411684,0.6234933,0.58356
1e-05,0.6392914,0.6842616,0.62436664,0.58356
1e-05,0.63922405,0.6842716,0.62351334,0.58384
1e-05,0.6395642,0.68391955,0.62328,0.58376
1e-05,0.63946265,0.6841729,0.62425333,0.58374
1e-05,0.63945305,0.68401617,0.6235667,0.584
1e-05,0.6390546,0.6841247,0.6234667,0.58382
1e-05,0.63954306,0.6842294,0.6230533,0.5833
1e-05,0.6389643,0.6844985,0.6235,0.58392
1e-05,0.63912344,0.6840638,0.6237133,0.58326
1e-05,0.63906765,0.6840237,0.62425333,0.58336
1e-05,0.6395237,0.684214,0.62417334,0.58364
1e-05,0.6393003,0.68421113,0.62460667,0.58328
1e-05,0.63925475,0.68430394,0.6237533,0.58342
1e-05,0.63907427,0.68457085,0.62382,0.58398
1e-05,0.63899386,0.68444806,0.62388664,0.58384
1e-05,0.6389146,0.6844124,0.6244133,0.5838
1e-05,0.6389067,0.684272,0.6232,0.58372
1e-05,0.6393464,0.6842079,0.62388,0.58376
1e-05,0.63874334,0.6846429,0.624,0.58368
1e-05,0.6393095,0.6844362,0.6239067,0.58364
1e-05,0.6390674,0.6850712,0.62352,0.58372
1e-05,0.6390799,0.6846266,0.62422,0.58346
1e-05,0.6391661,0.6845424,0.62399334,0.58334
1e-05,0.6389625,0.68463033,0.62376,0.58402
1e-05,0.6390966,0.6845094,0.62454,0.58356
1e-05,0.63899773,0.6845418,0.62405336,0.5836
1e-05,0.63885874,0.6844276,0.62406665,0.58344
1e-05,0.6391081,0.6844916,0.6235333,0.5832
1e-05,0.63873434,0.68453825,0.6249,0.58356
1e-05,0.6389334,0.6849125,0.6240733,0.5832
1e-05,0.6389994,0.6847546,0.6243733,0.58342
1e-05,0.6389513,0.6847733,0.62420666,0.58324
1e-05,0.6390155,0.6845329,0.62372667,0.58306
1e-05,0.63892055,0.684212,0.6242667,0.58304
1e-05,0.6386198,0.6843112,0.62417334,0.58326
1e-05,0.6387162,0.68462425,0.62410665,0.58344
1e-05,0.63906777,0.6848378,0.6243467,0.5838
1e-05,0.6384787,0.6848166,0.62468666,0.5835
1e-05,0.6385156,0.68490803,0.62457335,0.58382
1e-05,0.63897157,0.68481517,0.62391335,0.5834
1e-05,0.6385889,0.68468916,0.6244533,0.58344
1e-05,0.6388669,0.6846057,0.62362,0.58284
1e-05,0.638545,0.6845936,0.6241,0.58296
1e-05,0.6386768,0.6849354,0.6242667,0.58342
1e-05,0.63848877,0.68540126,0.62448,0.58328
1e-05,0.6389716,0.68485475,0.6241267,0.58324
1e-05,0.6382648,0.68525666,0.6252267,0.58334
1e-05,0.6387267,0.6849275,0.62443334,0.5831
1e-05,0.63846743,0.6848754,0.62380666,0.58338
1e-05,0.63861716,0.68511045,0.62512666,0.58344
1e-05,0.6385715,0.68537974,0.62428,0.58376
1e-05,0.63829863,0.68510586,0.62538666,0.58344
1e-05,0.6382986,0.6853006,0.6250733,0.58336
1e-05,0.63865215,0.6851805,0.6240867,0.5832
1e-05,0.63855815,0.68477327,0.62368,0.58294
1e-05,0.6387215,0.68513006,0.6250067,0.58288
1e-05,0.63888896,0.6849956,0.624,0.5835
1e-05,0.63816756,0.6853836,0.62427336,0.58294
1e-05,0.6385136,0.68538487,0.62380666,0.583
1e-05,0.63841856,0.6853377,0.62524,0.58354
1e-05,0.6382878,0.6851338,0.62424,0.58246
1e-05,0.6384339,0.68518436,0.62498,0.58298
1e-05,0.6382337,0.68568367,0.62442,0.58308
1e-05,0.63880384,0.6852185,0.6248533,0.58288
1e-05,0.6387041,0.6849494,0.62498665,0.5829
1e-05,0.63852155,0.6850498,0.62572,0.58316
1e-05,0.63849384,0.68504214,0.6253267,0.58282
1e-05,0.6385484,0.68495023,0.62522,0.58276
1e-05,0.63825214,0.6853813,0.62461334,0.58296
1e-05,0.63829285,0.68491274,0.62515336,0.58286
1e-05,0.6385591,0.6853582,0.6247,0.58284
1e-05,0.63853526,0.68559533,0.62443334,0.58324
1e-05,0.6381893,0.68547326,0.6245933,0.58346
1e-05,0.63813424,0.6854929,0.6245,0.58298
1e-05,0.6382688,0.6852577,0.62488,0.58266
1e-05,0.63821924,0.6851718,0.62502664,0.5824
1e-05,0.63847655,0.68520814,0.62439334,0.5828
1e-05,0.6379127,0.6853389,0.62508667,0.58276
1e-05,0.63804936,0.68575686,0.62446666,0.58304
1e-05,0.63834035,0.68541986,0.62508667,0.58262
1e-05,0.6379297,0.685487,0.62442,0.58252
1e-05,0.63820964,0.6855384,0.6261333,0.58328
1e-05,0.63864595,0.6850068,0.6247733,0.58246
1e-05,0.6383265,0.68537486,0.62422,0.58274
1e-05,0.63800067,0.6853796,0.6242,0.5828
1e-05,0.6383502,0.6856319,0.6237533,0.58274
1e-05,0.63802594,0.6854332,0.6245133,0.58302
1e-05,0.6384492,0.68547034,0.62493336,0.58254
1e-05,0.6383685,0.6855317,0.62424,0.58262
1e-05,0.6383568,0.6855582,0.6242933,0.5827
1e-05,0.63808274,0.68514264,0.62460667,0.58278
1e-05,0.6380183,0.68566436,0.6247733,0.58274
1e-05,0.6383576,0.6853885,0.62394,0.58292
1e-05,0.6379032,0.68585044,0.62493336,0.58226
1e-05,0.6384809,0.6854381,0.62490666,0.58262
1e-05,0.63771796,0.6858924,0.625,0.58242
1e-05,0.6383473,0.6856735,0.62420666,0.58278
1e-05,0.63765395,0.685946,0.6263933,0.58318
1e-05,0.6378008,0.6859478,0.62522,0.58296
1e-05,0.6377858,0.6861896,0.62509334,0.58298
1e-05,0.6379681,0.6862467,0.62486666,0.58274
1e-05,0.63830316,0.68579715,0.62447333,0.58256
1e-05,0.6378837,0.6856313,0.62447333,0.58264
1e-05,0.6379096,0.6855952,0.62456,0.58274
1e-05,0.63787055,0.68577105,0.62484,0.58288
1e-05,0.6380001,0.6859738,0.62456,0.58316
1e-05,0.63815546,0.6856623,0.62432,0.5831
1e-05,0.6379413,0.68566763,0.62560666,0.58282
1e-05,0.6376166,0.6860562,0.62509334,0.58258
1e-05,0.63744795,0.68585813,0.62706,0.5828
1e-05,0.6381703,0.6859371,0.62538,0.583
1e-05,0.6379409,0.68608093,0.62505335,0.58278
1e-05,0.63796395,0.6860937,0.62472665,0.58246
1e-05,0.63771045,0.6858963,0.6252267,0.5826
1e-05,0.6376981,0.6859711,0.62534666,0.58274
1e-05,0.63765085,0.68602616,0.6247867,0.5829
1e-05,0.63796633,0.6859549,0.62532,0.58246
1e-05,0.63768536,0.68625915,0.6248867,0.58274
1e-05,0.63763165,0.6862167,0.6265067,0.58266
1e-05,0.63786995,0.6863405,0.62464666,0.58218
1e-05,0.63780344,0.6864447,0.62619334,0.58236
1e-05,0.637654,0.68611723,0.62493336,0.5827
1e-05,0.63772637,0.68590385,0.62516,0.58242
1e-05,0.6378639,0.6859842,0.62567335,0.58272
1e-05,0.63755107,0.6859748,0.62564665,0.58234
1e-05,0.6379531,0.6860519,0.6251867,0.58286
1e-05,0.6375586,0.68629885,0.62544,0.58246
1e-05,0.637758,0.6862448,0.6240867,0.5829
1e-05,0.63802826,0.6859401,0.62432,0.5825
1e-05,0.63755566,0.6858179,0.62483335,0.5824
1e-05,0.6377573,0.6858752,0.62442666,0.58228
1e-05,0.63740784,0.68627894,0.62590665,0.58214
1e-05,0.63767856,0.6862082,0.62501335,0.58204
1e-05,0.63773626,0.6861454,0.62532,0.58214
1e-05,0.6378426,0.6862734,0.62439334,0.58256
1e-05,0.63757104,0.6862303,0.62548,0.58214
1e-05,0.63777566,0.68626714,0.62488,0.58212
1e-05,0.6370839,0.6862901,0.62538666,0.58204
1e-05,0.63715476,0.686698,0.62464666,0.58172
1e-05,0.6374838,0.68647057,0.6256267,0.58226
1e-05,0.6375885,0.68630457,0.62532,0.58192
1e-05,0.63780457,0.6863475,0.6243733,0.5822
1e-05,0.6372899,0.6863491,0.62527335,0.58246
1e-05,0.6374709,0.6862192,0.62471336,0.58238
1e-05,0.637285,0.6867162,0.62508667,0.58202
1e-05,0.63777673,0.6865379,0.62454,0.58256
1e-05,0.63745713,0.68641967,0.62578666,0.58218
1e-05,0.6376225,0.6862944,0.62516,0.58206
1e-05,0.63760155,0.6864273,0.62502,0.58196
1e-05,0.63720024,0.6863016,0.62508,0.58212
1e-05,0.63718385,0.68667984,0.6257067,0.58194
1e-05,0.6373285,0.68654877,0.6254333,0.582
1e-05,0.6375347,0.6865986,0.62476,0.58202
1e-05,0.637519,0.6862502,0.62509334,0.58198
1e-05,0.6376106,0.6861168,0.62515336,0.58154
1e-05,0.6371029,0.6865225,0.62568665,0.58178
1e-05,0.63707167,0.68663746,0.6251467,0.58234
1e-05,0.637087,0.6866482,0.6254,0.5816
1e-05,0.63723415,0.68654627,0.62583333,0.58178
1e-05,0.6374016,0.6867372,0.62487334,0.58202
1e-05,0.6373477,0.6866286,0.6256267,0.58168
1e-05,0.6371741,0.6869052,0.62454665,0.58144
1e-05,0.63747835,0.6865699,0.6257067,0.58206
1e-05,0.63730973,0.6865574,0.62443334,0.58146
1e-05,0.6372637,0.68645155,0.6255,0.58166
1e-05,0.63711697,0.68712443,0.62590665,0.58194
1e-05,0.63721156,0.68657327,0.62578666,0.58178
1e-05,0.6367889,0.6869747,0.62668,0.58224
1e-05,0.6372484,0.68703127,0.62600666,0.58196
1e-05,0.63714296,0.6872903,0.6248933,0.58162
1e-05,0.6372204,0.68664986,0.62624,0.58154
1e-05,0.6368679,0.68688726,0.62651336,0.58172
1e-05,0.6369531,0.68677,0.62522,0.58206
1e-05,0.6369685,0.6867331,0.62548,0.58128
1e-05,0.63684946,0.68729043,0.6258,0.58198
1e-05,0.63713753,0.68703115,0.62532,0.58168
1e-05,0.6373029,0.6869937,0.6261,0.58162
1e-05,0.63703835,0.6867504,0.6258133,0.58202
1e-05,0.637136,0.68681824,0.6247333,0.58154
1e-05,0.6367225,0.6868285,0.62605333,0.58158
1e-05,0.6373746,0.68686396,0.62527335,0.58188
1e-05,0.6367503,0.68689686,0.6255933,0.58172
1e-05,0.6369459,0.6869176,0.62506664,0.58136
1e-05,0.63688064,0.6869999,0.62552,0.58146
1e-05,0.63703895,0.6869057,0.6255933,0.58148
1e-05,0.63710135,0.6868422,0.62520665,0.58138
1e-05,0.6366256,0.68660724,0.6263667,0.58128
1e-05,0.6371602,0.68684506,0.6255533,0.5811
1e-05,0.6367538,0.6870403,0.6260267,0.58128
1e-05,0.6370759,0.687038,0.6257067,0.58164
1e-05,0.6369277,0.68707573,0.62572664,0.5812
1e-05,0.6368338,0.687229,0.62508,0.58132
1e-05,0.63638306,0.68717825,0.6256,0.58096
1e-05,0.6367805,0.68734884,0.6256667,0.58118
1e-05,0.6365833,0.6872614,0.6257067,0.58102
1e-05,0.6368526,0.68732333,0.62542,0.581
1e-05,0.6366126,0.68708056,0.62535334,0.58108
1e-05,0.63683826,0.6869126,0.62579334,0.58062
1e-05,0.6370388,0.6869509,0.62553334,0.58128
1e-05,0.6371656,0.6864905,0.62534,0.58106
1e-05,0.63656086,0.6868489,0.62574,0.58126
1e-05,0.6367609,0.68719965,0.62572664,0.58124
1e-05,0.6366767,0.68740296,0.62600666,0.58154
1e-05,0.6369302,0.68738025,0.6259133,0.58086
1e-05,0.6363861,0.6875049,0.62593335,0.5809
1e-05,0.6370701,0.68751943,0.62574,0.58126
1e-05,0.6369341,0.68754274,0.62622666,0.58104
1e-05,0.6370916,0.68683237,0.6264,0.5814
1e-05,0.6368266,0.6871642,0.62618,0.5807
1e-05,0.63672686,0.6873287,0.62601334,0.58044
1e-05,0.6367459,0.6870766,0.6266,0.58092
1e-05,0.6366681,0.68752426,0.62604666,0.58054
1e-05,0.6363617,0.68732536,0.62627333,0.58086
1e-05,0.63653094,0.68750876,0.62654,0.58116
1e-05,0.6364283,0.68741673,0.62594664,0.5808
1e-05,0.6368148,0.6872916,0.62630665,0.58062
1e-05,0.63635135,0.6877066,0.62574667,0.58104
1e-05,0.63650036,0.68736225,0.62541336,0.5812
1e-05,0.63637257,0.68763256,0.6265733,0.5809
1e-05,0.6364833,0.68763846,0.6268,0.58112
1e-05,0.63688105,0.68724316,0.62574667,0.5807
1e-05,0.6366032,0.6873801,0.62528,0.58108
1e-05,0.63632375,0.6878301,0.62608665,0.58116
1e-05,0.6365284,0.68769234,0.6259133,0.58086
1e-05,0.63644344,0.68803537,0.62673336,0.58026
1e-05,0.6368439,0.68780667,0.62576,0.5807
1e-05,0.6366135,0.6874074,0.6262067,0.58074
1e-05,0.6361376,0.68763494,0.62697333,0.58084
1e-05,0.63588655,0.68830425,0.6270667,0.5806
1e-05,0.63617873,0.6879218,0.62601334,0.58052
1e-05,0.6362502,0.68786156,0.62634,0.581
1e-05,0.63641393,0.6873348,0.62618,0.58034
1e-05,0.63646,0.68783075,0.6264333,0.5806
1e-05,0.63644105,0.6875761,0.62628,0.5806
1e-05,0.63632727,0.6877132,0.62552,0.58054
1e-05,0.6362667,0.6877916,0.62622666,0.58078
1e-05,0.6364446,0.68757325,0.6262133,0.58066
1e-05,0.63626146,0.687574,0.62618667,0.58076
1e-05,0.6361394,0.6880324,0.62554,0.58116
1e-05,0.6355555,0.6882044,0.6266933,0.5807
1e-05,0.63639176,0.6880682,0.6254867,0.58056
1e-05,0.63625383,0.68783545,0.6261067,0.58062
1e-05,0.6364076,0.6880984,0.6270133,0.5806
1e-05,0.6365215,0.68768,0.62622,0.58086
1e-05,0.6363714,0.6876268,0.6257733,0.5804
1e-05,0.63598484,0.6880534,0.62649333,0.58066
1e-05,0.636253,0.68812096,0.62582666,0.58042
1e-05,0.6363749,0.6877573,0.62675333,0.5805
1e-05,0.6364287,0.6874599,0.62556666,0.58008
1e-05,0.63604,0.68811435,0.62652,0.58042
1e-05,0.6362952,0.68833184,0.62626666,0.58072
1e-05,0.635896,0.6881941,0.6267267,0.58084
1e-05,0.6359867,0.6882651,0.62611336,0.58028
1e-05,0.63634497,0.6880943,0.6259133,0.58008
1e-05,0.6360724,0.68816656,0.6271667,0.58054
1e-05,0.6363989,0.6876761,0.62563336,0.58028
1e-05,0.6359002,0.68804187,0.62640667,0.58092
1e-05,0.6361447,0.68786305,0.626,0.58038
1e-05,0.6360822,0.6879768,0.62642664,0.58034
1e-05,0.6358568,0.6880893,0.62681335,0.5805
1e-05,0.6362943,0.6877243,0.62586,0.58026
1e-05,0.63583374,0.688161,0.62648,0.57998
1e-05,0.6358648,0.68770105,0.6268333,0.58028
1e-05,0.6363752,0.6881363,0.62578,0.5803
1e-05,0.6363987,0.6875791,0.6254733,0.58032
1e-05,0.6364597,0.688062,0.62506664,0.58012
1e-05,0.63600355,0.68797165,0.62634665,0.58014
1e-05,0.63594526,0.688291,0.62765336,0.58042
1e-05,0.6362576,0.6878213,0.6266533,0.58048
1e-05,0.636253,0.6879661,0.62482667,0.58016
1e-05,0.63611495,0.68816775,0.6269467,0.58034
1e-05,0.63559115,0.68823606,0.62732,0.58026
1e-05,0.63572055,0.6882411,0.62611336,0.58046
1e-05,0.6357806,0.6884431,0.62722,0.5803
1e-05,0.63624096,0.6883785,0.62583333,0.58046
1e-05,0.63610804,0.6882322,0.62638664,0.58038
1e-05,0.6360543,0.6883193,0.62644666,0.58002
1e-05,0.6358122,0.6883102,0.6260933,0.5802
1e-05,0.6357455,0.688274,0.6269867,0.58034
1e-05,0.6360419,0.68833816,0.62724,0.58018
1e-05,0.63593864,0.6885658,0.6266867,0.5807
1e-05,0.6357139,0.68840134,0.62637335,0.58036
1e-05,0.63576806,0.6883193,0.62822,0.58008
1e-05,0.63569564,0.6888404,0.62682664,0.58034
1e-05,0.6355444,0.68881035,0.62702,0.58002
1e-05,0.6357178,0.68857443,0.6258867,0.57956
1e-05,0.6354574,0.6890803,0.62708664,0.57988
1e-05,0.6359305,0.6887446,0.6267,0.58026
1e-05,0.6358843,0.68836147,0.62655336,0.57962
1e-05,0.6356653,0.68849343,0.6266133,0.58012
1e-05,0.6360893,0.6886453,0.6262867,0.58042
1e-05,0.6357371,0.68851453,0.6264333,0.57982
1e-05,0.63541967,0.68849194,0.62699336,0.57984
1e-05,0.6356192,0.68863636,0.62689334,0.58004
1e-05,0.6356578,0.68792784,0.62628,0.57966
1e-05,0.6357253,0.68864995,0.62714666,0.57986
1e-05,0.6354324,0.68866175,0.6281133,0.57998
1e-05,0.6359223,0.6888696,0.62601334,0.57994
1e-05,0.63546497,0.6889628,0.62702,0.57952
1e-05,0.6356418,0.6883101,0.62656,0.5793
1e-05,0.63538617,0.68859947,0.6264667,0.57952
1e-05,0.63559884,0.6884613,0.6265467,0.57976
1e-05,0.63592666,0.68862414,0.62682664,0.58078
1e-05,0.63555485,0.68862873,0.62697333,0.5803
1e-05,0.6360885,0.6886043,0.6264333,0.57956
1e-05,0.63576704,0.68852794,0.62686664,0.57972
1e-05,0.635511,0.68843627,0.6265,0.57948
1e-05,0.63590914,0.6882289,0.62673336,0.57962
1e-05,0.63556165,0.68833166,0.62642664,0.5796
1e-05,0.6354944,0.68863845,0.62652665,0.57978
1e-05,0.6353547,0.6888637,0.62742,0.58012
1e-05,0.6355217,0.6887263,0.62666,0.58002
1e-05,0.6352499,0.6884065,0.6257333,0.57964
1e-05,0.6355747,0.6884817,0.6260267,0.5801
1e-05,0.635844,0.6890309,0.6260933,0.58012
1e-05,0.63554275,0.6888318,0.62707335,0.5797
1e-05,0.63530934,0.6886902,0.62641335,0.57982
1e-05,0.63536996,0.68918884,0.62676,0.58002
1e-05,0.63537025,0.6890064,0.6272,0.58004
1e-05,0.6352047,0.68853956,0.62763333,0.57922
1e-05,0.6349797,0.68905044,0.6273933,0.57978
1e-05,0.63533723,0.6891049,0.6269133,0.57972
1e-05,0.6356338,0.68923604,0.62692,0.57988
1e-05,0.63531345,0.689024,0.62726665,0.58006
1e-05,0.63490003,0.68878627,0.62654,0.57948
1e-05,0.63486344,0.6893959,0.62746,0.57996
1e-05,0.63527477,0.6891996,0.6267,0.57954
1e-05,0.6351799,0.68882793,0.6269,0.57918
1e-05,0.6352135,0.68893695,0.62726,0.57954
1e-05,0.63512844,0.68923974,0.6265333,0.57976
1e-05,0.63557225,0.6891935,0.62724,0.57972
1e-05,0.6350238,0.6894885,0.62628,0.57988
1e-05,0.6356649,0.689162,0.62582666,0.57944
1e-05,0.63526905,0.6888148,0.62764,0.57962
1e-05,0.6348686,0.6896265,0.62784666,0.58
1e-05,0.63518256,0.68980813,0.6265067,0.57972
1e-05,0.6351211,0.6892469,0.62795335,0.58002
1e-05,0.6348407,0.6895393,0.62664,0.57968
1e-05,0.63530767,0.6892503,0.62743336,0.58024
1e-05,0.63505566,0.68890035,0.6273867,0.57948
1e-05,0.63536286,0.68881756,0.62748,0.57946
1e-05,0.6351082,0.6894167,0.62716,0.57968
1e-05,0.6351764,0.6893931,0.62785333,0.57998
1e-05,0.6355174,0.68906087,0.62704664,0.57934
1e-05,0.6352244,0.68925834,0.6263933,0.57938
1e-05,0.6349185,0.6891049,0.6282333,0.57912
1e-05,0.635168,0.68877256,0.6275,0.57932
1e-05,0.6351146,0.68905294,0.6268467,0.57994
1e-05,0.6351405,0.6891598,0.62758666,0.5793
1e-05,0.63504416,0.68952394,0.6267667,0.58022
1e-05,0.6351271,0.68935615,0.6277533,0.57986
1e-05,0.63545734,0.68890446,0.6274533,0.57894
1e-05,0.6347715,0.6892436,0.62721336,0.57946
1e-05,0.63513654,0.68940216,0.62678,0.57944
1e-05,0.63503593,0.68944603,0.6276467,0.57974
1e-05,0.6351145,0.68916374,0.62748,0.57936
1e-05,0.63510036,0.6891518,0.62700665,0.5794
1e-05,0.6347597,0.6891798,0.62738,0.57952
1e-05,0.63480216,0.6897299,0.62689334,0.5796
1e-05,0.634781,0.6899679,0.6284867,0.58016
1e-05,0.6352664,0.68933314,0.62704,0.58
1e-05,0.63511276,0.68947005,0.62765336,0.57986
1e-05,0.6347387,0.68957824,0.62642,0.5798
1e-05,0.63510084,0.68972325,0.62752664,0.57958
1e-05,0.63477516,0.68984795,0.62758,0.58
1e-05,0.6349693,0.68962616,0.6269533,0.57986
1e-05,0.63495433,0.6894644,0.62792665,0.57986
1e-05,0.63519806,0.6891024,0.62758666,0.57948
1e-05,0.6350631,0.6892103,0.6269867,0.57938
1e-05,0.63487554,0.68942356,0.62758666,0.57984
1e-05,0.6349457,0.68932784,0.62684,0.57952
1e-05,0.6347032,0.68926704,0.62748665,0.57884
1e-05,0.63456005,0.6900212,0.6272067,0.57948
1e-05,0.6349156,0.68985814,0.6270533,0.57936
1e-05,0.6349931,0.6892359,0.62667334,0.57936
1e-05,0.6344844,0.6895681,0.6281267,0.57956
1e-05,0.63485366,0.6898339,0.62810665,0.57976
1e-05,0.6351047,0.6892001,0.6259867,0.57918
1e-05,0.634806,0.6896478,0.62726665,0.5791
1e-05,0.634453,0.68962747,0.6276067,0.57924
1e-05,0.63459647,0.68988276,0.62708664,0.57928
1e-05,0.6348344,0.68963546,0.62813336,0.57962
1e-05,0.6349899,0.689636,0.62798667,0.57968
1e-05,0.63441503,0.6894186,0.6268067,0.5792
1e-05,0.6346655,0.6895776,0.62762,0.57884
1e-05,0.63467443,0.68978614,0.6269867,0.57938
1e-05,0.63439655,0.68979436,0.6287133,0.57934
1e-05,0.63447917,0.6905122,0.6273933,0.57954
1e-05,0.63422596,0.6900481,0.6286067,0.57916
1e-05,0.6342568,0.6898785,0.62901336,0.57942
1e-05,0.63495284,0.6898084,0.62751335,0.57908
1e-05,0.6345195,0.6898258,0.62772,0.57898
1e-05,0.6346427,0.69018626,0.62752,0.57976
1e-05,0.6344784,0.690037,0.6272867,0.5797
1e-05,0.6344483,0.68980116,0.6275667,0.57992
1e-05,0.63469946,0.68980426,0.62763333,0.5791
1e-05,0.6343694,0.6900539,0.6266267,0.5797
1e-05,0.6340968,0.6904836,0.62763333,0.57998
1e-05,0.6346721,0.69003713,0.62762,0.57964
1e-05,0.63440734,0.6897396,0.62802666,0.5794
1e-05,0.6343284,0.690095,0.62798667,0.57918
1e-05,0.63458854,0.6898073,0.62846,0.5799
1e-05,0.6344302,0.689844,0.6281267,0.57942
1e-05,0.6344847,0.6900093,0.6275067,0.57966
1e-05,0.63450766,0.6899996,0.6281533,0.57968
1e-05,0.63411456,0.6898633,0.62777334,0.57978
1e-05,0.63404435,0.69037807,0.6278,0.57944
1e-05,0.6342425,0.6898378,0.6272733,0.57946
1e-05,0.63473725,0.68999696,0.62816,0.57956
1e-05,0.63426113,0.68997353,0.6275667,0.57954
1e-05,0.634396,0.6897901,0.6274267,0.57916
1e-05,0.6341116,0.69057035,0.62880665,0.57946
1e-05,0.6343591,0.6905115,0.62732,0.57912
1e-05,0.63467455,0.69015366,0.62825334,0.57926
1e-05,0.6343027,0.69022363,0.6277,0.5797
1e-05,0.63425416,0.69035876,0.628,0.5791
1e-05,0.6341248,0.69051796,0.62743336,0.57916
1e-05,0.6342762,0.6904447,0.62825334,0.57932
1e-05,0.6343476,0.6898702,0.62675333,0.57952
1e-05,0.6343226,0.6900441,0.62777334,0.57942
1e-05,0.63435304,0.69038975,0.6269867,0.57938
1e-05,0.6339203,0.6904458,0.62778,0.5794
1e-05,0.63417524,0.6902638,0.62821335,0.579
1e-05,0.6343256,0.69046456,0.62728,0.57926
1e-05,0.6342954,0.69002914,0.62898,0.57958
1e-05,0.6343372,0.6905784,0.62758,0.5791
1e-05,0.63434297,0.6905913,0.62854,0.57888
1e-05,0.6345506,0.6903153,0.6285933,0.57938
1e-05,0.6342864,0.69025505,0.6276733,0.57946
1e-05,0.63398165,0.6905939,0.62759334,0.57928
1e-05,0.63415015,0.68977314,0.6276733,0.57954
1e-05,0.6341275,0.690737,0.62707335,0.5793
1e-05,0.63402396,0.69066536,0.62802,0.57944
1e-05,0.6340508,0.69082105,0.6271,0.57944
1e-05,0.6344425,0.69053864,0.62791336,0.57908
1e-05,0.634255,0.6908366,0.62852,0.57948
1e-05,0.6340334,0.6905143,0.62699336,0.57958
1e-05,0.6341975,0.6906365,0.6270933,0.57932
1e-05,0.63404113,0.6908272,0.6283733,0.57966
1e-05,0.63411653,0.6908724,0.6278667,0.5794
1e-05,0.6340304,0.6904956,0.62806666,0.57956
1e-05,0.6338295,0.69031596,0.62832,0.57904
1e-05,0.6337065,0.6904128,0.62891334,0.57914
1e-05,0.63392895,0.69048005,0.62773335,0.57916
1e-05,0.6341035,0.69100547,0.62733334,0.57922
1e-05,0.63420177,0.690216,0.62752664,0.57944
1e-05,0.6339546,0.6910525,0.62824667,0.57898
1e-05,0.63425446,0.6905999,0.62792,0.57898
1e-05,0.63411367,0.69045234,0.62847334,0.57926
1e-05,0.63430727,0.6909732,0.6291933,0.57908
1e-05,0.6338964,0.69068027,0.62829334,0.57902
1e-05,0.6342276,0.69052875,0.62847334,0.57932
1e-05,0.63403493,0.69044816,0.62822664,0.57906
1e-05,0.633883,0.69049555,0.62828,0.57884
1e-05,0.63405186,0.69059736,0.62730664,0.57924
1e-05,0.6340914,0.6904522,0.62752,0.57934
1e-05,0.6343928,0.690797,0.6280867,0.57932
1e-05,0.6338362,0.6908144,0.62812,0.57918
1e-05,0.6340479,0.6905545,0.62821335,0.57884
1e-05,0.63365376,0.6904782,0.62836,0.57916
1e-05,0.6343377,0.691225,0.62774,0.57908
1e-05,0.63407105,0.6906621,0.62851334,0.57924
1e-05,0.6341655,0.69066614,0.62694,0.57902
1e-05,0.63397515,0.69085395,0.62862,0.57886
1e-05,0.63367975,0.6911628,0.629,0.57884
1e-05,0.63396776,0.6907375,0.62908,0.57886
1e-05,0.6334319,0.6910921,0.6283467,0.57864
1e-05,0.633774,0.69143826,0.62836665,0.57888
1e-05,0.6337168,0.6912384,0.62888,0.5787
1e-05,0.6335384,0.6908023,0.62780666,0.5788
1e-05,0.6334791,0.6911794,0.62868,0.57868
1e-05,0.6336239,0.69101745,0.6278267,0.5787
1e-05,0.6337792,0.69080913,0.62879336,0.57878
1e-05,0.6336449,0.69115865,0.62734,0.5786
1e-05,0.6337877,0.6910611,0.62858665,0.57894
1e-05,0.6339476,0.69100416,0.62806,0.57894
1e-05,0.6337049,0.6908947,0.62770665,0.57878
1e-05,0.63336724,0.6908798,0.62857336,0.57914
1e-05,0.6334847,0.691531,0.62766665,0.57924
1e-05,0.6334772,0.6914419,0.62901336,0.57938
1e-05,0.633236,0.6916047,0.6291867,0.57926
1e-05,0.63381475,0.6912113,0.62708,0.57886
1e-05,0.63409364,0.6912551,0.62838,0.57832
1e-05,0.63310564,0.6913911,0.62884665,0.57884
1e-05,0.6341145,0.6909579,0.6288267,0.57892
1e-05,0.63375396,0.6911372,0.62879336,0.5787
1e-05,0.6332974,0.6912315,0.6288133,0.57842
1e-05,0.63360703,0.69100714,0.62777334,0.57854
1e-05,0.6336924,0.69078606,0.62800664,0.57832
1e-05,0.6337541,0.6906663,0.6282067,0.57826
1e-05,0.6333753,0.69132733,0.62862664,0.57902
1e-05,0.6337537,0.6913632,0.6280867,0.57902
1e-05,0.63379896,0.69111437,0.6279733,0.57868
1e-05,0.6328319,0.69125557,0.62796,0.57852
1e-05,0.63393575,0.69081026,0.62754,0.57896
1e-05,0.6335312,0.69080657,0.62914,0.5788
1e-05,0.6339589,0.69070596,0.6276,0.57866
1e-05,0.6331345,0.6919095,0.6295933,0.57848
1e-05,0.6331658,0.6913699,0.6278667,0.57816
1e-05,0.6332112,0.6909937,0.6286733,0.5787
1e-05,0.63357294,0.69123065,0.6285933,0.57852
1e-05,0.6330246,0.69170743,0.62882,0.5783
1e-05,0.63358647,0.69159025,0.6277533,0.5784
1e-05,0.6336368,0.6919953,0.6286,0.57788
1e-05,0.6331655,0.69168085,0.6292533,0.57836
1e-05,0.6334406,0.69142455,0.62883335,0.57806
1e-05,0.6333998,0.6918924,0.62834,0.5779
1e-05,0.63382727,0.6912336,0.62777334,0.57808
1e-05,0.63353455,0.69171673,0.6278,0.578
1e-05,0.63332754,0.6913357,0.6283467,0.5781
1e-05,0.63359976,0.6911977,0.629,0.57848
1e-05,0.63346153,0.6914561,0.62844664,0.57808
1e-05,0.63378495,0.69158125,0.6281133,0.57818
1e-05,0.6328753,0.6913724,0.62832665,0.57822
1e-05,0.6332692,0.69114375,0.6286733,0.57778
1e-05,0.633391,0.69132304,0.62888,0.5783
1e-05,0.6332393,0.69142014,0.6291533,0.57824
1e-05,0.6331472,0.6914904,0.62917334,0.57804
1e-05,0.63324976,0.69175315,0.6275333,0.57818
1e-05,0.6332909,0.6912853,0.62864,0.5782
1e-05,0.6328655,0.6917648,0.62946665,0.57798
1e-05,0.6330824,0.6914796,0.62895334,0.57788
1e-05,0.6335426,0.69187766,0.62810665,0.57804
1e-05,0.63343143,0.69195956,0.62722665,0.57838
1e-05,0.63296777,0.69194514,0.62858665,0.57862
1e-05,0.6332234,0.69153976,0.6289267,0.57784
1e-05,0.63289255,0.69165933,0.6294467,0.57774
1e-05,0.63302153,0.6915262,0.62840664,0.5784
1e-05,0.633199,0.691379,0.62858,0.57808
1e-05,0.63276255,0.6917627,0.62942,0.57796
1e-05,0.633329,0.69223607,0.62752,0.57772
1e-05,0.6333777,0.6919401,0.6282733,0.57878
1e-05,0.632934,0.6915797,0.62876666,0.5781
1e-05,0.63306946,0.69197,0.62862,0.57852
1e-05,0.6334686,0.69121844,0.62822664,0.57792
1e-05,0.6332603,0.69192725,0.62914,0.578
1e-05,0.6334068,0.69149935,0.62778,0.5782
1e-05,0.6326673,0.6920475,0.6282,0.57862
1e-05,0.6329027,0.6923011,0.62983334,0.5782
1e-05,0.633273,0.6916767,0.62891334,0.57806
1e-05,0.6330936,0.6918596,0.62847334,0.57868
1e-05,0.63311666,0.6919987,0.62894,0.57872
1e-05,0.6332685,0.6920487,0.62832665,0.5785
1e-05,0.63335186,0.69181746,0.6286467,0.57842
1e-05,0.6326734,0.6913196,0.6296267,0.57836
1e-05,0.63315845,0.69093746,0.62764,0.57758
1e-05,0.6323901,0.69215924,0.6293667,0.5782
1e-05,0.6330195,0.6923265,0.6282,0.57832
1e-05,0.63248694,0.69242144,0.62866,0.57812
1e-05,0.6329682,0.69204175,0.62872666,0.57782
1e-05,0.63300633,0.69197893,0.62865335,0.57804
1e-05,0.6329784,0.69229126,0.6285933,0.57808
1e-05,0.6327518,0.6924226,0.6287133,0.57812
1e-05,0.63294864,0.69178796,0.62956,0.57806
1e-05,0.63323927,0.6916364,0.62799335,0.57782
1e-05,0.6336047,0.6916084,0.6291,0.5776
1e-05,0.6328701,0.6918433,0.62966,0.578
1e-05,0.63284105,0.69225186,0.62982666,0.5781
1e-05,0.63291085,0.6919676,0.62958,0.57758
1e-05,0.632965,0.6920882,0.62814,0.57798
1e-05,0.6333706,0.6918113,0.62822,0.5782
1e-05,0.6329373,0.691626,0.6296933,0.57788
1e-05,0.6333995,0.69180316,0.6283867,0.57778
1e-05,0.63240665,0.6918557,0.62912,0.57818
1e-05,0.6325075,0.6922829,0.62939334,0.57802
1e-05,0.6322882,0.6920324,0.62927336,0.57768
1e-05,0.6326443,0.6922938,0.62966,0.57788
1e-05,0.6328005,0.6926805,0.62884665,0.57754
1e-05,0.63270324,0.6924249,0.62806666,0.57778
1e-05,0.6330169,0.6921221,0.6286067,0.57746
1e-05,0.6329247,0.6919624,0.6291867,0.57774
1e-05,0.632406,0.6925441,0.6291533,0.57758
1e-05,0.63266754,0.69238716,0.6292933,0.57722
1e-05,0.63205713,0.69295555,0.6295933,0.57812
1e-05,0.6327847,0.6922556,0.6291533,0.57758
1e-05,0.63243717,0.69278705,0.62945336,0.57754
1e-05,0.6323712,0.69239366,0.62948,0.57784
1e-05,0.6329743,0.69199413,0.62788,0.57802
1e-05,0.6328415,0.69210774,0.62960666,0.5778
1e-05,0.6324403,0.692458,0.63015336,0.57802
1e-05,0.63274753,0.6922308,0.6288933,0.57842
1e-05,0.6327457,0.6924015,0.6280867,0.57772
1e-05,0.6322042,0.69268095,0.6296,0.57828
1e-05,0.6328451,0.6924485,0.6282067,0.57788
1e-05,0.632303,0.6923663,0.63028,0.57788
1e-05,0.6322583,0.692765,0.63002664,0.57764
1e-05,0.6326375,0.692357,0.6291,0.57766
1e-05,0.6325466,0.6924561,0.62908,0.57752
1e-05,0.63268834,0.6925169,0.6286333,0.57814
1e-05,0.63293636,0.692473,0.62844,0.57776
1e-05,0.63282615,0.69300985,0.62910664,0.57788
1e-05,0.63241017,0.6923041,0.62890667,0.57754
1e-05,0.6326003,0.6925385,0.6279333,0.5775
1e-05,0.6321839,0.6928402,0.6292267,0.57746
1e-05,0.6320886,0.6925717,0.62923336,0.57736
1e-05,0.63264275,0.693201,0.6290467,0.57736
1e-05,0.6323793,0.69255954,0.6293333,0.57738
1e-05,0.63269824,0.69290143,0.6294067,0.57744
1e-05,0.63257813,0.69256514,0.62895334,0.57712
1e-05,0.6324891,0.6929142,0.6293,0.5775
1e-05,0.63242733,0.6929407,0.62828,0.57728
1e-05,0.63264155,0.6927977,0.6289733,0.57742
1e-05,0.6324125,0.69280064,0.6294467,0.57766
1e-05,0.6318287,0.6924808,0.63004,0.5773
1e-05,0.63272643,0.6927493,0.62934667,0.57732
1e-05,0.6327765,0.6930129,0.62838,0.57782
1e-05,0.6321268,0.692592,0.63008,0.5778
1e-05,0.63232774,0.6924775,0.6287867,0.57782
1e-05,0.63222474,0.69282055,0.62912,0.57764
1e-05,0.63233906,0.6928957,0.6298467,0.5776
1e-05,0.6324068,0.6926806,0.6288933,0.57708
1e-05,0.6324378,0.69296926,0.62956667,0.57734
1e-05,0.6324758,0.69236904,0.62912,0.57694
1e-05,0.6324376,0.6928654,0.6291533,0.57754
1e-05,0.6317652,0.69299203,0.63079333,0.5773
1e-05,0.6322877,0.69326305,0.63018,0.5771
1e-05,0.63240594,0.6934178,0.62971336,0.57744
1e-05,0.6321956,0.6928244,0.6297333,0.57704
1e-05,0.63230944,0.69329196,0.62880665,0.57746
1e-05,0.632114,0.6927331,0.62943333,0.57704
1e-05,0.63208073,0.692623,0.6288933,0.57728
1e-05,0.63222235,0.69309336,0.62956,0.5775
1e-05,0.6321448,0.69276035,0.62921333,0.5771
1e-05,0.6319945,0.692978,0.6294467,0.5771
1e-05,0.63195354,0.69304216,0.6293333,0.57746
1e-05,0.63257796,0.69302464,0.62932664,0.57748
1e-05,0.6323429,0.6928468,0.62949336,0.5768
1e-05,0.63197446,0.69273293,0.6293333,0.57704
1e-05,0.63190746,0.69277215,0.62987334,0.57728
1e-05,0.63222116,0.69299525,0.62912667,0.57684
1e-05,0.63193357,0.6930769,0.62958664,0.577
1e-05,0.6324303,0.6929841,0.62964666,0.57712
1e-05,0.63210726,0.69295275,0.63046,0.57678
1e-05,0.6325221,0.69296724,0.6290867,0.57686
1e-05,0.6317704,0.69239795,0.6294733,0.57716
1e-05,0.6322864,0.6922178,0.6286,0.57686
1e-05,0.6324687,0.69240975,0.62904,0.57718
1e-05,0.63184965,0.6929605,0.63031334,0.57672
1e-05,0.6323743,0.6932813,0.62983334,0.57698
1e-05,0.632622,0.6934292,0.6284533,0.5769
1e-05,0.63191885,0.6935974,0.62994665,0.57708
1e-05,0.63200074,0.69279337,0.6289267,0.577
1e-05,0.63210595,0.69309413,0.6297733,0.57716
1e-05,0.6320019,0.69272107,0.62886,0.57704
1e-05,0.63213575,0.69314516,0.62878,0.57708
1e-05,0.6326241,0.6921845,0.62971336,0.5771
1e-05,0.63212234,0.69310427,0.63067335,0.57694
1e-05,0.6314956,0.69290143,0.63104,0.5772
1e-05,0.63252544,0.69226265,0.6295133,0.57736
1e-05,0.63189584,0.6927417,0.63094,0.577
1e-05,0.63186055,0.6933087,0.6305533,0.57726
1e-05,0.6317159,0.6927601,0.6301067,0.57704
1e-05,0.63188416,0.6936865,0.63001335,0.57668
1e-05,0.6322274,0.6926731,0.62991333,0.57682
1e-05,0.63215137,0.6926377,0.6301733,0.57698
1e-05,0.631598,0.69337744,0.62976,0.57752
1e-05,0.6321759,0.69271123,0.63015336,0.57648
1e-05,0.6316023,0.69307274,0.62934,0.57718
1e-05,0.63199246,0.69324887,0.62956,0.57692
1e-05,0.63196695,0.69326085,0.62906,0.57578
1e-05,0.63132936,0.69347525,0.6308,0.5765
1e-05,0.63126636,0.6936636,0.6308733,0.57688
1e-05,0.6316184,0.6927128,0.6303,0.57708
1e-05,0.6318888,0.69310945,0.62996,0.57628
1e-05,0.6318862,0.6935208,0.62984,0.57696
1e-05,0.631998,0.6936028,0.63005334,0.57686
1e-05,0.63165337,0.6935519,0.62976,0.57682
1e-05,0.6318402,0.6935509,0.6302133,0.57676
1e-05,0.631738,0.6933764,0.6299667,0.57672
1e-05,0.6316529,0.6939748,0.6299533,0.5766
1e-05,0.6316023,0.69440216,0.6301467,0.57668
1e-05,0.6320793,0.6934006,0.62976,0.57682
1e-05,0.63147616,0.6940201,0.6308333,0.57714
1e-05,0.6314183,0.6943669,0.6309,0.57676
1e-05,0.631903,0.693583,0.62910664,0.5773
1e-05,0.6312461,0.69392294,0.63036,0.5772
1e-05,0.6316666,0.6936578,0.6291533,0.57676
1e-05,0.63188297,0.6934794,0.6309867,0.57674
1e-05,0.63143516,0.6939967,0.63052666,0.5772
1e-05,0.63150364,0.69373107,0.62906,0.57708
1e-05,0.63169336,0.69283223,0.6302267,0.577
1e-05,0.6315092,0.69350815,0.63162,0.57682
1e-05,0.6314679,0.693809,0.6292267,0.57692
1e-05,0.63188314,0.69316643,0.62916,0.57668
1e-05,0.6314689,0.69373536,0.63024,0.57642
1e-05,0.63135076,0.6938442,0.6307,0.57676
1e-05,0.6315311,0.69354993,0.62912667,0.57654
1e-05,0.63158566,0.69355583,0.62931335,0.5766
1e-05,0.6317894,0.69389683,0.63004,0.57698
1e-05,0.63187885,0.69340765,0.62986666,0.57696
1e-05,0.6316062,0.69391346,0.62968,0.5763
1e-05,0.6315605,0.69399685,0.6301067,0.57722
1e-05,0.6317106,0.6935259,0.62948,0.57668
1e-05,0.63123304,0.6936557,0.63059336,0.57622
1e-05,0.63205624,0.6927642,0.6301067,0.57662
1e-05,0.6317272,0.69369924,0.63004667,0.57676
1e-05,0.6317733,0.69339514,0.6301067,0.57652
1e-05,0.63163054,0.69327927,0.62921333,0.57606
1e-05,0.6316009,0.693511,0.63115335,0.57628
1e-05,0.6314532,0.69342947,0.6288533,0.57636
1e-05,0.6313108,0.69377595,0.63026667,0.57618
1e-05,0.63145113,0.6937194,0.6302267,0.57586
1e-05,0.6311336,0.6947406,0.6305133,0.57604
1e-05,0.6317645,0.6939298,0.62966,0.57546
1e-05,0.6311171,0.6943776,0.63071334,0.57602
1e-05,0.63192546,0.69386923,0.62958,0.57624
1e-05,0.63128793,0.6933562,0.63078666,0.57648
1e-05,0.6314564,0.69402754,0.62954,0.57628
1e-05,0.63125587,0.69354033,0.6301133,0.5758
1e-05,0.63133043,0.694136,0.62989336,0.57578
1e-05,0.6311512,0.6938986,0.63088,0.5765
1e-05,0.6312371,0.693952,0.63035333,0.57616
1e-05,0.6312581,0.6937752,0.63090664,0.57592
1e-05,0.63138753,0.6942887,0.6312,0.57636
1e-05,0.6309998,0.69359773,0.6305867,0.57614
1e-05,0.63110673,0.6941088,0.63107336,0.57596
1e-05,0.6312747,0.69460183,0.62971336,0.5756
1e-05,0.6312123,0.6941231,0.6312133,0.57588
1e-05,0.6311597,0.6943239,0.63137335,0.57606
1e-05,0.6313612,0.6941067,0.62943333,0.57572
1e-05,0.63126725,0.69401836,0.62956,0.57576
1e-05,0.6312944,0.6938204,0.63022,0.57592
1e-05,0.63115007,0.6939332,0.63156,0.57532
1e-05,0.6313468,0.6941399,0.62986666,0.57576
1e-05,0.63099724,0.69413626,0.63031334,0.57576
1e-05,0.6311665,0.6948527,0.62905335,0.57552
1e-05,0.63123477,0.6939321,0.63072,0.57612
1e-05,0.6312066,0.6945247,0.62958,0.5762
1e-05,0.63144,0.69428414,0.63070667,0.57612
1e-05,0.6309681,0.69436026,0.62954664,0.57568
1e-05,0.63139963,0.69431525,0.63026667,0.57564
1e-05,0.63057005,0.6944242,0.62989336,0.57502
1e-05,0.63137156,0.69379914,0.62924,0.57558
1e-05,0.6313518,0.69369227,0.63012,0.57584
1e-05,0.6312823,0.6940311,0.62926,0.57486
1e-05,0.63105685,0.69394726,0.63116,0.57536
1e-05,0.6308528,0.6946455,0.63125336,0.57536
1e-05,0.6308364,0.69427305,0.6305467,0.57592
1e-05,0.63089544,0.694263,0.63067335,0.5762
1e-05,0.63121694,0.69434726,0.6300067,0.57568
1e-05,0.6311015,0.6951387,0.6300333,0.57584
1e-05,0.6311981,0.6947687,0.6293733,0.57576
1e-05,0.6309088,0.694679,0.63064665,0.57594
1e-05,0.6311795,0.6947001,0.62983334,0.5756
1e-05,0.6305222,0.6945064,0.6310267,0.57524
1e-05,0.6309897,0.69486064,0.6307267,0.5757
1e-05,0.6308585,0.6943973,0.6304333,0.5756
1e-05,0.63127047,0.69443035,0.63056666,0.57594
1e-05,0.6308986,0.6946556,0.63082665,0.5756
1e-05,0.6308972,0.6944858,0.63058,0.5752
1e-05,0.6312501,0.6945929,0.63036,0.57532
1e-05,0.6305543,0.69433016,0.6317,0.57546
1e-05,0.63125205,0.69449955,0.62994,0.57482
1e-05,0.63090116,0.6945775,0.6302,0.57548
1e-05,0.6310443,0.6945975,0.6302867,0.57532
1e-05,0.63040346,0.694867,0.6312867,0.57506
1e-05,0.6311478,0.6944116,0.63119334,0.57514
1e-05,0.6305714,0.6945183,0.63210666,0.57548
1e-05,0.6312309,0.6945232,0.6303667,0.575
1e-05,0.63086283,0.69455147,0.63044,0.57556
1e-05,0.6311929,0.6945286,0.63048,0.57554
1e-05,0.6307011,0.6940757,0.63174,0.57586
1e-05,0.63080835,0.6940241,0.63138,0.57484
1e-05,0.6305748,0.6943545,0.63042665,0.57542
1e-05,0.6307265,0.69418395,0.6317533,0.5753
1e-05,0.6307745,0.6942114,0.63062,0.57522
1e-05,0.6308633,0.6948848,0.6304067,0.57494
1e-05,0.6306724,0.69434536,0.6312467,0.57552
1e-05,0.6312855,0.6943498,0.63062,0.57482
1e-05,0.6302645,0.6945699,0.63148,0.57528
1e-05,0.6312446,0.69373053,0.62961334,0.57474
1e-05,0.63029987,0.69454646,0.63159335,0.57546
1e-05,0.6309853,0.6943422,0.6306667,0.57548
1e-05,0.6306699,0.6946954,0.63104,0.57506
1e-05,0.6312598,0.69486785,0.63012666,0.5752
1e-05,0.63055474,0.69506514,0.6318,0.5747
1e-05,0.63104534,0.69480836,0.63056,0.5755
1e-05,0.63106734,0.69400525,0.6305,0.57562
1e-05,0.6307633,0.6947077,0.63042,0.5752
1e-05,0.6308998,0.6946713,0.63144666,0.5756
1e-05,0.6305703,0.694456,0.63013333,0.57506
1e-05,0.63066345,0.6946943,0.63020664,0.5751
1e-05,0.63094443,0.6943674,0.63076,0.57514
1e-05,0.6303215,0.69498855,0.63071334,0.57494
1e-05,0.6305805,0.6942786,0.63138,0.5746
1e-05,0.6307708,0.6944782,0.63074666,0.57538
1e-05,0.63090754,0.69435966,0.63064665,0.57552
1e-05,0.63044095,0.6947614,0.63132,0.57524
1e-05,0.6304607,0.6949082,0.63124,0.57518
1e-05,0.6309588,0.69470984,0.6304733,0.57512
1e-05,0.630608,0.6944138,0.63081336,0.5753
1e-05,0.6303035,0.6949771,0.63116,0.5753
1e-05,0.63055664,0.6945613,0.63057333,0.5746
1e-05,0.63056296,0.6948621,0.63094,0.57524
1e-05,0.6305788,0.69484115,0.6305533,0.57482
1e-05,0.6300768,0.6951128,0.63126,0.5753
1e-05,0.63022494,0.695408,0.6313267,0.57478
1e-05,0.6304068,0.6948442,0.63114667,0.5753
1e-05,0.63045615,0.6951367,0.63108665,0.57478
1e-05,0.6308402,0.6945847,0.6312733,0.57504
1e-05,0.63024265,0.69575,0.6309867,0.5746
1e-05,0.6303321,0.69507533,0.63100666,0.57514
1e-05,0.630744,0.6950257,0.6310667,0.5751
1e-05,0.6303124,0.6947816,0.63222,0.5747
1e-05,0.6306586,0.6950754,0.63103336,0.57426
1e-05,0.6308053,0.69450545,0.6315467,0.57454
1e-05,0.6298833,0.69503903,0.63145334,0.5744
1e-05,0.63031024,0.6946258,0.63078666,0.57456
1e-05,0.6301633,0.6952481,0.63232,0.57456
1e-05,0.6302522,0.69518876,0.63122,0.57444
1e-05,0.63049275,0.69489497,0.63237333,0.57508
1e-05,0.63035446,0.69493,0.63071334,0.5745
1e-05,0.63045233,0.6952667,0.63168,0.57482
1e-05,0.6304589,0.6952077,0.63068664,0.57454
1e-05,0.63033515,0.69457656,0.63093334,0.57442
1e-05,0.6301315,0.69580007,0.6307667,0.57444
1e-05,0.6298564,0.695313,0.63292664,0.57386
1e-05,0.6299787,0.695995,0.63134,0.57402
1e-05,0.6301688,0.6959491,0.63104,0.57376
1e-05,0.6301055,0.69507515,0.63049334,0.57394
1e-05,0.6299723,0.69598895,0.632,0.574
1e-05,0.6299888,0.6957404,0.63185334,0.57428
1e-05,0.63060117,0.6950257,0.63144666,0.57438
1e-05,0.6304771,0.6952826,0.6313933,0.57442
1e-05,0.63070506,0.6951848,0.6326467,0.57434
1e-05,0.63072324,0.6952291,0.63145334,0.57434
1e-05,0.62999064,0.69541574,0.63164,0.57436
1e-05,0.6299068,0.6956206,0.63166,0.57408
1e-05,0.63032764,0.69480515,0.6315,0.57384
1e-05,0.630455,0.6958467,0.63053334,0.5741
1e-05,0.6303955,0.6952478,0.63024664,0.57432
1e-05,0.62963694,0.6942854,0.6325,0.57434
1e-05,0.6299744,0.69532865,0.63174,0.5737
1e-05,0.63040936,0.6950626,0.6309467,0.57372
1e-05,0.6301708,0.69562304,0.63206667,0.57398
1e-05,0.62998706,0.69547975,0.63082,0.574
1e-05,0.63012755,0.6958918,0.63148,0.57356
1e-05,0.62970847,0.69554335,0.63147336,0.57452
1e-05,0.63011533,0.6954772,0.6316133,0.57444
1e-05,0.6301,0.69553113,0.6314333,0.57382
1e-05,0.62984294,0.69628435,0.63203335,0.57426
1e-05,0.63011277,0.6958352,0.63079333,0.5737
1e-05,0.6302494,0.69526297,0.63128,0.57444
1e-05,0.63033867,0.69531816,0.63212,0.57382
1e-05,0.62974674,0.6956764,0.6317,0.57362
1e-05,0.63007027,0.6956863,0.6319067,0.5738
1e-05,0.6298645,0.69592124,0.63152,0.57376
1e-05,0.63003945,0.6955594,0.63196665,0.57438
1e-05,0.6300949,0.69519883,0.63194,0.57402
1e-05,0.63066137,0.69516534,0.63085335,0.57434
1e-05,0.62990254,0.6960733,0.6312733,0.57356
1e-05,0.6297454,0.69541067,0.63228667,0.57398
1e-05,0.6299496,0.6956508,0.63149333,0.57356
1e-05,0.6298253,0.6962243,0.63206,0.57398
1e-05,0.6304907,0.6951895,0.63093334,0.57388
1e-05,0.62986237,0.6953206,0.63202,0.57336
1e-05,0.63035727,0.6960311,0.63158,0.57344
1e-05,0.62990755,0.6951557,0.6323067,0.5734
1e-05,0.63007754,0.6951843,0.63116,0.57362
1e-05,0.62987196,0.69584006,0.63221335,0.57348
1e-05,0.62973046,0.6961409,0.6323133,0.57302
1e-05,0.6299335,0.6956965,0.6322467,0.5736
1e-05,0.6299049,0.69469774,0.6319133,0.57358
1e-05,0.63009846,0.6957914,0.6315333,0.57404
1e-05,0.6297003,0.69630915,0.6323467,0.57316
1e-05,0.6302379,0.69477254,0.63170666,0.57392
1e-05,0.62975395,0.6958882,0.63178,0.57332
1e-05,0.62927026,0.69571984,0.63114,0.57354
1e-05,0.62974185,0.69590276,0.63192666,0.5736
1e-05,0.6299582,0.6952809,0.63226664,0.57384
1e-05,0.6299831,0.6958347,0.6320867,0.57318
1e-05,0.6298255,0.6960001,0.6316933,0.57396
1e-05,0.629702,0.69536215,0.6319867,0.57426
1e-05,0.6297847,0.6957462,0.63264,0.57376
1e-05,0.6298837,0.6961483,0.63132,0.57354
1e-05,0.6296447,0.69591296,0.6312133,0.5735
1e-05,0.62971675,0.6959109,0.63164,0.57288
1e-05,0.6293059,0.695704,0.63071334,0.57346
1e-05,0.62961155,0.6962263,0.63204664,0.57328
1e-05,0.62955534,0.69561434,0.63149333,0.57374
1e-05,0.62968916,0.69667083,0.63272,0.5735
1e-05,0.6296564,0.6961335,0.63254666,0.57316
1e-05,0.6299471,0.69552654,0.63154,0.57286
1e-05,0.62971306,0.69614387,0.6332333,0.57266
1e-05,0.62859356,0.6964211,0.63278,0.57268
1e-05,0.6297153,0.69633853,0.6305867,0.5736
1e-05,0.6295388,0.69628894,0.63134664,0.57352
1e-05,0.6295739,0.6967092,0.63216,0.57368
1e-05,0.6294534,0.6959639,0.63226,0.57376
1e-05,0.6296287,0.69613343,0.63156,0.57352
1e-05,0.6295674,0.69568443,0.63136,0.57324
1e-05,0.6292797,0.69618064,0.6321667,0.57242
1e-05,0.6292481,0.69657785,0.63240665,0.57314
1e-05,0.62951696,0.6961797,0.63203335,0.57346
1e-05,0.6292783,0.6962407,0.63259333,0.57306
1e-05,0.6291426,0.6961789,0.63274,0.57324
1e-05,0.6294387,0.69674265,0.63173336,0.57262
1e-05,0.62927026,0.69620603,0.63192666,0.57306
1e-05,0.6293943,0.69593376,0.6317667,0.57258
1e-05,0.6293963,0.69587594,0.6318733,0.5731
1e-05,0.62909186,0.6967266,0.6327867,0.5726
1e-05,0.6290772,0.6968563,0.63309336,0.5728
1e-05,0.6297279,0.69646245,0.6324667,0.57316
1e-05,0.62962157,0.69635046,0.6319467,0.57324
1e-05,0.6292947,0.69539964,0.6326067,0.57352
1e-05,0.6297915,0.69568753,0.63166666,0.57346
1e-05,0.6299114,0.6964379,0.63114667,0.57242
1e-05,0.6297209,0.69644153,0.63154,0.5736
1e-05,0.6293393,0.69623965,0.63162,0.57328
1e-05,0.6293035,0.69616884,0.63133335,0.57304
1e-05,0.6296919,0.6960693,0.6318,0.57276
1e-05,0.62955093,0.69599164,0.63108665,0.57312
1e-05,0.6292156,0.6964022,0.6316867,0.57346
1e-05,0.6294993,0.6961192,0.63188666,0.573
1e-05,0.62887794,0.69609064,0.63347334,0.57342
1e-05,0.6294996,0.6955685,0.6315867,0.5733
1e-05,0.6296434,0.69626373,0.63185334,0.5726
1e-05,0.6296414,0.69621354,0.6323,0.57258
1e-05,0.62873954,0.69610554,0.63248,0.57354
1e-05,0.629889,0.6959054,0.63204664,0.57336
1e-05,0.6294071,0.69607025,0.6310533,0.57266
1e-05,0.629032,0.69623995,0.6328533,0.57284
1e-05,0.62907344,0.6966914,0.63294667,0.57346
1e-05,0.62948406,0.6960127,0.6315733,0.57312
1e-05,0.62870044,0.6972449,0.63326,0.57288
1e-05,0.62896776,0.6965791,0.63166666,0.5725
1e-05,0.6291887,0.69645053,0.6315867,0.57308
1e-05,0.62918067,0.69650614,0.63214,0.57268
1e-05,0.628882,0.6960492,0.63236,0.57346
1e-05,0.62935066,0.69685316,0.63186,0.57332
1e-05,0.6294643,0.69615895,0.63281333,0.572
1e-05,0.62871796,0.6966716,0.63244665,0.57318
1e-05,0.6290965,0.69727653,0.6319467,0.57286
1e-05,0.6293475,0.6959924,0.6321933,0.57302
1e-05,0.6291157,0.6958626,0.6325267,0.57308
1e-05,0.62922645,0.6961571,0.63211334,0.57304
1e-05,0.62900287,0.6966781,0.6335667,0.57284
1e-05,0.6293141,0.6971639,0.6323,0.57232
1e-05,0.62913764,0.69683415,0.6330067,0.57312
1e-05,0.6290086,0.69643235,0.6324133,0.57238
1e-05,0.6287672,0.6966065,0.63124,0.57304
1e-05,0.62907714,0.69653505,0.63162667,0.5729
1e-05,0.6288412,0.69625026,0.63309336,0.57336
1e-05,0.6289519,0.6969476,0.6323,0.57294
1e-05,0.62902457,0.69644076,0.6323867,0.57264
1e-05,0.62911433,0.6970637,0.63233334,0.5731
1e-05,0.62857246,0.69715226,0.63242,0.57298
1e-05,0.6292086,0.6966063,0.6328267,0.57354
1e-05,0.6289249,0.69672555,0.6313133,0.57308
1e-05,0.6291447,0.6975617,0.63173336,0.57298
1e-05,0.62915844,0.6967412,0.63225335,0.57346
1e-05,0.6290227,0.69683164,0.63222,0.57356
1e-05,0.6287741,0.6968049,0.6330133,0.57314
1e-05,0.6291553,0.6962501,0.63248,0.57382
1e-05,0.6292492,0.69689417,0.63222,0.57342
1e-05,0.62925404,0.6970048,0.6324667,0.57266
1e-05,0.6292961,0.69700044,0.6314,0.57358
1e-05,0.629101,0.696378,0.63256,0.57316
1e-05,0.62874484,0.69646966,0.63438,0.57322
1e-05,0.6290776,0.6959622,0.6322733,0.57386
1e-05,0.6287738,0.6968218,0.63266,0.57324
1e-05,0.6289592,0.6965853,0.63268,0.57298
1e-05,0.6289705,0.6968274,0.63328,0.57322
1e-05,0.62868774,0.6977904,0.63358,0.57262
1e-05,0.62887484,0.6969819,0.6323467,0.57346
1e-05,0.62917614,0.6961063,0.63343334,0.57296
1e-05,0.6290759,0.6967731,0.6326733,0.57298
1e-05,0.62898624,0.69702846,0.6317667,0.57296
1e-05,0.6292753,0.69716626,0.63270664,0.5721
1e-05,0.62894595,0.69658536,0.6323067,0.57248
1e-05,0.6291937,0.6969117,0.63292664,0.57236
1e-05,0.6285778,0.6973331,0.6324933,0.5721
1e-05,0.6276014,0.6978779,0.63417333,0.57262
1e-05,0.6290203,0.6973976,0.63338,0.57232
1e-05,0.6290511,0.6970665,0.6332267,0.57272
1e-05,0.62881917,0.697102,0.6320933,0.57272
1e-05,0.62915635,0.6969104,0.63214666,0.57232
1e-05,0.62893355,0.6965114,0.63282,0.57254
1e-05,0.6296732,0.6966164,0.6316533,0.5723
1e-05,0.6289278,0.69693726,0.63138664,0.5725
1e-05,0.6289492,0.6971877,0.63329333,0.57238
1e-05,0.6288388,0.69688785,0.63188666,0.5717
1e-05,0.6291369,0.6973124,0.6316467,0.57152
1e-05,0.62819064,0.6977899,0.6338,0.5721
1e-05,0.62937593,0.69682586,0.63272667,0.57248
1e-05,0.62881166,0.6971161,0.63226,0.57226
1e-05,0.6286274,0.6968463,0.6333733,0.57254
1e-05,0.6285757,0.69717544,0.6325267,0.57276
1e-05,0.6284331,0.6979103,0.634,0.57254
1e-05,0.62854594,0.6964587,0.6316933,0.5726
1e-05,0.6287874,0.6973596,0.6332267,0.57216
1e-05,0.62883735,0.69712806,0.63255334,0.57304
1e-05,0.6287053,0.6978605,0.6323067,0.57238
1e-05,0.62884855,0.697804,0.63246,0.57238
1e-05,0.62877125,0.6977532,0.63171333,0.57266
1e-05,0.62836874,0.6972685,0.63354,0.57276
1e-05,0.6285378,0.6973869,0.63276,0.57238
1e-05,0.6281527,0.69763905,0.6332,0.57236
1e-05,0.62860894,0.6974774,0.63236666,0.57204
1e-05,0.6282699,0.69696355,0.63328,0.57254
1e-05,0.6285916,0.6979628,0.63343334,0.57208
1e-05,0.6284938,0.6977216,0.63344,0.57232
1e-05,0.62818545,0.6978152,0.6335533,0.57232
1e-05,0.6286708,0.6970957,0.63294,0.57226
1e-05,0.6288082,0.69761235,0.63221335,0.57212
1e-05,0.62837285,0.6980957,0.6331667,0.5722
1e-05,0.62852377,0.69744366,0.6326,0.57162
1e-05,0.62820077,0.69752586,0.63274664,0.57194
1e-05,0.6277853,0.69830424,0.63348,0.57222
1e-05,0.6289103,0.69671756,0.6317,0.5726
1e-05,0.6285018,0.69785726,0.6338267,0.57178
1e-05,0.62867016,0.69789284,0.6327533,0.57214
1e-05,0.6284238,0.6978634,0.6333333,0.5727
1e-05,0.6284288,0.69793725,0.6332267,0.57182
1e-05,0.6282967,0.69764185,0.63309336,0.57224
1e-05,0.62842417,0.6980924,0.6335267,0.57162
1e-05,0.6283681,0.69843894,0.63255334,0.57182
1e-05,0.6284236,0.697896,0.6326333,0.57212
1e-05,0.6283802,0.69830805,0.6331,0.5721
1e-05,0.6281439,0.697967,0.63342667,0.5715
1e-05,0.6283377,0.6979105,0.6331,0.57292
1e-05,0.6284862,0.69752944,0.63348,0.57242
1e-05,0.6280297,0.697056,0.6330133,0.57196
1e-05,0.62829185,0.69706315,0.6325667,0.57214
1e-05,0.62841195,0.69737834,0.63259333,0.57206
1e-05,0.6280791,0.6976835,0.6328667,0.57188
1e-05,0.6286718,0.69786304,0.63196665,0.57216
1e-05,0.62835705,0.6977917,0.63335335,0.5718
1e-05,0.62804794,0.69801974,0.63431334,0.57218
1e-05,0.62842524,0.6973406,0.6338133,0.5722
1e-05,0.6286427,0.6978352,0.6336,0.5716
1e-05,0.6285798,0.6979126,0.63368666,0.57194
1e-05,0.6283484,0.6980769,0.63274664,0.57204
1e-05,0.6282557,0.69762135,0.63248664,0.57222
1e-05,0.62859136,0.6979045,0.6334133,0.57228
1e-05,0.6286769,0.6976357,0.63314664,0.57224
1e-05,0.627832,0.69827586,0.63316,0.5713
1e-05,0.628461,0.6980574,0.63442,0.57154
1e-05,0.628108,0.6981821,0.6323,0.5722
1e-05,0.62832916,0.69782585,0.63269335,0.57158
1e-05,0.6285995,0.6979685,0.63324,0.57172
1e-05,0.62838817,0.69795495,0.63239336,0.57254
1e-05,0.6275857,0.6981274,0.6339,0.57198
1e-05,0.6277989,0.69799095,0.63428664,0.57206
1e-05,0.62790644,0.6983103,0.63406,0.5725
1e-05,0.6281214,0.69788283,0.63306665,0.57258
1e-05,0.6278215,0.69756794,0.63376665,0.57192
1e-05,0.6280984,0.69784397,0.6331267,0.57224
1e-05,0.62816626,0.6975269,0.63248,0.57228
1e-05,0.62811184,0.6976509,0.63327336,0.5724
1e-05,0.6282281,0.698046,0.63332665,0.57184
1e-05,0.62768364,0.6980979,0.63357335,0.57228
1e-05,0.62808764,0.6984902,0.63478667,0.57212
1e-05,0.6274622,0.6984686,0.6340067,0.57248
1e-05,0.6276514,0.69842046,0.63386,0.57188
1e-05,0.6279918,0.6981198,0.63362,0.57228
1e-05,0.627471,0.6978669,0.6344733,0.5721
1e-05,0.62754667,0.6980595,0.6344467,0.57226
1e-05,0.62858635,0.6980399,0.6321933,0.5724
1e-05,0.62773263,0.69825584,0.6345,0.57204
1e-05,0.6282246,0.69740707,0.63274664,0.5721
1e-05,0.6285402,0.6981118,0.63427335,0.57198
1e-05,0.62857056,0.697663,0.6333467,0.57204
1e-05,0.62769616,0.6978166,0.63446,0.57262
1e-05,0.6278205,0.69796395,0.63402,0.57246
1e-05,0.6276605,0.6984605,0.63434666,0.57238
1e-05,0.62809235,0.6976682,0.63383335,0.57242
1e-05,0.6279874,0.69864815,0.63398,0.57226
1e-05,0.62802285,0.69790053,0.63362664,0.57178
1e-05,0.62802464,0.6984693,0.63496,0.57178
1e-05,0.62775195,0.698054,0.63346666,0.57228
1e-05,0.62766236,0.6981509,0.6330067,0.57156
1e-05,0.62777585,0.69850886,0.6340733,0.57198
1e-05,0.6279063,0.698443,0.63430667,0.57212
1e-05,0.6274298,0.69896376,0.63335335,0.5713
1e-05,0.6280882,0.69863915,0.63397336,0.57164
1e-05,0.6276175,0.6981757,0.6336,0.57166
1e-05,0.62777627,0.69849056,0.6337,0.57168
1e-05,0.6282943,0.69816417,0.63352,0.57182
1e-05,0.6278977,0.6984985,0.6338933,0.57132
1e-05,0.62785673,0.69847274,0.6337,0.57184
1e-05,0.6272749,0.69842225,0.6341867,0.57204
1e-05,0.6280162,0.69850653,0.63468665,0.57214
1e-05,0.62785757,0.6983083,0.63314664,0.57206
1e-05,0.62810767,0.6985482,0.63303334,0.57182
1e-05,0.6279809,0.6980533,0.63396,0.5719
1e-05,0.62757534,0.69845223,0.6335933,0.57134
1e-05,0.62768984,0.69761974,0.6337733,0.57188
1e-05,0.6278252,0.6985069,0.63460666,0.57094
1e-05,0.62785286,0.6989851,0.63392,0.57146
1e-05,0.62749076,0.6987069,0.63368666,0.572
1e-05,0.6279137,0.6981185,0.63428,0.57118
1e-05,0.62762934,0.69902587,0.63489336,0.57106
1e-05,0.6273351,0.6987379,0.63394666,0.5715
1e-05,0.62782377,0.69849217,0.63450664,0.57118
1e-05,0.62761,0.6983734,0.63331336,0.57132
1e-05,0.6276772,0.69813216,0.6342667,0.5715
1e-05,0.62776375,0.6983111,0.63372666,0.57168
1e-05,0.62744355,0.698046,0.63372,0.57178
1e-05,0.6273876,0.69814783,0.63432,0.57152
1e-05,0.6277608,0.69929206,0.63406664,0.5716
1e-05,0.6277847,0.6984992,0.6335267,0.5719
1e-05,0.6276162,0.6978428,0.63358,0.57096
1e-05,0.6281645,0.6988801,0.63322,0.5715
1e-05,0.62769717,0.69861394,0.63391334,0.57124
1e-05,0.6273955,0.6985486,0.6341467,0.57114
1e-05,0.6280331,0.6987457,0.63306665,0.5711
1e-05,0.627521,0.69843066,0.63444,0.57126
1e-05,0.62722856,0.69900346,0.63388,0.57136
1e-05,0.6274242,0.69844973,0.63486665,0.57156
1e-05,0.6280708,0.6987466,0.63294667,0.57196
1e-05,0.62745076,0.69821423,0.6351,0.57186
1e-05,0.62771547,0.6985768,0.6337,0.57174
1e-05,0.6276471,0.6986951,0.6341467,0.57132
1e-05,0.627521,0.6992704,0.6348867,0.57148
1e-05,0.6276244,0.6985093,0.63438,0.57164
1e-05,0.6271096,0.698836,0.6347067,0.5716
1e-05,0.62738466,0.6985795,0.63442,0.57122
1e-05,0.62687725,0.69895923,0.6352,0.57124
1e-05,0.6268924,0.6986781,0.63406,0.57154
1e-05,0.62723964,0.6979901,0.6348467,0.57152
1e-05,0.62749064,0.69869614,0.63464,0.57148
1e-05,0.62865484,0.6977901,0.6333733,0.57142
1e-05,0.6274627,0.69813895,0.6342267,0.57096
1e-05,0.62783796,0.6988777,0.63352,0.57112
1e-05,0.62698853,0.6991961,0.63391334,0.57156
1e-05,0.62706465,0.6986561,0.6342267,0.57186
1e-05,0.6275128,0.6987695,0.63291335,0.57178
1e-05,0.62749076,0.6989361,0.6350733,0.5717
1e-05,0.62733245,0.69875586,0.6344467,0.57208
1e-05,0.6279449,0.6981452,0.63310665,0.57132
1e-05,0.62745726,0.69805574,0.6341467,0.5718
1e-05,0.62691617,0.6987499,0.63432,0.57192
1e-05,0.6279769,0.69847685,0.63356,0.57126
1e-05,0.6276172,0.69798,0.63438666,0.57222
1e-05,0.62731725,0.6980526,0.6333733,0.5722
1e-05,0.6276798,0.6983621,0.63328,0.57152
1e-05,0.62693936,0.6987761,0.6355867,0.5711
1e-05,0.6275654,0.69863516,0.63372666,0.57232
1e-05,0.6266167,0.69916314,0.63468,0.57198
1e-05,0.62751323,0.6987218,0.6337733,0.5722
1e-05,0.6273356,0.698497,0.63471335,0.572
1e-05,0.6272906,0.698854,0.63464,0.57172
1e-05,0.6270706,0.6990951,0.63434,0.57184
1e-05,0.6272298,0.6989892,0.6350267,0.5711
1e-05,0.6269007,0.69847137,0.6349267,0.57124
1e-05,0.6267741,0.69926995,0.63438,0.57132
1e-05,0.62734747,0.69957,0.6335933,0.57108
1e-05,0.62696487,0.69936275,0.6347067,0.57188
1e-05,0.6263763,0.6991449,0.6355,0.57112
1e-05,0.62723005,0.6992838,0.63548666,0.57152
1e-05,0.62688667,0.6994257,0.6344733,0.57144
1e-05,0.62742686,0.69970596,0.63412,0.57072
1e-05,0.6266696,0.69911456,0.63446665,0.57124
1e-05,0.627504,0.698765,0.63401335,0.57134
1e-05,0.62716943,0.69941103,0.63494,0.57096
1e-05,0.6271957,0.69876033,0.6348,0.57082
1e-05,0.6277776,0.698763,0.63390666,0.57066
1e-05,0.6268246,0.69923645,0.6345,0.57096
1e-05,0.62744695,0.69966125,0.63406664,0.57102
1e-05,0.6270124,0.69921863,0.63445336,0.57158
1e-05,0.6266869,0.69951326,0.63511336,0.57092
1e-05,0.6274162,0.6985304,0.6340333,0.57146
1e-05,0.6267094,0.69947386,0.63501334,0.57124
1e-05,0.6267646,0.6993235,0.6347733,0.57142
1e-05,0.62674075,0.6999086,0.63434,0.57144
1e-05,0.62656754,0.6995258,0.63545334,0.5705
1e-05,0.6266314,0.69976836,0.63479334,0.57136
1e-05,0.62718546,0.699581,0.63380665,0.57084
1e-05,0.6268078,0.6997606,0.6351733,0.57046
1e-05,0.62707067,0.699676,0.63423336,0.57026
1e-05,0.6269027,0.69964796,0.63422,0.57028
1e-05,0.62630326,0.6999135,0.6348867,0.57052
1e-05,0.62685376,0.70007735,0.63512665,0.57102
1e-05,0.62682396,0.69979274,0.63427335,0.5709
1e-05,0.6272927,0.69908035,0.63416,0.57028
1e-05,0.62657404,0.70025957,0.63482666,0.57066
1e-05,0.6267204,0.6995891,0.63398665,0.57132
1e-05,0.62700367,0.698897,0.6352467,0.57136
1e-05,0.6264058,0.6992055,0.63523334,0.57058
1e-05,0.62685704,0.69989187,0.63537335,0.57084
1e-05,0.62710327,0.699604,0.6340467,0.57044
1e-05,0.6272763,0.69977003,0.6341533,0.57096
1e-05,0.62692016,0.6993984,0.6343267,0.57148
1e-05,0.6269297,0.6998577,0.63422,0.571
1e-05,0.6269183,0.69990015,0.63519335,0.5713
1e-05,0.62674296,0.6998835,0.63446665,0.57054
1e-05,0.6268497,0.6998249,0.63504,0.57034
1e-05,0.62624586,0.7004302,0.63556,0.5709
1e-05,0.62683684,0.70019203,0.63456666,0.57082
1e-05,0.6269205,0.69944954,0.6354667,0.57078
1e-05,0.6270994,0.69903237,0.6351867,0.57098
1e-05,0.6268898,0.6992045,0.6349933,0.57076
1e-05,0.62706643,0.69990957,0.6349267,0.57068
1e-05,0.6272411,0.6997933,0.63406,0.57122
1e-05,0.6269419,0.6994654,0.63423336,0.572
1e-05,0.62685513,0.6998929,0.6349533,0.571
1e-05,0.62718046,0.6988686,0.6344333,0.57124
1e-05,0.6262187,0.70017725,0.63442,0.57104
1e-05,0.626045,0.69944936,0.6345,0.57076
1e-05,0.62675583,0.7001488,0.63531333,0.57032
1e-05,0.62650317,0.6996866,0.6358467,0.5706
1e-05,0.6271747,0.699802,0.6339933,0.57108
1e-05,0.6267749,0.69996184,0.63484,0.57062
1e-05,0.6266214,0.6997437,0.6350333,0.5705
1e-05,0.62645054,0.6994546,0.63552,0.57096
1e-05,0.6262939,0.69996876,0.63457334,0.5708
1e-05,0.6264905,0.6998,0.63486665,0.57042
1e-05,0.62676555,0.6996751,0.6357,0.57092
1e-05,0.62695223,0.69942254,0.63482,0.57098
1e-05,0.6271865,0.69909585,0.6344867,0.57096
1e-05,0.6265633,0.69968146,0.63484,0.57146
1e-05,0.62628716,0.700207,0.6345533,0.57124
1e-05,0.6265659,0.7001448,0.63512,0.57092
1e-05,0.62657124,0.6998917,0.63464665,0.57092
1e-05,0.6261037,0.7003285,0.63558,0.57116
1e-05,0.62680566,0.69971,0.6336333,0.57046
1e-05,0.6268139,0.69949657,0.63446665,0.57096
1e-05,0.6262498,0.70015144,0.6359133,0.57116
1e-05,0.62668127,0.70022774,0.6351333,0.5708
1e-05,0.6268123,0.69970983,0.63537335,0.57058
1e-05,0.62651676,0.699702,0.63514,0.57054
1e-05,0.62678367,0.6997772,0.63498664,0.57058
1e-05,0.6257178,0.7006866,0.63512665,0.57068
1e-05,0.62643546,0.6996591,0.63519335,0.57092
1e-05,0.6261923,0.70033354,0.63582,0.5714
1e-05,0.62660074,0.7000169,0.6346667,0.57098
1e-05,0.6266367,0.70000297,0.6347333,0.57134
1e-05,0.6267482,0.6999673,0.63388,0.5701
1e-05,0.6267825,0.70077723,0.6342933,0.57106
1e-05,0.62623423,0.6992538,0.6350267,0.57062
1e-05,0.6264962,0.7005226,0.6352133,0.57078
1e-05,0.6266184,0.69970334,0.63533336,0.57014
1e-05,0.6264635,0.6997252,0.6343,0.57068
1e-05,0.62630063,0.70006716,0.63450664,0.57082
1e-05,0.6262292,0.70020705,0.6358333,0.57054
1e-05,0.6260807,0.6998467,0.63488,0.5708
1e-05,0.6262942,0.6998824,0.63560665,0.56992
1e-05,0.6264121,0.70018977,0.63468,0.57006
1e-05,0.62649995,0.700126,0.63578,0.57022
1e-05,0.6261124,0.7004998,0.6353267,0.57014
1e-05,0.62681067,0.6998852,0.63497335,0.5706
1e-05,0.6267204,0.6998232,0.63394666,0.57042
1e-05,0.62657636,0.7000958,0.6338867,0.57062
1e-05,0.62651056,0.7002008,0.6350333,0.5704
1e-05,0.6260356,0.7000103,0.6345867,0.57036
1e-05,0.62663007,0.69941086,0.63456,0.57008
1e-05,0.62663525,0.6998004,0.63556,0.57018
1e-05,0.62624717,0.6999462,0.63519335,0.57048
1e-05,0.6258301,0.7005525,0.6353,0.57022
1e-05,0.62608945,0.6997725,0.63566667,0.57
1e-05,0.6264079,0.70020944,0.63584,0.57026
1e-05,0.6266443,0.6996419,0.63494,0.57
1e-05,0.6259645,0.69960546,0.63593334,0.56998
1e-05,0.6254861,0.7007553,0.6366867,0.5701
1e-05,0.6263151,0.7002106,0.63534,0.57048
1e-05,0.6258135,0.70016944,0.6363133,0.57002
1e-05,0.62604356,0.70058244,0.63523334,0.57044
1e-05,0.62708706,0.6999332,0.6346933,0.57068
1e-05,0.62622356,0.70015365,0.63708,0.56994
1e-05,0.6260933,0.7002896,0.63494664,0.57002
1e-05,0.626162,0.7000198,0.6357267,0.57056
1e-05,0.62614,0.70064175,0.63677335,0.57034
1e-05,0.62612647,0.7005461,0.6352133,0.5707
1e-05,0.625817,0.7013917,0.63586664,0.57008
1e-05,0.62648535,0.7006203,0.6348467,0.57028
1e-05,0.62603396,0.7007006,0.6368267,0.57016
1e-05,0.6259435,0.70082575,0.63571334,0.5703
1e-05,0.6264533,0.70081735,0.6357333,0.57086
1e-05,0.62641615,0.70054096,0.6344867,0.56998
1e-05,0.62617826,0.70103514,0.6346667,0.56984
1e-05,0.62578785,0.700928,0.63578,0.57016
1e-05,0.6263014,0.7005595,0.6345133,0.57014
1e-05,0.62606764,0.7004463,0.63558,0.57016
1e-05,0.62665117,0.7003421,0.6342133,0.56996
1e-05,0.6258048,0.70120555,0.6357667,0.57006
1e-05,0.6262891,0.70063215,0.6349667,0.5703
1e-05,0.62628967,0.70016015,0.63563335,0.5703
1e-05,0.62637824,0.7003907,0.6349533,0.57008
1e-05,0.62603873,0.7011452,0.63576,0.57012
1e-05,0.6265348,0.70113623,0.6362467,0.57014
1e-05,0.62633127,0.6997939,0.63607335,0.57048
1e-05,0.6260662,0.70045733,0.63532,0.57088
1e-05,0.6261517,0.70054287,0.6351467,0.571
1e-05,0.6260905,0.7005544,0.63562,0.56972
1e-05,0.6264452,0.7004523,0.63500667,0.5704
1e-05,0.62549025,0.7016195,0.63648,0.57058
1e-05,0.62583923,0.7003903,0.63501334,0.56986
1e-05,0.626052,0.70058185,0.6353533,0.56944
1e-05,0.62564605,0.70121574,0.63684666,0.56988
1e-05,0.6257955,0.7007722,0.63514,0.5701
1e-05,0.62601244,0.7000705,0.6360933,0.5699
1e-05,0.62625283,0.7004919,0.6350667,0.56986
1e-05,0.6262899,0.7001456,0.6352533,0.57036
1e-05,0.6258092,0.701144,0.63526666,0.57
1e-05,0.6259495,0.70038265,0.6356267,0.56984
1e-05,0.6266144,0.7004599,0.6339267,0.57072
1e-05,0.62602955,0.7001383,0.63533336,0.57078
1e-05,0.62561333,0.7008202,0.63685334,0.57078
1e-05,0.6263602,0.7011159,0.63494,0.57046
1e-05,0.6256728,0.7012936,0.63667333,0.57078
1e-05,0.62609977,0.7008315,0.63497335,0.5698
1e-05,0.6261826,0.7008633,0.63522,0.57064
1e-05,0.6262096,0.70030653,0.6350733,0.56918
1e-05,0.62620443,0.70054567,0.63424665,0.56972
1e-05,0.62551105,0.70064926,0.63662666,0.56942
1e-05,0.6256728,0.70106596,0.636,0.5701
1e-05,0.6256952,0.70091105,0.63636667,0.56928
1e-05,0.6258317,0.70113164,0.63656,0.56962
1e-05,0.6258726,0.7012159,0.6346267,0.57058
1e-05,0.62627965,0.70039797,0.63564,0.56962
1e-05,0.62589264,0.70054114,0.6356933,0.5692
1e-05,0.62612957,0.70065796,0.6344467,0.56912
1e-05,0.6256704,0.7014424,0.6359867,0.56986
1e-05,0.62636626,0.7004009,0.63556665,0.56976
1e-05,0.62558484,0.7005693,0.63502,0.56992
1e-05,0.62570226,0.70122063,0.63564,0.56928
1e-05,0.6261241,0.7010679,0.63568,0.56942
1e-05,0.6260686,0.70139354,0.63684,0.56998
1e-05,0.62574744,0.70029444,0.6355467,0.56948
1e-05,0.62501585,0.70146465,0.63516665,0.57034
1e-05,0.6255909,0.7010847,0.6354067,0.56896
1e-05,0.6255419,0.7012264,0.63648665,0.56966
1e-05,0.6258893,0.7013753,0.6359867,0.56936
1e-05,0.6258316,0.70054495,0.6365467,0.56996
1e-05,0.6257251,0.7013142,0.6354733,0.56966
1e-05,0.6259951,0.70087594,0.6369333,0.56992
1e-05,0.62563664,0.7010428,0.6362333,0.56974
1e-05,0.62533355,0.7008951,0.63585335,0.57038
1e-05,0.62538505,0.7010205,0.6366067,0.57008
1e-05,0.62580645,0.70058346,0.63549334,0.56974
1e-05,0.6260524,0.7006707,0.6352867,0.56958
1e-05,0.6257017,0.7004602,0.63672,0.56926
1e-05,0.6253232,0.7018296,0.63644665,0.56972
1e-05,0.6260735,0.70134926,0.63637334,0.5695
1e-05,0.6253958,0.70224315,0.63652,0.5697
1e-05,0.6254722,0.70118254,0.63663334,0.56966
1e-05,0.6255976,0.7006893,0.63586,0.56916
1e-05,0.625483,0.70114166,0.6360267,0.56938
1e-05,0.6250401,0.7015371,0.6356933,0.56954
1e-05,0.62518895,0.7025995,0.6361667,0.5704
1e-05,0.6258117,0.7013797,0.63626,0.56968
1e-05,0.6257377,0.7004892,0.63643336,0.57018
1e-05,0.62530434,0.70096254,0.63593334,0.56938
1e-05,0.62486714,0.7016116,0.6368333,0.56984
1e-05,0.6252896,0.702031,0.63558,0.5702
1e-05,0.62507826,0.70094526,0.63765335,0.56974
1e-05,0.6257875,0.70119447,0.6362067,0.56978
1e-05,0.6255892,0.7015189,0.63598,0.56942
1e-05,0.62571317,0.70147175,0.6363533,0.56958
1e-05,0.62527645,0.7019923,0.63674,0.56964
1e-05,0.6255276,0.7018808,0.6367533,0.56926
1e-05,0.62540793,0.7011079,0.63527334,0.56954
1e-05,0.6261369,0.70051295,0.63581336,0.56984
1e-05,0.62485266,0.7018405,0.636,0.5692
1e-05,0.6253832,0.70136976,0.63638,0.56964
1e-05,0.62537354,0.70121264,0.63633335,0.57042
1e-05,0.62508416,0.70141214,0.63646,0.56916
1e-05,0.6252407,0.70159465,0.6366067,0.56922
1e-05,0.6256639,0.7015565,0.63522,0.56936
1e-05,0.62572837,0.7022157,0.63528,0.56986
1e-05,0.62526274,0.7009388,0.6359067,0.56904
1e-05,0.62518173,0.7020356,0.63594,0.5697
1e-05,0.62518984,0.7016098,0.63619334,0.56972
1e-05,0.62552446,0.70145494,0.6367667,0.56896
1e-05,0.62539715,0.7014783,0.6356533,0.56946
1e-05,0.6250687,0.7012379,0.63556,0.56876
1e-05,0.6256146,0.70093954,0.6357667,0.56862
1e-05,0.6250306,0.7015773,0.63644,0.56908
1e-05,0.62491745,0.7010065,0.63664,0.56924
1e-05,0.6251394,0.70139,0.63634664,0.5694
1e-05,0.62473977,0.70152116,0.6373733,0.56936
1e-05,0.62498516,0.7018012,0.63600665,0.56998
1e-05,0.6250898,0.7015817,0.63670665,0.5693
1e-05,0.62510866,0.7018634,0.63703334,0.56962
1e-05,0.625282,0.7012358,0.6358,0.56868
1e-05,0.6249208,0.7022568,0.6365467,0.56968
1e-05,0.6257726,0.7018139,0.6355867,0.56918
1e-05,0.62525254,0.7012192,0.63732666,0.56984
1e-05,0.6253957,0.7016829,0.6357267,0.56934
1e-05,0.62513244,0.7015898,0.6368733,0.5691
1e-05,0.62523127,0.7011238,0.6375667,0.5689
1e-05,0.6251047,0.70185935,0.63456,0.56862
1e-05,0.6251783,0.7015789,0.63516665,0.56918
1e-05,0.6248468,0.70159286,0.6368267,0.56892
1e-05,0.6248426,0.70161,0.63596666,0.56948
1e-05,0.62522477,0.7018099,0.6367533,0.56922
1e-05,0.6254506,0.70117545,0.63614,0.56942
1e-05,0.6251888,0.70131963,0.63655335,0.56964
1e-05,0.62479043,0.7014302,0.6369333,0.5702
1e-05,0.62528557,0.70142335,0.6360533,0.5701
1e-05,0.62493056,0.7013315,0.63636667,0.56886
1e-05,0.6251361,0.70228857,0.63604,0.56922
1e-05,0.6254302,0.7009413,0.63558,0.56922
1e-05,0.6251709,0.70164376,0.63629335,0.5695
1e-05,0.62529486,0.7021826,0.63564664,0.56892
1e-05,0.6252993,0.7016205,0.63670665,0.56952
1e-05,0.624757,0.7019968,0.63652664,0.56932
1e-05,0.62533265,0.70147985,0.63593334,0.56968
1e-05,0.624687,0.7023772,0.63696665,0.57066
1e-05,0.62521875,0.70168,0.6360533,0.56904
1e-05,0.62489516,0.70206684,0.63621336,0.569
1e-05,0.62512535,0.7019752,0.6363933,0.5699
1e-05,0.6245017,0.70245343,0.63758,0.56988
1e-05,0.6256061,0.70141953,0.6360133,0.57008
1e-05,0.6249002,0.70196754,0.6373,0.56914
1e-05,0.6253408,0.7018481,0.6368667,0.56874
1e-05,0.62466073,0.70200586,0.63744,0.56862
1e-05,0.62538606,0.70227605,0.63658667,0.57002
1e-05,0.6248891,0.702274,0.63694,0.56916
1e-05,0.625087,0.70265037,0.63678,0.56894
1e-05,0.62466115,0.70238346,0.63618666,0.56884
1e-05,0.624937,0.7024228,0.63559335,0.56924
1e-05,0.6244054,0.70213085,0.6368333,0.56906
1e-05,0.62478465,0.70205,0.6375333,0.56926
1e-05,0.62486994,0.7021319,0.63606,0.56864
1e-05,0.6248243,0.7019777,0.63647336,0.569
1e-05,0.62527114,0.70263165,0.63652664,0.56928
1e-05,0.6246793,0.7018746,0.63680667,0.5687
1e-05,0.6247663,0.7025096,0.6362467,0.56958
1e-05,0.6250696,0.70253444,0.63659334,0.56928
1e-05,0.6251996,0.7018179,0.63667333,0.56898
1e-05,0.6252452,0.70173806,0.63640666,0.56916
1e-05,0.62517613,0.70210433,0.63537335,0.56956
1e-05,0.62506324,0.7014735,0.6356533,0.56904
1e-05,0.6249217,0.7024965,0.6368267,0.56892
1e-05,0.6246662,0.70174116,0.6374267,0.56866
1e-05,0.62449694,0.7015909,0.63772,0.56822
1e-05,0.6246926,0.7014568,0.6378,0.56826
1e-05,0.6246621,0.7022671,0.63768667,0.56888
1e-05,0.62497115,0.7019136,0.63704,0.569
1e-05,0.62469053,0.7020066,0.6369733,0.56886
1e-05,0.62538034,0.7015793,0.63656,0.56862
1e-05,0.6245794,0.7022473,0.6373,0.56876
1e-05,0.62505645,0.70163786,0.63626,0.56904
1e-05,0.6249981,0.702192,0.6364,0.56946
1e-05,0.62499803,0.7020003,0.6370133,0.5684
1e-05,0.62417674,0.7024839,0.63772666,0.5692
1e-05,0.62420946,0.7021239,0.6380067,0.56854
1e-05,0.62512624,0.70202935,0.63688666,0.5689
1e-05,0.62441075,0.70173603,0.63824,0.56844
1e-05,0.62425774,0.7016817,0.6371533,0.56874
1e-05,0.6244618,0.7018665,0.63692,0.56864
1e-05,0.6245293,0.70206016,0.63822,0.5684
1e-05,0.62485033,0.70221835,0.6359533,0.56878
1e-05,0.6246583,0.70232254,0.63734,0.56954
1e-05,0.6244366,0.702698,0.63729334,0.56918
1e-05,0.6248208,0.70245814,0.6370867,0.56928
1e-05,0.62462443,0.7026224,0.63766664,0.56912
1e-05,0.6242741,0.7028214,0.63608,0.56946
1e-05,0.62422,0.7020974,0.63640666,0.56842
1e-05,0.6244361,0.70218796,0.63758,0.5693
1e-05,0.6248138,0.70229715,0.63774,0.5692
1e-05,0.623939,0.70224845,0.63842,0.56972
1e-05,0.62487185,0.7024372,0.63692,0.5701
1e-05,0.62492925,0.7017618,0.63786,0.56914
1e-05,0.62409246,0.70221305,0.63689333,0.56938
1e-05,0.62458587,0.70197767,0.63678,0.56944
1e-05,0.6239184,0.7025588,0.63708,0.56872
1e-05,0.62453353,0.70180076,0.63644,0.56794
1e-05,0.6243753,0.70309967,0.63677335,0.5692
1e-05,0.62465906,0.70219934,0.63634,0.56918
1e-05,0.62470883,0.7020694,0.6374,0.5698
1e-05,0.62398875,0.7033437,0.637,0.56864
1e-05,0.6245542,0.70233214,0.6366467,0.56846
1e-05,0.62428576,0.7028857,0.63725334,0.56892
1e-05,0.6247311,0.70196074,0.63752,0.57004
1e-05,0.6247651,0.7032878,0.63708,0.56926
1e-05,0.6245796,0.7018409,0.63778,0.56948
1e-05,0.6246707,0.7020374,0.6378667,0.56906
1e-05,0.62521696,0.70276374,0.63629335,0.56932
1e-05,0.624437,0.70302594,0.63708,0.56908
1e-05,0.62424934,0.70238656,0.63702,0.56916
1e-05,0.62456167,0.70284665,0.63678,0.56882
1e-05,0.6241772,0.70249456,0.6375933,0.56968
1e-05,0.624568,0.70301527,0.6379,0.56898
1e-05,0.62437004,0.70256495,0.63806665,0.56978
1e-05,0.6247831,0.7021133,0.63581336,0.56924
1e-05,0.624192,0.7031323,0.6376,0.56888
1e-05,0.62389743,0.70319825,0.63776666,0.5688
1e-05,0.6242337,0.7028126,0.63695335,0.56872
1e-05,0.62406176,0.70195514,0.6377467,0.56894
1e-05,0.6238824,0.703079,0.6383733,0.56866
1e-05,0.62455046,0.7032906,0.6375267,0.56888
1e-05,0.6242965,0.70308656,0.6375667,0.569
1e-05,0.62414753,0.7033662,0.63696,0.56868
1e-05,0.624253,0.7029916,0.63802665,0.56836
1e-05,0.62461215,0.70260173,0.63702667,0.56902
1e-05,0.62386835,0.7027575,0.63638,0.56862
1e-05,0.6241373,0.7032493,0.63691336,0.56878
1e-05,0.6243201,0.70335484,0.6370933,0.56914
1e-05,0.6243652,0.7032284,0.63814,0.56928
1e-05,0.62435746,0.7026379,0.6371267,0.56852
1e-05,0.62371784,0.70383215,0.63684666,0.56866
1e-05,0.6243224,0.70286065,0.63732666,0.5685
1e-05,0.6240949,0.7020936,0.63754,0.56834
1e-05,0.6244305,0.7025565,0.63752,0.5681
1e-05,0.62470216,0.70253,0.63641334,0.56858
1e-05,0.62406987,0.7021704,0.63744,0.56862
1e-05,0.62418556,0.7026002,0.63712,0.5692
1e-05,0.62382656,0.70268583,0.6382,0.5678
1e-05,0.62374866,0.70333767,0.638,0.56958
1e-05,0.62393296,0.7036366,0.63784665,0.56922
1e-05,0.62393034,0.7027956,0.6387333,0.56938
1e-05,0.6243971,0.70295095,0.63776666,0.56908
1e-05,0.6243165,0.7028944,0.6377,0.56866
1e-05,0.62423515,0.70241666,0.63739336,0.5685
1e-05,0.6240619,0.7030346,0.63770664,0.56898
1e-05,0.6236985,0.7035713,0.63696,0.56858
1e-05,0.6242944,0.7031998,0.6381867,0.56928
1e-05,0.6242148,0.7027555,0.63647336,0.56822
1e-05,0.62377816,0.7039803,0.63783336,0.56838
1e-05,0.62426835,0.7030516,0.6363,0.56802
1e-05,0.6242054,0.7026076,0.6369067,0.56762
1e-05,0.624077,0.7024489,0.63706666,0.5682
1e-05,0.6242692,0.7036578,0.6371533,0.56822
1e-05,0.6236721,0.70269066,0.6388133,0.56858
1e-05,0.62438935,0.70307505,0.6368667,0.56864
1e-05,0.62441546,0.7025629,0.63748,0.56894
1e-05,0.623776,0.70278025,0.63721335,0.5685
1e-05,0.62427527,0.7029934,0.6381533,0.5687
1e-05,0.62394994,0.7026455,0.63865334,0.56942
1e-05,0.6234949,0.7023982,0.63892,0.56868
1e-05,0.6243303,0.70283484,0.63721335,0.56888
1e-05,0.6241515,0.7030483,0.6375267,0.56886
1e-05,0.6235896,0.70333433,0.6373467,0.56776
1e-05,0.6239041,0.70281535,0.63748,0.5682
1e-05,0.6241043,0.70314085,0.63700664,0.56834
1e-05,0.6236043,0.7035544,0.63838,0.56832
1e-05,0.6240704,0.70313513,0.63669336,0.5683
1e-05,0.6240923,0.7033328,0.6378533,0.56868
1e-05,0.62398654,0.70318323,0.6371667,0.56882
1e-05,0.62422293,0.70308864,0.63842666,0.56934
1e-05,0.6239199,0.70266926,0.63678664,0.56836
1e-05,0.6238571,0.7032974,0.63772,0.56792
1e-05,0.6234325,0.70331776,0.6389667,0.5688
1e-05,0.6241168,0.7040311,0.63724,0.56954
1e-05,0.62306243,0.70361876,0.63816,0.56874
1e-05,0.6241177,0.70256954,0.63736,0.56852
1e-05,0.6237024,0.7032181,0.6382933,0.56778
1e-05,0.624057,0.70374346,0.6373867,0.56882
1e-05,0.62420875,0.70302,0.63695335,0.56906
1e-05,0.6238017,0.7030696,0.63796,0.56952
1e-05,0.62398404,0.70325476,0.6370133,0.56998
1e-05,0.6234277,0.70326835,0.63919336,0.56908
1e-05,0.6237527,0.70314753,0.63826,0.56852
1e-05,0.6235158,0.7035135,0.63864666,0.56872
1e-05,0.6231575,0.7032464,0.6383067,0.56826
1e-05,0.6235068,0.7038003,0.63758,0.56828
1e-05,0.62308043,0.7037319,0.63843334,0.56832
1e-05,0.6235157,0.70297754,0.63809335,0.56876
1e-05,0.6237706,0.7038704,0.6372067,0.56828
1e-05,0.6237964,0.7032432,0.63786,0.5687
1e-05,0.6234463,0.7032571,0.6372733,0.56886
1e-05,0.6238162,0.7029359,0.63824,0.56858
1e-05,0.6233915,0.70293677,0.63913333,0.5684
1e-05,0.6242667,0.7030064,0.63792664,0.56896
1e-05,0.6238701,0.7029874,0.63758,0.56886
1e-05,0.6237268,0.7027643,0.63894665,0.56914
1e-05,0.6239544,0.7033165,0.6376,0.5687
1e-05,0.62398005,0.70258474,0.63774,0.56914
1e-05,0.6222669,0.7036494,0.63983333,0.56852
1e-05,0.62318283,0.7037074,0.63832664,0.56944
1e-05,0.6233369,0.7037165,0.63842666,0.56836
1e-05,0.6244128,0.7032363,0.63776,0.56862
1e-05,0.6234244,0.70309925,0.6381533,0.5692
1e-05,0.6233347,0.7037484,0.6383,0.56878
1e-05,0.6239774,0.70338583,0.6374,0.56858
1e-05,0.62366235,0.7035999,0.63769335,0.56828
1e-05,0.62358457,0.7034473,0.63876665,0.56856
1e-05,0.6237469,0.70330507,0.63798666,0.56892
1e-05,0.6234205,0.7041699,0.63919336,0.5687
1e-05,0.6234859,0.7035996,0.63844,0.56782
1e-05,0.62384576,0.70375776,0.6370933,0.56872
1e-05,0.623224,0.7037963,0.63813335,0.56894
1e-05,0.62317854,0.70405036,0.63766664,0.56928
1e-05,0.6237401,0.7033675,0.63769335,0.56866
1e-05,0.62342465,0.7029977,0.6375933,0.5685
1e-05,0.6235656,0.7031937,0.63769335,0.5687
1e-05,0.6237684,0.70373297,0.63761336,0.56924
1e-05,0.62384415,0.7033769,0.6385,0.56826
1e-05,0.6231849,0.7038431,0.6390333,0.5682
1e-05,0.6230857,0.70364416,0.6379667,0.56876
1e-05,0.6232616,0.7040578,0.63876665,0.5681
1e-05,0.62325543,0.7028671,0.63849336,0.56802
1e-05,0.62371075,0.70365983,0.6384067,0.56758
1e-05,0.6233091,0.70377433,0.63817334,0.56866
1e-05,0.6230089,0.7033351,0.6389267,0.56798
1e-05,0.6233629,0.7035542,0.63744,0.56728
1e-05,0.62294674,0.7038442,0.63852,0.56798
1e-05,0.62348896,0.70410556,0.6384,0.56906
1e-05,0.6237275,0.70386034,0.63729334,0.56872
1e-05,0.62277627,0.70354307,0.6385667,0.56834
1e-05,0.62287444,0.70427155,0.63832,0.5691
1e-05,0.62349147,0.70338446,0.63831335,0.56836
1e-05,0.62373275,0.7039379,0.63846,0.56874
1e-05,0.6233594,0.70437366,0.63880664,0.56868
1e-05,0.62330556,0.7034985,0.63820666,0.56858
1e-05,0.6231816,0.7039859,0.6384467,0.56856
1e-05,0.62358105,0.70397687,0.63758,0.56856
1e-05,0.6233325,0.7038062,0.6381533,0.56826
1e-05,0.6231051,0.7041962,0.6376467,0.56876
1e-05,0.62329644,0.70375234,0.63912666,0.56814
1e-05,0.623184,0.704124,0.6373467,0.56792
1e-05,0.6230854,0.70421237,0.63835335,0.56788
1e-05,0.62302595,0.7041309,0.63858664,0.56828
1e-05,0.6232158,0.7038705,0.63732,0.56804
1e-05,0.62359977,0.70483327,0.63916,0.56884
1e-05,0.6232444,0.7038256,0.63831335,0.56818
1e-05,0.6241013,0.7037772,0.63864666,0.56774
1e-05,0.6231762,0.7043476,0.6374867,0.56792
1e-05,0.6229771,0.7047542,0.63854,0.56834
1e-05,0.62279594,0.7040031,0.63894,0.56772
1e-05,0.62303174,0.7045259,0.6388467,0.56842
1e-05,0.62270623,0.70404613,0.6377533,0.56782
1e-05,0.6228779,0.7047535,0.63979334,0.56832
1e-05,0.62347174,0.70404357,0.63862,0.5687
1e-05,0.6227925,0.7047861,0.63888,0.56794
1e-05,0.6236045,0.7039826,0.63876,0.56716
1e-05,0.6226945,0.7046401,0.63931334,0.56878
1e-05,0.62328386,0.70459276,0.63809335,0.5686
1e-05,0.6226881,0.7046007,0.63918,0.56868
1e-05,0.6231596,0.70467526,0.63798666,0.56814
1e-05,0.62308925,0.70441234,0.63891333,0.56868
1e-05,0.6234716,0.7039078,0.63787335,0.56822
1e-05,0.62362075,0.70387965,0.63801336,0.56794
1e-05,0.62259835,0.7044157,0.63798,0.56794
1e-05,0.6231282,0.7051402,0.63865334,0.56846
1e-05,0.62296706,0.70398784,0.63928,0.56764
1e-05,0.62317395,0.7037148,0.6382,0.56778
1e-05,0.62324595,0.7040155,0.63802665,0.56774
1e-05,0.6230211,0.7033275,0.63950664,0.56814
1e-05,0.62316793,0.70403504,0.6387733,0.5687
1e-05,0.6233588,0.7042249,0.6389267,0.56866
1e-05,0.6230377,0.7037587,0.63902664,0.56848
1e-05,0.6229239,0.7047262,0.63966,0.56866
1e-05,0.6223985,0.7043085,0.63909334,0.56808
1e-05,0.6225634,0.70411664,0.63924664,0.56714
1e-05,0.6229583,0.7042183,0.63810664,0.56822
1e-05,0.6227877,0.70479715,0.63990664,0.56872
1e-05,0.62307614,0.7049834,0.63894665,0.56878
1e-05,0.6228434,0.7046176,0.63812,0.56806
1e-05,0.6232346,0.7047541,0.63888,0.56756
1e-05,0.62321305,0.7044807,0.63888,0.56902
1e-05,0.6229039,0.704105,0.63834,0.56806
1e-05,0.6234006,0.70441735,0.6381267,0.5693
1e-05,0.6222494,0.70508844,0.6383733,0.56868
1e-05,0.6232274,0.70471543,0.63832664,0.5688
1e-05,0.62330383,0.70376444,0.63799334,0.56794
1e-05,0.6229445,0.70375234,0.63936,0.5684
1e-05,0.62300473,0.70480126,0.6384,0.56874
1e-05,0.62317735,0.7043718,0.6381267,0.56844
1e-05,0.6230736,0.7044137,0.63768,0.56964
1e-05,0.62291956,0.7043019,0.63937336,0.56828
1e-05,0.622892,0.7037466,0.63875335,0.56864
1e-05,0.62258315,0.7046228,0.6383733,0.56774
1e-05,0.6227029,0.7051266,0.63964665,0.56848
1e-05,0.62315285,0.70439357,0.63894,0.56908
1e-05,0.62245685,0.704152,0.63905334,0.56832
1e-05,0.6231097,0.703986,0.63804,0.56848
1e-05,0.62244153,0.7046548,0.6385,0.56884
1e-05,0.62259656,0.7050671,0.63874,0.56838
1e-05,0.62299824,0.70475525,0.63904667,0.5685
1e-05,0.62258524,0.70476305,0.63854665,0.5679
1e-05,0.62323207,0.70398,0.6386733,0.5686
1e-05,0.62310493,0.7048389,0.63878,0.56888
1e-05,0.6228237,0.70468676,0.63989335,0.5688
1e-05,0.62300795,0.7043296,0.63893336,0.56902
1e-05,0.6231915,0.7042942,0.63919336,0.5683
1e-05,0.6223439,0.70430624,0.63952667,0.56782
1e-05,0.6224698,0.70407605,0.6398067,0.5683
1e-05,0.6229382,0.7049632,0.6386333,0.56826
1e-05,0.62279403,0.7045574,0.6374,0.56692
1e-05,0.6228624,0.7049971,0.63892,0.56796
1e-05,0.6223459,0.7048899,0.63844,0.56758
1e-05,0.6226299,0.7053555,0.63828,0.5675
1e-05,0.6230482,0.70547014,0.6380067,0.56848
1e-05,0.62261426,0.7040434,0.64114,0.56844
1e-05,0.62256825,0.7048928,0.63968,0.56844
1e-05,0.62255037,0.70492256,0.63843334,0.5675
1e-05,0.62275225,0.7045072,0.63887334,0.5682
1e-05,0.62252307,0.7058046,0.63888,0.56806
1e-05,0.6221343,0.70503014,0.63968,0.5668
1e-05,0.62283975,0.7054217,0.6399133,0.56806
1e-05,0.6224318,0.70486826,0.6396,0.56764
1e-05,0.62257683,0.70481557,0.6387733,0.5676
1e-05,0.6226732,0.7039698,0.63887334,0.56798
1e-05,0.62219304,0.70480067,0.63902,0.56786
1e-05,0.62213093,0.70508236,0.63994664,0.56748
1e-05,0.6220764,0.7060943,0.6390667,0.56856
1e-05,0.62256116,0.7043081,0.63871336,0.56778
1e-05,0.6218614,0.7055045,0.64034,0.56804
1e-05,0.62230134,0.70506525,0.64005333,0.56772
1e-05,0.62226385,0.7051209,0.64042,0.56798
1e-05,0.62254727,0.70461386,0.63923335,0.56744
1e-05,0.62235457,0.70421225,0.63914,0.56824
1e-05,0.622229,0.70500135,0.6397333,0.56804
1e-05,0.622239,0.70503825,0.64032,0.56724
1e-05,0.622671,0.70529073,0.63858664,0.56716
1e-05,0.62278295,0.7047886,0.63948,0.5682
1e-05,0.6226541,0.7047071,0.63914,0.56792
1e-05,0.62311333,0.7049328,0.63798666,0.56762
1e-05,0.62261486,0.70459104,0.6391867,0.56754
1e-05,0.6224359,0.7054529,0.6391067,0.56728
1e-05,0.62239605,0.70590436,0.63835335,0.56768
1e-05,0.62269497,0.705239,0.63934666,0.56772
1e-05,0.6221597,0.70473564,0.63953334,0.56708
1e-05,0.6222543,0.7050342,0.63937336,0.5675
1e-05,0.62334555,0.70493424,0.63816,0.56842
1e-05,0.6223861,0.7051793,0.6387867,0.56854
1e-05,0.6225244,0.7047742,0.6384133,0.5688
1e-05,0.622598,0.70472795,0.63898,0.56826
1e-05,0.6227194,0.70487946,0.63879335,0.568
1e-05,0.62241393,0.7057081,0.63953334,0.5681
1e-05,0.62345076,0.70473576,0.6373467,0.5683
1e-05,0.62181425,0.70564353,0.64104664,0.56816
1e-05,0.6223381,0.7053356,0.64007336,0.56794
1e-05,0.6222847,0.70559156,0.6401733,0.56902
1e-05,0.6221604,0.70492643,0.6399133,0.56728
1e-05,0.62165713,0.7063592,0.6394067,0.56772
1e-05,0.6222594,0.70558804,0.6380067,0.56712
1e-05,0.6221273,0.70592535,0.63992,0.56782
1e-05,0.62220883,0.70499325,0.6386333,0.56718
1e-05,0.622072,0.7047355,0.63924664,0.56728
1e-05,0.6217839,0.7043651,0.63993335,0.56788
1e-05,0.62189734,0.7060189,0.6398733,0.56802
1e-05,0.62199515,0.7058388,0.63994,0.56686
1e-05,0.6223158,0.7045969,0.64026666,0.56736
1e-05,0.6221579,0.7059237,0.63972664,0.56856
1e-05,0.62210643,0.7061727,0.63946,0.56852
1e-05,0.62163275,0.70577943,0.63936,0.56756
1e-05,0.62209135,0.7052873,0.63892,0.56772
1e-05,0.62198323,0.704731,0.6401333,0.56772
1e-05,0.62181675,0.70557225,0.63938665,0.5678
1e-05,0.6219168,0.7048088,0.64011335,0.56786
1e-05,0.62257475,0.7050447,0.63914,0.56802
1e-05,0.6223019,0.70538545,0.6395,0.56878
1e-05,0.62235624,0.70534253,0.63986665,0.56772
1e-05,0.62235373,0.7049834,0.63946664,0.56856
1e-05,0.6220744,0.7054739,0.64037335,0.56824
1e-05,0.62178063,0.70510757,0.63953334,0.56784
1e-05,0.62218225,0.7052556,0.63931334,0.56806
1e-05,0.62204564,0.7058941,0.63937336,0.56746
1e-05,0.6229169,0.70510703,0.6385267,0.56764
1e-05,0.62208104,0.70519876,0.63926,0.56786
1e-05,0.6222513,0.7047455,0.6398067,0.56712
1e-05,0.6224044,0.7047889,0.6394867,0.56764
1e-05,0.6221344,0.70590144,0.63964,0.56808
1e-05,0.6220692,0.7045919,0.64049333,0.56752
1e-05,0.62214226,0.7051484,0.64037335,0.56794
1e-05,0.62236965,0.70519906,0.6400333,0.56772
1e-05,0.6218022,0.705086,0.6396267,0.56808
1e-05,0.6219968,0.70524037,0.63998,0.56794
1e-05,0.6223687,0.70488966,0.6396533,0.56654
1e-05,0.62203145,0.7055154,0.63901335,0.5671
1e-05,0.62151086,0.70595074,0.64030665,0.56778
1e-05,0.6222214,0.7058862,0.63990664,0.56834
1e-05,0.62192404,0.7048497,0.64062,0.56854
1e-05,0.6216961,0.705185,0.64026,0.56752
1e-05,0.62255186,0.705162,0.6391067,0.56768
1e-05,0.6223105,0.70558196,0.63893336,0.56802
1e-05,0.6218785,0.70508087,0.6391733,0.56764
1e-05,0.62152,0.70525163,0.64076,0.56762
1e-05,0.62159914,0.7062413,0.64011335,0.5677
1e-05,0.6219053,0.70533025,0.6389933,0.5674
1e-05,0.62170607,0.70576537,0.64042,0.5673
1e-05,0.6214228,0.7059411,0.64024,0.56862
1e-05,0.6217987,0.7054818,0.63982666,0.5675
1e-05,0.6216141,0.7055811,0.6404267,0.56826
1e-05,0.62172246,0.7050437,0.64045334,0.568
1e-05,0.6221055,0.70598197,0.63961333,0.56724
1e-05,0.62106895,0.70563465,0.6405467,0.56712
1e-05,0.62226874,0.70495725,0.6395467,0.56634
1e-05,0.62177354,0.7054053,0.6394067,0.56734
1e-05,0.62201285,0.70447356,0.63931334,0.5677
1e-05,0.6221454,0.70596945,0.6392933,0.56696
1e-05,0.62273574,0.7057813,0.63795334,0.56798
1e-05,0.6217233,0.7053023,0.63915336,0.56774
1e-05,0.6220299,0.7048273,0.64016664,0.56676
1e-05,0.62190634,0.7056121,0.6400333,0.56714
1e-05,0.6218089,0.70509297,0.6408333,0.56722
1e-05,0.62153333,0.70593685,0.6411667,0.56766
1e-05,0.6218065,0.70589024,0.6404267,0.56768
1e-05,0.62173295,0.70496017,0.6404,0.5668
1e-05,0.6219641,0.70605916,0.63975334,0.56794
1e-05,0.62168187,0.7057379,0.64073336,0.56754
1e-05,0.6216343,0.70534337,0.63982,0.56778
1e-05,0.621673,0.705767,0.63946,0.56702
1e-05,0.6217791,0.7064322,0.63864666,0.56716
1e-05,0.6218429,0.7059569,0.64016664,0.5677
1e-05,0.62222457,0.70545363,0.63954,0.56738
1e-05,0.621814,0.70598847,0.6404667,0.5686
1e-05,0.6216728,0.7060067,0.6403533,0.5681
1e-05,0.6213841,0.70545095,0.6403133,0.56772
1e-05,0.6211432,0.70530105,0.6393267,0.56778
1e-05,0.62180614,0.70594877,0.63993335,0.56728
1e-05,0.6216718,0.7060803,0.6398467,0.56768
1e-05,0.6221581,0.7058862,0.63966,0.56746
1e-05,0.62195235,0.7057783,0.6404267,0.56768
1e-05,0.6218349,0.7058768,0.63966,0.56736
1e-05,0.621647,0.7049551,0.64082664,0.56648
1e-05,0.6219845,0.7058944,0.63904667,0.56618
1e-05,0.6220503,0.7057165,0.63928664,0.56694
1e-05,0.6214184,0.70667595,0.63982,0.5676
1e-05,0.62168336,0.70510745,0.63968,0.5673
1e-05,0.6215342,0.70647013,0.6405,0.56708
1e-05,0.62129265,0.70639235,0.64104664,0.56706
1e-05,0.6216584,0.7057164,0.64036,0.56766
1e-05,0.6213202,0.7062608,0.6394867,0.56608
1e-05,0.6213676,0.70718336,0.6397,0.56732
1e-05,0.6213957,0.70644933,0.6411267,0.56684
1e-05,0.62171745,0.7063358,0.6399267,0.567
1e-05,0.6216356,0.70626336,0.64033335,0.56704
1e-05,0.62127674,0.7061187,0.64086,0.5672
1e-05,0.6214561,0.70650816,0.6403133,0.56652
1e-05,0.6210632,0.7060569,0.6414933,0.56748
1e-05,0.62137,0.70675063,0.64034665,0.56682
1e-05,0.62086457,0.70684636,0.6404333,0.56754
1e-05,0.621416,0.70664865,0.6399,0.56692
1e-05,0.62178266,0.7059164,0.6402467,0.56722
1e-05,0.6217603,0.7055031,0.6407267,0.56624
1e-05,0.6217114,0.7064481,0.6399867,0.56708
1e-05,0.6214493,0.70584476,0.64107335,0.56744
1e-05,0.621248,0.7063372,0.6408733,0.56782
1e-05,0.6209387,0.7064253,0.6397733,0.56802
1e-05,0.62157375,0.70577013,0.63923335,0.56712
1e-05,0.6208506,0.7071097,0.64056,0.567
1e-05,0.6210023,0.7062216,0.64110667,0.56754
1e-05,0.6214955,0.706333,0.6396667,0.5666
1e-05,0.6216355,0.7064881,0.64110667,0.56688
1e-05,0.6212909,0.706013,0.64049333,0.56648
1e-05,0.6214605,0.7066053,0.6393267,0.56708
1e-05,0.6210656,0.7071233,0.6404667,0.56776
1e-05,0.62104166,0.7053658,0.64088666,0.56836
1e-05,0.6212545,0.7062276,0.6408333,0.5666
1e-05,0.62190765,0.7064992,0.64007336,0.56762
1e-05,0.62148255,0.70660836,0.63950664,0.5672
1e-05,0.621435,0.70634365,0.6405467,0.56744
1e-05,0.6208375,0.70723814,0.6405067,0.568
1e-05,0.6214874,0.7065946,0.64004666,0.56782
1e-05,0.6209802,0.7070954,0.6421933,0.56666
1e-05,0.62096786,0.70657706,0.64066,0.56702
1e-05,0.62148196,0.7064574,0.6400333,0.5675
1e-05,0.62191623,0.70573974,0.63990664,0.56636
1e-05,0.62148255,0.70637333,0.64078,0.56702
1e-05,0.62133634,0.7066976,0.64014,0.56756
1e-05,0.6211912,0.70674324,0.63968664,0.56774
1e-05,0.6214537,0.7063281,0.64132,0.56692
1e-05,0.62046754,0.70743644,0.6398867,0.56642
1e-05,0.6217073,0.70684445,0.64056665,0.56656
1e-05,0.62103695,0.7072779,0.63989335,0.56634
1e-05,0.621663,0.7067803,0.6416133,0.56748
1e-05,0.6214065,0.7059771,0.6415067,0.56686
1e-05,0.6210133,0.7070404,0.64092,0.56732
1e-05,0.6209843,0.7070239,0.641,0.56718
1e-05,0.6218895,0.70671964,0.63964665,0.56698
1e-05,0.6211538,0.7069009,0.64148,0.56758
1e-05,0.6212284,0.70615375,0.64126664,0.56754
1e-05,0.62099206,0.7065666,0.6400667,0.56718
1e-05,0.62098986,0.7068305,0.6424,0.5675
1e-05,0.62113047,0.7067583,0.6401467,0.56722
1e-05,0.62043685,0.7074314,0.64208,0.56736
1e-05,0.62150973,0.70650667,0.63967335,0.56734
1e-05,0.6217885,0.7068449,0.63992,0.56762
1e-05,0.6208696,0.7075945,0.64086,0.56784
1e-05,0.62085915,0.70740175,0.6413867,0.56722
1e-05,0.62153846,0.70684785,0.63997334,0.56698
1e-05,0.620849,0.7074915,0.6403,0.5672
1e-05,0.6210349,0.70703113,0.64038664,0.56692
1e-05,0.6211804,0.70667696,0.6396267,0.56692
1e-05,0.6206287,0.70734054,0.64056,0.56728
1e-05,0.62088805,0.7067368,0.64107335,0.56816
1e-05,0.6212373,0.7068333,0.6402867,0.56648
1e-05,0.62140715,0.7071464,0.64019334,0.56678
1e-05,0.62132156,0.7070889,0.64034665,0.5663
1e-05,0.6208716,0.70723426,0.63994,0.56736
1e-05,0.62117624,0.7074737,0.64055336,0.567
1e-05,0.6209969,0.7064396,0.6410667,0.56628
1e-05,0.6209798,0.70749736,0.64064,0.56734
1e-05,0.6213764,0.7062412,0.63983333,0.56726
1e-05,0.6207798,0.70755416,0.64076,0.56764
1e-05,0.62123126,0.70580745,0.64093333,0.56662
1e-05,0.6210639,0.7062603,0.6403,0.56656
1e-05,0.620542,0.7068686,0.6413467,0.56742
1e-05,0.62112653,0.7073245,0.64077336,0.56744
1e-05,0.62133056,0.70654976,0.64106,0.56708
1e-05,0.6205842,0.70664525,0.64070666,0.56684
1e-05,0.6213053,0.70671517,0.64074665,0.56688
1e-05,0.620658,0.7068932,0.6419733,0.568
1e-05,0.6206674,0.7071806,0.6408333,0.56842
1e-05,0.6205075,0.70724595,0.6408733,0.56764
1e-05,0.62169725,0.70672524,0.64151335,0.5677
1e-05,0.6203285,0.7075004,0.6406533,0.56796
1e-05,0.62113494,0.70714206,0.6399867,0.56738
1e-05,0.6213849,0.70719975,0.63934666,0.56726
1e-05,0.6209042,0.7077266,0.64052,0.56746
1e-05,0.62094796,0.7068014,0.6415,0.56682
1e-05,0.6208125,0.7063727,0.6411333,0.56724
1e-05,0.62053394,0.707657,0.6413867,0.56738
1e-05,0.6198816,0.70803577,0.64238,0.56792
1e-05,0.62109005,0.70703477,0.6415,0.56756
1e-05,0.62080044,0.7066535,0.64142,0.56742
1e-05,0.6202746,0.7072217,0.6415667,0.56714
1e-05,0.62062454,0.7070215,0.64216,0.5675
1e-05,0.62090683,0.70688003,0.64144665,0.56716
1e-05,0.62101066,0.7074147,0.64056,0.56776
1e-05,0.6207663,0.7072763,0.64169335,0.56706
1e-05,0.620353,0.70720994,0.6409733,0.56764
1e-05,0.6203662,0.70738053,0.6408,0.56692
1e-05,0.62075055,0.7071227,0.64056,0.56756
1e-05,0.6207676,0.7068083,0.64176,0.56814
1e-05,0.6205823,0.7069265,0.64222,0.5668
1e-05,0.62065846,0.7072276,0.6415333,0.56758
1e-05,0.62075216,0.70793,0.6405467,0.56686
1e-05,0.62088335,0.70827293,0.6415,0.56686
1e-05,0.6204772,0.7078455,0.64142,0.56682
1e-05,0.62062126,0.7070966,0.64218664,0.5671
1e-05,0.62031007,0.7075955,0.64117336,0.56664
1e-05,0.6202767,0.70851564,0.64252,0.56786
1e-05,0.62058234,0.70755553,0.64151335,0.5663
1e-05,0.6198855,0.70811564,0.64258665,0.56658
1e-05,0.6200429,0.7082596,0.64180666,0.56744
1e-05,0.6202609,0.7075531,0.64154,0.56658
1e-05,0.6208557,0.7077972,0.6416733,0.568
1e-05,0.620761,0.7077497,0.6413133,0.56768
1e-05,0.6208208,0.7076352,0.6410133,0.56686
1e-05,0.62084556,0.7077724,0.6417267,0.5678
1e-05,0.6207311,0.7077283,0.64136,0.5667
1e-05,0.620159,0.7077703,0.6420533,0.56692
1e-05,0.6204489,0.7075923,0.64144,0.5668
1e-05,0.620365,0.70788205,0.64170665,0.5674
1e-05,0.62080836,0.7078868,0.6415067,0.56736
1e-05,0.62027663,0.7076068,0.64092,0.56756
1e-05,0.62034535,0.70756334,0.6408733,0.56644
1e-05,0.62078077,0.7075265,0.64128,0.5672
1e-05,0.6207254,0.70783955,0.64122665,0.56696
1e-05,0.62095034,0.7070787,0.64028,0.56716
1e-05,0.62083733,0.70718616,0.64117336,0.56742
1e-05,0.62012535,0.70678675,0.64154,0.56684
1e-05,0.6204608,0.7081035,0.64218664,0.5657
1e-05,0.6208377,0.70765543,0.6420067,0.56672
1e-05,0.6209774,0.70736706,0.6413867,0.5666
1e-05,0.6205374,0.707355,0.6411267,0.56666
1e-05,0.6205848,0.7074957,0.64089334,0.56728
1e-05,0.620751,0.70773095,0.64066666,0.5672
1e-05,0.6199762,0.7076768,0.64258665,0.5671
1e-05,0.62045366,0.7077002,0.6418333,0.5669
1e-05,0.62030643,0.70774394,0.6413133,0.567
1e-05,0.62022316,0.7074796,0.64191335,0.5674
1e-05,0.6205442,0.70730734,0.6411,0.56656
1e-05,0.62067515,0.70769405,0.6408733,0.5672
1e-05,0.6203594,0.7080996,0.64074,0.5676
1e-05,0.6206891,0.7074351,0.6413533,0.5672
1e-05,0.62054825,0.70764184,0.641,0.56684
1e-05,0.6200595,0.707598,0.6417,0.56756
1e-05,0.61999536,0.7079247,0.6419,0.5671
1e-05,0.62034816,0.7077384,0.64098,0.56716
1e-05,0.6203448,0.70841676,0.64206,0.56698
1e-05,0.6204373,0.7077138,0.64198667,0.5668
1e-05,0.621191,0.7071075,0.6412333,0.56756
1e-05,0.62043035,0.7070626,0.64059335,0.56654
1e-05,0.6205644,0.7081601,0.64242,0.5671
1e-05,0.6211339,0.7066036,0.6406467,0.56644
1e-05,0.62081933,0.70732033,0.6396533,0.56672
1e-05,0.6204249,0.70739573,0.6407533,0.5664
1e-05,0.62043417,0.7076348,0.6412,0.56606
1e-05,0.62052846,0.70680594,0.64181334,0.56662
1e-05,0.62044966,0.7069815,0.6420067,0.56642
1e-05,0.6210404,0.70780355,0.64136666,0.56768
1e-05,0.6202176,0.707362,0.64143336,0.5664
1e-05,0.6204493,0.7076332,0.6412467,0.56688
1e-05,0.6201416,0.70747715,0.6410267,0.56578
1e-05,0.62010574,0.70752305,0.64187336,0.56678
1e-05,0.62057626,0.7066978,0.64073336,0.56676
1e-05,0.6200901,0.7076942,0.6424533,0.56684
1e-05,0.62002933,0.70766264,0.64184,0.56676
1e-05,0.6201785,0.70798796,0.64162666,0.56614
1e-05,0.6201808,0.7078209,0.6424,0.56612
1e-05,0.62059706,0.7078529,0.64032,0.5674
1e-05,0.62008655,0.7084641,0.64212,0.56748
1e-05,0.62005347,0.70833075,0.64186,0.56724
1e-05,0.62048495,0.7076353,0.6410267,0.56696
1e-05,0.62101674,0.7072843,0.64132667,0.56682
1e-05,0.62018085,0.70808476,0.64116,0.56734
1e-05,0.6204535,0.70778084,0.64076,0.5668
1e-05,0.6207713,0.7077557,0.64147335,0.56772
1e-05,0.62012243,0.70796674,0.64210665,0.5673
1e-05,0.6198957,0.7086538,0.6423,0.56808
1e-05,0.6200668,0.7083629,0.64244664,0.56688
1e-05,0.6199829,0.7082425,0.642,0.56794
1e-05,0.6200763,0.70833457,0.64184666,0.56648
1e-05,0.62015253,0.708452,0.64198,0.56658
1e-05,0.620872,0.7076334,0.6411667,0.56638
1e-05,0.6202504,0.7080796,0.64218664,0.566
1e-05,0.62004775,0.7078658,0.64199334,0.56674
1e-05,0.62026054,0.70896536,0.6403933,0.56668
1e-05,0.6204154,0.70787954,0.64257336,0.56696
1e-05,0.6199464,0.70789665,0.6421533,0.56616
1e-05,0.6198543,0.70855814,0.64154667,0.56696
1e-05,0.61994547,0.70828766,0.6422267,0.56772
1e-05,0.6203735,0.70765954,0.6424,0.56698
1e-05,0.62018484,0.7082606,0.64268667,0.5672
1e-05,0.62009645,0.70854974,0.64185333,0.56678
1e-05,0.6200129,0.70885813,0.64214665,0.56644
1e-05,0.6193854,0.7086287,0.6417267,0.56632
1e-05,0.6194738,0.70881623,0.64119333,0.56592
1e-05,0.6205265,0.70848954,0.6424867,0.56618
1e-05,0.6202727,0.70839113,0.64144,0.56684
1e-05,0.620525,0.70862263,0.64143336,0.56676
1e-05,0.61996067,0.7080663,0.64108,0.56672
1e-05,0.6194189,0.7083346,0.6426733,0.56736
1e-05,0.62034214,0.7083603,0.64126664,0.56706
1e-05,0.6195453,0.7083264,0.64251333,0.56702
1e-05,0.619747,0.70813596,0.64262,0.56722
1e-05,0.62013245,0.7085558,0.6415667,0.5665
1e-05,0.6202274,0.708356,0.6414933,0.5661
1e-05,0.6198391,0.7085163,0.64250666,0.5672
1e-05,0.620468,0.7081,0.64037335,0.56674
1e-05,0.61976725,0.70941204,0.64246666,0.56592
1e-05,0.62015784,0.7079229,0.6424533,0.5662
1e-05,0.62004995,0.7080969,0.64224666,0.56692
1e-05,0.62012535,0.70832956,0.6415333,0.56644
1e-05,0.62007606,0.7086679,0.64178,0.5663
1e-05,0.6198218,0.70906687,0.6419467,0.56692
1e-05,0.61965466,0.7084083,0.6430733,0.56674
1e-05,0.6203145,0.70813286,0.6415667,0.56668
1e-05,0.61955726,0.70850635,0.64284664,0.56648
1e-05,0.61959594,0.7088592,0.6423067,0.56712
1e-05,0.61925775,0.7095853,0.6422733,0.56592
1e-05,0.6195696,0.7095157,0.64220667,0.56646
1e-05,0.61980295,0.708403,0.64152664,0.56682
1e-05,0.62021124,0.70896655,0.64176667,0.56684
1e-05,0.6198672,0.708262,0.64188,0.566
1e-05,0.6198075,0.708983,0.6421267,0.56612
1e-05,0.6197628,0.70797604,0.64243335,0.56692
1e-05,0.620054,0.70839024,0.6420867,0.56626
1e-05,0.62024766,0.7085907,0.64184,0.56634
1e-05,0.61987436,0.7082846,0.64198,0.56614
1e-05,0.61996096,0.7082802,0.64213336,0.5668
1e-05,0.6197508,0.7088413,0.64268667,0.56652
1e-05,0.61986655,0.70884776,0.64202666,0.5662
1e-05,0.619618,0.7091329,0.6419,0.56586
1e-05,0.619375,0.7089639,0.6423733,0.56658
1e-05,0.6195004,0.7090567,0.64214,0.56606
1e-05,0.6201545,0.7087372,0.64243335,0.56592
1e-05,0.61996037,0.7086652,0.64239335,0.56652
1e-05,0.6195917,0.7088582,0.64162,0.56662
1e-05,0.619464,0.70873445,0.64229333,0.56612
1e-05,0.6194551,0.7081525,0.6420867,0.56588
1e-05,0.6195924,0.70852387,0.64374,0.56648
1e-05,0.6193253,0.70835334,0.6439933,0.56666
1e-05,0.6200126,0.70897216,0.64162666,0.56624
1e-05,0.61964697,0.70897794,0.64256,0.5661
1e-05,0.62008244,0.7088235,0.64117336,0.56562
1e-05,0.6194309,0.70867753,0.64258,0.5662
1e-05,0.6196809,0.70890856,0.64375335,0.56598
1e-05,0.6203673,0.7085672,0.64164,0.56668
1e-05,0.61950374,0.7093749,0.64294666,0.56662
1e-05,0.61950886,0.7090831,0.64302665,0.56644
1e-05,0.6190878,0.70853573,0.64312,0.56652
1e-05,0.61978614,0.7085373,0.6424533,0.56648
1e-05,0.619799,0.7082293,0.6421133,0.5664
1e-05,0.619842,0.70851964,0.6419467,0.56686
1e-05,0.6200056,0.70912766,0.6422267,0.56666
1e-05,0.61953247,0.7089488,0.6423867,0.56654
1e-05,0.6196695,0.70783323,0.64222,0.56668
1e-05,0.6195653,0.70865124,0.6421267,0.56664
1e-05,0.6192356,0.7085626,0.6429333,0.56644
1e-05,0.6192825,0.70926505,0.64301336,0.56664
1e-05,0.6190894,0.708569,0.64238,0.56594
1e-05,0.6196434,0.7088496,0.6425,0.5667
1e-05,0.6195944,0.7092229,0.64166665,0.56548
1e-05,0.619522,0.70942366,0.64324,0.56594
1e-05,0.619612,0.70871365,0.64173335,0.56666
1e-05,0.61923915,0.7089701,0.6417267,0.56598
1e-05,0.6188644,0.70894223,0.64312,0.56642
1e-05,0.6197701,0.7091416,0.64244664,0.56658
1e-05,0.6191535,0.7089728,0.6426467,0.56604
1e-05,0.61974466,0.7086685,0.64144665,0.56654
1e-05,0.6190793,0.7092355,0.6425667,0.56634
1e-05,0.62004435,0.7079521,0.6417267,0.56644
1e-05,0.6192612,0.70972157,0.64151335,0.56654
1e-05,0.6194384,0.7091047,0.64104,0.56684
1e-05,0.6187292,0.7090444,0.64420664,0.56682
1e-05,0.6197766,0.7087132,0.64166665,0.56636
1e-05,0.6195737,0.7087816,0.6429667,0.56618
1e-05,0.61963326,0.70922965,0.64236665,0.56604
1e-05,0.6193747,0.7092946,0.64232665,0.56616
1e-05,0.61975557,0.70944536,0.64206666,0.56634
1e-05,0.619378,0.7090118,0.64192,0.56636
1e-05,0.6197175,0.7090924,0.6410267,0.56642
1e-05,0.61956716,0.7092649,0.64305335,0.56604
1e-05,0.61954004,0.70800817,0.6430067,0.5656
1e-05,0.6192671,0.709161,0.64326,0.56514
1e-05,0.61908454,0.7092439,0.6438133,0.56618
1e-05,0.61938757,0.7093306,0.64232665,0.56658
1e-05,0.6195408,0.70956373,0.64228,0.56722
1e-05,0.6195581,0.7089806,0.64354,0.56574
1e-05,0.61872715,0.7099633,0.6424133,0.56616
1e-05,0.61949295,0.7094077,0.6423067,0.56584
1e-05,0.61929816,0.70916504,0.64236,0.56628
1e-05,0.61939824,0.7090229,0.64308,0.5664
1e-05,0.6188832,0.70928854,0.64383334,0.56652
1e-05,0.6190533,0.709106,0.6439267,0.5666
1e-05,0.61914885,0.7101991,0.6425,0.56682
1e-05,0.6196942,0.7097391,0.6418667,0.5665
1e-05,0.6195244,0.70910746,0.6432,0.56614
1e-05,0.6185801,0.71013266,0.6429667,0.56664
1e-05,0.6190827,0.70931864,0.64328,0.56614
1e-05,0.61934525,0.7094362,0.6422,0.56554
1e-05,0.6195487,0.7086037,0.6425533,0.5665
1e-05,0.6197023,0.7089316,0.6426733,0.5665
1e-05,0.618432,0.70954883,0.64389336,0.56676
1e-05,0.61968106,0.70943886,0.6421533,0.56678
1e-05,0.6195749,0.7095566,0.6424133,0.56676
1e-05,0.6189506,0.7095831,0.6438533,0.56662
1e-05,0.6190068,0.70942277,0.6435867,0.56654
1e-05,0.6197529,0.70876914,0.64336,0.5662
1e-05,0.6189944,0.70992666,0.6430467,0.56638
1e-05,0.6190836,0.70847154,0.64287335,0.56578
1e-05,0.6195057,0.7098031,0.64186,0.56592
1e-05,0.6195611,0.7092657,0.6413133,0.56666
1e-05,0.6189673,0.7101971,0.6422733,0.5667
1e-05,0.6188493,0.7103839,0.64273334,0.56642
1e-05,0.61925346,0.70959723,0.6431867,0.56718
1e-05,0.619511,0.70957106,0.64304,0.56652
1e-05,0.61899596,0.70925534,0.64357334,0.5665
1e-05,0.61924326,0.7091589,0.6430467,0.5665
1e-05,0.61925006,0.7088746,0.6432533,0.56662
1e-05,0.6197235,0.7099708,0.64206,0.56654
1e-05,0.61910826,0.7094393,0.64298,0.56676
1e-05,0.619508,0.7095847,0.6418933,0.56578
1e-05,0.6194782,0.70924175,0.6422733,0.56698
1e-05,0.6187049,0.70997125,0.64372,0.56604
1e-05,0.61955124,0.7094459,0.64254665,0.56618
1e-05,0.61908937,0.70952106,0.64310664,0.56658
1e-05,0.6191855,0.7105135,0.6444,0.56686
1e-05,0.619032,0.7093892,0.6436,0.56686
1e-05,0.61801386,0.71082836,0.64486,0.56574
1e-05,0.61871415,0.70980996,0.64276,0.56586
1e-05,0.6191513,0.709369,0.64295334,0.56668
1e-05,0.61949927,0.70988214,0.64239335,0.56592
1e-05,0.6194008,0.7095267,0.6421133,0.56614
1e-05,0.619373,0.7101135,0.64290667,0.5668
1e-05,0.6187881,0.70993596,0.6429733,0.56668
1e-05,0.6191201,0.70899755,0.64316666,0.56646
1e-05,0.6182007,0.7104246,0.64411336,0.56574
1e-05,0.6191222,0.70971876,0.6423,0.56632
1e-05,0.6191266,0.71062315,0.64295334,0.56676
1e-05,0.61911684,0.71025044,0.6435133,0.5665
1e-05,0.619239,0.7098624,0.64356,0.56602
1e-05,0.6187586,0.70992804,0.64378667,0.56644
1e-05,0.61871517,0.710448,0.64350665,0.56586
1e-05,0.61892515,0.711115,0.64365333,0.56574
1e-05,0.6188203,0.7101217,0.6428933,0.56664
1e-05,0.6189023,0.7091707,0.64446664,0.56678
1e-05,0.61880535,0.70993954,0.64274,0.56652
1e-05,0.6188032,0.7098375,0.6432267,0.56624
1e-05,0.6187579,0.7098522,0.6435933,0.56678
1e-05,0.6182685,0.7104784,0.64438665,0.56642
1e-05,0.61875725,0.71001303,0.64228666,0.56582
1e-05,0.61816436,0.71046615,0.64412665,0.56548
1e-05,0.61906594,0.71071243,0.64323336,0.56622
1e-05,0.6182009,0.7107561,0.64324,0.56634
1e-05,0.6185945,0.7102706,0.6434867,0.56496
1e-05,0.61910045,0.70998836,0.6424,0.56644
1e-05,0.6188125,0.709466,0.6423467,0.5653
1e-05,0.6192438,0.7102473,0.6428133,0.56588
1e-05,0.61843693,0.7106554,0.6439267,0.566
1e-05,0.61805636,0.7107488,0.6446267,0.56548
1e-05,0.6183751,0.7102179,0.64290667,0.56584
1e-05,0.61924744,0.7101363,0.64232665,0.56614
1e-05,0.6189929,0.71020424,0.643,0.56636
1e-05,0.61835355,0.71037644,0.64346665,0.5662
1e-05,0.618408,0.71122986,0.64339334,0.56602
1e-05,0.6187605,0.7104976,0.64257336,0.5665
1e-05,0.6191864,0.7099696,0.64226,0.56644
1e-05,0.61857927,0.7108001,0.64416665,0.5663
1e-05,0.61836714,0.71049005,0.64354664,0.5671
1e-05,0.61845195,0.7105215,0.64376,0.56612
1e-05,0.61819756,0.7101874,0.6436933,0.56598
1e-05,0.6188927,0.7104267,0.64278,0.56652
1e-05,0.6189411,0.71101785,0.64309335,0.56722
1e-05,0.6188185,0.7102276,0.6424,0.56584
1e-05,0.6186775,0.711278,0.64218,0.56578
1e-05,0.61840516,0.71150506,0.64422,0.56668
1e-05,0.6188439,0.7098441,0.64383334,0.56748
1e-05,0.6187965,0.71039826,0.64316666,0.56644
1e-05,0.619378,0.7101327,0.64338666,0.5666
1e-05,0.618347,0.7101923,0.64392,0.56654
1e-05,0.61831605,0.7100946,0.64279336,0.56608
1e-05,0.61889243,0.7107695,0.64336,0.56684
1e-05,0.61871034,0.7108837,0.64372,0.56672
1e-05,0.6179235,0.71116376,0.64438665,0.56568
1e-05,0.61914164,0.710522,0.6417933,0.56654
1e-05,0.6185747,0.71081084,0.64308,0.56552
1e-05,0.6190861,0.7104563,0.6425,0.56638
1e-05,0.6183787,0.7103295,0.6429267,0.5655
1e-05,0.61867845,0.7103165,0.6424867,0.56608
1e-05,0.6186529,0.71013194,0.6423467,0.566
1e-05,0.61929536,0.71023166,0.6422333,0.56728
1e-05,0.61872095,0.71048075,0.6446533,0.56742
1e-05,0.6188031,0.71035665,0.6427467,0.56662
1e-05,0.6184011,0.7106517,0.64348,0.5665
1e-05,0.61811066,0.71122533,0.64365333,0.56698
1e-05,0.61887044,0.7105106,0.64398,0.56696
1e-05,0.6187325,0.710433,0.64262664,0.56676
1e-05,0.6185232,0.71059436,0.64424664,0.56664
1e-05,0.6179988,0.71075624,0.64352,0.56652
1e-05,0.6185538,0.710316,0.64294666,0.56726
1e-05,0.6182328,0.7106591,0.64345336,0.56608
1e-05,0.61899525,0.71062285,0.64324,0.56686
1e-05,0.6185569,0.7102648,0.6431,0.56718
1e-05,0.6187373,0.71054596,0.6430067,0.567
1e-05,0.6179897,0.7116689,0.6432,0.56562
1e-05,0.61821723,0.71160537,0.6429333,0.56622
1e-05,0.6183019,0.7105745,0.64253336,0.56584
1e-05,0.61896086,0.7113487,0.6423867,0.56456
1e-05,0.61854005,0.71113896,0.64466,0.56582
1e-05,0.6186207,0.7107758,0.64332664,0.56692
1e-05,0.6189342,0.71029615,0.6428267,0.56642
1e-05,0.6183898,0.71097106,0.64286,0.56616
1e-05,0.6189121,0.71101594,0.6440333,0.56606
1e-05,0.618391,0.7110444,0.6429733,0.56536
1e-05,0.6186971,0.71131057,0.64232665,0.56614
1e-05,0.6185903,0.7107436,0.64430666,0.56572
1e-05,0.61821467,0.71052974,0.64362,0.56606
1e-05,0.6186458,0.7110102,0.64264,0.56514
1e-05,0.61885375,0.710928,0.6426,0.56556
1e-05,0.6185728,0.71018636,0.64310664,0.5658
1e-05,0.61851114,0.7103428,0.6438,0.56532
1e-05,0.6184384,0.7104085,0.6439533,0.56534
1e-05,0.61920565,0.7109547,0.64350665,0.56616
1e-05,0.6185319,0.7105204,0.64306,0.56568
1e-05,0.6187173,0.71123827,0.64316666,0.5656
1e-05,0.6189898,0.7103442,0.64312,0.56624
1e-05,0.61860794,0.7114483,0.64324,0.5663
1e-05,0.6181918,0.7111613,0.6447333,0.5671
1e-05,0.6184934,0.7105258,0.64298666,0.5662
1e-05,0.617982,0.7113017,0.64371336,0.5666
1e-05,0.6178389,0.7114928,0.64478666,0.56684
1e-05,0.61818963,0.7106015,0.64349335,0.56606
1e-05,0.6178521,0.71184975,0.6445467,0.56578
1e-05,0.61866146,0.7113268,0.6443,0.56572
1e-05,0.6174103,0.7108953,0.64514,0.56612
1e-05,0.6186925,0.7110872,0.64350665,0.56586
1e-05,0.618091,0.71123976,0.6430867,0.5656
1e-05,0.618337,0.7118814,0.64426,0.56674
1e-05,0.61840105,0.71094716,0.64376664,0.56602
1e-05,0.61823285,0.71103895,0.6439667,0.5659
1e-05,0.6184784,0.71146,0.64360666,0.56656
1e-05,0.6181525,0.71099544,0.6438467,0.56622
1e-05,0.6184344,0.71048355,0.6431133,0.5659
1e-05,0.61811787,0.7107812,0.64361334,0.5654
1e-05,0.6181272,0.71145475,0.6425267,0.5658
1e-05,0.61821073,0.7111524,0.64453334,0.56542
1e-05,0.6181033,0.71088344,0.64396,0.56592
1e-05,0.6186277,0.71047974,0.64324665,0.56586
1e-05,0.61813647,0.71079963,0.64402,0.56578
1e-05,0.6178869,0.71122026,0.64398,0.56588
1e-05,0.6173624,0.7113766,0.6446133,0.56536
1e-05,0.6186109,0.71167535,0.64348,0.56626
1e-05,0.6183519,0.7110181,0.64328665,0.5661
1e-05,0.61828387,0.71123874,0.64463335,0.566
1e-05,0.61815447,0.71065575,0.64368665,0.56488
1e-05,0.6182114,0.7109902,0.6442133,0.56574
1e-05,0.6180645,0.7104708,0.64339334,0.56588
1e-05,0.6179855,0.71178806,0.64432,0.56466
1e-05,0.6187343,0.71098113,0.6438533,0.5662
1e-05,0.6182813,0.711634,0.64286,0.56606
1e-05,0.61846167,0.710771,0.64432,0.56638
1e-05,0.6173463,0.71150404,0.64454,0.56574
1e-05,0.61855006,0.7111769,0.6431867,0.56532
1e-05,0.6178578,0.71149856,0.64316,0.5654
1e-05,0.61858916,0.7113068,0.64446,0.56542
1e-05,0.6175761,0.71170026,0.6445,0.56546
1e-05,0.61819607,0.71203357,0.64444,0.5659
1e-05,0.6180845,0.7115757,0.64383334,0.56546
1e-05,0.6180815,0.7105909,0.6445,0.565
1e-05,0.6178825,0.71165925,0.64453334,0.56608
1e-05,0.61834013,0.7106063,0.6436333,0.5651
1e-05,0.61834294,0.7097513,0.6440667,0.56626
1e-05,0.61759853,0.711274,0.6432667,0.56522
1e-05,0.61793643,0.7117222,0.64398664,0.56554
1e-05,0.6177692,0.7108842,0.6439933,0.56536
1e-05,0.61831295,0.71119386,0.64348,0.56562
1e-05,0.6178144,0.71217155,0.64548,0.56598
1e-05,0.61761385,0.71118784,0.64460665,0.56574
1e-05,0.6179498,0.71185124,0.6434867,0.56568
1e-05,0.618066,0.71167785,0.64460665,0.56586
1e-05,0.61800426,0.7113119,0.6445467,0.56556
1e-05,0.61719817,0.71066207,0.64448667,0.56514
1e-05,0.61733234,0.7115915,0.64524,0.56526
1e-05,0.6176149,0.7118992,0.64489335,0.56544
1e-05,0.61778295,0.71235895,0.64458,0.56528
1e-05,0.6177165,0.7123556,0.64466,0.56502
1e-05,0.61794996,0.7124698,0.64365333,0.56512
1e-05,0.6174952,0.7123444,0.64448667,0.56536
1e-05,0.618486,0.711905,0.64452666,0.56518
1e-05,0.61750656,0.712394,0.6448733,0.56554
1e-05,0.61750793,0.7116475,0.6443,0.56576
1e-05,0.61746746,0.7122879,0.6448733,0.56584
1e-05,0.6173192,0.7113704,0.64356,0.56584
1e-05,0.61793214,0.712175,0.64344,0.56572
1e-05,0.61797494,0.7127184,0.64394,0.5658
1e-05,0.61767113,0.71273154,0.64454,0.56544
1e-05,0.61795455,0.7127178,0.6442,0.56572
1e-05,0.618123,0.71213245,0.64414,0.5657
1e-05,0.61797404,0.7123005,0.64416,0.56556
1e-05,0.6178006,0.71229666,0.64442664,0.56492
1e-05,0.6180621,0.71186155,0.64389336,0.56508
1e-05,0.61807853,0.7115706,0.6433333,0.56554
1e-05,0.61675835,0.7112158,0.64464,0.56456
1e-05,0.6180763,0.71267045,0.64397335,0.56544
1e-05,0.61713797,0.71255386,0.6446667,0.56496
1e-05,0.6183497,0.7124078,0.64296,0.56554
1e-05,0.6177611,0.7123648,0.6442533,0.56526
1e-05,0.6180791,0.7119051,0.64430666,0.56498
1e-05,0.61751443,0.71288615,0.64346,0.56536
1e-05,0.61803323,0.71122956,0.64409333,0.56498
1e-05,0.61762136,0.7114706,0.6444,0.5657
1e-05,0.61783934,0.7124126,0.6441467,0.56604
1e-05,0.61704874,0.711672,0.64573336,0.56596
1e-05,0.6180517,0.71259516,0.64362,0.5653
1e-05,0.61793596,0.71223444,0.64431334,0.56544
1e-05,0.6180792,0.7127789,0.64331335,0.56562
1e-05,0.6178665,0.71191704,0.6442,0.56514
1e-05,0.61817294,0.7121545,0.64346,0.56504
1e-05,0.6174118,0.7121506,0.6445133,0.56522
1e-05,0.6172023,0.71300894,0.64614,0.5656
1e-05,0.61821693,0.71246016,0.64362,0.56506
1e-05,0.61781496,0.71236306,0.64463335,0.56492
1e-05,0.6175683,0.71175015,0.6445133,0.56514
1e-05,0.61784023,0.71215236,0.645,0.56526
1e-05,0.6177655,0.71208113,0.6444067,0.56504
1e-05,0.6174866,0.71229696,0.64504665,0.56526
1e-05,0.61811924,0.71129423,0.64306,0.56494
1e-05,0.6169788,0.71200264,0.64644665,0.5656
1e-05,0.6170689,0.7123436,0.64512,0.56648
1e-05,0.6175658,0.71274453,0.64498,0.56594
1e-05,0.6183211,0.7120715,0.64302,0.56518
1e-05,0.6178877,0.7123698,0.64482,0.56596
1e-05,0.61767954,0.71277726,0.64397335,0.56428
1e-05,0.61746037,0.7119274,0.64546,0.56488
1e-05,0.61686385,0.7130139,0.64419335,0.56528
1e-05,0.61760736,0.7123425,0.64515334,0.56464
1e-05,0.6173318,0.7129203,0.64548665,0.56514
1e-05,0.61718315,0.71232885,0.64402664,0.56524
1e-05,0.6177903,0.71228194,0.64346,0.56478
1e-05,0.61739427,0.7129683,0.64489335,0.56514
1e-05,0.6185034,0.7118736,0.645,0.5648
1e-05,0.61772656,0.71117634,0.6446533,0.56576
1e-05,0.6173248,0.71222913,0.64471334,0.56494
1e-05,0.6179203,0.712666,0.64482665,0.5654
1e-05,0.6177843,0.71215975,0.64496,0.56522
1e-05,0.61746705,0.71204513,0.6454,0.56564
1e-05,0.61785185,0.71183836,0.6439,0.5653
1e-05,0.6174112,0.71217567,0.64514,0.56528
1e-05,0.6177798,0.7122101,0.6441733,0.56534
1e-05,0.61735755,0.71220034,0.64485335,0.5652
1e-05,0.6177893,0.7121115,0.64452666,0.56592
1e-05,0.61798745,0.71200925,0.64346665,0.565
1e-05,0.61701804,0.7126612,0.64603335,0.5651
1e-05,0.61713505,0.7124775,0.64434665,0.5646
1e-05,0.6179976,0.7120602,0.64324665,0.5657
1e-05,0.6169671,0.71253836,0.64368,0.56594
1e-05,0.6178189,0.7121398,0.64430666,0.56538
1e-05,0.61734045,0.71223116,0.64467335,0.56494
1e-05,0.61796844,0.71193475,0.64504665,0.56504
1e-05,0.61711764,0.71263546,0.6459733,0.56532
1e-05,0.6177802,0.71273994,0.6433,0.56544
1e-05,0.61805594,0.7119401,0.6444467,0.56492
1e-05,0.6173949,0.71163857,0.6467467,0.565
1e-05,0.61760646,0.71293396,0.64338666,0.56516
1e-05,0.61718476,0.71288544,0.64544666,0.56534
1e-05,0.6167341,0.7140778,0.64446,0.5645
1e-05,0.6180007,0.7124658,0.64400667,0.5653
1e-05,0.61733174,0.71255267,0.6443267,0.56452
1e-05,0.617944,0.7122525,0.6442533,0.56558
1e-05,0.61760193,0.71251583,0.6443,0.56502
1e-05,0.6174698,0.71216834,0.64398,0.56524
1e-05,0.61754453,0.71288186,0.64562666,0.56506
1e-05,0.61688167,0.7120338,0.6455333,0.56456
1e-05,0.61770546,0.7128385,0.6441333,0.56422
1e-05,0.61694294,0.7132278,0.6451,0.56476
1e-05,0.6171329,0.7127735,0.6463467,0.56488
1e-05,0.61727226,0.71257836,0.64468,0.56456
1e-05,0.6170274,0.7132344,0.6448333,0.5643
1e-05,0.6168512,0.7123975,0.64540666,0.56424
1e-05,0.6174007,0.7130225,0.6451333,0.56508
1e-05,0.6172642,0.7130674,0.64400667,0.56476
1e-05,0.6172718,0.7131595,0.6450533,0.56422
1e-05,0.61701214,0.7123252,0.64489335,0.56452
1e-05,0.61763585,0.71336186,0.6444467,0.56422
1e-05,0.6174028,0.71195173,0.64493334,0.56452
1e-05,0.61716616,0.71241856,0.6458667,0.5648
1e-05,0.61764383,0.7126979,0.64394665,0.56556
1e-05,0.61683875,0.7134054,0.64592665,0.56454
1e-05,0.617877,0.71152824,0.64466,0.56464
1e-05,0.617381,0.71317714,0.64457333,0.56544
1e-05,0.6168068,0.71271056,0.64661336,0.56478
1e-05,0.61677206,0.71281147,0.6451733,0.56514
1e-05,0.61741203,0.7124725,0.6436933,0.5635
1e-05,0.6167325,0.7136627,0.64573336,0.56608
1e-05,0.6169468,0.7128256,0.64577335,0.5646
1e-05,0.61755973,0.71275157,0.6458667,0.56552
1e-05,0.61704385,0.71216726,0.64626,0.56424
1e-05,0.61697876,0.7131288,0.64524,0.56478
1e-05,0.61646384,0.7134567,0.6457133,0.56434
1e-05,0.61689305,0.7128111,0.64516,0.56388
1e-05,0.6176376,0.71237636,0.6451,0.56522
1e-05,0.6171716,0.71262664,0.64556664,0.56474
1e-05,0.6166664,0.71303475,0.64501333,0.5642
1e-05,0.6173469,0.71252763,0.64545333,0.56422
1e-05,0.61707455,0.7123219,0.6448,0.56462
1e-05,0.61642146,0.7134537,0.64486,0.56506
1e-05,0.6165253,0.71427727,0.6456467,0.56518
1e-05,0.61694133,0.713885,0.64578664,0.56516
1e-05,0.6175651,0.7126706,0.64478666,0.56496
1e-05,0.61702985,0.7133873,0.64464664,0.56464
1e-05,0.6168888,0.7134911,0.64476,0.56452
1e-05,0.6169313,0.7135258,0.64428,0.56448
1e-05,0.617387,0.7136667,0.64511335,0.56438
1e-05,0.61712766,0.71325034,0.64456,0.56452
1e-05,0.61687636,0.7128999,0.64514,0.56486
1e-05,0.61634815,0.7134902,0.6457533,0.56484
1e-05,0.6168044,0.7133098,0.64548,0.56412
1e-05,0.61645275,0.7140517,0.64529335,0.5652
1e-05,0.61652017,0.71426505,0.64514,0.56526
1e-05,0.61650723,0.7139589,0.6452,0.56496
1e-05,0.61709106,0.7136094,0.64544666,0.56446
1e-05,0.6173475,0.7139166,0.64441335,0.56394
1e-05,0.61738354,0.7123005,0.64518666,0.56356
1e-05,0.6171419,0.7136889,0.64478666,0.56424
1e-05,0.61761916,0.7135302,0.6438533,0.56408
1e-05,0.6165443,0.7148032,0.64508665,0.5657
1e-05,0.61677474,0.713994,0.6459867,0.5647
1e-05,0.616063,0.7135201,0.64538,0.5641
1e-05,0.61672103,0.7132112,0.6456133,0.56488
1e-05,0.6167441,0.7138807,0.64536,0.56544
1e-05,0.617167,0.71305615,0.64326,0.56444
1e-05,0.61715096,0.7132159,0.64585334,0.5645
1e-05,0.61682403,0.71268934,0.64610666,0.56346
1e-05,0.6169725,0.71277934,0.64554,0.56354
1e-05,0.6164,0.7135926,0.64564,0.5641
1e-05,0.61624646,0.7137347,0.64559335,0.5641
1e-05,0.61729425,0.7132485,0.64522666,0.5646
1e-05,0.61671174,0.71308434,0.6460267,0.5644
1e-05,0.6165328,0.7128008,0.64584,0.56456
1e-05,0.6162901,0.7139071,0.64504,0.56396
1e-05,0.61699194,0.714366,0.6451,0.56366
1e-05,0.6165164,0.7135717,0.64512664,0.56448
1e-05,0.6163023,0.7141081,0.6457667,0.56448
1e-05,0.6170617,0.71330875,0.64463335,0.56424
1e-05,0.6166194,0.7141118,0.6454,0.56444
1e-05,0.61665064,0.71364677,0.64432,0.56442
1e-05,0.61702687,0.71357006,0.64547336,0.56424
1e-05,0.61621773,0.71318233,0.64600664,0.5648
1e-05,0.6168567,0.71343094,0.64614666,0.56412
1e-05,0.61681324,0.71406895,0.6463067,0.56492
1e-05,0.61732984,0.71374047,0.6447,0.56466
1e-05,0.6164163,0.7132033,0.64532,0.56516
1e-05,0.61660457,0.7136832,0.64533335,0.56522
1e-05,0.6168042,0.71340275,0.64622664,0.56482
1e-05,0.6174546,0.71328324,0.64444,0.56392
1e-05,0.61665267,0.713826,0.6457667,0.56474
1e-05,0.6165314,0.7135811,0.64564,0.56378
1e-05,0.6165491,0.7135264,0.64524,0.56482
1e-05,0.6168681,0.71292114,0.64603335,0.56332
1e-05,0.616248,0.71396774,0.6444,0.56462
1e-05,0.6168027,0.7134494,0.6452133,0.56416
1e-05,0.61625487,0.71374494,0.64548665,0.56388
1e-05,0.61666226,0.7126906,0.64702,0.56396
1e-05,0.6171831,0.7136599,0.6452067,0.5643
1e-05,0.6160272,0.71460426,0.64669335,0.5647
1e-05,0.61738324,0.71390015,0.64446,0.56446
1e-05,0.6162566,0.7133292,0.6469,0.5647
1e-05,0.61699307,0.71406084,0.6449933,0.56516
1e-05,0.616181,0.71319103,0.64694,0.56462
1e-05,0.6162141,0.7138206,0.64698,0.5656
1e-05,0.61678314,0.71423185,0.64514,0.56448
1e-05,0.6163202,0.71460336,0.64688665,0.5646
1e-05,0.6164386,0.7145495,0.64544666,0.56488
1e-05,0.61604583,0.7149706,0.64621335,0.56474
1e-05,0.6167845,0.71323377,0.6457267,0.56358
1e-05,0.616886,0.71311784,0.6451333,0.56416
1e-05,0.6164647,0.713863,0.64582,0.56456
1e-05,0.6169865,0.71358025,0.64533335,0.56338
1e-05,0.616262,0.7146964,0.64610666,0.5643
1e-05,0.61625975,0.71453494,0.64586,0.56472
1e-05,0.6168716,0.71457434,0.64584,0.56466
1e-05,0.6163054,0.7142754,0.6467533,0.56362
1e-05,0.6161992,0.71360266,0.64626664,0.56334
1e-05,0.6161093,0.71425503,0.6464,0.5638
1e-05,0.616142,0.7137076,0.64684,0.56292
1e-05,0.61638725,0.7134926,0.64628,0.5632
1e-05,0.61645895,0.7140208,0.6449533,0.56346
1e-05,0.61733764,0.7136656,0.64502,0.56472
1e-05,0.617057,0.71367997,0.6452067,0.56426
1e-05,0.6170487,0.7133238,0.6460267,0.56406
1e-05,0.6166114,0.7140331,0.64593333,0.5649
1e-05,0.61678135,0.7140057,0.6455,0.56446
1e-05,0.6162385,0.7143797,0.64475334,0.56382
1e-05,0.6157984,0.713982,0.645,0.56406
1e-05,0.6163837,0.7130304,0.6456133,0.56442
1e-05,0.61614335,0.7139359,0.64751333,0.56416
1e-05,0.6166145,0.7138364,0.6455467,0.5643
1e-05,0.6160648,0.71407384,0.6459067,0.56382
1e-05,0.61669046,0.71425694,0.6465667,0.56374
1e-05,0.6159453,0.7137735,0.6466467,0.56376
1e-05,0.61687267,0.71365887,0.64475334,0.56394
1e-05,0.6156051,0.7143759,0.64596665,0.56378
1e-05,0.61730677,0.71383435,0.64456,0.5638
1e-05,0.6161536,0.7133922,0.64586,0.56364
1e-05,0.6173199,0.7139039,0.64611334,0.5635
1e-05,0.6152204,0.7151619,0.64651334,0.5642
1e-05,0.6163463,0.7140638,0.6458333,0.5638
1e-05,0.6162653,0.7137958,0.64563334,0.56414
1e-05,0.6163625,0.7138033,0.64514667,0.56354
1e-05,0.61590916,0.71481526,0.64712,0.56356
1e-05,0.61669934,0.71370757,0.64593333,0.56286
1e-05,0.6156953,0.71504337,0.64722,0.56396
1e-05,0.6162229,0.7149308,0.6464933,0.56356
1e-05,0.6165221,0.7150705,0.6466067,0.5639
1e-05,0.6163559,0.71469086,0.64673334,0.56442
1e-05,0.6161059,0.71442205,0.6467,0.56338
1e-05,0.61595255,0.71432704,0.6455467,0.56348
1e-05,0.6161206,0.714343,0.6448333,0.56352
1e-05,0.6164736,0.7146695,0.64423335,0.56342
1e-05,0.61626077,0.71478075,0.6454,0.56426
1e-05,0.61590075,0.71452326,0.6459867,0.56414
1e-05,0.6159188,0.7147751,0.64606,0.56358
1e-05,0.61633724,0.714273,0.64552,0.56342
1e-05,0.6154967,0.714245,0.64680666,0.56386
1e-05,0.6160978,0.71451217,0.64502,0.5642
1e-05,0.61632633,0.71347636,0.6459733,0.56332
1e-05,0.6164109,0.71372265,0.6458,0.56396
1e-05,0.6162303,0.71336687,0.64558667,0.56346
1e-05,0.61622256,0.7136637,0.64481336,0.5627
1e-05,0.6170036,0.7140543,0.64442664,0.56396
1e-05,0.61572546,0.71442115,0.6460133,0.56386
1e-05,0.61625516,0.7149534,0.64626,0.56296
1e-05,0.6164634,0.7135965,0.6463867,0.56262
1e-05,0.6160905,0.71444076,0.6466333,0.5638
1e-05,0.61634165,0.7146236,0.6469,0.56366
1e-05,0.61636007,0.713584,0.6460133,0.56342
1e-05,0.6159479,0.71422017,0.64618665,0.56436
1e-05,0.61573327,0.71432877,0.64669335,0.56342
1e-05,0.6163432,0.7137964,0.64594,0.56392
1e-05,0.6163234,0.7136989,0.64639336,0.56386
1e-05,0.61626893,0.71500766,0.6461933,0.56438
1e-05,0.6163314,0.71426874,0.64600664,0.56378
1e-05,0.61636627,0.7151097,0.6460267,0.5635
1e-05,0.6154826,0.7152856,0.6468533,0.56344
1e-05,0.6157808,0.71411455,0.6466067,0.56324
1e-05,0.6160687,0.7145991,0.64600664,0.56374
1e-05,0.61580074,0.7149574,0.64639336,0.56374
1e-05,0.6163504,0.7148107,0.64592665,0.56406
1e-05,0.6156886,0.71492374,0.6471933,0.56416
1e-05,0.6166353,0.714036,0.64496,0.56394
1e-05,0.6161438,0.71494037,0.64558,0.56372
1e-05,0.61633086,0.71351314,0.64559335,0.56362
1e-05,0.61656356,0.71464634,0.6458,0.56344
1e-05,0.61657554,0.71483535,0.6450533,0.56396
1e-05,0.6162244,0.7148365,0.64566666,0.56362
1e-05,0.61596304,0.7151325,0.64662,0.56456
1e-05,0.6164668,0.7142513,0.64648664,0.5639
1e-05,0.6159581,0.71461314,0.64644665,0.5642
1e-05,0.61593246,0.7153486,0.6453933,0.56396
1e-05,0.6158057,0.7144013,0.64652,0.56372
1e-05,0.61572236,0.71504396,0.6464667,0.564
1e-05,0.6158897,0.7145924,0.64636666,0.56326
1e-05,0.6150577,0.7155007,0.6479267,0.56312
1e-05,0.6159368,0.71499425,0.64662,0.56422
1e-05,0.6160162,0.7147738,0.6463533,0.5635
1e-05,0.6152883,0.71497536,0.6463467,0.56386
1e-05,0.6157116,0.71523315,0.6461333,0.56446
1e-05,0.61634535,0.7150716,0.6455333,0.56466
1e-05,0.61595494,0.7151458,0.6461267,0.56406
1e-05,0.61562693,0.71452284,0.64695334,0.56344
1e-05,0.61609066,0.7147896,0.64533335,0.56364
1e-05,0.61594546,0.7147735,0.6458333,0.56346
1e-05,0.61582816,0.7146206,0.64622,0.56406
1e-05,0.6166122,0.71488965,0.64636,0.56386
1e-05,0.61618066,0.714354,0.6460533,0.56352
1e-05,0.61590165,0.71447736,0.6471,0.5638
1e-05,0.61528844,0.7154222,0.6467933,0.5645
1e-05,0.6157279,0.7149588,0.64695334,0.5635
1e-05,0.6159052,0.7142065,0.6469067,0.56352
1e-05,0.6163815,0.7140162,0.6457667,0.5641
1e-05,0.61651415,0.714273,0.64538,0.5637
1e-05,0.6153119,0.7144453,0.64664,0.5638
1e-05,0.61690414,0.71371967,0.6457267,0.56402
1e-05,0.6157074,0.7148883,0.64639336,0.56346
1e-05,0.6156551,0.7138527,0.64710665,0.5629
1e-05,0.6161773,0.71472514,0.64523333,0.56372
1e-05,0.61585623,0.71497107,0.6464,0.56308
1e-05,0.61625266,0.7140209,0.6466333,0.56396
1e-05,0.6156802,0.71480554,0.6460867,0.56378
1e-05,0.6160703,0.71476984,0.6473067,0.56384
1e-05,0.6154109,0.71471405,0.64665335,0.56342
1e-05,0.61535573,0.7154223,0.6467933,0.5637
1e-05,0.61586195,0.71491426,0.64625335,0.5637
1e-05,0.61488575,0.7154882,0.6471267,0.56398
1e-05,0.6156112,0.71505386,0.64677334,0.56414
1e-05,0.61614126,0.71460235,0.6459,0.56376
1e-05,0.6159931,0.71483135,0.64542,0.5638
1e-05,0.6159165,0.71507883,0.64644665,0.56408
1e-05,0.6153414,0.71509236,0.6468933,0.56386
1e-05,0.61578965,0.7146749,0.64599335,0.56336
1e-05,0.61566013,0.7151069,0.64666665,0.56388
1e-05,0.61585987,0.71486104,0.64757335,0.5636
1e-05,0.61622214,0.7150616,0.6469667,0.56402
1e-05,0.6154382,0.7154929,0.64718,0.56354
1e-05,0.61578774,0.715199,0.64572,0.56376
1e-05,0.6155839,0.71541315,0.64648664,0.56414
1e-05,0.61608213,0.7141234,0.6466,0.5629
1e-05,0.61539423,0.7150088,0.64632666,0.56326
1e-05,0.61499554,0.7149639,0.6476067,0.56374
1e-05,0.6153771,0.7155573,0.64672667,0.56364
1e-05,0.61556786,0.7142635,0.64632666,0.56338
1e-05,0.61509544,0.71565896,0.6467467,0.56336
1e-05,0.6157225,0.71436226,0.64577335,0.5627
1e-05,0.61606085,0.7141646,0.64578,0.56404
1e-05,0.6157366,0.7155408,0.64728,0.56412
1e-05,0.61583364,0.7149213,0.64710665,0.56342
1e-05,0.6153033,0.71523976,0.64654,0.56336
1e-05,0.61559254,0.7147785,0.64742666,0.56358
1e-05,0.6156547,0.71542966,0.64606667,0.56372
1e-05,0.61601555,0.71565956,0.646,0.5637
1e-05,0.6160094,0.7147236,0.64648664,0.56318
1e-05,0.61542517,0.7162828,0.6465333,0.5635
1e-05,0.6155299,0.7153973,0.6471267,0.56354
1e-05,0.6158846,0.715366,0.64548665,0.56312
1e-05,0.6150925,0.7151684,0.64659333,0.56368
1e-05,0.61531633,0.7154258,0.6462,0.56332
1e-05,0.6159163,0.7152022,0.6468667,0.56456
1e-05,0.61532366,0.7148714,0.6478867,0.564
1e-05,0.6154516,0.71477795,0.6476333,0.5638
1e-05,0.6157476,0.71496093,0.6455333,0.56344
1e-05,0.6152173,0.7153524,0.64765334,0.56346
1e-05,0.6151593,0.71464396,0.6468267,0.56406
1e-05,0.6152291,0.71468467,0.64750665,0.56376
1e-05,0.61513054,0.7157258,0.64648,0.56386
1e-05,0.6157183,0.71540487,0.6464,0.56346
1e-05,0.6157817,0.7147927,0.6450933,0.56368
1e-05,0.61490566,0.71515626,0.64731336,0.5636
1e-05,0.6145569,0.71597093,0.64786,0.56414
1e-05,0.61545837,0.71561086,0.6465,0.56426
1e-05,0.6152888,0.71535957,0.64698666,0.56452
1e-05,0.61527014,0.7159537,0.64716,0.56374
1e-05,0.61503077,0.71641415,0.64766,0.56352
1e-05,0.61476445,0.71607614,0.64739335,0.56334
1e-05,0.6151478,0.7159564,0.64637333,0.56322
1e-05,0.6151601,0.71590203,0.64739335,0.5633
1e-05,0.61533296,0.71620977,0.64720666,0.56334
1e-05,0.6153041,0.71543723,0.6471,0.56316
1e-05,0.61551267,0.7159888,0.64646,0.56382
1e-05,0.6151837,0.7163847,0.64676666,0.56424
1e-05,0.6151291,0.71553016,0.64626,0.56332
1e-05,0.61496514,0.71552944,0.6476333,0.56392
1e-05,0.61520475,0.715181,0.6468933,0.56402
1e-05,0.6151027,0.71548665,0.64602,0.56322
1e-05,0.61533755,0.71582925,0.64720666,0.5643
1e-05,0.6150775,0.716288,0.64651334,0.5635
1e-05,0.6146269,0.7161784,0.64752,0.56368
1e-05,0.61516917,0.7160245,0.6471133,0.56274
1e-05,0.6149286,0.71690375,0.64736664,0.56386
1e-05,0.61499107,0.71601933,0.64678,0.56292
1e-05,0.61592203,0.7158994,0.64634,0.56352
1e-05,0.6154965,0.71564555,0.64558667,0.56306
1e-05,0.61530304,0.7160498,0.6466867,0.56304
1e-05,0.61494035,0.7162224,0.6474867,0.56358
1e-05,0.6160681,0.7156225,0.64658,0.56396
1e-05,0.61456215,0.71593964,0.6482267,0.56334
1e-05,0.6148329,0.71700364,0.64728665,0.56334
1e-05,0.61488724,0.71536857,0.6488,0.56262
1e-05,0.6159405,0.71495456,0.64602,0.5641
1e-05,0.6146802,0.71599644,0.6482667,0.56368
1e-05,0.6157817,0.7156308,0.64659333,0.56344
1e-05,0.61486745,0.7154464,0.6465333,0.56276
1e-05,0.6161788,0.7141506,0.6460867,0.56296
1e-05,0.6153946,0.71595377,0.6465733,0.56334
1e-05,0.6151382,0.7158506,0.64802665,0.56312
1e-05,0.6145327,0.7161408,0.64933336,0.5641
1e-05,0.61494887,0.71635324,0.6467,0.56348
1e-05,0.61546075,0.7151198,0.6475533,0.56368
1e-05,0.61543286,0.7155097,0.6463133,0.5634
1e-05,0.6152747,0.7158289,0.6468,0.56364
1e-05,0.6144206,0.7164136,0.6478,0.56398
1e-05,0.6147888,0.71582997,0.6476067,0.56412
1e-05,0.6155162,0.71661115,0.64556,0.56428
1e-05,0.6148474,0.7160198,0.6475533,0.56386
1e-05,0.615375,0.7158301,0.64622664,0.56362
1e-05,0.6146548,0.7156458,0.64769334,0.56348
1e-05,0.61447173,0.71584237,0.6476067,0.56336
1e-05,0.61518365,0.7156469,0.6481533,0.5637
1e-05,0.61515325,0.71629685,0.6475533,0.56374
1e-05,0.6149855,0.7161321,0.6466467,0.5633
1e-05,0.6151461,0.7158724,0.64746,0.56412
1e-05,0.61595666,0.71535933,0.6473467,0.56412
1e-05,0.6153327,0.7161831,0.6465333,0.56404
1e-05,0.61500084,0.71572644,0.64656,0.56266
1e-05,0.61520743,0.7160918,0.64636,0.56368
1e-05,0.6151413,0.7158345,0.6473333,0.56334
1e-05,0.61541545,0.7158652,0.6462467,0.56368
1e-05,0.614829,0.7157952,0.6476733,0.56246
1e-05,0.61517626,0.7167157,0.64863336,0.56356
1e-05,0.61532843,0.71582377,0.64732,0.56324
1e-05,0.61495864,0.7164337,0.6480733,0.56358
1e-05,0.6155118,0.71598285,0.6456467,0.56352
1e-05,0.6147207,0.7166846,0.64703333,0.5638
1e-05,0.6148918,0.71620154,0.6470067,0.5641
1e-05,0.614953,0.7151009,0.64779335,0.56336
1e-05,0.6146459,0.7161384,0.64749336,0.56306
1e-05,0.6153471,0.7165325,0.6470133,0.56334
1e-05,0.6146334,0.71643305,0.64754665,0.56336
1e-05,0.6151796,0.71699744,0.64812666,0.56326
1e-05,0.61499286,0.7158202,0.6463467,0.56326
1e-05,0.61465675,0.7156984,0.64878666,0.5639
1e-05,0.6148035,0.7154616,0.64714,0.56348
1e-05,0.6148495,0.7159525,0.6470867,0.56374
1e-05,0.61537623,0.71594584,0.64694667,0.56336
1e-05,0.61506575,0.7159724,0.6472,0.5638
1e-05,0.61491966,0.71605384,0.6481133,0.5645
1e-05,0.614971,0.715358,0.64694,0.56408
1e-05,0.6144713,0.7167262,0.6475,0.56414
1e-05,0.6143825,0.7165604,0.64784664,0.56324
1e-05,0.6146695,0.7161887,0.6475267,0.56312
1e-05,0.6148765,0.7158502,0.64893335,0.56316
1e-05,0.6140307,0.71621776,0.64812666,0.56334
1e-05,0.61492574,0.7160453,0.64732,0.56342
1e-05,0.6151756,0.71610755,0.64786,0.56344
1e-05,0.61437035,0.71616733,0.64735335,0.5636
1e-05,0.61521196,0.7168445,0.64710665,0.56368
1e-05,0.6148065,0.71640825,0.64694667,0.56326
1e-05,0.6151359,0.71627253,0.64746,0.56338
1e-05,0.6141054,0.71568584,0.6477867,0.56284
1e-05,0.61463046,0.71615976,0.64852667,0.56324
1e-05,0.6153775,0.7157888,0.64558,0.56346
1e-05,0.6148588,0.71638423,0.6480067,0.56378
1e-05,0.6149755,0.71619934,0.6476067,0.56294
1e-05,0.6152213,0.71539277,0.64761335,0.56238
1e-05,0.6141549,0.71586347,0.64866,0.56362
1e-05,0.61441565,0.71673906,0.64835334,0.56294
1e-05,0.61432695,0.71715015,0.64816666,0.5628
1e-05,0.6139867,0.7169156,0.6477,0.5624
1e-05,0.6150645,0.7171521,0.64677334,0.56346
1e-05,0.6153269,0.71644866,0.6462733,0.56294
1e-05,0.6149341,0.7162057,0.64813334,0.563
1e-05,0.6135858,0.71676,0.64886,0.5633
1e-05,0.61430115,0.71654946,0.6487067,0.56342
1e-05,0.6146608,0.71609765,0.6472267,0.56254
1e-05,0.6147633,0.71619636,0.64848,0.5635
1e-05,0.61460847,0.7166388,0.64872,0.5631
1e-05,0.61431307,0.71682614,0.64878666,0.563
1e-05,0.6152922,0.71724266,0.64726,0.5629
1e-05,0.6144219,0.7175391,0.64788,0.56356
1e-05,0.61493456,0.7162746,0.64714664,0.56314
1e-05,0.6147487,0.7168572,0.6482,0.56266
1e-05,0.6145067,0.71647525,0.6479267,0.56202
1e-05,0.61475843,0.7164491,0.6483733,0.5626
1e-05,0.6149146,0.7167634,0.64680666,0.5633
1e-05,0.61487263,0.7162862,0.6469067,0.56348
1e-05,0.6146989,0.7162335,0.6473467,0.56242
1e-05,0.6139715,0.71785563,0.6480333,0.56386
1e-05,0.61473954,0.71701056,0.64764667,0.56256
1e-05,0.6140308,0.71648556,0.64795333,0.56242
1e-05,0.6144417,0.7170049,0.64688665,0.56234
1e-05,0.6146489,0.7168053,0.6482133,0.56334
1e-05,0.6147052,0.7165031,0.64678,0.56332
1e-05,0.6146142,0.71714556,0.64742,0.56298
1e-05,0.6150056,0.7173671,0.6475533,0.56328
1e-05,0.61482793,0.71703726,0.6473067,0.56304
1e-05,0.6149938,0.7165027,0.64742,0.56272
1e-05,0.6141535,0.7167774,0.64784,0.56322
1e-05,0.61427736,0.7180342,0.64738667,0.56304
1e-05,0.6150361,0.71685815,0.6478,0.5622
1e-05,0.6149595,0.71712923,0.64923334,0.56298
1e-05,0.6148036,0.7168345,0.64687335,0.56278
1e-05,0.6149115,0.7167184,0.6462733,0.56256
1e-05,0.6148246,0.7161091,0.6485467,0.56276
1e-05,0.61470985,0.7171456,0.64788,0.56386
1e-05,0.614074,0.7168249,0.6483267,0.56276
1e-05,0.61400616,0.7169726,0.64818,0.56268
1e-05,0.6143467,0.7175861,0.64860666,0.5633
1e-05,0.6147856,0.71639663,0.64625335,0.56212
1e-05,0.6151875,0.71620494,0.64761335,0.56272
1e-05,0.6138571,0.7168031,0.6488467,0.56276
1e-05,0.61383903,0.7184712,0.6485533,0.56218
1e-05,0.6143936,0.7168427,0.64835334,0.56258
1e-05,0.6147256,0.7169404,0.64712,0.5626
1e-05,0.61390674,0.71753436,0.64846665,0.56226
1e-05,0.6144068,0.7168527,0.6480733,0.5626
1e-05,0.6148463,0.71692806,0.6470067,0.56316
1e-05,0.6151847,0.71771014,0.64728,0.56372
1e-05,0.6141567,0.71780145,0.6468267,0.56372
1e-05,0.61510205,0.7161495,0.64678,0.56312
1e-05,0.6144962,0.7164695,0.64696,0.56332
1e-05,0.6142657,0.7169187,0.64740664,0.56244
1e-05,0.6144374,0.7176749,0.64782,0.56208
1e-05,0.6137897,0.7174677,0.64861333,0.5633
1e-05,0.61424595,0.71687627,0.6483,0.56324
1e-05,0.61460227,0.71724993,0.64749336,0.56288
1e-05,0.6145314,0.71710795,0.6472,0.5634
1e-05,0.6144539,0.7178653,0.6476333,0.56378
1e-05,0.6142194,0.7172204,0.6478267,0.5623
1e-05,0.6140101,0.717089,0.64905334,0.5629
1e-05,0.61393386,0.71792567,0.6482133,0.56368
1e-05,0.6144305,0.71794987,0.6469667,0.5627
1e-05,0.6150657,0.71717095,0.6476,0.56304
1e-05,0.61366177,0.7179425,0.64782,0.56238
1e-05,0.6145301,0.7172539,0.64813334,0.56292
1e-05,0.6140897,0.717487,0.64834666,0.56238
1e-05,0.61414593,0.71816945,0.6478867,0.56226
1e-05,0.6138687,0.7172395,0.6487667,0.56316
1e-05,0.61385053,0.7167517,0.64812,0.56242
1e-05,0.6145344,0.7167098,0.64892,0.5624
1e-05,0.61397284,0.71777695,0.64796,0.56296
1e-05,0.6153317,0.71741086,0.6464933,0.56274
1e-05,0.6144092,0.7172211,0.6482533,0.56272
1e-05,0.6147981,0.71741253,0.64798665,0.56294
1e-05,0.614939,0.7174101,0.6470867,0.56306
1e-05,0.6146115,0.7169464,0.64838666,0.56312
1e-05,0.6141835,0.7176084,0.64808667,0.56258
1e-05,0.6147666,0.7169797,0.64758,0.56298
1e-05,0.61440825,0.716174,0.6485533,0.56288
1e-05,0.6139584,0.71761084,0.6477867,0.56332
1e-05,0.6144559,0.7165699,0.64786667,0.56266
1e-05,0.61349696,0.7169222,0.64920664,0.56192
1e-05,0.6134317,0.71816725,0.64848,0.5625
1e-05,0.6137884,0.71805966,0.6477467,0.56292
1e-05,0.6138735,0.71706486,0.64787334,0.56232
1e-05,0.61352664,0.7180223,0.64920664,0.56316
1e-05,0.614016,0.71793425,0.6483,0.56292
1e-05,0.6142587,0.7172901,0.6480467,0.56268
1e-05,0.61393064,0.71810573,0.64874667,0.5633
1e-05,0.6132861,0.71759444,0.64976,0.5627
1e-05,0.6140611,0.71762025,0.64885336,0.56294
1e-05,0.614126,0.7187806,0.6481533,0.56236
1e-05,0.6143979,0.71826226,0.64743334,0.56294
1e-05,0.6135846,0.71780723,0.6483267,0.56284
1e-05,0.6143987,0.7186178,0.6470067,0.56256
1e-05,0.6142225,0.7180108,0.6474533,0.56328
1e-05,0.6137462,0.7179619,0.64818,0.56314
1e-05,0.6145857,0.7170911,0.6491,0.5624
1e-05,0.61414754,0.71797705,0.64902,0.56322
1e-05,0.61425304,0.717032,0.64802,0.56308
1e-05,0.61325896,0.71864516,0.64885336,0.564
1e-05,0.61368394,0.71865106,0.64892,0.56292
1e-05,0.61404973,0.7177145,0.6472267,0.56194
1e-05,0.6146962,0.7169957,0.6476,0.5625
1e-05,0.61468923,0.7175231,0.6478533,0.5626
1e-05,0.613587,0.71788156,0.64911336,0.56326
1e-05,0.61395216,0.7180835,0.64805335,0.56204
1e-05,0.6148459,0.71737635,0.64757335,0.56294
1e-05,0.61476475,0.71731687,0.64568,0.5625
1e-05,0.6140235,0.7178855,0.6491467,0.56226
1e-05,0.61403096,0.7167442,0.64822,0.56274
1e-05,0.61356926,0.7184055,0.64758,0.56192
1e-05,0.61412823,0.7174545,0.6478933,0.5626
1e-05,0.6138639,0.71824265,0.64846665,0.56352
1e-05,0.61468273,0.7163474,0.64824,0.56276
1e-05,0.61377805,0.7174246,0.64922667,0.5628
1e-05,0.6135828,0.7177151,0.64839333,0.56272
1e-05,0.61431766,0.7180673,0.64778,0.56264
1e-05,0.61408037,0.7185803,0.6480333,0.56236
1e-05,0.61359674,0.7177688,0.6479333,0.56278
1e-05,0.6136423,0.717763,0.64790666,0.56268
1e-05,0.6133495,0.7172481,0.64933336,0.5618
1e-05,0.6143798,0.7179758,0.64757335,0.56216
1e-05,0.6140046,0.71866196,0.64872664,0.56196
1e-05,0.6135797,0.71790606,0.64904,0.5629
1e-05,0.61434263,0.71823144,0.6473333,0.5626
1e-05,0.61412656,0.71801364,0.64889336,0.56258
1e-05,0.6142924,0.71862036,0.64878,0.5635
1e-05,0.6136572,0.71891487,0.64942664,0.563
1e-05,0.6137481,0.7184752,0.64852667,0.56292
1e-05,0.6135118,0.7185372,0.6483267,0.56272
1e-05,0.61369616,0.7183264,0.6485,0.56222
1e-05,0.61445564,0.71701247,0.64768666,0.56234
1e-05,0.614989,0.7170341,0.64772666,0.56246
1e-05,0.613581,0.71821505,0.6493,0.562
1e-05,0.61311704,0.71876043,0.64916,0.56224
1e-05,0.61413217,0.7179447,0.6488467,0.56214
1e-05,0.61325485,0.7180374,0.6498067,0.5623
1e-05,0.61422086,0.7175539,0.64798665,0.56306
1e-05,0.6135394,0.7182172,0.64836,0.5624
1e-05,0.6138095,0.71804863,0.6481867,0.5619
1e-05,0.6141186,0.7175103,0.64806,0.5623
1e-05,0.6136724,0.71828026,0.6495467,0.5627
1e-05,0.61352825,0.7184661,0.64902,0.56248
1e-05,0.6142752,0.71758586,0.64857334,0.56286
1e-05,0.61288697,0.7187563,0.6502067,0.56298
1e-05,0.6134513,0.71877533,0.64805335,0.56276
1e-05,0.61440396,0.7178644,0.64756,0.562
1e-05,0.6138803,0.7185056,0.64828,0.56298
1e-05,0.61415637,0.7174884,0.64846665,0.5627
1e-05,0.6138433,0.71838194,0.6478267,0.56298
1e-05,0.61406696,0.7176771,0.6487333,0.56226
1e-05,0.6138986,0.7180547,0.64861333,0.5632
1e-05,0.61392605,0.7178439,0.64871335,0.5627
1e-05,0.6132396,0.71874654,0.64875335,0.56224
1e-05,0.61367893,0.71795774,0.64976,0.56186
1e-05,0.6137112,0.71872175,0.64878,0.56266
1e-05,0.6134452,0.7174166,0.64866,0.5627
1e-05,0.61371726,0.7181973,0.64941335,0.5628
1e-05,0.6144646,0.7185791,0.6481467,0.56284
1e-05,0.6132708,0.71894443,0.6503867,0.56256
1e-05,0.613886,0.71863806,0.64758,0.56226
1e-05,0.61436296,0.7183833,0.6486533,0.56254
1e-05,0.613234,0.7173908,0.6492867,0.56292
1e-05,0.6133102,0.7190209,0.6497933,0.56302
1e-05,0.6135421,0.71799135,0.6485467,0.56282
1e-05,0.61362696,0.7180769,0.64798,0.56226
1e-05,0.61344284,0.71807235,0.64845335,0.56274
1e-05,0.6135362,0.71934927,0.64792,0.56272
1e-05,0.61338395,0.71884304,0.64904666,0.56254
1e-05,0.6128902,0.7192448,0.6486,0.56194
1e-05,0.61361533,0.71850026,0.6497667,0.56258
1e-05,0.6135153,0.7179886,0.6488133,0.56206
1e-05,0.6139626,0.7184183,0.6472667,0.56174
1e-05,0.6134914,0.71857756,0.6489533,0.56194
1e-05,0.61372924,0.71877897,0.6488,0.56234
1e-05,0.61272585,0.71926844,0.6502467,0.56268
1e-05,0.61354494,0.71876884,0.64977336,0.56314
1e-05,0.61397403,0.71754426,0.6485,0.5626
1e-05,0.6133814,0.71891576,0.64897335,0.56248
1e-05,0.6136429,0.7179766,0.64931333,0.56302
1e-05,0.61339307,0.71865416,0.6489,0.56288
1e-05,0.6138306,0.7183188,0.64905334,0.56298
1e-05,0.6137892,0.7192342,0.64802,0.56318
1e-05,0.6135278,0.7191931,0.64826,0.56296
1e-05,0.61394495,0.7181502,0.6482667,0.56316
1e-05,0.6127444,0.71890247,0.6498467,0.56344
1e-05,0.61373127,0.71892864,0.64850664,0.56266
1e-05,0.61417246,0.718255,0.6475,0.56364
1e-05,0.6134126,0.718864,0.64896667,0.56276
1e-05,0.61347985,0.71865183,0.64862,0.5626
1e-05,0.61363626,0.7191409,0.64846665,0.56234
1e-05,0.6137907,0.718559,0.64841336,0.56334
1e-05,0.61336267,0.7187881,0.64954,0.5624
1e-05,0.613675,0.7190642,0.6491333,0.56264
1e-05,0.6138119,0.71835136,0.64901334,0.56284
1e-05,0.61334556,0.7183539,0.64842665,0.56226
1e-05,0.6134287,0.7186733,0.6483,0.56164
1e-05,0.61401564,0.7177516,0.6484067,0.56304
1e-05,0.6125161,0.7190609,0.6500933,0.5625
1e-05,0.61309344,0.71861565,0.64868,0.5626
1e-05,0.6131438,0.71838766,0.64904666,0.56254
1e-05,0.61290056,0.71992725,0.64926666,0.56292
1e-05,0.6131273,0.7194529,0.6494733,0.56284
1e-05,0.61336774,0.7183096,0.64984,0.56224
1e-05,0.6137106,0.71821964,0.64923334,0.56324
1e-05,0.6136581,0.7184368,0.64796,0.56194
1e-05,0.6133572,0.71838987,0.64900666,0.56268
1e-05,0.61345667,0.7190859,0.64850664,0.56294
1e-05,0.6127855,0.7192222,0.65036,0.56274
1e-05,0.61347866,0.71886045,0.6485867,0.56298
1e-05,0.6136136,0.71916264,0.6485533,0.56254
1e-05,0.6135068,0.71839464,0.64927334,0.56308
1e-05,0.6133,0.7196542,0.64805335,0.56232
1e-05,0.6135279,0.71856415,0.6492,0.56312
1e-05,0.6134948,0.7187331,0.64904,0.56212
1e-05,0.61321324,0.71851504,0.64857334,0.5621
1e-05,0.6132699,0.7186311,0.65011334,0.56288
1e-05,0.6130382,0.7190802,0.64798665,0.56272
1e-05,0.6139015,0.71852195,0.64900666,0.56262
1e-05,0.61343,0.71921045,0.64867336,0.56208
1e-05,0.6129616,0.719329,0.6490267,0.56292
1e-05,0.6140941,0.7194415,0.6476333,0.56276
1e-05,0.61395824,0.7180765,0.64836,0.563
1e-05,0.6135125,0.7172849,0.65012,0.56338
1e-05,0.6130148,0.7182802,0.64958,0.5628
1e-05,0.61332846,0.71885854,0.6476333,0.5631
1e-05,0.61329657,0.71879834,0.649,0.56242
1e-05,0.6132925,0.71987087,0.6485867,0.5631
1e-05,0.6124899,0.720414,0.64890665,0.563
1e-05,0.6132472,0.7197998,0.64934665,0.56266
1e-05,0.6128429,0.7195324,0.64900666,0.56248
1e-05,0.61302525,0.7195671,0.6490667,0.56296
1e-05,0.6131703,0.71923745,0.6484467,0.5627
1e-05,0.6139439,0.7193879,0.64918,0.56366
1e-05,0.6131322,0.719424,0.6492467,0.56316
1e-05,0.6130807,0.71921784,0.65003335,0.56266
1e-05,0.6134722,0.71971303,0.64874,0.56358
1e-05,0.61268896,0.7197152,0.65028,0.5627
1e-05,0.6137547,0.7191483,0.6480333,0.56234
1e-05,0.6127614,0.7198114,0.64784664,0.56206
1e-05,0.6130542,0.71857315,0.6486933,0.56246
1e-05,0.61339885,0.7195459,0.6492867,0.56298
1e-05,0.6128375,0.7196754,0.64922667,0.56322
1e-05,0.6130843,0.7194776,0.64992666,0.56274
1e-05,0.6133228,0.7199269,0.64907336,0.56288
1e-05,0.6129812,0.7191979,0.6490667,0.56286
1e-05,0.6130598,0.71977353,0.64945334,0.5632
1e-05,0.61278903,0.7201813,0.64986664,0.56242
1e-05,0.61284363,0.719567,0.64860666,0.56178
1e-05,0.6131874,0.71936923,0.64937335,0.56312
1e-05,0.61303836,0.71976775,0.6489933,0.56292
1e-05,0.6135846,0.7190592,0.6496133,0.56268
1e-05,0.61387277,0.7177946,0.64758,0.56382
1e-05,0.6131444,0.7187281,0.64915335,0.5633
1e-05,0.61347735,0.7180192,0.6480733,0.5623
1e-05,0.6125476,0.718661,0.64923334,0.56308
1e-05,0.6128703,0.71913135,0.6500267,0.56226
1e-05,0.613352,0.7186757,0.6491067,0.56272
1e-05,0.61311567,0.71944916,0.64958,0.56312
1e-05,0.61344445,0.71890944,0.64898,0.56388
1e-05,0.61316675,0.7187524,0.64934665,0.56318
1e-05,0.6123552,0.7193304,0.6506867,0.56242
1e-05,0.61338305,0.71887106,0.64923334,0.56224
1e-05,0.61246717,0.71963435,0.6499533,0.56262
1e-05,0.61323243,0.7188226,0.64976,0.56286
1e-05,0.6137066,0.71802485,0.64834666,0.56304
1e-05,0.61327577,0.7193974,0.6484467,0.56276
1e-05,0.6131905,0.72003716,0.64915335,0.56296
1e-05,0.61302125,0.71973085,0.6495867,0.5628
1e-05,0.612629,0.71976644,0.6496267,0.5631
1e-05,0.6126138,0.7196719,0.6484733,0.56324
1e-05,0.6128995,0.71927017,0.64784664,0.56298
1e-05,0.6130998,0.71934056,0.64922,0.56336
1e-05,0.61348957,0.7194537,0.6488733,0.56278
1e-05,0.6125019,0.7188215,0.6501267,0.5626
1e-05,0.613047,0.7189946,0.64962,0.56228
1e-05,0.612677,0.7199981,0.64968,0.56346
1e-05,0.6122508,0.7208992,0.65066665,0.562
1e-05,0.6131581,0.71956253,0.64985335,0.5627
1e-05,0.6130784,0.7187889,0.64934,0.56194
1e-05,0.6129685,0.71988785,0.64964664,0.56252
1e-05,0.61351717,0.7194384,0.6486533,0.56298
1e-05,0.6131154,0.7194395,0.64924,0.56214
1e-05,0.61289865,0.71970683,0.64999336,0.56266
1e-05,0.61268187,0.7198835,0.64938664,0.56224
1e-05,0.6127693,0.71975535,0.6492867,0.5624
1e-05,0.61251205,0.7201617,0.6494733,0.56292
1e-05,0.6125099,0.7198434,0.65008,0.56226
1e-05,0.61288184,0.72009295,0.64948,0.56252
1e-05,0.612611,0.7193396,0.64941335,0.56342
1e-05,0.6124673,0.7205319,0.65011334,0.56258
1e-05,0.61246556,0.72042465,0.65077335,0.56194
1e-05,0.6125873,0.71961594,0.6495867,0.56318
1e-05,0.6129311,0.72135943,0.64926666,0.5626
1e-05,0.6129122,0.71953213,0.64852,0.5627
1e-05,0.6125406,0.71924055,0.64905334,0.56138
1e-05,0.6129967,0.7194168,0.6494,0.56328
1e-05,0.61300194,0.7191332,0.6492133,0.5624
1e-05,0.61300004,0.7198243,0.6496,0.56264
1e-05,0.6124232,0.71967614,0.64922667,0.56238
1e-05,0.6128729,0.7207928,0.64946,0.5625
1e-05,0.61200786,0.71967393,0.6503467,0.56218
1e-05,0.61313397,0.719195,0.64953333,0.56252
1e-05,0.6127188,0.7200503,0.65054,0.56172
1e-05,0.61208016,0.72027844,0.64994,0.56286
1e-05,0.61310846,0.7197888,0.6496,0.563
1e-05,0.6121013,0.720193,0.6501267,0.56228
1e-05,0.6123908,0.7200001,0.64966667,0.56264
1e-05,0.6122306,0.7205093,0.6496867,0.56274
1e-05,0.61288697,0.71995634,0.65022,0.5621
1e-05,0.6127497,0.71995753,0.6498733,0.56248
1e-05,0.6122756,0.7200233,0.64999336,0.56202
1e-05,0.6127825,0.7203652,0.6496933,0.5622
1e-05,0.6129935,0.71962243,0.64941335,0.5625
1e-05,0.61320466,0.72032493,0.64944,0.56332
1e-05,0.6130844,0.7198848,0.64934,0.562
1e-05,0.61308825,0.7200878,0.64944667,0.56268
1e-05,0.6127212,0.71959585,0.64955336,0.5627
1e-05,0.6124569,0.7199163,0.65041333,0.56196
1e-05,0.61250234,0.7210699,0.6518533,0.56246
1e-05,0.6118247,0.72071975,0.65030664,0.56218
1e-05,0.6122131,0.7202488,0.64978665,0.56196
1e-05,0.61342067,0.7200434,0.64854,0.56312
1e-05,0.61244506,0.72081935,0.6499,0.56206
1e-05,0.6129136,0.71991044,0.6483667,0.5626
1e-05,0.611831,0.7212302,0.6502733,0.56232
1e-05,0.612799,0.7197775,0.64822,0.56322
1e-05,0.6125152,0.7200799,0.6493,0.56306
1e-05,0.6127438,0.71970433,0.6488067,0.56176
1e-05,0.612692,0.7208703,0.6492533,0.5627
1e-05,0.61271006,0.7206502,0.64993334,0.5628
1e-05,0.61236435,0.7203639,0.6505,0.56276
1e-05,0.6124024,0.72040606,0.6502467,0.56322
1e-05,0.6127423,0.7207959,0.64949334,0.56306
1e-05,0.6123422,0.7198369,0.64998,0.5628
1e-05,0.61215293,0.7209193,0.65018666,0.56258
1e-05,0.61246246,0.71992916,0.6496533,0.56292
1e-05,0.61196774,0.7222718,0.65086,0.563
1e-05,0.6129564,0.7206909,0.64926666,0.56276
1e-05,0.6133655,0.7188093,0.64842665,0.5629
1e-05,0.6121234,0.71984994,0.6509,0.56302
1e-05,0.612652,0.71944696,0.64996666,0.56316
1e-05,0.6124228,0.72030735,0.64932,0.56236
1e-05,0.61296904,0.7197439,0.64988667,0.5625
1e-05,0.61312026,0.72070783,0.6493933,0.56218
1e-05,0.6123279,0.72047365,0.6510867,0.56316
1e-05,0.6124604,0.7196457,0.64938664,0.56204
1e-05,0.61236346,0.72089165,0.6498067,0.56294
1e-05,0.61353666,0.71967006,0.6487333,0.56224
1e-05,0.6127926,0.72015136,0.65016,0.56234
1e-05,0.61231005,0.7203164,0.65084666,0.56264
1e-05,0.6128135,0.720832,0.64890665,0.56248
1e-05,0.61237437,0.72116435,0.64986664,0.56354
1e-05,0.61236644,0.72110236,0.65070665,0.56248
1e-05,0.6131048,0.7194128,0.65041333,0.56288
1e-05,0.6123217,0.7202817,0.6503133,0.56244
1e-05,0.61271495,0.72037214,0.64984,0.5625
1e-05,0.6127863,0.71918887,0.6499867,0.56178
1e-05,0.61244535,0.7193467,0.65102,0.56242
1e-05,0.61340123,0.72014797,0.6491,0.56364
1e-05,0.6119225,0.7202692,0.64996666,0.5621
1e-05,0.61243767,0.7208518,0.65008664,0.5613
1e-05,0.6118059,0.7215801,0.6505,0.56186
1e-05,0.61213434,0.7209629,0.6498733,0.56162
1e-05,0.61182463,0.7207453,0.65118665,0.56108
1e-05,0.61208767,0.7208261,0.65084666,0.5611
1e-05,0.61242384,0.72067875,0.6498,0.56216
1e-05,0.61194396,0.72040606,0.65019333,0.5617
1e-05,0.61234033,0.7198061,0.6502333,0.56226
1e-05,0.61189765,0.7209696,0.6501667,0.56214
1e-05,0.6128472,0.72044826,0.64864665,0.56186
1e-05,0.6130443,0.7195628,0.64964,0.56166
1e-05,0.61305743,0.7192891,0.6479267,0.562
1e-05,0.6124286,0.71966577,0.64907336,0.56158
1e-05,0.6131099,0.7194559,0.6483733,0.5618
1e-05,0.61197776,0.72040856,0.65066,0.5619
1e-05,0.612242,0.72086096,0.64964664,0.56226
1e-05,0.6122564,0.721008,0.65036666,0.5621
1e-05,0.61286116,0.7209191,0.64985335,0.5624
1e-05,0.61140907,0.72160953,0.64968,0.56228
1e-05,0.6118144,0.7214748,0.65092,0.56204
1e-05,0.6122384,0.7208445,0.65032667,0.56254
1e-05,0.61212695,0.72034556,0.6503,0.56246
1e-05,0.6117031,0.7211921,0.65104,0.56184
1e-05,0.6130235,0.7202285,0.6491467,0.56188
1e-05,0.61246383,0.72088695,0.65051335,0.56248
1e-05,0.6120169,0.72067726,0.65056,0.56212
1e-05,0.6115491,0.7214988,0.6492467,0.56216
1e-05,0.6124544,0.7207382,0.64958,0.56172
1e-05,0.61201006,0.72105694,0.65,0.56128
1e-05,0.6125584,0.72121245,0.6487733,0.56228
1e-05,0.61209875,0.72099173,0.65125334,0.56224
1e-05,0.6111514,0.72153986,0.6517133,0.56178
1e-05,0.6120994,0.7220666,0.6500533,0.5627
1e-05,0.61233294,0.7219304,0.6488867,0.56232
1e-05,0.6125822,0.7210311,0.6488067,0.56218
1e-05,0.61218286,0.721049,0.65022665,0.56214
1e-05,0.6110084,0.72090995,0.65187335,0.56222
1e-05,0.61211056,0.7213361,0.6507,0.56194
1e-05,0.6114943,0.7212909,0.65048665,0.5618
1e-05,0.6120956,0.7207614,0.65202,0.56154
1e-05,0.6119481,0.7206411,0.6496933,0.56196
1e-05,0.6114599,0.72150266,0.65168,0.56246
1e-05,0.61230284,0.72160536,0.65059334,0.5626
1e-05,0.6112577,0.7211911,0.6513733,0.5623
1e-05,0.6125041,0.72094125,0.64992,0.56222
1e-05,0.6125024,0.7210851,0.65065336,0.56294
1e-05,0.61245716,0.720818,0.64978,0.56318
1e-05,0.6111261,0.72185063,0.6505733,0.56296
1e-05,0.6118759,0.72157425,0.65067333,0.56208
1e-05,0.61182433,0.7217627,0.6515333,0.56214
1e-05,0.61183953,0.7212043,0.64986,0.56168
1e-05,0.6117587,0.7212511,0.6498,0.5617
1e-05,0.6121497,0.72130555,0.6512667,0.5625
1e-05,0.61247665,0.7209536,0.6490333,0.56148
1e-05,0.61174834,0.7216497,0.6506,0.56188
1e-05,0.61226666,0.7204739,0.64952666,0.56196
1e-05,0.6118301,0.72118217,0.65044,0.56206
1e-05,0.61137813,0.72190094,0.65174,0.56296
1e-05,0.61257386,0.72093946,0.6492133,0.56176
1e-05,0.61231697,0.72158813,0.64948,0.56232
1e-05,0.61175036,0.72150123,0.6506867,0.56158
1e-05,0.612312,0.7200875,0.65142,0.56188
1e-05,0.61143667,0.72191054,0.65074664,0.56174
1e-05,0.61258274,0.72118634,0.6491067,0.56122
1e-05,0.6122926,0.72152084,0.65064,0.56228
1e-05,0.61217844,0.72129196,0.65054667,0.56234
1e-05,0.6121314,0.721196,0.65026,0.56266
1e-05,0.6126284,0.72099257,0.64914,0.56182
1e-05,0.6120666,0.7210443,0.64993334,0.5628
1e-05,0.61202073,0.7214966,0.6506467,0.56166
1e-05,0.6114249,0.72174233,0.6510133,0.56198
1e-05,0.61192036,0.72215474,0.65078664,0.56232
1e-05,0.61166406,0.7217513,0.64967334,0.5618
1e-05,0.6119012,0.7213234,0.65052664,0.56174
1e-05,0.6123317,0.7204471,0.6491733,0.562
1e-05,0.6115378,0.7216509,0.6499867,0.5617
1e-05,0.6118545,0.7206819,0.64972,0.5616
1e-05,0.61197084,0.7218368,0.65106,0.56268
1e-05,0.6121591,0.7219276,0.6494333,0.56246
1e-05,0.6122404,0.72039163,0.6495,0.56236
1e-05,0.61268175,0.7215861,0.6491867,0.5626
1e-05,0.612114,0.7208296,0.6504267,0.56308
1e-05,0.61189383,0.72095096,0.65098,0.56254
1e-05,0.6126474,0.72102034,0.6499133,0.56184
1e-05,0.6120048,0.72123057,0.65044,0.56228
1e-05,0.6125799,0.7202344,0.6506,0.56176
1e-05,0.61161244,0.7217725,0.6511267,0.56154
1e-05,0.6128024,0.7204427,0.65006,0.56212
1e-05,0.61107385,0.721572,0.65085334,0.56182
1e-05,0.61251587,0.72070175,0.64999336,0.56204
1e-05,0.6117093,0.71979386,0.65122664,0.56238
1e-05,0.61171734,0.72104675,0.6515667,0.56182
1e-05,0.6113719,0.72142684,0.6518133,0.562
1e-05,0.6116609,0.7216692,0.65132,0.5618
1e-05,0.6122929,0.7213779,0.64955336,0.562
1e-05,0.6116526,0.7223865,0.64936,0.5624
1e-05,0.6113859,0.72186106,0.64966667,0.562
1e-05,0.6115289,0.7220008,0.6501,0.56174
1e-05,0.6118267,0.7215059,0.64914,0.56162
1e-05,0.6120141,0.7216236,0.65015334,0.56202
1e-05,0.61147875,0.7224093,0.6509333,0.56262
1e-05,0.6113944,0.723183,0.6502867,0.56178
1e-05,0.6122104,0.72173375,0.65077335,0.56182
1e-05,0.6117011,0.7223416,0.65058,0.5627
1e-05,0.6126181,0.7211335,0.6503933,0.5619
1e-05,0.6115393,0.7217182,0.64948666,0.56288
1e-05,0.6117801,0.7214668,0.6501333,0.56238
1e-05,0.61148363,0.72130233,0.65063334,0.5617
1e-05,0.61195713,0.7219251,0.6495,0.56208
1e-05,0.6119538,0.7215364,0.6500267,0.56186
1e-05,0.6115986,0.72166485,0.6508,0.56232
1e-05,0.6115492,0.72119987,0.65064,0.5621
1e-05,0.6116139,0.7225874,0.65102667,0.56222
1e-05,0.61116785,0.72198045,0.65095335,0.56198
1e-05,0.61211455,0.7208904,0.65096664,0.56152
1e-05,0.6118489,0.72183406,0.65124667,0.56248
1e-05,0.6119857,0.7215324,0.6497933,0.56166
1e-05,0.61080545,0.7215183,0.6529533,0.56164
1e-05,0.6117993,0.72190815,0.65054667,0.56202
1e-05,0.6110504,0.72240555,0.65162665,0.56154
1e-05,0.6113966,0.7212251,0.65154,0.56174
1e-05,0.61201036,0.7210739,0.64986664,0.56192
1e-05,0.6119554,0.7219054,0.6516333,0.56234
1e-05,0.61137366,0.72178507,0.651,0.56178
1e-05,0.61231583,0.72208863,0.65032667,0.56204
1e-05,0.61154926,0.72137016,0.6515267,0.56224
1e-05,0.61222506,0.72095615,0.6497933,0.56166
1e-05,0.6117485,0.7222636,0.65118665,0.5615
1e-05,0.61156124,0.7221251,0.6501267,0.56172
1e-05,0.61151046,0.7216561,0.65032667,0.56154
1e-05,0.6115305,0.7215953,0.65121335,0.56184
1e-05,0.61162126,0.72203666,0.65133333,0.562
1e-05,0.61144626,0.7217347,0.6509733,0.56172
1e-05,0.6116007,0.7223754,0.651,0.56232
1e-05,0.61173093,0.7225741,0.65074664,0.5618
1e-05,0.61167413,0.72214705,0.65044,0.56258
1e-05,0.6113687,0.722271,0.65026,0.56198
1e-05,0.611836,0.7216512,0.64976,0.5622
1e-05,0.6112825,0.7221375,0.6507,0.5616
1e-05,0.61160785,0.72223353,0.64977336,0.56206
1e-05,0.6106657,0.7221512,0.65122664,0.56124
1e-05,0.61259955,0.7218828,0.64986664,0.56168
1e-05,0.61199373,0.7217748,0.65117335,0.56194
1e-05,0.61139363,0.72275364,0.65114665,0.56252
1e-05,0.6116472,0.72225374,0.65132666,0.56232
1e-05,0.6119491,0.722608,0.65043336,0.56174
1e-05,0.61141,0.7214686,0.65100664,0.56096
1e-05,0.61107194,0.72254527,0.6517867,0.56204
1e-05,0.61168283,0.72199875,0.6500133,0.5622
1e-05,0.6109579,0.7225326,0.6523,0.5613
1e-05,0.61280596,0.7211322,0.64963335,0.56204
1e-05,0.6113468,0.72208536,0.65052664,0.56156
1e-05,0.6111112,0.7214017,0.6512,0.5622
1e-05,0.6107998,0.72268105,0.65078664,0.5621
1e-05,0.6113903,0.72305936,0.65036666,0.56112
1e-05,0.61182195,0.72191536,0.65026665,0.56096
1e-05,0.611566,0.72364163,0.6496,0.56212
1e-05,0.61139804,0.72219616,0.65210664,0.56238
1e-05,0.6122879,0.72213525,0.6510933,0.56138
1e-05,0.6119275,0.7212625,0.6518533,0.56206
1e-05,0.6113286,0.72202736,0.65076,0.5625
1e-05,0.61123353,0.72252494,0.6506067,0.56216
1e-05,0.6114378,0.72150284,0.65133333,0.56148
1e-05,0.61133605,0.7225262,0.65216,0.56114
1e-05,0.611224,0.722407,0.6513867,0.561
1e-05,0.61159223,0.722687,0.65110666,0.56106
1e-05,0.6113559,0.7225963,0.6505733,0.5617
1e-05,0.61202437,0.7224256,0.6506467,0.56134
1e-05,0.612028,0.7214442,0.65080667,0.56124
1e-05,0.6109817,0.7222877,0.65165335,0.56114
1e-05,0.6105613,0.7231027,0.65143335,0.56182
1e-05,0.611134,0.7224735,0.65056,0.56192
1e-05,0.61154264,0.7217361,0.65150666,0.5614
1e-05,0.6112217,0.72144896,0.6515333,0.56184
1e-05,0.61103773,0.72299564,0.6512733,0.56182
1e-05,0.6111057,0.72341764,0.6509867,0.5622
1e-05,0.61142313,0.7225414,0.65164,0.56168
1e-05,0.61180466,0.7224668,0.6500933,0.56194
1e-05,0.61161804,0.7217175,0.6519267,0.56236
1e-05,0.6108663,0.72272223,0.65168667,0.5609
1e-05,0.6111661,0.7230031,0.65076,0.5616
1e-05,0.6110366,0.72327274,0.65107334,0.56106
1e-05,0.61110294,0.7229416,0.6521933,0.56176
1e-05,0.6117998,0.7221165,0.6504533,0.56232
1e-05,0.6106429,0.7225656,0.6523,0.56216
1e-05,0.6108311,0.72301406,0.6502067,0.56184
1e-05,0.61154604,0.7218413,0.6504933,0.56218
1e-05,0.61153334,0.7224169,0.6509333,0.56278
1e-05,0.61085784,0.7228633,0.65041333,0.56152
1e-05,0.61131746,0.722866,0.65034,0.56194
1e-05,0.6109142,0.72230333,0.65067333,0.56158
1e-05,0.6113009,0.72246325,0.6507533,0.56166
1e-05,0.6114728,0.7226292,0.6506133,0.5608
1e-05,0.61076796,0.7228721,0.6509333,0.56188
1e-05,0.6115072,0.7227692,0.6502867,0.5619
1e-05,0.6110041,0.7235595,0.65104,0.562
1e-05,0.6116144,0.7226446,0.65008664,0.562
1e-05,0.6110327,0.7235167,0.65030664,0.56206
1e-05,0.6118912,0.72295725,0.65055335,0.56242
1e-05,0.6114012,0.72174555,0.65069336,0.56156
1e-05,0.6110333,0.7218259,0.65205336,0.56166
1e-05,0.61082864,0.72225803,0.6518,0.56126
1e-05,0.611408,0.7225603,0.65028,0.56096
1e-05,0.61134326,0.72258264,0.65102,0.56118
1e-05,0.61108786,0.7214961,0.6513067,0.56104
1e-05,0.6110962,0.72303164,0.65107334,0.5614
1e-05,0.61133456,0.72304165,0.65065336,0.56172
1e-05,0.61156774,0.7223589,0.65010667,0.56124
1e-05,0.61044824,0.7239759,0.65102,0.56132
1e-05,0.6111365,0.7223454,0.65094,0.56076
1e-05,0.6102661,0.72320515,0.6529533,0.56102
1e-05,0.6116362,0.72249156,0.6499133,0.56172
1e-05,0.61115,0.72337985,0.65078664,0.5614
1e-05,0.6110403,0.7237028,0.65136,0.56214
1e-05,0.6110012,0.7238403,0.6507667,0.56216
1e-05,0.6114127,0.7229667,0.6503133,0.56244
1e-05,0.6112851,0.7227342,0.65158665,0.56174
1e-05,0.6114157,0.7216994,0.65140665,0.56184
1e-05,0.61074394,0.72289705,0.65227336,0.56124
1e-05,0.6109682,0.72336555,0.65180665,0.56236
1e-05,0.6115193,0.7228318,0.6507133,0.56196
1e-05,0.6113559,0.72310734,0.65156,0.5614
1e-05,0.61078435,0.7232909,0.65128,0.56156
1e-05,0.6116755,0.7226227,0.65029335,0.56166
1e-05,0.6104681,0.7221664,0.65089333,0.56106
1e-05,0.6115972,0.72310877,0.6502067,0.56234
1e-05,0.61102295,0.7223544,0.65168667,0.56114
1e-05,0.61108625,0.7224408,0.65126,0.56144
1e-05,0.61103296,0.72277296,0.65112,0.56188
1e-05,0.61108845,0.7222354,0.65236,0.5616
1e-05,0.6117583,0.72204995,0.6511933,0.56226
1e-05,0.6114469,0.7225931,0.65144664,0.56162
1e-05,0.61096966,0.7226282,0.6510867,0.56124
1e-05,0.6113406,0.72235036,0.6499467,0.56116
1e-05,0.61146206,0.7211861,0.6504,0.56234
1e-05,0.61120313,0.7223747,0.65209335,0.56204
1e-05,0.61067927,0.7228642,0.65246,0.56136
1e-05,0.61083937,0.72262424,0.65194666,0.5614
1e-05,0.6113042,0.7232538,0.64972,0.56184
1e-05,0.6111741,0.72306913,0.6504933,0.562
1e-05,0.61126125,0.72315496,0.65208,0.5619
1e-05,0.61158174,0.72316235,0.65072,0.56226
1e-05,0.61124194,0.7225665,0.65144,0.56166
1e-05,0.611303,0.7225832,0.65182,0.56166
1e-05,0.6116184,0.72243094,0.65098,0.56148
1e-05,0.6117542,0.7218896,0.65114,0.56218
1e-05,0.61141413,0.72189945,0.65204,0.56214
1e-05,0.6113381,0.72239536,0.65246665,0.56216
1e-05,0.61067754,0.7222433,0.65136,0.56098
1e-05,0.611245,0.7225163,0.65091336,0.5621
1e-05,0.6109426,0.7217072,0.65161335,0.5616
1e-05,0.61140966,0.7219692,0.65063334,0.56238
1e-05,0.61097324,0.7225923,0.6509,0.5612
1e-05,0.6112342,0.7221751,0.6509467,0.56116
1e-05,0.6111816,0.7225183,0.65191334,0.56106
1e-05,0.61042005,0.7231149,0.65194666,0.56136
1e-05,0.6109783,0.7229404,0.65136,0.56122
1e-05,0.61084193,0.72271967,0.65052,0.56154
1e-05,0.61051613,0.7222697,0.6522667,0.56134
1e-05,0.6105326,0.72297007,0.6514533,0.56102
1e-05,0.61135375,0.722086,0.65084666,0.56152
1e-05,0.61015916,0.7237311,0.65292,0.56132
1e-05,0.61091834,0.7228319,0.6520467,0.5611
1e-05,0.61046237,0.7239714,0.65162,0.56202
1e-05,0.60950357,0.7235721,0.6527733,0.56174
1e-05,0.610851,0.7234407,0.65192,0.56176
1e-05,0.6110769,0.72322977,0.65085334,0.5619
1e-05,0.6105076,0.7225794,0.65136665,0.5619
1e-05,0.6102296,0.7226737,0.6523067,0.56234
1e-05,0.6098097,0.72402143,0.65302,0.56202
1e-05,0.6107485,0.7235178,0.65136665,0.56182
1e-05,0.61098844,0.7241454,0.6522267,0.5618
1e-05,0.61068094,0.7225736,0.65286,0.56188
1e-05,0.61002356,0.72323304,0.65202,0.56184
1e-05,0.610571,0.72322214,0.65194,0.5616
1e-05,0.6104439,0.7240705,0.65132,0.56128
1e-05,0.6107193,0.72366935,0.65191334,0.56104
1e-05,0.61061835,0.7230587,0.65235335,0.56196
1e-05,0.61079824,0.7233055,0.6516333,0.56172
1e-05,0.61058015,0.7238528,0.65199333,0.5619
1e-05,0.6104764,0.7247395,0.65382665,0.56224
1e-05,0.6102571,0.7226522,0.6518667,0.56122
1e-05,0.6100779,0.72353846,0.6526,0.5621
1e-05,0.61066496,0.72369695,0.65208,0.56198
1e-05,0.61079466,0.723255,0.6519267,0.5615
1e-05,0.6110503,0.7237585,0.65155333,0.56218
1e-05,0.6107669,0.7241437,0.6513067,0.56164
1e-05,0.61044014,0.7234296,0.6511533,0.56198
1e-05,0.61036235,0.72407174,0.65213335,0.56088
1e-05,0.6100144,0.7242214,0.6521867,0.56186
1e-05,0.61063915,0.7225721,0.6514133,0.56164
1e-05,0.61158955,0.7229919,0.65043336,0.56178
1e-05,0.61004937,0.7229803,0.65266,0.5622
1e-05,0.611517,0.72256565,0.65000665,0.56166
1e-05,0.61150545,0.7231486,0.65011334,0.56074
1e-05,0.61172813,0.72207457,0.65076,0.56198
1e-05,0.6100568,0.7229118,0.6526267,0.56222
1e-05,0.6110067,0.7227325,0.65036,0.56126
1e-05,0.61068976,0.723591,0.65174,0.56168
1e-05,0.6109986,0.7240576,0.6510533,0.56152
1e-05,0.6105918,0.7242533,0.6517067,0.5614
1e-05,0.61022323,0.72418994,0.65261334,0.56216
1e-05,0.6100609,0.7246809,0.65223336,0.5614
1e-05,0.6102192,0.72386163,0.65327334,0.56124
1e-05,0.61009216,0.7237705,0.65221334,0.5611
1e-05,0.6100864,0.7238462,0.65245336,0.56144
1e-05,0.6104275,0.72354585,0.6525933,0.56222
1e-05,0.6104699,0.72352934,0.65162665,0.56138
1e-05,0.61079293,0.7237439,0.65142,0.56198
1e-05,0.61032385,0.7244617,0.65176666,0.56162
1e-05,0.6109819,0.7242837,0.6507933,0.56118
1e-05,0.6107399,0.72342044,0.65172,0.5617
1e-05,0.6105038,0.7241845,0.6528467,0.5613
1e-05,0.61053896,0.7230252,0.6515333,0.5617
1e-05,0.6105743,0.7232322,0.65168,0.56094
1e-05,0.6097184,0.7239158,0.6525667,0.5608
1e-05,0.6097179,0.72394264,0.65246,0.56196
1e-05,0.6109419,0.7230403,0.6518933,0.56074
1e-05,0.6109664,0.7224623,0.65124,0.56082
1e-05,0.61109245,0.72374433,0.6507,0.56164
1e-05,0.6103439,0.7236677,0.65212667,0.56156
1e-05,0.61032534,0.7231946,0.65165335,0.56126
1e-05,0.6111744,0.7234336,0.65052664,0.56172
1e-05,0.610918,0.72276217,0.65088,0.5615
1e-05,0.6106187,0.7240287,0.65154,0.5628
1e-05,0.61101896,0.72380054,0.65046,0.56214
1e-05,0.6100414,0.723365,0.6526733,0.56208
1e-05,0.61092937,0.7230386,0.65099335,0.56144
1e-05,0.6107311,0.72210187,0.65092665,0.56112
1e-05,0.61031306,0.7232266,0.65319335,0.56078
1e-05,0.6099656,0.7245276,0.6525667,0.56192
1e-05,0.6101247,0.72455585,0.65236664,0.56224
1e-05,0.60981375,0.7243568,0.6527,0.56156
1e-05,0.6096022,0.72344744,0.6525133,0.5615
1e-05,0.61087275,0.72344154,0.6517,0.56196
1e-05,0.6106018,0.7232294,0.65236664,0.5612
1e-05,0.60995936,0.72385955,0.65213335,0.56212
1e-05,0.60921735,0.7238099,0.65287334,0.56058
1e-05,0.6105678,0.7244771,0.6515333,0.56224
1e-05,0.61039495,0.72375125,0.6532867,0.56162
1e-05,0.61074024,0.72401565,0.65248,0.5625
1e-05,0.6102685,0.7240801,0.65258664,0.5607
1e-05,0.60999256,0.7232745,0.65266,0.56122
1e-05,0.61049545,0.7231313,0.65227336,0.56114
1e-05,0.6103095,0.724605,0.65151334,0.5609
1e-05,0.60994583,0.72399396,0.6521867,0.56186
1e-05,0.610813,0.72403127,0.65102667,0.56176
1e-05,0.61064893,0.72423786,0.6513067,0.56176
1e-05,0.6103213,0.7228867,0.65246,0.56142
1e-05,0.61024934,0.72330153,0.6520467,0.56204
1e-05,0.6107547,0.7239031,0.65168667,0.562
1e-05,0.6108782,0.72350425,0.65288,0.5619
1e-05,0.6101475,0.7235493,0.65274,0.56154
1e-05,0.6107528,0.72377634,0.652,0.56164
1e-05,0.6102358,0.7235421,0.65236664,0.5617
1e-05,0.61038756,0.7244165,0.6520067,0.5629
1e-05,0.6100011,0.72442544,0.65183336,0.56112
1e-05,0.6106206,0.72432774,0.65121335,0.56054
1e-05,0.610539,0.7245338,0.6527067,0.56088
1e-05,0.6110396,0.72347724,0.65165335,0.56116
1e-05,0.6102046,0.72401756,0.65291333,0.56136
1e-05,0.61021155,0.72453386,0.6522667,0.56124
1e-05,0.6104185,0.7229294,0.65168667,0.56218
1e-05,0.6094529,0.72466177,0.6527733,0.56102
1e-05,0.6101832,0.72406214,0.65252,0.56174
1e-05,0.61055636,0.72375983,0.65156,0.5619
1e-05,0.61058974,0.72547823,0.65157336,0.56198
1e-05,0.6105681,0.72409606,0.65246665,0.56138
1e-05,0.6104944,0.7235574,0.65198666,0.56108
1e-05,0.610531,0.7225864,0.65217334,0.56064
1e-05,0.6101399,0.7244581,0.6515933,0.56104
1e-05,0.6104399,0.7242944,0.6523067,0.56158
1e-05,0.609278,0.72494227,0.65318,0.5609
1e-05,0.61051685,0.72460777,0.65235335,0.56124
1e-05,0.6106483,0.7244351,0.65342665,0.56106
1e-05,0.6098872,0.7240936,0.6512,0.56218
1e-05,0.6105468,0.7248397,0.65258,0.5623
1e-05,0.6101172,0.7237939,0.6527333,0.56134
1e-05,0.61010617,0.7247747,0.65180665,0.56234
1e-05,0.6097156,0.72378474,0.65346664,0.56198
1e-05,0.6099723,0.72421926,0.6527867,0.5626
1e-05,0.61034715,0.7236469,0.65124,0.56184
1e-05,0.6100238,0.72384816,0.6513067,0.5607
1e-05,0.6092699,0.72521836,0.65322,0.56204
1e-05,0.6103385,0.7246972,0.65183336,0.56198
1e-05,0.60961306,0.7252171,0.65286666,0.56216
1e-05,0.6113086,0.7241239,0.65102667,0.56138
1e-05,0.61004,0.72419566,0.65306,0.5621
1e-05,0.61018384,0.72398245,0.65227336,0.56214
1e-05,0.6102278,0.7235267,0.65276664,0.5622
1e-05,0.6102272,0.7239948,0.65154666,0.56106
1e-05,0.6104248,0.7239997,0.6519733,0.56188
1e-05,0.6105575,0.7239914,0.6519,0.56178
1e-05,0.6099016,0.7246288,0.65271336,0.56156
1e-05,0.6097884,0.72443503,0.65256,0.56112
1e-05,0.6100557,0.724733,0.6536933,0.56104
1e-05,0.6097057,0.72426075,0.65276664,0.56108
1e-05,0.60965294,0.7246495,0.65221334,0.56128
1e-05,0.6100503,0.7249445,0.6527067,0.56196
1e-05,0.61066765,0.7237822,0.6515933,0.56192
1e-05,0.6104358,0.72423995,0.65084666,0.56184
1e-05,0.6099109,0.72433573,0.6527467,0.56148
1e-05,0.61018425,0.7239721,0.6521,0.56144
1e-05,0.6095179,0.72471744,0.6537,0.56144
1e-05,0.6098489,0.7247994,0.65155333,0.5614
1e-05,0.6100553,0.7257363,0.65176,0.56196
1e-05,0.60923713,0.7257391,0.65336,0.56212
1e-05,0.61017936,0.7253113,0.65247333,0.56182
1e-05,0.6102053,0.72466,0.65236664,0.56128
1e-05,0.60941607,0.7252769,0.6535467,0.56248
1e-05,0.61027807,0.7231299,0.6520867,0.56144
1e-05,0.6095679,0.7246909,0.65331334,0.56252
1e-05,0.60954803,0.72456956,0.6539933,0.56144
1e-05,0.60952055,0.72493654,0.6533,0.5614
1e-05,0.6101116,0.7255024,0.65176666,0.56252
1e-05,0.6097266,0.72448164,0.65282667,0.5622
1e-05,0.6098342,0.72459453,0.65242666,0.56214
1e-05,0.60994554,0.724997,0.65174,0.56248
1e-05,0.60998446,0.7238899,0.6529667,0.56156
1e-05,0.6093936,0.72457933,0.65239334,0.56156
1e-05,0.6097698,0.72449267,0.65371335,0.56166
1e-05,0.6102768,0.7250134,0.65148,0.56172
1e-05,0.6098794,0.7242538,0.6527867,0.56186
1e-05,0.60968673,0.72516024,0.6528467,0.56138
1e-05,0.6100064,0.7245288,0.65231335,0.562
1e-05,0.6100177,0.72505397,0.65298,0.56232
1e-05,0.60979074,0.7255857,0.6519267,0.56124
1e-05,0.60953987,0.7251096,0.65246,0.56178
1e-05,0.6095617,0.7260527,0.6530067,0.56152
1e-05,0.6100674,0.72424805,0.65231335,0.56222
1e-05,0.61006045,0.7244462,0.6521867,0.56176
1e-05,0.6093686,0.7250098,0.65286666,0.56178
1e-05,0.6097831,0.7241003,0.6530067,0.5619
1e-05,0.610021,0.7242853,0.6522667,0.56238
1e-05,0.6099611,0.72364897,0.65236664,0.5623
1e-05,0.61052537,0.72558975,0.65214664,0.56132
1e-05,0.6101177,0.7235796,0.65249336,0.56152
1e-05,0.6103015,0.72460127,0.65206665,0.56152
1e-05,0.6100956,0.72455895,0.6517533,0.5619
1e-05,0.6090274,0.724613,0.6528867,0.56142
1e-05,0.6104374,0.7242296,0.6530733,0.56192
1e-05,0.6102742,0.7245906,0.65212,0.56186
1e-05,0.6101071,0.7245168,0.65260667,0.5621
1e-05,0.6097594,0.72395647,0.65324,0.56248
1e-05,0.60994047,0.72474486,0.6517067,0.56132
1e-05,0.610354,0.72510844,0.65172,0.56122
1e-05,0.61004555,0.7250775,0.65143335,0.56222
1e-05,0.609746,0.725425,0.6533267,0.56204
1e-05,0.60913885,0.7248011,0.65205336,0.56116
1e-05,0.6091934,0.7259453,0.65264,0.56182
1e-05,0.6093767,0.72442347,0.65354,0.5616
1e-05,0.6094671,0.7249233,0.6533933,0.56188
1e-05,0.60942507,0.7255761,0.6517533,0.5623
1e-05,0.6095285,0.724976,0.6527,0.56194
1e-05,0.6097319,0.72533774,0.65234,0.56164
1e-05,0.60973907,0.72563916,0.65213335,0.56192
1e-05,0.60969746,0.72500074,0.65276664,0.56106
1e-05,0.6095004,0.7246493,0.65323335,0.56238
1e-05,0.60949814,0.7241491,0.6527333,0.56184
1e-05,0.6103645,0.72515213,0.6528867,0.5617
1e-05,0.6098304,0.7244462,0.6522267,0.5621
1e-05,0.6100189,0.72514397,0.6526333,0.56178
1e-05,0.6102129,0.725082,0.65152,0.5613
1e-05,0.6101204,0.7242787,0.65323335,0.56172
1e-05,0.6098235,0.72498745,0.6524133,0.56192
1e-05,0.60973036,0.7250777,0.6517067,0.56182
1e-05,0.61023504,0.7251005,0.65166,0.56148
1e-05,0.6092189,0.7250931,0.65309334,0.56148
1e-05,0.60975254,0.7248021,0.65253335,0.56182
1e-05,0.6097101,0.723858,0.65394664,0.56162
1e-05,0.60958433,0.7238521,0.6528867,0.56132
1e-05,0.6097347,0.7252975,0.65239334,0.56082
1e-05,0.60971016,0.723988,0.6527333,0.5619
1e-05,0.6092616,0.72521055,0.65304,0.56166
1e-05,0.6095295,0.72437173,0.65264,0.5613
1e-05,0.60964364,0.7252697,0.65282667,0.56174
1e-05,0.6098613,0.72412276,0.6525267,0.56078
1e-05,0.6092558,0.72634786,0.6522667,0.56086
1e-05,0.60985625,0.7243155,0.65157336,0.56122
1e-05,0.6098879,0.72580534,0.65188664,0.56148
1e-05,0.6107792,0.7243709,0.6514867,0.56236
1e-05,0.6089552,0.7248438,0.65276664,0.56264
1e-05,0.60963625,0.7247784,0.65356666,0.56198
1e-05,0.6098902,0.72555083,0.65247333,0.56156
1e-05,0.6096824,0.72464156,0.6530667,0.56126
1e-05,0.6093683,0.7252954,0.6525933,0.56226
1e-05,0.6098185,0.7247362,0.65354,0.56216
1e-05,0.60971487,0.7252024,0.65452,0.56108
1e-05,0.60965186,0.72537494,0.65319335,0.56114
1e-05,0.6093382,0.72534,0.6533,0.56158
1e-05,0.6099528,0.72505176,0.6517867,0.56158
1e-05,0.6097791,0.7252862,0.65201336,0.56238
1e-05,0.6097408,0.72573537,0.65158665,0.56272
1e-05,0.6098451,0.72535384,0.6513733,0.56182
1e-05,0.6095924,0.7244924,0.65188664,0.56112
1e-05,0.61005926,0.72410256,0.65265334,0.56214
1e-05,0.6096041,0.7254801,0.6530333,0.56228
1e-05,0.60891604,0.7253163,0.6537333,0.56266
1e-05,0.60957706,0.7257214,0.65363336,0.56116
1e-05,0.60977465,0.7249086,0.65232664,0.5622
1e-05,0.61022615,0.7246483,0.65190667,0.56178
1e-05,0.6095062,0.7254572,0.65296,0.56292
1e-05,0.6096998,0.72596973,0.65245336,0.5616
1e-05,0.6091847,0.7260104,0.65356666,0.56192
1e-05,0.6093499,0.7261782,0.6522667,0.56172
1e-05,0.6096904,0.72520334,0.65324,0.56184
1e-05,0.60962594,0.7257978,0.65244,0.56238
1e-05,0.60868376,0.7255316,0.65368,0.56172
1e-05,0.60887563,0.7258549,0.65346664,0.56186
1e-05,0.60927653,0.7254962,0.6525267,0.56178
1e-05,0.60821223,0.72633106,0.65206,0.56074
1e-05,0.60942584,0.72549313,0.6524133,0.5611
1e-05,0.6097334,0.72455406,0.65232,0.56182
1e-05,0.6098006,0.7257203,0.65287334,0.56208
1e-05,0.60967827,0.7253995,0.65296,0.5612
1e-05,0.60895735,0.7264654,0.65436,0.56154
1e-05,0.6095478,0.72581613,0.65397334,0.56166
1e-05,0.6089859,0.7260224,0.6531867,0.56178
1e-05,0.60974485,0.72512865,0.65194,0.56234
1e-05,0.60898113,0.725526,0.65320665,0.56176
1e-05,0.60974795,0.725392,0.6532533,0.56156
1e-05,0.6089472,0.7253029,0.6532533,0.5616
1e-05,0.60904723,0.7247518,0.65308,0.56162
1e-05,0.6091539,0.7255182,0.6536667,0.56214
1e-05,0.60894495,0.72620094,0.65382,0.56256
1e-05,0.60926473,0.7270848,0.65182,0.5629
1e-05,0.6096466,0.7259392,0.65252,0.56264
1e-05,0.6099745,0.725597,0.65178,0.56192
1e-05,0.6091537,0.7259631,0.65291333,0.5614
1e-05,0.60994714,0.72582364,0.65151334,0.56236
1e-05,0.6094174,0.72654474,0.65315336,0.56268
1e-05,0.6096895,0.72559994,0.65266,0.56234
1e-05,0.60913104,0.7257669,0.65274,0.56194
1e-05,0.60909563,0.7261438,0.65335333,0.5623
1e-05,0.60969543,0.72527957,0.6518533,0.56278
1e-05,0.60947835,0.72507435,0.65220666,0.56188
1e-05,0.60876393,0.7255574,0.6535067,0.56244
1e-05,0.60940814,0.7256212,0.65327334,0.56182
1e-05,0.6092988,0.7263675,0.6534067,0.5623
1e-05,0.6085484,0.7257908,0.653,0.56248
1e-05,0.60934544,0.7266548,0.6518267,0.56236
1e-05,0.6092687,0.7264774,0.65376,0.562
1e-05,0.6090971,0.72568214,0.6529,0.5617
1e-05,0.6092687,0.7265354,0.65349334,0.56152
1e-05,0.6087961,0.72605133,0.65302,0.56106
1e-05,0.6092563,0.7253265,0.6527467,0.56116
1e-05,0.60874176,0.72634417,0.65296,0.56244
1e-05,0.6089557,0.72622144,0.65411335,0.56196
1e-05,0.6099885,0.72528446,0.65252,0.56206
1e-05,0.6092513,0.72523856,0.6529533,0.56208
1e-05,0.60929126,0.72603524,0.65257335,0.56202
1e-05,0.609094,0.72502184,0.6542133,0.56152
1e-05,0.6093933,0.7262036,0.6526267,0.56166
1e-05,0.6089177,0.7258961,0.65242,0.56216
1e-05,0.6092121,0.7264244,0.65316,0.56188
1e-05,0.6098298,0.7253173,0.65360665,0.5627
1e-05,0.60994405,0.7250092,0.65297335,0.5613
1e-05,0.60919994,0.725659,0.65282,0.56198
1e-05,0.60916007,0.72547936,0.65188,0.5624
1e-05,0.6086605,0.7273168,0.65356666,0.56234
1e-05,0.61029935,0.7256318,0.6518533,0.56216
1e-05,0.6093723,0.72546256,0.6522933,0.5625
1e-05,0.60845953,0.72551423,0.6525533,0.56146
1e-05,0.6095469,0.7253854,0.6531133,0.56146
1e-05,0.60907996,0.72499704,0.65422666,0.5611
1e-05,0.6097778,0.7262729,0.6519333,0.56168
1e-05,0.6091625,0.72628325,0.6536267,0.56146
1e-05,0.6094052,0.7263864,0.6532867,0.56202
1e-05,0.6086316,0.72625476,0.6533,0.56096
1e-05,0.6086843,0.7265258,0.65238667,0.56122
1e-05,0.60812926,0.727752,0.65338665,0.56074
1e-05,0.60950834,0.7252295,0.65210664,0.56168
1e-05,0.60945916,0.72609603,0.6529933,0.56232
1e-05,0.6090679,0.7265772,0.65451336,0.56218
1e-05,0.60878867,0.7262684,0.6536533,0.56206
1e-05,0.60916144,0.7261397,0.65370667,0.56188
1e-05,0.60977864,0.7257655,0.6526667,0.56206
1e-05,0.6095669,0.727119,0.65218,0.56238
1e-05,0.6096657,0.7256635,0.65297335,0.56264
1e-05,0.60839015,0.7257267,0.65402,0.56108
1e-05,0.6085678,0.72592026,0.6539133,0.5622
1e-05,0.60902435,0.7243156,0.6534733,0.56168
1e-05,0.60927457,0.7253711,0.6523333,0.56232
1e-05,0.6091421,0.7262736,0.65357333,0.56176
1e-05,0.6097238,0.7257028,0.65283334,0.5624
1e-05,0.60901016,0.72577995,0.6532533,0.56158
1e-05,0.6089043,0.7265115,0.6526333,0.5622
1e-05,0.6085648,0.72599274,0.65400666,0.56198
1e-05,0.609173,0.7260446,0.65330666,0.5631
1e-05,0.60837865,0.72584635,0.65452,0.5618
1e-05,0.6099628,0.7256275,0.65261334,0.56192
1e-05,0.60939574,0.7265916,0.6526333,0.56218
1e-05,0.60952413,0.72619694,0.65224,0.56282
1e-05,0.6095754,0.7266084,0.65178,0.56238
1e-05,0.6095578,0.7255941,0.65298665,0.56174
1e-05,0.6090819,0.7253673,0.65227336,0.56194
1e-05,0.60966736,0.7251808,0.65386665,0.56206
1e-05,0.6084518,0.7276407,0.65433335,0.56184
1e-05,0.6092527,0.7265045,0.6531467,0.56198
1e-05,0.60876983,0.7262222,0.65316,0.56186
1e-05,0.6085779,0.72600305,0.65398,0.56198
1e-05,0.60909814,0.7254789,0.65374,0.56198
1e-05,0.60845864,0.7275925,0.6540667,0.56158
1e-05,0.609031,0.7261749,0.65319335,0.56184
1e-05,0.6088224,0.7267128,0.65336,0.56232
1e-05,0.60880846,0.72656333,0.6528933,0.56246
1e-05,0.608542,0.72689945,0.65320665,0.56256
1e-05,0.6093611,0.72620565,0.6528933,0.56172
1e-05,0.6082913,0.72728664,0.65338665,0.56276
1e-05,0.6088595,0.7269674,0.6529667,0.56158
1e-05,0.6093113,0.72540766,0.65324664,0.56208
1e-05,0.60884607,0.7261554,0.65276,0.56162
1e-05,0.6088551,0.7256956,0.6532133,0.56166
1e-05,0.6084946,0.7272772,0.6535533,0.5622
1e-05,0.6087872,0.72751135,0.6533,0.56184
1e-05,0.60861987,0.7265785,0.65397334,0.56258
1e-05,0.6091848,0.726429,0.6539,0.56222
1e-05,0.60847366,0.72699916,0.6538,0.5619
1e-05,0.60922116,0.7261934,0.65315336,0.56098
1e-05,0.60855097,0.7261113,0.65342665,0.56224
1e-05,0.6089538,0.72576284,0.65328,0.56168
1e-05,0.60881907,0.72705775,0.6518667,0.56208
1e-05,0.6081471,0.7267197,0.65423334,0.56176
1e-05,0.6089861,0.7270552,0.65256,0.56188
1e-05,0.60874903,0.7269419,0.6535467,0.56188
1e-05,0.6080206,0.7268252,0.65458,0.56174
1e-05,0.60748005,0.72799945,0.6548067,0.56166
1e-05,0.60797423,0.72792834,0.65432,0.56172
1e-05,0.60878146,0.72694033,0.65342665,0.5613
1e-05,0.6085544,0.72688884,0.65429336,0.56116
1e-05,0.6097914,0.7269359,0.65302664,0.56154
1e-05,0.60920274,0.7263251,0.6534,0.56182
1e-05,0.60866684,0.7272963,0.65452665,0.5614
1e-05,0.6083831,0.72643006,0.6542133,0.56156
1e-05,0.60930425,0.7261719,0.65168,0.5623
1e-05,0.6086213,0.72606426,0.65352666,0.56162
1e-05,0.6088078,0.72672266,0.6529,0.56214
1e-05,0.60938567,0.72727543,0.6522667,0.56214
1e-05,0.60937905,0.72616214,0.653,0.5617
1e-05,0.6083305,0.7267901,0.6539867,0.56108
1e-05,0.6086153,0.72676075,0.6530733,0.5619
1e-05,0.6085296,0.7273178,0.65302,0.56166
1e-05,0.6092361,0.72637737,0.65335333,0.56178
1e-05,0.60886717,0.72729504,0.65168667,0.56232
1e-05,0.608854,0.7276595,0.65331334,0.5623
1e-05,0.6090354,0.7270445,0.6528467,0.5621
1e-05,0.60895425,0.7263429,0.6528533,0.56138
1e-05,0.6089877,0.72599906,0.65342665,0.56198
1e-05,0.6084036,0.72570986,0.6529667,0.56158
1e-05,0.6093627,0.72655445,0.65228,0.56254
1e-05,0.60908604,0.7269076,0.65248,0.5615
1e-05,0.6086781,0.72650343,0.65223336,0.56214
1e-05,0.60925555,0.72573656,0.65286666,0.56214
1e-05,0.6080655,0.72586316,0.65426,0.5617
1e-05,0.6090443,0.7274987,0.65393335,0.5623
1e-05,0.6084362,0.7268928,0.65376,0.56174
1e-05,0.60848486,0.72681713,0.65438664,0.56192
1e-05,0.608393,0.7273095,0.65386665,0.56206
1e-05,0.60894614,0.7264843,0.65336,0.56242
1e-05,0.6086391,0.7274163,0.65418,0.56166
1e-05,0.6087748,0.7272171,0.65415335,0.56136
1e-05,0.60881364,0.7270609,0.6536533,0.56108
1e-05,0.6084455,0.7276043,0.6549,0.56106
1e-05,0.6081258,0.72764593,0.65328,0.5614
1e-05,0.60856676,0.72804505,0.6535533,0.56128
1e-05,0.608052,0.7279273,0.6543933,0.56084
1e-05,0.6090129,0.72633755,0.65228665,0.56158
1e-05,0.6080072,0.7269429,0.6542133,0.5623
1e-05,0.6086478,0.72691107,0.65254,0.56086
1e-05,0.60834914,0.7268527,0.65358,0.5622
1e-05,0.6086193,0.7265409,0.65403336,0.5611
1e-05,0.6083161,0.7286179,0.65382665,0.5616
1e-05,0.6087475,0.72690487,0.6536267,0.56264
1e-05,0.608462,0.7276137,0.65235335,0.56142
1e-05,0.60914373,0.7262144,0.65388,0.562
1e-05,0.6082414,0.7263852,0.65396667,0.56196
1e-05,0.6079249,0.7275704,0.65342,0.56178
1e-05,0.6078005,0.7270583,0.65426,0.56102
1e-05,0.6090379,0.72709686,0.65309334,0.56086
1e-05,0.6075814,0.7276727,0.65526,0.56156
1e-05,0.6080704,0.72653395,0.6539,0.5624
1e-05,0.60814476,0.72730476,0.65367335,0.5622
1e-05,0.6082949,0.7272601,0.65327334,0.56116
1e-05,0.60875064,0.72636294,0.6533667,0.5608
1e-05,0.60920185,0.72697073,0.65290666,0.5616
1e-05,0.60820526,0.7279048,0.65418,0.56228
1e-05,0.6087958,0.727675,0.65304667,0.5614
1e-05,0.6088115,0.7269572,0.6545,0.56158
1e-05,0.6095541,0.7269307,0.65397334,0.5625
1e-05,0.608588,0.72727376,0.6535467,0.56086
1e-05,0.6088392,0.7268013,0.65319335,0.56192
1e-05,0.6084898,0.7261874,0.65345335,0.56202
1e-05,0.6089365,0.72608817,0.65429336,0.56202
1e-05,0.6083393,0.72690976,0.65442,0.56172
1e-05,0.6085963,0.72739285,0.6535,0.56164
1e-05,0.60811347,0.72661775,0.6541,0.56134
1e-05,0.60877514,0.7258878,0.65423334,0.561
1e-05,0.60885435,0.7270313,0.65356666,0.56194
1e-05,0.60797495,0.7270019,0.65532666,0.56212
1e-05,0.6093927,0.7264234,0.65327334,0.56224
1e-05,0.6080903,0.7270066,0.655,0.56234
1e-05,0.6075813,0.7266206,0.65468,0.56104
1e-05,0.6082128,0.7276124,0.65404665,0.56198
1e-05,0.60900766,0.7267063,0.6536533,0.56182
1e-05,0.60871917,0.7274831,0.65319335,0.56172
1e-05,0.6083852,0.7278674,0.65349334,0.56134
1e-05,0.6090004,0.72587496,0.65359336,0.56154
1e-05,0.6081551,0.72662663,0.6545867,0.56194
1e-05,0.60785913,0.7280183,0.65402,0.56246
1e-05,0.60889304,0.7265353,0.6552067,0.56186
1e-05,0.6084465,0.7269213,0.6535133,0.5621
1e-05,0.60813683,0.72796476,0.6531467,0.5621
1e-05,0.6090685,0.72675765,0.65397334,0.56218
1e-05,0.60835487,0.72715586,0.6544733,0.56196
1e-05,0.6079982,0.7274866,0.6536667,0.56204
1e-05,0.6085307,0.7272579,0.65412664,0.56174
1e-05,0.6086433,0.7272275,0.65244,0.56232
1e-05,0.6075519,0.728491,0.65551335,0.5614
1e-05,0.60870165,0.72736263,0.65276664,0.56214
1e-05,0.6084081,0.72625095,0.65516,0.56238
1e-05,0.60875493,0.72641724,0.6527733,0.56122
1e-05,0.60828125,0.72601473,0.65423334,0.56238
1e-05,0.60829794,0.7271636,0.6540267,0.56206
1e-05,0.60850173,0.7273484,0.65437335,0.56172
1e-05,0.6088788,0.72684133,0.65345335,0.5622
1e-05,0.60904694,0.7265758,0.65356666,0.56122
1e-05,0.60784614,0.7272191,0.65460664,0.56168
1e-05,0.6083579,0.7282979,0.65346664,0.5627
1e-05,0.60844576,0.7266988,0.65334,0.56148
1e-05,0.60846275,0.72707814,0.6543933,0.56254
1e-05,0.60820335,0.72754264,0.65419334,0.56164
1e-05,0.60829455,0.727952,0.6546,0.56244
1e-05,0.60808563,0.7271305,0.65574664,0.56114
1e-05,0.6080848,0.72760206,0.65372664,0.56204
1e-05,0.6085377,0.72766185,0.65342,0.56134
1e-05,0.60840154,0.7270492,0.65401334,0.56154
1e-05,0.6087531,0.72755533,0.6539267,0.56144
1e-05,0.60845786,0.7274259,0.65544665,0.56188
1e-05,0.6078373,0.72727984,0.65489334,0.5614
1e-05,0.6085536,0.72720385,0.6536933,0.56186
1e-05,0.60741705,0.7275063,0.65476,0.56124
1e-05,0.60841364,0.7266023,0.65488666,0.56188
1e-05,0.6085809,0.72605807,0.65372,0.562
1e-05,0.6078126,0.72748876,0.65464,0.56262
1e-05,0.60766834,0.7279129,0.65358,0.56158
1e-05,0.6083508,0.72737736,0.655,0.56222
1e-05,0.60768497,0.72789776,0.65313333,0.5618
1e-05,0.6078339,0.728505,0.65335333,0.56154
1e-05,0.6081122,0.72803795,0.6522533,0.56158
1e-05,0.60885125,0.72686243,0.65438664,0.56222
1e-05,0.609304,0.7275685,0.65381336,0.56196
1e-05,0.6077144,0.72805667,0.6541067,0.56146
1e-05,0.6085552,0.7282418,0.6539267,0.56142
1e-05,0.60831517,0.7277739,0.65338665,0.5614
1e-05,0.60816693,0.72675234,0.65294665,0.5611
1e-05,0.60817766,0.7286197,0.65378666,0.56134
1e-05,0.6078725,0.7280819,0.6546933,0.56162
1e-05,0.6080146,0.72761816,0.6538333,0.56098
1e-05,0.60817015,0.72888505,0.65492666,0.561
1e-05,0.6080629,0.7276888,0.65427333,0.56202
1e-05,0.6082411,0.7281973,0.65314,0.56232
1e-05,0.6079042,0.7275855,0.6549067,0.56184
1e-05,0.6078457,0.72791684,0.6541,0.56224
1e-05,0.60793984,0.72833246,0.6537333,0.56144
1e-05,0.60771066,0.72872055,0.65401334,0.56188
1e-05,0.60839385,0.7277008,0.65434664,0.5618
1e-05,0.6075602,0.7267009,0.65573335,0.56156
1e-05,0.60795724,0.72762805,0.65405333,0.56138
1e-05,0.60812664,0.72833514,0.65486,0.56118
1e-05,0.6088734,0.72850066,0.65252,0.56242
1e-05,0.60910845,0.7275934,0.6538,0.562
1e-05,0.60833377,0.726478,0.65286666,0.56126
1e-05,0.60835916,0.7277616,0.6547,0.56134
1e-05,0.60825145,0.72719085,0.65357333,0.56222
1e-05,0.60757935,0.72776383,0.6537,0.56152
1e-05,0.6074434,0.7282702,0.6548667,0.56168
1e-05,0.60824054,0.72800916,0.6545733,0.56096
1e-05,0.60717785,0.72804934,0.65358,0.56172
1e-05,0.60756785,0.72848815,0.65422666,0.56064
1e-05,0.6081385,0.7279866,0.6545,0.5612
1e-05,0.60865474,0.7281542,0.65323335,0.56256
1e-05,0.60893,0.7269525,0.6532933,0.56034
1e-05,0.6069073,0.7288791,0.6552333,0.56116
1e-05,0.6082036,0.728976,0.6528533,0.56188
1e-05,0.60891163,0.72815305,0.65378,0.5618
1e-05,0.60778576,0.7276336,0.6550867,0.56242
1e-05,0.6076739,0.72808725,0.6552,0.5634
1e-05,0.60820204,0.7278135,0.65434,0.56208
1e-05,0.60855633,0.72793376,0.65346664,0.56244
1e-05,0.60786146,0.727155,0.65331334,0.56178
1e-05,0.60839224,0.7281204,0.6540267,0.56142
1e-05,0.607682,0.72728527,0.65363336,0.5624
1e-05,0.60764587,0.7271437,0.6551333,0.56128
1e-05,0.60753995,0.7269003,0.6541467,0.56174
1e-05,0.60740316,0.7276617,0.65437335,0.56224
1e-05,0.607892,0.72844476,0.65404,0.56234
1e-05,0.60777736,0.72863567,0.65390664,0.56318
1e-05,0.60784686,0.7283461,0.6533333,0.5621
1e-05,0.6082168,0.7280606,0.65342665,0.5618
1e-05,0.608222,0.7288773,0.65400666,0.56164
1e-05,0.60802436,0.72854304,0.6529533,0.56204
1e-05,0.6075994,0.7284488,0.65414,0.56138
1e-05,0.6081352,0.7279752,0.65334,0.56148
1e-05,0.6083048,0.7273936,0.6532867,0.56098
1e-05,0.60791093,0.7281833,0.6541333,0.5623
1e-05,0.60771674,0.7282562,0.65341336,0.56204
1e-05,0.6082555,0.728551,0.65378666,0.56196
1e-05,0.60779065,0.72722524,0.65496665,0.56172
1e-05,0.60778373,0.7281185,0.6550867,0.56244
1e-05,0.6076924,0.7278766,0.65407336,0.5617
1e-05,0.60816664,0.7279738,0.6537733,0.5621
1e-05,0.6082758,0.72804236,0.65507334,0.5619
1e-05,0.6081888,0.7276278,0.65400666,0.56188
1e-05,0.6083374,0.7274413,0.6535067,0.56222
1e-05,0.60777384,0.728397,0.6539267,0.5622
1e-05,0.6074391,0.72917813,0.65455335,0.56286
1e-05,0.60813534,0.7284182,0.65464,0.5621
1e-05,0.60776454,0.7273539,0.65335333,0.56176
1e-05,0.60757345,0.7297031,0.6547533,0.56196
1e-05,0.6088008,0.7273756,0.6535533,0.56298
1e-05,0.6073322,0.7297115,0.6548,0.56314
1e-05,0.6075996,0.7285925,0.65432,0.56304
1e-05,0.6075532,0.72824967,0.65477335,0.56206
1e-05,0.6073629,0.7291223,0.65452665,0.56242
1e-05,0.6081388,0.72853845,0.6531067,0.5624
1e-05,0.607976,0.7284234,0.65423334,0.56194
1e-05,0.6078284,0.7282996,0.6538333,0.56144
1e-05,0.6073908,0.728821,0.65388,0.5627
1e-05,0.6076565,0.7287983,0.65418667,0.56136
1e-05,0.60722214,0.72826344,0.6550133,0.56182
1e-05,0.6080951,0.72861993,0.6535533,0.5625
1e-05,0.60809904,0.7281358,0.65376,0.562
1e-05,0.6083497,0.7280764,0.6538067,0.56244
1e-05,0.6072985,0.72815394,0.6543267,0.56262
1e-05,0.60744685,0.7284631,0.65576,0.5628
1e-05,0.60780704,0.72867185,0.65460664,0.56266
1e-05,0.607651,0.7286257,0.6548333,0.5622
1e-05,0.6076869,0.7283209,0.65441334,0.56276
1e-05,0.60797983,0.7280969,0.6537333,0.5624
1e-05,0.60732895,0.7283914,0.65517336,0.56294
1e-05,0.6075213,0.728841,0.65498,0.56236
1e-05,0.6077603,0.7279677,0.65412,0.5625
1e-05,0.6070777,0.7288193,0.6554267,0.56178
1e-05,0.6081109,0.7282802,0.65526664,0.56266
1e-05,0.6080699,0.72720605,0.65438664,0.56276
1e-05,0.6081236,0.72875345,0.65356,0.56186
1e-05,0.60811204,0.7280061,0.6546467,0.56238
1e-05,0.6080834,0.72805274,0.65374666,0.56186
1e-05,0.60737675,0.7282113,0.65495336,0.56228
1e-05,0.60810375,0.7283734,0.65419334,0.56208
1e-05,0.6077053,0.7285678,0.65492666,0.56246
1e-05,0.6081379,0.7284305,0.65408,0.56284
1e-05,0.60791993,0.7285453,0.65342,0.56146
1e-05,0.60806257,0.7283502,0.6547533,0.56222
1e-05,0.6081066,0.72705585,0.6547267,0.5619
1e-05,0.60729754,0.72815174,0.6545867,0.56222
1e-05,0.6084532,0.7273134,0.6541067,0.5624
1e-05,0.6073309,0.72785574,0.6545467,0.56236
1e-05,0.6079531,0.72797596,0.65419334,0.56252
1e-05,0.60742325,0.7296415,0.6544667,0.56198
1e-05,0.6077725,0.7277682,0.65376,0.56192
1e-05,0.60768265,0.7277543,0.65433335,0.56314
1e-05,0.607322,0.7279279,0.65422666,0.56172
1e-05,0.60733247,0.7292179,0.65451336,0.5627
1e-05,0.6078317,0.7283387,0.6528867,0.56176
1e-05,0.6074533,0.7291121,0.65426,0.56216
1e-05,0.6078712,0.7288479,0.65482664,0.56248
1e-05,0.6081527,0.72909725,0.6543267,0.56234
1e-05,0.6073789,0.72715765,0.6540933,0.56168
1e-05,0.6072333,0.728887,0.6542133,0.5627
1e-05,0.6072098,0.7297001,0.6546533,0.5624
1e-05,0.60735893,0.72902507,0.6540933,0.56164
1e-05,0.60681814,0.72939456,0.65518,0.56252
1e-05,0.6083823,0.72838813,0.6534,0.56278
1e-05,0.6068986,0.72905445,0.6560867,0.56224
1e-05,0.60773283,0.7290973,0.6544667,0.56212
1e-05,0.6074629,0.72910994,0.6539,0.56212
1e-05,0.60698074,0.728331,0.6556,0.5616
1e-05,0.60703933,0.729071,0.6548333,0.56198
1e-05,0.60711586,0.7285811,0.65499336,0.5621
1e-05,0.60711634,0.7298649,0.65656,0.56172
1e-05,0.6080837,0.7284747,0.65532,0.56224
1e-05,0.60739446,0.7285265,0.6538867,0.56282
1e-05,0.6073302,0.7292847,0.6554,0.56266
1e-05,0.60829556,0.7297498,0.6539933,0.5625
1e-05,0.6075834,0.72860456,0.65434,0.5616
1e-05,0.60683453,0.729538,0.65530664,0.56244
1e-05,0.6080392,0.72886914,0.65477335,0.56264
1e-05,0.60674894,0.7295692,0.65492666,0.5616
1e-05,0.6069635,0.7292548,0.6557867,0.56202
1e-05,0.60682774,0.72907436,0.65482,0.5623
1e-05,0.60747266,0.7298209,0.65422,0.56298
1e-05,0.6074633,0.728702,0.6556733,0.56284
1e-05,0.60726434,0.7290733,0.6546,0.56198
1e-05,0.60690314,0.729648,0.65521336,0.56266
1e-05,0.60702217,0.73014235,0.6558,0.56266
1e-05,0.6069129,0.7305824,0.65542,0.56328
1e-05,0.6072267,0.72922766,0.65584,0.56268
1e-05,0.606708,0.72960794,0.65648,0.56218
1e-05,0.6076523,0.72848153,0.65441334,0.56322
1e-05,0.60798514,0.72911227,0.6544667,0.56272
1e-05,0.60813683,0.72776234,0.65426666,0.5626
1e-05,0.60715324,0.7294927,0.65506667,0.5631
1e-05,0.60757697,0.7289208,0.65564,0.5631
1e-05,0.6073217,0.7291718,0.65569335,0.56292
1e-05,0.6077215,0.72862357,0.65396,0.56208
1e-05,0.6070777,0.72849923,0.65405333,0.56148
1e-05,0.60769063,0.72836244,0.6537,0.56204
1e-05,0.60707986,0.72947884,0.65444666,0.56248
1e-05,0.60690606,0.7295132,0.6549467,0.5623
1e-05,0.6076238,0.7284108,0.65566,0.56174
1e-05,0.6069961,0.7286023,0.65456,0.56286
1e-05,0.6073464,0.72823703,0.65610665,0.56238
1e-05,0.60761625,0.72874165,0.6543933,0.5623
1e-05,0.60718155,0.7287594,0.65554,0.5621
1e-05,0.6076146,0.7287445,0.65496,0.56202
1e-05,0.60637766,0.7297339,0.65551335,0.5618
1e-05,0.60671633,0.729187,0.65496,0.56198
1e-05,0.607729,0.7293013,0.6548,0.5614
1e-05,0.6076952,0.72951996,0.65438664,0.56224
1e-05,0.60736334,0.7286672,0.6544267,0.56158
1e-05,0.60728145,0.7294248,0.6545,0.56208
1e-05,0.607058,0.7289914,0.65526664,0.56268
1e-05,0.60678,0.7296136,0.6548,0.56236
1e-05,0.60638094,0.7302703,0.65518665,0.56222
1e-05,0.6072473,0.7296179,0.65607333,0.56202
1e-05,0.6071077,0.7297546,0.65528,0.56178
1e-05,0.6073369,0.72936493,0.6549133,0.56158
1e-05,0.60739034,0.7301231,0.6563067,0.5623
1e-05,0.60730004,0.72932196,0.65493333,0.56234
1e-05,0.6072399,0.72993064,0.65495336,0.5619
1e-05,0.60701627,0.72955185,0.65448,0.56134
1e-05,0.6070068,0.728474,0.65440667,0.56202
1e-05,0.6070521,0.7291135,0.65528667,0.5612
1e-05,0.6066347,0.73029506,0.65458,0.56176
1e-05,0.607144,0.7292698,0.65613335,0.56108
1e-05,0.60706604,0.72909456,0.65456,0.56136
1e-05,0.60728824,0.7301768,0.65460664,0.56106
1e-05,0.6071284,0.7288626,0.65592,0.5619
1e-05,0.6070204,0.72956365,0.6550267,0.56244
1e-05,0.6072232,0.7289565,0.65370667,0.56198
1e-05,0.6071907,0.72901833,0.65394664,0.56242
1e-05,0.60684794,0.72894764,0.65434,0.5628
1e-05,0.60771,0.72858274,0.65496665,0.56212
1e-05,0.607644,0.72963554,0.6549,0.56178
1e-05,0.6063891,0.7302,0.6561667,0.56156
1e-05,0.60718304,0.73003,0.65562,0.56134
1e-05,0.6070714,0.73032457,0.65482,0.56218
1e-05,0.60772383,0.7292685,0.6537667,0.56142
1e-05,0.6074806,0.7285814,0.65466666,0.56166
1e-05,0.60701984,0.7298886,0.6557867,0.56142
1e-05,0.60760665,0.72931707,0.65419334,0.5628
1e-05,0.60772735,0.729622,0.65376,0.56174
1e-05,0.607576,0.72927225,0.65444666,0.56144
1e-05,0.60711175,0.7302024,0.6548333,0.56242
1e-05,0.6073215,0.7299775,0.65436,0.5612
1e-05,0.6072354,0.729702,0.65459335,0.56166
1e-05,0.60734874,0.72864187,0.65484,0.56178
1e-05,0.6065111,0.7295631,0.65506667,0.56066
1e-05,0.60738957,0.72975975,0.65500665,0.56174
1e-05,0.60707086,0.7298059,0.65554,0.56258
1e-05,0.6071995,0.7292241,0.6554667,0.56186
1e-05,0.6070899,0.72944313,0.6538733,0.5617
1e-05,0.60728306,0.7294186,0.6549067,0.5619
1e-05,0.60724616,0.72943014,0.65427333,0.56176
1e-05,0.6063926,0.7300337,0.6561,0.56176
1e-05,0.6076037,0.72949106,0.6555,0.56184
1e-05,0.6072136,0.7298115,0.6556,0.56192
1e-05,0.60739714,0.7289265,0.65592,0.5614
1e-05,0.60656726,0.72963643,0.6555067,0.56148
1e-05,0.60760516,0.72928625,0.65580666,0.56264
1e-05,0.6066548,0.729241,0.65580666,0.56168
1e-05,0.6080319,0.72890776,0.6536133,0.56242
1e-05,0.6063272,0.72909373,0.65524,0.56208
1e-05,0.6076855,0.72919214,0.6543,0.56244
1e-05,0.60596716,0.73051316,0.65586,0.56148
1e-05,0.6064371,0.7305514,0.65378,0.56154
1e-05,0.607593,0.7286018,0.65374666,0.5621
1e-05,0.60763144,0.7297539,0.65446,0.56276
1e-05,0.60693747,0.7290353,0.65526,0.56188
1e-05,0.60701036,0.72979087,0.6549867,0.56136
1e-05,0.6070816,0.729965,0.65548,0.56204
1e-05,0.60686517,0.72998476,0.65522,0.56266
1e-05,0.607152,0.73028064,0.65514,0.56242
1e-05,0.6063938,0.72974944,0.65518665,0.56206
1e-05,0.60688084,0.72922534,0.65433335,0.5613
1e-05,0.6074984,0.72806036,0.6554533,0.56256
1e-05,0.6072949,0.72987866,0.6536,0.56254
1e-05,0.6066715,0.7296804,0.65580666,0.56214
1e-05,0.6070832,0.7293416,0.65532666,0.56112
1e-05,0.60607934,0.72889364,0.6555067,0.56238
1e-05,0.60652065,0.7300336,0.65496,0.5627
1e-05,0.6069449,0.7302807,0.65471333,0.5619
1e-05,0.607926,0.72942877,0.65452,0.56096
1e-05,0.60686976,0.73029596,0.6548333,0.562
1e-05,0.6069693,0.72965556,0.6547667,0.5619
1e-05,0.6056612,0.7304541,0.65603334,0.56178
1e-05,0.608144,0.7293213,0.6528867,0.5612
1e-05,0.6072572,0.7288611,0.65572,0.56128
1e-05,0.60785776,0.7288862,0.65396,0.562
1e-05,0.606178,0.7301561,0.65635335,0.56124
1e-05,0.6068637,0.72926134,0.65488666,0.56182
1e-05,0.6063806,0.73050517,0.6553133,0.56188
1e-05,0.606762,0.73029745,0.6560133,0.56262
1e-05,0.6067248,0.7303226,0.65485334,0.56282
1e-05,0.6064473,0.731361,0.65477335,0.5632
1e-05,0.607204,0.7300767,0.65594,0.56262
1e-05,0.6064395,0.7302084,0.65511334,0.5621
1e-05,0.6069254,0.73053867,0.65643334,0.56312
1e-05,0.60753286,0.72893494,0.6545467,0.56252
1e-05,0.6073092,0.7290952,0.6551933,0.56268
1e-05,0.60666716,0.73031026,0.65548,0.56268
1e-05,0.6068746,0.7307849,0.6559733,0.5621
1e-05,0.60772026,0.7292512,0.6550133,0.56278
1e-05,0.60749495,0.7296861,0.6557,0.5618
1e-05,0.6063009,0.7306756,0.65562,0.56178
1e-05,0.6066295,0.73178816,0.6549,0.56286
1e-05,0.6066012,0.7313445,0.6551333,0.56282
1e-05,0.607334,0.7301766,0.6553867,0.5623
1e-05,0.60663444,0.7308399,0.65414,0.56206
1e-05,0.60765725,0.7301714,0.65448,0.56278
1e-05,0.607209,0.7289699,0.6553133,0.56206
1e-05,0.60687137,0.72932434,0.65407336,0.56144
1e-05,0.6062701,0.73017293,0.6558667,0.56216
1e-05,0.60715467,0.7294473,0.65558666,0.56232
1e-05,0.6070385,0.7292006,0.6543667,0.56232
1e-05,0.6065313,0.7293177,0.6546867,0.5625
1e-05,0.60669446,0.73096466,0.65594,0.56192
1e-05,0.6065482,0.73032194,0.65599334,0.56284
1e-05,0.6068265,0.72978175,0.6548667,0.56304
1e-05,0.60689485,0.7301013,0.6552467,0.56284
1e-05,0.6068491,0.7294746,0.6542,0.56284
1e-05,0.60776216,0.73009044,0.65414,0.56166
1e-05,0.6071545,0.72918624,0.65510666,0.56222
1e-05,0.6064734,0.7300471,0.65613335,0.5623
1e-05,0.60611284,0.73050654,0.65594,0.56198
1e-05,0.6071898,0.7298891,0.65474665,0.56182
1e-05,0.6068765,0.7308538,0.65434664,0.56202
1e-05,0.60647386,0.73009795,0.65511334,0.56234
1e-05,0.60657394,0.72986007,0.65546,0.56236
1e-05,0.60680854,0.7293655,0.65526664,0.56244
1e-05,0.60656184,0.73019254,0.65514,0.56294
1e-05,0.60652834,0.72989804,0.6559067,0.5627
1e-05,0.6061316,0.73062307,0.65716,0.56236
1e-05,0.60607404,0.7309789,0.65581334,0.5626
1e-05,0.6067733,0.7304145,0.65613335,0.56246
1e-05,0.60636675,0.73021084,0.65555334,0.56186
1e-05,0.6064279,0.7301684,0.65536666,0.56176
1e-05,0.6074265,0.72912586,0.65448666,0.56164
1e-05,0.60667074,0.73064727,0.65503335,0.56156
1e-05,0.60646343,0.729909,0.65562,0.56168
1e-05,0.60660434,0.73155063,0.6548733,0.56208
1e-05,0.6069556,0.7299147,0.65482664,0.56208
1e-05,0.60634017,0.73124456,0.65543336,0.5626
1e-05,0.60682726,0.7297669,0.6555,0.56264
1e-05,0.6064557,0.731624,0.6554267,0.56246
1e-05,0.60651433,0.7303587,0.65477335,0.5622
1e-05,0.6063916,0.73057675,0.6553533,0.56154
1e-05,0.6062923,0.7305226,0.65564,0.56222
1e-05,0.6065283,0.7294603,0.6568533,0.56218
1e-05,0.6063901,0.7310052,0.65624,0.56296
1e-05,0.606898,0.7301027,0.65548,0.56134
1e-05,0.6071171,0.72942275,0.65508,0.56262
1e-05,0.6066972,0.7299331,0.65544665,0.56206
1e-05,0.6070935,0.72983456,0.65548,0.56168
1e-05,0.6064684,0.7308607,0.6553467,0.5622
1e-05,0.6065202,0.7299433,0.65522665,0.56224
1e-05,0.6061764,0.7310632,0.65499336,0.5614
1e-05,0.60658634,0.73053473,0.6561933,0.56146
1e-05,0.606201,0.7311731,0.65482,0.56178
1e-05,0.606502,0.73050296,0.65632,0.56236
1e-05,0.60646594,0.7314309,0.6553867,0.56174
1e-05,0.606143,0.7308449,0.65596,0.56174
1e-05,0.60598165,0.73053277,0.65628666,0.56256
1e-05,0.6061744,0.7309464,0.6558667,0.56174
1e-05,0.60643464,0.73062646,0.65658665,0.56132
1e-05,0.6061093,0.7315825,0.65522,0.56218
1e-05,0.60732603,0.73095095,0.65427333,0.56154
1e-05,0.6066404,0.7304668,0.6559333,0.56244
1e-05,0.60625714,0.7306192,0.65558,0.5611
1e-05,0.60606414,0.7323788,0.65692,0.56272
1e-05,0.6070287,0.7303721,0.6560867,0.56162
1e-05,0.6064109,0.7301774,0.65514,0.56206
1e-05,0.60616016,0.7305972,0.65525335,0.56166
1e-05,0.60596865,0.73081064,0.65529335,0.56112
1e-05,0.6064741,0.72981244,0.6558667,0.56128
1e-05,0.6066965,0.73074627,0.6552467,0.56142
1e-05,0.6064685,0.73062545,0.65588,0.5617
1e-05,0.6064308,0.7302531,0.65598667,0.56224
1e-05,0.60605663,0.7304786,0.6568267,0.56216
1e-05,0.60596514,0.73110247,0.6548333,0.56244
1e-05,0.605986,0.73054534,0.65530664,0.56172
1e-05,0.6066169,0.731878,0.65372,0.56194
1e-05,0.605703,0.7317782,0.65614,0.56136
1e-05,0.60713136,0.73081565,0.65386,0.56186
1e-05,0.60556984,0.7320153,0.6556733,0.56224
1e-05,0.6058742,0.7313733,0.6563867,0.5622
1e-05,0.6062254,0.7323458,0.65548,0.56256
1e-05,0.60655975,0.73127425,0.6556867,0.56238
1e-05,0.6065027,0.73055595,0.6562,0.56206
1e-05,0.6055423,0.7319496,0.65640664,0.56226
1e-05,0.60644466,0.7304633,0.65484667,0.56238
1e-05,0.6072853,0.7303104,0.65562665,0.56182
1e-05,0.6065902,0.7305901,0.65642,0.56138
1e-05,0.6063429,0.7319925,0.65537333,0.56202
1e-05,0.60574377,0.7309182,0.6554933,0.56242
1e-05,0.60675573,0.7309898,0.6553133,0.56226
1e-05,0.60657096,0.7309922,0.6566,0.56148
1e-05,0.60712886,0.7290674,0.65454,0.56246
1e-05,0.60657674,0.72989285,0.6557867,0.563
1e-05,0.6062283,0.7306694,0.65530664,0.56278
1e-05,0.6068342,0.7311805,0.6540667,0.56214
1e-05,0.6067097,0.7298624,0.6551,0.5627
1e-05,0.6065224,0.7306217,0.65581334,0.56216
1e-05,0.6054605,0.73076767,0.65638,0.56174
1e-05,0.60536593,0.73163664,0.6569,0.56098
1e-05,0.60563564,0.73197764,0.65726,0.56168
1e-05,0.6057718,0.7308359,0.65697336,0.56042
1e-05,0.60665137,0.73111683,0.65506,0.56156
1e-05,0.60628295,0.73084646,0.65598,0.56172
1e-05,0.6061079,0.7314571,0.65582,0.56162
1e-05,0.6058362,0.73168355,0.6567067,0.56208
1e-05,0.60665077,0.731092,0.65511334,0.56178
1e-05,0.6056724,0.7325799,0.6555,0.56164
1e-05,0.606036,0.7318043,0.65656,0.56142
1e-05,0.60588795,0.7318202,0.65556,0.56154
1e-05,0.6065953,0.73097485,0.6560467,0.56206
1e-05,0.6071493,0.73135215,0.6538,0.56232
1e-05,0.6056821,0.7323611,0.65518,0.5625
1e-05,0.60671246,0.7307054,0.65514,0.56274
1e-05,0.6062378,0.7305744,0.65512,0.56328
1e-05,0.6069429,0.730725,0.6551333,0.56246
1e-05,0.60575,0.73196375,0.65648,0.56238
1e-05,0.60554075,0.73236406,0.6563867,0.56212
1e-05,0.6063659,0.73076296,0.6552733,0.56278
1e-05,0.60635996,0.73166436,0.6565267,0.5619
1e-05,0.60671717,0.7317779,0.6561267,0.56236
1e-05,0.60609996,0.7306961,0.65650666,0.56184
1e-05,0.60526437,0.73145,0.6564867,0.56188
1e-05,0.6063041,0.7317165,0.65570664,0.5621
1e-05,0.6066549,0.7324879,0.65471333,0.5625
1e-05,0.60638905,0.73175406,0.65521336,0.5617
1e-05,0.6061484,0.7308961,0.65673333,0.56162
1e-05,0.60574317,0.7321706,0.6566,0.562
1e-05,0.60668904,0.7317653,0.65598667,0.56244
1e-05,0.60602254,0.73199874,0.65709335,0.5622
1e-05,0.60620284,0.73054767,0.65666,0.56222
1e-05,0.60633403,0.73091114,0.65489334,0.56202
1e-05,0.60646737,0.7310036,0.65568,0.5621
1e-05,0.60716164,0.730833,0.6557933,0.56222
1e-05,0.60602206,0.7311381,0.6562733,0.56268
1e-05,0.606445,0.73181206,0.65552,0.56228
1e-05,0.60692817,0.7302803,0.65451336,0.56228
1e-05,0.6056325,0.73129386,0.65634,0.56164
1e-05,0.6065914,0.73175555,0.6555733,0.5624
1e-05,0.6050926,0.73257214,0.65749335,0.56246
1e-05,0.60655826,0.7316689,0.65474665,0.56222
1e-05,0.60598576,0.7316876,0.65679336,0.56226
1e-05,0.6058414,0.73159605,0.6553533,0.56216
1e-05,0.6066633,0.7314659,0.6555,0.56184
1e-05,0.6065573,0.73077726,0.6561933,0.5618
1e-05,0.6058802,0.7316566,0.65697336,0.56268
1e-05,0.60581714,0.7325803,0.65554,0.56162
1e-05,0.60641646,0.7308951,0.65542,0.5621
1e-05,0.6060255,0.73156005,0.65503335,0.56194
1e-05,0.60662496,0.73149943,0.6555333,0.56106
1e-05,0.60655135,0.73142356,0.65569335,0.5614
1e-05,0.60626084,0.731688,0.65584666,0.56182
1e-05,0.6061451,0.7316604,0.65618,0.56222
1e-05,0.605802,0.7319662,0.65568,0.562
1e-05,0.6052994,0.73226297,0.65651333,0.56194
1e-05,0.6061455,0.73277825,0.65596664,0.56244
1e-05,0.60602194,0.7320164,0.65507334,0.56192
1e-05,0.60605556,0.7323594,0.6559467,0.56226
1e-05,0.60539424,0.7315269,0.65606666,0.56282
1e-05,0.6063048,0.7316657,0.65732,0.56228
1e-05,0.60635674,0.7308411,0.65493333,0.5625
1e-05,0.6056392,0.73166716,0.65521336,0.56156
1e-05,0.6058283,0.73181933,0.6557867,0.56144
1e-05,0.606207,0.7312685,0.65568,0.56144
1e-05,0.6055838,0.7316844,0.65640664,0.5615
1e-05,0.60680753,0.73143834,0.65584666,0.56218
1e-05,0.60597306,0.7315604,0.65426,0.56186
1e-05,0.60637456,0.7315363,0.6551,0.56172
1e-05,0.6063192,0.7321994,0.65422,0.56162
1e-05,0.6059083,0.73205876,0.65551335,0.56148
1e-05,0.60558903,0.731415,0.6566067,0.56096
1e-05,0.60670316,0.7310174,0.65572,0.56212
1e-05,0.6061904,0.73112357,0.6569,0.56242
1e-05,0.6067572,0.7317758,0.6556067,0.5623
1e-05,0.6057975,0.73332816,0.6558667,0.56134
1e-05,0.6055679,0.7319316,0.65626,0.562
1e-05,0.60649747,0.7316895,0.6561533,0.56216
1e-05,0.6062702,0.73147595,0.65596664,0.56212
1e-05,0.60611236,0.7313261,0.6560067,0.56266
1e-05,0.6065521,0.73168665,0.65478,0.56202
1e-05,0.6058452,0.7323017,0.65606,0.56216
1e-05,0.6058586,0.7314297,0.65648,0.56084
1e-05,0.6061662,0.7316035,0.65493333,0.56142
1e-05,0.60622823,0.7317989,0.65651333,0.56116
1e-05,0.6060111,0.73118895,0.65530664,0.56252
1e-05,0.6059954,0.73261315,0.65543336,0.56192
1e-05,0.6062678,0.7318226,0.65644,0.5618
1e-05,0.60576916,0.73105675,0.65738,0.56248
1e-05,0.6056819,0.7322372,0.6563067,0.56208
1e-05,0.60652936,0.73072386,0.6553133,0.56222
1e-05,0.6057412,0.73236156,0.65482664,0.5615
1e-05,0.60523593,0.7317869,0.65749335,0.5612
1e-05,0.6052921,0.7333897,0.6562,0.56146
1e-05,0.60597885,0.7318865,0.65585333,0.56202
1e-05,0.6059494,0.7311309,0.65599334,0.56156
1e-05,0.60628444,0.73300004,0.65568,0.56174
1e-05,0.6059889,0.7331354,0.65548,0.56162
1e-05,0.6054405,0.7319973,0.6570733,0.56236
1e-05,0.6055351,0.732519,0.65506667,0.56202
1e-05,0.6066987,0.7314913,0.65488666,0.56318
1e-05,0.6061921,0.7312025,0.65592,0.56216
1e-05,0.60604936,0.7323981,0.65551335,0.56268
1e-05,0.6059963,0.7334155,0.65558666,0.56276
1e-05,0.60547537,0.73204535,0.6564,0.56202
1e-05,0.6051774,0.7331905,0.6562667,0.5614
1e-05,0.60526794,0.73299974,0.65618664,0.56216
1e-05,0.60549676,0.73226124,0.6571,0.56158
1e-05,0.6056518,0.7330301,0.65665334,0.56182
1e-05,0.6057685,0.733107,0.6564,0.56218
1e-05,0.6057655,0.7316273,0.65638,0.56264
1e-05,0.6058645,0.732162,0.65566,0.562
1e-05,0.60609394,0.73214936,0.65540665,0.5616
1e-05,0.60506946,0.73273146,0.65658665,0.56158
1e-05,0.60523933,0.7327329,0.65646666,0.56174
1e-05,0.606507,0.73261577,0.6549867,0.56128
1e-05,0.60668695,0.7319079,0.65639335,0.56174
1e-05,0.60607153,0.7306231,0.65704,0.56212
1e-05,0.6057763,0.7319254,0.65570664,0.56248
1e-05,0.6066017,0.73102313,0.65548664,0.56174
1e-05,0.6052623,0.73191273,0.65672666,0.56208
1e-05,0.6056475,0.7314037,0.65734,0.5617
1e-05,0.6058516,0.7320455,0.6567133,0.56096
1e-05,0.605566,0.7320646,0.65617335,0.56146
1e-05,0.6064774,0.7323918,0.65495336,0.56178
1e-05,0.605668,0.73231256,0.65664667,0.5619
1e-05,0.605218,0.7326523,0.6557133,0.56266
1e-05,0.6058808,0.73242134,0.65668666,0.56124
1e-05,0.6060202,0.7321645,0.65613335,0.56142
1e-05,0.6053174,0.73332196,0.65595335,0.56174
1e-05,0.6056627,0.73286664,0.6563467,0.56146
1e-05,0.60509896,0.73236215,0.65639335,0.5619
1e-05,0.60591316,0.732654,0.65432,0.5615
1e-05,0.6063454,0.73198104,0.65397334,0.56208
1e-05,0.6049268,0.7329154,0.6560533,0.56256
1e-05,0.6053473,0.73219806,0.65566,0.56196
1e-05,0.6058418,0.7322845,0.65628,0.5617
1e-05,0.6057017,0.732623,0.65665334,0.56276
1e-05,0.6057954,0.7318497,0.65584666,0.56204
1e-05,0.6057077,0.7324759,0.65669334,0.56168
1e-05,0.60527337,0.7330811,0.6565267,0.56232
1e-05,0.6054416,0.73229784,0.65664667,0.56284
1e-05,0.6052236,0.73206896,0.65744,0.56114
1e-05,0.60604185,0.7324169,0.65536666,0.56198
1e-05,0.6055375,0.73243034,0.65658665,0.56178
1e-05,0.60526395,0.7327076,0.6574133,0.5616
1e-05,0.6055599,0.7321634,0.6570867,0.5622
1e-05,0.60537416,0.7331047,0.65676,0.56236
1e-05,0.60503113,0.73244923,0.6565667,0.56238
1e-05,0.6057617,0.73293215,0.6565533,0.56186
1e-05,0.60506904,0.7335262,0.6568533,0.56122
1e-05,0.6052207,0.73236984,0.65675336,0.56126
1e-05,0.60533375,0.7324027,0.65628,0.56118
1e-05,0.6060313,0.73258156,0.65669334,0.5611
1e-05,0.6057401,0.7324275,0.65742,0.56188
1e-05,0.6055166,0.7325465,0.65686667,0.56206
1e-05,0.60513425,0.7331035,0.65714,0.56166
1e-05,0.60559607,0.73132867,0.65609336,0.56168
1e-05,0.6054169,0.7319024,0.6568133,0.56244
1e-05,0.6048513,0.73308563,0.6562267,0.56136
1e-05,0.605288,0.73225105,0.6562667,0.56164
1e-05,0.6063685,0.73169667,0.6563867,0.56214
1e-05,0.60560095,0.73210096,0.65782,0.56202
1e-05,0.6058231,0.73093885,0.65686667,0.56128
1e-05,0.6053051,0.73285866,0.65680665,0.56108
1e-05,0.60513955,0.73155373,0.65624666,0.56062
1e-05,0.60573846,0.7331741,0.6566733,0.56186
1e-05,0.6049432,0.73299664,0.65682,0.56182
1e-05,0.6056593,0.73258525,0.65696,0.56178
1e-05,0.6058291,0.7315162,0.65664667,0.56132
1e-05,0.6057939,0.731449,0.65614665,0.56122
1e-05,0.605717,0.732592,0.65658665,0.5614
1e-05,0.60567683,0.7320773,0.65581334,0.56092
1e-05,0.6051165,0.7325642,0.65686,0.56098
1e-05,0.60576296,0.7324976,0.65669334,0.56188
1e-05,0.6054972,0.7310298,0.65640664,0.56174
1e-05,0.6059673,0.7308723,0.65577334,0.56138
1e-05,0.6060285,0.73225737,0.65673333,0.5626
1e-05,0.6054107,0.7311192,0.6567733,0.56182
1e-05,0.605221,0.7328786,0.65728664,0.56198
1e-05,0.6063525,0.7328645,0.65602666,0.56102
1e-05,0.6049484,0.73248017,0.65765333,0.56214
1e-05,0.60538715,0.7330147,0.6560867,0.562
1e-05,0.60545546,0.73191226,0.6562733,0.56148
1e-05,0.6053889,0.7337203,0.65648,0.5621
1e-05,0.6054035,0.7318217,0.65624666,0.56168
1e-05,0.60545236,0.7320116,0.65684664,0.5619
1e-05,0.6050161,0.73288006,0.65754664,0.5618
1e-05,0.6056157,0.73293304,0.65676665,0.5618
1e-05,0.60526586,0.73336077,0.65679336,0.56188
1e-05,0.60509574,0.73283887,0.65723336,0.56166
1e-05,0.604622,0.73396134,0.65610665,0.56226
1e-05,0.60524905,0.73182166,0.65612,0.56146
1e-05,0.6053682,0.734112,0.65668666,0.56092
1e-05,0.60591125,0.73205835,0.6564867,0.56212
1e-05,0.6058871,0.7329895,0.65646666,0.56232
1e-05,0.6059693,0.73240376,0.6560133,0.5618
1e-05,0.60535634,0.7335018,0.6568533,0.56212
1e-05,0.60498357,0.73279643,0.65666,0.5615
1e-05,0.6061961,0.7330285,0.6561267,0.56114
1e-05,0.6058269,0.7316979,0.65698,0.56168
1e-05,0.60561526,0.73173183,0.6554533,0.5621
1e-05,0.6063368,0.7315579,0.6563733,0.56174
1e-05,0.60511863,0.73249143,0.6566067,0.56154
1e-05,0.6053322,0.732674,0.65790665,0.56068
1e-05,0.6055597,0.73256725,0.6565667,0.5619
1e-05,0.6050123,0.7324749,0.6560133,0.56202
1e-05,0.60581857,0.7324943,0.65692,0.56208
1e-05,0.6058357,0.7330335,0.65764,0.56194
1e-05,0.60492945,0.73228276,0.6569933,0.56222
1e-05,0.6055631,0.73246795,0.65698665,0.5617
1e-05,0.60518104,0.73308986,0.65732,0.56156
1e-05,0.6055203,0.73213416,0.65588,0.56276
1e-05,0.6051434,0.7318749,0.65662664,0.56172
1e-05,0.6048913,0.73297834,0.65756,0.56144
1e-05,0.605056,0.73288953,0.65743333,0.56244
1e-05,0.60481477,0.7322009,0.65732,0.5614
1e-05,0.605325,0.73286366,0.6565267,0.56208
1e-05,0.605292,0.733202,0.65736,0.562
1e-05,0.60516846,0.73279846,0.65684664,0.561
1e-05,0.6056119,0.733376,0.6557133,0.56122
1e-05,0.6046934,0.73291254,0.6572267,0.56186
1e-05,0.60567623,0.7323746,0.65500665,0.56192
1e-05,0.6055472,0.731973,0.6563733,0.56116
1e-05,0.60446066,0.7328896,0.6578867,0.56114
1e-05,0.60487986,0.73297113,0.6566,0.56074
1e-05,0.6057776,0.7330076,0.6566067,0.56198
1e-05,0.6057789,0.73155373,0.65638,0.5613
1e-05,0.6052307,0.73210114,0.65767336,0.56126
1e-05,0.6053917,0.7336064,0.65651333,0.56144
1e-05,0.6053252,0.7326143,0.6556867,0.56196
1e-05,0.6048599,0.7322717,0.65717334,0.56222
1e-05,0.6051797,0.73272055,0.65569335,0.56212
1e-05,0.605184,0.73338854,0.65613335,0.56276
1e-05,0.6057129,0.7320289,0.6554,0.56218
1e-05,0.6053694,0.7333282,0.65492666,0.56254
1e-05,0.6059627,0.7335302,0.65548,0.56264
1e-05,0.6059439,0.7326742,0.65606666,0.5615
1e-05,0.60554993,0.73312724,0.6568133,0.56136
1e-05,0.604979,0.733242,0.65686667,0.56248
1e-05,0.60458595,0.73362297,0.65754,0.56154
1e-05,0.6059703,0.73236847,0.65621334,0.5611
1e-05,0.6048555,0.7326751,0.6570467,0.56184
1e-05,0.6057699,0.73201275,0.6565667,0.5609
1e-05,0.605872,0.731817,0.6568267,0.5615
1e-05,0.60594696,0.73185724,0.65639335,0.56252
1e-05,0.6059303,0.73145515,0.6557533,0.56186
1e-05,0.6042609,0.7343456,0.65778,0.56218
1e-05,0.6044174,0.7338845,0.65720665,0.56184
1e-05,0.6049133,0.73362374,0.65706664,0.56106
1e-05,0.6056108,0.7321097,0.65631336,0.56184
1e-05,0.604431,0.73309636,0.65736,0.56234
1e-05,0.6054722,0.7332005,0.6575267,0.56122
1e-05,0.60456336,0.7326603,0.6568933,0.56156
1e-05,0.6058987,0.73242044,0.655,0.5611
1e-05,0.605349,0.7323424,0.65628666,0.56144
1e-05,0.6064741,0.73253465,0.65606,0.56296
1e-05,0.6039409,0.7344841,0.65820664,0.5613
1e-05,0.6044952,0.73413026,0.65624,0.56126
1e-05,0.6047927,0.7335284,0.6567867,0.56142
1e-05,0.6051226,0.7337225,0.6568933,0.56058
1e-05,0.6043637,0.7336547,0.65609336,0.5617
1e-05,0.605403,0.73280877,0.6568133,0.56202
1e-05,0.6050946,0.7343689,0.6573067,0.56176
1e-05,0.605618,0.7323505,0.65576667,0.56192
1e-05,0.60511315,0.7324206,0.6578867,0.56182
1e-05,0.6039487,0.7333151,0.65826666,0.56164
1e-05,0.6048295,0.73325753,0.6564467,0.56122
1e-05,0.60505027,0.7340371,0.65709335,0.56164
1e-05,0.60542977,0.7335954,0.65632,0.56158
1e-05,0.605747,0.7336707,0.65648,0.56158
1e-05,0.60552365,0.7343209,0.65646666,0.56152
1e-05,0.60529625,0.7317174,0.65728664,0.56212
1e-05,0.60467124,0.7334935,0.6575267,0.56258
1e-05,0.6041351,0.7328598,0.65800667,0.56108
1e-05,0.6054163,0.7338302,0.6556067,0.56182
1e-05,0.60467863,0.7330926,0.65702,0.56212
1e-05,0.6055762,0.73481536,0.65585333,0.56176
1e-05,0.6046286,0.73400074,0.65672,0.5615
1e-05,0.60460746,0.7344674,0.6573333,0.56242
1e-05,0.6042602,0.7338739,0.6569,0.561
1e-05,0.60502726,0.734444,0.65676665,0.5618
1e-05,0.6053674,0.7333246,0.65761334,0.56166
1e-05,0.6057296,0.73298955,0.6581067,0.56164
1e-05,0.60620785,0.73303026,0.65586,0.56234
1e-05,0.6051293,0.7333839,0.65672666,0.56148
1e-05,0.6055032,0.7330583,0.65678,0.56314
1e-05,0.60519785,0.73285663,0.6564133,0.56252
1e-05,0.60529906,0.7345331,0.65616,0.56154
1e-05,0.60519505,0.7326989,0.6555,0.56162
1e-05,0.60437363,0.73410803,0.65702,0.561
1e-05,0.6049555,0.73369616,0.65595335,0.56266
1e-05,0.6054759,0.7340095,0.65566665,0.56196
1e-05,0.6044476,0.73289937,0.6575867,0.56136
1e-05,0.60484,0.7335039,0.65644,0.56198
1e-05,0.6053637,0.7335461,0.65673333,0.5612
1e-05,0.60460615,0.7348005,0.65599334,0.56212
1e-05,0.6043282,0.7343201,0.6575933,0.56114
1e-05,0.60513484,0.7335205,0.65636665,0.56226
1e-05,0.6055575,0.73377514,0.65656,0.56176
1e-05,0.60511196,0.7333017,0.65651333,0.56178
1e-05,0.6046197,0.7341335,0.6562733,0.5622
1e-05,0.6044671,0.7329771,0.65877336,0.56126
1e-05,0.605347,0.7332843,0.65692,0.56182
1e-05,0.605106,0.7332978,0.65754664,0.56218
1e-05,0.6055099,0.73297375,0.65502,0.562
1e-05,0.60431063,0.73361284,0.65804666,0.56242
1e-05,0.60379845,0.7340154,0.65879333,0.5619
1e-05,0.604674,0.73382527,0.6583533,0.56238
1e-05,0.60484695,0.7331527,0.65662664,0.56214
1e-05,0.60587615,0.7329391,0.65582,0.56156
1e-05,0.60515493,0.73339987,0.65628666,0.56206
1e-05,0.60459936,0.7335786,0.65680665,0.56116
1e-05,0.60456437,0.7331577,0.65704,0.56156
1e-05,0.60411406,0.73458964,0.65668,0.56136
1e-05,0.6048963,0.7335674,0.6559467,0.56126
1e-05,0.605011,0.73388135,0.65658665,0.56146
1e-05,0.6045179,0.7330516,0.6573333,0.56114
1e-05,0.6055828,0.7334753,0.6574067,0.56178
1e-05,0.60489696,0.73413336,0.65683335,0.56128
1e-05,0.60534567,0.73347336,0.6568133,0.56198
1e-05,0.60549265,0.73324263,0.65634,0.56102
1e-05,0.6053113,0.7334809,0.65608,0.56258
1e-05,0.6052959,0.7335667,0.6574133,0.56324
1e-05,0.60496604,0.7314457,0.6570867,0.56118
1e-05,0.6054634,0.73407096,0.65582,0.5614
1e-05,0.60466933,0.7337627,0.65738666,0.56186
1e-05,0.60467845,0.73377115,0.65724,0.56206
1e-05,0.60489243,0.7340583,0.6562733,0.5634
1e-05,0.6046178,0.73255867,0.6572,0.56198
1e-05,0.6049354,0.73496187,0.6564867,0.56202
1e-05,0.6045776,0.7339231,0.65621334,0.56118
1e-05,0.6038842,0.7339731,0.65878665,0.56222
1e-05,0.60415906,0.7365022,0.65720665,0.56246
1e-05,0.60462034,0.7353367,0.65668666,0.56238
1e-05,0.60442555,0.73392445,0.65686,0.56088
1e-05,0.604816,0.73376745,0.6574067,0.56102
1e-05,0.6053059,0.73331136,0.6559467,0.56144
1e-05,0.6048057,0.7345329,0.65758,0.56142
1e-05,0.60537034,0.73318166,0.65587336,0.56096
1e-05,0.604927,0.73387873,0.65762,0.56174
1e-05,0.6045192,0.7339759,0.65648,0.56192
1e-05,0.6046585,0.735342,0.65698665,0.56198
1e-05,0.60466117,0.7342235,0.6584,0.56196
1e-05,0.6040033,0.7348181,0.6579133,0.5608
1e-05,0.60455453,0.7352948,0.65713334,0.56158
1e-05,0.60487944,0.73463255,0.65732664,0.56146
1e-05,0.60446155,0.73410285,0.65752,0.5607
1e-05,0.60494375,0.73458976,0.65658,0.56104
1e-05,0.6042486,0.7354112,0.65806,0.5619
1e-05,0.6040586,0.73513323,0.6568933,0.56076
1e-05,0.60580117,0.73454165,0.65621334,0.56132
1e-05,0.6052268,0.73463297,0.6552733,0.56138
1e-05,0.60458213,0.73347276,0.65695333,0.56174
1e-05,0.604735,0.73433644,0.6578133,0.5614
1e-05,0.60477436,0.7342973,0.6574467,0.56122
1e-05,0.60454166,0.73390454,0.65613335,0.56078
1e-05,0.6043133,0.7334036,0.65731335,0.56148
1e-05,0.6046057,0.73407334,0.65754664,0.56118
1e-05,0.6046986,0.7338644,0.6567867,0.56172
1e-05,0.6046348,0.7355837,0.65668666,0.56112
1e-05,0.60482544,0.73379505,0.65678,0.56092
1e-05,0.60511005,0.73490757,0.65676665,0.56084
1e-05,0.60407865,0.7340123,0.6569667,0.5613
1e-05,0.60541075,0.734448,0.65632665,0.56128
1e-05,0.6046844,0.7341031,0.65732664,0.56174
1e-05,0.6039801,0.73380464,0.65691334,0.5603
1e-05,0.60444236,0.7339661,0.65809333,0.56084
1e-05,0.6049272,0.73321223,0.65675336,0.5615
1e-05,0.6047687,0.7335428,0.65752,0.5615
1e-05,0.604347,0.73485905,0.6579133,0.56112
1e-05,0.60417396,0.73465985,0.6567067,0.56126
1e-05,0.60436696,0.73385376,0.65776664,0.56222
1e-05,0.6041428,0.734613,0.65766,0.56118
1e-05,0.6036895,0.7354707,0.65753335,0.56172
1e-05,0.6047841,0.7348242,0.6558267,0.56146
1e-05,0.6043247,0.7344117,0.65706,0.56058
1e-05,0.60446256,0.73344445,0.6574067,0.5622
1e-05,0.60451055,0.7353798,0.65784,0.5627
1e-05,0.6042189,0.7348752,0.65782666,0.56188
1e-05,0.6048846,0.73526865,0.6572,0.56208
1e-05,0.60499805,0.7350191,0.65765333,0.56186
1e-05,0.6040475,0.73312736,0.6569,0.56118
1e-05,0.60484946,0.73474735,0.6573333,0.56132
1e-05,0.60354537,0.7348533,0.6581333,0.5626
1e-05,0.6052408,0.7332521,0.65584666,0.56206
1e-05,0.6043808,0.7334118,0.65806,0.56196
1e-05,0.6041296,0.7345736,0.65749335,0.5614
1e-05,0.6043697,0.7340271,0.657,0.56076
1e-05,0.6045803,0.7338919,0.65748,0.56158
1e-05,0.6047363,0.73413527,0.65621334,0.56068
1e-05,0.60478157,0.73359376,0.6573667,0.56132
1e-05,0.60460055,0.7328452,0.6571533,0.5605
1e-05,0.60559225,0.73320097,0.65636,0.56174
1e-05,0.60482264,0.7340692,0.65540665,0.56146
1e-05,0.60412514,0.7339266,0.6582933,0.56128
1e-05,0.6047302,0.73313445,0.6567867,0.56054
1e-05,0.60454375,0.73386306,0.65743333,0.56146
1e-05,0.60500157,0.73497355,0.65686667,0.5615
1e-05,0.60545206,0.73345554,0.6569333,0.56196
1e-05,0.6048368,0.7321833,0.65710664,0.56268
1e-05,0.6044421,0.73458344,0.6563067,0.56078
1e-05,0.60451925,0.733885,0.65666,0.56178
1e-05,0.60428053,0.73434144,0.65793335,0.56152
1e-05,0.60393775,0.734071,0.65738666,0.56134
1e-05,0.60439354,0.73370725,0.6567467,0.56158
1e-05,0.6051067,0.7336746,0.65721333,0.56208
1e-05,0.60516393,0.7326587,0.6567733,0.5611
1e-05,0.60351396,0.7345625,0.65864,0.5614
1e-05,0.6050415,0.73459864,0.6570333,0.5616
1e-05,0.60366493,0.73422515,0.65745336,0.56182
1e-05,0.6041228,0.7341449,0.6580267,0.56162
1e-05,0.6046135,0.73508656,0.6570867,0.56188
1e-05,0.60490894,0.73409224,0.65748,0.56154
1e-05,0.60494393,0.7337496,0.65756667,0.56142
1e-05,0.6043714,0.7348779,0.6575267,0.56192
1e-05,0.60494965,0.73426443,0.65716,0.56088
1e-05,0.60434175,0.7340509,0.65712667,0.56192
1e-05,0.60381347,0.73451567,0.65814,0.56104
1e-05,0.60398144,0.7338701,0.6578133,0.56162
1e-05,0.6043086,0.73358524,0.6572933,0.56138
1e-05,0.60434407,0.73453933,0.65738,0.5613
1e-05,0.60349935,0.7363779,0.6587,0.56194
1e-05,0.6045187,0.7344465,0.6572267,0.56156
1e-05,0.6043931,0.73437244,0.65758,0.56198
1e-05,0.60424936,0.7355003,0.6576267,0.5617
1e-05,0.60414934,0.73465806,0.65757334,0.56164
1e-05,0.60393476,0.73492134,0.65849334,0.5614
1e-05,0.6046537,0.7344355,0.6575,0.56194
1e-05,0.6041241,0.734479,0.65779334,0.5621
1e-05,0.6044725,0.7332006,0.6567733,0.56246
1e-05,0.60428476,0.73476875,0.6562,0.56112
1e-05,0.6038402,0.73566514,0.6582933,0.56102
1e-05,0.6040773,0.7355538,0.6588467,0.56138
1e-05,0.6039672,0.735279,0.65833336,0.5613
1e-05,0.60455984,0.7350594,0.6575,0.56128
1e-05,0.6047735,0.73425585,0.6575,0.56086
1e-05,0.6044194,0.7345335,0.65792,0.56182
1e-05,0.6047379,0.7348264,0.65556,0.5606
1e-05,0.6036774,0.7341445,0.65834,0.56054
1e-05,0.60433173,0.7350916,0.65754664,0.56046
1e-05,0.6047411,0.7342744,0.6576333,0.56082
1e-05,0.6041248,0.7341853,0.65752,0.5605
1e-05,0.60398746,0.73405874,0.6575133,0.56116
1e-05,0.60469854,0.7347588,0.6571467,0.56242
1e-05,0.6035754,0.73449856,0.6579667,0.56188
1e-05,0.6043439,0.7352378,0.6572,0.56156
1e-05,0.60407275,0.7350087,0.65746665,0.56144
1e-05,0.603491,0.734262,0.6581467,0.56146
1e-05,0.60423106,0.7361133,0.65728,0.562
1e-05,0.6038348,0.73583734,0.6579667,0.5615
1e-05,0.60345113,0.7355046,0.6568533,0.56112
1e-05,0.60432494,0.7348067,0.65754664,0.56198
1e-05,0.6044793,0.7346625,0.65720665,0.56246
1e-05,0.6043684,0.7340081,0.6568267,0.5615
1e-05,0.604777,0.7346968,0.65675336,0.56204
1e-05,0.60489213,0.7344573,0.657,0.5615
1e-05,0.6044277,0.73452365,0.65765333,0.56154
1e-05,0.60476077,0.73493785,0.65732,0.56098
1e-05,0.60429335,0.7353524,0.65752,0.5626
1e-05,0.60421425,0.7333341,0.6578867,0.5616
1e-05,0.60435206,0.7347226,0.6585067,0.56284
1e-05,0.60394746,0.7353894,0.65728,0.56106
1e-05,0.60453266,0.734717,0.65774,0.56186
1e-05,0.60373807,0.73508114,0.65782,0.56142
1e-05,0.60413545,0.73454505,0.65750664,0.56164
1e-05,0.60472816,0.7344637,0.6580267,0.5611
1e-05,0.6043128,0.735128,0.65713334,0.56068
1e-05,0.603614,0.7340638,0.65808666,0.56124
1e-05,0.6041714,0.7356744,0.65784,0.56016
1e-05,0.6033738,0.73635304,0.65814,0.56192
1e-05,0.6034753,0.7351539,0.65797335,0.56024
1e-05,0.60519576,0.73398715,0.65794,0.562
1e-05,0.604367,0.73566675,0.6567133,0.56082
1e-05,0.6041232,0.7352102,0.6573,0.56176
1e-05,0.6048991,0.734082,0.65658665,0.56224
1e-05,0.604069,0.734873,0.65822,0.56216
1e-05,0.6040809,0.7349211,0.65776,0.5613
1e-05,0.60307765,0.7345485,0.65896,0.56178
1e-05,0.6049702,0.73434407,0.65654665,0.56226
1e-05,0.603593,0.734892,0.6583933,0.56228
1e-05,0.6039645,0.73499095,0.65738666,0.56226
1e-05,0.6041709,0.73447275,0.6577467,0.56218
1e-05,0.60448235,0.7348942,0.6573667,0.56194
1e-05,0.6043765,0.73480153,0.65764666,0.5615
1e-05,0.60421133,0.7358148,0.65841335,0.56152
1e-05,0.6046615,0.7351038,0.6561533,0.5621
1e-05,0.6041563,0.7352565,0.6589,0.56118
1e-05,0.604466,0.7348166,0.6581467,0.5618
1e-05,0.60434914,0.73448074,0.65879333,0.56138
1e-05,0.6042501,0.734799,0.65674,0.56094
1e-05,0.60362095,0.7352233,0.6583533,0.561
1e-05,0.603937,0.7361042,0.65833336,0.5616
1e-05,0.6042398,0.7347676,0.65816,0.56108
1e-05,0.6036912,0.73629403,0.65790665,0.56206
1e-05,0.60496426,0.7343734,0.6572,0.56228
1e-05,0.603703,0.7347974,0.6574733,0.56198
1e-05,0.604147,0.73517567,0.6580333,0.56148
1e-05,0.6037756,0.73588246,0.6565667,0.56146
1e-05,0.6044898,0.7347354,0.6578,0.56228
1e-05,0.6040915,0.7347372,0.65804666,0.56158
1e-05,0.60341084,0.7365995,0.65774,0.5622
1e-05,0.6038996,0.7360017,0.6587667,0.56116
1e-05,0.6028158,0.7366762,0.65812665,0.56148
1e-05,0.60448897,0.7366392,0.65664667,0.56184
1e-05,0.6038367,0.7346155,0.6578,0.56144
1e-05,0.6040572,0.73464024,0.6572667,0.56148
1e-05,0.6036046,0.7351348,0.658,0.56236
1e-05,0.6046095,0.7361555,0.65746665,0.56194
1e-05,0.6042048,0.73553425,0.65749335,0.5621
1e-05,0.6037744,0.7358498,0.65754664,0.56194
1e-05,0.60412604,0.7349545,0.65871334,0.56204
1e-05,0.60480845,0.7345507,0.6572267,0.56134
1e-05,0.60435456,0.73502517,0.6578467,0.5607
1e-05,0.604233,0.73491484,0.6577067,0.56134
1e-05,0.60396695,0.73477596,0.65842664,0.56094
1e-05,0.60427165,0.73520446,0.65789336,0.56158
1e-05,0.6043263,0.7341453,0.65772665,0.56154
1e-05,0.60397977,0.73502797,0.6581733,0.56134
1e-05,0.60464734,0.7349137,0.6570733,0.5619
1e-05,0.6039303,0.7355455,0.65808666,0.56186
1e-05,0.60386974,0.73644245,0.65672,0.56114
1e-05,0.6032443,0.73529273,0.65864664,0.56096
1e-05,0.6043145,0.73467666,0.6586,0.56168
1e-05,0.60422134,0.735465,0.65837336,0.56154
1e-05,0.605288,0.73438054,0.65642667,0.56128
1e-05,0.6035399,0.7356239,0.65796,0.5611
1e-05,0.60453063,0.7348762,0.65665334,0.5618
1e-05,0.60445696,0.73493695,0.6562667,0.56148
1e-05,0.6041228,0.73458374,0.65749335,0.56078
1e-05,0.6036328,0.73490566,0.65863335,0.56054
1e-05,0.60453784,0.7354525,0.6574133,0.5616
1e-05,0.6039913,0.7359161,0.65824,0.5612
1e-05,0.6024927,0.7363925,0.6597133,0.56138
1e-05,0.60382396,0.7354573,0.6577733,0.56138
1e-05,0.6034834,0.7361182,0.65893334,0.56176
1e-05,0.6041888,0.7347426,0.65697336,0.56142
1e-05,0.6045687,0.73556936,0.65726,0.56198
1e-05,0.6042939,0.7349987,0.65654,0.5621
1e-05,0.604075,0.73510104,0.6578,0.56092
1e-05,0.6037376,0.73488754,0.65804666,0.56146
1e-05,0.6045452,0.73525053,0.65746665,0.56174
1e-05,0.6043703,0.73574054,0.6571133,0.56118
1e-05,0.6037427,0.7352562,0.65790665,0.5608
1e-05,0.60446125,0.7348502,0.6573,0.56094
1e-05,0.603722,0.7358601,0.65808666,0.56138
1e-05,0.60410446,0.7360094,0.65683335,0.56172
1e-05,0.60386395,0.7354147,0.6578533,0.56218
1e-05,0.6036352,0.73537135,0.65846,0.56184
1e-05,0.603941,0.7353198,0.6578533,0.56142
1e-05,0.60322946,0.7370045,0.65814,0.56212
1e-05,0.60294795,0.7371717,0.65848666,0.56176
1e-05,0.6041919,0.73555905,0.65704,0.5614
1e-05,0.6038273,0.7351315,0.6578467,0.56154
1e-05,0.60397667,0.73445463,0.65776664,0.56154
1e-05,0.6036203,0.734888,0.65792,0.56192
1e-05,0.6036392,0.734976,0.6574867,0.5631
1e-05,0.6035046,0.73626775,0.65914,0.56182
1e-05,0.6039368,0.7358278,0.65898,0.56226
1e-05,0.6039709,0.73505944,0.65812665,0.56112
1e-05,0.6038286,0.73577183,0.6580333,0.56146
1e-05,0.6040377,0.7355434,0.65772665,0.56226
1e-05,0.6030725,0.7360477,0.65904665,0.56098
1e-05,0.6040835,0.735989,0.65827334,0.56158
1e-05,0.6040428,0.7358583,0.65877336,0.56262
1e-05,0.6031193,0.7353759,0.65849334,0.56112
1e-05,0.60381985,0.7360409,0.65776664,0.56202
1e-05,0.60399985,0.7362547,0.65758,0.56126
1e-05,0.6037531,0.73661274,0.65775335,0.56152
1e-05,0.60378253,0.735536,0.65734,0.56258
1e-05,0.6033965,0.7352704,0.6579533,0.56134
1e-05,0.6036761,0.73555446,0.6575867,0.56254
1e-05,0.60326743,0.73577815,0.65846,0.56206
1e-05,0.6032946,0.7362535,0.65894,0.56318
1e-05,0.60316676,0.7364444,0.65859336,0.56176
1e-05,0.60469645,0.73642856,0.6579133,0.56266
1e-05,0.60307497,0.7360647,0.6581333,0.56166
1e-05,0.60412693,0.73564243,0.6576267,0.56172
1e-05,0.60356843,0.7349699,0.65842664,0.56182
1e-05,0.60342705,0.73604363,0.65879333,0.56116
1e-05,0.60416096,0.7345016,0.65710664,0.56148
1e-05,0.6039326,0.7349641,0.6578133,0.56204
1e-05,0.60341763,0.7364289,0.65746665,0.56238
1e-05,0.60359746,0.73486423,0.65753335,0.56278
1e-05,0.60328907,0.7368392,0.65882665,0.56128
1e-05,0.602918,0.7363682,0.65882,0.56236
1e-05,0.60371673,0.7365079,0.6583533,0.56148
1e-05,0.604896,0.7345886,0.6567067,0.5623
1e-05,0.60376066,0.7354139,0.65662,0.5614
1e-05,0.6041993,0.7350132,0.6570067,0.56182
1e-05,0.60330856,0.73656017,0.65796,0.56114
1e-05,0.6029632,0.73656297,0.65822,0.56166
1e-05,0.60270876,0.736964,0.6592733,0.56176
1e-05,0.60375816,0.7361798,0.6566333,0.5622
1e-05,0.6036686,0.73606825,0.6589467,0.56198
1e-05,0.6034806,0.73711,0.65874666,0.56168
1e-05,0.6031641,0.736744,0.65870667,0.56276
1e-05,0.6037478,0.73728997,0.6579533,0.56202
1e-05,0.6039002,0.7363734,0.65742,0.5619
1e-05,0.60398114,0.7354044,0.65848666,0.56174
1e-05,0.6031348,0.73567617,0.65892,0.56128
1e-05,0.6027468,0.7370194,0.6586933,0.56098
1e-05,0.6035653,0.7368335,0.65831333,0.56156
1e-05,0.6037428,0.7358954,0.65719336,0.562
1e-05,0.60352796,0.7365865,0.6573067,0.56174
1e-05,0.603952,0.7358434,0.65811336,0.56204
1e-05,0.60392654,0.73565984,0.6573333,0.56188
1e-05,0.6027226,0.7360336,0.65912,0.56078
1e-05,0.60317045,0.7368214,0.6590667,0.56162
1e-05,0.603068,0.7366933,0.65918,0.56242
1e-05,0.60385084,0.7363501,0.6578867,0.56208
1e-05,0.60325986,0.7361084,0.65947336,0.56142
1e-05,0.60371625,0.7362699,0.65882,0.56078
1e-05,0.60284287,0.7367625,0.65926,0.56158
1e-05,0.60378355,0.73691815,0.6580333,0.56258
1e-05,0.6034891,0.7353456,0.6579667,0.5616
1e-05,0.6041702,0.7369005,0.6567467,0.56098
1e-05,0.6040824,0.73557407,0.65844,0.56176
1e-05,0.60405797,0.7360533,0.65738,0.56128
1e-05,0.6041136,0.73623127,0.6582133,0.56098
1e-05,0.6032964,0.7355803,0.65805334,0.56186
1e-05,0.60321075,0.73638123,0.6575867,0.56156
1e-05,0.6033073,0.7375093,0.65842,0.56272
1e-05,0.6033039,0.73589945,0.6582533,0.56074
1e-05,0.60300875,0.7367117,0.65824,0.56238
1e-05,0.6038629,0.73594177,0.65739334,0.56182
1e-05,0.6031285,0.7365588,0.6584333,0.56196
1e-05,0.6033192,0.7364087,0.6586933,0.5625
1e-05,0.60361797,0.73578125,0.65808666,0.56096
1e-05,0.60313886,0.73677254,0.65812,0.5614
1e-05,0.6037438,0.7363872,0.65875334,0.56234
1e-05,0.60354006,0.73582757,0.6579,0.56144
1e-05,0.6029127,0.7364689,0.65852,0.56204
1e-05,0.6032045,0.73693025,0.6581867,0.56108
1e-05,0.60351205,0.73616815,0.6583667,0.561
1e-05,0.6032038,0.73703015,0.65844667,0.5617
1e-05,0.6034609,0.7366029,0.6579133,0.56028
1e-05,0.60371536,0.7375817,0.65753335,0.5621
1e-05,0.6031993,0.73655415,0.6588333,0.56178
1e-05,0.60381585,0.73560905,0.65749335,0.56242
1e-05,0.603361,0.7358067,0.6581333,0.56214
1e-05,0.6034118,0.7364517,0.6584733,0.5613
1e-05,0.6030874,0.73678887,0.65772,0.56106
1e-05,0.6033145,0.7359875,0.65982,0.56106
1e-05,0.6037444,0.7360744,0.65778,0.56206
1e-05,0.60362065,0.73613405,0.6584333,0.56122
1e-05,0.6032696,0.7373015,0.6578133,0.56126
1e-05,0.60354054,0.7365277,0.65756,0.5614
1e-05,0.6036237,0.73707914,0.6589533,0.56182
1e-05,0.60349345,0.7376116,0.65786,0.56274
1e-05,0.6034061,0.73680824,0.65888,0.5615
1e-05,0.6030087,0.73667663,0.6586,0.5623
1e-05,0.6033955,0.736119,0.65814,0.56286
1e-05,0.6026957,0.7370932,0.65878665,0.5621
1e-05,0.60363317,0.7356343,0.658,0.56202
1e-05,0.60422754,0.735039,0.65846664,0.56268
1e-05,0.60376996,0.73495275,0.6577467,0.56198
1e-05,0.6026513,0.73584586,0.65784,0.56288
1e-05,0.60378313,0.7370669,0.65786,0.56192
1e-05,0.6036779,0.7356109,0.65878,0.5617
1e-05,0.60333365,0.7355163,0.65782,0.56158
1e-05,0.6034011,0.7355471,0.65963334,0.56148
1e-05,0.6039347,0.7358685,0.6580267,0.56146
1e-05,0.60329866,0.7357553,0.65842,0.56154
1e-05,0.6035371,0.7357129,0.65892,0.56158
1e-05,0.6027252,0.7360818,0.65790665,0.56158
1e-05,0.6025186,0.7375258,0.65888,0.5612
1e-05,0.6037952,0.73602694,0.65694666,0.56168
1e-05,0.6033471,0.7368289,0.65762,0.5621
1e-05,0.60296726,0.7371168,0.65841335,0.56144
1e-05,0.6029409,0.7374505,0.65874,0.56164
1e-05,0.60312843,0.7372855,0.65874,0.5618
1e-05,0.6031807,0.7360781,0.65757334,0.5616
1e-05,0.6039733,0.7373234,0.65846,0.56168
1e-05,0.60309714,0.7358619,0.6583933,0.56206
1e-05,0.6037007,0.7357243,0.65853333,0.5601
1e-05,0.6033455,0.73631614,0.6576,0.56142
1e-05,0.60287124,0.73647845,0.6587333,0.5607
1e-05,0.6034868,0.73609585,0.65841335,0.56106
1e-05,0.6020853,0.73782086,0.6592467,0.56108
1e-05,0.6037462,0.73717785,0.65828,0.56166
1e-05,0.6022043,0.7371411,0.65893334,0.56096
1e-05,0.60390204,0.7358373,0.65815336,0.56154
1e-05,0.6039964,0.7356679,0.65694,0.56074
1e-05,0.6026657,0.7375393,0.65742666,0.56112
1e-05,0.6036619,0.7349098,0.6571,0.56216
1e-05,0.60257035,0.7369233,0.65878,0.56142
1e-05,0.60386634,0.73654014,0.65858,0.56084
1e-05,0.6034277,0.7361136,0.65856665,0.56092
1e-05,0.60357314,0.7355763,0.6580267,0.56138
1e-05,0.60349506,0.7356683,0.6585133,0.5611
1e-05,0.6034319,0.73555434,0.65879333,0.56126
1e-05,0.6030745,0.73737127,0.65929335,0.56108
1e-05,0.60378814,0.73740494,0.65809333,0.56154
1e-05,0.60366976,0.7364136,0.65768,0.56172
1e-05,0.60263735,0.73797363,0.65912,0.56146
1e-05,0.6027177,0.7365377,0.6601533,0.56106
1e-05,0.6033475,0.73643804,0.65772,0.56116
1e-05,0.60446733,0.73528486,0.65719336,0.56188
1e-05,0.6030284,0.73700637,0.6581,0.56184
1e-05,0.60266423,0.73738164,0.6588333,0.56124
1e-05,0.6037486,0.73654824,0.65738666,0.56126
1e-05,0.6030449,0.7367255,0.6588,0.5605
1e-05,0.6026579,0.73628587,0.65916,0.56152
1e-05,0.60284257,0.73733246,0.65948,0.56064
1e-05,0.60314536,0.73716754,0.6585,0.5618
1e-05,0.60289794,0.7377549,0.65897334,0.56114
1e-05,0.6039274,0.73689336,0.6588333,0.56114
1e-05,0.6029933,0.73684925,0.65915334,0.56152
1e-05,0.6027501,0.7367924,0.65836,0.5618
1e-05,0.60278964,0.73857826,0.65956664,0.56196
1e-05,0.6032018,0.73707646,0.6581867,0.56132
1e-05,0.6030399,0.73765385,0.65828,0.56272
1e-05,0.6036481,0.7362493,0.65792,0.56042
1e-05,0.60309803,0.73654723,0.65822667,0.56188
1e-05,0.6022905,0.737151,0.65974,0.56174
1e-05,0.60410845,0.7352229,0.65794,0.56204
1e-05,0.6029382,0.73797333,0.65837336,0.56216
1e-05,0.60242087,0.7387915,0.65948665,0.56074
1e-05,0.60307026,0.7362115,0.6582533,0.56208
1e-05,0.6028955,0.7366547,0.6598667,0.56084
1e-05,0.603338,0.7361236,0.6580333,0.56178
1e-05,0.60332596,0.7363161,0.65753335,0.56234
1e-05,0.6030378,0.73591137,0.6587267,0.56174
1e-05,0.60250705,0.7359414,0.65923333,0.56144
1e-05,0.60344553,0.736283,0.65830666,0.56196
1e-05,0.60271674,0.7356291,0.65926,0.5604
1e-05,0.6030155,0.7362998,0.65855336,0.56074
1e-05,0.6030118,0.73773944,0.65911335,0.56266
1e-05,0.60327727,0.73702663,0.65846,0.56156
1e-05,0.60380477,0.7363615,0.6573733,0.56132
1e-05,0.60230994,0.7368331,0.65937334,0.5613
1e-05,0.6024985,0.73591936,0.65854,0.56124
1e-05,0.6029661,0.73829013,0.65856,0.5616
1e-05,0.60435957,0.7356803,0.6567067,0.56178
1e-05,0.602597,0.7359235,0.65915334,0.5622
1e-05,0.6025192,0.7375303,0.65936,0.5608
1e-05,0.60324556,0.7364764,0.65855336,0.5613
1e-05,0.60376626,0.7366294,0.6583667,0.56122
1e-05,0.60279036,0.73727226,0.65823334,0.56166
1e-05,0.6033894,0.73715323,0.65860665,0.5611
1e-05,0.60310864,0.7368802,0.65848666,0.5635
1e-05,0.6038835,0.7355697,0.65786666,0.5625
1e-05,0.6025565,0.7368755,0.65914,0.56194
1e-05,0.6027958,0.7376494,0.65936667,0.56178
1e-05,0.6031341,0.7361469,0.65760666,0.56244
1e-05,0.6025324,0.73668206,0.65856,0.56216
1e-05,0.6025238,0.7375403,0.65892667,0.56082
1e-05,0.6023262,0.7377085,0.6593867,0.56206
1e-05,0.6018095,0.7374618,0.6600933,0.56144
1e-05,0.6027542,0.7376325,0.65826666,0.56158
1e-05,0.6030047,0.73800117,0.6590533,0.56116
1e-05,0.6029268,0.73709345,0.65818,0.56194
1e-05,0.6025714,0.7371881,0.6585467,0.56162
1e-05,0.60348606,0.736578,0.65816665,0.5612
1e-05,0.60312414,0.73820364,0.65878,0.5609
1e-05,0.60290164,0.73778117,0.65923333,0.56244
1e-05,0.6025981,0.7366204,0.6589867,0.56142
1e-05,0.6030735,0.73680604,0.65819335,0.56108
1e-05,0.60267186,0.7378526,0.65904,0.5617
1e-05,0.60314184,0.7383822,0.6577,0.56094
1e-05,0.6027768,0.73819077,0.65916,0.56088
1e-05,0.6028562,0.73768175,0.6588733,0.5611
1e-05,0.6031789,0.73646444,0.65903336,0.56126
1e-05,0.603064,0.73682106,0.65776664,0.56148
1e-05,0.60224146,0.7372056,0.6598733,0.56144
1e-05,0.6029537,0.7369332,0.65858,0.56192
1e-05,0.60255235,0.73844916,0.6575933,0.56126
1e-05,0.6026867,0.73830044,0.6591067,0.5624
1e-05,0.6022416,0.7382776,0.6596867,0.56186
1e-05,0.6035811,0.7375248,0.65836,0.56164
1e-05,0.6023071,0.737745,0.65832,0.56104
1e-05,0.6029668,0.73605275,0.65862,0.5615
1e-05,0.60271865,0.737392,0.6594267,0.56258
1e-05,0.60204315,0.73742586,0.65918,0.56142
1e-05,0.60297936,0.73893,0.65804666,0.56186
1e-05,0.6033796,0.73697627,0.65756,0.56228
1e-05,0.6028217,0.7377349,0.65877336,0.56178
1e-05,0.6022347,0.7392143,0.65958,0.56142
1e-05,0.60376287,0.73689485,0.6589467,0.56124
1e-05,0.6033504,0.7364782,0.6578533,0.56204
1e-05,0.602552,0.7369805,0.65947336,0.56108
1e-05,0.6020715,0.7385234,0.65954,0.56014
1e-05,0.6032213,0.7376485,0.6583667,0.56152
1e-05,0.60282254,0.7371895,0.65719336,0.56112
1e-05,0.60288614,0.7384278,0.65933335,0.5607
1e-05,0.6024178,0.738061,0.6586133,0.56116
1e-05,0.60304356,0.73838365,0.65985334,0.56122
1e-05,0.6031778,0.7368376,0.65908,0.56138
1e-05,0.6024145,0.7383715,0.65985334,0.56136
1e-05,0.6024653,0.7370884,0.65967333,0.56134
1e-05,0.6032181,0.7368749,0.65750664,0.5611
1e-05,0.60206896,0.7370479,0.6591667,0.56284
1e-05,0.60221416,0.7381406,0.65974,0.56202
1e-05,0.60281557,0.73723054,0.65963334,0.56072
1e-05,0.6022164,0.7380988,0.6600533,0.56138
1e-05,0.6032403,0.73671174,0.65826,0.56124
1e-05,0.60324645,0.7364147,0.65862,0.56164
1e-05,0.60222805,0.7386605,0.65926665,0.56164
1e-05,0.6016229,0.73799527,0.66038,0.56118
1e-05,0.6029692,0.7371346,0.65864664,0.56086
1e-05,0.6029829,0.73654616,0.6577333,0.56096
1e-05,0.60221195,0.7370776,0.65991336,0.56172
1e-05,0.60258013,0.73803014,0.65878665,0.56178
1e-05,0.6023545,0.736672,0.65977335,0.56094
1e-05,0.60182625,0.7370011,0.6593,0.56084
1e-05,0.6027192,0.7377759,0.6589867,0.56134
1e-05,0.60270214,0.7380222,0.6582,0.5608
1e-05,0.6027215,0.73781854,0.6596867,0.56146
1e-05,0.602647,0.7370984,0.6588333,0.5616
1e-05,0.60250753,0.7389959,0.65854,0.56118
1e-05,0.60310835,0.7372558,0.65842,0.56198
1e-05,0.6016183,0.7385481,0.65989333,0.56094
1e-05,0.6023402,0.73844814,0.65911335,0.56118
1e-05,0.60195243,0.7382796,0.65972,0.56128
1e-05,0.6027729,0.737175,0.6586267,0.56142
1e-05,0.60261375,0.73776966,0.65806,0.56134
1e-05,0.60327286,0.7367448,0.65884,0.56092
1e-05,0.60309345,0.73659885,0.65856665,0.56182
1e-05,0.6030283,0.73687345,0.6586,0.56136
1e-05,0.6031202,0.7375383,0.65884,0.56096
1e-05,0.6025851,0.7370009,0.65926665,0.5608
1e-05,0.60193866,0.7376699,0.6594333,0.56192
1e-05,0.60224104,0.7377998,0.6599333,0.56098
1e-05,0.60243475,0.73791146,0.65956664,0.56096
1e-05,0.6029008,0.7377483,0.65772665,0.56082
1e-05,0.6024942,0.7367874,0.6602067,0.56128
1e-05,0.6023454,0.7382535,0.66011333,0.56134
1e-05,0.6022356,0.7382001,0.65758,0.56098
1e-05,0.60269874,0.7383585,0.65828,0.5607
1e-05,0.6038144,0.7369532,0.6574133,0.56114
1e-05,0.6025159,0.73769057,0.6586,0.56134
1e-05,0.60217035,0.7381052,0.6589933,0.5606
1e-05,0.6024888,0.73828197,0.65903336,0.56126
1e-05,0.6026872,0.7387722,0.65944,0.56034
1e-05,0.6029154,0.7360167,0.65882665,0.56164
1e-05,0.60219043,0.7364723,0.6588067,0.56032
1e-05,0.60252655,0.7385798,0.6590933,0.56138
1e-05,0.6026958,0.7377044,0.65856,0.5613
1e-05,0.6020643,0.7375483,0.66074,0.56024
1e-05,0.60222316,0.7385217,0.6597933,0.56186
1e-05,0.60273224,0.7377683,0.65938,0.56118
1e-05,0.60213065,0.73740155,0.65918,0.56074
1e-05,0.6024416,0.73873264,0.65919334,0.56116
1e-05,0.60224277,0.73728305,0.65893334,0.56114
1e-05,0.6024548,0.7382727,0.6586933,0.56238
1e-05,0.6023923,0.73803025,0.65886,0.56196
1e-05,0.6025471,0.73784596,0.65801334,0.56074
1e-05,0.6025917,0.7379135,0.65911335,0.56126
1e-05,0.602572,0.73784316,0.65941334,0.56052
1e-05,0.6024693,0.7376634,0.65926665,0.5612
1e-05,0.60304874,0.7376756,0.65822,0.56192
1e-05,0.60256535,0.7375948,0.6596133,0.56134
1e-05,0.6026899,0.73795295,0.65938,0.56124
1e-05,0.6034692,0.7374395,0.65793335,0.56096
1e-05,0.601004,0.7388359,0.6607933,0.56058
1e-05,0.60212195,0.73755985,0.6589533,0.56114
1e-05,0.60191417,0.73817784,0.65940666,0.56226
1e-05,0.6019398,0.739687,0.65956,0.56076
1e-05,0.60306257,0.73721355,0.6585133,0.56064
1e-05,0.6025938,0.7379909,0.65924,0.56104
1e-05,0.602337,0.73845434,0.65938,0.56062
1e-05,0.602607,0.73850673,0.65862,0.56114
1e-05,0.60269403,0.7373957,0.65864,0.56084
1e-05,0.60214865,0.73805845,0.65952665,0.56116
1e-05,0.6019495,0.7382707,0.6598733,0.5606
1e-05,0.6024597,0.73817766,0.65878,0.56084
1e-05,0.6018433,0.7384064,0.66036,0.5617
1e-05,0.6016553,0.7378316,0.66082,0.56152
1e-05,0.6014192,0.7397529,0.66010666,0.56126
1e-05,0.60268486,0.7385677,0.65904,0.56132
1e-05,0.603219,0.73752576,0.65842,0.5595
1e-05,0.6024138,0.73750037,0.6599467,0.56102
1e-05,0.6018633,0.73898053,0.65945333,0.56076
1e-05,0.60224056,0.7379422,0.6589133,0.56094
1e-05,0.601977,0.73718697,0.6591067,0.56034
1e-05,0.60230803,0.7375913,0.66072,0.56086
1e-05,0.6022959,0.73733366,0.65928,0.56146
1e-05,0.60225505,0.7374001,0.6589133,0.56144
1e-05,0.6021816,0.73748034,0.6602733,0.56002
1e-05,0.6022019,0.7389872,0.6589467,0.56216
1e-05,0.6013881,0.7377976,0.659,0.56102
1e-05,0.60213095,0.7383064,0.6583267,0.5608
1e-05,0.60127974,0.7384883,0.66061336,0.56066
1e-05,0.60215425,0.7383862,0.6587267,0.56144
1e-05,0.6015649,0.73958534,0.6599,0.56064
1e-05,0.60179013,0.7388184,0.6598667,0.56146
1e-05,0.60278964,0.7370949,0.66012,0.56104
1e-05,0.6025164,0.73804265,0.65929335,0.5613
1e-05,0.6025244,0.7371136,0.65888,0.56078
1e-05,0.60211724,0.73872393,0.6594667,0.56
1e-05,0.6019067,0.7373772,0.65946,0.56132
1e-05,0.60319096,0.7369407,0.65826666,0.56148
1e-05,0.60249215,0.73786014,0.6601,0.56058
1e-05,0.60235614,0.73789495,0.6592067,0.56196
1e-05,0.6017502,0.7376526,0.65952665,0.56196
1e-05,0.6027454,0.7378099,0.6595067,0.56206
1e-05,0.6029527,0.73898685,0.6581067,0.56074
1e-05,0.6020997,0.7385472,0.6605733,0.56174
1e-05,0.6011589,0.74007124,0.6603067,0.56048
1e-05,0.60284203,0.7382078,0.65871334,0.5615
1e-05,0.6021148,0.73824,0.65946,0.56036
1e-05,0.6012808,0.7393514,0.66026,0.56068
1e-05,0.60224056,0.7392385,0.6580333,0.56114
1e-05,0.6022623,0.73844683,0.66000664,0.56092
1e-05,0.60234934,0.73805606,0.66026,0.5617
1e-05,0.6026242,0.73843277,0.6596133,0.56118
1e-05,0.6020836,0.73708665,0.6590667,0.56056
1e-05,0.60232764,0.73695296,0.6599067,0.56214
1e-05,0.60232425,0.7385161,0.65855336,0.56062
1e-05,0.60283303,0.73728156,0.65892,0.56106
1e-05,0.6030551,0.73717606,0.65908664,0.56164
1e-05,0.60217893,0.73773533,0.65936667,0.56166
1e-05,0.60348976,0.73739094,0.6588867,0.56118
1e-05,0.6018231,0.73731804,0.65968,0.56042
1e-05,0.60261524,0.7378089,0.6591667,0.56138
1e-05,0.6014085,0.73808944,0.6603467,0.56122
1e-05,0.6018453,0.7382323,0.66035336,0.56168
1e-05,0.60239977,0.7393854,0.65912,0.56148
1e-05,0.602389,0.7385022,0.65892,0.56008
1e-05,0.6024143,0.7389105,0.65889335,0.56094
1e-05,0.6011766,0.7384802,0.66125333,0.56096
1e-05,0.60203487,0.7391941,0.6585,0.56138
1e-05,0.602636,0.7381207,0.6587667,0.56164
1e-05,0.6018997,0.73879004,0.6598333,0.56108
1e-05,0.6021792,0.7389109,0.65908,0.56132
1e-05,0.60153645,0.73974025,0.6599333,0.56174
1e-05,0.60134053,0.73917896,0.6601933,0.56104
1e-05,0.60272485,0.7377248,0.65930665,0.56106
1e-05,0.60216534,0.7384469,0.65958,0.5614
1e-05,0.60167444,0.7384048,0.65926665,0.56114
1e-05,0.60212916,0.7384543,0.65959334,0.56048
1e-05,0.6024333,0.7394804,0.65867335,0.56038
1e-05,0.60205936,0.7383817,0.65992,0.56152
1e-05,0.6021774,0.7386812,0.65882665,0.56178
1e-05,0.60266393,0.7388331,0.65972,0.5617
1e-05,0.6023509,0.73853153,0.65875334,0.56132
1e-05,0.60190356,0.73763925,0.6597667,0.56194
1e-05,0.60237855,0.73827356,0.65947336,0.561
1e-05,0.60217375,0.7389585,0.66062665,0.561
1e-05,0.60177755,0.73818177,0.66036,0.55978
1e-05,0.60197395,0.7385297,0.66038,0.56116
1e-05,0.6020041,0.7386354,0.65903336,0.56116
1e-05,0.6010284,0.73819673,0.65995336,0.56042
1e-05,0.60114384,0.73981327,0.6604133,0.55982
1e-05,0.6021317,0.74049973,0.65992,0.5609
1e-05,0.60183394,0.7384525,0.65980667,0.55982
1e-05,0.60139066,0.738381,0.6597133,0.55976
1e-05,0.601103,0.73926616,0.6605267,0.56098
1e-05,0.6020151,0.74057984,0.65876,0.56086
1e-05,0.6014279,0.73888755,0.6602733,0.56208
1e-05,0.60255706,0.7381003,0.6601667,0.56044
1e-05,0.60181636,0.73936635,0.6592467,0.5612
1e-05,0.60179096,0.7378192,0.6605333,0.56094
1e-05,0.60192084,0.7371516,0.6589,0.56078
1e-05,0.6027364,0.7382045,0.6584067,0.5616
1e-05,0.6021779,0.7389693,0.6598267,0.561
1e-05,0.60152376,0.7393277,0.6593933,0.5618
1e-05,0.60285467,0.7393819,0.65855336,0.5613
1e-05,0.6020866,0.73793185,0.65974665,0.56214
1e-05,0.60225815,0.7372851,0.6595467,0.56126
1e-05,0.6019926,0.73811555,0.6594267,0.56192
1e-05,0.60197216,0.737217,0.6599467,0.5606
1e-05,0.6017632,0.73887837,0.66061336,0.5608
1e-05,0.6020163,0.7392519,0.65894,0.56138
1e-05,0.6024617,0.7368969,0.6596067,0.5613
1e-05,0.60279894,0.7381525,0.6580733,0.56164
1e-05,0.60237974,0.73679996,0.65918666,0.56122
1e-05,0.60148984,0.73982143,0.65922,0.56172
1e-05,0.6025673,0.73772126,0.65948665,0.56222
1e-05,0.601277,0.7385394,0.66038,0.56164
1e-05,0.6018542,0.7386465,0.66016,0.5612
1e-05,0.6017853,0.738007,0.6603067,0.56108
1e-05,0.60154563,0.73943055,0.65972,0.56192
1e-05,0.6018173,0.7400181,0.6600533,0.56046
1e-05,0.6019922,0.7384594,0.65908,0.56116
1e-05,0.6013219,0.73852545,0.66066664,0.56162
1e-05,0.60178196,0.7386735,0.65958667,0.56142
1e-05,0.6027732,0.7395036,0.65914,0.56126
1e-05,0.6025848,0.7383227,0.6597,0.56124
1e-05,0.6009277,0.7405104,0.6617733,0.56118
1e-05,0.6015997,0.73990726,0.65937334,0.56148
1e-05,0.60203516,0.739181,0.6597133,0.56106
1e-05,0.6014438,0.7383533,0.6603,0.56106
1e-05,0.602223,0.7387571,0.66058666,0.56196
1e-05,0.6018653,0.7378227,0.65984666,0.56182
1e-05,0.6017309,0.7383191,0.66035336,0.56192
1e-05,0.6017229,0.73790103,0.65992,0.56192
1e-05,0.60169816,0.7388856,0.6601933,0.56176
1e-05,0.60196346,0.73808074,0.65986,0.56146
1e-05,0.6030596,0.7383346,0.6587667,0.56224
1e-05,0.6018014,0.738435,0.6585867,0.56188
1e-05,0.6018155,0.73902214,0.6592733,0.5616
1e-05,0.6023757,0.73821133,0.66039336,0.56142
1e-05,0.6019868,0.73980176,0.66007334,0.56084
1e-05,0.60161227,0.7396401,0.6592,0.5605
1e-05,0.60154176,0.7388258,0.6590533,0.56144
1e-05,0.6013194,0.7380117,0.66116667,0.5615
1e-05,0.6023387,0.7380797,0.6591,0.56014
1e-05,0.6012498,0.7395632,0.6596,0.56102
1e-05,0.6016795,0.73869026,0.66099334,0.56098
1e-05,0.6012338,0.7390755,0.66116667,0.55986
1e-05,0.6027022,0.73895603,0.65794665,0.56146
1e-05,0.60247105,0.73787004,0.65904665,0.56154
1e-05,0.6021568,0.7369839,0.6597133,0.56122
1e-05,0.60054404,0.73917633,0.66086,0.56168
1e-05,0.602263,0.7390312,0.65879333,0.56132
1e-05,0.60094243,0.739233,0.66084665,0.56078
1e-05,0.6022586,0.738833,0.6606867,0.56114
1e-05,0.6009149,0.7405478,0.66033334,0.56076
1e-05,0.60207766,0.73994,0.65884,0.56104
1e-05,0.6015188,0.7401672,0.65908,0.56122
1e-05,0.6009884,0.7392418,0.66036,0.56146
1e-05,0.6018529,0.74005914,0.65967333,0.5614
1e-05,0.6017536,0.73949975,0.65956664,0.56132
1e-05,0.60179543,0.7394789,0.66043335,0.56194
1e-05,0.6019029,0.73904353,0.65969336,0.56226
1e-05,0.60255,0.73880935,0.6588,0.5613
1e-05,0.60159856,0.7397246,0.66043335,0.56146
1e-05,0.6021171,0.7383057,0.6604667,0.5612
1e-05,0.601575,0.7390543,0.65874666,0.56128
1e-05,0.601153,0.7390661,0.6602467,0.56098
1e-05,0.60215384,0.7389582,0.6590667,0.56198
1e-05,0.60093755,0.7404005,0.66104,0.5609
1e-05,0.6013361,0.7395168,0.6597667,0.56056
1e-05,0.6013502,0.73892057,0.66061336,0.5619
1e-05,0.60200465,0.7397576,0.65933335,0.56008
1e-05,0.60173774,0.7380609,0.6602467,0.5601
1e-05,0.60188985,0.73901886,0.6592467,0.56148
1e-05,0.6012157,0.7391064,0.65929335,0.56086
1e-05,0.6013818,0.7393476,0.66017336,0.56154
1e-05,0.6011783,0.7400438,0.65956,0.56054
1e-05,0.60093904,0.7393444,0.6599333,0.56082
1e-05,0.6010717,0.7391513,0.6601267,0.56174
1e-05,0.60187835,0.73926616,0.6596467,0.56086
1e-05,0.6011477,0.74051857,0.66092,0.56004
1e-05,0.6014645,0.7408123,0.66025335,0.56124
1e-05,0.6018603,0.7399633,0.66004664,0.5601
1e-05,0.60185903,0.73870254,0.65934664,0.56118
1e-05,0.6014567,0.7406982,0.65991336,0.56164
1e-05,0.6023104,0.7382345,0.65871334,0.5614
1e-05,0.6015166,0.7389485,0.65848666,0.56182
1e-05,0.6017826,0.7381932,0.6595333,0.56058
1e-05,0.6015454,0.73993057,0.65974,0.56112
1e-05,0.6012044,0.74039304,0.65900666,0.56132
1e-05,0.60135967,0.7397229,0.66035336,0.56098
1e-05,0.6006779,0.7406634,0.6600933,0.56124
1e-05,0.60160553,0.73986477,0.65925336,0.56186
1e-05,0.60162234,0.7390088,0.6596867,0.56118
1e-05,0.6025342,0.73928154,0.65978664,0.56086
1e-05,0.6015227,0.7405095,0.65988666,0.56042
1e-05,0.6020808,0.7389521,0.6603,0.56156
1e-05,0.6017659,0.7396753,0.6599,0.56088
1e-05,0.6025737,0.73882526,0.65944666,0.56152
1e-05,0.6015637,0.73867214,0.6608533,0.561
1e-05,0.6021093,0.7384591,0.6581867,0.56028
1e-05,0.60178417,0.7397632,0.65973336,0.56156
1e-05,0.60187113,0.73921216,0.6607533,0.56136
1e-05,0.6020278,0.73888624,0.65896666,0.56168
1e-05,0.6018201,0.7399019,0.66032666,0.56108
1e-05,0.6015504,0.7390944,0.65968,0.56056
1e-05,0.60145557,0.7404664,0.6606333,0.56154
1e-05,0.60110724,0.73890847,0.6607533,0.56048
1e-05,0.60132235,0.7394718,0.6602467,0.561
1e-05,0.60205543,0.7384259,0.66028,0.56124
1e-05,0.6009783,0.74074143,0.6595467,0.55992
1e-05,0.60114956,0.7398612,0.65958,0.5617
1e-05,0.6005852,0.7401973,0.66061336,0.56152
1e-05,0.60191387,0.74093384,0.66007334,0.56024
1e-05,0.6011648,0.7406408,0.65952665,0.56064
1e-05,0.6018509,0.74043864,0.66026,0.55994
1e-05,0.6017853,0.73821133,0.6602733,0.56156
1e-05,0.60165095,0.7387812,0.6608533,0.56182
1e-05,0.6015526,0.7384903,0.66058,0.56102
1e-05,0.6010002,0.74042773,0.6612,0.56126
1e-05,0.6018812,0.7394187,0.65812665,0.56184
1e-05,0.60152465,0.73968804,0.65991336,0.56146
1e-05,0.6013146,0.73899156,0.66046,0.56158
1e-05,0.601265,0.73798305,0.6609733,0.56186
1e-05,0.60100126,0.7386169,0.65994,0.5606
1e-05,0.60196465,0.7389908,0.65981334,0.56046
1e-05,0.6014175,0.74054533,0.6604133,0.56086
1e-05,0.6016298,0.738228,0.66028666,0.56062
1e-05,0.6016601,0.74021095,0.6590667,0.5612
1e-05,0.60144573,0.73907524,0.65934664,0.56014
1e-05,0.6009221,0.7394719,0.66004664,0.56074
1e-05,0.6014631,0.7402027,0.6604667,0.56066
1e-05,0.60197586,0.73947704,0.65902,0.56016
1e-05,0.6018452,0.738715,0.65892667,0.56152
1e-05,0.6016074,0.7392614,0.65929335,0.56076
1e-05,0.60116935,0.73982763,0.66026,0.56082
1e-05,0.6009816,0.74083656,0.6604267,0.56018
1e-05,0.6010176,0.7414725,0.66054666,0.56104
1e-05,0.60137403,0.7397281,0.6604133,0.56018
1e-05,0.60160613,0.73978466,0.6601933,0.56092
1e-05,0.601457,0.74005574,0.6604933,0.56106
1e-05,0.6012446,0.7396437,0.65966,0.56114
1e-05,0.6010594,0.7407712,0.6600133,0.56092
1e-05,0.6016482,0.7405795,0.66088665,0.56182
1e-05,0.6005604,0.74057025,0.65969336,0.56036
1e-05,0.6012917,0.7398906,0.66116667,0.56042
1e-05,0.60220057,0.73877037,0.65914,0.56214
1e-05,0.60092574,0.73956877,0.65901333,0.56186
1e-05,0.6013893,0.73967904,0.6597533,0.56138
1e-05,0.60002345,0.74086744,0.66261333,0.56196
1e-05,0.60071397,0.74102426,0.65984,0.56072
1e-05,0.6009857,0.7407461,0.6601267,0.56198
1e-05,0.6013266,0.73930657,0.66072667,0.56122
1e-05,0.6008716,0.7397297,0.6602733,0.55962
1e-05,0.6003324,0.7393323,0.66134,0.5613
1e-05,0.6012411,0.74077314,0.66055334,0.56106
1e-05,0.6006259,0.73968434,0.66056,0.56124
1e-05,0.6007524,0.739595,0.65989333,0.56148
1e-05,0.6011722,0.7402736,0.6598,0.56146
1e-05,0.60088503,0.74141294,0.6606067,0.56116
1e-05,0.6010467,0.7408426,0.66142666,0.56128
1e-05,0.60085905,0.7407477,0.6600133,0.5609
1e-05,0.60088754,0.740874,0.66080666,0.56226
1e-05,0.6018863,0.7397447,0.6587,0.562
1e-05,0.6018554,0.7401304,0.66065335,0.5606
1e-05,0.6013435,0.7398922,0.66026,0.56078
1e-05,0.6006736,0.7405078,0.66102,0.5605
1e-05,0.60141015,0.7391176,0.6595067,0.56182
1e-05,0.6014053,0.7395747,0.66128665,0.56118
1e-05,0.60081124,0.7383596,0.66128,0.56016
1e-05,0.6013504,0.739424,0.6607933,0.56044
1e-05,0.6014131,0.7394685,0.66002667,0.56088
1e-05,0.6009171,0.7393204,0.66066664,0.55918
1e-05,0.6008135,0.7405146,0.66034,0.56038
1e-05,0.601003,0.7410352,0.6598733,0.561
1e-05,0.601184,0.7396258,0.6605267,0.56042
1e-05,0.60113204,0.739399,0.66033334,0.56102
1e-05,0.6012445,0.73948634,0.6604533,0.56132
1e-05,0.6019417,0.7390473,0.6586533,0.56132
1e-05,0.6012689,0.73957324,0.65945333,0.56044
1e-05,0.60164255,0.7396267,0.66058,0.56154
1e-05,0.6014609,0.73964125,0.6596533,0.56104
1e-05,0.6011282,0.73896927,0.66062665,0.56036
1e-05,0.6010634,0.7394568,0.66036,0.56148
1e-05,0.6016026,0.7402881,0.65970665,0.56094
1e-05,0.6007617,0.74063516,0.66076666,0.5613
1e-05,0.60106534,0.7399358,0.66083336,0.561
1e-05,0.6008867,0.7397033,0.6604933,0.56042
1e-05,0.60142165,0.73894703,0.65955335,0.5606
1e-05,0.6011332,0.7394831,0.66058,0.5603
1e-05,0.60107493,0.73868006,0.6595,0.5598
1e-05,0.6007136,0.739767,0.6604533,0.55996
1e-05,0.60133106,0.74051476,0.65946,0.56056
1e-05,0.6007937,0.7405061,0.6613733,0.56016
1e-05,0.600725,0.7402939,0.6604533,0.56202
1e-05,0.60144645,0.73943704,0.6609333,0.5611
1e-05,0.6011067,0.7397061,0.66106665,0.56058
1e-05,0.6013297,0.74024796,0.6598333,0.56016
1e-05,0.6017433,0.7397445,0.65963334,0.56208
1e-05,0.60130304,0.73909444,0.6616333,0.5613
1e-05,0.60125303,0.74054307,0.6607933,0.56162
1e-05,0.6005361,0.7412097,0.6608667,0.5615
1e-05,0.6008645,0.7407394,0.66011333,0.56026
1e-05,0.6003852,0.73993677,0.66125333,0.56018
1e-05,0.60106426,0.73951805,0.66044664,0.55992
1e-05,0.6014368,0.7403776,0.66098,0.56162
1e-05,0.6014259,0.7395207,0.66076666,0.56072
1e-05,0.60090846,0.7393499,0.66044,0.56026
1e-05,0.60145473,0.7400788,0.66054,0.56
1e-05,0.6011414,0.73964554,0.66073334,0.56016
1e-05,0.6009966,0.73893934,0.65984666,0.56018
1e-05,0.601351,0.7391362,0.6602067,0.56168
1e-05,0.60056716,0.74003625,0.66069335,0.56062
1e-05,0.6010723,0.740525,0.66007334,0.5605
1e-05,0.6006963,0.74080414,0.65988666,0.56114
1e-05,0.6015772,0.74087566,0.6602,0.56106
1e-05,0.6010707,0.7401474,0.66062665,0.55984
1e-05,0.601015,0.74026394,0.66024,0.56062
1e-05,0.60120046,0.74067265,0.65914,0.56046
1e-05,0.6017394,0.7400489,0.65951335,0.56086
1e-05,0.6013677,0.7401106,0.65958,0.56032
1e-05,0.6010133,0.739634,0.6600533,0.56
1e-05,0.60175186,0.739759,0.6592467,0.5601
1e-05,0.6012849,0.7397203,0.6597533,0.56012
1e-05,0.60113436,0.73918706,0.66152,0.55998
1e-05,0.60058016,0.7403087,0.6614467,0.55938
1e-05,0.60104513,0.7402258,0.6617067,0.56092
1e-05,0.60115117,0.74074817,0.65988,0.56014
1e-05,0.60100824,0.7395435,0.66062,0.55924
1e-05,0.6008251,0.7401763,0.65962666,0.56048
1e-05,0.6007309,0.74063754,0.66051334,0.56074
1e-05,0.60081106,0.74081266,0.66047335,0.5598
1e-05,0.60091156,0.7400214,0.66035336,0.56064
1e-05,0.6017751,0.7397568,0.6601267,0.5609
1e-05,0.6006908,0.7395132,0.66110665,0.55944
1e-05,0.60078263,0.7399496,0.66024,0.56074
1e-05,0.6008723,0.73924327,0.6609733,0.56062
1e-05,0.60126656,0.7405254,0.6603467,0.56002
1e-05,0.6002009,0.74101275,0.66026664,0.5594
1e-05,0.60108393,0.73999995,0.6606,0.5602
1e-05,0.6009893,0.74092937,0.6609733,0.5601
1e-05,0.6014515,0.7394812,0.65992,0.56076
1e-05,0.6016618,0.73926497,0.6603,0.5605
1e-05,0.6005408,0.7397377,0.66218,0.56078
1e-05,0.60154885,0.73992926,0.6585067,0.56098
1e-05,0.60157603,0.7391429,0.65995336,0.56058
1e-05,0.6007341,0.7395995,0.6607133,0.55982
1e-05,0.601399,0.7391152,0.66028666,0.56108
1e-05,0.60129,0.74121726,0.66048664,0.56076
1e-05,0.60101444,0.74115354,0.6606467,0.5606
1e-05,0.60062885,0.7401911,0.6615667,0.5616
1e-05,0.6012268,0.74065775,0.65992,0.56056
1e-05,0.6012585,0.74059653,0.65980667,0.55964
1e-05,0.60055906,0.7409728,0.6604267,0.55998
1e-05,0.6012883,0.73940676,0.66077334,0.55988
1e-05,0.6007236,0.74028355,0.66033334,0.56126
1e-05,0.6006924,0.7407343,0.6611133,0.56024
1e-05,0.6009305,0.73957586,0.65988,0.55948
1e-05,0.60122263,0.7403573,0.66003335,0.55998
1e-05,0.60144335,0.73994684,0.6608267,0.56162
1e-05,0.6002101,0.74070454,0.6611533,0.55962
1e-05,0.6005794,0.7399064,0.66054666,0.5604
1e-05,0.6005088,0.74089885,0.65991336,0.55992
1e-05,0.6009344,0.7406574,0.65978,0.56042
1e-05,0.60046345,0.74166286,0.6610467,0.5598
1e-05,0.6006828,0.7396145,0.66168666,0.55998
1e-05,0.60132074,0.74104387,0.6601667,0.55968
1e-05,0.60068005,0.74098617,0.66104,0.56026
1e-05,0.6007507,0.7408704,0.6608667,0.56016
1e-05,0.6007638,0.74008936,0.66106665,0.56088
1e-05,0.6001924,0.7410533,0.66184,0.56058
1e-05,0.60105634,0.7399738,0.66004,0.56024
1e-05,0.6007721,0.7400786,0.6602467,0.56098
1e-05,0.60069036,0.7400713,0.66064,0.56078
1e-05,0.60056597,0.74094373,0.6604933,0.5614
1e-05,0.6005,0.7409909,0.66087335,0.55928
1e-05,0.6009973,0.74213153,0.65974,0.56118
1e-05,0.6001491,0.74175143,0.66018,0.56108
1e-05,0.60067195,0.73986876,0.66082,0.56042
1e-05,0.6019386,0.7392993,0.65918,0.56072
1e-05,0.6003761,0.74033564,0.66043335,0.55994
1e-05,0.6005118,0.7405343,0.65974665,0.56004
1e-05,0.6000489,0.7409103,0.66182667,0.56094
1e-05,0.5994968,0.7416762,0.66212,0.56072
1e-05,0.6009082,0.7414168,0.66076,0.56078
1e-05,0.59998536,0.7416528,0.66052,0.56118
1e-05,0.601725,0.73961955,0.65996665,0.56136
1e-05,0.6010764,0.73997295,0.6609733,0.56072
1e-05,0.6013757,0.73948085,0.65964,0.56112
1e-05,0.6009224,0.74037325,0.66044664,0.56052
1e-05,0.5999315,0.74026066,0.6623267,0.56004
1e-05,0.6012307,0.7408172,0.6600867,0.56048
1e-05,0.60164964,0.74010956,0.6588467,0.56088
1e-05,0.60145736,0.73926884,0.6601933,0.56116
1e-05,0.6000076,0.7399332,0.66125333,0.56006
1e-05,0.6019794,0.7396584,0.65955335,0.56154
1e-05,0.6011518,0.73995376,0.6598667,0.56024
1e-05,0.60064167,0.7399198,0.6617067,0.56136
1e-05,0.6002394,0.74065614,0.66102,0.56072
1e-05,0.60115933,0.7403814,0.65955335,0.56146
1e-05,0.5997836,0.74218905,0.6621867,0.5597
1e-05,0.60084075,0.7412447,0.6598,0.56034
1e-05,0.5997427,0.7417379,0.66128,0.55958
1e-05,0.5999788,0.7403856,0.6603,0.55998
1e-05,0.60035086,0.74124974,0.66055334,0.56014
1e-05,0.6003986,0.74193114,0.66024,0.56046
1e-05,0.6004725,0.7402829,0.66112,0.5603
1e-05,0.60005826,0.7431167,0.6615933,0.5607
1e-05,0.60008705,0.7415891,0.6617333,0.55936
1e-05,0.600319,0.7407399,0.66183335,0.56098
1e-05,0.6006189,0.7408651,0.6607133,0.55968
1e-05,0.6006612,0.740603,0.66128665,0.5599
1e-05,0.6010412,0.7403199,0.65995336,0.55894
1e-05,0.6014916,0.740826,0.66006,0.56052
1e-05,0.60146224,0.74044013,0.66013336,0.5599
1e-05,0.6001475,0.7409045,0.65988,0.55994
1e-05,0.6006671,0.74079555,0.6607133,0.55974
1e-05,0.6011927,0.73969144,0.66010666,0.55982
1e-05,0.6004158,0.7408631,0.66077334,0.55916
1e-05,0.6014591,0.739481,0.65896,0.56
1e-05,0.60122126,0.73953795,0.65994,0.55952
1e-05,0.60123795,0.74029034,0.6607933,0.56112
1e-05,0.60140604,0.7401144,0.66062665,0.5608
1e-05,0.6009581,0.7405397,0.6601667,0.56158
1e-05,0.60046697,0.74096894,0.6602067,0.56014
1e-05,0.600132,0.7411147,0.66120666,0.55922
1e-05,0.6000497,0.7417277,0.66128665,0.55978
1e-05,0.60025144,0.7405912,0.6606467,0.55922
1e-05,0.59972554,0.7423227,0.66216,0.55934
1e-05,0.60150945,0.7408483,0.6596867,0.56048
1e-05,0.60022056,0.7413155,0.6618933,0.56034
1e-05,0.600485,0.7423966,0.6604533,0.55992
1e-05,0.6001701,0.739336,0.6617,0.55976
1e-05,0.60043335,0.7418051,0.66098,0.56116
1e-05,0.59903055,0.7413096,0.66168,0.55964
1e-05,0.6007059,0.74227804,0.66047335,0.5604
1e-05,0.600923,0.7414568,0.66082,0.56022
1e-05,0.6005629,0.74116695,0.66086,0.5595
1e-05,0.6008127,0.74047375,0.66087335,0.55992
1e-05,0.6003217,0.7408758,0.66059333,0.56014
1e-05,0.5999284,0.74103737,0.66271335,0.55928
1e-05,0.6011125,0.7407576,0.65991336,0.5595
1e-05,0.59900564,0.74121565,0.6615533,0.55998
1e-05,0.6003092,0.7409853,0.66178,0.5605
1e-05,0.60064626,0.74003655,0.66036,0.5592
1e-05,0.5999407,0.7422006,0.66161335,0.5601
1e-05,0.6007548,0.74110484,0.66103333,0.56006
1e-05,0.60074764,0.74119896,0.66068,0.5612
1e-05,0.60103595,0.7406823,0.65833336,0.56016
1e-05,0.5995564,0.7419879,0.6616733,0.56048
1e-05,0.59998673,0.7409674,0.66026,0.56062
1e-05,0.60052985,0.7409957,0.6599733,0.55992
1e-05,0.5992381,0.74151325,0.66165334,0.5603
1e-05,0.6007181,0.74227136,0.66018,0.56014
1e-05,0.6000422,0.74216527,0.66054,0.55994
1e-05,0.60033363,0.7411932,0.6615533,0.56036
1e-05,0.6001503,0.7416906,0.66169333,0.56052
1e-05,0.6005935,0.74242157,0.6620333,0.56042
1e-05,0.59937066,0.74148214,0.6625,0.5602
1e-05,0.6007484,0.7406949,0.66082,0.55978
1e-05,0.59966224,0.74231666,0.66124,0.56038
1e-05,0.6009468,0.74175787,0.6599067,0.56048
1e-05,0.6003052,0.7416338,0.6615667,0.55986
1e-05,0.60055804,0.7420983,0.66072,0.56008
1e-05,0.59986424,0.74205005,0.66220665,0.56056
1e-05,0.6003271,0.7419275,0.66158,0.5611
1e-05,0.6001948,0.74127346,0.66077334,0.5601
1e-05,0.6012647,0.7411658,0.6609067,0.56076
1e-05,0.60106725,0.74050766,0.6600933,0.55884
1e-05,0.5995029,0.7423374,0.66152,0.55962
1e-05,0.600762,0.7408246,0.65974,0.56022
1e-05,0.6001901,0.7411741,0.6615533,0.55914
1e-05,0.59998703,0.7419837,0.66166,0.56106
1e-05,0.60092974,0.73993224,0.66052,0.56092
1e-05,0.6005003,0.7414827,0.6616,0.56054
1e-05,0.60110396,0.7409767,0.65976,0.56042
1e-05,0.60007566,0.74187,0.6619667,0.55984
1e-05,0.6010075,0.7410401,0.65985334,0.56058
1e-05,0.60045105,0.7405671,0.66051334,0.5605
1e-05,0.5998317,0.7403192,0.66102666,0.56072
1e-05,0.6004179,0.74049515,0.66195333,0.56024
1e-05,0.6011256,0.741234,0.6613333,0.56092
1e-05,0.5997437,0.7421379,0.66062665,0.56054
1e-05,0.60090536,0.74132234,0.66192,0.56102
1e-05,0.5993583,0.7419931,0.66206,0.55994
1e-05,0.60052377,0.74192494,0.6601,0.56084
1e-05,0.5996336,0.74190915,0.66228,0.5596
1e-05,0.59991425,0.74112743,0.66152,0.56006
1e-05,0.60041684,0.74098074,0.66051334,0.5609
1e-05,0.6009076,0.7416046,0.6601933,0.56088
1e-05,0.5996425,0.74272865,0.66110665,0.56102
1e-05,0.5997588,0.7414228,0.66132665,0.5603
1e-05,0.6004196,0.7418202,0.66062665,0.5607
1e-05,0.6010461,0.74064255,0.65974665,0.56022
1e-05,0.60038954,0.74059623,0.6612933,0.55962
1e-05,0.60046035,0.7416521,0.66012,0.56098
1e-05,0.60082203,0.7409595,0.65952665,0.56036
1e-05,0.6005792,0.7400547,0.6612267,0.56042
1e-05,0.59990656,0.7421052,0.66094667,0.56034
1e-05,0.5996695,0.7421553,0.6617733,0.56014
1e-05,0.59951943,0.7408071,0.66246665,0.55952
1e-05,0.6009642,0.7404303,0.66033334,0.56028
1e-05,0.60054946,0.7409279,0.66138667,0.56034
1e-05,0.6008991,0.741602,0.66114664,0.56056
1e-05,0.6004674,0.7419559,0.66074,0.55996
1e-05,0.5997121,0.74256843,0.66065335,0.56014
1e-05,0.59996253,0.7427428,0.66062,0.56092
1e-05,0.6001051,0.7410677,0.66054,0.55988
1e-05,0.59972185,0.74287915,0.66154,0.55986
1e-05,0.599986,0.74290097,0.66169333,0.56036
1e-05,0.60085636,0.74170065,0.65898,0.56036
1e-05,0.6002134,0.74113774,0.6606733,0.55954
1e-05,0.6013046,0.74144363,0.66032,0.56104
1e-05,0.60072464,0.74116856,0.6598333,0.55976
1e-05,0.59998053,0.742048,0.66202664,0.56052
1e-05,0.60080105,0.74073625,0.65981334,0.55984
1e-05,0.6006296,0.7412041,0.66099334,0.56052
1e-05,0.6001374,0.7419215,0.66051334,0.55864
1e-05,0.6000918,0.74100757,0.66099334,0.55964
1e-05,0.60029036,0.74181306,0.6614067,0.55976
1e-05,0.5998889,0.7412574,0.66198665,0.55956
1e-05,0.60048264,0.74145633,0.66094,0.56014
1e-05,0.6004976,0.7417582,0.66094667,0.56058
1e-05,0.6013374,0.7412338,0.6607933,0.5603
1e-05,0.6002384,0.74078155,0.6615933,0.56034
1e-05,0.5999037,0.7414783,0.66092,0.56014
1e-05,0.6003668,0.74113876,0.6605333,0.5598
1e-05,0.60025525,0.74090767,0.6608,0.55988
1e-05,0.6008949,0.74169815,0.65978664,0.55982
1e-05,0.5996865,0.74290645,0.66102666,0.56058
1e-05,0.6002364,0.74153525,0.66142666,0.55986
1e-05,0.6007475,0.74141914,0.66026,0.56002
1e-05,0.6006266,0.74125355,0.65978,0.56044
1e-05,0.6001861,0.74063927,0.6613067,0.5598
1e-05,0.60019493,0.74097866,0.66083336,0.55982
1e-05,0.6003741,0.74232024,0.66161335,0.56046
1e-05,0.59996873,0.7417551,0.66037333,0.55956
1e-05,0.6008205,0.7412044,0.66062665,0.55976
1e-05,0.60064745,0.74109256,0.66095334,0.56022
1e-05,0.59979206,0.7419344,0.6624,0.55954
1e-05,0.6006349,0.7419571,0.66146666,0.55928
1e-05,0.6000902,0.7411689,0.66072667,0.55974
1e-05,0.6001279,0.74165237,0.6609667,0.56032
1e-05,0.6001574,0.74094546,0.66036665,0.559
1e-05,0.6004166,0.74197286,0.66061336,0.55896
1e-05,0.60007334,0.741499,0.66182667,0.56026
1e-05,0.60007274,0.7416809,0.66238666,0.5608
1e-05,0.6000582,0.74174106,0.66088665,0.56004
1e-05,0.60001916,0.74141794,0.66148,0.55966
1e-05,0.6006883,0.7416027,0.66078,0.56014
1e-05,0.60022926,0.7427045,0.6603133,0.56002
1e-05,0.5997773,0.74325657,0.66184,0.55942
1e-05,0.6011996,0.74187124,0.6600867,0.56024
1e-05,0.6006752,0.74256945,0.66014665,0.56058
1e-05,0.60029775,0.7420606,0.65998,0.56018
1e-05,0.60049355,0.74150914,0.66158,0.56036
1e-05,0.5992335,0.7421121,0.66187334,0.55966
1e-05,0.6002207,0.74209875,0.66076,0.55948
1e-05,0.6001586,0.7429644,0.6615933,0.56062
1e-05,0.5998937,0.7421699,0.65980667,0.56104
1e-05,0.5997211,0.7429867,0.66154665,0.55958
1e-05,0.5998772,0.7422044,0.66044,0.56038
1e-05,0.6000555,0.7422461,0.6605733,0.55996
1e-05,0.6001667,0.7434267,0.66171336,0.55976
1e-05,0.60047895,0.7426665,0.65992,0.56038
1e-05,0.600371,0.7415794,0.6606,0.5603
1e-05,0.59959966,0.74155647,0.6623,0.5603
1e-05,0.5999743,0.7423635,0.66228,0.56
1e-05,0.5993725,0.7421215,0.66209334,0.56018
1e-05,0.59981257,0.7432837,0.66114664,0.56026
1e-05,0.6005181,0.74229044,0.66144,0.5599
1e-05,0.60006124,0.74214756,0.66074,0.56066
1e-05,0.59985304,0.7412162,0.6607867,0.55962
1e-05,0.59937334,0.7424533,0.662,0.55958
1e-05,0.5996263,0.7422496,0.6616,0.55982
1e-05,0.59956586,0.743894,0.6620467,0.55978
1e-05,0.60082024,0.74153364,0.66081333,0.56026
1e-05,0.5993696,0.7417989,0.66175336,0.55944
1e-05,0.59986854,0.74197924,0.66080666,0.56014
1e-05,0.6006825,0.7409208,0.66116,0.56026
1e-05,0.59955084,0.7413095,0.6626,0.56042
1e-05,0.60011685,0.7408905,0.66208667,0.5594
1e-05,0.5991276,0.74265957,0.6617467,0.56036
1e-05,0.60034263,0.7418146,0.66032666,0.55954
1e-05,0.6003029,0.74161893,0.6612333,0.5598
1e-05,0.5999137,0.74244404,0.66098,0.55968
1e-05,0.5998762,0.7434076,0.6610467,0.55964
1e-05,0.59925306,0.74264896,0.6615267,0.55928
1e-05,0.6006658,0.74212915,0.66206,0.55908
1e-05,0.6006216,0.74208945,0.66116,0.55962
1e-05,0.6001727,0.7417196,0.66256666,0.56014
1e-05,0.599437,0.7418508,0.65969336,0.56038
1e-05,0.5997381,0.74284303,0.6618933,0.56034
1e-05,0.60065883,0.74278533,0.6601667,0.55912
1e-05,0.6005074,0.74120027,0.6604533,0.55942
1e-05,0.5996339,0.7432177,0.66048,0.5596
1e-05,0.5998092,0.74255186,0.66249335,0.55924
1e-05,0.60048974,0.7427287,0.66156,0.56036
1e-05,0.59975743,0.7432167,0.6612,0.55956
1e-05,0.60042655,0.7406985,0.6605333,0.55958
1e-05,0.5998146,0.74214786,0.65988666,0.55876
1e-05,0.59996074,0.7423064,0.66017336,0.559
1e-05,0.5999134,0.74199975,0.66035336,0.55904
1e-05,0.59987426,0.7425574,0.66212666,0.55924
1e-05,0.60026526,0.74091715,0.6612933,0.55984
1e-05,0.5986136,0.7433619,0.66256,0.55916
1e-05,0.6001034,0.7428784,0.66081333,0.55914
1e-05,0.60062575,0.7417408,0.65996665,0.55934
1e-05,0.5993174,0.74241287,0.66152,0.55906
1e-05,0.59966755,0.7430749,0.66102666,0.55878
1e-05,0.59979665,0.74187875,0.66220665,0.55878
1e-05,0.6001192,0.74233705,0.66050667,0.55878
1e-05,0.59976536,0.74205405,0.66139334,0.55978
1e-05,0.59972984,0.7415643,0.66191334,0.55922
1e-05,0.5991344,0.74270976,0.66179335,0.55986
1e-05,0.6000717,0.74220157,0.66164666,0.55958
1e-05,0.5993781,0.74253494,0.66080666,0.56028
1e-05,0.59976876,0.74285495,0.6616667,0.56
1e-05,0.59991956,0.7425844,0.66194,0.56012
1e-05,0.6003543,0.742036,0.66110665,0.5596
1e-05,0.5990747,0.74333555,0.6621533,0.5594
1e-05,0.6000524,0.74223965,0.66091335,0.55974
1e-05,0.59972394,0.7435487,0.6621467,0.55996
1e-05,0.5989673,0.7438073,0.6624,0.55908
1e-05,0.59932125,0.7419744,0.66213334,0.55862
1e-05,0.5992603,0.7430904,0.66146,0.56024
1e-05,0.6002475,0.7423433,0.6601267,0.5601
1e-05,0.60038394,0.7426635,0.66116667,0.5601
1e-05,0.59964347,0.7421723,0.66021335,0.55908
1e-05,0.5991945,0.7419674,0.6607467,0.55936
1e-05,0.60031027,0.7410687,0.66044664,0.55938
1e-05,0.6002423,0.74172497,0.6605267,0.55946
1e-05,0.6004563,0.7427373,0.6601533,0.56018
1e-05,0.5995297,0.74281406,0.6609,0.55932
1e-05,0.60013425,0.7412293,0.6601667,0.55996
1e-05,0.60057455,0.74161226,0.65981334,0.55962
1e-05,0.59950054,0.7416346,0.66174,0.56
1e-05,0.5998089,0.7418706,0.66201335,0.55878
1e-05,0.60024333,0.7416022,0.6601667,0.56024
1e-05,0.5996712,0.7423782,0.66066664,0.56028
1e-05,0.60004216,0.7431986,0.662,0.55994
1e-05,0.60000426,0.7420056,0.66062,0.55952
1e-05,0.5996372,0.7418391,0.66095334,0.56028
1e-05,0.5998804,0.74191904,0.66086,0.55996
1e-05,0.60011464,0.741946,0.66191334,0.5597
1e-05,0.600222,0.74262345,0.66035336,0.5599
1e-05,0.59971637,0.7425341,0.6611867,0.55924
1e-05,0.6002768,0.7424923,0.66088665,0.5598
1e-05,0.6001701,0.741904,0.6611933,0.56046
1e-05,0.59912056,0.74308115,0.66318667,0.56052
1e-05,0.59965724,0.74157435,0.66238666,0.55946
1e-05,0.5995834,0.74205106,0.66172665,0.55926
1e-05,0.59996474,0.7420133,0.66154665,0.55898
1e-05,0.59967107,0.742678,0.66144,0.55898
1e-05,0.60020614,0.7415605,0.6615,0.56008
1e-05,0.5993283,0.7423128,0.6618133,0.55904
1e-05,0.5992503,0.74379456,0.66144,0.55994
1e-05,0.59995,0.74197686,0.66006666,0.55882
1e-05,0.59967774,0.7421832,0.6612267,0.55974
1e-05,0.5985655,0.74324185,0.6627733,0.55854
1e-05,0.5991584,0.74369955,0.6618133,0.55958
1e-05,0.59942454,0.74411845,0.6624867,0.55934
1e-05,0.59960115,0.74312246,0.66125333,0.5598
1e-05,0.5993902,0.7428113,0.6624067,0.56072
1e-05,0.59905434,0.7431845,0.66236,0.55932
1e-05,0.59946984,0.74299794,0.6612267,0.56076
1e-05,0.59961224,0.74431616,0.6618933,0.55986
1e-05,0.59946597,0.74348825,0.66077334,0.55872
1e-05,0.59915006,0.7429656,0.66186,0.56006
1e-05,0.5996085,0.7417697,0.6628733,0.55964
1e-05,0.59973985,0.7436013,0.66169333,0.56008
1e-05,0.5992555,0.7433037,0.6621533,0.55894
1e-05,0.5995811,0.74291176,0.66198,0.55964
1e-05,0.5997067,0.7427598,0.6615533,0.55938
1e-05,0.59937036,0.7434185,0.66234666,0.55886
1e-05,0.59919184,0.7430461,0.6610067,0.5597
1e-05,0.5999577,0.74392,0.66153336,0.5588
1e-05,0.59912634,0.74390584,0.6613333,0.55982
1e-05,0.59996825,0.7427669,0.6618933,0.55942
1e-05,0.5999167,0.7416096,0.66235334,0.56054
1e-05,0.6001136,0.74185616,0.6609333,0.5589
1e-05,0.5992941,0.74369746,0.66174,0.55908
1e-05,0.6000173,0.742567,0.66175336,0.55856
1e-05,0.6004094,0.7421253,0.66002667,0.5593
1e-05,0.59906745,0.7428423,0.66086,0.56022
1e-05,0.5988372,0.7431266,0.6617467,0.5592
1e-05,0.5997124,0.74282545,0.6616333,0.5586
1e-05,0.59974575,0.7430763,0.66214,0.5594
1e-05,0.5996655,0.74281335,0.6614467,0.55916
1e-05,0.5997016,0.7424668,0.66172665,0.55886
1e-05,0.60050523,0.74316657,0.66131335,0.55946
1e-05,0.5987278,0.7435504,0.66197336,0.55854
1e-05,0.6000012,0.7428302,0.6612267,0.56006
1e-05,0.5999288,0.74148995,0.66231334,0.55994
1e-05,0.5998273,0.74272233,0.6614133,0.55944
1e-05,0.5995741,0.74276114,0.66228664,0.5593
1e-05,0.5994687,0.74284315,0.6609,0.55996
1e-05,0.5987095,0.74208504,0.66224664,0.55976
1e-05,0.5990039,0.74359924,0.66077334,0.55964
1e-05,0.59978735,0.7436703,0.6612933,0.5592
1e-05,0.6002892,0.74333954,0.66088665,0.55956
1e-05,0.5991156,0.7439298,0.66142,0.55958
1e-05,0.59908605,0.7443505,0.66138,0.5585
1e-05,0.5998241,0.7426072,0.66132665,0.55974
1e-05,0.59997904,0.74311846,0.66202,0.55938
1e-05,0.59922355,0.74262214,0.66232,0.55898
1e-05,0.59851474,0.74308383,0.66297334,0.55944
1e-05,0.60047483,0.743108,0.6608267,0.55902
1e-05,0.5990585,0.7436986,0.6617,0.55988
1e-05,0.5997009,0.74230176,0.6615,0.55932
1e-05,0.5994684,0.7427671,0.6622,0.56004
1e-05,0.6004674,0.7422569,0.6609667,0.56066
1e-05,0.59944236,0.74236697,0.66220665,0.5602
1e-05,0.59883785,0.743254,0.66275334,0.5596
1e-05,0.5992502,0.74328536,0.6622,0.55936
1e-05,0.5999395,0.7419111,0.6612333,0.55978
1e-05,0.59926367,0.7434971,0.6619933,0.55912
1e-05,0.5991678,0.74207294,0.66092,0.55816
1e-05,0.59911186,0.7436718,0.6613733,0.56022
1e-05,0.5991296,0.74282277,0.66194665,0.5591
1e-05,0.5981415,0.74442846,0.66205335,0.56
1e-05,0.59902525,0.74360234,0.6615,0.55926
1e-05,0.59931326,0.7437742,0.66375333,0.56006
1e-05,0.599016,0.7430644,0.6608933,0.55892
1e-05,0.5999122,0.74241847,0.66064,0.55964
1e-05,0.5997028,0.74330217,0.6618867,0.55922
1e-05,0.59957737,0.7433306,0.66112,0.56014
1e-05,0.59961057,0.74300975,0.66174,0.5604
1e-05,0.59887606,0.7432147,0.66142666,0.5601
1e-05,0.5988992,0.7448564,0.66147333,0.56002
1e-05,0.59903663,0.7431556,0.66126,0.5593
1e-05,0.59914804,0.7432716,0.6623667,0.55936
1e-05,0.5990548,0.7431989,0.6618133,0.55874
1e-05,0.5985319,0.7431651,0.66220665,0.55952
1e-05,0.5995369,0.74377245,0.6621867,0.55942
1e-05,0.5982356,0.74406606,0.6640133,0.55924
1e-05,0.5990877,0.74385756,0.6614467,0.55884
1e-05,0.5989171,0.7425863,0.66152,0.5583
1e-05,0.59882766,0.7433758,0.66260666,0.5589
1e-05,0.5988906,0.74449474,0.66239333,0.55954
1e-05,0.59951514,0.74304116,0.6612267,0.55946
1e-05,0.5986492,0.7434575,0.66191334,0.55958
1e-05,0.5985767,0.7449723,0.66285336,0.5594
1e-05,0.5988933,0.7442272,0.66087335,0.55982
1e-05,0.5992231,0.7437114,0.66121334,0.55902
1e-05,0.5988297,0.7443656,0.66264665,0.56014
1e-05,0.5991082,0.7438833,0.6624067,0.56036
1e-05,0.5991544,0.7431151,0.66099334,0.56094
1e-05,0.59885526,0.74465525,0.66127336,0.55982
1e-05,0.5980863,0.7441509,0.6631,0.55932
1e-05,0.59922594,0.74380577,0.66235334,0.55952
1e-05,0.5996036,0.74264574,0.6615667,0.55884
1e-05,0.5995905,0.7423779,0.66194665,0.56004
1e-05,0.5998035,0.74300396,0.66076666,0.55866
1e-05,0.59923524,0.74382514,0.6605667,0.55948
1e-05,0.5987471,0.74392205,0.6628867,0.55916
1e-05,0.59929544,0.743272,0.6607133,0.56004
1e-05,0.59900546,0.74299365,0.6625933,0.55894
1e-05,0.5989476,0.74382323,0.6621,0.56034
1e-05,0.5998488,0.74411815,0.66094,0.55996
1e-05,0.59971374,0.7422995,0.66112,0.55956
1e-05,0.5986765,0.7437002,0.6637333,0.5591
1e-05,0.59973794,0.7430737,0.66095334,0.55878
1e-05,0.6000488,0.7433884,0.6603133,0.55994
1e-05,0.59889007,0.74325025,0.66228,0.55916
1e-05,0.6000773,0.7425586,0.66113335,0.56004
1e-05,0.59904915,0.74276274,0.6612933,0.55872
1e-05,0.599362,0.7429033,0.66238,0.55942
1e-05,0.5990192,0.74343604,0.6622,0.55968
1e-05,0.59905386,0.742586,0.66176,0.55936
1e-05,0.5990935,0.7447168,0.6617067,0.55904
1e-05,0.5998156,0.7431499,0.66135335,0.55954
1e-05,0.60001427,0.7429338,0.66062665,0.5596
1e-05,0.5999017,0.74224186,0.66208667,0.55972
1e-05,0.59893715,0.7437897,0.66254,0.5588
1e-05,0.59864765,0.7427675,0.66144,0.5593
1e-05,0.6000734,0.7425686,0.66205335,0.55958
1e-05,0.59958607,0.7421998,0.66091335,0.55848
1e-05,0.59917593,0.74478966,0.6617867,0.55952
1e-05,0.60045826,0.742196,0.66146,0.55858
1e-05,0.59936816,0.7415589,0.66091335,0.55956
1e-05,0.599062,0.74256873,0.6616667,0.5599
1e-05,0.59935766,0.742815,0.66256666,0.55868
1e-05,0.5986495,0.74468553,0.66187334,0.56018
1e-05,0.5994558,0.7436322,0.6620067,0.55948
1e-05,0.5987125,0.74329466,0.6624733,0.55954
1e-05,0.5989584,0.74402064,0.6622933,0.55998
1e-05,0.59980625,0.74268293,0.66172,0.55984
1e-05,0.5989346,0.7433102,0.6617067,0.55924
1e-05,0.599671,0.74309564,0.66068,0.55906
1e-05,0.5985765,0.74342984,0.66208,0.55998
1e-05,0.5994014,0.743763,0.6617067,0.5601
1e-05,0.59971553,0.74251425,0.66128665,0.56052
1e-05,0.5991703,0.7432084,0.6621867,0.55904
1e-05,0.5995371,0.74383503,0.66182,0.56048
1e-05,0.59904474,0.7423981,0.66143334,0.55972
1e-05,0.5989063,0.74303883,0.6623267,0.5591
1e-05,0.5995601,0.74192894,0.66192,0.5594
1e-05,0.5995125,0.7433302,0.66128,0.55922
1e-05,0.600064,0.742728,0.66072,0.55888
1e-05,0.59938455,0.74263114,0.66116667,0.55836
1e-05,0.598776,0.74303794,0.6617067,0.55996
1e-05,0.5984812,0.74270636,0.6624333,0.55958
1e-05,0.59874845,0.7433469,0.66186,0.55966
1e-05,0.59914744,0.7441413,0.66157335,0.55984
1e-05,0.5999104,0.7431055,0.6610467,0.55944
1e-05,0.59838045,0.74314415,0.6620333,0.55898
1e-05,0.5990441,0.7426681,0.66257334,0.55918
1e-05,0.598913,0.7440549,0.66272664,0.5588
1e-05,0.5993548,0.74316597,0.6618933,0.55936
1e-05,0.59868497,0.74432784,0.66182667,0.55926
1e-05,0.59917027,0.7439217,0.66216666,0.55972
1e-05,0.5991815,0.74442375,0.66191334,0.55986
1e-05,0.5982683,0.7441577,0.66314,0.5595
1e-05,0.59830385,0.7439153,0.66376,0.55932
1e-05,0.5982434,0.74469286,0.66183335,0.55774
1e-05,0.5994397,0.745263,0.66278,0.5599
1e-05,0.59799826,0.7444506,0.66352665,0.56012
1e-05,0.59869856,0.7433434,0.66153336,0.5596
1e-05,0.5988626,0.7426232,0.66222,0.55908
1e-05,0.59881335,0.74333274,0.6623667,0.56094
1e-05,0.5989711,0.7440675,0.66136664,0.56036
1e-05,0.59913886,0.742902,0.6627733,0.55948
1e-05,0.59788245,0.7442337,0.66345334,0.5609
1e-05,0.5992278,0.7438367,0.6617467,0.56012
1e-05,0.599682,0.7428711,0.66139334,0.55854
1e-05,0.59930915,0.7442285,0.66289335,0.56096
1e-05,0.5995654,0.7434046,0.66081333,0.55938
1e-05,0.59865487,0.74442446,0.6621867,0.56006
1e-05,0.5981939,0.74431604,0.66305333,0.55972
1e-05,0.5986864,0.7442998,0.6618533,0.56012
1e-05,0.59878343,0.74393,0.66296667,0.55952
1e-05,0.5992897,0.74399555,0.6620733,0.56054
1e-05,0.59888387,0.7431361,0.6626667,0.55942
1e-05,0.59863544,0.74513185,0.66192,0.55924
1e-05,0.5992816,0.74477565,0.66220665,0.55968
1e-05,0.59951323,0.7443217,0.66184664,0.5591
1e-05,0.5985753,0.74426913,0.66184664,0.56018
1e-05,0.5993098,0.74537265,0.6606067,0.56056
1e-05,0.5983232,0.74454886,0.66312665,0.5587
1e-05,0.59832686,0.7454662,0.66286665,0.55886
1e-05,0.5990064,0.74415606,0.66168666,0.55916
1e-05,0.5989577,0.7438481,0.66208,0.55932
1e-05,0.59842384,0.7438659,0.6626,0.55922
1e-05,0.5989485,0.74377966,0.6631067,0.55856
1e-05,0.5989066,0.74509484,0.6615,0.55966
1e-05,0.59944767,0.7440755,0.66204,0.55952
1e-05,0.5984224,0.7452129,0.66254,0.55912
1e-05,0.59826577,0.74366146,0.66256,0.55968
1e-05,0.59851336,0.7442466,0.66138667,0.55888
1e-05,0.59816104,0.7447603,0.6622933,0.55924
1e-05,0.5990476,0.74495196,0.66230667,0.55942
1e-05,0.5991128,0.74300086,0.66336,0.55832
1e-05,0.5993157,0.7432871,0.66188,0.56022
1e-05,0.59937334,0.7442102,0.66132,0.56034
1e-05,0.598499,0.7437896,0.6636933,0.55982
1e-05,0.5979742,0.7432337,0.6635067,0.55888
1e-05,0.5984437,0.7425079,0.6618133,0.56034
1e-05,0.59813553,0.74429524,0.66244,0.55896
1e-05,0.5990808,0.74435264,0.66160667,0.56052
1e-05,0.5991186,0.7435511,0.6614867,0.55986
1e-05,0.59889066,0.7438132,0.66202,0.55928
1e-05,0.5989528,0.7440858,0.66267335,0.5598
1e-05,0.59887344,0.7436682,0.66278666,0.56012
1e-05,0.5986804,0.7434888,0.66307336,0.55982
1e-05,0.5988274,0.74394405,0.66260666,0.55988
1e-05,0.5981782,0.7433946,0.6633533,0.55978
1e-05,0.59788674,0.7442572,0.6629133,0.55912
1e-05,0.59910834,0.74414957,0.66236,0.55958
1e-05,0.59910476,0.7439857,0.6613,0.56054
1e-05,0.5982729,0.74513155,0.6630267,0.56
1e-05,0.59882474,0.7447263,0.66282,0.56052
1e-05,0.59892833,0.74471986,0.6616333,0.5597
1e-05,0.5983369,0.7447916,0.66234666,0.55988
1e-05,0.59883034,0.7433919,0.66074,0.55882
1e-05,0.5980336,0.7441323,0.6637,0.5601
1e-05,0.5989498,0.74468887,0.66168,0.55958
1e-05,0.59886086,0.74464935,0.66213334,0.56062
1e-05,0.5980259,0.7444651,0.66386,0.56002
1e-05,0.59834373,0.7440447,0.66415334,0.55872
1e-05,0.5987108,0.7432352,0.66216666,0.56036
1e-05,0.59928143,0.7429864,0.66179335,0.55958
1e-05,0.59830225,0.74376017,0.66213334,0.5597
1e-05,0.59958607,0.74411976,0.6618867,0.56044
1e-05,0.59848785,0.7444666,0.66340667,0.55886
1e-05,0.5987205,0.7439621,0.66220665,0.55906
1e-05,0.5985296,0.7441536,0.66217333,0.55824
1e-05,0.59842783,0.74576235,0.66302,0.55936
1e-05,0.5986996,0.74449056,0.66305333,0.55892
1e-05,0.599037,0.74400073,0.66290665,0.56046
1e-05,0.59842616,0.7449311,0.6639,0.55928
1e-05,0.5982945,0.74444914,0.6637267,0.55888
1e-05,0.59784466,0.7454854,0.66351336,0.5586
1e-05,0.5986015,0.7449432,0.66196,0.55994
1e-05,0.59824955,0.7458905,0.66294664,0.55908
1e-05,0.59935,0.74444026,0.66186,0.56018
1e-05,0.5988664,0.7438097,0.66260666,0.55882
1e-05,0.5985376,0.74480134,0.66205335,0.55922
1e-05,0.5987519,0.74465406,0.6615267,0.55872
1e-05,0.59878254,0.7450123,0.66227335,0.56028
1e-05,0.5988159,0.74449635,0.66263336,0.55822
1e-05,0.5989184,0.7445407,0.66201335,0.5585
1e-05,0.5981988,0.744872,0.66354,0.55944
1e-05,0.5989758,0.74429953,0.6624867,0.55852
1e-05,0.59872586,0.7441312,0.66213334,0.55988
1e-05,0.5988469,0.74376285,0.66256,0.5586
1e-05,0.5991978,0.74352646,0.6628067,0.55942
1e-05,0.5982031,0.74393713,0.66230667,0.55838
1e-05,0.59899706,0.74468344,0.6625533,0.55958
1e-05,0.59916174,0.7432957,0.6614133,0.55908
1e-05,0.5986998,0.74418354,0.663,0.56048
1e-05,0.59891725,0.7444723,0.6624,0.55856
1e-05,0.5985695,0.74444,0.66278,0.55818
1e-05,0.59830797,0.7453249,0.6625533,0.5594
1e-05,0.59893286,0.7447177,0.66268665,0.55972
1e-05,0.5986595,0.7445274,0.6612333,0.56054
1e-05,0.5984485,0.7450033,0.66312,0.5595
1e-05,0.59800905,0.74409014,0.6629933,0.55844
1e-05,0.5979085,0.7450005,0.66228,0.55866
1e-05,0.597678,0.7456091,0.6617333,0.5596
1e-05,0.5985505,0.7447208,0.66197336,0.55918
1e-05,0.59866285,0.7441764,0.6628133,0.55888
1e-05,0.59840685,0.74548626,0.6621867,0.55852
1e-05,0.5978137,0.74629104,0.6628133,0.55934
1e-05,0.5996145,0.7453524,0.6609667,0.5596
1e-05,0.5990637,0.7442141,0.66254,0.55864
1e-05,0.5993153,0.7437775,0.6621067,0.56046
1e-05,0.5989154,0.74520737,0.66231334,0.55988
1e-05,0.5989318,0.7450319,0.66241336,0.56032
1e-05,0.59883296,0.7447661,0.66150665,0.55912
1e-05,0.5982617,0.7447213,0.66319335,0.5603
1e-05,0.5985187,0.74514437,0.66271335,0.55968
1e-05,0.5987376,0.7441493,0.66267335,0.55942
1e-05,0.598559,0.74532866,0.66234666,0.55908
1e-05,0.597449,0.7442773,0.66328,0.55888
1e-05,0.59884137,0.744583,0.66348666,0.55928
1e-05,0.5977357,0.7442664,0.6617867,0.55924
1e-05,0.59820694,0.74501157,0.6634,0.55822
1e-05,0.5985722,0.74604714,0.66311336,0.55842
1e-05,0.5989059,0.74352896,0.66308,0.55804
1e-05,0.59826124,0.7453905,0.66174,0.55898
1e-05,0.59850657,0.7442888,0.66153336,0.55838
1e-05,0.5979023,0.74523175,0.66386664,0.55898
1e-05,0.5987272,0.74561393,0.66216,0.55902
1e-05,0.597893,0.74516785,0.66276,0.55864
1e-05,0.5985284,0.7457742,0.66272664,0.55904
1e-05,0.5977426,0.7450258,0.6630667,0.55878
1e-05,0.5983867,0.7450671,0.6618867,0.55876
1e-05,0.5983261,0.7461984,0.66290665,0.55852
1e-05,0.59795207,0.7459048,0.6627733,0.5588
1e-05,0.59895533,0.7441478,0.6619933,0.56004
1e-05,0.59839416,0.74521846,0.66184664,0.56012
1e-05,0.5988795,0.745697,0.66262,0.5595
1e-05,0.5986992,0.74408,0.66271335,0.56012
1e-05,0.5983818,0.7440739,0.66212666,0.55822
1e-05,0.59825885,0.74510545,0.66218,0.55902
1e-05,0.5988132,0.7452646,0.66120666,0.55952
1e-05,0.59818876,0.746477,0.66238,0.5592
1e-05,0.5983572,0.7451011,0.66213334,0.5604
1e-05,0.5981912,0.74532944,0.66253334,0.55846
1e-05,0.59799606,0.74469835,0.66202,0.56002
1e-05,0.5987066,0.74547803,0.66187334,0.55874
1e-05,0.5975781,0.74586546,0.66396666,0.55968
1e-05,0.5984254,0.7443306,0.66224,0.55896
1e-05,0.5981848,0.74560463,0.6620067,0.55958
1e-05,0.5979115,0.7460562,0.66234666,0.5595
1e-05,0.59802526,0.7450383,0.66324,0.56014
1e-05,0.59890956,0.74372745,0.6628733,0.55942
1e-05,0.5982994,0.7452369,0.66286665,0.55886
1e-05,0.59842014,0.7449397,0.66242,0.55874
1e-05,0.5988724,0.74492943,0.6619933,0.55904
1e-05,0.59893376,0.7442738,0.6623667,0.55874
1e-05,0.59837663,0.7445939,0.66223335,0.55998
1e-05,0.59869784,0.74413615,0.66322,0.5596
1e-05,0.59818566,0.7450043,0.66228,0.5594
1e-05,0.59832597,0.7456782,0.66264665,0.55906
1e-05,0.59921473,0.74411935,0.6626933,0.55964
1e-05,0.5980689,0.7439513,0.6630667,0.55892
1e-05,0.5979788,0.74506646,0.66286,0.55928
1e-05,0.59859633,0.7460503,0.6633,0.55904
1e-05,0.59840035,0.74510723,0.66274,0.55834
1e-05,0.59915566,0.74486154,0.66182,0.55858
1e-05,0.5991539,0.7437918,0.6615,0.55926
1e-05,0.59820837,0.74523467,0.66306,0.55982
1e-05,0.59903544,0.7440215,0.66279334,0.55912
1e-05,0.5982095,0.74578536,0.66282666,0.55796
1e-05,0.5978781,0.74471843,0.6641733,0.55852
1e-05,0.600418,0.7426163,0.66051334,0.55822
1e-05,0.59813315,0.7435863,0.6634333,0.5578
1e-05,0.5980675,0.74295115,0.6637667,0.55862
1e-05,0.59769684,0.7444403,0.66382,0.55902
1e-05,0.5982256,0.74429667,0.6629867,0.55906
1e-05,0.59923583,0.745931,0.6621,0.55882
1e-05,0.5972567,0.7450369,0.66430664,0.55886
1e-05,0.5984342,0.7453027,0.66258,0.5583
1e-05,0.5981769,0.7443469,0.66252667,0.55926
1e-05,0.5983949,0.74434555,0.66267335,0.55796
1e-05,0.59775174,0.7447552,0.66238666,0.55942
1e-05,0.5984136,0.7456002,0.6640267,0.55816
1e-05,0.59790635,0.7453269,0.66260666,0.5586
1e-05,0.59809417,0.74538004,0.66308665,0.55956
1e-05,0.59846896,0.74487466,0.66142,0.55906
1e-05,0.59754694,0.74510694,0.66498667,0.55804
1e-05,0.5973697,0.74497205,0.6636,0.55884
1e-05,0.5977506,0.7461006,0.6631067,0.55846
1e-05,0.5977104,0.74495524,0.66338664,0.55934
1e-05,0.598125,0.74540985,0.66326666,0.55854
1e-05,0.59732723,0.74606955,0.66224,0.55904
1e-05,0.59776855,0.74628323,0.66333336,0.55834
1e-05,0.59708196,0.7467074,0.66356665,0.55868
1e-05,0.5988093,0.74644476,0.66306,0.5583
1e-05,0.59778905,0.7454205,0.6624867,0.55794
1e-05,0.59773,0.7462257,0.6628133,0.55876
1e-05,0.59869194,0.74409455,0.6635067,0.55954
1e-05,0.59845483,0.7451849,0.66186,0.5589
1e-05,0.5982091,0.7451411,0.66362,0.5599
1e-05,0.59772235,0.74575794,0.66288,0.55964
1e-05,0.59821016,0.7458807,0.66315335,0.55928
1e-05,0.5980448,0.7460611,0.66290665,0.55938
1e-05,0.59845585,0.7452408,0.66294664,0.5586
1e-05,0.59798545,0.74609625,0.66246,0.55848
1e-05,0.59801114,0.7451121,0.6628133,0.5593
1e-05,0.59732056,0.7465777,0.6634333,0.55928
1e-05,0.59866303,0.7459113,0.66198665,0.5601
1e-05,0.5980999,0.74610585,0.66252667,0.55862
1e-05,0.5976258,0.745741,0.6624333,0.55926
1e-05,0.59755075,0.74646217,0.66342,0.55968
1e-05,0.5986588,0.7453203,0.6629933,0.5587
1e-05,0.59890616,0.7444478,0.66293335,0.55928
1e-05,0.5980979,0.74402076,0.66262,0.56016
1e-05,0.5981912,0.7453854,0.6628867,0.5597
1e-05,0.5977064,0.74608487,0.66322666,0.55984
1e-05,0.5976817,0.74615204,0.66288,0.55916
1e-05,0.59846556,0.7452479,0.66246,0.56018
1e-05,0.5987657,0.7436839,0.66264,0.55892
1e-05,0.5986481,0.74462456,0.66144,0.55886
1e-05,0.59795445,0.7452598,0.66323334,0.55962
1e-05,0.5976051,0.7452993,0.6623333,0.55898
1e-05,0.597675,0.7457153,0.66386664,0.55874
1e-05,0.59817064,0.74438685,0.664,0.5588
1e-05,0.5979779,0.7440368,0.663,0.55928
1e-05,0.5976299,0.7462116,0.66356,0.5597
1e-05,0.5976066,0.74503076,0.66316,0.55932
1e-05,0.5980909,0.7452332,0.66290665,0.55936
1e-05,0.59806705,0.7457359,0.66271335,0.55922
1e-05,0.5978944,0.7457286,0.66323334,0.55936
1e-05,0.5980511,0.7457916,0.6620067,0.55938
1e-05,0.59734505,0.74731964,0.6645733,0.56026
1e-05,0.5983786,0.7452156,0.66308665,0.55922
1e-05,0.59880227,0.7443469,0.6630667,0.5599
1e-05,0.5977481,0.7442872,0.66256,0.55904
1e-05,0.5973046,0.74573374,0.6644667,0.56024
1e-05,0.5979699,0.74656105,0.66328,0.5595
1e-05,0.5980348,0.74572325,0.66201335,0.5589
1e-05,0.5986295,0.7462475,0.6616,0.55922
1e-05,0.59766084,0.74571943,0.6642067,0.55904
1e-05,0.59779817,0.74708307,0.6622267,0.55908
1e-05,0.5973798,0.74601907,0.66348,0.55996
1e-05,0.5974375,0.74518055,0.6626667,0.5598
1e-05,0.5986116,0.74600947,0.66206,0.55924
1e-05,0.5978759,0.74590826,0.66197336,0.56032
1e-05,0.59838074,0.7452451,0.6630267,0.5592
1e-05,0.59828526,0.7465047,0.6617733,0.55884
1e-05,0.59722596,0.7448386,0.6646,0.55858
1e-05,0.5984427,0.7450632,0.66246665,0.55918
1e-05,0.59882843,0.74540293,0.6614533,0.55872
1e-05,0.5974712,0.74724543,0.66315335,0.55834
1e-05,0.59960794,0.7450108,0.66216,0.56048
1e-05,0.5967837,0.74455506,0.66294664,0.55966
1e-05,0.59788054,0.74573195,0.66382664,0.55982
1e-05,0.5981813,0.74549514,0.6625867,0.55932
1e-05,0.59847873,0.74457306,0.66098,0.5588
1e-05,0.59940517,0.7449786,0.66110665,0.5591
1e-05,0.5980866,0.7464321,0.6626267,0.55942
1e-05,0.59730315,0.7458886,0.6637667,0.55902
1e-05,0.598762,0.7451213,0.6622933,0.55928
1e-05,0.59811354,0.74576586,0.6638333,0.55926
1e-05,0.59804547,0.7462024,0.6619267,0.55942
1e-05,0.59872395,0.74516386,0.66168,0.55868
1e-05,0.5984113,0.744187,0.6628467,0.55916
1e-05,0.5975486,0.74469244,0.66465336,0.55856
1e-05,0.59781826,0.74558324,0.66408,0.55902
1e-05,0.59821254,0.7456855,0.66275334,0.55944
1e-05,0.5987741,0.74421376,0.66254,0.55918
1e-05,0.59745395,0.7444785,0.66263336,0.5595
1e-05,0.5980777,0.7444379,0.66266,0.56002
1e-05,0.59783417,0.7452364,0.6642733,0.55952
1e-05,0.59850466,0.7449743,0.66235334,0.559
1e-05,0.5971246,0.74695796,0.6628733,0.55942
1e-05,0.59807426,0.74672335,0.6620333,0.55872
1e-05,0.5983694,0.7452203,0.66263336,0.55802
1e-05,0.59838194,0.74551684,0.6620333,0.55876
1e-05,0.5977762,0.74698997,0.66411334,0.55906
1e-05,0.5972914,0.7457774,0.66363335,0.5589
1e-05,0.5976111,0.7460927,0.6641667,0.55784
1e-05,0.5976994,0.74698234,0.66208,0.56016
1e-05,0.59849876,0.7449274,0.6621467,0.55948
1e-05,0.5980431,0.7446626,0.6626,0.55894
1e-05,0.59824944,0.74486494,0.66307336,0.55876
1e-05,0.59855217,0.74552375,0.66249335,0.55968
1e-05,0.5984783,0.74506414,0.6634333,0.5592
1e-05,0.59756714,0.7454304,0.6626667,0.55894
1e-05,0.5975385,0.7454004,0.66392,0.55878
1e-05,0.5976577,0.7468473,0.66294664,0.55866
1e-05,0.5973483,0.7463597,0.66452,0.55862
1e-05,0.5974012,0.74751806,0.66315335,0.55898
1e-05,0.5980353,0.7455944,0.6624067,0.55886
1e-05,0.59655446,0.7483882,0.6644267,0.5593
1e-05,0.59708744,0.74647397,0.6637267,0.55896
1e-05,0.5976258,0.7459611,0.66356665,0.558
1e-05,0.5976484,0.74703705,0.6631333,0.55934
1e-05,0.5978614,0.74671495,0.66278666,0.55946
1e-05,0.59795225,0.74714184,0.6628467,0.55896
1e-05,0.5976896,0.745751,0.66296667,0.55902
1e-05,0.5978296,0.74683017,0.6623333,0.55954
1e-05,0.59765935,0.7471945,0.66352,0.55944
1e-05,0.59711885,0.7462108,0.6632867,0.5588
1e-05,0.5962372,0.7475032,0.66374,0.55862
1e-05,0.59764415,0.7456308,0.66256666,0.5592
1e-05,0.5973972,0.74646294,0.66434,0.55932
1e-05,0.59674877,0.7467088,0.66353333,0.55922
1e-05,0.59814996,0.7449378,0.6634333,0.55922
1e-05,0.5973602,0.7463616,0.6626267,0.55862
1e-05,0.5968191,0.746388,0.66451335,0.55896
1e-05,0.5976263,0.74688745,0.66319335,0.55878
1e-05,0.5976933,0.7460821,0.6629533,0.55812
1e-05,0.5974993,0.7469021,0.66307336,0.55822
1e-05,0.59755397,0.746209,0.66256666,0.56012
1e-05,0.59811884,0.74755996,0.66332,0.55954
1e-05,0.5967794,0.74638474,0.66377336,0.55884
1e-05,0.5968377,0.7466761,0.6636267,0.5582
1e-05,0.5977805,0.74832135,0.66278,0.55898
1e-05,0.5978746,0.7452158,0.6627067,0.5587
1e-05,0.5973974,0.74629015,0.66268665,0.55874
1e-05,0.59793097,0.7456164,0.66253334,0.5588
1e-05,0.59827787,0.74507535,0.6624467,0.55882
1e-05,0.59796876,0.7456544,0.6629267,0.55956
1e-05,0.598538,0.7463953,0.6629533,0.55846
1e-05,0.59815484,0.74511737,0.66304,0.55822
1e-05,0.5988883,0.7440409,0.6614867,0.55832
1e-05,0.59749204,0.7457569,0.66464,0.55908
1e-05,0.59716666,0.7467808,0.6645333,0.5589
1e-05,0.59804505,0.746156,0.66364664,0.55832
1e-05,0.5977995,0.74629945,0.6643133,0.55804
1e-05,0.5974037,0.7459405,0.66324,0.55936
1e-05,0.59782237,0.7452897,0.66307336,0.55852
1e-05,0.5979851,0.74570125,0.66376,0.55976
1e-05,0.598642,0.74521255,0.66267335,0.55892
1e-05,0.59799147,0.74493384,0.6631333,0.55922
1e-05,0.5980174,0.7455626,0.66359335,0.55818
1e-05,0.5976141,0.7456656,0.6638,0.55978
1e-05,0.5974931,0.746479,0.66338,0.55902
1e-05,0.5982375,0.7472925,0.66236,0.55926
1e-05,0.59808356,0.74602413,0.6635067,0.55876
1e-05,0.5975587,0.7473412,0.66286665,0.5577
1e-05,0.598169,0.7460989,0.6622667,0.558
1e-05,0.5975907,0.74699277,0.66264,0.55902
1e-05,0.5982805,0.7453604,0.66219336,0.55914
1e-05,0.59742886,0.7474306,0.66304666,0.55984
1e-05,0.5968253,0.7469093,0.66360664,0.55842
1e-05,0.59783167,0.7472379,0.66308,0.55824
1e-05,0.59779525,0.7475727,0.6642333,0.55882
1e-05,0.5984327,0.74601436,0.66290665,0.55864
1e-05,0.59851086,0.74697316,0.6625533,0.55964
1e-05,0.5979802,0.74682444,0.6629133,0.55912
1e-05,0.59762526,0.7463465,0.6639867,0.55816
1e-05,0.59799176,0.74627167,0.66202664,0.55824
1e-05,0.5974039,0.74721074,0.66344,0.55932
1e-05,0.5970431,0.7459563,0.66498667,0.55928
1e-05,0.59690386,0.7461038,0.66416,0.5583
1e-05,0.5983372,0.74580574,0.66235334,0.5589
1e-05,0.59844804,0.7455459,0.66274,0.55914
1e-05,0.5970237,0.74596727,0.66444665,0.55886
1e-05,0.59776294,0.7462675,0.66374665,0.55988
1e-05,0.5979295,0.7463894,0.6623,0.55928
1e-05,0.5989577,0.7454763,0.6625,0.5595
1e-05,0.5984853,0.7453986,0.6616667,0.55908
1e-05,0.5971982,0.7461871,0.66272664,0.5586
1e-05,0.59770966,0.7453747,0.6627667,0.55794
1e-05,0.5975337,0.7466381,0.66404,0.5585
1e-05,0.59803426,0.7464914,0.66264665,0.55888
1e-05,0.5975862,0.74558204,0.6630933,0.55872
1e-05,0.5966753,0.7471079,0.6641333,0.55896
1e-05,0.59750277,0.74689764,0.66322666,0.5589
1e-05,0.5972846,0.7462419,0.6617067,0.55828
1e-05,0.5978552,0.7475955,0.6636933,0.55874
1e-05,0.59605604,0.7479948,0.6636867,0.55722
1e-05,0.5976332,0.746529,0.6633133,0.55796
1e-05,0.59820646,0.7473779,0.6626667,0.5587
1e-05,0.5976757,0.74461764,0.66356,0.5584
1e-05,0.5976988,0.745852,0.6638733,0.55886
1e-05,0.5971717,0.7473314,0.66268665,0.55922
1e-05,0.597891,0.74654573,0.66366667,0.5584
1e-05,0.5978229,0.7458453,0.66307336,0.55766
1e-05,0.59752256,0.745984,0.66323334,0.55896
1e-05,0.59722906,0.7471603,0.6634333,0.55976
1e-05,0.59691983,0.74720645,0.66374,0.5586
1e-05,0.59753114,0.7467043,0.66363335,0.55888
1e-05,0.59780675,0.7466757,0.6629133,0.55876
1e-05,0.59721524,0.74590296,0.6641,0.5588
1e-05,0.59762293,0.7471123,0.66348666,0.55878
1e-05,0.5971359,0.74735796,0.66399336,0.55918
1e-05,0.596675,0.74755293,0.66389334,0.55856
1e-05,0.5970187,0.74763554,0.6637667,0.5577
1e-05,0.59751874,0.74537265,0.66257334,0.55798
1e-05,0.59764814,0.7481724,0.66327333,0.55862
1e-05,0.59723985,0.7474686,0.6635867,0.55814
1e-05,0.5980847,0.74613506,0.66338664,0.55752
1e-05,0.5976114,0.7462042,0.66112,0.55828
1e-05,0.59793854,0.7464257,0.66250664,0.55936
1e-05,0.596256,0.7474244,0.66508,0.5587
1e-05,0.5970525,0.74680895,0.66426665,0.55862
1e-05,0.59781057,0.74656034,0.66338,0.55766
1e-05,0.59692895,0.74589694,0.6644267,0.55792
1e-05,0.59794176,0.7471422,0.6629867,0.55752
1e-05,0.59745663,0.7475973,0.66326666,0.55832
1e-05,0.59688807,0.74754375,0.66415334,0.55784
1e-05,0.5970212,0.747384,0.6639133,0.55744
1e-05,0.5972096,0.7480434,0.6627,0.55842
1e-05,0.5962958,0.74673396,0.66498667,0.55696
1e-05,0.5976671,0.74781054,0.6628067,0.55852
1e-05,0.5972398,0.746827,0.66320664,0.5575
1e-05,0.5978603,0.7466419,0.66250664,0.55914
1e-05,0.5974383,0.74609923,0.66262,0.55792
1e-05,0.5977789,0.7458119,0.66220665,0.55914
1e-05,0.59731317,0.74656796,0.66426,0.55872
1e-05,0.5976213,0.7459571,0.6639,0.55828
1e-05,0.59782726,0.7468835,0.66345334,0.55942
1e-05,0.59727615,0.7451393,0.66428,0.55824
1e-05,0.5982927,0.7456687,0.6630933,0.55892
1e-05,0.596426,0.7482258,0.6645067,0.55894
1e-05,0.59768206,0.7452157,0.6637267,0.559
1e-05,0.5981483,0.7464227,0.66296667,0.55866
1e-05,0.5980057,0.7474465,0.6623,0.55908
1e-05,0.5972007,0.74668163,0.66422,0.55788
1e-05,0.5972288,0.7450995,0.6629867,0.55894
1e-05,0.59745055,0.7479437,0.6632867,0.56008
1e-05,0.59666985,0.7481643,0.66330665,0.55904
1e-05,0.5977604,0.74637616,0.66252,0.55914
1e-05,0.5974256,0.7475105,0.66371334,0.55874
1e-05,0.5977092,0.74689746,0.6628133,0.55802
1e-05,0.5968016,0.7479788,0.6633667,0.55744
1e-05,0.5970024,0.7470772,0.66301334,0.55826
1e-05,0.59715956,0.74689686,0.66307336,0.55804
1e-05,0.59701675,0.7472646,0.66465336,0.5582
1e-05,0.5971421,0.74710625,0.6629267,0.55896
1e-05,0.59777766,0.7469349,0.6626267,0.55794
1e-05,0.5973915,0.7473853,0.66356,0.55908
1e-05,0.5976148,0.7468935,0.66208667,0.55834
1e-05,0.5978523,0.7465391,0.66279334,0.55878
1e-05,0.5976347,0.7468776,0.66342664,0.559
1e-05,0.5979125,0.7466577,0.66345334,0.55838
1e-05,0.5974739,0.74603534,0.6630667,0.55876
1e-05,0.5969296,0.7457268,0.66358,0.55834
1e-05,0.5965763,0.74661344,0.66329336,0.55856
1e-05,0.59794736,0.7463242,0.66338664,0.55812
1e-05,0.5971727,0.74623513,0.66377336,0.55794
1e-05,0.59700614,0.7464397,0.66518,0.55894
1e-05,0.59779656,0.746403,0.66224664,0.5589
1e-05,0.59760565,0.74570686,0.6629867,0.55774
1e-05,0.5976859,0.7468171,0.6617467,0.55818
1e-05,0.597485,0.7467741,0.6637667,0.5583
1e-05,0.5968972,0.74652284,0.66371334,0.5577
1e-05,0.5974184,0.7465633,0.663,0.55862
1e-05,0.5973129,0.74678445,0.6636867,0.5594
1e-05,0.59771484,0.7466409,0.6626533,0.55774
1e-05,0.5974409,0.7467975,0.6637933,0.55802
1e-05,0.5968115,0.74756646,0.6642733,0.55878
1e-05,0.59676874,0.74750584,0.66344666,0.55834
1e-05,0.5961559,0.74731284,0.66463333,0.55764
1e-05,0.5978527,0.7470894,0.66378665,0.55856
1e-05,0.59697795,0.7469414,0.66348,0.55906
1e-05,0.59702915,0.747849,0.6638067,0.55894
1e-05,0.5966406,0.7470472,0.66556,0.55828
1e-05,0.59765124,0.74658406,0.66388667,0.55814
1e-05,0.5974751,0.7464813,0.66264,0.55866
1e-05,0.5972579,0.7479737,0.66326666,0.5595
1e-05,0.59707886,0.7459732,0.66340667,0.55816
1e-05,0.59650344,0.7477435,0.66498,0.55868
1e-05,0.5966272,0.7468283,0.66448665,0.5582
1e-05,0.59740114,0.7466561,0.6634733,0.55896
1e-05,0.597695,0.7465444,0.6629267,0.5593
1e-05,0.5975313,0.74626905,0.6638467,0.55904
1e-05,0.59696555,0.7481296,0.66375333,0.55934
1e-05,0.5975134,0.74637836,0.66412,0.55814
1e-05,0.5975237,0.7471972,0.663,0.558
1e-05,0.59658974,0.74687934,0.6641667,0.55746
1e-05,0.59677505,0.7470492,0.66410667,0.55802
1e-05,0.596727,0.74804014,0.6636267,0.55732
1e-05,0.59702176,0.7457699,0.6618533,0.55884
1e-05,0.5961927,0.7481454,0.66477334,0.55814
1e-05,0.59702927,0.7473845,0.66462666,0.55812
1e-05,0.59621245,0.7474911,0.6637933,0.55772
1e-05,0.5971123,0.74777424,0.66378665,0.55854
1e-05,0.5971546,0.7480047,0.6641733,0.55924
1e-05,0.59672225,0.7480633,0.66351336,0.55836
1e-05,0.5966701,0.74700415,0.66382664,0.55826
1e-05,0.59747326,0.74741596,0.66414,0.55826
1e-05,0.5972889,0.7475224,0.6634667,0.55868
1e-05,0.5971219,0.7476969,0.66506,0.5594
1e-05,0.59655553,0.74777234,0.66386,0.55886
1e-05,0.5978449,0.74587107,0.6631067,0.55892
1e-05,0.5972295,0.7479928,0.66444665,0.56008
1e-05,0.59753644,0.7477594,0.66363335,0.55882
1e-05,0.59715104,0.7476051,0.6633133,0.5593
1e-05,0.5967599,0.74861777,0.66338,0.5574
1e-05,0.5962694,0.7492562,0.66386664,0.55854
1e-05,0.5982373,0.74573463,0.66289335,0.55902
1e-05,0.596349,0.74589705,0.66366667,0.55804
1e-05,0.5967913,0.7472855,0.6654533,0.55804
1e-05,0.5967669,0.74769104,0.6639467,0.55738
1e-05,0.5979405,0.7478866,0.66209334,0.55848
1e-05,0.598214,0.74709034,0.6631733,0.55794
1e-05,0.5972152,0.74629754,0.66352,0.55762
1e-05,0.5973296,0.74656,0.6639867,0.55868
1e-05,0.59695727,0.7481187,0.66396666,0.55724
1e-05,0.59660494,0.74767554,0.6636,0.55868
1e-05,0.5970084,0.74724865,0.66301334,0.55886
1e-05,0.59709644,0.74658847,0.66304,0.5592
1e-05,0.59634805,0.7481964,0.6642,0.5587
1e-05,0.59729385,0.7463259,0.66408664,0.55854
1e-05,0.5968968,0.74723005,0.6642733,0.55796
1e-05,0.5968069,0.7465641,0.66437334,0.55876
1e-05,0.5968393,0.7467136,0.66367334,0.55874
1e-05,0.59709483,0.74788874,0.6638333,0.55896
1e-05,0.5961446,0.748563,0.66548,0.5589
1e-05,0.5969377,0.7480284,0.6631,0.55876
1e-05,0.59712523,0.747627,0.66433334,0.55848
1e-05,0.59720546,0.7456755,0.66368,0.55782
1e-05,0.5965991,0.747659,0.66506,0.55788
1e-05,0.59664255,0.7468074,0.66305333,0.55858
1e-05,0.59752053,0.7470969,0.66393334,0.55808
1e-05,0.59648013,0.7470725,0.66364,0.55894
1e-05,0.59744745,0.7472907,0.66319335,0.5581
1e-05,0.596693,0.74772257,0.66311336,0.55856
1e-05,0.5977436,0.7458483,0.66274667,0.55858
1e-05,0.59714127,0.7463623,0.6641733,0.55786
1e-05,0.59819794,0.7466482,0.66307336,0.55802
1e-05,0.5965402,0.7464374,0.6637,0.55886
1e-05,0.5964571,0.7470141,0.66394,0.5582
1e-05,0.59698385,0.7480012,0.6638467,0.55914
1e-05,0.59687585,0.7464773,0.66328,0.55798
1e-05,0.597099,0.7476359,0.66341335,0.55786
1e-05,0.59609634,0.74765384,0.66414,0.55854
1e-05,0.5965603,0.747225,0.6635733,0.55858
1e-05,0.5966718,0.748878,0.6646067,0.55906
1e-05,0.5966611,0.7483692,0.6634,0.5582
1e-05,0.59645957,0.7470697,0.66422,0.55802
1e-05,0.59693575,0.74786156,0.66384,0.55966
1e-05,0.5967154,0.7471168,0.6642333,0.55888
1e-05,0.5971711,0.7460765,0.66363335,0.5582
1e-05,0.5968073,0.7476204,0.66346,0.55836
1e-05,0.59561247,0.7490176,0.6639867,0.55874
1e-05,0.5971894,0.74863106,0.66360664,0.55846
1e-05,0.5974345,0.7465229,0.66322666,0.55816
1e-05,0.5969394,0.747758,0.66426665,0.55886
1e-05,0.5964997,0.74719924,0.66382,0.55854
1e-05,0.59685445,0.74738467,0.66388,0.559
1e-05,0.5964105,0.74780613,0.66455334,0.55834
1e-05,0.597165,0.74805284,0.66362,0.5587
1e-05,0.59632194,0.7487615,0.66386,0.55924
1e-05,0.59642226,0.74781626,0.6639467,0.55746
1e-05,0.59735,0.74859357,0.66330665,0.5588
1e-05,0.59720355,0.74801034,0.66326,0.55798
1e-05,0.59597206,0.74827766,0.66396666,0.5588
1e-05,0.5963176,0.7477248,0.6642333,0.5576
1e-05,0.5963448,0.74789435,0.66491336,0.559
1e-05,0.5954304,0.74820787,0.6654,0.55818
1e-05,0.59725344,0.7478529,0.66362,0.55812
1e-05,0.59624803,0.7487789,0.66398,0.55778
1e-05,0.59615374,0.7492636,0.66368,0.55878
1e-05,0.5969324,0.74733585,0.6646733,0.55784
1e-05,0.59696233,0.7473785,0.66418666,0.55824
1e-05,0.59636146,0.7475182,0.66411334,0.55804
1e-05,0.59737253,0.74823314,0.6636933,0.55854
1e-05,0.59738386,0.7466628,0.66286665,0.55972
1e-05,0.5958978,0.74812776,0.66509336,0.559
1e-05,0.5969167,0.7479704,0.66300666,0.55834
1e-05,0.59653085,0.7485784,0.66397333,0.55716
1e-05,0.59699947,0.7475614,0.6644267,0.55816
1e-05,0.5966029,0.7482727,0.66406,0.55812
1e-05,0.5971689,0.7476069,0.6641,0.5577
1e-05,0.59674275,0.74791175,0.66442,0.55898
1e-05,0.59605753,0.74807525,0.66488,0.55896
1e-05,0.5968663,0.7487937,0.6640533,0.55928
1e-05,0.59697515,0.7477008,0.66327333,0.5589
1e-05,0.596689,0.7487743,0.6639467,0.55876
1e-05,0.5965798,0.74839985,0.66416,0.55912
1e-05,0.59668887,0.74658996,0.66484666,0.55814
1e-05,0.5971645,0.7453131,0.66358,0.55858
1e-05,0.5962711,0.7473903,0.66601336,0.5592
1e-05,0.59615386,0.7489874,0.6639867,0.55856
1e-05,0.5956386,0.7477884,0.66532,0.55838
1e-05,0.5962022,0.7476252,0.66491336,0.55794
1e-05,0.5960395,0.7492304,0.6647,0.5584
1e-05,0.5970688,0.7482206,0.66370666,0.5591
1e-05,0.59733665,0.74844724,0.6634667,0.55812
1e-05,0.5963753,0.7491394,0.66480666,0.55922
1e-05,0.59703344,0.74743295,0.6641333,0.55886
1e-05,0.5972943,0.7461332,0.6638,0.55872
1e-05,0.5964109,0.74836427,0.6637267,0.55854
1e-05,0.5972143,0.7483913,0.66334665,0.55874
1e-05,0.59657204,0.74897224,0.6642733,0.55912
1e-05,0.5967463,0.7475797,0.66300666,0.55924
1e-05,0.5961709,0.7493205,0.6643133,0.5593
1e-05,0.5966894,0.74795204,0.66306,0.55948
1e-05,0.5976796,0.74804497,0.66370666,0.55956
1e-05,0.5969231,0.7480262,0.6635867,0.55974
1e-05,0.59580016,0.7486059,0.66472,0.55952
1e-05,0.596712,0.7495974,0.66338,0.55864
1e-05,0.597165,0.7472638,0.66352665,0.55866
1e-05,0.5960649,0.7480829,0.66565335,0.55786
1e-05,0.59587693,0.74758244,0.66381335,0.5578
1e-05,0.59781444,0.74799716,0.66296667,0.559
1e-05,0.5965654,0.7467927,0.66338664,0.55734
1e-05,0.5962826,0.74708605,0.66338664,0.5585
1e-05,0.597288,0.74690866,0.66462666,0.55884
1e-05,0.59618396,0.7496181,0.6644267,0.55854
1e-05,0.5963774,0.747647,0.66481334,0.55878
1e-05,0.5965794,0.7485776,0.6642,0.55808
1e-05,0.5973039,0.7468144,0.66463333,0.55806
1e-05,0.5958061,0.7492978,0.66440666,0.55904
1e-05,0.59634954,0.7477085,0.66326666,0.5595
1e-05,0.5973429,0.74670815,0.66402,0.55892
1e-05,0.59626424,0.7486863,0.66312665,0.55902
1e-05,0.5968986,0.7476209,0.66364,0.55838
1e-05,0.5970043,0.7470442,0.6643133,0.55838
1e-05,0.59701127,0.747698,0.66403335,0.55928
1e-05,0.59765714,0.7461537,0.66452664,0.5587
1e-05,0.5968929,0.7481759,0.66433334,0.5588
1e-05,0.59672356,0.7484773,0.66529334,0.55824
1e-05,0.5964091,0.74808836,0.66507334,0.55866
1e-05,0.5967169,0.7478817,0.66362,0.55922
1e-05,0.5962799,0.74754894,0.66375333,0.5589
1e-05,0.5970178,0.74713093,0.66433334,0.5596
1e-05,0.59609777,0.7483126,0.66547334,0.55826
1e-05,0.5963281,0.7481747,0.6639867,0.55908
1e-05,0.59586656,0.74847865,0.66466665,0.55866
1e-05,0.596816,0.74876416,0.66416,0.55954
1e-05,0.59661317,0.7470819,0.6644267,0.55908
1e-05,0.5968226,0.7473964,0.66353333,0.55892
1e-05,0.5962408,0.74915224,0.66476,0.55918
1e-05,0.5961993,0.74853814,0.66412,0.55798
1e-05,0.5963155,0.7490139,0.66448665,0.5581
1e-05,0.5966276,0.7485184,0.66432,0.55804
1e-05,0.59694093,0.74697244,0.66377336,0.55778
1e-05,0.59588337,0.74853444,0.66363335,0.5583
1e-05,0.5962707,0.7485554,0.66426665,0.55964
1e-05,0.59590435,0.74910486,0.6653,0.55914
1e-05,0.59658265,0.746961,0.66484,0.55794
1e-05,0.59628415,0.7488653,0.6646467,0.5591
1e-05,0.59626013,0.7482729,0.6647,0.55784
1e-05,0.5963755,0.7481111,0.66440666,0.55808
1e-05,0.5968045,0.7489279,0.6628067,0.55844
1e-05,0.596244,0.7479908,0.66414,0.55872
1e-05,0.5968204,0.7475414,0.6644533,0.55834
1e-05,0.59690994,0.7479523,0.66300666,0.55876
1e-05,0.5964588,0.7480508,0.66384,0.55908
1e-05,0.59683704,0.748002,0.6644267,0.55906
1e-05,0.59584767,0.74891776,0.66536,0.55914
1e-05,0.59652406,0.7479819,0.66438,0.55914
1e-05,0.5967845,0.7479277,0.66367334,0.55974
1e-05,0.5955896,0.74825746,0.66415334,0.5599
1e-05,0.59603655,0.7489245,0.66499335,0.55888
1e-05,0.59601545,0.7490086,0.66476,0.55898
1e-05,0.5954022,0.7485591,0.6651933,0.55836
1e-05,0.59638864,0.7486859,0.66436666,0.55944
1e-05,0.59585536,0.7490875,0.6645067,0.5583
1e-05,0.5960451,0.749064,0.6643533,0.55838
1e-05,0.59592515,0.7489406,0.66470665,0.55872
1e-05,0.59642625,0.7486157,0.6648267,0.55868
1e-05,0.5962897,0.74938476,0.66536,0.55836
1e-05,0.5960242,0.74905646,0.66458,0.5593
1e-05,0.5969295,0.7480639,0.66404665,0.55958
1e-05,0.5965424,0.7472826,0.6652333,0.55908
1e-05,0.5962491,0.7490758,0.66436,0.5581
1e-05,0.59641117,0.7481623,0.66396,0.55926
1e-05,0.5971966,0.74756265,0.66338,0.55836
1e-05,0.59779847,0.7473654,0.66294664,0.55942
1e-05,0.59627837,0.7470113,0.66426,0.55864
1e-05,0.59670424,0.74738324,0.66476,0.5592
1e-05,0.59579915,0.7477151,0.6650867,0.55948
1e-05,0.59668505,0.7481794,0.6635733,0.55808
1e-05,0.5959244,0.7490156,0.6644,0.55886
1e-05,0.59659576,0.74838966,0.66384,0.55848
1e-05,0.5956457,0.7486535,0.6649067,0.55848
1e-05,0.59628236,0.7482134,0.66392,0.55832
1e-05,0.595913,0.74934095,0.66381335,0.55888
1e-05,0.59742516,0.74827343,0.6639133,0.55884
1e-05,0.5969724,0.7479204,0.6642333,0.55898
1e-05,0.5963839,0.74926084,0.6640133,0.55918
1e-05,0.5961031,0.74849534,0.66462,0.55864
1e-05,0.5958074,0.74854904,0.6645,0.55812
1e-05,0.59681076,0.7483904,0.66521335,0.55804
1e-05,0.59639025,0.7477557,0.66481334,0.55898
1e-05,0.596467,0.7479522,0.66566,0.5584
1e-05,0.5966349,0.74758536,0.66426665,0.55784
1e-05,0.5961335,0.7480656,0.6640533,0.55856
1e-05,0.5964426,0.74913573,0.66337335,0.5594
1e-05,0.5961096,0.7485049,0.66484,0.55904
1e-05,0.59646547,0.74718356,0.66440666,0.55768
1e-05,0.59633505,0.74875396,0.6655267,0.55872
1e-05,0.59515035,0.7487032,0.66645336,0.5581
1e-05,0.5969239,0.74742335,0.6644267,0.55946
1e-05,0.5962336,0.7494097,0.6643133,0.55936
1e-05,0.5963379,0.749172,0.66377336,0.55858
1e-05,0.5963912,0.74905014,0.66415334,0.55934
1e-05,0.59632784,0.7481737,0.66426,0.55818
1e-05,0.59615767,0.74881166,0.66408664,0.55868
1e-05,0.59722143,0.7474517,0.66332,0.55896
1e-05,0.59748906,0.7463642,0.66366667,0.55852
1e-05,0.5960513,0.74789554,0.66360664,0.5584
1e-05,0.5951336,0.7497759,0.66636,0.55892
1e-05,0.5955608,0.7493609,0.6645733,0.5583
1e-05,0.59615177,0.74894196,0.6646,0.5583
1e-05,0.59637403,0.74839014,0.66399336,0.55914
1e-05,0.59595966,0.7486308,0.6643467,0.55838
1e-05,0.59650296,0.7491421,0.66535336,0.55878
1e-05,0.5958973,0.7492859,0.66415334,0.55752
1e-05,0.5959657,0.7481386,0.66456,0.55874
1e-05,0.5962571,0.7480161,0.66404665,0.55882
1e-05,0.5972396,0.74809843,0.66274667,0.55922
1e-05,0.59650564,0.7480573,0.6653067,0.55912
1e-05,0.5968553,0.7469135,0.66404,0.55906
1e-05,0.59614843,0.7489026,0.6649333,0.55906
1e-05,0.5961582,0.749082,0.6642867,0.5584
1e-05,0.59519666,0.7493219,0.6655333,0.5597
1e-05,0.5964345,0.7488917,0.6639133,0.5585
1e-05,0.59560305,0.74925774,0.6657533,0.55894
1e-05,0.59614533,0.7494991,0.6637267,0.55882
1e-05,0.5964227,0.74803317,0.66555333,0.55848
1e-05,0.5962733,0.74894816,0.66484,0.55826
1e-05,0.596032,0.7496757,0.66477334,0.55852
1e-05,0.59608924,0.7492184,0.6648333,0.55844
1e-05,0.59548146,0.748614,0.66577333,0.55902
1e-05,0.59527487,0.7490131,0.6654,0.55866
1e-05,0.59584963,0.74734885,0.66552,0.5584
1e-05,0.59729975,0.74770385,0.66351336,0.55896
1e-05,0.5958516,0.7488561,0.66528666,0.5585
1e-05,0.595728,0.74806577,0.66448,0.55974
1e-05,0.59608144,0.74729407,0.66452664,0.55836
1e-05,0.596855,0.74765664,0.6637933,0.55796
1e-05,0.5964267,0.7487606,0.66532665,0.55866
1e-05,0.59646136,0.7486357,0.66507334,0.5585
1e-05,0.5958803,0.74898607,0.66512,0.55918
1e-05,0.59553933,0.74972045,0.6654533,0.55838
1e-05,0.59588015,0.7492576,0.6651933,0.55824
1e-05,0.59622514,0.7484005,0.6648667,0.55782
1e-05,0.59562683,0.7501897,0.6642333,0.55864
1e-05,0.59614044,0.7477773,0.66424,0.5591
1e-05,0.5970343,0.747809,0.6641267,0.55842
1e-05,0.5957315,0.74949205,0.66594,0.55916
1e-05,0.59638005,0.74850523,0.6651533,0.55828
1e-05,0.5960801,0.7497064,0.66426,0.55804
1e-05,0.59619397,0.74900424,0.66486,0.55762
1e-05,0.5961807,0.7488592,0.66496664,0.55814
1e-05,0.59614736,0.74891627,0.66658,0.55884
1e-05,0.596152,0.7482646,0.66495335,0.55842
1e-05,0.5970842,0.7486812,0.66382664,0.5591
1e-05,0.5957712,0.7495629,0.6652667,0.55842
1e-05,0.5957438,0.7479434,0.66463333,0.55902
1e-05,0.59642696,0.7479428,0.6629133,0.55878
1e-05,0.59606844,0.7496177,0.66468,0.5583
1e-05,0.59616315,0.7501688,0.66522,0.55776
1e-05,0.5963571,0.7482548,0.66356,0.55752
1e-05,0.5954596,0.7504211,0.66426665,0.5582
1e-05,0.59617454,0.74858934,0.66486,0.5587
1e-05,0.59680104,0.74828565,0.66452,0.55812
1e-05,0.5963567,0.7477093,0.6656067,0.55732
1e-05,0.59705037,0.74854404,0.66408,0.55828
1e-05,0.5957142,0.7494006,0.66416,0.55796
1e-05,0.59637004,0.7477352,0.66421336,0.55856
1e-05,0.59620184,0.7489232,0.66500664,0.55818
1e-05,0.5965122,0.7489899,0.66451335,0.55878
1e-05,0.5956679,0.74954563,0.66448,0.5589
1e-05,0.5963583,0.7492252,0.66329336,0.55864
1e-05,0.5962853,0.7490116,0.66474,0.55858
1e-05,0.5952184,0.7490913,0.66415334,0.55812
1e-05,0.5962433,0.74942815,0.6647933,0.55894
1e-05,0.59631157,0.748684,0.66499335,0.55958
1e-05,0.5960809,0.748322,0.66477334,0.55876
1e-05,0.5957794,0.7487721,0.66524,0.55834
1e-05,0.5966953,0.7477369,0.66384,0.55954
1e-05,0.59598124,0.7478837,0.66399336,0.55882
1e-05,0.59705925,0.7484938,0.66336,0.55774
1e-05,0.59637064,0.7484979,0.66436666,0.55774
1e-05,0.5953894,0.74962413,0.66566,0.55892
1e-05,0.5960098,0.7496095,0.66476,0.55854
1e-05,0.5964409,0.747672,0.66470665,0.55824
1e-05,0.59529394,0.7483506,0.6650533,0.55764
1e-05,0.5965365,0.74753404,0.66329336,0.55778
1e-05,0.5961747,0.74947524,0.66426,0.55934
1e-05,0.5958367,0.74843496,0.6648267,0.55834
1e-05,0.5953932,0.74913836,0.6653067,0.55894
1e-05,0.59470826,0.7489918,0.665,0.55852
1e-05,0.59495836,0.74940616,0.6653,0.55896
1e-05,0.59569824,0.74984366,0.66643333,0.5582
1e-05,0.595939,0.7493849,0.66426,0.55824
1e-05,0.59692293,0.74755776,0.6632467,0.55924
1e-05,0.5961759,0.74849766,0.6643,0.5584
1e-05,0.595558,0.7488923,0.66478,0.55856
1e-05,0.59574634,0.7493049,0.6649067,0.559
1e-05,0.59602225,0.7508535,0.66614,0.55848
1e-05,0.59663826,0.74965703,0.66346,0.55924
1e-05,0.59581393,0.7483757,0.6649333,0.55806
1e-05,0.5957496,0.7493522,0.66592,0.55904
1e-05,0.5957099,0.7497204,0.66506,0.55836
1e-05,0.59645385,0.7482806,0.66340667,0.55832
1e-05,0.5965372,0.748829,0.6643933,0.55842
1e-05,0.59610873,0.7484322,0.66407335,0.55834
1e-05,0.59700644,0.7487076,0.66256,0.5595
1e-05,0.5964379,0.7479347,0.66442,0.55912
1e-05,0.59594816,0.74875367,0.6643533,0.55966
1e-05,0.5949271,0.74985445,0.66498667,0.559
1e-05,0.59560764,0.7489302,0.6651933,0.5569
1e-05,0.5958915,0.7487574,0.66486,0.5589
1e-05,0.5966969,0.7466589,0.66329336,0.5592
1e-05,0.5958709,0.74972916,0.66470665,0.55882
1e-05,0.5955227,0.748992,0.6644267,0.559
1e-05,0.59720755,0.74684846,0.66366,0.55836
1e-05,0.59639454,0.7488487,0.6642333,0.55892
1e-05,0.59695345,0.7483643,0.66385335,0.55956
1e-05,0.595909,0.7475468,0.6650533,0.55924
1e-05,0.59628856,0.7489673,0.66382664,0.5599
1e-05,0.5960643,0.74907863,0.66474,0.55914
1e-05,0.596335,0.74945307,0.6641333,0.55764
1e-05,0.59533054,0.7485352,0.66496,0.5597
1e-05,0.5956228,0.74844843,0.66470665,0.55894
1e-05,0.5966449,0.7498498,0.66425335,0.55908
1e-05,0.59512806,0.7484481,0.66583335,0.55756
1e-05,0.59568185,0.74996054,0.66454,0.55822
1e-05,0.59509635,0.7490038,0.66532,0.55898
1e-05,0.59510374,0.7502026,0.66488,0.55866
1e-05,0.59536105,0.7493427,0.66576,0.55874
1e-05,0.5962516,0.7495572,0.66462666,0.5583
1e-05,0.59523976,0.74997926,0.66566664,0.55848
1e-05,0.5958037,0.7497548,0.66476667,0.55892
1e-05,0.59577626,0.7481414,0.66533333,0.5581
1e-05,0.5959464,0.7483982,0.6638067,0.55804
1e-05,0.5963543,0.7481832,0.66500664,0.55834
1e-05,0.595909,0.74955225,0.6640533,0.55878
1e-05,0.5951445,0.74901044,0.6641267,0.55808
1e-05,0.5968357,0.74893486,0.66298,0.55884
1e-05,0.5956667,0.7490399,0.6651933,0.5583
1e-05,0.5959862,0.75028527,0.66468,0.5589
1e-05,0.59472746,0.74844575,0.6660333,0.55808
1e-05,0.5959956,0.74884313,0.66522664,0.55804
1e-05,0.59510136,0.74975127,0.66485333,0.55798
1e-05,0.59510267,0.7494678,0.66618,0.559
1e-05,0.59631985,0.7488596,0.6640533,0.55886
1e-05,0.5952523,0.75068414,0.665,0.55916
1e-05,0.5957162,0.7503867,0.6646733,0.55838
1e-05,0.59607214,0.74847215,0.66499335,0.55858
1e-05,0.59503,0.7507699,0.66552,0.55818
1e-05,0.5968646,0.7488906,0.66466,0.5585
1e-05,0.5958274,0.74998623,0.6637,0.5578
1e-05,0.5956751,0.7484994,0.66484,0.55818
1e-05,0.5956464,0.7484417,0.66444,0.5587
1e-05,0.5950849,0.75079274,0.6671867,0.55804
1e-05,0.5955725,0.74842775,0.66577333,0.55798
1e-05,0.59584415,0.7494724,0.66432667,0.55824
1e-05,0.5958497,0.7494645,0.66588664,0.55946
1e-05,0.5955464,0.75027883,0.6651267,0.55876
1e-05,0.59526014,0.74954414,0.6653867,0.558
1e-05,0.59575343,0.7496839,0.66463333,0.55862
1e-05,0.59564763,0.7497027,0.66521335,0.55762
1e-05,0.5960959,0.74992067,0.6644667,0.55842
1e-05,0.59560305,0.75010145,0.66632664,0.5586
1e-05,0.59556246,0.7494291,0.66500664,0.55804
1e-05,0.595786,0.74989355,0.66594666,0.5567
1e-05,0.59429204,0.74884856,0.6655,0.5579
1e-05,0.5967941,0.7492301,0.6645067,0.55746
1e-05,0.59568346,0.74967974,0.66587335,0.55834
1e-05,0.59534,0.75048995,0.66400665,0.55734
1e-05,0.59627867,0.7493189,0.6634733,0.55878
1e-05,0.59614706,0.7489371,0.665,0.55786
1e-05,0.5964172,0.74916923,0.66437334,0.55888
1e-05,0.5960133,0.7483772,0.66418666,0.55864
1e-05,0.59508634,0.7497749,0.6654267,0.5581
1e-05,0.59551406,0.7499126,0.6647867,0.5581
1e-05,0.59577745,0.74960417,0.66496,0.55844
1e-05,0.5960907,0.7487461,0.6639133,0.55896
1e-05,0.5959628,0.74941,0.6641733,0.55836
1e-05,0.59534395,0.7490411,0.66574,0.55812
1e-05,0.5958216,0.74864715,0.66414666,0.5582
1e-05,0.5961304,0.75054187,0.66408,0.55788
1e-05,0.59548473,0.7506502,0.66472,0.55788
1e-05,0.59485215,0.7499244,0.66564,0.55776
1e-05,0.59610856,0.749003,0.66372,0.55742
1e-05,0.5960517,0.74944735,0.66494,0.55844
1e-05,0.5953437,0.75044554,0.66403335,0.55866
1e-05,0.5960495,0.7495372,0.66433334,0.55822
1e-05,0.5951769,0.75053155,0.66554666,0.55938
1e-05,0.59527886,0.74921244,0.66543335,0.55878
1e-05,0.59509695,0.7503391,0.6643933,0.5585
1e-05,0.59628195,0.74873924,0.66372,0.55848
1e-05,0.5953196,0.7492131,0.66418,0.55816
1e-05,0.59486353,0.7496954,0.6648267,0.55824
1e-05,0.5953707,0.75169003,0.66566664,0.55948
1e-05,0.59590125,0.74937373,0.66462,0.55826
1e-05,0.59546113,0.7498616,0.66482,0.55834
1e-05,0.59507835,0.7520497,0.66614,0.55816
1e-05,0.59629166,0.7500764,0.6644,0.559
1e-05,0.5956256,0.7507686,0.66595334,0.55876
1e-05,0.59548026,0.75054497,0.6643,0.55894
1e-05,0.59566456,0.7487058,0.66613334,0.55784
1e-05,0.595824,0.74991924,0.66500664,0.5594
1e-05,0.5953918,0.75028664,0.66624665,0.5583
1e-05,0.5954809,0.7499379,0.66531336,0.55736
1e-05,0.5959434,0.7492269,0.66491336,0.55766
1e-05,0.5960906,0.7490288,0.66374665,0.55744
1e-05,0.59549975,0.74969864,0.66595334,0.55772
1e-05,0.5954989,0.7509638,0.6644933,0.5583
1e-05,0.5968205,0.74927545,0.66416,0.55832
1e-05,0.5959728,0.74934876,0.6652667,0.55898
1e-05,0.5951467,0.74961895,0.66424,0.5583
1e-05,0.59595686,0.74896353,0.6654933,0.5588
1e-05,0.59502,0.7503802,0.6656467,0.55878
1e-05,0.5955211,0.74918044,0.66526,0.55866
1e-05,0.5950076,0.7518638,0.66510665,0.55826
1e-05,0.59603673,0.7495738,0.66416,0.5581
1e-05,0.59501433,0.7515871,0.66538,0.55846
1e-05,0.5963172,0.74972755,0.6647,0.55908
1e-05,0.5960167,0.74971867,0.66348666,0.55836
1e-05,0.5958933,0.75039136,0.66548,0.5589
1e-05,0.5954974,0.74938065,0.66514,0.5582
1e-05,0.5951363,0.7509187,0.66532,0.55734
1e-05,0.5964955,0.7490994,0.6637667,0.55794
1e-05,0.59533995,0.75061405,0.66433334,0.5585
1e-05,0.59594464,0.7515604,0.66509336,0.55828
1e-05,0.59519106,0.7503369,0.66512,0.55824
1e-05,0.5957204,0.751226,0.66573334,0.5586
1e-05,0.5943889,0.7505781,0.66621333,0.5582
1e-05,0.5950797,0.75115126,0.66496664,0.55954
1e-05,0.5949903,0.75129247,0.66418,0.5582
1e-05,0.59535545,0.7506665,0.66509336,0.55794
1e-05,0.59469265,0.7492033,0.66635334,0.5585
1e-05,0.5954283,0.749466,0.6658667,0.55828
1e-05,0.59620357,0.7507126,0.6649467,0.55872
1e-05,0.59459347,0.75001687,0.6659,0.55802
1e-05,0.59473056,0.74970675,0.66518,0.55774
1e-05,0.59546936,0.7495367,0.66499335,0.55804
1e-05,0.59521085,0.74914575,0.66579336,0.55804
1e-05,0.59447217,0.7501373,0.66669333,0.55822
1e-05,0.59526694,0.75043565,0.66441333,0.55888
1e-05,0.5957586,0.7490629,0.6649467,0.55882
1e-05,0.5953576,0.74904776,0.66572,0.55788
1e-05,0.5954049,0.75074446,0.6657533,0.5587
1e-05,0.5952027,0.7521574,0.66582,0.55838
1e-05,0.5956658,0.7494017,0.66518,0.55862
1e-05,0.59536874,0.751762,0.6650467,0.55776
1e-05,0.5962855,0.7493371,0.66524667,0.55822
1e-05,0.5950434,0.7505195,0.66643333,0.55818
1e-05,0.5947941,0.75184697,0.66621333,0.5591
1e-05,0.5956195,0.75055313,0.66446,0.55734
1e-05,0.59526616,0.7509855,0.66438,0.55872
1e-05,0.59478766,0.75069284,0.66556,0.55782
1e-05,0.59571546,0.7496964,0.6649467,0.55838
1e-05,0.5948306,0.7518476,0.66573334,0.5576
1e-05,0.59502244,0.7502832,0.6650533,0.55926
1e-05,0.5948537,0.7490953,0.66547334,0.55828
1e-05,0.5952732,0.75073826,0.66477334,0.5584
1e-05,0.5954969,0.7509302,0.66535336,0.5581
1e-05,0.59469545,0.7501605,0.6676667,0.55848
1e-05,0.5940388,0.752429,0.66652,0.55838
1e-05,0.5956872,0.75000155,0.66495335,0.55842
1e-05,0.59468526,0.7496316,0.6657133,0.5583
1e-05,0.5942904,0.7517566,0.66617334,0.55746
1e-05,0.5963017,0.7498072,0.66386664,0.55854
1e-05,0.5956711,0.7498047,0.66470665,0.55886
1e-05,0.59634024,0.74957556,0.6647933,0.5578
1e-05,0.59522754,0.7494291,0.66634667,0.55826
1e-05,0.59491247,0.75094336,0.66542,0.55936
1e-05,0.59429955,0.75137836,0.66510665,0.55808
1e-05,0.59534144,0.7513267,0.66496,0.55942
1e-05,0.5954117,0.75009316,0.6650133,0.55794
1e-05,0.5944228,0.7509246,0.66686,0.55894
1e-05,0.5946996,0.7508622,0.66584,0.55888
1e-05,0.596111,0.7502483,0.66538,0.55836
1e-05,0.5960963,0.74991906,0.66434,0.55878
1e-05,0.595728,0.7506997,0.6645,0.55852
1e-05,0.59532434,0.7506122,0.66474664,0.559
1e-05,0.5946983,0.7510907,0.66503334,0.55854
1e-05,0.5954347,0.7503906,0.6645733,0.55904
1e-05,0.59564465,0.7496837,0.6657,0.55852
1e-05,0.5950331,0.74980193,0.6657,0.55868
1e-05,0.59519905,0.75034523,0.66554666,0.55854
1e-05,0.595972,0.7488325,0.66382664,0.55856
1e-05,0.5948088,0.7507184,0.66616,0.55878
1e-05,0.5947035,0.75009596,0.6658933,0.55762
1e-05,0.5954193,0.75023,0.66534,0.55834
1e-05,0.5942333,0.75160414,0.6659267,0.55814
1e-05,0.59540606,0.75051177,0.66562,0.5583
1e-05,0.59551245,0.7502856,0.66459334,0.55828
1e-05,0.59391004,0.7500498,0.66632664,0.5581
1e-05,0.5940908,0.7516514,0.6653867,0.5592
1e-05,0.5953107,0.75167954,0.66546,0.55866
1e-05,0.59472275,0.75095385,0.66542,0.55768
1e-05,0.5962752,0.748776,0.6647867,0.5588
1e-05,0.59489965,0.75142807,0.6649067,0.55834
1e-05,0.59597886,0.75091505,0.6649,0.5577
1e-05,0.59480804,0.7511862,0.6654267,0.55782
1e-05,0.59512836,0.749934,0.66654664,0.55782
1e-05,0.5956527,0.75039834,0.66514665,0.5574
1e-05,0.5950986,0.7504857,0.66550666,0.55832
1e-05,0.5957915,0.7494248,0.6647533,0.55896
1e-05,0.5946899,0.7497226,0.66708,0.55848
1e-05,0.59465843,0.7508957,0.66532,0.55778
1e-05,0.5950379,0.749963,0.6650533,0.5578
1e-05,0.59546405,0.7508249,0.66448665,0.55828
1e-05,0.5955974,0.7511484,0.66430664,0.5595
1e-05,0.59549415,0.74935275,0.66568667,0.55876
1e-05,0.5946413,0.75120217,0.66554666,0.55794
1e-05,0.59455705,0.7500411,0.6668133,0.55792
1e-05,0.59518397,0.7506146,0.6652067,0.55886
1e-05,0.5954249,0.7508972,0.6651667,0.55828
1e-05,0.5950712,0.7501512,0.6652,0.55836
1e-05,0.59513193,0.7505595,0.66513336,0.55886
1e-05,0.5951641,0.7508579,0.66551334,0.55826
1e-05,0.59424156,0.75086,0.66531336,0.55842
1e-05,0.5947104,0.7515948,0.66502,0.55768
1e-05,0.5951404,0.74958754,0.66634,0.55768
1e-05,0.5943901,0.75127685,0.66658664,0.55786
1e-05,0.59496987,0.7513806,0.66528666,0.55804
1e-05,0.59482414,0.7517443,0.6661133,0.55756
1e-05,0.5956612,0.7508907,0.66476,0.55828
1e-05,0.5953142,0.74958056,0.66566664,0.55852
1e-05,0.5946716,0.7512952,0.6655933,0.5584
1e-05,0.59489006,0.7509316,0.66458666,0.55806
1e-05,0.5952008,0.75076854,0.6649733,0.55848
1e-05,0.5951878,0.7493995,0.66535336,0.55794
1e-05,0.5962896,0.75057954,0.66396666,0.55832
1e-05,0.594924,0.74926907,0.6663667,0.55746
1e-05,0.59522486,0.7506743,0.6653867,0.55738
1e-05,0.5953274,0.7497139,0.66508,0.55752
1e-05,0.5950016,0.750117,0.66599333,0.55744
1e-05,0.59463686,0.75064695,0.66621333,0.55826
1e-05,0.5959162,0.75077295,0.66448665,0.5579
1e-05,0.59578013,0.7512736,0.66463333,0.55766
1e-05,0.59491706,0.7510794,0.66628665,0.55784
1e-05,0.59513086,0.75037825,0.66518664,0.55728
1e-05,0.5949964,0.7512196,0.6648667,0.55778
1e-05,0.59484094,0.7501894,0.66551334,0.55832
1e-05,0.59527713,0.75039345,0.6651267,0.55804
1e-05,0.5949701,0.75136536,0.66601336,0.557
1e-05,0.5949398,0.7510333,0.66569334,0.55786
1e-05,0.59492564,0.75176316,0.6649,0.55814
1e-05,0.59473646,0.7509393,0.66524667,0.5581
1e-05,0.594043,0.7513755,0.66521335,0.55758
1e-05,0.5945783,0.75245035,0.6659333,0.55736
1e-05,0.5952611,0.7521634,0.6643533,0.5585
1e-05,0.5949647,0.7509872,0.66502,0.55856
1e-05,0.59497404,0.7502018,0.6658,0.55864
1e-05,0.5942734,0.75027806,0.6668867,0.5579
1e-05,0.5958108,0.751245,0.66539335,0.5589
1e-05,0.5958556,0.74989283,0.6661867,0.5582
1e-05,0.594689,0.7500328,0.6659333,0.5583
1e-05,0.5958404,0.7502006,0.6657,0.55866
1e-05,0.5952633,0.7512358,0.6650467,0.55776
1e-05,0.59500897,0.7481549,0.66596,0.55732
1e-05,0.5945418,0.7504566,0.66612,0.5567
1e-05,0.59515315,0.75079393,0.6665133,0.55752
1e-05,0.59487146,0.751793,0.6658667,0.55758
1e-05,0.5950036,0.7525737,0.6658933,0.55698
1e-05,0.59462374,0.75143707,0.6655,0.55776
1e-05,0.59534657,0.7518446,0.66595334,0.55822
1e-05,0.5947675,0.75140214,0.6665133,0.5583
1e-05,0.59489596,0.75109017,0.66478,0.55766
1e-05,0.59521604,0.75073045,0.66580665,0.55878
1e-05,0.5950601,0.75074357,0.6641667,0.55746
1e-05,0.5946322,0.7517722,0.6660067,0.55846
1e-05,0.5943977,0.7507802,0.6667,0.55744
1e-05,0.5956028,0.75119275,0.66437334,0.55864
1e-05,0.59457475,0.7517912,0.66656,0.55748
1e-05,0.5947373,0.75119066,0.6656067,0.55824
1e-05,0.5949664,0.751844,0.6671067,0.55802
1e-05,0.5948376,0.7497698,0.66709334,0.55776
1e-05,0.5956377,0.7499802,0.6643,0.55896
1e-05,0.59461576,0.7509126,0.6654,0.55842
1e-05,0.5950957,0.75180805,0.66487336,0.55804
1e-05,0.5949749,0.7507697,0.66624665,0.55772
1e-05,0.5943702,0.7524146,0.66665334,0.55818
1e-05,0.5955552,0.7500431,0.66639334,0.5578
1e-05,0.5945313,0.75177443,0.6657467,0.55764
1e-05,0.59537697,0.75102925,0.6647867,0.55792
1e-05,0.5943482,0.75223225,0.66668665,0.55772
1e-05,0.5936131,0.75128114,0.66627336,0.55836
1e-05,0.5948065,0.7504386,0.66613334,0.5583
1e-05,0.59384364,0.7517218,0.66591334,0.55762
1e-05,0.59581083,0.7506255,0.66469336,0.55944
1e-05,0.5949311,0.7506358,0.66568,0.55762
1e-05,0.5956267,0.75136137,0.6657,0.55808
1e-05,0.594842,0.75175583,0.6662933,0.55832
1e-05,0.5948662,0.75042063,0.6664733,0.5581
1e-05,0.5947897,0.75024307,0.66568667,0.5575
1e-05,0.5956078,0.7509896,0.66408664,0.55786
1e-05,0.5950365,0.7498593,0.66628,0.5583
1e-05,0.59510803,0.74889094,0.66614,0.5585
1e-05,0.59423894,0.75144815,0.6658667,0.55892
1e-05,0.59532624,0.7520768,0.66598,0.55798
1e-05,0.595087,0.75092125,0.6658533,0.55818
1e-05,0.5960563,0.7495119,0.66352,0.55886
1e-05,0.5940935,0.75078195,0.6660733,0.55874
1e-05,0.5946878,0.7501108,0.66558665,0.55916
1e-05,0.5956116,0.7508955,0.66438,0.55846
1e-05,0.5951721,0.75150913,0.66534,0.5587
1e-05,0.5942264,0.7511532,0.66540664,0.55806
1e-05,0.59418887,0.75159067,0.6651933,0.55864
1e-05,0.5950848,0.7507822,0.66476667,0.55772
1e-05,0.59512246,0.7510816,0.66474664,0.55816
1e-05,0.59528506,0.750536,0.6650467,0.55852
1e-05,0.59474677,0.75193715,0.6657867,0.5583
1e-05,0.5943413,0.7501715,0.66628,0.55772
1e-05,0.5948629,0.7523462,0.66601336,0.5586
1e-05,0.59429014,0.75150603,0.66591334,0.55834
1e-05,0.5949617,0.7505098,0.66498,0.55822
1e-05,0.5948723,0.75175095,0.6662533,0.55828
1e-05,0.59421897,0.7518714,0.66671336,0.5578
1e-05,0.5948617,0.7527117,0.6664733,0.55792
1e-05,0.5950326,0.75238967,0.66546,0.55856
1e-05,0.5948234,0.75166076,0.6656467,0.55768
1e-05,0.5945139,0.75176954,0.6661533,0.55794
1e-05,0.5945983,0.75260675,0.6661533,0.55732
1e-05,0.5947973,0.7523675,0.66624,0.55772
1e-05,0.5948516,0.7527287,0.66604,0.55856
1e-05,0.59470713,0.75202024,0.66746664,0.55884
1e-05,0.5943255,0.7523883,0.66598666,0.5572
1e-05,0.5947508,0.75181,0.66531336,0.55776
1e-05,0.594261,0.7514391,0.6664467,0.55772
1e-05,0.5952803,0.7508995,0.66531336,0.55672
1e-05,0.59364206,0.7523152,0.66564,0.55818
1e-05,0.5941917,0.75245905,0.66638666,0.55894
1e-05,0.59456027,0.7515558,0.66524,0.55728
1e-05,0.5943363,0.75253826,0.66465336,0.55792
1e-05,0.5941559,0.7514212,0.6663,0.55786
1e-05,0.59387577,0.7520969,0.6660333,0.55706
1e-05,0.59467965,0.7511885,0.6656467,0.55844
1e-05,0.5936057,0.75265634,0.66687334,0.55874
1e-05,0.5946003,0.75080603,0.6664133,0.55764
1e-05,0.5940413,0.75026286,0.667,0.55734
1e-05,0.59446687,0.7517581,0.66576666,0.55772
1e-05,0.59409857,0.7517309,0.6665,0.5578
1e-05,0.59435815,0.7514633,0.66676664,0.55894
1e-05,0.5943157,0.7527356,0.66628,0.55916
1e-05,0.59528613,0.75086313,0.66564,0.55826
1e-05,0.5945979,0.7505597,0.6660867,0.5576
1e-05,0.5941138,0.7519272,0.66620666,0.55746
1e-05,0.59401643,0.75196266,0.6656,0.5573
1e-05,0.5948937,0.75205374,0.6653733,0.55868
1e-05,0.5952864,0.7518408,0.66436,0.55834
1e-05,0.5952824,0.7503247,0.66610664,0.5588
1e-05,0.59400994,0.75077,0.66766,0.55848
1e-05,0.59487027,0.75051147,0.66555333,0.55792
1e-05,0.5948869,0.75182337,0.6668,0.5582
1e-05,0.59484273,0.75252837,0.6651267,0.55784
1e-05,0.59453356,0.75112045,0.66539335,0.5583
1e-05,0.5931428,0.7532493,0.6683533,0.5581
1e-05,0.5943359,0.75191915,0.6652733,0.5592
1e-05,0.5949697,0.7521517,0.66566,0.5585
1e-05,0.59533376,0.7513751,0.66544,0.5584
1e-05,0.59409237,0.7504362,0.66746664,0.55816
1e-05,0.5938323,0.7512818,0.66676664,0.55828
1e-05,0.5949685,0.7506136,0.66569334,0.55754
1e-05,0.59331715,0.7538685,0.6669,0.55798
1e-05,0.5949679,0.7505929,0.6664067,0.55688
1e-05,0.59498733,0.7529394,0.6651667,0.55786
1e-05,0.59498894,0.75183576,0.6650467,0.55946
1e-05,0.5940258,0.7522736,0.6679467,0.55788
1e-05,0.5935539,0.7528172,0.66646665,0.55848
1e-05,0.5950476,0.7516219,0.66458,0.55776
1e-05,0.59384936,0.750673,0.66558665,0.5575
1e-05,0.5940814,0.7516355,0.6667067,0.55664
1e-05,0.59522635,0.75142694,0.66500664,0.55826
1e-05,0.5941404,0.75128406,0.6664733,0.55792
1e-05,0.5941981,0.7515431,0.6642467,0.55788
1e-05,0.5934972,0.75141376,0.66609335,0.55834
1e-05,0.5947887,0.7516185,0.66492665,0.55828
1e-05,0.59392774,0.75327706,0.6664,0.55812
1e-05,0.59462345,0.7510732,0.6657867,0.55788
1e-05,0.5956332,0.75150245,0.6654867,0.55858
1e-05,0.59469944,0.7514096,0.66532,0.55838
1e-05,0.5954688,0.75065255,0.6652333,0.55788
1e-05,0.5940594,0.7519283,0.66594,0.5575
1e-05,0.5946955,0.7498712,0.66657335,0.55778
1e-05,0.595082,0.75157946,0.66476,0.55804
1e-05,0.594985,0.7501193,0.6652333,0.55832
1e-05,0.5940487,0.7532917,0.66552,0.55842
1e-05,0.593976,0.7520891,0.66734666,0.5579
1e-05,0.59487367,0.751819,0.66524667,0.55884
1e-05,0.5943893,0.7511077,0.66622,0.55796
1e-05,0.5948242,0.7502356,0.66508,0.5576
1e-05,0.5948575,0.7510507,0.6660333,0.5587
1e-05,0.5945649,0.7511861,0.6654,0.55768
1e-05,0.5936767,0.75152075,0.66648,0.55742
1e-05,0.5938816,0.7531792,0.66691333,0.55806
1e-05,0.5949483,0.75271904,0.66544664,0.5587
1e-05,0.5956604,0.7523154,0.6644667,0.55892
1e-05,0.5943794,0.7508777,0.6668467,0.55866
1e-05,0.59455746,0.75208765,0.6651933,0.55826
1e-05,0.59463006,0.75046974,0.6662533,0.55834
1e-05,0.5938351,0.75181055,0.66595334,0.55804
1e-05,0.5941812,0.7512069,0.6661133,0.55828
1e-05,0.5939182,0.7523225,0.66598666,0.55754
1e-05,0.595039,0.7524941,0.66546667,0.55812
1e-05,0.5948307,0.7526758,0.66602665,0.55772
1e-05,0.59480315,0.7520998,0.6653867,0.5584
1e-05,0.59421283,0.7518215,0.66622,0.55744
1e-05,0.5942322,0.7524282,0.66649336,0.55802
1e-05,0.5944738,0.7509746,0.66554,0.55814
1e-05,0.5941834,0.75147754,0.66661334,0.55834
1e-05,0.5940964,0.7520468,0.6662667,0.55802
1e-05,0.59397745,0.751239,0.6653867,0.55914
1e-05,0.59496653,0.7518902,0.66626,0.55982
1e-05,0.5941105,0.75082934,0.66602665,0.55826
1e-05,0.5937104,0.75187105,0.66706,0.55788
1e-05,0.5937954,0.75327563,0.6674067,0.5585
1e-05,0.59338284,0.75281394,0.66632,0.55814
1e-05,0.5943765,0.7534637,0.66592,0.55878
1e-05,0.5945797,0.7529386,0.66494,0.5585
1e-05,0.59408826,0.752202,0.6682133,0.55828
1e-05,0.59508246,0.7515244,0.66512,0.558
1e-05,0.59435344,0.7508227,0.6658133,0.55802
1e-05,0.5947041,0.7503909,0.66632,0.55762
1e-05,0.5943781,0.7520639,0.66621333,0.55782
1e-05,0.5940678,0.7518727,0.6669267,0.55756
1e-05,0.59416765,0.7525639,0.6666,0.55818
1e-05,0.5943689,0.7521162,0.66566664,0.55842
1e-05,0.59443223,0.75238144,0.6653867,0.55828
1e-05,0.59394896,0.75195843,0.66638666,0.5574
1e-05,0.59420085,0.75205207,0.66606,0.55762
1e-05,0.5939968,0.7533388,0.6669,0.55896
1e-05,0.59397596,0.75143445,0.66612667,0.55736
1e-05,0.59428877,0.7523158,0.6655267,0.55742
1e-05,0.59442604,0.75258255,0.66738665,0.55882
1e-05,0.5944089,0.7517644,0.66488665,0.55732
1e-05,0.5940344,0.7530182,0.6674067,0.5576
1e-05,0.59379363,0.7524863,0.66654664,0.55736
1e-05,0.5947955,0.7518012,0.6651533,0.5581
1e-05,0.5948524,0.75111884,0.66586,0.55924
1e-05,0.59396595,0.7516625,0.66646665,0.5578
1e-05,0.59381837,0.75239366,0.66528666,0.55822
1e-05,0.59401053,0.7524842,0.6654867,0.5573
1e-05,0.59424514,0.7520894,0.666,0.55798
1e-05,0.59422207,0.7520087,0.6663333,0.55806
1e-05,0.5936835,0.7524063,0.66646665,0.55824
1e-05,0.59417564,0.7511593,0.66574,0.55812
1e-05,0.595049,0.75168526,0.66551334,0.5581
1e-05,0.59434706,0.75107825,0.6661133,0.55784
1e-05,0.5936684,0.7528913,0.6668,0.55778
1e-05,0.5946044,0.7524932,0.6654933,0.55818
1e-05,0.593385,0.7524068,0.66608,0.55742
1e-05,0.5937004,0.75224364,0.6667733,0.55862
1e-05,0.5942013,0.7537326,0.66678,0.55796
1e-05,0.5944712,0.7531635,0.66609335,0.55756
1e-05,0.5942761,0.7528384,0.66476,0.5574
1e-05,0.5941149,0.75255764,0.6663333,0.5581
1e-05,0.59315246,0.75400037,0.6681,0.55824
1e-05,0.5945257,0.7525898,0.66602,0.5579
1e-05,0.5942764,0.75119174,0.66502666,0.55792
1e-05,0.59484595,0.7522017,0.66498667,0.55754
1e-05,0.593932,0.75394565,0.6659267,0.55692
1e-05,0.5938629,0.75362307,0.6662267,0.55738
1e-05,0.5936567,0.7537854,0.6668867,0.55838
1e-05,0.5949087,0.7529057,0.66604,0.55756
1e-05,0.59447515,0.7520637,0.6657467,0.55824
1e-05,0.5946811,0.7523045,0.66606,0.55912
1e-05,0.5943071,0.7522236,0.66601336,0.55872
1e-05,0.5941393,0.7524205,0.66547334,0.55834
1e-05,0.59359914,0.7519254,0.66577333,0.55778
1e-05,0.5939553,0.7525837,0.66668665,0.55782
1e-05,0.59446925,0.7531991,0.6660467,0.55776
1e-05,0.59511054,0.75287217,0.6663333,0.55748
1e-05,0.5945928,0.7509231,0.66628,0.55794
1e-05,0.59407496,0.75148225,0.6650467,0.55836
1e-05,0.5930367,0.7509671,0.66583335,0.5574
1e-05,0.5944995,0.75224775,0.66668,0.55772
1e-05,0.59418875,0.7527335,0.6666267,0.557
1e-05,0.5929476,0.7532988,0.6676533,0.55798
1e-05,0.5924476,0.75286156,0.66667336,0.55802
1e-05,0.5946222,0.75243133,0.66656,0.55796
1e-05,0.59448117,0.751374,0.6654933,0.55754
1e-05,0.5938828,0.75237304,0.66679335,0.55806
1e-05,0.5942161,0.75282353,0.66550666,0.558
1e-05,0.59403193,0.75163865,0.66529334,0.55794
1e-05,0.5942495,0.7533473,0.66708666,0.55722
1e-05,0.59448206,0.7528567,0.6658,0.55836
1e-05,0.5933987,0.7537549,0.6675533,0.55752
1e-05,0.59431857,0.7528314,0.6649467,0.55764
1e-05,0.5941945,0.75162333,0.6665533,0.55812
1e-05,0.5943467,0.75286335,0.6665,0.557
1e-05,0.5938191,0.7527005,0.6664133,0.5588
1e-05,0.5941999,0.7518845,0.66481334,0.55792
1e-05,0.5949394,0.75164336,0.66558665,0.5583
1e-05,0.5938754,0.7513319,0.66728,0.55874
1e-05,0.59408927,0.7523714,0.66601336,0.55778
1e-05,0.59468526,0.7512417,0.66588,0.55888
1e-05,0.5943071,0.7526092,0.6667733,0.5582
1e-05,0.5949112,0.75290215,0.6663667,0.55802
1e-05,0.5944871,0.75266534,0.6658933,0.55646
1e-05,0.5951512,0.7528253,0.6662933,0.5579
1e-05,0.5941645,0.7517686,0.66628,0.55706
1e-05,0.5937115,0.7525085,0.66645336,0.55792
1e-05,0.59442085,0.75203466,0.6663067,0.55882
1e-05,0.59356385,0.7519016,0.66838,0.55874
1e-05,0.59427196,0.7513923,0.6655333,0.55926
1e-05,0.59440666,0.7526912,0.66458,0.55878
1e-05,0.59446424,0.75179553,0.6659733,0.55796
1e-05,0.59424955,0.75120527,0.6664867,0.5583
1e-05,0.5938982,0.7528942,0.66617334,0.5575
1e-05,0.59408176,0.7529549,0.66634,0.55818
1e-05,0.5934975,0.752551,0.6667867,0.55846
1e-05,0.5939798,0.75095063,0.6661867,0.55828
1e-05,0.5932743,0.75181615,0.66639334,0.55742
1e-05,0.59331137,0.75351804,0.66804665,0.55778
1e-05,0.5946075,0.7520382,0.6664867,0.55804
1e-05,0.59454215,0.7513573,0.66662,0.55754
1e-05,0.5946051,0.7527479,0.66583335,0.5581
1e-05,0.5937248,0.75302,0.66646,0.55796
1e-05,0.5941091,0.7530875,0.66686,0.55816
1e-05,0.59446794,0.75214785,0.66694,0.55838
1e-05,0.59381133,0.75268245,0.66686666,0.55746
1e-05,0.59425706,0.75164056,0.66648,0.55718
1e-05,0.59333557,0.75320953,0.6672533,0.55824
1e-05,0.5949547,0.7513321,0.6645667,0.55828
1e-05,0.5936763,0.75223184,0.66635334,0.5578
1e-05,0.5939874,0.75216615,0.66678,0.55732
1e-05,0.594138,0.750737,0.6661133,0.55802
1e-05,0.59395134,0.7527118,0.66676,0.55816
1e-05,0.5941553,0.75089395,0.66683334,0.55858
1e-05,0.59381306,0.7509197,0.66716665,0.55816
1e-05,0.5935723,0.75199944,0.6671,0.5579
1e-05,0.5943021,0.75096375,0.66660666,0.55834
1e-05,0.5925385,0.7515441,0.66775334,0.55782
1e-05,0.59336525,0.7529438,0.6662933,0.5579
1e-05,0.59372956,0.7528677,0.6671467,0.55794
1e-05,0.5942943,0.7528082,0.66583335,0.55728
1e-05,0.5938901,0.7528851,0.6670067,0.55842
1e-05,0.5938918,0.7524,0.6657133,0.55732
1e-05,0.5943674,0.7521787,0.66790664,0.55876
1e-05,0.59346956,0.75197846,0.6667333,0.55866
1e-05,0.5935942,0.7532993,0.6667733,0.55854
1e-05,0.5944702,0.7516767,0.66544664,0.55788
1e-05,0.59482735,0.7523569,0.66590667,0.55782
1e-05,0.59467214,0.75232106,0.66584,0.55956
1e-05,0.59456044,0.75279844,0.6661467,0.55916
1e-05,0.59383047,0.7532652,0.66694665,0.55902
1e-05,0.594804,0.7525339,0.66543335,0.55856
1e-05,0.5939339,0.7527467,0.66596,0.55816
1e-05,0.5941342,0.7528835,0.6666667,0.55848
1e-05,0.59338033,0.7515614,0.6669533,0.5584
1e-05,0.5938297,0.7530808,0.66708666,0.5589
1e-05,0.5942366,0.75143796,0.66598666,0.55852
1e-05,0.59399897,0.75115275,0.66658664,0.55898
1e-05,0.5930908,0.7529537,0.66720665,0.55778
1e-05,0.59364784,0.75287235,0.6676533,0.55796
1e-05,0.5940642,0.7521232,0.6667067,0.5576
1e-05,0.593484,0.75277406,0.6676667,0.55864
1e-05,0.5937836,0.7527154,0.66616,0.5594
1e-05,0.59377337,0.7520885,0.66631335,0.55836
1e-05,0.5937643,0.7536307,0.66758,0.55828
1e-05,0.59318876,0.75243145,0.6676133,0.55884
1e-05,0.59332305,0.75372064,0.66746664,0.558
1e-05,0.5933456,0.7525757,0.66714,0.55792
1e-05,0.5942496,0.75230795,0.66573334,0.55816
1e-05,0.59347117,0.75276065,0.6663067,0.5586
1e-05,0.5930128,0.7530071,0.66693336,0.55844
1e-05,0.59421,0.7525476,0.66672,0.55896
1e-05,0.593327,0.7530629,0.6681,0.55912
1e-05,0.59351724,0.753239,0.66548,0.55876
1e-05,0.59452134,0.7530619,0.66463333,0.55824
1e-05,0.59378093,0.7525696,0.6658933,0.55844
1e-05,0.5928896,0.7531726,0.66694,0.55824
1e-05,0.59347916,0.75268066,0.6667867,0.55822
1e-05,0.59416074,0.75338596,0.66587335,0.55894
1e-05,0.59394383,0.7526362,0.6658533,0.55836
1e-05,0.59352595,0.75223017,0.66514665,0.5585
1e-05,0.59382206,0.7513814,0.66762,0.55758
1e-05,0.59458345,0.7503743,0.66730666,0.55812
1e-05,0.5937731,0.751667,0.66713333,0.55854
1e-05,0.59453845,0.75091124,0.66622,0.55868
1e-05,0.5933249,0.7510869,0.6661,0.55844
1e-05,0.5929283,0.7534404,0.66772,0.5583
1e-05,0.5937759,0.75324845,0.6673,0.55908
1e-05,0.594029,0.7528531,0.66591334,0.5584
1e-05,0.5934656,0.75292397,0.66682667,0.55932
1e-05,0.59434056,0.7517716,0.666,0.5586
1e-05,0.5940823,0.7512571,0.6671133,0.55832
1e-05,0.5934155,0.7521541,0.66679335,0.55916
1e-05,0.5930257,0.75143987,0.66714,0.55864
1e-05,0.5929097,0.75338006,0.66752666,0.55802
1e-05,0.59407204,0.7522726,0.66650665,0.55826
1e-05,0.5935792,0.75314486,0.66644,0.5586
1e-05,0.59438634,0.7529646,0.6666333,0.55852
1e-05,0.5936537,0.7527899,0.66724,0.55924
1e-05,0.5936248,0.75242114,0.6667733,0.55894
1e-05,0.59350437,0.7516505,0.66744,0.5584
1e-05,0.59467506,0.75213486,0.66573334,0.5575
1e-05,0.5938287,0.751147,0.6664867,0.55812
1e-05,0.59413445,0.7527073,0.66672,0.55866
1e-05,0.59375757,0.7523128,0.66671336,0.5586
1e-05,0.594563,0.752262,0.66657335,0.5583
1e-05,0.5928494,0.7520799,0.66854,0.55818
1e-05,0.59321314,0.75255954,0.66756666,0.55842
1e-05,0.59382135,0.75077856,0.66652,0.55878
1e-05,0.5942609,0.7520128,0.6668,0.55844
1e-05,0.5931186,0.7540189,0.66656,0.55768
1e-05,0.5928829,0.75282264,0.6685467,0.5584
1e-05,0.5928764,0.7523632,0.66756666,0.55748
1e-05,0.5942272,0.7516457,0.6650467,0.55838
1e-05,0.59320074,0.7518444,0.66627336,0.55848
1e-05,0.5934268,0.751842,0.66631335,0.55826
1e-05,0.59413695,0.7532943,0.66594,0.55824
1e-05,0.5931823,0.75283897,0.6658933,0.55896
1e-05,0.5936149,0.75173676,0.66601336,0.55846
1e-05,0.5931532,0.7522584,0.667,0.55826
1e-05,0.5939678,0.7531903,0.66694,0.558
1e-05,0.59429073,0.7523992,0.66634,0.55886
1e-05,0.59338975,0.7530171,0.66726,0.55762
1e-05,0.593609,0.75296813,0.66646,0.55712
1e-05,0.59270793,0.7540727,0.6683667,0.55748
1e-05,0.5942212,0.751969,0.66604,0.55758
1e-05,0.59374255,0.7513753,0.6666667,0.55822
1e-05,0.5927363,0.75299555,0.6686,0.55828
1e-05,0.5939297,0.75408846,0.6656333,0.55772
1e-05,0.59360534,0.7529624,0.6671867,0.55778
1e-05,0.5934431,0.75332063,0.6663667,0.55782
1e-05,0.5941333,0.75416434,0.6659,0.55832
1e-05,0.5939618,0.75131845,0.66768,0.5583
1e-05,0.59378785,0.7535578,0.6665267,0.55826
1e-05,0.59410775,0.7525265,0.66748667,0.5586
1e-05,0.59412706,0.7504549,0.66679335,0.55834
1e-05,0.59380865,0.7525817,0.66656,0.55922
1e-05,0.5935755,0.7514027,0.66676,0.55862
1e-05,0.59471834,0.7525167,0.66562665,0.55904
1e-05,0.5923897,0.7534296,0.66727334,0.55832
1e-05,0.5939849,0.75146896,0.66583335,0.55846
1e-05,0.593723,0.7533802,0.66724,0.559
1e-05,0.59314305,0.75152874,0.66735333,0.55814
1e-05,0.5937247,0.75308794,0.6664,0.55832
1e-05,0.5947256,0.7510191,0.66512,0.55758
1e-05,0.5938103,0.7512734,0.66672,0.55866
1e-05,0.593606,0.7532868,0.66690665,0.55806
1e-05,0.59394455,0.7522964,0.66602665,0.55804
1e-05,0.59394157,0.75185966,0.6666333,0.55764
1e-05,0.5938847,0.75226027,0.66674,0.55794
1e-05,0.5929083,0.7526811,0.66712666,0.5585
1e-05,0.5931144,0.7531393,0.66716665,0.55764
1e-05,0.5937771,0.7530275,0.66642666,0.5587
1e-05,0.59331447,0.75212824,0.6671467,0.55738
1e-05,0.5932143,0.75315344,0.66704,0.558
1e-05,0.5934196,0.753697,0.66884667,0.5576
1e-05,0.5934153,0.75222814,0.66561335,0.55766
1e-05,0.59240514,0.753449,0.66844,0.5575
1e-05,0.5932589,0.7525326,0.6663667,0.55786
1e-05,0.59389037,0.75351185,0.6664067,0.55778
1e-05,0.59356314,0.7537374,0.66664,0.55854
1e-05,0.5931603,0.75225264,0.66644,0.55744
1e-05,0.5932084,0.7546005,0.6689067,0.5579
1e-05,0.5930543,0.75468093,0.6666267,0.5578
1e-05,0.5936876,0.7541292,0.6667067,0.55764
1e-05,0.5929351,0.75397044,0.6669267,0.5568
1e-05,0.5938818,0.75380373,0.6667867,0.55818
1e-05,0.5935638,0.7539963,0.66555333,0.55836
1e-05,0.5929802,0.75416756,0.66704,0.5586
1e-05,0.5933483,0.75463957,0.66626,0.55806
1e-05,0.5940175,0.75161994,0.6667,0.55834
1e-05,0.5932204,0.75381404,0.66726667,0.55832
1e-05,0.59302247,0.75325984,0.6668133,0.55788
1e-05,0.5931831,0.75204647,0.6671467,0.55784
1e-05,0.5928366,0.75373924,0.66664666,0.55756
1e-05,0.5938647,0.7520749,0.6678867,0.55832
1e-05,0.5932044,0.75310594,0.6668467,0.55754
1e-05,0.59364575,0.75310886,0.66656,0.55876
1e-05,0.5929021,0.7524754,0.6677733,0.55786
1e-05,0.5932674,0.7537078,0.6664467,0.55846
1e-05,0.5932252,0.7529829,0.66855335,0.55882
1e-05,0.5932124,0.754796,0.66679335,0.55854
1e-05,0.59335893,0.754143,0.6663667,0.55814
1e-05,0.5925732,0.7540517,0.66697335,0.55918
1e-05,0.5942634,0.75303704,0.66554666,0.55782
1e-05,0.5926505,0.75428236,0.66759336,0.5581
1e-05,0.5938469,0.7528974,0.66578,0.55824
1e-05,0.59284365,0.75409365,0.66694665,0.55794
1e-05,0.59363306,0.7538016,0.66622,0.55788
1e-05,0.59441376,0.75171953,0.6650133,0.55866
1e-05,0.5935016,0.75311726,0.66680664,0.55852
1e-05,0.593898,0.75429744,0.66624665,0.55914
1e-05,0.59289813,0.75383705,0.6682467,0.55798
1e-05,0.593958,0.7531746,0.6668867,0.55812
1e-05,0.59463805,0.75247437,0.6663,0.55868
1e-05,0.5925019,0.7531514,0.6672533,0.55804
1e-05,0.5937222,0.753888,0.66634667,0.55874
1e-05,0.59314793,0.75286674,0.6673933,0.55826
1e-05,0.59241825,0.7533495,0.66818666,0.5579
1e-05,0.5937959,0.75256956,0.66657335,0.55812
1e-05,0.5935778,0.75211716,0.6670333,0.55916
1e-05,0.5932629,0.7513663,0.66690665,0.5584
1e-05,0.5939517,0.7534789,0.6664133,0.55864
1e-05,0.5925484,0.75299275,0.6666,0.55846
1e-05,0.59340245,0.7534196,0.6673267,0.55834
1e-05,0.59335846,0.75305784,0.6671,0.55766
1e-05,0.5924147,0.75195956,0.66697335,0.55692
1e-05,0.5934198,0.75235665,0.66714,0.5585
1e-05,0.5936501,0.75317186,0.6672267,0.55724
1e-05,0.59364325,0.7528161,0.66702664,0.55852
1e-05,0.59354055,0.7522817,0.66683334,0.55842
1e-05,0.5927932,0.7550994,0.6680533,0.55836
1e-05,0.5941937,0.7517505,0.6667067,0.55864
1e-05,0.59324694,0.7524078,0.66867334,0.5581
1e-05,0.5938776,0.7526002,0.6665267,0.55826
1e-05,0.5939724,0.7536888,0.66674,0.55796
1e-05,0.5943059,0.7523505,0.66675335,0.55838
1e-05,0.59313357,0.7528383,0.6670733,0.5575
1e-05,0.5932754,0.7514704,0.66723335,0.5579
1e-05,0.592673,0.7535099,0.66796,0.55932
1e-05,0.5936104,0.7532862,0.66689336,0.55804
1e-05,0.59360576,0.7525527,0.66628,0.55798
1e-05,0.59313524,0.7539996,0.66702,0.55784
1e-05,0.5929195,0.7540045,0.66807336,0.55858
1e-05,0.5932583,0.7545663,0.66650665,0.55916
1e-05,0.5932336,0.75371283,0.66778666,0.55924
1e-05,0.59390825,0.7535667,0.66638,0.559
1e-05,0.5927134,0.7526018,0.66730666,0.55868
1e-05,0.5930936,0.7534611,0.6670733,0.55796
1e-05,0.5932249,0.7522726,0.66735333,0.55886
1e-05,0.5929755,0.75434864,0.66757333,0.5589
1e-05,0.5935725,0.75208074,0.66702,0.5585
1e-05,0.5929337,0.75331944,0.66833335,0.5587
1e-05,0.59330386,0.75174487,0.6661133,0.55792
1e-05,0.59271866,0.7533847,0.66742665,0.55888
1e-05,0.59362036,0.7545457,0.66808665,0.55864
1e-05,0.593781,0.7538793,0.66604,0.55924
1e-05,0.59315383,0.75344074,0.6674067,0.55774
1e-05,0.59385717,0.75303644,0.6662667,0.559
1e-05,0.5933857,0.75335586,0.6678067,0.55868
1e-05,0.5931075,0.75364923,0.66716,0.5587
1e-05,0.59382236,0.75279564,0.66609335,0.55902
1e-05,0.5926695,0.752713,0.6678067,0.55784
1e-05,0.5939978,0.7525028,0.66643333,0.55872
1e-05,0.5932699,0.75268114,0.66693336,0.5593
1e-05,0.5927044,0.75475055,0.66683334,0.55838
1e-05,0.59329885,0.7532579,0.6672267,0.55906
1e-05,0.59399825,0.7530634,0.6663333,0.55942
1e-05,0.59312433,0.7533629,0.66802,0.55858
1e-05,0.59342676,0.75118405,0.66674,0.559
1e-05,0.59324163,0.75295746,0.66732,0.55878
1e-05,0.5930969,0.75372267,0.66719335,0.55798
1e-05,0.5933419,0.753887,0.66726,0.55874
1e-05,0.59425384,0.7527114,0.66697335,0.55764
1e-05,0.5930165,0.7529515,0.6672533,0.5579
1e-05,0.5927702,0.75398374,0.66753334,0.55854
1e-05,0.5932808,0.75397146,0.6671733,0.55724
1e-05,0.5933831,0.75255555,0.66577333,0.55772
1e-05,0.5940174,0.75305986,0.66713333,0.55892
1e-05,0.59367067,0.7538242,0.66770667,0.55928
1e-05,0.59311277,0.75316435,0.6668,0.55898
1e-05,0.59305817,0.7534989,0.6673667,0.55926
1e-05,0.59260386,0.7540371,0.66661334,0.55836
1e-05,0.5930651,0.753373,0.6674,0.55982
1e-05,0.5920802,0.7526447,0.66704,0.55852
1e-05,0.5942618,0.75272423,0.66580665,0.55844
1e-05,0.5941013,0.7548582,0.66591334,0.55898
1e-05,0.5938533,0.75288963,0.66666,0.55842
1e-05,0.59353864,0.7516476,0.66618,0.55872
1e-05,0.59273636,0.7527809,0.66732,0.55858
1e-05,0.5928232,0.7535606,0.66798,0.5586
1e-05,0.5935032,0.7517813,0.6660733,0.55874
1e-05,0.5944273,0.7517285,0.66644,0.55894
1e-05,0.5930691,0.7525674,0.66676664,0.55842
1e-05,0.5924492,0.7531281,0.66746664,0.55906
1e-05,0.5933892,0.7543547,0.6677667,0.55894
1e-05,0.5923784,0.7541225,0.6674733,0.5584
1e-05,0.5932834,0.75302553,0.66746,0.55846
1e-05,0.5923255,0.7530889,0.66752666,0.55806
1e-05,0.5938017,0.7530087,0.66778666,0.55872
1e-05,0.59304804,0.75304836,0.66762,0.55918
1e-05,0.5923117,0.75470537,0.6670067,0.5584
1e-05,0.5928416,0.75364995,0.6678067,0.55838
1e-05,0.5924954,0.7531019,0.66889334,0.5576
1e-05,0.5931608,0.7541736,0.66674,0.55782
1e-05,0.5935983,0.7535052,0.66624,0.55922
1e-05,0.59314704,0.75410247,0.6669933,0.55854
1e-05,0.5925811,0.7529119,0.66690665,0.5583
1e-05,0.5929937,0.75295883,0.66686,0.5583
1e-05,0.59380895,0.751576,0.66704,0.55924
1e-05,0.5934621,0.7535229,0.66738,0.55896
1e-05,0.5928846,0.75399405,0.66812664,0.5587
1e-05,0.59257424,0.75394744,0.66744,0.55888
1e-05,0.5926888,0.75445455,0.6679133,0.55882
1e-05,0.5927811,0.7535694,0.6667067,0.5585
1e-05,0.59219265,0.7542388,0.66847336,0.55972
1e-05,0.5932908,0.75339425,0.66732,0.55816
1e-05,0.59247315,0.75341564,0.66782,0.5596
1e-05,0.59250945,0.7549327,0.66746,0.55872
1e-05,0.5926222,0.75433797,0.66896,0.55958
1e-05,0.5929839,0.7540429,0.66702664,0.55868
1e-05,0.59255564,0.7539458,0.66727334,0.55852
1e-05,0.59284663,0.75420463,0.66748667,0.55842
1e-05,0.59371626,0.7533706,0.66664666,0.55842
1e-05,0.59294,0.75443727,0.66752666,0.55866
1e-05,0.59303385,0.7544871,0.66693336,0.55822
1e-05,0.5928201,0.7531557,0.6676133,0.55866
1e-05,0.5923224,0.7544008,0.66800666,0.55816
1e-05,0.5934881,0.7522146,0.66727334,0.55926
1e-05,0.5924883,0.7539496,0.6684,0.5581
1e-05,0.59259325,0.7547287,0.66744,0.55864
1e-05,0.59270006,0.75429857,0.6683133,0.55948
1e-05,0.59267056,0.75379735,0.66682,0.55856
1e-05,0.59226686,0.7549779,0.6686133,0.5588
1e-05,0.59290946,0.7536007,0.6672533,0.5589
1e-05,0.5932042,0.7542935,0.6662,0.55822
1e-05,0.5942796,0.75436383,0.66712666,0.55914
1e-05,0.59287715,0.75356096,0.66650665,0.55866
1e-05,0.5938594,0.75382894,0.6660067,0.55868
1e-05,0.59274924,0.7544146,0.66732,0.55766
1e-05,0.59333277,0.7521207,0.66634,0.55858
1e-05,0.59277165,0.7530909,0.66694665,0.5585
1e-05,0.5928249,0.75367016,0.66693336,0.55836
1e-05,0.5926059,0.75416917,0.66786,0.55682
1e-05,0.59308743,0.753659,0.66804665,0.55882
1e-05,0.5924885,0.75394845,0.66722,0.55876
1e-05,0.5932875,0.7519027,0.66752666,0.55852
1e-05,0.5924121,0.75385106,0.66764665,0.55814
1e-05,0.5938535,0.75331515,0.66653335,0.55862
1e-05,0.5926942,0.7536832,0.66794,0.55772
1e-05,0.59237844,0.75475883,0.6679933,0.5582
1e-05,0.5935827,0.7530057,0.66606,0.55808
1e-05,0.59322304,0.75458616,0.66851336,0.55856
1e-05,0.59334654,0.7535903,0.6659733,0.5579
1e-05,0.59345794,0.7545577,0.6673667,0.55854
1e-05,0.5919357,0.75351167,0.6685067,0.55858
1e-05,0.5925626,0.7544163,0.66778666,0.55928
1e-05,0.5932739,0.75391954,0.66679335,0.55844
1e-05,0.59373885,0.75336653,0.6666667,0.55794
1e-05,0.5931524,0.7540351,0.66720665,0.55822
1e-05,0.59320843,0.7548014,0.66624665,0.5592
1e-05,0.5925473,0.7534312,0.6681067,0.55828
1e-05,0.59161127,0.7546378,0.66858,0.5581
1e-05,0.59253633,0.75485456,0.66786,0.55754
1e-05,0.59290856,0.7521375,0.6683933,0.55826
1e-05,0.59278023,0.7514861,0.6685867,0.55858
1e-05,0.59256166,0.75336397,0.6677,0.55884
1e-05,0.5929992,0.7534369,0.6679533,0.55838
1e-05,0.5926011,0.75361407,0.6685,0.55846
1e-05,0.5936059,0.75409055,0.66591334,0.55814
1e-05,0.59314454,0.75323945,0.66748,0.55756
1e-05,0.59297395,0.754236,0.66702664,0.55878
1e-05,0.5939141,0.75425285,0.66617334,0.55868
1e-05,0.5934723,0.75294006,0.6669,0.55862
1e-05,0.5933185,0.7531673,0.66726,0.55868
1e-05,0.5923969,0.7542858,0.66756666,0.55828
1e-05,0.59238946,0.7523293,0.66886,0.55904
1e-05,0.5940194,0.75237554,0.6669933,0.55986
1e-05,0.5930197,0.752334,0.6672,0.55886
1e-05,0.593268,0.75246716,0.66716665,0.5578
1e-05,0.59308076,0.75425565,0.66621333,0.5591
1e-05,0.59215856,0.7537185,0.66706,0.55824
1e-05,0.5929377,0.75527036,0.66724,0.55754
1e-05,0.5938723,0.75355786,0.6670733,0.55836
1e-05,0.5928445,0.7517938,0.6676133,0.55852
1e-05,0.59240264,0.7540919,0.66770667,0.55858
1e-05,0.5934964,0.7536433,0.66624665,0.55834
1e-05,0.5928774,0.7530542,0.6679,0.55926
1e-05,0.59158695,0.7558007,0.66768,0.5588
1e-05,0.5924355,0.7543939,0.66690665,0.55754
1e-05,0.59284717,0.75447255,0.66852,0.55856
1e-05,0.5926264,0.75249404,0.66732,0.55764
1e-05,0.5926051,0.7548511,0.66906,0.55836
1e-05,0.59251255,0.75508183,0.6675533,0.55924
1e-05,0.593074,0.7542047,0.6675533,0.55968
1e-05,0.5926733,0.75283563,0.66804,0.55958
1e-05,0.5926818,0.7538504,0.6674067,0.55926
1e-05,0.59304595,0.75474393,0.66683334,0.55968
1e-05,0.59287274,0.7547873,0.66646,0.5579
1e-05,0.5926451,0.75454533,0.6688667,0.55826
1e-05,0.592004,0.75372756,0.66825336,0.55912
1e-05,0.59182173,0.75514114,0.6677267,0.55904
1e-05,0.5937023,0.75435174,0.66768664,0.55814
1e-05,0.5926458,0.75403225,0.6683667,0.55912
1e-05,0.59230053,0.7539778,0.66654664,0.55852
1e-05,0.5940963,0.75313133,0.66500664,0.55854
1e-05,0.5931561,0.75146526,0.66797334,0.5582
1e-05,0.5935637,0.7524931,0.66636,0.55814
1e-05,0.5926944,0.7534284,0.6678067,0.55904
1e-05,0.5928153,0.75400484,0.6680267,0.55846
1e-05,0.592372,0.75358105,0.66846,0.55854
1e-05,0.5934481,0.7534632,0.66702,0.55852
1e-05,0.59234333,0.75321984,0.66688,0.5589
1e-05,0.59269285,0.75302035,0.66768,0.55842
1e-05,0.59245247,0.75332963,0.66642,0.55886
1e-05,0.59227514,0.7540751,0.6679533,0.5583
1e-05,0.5929322,0.7538882,0.66714,0.55834
1e-05,0.593082,0.7537755,0.667,0.55904
1e-05,0.59334266,0.75272065,0.66774,0.5584
1e-05,0.59262395,0.7552288,0.66826665,0.5585
1e-05,0.5927904,0.7534452,0.66650665,0.55926
1e-05,0.5925624,0.7541285,0.6673333,0.55884
1e-05,0.59298563,0.7533448,0.66745335,0.55818
1e-05,0.5924851,0.7544286,0.6672267,0.55914
1e-05,0.59302634,0.75392103,0.6658933,0.55806
1e-05,0.5929914,0.7545851,0.6683667,0.55812
1e-05,0.593571,0.7530148,0.66756,0.55822
1e-05,0.5929702,0.7540772,0.66735333,0.55844
1e-05,0.5929798,0.75244296,0.66668,0.55842
1e-05,0.5925935,0.7536258,0.66840667,0.55832
1e-05,0.5926226,0.7549453,0.66786665,0.5585
1e-05,0.5928849,0.7535123,0.66836,0.55904
1e-05,0.5925745,0.75387836,0.66704,0.55916
1e-05,0.5929523,0.7533521,0.6673667,0.55894
1e-05,0.5919776,0.7542648,0.66884667,0.55784
1e-05,0.59268326,0.75440603,0.66803336,0.5586
1e-05,0.59217453,0.7543592,0.66746664,0.55808
1e-05,0.5921361,0.7538848,0.66844666,0.55818
1e-05,0.59212375,0.7533047,0.6683933,0.55818
1e-05,0.5925317,0.7533289,0.66785336,0.55864
1e-05,0.5918707,0.754548,0.6686933,0.5579
1e-05,0.5927823,0.75488687,0.6671467,0.55842
1e-05,0.59262836,0.7570308,0.66724664,0.55926
1e-05,0.59247947,0.7543024,0.6670067,0.5577
1e-05,0.59131896,0.75456935,0.66874,0.55856
1e-05,0.5922522,0.7548152,0.6684333,0.5584
1e-05,0.59206057,0.75520563,0.66876,0.55906
1e-05,0.59335154,0.75375825,0.66708,0.55848
1e-05,0.59306407,0.7541861,0.66768664,0.55936
1e-05,0.59327614,0.7522001,0.6671133,0.55912
1e-05,0.59209085,0.7538265,0.66824,0.55848
1e-05,0.59287864,0.7539966,0.66788,0.55894
1e-05,0.59250295,0.75314695,0.66746,0.55766
1e-05,0.59314364,0.75283414,0.66763335,0.55918
1e-05,0.59213364,0.7542731,0.66772,0.55886
1e-05,0.59239143,0.7539239,0.66798,0.55882
1e-05,0.5918192,0.7543549,0.66906667,0.55948
1e-05,0.5925198,0.7538693,0.6679467,0.55926
1e-05,0.5923882,0.75331527,0.6673933,0.55904
1e-05,0.5915129,0.7551416,0.6689133,0.5583
1e-05,0.59253097,0.7562509,0.6685333,0.55856
1e-05,0.59183383,0.7545871,0.66828,0.55878
1e-05,0.5930799,0.75328344,0.66686,0.55986
1e-05,0.5933658,0.7538955,0.66727334,0.55882
1e-05,0.59229213,0.754828,0.6682067,0.55872
1e-05,0.59265983,0.7533948,0.66784,0.55912
1e-05,0.59300315,0.75332433,0.66682,0.55924
1e-05,0.5920059,0.7546475,0.66829336,0.558
1e-05,0.59240454,0.7543814,0.66660666,0.55954
1e-05,0.592387,0.7553049,0.6677667,0.55946
1e-05,0.5928643,0.753567,0.66778666,0.55868
1e-05,0.59313726,0.7534214,0.6671733,0.55958
1e-05,0.5926493,0.7536496,0.66684,0.559
1e-05,0.593307,0.7536274,0.66627336,0.55898
1e-05,0.5919558,0.7551625,0.6688333,0.55872
1e-05,0.5929417,0.7543894,0.66742,0.55968
1e-05,0.59226066,0.75509626,0.66812664,0.5588
1e-05,0.5911913,0.75530356,0.6685067,0.55908
1e-05,0.5929691,0.75472337,0.6672,0.55792
1e-05,0.5936665,0.7537735,0.66742,0.55854
1e-05,0.5926632,0.7547031,0.6680933,0.55916
1e-05,0.59286493,0.753314,0.66767335,0.55876
1e-05,0.5918286,0.7551437,0.66834,0.55834
1e-05,0.5924023,0.7547793,0.66772,0.55824
1e-05,0.59279233,0.75440896,0.66719335,0.5572
1e-05,0.593143,0.7549288,0.6684,0.55896
1e-05,0.5924736,0.754405,0.6680267,0.55884
1e-05,0.59337723,0.7533296,0.66754,0.55934
1e-05,0.59211075,0.75412667,0.6687667,0.55822
1e-05,0.5923611,0.7537606,0.6679467,0.55866
1e-05,0.5917878,0.75587034,0.6692333,0.55834
1e-05,0.5927321,0.75441617,0.6677667,0.5579
1e-05,0.5923624,0.7542475,0.6676267,0.55828
1e-05,0.59230024,0.7547802,0.6682733,0.55756
1e-05,0.5919787,0.75578636,0.66878,0.55904
1e-05,0.5922177,0.75549453,0.6676667,0.55852
1e-05,0.59293437,0.7535704,0.6667867,0.55858
1e-05,0.59203947,0.7539368,0.66906667,0.55916
1e-05,0.5925315,0.7539698,0.6693867,0.55856
1e-05,0.59191185,0.7545528,0.66885334,0.55828
1e-05,0.5916,0.7544105,0.66746,0.5579
1e-05,0.592162,0.754186,0.66754,0.55808
1e-05,0.5918549,0.7557262,0.66794,0.5576
1e-05,0.59280646,0.7549198,0.6680267,0.55814
1e-05,0.5929779,0.7536847,0.6675533,0.55878
1e-05,0.5925424,0.7546665,0.6673933,0.55856
1e-05,0.5935388,0.7539729,0.66706,0.55836
1e-05,0.59235334,0.7548442,0.66868,0.55848
1e-05,0.59252656,0.75357616,0.66826665,0.55892
1e-05,0.59263897,0.7538645,0.66768664,0.5581
1e-05,0.5919083,0.7540336,0.669,0.55758
1e-05,0.5930052,0.7552414,0.66746664,0.55812
1e-05,0.5924209,0.754265,0.66664,0.55858
1e-05,0.5921786,0.75592476,0.66796,0.55956
1e-05,0.5918164,0.7551316,0.66955334,0.55874
1e-05,0.5915544,0.7562671,0.66753334,0.55814
1e-05,0.5934045,0.75408775,0.66724664,0.55872
1e-05,0.5922863,0.7557937,0.6672,0.5582
1e-05,0.5922004,0.75441295,0.66782665,0.5582
1e-05,0.5926965,0.7544911,0.66790664,0.55906
1e-05,0.59268546,0.75375354,0.6664067,0.5582
1e-05,0.5910629,0.7563396,0.6695667,0.5581
1e-05,0.59274244,0.75566155,0.66702,0.55826
1e-05,0.5919328,0.755524,0.66811335,0.55816
1e-05,0.59189856,0.7561077,0.6696,0.5577
1e-05,0.59307206,0.7559603,0.6665933,0.5587
1e-05,0.59195024,0.75393647,0.66830665,0.55864
1e-05,0.5919647,0.754448,0.6677267,0.55794
1e-05,0.59268427,0.75416195,0.66757333,0.5587
1e-05,0.59300786,0.75518954,0.66708,0.5588
1e-05,0.5926612,0.75415415,0.66672665,0.55808
1e-05,0.59162724,0.7562285,0.66803336,0.55792
1e-05,0.5915768,0.7557284,0.67014,0.55888
1e-05,0.5930853,0.7547306,0.66772,0.55838
1e-05,0.5925861,0.7542645,0.6673933,0.55936
1e-05,0.5917199,0.75586957,0.6692,0.55802
1e-05,0.5930813,0.75408304,0.66702664,0.5591
1e-05,0.592823,0.75546783,0.6664,0.55868
1e-05,0.5922843,0.7546863,0.66792,0.55866
1e-05,0.5931984,0.75358987,0.66764,0.55902
1e-05,0.5924772,0.7546019,0.66792,0.55936
1e-05,0.59276944,0.75403875,0.66610664,0.55876
1e-05,0.5925156,0.75577796,0.66834,0.55786
1e-05,0.5918045,0.75614285,0.66782665,0.55878
1e-05,0.5930842,0.7561275,0.6671,0.5589
1e-05,0.59262913,0.75385565,0.66796666,0.55938
1e-05,0.5921014,0.7545552,0.66915333,0.55986
1e-05,0.59159887,0.7547053,0.66713333,0.5592
1e-05,0.5932292,0.7539964,0.6669667,0.55882
1e-05,0.5926026,0.75379527,0.6675533,0.5592
1e-05,0.59347105,0.75392044,0.66658664,0.55798
1e-05,0.59211886,0.753136,0.66762,0.55924
1e-05,0.5928163,0.7527724,0.6668467,0.55902
1e-05,0.5931713,0.7532618,0.66684,0.55906
1e-05,0.5913562,0.7547899,0.66886,0.55884
1e-05,0.5919723,0.7555477,0.66789335,0.55814
1e-05,0.5916079,0.75485927,0.6692067,0.55858
1e-05,0.592878,0.7541861,0.66822,0.55856
1e-05,0.5917674,0.7565129,0.66896665,0.55928
1e-05,0.5924809,0.7566341,0.6673933,0.5593
1e-05,0.59125113,0.754586,0.66900665,0.55792
1e-05,0.5917378,0.7543612,0.66900665,0.5595
1e-05,0.59255534,0.7565469,0.66746,0.55824
1e-05,0.59208024,0.754338,0.66784,0.5579
1e-05,0.59159094,0.7548026,0.6698267,0.55792
1e-05,0.5928401,0.75497264,0.66822666,0.55808
1e-05,0.5919432,0.75477684,0.66792,0.55814
1e-05,0.5919089,0.75406605,0.66726,0.55826
1e-05,0.59211826,0.75501287,0.6670333,0.5577
1e-05,0.5918213,0.75450534,0.6681,0.55858
1e-05,0.59164983,0.75609577,0.66906,0.55806
1e-05,0.5923842,0.7547343,0.66826,0.55902
1e-05,0.59203774,0.755668,0.6683133,0.55852
1e-05,0.59250826,0.75469804,0.66734666,0.5595
1e-05,0.59122485,0.75482297,0.66870666,0.5587
1e-05,0.59267014,0.75280356,0.66638,0.55942
1e-05,0.5922332,0.7547245,0.6674733,0.55828
1e-05,0.59188443,0.7545572,0.66788,0.55864
1e-05,0.59238684,0.7555133,0.66753334,0.55824
1e-05,0.59230417,0.7553796,0.66692,0.5581
1e-05,0.591307,0.7556116,0.66830665,0.55904
1e-05,0.5917298,0.75699806,0.66778666,0.5593
1e-05,0.59254295,0.75431186,0.6679533,0.55884
1e-05,0.5920539,0.7546252,0.66786,0.55872
1e-05,0.59169674,0.75460106,0.66698,0.55842
1e-05,0.59228003,0.75492364,0.66736,0.55864
1e-05,0.5923862,0.7537888,0.66723335,0.55938
1e-05,0.5915223,0.75558174,0.6684267,0.55866
1e-05,0.5922965,0.75449926,0.6682467,0.55842
1e-05,0.591458,0.7555701,0.66811335,0.55856
1e-05,0.5923289,0.7550267,0.66778,0.55972
1e-05,0.5923498,0.7548082,0.66744,0.55846
1e-05,0.59214574,0.7561245,0.66856,0.5589
1e-05,0.59181905,0.75554913,0.6683533,0.55868
1e-05,0.59284514,0.75581825,0.6671733,0.55886
1e-05,0.59248734,0.756484,0.6674333,0.55836
1e-05,0.5913039,0.75453764,0.6701667,0.55978
1e-05,0.5932485,0.7536004,0.6669933,0.55884
1e-05,0.5915629,0.7548468,0.66915333,0.55902
1e-05,0.59300554,0.75472134,0.66797334,0.56016
1e-05,0.59208244,0.7544683,0.66852665,0.55896
1e-05,0.5923253,0.7537543,0.6667333,0.55844
1e-05,0.5927071,0.7541818,0.66793334,0.55876
1e-05,0.5923139,0.75365,0.6679467,0.55902
1e-05,0.5921578,0.7547958,0.6685867,0.5588
1e-05,0.5918396,0.754998,0.6682733,0.55854
1e-05,0.5924587,0.7544313,0.6677333,0.5599
1e-05,0.5915715,0.75434256,0.66822,0.55962
1e-05,0.5922703,0.75551176,0.66789335,0.5601
1e-05,0.59130704,0.75569004,0.66984,0.55918
1e-05,0.59177595,0.75493085,0.66812664,0.5591
1e-05,0.5921226,0.7563629,0.6678467,0.55824
1e-05,0.59143436,0.7560905,0.6688733,0.55874
1e-05,0.59241015,0.7558638,0.66815335,0.55964
1e-05,0.5915093,0.7554306,0.66788,0.5596
1e-05,0.59194565,0.7548616,0.66878664,0.55924
1e-05,0.5908948,0.75604796,0.6685867,0.55842
1e-05,0.5920649,0.75653964,0.66734,0.55886
1e-05,0.59186345,0.7544852,0.6690267,0.55868
1e-05,0.5917977,0.7543739,0.6673333,0.5592
1e-05,0.59144574,0.75436616,0.66959333,0.5586
1e-05,0.5925456,0.75444305,0.6684267,0.55804
1e-05,0.5924493,0.7557151,0.66822666,0.5587
1e-05,0.5915606,0.75585407,0.66834664,0.55988
1e-05,0.5913572,0.7561737,0.66812,0.55966
1e-05,0.5926319,0.7550095,0.6673267,0.55906
1e-05,0.5914515,0.7561202,0.66840667,0.55902
1e-05,0.5919785,0.75530165,0.66986,0.55902
1e-05,0.5920237,0.754667,0.6676533,0.55812
1e-05,0.5914927,0.7553491,0.6675133,0.55844
1e-05,0.5920846,0.75550866,0.66715336,0.55812
1e-05,0.59212804,0.75542015,0.6685333,0.5596
1e-05,0.5920571,0.7557669,0.66741335,0.55818
1e-05,0.59248763,0.756309,0.6677667,0.55882
1e-05,0.59212524,0.7544304,0.66811335,0.5596
1e-05,0.59259933,0.75543076,0.66804665,0.55934
1e-05,0.59198546,0.75450903,0.66878664,0.55986
1e-05,0.5924271,0.75601995,0.6687533,0.55942
1e-05,0.5922541,0.7550199,0.6685733,0.5596
1e-05,0.5912959,0.75550824,0.6689867,0.55898
1e-05,0.59259504,0.7543927,0.66694665,0.55924
1e-05,0.5918002,0.7554583,0.6671,0.55946
1e-05,0.59110785,0.75655174,0.66886,0.5588
1e-05,0.5919032,0.7553541,0.6689067,0.55884
1e-05,0.59115314,0.7555924,0.66914666,0.55892
1e-05,0.5924042,0.75536823,0.66838664,0.55818
1e-05,0.59202385,0.7545477,0.66866666,0.5592
1e-05,0.5922918,0.7554903,0.6685,0.55892
1e-05,0.59170794,0.7541643,0.66812,0.55888
1e-05,0.5915438,0.755373,0.66942,0.5585
1e-05,0.59099555,0.7553632,0.6695333,0.5588
1e-05,0.5919806,0.7567824,0.66730666,0.55822
1e-05,0.59164155,0.7556221,0.6688667,0.55958
1e-05,0.5925942,0.75662696,0.6680667,0.56004
1e-05,0.59169877,0.75541365,0.6682133,0.55944
1e-05,0.59242845,0.75430316,0.66606,0.55854
1e-05,0.5919175,0.7541283,0.6689467,0.55944
1e-05,0.5921449,0.7547772,0.66841334,0.5584
1e-05,0.59238935,0.7550407,0.6678,0.55962
1e-05,0.59186256,0.7555631,0.66866666,0.5593
1e-05,0.5918451,0.75548255,0.66862667,0.55914
1e-05,0.59154576,0.75629264,0.669,0.5595
1e-05,0.5915688,0.75588393,0.66786665,0.55938
1e-05,0.59302855,0.7545088,0.66715336,0.56008
1e-05,0.59121674,0.75459546,0.6694133,0.5597
1e-05,0.5920035,0.75452936,0.66760665,0.55998
1e-05,0.59102684,0.7562829,0.6683267,0.55994
1e-05,0.5925897,0.7540092,0.6673,0.5584
1e-05,0.5913831,0.75523865,0.66929334,0.55956
1e-05,0.5921432,0.75571144,0.6682733,0.55866
1e-05,0.59230345,0.7550938,0.6684267,0.55864
1e-05,0.5916159,0.75494826,0.66771334,0.55916
1e-05,0.5918948,0.7545169,0.66796666,0.5588
1e-05,0.59210104,0.7551939,0.66828,0.5593
1e-05,0.59288234,0.7545112,0.66656667,0.55886
1e-05,0.5927843,0.75498235,0.66815335,0.55968
1e-05,0.59248346,0.7540907,0.66886,0.55978
1e-05,0.59176403,0.75533366,0.66845334,0.55886
1e-05,0.5925493,0.7536779,0.66768,0.56018
1e-05,0.59129524,0.7559998,0.66775334,0.55962
1e-05,0.5918385,0.7548917,0.66884,0.55948
1e-05,0.5917937,0.7547894,0.66760665,0.55964
1e-05,0.59111786,0.7550776,0.6684267,0.55986
1e-05,0.59259605,0.75436,0.6680533,0.55964
1e-05,0.5914964,0.75685334,0.66746,0.55832
1e-05,0.59292006,0.75392026,0.6674333,0.55818
1e-05,0.5928684,0.7552462,0.66692,0.55968
1e-05,0.592327,0.7545256,0.6670667,0.5595
1e-05,0.59135413,0.75565624,0.66840667,0.55836
1e-05,0.5912455,0.7562387,0.6685067,0.55914
1e-05,0.59165,0.75615007,0.6672267,0.55872
1e-05,0.592123,0.7557298,0.66801333,0.55924
1e-05,0.5921744,0.7555997,0.6683267,0.55866
1e-05,0.5917074,0.75452423,0.66925335,0.55908
1e-05,0.5923931,0.7547034,0.6676133,0.55936
1e-05,0.5920986,0.7543125,0.66917336,0.55836
1e-05,0.59154207,0.75426847,0.66768664,0.55902
1e-05,0.5918115,0.7559571,0.6698533,0.55948
1e-05,0.59120685,0.7549902,0.6698,0.55832
1e-05,0.5918371,0.7546636,0.6681733,0.55898
1e-05,0.5922864,0.7548918,0.66784,0.56004
1e-05,0.59284997,0.7529956,0.6686867,0.55978
1e-05,0.5918116,0.75463927,0.6682867,0.5593
1e-05,0.5920668,0.75490314,0.66847336,0.55882
1e-05,0.59152323,0.7558052,0.66872,0.55954
1e-05,0.5916589,0.7557979,0.6687933,0.5598
1e-05,0.59127855,0.7560301,0.66892,0.55962
1e-05,0.59187764,0.7571794,0.66788,0.5593
1e-05,0.59089977,0.7568045,0.66882,0.55924
1e-05,0.5911695,0.7557293,0.66956,0.55926
1e-05,0.59191513,0.7555969,0.66774,0.56026
1e-05,0.59058785,0.75575095,0.66893333,0.55958
1e-05,0.59151226,0.75581825,0.66958,0.55852
1e-05,0.5909632,0.755354,0.66852,0.5578
1e-05,0.5912994,0.7552989,0.67020667,0.5597
1e-05,0.5916568,0.75730044,0.6682,0.55998
1e-05,0.5918171,0.75522435,0.6685067,0.559
1e-05,0.59085,0.7547434,0.66855335,0.55852
1e-05,0.59142596,0.7556086,0.66838,0.55826
1e-05,0.5912719,0.75494933,0.66962,0.55828
1e-05,0.591623,0.7572064,0.6676667,0.55792
1e-05,0.59213555,0.75557363,0.66837335,0.5594
1e-05,0.59204197,0.7562002,0.6672867,0.55916
1e-05,0.5920472,0.7537011,0.6678867,0.55906
1e-05,0.5925598,0.7549601,0.6674067,0.55892
1e-05,0.5910791,0.7550008,0.66894,0.55846
1e-05,0.59145963,0.75547796,0.66911334,0.55924
1e-05,0.59237605,0.7560374,0.66749334,0.55918
1e-05,0.5911,0.7550899,0.66894,0.55898
1e-05,0.59127784,0.75566363,0.66770667,0.55866
1e-05,0.5917758,0.75619483,0.66854,0.5601
1e-05,0.5922855,0.7553861,0.6685,0.55976
1e-05,0.59234786,0.75432086,0.6670733,0.55954
1e-05,0.5922566,0.7532792,0.66844666,0.55934
1e-05,0.5916282,0.7553975,0.66974,0.56046
1e-05,0.59048206,0.7564834,0.6702,0.55914
1e-05,0.5911726,0.75624484,0.66838,0.5593
1e-05,0.59238535,0.7547592,0.66823334,0.55818
1e-05,0.59182423,0.75511813,0.66871333,0.55906
1e-05,0.591367,0.7550581,0.66894,0.55892
1e-05,0.59141785,0.7559743,0.6687,0.55996
1e-05,0.5913186,0.75680363,0.66860664,0.5591
1e-05,0.5911638,0.75613034,0.6693067,0.55922
1e-05,0.59146595,0.75598246,0.6702333,0.5587
1e-05,0.5909626,0.7566495,0.6691267,0.55906
1e-05,0.5922979,0.755394,0.669,0.55894
1e-05,0.59162736,0.75629014,0.66802,0.55888
1e-05,0.59198844,0.75488734,0.66754,0.559
1e-05,0.59097034,0.7560131,0.66948,0.5597
1e-05,0.5912959,0.7563943,0.66914,0.55896
1e-05,0.5916359,0.7553982,0.66961336,0.559
1e-05,0.5914848,0.756858,0.67040664,0.55914
1e-05,0.59146446,0.7564146,0.6686867,0.55838
1e-05,0.592152,0.75657547,0.66792667,0.5587
1e-05,0.5925604,0.755989,0.66814,0.55886
1e-05,0.59191895,0.7560164,0.66829336,0.55984
1e-05,0.5909177,0.75624126,0.66907334,0.55878
1e-05,0.59004563,0.7585893,0.67021334,0.5574
1e-05,0.59167963,0.75587004,0.6690267,0.55882
1e-05,0.59177506,0.7562584,0.6681333,0.55962
1e-05,0.59135014,0.7546565,0.66841334,0.55862
1e-05,0.5908537,0.7568272,0.6693133,0.55972
1e-05,0.5916507,0.75562793,0.66932,0.55944
1e-05,0.59110194,0.7555885,0.66874,0.55882
1e-05,0.5909932,0.7545346,0.66892,0.55932
1e-05,0.5915066,0.75524056,0.66998,0.55916
1e-05,0.5911416,0.755251,0.6681733,0.5584
1e-05,0.59238905,0.75390005,0.66801333,0.55916
1e-05,0.59140456,0.75590676,0.66881335,0.55904
1e-05,0.5917484,0.753877,0.66784,0.5595
1e-05,0.59237885,0.7538187,0.6683667,0.5599
1e-05,0.59183085,0.75558054,0.66842,0.55966
1e-05,0.59140813,0.7553228,0.6689,0.55878
1e-05,0.5913445,0.7552796,0.66944665,0.55868
1e-05,0.59164757,0.75605875,0.66922,0.55936
1e-05,0.5916636,0.7552226,0.6696067,0.55926
1e-05,0.59261674,0.75546145,0.6669933,0.55926
1e-05,0.5912174,0.7564519,0.66844,0.56
1e-05,0.5920134,0.7547535,0.66939336,0.56006
1e-05,0.59142494,0.75468963,0.66950667,0.55978
1e-05,0.5916885,0.7553583,0.66910666,0.55898
1e-05,0.59206086,0.7539603,0.6675133,0.56008
1e-05,0.59236085,0.7547472,0.6689133,0.5596
1e-05,0.5916852,0.7555566,0.66834664,0.55854
1e-05,0.59168786,0.75571066,0.66962,0.5595
1e-05,0.59157234,0.75567394,0.6690933,0.55986
1e-05,0.5922054,0.7548263,0.66693336,0.55914
1e-05,0.5908356,0.75373966,0.66958,0.5596
1e-05,0.5926617,0.7548817,0.6669,0.55952
1e-05,0.5916941,0.7561067,0.66786665,0.5586
1e-05,0.5914278,0.7552216,0.66794,0.55898
1e-05,0.59028685,0.7552207,0.66801333,0.55902
1e-05,0.5911466,0.7558713,0.66824,0.55974
1e-05,0.5927492,0.7549853,0.6686533,0.55904
1e-05,0.59187305,0.75508827,0.66876,0.5596
1e-05,0.5907796,0.75586253,0.66987336,0.56056
1e-05,0.591175,0.75553584,0.66844,0.55934
1e-05,0.59252787,0.7520902,0.66852665,0.55862
1e-05,0.5913086,0.7545188,0.66914,0.55976
1e-05,0.59188724,0.7554819,0.66847336,0.55938
1e-05,0.59210575,0.7551286,0.66778666,0.55956
1e-05,0.5920019,0.75409126,0.6683533,0.55924
1e-05,0.5907597,0.7542098,0.66794,0.5591
1e-05,0.5913625,0.7555149,0.6685,0.55924
1e-05,0.5919466,0.75376,0.66803336,0.55858
1e-05,0.591311,0.7545145,0.66855335,0.56018
1e-05,0.5922439,0.75541824,0.6682133,0.55986
1e-05,0.5919786,0.7559343,0.6678333,0.55906
1e-05,0.59183294,0.7570641,0.6679467,0.55982
1e-05,0.5917092,0.75571597,0.66792,0.55876
1e-05,0.5905777,0.7550664,0.6692467,0.56006
1e-05,0.5908981,0.75635844,0.66939336,0.55902
1e-05,0.5917215,0.7552855,0.6685467,0.5594
1e-05,0.5918017,0.7554444,0.66802,0.55942
1e-05,0.5908479,0.755753,0.66812,0.55876
1e-05,0.5910588,0.75589067,0.66982,0.55884
1e-05,0.59110296,0.75652355,0.66798,0.55924
1e-05,0.59129316,0.756083,0.66903335,0.55926
1e-05,0.59057426,0.75651854,0.67064,0.5597
1e-05,0.59112716,0.7565358,0.6689133,0.55936
1e-05,0.59127605,0.7561291,0.6685733,0.56012
1e-05,0.59210473,0.7567846,0.66884,0.5593
1e-05,0.5908637,0.7558034,0.66954666,0.55802
1e-05,0.59143025,0.7562243,0.66896665,0.55798
1e-05,0.59094024,0.7551936,0.6698667,0.55936
1e-05,0.5917545,0.75461,0.66940665,0.55972
1e-05,0.5917825,0.75483674,0.66808,0.5575
1e-05,0.59136164,0.7556445,0.6693533,0.55898
1e-05,0.5915507,0.7567671,0.66746,0.55976
1e-05,0.59160596,0.7554258,0.66914,0.55916
1e-05,0.59125346,0.75509346,0.66812664,0.55912
1e-05,0.5914013,0.7544694,0.6689,0.55876
1e-05,0.5915027,0.75535524,0.67024,0.56048
1e-05,0.59155947,0.75643224,0.66859335,0.55976
1e-05,0.59125626,0.7579931,0.66942,0.55914
1e-05,0.59203506,0.75679326,0.66888,0.55878
1e-05,0.59146374,0.75579524,0.6682733,0.5594
1e-05,0.5919403,0.75556844,0.66672,0.56028
1e-05,0.5906391,0.75751704,0.6686,0.55958
1e-05,0.5912564,0.7565938,0.66871333,0.55868
1e-05,0.59131575,0.75633436,0.66958666,0.55788
1e-05,0.59124887,0.75623417,0.66958666,0.55952
1e-05,0.5906552,0.75799507,0.66996,0.55908
1e-05,0.5897756,0.75891614,0.66968,0.55804
1e-05,0.591068,0.75701314,0.66936,0.5593
1e-05,0.59241205,0.75618714,0.66825336,0.55902
1e-05,0.5915174,0.75597006,0.6693067,0.55914
1e-05,0.5898738,0.7566909,0.6706333,0.55854
1e-05,0.5910557,0.7552481,0.66864,0.55832
1e-05,0.59091324,0.7562272,0.6691,0.5583
1e-05,0.59127265,0.755924,0.66852,0.55886
1e-05,0.5918596,0.75454736,0.66876,0.55892
1e-05,0.59193236,0.7556759,0.66884667,0.55946
1e-05,0.590433,0.7551825,0.6691,0.55978
1e-05,0.5913269,0.75510347,0.66907334,0.55882
1e-05,0.5912949,0.7554456,0.66924,0.55894
1e-05,0.59086925,0.7567388,0.67042667,0.55912
1e-05,0.5914064,0.7565454,0.6688667,0.5592
1e-05,0.59156513,0.75637186,0.6689867,0.55932
1e-05,0.59170043,0.75523835,0.66822666,0.56
1e-05,0.59096223,0.75698227,0.6693,0.5597
1e-05,0.5908721,0.75567365,0.6685867,0.55936
1e-05,0.59156054,0.7557188,0.6684,0.56
1e-05,0.5908994,0.7554565,0.6702333,0.5593
1e-05,0.59110427,0.7553667,0.66950667,0.55918
1e-05,0.5913961,0.7562291,0.66844666,0.5591
1e-05,0.5912491,0.75716364,0.6694533,0.55932
1e-05,0.5900491,0.7554346,0.6696733,0.55894
1e-05,0.5916448,0.75637764,0.6691267,0.55922
1e-05,0.5910158,0.7561603,0.6683667,0.55892
1e-05,0.5913817,0.75695586,0.6678467,0.55868
1e-05,0.5903155,0.7552117,0.6692467,0.55826
1e-05,0.5914956,0.75593233,0.66903335,0.5597
1e-05,0.5904665,0.75627726,0.6690867,0.55934
1e-05,0.59169453,0.7555968,0.66918,0.55998
1e-05,0.5912114,0.7560512,0.66946,0.5595
1e-05,0.5903774,0.75630075,0.66912,0.55938
1e-05,0.59148633,0.7570939,0.6686533,0.55872
1e-05,0.59212714,0.7563508,0.66801333,0.5597
1e-05,0.59044445,0.75632447,0.66968,0.5595
1e-05,0.59049356,0.7580873,0.66932,0.55882
1e-05,0.59230095,0.7561758,0.66744,0.55928
1e-05,0.5913434,0.7562125,0.66892666,0.55964
1e-05,0.5912651,0.7575189,0.6696067,0.5593
1e-05,0.5907667,0.7572967,0.66852,0.55956
1e-05,0.5909605,0.7572298,0.66922,0.55984
1e-05,0.5918943,0.75519615,0.66701335,0.55984
1e-05,0.59227103,0.75543606,0.6676933,0.55968
1e-05,0.5908676,0.7563558,0.6694133,0.56038
1e-05,0.590817,0.75569874,0.66934,0.56022
1e-05,0.5908966,0.7567528,0.6701667,0.55932
1e-05,0.59161764,0.75508624,0.6687,0.5593
1e-05,0.59157896,0.7566702,0.6691667,0.55966
1e-05,0.5900996,0.7573471,0.6700867,0.56
1e-05,0.5899141,0.7585118,0.66918,0.55896
1e-05,0.590995,0.75639534,0.66954,0.55998
1e-05,0.59120816,0.75807595,0.66947335,0.55946
1e-05,0.59109306,0.75700504,0.6692467,0.55946
1e-05,0.5913475,0.7562557,0.66894,0.5589
1e-05,0.59092766,0.75669247,0.6700067,0.55946
1e-05,0.59123844,0.75673115,0.6684333,0.55918
1e-05,0.59232306,0.755522,0.66848,0.55986
1e-05,0.59072846,0.75603145,0.66871333,0.55942
1e-05,0.5911953,0.75644433,0.66824,0.55922
1e-05,0.59054554,0.75649285,0.6690533,0.55954
1e-05,0.5908653,0.7567002,0.6686467,0.55948
1e-05,0.5906727,0.7588953,0.6700067,0.55856
1e-05,0.5898187,0.75725484,0.67075336,0.55924
1e-05,0.5916387,0.7561212,0.66895336,0.56016
1e-05,0.59119433,0.75614357,0.66910666,0.55956
1e-05,0.59064496,0.75626963,0.66940665,0.559
1e-05,0.5910476,0.75724053,0.66851336,0.55886
1e-05,0.5907162,0.7551918,0.66934,0.55968
1e-05,0.5916069,0.75517976,0.66863334,0.55928
1e-05,0.5910437,0.7567813,0.6700067,0.56008
1e-05,0.59047276,0.7569967,0.66992,0.55846
1e-05,0.59025747,0.75701755,0.6693467,0.55962
1e-05,0.5904827,0.75760055,0.6689,0.55944
1e-05,0.59135294,0.7562497,0.66925335,0.5592
1e-05,0.592178,0.7576941,0.6685333,0.55926
1e-05,0.5902803,0.7573566,0.6686933,0.55872
1e-05,0.59061676,0.75746113,0.66903335,0.55942
1e-05,0.59085214,0.75772715,0.66874,0.5583
1e-05,0.5904569,0.75670314,0.66961336,0.5585
1e-05,0.5903336,0.75717556,0.66803336,0.5594
1e-05,0.58992845,0.7565817,0.67104,0.55906
1e-05,0.59081435,0.7566219,0.6685467,0.5591
1e-05,0.5910897,0.75795126,0.67018664,0.5592
1e-05,0.5910341,0.75678676,0.66882,0.5597
1e-05,0.5909375,0.7563953,0.66882,0.55932
1e-05,0.591235,0.75642073,0.66798,0.55952
1e-05,0.59121287,0.75736326,0.6694933,0.5591
1e-05,0.5906736,0.7575193,0.67,0.5603
1e-05,0.59131885,0.75617987,0.6690533,0.55952
1e-05,0.591735,0.7559795,0.6692067,0.55948
1e-05,0.5905138,0.7569951,0.6696733,0.55804
1e-05,0.59099793,0.756066,0.66922,0.5589
1e-05,0.5908394,0.7568807,0.6698267,0.55916
1e-05,0.59113413,0.75715065,0.66925335,0.5583
1e-05,0.59082246,0.75732934,0.66866666,0.55936
1e-05,0.5910806,0.7566241,0.66934,0.55908
1e-05,0.5913072,0.75425935,0.66851336,0.55894
1e-05,0.5902066,0.7568558,0.67034,0.55978
1e-05,0.59165215,0.75579196,0.6692467,0.55984
1e-05,0.59091276,0.75713557,0.66823334,0.55858
1e-05,0.59197533,0.75582904,0.66918,0.55918
1e-05,0.59030896,0.7556252,0.66895336,0.55914
1e-05,0.59096974,0.75618994,0.6696333,0.55836
1e-05,0.59083253,0.7563839,0.6685067,0.55922
1e-05,0.59033436,0.75865823,0.66999334,0.55882
1e-05,0.5898536,0.75677776,0.67058,0.55804
1e-05,0.5909806,0.7559302,0.66961336,0.55956
1e-05,0.59071803,0.7567975,0.66912,0.55868
1e-05,0.59167093,0.75643307,0.6686133,0.55906
1e-05,0.59119225,0.75465906,0.6682133,0.55924
1e-05,0.5910561,0.75655705,0.67032665,0.55964
1e-05,0.5916761,0.7568599,0.66940665,0.55948
1e-05,0.590303,0.7569106,0.67075336,0.55856
1e-05,0.59120685,0.7575091,0.6690133,0.5595
1e-05,0.590856,0.7572984,0.6686467,0.55904
1e-05,0.59073234,0.75527465,0.66917336,0.55866
1e-05,0.5907911,0.75671923,0.66991335,0.55834
1e-05,0.59066087,0.75695777,0.6689733,0.55928
1e-05,0.59065586,0.7560848,0.66929334,0.5587
1e-05,0.5908119,0.7576204,0.66959333,0.55958
1e-05,0.5902346,0.75697917,0.67065334,0.55832
1e-05,0.59006155,0.75781876,0.6691267,0.55872
1e-05,0.5902474,0.7584324,0.66838,0.55848
1e-05,0.5907871,0.7568947,0.67036,0.5581
1e-05,0.5908131,0.75669426,0.66915333,0.55868
1e-05,0.5909163,0.7578382,0.66892666,0.5594
1e-05,0.59020936,0.75736594,0.6704533,0.56018
1e-05,0.5902084,0.7583689,0.66922665,0.56014
1e-05,0.59042275,0.75776863,0.66994,0.55984
1e-05,0.59033936,0.755843,0.67046,0.55908
1e-05,0.5909754,0.7567373,0.6695333,0.55958
1e-05,0.5909033,0.75659895,0.6689067,0.55968
1e-05,0.59056437,0.7574587,0.6690933,0.55866
1e-05,0.5905082,0.7569436,0.66958666,0.55902
1e-05,0.5909291,0.7566474,0.6693533,0.55824
1e-05,0.5900876,0.757468,0.6698,0.55966
1e-05,0.5911841,0.7564328,0.66867334,0.55904
1e-05,0.58996546,0.7571237,0.6684,0.5595
1e-05,0.59005165,0.7596029,0.67028666,0.55894
1e-05,0.5906699,0.75645906,0.66951334,0.55834
1e-05,0.5908943,0.7579102,0.6685467,0.5593
1e-05,0.59093666,0.75572294,0.66873336,0.5597
1e-05,0.59109896,0.7562693,0.66838,0.55948
1e-05,0.59135246,0.7571838,0.66966665,0.55928
1e-05,0.5910881,0.75591284,0.6690267,0.55896
1e-05,0.59051424,0.75664765,0.668,0.55888
1e-05,0.5916482,0.7552766,0.66866666,0.55888
1e-05,0.5898568,0.7581836,0.66969335,0.5588
1e-05,0.59004486,0.7563475,0.6707733,0.5582
1e-05,0.5902804,0.75730026,0.66986,0.55936
1e-05,0.59057695,0.7581171,0.66899335,0.55888
1e-05,0.5906184,0.7571466,0.66906,0.55872
1e-05,0.5898155,0.75803995,0.66918665,0.5589
1e-05,0.59058094,0.75719887,0.67012,0.55928
1e-05,0.5911977,0.7571515,0.66899335,0.55876
1e-05,0.59151447,0.756828,0.66841334,0.55846
1e-05,0.5909579,0.7562921,0.6689867,0.5589
1e-05,0.59138167,0.756474,0.66942,0.55916
1e-05,0.59120613,0.7570341,0.66903335,0.55846
1e-05,0.5907929,0.75616,0.66933334,0.5586
1e-05,0.59045035,0.75694597,0.6693467,0.55914
1e-05,0.5899039,0.75769556,0.6694533,0.55948
1e-05,0.5907886,0.7551812,0.6691933,0.55922
1e-05,0.59103364,0.7570804,0.6683933,0.56054
1e-05,0.5903197,0.75630975,0.6697933,0.5589
1e-05,0.5915012,0.75638014,0.6687,0.55964
1e-05,0.5899464,0.7574629,0.67061335,0.55904
1e-05,0.59104943,0.7565186,0.66851336,0.55964
1e-05,0.5907866,0.75852686,0.66912,0.55904
1e-05,0.5903029,0.7572902,0.66918665,0.5591
1e-05,0.5908347,0.7578678,0.67031336,0.55766
1e-05,0.59029776,0.75799376,0.67002,0.55868
1e-05,0.5908615,0.7568465,0.6693533,0.55844
1e-05,0.59005725,0.756558,0.6698667,0.55908
1e-05,0.5914266,0.7568103,0.66849333,0.55836
1e-05,0.5906338,0.75660163,0.66986,0.55918
1e-05,0.5910584,0.7562615,0.66966665,0.559
1e-05,0.5903211,0.75642496,0.6709933,0.55836
1e-05,0.59166014,0.7560959,0.66863334,0.5575
1e-05,0.5899747,0.7558414,0.66996,0.55804
1e-05,0.59061855,0.7568563,0.66840667,0.5589
1e-05,0.590546,0.75784487,0.66816664,0.55886
1e-05,0.5908657,0.7582143,0.66955334,0.55838
1e-05,0.5911823,0.75760007,0.6684,0.55974
1e-05,0.5896131,0.7565381,0.66996664,0.558
1e-05,0.59181184,0.75653356,0.6686133,0.55886
1e-05,0.59014016,0.7575434,0.6697933,0.55838
1e-05,0.5903759,0.75819474,0.66878,0.55932
1e-05,0.5908149,0.7570853,0.66870666,0.55958
1e-05,0.5908665,0.75769496,0.66884,0.55872
1e-05,0.59144425,0.7561787,0.6681733,0.558
1e-05,0.59049743,0.7567545,0.66902,0.55836
1e-05,0.59095037,0.7568333,0.66856664,0.55882
1e-05,0.59127355,0.75609434,0.66858,0.55954
1e-05,0.5901323,0.7577949,0.6689867,0.55894
1e-05,0.590858,0.7561396,0.66896,0.55954
1e-05,0.59048945,0.75696594,0.66932666,0.55924
1e-05,0.59043694,0.75739163,0.67013335,0.5588
1e-05,0.59017444,0.7574345,0.66846,0.5601
1e-05,0.5902842,0.7577717,0.66977334,0.55864
1e-05,0.5903777,0.7575801,0.67014,0.55926
1e-05,0.5912886,0.75676817,0.66912,0.55974
1e-05,0.5910456,0.7567129,0.66822666,0.55812
1e-05,0.59064806,0.75752544,0.66955334,0.55952
1e-05,0.5901664,0.7575347,0.66976,0.55774
1e-05,0.59027225,0.75742817,0.6700467,0.5588
1e-05,0.5910658,0.7566742,0.67043334,0.55922
1e-05,0.5906553,0.7558299,0.66888,0.5592
1e-05,0.5909644,0.7574501,0.66988665,0.55948
1e-05,0.5912391,0.7573304,0.66912,0.55946
1e-05,0.5900267,0.75719404,0.6703467,0.55898
1e-05,0.5901939,0.75775313,0.66908,0.55858
1e-05,0.5901483,0.7576847,0.6690533,0.55724
1e-05,0.59192693,0.7574973,0.66900665,0.55982
1e-05,0.5906784,0.7562157,0.6697533,0.5596
1e-05,0.59051424,0.758136,0.66906,0.55928
1e-05,0.59084517,0.7585834,0.66904664,0.56018
1e-05,0.59051514,0.7573758,0.66966,0.55856
1e-05,0.59067494,0.7581071,0.6693067,0.55962
1e-05,0.59021103,0.75667375,0.67028666,0.55918
1e-05,0.5909631,0.7591589,0.6686,0.55884
1e-05,0.59084946,0.7571251,0.66914,0.55834
1e-05,0.59009236,0.75648046,0.66970664,0.55842
1e-05,0.58990586,0.757366,0.66966,0.55788
1e-05,0.58965355,0.7578919,0.6701,0.55818
1e-05,0.589603,0.75850743,0.67108,0.5589
1e-05,0.59022546,0.7552395,0.66942,0.55778
1e-05,0.5902749,0.7568826,0.66956,0.55882
1e-05,0.59092575,0.7565366,0.66904,0.55928
1e-05,0.59137964,0.75652903,0.6691933,0.55874
1e-05,0.59006417,0.7555946,0.6710467,0.5586
1e-05,0.589782,0.75784266,0.67068,0.55912
1e-05,0.5903672,0.75778776,0.6688667,0.55898
1e-05,0.5902319,0.7582464,0.66961336,0.55876
1e-05,0.5903065,0.7590502,0.6707733,0.55932
1e-05,0.59100866,0.75642484,0.67024,0.55848
1e-05,0.5892748,0.7577053,0.6699333,0.55836
1e-05,0.59066945,0.7582806,0.6692733,0.55946
1e-05,0.5902522,0.75853336,0.66939336,0.55986
1e-05,0.5909061,0.7576301,0.66776,0.5589
1e-05,0.5907522,0.7581931,0.6691,0.55816
1e-05,0.59040564,0.75815225,0.66918665,0.55796
1e-05,0.5911654,0.75746375,0.66837335,0.55906
1e-05,0.5902693,0.7584547,0.66928667,0.55904
1e-05,0.5907407,0.75691557,0.67003334,0.55984
1e-05,0.5911207,0.757679,0.6691,0.5582
1e-05,0.59061265,0.75681525,0.66939336,0.55896
1e-05,0.59075344,0.7573888,0.66983336,0.55912
1e-05,0.5903129,0.7572146,0.66958666,0.55888
1e-05,0.5910255,0.7573548,0.66868,0.5587
1e-05,0.5900672,0.7578863,0.66978,0.5581
1e-05,0.5912556,0.75716853,0.6698933,0.55838
1e-05,0.589614,0.75777704,0.6708,0.55978
1e-05,0.59055823,0.7558522,0.66902,0.55898
1e-05,0.59046894,0.75790375,0.6700467,0.55906
1e-05,0.59002906,0.75919694,0.67058665,0.55872
1e-05,0.59066266,0.75577,0.66896665,0.558
1e-05,0.59086436,0.757797,0.66944665,0.55972
1e-05,0.5902124,0.7572042,0.67056,0.5588
1e-05,0.59114933,0.7568232,0.66822666,0.55872
1e-05,0.5912468,0.7575637,0.66934,0.559
1e-05,0.59027433,0.75811934,0.67109334,0.55842
1e-05,0.5906948,0.7575502,0.67010665,0.55762
1e-05,0.5901216,0.75730973,0.67,0.55942
1e-05,0.59040284,0.7569123,0.66958666,0.55778
1e-05,0.59013313,0.7579266,0.67026,0.55636
1e-05,0.58998364,0.75855184,0.67032,0.55806
1e-05,0.59047955,0.75699836,0.66885334,0.55778
1e-05,0.5910753,0.7565316,0.66928667,0.55932
1e-05,0.5907613,0.7578025,0.6683133,0.5587
1e-05,0.59019923,0.75810295,0.66970664,0.55784
1e-05,0.590357,0.7579969,0.66846,0.5593
1e-05,0.5909688,0.75804925,0.6689867,0.55836
1e-05,0.5906407,0.75852877,0.66904,0.56
1e-05,0.58930635,0.75792265,0.67064,0.55832
1e-05,0.5907616,0.7568023,0.6693533,0.55856
1e-05,0.5903368,0.7570281,0.66954,0.55834
1e-05,0.5901125,0.75810915,0.6693867,0.55818
1e-05,0.59026647,0.75724614,0.66954,0.55764
1e-05,0.590736,0.7579254,0.66972667,0.55812
1e-05,0.5901613,0.7577825,0.6708,0.55774
1e-05,0.59079725,0.7576864,0.66878,0.55824
1e-05,0.59023887,0.7577806,0.66914666,0.55804
1e-05,0.59003127,0.75986135,0.66972667,0.55798
1e-05,0.5899945,0.756225,0.6704,0.55868
1e-05,0.5905428,0.757865,0.66940665,0.55858
1e-05,0.5901245,0.7573873,0.67016,0.5581
1e-05,0.5893637,0.7580029,0.66899335,0.55818
1e-05,0.59082973,0.75825703,0.6696,0.55912
1e-05,0.5909213,0.7567005,0.6690867,0.55942
1e-05,0.5906939,0.7588591,0.6679867,0.55858
1e-05,0.5897243,0.7572804,0.6691,0.56002
1e-05,0.5903687,0.7584368,0.67024666,0.55796
1e-05,0.590532,0.75708914,0.6691267,0.55912
1e-05,0.5904012,0.7571629,0.66964,0.55894
1e-05,0.5901359,0.7570697,0.66998667,0.55914
1e-05,0.58958787,0.75592506,0.6707867,0.55816
1e-05,0.5899038,0.75678205,0.6705667,0.55856
1e-05,0.58928543,0.7576099,0.6714067,0.55818
1e-05,0.5905256,0.7576357,0.66940665,0.559
1e-05,0.5909127,0.75724566,0.6690133,0.55874
1e-05,0.5911359,0.75689447,0.6685733,0.5588
1e-05,0.59097284,0.7573653,0.66834664,0.5593
1e-05,0.59116095,0.75687647,0.66877335,0.55902
1e-05,0.5900691,0.7566229,0.6693533,0.55908
1e-05,0.5906857,0.75797445,0.6693,0.55826
1e-05,0.5907318,0.756888,0.67024666,0.55808
1e-05,0.5908976,0.7560738,0.66964,0.55854
1e-05,0.5910863,0.75556177,0.66922665,0.55856
1e-05,0.59034795,0.756768,0.6694533,0.55812
1e-05,0.59015226,0.7579345,0.6700133,0.55844
1e-05,0.590055,0.7595341,0.66951334,0.56006
1e-05,0.59099686,0.756346,0.6682467,0.55772
1e-05,0.5901336,0.7574973,0.66984,0.56002
1e-05,0.5905493,0.757637,0.67018,0.55878
1e-05,0.59028524,0.7581834,0.67013335,0.5588
1e-05,0.59086895,0.7564419,0.66753334,0.55984
1e-05,0.59067476,0.757384,0.66873336,0.55822
1e-05,0.5901032,0.7574022,0.66970664,0.55902
1e-05,0.5912852,0.7577854,0.66822666,0.55862
1e-05,0.5900657,0.75784886,0.6704467,0.55858
1e-05,0.5910265,0.75711656,0.6687267,0.55874
1e-05,0.5907804,0.75686467,0.67002,0.55916
1e-05,0.59007204,0.75706726,0.67028666,0.55966
1e-05,0.5912314,0.7560161,0.66966665,0.55848
1e-05,0.59062946,0.75665694,0.66904664,0.55856
1e-05,0.5906082,0.75698286,0.67031336,0.55868
1e-05,0.5899559,0.7570452,0.66939336,0.55976
1e-05,0.5908728,0.7587125,0.6690933,0.5608
1e-05,0.5895937,0.75711614,0.67014664,0.55926
1e-05,0.590157,0.7583971,0.6694133,0.55992
1e-05,0.59026766,0.75872505,0.67058,0.55908
1e-05,0.5907427,0.7576613,0.67065334,0.5593
1e-05,0.589418,0.7570012,0.6708533,0.5591
1e-05,0.58986026,0.7576529,0.6699067,0.5581
1e-05,0.5899973,0.7577301,0.6701133,0.5589
1e-05,0.58935636,0.7584752,0.67138666,0.55912
1e-05,0.590327,0.75674295,0.66972,0.55954
1e-05,0.5908725,0.75789565,0.66822,0.55998
1e-05,0.59073454,0.7557945,0.66877335,0.55872
1e-05,0.5902679,0.75731283,0.6692467,0.55958
1e-05,0.58998615,0.7581434,0.67050666,0.55904
1e-05,0.5896783,0.7570308,0.6696867,0.55922
1e-05,0.5900008,0.7579094,0.6691933,0.55922
1e-05,0.5906557,0.7568416,0.6694267,0.5592
1e-05,0.5899901,0.7570352,0.6704933,0.55862
1e-05,0.5905493,0.7563,0.66928667,0.55926
1e-05,0.59107167,0.7584884,0.6693,0.55898
1e-05,0.5890197,0.7582342,0.67065334,0.55884
1e-05,0.59039307,0.7574802,0.66946,0.55904
1e-05,0.5898865,0.7579805,0.66966665,0.55868
1e-05,0.58958507,0.75834924,0.67092,0.55902
1e-05,0.58907866,0.7588562,0.67154664,0.5589
1e-05,0.59145194,0.75658613,0.66936,0.55924
1e-05,0.59033453,0.7577992,0.66844,0.55944
1e-05,0.5899592,0.7590914,0.66924,0.5601
1e-05,0.59009457,0.75718296,0.66994,0.55928
1e-05,0.5899547,0.7569498,0.67043334,0.55782
1e-05,0.5903296,0.7572571,0.66998667,0.55868
1e-05,0.59099716,0.7573139,0.66944665,0.55892
1e-05,0.58940834,0.7576968,0.6704,0.55888
1e-05,0.5906296,0.75901693,0.6684,0.55888
1e-05,0.5894361,0.7574957,0.67091334,0.55794
1e-05,0.5907115,0.7577993,0.6687933,0.55964
1e-05,0.5896509,0.7598079,0.66988665,0.55988
1e-05,0.58980626,0.75782007,0.67083335,0.55852
1e-05,0.5902072,0.7588235,0.66926,0.55882
1e-05,0.5898182,0.7586683,0.66980666,0.55916
1e-05,0.5900132,0.7586454,0.6693467,0.5581
1e-05,0.5897097,0.7587862,0.6694667,0.55886
1e-05,0.58969235,0.7583026,0.67069334,0.559
1e-05,0.5903285,0.7589105,0.67005336,0.5598
1e-05,0.58977973,0.75805676,0.6706733,0.55902
1e-05,0.5898192,0.7558811,0.6695,0.55918
1e-05,0.59015447,0.75752914,0.67031336,0.55864
1e-05,0.59006447,0.7570061,0.6697867,0.55914
1e-05,0.5890085,0.7583846,0.6712667,0.55892
1e-05,0.5906826,0.75567013,0.67039335,0.5582
1e-05,0.5900707,0.75648063,0.67007333,0.55938
1e-05,0.5904049,0.75693935,0.66908,0.55886
1e-05,0.5899434,0.7580611,0.66969335,0.55978
1e-05,0.5906035,0.75734544,0.6692,0.55898
1e-05,0.5893677,0.758182,0.67025334,0.5593
1e-05,0.5905003,0.7586892,0.66962,0.5585
1e-05,0.5898823,0.7568213,0.66999334,0.55882
1e-05,0.58984387,0.75742555,0.6714067,0.55918
1e-05,0.5900685,0.7566244,0.6702667,0.55846
1e-05,0.58967036,0.757842,0.66944665,0.55846
1e-05,0.5897158,0.756842,0.6699733,0.5582
1e-05,0.59037703,0.7581577,0.66947335,0.55962
1e-05,0.5898928,0.75714934,0.6710467,0.55844
1e-05,0.59077716,0.7557474,0.66870666,0.55934
1e-05,0.59005517,0.7566425,0.67031336,0.55878
1e-05,0.5896612,0.75850326,0.6708533,0.56
1e-05,0.59037656,0.7574739,0.66944665,0.55842
1e-05,0.5895572,0.7588478,0.6701,0.55982
1e-05,0.589378,0.7583415,0.6708267,0.55868
1e-05,0.5901535,0.757877,0.6701133,0.55904
1e-05,0.59026223,0.7571533,0.6696,0.55966
1e-05,0.59045017,0.7573229,0.66873336,0.55896
1e-05,0.59101796,0.75852776,0.66934,0.55906
1e-05,0.5899897,0.75818187,0.67048,0.5596
1e-05,0.5900342,0.75934726,0.66895336,0.5597
1e-05,0.5906099,0.75753367,0.6702733,0.5601
1e-05,0.5900982,0.7592553,0.6703067,0.5595
1e-05,0.590767,0.7576461,0.6709333,0.55992
1e-05,0.5890169,0.7592119,0.67131335,0.55956
1e-05,0.58999735,0.7573504,0.6701133,0.55794
1e-05,0.5893746,0.75893813,0.67043334,0.56008
1e-05,0.5899814,0.7568226,0.6704933,0.55842
1e-05,0.5895208,0.75776696,0.67136,0.5596
1e-05,0.590964,0.75723976,0.66998,0.55932
1e-05,0.5891642,0.7588024,0.6706067,0.5589
1e-05,0.59113234,0.75828123,0.66906,0.5596
1e-05,0.59010065,0.7584889,0.6696733,0.55846
1e-05,0.58970106,0.7591037,0.66933334,0.55912
1e-05,0.5893587,0.75812745,0.67094666,0.55934
1e-05,0.589201,0.7584248,0.67020667,0.55886
1e-05,0.58965075,0.7604411,0.67088,0.55884
1e-05,0.5899746,0.75881165,0.6713333,0.55902
1e-05,0.5900554,0.7582896,0.66996,0.55958
1e-05,0.58942825,0.75647986,0.6707733,0.55904
1e-05,0.5900146,0.75888395,0.6706067,0.55872
1e-05,0.5901685,0.75930893,0.66972,0.55812
1e-05,0.59022105,0.75765514,0.6707067,0.558
1e-05,0.58975136,0.75803614,0.66903335,0.55854
1e-05,0.5900754,0.75719655,0.66978,0.55894
1e-05,0.5901105,0.7572806,0.6702733,0.55876
1e-05,0.58959365,0.7590776,0.67182,0.55966
1e-05,0.5897335,0.7588857,0.6699067,0.55882
1e-05,0.59085417,0.75780153,0.66918665,0.55912
1e-05,0.58952844,0.7575311,0.6694667,0.55886
1e-05,0.59010684,0.7577972,0.6694933,0.55806
1e-05,0.58966285,0.75983125,0.6698933,0.55898
1e-05,0.5900774,0.7595692,0.66934,0.55938
1e-05,0.58931905,0.75772667,0.67102665,0.5596
1e-05,0.590677,0.7580727,0.6691267,0.5592
1e-05,0.59074306,0.75680333,0.6700867,0.5589
1e-05,0.59016454,0.75882196,0.66972667,0.56032
1e-05,0.58971286,0.75696117,0.67109334,0.55956
1e-05,0.58986294,0.75782484,0.67036664,0.55934
1e-05,0.58972454,0.7578259,0.66922,0.5584
1e-05,0.5895142,0.7582638,0.6708,0.55906
1e-05,0.5891391,0.7588026,0.6709933,0.55884
1e-05,0.590862,0.7575525,0.6685,0.55918
1e-05,0.58996373,0.7575206,0.67098665,0.55788
1e-05,0.5896123,0.75832975,0.67075336,0.55762
1e-05,0.59040457,0.7584419,0.6697,0.55928
1e-05,0.5894906,0.75811285,0.67042667,0.5574
1e-05,0.5899037,0.75915515,0.66972667,0.55948
1e-05,0.5905162,0.7570288,0.67040664,0.55922
1e-05,0.58981526,0.7587469,0.66981333,0.55854
1e-05,0.5899776,0.7589062,0.6707,0.55886
1e-05,0.5891546,0.7582084,0.67004,0.55918
1e-05,0.59023094,0.75855726,0.6692067,0.55942
1e-05,0.589592,0.75752795,0.66992664,0.5592
1e-05,0.5895305,0.75903016,0.67031336,0.55818
1e-05,0.5910623,0.75653255,0.6695267,0.55884
1e-05,0.58987075,0.75803715,0.67116,0.55862
1e-05,0.58943343,0.75814724,0.67042,0.55846
1e-05,0.589906,0.75799096,0.6697533,0.5579
1e-05,0.5898678,0.75811714,0.66968,0.55892
1e-05,0.589698,0.7587861,0.67094,0.55774
1e-05,0.5906527,0.7579723,0.6686467,0.55874
1e-05,0.58858687,0.75889987,0.6708533,0.5584
1e-05,0.5903245,0.75874853,0.6708133,0.55894
1e-05,0.58997875,0.7580401,0.67028666,0.5587
1e-05,0.5903252,0.75901663,0.67024666,0.55924
1e-05,0.5912081,0.7571983,0.66852665,0.55992
1e-05,0.58940005,0.7580655,0.67024666,0.55854
1e-05,0.5901411,0.7574981,0.67036,0.55864
1e-05,0.5908068,0.7566124,0.6694,0.55864
1e-05,0.5902404,0.7577336,0.67006,0.55942
1e-05,0.58983225,0.7570751,0.67142665,0.55934
1e-05,0.58882856,0.7580874,0.67014664,0.55882
1e-05,0.58939546,0.7585357,0.6696467,0.55854
1e-05,0.5895047,0.7569953,0.67040664,0.55948
1e-05,0.5891204,0.7601658,0.67104,0.55842
1e-05,0.5907828,0.75817376,0.66950667,0.56032
1e-05,0.5899508,0.7574879,0.6702267,0.5596
1e-05,0.5895173,0.7576213,0.66999334,0.55884
1e-05,0.59061784,0.7576976,0.66926,0.55828
1e-05,0.5897174,0.76080793,0.6689867,0.55924
1e-05,0.5903851,0.7578552,0.66856664,0.55804
1e-05,0.5905096,0.75828063,0.6701267,0.55878
1e-05,0.58860373,0.75764847,0.67002,0.55828
1e-05,0.59031826,0.7586327,0.66954,0.55768
1e-05,0.5897539,0.75797635,0.67013335,0.55914
1e-05,0.59016734,0.7572343,0.66939336,0.55948
1e-05,0.5894485,0.75841665,0.67006,0.559
1e-05,0.58976346,0.7592938,0.67032,0.55912
1e-05,0.5895857,0.75630057,0.67039335,0.55816
1e-05,0.5900149,0.7583745,0.67018664,0.5583
1e-05,0.5891696,0.75878406,0.67002,0.55904
1e-05,0.5895766,0.7588242,0.67018664,0.55778
1e-05,0.5893082,0.7594971,0.67043334,0.55826
1e-05,0.5898923,0.75859547,0.6698667,0.55986
1e-05,0.5903929,0.7589506,0.6706667,0.55888
1e-05,0.5891142,0.75885046,0.67154,0.55938
1e-05,0.5899828,0.7573837,0.67008,0.55938
1e-05,0.5897421,0.7597414,0.6698933,0.55862
1e-05,0.5894125,0.75853455,0.6708533,0.55868
1e-05,0.58852875,0.7606467,0.67050666,0.55894
1e-05,0.5889526,0.75928557,0.67148,0.56008
1e-05,0.5894605,0.7593812,0.6698933,0.55872
1e-05,0.58939797,0.76012516,0.6714333,0.55802
1e-05,0.58938694,0.7592343,0.67040664,0.5593
1e-05,0.5900953,0.75834894,0.66942,0.55912
1e-05,0.59004015,0.76035434,0.67105335,0.55774
1e-05,0.58932275,0.7585046,0.67183334,0.55854
1e-05,0.5893917,0.75923824,0.6699467,0.55916
1e-05,0.5894751,0.75875276,0.67009336,0.5584
1e-05,0.58998847,0.7591084,0.67031336,0.559
1e-05,0.5891145,0.76044613,0.6704533,0.55746
1e-05,0.58969444,0.75974303,0.66970664,0.55904
1e-05,0.5903362,0.75802964,0.67087334,0.55866
1e-05,0.58973247,0.7569749,0.6705,0.5588
1e-05,0.58959734,0.75860953,0.67006665,0.55834
1e-05,0.58956915,0.758302,0.67046,0.559
1e-05,0.589373,0.75935876,0.6707133,0.55932
1e-05,0.58952504,0.7584799,0.67132,0.55806
1e-05,0.5888992,0.7601323,0.6705533,0.55838
1e-05,0.588919,0.75971174,0.67072,0.55836
1e-05,0.5890175,0.75879717,0.6708533,0.5586
1e-05,0.59000295,0.75914925,0.66999334,0.5583
1e-05,0.58892184,0.7593221,0.67106,0.55946
1e-05,0.5894285,0.7579159,0.66970664,0.55936
1e-05,0.59001935,0.7586402,0.6694,0.55796
1e-05,0.5900076,0.7585125,0.6696333,0.5596
1e-05,0.5898068,0.75797606,0.66851336,0.55854
1e-05,0.5895951,0.7596151,0.67020667,0.55878
1e-05,0.5893385,0.7588908,0.67076,0.55754
1e-05,0.5889947,0.7594738,0.67131335,0.55888
1e-05,0.58996314,0.75933856,0.67018664,0.5581
1e-05,0.58916664,0.75844,0.67108,0.55774
1e-05,0.58922684,0.7585816,0.67189336,0.55864
1e-05,0.5890689,0.7587669,0.6708267,0.55872
1e-05,0.5894826,0.7585182,0.6721467,0.55826
1e-05,0.58998334,0.75828236,0.66987336,0.55886
1e-05,0.58982694,0.75777113,0.6708533,0.55798
1e-05,0.5898671,0.75936514,0.6688733,0.55844
1e-05,0.58912694,0.7609639,0.6712133,0.55898
1e-05,0.5887845,0.7595835,0.6711867,0.55712
1e-05,0.5897987,0.7581839,0.66917336,0.55912
1e-05,0.5887212,0.75993776,0.67028,0.55748
1e-05,0.5895142,0.7588308,0.66966665,0.55772
1e-05,0.5901933,0.75901616,0.66984665,0.55882
1e-05,0.58853537,0.7586254,0.671,0.55778
1e-05,0.5881835,0.7596429,0.67153335,0.55766
1e-05,0.5895322,0.7589834,0.67,0.55916
1e-05,0.5890864,0.7591422,0.67044,0.55862
1e-05,0.5892163,0.75922596,0.67223334,0.55844
1e-05,0.58992064,0.7597748,0.67042,0.55898
1e-05,0.58873826,0.760051,0.67162,0.55754
1e-05,0.59008855,0.7579147,0.6706667,0.55842
1e-05,0.58860475,0.75985813,0.67224,0.5589
1e-05,0.5890217,0.7608934,0.67084664,0.55918
1e-05,0.5895269,0.7582199,0.66940665,0.55726
1e-05,0.5889151,0.7594605,0.67034,0.55738
1e-05,0.588587,0.75953156,0.67158,0.55966
1e-05,0.5893042,0.7597178,0.6717067,0.5592
1e-05,0.5895458,0.7578213,0.66924,0.5591
1e-05,0.5904498,0.75865346,0.6705,0.55894
1e-05,0.5885973,0.7583497,0.67108667,0.5588
1e-05,0.58882546,0.75709283,0.67116666,0.55804
1e-05,0.58950347,0.7596449,0.6698267,0.5592
1e-05,0.5901176,0.7589419,0.6705,0.55834
1e-05,0.5898184,0.7597032,0.6698,0.55926
1e-05,0.5894379,0.758183,0.67046,0.55806
1e-05,0.5895415,0.7575633,0.67042667,0.55916
1e-05,0.5892304,0.7598899,0.6707867,0.5591
1e-05,0.5903135,0.7583575,0.6697867,0.5592
1e-05,0.59004396,0.7568361,0.67036,0.5592
1e-05,0.5888884,0.75812334,0.67052,0.55766
1e-05,0.58967966,0.7590877,0.67028666,0.55854
1e-05,0.58873713,0.7594444,0.67122,0.558
1e-05,0.58907783,0.75918573,0.67040664,0.55808
1e-05,0.590167,0.7593758,0.66988,0.55826
1e-05,0.5891572,0.7599382,0.6712533,0.55874
1e-05,0.58889973,0.75859123,0.67175335,0.55846
1e-05,0.58904743,0.76137996,0.66965336,0.5588
1e-05,0.58929855,0.7607947,0.6704533,0.55916
1e-05,0.58986807,0.7587311,0.6712667,0.55886
1e-05,0.58918643,0.7602615,0.6704933,0.55872
1e-05,0.5892717,0.7599527,0.67035335,0.55782
1e-05,0.5886869,0.7584371,0.67141336,0.5569
1e-05,0.58979666,0.7580322,0.67046,0.55894
1e-05,0.58881986,0.75924444,0.6710467,0.55824
1e-05,0.5896847,0.7594992,0.67116,0.55864
1e-05,0.58912057,0.75933915,0.67094,0.55812
1e-05,0.589238,0.75869566,0.6710733,0.55852
1e-05,0.58904296,0.7602495,0.66996,0.55878
1e-05,0.58947444,0.75897866,0.66974664,0.55866
1e-05,0.58867776,0.7596447,0.67039335,0.5593
1e-05,0.5896326,0.75851107,0.67008,0.55848
1e-05,0.5903742,0.758143,0.66954,0.5585
1e-05,0.58993953,0.75828654,0.6693467,0.55866
1e-05,0.5891039,0.7602613,0.67076665,0.55802
1e-05,0.58995074,0.7576886,0.66995335,0.55886
1e-05,0.58926255,0.7580973,0.66994,0.55962
1e-05,0.58950466,0.7591806,0.6693867,0.55822
1e-05,0.58912915,0.7583708,0.67094666,0.55862
1e-05,0.5891732,0.75951916,0.66998,0.5597
1e-05,0.58959514,0.7585263,0.6712933,0.5581
1e-05,0.5895879,0.7578028,0.67035335,0.5585
1e-05,0.58956414,0.7587403,0.67112,0.55872
1e-05,0.5888388,0.7602664,0.6703733,0.5584
1e-05,0.58941203,0.7581177,0.66976666,0.5586
1e-05,0.5904548,0.7578849,0.66924,0.5584
1e-05,0.58954495,0.7604557,0.67024,0.55792
1e-05,0.5893972,0.75853485,0.67138666,0.5585
1e-05,0.5896489,0.7585576,0.67002,0.55946
1e-05,0.5894702,0.75857687,0.67084664,0.55892
1e-05,0.58974993,0.7592776,0.67113334,0.55854
1e-05,0.5891738,0.75912833,0.67036664,0.55896
1e-05,0.5892706,0.7588474,0.6714733,0.5581
1e-05,0.5886319,0.7594726,0.67146,0.5578
1e-05,0.5894976,0.758444,0.67051333,0.55794
1e-05,0.5896852,0.7585369,0.67138666,0.55814
1e-05,0.58915204,0.7598948,0.6707,0.55846
1e-05,0.5896006,0.75899655,0.67146,0.55694
1e-05,0.58926266,0.75964385,0.67046,0.55768
1e-05,0.58961415,0.75897944,0.67040664,0.5588
1e-05,0.5894827,0.75967526,0.6697933,0.5586
1e-05,0.5894996,0.7586417,0.66858,0.55738
1e-05,0.5898212,0.7591182,0.67007333,0.55838
1e-05,0.58981776,0.75889015,0.67053336,0.5571
1e-05,0.5898423,0.75852925,0.66961336,0.55828
1e-05,0.5888647,0.7585232,0.6713,0.55752
1e-05,0.5887658,0.7597512,0.67231333,0.55838
1e-05,0.588124,0.7604753,0.6719533,0.55824
1e-05,0.58946115,0.7587017,0.67018,0.55876
1e-05,0.589408,0.75870955,0.66943336,0.55768
1e-05,0.58950603,0.7589667,0.6712933,0.55904
1e-05,0.5900561,0.7594379,0.66951334,0.55844
1e-05,0.5888247,0.75854284,0.67124665,0.55816
1e-05,0.5880982,0.76094544,0.6718867,0.55866
1e-05,0.589683,0.75960475,0.67072666,0.55842
1e-05,0.58921516,0.7587007,0.6699,0.55798
1e-05,0.5894044,0.7600361,0.6709333,0.55952
1e-05,0.58896935,0.7598553,0.67118,0.55838
1e-05,0.58966565,0.75918,0.67108,0.55938
1e-05,0.59008133,0.7592157,0.67012,0.55824
1e-05,0.58918136,0.7606745,0.67076665,0.5581
1e-05,0.5889426,0.7597798,0.67002666,0.55756
1e-05,0.58928114,0.75988185,0.67031336,0.559
1e-05,0.589761,0.7585124,0.67029333,0.55784
1e-05,0.58896184,0.7600309,0.6717067,0.55846
1e-05,0.5893559,0.75867504,0.66995335,0.55926
1e-05,0.5890674,0.75993586,0.6710733,0.55874
1e-05,0.5893216,0.75951856,0.6702,0.55906
1e-05,0.5889701,0.75858116,0.6713333,0.559
1e-05,0.59058034,0.7586628,0.67032665,0.55818
1e-05,0.5885989,0.7582807,0.67090666,0.55844
1e-05,0.5897827,0.7592669,0.67076,0.55758
1e-05,0.5894737,0.7593667,0.6700133,0.55778
1e-05,0.5891602,0.75972015,0.67062,0.5575
1e-05,0.58947086,0.75955224,0.66907334,0.55778
1e-05,0.5888008,0.76019496,0.6713333,0.55854
1e-05,0.58986604,0.7571613,0.66939336,0.55798
1e-05,0.5891711,0.75730294,0.6727333,0.55908
1e-05,0.5888967,0.7584993,0.67172664,0.55896
1e-05,0.5895311,0.7578371,0.6705533,0.55906
1e-05,0.58915883,0.7589526,0.67086,0.55818
1e-05,0.5895455,0.75804734,0.67068666,0.55934
1e-05,0.5881785,0.759784,0.67314667,0.5584
1e-05,0.5879714,0.76076573,0.67226666,0.55828
1e-05,0.5890364,0.75971663,0.67098,0.55762
1e-05,0.589014,0.75952494,0.67025334,0.5577
1e-05,0.5888368,0.7599325,0.67132664,0.55808
1e-05,0.58994097,0.75834465,0.67065334,0.5574
1e-05,0.5893108,0.7587752,0.67090666,0.55874
1e-05,0.5896835,0.760282,0.67106,0.55934
1e-05,0.58859605,0.75950974,0.67086,0.55884
1e-05,0.5895674,0.7594985,0.67124665,0.5586
1e-05,0.5891079,0.75851536,0.67068666,0.55806
1e-05,0.5899227,0.75782573,0.66954,0.55916
1e-05,0.5894156,0.75972307,0.6697133,0.55906
1e-05,0.5888335,0.7595771,0.6708,0.55788
1e-05,0.5898312,0.7587069,0.67142665,0.55762
1e-05,0.58854324,0.75960135,0.6718,0.5582
1e-05,0.5889217,0.7603675,0.67094,0.55884
1e-05,0.5886484,0.76106375,0.67192,0.5591
1e-05,0.5894721,0.7580374,0.67098,0.55832
1e-05,0.58912194,0.7608775,0.67047334,0.5587
1e-05,0.5894525,0.7580955,0.67130667,0.55892
1e-05,0.5890328,0.7597709,0.67168,0.55916
1e-05,0.58858156,0.75992167,0.67072666,0.55786
1e-05,0.58858764,0.76077545,0.67187333,0.5599
1e-05,0.58908296,0.7588826,0.67163336,0.55902
1e-05,0.58891296,0.75962216,0.6717067,0.56016
1e-05,0.5889241,0.7591257,0.6699733,0.5594
1e-05,0.5890763,0.75947404,0.67105335,0.55868
1e-05,0.58943427,0.7590053,0.67128664,0.55828
1e-05,0.588691,0.7588615,0.67128,0.55864
1e-05,0.58893013,0.7604768,0.67116,0.55884
1e-05,0.58916837,0.75813234,0.67165333,0.55752
1e-05,0.589541,0.75811136,0.67087334,0.55808
1e-05,0.5882158,0.75966275,0.67202,0.55912
1e-05,0.58940077,0.75942713,0.67051333,0.55956
1e-05,0.58947074,0.75891894,0.67022,0.55898
1e-05,0.5881147,0.7592721,0.67154,0.55892
1e-05,0.5901001,0.7594693,0.67053336,0.55876
1e-05,0.5892551,0.7578338,0.67020667,0.55874
1e-05,0.5893021,0.7590261,0.6701267,0.55848
1e-05,0.5889661,0.7613114,0.67046,0.5583
1e-05,0.58851796,0.76030535,0.6707867,0.55832
1e-05,0.5884351,0.7597361,0.67135334,0.55878
1e-05,0.58941144,0.7592882,0.67073333,0.5584
1e-05,0.5904863,0.7589909,0.66951334,0.56
1e-05,0.58897275,0.75964814,0.6711133,0.5584
1e-05,0.58938724,0.75993353,0.67072666,0.55898
1e-05,0.58922374,0.75896424,0.6714,0.55824
1e-05,0.5888395,0.7584152,0.6715133,0.55828
1e-05,0.58858603,0.75942713,0.67184,0.55904
1e-05,0.58805674,0.7603711,0.6719,0.55776
1e-05,0.588754,0.7601656,0.6712133,0.55892
1e-05,0.58977216,0.75764614,0.67054665,0.55766
1e-05,0.5892774,0.7592245,0.67020667,0.5599
1e-05,0.5880546,0.75885606,0.67116666,0.55814
1e-05,0.5887957,0.76041365,0.6704133,0.55918
1e-05,0.5886249,0.7588348,0.67148,0.55922
1e-05,0.58842134,0.7592924,0.67152,0.55852
1e-05,0.5895868,0.75756276,0.6691933,0.55954
1e-05,0.5891993,0.76006585,0.6712667,0.55936
1e-05,0.5881153,0.76088816,0.67116666,0.5585
1e-05,0.58884525,0.7595129,0.6719533,0.55744
1e-05,0.5889819,0.75747997,0.67102,0.55766
1e-05,0.58946675,0.75897264,0.6704,0.55872
1e-05,0.58820325,0.76159495,0.67171335,0.5589
1e-05,0.5887848,0.7603187,0.67047334,0.5584
1e-05,0.58923656,0.76027274,0.6705933,0.55772
1e-05,0.5885546,0.7598805,0.6717333,0.55844
1e-05,0.5887697,0.7599168,0.67220664,0.55834
1e-05,0.5881552,0.7600449,0.67157334,0.55872
1e-05,0.5883691,0.7595895,0.67098,0.5591
1e-05,0.5881109,0.76011014,0.67212,0.55926
1e-05,0.58936363,0.76047474,0.66998,0.55844
1e-05,0.58829814,0.7585681,0.67094,0.55816
1e-05,0.58916533,0.7593981,0.6709,0.5585
1e-05,0.5878099,0.76084924,0.67160666,0.5584
1e-05,0.5893954,0.7586232,0.6708133,0.5586
1e-05,0.58830154,0.7592645,0.6711467,0.55932
1e-05,0.58912593,0.75933117,0.67215335,0.55856
1e-05,0.5884119,0.75906295,0.67134,0.55924
1e-05,0.5895578,0.7587274,0.67128,0.55918
1e-05,0.589349,0.7603774,0.6695267,0.5601
1e-05,0.5894783,0.75804836,0.6701267,0.5595
1e-05,0.58826715,0.7587249,0.67166,0.55946
1e-05,0.5889569,0.7597652,0.67058,0.55824
1e-05,0.58928293,0.7586387,0.6704467,0.55882
1e-05,0.5891982,0.75934064,0.67009336,0.5595
1e-05,0.5884953,0.76143456,0.67201334,0.55792
1e-05,0.5887106,0.76127106,0.671,0.5565
1e-05,0.5896719,0.7587298,0.67164665,0.55872
1e-05,0.588426,0.7598955,0.67176,0.55972
1e-05,0.58857113,0.7606476,0.67205334,0.55884
1e-05,0.58911633,0.7602024,0.6715133,0.5586
1e-05,0.58880234,0.7600737,0.67082,0.55782
1e-05,0.58932924,0.75989586,0.6702333,0.5586
1e-05,0.58889824,0.75954795,0.67132664,0.5593
1e-05,0.589206,0.7603828,0.67079335,0.55824
1e-05,0.5875691,0.75968575,0.6719267,0.55942
1e-05,0.58832586,0.75885355,0.67152,0.5591
1e-05,0.58980066,0.7583811,0.66984,0.5599
1e-05,0.588606,0.7591621,0.6708267,0.559
1e-05,0.58783317,0.760276,0.6717333,0.55936
1e-05,0.5882285,0.7613001,0.6718533,0.55878
1e-05,0.58861274,0.75945455,0.67164,0.5586
1e-05,0.58807695,0.75988656,0.67083335,0.5596
1e-05,0.5886831,0.7615551,0.6711467,0.55918
1e-05,0.58934754,0.75811523,0.66998,0.56086
1e-05,0.58827627,0.7621008,0.6718,0.55936
1e-05,0.5882749,0.7617462,0.6706,0.55742
1e-05,0.5898859,0.7593817,0.6694,0.55858
1e-05,0.5886084,0.75957984,0.67152,0.5581
1e-05,0.58923155,0.76060015,0.6706067,0.55828
1e-05,0.5891612,0.75924593,0.67056,0.55918
1e-05,0.5881592,0.7593904,0.67222667,0.5582
1e-05,0.5893995,0.76014,0.67198664,0.55788
1e-05,0.58888793,0.76072735,0.67154664,0.55898
1e-05,0.58886737,0.7600304,0.6710067,0.55866
1e-05,0.5892169,0.76018536,0.6699333,0.55862
1e-05,0.58837295,0.7598711,0.6720667,0.55942
1e-05,0.5897448,0.7595828,0.66904,0.55916
1e-05,0.58868927,0.7603221,0.67117333,0.55848
1e-05,0.58871746,0.7608284,0.67149335,0.55812
1e-05,0.58776146,0.7593347,0.6710467,0.55896
1e-05,0.5889758,0.76079917,0.67098,0.55906
1e-05,0.58917785,0.7590269,0.6705933,0.55796
1e-05,0.5884147,0.7598199,0.67189336,0.55918
1e-05,0.589111,0.7593629,0.67068666,0.55852
1e-05,0.5903322,0.7596594,0.66970664,0.55828
1e-05,0.5886667,0.75907075,0.67076665,0.5591
1e-05,0.5889018,0.7601957,0.67162,0.55794
1e-05,0.58879906,0.76023024,0.6707733,0.55864
1e-05,0.588792,0.7602383,0.67105335,0.55912
1e-05,0.58906376,0.7599688,0.66928,0.55786
1e-05,0.5876684,0.7613718,0.67182,0.55852
1e-05,0.5883294,0.7596575,0.67171335,0.55946
1e-05,0.588724,0.7592142,0.6704867,0.55782
1e-05,0.58837104,0.76224506,0.67074,0.55752
1e-05,0.5894682,0.7605069,0.67035335,0.55784
1e-05,0.5885545,0.75953174,0.67014,0.5578
1e-05,0.58803934,0.7618757,0.67215335,0.55794
1e-05,0.58922523,0.7608791,0.6693867,0.55796
1e-05,0.5883977,0.76018184,0.66994,0.55924
1e-05,0.58788604,0.76050353,0.67176,0.55908
1e-05,0.58920306,0.7603136,0.6712933,0.55876
1e-05,0.5894337,0.76073647,0.67020667,0.55908
1e-05,0.5877667,0.7608147,0.6723933,0.55904
1e-05,0.5885498,0.7608978,0.6711467,0.55866
1e-05,0.5893904,0.7596983,0.67098,0.55922
1e-05,0.58885527,0.75902075,0.67172,0.55852
1e-05,0.5885557,0.76106787,0.67108,0.55992
1e-05,0.58919406,0.7603771,0.67083335,0.55842
1e-05,0.5891937,0.7581423,0.67073333,0.55812
1e-05,0.5892605,0.75995207,0.6710333,0.55796
1e-05,0.5884997,0.7604748,0.6704867,0.55776
1e-05,0.5891744,0.7585253,0.67032665,0.55866
1e-05,0.5884058,0.75859624,0.67278665,0.55714
1e-05,0.5875776,0.76083606,0.67242664,0.55798
1e-05,0.58841294,0.7607745,0.67288667,0.55834
1e-05,0.5894056,0.7592041,0.6702267,0.55874
1e-05,0.58944476,0.75905645,0.67138,0.55788
1e-05,0.5895404,0.7621723,0.66984,0.55964
1e-05,0.5892093,0.76018965,0.67035335,0.55848
1e-05,0.58852446,0.7617247,0.67101336,0.55798
1e-05,0.58830094,0.7596862,0.6713333,0.55708
1e-05,0.58869815,0.7608181,0.67013335,0.55724
1e-05,0.58824325,0.7596852,0.67068,0.55758
1e-05,0.5891591,0.7591364,0.67017335,0.5582
1e-05,0.5892542,0.7592854,0.67109334,0.55898
1e-05,0.5890294,0.75912726,0.6703333,0.55928
1e-05,0.58906513,0.76054806,0.67002,0.55802
1e-05,0.5884875,0.7598659,0.6721867,0.5591
1e-05,0.58840644,0.7601993,0.67164,0.5587
1e-05,0.58929545,0.75792813,0.67097336,0.55858
1e-05,0.5879056,0.7602171,0.67132,0.55878
1e-05,0.5885895,0.7602528,0.6705,0.55874
1e-05,0.588338,0.7604117,0.67134666,0.55756
1e-05,0.58834755,0.75900793,0.6703333,0.5581
1e-05,0.5891804,0.759057,0.67046,0.5575
1e-05,0.58839774,0.76100236,0.67211336,0.55828
1e-05,0.587861,0.76159495,0.6717,0.55938
1e-05,0.58827627,0.7603336,0.6711,0.5584
1e-05,0.5887679,0.75932354,0.6722867,0.55824
1e-05,0.58833236,0.76061904,0.6706667,0.55872
1e-05,0.5884561,0.7594695,0.67112,0.5593
1e-05,0.5891104,0.7618713,0.6708933,0.55974
1e-05,0.5888201,0.75995445,0.67149335,0.5586
1e-05,0.58926356,0.76049554,0.6709267,0.5586
1e-05,0.588755,0.7609156,0.67036,0.55906
1e-05,0.5885314,0.76058173,0.67138666,0.5582
1e-05,0.58817387,0.759707,0.67116666,0.55896
1e-05,0.58964276,0.761328,0.6702733,0.55842
1e-05,0.5884564,0.759889,0.6710333,0.5578
1e-05,0.58867604,0.75979865,0.67216665,0.55832
1e-05,0.58787906,0.76123506,0.67266,0.55898
1e-05,0.58820295,0.75923467,0.67161334,0.5585
1e-05,0.5899244,0.76016134,0.6691333,0.5593
1e-05,0.58883584,0.75932515,0.6723933,0.55906
1e-05,0.5902279,0.76016754,0.6710333,0.55902
1e-05,0.589604,0.76053405,0.6714,0.55876
1e-05,0.5890813,0.7591929,0.6716,0.55768
1e-05,0.58858466,0.7596326,0.67176,0.55842
1e-05,0.588435,0.7605425,0.67113334,0.55844
1e-05,0.5889973,0.75939924,0.67134666,0.55776
1e-05,0.58882856,0.7600311,0.67132,0.55738
1e-05,0.588977,0.7606803,0.6709267,0.55884
1e-05,0.58922935,0.75995564,0.6707067,0.55894
1e-05,0.58853114,0.7603797,0.67086,0.55806
1e-05,0.5886713,0.7596219,0.6708267,0.55872
1e-05,0.5884014,0.7598245,0.6707,0.55834
1e-05,0.58883965,0.758397,0.67182666,0.55932
1e-05,0.5880582,0.7609611,0.67282665,0.55818
1e-05,0.58916706,0.7607991,0.67046,0.55906
1e-05,0.5888255,0.7604867,0.6712533,0.55792
1e-05,0.58886147,0.7594065,0.6719933,0.5584
1e-05,0.5892615,0.75841486,0.6709267,0.55782
1e-05,0.5879941,0.7601027,0.6698533,0.55874
1e-05,0.58920145,0.7601463,0.67162,0.558
1e-05,0.5887445,0.75839573,0.67105335,0.55816
1e-05,0.588556,0.75979406,0.6715,0.55866
1e-05,0.58870375,0.7600658,0.6717,0.55786
1e-05,0.5891419,0.758842,0.6708267,0.5578
1e-05,0.58862644,0.7600698,0.67144,0.55878
1e-05,0.58907443,0.75861883,0.67116666,0.5577
1e-05,0.5880313,0.7604038,0.6709333,0.55694
1e-05,0.58855623,0.7593459,0.67160666,0.55784
1e-05,0.5885409,0.7602879,0.67086667,0.55824
1e-05,0.5884374,0.7604251,0.67222667,0.55744
1e-05,0.58843756,0.76083696,0.67192,0.55712
1e-05,0.5879719,0.75980353,0.67128664,0.558
1e-05,0.58882964,0.76047295,0.67018,0.55878
1e-05,0.5895574,0.75988656,0.67017335,0.55864
1e-05,0.58865315,0.7590348,0.6707467,0.5581
1e-05,0.5890139,0.7592351,0.67075336,0.55776
1e-05,0.5880322,0.76185143,0.6728467,0.55834
1e-05,0.5885138,0.7608674,0.67128664,0.5587
1e-05,0.5883982,0.76112616,0.6708267,0.55834
1e-05,0.5888584,0.75965583,0.67188,0.55952
1e-05,0.5882687,0.7603087,0.67277336,0.55864
1e-05,0.588463,0.75850695,0.6712267,0.558
1e-05,0.5887608,0.7597295,0.6700867,0.55862
1e-05,0.5878021,0.7598203,0.67036,0.55788
1e-05,0.5880153,0.7590719,0.6719267,0.5583
1e-05,0.5891806,0.75809467,0.66981333,0.55874
1e-05,0.58863866,0.75973684,0.67069334,0.55898
1e-05,0.58767754,0.75981617,0.6720267,0.55926
1e-05,0.5889523,0.75986296,0.6719267,0.55922
1e-05,0.5884924,0.759154,0.67171335,0.5584
1e-05,0.58849204,0.76058567,0.67142665,0.56022
1e-05,0.58928895,0.75861526,0.6704933,0.56002
1e-05,0.5890773,0.75919175,0.67,0.55824
1e-05,0.5876765,0.75973946,0.67226,0.5581
1e-05,0.5884496,0.7610998,0.6711467,0.55834
1e-05,0.58927876,0.7602157,0.6708933,0.55782
1e-05,0.5875064,0.76069957,0.67211336,0.55804
1e-05,0.58885294,0.76044035,0.67154664,0.55962
1e-05,0.587665,0.7607018,0.67186,0.55948
1e-05,0.5877166,0.7610832,0.6726267,0.55838
1e-05,0.58774656,0.76066726,0.67333335,0.5581
1e-05,0.58868873,0.76065326,0.6713667,0.55886
1e-05,0.58895266,0.75921834,0.6714067,0.5578
1e-05,0.5889065,0.75935805,0.6712533,0.55846
1e-05,0.58811665,0.76038826,0.67124665,0.55802
1e-05,0.588853,0.7597097,0.6708533,0.55804
1e-05,0.5883053,0.759798,0.66983336,0.55786
1e-05,0.587657,0.76102287,0.67208666,0.55808
1e-05,0.58769876,0.76173306,0.67209333,0.5579
1e-05,0.5877297,0.7616122,0.6721867,0.55856
1e-05,0.58868426,0.7599295,0.67095333,0.5586
1e-05,0.58727485,0.76113707,0.6722867,0.55858
1e-05,0.58820206,0.76077855,0.6728,0.55802
1e-05,0.58712447,0.7613439,0.67176,0.55782
1e-05,0.5897431,0.76042205,0.66851336,0.55844
1e-05,0.58814055,0.759818,0.67215335,0.5585
1e-05,0.58915704,0.7599255,0.67002666,0.5578
1e-05,0.5872849,0.76113594,0.67234,0.55822
1e-05,0.5880702,0.759796,0.67244,0.558
1e-05,0.5879578,0.7614875,0.6718067,0.55842
1e-05,0.5874407,0.7603848,0.67242664,0.55862
1e-05,0.58757335,0.7612587,0.67073333,0.55896
1e-05,0.5876946,0.76228434,0.67237335,0.5589
1e-05,0.589019,0.7600088,0.67141336,0.5573
1e-05,0.5881696,0.7596509,0.67176664,0.55788
1e-05,0.5876506,0.76203716,0.67208666,0.55792
1e-05,0.5877887,0.76142234,0.672,0.55824
1e-05,0.5884993,0.7605368,0.67134,0.55794
1e-05,0.58849895,0.7594948,0.6720733,0.55682
1e-05,0.5874364,0.76140076,0.6729133,0.55802
1e-05,0.5882228,0.75975955,0.67114,0.55772
1e-05,0.5881797,0.76203257,0.67286,0.55708
1e-05,0.58851135,0.7596329,0.67078,0.55766
1e-05,0.58961004,0.7597767,0.6705,0.55854
1e-05,0.58757186,0.76025724,0.67272,0.55808
1e-05,0.58929485,0.7610747,0.67072,0.55788
1e-05,0.5888983,0.7597632,0.67150664,0.55816
1e-05,0.5884321,0.76063347,0.6714467,0.55666
1e-05,0.58740836,0.7622053,0.6708867,0.55794
1e-05,0.58873296,0.7605987,0.67209333,0.55792
1e-05,0.5887796,0.76116854,0.6701133,0.55824
1e-05,0.5881781,0.7608759,0.67220664,0.55836
1e-05,0.5881956,0.7608422,0.6723267,0.55678
1e-05,0.5874479,0.7605749,0.67183334,0.55904
1e-05,0.5884679,0.7597716,0.67186,0.55796
1e-05,0.5883589,0.76078326,0.67184,0.5585
1e-05,0.58837384,0.75885695,0.67182,0.5582
1e-05,0.5880543,0.76054376,0.6725067,0.55728
1e-05,0.58697194,0.7622604,0.6730133,0.55818
1e-05,0.5897491,0.7604904,0.6709267,0.5579
1e-05,0.5883326,0.761525,0.67131335,0.5583
1e-05,0.588086,0.7610242,0.6705933,0.55832
1e-05,0.5891572,0.7592202,0.67080665,0.5589
1e-05,0.58849716,0.7604763,0.67145336,0.55812
1e-05,0.58762884,0.76009417,0.6712,0.55756
1e-05,0.58787954,0.7608271,0.67373335,0.55858
1e-05,0.58824974,0.7618761,0.67208,0.55848
1e-05,0.5876031,0.7617328,0.6726133,0.55796
1e-05,0.58931094,0.7607206,0.67068666,0.55866
1e-05,0.5887008,0.75935096,0.6720667,0.5586
1e-05,0.5883822,0.7603081,0.6712933,0.55794
1e-05,0.58770925,0.762203,0.67096,0.55776
1e-05,0.58747244,0.7621981,0.67141336,0.55814
1e-05,0.587559,0.76185095,0.6723533,0.55824
1e-05,0.5883893,0.7607766,0.6726267,0.55748
1e-05,0.5882837,0.75930667,0.6707133,0.55784
1e-05,0.5887413,0.7602506,0.6711067,0.55774
1e-05,0.58759254,0.76052034,0.67165333,0.55798
1e-05,0.5879006,0.7613474,0.6718533,0.55942
1e-05,0.5891921,0.7606996,0.67058,0.55858
1e-05,0.58829683,0.7603264,0.67179334,0.55894
1e-05,0.5880667,0.7600434,0.6721733,0.55756
1e-05,0.5881642,0.7593132,0.6729,0.55868
1e-05,0.5881651,0.76081914,0.67046,0.5583
1e-05,0.5879153,0.7609879,0.67204,0.55902
1e-05,0.5880635,0.75993663,0.6721467,0.55734
1e-05,0.588685,0.76158816,0.6705267,0.55866
1e-05,0.58993816,0.75984555,0.66988665,0.55888
1e-05,0.5889374,0.7590467,0.67072666,0.5576
1e-05,0.5879203,0.7594357,0.67124665,0.55792
1e-05,0.5876945,0.76117116,0.67117333,0.55738
1e-05,0.5888334,0.75894576,0.6718067,0.5574
1e-05,0.58840084,0.7596984,0.6703067,0.55738
1e-05,0.58805674,0.7596134,0.67069334,0.55846
1e-05,0.58822507,0.7613532,0.6705,0.55844
1e-05,0.58800536,0.7611649,0.67150664,0.55718
1e-05,0.58917713,0.7596066,0.67164,0.55824
1e-05,0.58760864,0.76179194,0.6709667,0.55758
1e-05,0.5886575,0.7599144,0.67122,0.55766
1e-05,0.58703095,0.7627694,0.67226666,0.5561
1e-05,0.5883618,0.7621079,0.6713333,0.55688
1e-05,0.5875106,0.7606282,0.67222,0.55798
1e-05,0.587317,0.76190305,0.6719933,0.55742
1e-05,0.5886302,0.7610487,0.67094666,0.55802
1e-05,0.5874316,0.76179737,0.67168665,0.55776
1e-05,0.5882698,0.7620005,0.67201334,0.55838
1e-05,0.58736885,0.76169574,0.6710733,0.55804
1e-05,0.5883256,0.7615749,0.6714067,0.55758
1e-05,0.58812594,0.76120335,0.6712667,0.55702
1e-05,0.5883308,0.76056886,0.6714867,0.55786
1e-05,0.5882194,0.7609877,0.67164,0.55816
1e-05,0.58784723,0.76114655,0.67158,0.55712
1e-05,0.5885238,0.7612332,0.6719267,0.55726
1e-05,0.58803636,0.76102114,0.67075336,0.55664
1e-05,0.58659273,0.7623977,0.67307335,0.55782
1e-05,0.5879972,0.7614196,0.67122,0.5576
1e-05,0.5881551,0.7604018,0.67202,0.55688
1e-05,0.588354,0.7609496,0.6712267,0.5583
1e-05,0.58867097,0.7594497,0.6713733,0.55814
1e-05,0.5879306,0.7608622,0.67223334,0.5587
1e-05,0.58801436,0.76150787,0.6713,0.5585
1e-05,0.58852583,0.7602083,0.67288667,0.55802
1e-05,0.5881605,0.761608,0.6707733,0.55742
1e-05,0.5883387,0.76072073,0.67097336,0.55858
1e-05,0.58820486,0.7598249,0.6708,0.5587
1e-05,0.5879334,0.7622421,0.6732067,0.55836
1e-05,0.5882499,0.7603586,0.67138666,0.55858
1e-05,0.5880208,0.7604501,0.6713733,0.55828
1e-05,0.58697975,0.7624688,0.67254,0.5585
1e-05,0.5881344,0.7607423,0.6712267,0.55762
1e-05,0.58768886,0.7611217,0.6717467,0.55802
1e-05,0.5879267,0.7606908,0.67209333,0.55868
1e-05,0.5878282,0.7620508,0.6721067,0.5588
1e-05,0.58828354,0.7628262,0.67138666,0.5587
1e-05,0.58910644,0.7614795,0.6703067,0.55816
1e-05,0.5871959,0.7625289,0.6720667,0.55808
1e-05,0.58874315,0.7611933,0.67098665,0.5578
1e-05,0.5870337,0.76272696,0.67233336,0.55812
1e-05,0.58805084,0.76025885,0.67214,0.5582
1e-05,0.5877682,0.7630129,0.6730667,0.55842
1e-05,0.5878549,0.7608533,0.6708133,0.55726
1e-05,0.5884342,0.76171196,0.67128664,0.55874
1e-05,0.587906,0.7604489,0.67219335,0.55836
1e-05,0.58795106,0.7619159,0.6728467,0.55844
1e-05,0.58762926,0.7618893,0.67202,0.55832
1e-05,0.58869886,0.76026225,0.67187333,0.55656
1e-05,0.5889235,0.7619029,0.6717733,0.5579
1e-05,0.5881803,0.7608918,0.67166,0.55896
1e-05,0.58831006,0.76173854,0.67175335,0.55842
1e-05,0.5878734,0.76153225,0.6722933,0.55806
1e-05,0.5877867,0.762895,0.6707,0.55796
1e-05,0.5876813,0.7616935,0.6712267,0.55818
1e-05,0.587961,0.7612525,0.67062664,0.55926
1e-05,0.5875859,0.76131433,0.6718,0.55854
1e-05,0.5879511,0.76050836,0.67161334,0.55842
1e-05,0.5885527,0.75930095,0.67204,0.5582
1e-05,0.5881965,0.76075363,0.6716267,0.55892
1e-05,0.5882461,0.7611642,0.67057335,0.55834
1e-05,0.58847946,0.7607854,0.67128,0.55934
1e-05,0.5886771,0.7595823,0.6715133,0.55788
1e-05,0.5875825,0.7616355,0.67228,0.55744
1e-05,0.5875836,0.76195085,0.67312664,0.5577
1e-05,0.58796394,0.7616756,0.67106,0.55728
1e-05,0.58746725,0.7620377,0.67192,0.55702
1e-05,0.5872986,0.7613246,0.6732067,0.55748
1e-05,0.58781624,0.7599674,0.67145336,0.55798
1e-05,0.58800066,0.7616571,0.67193335,0.55842
1e-05,0.588255,0.76224476,0.67274,0.55854
1e-05,0.5882555,0.7595533,0.67150664,0.55744
1e-05,0.587362,0.7611516,0.67058665,0.55916
1e-05,0.5878007,0.7611578,0.6720667,0.55852
1e-05,0.5879372,0.7624244,0.6718,0.55846
1e-05,0.58903503,0.7614161,0.6710733,0.55782
1e-05,0.58797246,0.76138777,0.6718867,0.558
1e-05,0.5875684,0.76181304,0.6720733,0.5558
1e-05,0.58873314,0.7612776,0.67106664,0.55822
1e-05,0.5893457,0.7589207,0.67078,0.55786
1e-05,0.5883922,0.7607635,0.67226666,0.55766
1e-05,0.5872576,0.76141673,0.67189336,0.55872
1e-05,0.5888151,0.75927746,0.6707067,0.55862
1e-05,0.58808327,0.75992113,0.67050666,0.55822
1e-05,0.5890154,0.760727,0.67017335,0.55764
1e-05,0.58825034,0.7596285,0.6721067,0.5573
1e-05,0.5873046,0.7617749,0.67182,0.55724
1e-05,0.5880761,0.7619252,0.67182,0.55782
1e-05,0.5873878,0.76161,0.67231333,0.55768
1e-05,0.588434,0.7611418,0.67183334,0.55772
1e-05,0.58785987,0.7600431,0.67076665,0.55748
1e-05,0.58647776,0.76150995,0.6725733,0.55856
1e-05,0.58740914,0.7625189,0.6723933,0.55796
1e-05,0.58912313,0.7607017,0.66937333,0.55702
1e-05,0.5877822,0.762102,0.6711067,0.5572
1e-05,0.5881962,0.75909036,0.67152,0.55778
1e-05,0.58841205,0.7603549,0.6703333,0.55762
1e-05,0.5883372,0.7624771,0.67171335,0.55828
1e-05,0.5877511,0.7622791,0.67312,0.55756
1e-05,0.5884547,0.7614922,0.67064667,0.55842
1e-05,0.5883054,0.7608735,0.67176664,0.55934
1e-05,0.58672607,0.7623707,0.67381334,0.55798
1e-05,0.5881027,0.76154023,0.6732733,0.5576
1e-05,0.58691275,0.7601963,0.67289335,0.5581
1e-05,0.5866158,0.76262933,0.67252666,0.5575
1e-05,0.58809495,0.761542,0.67267334,0.55776
1e-05,0.5884368,0.76049984,0.67168,0.55706
1e-05,0.5875581,0.7613389,0.6719133,0.558
1e-05,0.5875392,0.76030236,0.67264664,0.5573
1e-05,0.5889032,0.760428,0.67117333,0.55824
1e-05,0.5876536,0.76259255,0.6708267,0.55716
1e-05,0.58681476,0.7617044,0.6718533,0.55766
1e-05,0.58801883,0.7616717,0.67278,0.55704
1e-05,0.58796763,0.76247853,0.6725867,0.55774
1e-05,0.58808845,0.76220936,0.67120665,0.55826
1e-05,0.5873227,0.7611889,0.67253333,0.55786
1e-05,0.58740735,0.76180667,0.67190665,0.55782
1e-05,0.58815485,0.7621835,0.67174,0.55792
1e-05,0.58874,0.76174283,0.6706067,0.55874
1e-05,0.58824545,0.76184374,0.67094666,0.5576
1e-05,0.58709145,0.7614539,0.67174,0.55736
1e-05,0.58711654,0.76108295,0.67366666,0.55752
1e-05,0.5873444,0.76124233,0.6726267,0.55824
1e-05,0.5883716,0.76123846,0.67179334,0.55772
1e-05,0.5879065,0.7610454,0.67242664,0.55772
1e-05,0.5883198,0.76234937,0.67197335,0.55824
1e-05,0.587848,0.7611145,0.6713667,0.55726
1e-05,0.5883105,0.76109844,0.67065334,0.5578
1e-05,0.587592,0.7617236,0.67172664,0.55692
1e-05,0.587217,0.76230234,0.6723533,0.5574
1e-05,0.5879074,0.76131463,0.67226666,0.5578
1e-05,0.587632,0.7614979,0.67098665,0.55692
1e-05,0.58775496,0.76177114,0.67252666,0.55796
1e-05,0.58756906,0.76187676,0.6730667,0.55756
1e-05,0.5882333,0.7622583,0.67157334,0.55824
1e-05,0.5874031,0.7627877,0.67176,0.5577
1e-05,0.588476,0.76154995,0.67086667,0.55766
1e-05,0.5880098,0.7619301,0.67086667,0.55814
1e-05,0.5870546,0.7606616,0.67266,0.55858
1e-05,0.5877756,0.7617762,0.672,0.55854
1e-05,0.58726645,0.76219386,0.6719,0.557
1e-05,0.58765143,0.7608789,0.67219335,0.55718
1e-05,0.58778274,0.7617566,0.67215335,0.5575
1e-05,0.58765686,0.7622921,0.6728467,0.55812
1e-05,0.5869844,0.76411444,0.67369336,0.5572
1e-05,0.58748883,0.7614941,0.6716,0.55864
1e-05,0.5880996,0.7622856,0.6714733,0.55798
1e-05,0.5875602,0.76024723,0.67253333,0.55706
1e-05,0.58794934,0.7612882,0.67232,0.5576
1e-05,0.5892989,0.76087856,0.67270666,0.55742
1e-05,0.5868846,0.76140386,0.67231333,0.5577
1e-05,0.5875683,0.7637533,0.67178,0.5567
1e-05,0.58918846,0.7606478,0.6705533,0.558
1e-05,0.5872879,0.76197,0.67314,0.55726
1e-05,0.58810925,0.7621253,0.67152,0.5573
1e-05,0.5874842,0.76241463,0.6734,0.5575
1e-05,0.58612674,0.7619036,0.6735467,0.55786
1e-05,0.58738536,0.7615527,0.6720667,0.55794
1e-05,0.5878232,0.76200116,0.6725867,0.55778
1e-05,0.58814514,0.7616506,0.6713667,0.55748
1e-05,0.5873994,0.7598232,0.6733,0.5578
1e-05,0.58844036,0.761603,0.6718867,0.55864
1e-05,0.58796036,0.76141214,0.67108667,0.55776
1e-05,0.5877364,0.76124173,0.67284,0.55738
1e-05,0.58697057,0.7632518,0.6721733,0.55808
1e-05,0.5869221,0.7622845,0.67341334,0.55768
1e-05,0.58858484,0.7621782,0.67106,0.5567
1e-05,0.5873804,0.7618825,0.67326,0.5569
1e-05,0.58711594,0.7620184,0.67232,0.55848
1e-05,0.58736736,0.7618933,0.67304,0.55724
1e-05,0.5876644,0.76268214,0.6725133,0.55704
1e-05,0.58794296,0.7609076,0.67216,0.55732
1e-05,0.5877838,0.7614663,0.6721333,0.55892
1e-05,0.5876536,0.7623507,0.6725067,0.5577
1e-05,0.5881519,0.7608401,0.6714067,0.55792
1e-05,0.5876099,0.7624233,0.67226666,0.55662
1e-05,0.5865636,0.7628881,0.67278,0.5562
1e-05,0.5874554,0.7629436,0.6721,0.55778
1e-05,0.5880243,0.76151896,0.6712267,0.55776
1e-05,0.58752936,0.7602201,0.67226,0.55632
1e-05,0.58903307,0.7617579,0.6701533,0.55788
1e-05,0.5863589,0.7610662,0.67321336,0.5569
1e-05,0.58709055,0.7619261,0.67227334,0.55642
1e-05,0.58723915,0.7622613,0.67190665,0.55788
1e-05,0.58758134,0.76207066,0.67272,0.55802
1e-05,0.5884202,0.7599975,0.67230666,0.55698
1e-05,0.5878453,0.7626732,0.67124,0.5575
1e-05,0.5873413,0.7613309,0.67105335,0.55778
1e-05,0.58730257,0.76278865,0.67223334,0.55814
1e-05,0.58808535,0.762451,0.6736467,0.55776
1e-05,0.58734983,0.7630297,0.67252,0.5578
1e-05,0.587881,0.7626376,0.67166,0.55736
1e-05,0.58643705,0.7624279,0.6726,0.55804
1e-05,0.5875957,0.7637718,0.67220664,0.55846
1e-05,0.58660597,0.7617549,0.67274,0.55846
1e-05,0.588754,0.7625407,0.6709667,0.55778
1e-05,0.5876555,0.76286125,0.67201334,0.55852
1e-05,0.5868015,0.76234245,0.67319334,0.55788
1e-05,0.58674663,0.7609371,0.67252666,0.55794
1e-05,0.5876831,0.7611434,0.6712533,0.5575
1e-05,0.5871408,0.7634529,0.67222667,0.5576
1e-05,0.58807904,0.7623608,0.6731067,0.55784
1e-05,0.58665496,0.76384944,0.67363334,0.5578
1e-05,0.5884855,0.7598598,0.6712933,0.55796
1e-05,0.5876152,0.76155514,0.67212,0.55836
1e-05,0.5877498,0.7618777,0.6729533,0.55784
1e-05,0.58780247,0.7614546,0.6715933,0.558
1e-05,0.58797574,0.76172423,0.67234,0.55792
1e-05,0.58739626,0.7610574,0.6723533,0.55796
1e-05,0.588226,0.7611288,0.67102665,0.55816
1e-05,0.5879037,0.76316416,0.67193335,0.55788
1e-05,0.5879475,0.76198393,0.67179334,0.55792
1e-05,0.58739465,0.7612881,0.67253333,0.55702
1e-05,0.5873562,0.7624042,0.67224,0.55744
1e-05,0.5867955,0.7623985,0.67259336,0.55842
1e-05,0.5876774,0.76399654,0.672,0.55822
1e-05,0.5865658,0.7644845,0.67246,0.5577
1e-05,0.5867276,0.76306593,0.67378,0.5589
1e-05,0.58778757,0.7616742,0.67276,0.5585
1e-05,0.5874368,0.7614678,0.6712667,0.55834
1e-05,0.58741194,0.76215017,0.67400664,0.55788
1e-05,0.5877082,0.76280624,0.6722867,0.55876
1e-05,0.58707964,0.7601225,0.67399335,0.5571
1e-05,0.5864165,0.7601936,0.67358667,0.55712
1e-05,0.5877712,0.7633402,0.67212,0.55886
1e-05,0.5884199,0.76159376,0.67097336,0.55786
1e-05,0.5871117,0.76283723,0.67281336,0.55712
1e-05,0.5873836,0.7613214,0.67198664,0.5578
1e-05,0.58758926,0.7628035,0.67362666,0.55852
1e-05,0.5876817,0.7626063,0.67308,0.55752
1e-05,0.5872003,0.7629985,0.67299336,0.5581
1e-05,0.5878304,0.76200914,0.6722867,0.55752
1e-05,0.58710676,0.762603,0.67297333,0.55788
1e-05,0.5876692,0.7620592,0.67314667,0.55812
1e-05,0.5865457,0.7609931,0.67392665,0.55824
1e-05,0.5865447,0.76394534,0.6735,0.55704
1e-05,0.5885068,0.76106554,0.67012,0.55706
1e-05,0.587686,0.7624875,0.67145336,0.5574
1e-05,0.58715266,0.762914,0.6721467,0.55768
1e-05,0.58753806,0.7607576,0.6721067,0.55752
1e-05,0.58763564,0.7633076,0.67118,0.55692
1e-05,0.58717734,0.7612108,0.67299336,0.55722
1e-05,0.58772045,0.76118255,0.67142,0.55702
1e-05,0.5873175,0.7638831,0.67200667,0.55788
1e-05,0.58818644,0.7621691,0.67136,0.55814
1e-05,0.587045,0.7622322,0.67179334,0.5576
1e-05,0.58777106,0.7605303,0.67316,0.55806
1e-05,0.58745015,0.7608859,0.67200667,0.5568
1e-05,0.58785146,0.7606981,0.6730267,0.55778
1e-05,0.58685786,0.76224124,0.67262,0.55742
1e-05,0.587283,0.76175165,0.6722933,0.5576
1e-05,0.5875325,0.76108295,0.67218,0.55778
1e-05,0.587473,0.76225233,0.6723533,0.55744
1e-05,0.58713055,0.76317143,0.67342,0.55736
1e-05,0.58791506,0.76106006,0.6705933,0.55724
1e-05,0.5878558,0.7612328,0.6724333,0.55774
1e-05,0.58696264,0.7615177,0.67296666,0.5565
1e-05,0.5863104,0.76264066,0.6719267,0.55774
1e-05,0.58779526,0.76315403,0.67086,0.55828
1e-05,0.5875278,0.7614984,0.6732067,0.5572
1e-05,0.5867205,0.7618393,0.67396665,0.5575
1e-05,0.58783185,0.7605602,0.67219335,0.55736
1e-05,0.5863066,0.7608539,0.67274,0.55864
1e-05,0.58719236,0.76100194,0.6719667,0.5575
1e-05,0.5872298,0.7610953,0.67389333,0.5571
1e-05,0.5877043,0.7635013,0.67142,0.5574
1e-05,0.5874639,0.7620568,0.67138666,0.55788
1e-05,0.58697325,0.7614239,0.6718867,0.55678
1e-05,0.5865981,0.76237804,0.67268,0.55742
1e-05,0.5871564,0.761749,0.6728,0.55726
1e-05,0.58691823,0.7638048,0.6728733,0.55748
1e-05,0.5873704,0.7624423,0.6724333,0.55708
1e-05,0.587483,0.7623561,0.67208,0.55686
1e-05,0.5865943,0.7612854,0.67314667,0.55698
1e-05,0.58870393,0.7609668,0.67112,0.5572
1e-05,0.58718944,0.7612327,0.67278665,0.55826
1e-05,0.5874345,0.7620725,0.6723933,0.55798
1e-05,0.58720106,0.7630689,0.6729867,0.55814
1e-05,0.5875898,0.7626054,0.67326,0.5575
1e-05,0.5874943,0.76075274,0.6724067,0.55736
1e-05,0.58769995,0.7626455,0.6714,0.55688
1e-05,0.58751446,0.7621678,0.6723267,0.5575
1e-05,0.58726466,0.7637335,0.6725067,0.55748
1e-05,0.5878929,0.76329875,0.6719267,0.55888
1e-05,0.5881337,0.7616055,0.67013335,0.55838
1e-05,0.58653015,0.7631489,0.67384666,0.55732
1e-05,0.58629817,0.7642371,0.67253333,0.5577
1e-05,0.587207,0.7638377,0.67262,0.55664
1e-05,0.58744174,0.76317227,0.67138666,0.55602
1e-05,0.5875516,0.7616351,0.6724667,0.55818
1e-05,0.58659965,0.7608859,0.67253333,0.55706
1e-05,0.5871423,0.7610211,0.6719267,0.55682
1e-05,0.58712673,0.76340264,0.6732467,0.5563
1e-05,0.58724314,0.76268804,0.6724667,0.55664
1e-05,0.5872305,0.7623096,0.6721067,0.55684
1e-05,0.5870662,0.7616745,0.67220664,0.5571
1e-05,0.5883414,0.7622624,0.67174,0.55776
1e-05,0.58779496,0.7604936,0.6730133,0.55794
1e-05,0.58688724,0.762123,0.6737533,0.55754
1e-05,0.58732456,0.7629118,0.6733933,0.55796
1e-05,0.58633333,0.7617005,0.67238,0.55748
1e-05,0.5868473,0.7606928,0.67226666,0.55846
1e-05,0.5866856,0.76240855,0.67108667,0.55726
1e-05,0.58731794,0.76191074,0.6723,0.55768
1e-05,0.5873984,0.76165307,0.67272,0.55734
1e-05,0.5865609,0.7624324,0.67183334,0.55756
1e-05,0.5874611,0.7616529,0.67163336,0.55766
1e-05,0.5869796,0.76183045,0.67232,0.55676
1e-05,0.58784693,0.760761,0.67156,0.55774
1e-05,0.58704895,0.76324147,0.67262,0.5579
1e-05,0.5866952,0.76329213,0.67354,0.55736
1e-05,0.5873996,0.76073474,0.67300665,0.55748
1e-05,0.58797926,0.7616467,0.6711,0.5579
1e-05,0.58676636,0.7613033,0.67300665,0.55844
1e-05,0.58708954,0.76337314,0.6726,0.5572
1e-05,0.5877481,0.7625917,0.67218,0.55694
1e-05,0.5875862,0.76229566,0.67286664,0.55814
1e-05,0.58583647,0.7622288,0.67395335,0.55666
1e-05,0.58773386,0.7616847,0.67262,0.55678
1e-05,0.5865982,0.7622742,0.67321336,0.5564
1e-05,0.58761317,0.7613437,0.6731333,0.55666
1e-05,0.58677566,0.7629035,0.6719533,0.55712
1e-05,0.58854216,0.76123476,0.67178667,0.55764
1e-05,0.58706284,0.7612621,0.67246,0.55738
1e-05,0.587829,0.762339,0.6712667,0.55654
1e-05,0.5872706,0.76153976,0.6727,0.55736
1e-05,0.58734876,0.76250315,0.6725467,0.55762
1e-05,0.5878896,0.7626319,0.67152,0.5576
1e-05,0.587323,0.7617004,0.67108,0.55754
1e-05,0.5875952,0.7611992,0.67149335,0.55754
1e-05,0.5868615,0.7618979,0.6732867,0.55724
1e-05,0.5876791,0.7618649,0.67275333,0.55656
1e-05,0.5875748,0.7619305,0.67304,0.5585
1e-05,0.58737206,0.76233137,0.67205334,0.5586
1e-05,0.58811843,0.7616832,0.6710333,0.55838
1e-05,0.58883864,0.76170695,0.67079335,0.55752
1e-05,0.5876924,0.76183826,0.67256665,0.558
1e-05,0.5868044,0.7619453,0.67163336,0.55776
1e-05,0.587689,0.76190704,0.67227334,0.55866
1e-05,0.5865924,0.76317364,0.6712133,0.55744
1e-05,0.58719885,0.7620992,0.6719,0.55842
1e-05,0.5872408,0.7629153,0.67332,0.55748
1e-05,0.5876748,0.76417,0.67122,0.55748
1e-05,0.5874807,0.7639042,0.67266667,0.55694
1e-05,0.58665115,0.7629348,0.67362666,0.55864
1e-05,0.58700293,0.7628077,0.67356,0.55626
1e-05,0.5878246,0.7641759,0.67124,0.55804
1e-05,0.58708155,0.76258767,0.67274666,0.55794
1e-05,0.5872568,0.7646604,0.6729,0.55786
1e-05,0.5871894,0.760994,0.67241335,0.55838
1e-05,0.5870614,0.7615136,0.6731667,0.55724
1e-05,0.5871518,0.7618751,0.67160666,0.55796
1e-05,0.5872039,0.76225054,0.67256,0.55684
1e-05,0.5874327,0.762243,0.67315334,0.5566
1e-05,0.58603543,0.762389,0.67328,0.55722
1e-05,0.58699936,0.7622375,0.67330664,0.55716
1e-05,0.5865749,0.76399386,0.6733133,0.55798
1e-05,0.58706564,0.7618565,0.6729,0.55754
1e-05,0.5869551,0.7620785,0.67282665,0.55666
1e-05,0.5866688,0.7631027,0.67329335,0.55734
1e-05,0.58675295,0.7625153,0.6719133,0.55752
1e-05,0.58676344,0.76361686,0.6727333,0.55802
1e-05,0.58721924,0.7618141,0.67209333,0.55718
1e-05,0.5868345,0.76414394,0.6746867,0.55722
1e-05,0.5856039,0.7647057,0.6732867,0.55678
1e-05,0.587617,0.7627152,0.67302,0.55702
1e-05,0.5869783,0.7634014,0.6729533,0.55834
1e-05,0.58724797,0.7623202,0.6722533,0.55734
1e-05,0.5869567,0.76010376,0.6728733,0.55752
1e-05,0.5873362,0.76267815,0.67204666,0.55714
1e-05,0.5865658,0.76252234,0.67418,0.55768
1e-05,0.58652794,0.76360047,0.67264664,0.55818
1e-05,0.5871738,0.76315403,0.6728467,0.5568
1e-05,0.5867695,0.7620321,0.6723267,0.55738
1e-05,0.5878287,0.7625563,0.67246,0.55748
1e-05,0.5875154,0.76199156,0.6735333,0.5573
1e-05,0.58710426,0.7629011,0.67303336,0.55726
1e-05,0.5872687,0.76218957,0.6734333,0.55798
1e-05,0.5872041,0.76169837,0.6733,0.5565
1e-05,0.5870248,0.7615038,0.6726133,0.55784
1e-05,0.5873873,0.7617353,0.67074,0.55884
1e-05,0.5881603,0.7619012,0.67222,0.55786
1e-05,0.58751124,0.7609586,0.67352664,0.5578
1e-05,0.5867599,0.7618304,0.6725867,0.55808
1e-05,0.58575857,0.7631545,0.67404,0.55764
1e-05,0.5873357,0.76291513,0.6709667,0.55692
1e-05,0.58640337,0.7645465,0.67418665,0.55788
1e-05,0.5864534,0.76377946,0.6736067,0.5577
1e-05,0.58658403,0.7630908,0.67338,0.5576
1e-05,0.5866055,0.76302105,0.67246,0.55632
1e-05,0.5875099,0.76374274,0.67200667,0.55712
1e-05,0.5873228,0.76253563,0.67264664,0.55752
1e-05,0.58673555,0.76345825,0.67149335,0.55806
1e-05,0.5882242,0.76186883,0.6718533,0.558
1e-05,0.5864806,0.76439804,0.67366,0.5579
1e-05,0.5870023,0.7608674,0.67326665,0.55764
1e-05,0.58732694,0.7622755,0.6729,0.55734
1e-05,0.58642817,0.76222736,0.6736867,0.55686
1e-05,0.5867667,0.76237094,0.6740467,0.5575
1e-05,0.58751994,0.76115257,0.6722,0.5579
1e-05,0.58816844,0.7617795,0.67148,0.55642
1e-05,0.58699846,0.7612443,0.6722867,0.55676
1e-05,0.5858913,0.76371604,0.67462665,0.5575
1e-05,0.58613354,0.7643772,0.67406,0.55688
1e-05,0.5875293,0.7618423,0.67275333,0.55684
1e-05,0.58583593,0.76463217,0.67413336,0.55694
1e-05,0.588248,0.76308876,0.67156,0.55784
1e-05,0.58675075,0.7621726,0.67304665,0.55682
1e-05,0.58664006,0.763826,0.6737267,0.5581
1e-05,0.5866022,0.7643498,0.67189336,0.5578
1e-05,0.5875065,0.7634378,0.6715867,0.5574
1e-05,0.5871391,0.7633133,0.67268,0.55726
1e-05,0.58726656,0.7626614,0.67138,0.55794
1e-05,0.58661664,0.76423013,0.67234,0.55742
1e-05,0.5867209,0.76370776,0.67352664,0.55728
1e-05,0.5865168,0.76223594,0.67395335,0.55728
1e-05,0.5864362,0.7627528,0.67432,0.55778
1e-05,0.585964,0.76436394,0.67425334,0.55734
1e-05,0.5869386,0.7623131,0.67204666,0.55728
1e-05,0.5868001,0.7627575,0.67179334,0.55706
1e-05,0.5877924,0.76163834,0.67166,0.55722
1e-05,0.5873397,0.76176727,0.6721467,0.55718
1e-05,0.58708066,0.7622674,0.6731,0.55598
1e-05,0.5873639,0.7628154,0.67150664,0.55812
1e-05,0.58718324,0.7645267,0.67281336,0.55666
1e-05,0.58685756,0.76285034,0.6736467,0.55696
1e-05,0.5875462,0.7617583,0.6724667,0.55706
1e-05,0.587309,0.7623334,0.67216,0.5582
1e-05,0.5865632,0.76362246,0.6740533,0.5575
1e-05,0.58769256,0.7631252,0.67167336,0.55742
1e-05,0.5873366,0.76337194,0.6732067,0.5584
1e-05,0.58726746,0.76154286,0.67215335,0.55798
1e-05,0.5868183,0.7622123,0.67286,0.55802
1e-05,0.586875,0.76286894,0.6731667,0.55688
1e-05,0.58688134,0.76175594,0.67252666,0.55686
1e-05,0.5878598,0.76201797,0.67220664,0.5572
1e-05,0.586583,0.76223487,0.67219335,0.55788
1e-05,0.58650297,0.7616231,0.6733533,0.55726
1e-05,0.5870941,0.7631043,0.67262,0.55716
1e-05,0.58650154,0.7633158,0.6725867,0.55726
1e-05,0.5865976,0.76224357,0.67196,0.55612
1e-05,0.5860801,0.7630566,0.67241335,0.5572
1e-05,0.58645123,0.76368064,0.67378664,0.5574
1e-05,0.5869083,0.7633488,0.67218,0.5572
1e-05,0.5867516,0.76428664,0.6723,0.55702
1e-05,0.5867023,0.7642657,0.6730933,0.5563
1e-05,0.5874899,0.7603733,0.67333335,0.55752
1e-05,0.58611286,0.7631663,0.67255336,0.5571
1e-05,0.58776605,0.7627799,0.6718533,0.5581
1e-05,0.5872846,0.76311386,0.6721467,0.55782
1e-05,0.58682936,0.763919,0.6731067,0.55812
1e-05,0.5859524,0.7629705,0.6731067,0.55636
1e-05,0.5879306,0.76279724,0.67202,0.55748
1e-05,0.5876178,0.76322734,0.67136,0.55702
1e-05,0.58643466,0.7645623,0.67442,0.55724
1e-05,0.5868561,0.7622949,0.67222667,0.55642
1e-05,0.5871866,0.76227915,0.6718867,0.55634
1e-05,0.58615315,0.7626321,0.67290664,0.55784
1e-05,0.58779824,0.7628223,0.67264664,0.55708
1e-05,0.58638924,0.76184434,0.6724067,0.55784
1e-05,0.586633,0.7626822,0.67377335,0.5563
1e-05,0.5879111,0.7621397,0.67267334,0.55826
1e-05,0.5871179,0.76189727,0.67322665,0.55816
1e-05,0.58723146,0.7630323,0.6725133,0.5584
1e-05,0.58652025,0.7616321,0.6739333,0.55876
1e-05,0.5873357,0.7625458,0.67268,0.5579
1e-05,0.5876934,0.76275516,0.67231333,0.55776
1e-05,0.5862901,0.762777,0.67304,0.55732
1e-05,0.5864319,0.7623788,0.67407334,0.55716
1e-05,0.5866495,0.76372415,0.6727333,0.55858
1e-05,0.5868431,0.7629207,0.67281336,0.55642
1e-05,0.5867202,0.76307434,0.6732733,0.55722
1e-05,0.5860016,0.7643022,0.67358,0.5578
1e-05,0.5868638,0.7623664,0.6725,0.55758
1e-05,0.5862664,0.7640031,0.67372,0.55722
1e-05,0.58636737,0.763615,0.67314,0.55724
1e-05,0.5868935,0.7628469,0.67322665,0.5573
1e-05,0.5858509,0.76378787,0.6733867,0.55746
1e-05,0.5870857,0.76424426,0.67236,0.55754
1e-05,0.587167,0.763154,0.6733933,0.55712
1e-05,0.5867674,0.76328206,0.67256,0.55812
1e-05,0.5858983,0.76290387,0.6721867,0.55744
1e-05,0.58666044,0.76425827,0.67266667,0.55704
1e-05,0.586498,0.7634648,0.67358,0.5566
1e-05,0.58679336,0.76284355,0.6729533,0.55714
1e-05,0.58631265,0.7639697,0.67395335,0.55738
1e-05,0.5860124,0.7639647,0.67414,0.55646
1e-05,0.5867852,0.76256686,0.67392,0.55832
1e-05,0.5865543,0.7622259,0.6744533,0.55752
1e-05,0.5863665,0.762895,0.67355335,0.55858
1e-05,0.5858345,0.76307833,0.67422664,0.55668
1e-05,0.58652395,0.7637216,0.67241335,0.55814
1e-05,0.58673364,0.76235616,0.67446,0.5573
1e-05,0.58596134,0.7630912,0.67326,0.558
1e-05,0.5869997,0.7618033,0.67146665,0.55786
1e-05,0.58694303,0.76247996,0.67231333,0.55718
1e-05,0.5865588,0.7629649,0.67417336,0.5582
1e-05,0.58706623,0.76413584,0.67355335,0.55776
1e-05,0.5871876,0.76310474,0.6727267,0.5571
1e-05,0.5870309,0.76355976,0.67236,0.5558
1e-05,0.5866035,0.76257825,0.6738733,0.55752
1e-05,0.5869295,0.7647473,0.67134,0.55762
1e-05,0.58760405,0.76262814,0.6719133,0.55794
1e-05,0.5870221,0.7619995,0.6725867,0.5578
1e-05,0.58711034,0.7614011,0.67183334,0.55742
1e-05,0.5865613,0.7632947,0.67452,0.55758
1e-05,0.5867592,0.76326746,0.67212665,0.55784
1e-05,0.58532804,0.7638061,0.6746067,0.5573
1e-05,0.58665097,0.76394767,0.6723533,0.55672
1e-05,0.5863576,0.762871,0.67352,0.55744
1e-05,0.5871182,0.76193225,0.6717467,0.55812
1e-05,0.58537376,0.76424885,0.6740133,0.55668
1e-05,0.5867946,0.76417714,0.67223334,0.558
1e-05,0.5853124,0.7646889,0.67358667,0.55714
1e-05,0.5873821,0.76325333,0.67272,0.5569
1e-05,0.5866755,0.7632231,0.67166,0.5567
1e-05,0.5877961,0.7622901,0.67131335,0.5574
1e-05,0.58704334,0.7637479,0.67293334,0.5573
1e-05,0.58688515,0.76261157,0.6733933,0.557
1e-05,0.5873163,0.7616949,0.67378664,0.5566
1e-05,0.58607435,0.7638488,0.67296666,0.55676
1e-05,0.5867476,0.7634442,0.6736,0.5575
1e-05,0.5863316,0.7631024,0.67422664,0.5576
1e-05,0.5868416,0.7617584,0.6728067,0.5571
1e-05,0.5853221,0.7650862,0.67399335,0.55788
1e-05,0.5855306,0.7640914,0.67484,0.5576
1e-05,0.58650035,0.763218,0.67272,0.5578
1e-05,0.58618176,0.76251286,0.6735467,0.55732
1e-05,0.587215,0.7615257,0.6727667,0.5584
1e-05,0.5875932,0.7626342,0.6716,0.55642
1e-05,0.5864462,0.76375985,0.674,0.55776
1e-05,0.58665943,0.7634733,0.67451334,0.55634
1e-05,0.58757395,0.76321447,0.67206,0.55794
1e-05,0.58632964,0.7630091,0.67292666,0.5575
1e-05,0.58646303,0.76321995,0.67288,0.55764
1e-05,0.58588433,0.76310486,0.67465335,0.55646
1e-05,0.5861155,0.76245123,0.67298,0.5575
1e-05,0.5871646,0.76501703,0.6729,0.5563
1e-05,0.58642924,0.76333743,0.6722,0.55698
1e-05,0.58669984,0.7621722,0.6727,0.55692
1e-05,0.5855226,0.763322,0.6734333,0.55776
1e-05,0.5866244,0.76276886,0.6719933,0.55826
1e-05,0.5865239,0.76271075,0.67378,0.55828
1e-05,0.58660305,0.76280594,0.6729867,0.55786
1e-05,0.58523273,0.7639901,0.6742333,0.55676
1e-05,0.58690023,0.7627213,0.67234665,0.55836
1e-05,0.5868213,0.76281726,0.67258,0.5576
1e-05,0.58636916,0.7637835,0.6732,0.55806
1e-05,0.5866183,0.76337016,0.67260665,0.55858
1e-05,0.5860065,0.76515496,0.67382,0.55662
1e-05,0.58631235,0.76362836,0.6731333,0.55774
1e-05,0.58445984,0.764423,0.6744267,0.55682
1e-05,0.5863822,0.7636625,0.67194664,0.5578
1e-05,0.5862005,0.76406574,0.67255336,0.55754
1e-05,0.5866699,0.7628329,0.67337334,0.5565
1e-05,0.58646125,0.7642294,0.67366,0.55722
1e-05,0.58710295,0.7620859,0.6727267,0.55786
1e-05,0.5871194,0.7633739,0.6729467,0.55672
1e-05,0.5865767,0.762912,0.6727667,0.55672
1e-05,0.5864472,0.7643594,0.67348,0.5581
1e-05,0.58641267,0.76426494,0.67256665,0.55726
1e-05,0.5864902,0.7651918,0.6735067,0.55782
1e-05,0.58633333,0.76436913,0.6738,0.55702
1e-05,0.58702075,0.7627833,0.67296666,0.55812
1e-05,0.5858287,0.764582,0.67253333,0.5572
1e-05,0.5869079,0.7643192,0.67274666,0.55624
1e-05,0.587024,0.7620074,0.67252,0.5574
1e-05,0.58678395,0.7633218,0.67338,0.55834
1e-05,0.58630115,0.7622218,0.67367333,0.5579
1e-05,0.58661747,0.76414275,0.67337334,0.5579
1e-05,0.58616954,0.7627814,0.674,0.55728
1e-05,0.58665156,0.7640832,0.67325336,0.55762
1e-05,0.5869497,0.76420844,0.67384666,0.5578
1e-05,0.58643544,0.7640525,0.6743,0.55688
1e-05,0.5856217,0.76378703,0.6740867,0.55858
1e-05,0.586808,0.7628069,0.6730667,0.55818
1e-05,0.586352,0.76309705,0.67315334,0.5567
1e-05,0.5873511,0.76386636,0.67285335,0.55672
1e-05,0.586486,0.76292795,0.6737533,0.55742
1e-05,0.58644,0.76419795,0.6739467,0.55796
1e-05,0.58699936,0.7635621,0.67266667,0.55708
1e-05,0.5867149,0.7638758,0.67346,0.55734
1e-05,0.58525944,0.7648731,0.6741,0.55682
1e-05,0.586539,0.7636053,0.67178667,0.55692
1e-05,0.5865447,0.76468736,0.6731667,0.55782
1e-05,0.5871192,0.763917,0.6725867,0.55828
1e-05,0.58597666,0.7634276,0.67356664,0.55774
1e-05,0.5854659,0.7637444,0.6733933,0.55746
1e-05,0.5868679,0.7621785,0.67226666,0.55732
1e-05,0.5859926,0.7630245,0.67306,0.5563
1e-05,0.5863186,0.7635322,0.67292666,0.55766
1e-05,0.58659744,0.7626457,0.67268,0.55788
1e-05,0.5865187,0.7612012,0.6725467,0.5573
1e-05,0.5874343,0.7631157,0.67237335,0.55732
1e-05,0.5864653,0.76326495,0.67256,0.55688
1e-05,0.58541346,0.7641705,0.67376,0.55718
1e-05,0.5868404,0.7630703,0.67223334,0.5567
1e-05,0.5867402,0.76396716,0.67354,0.5571
1e-05,0.5868832,0.7635337,0.67276,0.5571
1e-05,0.5865933,0.76206857,0.6726,0.55732
1e-05,0.58713096,0.7636791,0.67288667,0.55662
1e-05,0.5867868,0.7638393,0.6722933,0.55758
1e-05,0.5861493,0.7645649,0.6734933,0.557
1e-05,0.58643746,0.7630085,0.6723533,0.55758
1e-05,0.5874517,0.7627509,0.6719267,0.55758
1e-05,0.5862128,0.7635182,0.6730267,0.5583
1e-05,0.58686703,0.7634711,0.6725,0.55818
1e-05,0.5858356,0.76390696,0.67341334,0.55784
1e-05,0.5871552,0.7639887,0.67194664,0.55732
1e-05,0.58531207,0.76323634,0.6739,0.5569
1e-05,0.58639586,0.76191515,0.6736067,0.5577
1e-05,0.5864981,0.7631503,0.67252666,0.55672
1e-05,0.5862948,0.7634544,0.67362666,0.55746
1e-05,0.5857187,0.7630433,0.6727,0.5574
1e-05,0.5866752,0.76461655,0.6723667,0.55744
1e-05,0.5869879,0.76359206,0.6734333,0.55736
1e-05,0.58637637,0.7644375,0.67245334,0.55882
1e-05,0.58600086,0.76343423,0.6729867,0.55764
1e-05,0.5847494,0.7656595,0.67509335,0.55808
1e-05,0.58685595,0.7646451,0.67296666,0.55718
1e-05,0.5857448,0.7632639,0.67292666,0.5582
1e-05,0.586161,0.76444936,0.67304,0.55698
1e-05,0.5858482,0.7637252,0.6732067,0.55714
1e-05,0.5858532,0.7639979,0.6752,0.5583
1e-05,0.58712345,0.76320726,0.67262,0.55702
1e-05,0.5865917,0.76263577,0.67396665,0.55712
1e-05,0.5866823,0.76321787,0.6737,0.55732
1e-05,0.58575946,0.7632454,0.67346,0.55702
1e-05,0.58637744,0.7626528,0.67358667,0.5566
1e-05,0.58629656,0.7630681,0.67312,0.55726
1e-05,0.5849257,0.7637746,0.67488664,0.55754
1e-05,0.58604133,0.7650092,0.6733533,0.55732
1e-05,0.585575,0.7642759,0.6744,0.5577
1e-05,0.58614457,0.7632787,0.67242,0.5582
1e-05,0.5862138,0.7647242,0.67276,0.55724
1e-05,0.58584607,0.7665777,0.67452,0.55748
1e-05,0.58624697,0.76433593,0.67326,0.55748
1e-05,0.5878425,0.76159954,0.67244,0.55606
1e-05,0.5866371,0.76259786,0.67451334,0.55686
1e-05,0.5867485,0.7639742,0.67233336,0.55706
1e-05,0.5862897,0.76270103,0.67403334,0.5582
1e-05,0.5862782,0.76353186,0.67344,0.55734
1e-05,0.5868195,0.76369745,0.67196,0.55748
1e-05,0.5857971,0.7635142,0.67307335,0.55798
1e-05,0.58615345,0.7649647,0.67248,0.55764
1e-05,0.5851484,0.7645068,0.67364,0.55698
1e-05,0.58591753,0.7636568,0.67220664,0.5584
1e-05,0.5857823,0.7635998,0.67348,0.55802
1e-05,0.58644,0.7644384,0.67242664,0.55734
1e-05,0.58657473,0.7637671,0.67347336,0.55684
1e-05,0.58588594,0.7637307,0.67376,0.55742
1e-05,0.5858195,0.76366425,0.6727333,0.55738
1e-05,0.5871376,0.7615009,0.67274,0.55762
1e-05,0.58676916,0.76214224,0.67367333,0.55758
1e-05,0.58536315,0.7634224,0.67514664,0.55706
1e-05,0.58560306,0.76374775,0.6743467,0.55702
1e-05,0.58747816,0.76305455,0.67394,0.5569
1e-05,0.58650154,0.762876,0.6723267,0.55784
1e-05,0.58612055,0.7640896,0.67298,0.55834
1e-05,0.5859756,0.76306874,0.6746867,0.55746
1e-05,0.5868803,0.76380336,0.67263335,0.55728
1e-05,0.5862058,0.76268727,0.67316,0.55824
1e-05,0.58708364,0.76328474,0.6722933,0.55788
1e-05,0.58615565,0.7622848,0.6721867,0.55822
1e-05,0.5875418,0.76287484,0.67146665,0.55654
1e-05,0.58545196,0.763783,0.67330664,0.55828
1e-05,0.5858153,0.7640787,0.67282665,0.55686
1e-05,0.58653057,0.7639818,0.6721,0.55692
1e-05,0.58673525,0.76481944,0.67348,0.55736
1e-05,0.586314,0.76301426,0.67288,0.5574
1e-05,0.58655494,0.7622025,0.6721867,0.55772
1e-05,0.5865747,0.762156,0.6729867,0.55756
1e-05,0.58686596,0.7633431,0.6715133,0.55672
1e-05,0.58572394,0.76433885,0.67462665,0.55654
1e-05,0.58624554,0.7636222,0.67263335,0.55772
